seq_name	length	topology	coordinates	n_genes	genetic_code	virus_score	fdr	n_hallmarks	marker_enrichment	taxonomy
genomad_k141_318477	5276	No terminal repeats	NA	10	11	0.9838	NA	1	16.1624	Viruses;Duplodnaviria;Heunggongvirae;Uroviricota;Caudoviricetes
genomad_k141_963449	7576	No terminal repeats	NA	6	11	0.9838	NA	0	10.2674	Viruses;Duplodnaviria;Heunggongvirae;Uroviricota;Caudoviricetes
genomad_k141_1016355	6757	No terminal repeats	NA	9	11	0.9837	NA	4	15.0409	Viruses;Duplodnaviria;Heunggongvirae;Uroviricota;Caudoviricetes
genomad_k141_925029	6600	No terminal repeats	NA	9	11	0.9837	NA	1	14.4191	Viruses;Duplodnaviria;Heunggongvirae;Uroviricota;Caudoviricetes
genomad_k141_2412818	7797	No terminal repeats	NA	9	11	0.9836	NA	1	14.0133	Viruses;Duplodnaviria;Heunggongvirae;Uroviricota;Caudoviricetes
genomad_k141_2466328	6333	No terminal repeats	NA	12	11	0.9836	NA	1	19.6260	Viruses;Duplodnaviria;Heunggongvirae;Uroviricota;Caudoviricetes
genomad_k141_3412560	6192	No terminal repeats	NA	13	11	0.9836	NA	3	21.2844	Viruses;Duplodnaviria;Heunggongvirae;Uroviricota;Caudoviricetes
genomad_k141_3694482	8590	No terminal repeats	NA	12	11	0.9836	NA	2	19.5629	Viruses;Duplodnaviria;Heunggongvirae;Uroviricota;Caudoviricetes
genomad_k141_3080243	5050	No terminal repeats	NA	11	11	0.9836	NA	2	18.2378	Viruses;Duplodnaviria;Heunggongvirae;Uroviricota;Caudoviricetes
genomad_k141_1506648	7505	No terminal repeats	NA	12	11	0.9836	NA	2	19.8339	Viruses;Duplodnaviria;Heunggongvirae;Uroviricota;Caudoviricetes
genomad_k141_1609724	6615	No terminal repeats	NA	10	11	0.9836	NA	0	16.6543	Viruses;Duplodnaviria;Heunggongvirae;Uroviricota;Caudoviricetes
genomad_k141_2800215	9515	No terminal repeats	NA	22	11	0.9836	NA	3	33.3659	Viruses;Duplodnaviria;Heunggongvirae;Uroviricota;Caudoviricetes
genomad_k141_1825233	9687	No terminal repeats	NA	13	11	0.9836	NA	3	22.0363	Viruses;Duplodnaviria;Heunggongvirae;Uroviricota;Caudoviricetes
genomad_k141_444656	7361	No terminal repeats	NA	13	11	0.9836	NA	1	21.8210	Viruses;Duplodnaviria;Heunggongvirae;Uroviricota;Caudoviricetes
genomad_k141_1141110	4767	No terminal repeats	NA	6	11	0.9836	NA	1	10.0947	Viruses;Duplodnaviria;Heunggongvirae;Uroviricota;Caudoviricetes
genomad_k141_3496980	6562	No terminal repeats	NA	10	11	0.9836	NA	4	16.4305	Viruses;Duplodnaviria;Heunggongvirae;Uroviricota;Caudoviricetes
genomad_k141_681516	3978	No terminal repeats	NA	7	11	0.9836	NA	2	10.8668	Viruses;Duplodnaviria;Heunggongvirae;Uroviricota;Caudoviricetes
genomad_k141_801464	2978	No terminal repeats	NA	7	11	0.9836	NA	0	11.4061	Viruses;Duplodnaviria;Heunggongvirae;Uroviricota;Caudoviricetes
genomad_k141_1789416	4034	No terminal repeats	NA	7	11	0.9836	NA	0	11.5840	Viruses;Duplodnaviria;Heunggongvirae;Uroviricota;Caudoviricetes
genomad_k141_2921496	4180	No terminal repeats	NA	9	11	0.9836	NA	0	14.9564	Viruses;Duplodnaviria;Heunggongvirae;Uroviricota;Caudoviricetes
genomad_k141_3584946	8362	No terminal repeats	NA	14	11	0.9836	NA	4	21.1957	Viruses;Duplodnaviria;Heunggongvirae;Uroviricota;Caudoviricetes
genomad_k141_1703900	6340	No terminal repeats	NA	9	11	0.9836	NA	3	15.2501	Viruses;Duplodnaviria;Heunggongvirae;Uroviricota;Caudoviricetes
genomad_k141_788556	7120	No terminal repeats	NA	10	11	0.9836	NA	1	16.2200	Viruses;Duplodnaviria;Heunggongvirae;Uroviricota;Caudoviricetes
genomad_k141_2857001	4275	No terminal repeats	NA	8	11	0.9835	NA	1	13.0295	Viruses;Duplodnaviria;Heunggongvirae;Uroviricota;Caudoviricetes
genomad_k141_670905	4996	No terminal repeats	NA	9	11	0.9835	NA	1	15.4463	Viruses;Duplodnaviria;Heunggongvirae;Uroviricota;Caudoviricetes
genomad_k141_3343239	4249	No terminal repeats	NA	9	11	0.9835	NA	4	15.1092	Viruses;Duplodnaviria;Heunggongvirae;Uroviricota;Caudoviricetes
genomad_k141_635847	6570	No terminal repeats	NA	9	11	0.9835	NA	2	15.4574	Viruses;Duplodnaviria;Heunggongvirae;Uroviricota;Caudoviricetes
genomad_k141_2057314	8625	No terminal repeats	NA	8	11	0.9835	NA	0	13.2161	Viruses;Duplodnaviria;Heunggongvirae;Uroviricota;Caudoviricetes
genomad_k141_3573639	5601	No terminal repeats	NA	8	11	0.9835	NA	2	13.1177	Viruses;Duplodnaviria;Heunggongvirae;Uroviricota;Caudoviricetes
genomad_k141_1020427	5163	No terminal repeats	NA	7	11	0.9835	NA	3	11.7104	Viruses;Duplodnaviria;Heunggongvirae;Uroviricota;Caudoviricetes
genomad_k141_459580	6258	No terminal repeats	NA	12	11	0.9835	NA	1	17.8711	Viruses;Duplodnaviria;Heunggongvirae;Uroviricota;Caudoviricetes
genomad_k141_1071317	7823	No terminal repeats	NA	9	11	0.9835	NA	2	14.9268	Viruses;Duplodnaviria;Heunggongvirae;Uroviricota;Caudoviricetes
genomad_k141_1403276	6877	No terminal repeats	NA	14	11	0.9835	NA	2	24.0559	Viruses;Duplodnaviria;Heunggongvirae;Uroviricota;Caudoviricetes
genomad_k141_3102848	7517	No terminal repeats	NA	9	11	0.9835	NA	2	14.1498	Viruses;Duplodnaviria;Heunggongvirae;Uroviricota;Caudoviricetes
genomad_k141_722078	3838	No terminal repeats	NA	9	11	0.9835	NA	1	14.8734	Viruses;Duplodnaviria;Heunggongvirae;Uroviricota;Caudoviricetes
genomad_k141_937745	8097	No terminal repeats	NA	11	11	0.9835	NA	2	16.7216	Viruses;Duplodnaviria;Heunggongvirae;Uroviricota;Caudoviricetes
genomad_k141_1204763	6313	No terminal repeats	NA	10	11	0.9835	NA	1	16.1231	Viruses;Duplodnaviria;Heunggongvirae;Uroviricota;Caudoviricetes
genomad_k141_2657255	6444	No terminal repeats	NA	12	11	0.9835	NA	2	18.8855	Viruses;Duplodnaviria;Heunggongvirae;Uroviricota;Caudoviricetes
genomad_k141_239273	7935	No terminal repeats	NA	6	11	0.9835	NA	0	10.0664	Viruses;Duplodnaviria;Heunggongvirae;Uroviricota;Caudoviricetes
genomad_k141_137226	6529	No terminal repeats	NA	7	11	0.9835	NA	2	11.6093	Viruses;Duplodnaviria;Heunggongvirae;Uroviricota;Caudoviricetes
genomad_k141_247529	5689	No terminal repeats	NA	9	11	0.9835	NA	5	14.3056	Viruses;Duplodnaviria;Heunggongvirae;Uroviricota;Caudoviricetes
genomad_k141_2613198	6908	No terminal repeats	NA	6	11	0.9835	NA	1	9.8920	Viruses;Duplodnaviria;Heunggongvirae;Uroviricota;Caudoviricetes
genomad_k141_3611680	5858	No terminal repeats	NA	9	11	0.9835	NA	1	15.4645	Viruses;Duplodnaviria;Heunggongvirae;Uroviricota;Caudoviricetes
genomad_k141_1326413	3959	No terminal repeats	NA	7	11	0.9835	NA	0	12.0280	Viruses;Duplodnaviria;Heunggongvirae;Uroviricota;Caudoviricetes;Zobellviridae
genomad_k141_1141473	5749	No terminal repeats	NA	5	11	0.9835	NA	2	8.4436	Viruses;Duplodnaviria;Heunggongvirae;Uroviricota;Caudoviricetes
genomad_k141_1282090	5072	No terminal repeats	NA	10	11	0.9834	NA	2	16.3089	Viruses;Duplodnaviria;Heunggongvirae;Uroviricota;Caudoviricetes
genomad_k141_3799228	6713	No terminal repeats	NA	8	11	0.9834	NA	3	13.0380	Viruses;Duplodnaviria;Heunggongvirae;Uroviricota;Caudoviricetes
genomad_k141_1535867	6375	No terminal repeats	NA	9	11	0.9834	NA	2	14.8757	Viruses;Duplodnaviria;Heunggongvirae;Uroviricota;Caudoviricetes
genomad_k141_671135	7926	No terminal repeats	NA	15	11	0.9834	NA	0	21.3159	Viruses;Duplodnaviria;Heunggongvirae;Uroviricota;Caudoviricetes
genomad_k141_668053	3897	No terminal repeats	NA	8	11	0.9834	NA	0	11.4443	Viruses;Duplodnaviria;Heunggongvirae;Uroviricota;Caudoviricetes
genomad_k141_3319273	4879	No terminal repeats	NA	6	11	0.9834	NA	2	9.7474	Viruses;Duplodnaviria;Heunggongvirae;Uroviricota;Caudoviricetes
genomad_k141_1844193	6160	No terminal repeats	NA	10	11	0.9834	NA	3	15.6432	Viruses;Duplodnaviria;Heunggongvirae;Uroviricota;Caudoviricetes
genomad_k141_1501917	3760	No terminal repeats	NA	6	11	0.9834	NA	1	9.7196	Viruses;Duplodnaviria;Heunggongvirae;Uroviricota;Caudoviricetes
genomad_k141_305071	5190	No terminal repeats	NA	6	11	0.9834	NA	1	9.9014	Viruses;Duplodnaviria;Heunggongvirae;Uroviricota;Caudoviricetes
genomad_k141_2154991	5013	No terminal repeats	NA	6	11	0.9834	NA	3	9.9124	Viruses;Duplodnaviria;Heunggongvirae;Uroviricota;Caudoviricetes
genomad_k141_548168	6356	No terminal repeats	NA	14	11	0.9834	NA	3	23.6064	Viruses;Duplodnaviria;Heunggongvirae;Uroviricota;Caudoviricetes
genomad_k141_2618580	7458	No terminal repeats	NA	12	11	0.9834	NA	3	19.6612	Viruses;Duplodnaviria;Heunggongvirae;Uroviricota;Caudoviricetes
genomad_k141_316343	4731	No terminal repeats	NA	5	11	0.9834	NA	3	8.2516	Viruses;Duplodnaviria;Heunggongvirae;Uroviricota;Caudoviricetes
genomad_k141_355619	5965	No terminal repeats	NA	7	11	0.9834	NA	4	11.0443	Viruses;Duplodnaviria;Heunggongvirae;Uroviricota;Caudoviricetes
genomad_k141_830614	27651	No terminal repeats	NA	23	11	0.9834	NA	1	34.5050	Viruses;Duplodnaviria;Heunggongvirae;Uroviricota;Caudoviricetes
genomad_k141_3340852	4746	No terminal repeats	NA	8	11	0.9834	NA	2	13.7214	Viruses;Duplodnaviria;Heunggongvirae;Uroviricota;Caudoviricetes
genomad_k141_2881733	5055	No terminal repeats	NA	7	11	0.9834	NA	2	11.6249	Viruses;Duplodnaviria;Heunggongvirae;Uroviricota;Caudoviricetes
genomad_k141_3299507	4910	No terminal repeats	NA	8	11	0.9834	NA	5	12.5090	Viruses;Duplodnaviria;Heunggongvirae;Uroviricota;Caudoviricetes
genomad_k141_1652489	5145	No terminal repeats	NA	7	11	0.9834	NA	1	11.4701	Viruses;Duplodnaviria;Heunggongvirae;Uroviricota;Caudoviricetes
genomad_k141_3528157	9885	No terminal repeats	NA	10	11	0.9834	NA	1	16.0808	Viruses;Duplodnaviria;Heunggongvirae;Uroviricota;Caudoviricetes
genomad_k141_2916672	6547	No terminal repeats	NA	12	11	0.9834	NA	1	14.9949	Viruses;Duplodnaviria;Heunggongvirae;Uroviricota;Caudoviricetes
genomad_k141_1811258	25022	No terminal repeats	NA	34	11	0.9834	NA	5	47.3734	Viruses;Duplodnaviria;Heunggongvirae;Uroviricota;Caudoviricetes
genomad_k141_2048224	6131	No terminal repeats	NA	7	11	0.9834	NA	2	11.1971	Viruses;Duplodnaviria;Heunggongvirae;Uroviricota;Caudoviricetes
genomad_k141_1609344	6276	No terminal repeats	NA	7	11	0.9834	NA	3	12.0252	Viruses;Duplodnaviria;Heunggongvirae;Uroviricota;Caudoviricetes
genomad_k141_2374661	5184	No terminal repeats	NA	8	11	0.9834	NA	2	13.2723	Viruses;Duplodnaviria;Heunggongvirae;Uroviricota;Caudoviricetes
genomad_k141_3629319	5286	No terminal repeats	NA	11	11	0.9834	NA	0	15.4343	Viruses;Duplodnaviria;Heunggongvirae;Uroviricota;Caudoviricetes
genomad_k141_3164259	7089	No terminal repeats	NA	9	11	0.9834	NA	2	12.6951	Viruses;Duplodnaviria;Heunggongvirae;Uroviricota;Caudoviricetes
genomad_k141_479352	5278	No terminal repeats	NA	14	11	0.9834	NA	1	21.8292	Viruses;Duplodnaviria;Heunggongvirae;Uroviricota;Caudoviricetes
genomad_k141_2091529	9795	No terminal repeats	NA	12	11	0.9834	NA	0	18.0632	Viruses;Duplodnaviria;Heunggongvirae;Uroviricota;Caudoviricetes
genomad_k141_298065	6252	No terminal repeats	NA	7	11	0.9834	NA	0	11.9824	Viruses;Duplodnaviria;Heunggongvirae;Uroviricota;Caudoviricetes
genomad_k141_2508567	6153	No terminal repeats	NA	7	11	0.9833	NA	0	11.7616	Viruses;Duplodnaviria;Heunggongvirae;Uroviricota;Caudoviricetes
genomad_k141_2928384	4154	No terminal repeats	NA	10	11	0.9833	NA	6	15.7619	Viruses;Duplodnaviria;Heunggongvirae;Uroviricota;Caudoviricetes
genomad_k141_594084	6044	No terminal repeats	NA	11	11	0.9833	NA	2	16.4213	Viruses;Duplodnaviria;Heunggongvirae;Uroviricota;Caudoviricetes
genomad_k141_897736	4341	No terminal repeats	NA	8	11	0.9833	NA	2	11.7665	Viruses;Duplodnaviria;Heunggongvirae;Uroviricota;Caudoviricetes
genomad_k141_1018694	8919	No terminal repeats	NA	14	11	0.9833	NA	3	21.2420	Viruses;Duplodnaviria;Heunggongvirae;Uroviricota;Caudoviricetes
genomad_k141_802296	4940	No terminal repeats	NA	14	11	0.9833	NA	3	22.0250	Viruses;Duplodnaviria;Heunggongvirae;Uroviricota;Caudoviricetes
genomad_k141_3602678	7748	No terminal repeats	NA	11	11	0.9833	NA	3	18.6909	Viruses;Duplodnaviria;Heunggongvirae;Uroviricota;Caudoviricetes
genomad_k141_1999019	5479	No terminal repeats	NA	6	11	0.9833	NA	0	10.3018	Viruses;Duplodnaviria;Heunggongvirae;Uroviricota;Caudoviricetes
genomad_k141_1501011	7512	No terminal repeats	NA	11	11	0.9833	NA	0	14.1111	Viruses;Duplodnaviria;Heunggongvirae;Uroviricota;Caudoviricetes
genomad_k141_1677454	6939	No terminal repeats	NA	7	11	0.9833	NA	1	9.8900	Viruses;Duplodnaviria;Heunggongvirae;Uroviricota;Caudoviricetes
genomad_k141_238615	4504	No terminal repeats	NA	9	11	0.9833	NA	0	13.7348	Viruses;Duplodnaviria;Heunggongvirae;Uroviricota;Caudoviricetes
genomad_k141_1464881	5706	No terminal repeats	NA	12	11	0.9833	NA	1	19.6688	Viruses;Duplodnaviria;Heunggongvirae;Uroviricota;Caudoviricetes
genomad_k141_198611	6158	No terminal repeats	NA	11	11	0.9833	NA	1	18.4838	Viruses;Duplodnaviria;Heunggongvirae;Uroviricota;Caudoviricetes
genomad_k141_9768	4664	No terminal repeats	NA	8	11	0.9833	NA	2	13.5334	Viruses;Duplodnaviria;Heunggongvirae;Uroviricota;Caudoviricetes
genomad_k141_3219638	7611	No terminal repeats	NA	10	11	0.9833	NA	2	14.8146	Viruses;Duplodnaviria;Heunggongvirae;Uroviricota;Caudoviricetes
genomad_k141_778048	7159	No terminal repeats	NA	8	11	0.9833	NA	0	13.6882	Viruses;Duplodnaviria;Heunggongvirae;Uroviricota;Caudoviricetes
genomad_k141_2811541	4702	No terminal repeats	NA	7	11	0.9833	NA	3	11.6394	Viruses;Duplodnaviria;Heunggongvirae;Uroviricota;Caudoviricetes
genomad_k141_1277039	4590	No terminal repeats	NA	6	11	0.9833	NA	1	10.0947	Viruses;Duplodnaviria;Heunggongvirae;Uroviricota;Caudoviricetes
genomad_k141_109926	5402	No terminal repeats	NA	9	11	0.9833	NA	1	13.3704	Viruses;Duplodnaviria;Heunggongvirae;Uroviricota;Caudoviricetes
genomad_k141_2218989	6463	No terminal repeats	NA	7	11	0.9833	NA	1	10.3097	Viruses;Duplodnaviria;Heunggongvirae;Uroviricota;Caudoviricetes
genomad_k141_3658490	3825	No terminal repeats	NA	8	11	0.9833	NA	0	11.8285	Viruses;Duplodnaviria;Heunggongvirae;Uroviricota;Caudoviricetes
genomad_k141_2554620	3921	No terminal repeats	NA	6	11	0.9833	NA	0	10.0736	Viruses;Duplodnaviria;Heunggongvirae;Uroviricota;Caudoviricetes
genomad_k141_273208	7877	No terminal repeats	NA	13	11	0.9833	NA	4	21.3857	Viruses;Duplodnaviria;Heunggongvirae;Uroviricota;Caudoviricetes
genomad_k141_1028109	7013	No terminal repeats	NA	6	11	0.9833	NA	0	9.9616	Viruses;Duplodnaviria;Heunggongvirae;Uroviricota;Caudoviricetes
genomad_k141_196105	4592	No terminal repeats	NA	9	11	0.9833	NA	3	13.1579	Viruses;Duplodnaviria;Heunggongvirae;Uroviricota;Caudoviricetes
genomad_k141_736287	6989	No terminal repeats	NA	6	11	0.9833	NA	0	9.5965	Viruses;Duplodnaviria;Heunggongvirae;Uroviricota;Caudoviricetes
genomad_k141_3648715	6689	No terminal repeats	NA	10	11	0.9833	NA	5	15.1937	Viruses;Duplodnaviria;Heunggongvirae;Uroviricota;Caudoviricetes
genomad_k141_1931697	6643	No terminal repeats	NA	11	11	0.9833	NA	1	17.7928	Viruses;Duplodnaviria;Heunggongvirae;Uroviricota;Caudoviricetes
genomad_k141_3793981	4900	No terminal repeats	NA	9	11	0.9833	NA	2	13.5536	Viruses;Duplodnaviria;Heunggongvirae;Uroviricota;Caudoviricetes
genomad_k141_1644206	3998	No terminal repeats	NA	10	11	0.9833	NA	2	16.7620	Viruses;Duplodnaviria;Heunggongvirae;Uroviricota;Caudoviricetes
genomad_k141_2807532	5850	No terminal repeats	NA	13	11	0.9833	NA	1	16.3577	Viruses;Duplodnaviria;Heunggongvirae;Uroviricota;Caudoviricetes
genomad_k141_1695713	5376	No terminal repeats	NA	14	11	0.9833	NA	0	20.0348	Viruses;Duplodnaviria;Heunggongvirae;Uroviricota;Caudoviricetes
genomad_k141_1400188	7042	No terminal repeats	NA	5	11	0.9833	NA	2	8.5756	Viruses;Duplodnaviria;Heunggongvirae;Uroviricota;Caudoviricetes
genomad_k141_2271660	9904	No terminal repeats	NA	10	11	0.9833	NA	2	17.1828	Viruses;Duplodnaviria;Heunggongvirae;Uroviricota;Caudoviricetes
genomad_k141_3033450	5651	No terminal repeats	NA	14	11	0.9833	NA	2	21.6081	Viruses;Duplodnaviria;Heunggongvirae;Uroviricota;Caudoviricetes
genomad_k141_3097139	7505	No terminal repeats	NA	8	11	0.9833	NA	3	11.5663	Viruses;Duplodnaviria;Heunggongvirae;Uroviricota;Caudoviricetes
genomad_k141_1903644	7560	No terminal repeats	NA	8	11	0.9833	NA	0	11.5967	Viruses;Duplodnaviria;Heunggongvirae;Uroviricota;Caudoviricetes
genomad_k141_2334265	5266	No terminal repeats	NA	6	11	0.9833	NA	3	9.8261	Viruses;Duplodnaviria;Heunggongvirae;Uroviricota;Caudoviricetes
genomad_k141_2402225	3653	No terminal repeats	NA	13	11	0.9833	NA	1	19.9426	Viruses;Duplodnaviria;Heunggongvirae;Uroviricota;Caudoviricetes
genomad_k141_484892	5962	No terminal repeats	NA	11	11	0.9832	NA	2	17.7077	Viruses;Duplodnaviria;Heunggongvirae;Uroviricota;Caudoviricetes
genomad_k141_1084369	5601	No terminal repeats	NA	6	11	0.9832	NA	0	10.3087	Viruses;Duplodnaviria;Heunggongvirae;Uroviricota;Caudoviricetes
genomad_k141_142123	4746	No terminal repeats	NA	6	11	0.9832	NA	0	9.8336	Viruses;Duplodnaviria;Heunggongvirae;Uroviricota;Caudoviricetes
genomad_k141_3231423	4484	No terminal repeats	NA	6	11	0.9832	NA	1	10.0947	Viruses;Duplodnaviria;Heunggongvirae;Uroviricota;Caudoviricetes
genomad_k141_2925773	3513	No terminal repeats	NA	9	11	0.9832	NA	2	14.6452	Viruses;Duplodnaviria;Heunggongvirae;Uroviricota;Caudoviricetes
genomad_k141_1746542	4719	No terminal repeats	NA	5	11	0.9832	NA	0	8.2284	Viruses;Duplodnaviria;Heunggongvirae;Uroviricota;Caudoviricetes
genomad_k141_328007	7818	No terminal repeats	NA	7	11	0.9832	NA	2	12.0169	Viruses;Duplodnaviria;Heunggongvirae;Uroviricota;Caudoviricetes;Kyanoviridae
genomad_k141_3698048	5994	No terminal repeats	NA	11	11	0.9832	NA	2	16.8257	Viruses;Duplodnaviria;Heunggongvirae;Uroviricota;Caudoviricetes
genomad_k141_470970	4556	No terminal repeats	NA	8	11	0.9832	NA	0	13.6549	Viruses;Duplodnaviria;Heunggongvirae;Uroviricota;Caudoviricetes
genomad_k141_2140670	8148	No terminal repeats	NA	7	11	0.9832	NA	2	12.0122	Viruses;Duplodnaviria;Heunggongvirae;Uroviricota;Caudoviricetes
genomad_k141_2986771	8610	No terminal repeats	NA	15	11	0.9832	NA	8	22.0766	Viruses;Duplodnaviria;Heunggongvirae;Uroviricota;Caudoviricetes
genomad_k141_912289	5000	No terminal repeats	NA	5	11	0.9832	NA	0	8.5488	Viruses;Duplodnaviria;Heunggongvirae;Uroviricota;Caudoviricetes
genomad_k141_33599	7256	No terminal repeats	NA	9	11	0.9832	NA	4	12.5670	Viruses;Duplodnaviria;Heunggongvirae;Uroviricota;Caudoviricetes
genomad_k141_2084587	4739	No terminal repeats	NA	6	11	0.9832	NA	2	9.6609	Viruses;Duplodnaviria;Heunggongvirae;Uroviricota;Caudoviricetes
genomad_k141_910491	9415	No terminal repeats	NA	11	11	0.9832	NA	1	18.1184	Viruses;Duplodnaviria;Heunggongvirae;Uroviricota;Caudoviricetes
genomad_k141_4890	16083	No terminal repeats	NA	20	11	0.9832	NA	6	29.9096	Viruses;Duplodnaviria;Heunggongvirae;Uroviricota;Caudoviricetes
genomad_k141_319231	5580	No terminal repeats	NA	7	11	0.9832	NA	0	12.0114	Viruses;Duplodnaviria;Heunggongvirae;Uroviricota;Caudoviricetes
genomad_k141_740906	4210	No terminal repeats	NA	8	11	0.9832	NA	1	10.5944	Viruses;Duplodnaviria;Heunggongvirae;Uroviricota;Caudoviricetes
genomad_k141_680793	4917	No terminal repeats	NA	5	11	0.9832	NA	0	8.5488	Viruses;Duplodnaviria;Heunggongvirae;Uroviricota;Caudoviricetes
genomad_k141_179662	21048	No terminal repeats	NA	26	11	0.9832	NA	5	42.8025	Viruses;Duplodnaviria;Heunggongvirae;Uroviricota;Caudoviricetes
genomad_k141_143824	7983	No terminal repeats	NA	10	11	0.9832	NA	5	16.1891	Viruses;Duplodnaviria;Heunggongvirae;Uroviricota;Caudoviricetes
genomad_k141_1060291	7290	No terminal repeats	NA	5	11	0.9832	NA	0	8.0775	Viruses;Duplodnaviria;Heunggongvirae;Uroviricota;Caudoviricetes
genomad_k141_568855	3573	No terminal repeats	NA	7	11	0.9832	NA	2	12.0262	Viruses;Duplodnaviria;Heunggongvirae;Uroviricota;Caudoviricetes
genomad_k141_3776166	4309	No terminal repeats	NA	5	11	0.9832	NA	0	8.0797	Viruses;Duplodnaviria;Heunggongvirae;Uroviricota;Caudoviricetes
genomad_k141_302460	7387	No terminal repeats	NA	6	11	0.9832	NA	1	10.1082	Viruses;Duplodnaviria;Heunggongvirae;Uroviricota;Caudoviricetes
genomad_k141_337706	4218	No terminal repeats	NA	7	11	0.9832	NA	2	12.0280	Viruses;Duplodnaviria;Heunggongvirae;Uroviricota;Caudoviricetes
genomad_k141_3798882	5397	No terminal repeats	NA	8	11	0.9832	NA	0	13.7463	Viruses;Duplodnaviria;Heunggongvirae;Uroviricota;Caudoviricetes;Zobellviridae
genomad_k141_3032098	6515	No terminal repeats	NA	9	11	0.9832	NA	1	11.7829	Viruses;Duplodnaviria;Heunggongvirae;Uroviricota;Caudoviricetes
genomad_k141_3464896	4651	No terminal repeats	NA	11	11	0.9832	NA	2	18.8225	Viruses;Duplodnaviria;Heunggongvirae;Uroviricota;Caudoviricetes
genomad_k141_2936653	7047	No terminal repeats	NA	7	11	0.9832	NA	2	11.6626	Viruses;Duplodnaviria;Heunggongvirae;Uroviricota;Caudoviricetes
genomad_k141_1677668	9065	No terminal repeats	NA	18	11	0.9832	NA	4	26.8434	Viruses;Duplodnaviria;Heunggongvirae;Uroviricota;Caudoviricetes
genomad_k141_1261408	4211	No terminal repeats	NA	6	11	0.9831	NA	1	10.2954	Viruses;Duplodnaviria;Heunggongvirae;Uroviricota;Caudoviricetes
genomad_k141_1195258	4115	No terminal repeats	NA	6	11	0.9831	NA	0	9.7408	Viruses;Duplodnaviria;Heunggongvirae;Uroviricota;Caudoviricetes
genomad_k141_772914	5795	No terminal repeats	NA	7	11	0.9831	NA	2	8.6195	Viruses;Duplodnaviria;Heunggongvirae;Uroviricota;Caudoviricetes
genomad_k141_3294692	4175	No terminal repeats	NA	8	11	0.9831	NA	2	10.6853	Viruses;Duplodnaviria;Heunggongvirae;Uroviricota;Caudoviricetes
genomad_k141_1037964	7092	No terminal repeats	NA	10	11	0.9831	NA	1	15.1504	Viruses;Duplodnaviria;Heunggongvirae;Uroviricota;Caudoviricetes
genomad_k141_3586251	6597	No terminal repeats	NA	11	11	0.9831	NA	1	17.1465	Viruses;Duplodnaviria;Heunggongvirae;Uroviricota;Caudoviricetes
genomad_k141_2274578	7822	No terminal repeats	NA	5	11	0.9831	NA	0	7.3011	Viruses;Duplodnaviria;Heunggongvirae;Uroviricota;Caudoviricetes
genomad_k141_2923781	6303	No terminal repeats	NA	12	11	0.9831	NA	2	17.1828	Viruses;Duplodnaviria;Heunggongvirae;Uroviricota;Caudoviricetes
genomad_k141_2301616	6605	No terminal repeats	NA	9	11	0.9831	NA	2	12.9438	Viruses;Duplodnaviria;Heunggongvirae;Uroviricota;Caudoviricetes
genomad_k141_460139	5569	No terminal repeats	NA	7	11	0.9831	NA	1	11.6479	Unclassified
genomad_k141_41201	7172	No terminal repeats	NA	13	11	0.9831	NA	1	19.4555	Viruses;Duplodnaviria;Heunggongvirae;Uroviricota;Caudoviricetes
genomad_k141_33798	4621	No terminal repeats	NA	10	11	0.9831	NA	1	17.1828	Viruses;Duplodnaviria;Heunggongvirae;Uroviricota;Caudoviricetes
genomad_k141_1925028	5331	No terminal repeats	NA	5	11	0.9831	NA	0	7.7228	Viruses;Duplodnaviria;Heunggongvirae;Uroviricota;Caudoviricetes
genomad_k141_2053174	42807	No terminal repeats	NA	50	11	0.9831	NA	9	79.8166	Viruses;Duplodnaviria;Heunggongvirae;Uroviricota;Caudoviricetes
genomad_k141_2834382	4326	No terminal repeats	NA	8	11	0.9831	NA	2	13.7342	Viruses;Duplodnaviria;Heunggongvirae;Uroviricota;Caudoviricetes
genomad_k141_1827912	5977	No terminal repeats	NA	5	11	0.9831	NA	0	8.5880	Viruses;Duplodnaviria;Heunggongvirae;Uroviricota;Caudoviricetes
genomad_k141_3264663	6038	No terminal repeats	NA	6	11	0.9831	NA	0	9.2684	Viruses;Duplodnaviria;Heunggongvirae;Uroviricota;Caudoviricetes
genomad_k141_1275876	6222	No terminal repeats	NA	6	11	0.9831	NA	1	10.1755	Viruses;Duplodnaviria;Heunggongvirae;Uroviricota;Caudoviricetes
genomad_k141_3467382	6234	No terminal repeats	NA	11	11	0.9831	NA	2	17.7430	Viruses;Duplodnaviria;Heunggongvirae;Uroviricota;Caudoviricetes
genomad_k141_1535817	6442	No terminal repeats	NA	4	11	0.9831	NA	0	6.5894	Viruses;Duplodnaviria;Heunggongvirae;Uroviricota;Caudoviricetes
genomad_k141_690348	6372	No terminal repeats	NA	11	11	0.9831	NA	1	14.4995	Viruses;Duplodnaviria;Heunggongvirae;Uroviricota;Caudoviricetes
genomad_k141_663384	7717	No terminal repeats	NA	13	11	0.9831	NA	4	19.0780	Viruses;Duplodnaviria;Heunggongvirae;Uroviricota;Caudoviricetes
genomad_k141_1768602	4710	No terminal repeats	NA	6	11	0.9831	NA	1	9.2968	Viruses;Duplodnaviria;Heunggongvirae;Uroviricota;Caudoviricetes
genomad_k141_3516641	7197	No terminal repeats	NA	11	11	0.9831	NA	1	15.2614	Viruses;Duplodnaviria;Heunggongvirae;Uroviricota;Caudoviricetes
genomad_k141_1976236	3872	No terminal repeats	NA	8	11	0.9831	NA	0	13.1141	Viruses;Duplodnaviria;Heunggongvirae;Uroviricota;Caudoviricetes
genomad_k141_3169047	5307	No terminal repeats	NA	7	11	0.9831	NA	1	11.4623	Viruses;Duplodnaviria;Heunggongvirae;Uroviricota;Caudoviricetes
genomad_k141_1856488	4018	No terminal repeats	NA	8	11	0.9831	NA	2	13.1384	Viruses;Duplodnaviria;Heunggongvirae;Uroviricota;Caudoviricetes
genomad_k141_499088	3595	No terminal repeats	NA	5	11	0.9831	NA	2	8.1008	Viruses;Duplodnaviria;Heunggongvirae;Uroviricota;Caudoviricetes
genomad_k141_2636007	6231	No terminal repeats	NA	10	11	0.9831	NA	1	14.8807	Viruses;Duplodnaviria;Heunggongvirae;Uroviricota;Caudoviricetes
genomad_k141_2442115	5986	No terminal repeats	NA	9	11	0.9831	NA	5	12.4745	Viruses;Duplodnaviria;Heunggongvirae;Uroviricota;Caudoviricetes
genomad_k141_2409282	6036	No terminal repeats	NA	8	11	0.9831	NA	0	12.6020	Viruses;Duplodnaviria;Heunggongvirae;Uroviricota;Caudoviricetes
genomad_k141_3470139	6572	No terminal repeats	NA	5	11	0.9831	NA	1	8.1357	Viruses;Duplodnaviria;Heunggongvirae;Uroviricota;Caudoviricetes
genomad_k141_2852393	3889	No terminal repeats	NA	7	11	0.9831	NA	1	10.2988	Viruses;Duplodnaviria;Heunggongvirae;Uroviricota;Caudoviricetes
genomad_k141_959690	3887	No terminal repeats	NA	6	11	0.9831	NA	2	10.2663	Viruses;Duplodnaviria;Heunggongvirae;Uroviricota;Caudoviricetes
genomad_k141_2467580	3726	No terminal repeats	NA	7	11	0.9831	NA	1	12.0280	Viruses;Duplodnaviria;Heunggongvirae;Uroviricota;Caudoviricetes
genomad_k141_1123159	6203	No terminal repeats	NA	9	11	0.9831	NA	0	15.0787	Viruses;Duplodnaviria;Heunggongvirae;Uroviricota;Caudoviricetes
genomad_k141_2476604	7038	No terminal repeats	NA	9	11	0.9831	NA	0	11.6553	Viruses;Duplodnaviria;Heunggongvirae;Uroviricota;Caudoviricetes
genomad_k141_3335181	4545	No terminal repeats	NA	12	11	0.9831	NA	1	20.6175	Viruses;Duplodnaviria;Heunggongvirae;Uroviricota;Caudoviricetes
genomad_k141_639175	4482	No terminal repeats	NA	11	11	0.9831	NA	0	15.9558	Viruses;Varidnaviria;Bamfordvirae;Nucleocytoviricota;Megaviricetes;Algavirales;Phycodnaviridae
genomad_k141_1659243	4625	No terminal repeats	NA	5	11	0.9831	NA	2	8.1207	Viruses;Duplodnaviria;Heunggongvirae;Uroviricota;Caudoviricetes
genomad_k141_3771009	4974	No terminal repeats	NA	8	11	0.9831	NA	4	11.0282	Viruses;Duplodnaviria;Heunggongvirae;Uroviricota;Caudoviricetes
genomad_k141_2590535	7857	No terminal repeats	NA	9	11	0.9831	NA	5	11.9767	Viruses;Duplodnaviria;Heunggongvirae;Uroviricota;Caudoviricetes
genomad_k141_154179	5970	No terminal repeats	NA	8	11	0.9831	NA	0	11.7918	Viruses;Duplodnaviria;Heunggongvirae;Uroviricota;Caudoviricetes
genomad_k141_3569657	5342	No terminal repeats	NA	8	11	0.9830	NA	0	11.2596	Viruses;Duplodnaviria;Heunggongvirae;Uroviricota;Caudoviricetes
genomad_k141_3546597	6691	No terminal repeats	NA	6	11	0.9830	NA	2	10.2698	Viruses;Duplodnaviria;Heunggongvirae;Uroviricota;Caudoviricetes
genomad_k141_3312394	5237	No terminal repeats	NA	6	11	0.9830	NA	1	8.2943	Viruses;Duplodnaviria;Heunggongvirae;Uroviricota;Caudoviricetes
genomad_k141_970450	6370	No terminal repeats	NA	10	11	0.9830	NA	2	14.6320	Viruses;Duplodnaviria;Heunggongvirae;Uroviricota;Caudoviricetes
genomad_k141_2120199	5855	No terminal repeats	NA	5	11	0.9830	NA	1	8.5657	Viruses;Duplodnaviria;Heunggongvirae;Uroviricota;Caudoviricetes
genomad_k141_1907211	7403	No terminal repeats	NA	5	11	0.9830	NA	0	7.7766	Viruses;Duplodnaviria;Heunggongvirae;Uroviricota;Caudoviricetes
genomad_k141_1857309	6509	No terminal repeats	NA	11	11	0.9830	NA	2	18.6636	Viruses;Duplodnaviria;Heunggongvirae;Uroviricota;Caudoviricetes
genomad_k141_124311	6307	No terminal repeats	NA	8	11	0.9830	NA	2	11.8235	Viruses;Duplodnaviria;Heunggongvirae;Uroviricota;Caudoviricetes
genomad_k141_2962676	6542	No terminal repeats	NA	10	11	0.9830	NA	0	15.4645	Viruses;Duplodnaviria;Heunggongvirae;Uroviricota;Caudoviricetes
genomad_k141_568396	4434	No terminal repeats	NA	5	11	0.9830	NA	1	8.5235	Viruses;Duplodnaviria;Heunggongvirae;Uroviricota;Caudoviricetes
genomad_k141_2509971	5164	No terminal repeats	NA	10	11	0.9830	NA	6	13.8694	Viruses;Duplodnaviria;Heunggongvirae;Uroviricota;Caudoviricetes
genomad_k141_304351	5390	No terminal repeats	NA	9	11	0.9830	NA	4	13.3068	Viruses;Duplodnaviria;Heunggongvirae;Uroviricota;Caudoviricetes
genomad_k141_2162212	6211	No terminal repeats	NA	7	11	0.9830	NA	1	9.6100	Viruses;Duplodnaviria;Heunggongvirae;Uroviricota;Caudoviricetes
genomad_k141_1020414	6215	No terminal repeats	NA	8	11	0.9830	NA	1	11.8774	Viruses;Duplodnaviria;Heunggongvirae;Uroviricota;Caudoviricetes
genomad_k141_67132	5844	No terminal repeats	NA	6	11	0.9830	NA	0	9.5933	Viruses;Duplodnaviria;Heunggongvirae;Uroviricota;Caudoviricetes
genomad_k141_3788319	3607	No terminal repeats	NA	7	11	0.9830	NA	0	10.8008	Viruses;Duplodnaviria;Heunggongvirae;Uroviricota;Caudoviricetes
genomad_k141_548970	4560	No terminal repeats	NA	8	11	0.9830	NA	2	13.5536	Viruses;Duplodnaviria;Heunggongvirae;Uroviricota;Caudoviricetes
genomad_k141_3300108	8253	No terminal repeats	NA	12	11	0.9830	NA	8	15.6507	Viruses;Duplodnaviria;Heunggongvirae;Uroviricota;Caudoviricetes
genomad_k141_2869224	5916	No terminal repeats	NA	6	11	0.9830	NA	1	9.7369	Viruses;Duplodnaviria;Heunggongvirae;Uroviricota;Caudoviricetes
genomad_k141_2332051	6889	No terminal repeats	NA	10	11	0.9830	NA	2	14.0332	Viruses;Duplodnaviria;Heunggongvirae;Uroviricota;Caudoviricetes
genomad_k141_3793561	7542	No terminal repeats	NA	10	11	0.9830	NA	6	13.7463	Viruses;Duplodnaviria;Heunggongvirae;Uroviricota;Caudoviricetes
genomad_k141_1851687	3740	No terminal repeats	NA	6	11	0.9830	NA	1	9.2977	Viruses;Duplodnaviria;Heunggongvirae;Uroviricota;Caudoviricetes
genomad_k141_2323669	5234	No terminal repeats	NA	8	11	0.9830	NA	0	12.9386	Viruses;Duplodnaviria;Heunggongvirae;Uroviricota;Caudoviricetes
genomad_k141_3191040	6360	No terminal repeats	NA	9	11	0.9830	NA	2	11.4278	Viruses;Duplodnaviria;Heunggongvirae;Uroviricota;Caudoviricetes
genomad_k141_3616166	5432	No terminal repeats	NA	7	11	0.9830	NA	0	9.5990	Viruses;Duplodnaviria;Heunggongvirae;Uroviricota;Caudoviricetes
genomad_k141_3287846	3697	No terminal repeats	NA	5	11	0.9830	NA	2	8.5577	Viruses;Duplodnaviria;Heunggongvirae;Uroviricota;Caudoviricetes
genomad_k141_2215508	3906	No terminal repeats	NA	5	11	0.9830	NA	4	8.5914	Viruses;Duplodnaviria;Heunggongvirae;Uroviricota;Caudoviricetes
genomad_k141_2567132	5217	No terminal repeats	NA	5	11	0.9830	NA	0	7.7215	Viruses;Duplodnaviria;Heunggongvirae;Uroviricota;Caudoviricetes
genomad_k141_325622	5228	No terminal repeats	NA	11	11	0.9830	NA	2	18.6740	Viruses;Duplodnaviria;Heunggongvirae;Uroviricota;Caudoviricetes
genomad_k141_260249	3867	No terminal repeats	NA	8	11	0.9830	NA	0	11.1737	Viruses;Duplodnaviria;Heunggongvirae;Uroviricota;Caudoviricetes
genomad_k141_2758943	4924	No terminal repeats	NA	8	11	0.9830	NA	2	9.9923	Viruses;Duplodnaviria;Heunggongvirae;Uroviricota;Caudoviricetes
genomad_k141_3343561	6313	No terminal repeats	NA	10	11	0.9830	NA	1	11.7609	Viruses;Duplodnaviria;Heunggongvirae;Uroviricota;Caudoviricetes
genomad_k141_788725	4165	No terminal repeats	NA	8	11	0.9830	NA	3	11.5083	Viruses;Duplodnaviria;Heunggongvirae;Uroviricota;Caudoviricetes
genomad_k141_1179922	6844	No terminal repeats	NA	5	11	0.9830	NA	0	7.4989	Viruses;Duplodnaviria;Heunggongvirae;Uroviricota;Caudoviricetes
genomad_k141_2941419	9506	No terminal repeats	NA	13	11	0.9830	NA	0	20.4305	Viruses;Duplodnaviria;Heunggongvirae;Uroviricota;Caudoviricetes
genomad_k141_78002	6802	No terminal repeats	NA	11	11	0.9830	NA	0	13.4214	Viruses;Duplodnaviria;Heunggongvirae;Uroviricota;Caudoviricetes
genomad_k141_357962	6988	No terminal repeats	NA	6	11	0.9830	NA	2	10.3097	Viruses;Duplodnaviria;Heunggongvirae;Uroviricota;Caudoviricetes
genomad_k141_2807369	8178	No terminal repeats	NA	9	11	0.9830	NA	0	11.3231	Viruses;Duplodnaviria;Heunggongvirae;Uroviricota;Caudoviricetes
genomad_k141_3516183	5636	No terminal repeats	NA	8	11	0.9830	NA	1	13.3720	Viruses;Duplodnaviria;Heunggongvirae;Uroviricota;Caudoviricetes
genomad_k141_3559122	6139	No terminal repeats	NA	6	11	0.9830	NA	6	10.3097	Viruses;Duplodnaviria;Heunggongvirae;Uroviricota;Caudoviricetes
genomad_k141_1492166	5138	No terminal repeats	NA	9	11	0.9830	NA	2	13.3211	Viruses;Duplodnaviria;Heunggongvirae;Uroviricota;Caudoviricetes
genomad_k141_2627361	5883	No terminal repeats	NA	15	11	0.9830	NA	1	16.0867	Viruses;Duplodnaviria;Heunggongvirae;Uroviricota;Caudoviricetes
genomad_k141_2801053	5577	No terminal repeats	NA	11	11	0.9830	NA	3	15.7290	Viruses;Duplodnaviria;Heunggongvirae;Uroviricota;Caudoviricetes
genomad_k141_3046247	6121	No terminal repeats	NA	15	11	0.9830	NA	0	21.8341	Viruses;Duplodnaviria;Heunggongvirae;Uroviricota;Caudoviricetes
genomad_k141_3217344	8888	No terminal repeats	NA	10	11	0.9830	NA	3	14.7742	Viruses;Duplodnaviria;Heunggongvirae;Uroviricota;Caudoviricetes
genomad_k141_1963571	5047	No terminal repeats	NA	8	11	0.9830	NA	1	13.3422	Viruses;Duplodnaviria;Heunggongvirae;Uroviricota;Caudoviricetes
genomad_k141_1646531	5408	No terminal repeats	NA	10	11	0.9830	NA	0	16.6950	Viruses;Duplodnaviria;Heunggongvirae;Uroviricota;Caudoviricetes
genomad_k141_2539681	8423	No terminal repeats	NA	8	11	0.9830	NA	3	13.7463	Viruses;Duplodnaviria;Heunggongvirae;Uroviricota;Caudoviricetes
genomad_k141_1725382	3563	No terminal repeats	NA	5	11	0.9830	NA	2	8.5904	Viruses;Duplodnaviria;Heunggongvirae;Uroviricota;Caudoviricetes
genomad_k141_1146103	6890	No terminal repeats	NA	10	11	0.9830	NA	0	10.8946	Viruses;Duplodnaviria;Heunggongvirae;Uroviricota;Caudoviricetes
genomad_k141_2805141	8958	No terminal repeats	NA	8	11	0.9830	NA	0	11.9140	Viruses;Duplodnaviria;Heunggongvirae;Uroviricota;Caudoviricetes
genomad_k141_984915	4148	No terminal repeats	NA	9	11	0.9830	NA	6	12.5964	Viruses;Duplodnaviria;Heunggongvirae;Uroviricota;Caudoviricetes
genomad_k141_474562	5599	No terminal repeats	NA	10	11	0.9830	NA	1	14.7196	Viruses;Duplodnaviria;Heunggongvirae;Uroviricota;Caudoviricetes
genomad_k141_3594589	7078	No terminal repeats	NA	11	11	0.9829	NA	3	16.1498	Viruses;Duplodnaviria;Heunggongvirae;Uroviricota;Caudoviricetes
genomad_k141_2225532	6669	No terminal repeats	NA	8	11	0.9829	NA	0	11.8479	Viruses;Duplodnaviria;Heunggongvirae;Uroviricota;Caudoviricetes
genomad_k141_1213505	6827	No terminal repeats	NA	9	11	0.9829	NA	1	15.3240	Viruses;Duplodnaviria;Heunggongvirae;Uroviricota;Caudoviricetes
genomad_k141_1987886	5660	No terminal repeats	NA	10	11	0.9829	NA	4	16.9668	Viruses;Duplodnaviria;Heunggongvirae;Uroviricota;Caudoviricetes
genomad_k141_1939984	3854	No terminal repeats	NA	10	11	0.9829	NA	2	16.6504	Viruses;Duplodnaviria;Heunggongvirae;Uroviricota;Caudoviricetes
genomad_k141_3776183	7237	No terminal repeats	NA	9	11	0.9829	NA	0	12.4019	Viruses;Duplodnaviria;Heunggongvirae;Uroviricota;Caudoviricetes
genomad_k141_3695986	4341	No terminal repeats	NA	6	11	0.9829	NA	0	8.5100	Viruses;Duplodnaviria;Heunggongvirae;Uroviricota;Caudoviricetes
genomad_k141_2165113	5197	No terminal repeats	NA	10	11	0.9829	NA	6	13.8694	Viruses;Duplodnaviria;Heunggongvirae;Uroviricota;Caudoviricetes
genomad_k141_3342025	4498	No terminal repeats	NA	5	11	0.9829	NA	2	7.7384	Viruses;Duplodnaviria;Heunggongvirae;Uroviricota;Caudoviricetes
genomad_k141_2893199	7131	No terminal repeats	NA	13	11	0.9829	NA	6	18.2474	Viruses;Duplodnaviria;Heunggongvirae;Uroviricota;Caudoviricetes
genomad_k141_525160	7546	No terminal repeats	NA	10	11	0.9829	NA	1	15.2015	Viruses;Duplodnaviria;Heunggongvirae;Uroviricota;Caudoviricetes
genomad_k141_3216080	5448	No terminal repeats	NA	9	11	0.9829	NA	2	13.0071	Viruses;Duplodnaviria;Heunggongvirae;Uroviricota;Caudoviricetes
genomad_k141_1076948	9870	No terminal repeats	NA	11	11	0.9829	NA	3	16.5921	Viruses;Duplodnaviria;Heunggongvirae;Uroviricota;Caudoviricetes
genomad_k141_845417	4304	No terminal repeats	NA	5	11	0.9829	NA	2	8.1941	Viruses;Duplodnaviria;Heunggongvirae;Uroviricota;Caudoviricetes
genomad_k141_73458	6760	No terminal repeats	NA	8	11	0.9829	NA	0	12.0264	Viruses;Duplodnaviria;Heunggongvirae;Uroviricota;Caudoviricetes
genomad_k141_2347039	5708	No terminal repeats	NA	5	11	0.9829	NA	2	8.3764	Viruses;Duplodnaviria;Heunggongvirae;Uroviricota;Caudoviricetes
genomad_k141_3255496	3985	No terminal repeats	NA	7	11	0.9829	NA	4	12.0256	Viruses;Duplodnaviria;Heunggongvirae;Uroviricota;Caudoviricetes
genomad_k141_1556455	5786	No terminal repeats	NA	8	11	0.9829	NA	3	13.3485	Viruses;Duplodnaviria;Heunggongvirae;Uroviricota;Caudoviricetes
genomad_k141_3703563	5771	No terminal repeats	NA	8	11	0.9829	NA	4	11.4638	Viruses;Duplodnaviria;Heunggongvirae;Uroviricota;Caudoviricetes
genomad_k141_953359	6700	No terminal repeats	NA	14	11	0.9829	NA	1	16.2495	Viruses;Duplodnaviria;Heunggongvirae;Uroviricota;Caudoviricetes
genomad_k141_2588524	4521	No terminal repeats	NA	8	11	0.9829	NA	2	12.0200	Viruses;Duplodnaviria;Heunggongvirae;Uroviricota;Caudoviricetes
genomad_k141_1628425	6588	No terminal repeats	NA	9	11	0.9829	NA	2	13.3262	Viruses;Duplodnaviria;Heunggongvirae;Uroviricota;Caudoviricetes
genomad_k141_493195	3738	No terminal repeats	NA	7	15	0.9829	NA	0	11.3461	Viruses;Duplodnaviria;Heunggongvirae;Uroviricota;Caudoviricetes
genomad_k141_194522	5119	No terminal repeats	NA	8	11	0.9829	NA	2	11.0768	Viruses;Duplodnaviria;Heunggongvirae;Uroviricota;Caudoviricetes
genomad_k141_3756865	6232	No terminal repeats	NA	8	11	0.9829	NA	1	11.9803	Viruses;Duplodnaviria;Heunggongvirae;Uroviricota;Caudoviricetes
genomad_k141_1438544	6550	No terminal repeats	NA	10	11	0.9829	NA	2	12.0023	Viruses;Duplodnaviria;Heunggongvirae;Uroviricota;Caudoviricetes
genomad_k141_1324524	4327	No terminal repeats	NA	7	11	0.9829	NA	3	11.3907	Viruses;Duplodnaviria;Heunggongvirae;Uroviricota;Caudoviricetes
genomad_k141_3082998	5590	No terminal repeats	NA	6	11	0.9829	NA	0	9.5971	Viruses;Duplodnaviria;Heunggongvirae;Uroviricota;Caudoviricetes
genomad_k141_1311234	4676	No terminal repeats	NA	7	11	0.9829	NA	1	11.0109	Viruses;Duplodnaviria;Heunggongvirae;Uroviricota;Caudoviricetes
genomad_k141_2651276	3927	No terminal repeats	NA	6	11	0.9829	NA	2	10.1787	Viruses;Duplodnaviria;Heunggongvirae;Uroviricota;Caudoviricetes
genomad_k141_638930	3902	No terminal repeats	NA	8	11	0.9829	NA	1	11.8846	Viruses;Duplodnaviria;Heunggongvirae;Uroviricota;Caudoviricetes
genomad_k141_1975996	7738	No terminal repeats	NA	15	11	0.9829	NA	0	18.3364	Viruses;Duplodnaviria;Heunggongvirae;Uroviricota;Caudoviricetes
genomad_k141_3067489	4875	No terminal repeats	NA	13	11	0.9829	NA	2	20.3381	Viruses;Duplodnaviria;Heunggongvirae;Uroviricota;Caudoviricetes
genomad_k141_2036733	4190	No terminal repeats	NA	7	11	0.9829	NA	3	9.6736	Viruses;Duplodnaviria;Heunggongvirae;Uroviricota;Caudoviricetes
genomad_k141_2821815	8250	No terminal repeats	NA	9	11	0.9829	NA	1	14.2988	Viruses;Duplodnaviria;Heunggongvirae;Uroviricota;Caudoviricetes
genomad_k141_2689759	4721	No terminal repeats	NA	7	11	0.9829	NA	1	11.2635	Viruses;Duplodnaviria;Heunggongvirae;Uroviricota;Caudoviricetes
genomad_k141_387769	9836	No terminal repeats	NA	14	11	0.9829	NA	2	19.9716	Viruses;Duplodnaviria;Heunggongvirae;Uroviricota;Caudoviricetes
genomad_k141_454838	5998	No terminal repeats	NA	6	11	0.9829	NA	0	8.2513	Viruses;Duplodnaviria;Heunggongvirae;Uroviricota;Caudoviricetes
genomad_k141_356874	20122	No terminal repeats	NA	27	11	0.9829	NA	8	34.8445	Viruses;Duplodnaviria;Heunggongvirae;Uroviricota;Caudoviricetes
genomad_k141_460883	7335	No terminal repeats	NA	14	11	0.9829	NA	0	15.4613	Viruses;Duplodnaviria;Heunggongvirae;Uroviricota;Caudoviricetes
genomad_k141_607108	4360	No terminal repeats	NA	5	11	0.9829	NA	2	8.4935	Viruses;Duplodnaviria;Heunggongvirae;Uroviricota;Caudoviricetes
genomad_k141_1076332	3990	No terminal repeats	NA	5	11	0.9829	NA	1	8.5914	Viruses;Duplodnaviria;Heunggongvirae;Uroviricota;Caudoviricetes
genomad_k141_1746880	5938	No terminal repeats	NA	11	11	0.9829	NA	0	13.5356	Viruses;Duplodnaviria;Heunggongvirae;Uroviricota;Caudoviricetes
genomad_k141_968431	3772	No terminal repeats	NA	8	11	0.9829	NA	2	13.0885	Viruses;Duplodnaviria;Heunggongvirae;Uroviricota;Caudoviricetes
genomad_k141_2561963	4013	No terminal repeats	NA	7	11	0.9829	NA	0	9.7480	Viruses;Duplodnaviria;Heunggongvirae;Uroviricota;Caudoviricetes
genomad_k141_2625447	4741	No terminal repeats	NA	9	11	0.9829	NA	0	14.6018	Viruses;Duplodnaviria;Heunggongvirae;Uroviricota;Caudoviricetes
genomad_k141_1074979	4940	No terminal repeats	NA	5	11	0.9828	NA	0	6.6719	Viruses;Duplodnaviria;Heunggongvirae;Uroviricota;Caudoviricetes
genomad_k141_1453623	4983	No terminal repeats	NA	6	11	0.9828	NA	0	10.2517	Viruses;Duplodnaviria;Heunggongvirae;Uroviricota;Caudoviricetes
genomad_k141_2857423	7595	No terminal repeats	NA	13	11	0.9828	NA	0	18.0386	Viruses;Duplodnaviria;Heunggongvirae;Uroviricota;Caudoviricetes
genomad_k141_1805987	6982	No terminal repeats	NA	14	11	0.9828	NA	0	21.1431	Viruses;Duplodnaviria;Heunggongvirae;Uroviricota;Caudoviricetes
genomad_k141_927907	8942	No terminal repeats	NA	8	11	0.9828	NA	0	9.8992	Viruses;Duplodnaviria;Heunggongvirae;Uroviricota;Caudoviricetes
genomad_k141_2692140	4997	No terminal repeats	NA	9	11	0.9828	NA	0	11.4622	Viruses;Duplodnaviria;Heunggongvirae;Uroviricota;Caudoviricetes
genomad_k141_3095643	3810	No terminal repeats	NA	7	11	0.9828	NA	0	12.0280	Viruses;Duplodnaviria;Heunggongvirae;Uroviricota;Caudoviricetes
genomad_k141_2917122	6297	No terminal repeats	NA	10	11	0.9828	NA	2	17.1810	Viruses;Duplodnaviria;Heunggongvirae;Uroviricota;Caudoviricetes
genomad_k141_1621603	5385	No terminal repeats	NA	10	11	0.9828	NA	2	13.0740	Viruses;Duplodnaviria;Heunggongvirae;Uroviricota;Caudoviricetes
genomad_k141_792314	4974	No terminal repeats	NA	13	11	0.9828	NA	0	19.8230	Viruses;Duplodnaviria;Heunggongvirae;Uroviricota;Caudoviricetes
genomad_k141_1799056	3613	No terminal repeats	NA	8	11	0.9828	NA	0	10.0844	Viruses;Duplodnaviria;Heunggongvirae;Uroviricota;Caudoviricetes
genomad_k141_1803156	4677	No terminal repeats	NA	7	11	0.9828	NA	1	10.1064	Viruses;Duplodnaviria;Heunggongvirae;Uroviricota;Caudoviricetes
genomad_k141_1200865	5939	No terminal repeats	NA	9	11	0.9828	NA	2	11.8123	Viruses;Duplodnaviria;Heunggongvirae;Uroviricota;Caudoviricetes
genomad_k141_857568	4261	No terminal repeats	NA	5	11	0.9828	NA	1	8.5403	Viruses;Duplodnaviria;Heunggongvirae;Uroviricota;Caudoviricetes
genomad_k141_3054154	4841	No terminal repeats	NA	10	11	0.9828	NA	0	13.2951	Viruses;Duplodnaviria;Heunggongvirae;Uroviricota;Caudoviricetes
genomad_k141_629552	8889	No terminal repeats	NA	8	11	0.9828	NA	2	10.5898	Viruses;Duplodnaviria;Heunggongvirae;Uroviricota;Caudoviricetes
genomad_k141_1309862	39193	No terminal repeats	NA	39	11	0.9828	NA	4	56.0907	Viruses;Duplodnaviria;Heunggongvirae;Uroviricota;Caudoviricetes
genomad_k141_2440398	9701	No terminal repeats	NA	12	11	0.9828	NA	1	19.6038	Viruses;Duplodnaviria;Heunggongvirae;Uroviricota;Caudoviricetes
genomad_k141_1605738	6108	No terminal repeats	NA	11	11	0.9828	NA	4	18.4469	Viruses;Duplodnaviria;Heunggongvirae;Uroviricota;Caudoviricetes
genomad_k141_3097151	4470	No terminal repeats	NA	6	11	0.9828	NA	0	10.0236	Viruses;Duplodnaviria;Heunggongvirae;Uroviricota;Caudoviricetes
genomad_k141_2888865	6735	No terminal repeats	NA	8	11	0.9828	NA	1	13.3618	Viruses;Duplodnaviria;Heunggongvirae;Uroviricota;Caudoviricetes
genomad_k141_451697	3824	No terminal repeats	NA	6	11	0.9828	NA	0	9.7069	Viruses;Duplodnaviria;Heunggongvirae;Uroviricota;Caudoviricetes
genomad_k141_673692	9459	No terminal repeats	NA	11	11	0.9828	NA	5	15.4645	Viruses;Duplodnaviria;Heunggongvirae;Uroviricota;Caudoviricetes
genomad_k141_2889055	5980	No terminal repeats	NA	8	11	0.9828	NA	2	10.2987	Viruses;Duplodnaviria;Heunggongvirae;Uroviricota;Caudoviricetes
genomad_k141_713265	8028	No terminal repeats	NA	11	11	0.9828	NA	0	16.4935	Viruses;Duplodnaviria;Heunggongvirae;Uroviricota;Caudoviricetes
genomad_k141_2949900	6060	No terminal repeats	NA	12	11	0.9828	NA	4	19.7348	Viruses;Duplodnaviria;Heunggongvirae;Uroviricota;Caudoviricetes
genomad_k141_2760896	7720	No terminal repeats	NA	11	11	0.9828	NA	1	14.1727	Viruses;Duplodnaviria;Heunggongvirae;Uroviricota;Caudoviricetes
genomad_k141_2709639	5347	No terminal repeats	NA	7	11	0.9828	NA	2	11.6023	Viruses;Duplodnaviria;Heunggongvirae;Uroviricota;Caudoviricetes
genomad_k141_2738572	7543	No terminal repeats	NA	5	11	0.9828	NA	4	7.2032	Viruses;Duplodnaviria;Heunggongvirae;Uroviricota;Caudoviricetes
genomad_k141_1556008	4284	No terminal repeats	NA	7	11	0.9828	NA	5	11.5028	Viruses;Duplodnaviria;Heunggongvirae;Uroviricota;Caudoviricetes
genomad_k141_2166409	6149	No terminal repeats	NA	8	11	0.9828	NA	1	13.7159	Viruses;Duplodnaviria;Heunggongvirae;Uroviricota;Caudoviricetes
genomad_k141_2654106	5550	No terminal repeats	NA	9	11	0.9828	NA	2	15.0118	Viruses;Duplodnaviria;Heunggongvirae;Uroviricota;Caudoviricetes
genomad_k141_1790128	5777	No terminal repeats	NA	6	11	0.9828	NA	2	8.1552	Viruses;Duplodnaviria;Heunggongvirae;Uroviricota;Caudoviricetes
genomad_k141_426809	5034	No terminal repeats	NA	6	11	0.9828	NA	0	8.3928	Viruses;Duplodnaviria;Heunggongvirae;Uroviricota;Caudoviricetes
genomad_k141_111877	6730	No terminal repeats	NA	8	11	0.9828	NA	3	13.1394	Viruses;Duplodnaviria;Heunggongvirae;Uroviricota;Caudoviricetes
genomad_k141_1319202	5803	No terminal repeats	NA	9	11	0.9828	NA	1	13.5863	Viruses;Duplodnaviria;Heunggongvirae;Uroviricota;Caudoviricetes
genomad_k141_3310577	6824	No terminal repeats	NA	8	11	0.9828	NA	1	12.8308	Viruses;Duplodnaviria;Heunggongvirae;Uroviricota;Caudoviricetes
genomad_k141_1853852	8672	No terminal repeats	NA	14	11	0.9828	NA	9	22.4152	Viruses;Duplodnaviria;Heunggongvirae;Uroviricota;Caudoviricetes
genomad_k141_1315854	5254	No terminal repeats	NA	7	11	0.9828	NA	2	9.8279	Viruses;Duplodnaviria;Heunggongvirae;Uroviricota;Caudoviricetes
genomad_k141_742841	8518	No terminal repeats	NA	6	11	0.9828	NA	2	9.8270	Viruses;Duplodnaviria;Heunggongvirae;Uroviricota;Caudoviricetes
genomad_k141_1947571	5206	No terminal repeats	NA	10	11	0.9828	NA	6	13.8694	Viruses;Duplodnaviria;Heunggongvirae;Uroviricota;Caudoviricetes
genomad_k141_2750978	4461	No terminal repeats	NA	6	11	0.9828	NA	1	10.2933	Viruses;Duplodnaviria;Heunggongvirae;Uroviricota;Caudoviricetes
genomad_k141_2986840	7411	No terminal repeats	NA	12	11	0.9828	NA	2	20.4303	Viruses;Duplodnaviria;Heunggongvirae;Uroviricota;Caudoviricetes
genomad_k141_2262381	5277	No terminal repeats	NA	7	11	0.9828	NA	0	10.2496	Viruses;Duplodnaviria;Heunggongvirae;Uroviricota;Caudoviricetes
genomad_k141_484561	5555	No terminal repeats	NA	6	11	0.9828	NA	0	10.2066	Viruses;Duplodnaviria;Heunggongvirae;Uroviricota;Caudoviricetes
genomad_k141_3288355	6655	No terminal repeats	NA	5	11	0.9827	NA	1	8.1465	Viruses;Duplodnaviria;Heunggongvirae;Uroviricota;Caudoviricetes
genomad_k141_699260	8857	No terminal repeats	NA	10	11	0.9827	NA	3	17.1828	Viruses;Duplodnaviria;Heunggongvirae;Uroviricota;Caudoviricetes
genomad_k141_65768	9745	No terminal repeats	NA	14	11	0.9827	NA	1	20.5892	Viruses;Duplodnaviria;Heunggongvirae;Uroviricota;Caudoviricetes
genomad_k141_2410202	15826	No terminal repeats	NA	14	11	0.9827	NA	8	22.4207	Viruses;Duplodnaviria;Heunggongvirae;Uroviricota;Caudoviricetes
genomad_k141_1802921	6883	No terminal repeats	NA	9	11	0.9827	NA	2	15.2442	Viruses;Duplodnaviria;Heunggongvirae;Uroviricota;Caudoviricetes
genomad_k141_979878	5133	No terminal repeats	NA	5	15	0.9827	NA	1	8.0053	Viruses;Duplodnaviria;Heunggongvirae;Uroviricota;Caudoviricetes
genomad_k141_1083015	5333	No terminal repeats	NA	6	11	0.9827	NA	2	10.3097	Viruses;Duplodnaviria;Heunggongvirae;Uroviricota;Caudoviricetes
genomad_k141_3532699	9868	No terminal repeats	NA	16	11	0.9827	NA	5	25.0329	Viruses;Duplodnaviria;Heunggongvirae;Uroviricota;Caudoviricetes
genomad_k141_847128	8265	No terminal repeats	NA	6	11	0.9827	NA	0	10.3087	Viruses;Duplodnaviria;Heunggongvirae;Uroviricota;Caudoviricetes
genomad_k141_313555	4182	No terminal repeats	NA	7	11	0.9827	NA	1	11.9745	Viruses;Duplodnaviria;Heunggongvirae;Uroviricota;Caudoviricetes
genomad_k141_2878991	7892	No terminal repeats	NA	12	11	0.9827	NA	7	16.9309	Viruses;Duplodnaviria;Heunggongvirae;Uroviricota;Caudoviricetes
genomad_k141_1560630	4223	No terminal repeats	NA	7	11	0.9827	NA	0	8.3152	Viruses;Duplodnaviria;Heunggongvirae;Uroviricota;Caudoviricetes
genomad_k141_606908	4640	No terminal repeats	NA	6	11	0.9827	NA	2	9.9549	Viruses;Duplodnaviria;Heunggongvirae;Uroviricota;Caudoviricetes
genomad_k141_2774380	6516	No terminal repeats	NA	12	11	0.9827	NA	1	17.7758	Viruses;Duplodnaviria;Heunggongvirae;Uroviricota;Caudoviricetes
genomad_k141_3042986	4102	No terminal repeats	NA	5	11	0.9827	NA	1	8.5914	Viruses;Duplodnaviria;Heunggongvirae;Uroviricota;Caudoviricetes;Zobellviridae
genomad_k141_3762385	9827	No terminal repeats	NA	12	11	0.9827	NA	3	18.4821	Viruses;Duplodnaviria;Heunggongvirae;Uroviricota;Caudoviricetes
genomad_k141_66479	4788	No terminal repeats	NA	5	11	0.9827	NA	0	8.5653	Unclassified
genomad_k141_512322	6016	No terminal repeats	NA	7	11	0.9827	NA	4	8.1958	Viruses;Duplodnaviria;Heunggongvirae;Uroviricota;Caudoviricetes
genomad_k141_1396414	5567	No terminal repeats	NA	9	11	0.9827	NA	1	11.7957	Viruses;Duplodnaviria;Heunggongvirae;Uroviricota;Caudoviricetes
genomad_k141_773266	5351	No terminal repeats	NA	13	11	0.9827	NA	1	12.9870	Viruses;Duplodnaviria;Heunggongvirae;Uroviricota;Caudoviricetes
genomad_k141_3771221	6050	No terminal repeats	NA	10	11	0.9827	NA	1	13.3579	Viruses;Duplodnaviria;Heunggongvirae;Uroviricota;Caudoviricetes
genomad_k141_2722428	5065	No terminal repeats	NA	7	11	0.9827	NA	1	10.2403	Viruses;Duplodnaviria;Heunggongvirae;Uroviricota;Caudoviricetes
genomad_k141_1376987	5793	No terminal repeats	NA	5	11	0.9827	NA	0	7.4017	Viruses;Duplodnaviria;Heunggongvirae;Uroviricota;Caudoviricetes
genomad_k141_1608490	8346	No terminal repeats	NA	10	11	0.9827	NA	1	11.2751	Viruses;Duplodnaviria;Heunggongvirae;Uroviricota;Caudoviricetes
genomad_k141_2266936	3672	No terminal repeats	NA	4	11	0.9827	NA	1	6.6581	Viruses;Duplodnaviria;Heunggongvirae;Uroviricota;Caudoviricetes
genomad_k141_1701629	7900	No terminal repeats	NA	10	11	0.9827	NA	0	15.1359	Viruses;Duplodnaviria;Heunggongvirae;Uroviricota;Caudoviricetes;Kyanoviridae
genomad_k141_394621	4300	No terminal repeats	NA	8	11	0.9827	NA	1	12.4343	Viruses;Duplodnaviria;Heunggongvirae;Uroviricota;Caudoviricetes
genomad_k141_3602507	4991	No terminal repeats	NA	11	11	0.9827	NA	1	15.4898	Viruses;Duplodnaviria;Heunggongvirae;Uroviricota;Caudoviricetes
genomad_k141_2405429	7904	No terminal repeats	NA	13	11	0.9827	NA	2	14.4428	Viruses;Duplodnaviria;Heunggongvirae;Uroviricota;Caudoviricetes
genomad_k141_2863568	7337	No terminal repeats	NA	7	11	0.9827	NA	0	9.1725	Viruses;Duplodnaviria;Heunggongvirae;Uroviricota;Caudoviricetes
genomad_k141_3238244	6556	No terminal repeats	NA	15	11	0.9827	NA	2	16.3867	Viruses;Duplodnaviria;Heunggongvirae;Uroviricota;Caudoviricetes
genomad_k141_2248660	8425	No terminal repeats	NA	12	11	0.9827	NA	2	14.7055	Viruses;Duplodnaviria;Heunggongvirae;Uroviricota;Caudoviricetes
genomad_k141_633567	6228	No terminal repeats	NA	13	11	0.9827	NA	0	13.7618	Viruses;Duplodnaviria;Heunggongvirae;Uroviricota;Caudoviricetes
genomad_k141_161796	7739	No terminal repeats	NA	13	11	0.9827	NA	2	18.5125	Viruses;Duplodnaviria;Heunggongvirae;Uroviricota;Caudoviricetes
genomad_k141_1435887	4137	No terminal repeats	NA	9	11	0.9827	NA	0	12.6807	Viruses;Duplodnaviria;Heunggongvirae;Uroviricota;Caudoviricetes
genomad_k141_3454806	7053	No terminal repeats	NA	8	11	0.9827	NA	0	11.4985	Viruses;Duplodnaviria;Heunggongvirae;Uroviricota;Caudoviricetes
genomad_k141_1200442	6947	No terminal repeats	NA	12	11	0.9827	NA	0	18.1153	Viruses;Duplodnaviria;Heunggongvirae;Uroviricota;Caudoviricetes
genomad_k141_1332818	8378	No terminal repeats	NA	12	11	0.9827	NA	3	15.1978	Viruses;Duplodnaviria;Heunggongvirae;Uroviricota;Caudoviricetes
genomad_k141_325764	5463	No terminal repeats	NA	7	11	0.9827	NA	4	10.8690	Viruses;Duplodnaviria;Heunggongvirae;Uroviricota;Caudoviricetes
genomad_k141_2539635	3606	No terminal repeats	NA	5	11	0.9827	NA	2	8.0663	Viruses;Duplodnaviria;Heunggongvirae;Uroviricota;Caudoviricetes
genomad_k141_1902496	5458	No terminal repeats	NA	7	11	0.9827	NA	0	10.3087	Viruses;Duplodnaviria;Heunggongvirae;Uroviricota;Caudoviricetes
genomad_k141_1577288	8807	No terminal repeats	NA	10	11	0.9827	NA	0	14.3056	Viruses;Duplodnaviria;Heunggongvirae;Uroviricota;Caudoviricetes
genomad_k141_1665618	7537	No terminal repeats	NA	7	11	0.9827	NA	2	10.2698	Viruses;Duplodnaviria;Heunggongvirae;Uroviricota;Caudoviricetes
genomad_k141_3127246	4584	No terminal repeats	NA	8	11	0.9827	NA	1	11.3978	Viruses;Duplodnaviria;Heunggongvirae;Uroviricota;Caudoviricetes
genomad_k141_1322443	4245	No terminal repeats	NA	8	11	0.9827	NA	1	9.7611	Viruses;Duplodnaviria;Heunggongvirae;Uroviricota;Caudoviricetes
genomad_k141_1718286	4310	No terminal repeats	NA	9	11	0.9827	NA	2	15.2772	Viruses;Duplodnaviria;Heunggongvirae;Uroviricota;Caudoviricetes
genomad_k141_759798	4990	No terminal repeats	NA	5	11	0.9827	NA	1	8.2293	Viruses;Duplodnaviria;Heunggongvirae;Uroviricota;Caudoviricetes
genomad_k141_2085826	5417	No terminal repeats	NA	9	11	0.9827	NA	1	12.7647	Viruses;Duplodnaviria;Heunggongvirae;Uroviricota;Caudoviricetes
genomad_k141_3095313	4777	No terminal repeats	NA	6	11	0.9827	NA	0	8.5914	Viruses;Duplodnaviria;Heunggongvirae;Uroviricota;Caudoviricetes;Zobellviridae
genomad_k141_95428	5486	No terminal repeats	NA	9	11	0.9827	NA	0	10.0531	Viruses;Duplodnaviria;Heunggongvirae;Uroviricota;Caudoviricetes
genomad_k141_2074507	4680	No terminal repeats	NA	9	11	0.9827	NA	1	11.8276	Viruses;Duplodnaviria;Heunggongvirae;Uroviricota;Caudoviricetes
genomad_k141_3515069	6304	No terminal repeats	NA	11	11	0.9827	NA	8	16.6571	Viruses;Duplodnaviria;Heunggongvirae;Uroviricota;Caudoviricetes
genomad_k141_2345196	4007	No terminal repeats	NA	7	11	0.9827	NA	0	10.2808	Viruses;Duplodnaviria;Heunggongvirae;Uroviricota;Caudoviricetes
genomad_k141_91995	7739	No terminal repeats	NA	6	11	0.9826	NA	0	8.5630	Viruses;Duplodnaviria;Heunggongvirae;Uroviricota;Caudoviricetes
genomad_k141_1170865	6449	No terminal repeats	NA	9	11	0.9826	NA	3	11.6104	Viruses;Duplodnaviria;Heunggongvirae;Uroviricota;Caudoviricetes
genomad_k141_252624	4379	No terminal repeats	NA	6	11	0.9826	NA	2	7.9006	Viruses;Duplodnaviria;Heunggongvirae;Uroviricota;Caudoviricetes
genomad_k141_70279	5044	No terminal repeats	NA	6	11	0.9826	NA	0	10.2444	Viruses;Duplodnaviria;Heunggongvirae;Uroviricota;Caudoviricetes
genomad_k141_3703448	7872	No terminal repeats	NA	6	11	0.9826	NA	0	9.5810	Viruses;Duplodnaviria;Heunggongvirae;Uroviricota;Caudoviricetes
genomad_k141_3596718	9798	No terminal repeats	NA	14	11	0.9826	NA	3	15.3481	Viruses;Duplodnaviria;Heunggongvirae;Uroviricota;Caudoviricetes
genomad_k141_3673687	3826	No terminal repeats	NA	11	15	0.9826	NA	0	14.6821	Viruses;Duplodnaviria;Heunggongvirae;Uroviricota;Caudoviricetes
genomad_k141_781835	3882	No terminal repeats	NA	7	11	0.9826	NA	1	11.8406	Viruses;Duplodnaviria;Heunggongvirae;Uroviricota;Caudoviricetes
genomad_k141_1663	8492	No terminal repeats	NA	11	11	0.9826	NA	0	15.4123	Viruses;Duplodnaviria;Heunggongvirae;Uroviricota;Caudoviricetes
genomad_k141_2284704	7052	No terminal repeats	NA	11	11	0.9826	NA	0	16.1550	Viruses;Duplodnaviria;Heunggongvirae;Uroviricota;Caudoviricetes
genomad_k141_2695042	4620	No terminal repeats	NA	12	11	0.9826	NA	2	15.4645	Viruses;Duplodnaviria;Heunggongvirae;Uroviricota;Caudoviricetes
genomad_k141_2602565	4275	No terminal repeats	NA	6	11	0.9826	NA	1	9.8051	Viruses;Duplodnaviria;Heunggongvirae;Uroviricota;Caudoviricetes
genomad_k141_1427057	5509	No terminal repeats	NA	11	11	0.9826	NA	2	18.2705	Viruses;Duplodnaviria;Heunggongvirae;Uroviricota;Caudoviricetes
genomad_k141_1550172	5994	No terminal repeats	NA	8	11	0.9826	NA	4	11.1403	Viruses;Duplodnaviria;Heunggongvirae;Uroviricota;Caudoviricetes
genomad_k141_2668997	4097	No terminal repeats	NA	6	11	0.9826	NA	0	9.5727	Viruses;Duplodnaviria;Heunggongvirae;Uroviricota;Caudoviricetes
genomad_k141_2301323	4620	No terminal repeats	NA	5	11	0.9826	NA	2	8.2676	Viruses;Duplodnaviria;Heunggongvirae;Uroviricota;Caudoviricetes
genomad_k141_603725	6074	No terminal repeats	NA	8	11	0.9826	NA	1	11.0744	Viruses;Duplodnaviria;Heunggongvirae;Uroviricota;Caudoviricetes
genomad_k141_1788844	5967	No terminal repeats	NA	6	11	0.9826	NA	3	9.0167	Viruses;Duplodnaviria;Heunggongvirae;Uroviricota;Caudoviricetes
genomad_k141_2201932	6482	No terminal repeats	NA	14	11	0.9826	NA	1	18.8993	Viruses;Duplodnaviria;Heunggongvirae;Uroviricota;Caudoviricetes
genomad_k141_1424489	6630	No terminal repeats	NA	7	11	0.9826	NA	2	9.9193	Viruses;Duplodnaviria;Heunggongvirae;Uroviricota;Caudoviricetes
genomad_k141_667191	4689	No terminal repeats	NA	10	11	0.9826	NA	2	15.0808	Viruses;Duplodnaviria;Heunggongvirae;Uroviricota;Caudoviricetes
genomad_k141_2541354	8499	No terminal repeats	NA	7	11	0.9826	NA	1	10.3097	Viruses;Duplodnaviria;Heunggongvirae;Uroviricota;Caudoviricetes
genomad_k141_3229864	8466	No terminal repeats	NA	5	11	0.9826	NA	1	7.9862	Viruses;Duplodnaviria;Heunggongvirae;Uroviricota;Caudoviricetes;Zobellviridae
genomad_k141_128560	9636	No terminal repeats	NA	9	11	0.9826	NA	0	10.1962	Viruses;Duplodnaviria;Heunggongvirae;Uroviricota;Caudoviricetes
genomad_k141_16236	7936	No terminal repeats	NA	14	11	0.9826	NA	0	17.2563	Viruses;Duplodnaviria;Heunggongvirae;Uroviricota;Caudoviricetes
genomad_k141_2469818	4839	No terminal repeats	NA	7	11	0.9826	NA	2	9.7980	Viruses;Duplodnaviria;Heunggongvirae;Uroviricota;Caudoviricetes
genomad_k141_2105624	4537	No terminal repeats	NA	8	11	0.9826	NA	1	13.1980	Viruses;Duplodnaviria;Heunggongvirae;Uroviricota;Caudoviricetes
genomad_k141_1696345	9465	No terminal repeats	NA	10	11	0.9826	NA	2	13.3358	Viruses;Duplodnaviria;Heunggongvirae;Uroviricota;Caudoviricetes
genomad_k141_429769	5783	No terminal repeats	NA	13	11	0.9826	NA	1	15.8268	Viruses;Duplodnaviria;Heunggongvirae;Uroviricota;Caudoviricetes
genomad_k141_832110	5099	No terminal repeats	NA	5	11	0.9826	NA	0	6.8731	Viruses;Duplodnaviria;Heunggongvirae;Uroviricota;Caudoviricetes
genomad_k141_269597	5411	No terminal repeats	NA	9	11	0.9826	NA	6	12.2072	Viruses;Duplodnaviria;Heunggongvirae;Uroviricota;Caudoviricetes
genomad_k141_253013	6525	No terminal repeats	NA	8	11	0.9826	NA	0	12.1900	Viruses;Duplodnaviria;Heunggongvirae;Uroviricota;Caudoviricetes
genomad_k141_2525	5720	No terminal repeats	NA	9	11	0.9826	NA	0	15.4533	Viruses;Duplodnaviria;Heunggongvirae;Uroviricota;Caudoviricetes
genomad_k141_952138	5284	No terminal repeats	NA	11	11	0.9826	NA	0	13.4427	Viruses;Duplodnaviria;Heunggongvirae;Uroviricota;Caudoviricetes
genomad_k141_600431	4552	No terminal repeats	NA	10	11	0.9826	NA	4	12.5330	Viruses;Duplodnaviria;Heunggongvirae;Uroviricota;Caudoviricetes
genomad_k141_325710	4497	No terminal repeats	NA	7	11	0.9826	NA	4	11.0664	Viruses;Duplodnaviria;Heunggongvirae;Uroviricota;Caudoviricetes
genomad_k141_2919988	3504	No terminal repeats	NA	6	11	0.9826	NA	0	9.6311	Viruses;Duplodnaviria;Heunggongvirae;Uroviricota;Caudoviricetes
genomad_k141_716680	6722	No terminal repeats	NA	9	11	0.9826	NA	3	14.8618	Viruses;Duplodnaviria;Heunggongvirae;Uroviricota;Caudoviricetes
genomad_k141_299618	4759	No terminal repeats	NA	10	11	0.9826	NA	0	12.7913	Viruses;Duplodnaviria;Heunggongvirae;Uroviricota;Caudoviricetes
genomad_k141_1325636	8300	No terminal repeats	NA	10	11	0.9826	NA	2	17.1828	Viruses;Duplodnaviria;Heunggongvirae;Uroviricota;Caudoviricetes
genomad_k141_2740132	6450	No terminal repeats	NA	8	11	0.9826	NA	2	12.4345	Viruses;Duplodnaviria;Heunggongvirae;Uroviricota;Caudoviricetes
genomad_k141_3047118	19580	No terminal repeats	NA	25	11	0.9826	NA	10	29.9987	Viruses;Duplodnaviria;Heunggongvirae;Uroviricota;Caudoviricetes
genomad_k141_3700951	8638	No terminal repeats	NA	9	11	0.9826	NA	1	13.4912	Viruses;Duplodnaviria;Heunggongvirae;Uroviricota;Caudoviricetes
genomad_k141_1272725	8765	No terminal repeats	NA	7	11	0.9826	NA	0	10.3567	Viruses;Duplodnaviria;Heunggongvirae;Uroviricota;Caudoviricetes
genomad_k141_118870	5350	No terminal repeats	NA	7	11	0.9826	NA	3	9.2329	Viruses;Duplodnaviria;Heunggongvirae;Uroviricota;Caudoviricetes
genomad_k141_3791009	8221	No terminal repeats	NA	7	11	0.9826	NA	3	10.4664	Viruses;Duplodnaviria;Heunggongvirae;Uroviricota;Caudoviricetes
genomad_k141_1074201	5032	No terminal repeats	NA	7	11	0.9825	NA	0	7.9102	Viruses;Duplodnaviria;Heunggongvirae;Uroviricota;Caudoviricetes
genomad_k141_661955	6644	No terminal repeats	NA	8	11	0.9825	NA	1	13.5635	Viruses;Duplodnaviria;Heunggongvirae;Uroviricota;Caudoviricetes
genomad_k141_3266052	4136	No terminal repeats	NA	9	11	0.9825	NA	1	12.9632	Viruses;Duplodnaviria;Heunggongvirae;Uroviricota;Caudoviricetes
genomad_k141_1469020	2470	No terminal repeats	NA	4	11	0.9825	NA	2	6.8731	Viruses;Duplodnaviria;Heunggongvirae;Uroviricota;Caudoviricetes
genomad_k141_543474	5304	No terminal repeats	NA	6	11	0.9825	NA	1	10.3071	Viruses;Duplodnaviria;Heunggongvirae;Uroviricota;Caudoviricetes
genomad_k141_1843969	8075	No terminal repeats	NA	9	11	0.9825	NA	2	13.5269	Viruses;Duplodnaviria;Heunggongvirae;Uroviricota;Caudoviricetes
genomad_k141_3014219	8209	No terminal repeats	NA	12	11	0.9825	NA	4	14.4007	Viruses;Duplodnaviria;Heunggongvirae;Uroviricota;Caudoviricetes
genomad_k141_3111281	5397	No terminal repeats	NA	6	11	0.9825	NA	0	9.8923	Viruses;Duplodnaviria;Heunggongvirae;Uroviricota;Caudoviricetes
genomad_k141_414837	5248	No terminal repeats	NA	5	11	0.9825	NA	0	6.8731	Viruses;Duplodnaviria;Heunggongvirae;Uroviricota;Caudoviricetes
genomad_k141_344770	5900	No terminal repeats	NA	9	11	0.9825	NA	3	11.6238	Viruses;Duplodnaviria;Heunggongvirae;Uroviricota;Caudoviricetes
genomad_k141_2986925	4443	No terminal repeats	NA	6	11	0.9825	NA	3	8.5914	Viruses;Duplodnaviria;Heunggongvirae;Uroviricota;Caudoviricetes
genomad_k141_2809723	4788	No terminal repeats	NA	7	11	0.9825	NA	1	10.2984	Viruses;Duplodnaviria;Heunggongvirae;Uroviricota;Caudoviricetes
genomad_k141_594407	5435	No terminal repeats	NA	5	11	0.9825	NA	2	8.5904	Viruses;Duplodnaviria;Heunggongvirae;Uroviricota;Caudoviricetes
genomad_k141_3107669	6599	No terminal repeats	NA	7	11	0.9825	NA	0	11.2645	Viruses;Duplodnaviria;Heunggongvirae;Uroviricota;Caudoviricetes
genomad_k141_603348	4978	No terminal repeats	NA	8	11	0.9825	NA	1	11.6629	Viruses;Duplodnaviria;Heunggongvirae;Uroviricota;Caudoviricetes
genomad_k141_1965587	5591	No terminal repeats	NA	6	11	0.9825	NA	1	8.1524	Viruses;Duplodnaviria;Heunggongvirae;Uroviricota;Caudoviricetes
genomad_k141_212712	3848	No terminal repeats	NA	5	11	0.9825	NA	2	8.3220	Viruses;Duplodnaviria;Heunggongvirae;Uroviricota;Caudoviricetes
genomad_k141_2388872	34945	No terminal repeats	NA	42	11	0.9825	NA	3	56.0031	Viruses;Duplodnaviria;Heunggongvirae;Uroviricota;Caudoviricetes
genomad_k141_1425588	4883	No terminal repeats	NA	5	11	0.9825	NA	3	6.2317	Viruses;Duplodnaviria;Heunggongvirae;Uroviricota;Caudoviricetes
genomad_k141_2157951	33031	No terminal repeats	NA	43	11	0.9825	NA	5	58.2150	Viruses;Duplodnaviria;Heunggongvirae;Uroviricota;Caudoviricetes
genomad_k141_2815246	5112	No terminal repeats	NA	9	11	0.9825	NA	2	13.7391	Viruses;Duplodnaviria;Heunggongvirae;Uroviricota;Caudoviricetes
genomad_k141_1749645	6109	No terminal repeats	NA	7	11	0.9825	NA	3	12.0122	Viruses;Duplodnaviria;Heunggongvirae;Uroviricota;Caudoviricetes
genomad_k141_2928512	7749	No terminal repeats	NA	8	11	0.9825	NA	2	10.2939	Viruses;Duplodnaviria;Heunggongvirae;Uroviricota;Caudoviricetes
genomad_k141_2146803	5174	No terminal repeats	NA	10	11	0.9825	NA	0	11.1079	Viruses;Duplodnaviria;Heunggongvirae;Uroviricota;Caudoviricetes
genomad_k141_1225145	3583	No terminal repeats	NA	5	11	0.9825	NA	0	6.8471	Viruses;Duplodnaviria;Heunggongvirae;Uroviricota;Caudoviricetes
genomad_k141_1845733	4835	No terminal repeats	NA	9	11	0.9825	NA	4	15.4195	Viruses;Duplodnaviria;Heunggongvirae;Uroviricota;Caudoviricetes
genomad_k141_2420673	5566	No terminal repeats	NA	5	11	0.9825	NA	1	8.5890	Viruses;Duplodnaviria;Heunggongvirae;Uroviricota;Caudoviricetes
genomad_k141_1754492	3945	No terminal repeats	NA	5	11	0.9825	NA	0	8.5611	Viruses;Duplodnaviria;Heunggongvirae;Uroviricota;Caudoviricetes
genomad_k141_1154443	5042	No terminal repeats	NA	5	11	0.9825	NA	1	8.4606	Viruses;Duplodnaviria;Heunggongvirae;Uroviricota;Caudoviricetes
genomad_k141_1716141	6707	No terminal repeats	NA	7	11	0.9825	NA	4	9.8346	Viruses;Duplodnaviria;Heunggongvirae;Uroviricota;Caudoviricetes
genomad_k141_2202234	6823	No terminal repeats	NA	10	11	0.9825	NA	1	14.6680	Viruses;Duplodnaviria;Heunggongvirae;Uroviricota;Caudoviricetes
genomad_k141_1462216	7811	No terminal repeats	NA	13	11	0.9825	NA	0	20.0882	Viruses;Duplodnaviria;Heunggongvirae;Uroviricota;Caudoviricetes
genomad_k141_799382	3526	No terminal repeats	NA	8	11	0.9825	NA	2	13.7396	Viruses;Duplodnaviria;Heunggongvirae;Uroviricota;Caudoviricetes
genomad_k141_2568379	4135	No terminal repeats	NA	8	11	0.9825	NA	0	11.7918	Viruses;Duplodnaviria;Heunggongvirae;Uroviricota;Caudoviricetes
genomad_k141_2607356	5140	No terminal repeats	NA	9	11	0.9825	NA	0	13.4818	Viruses;Duplodnaviria;Heunggongvirae;Uroviricota;Caudoviricetes
genomad_k141_3097052	8562	No terminal repeats	NA	13	11	0.9825	NA	2	18.1365	Viruses;Duplodnaviria;Heunggongvirae;Uroviricota;Caudoviricetes
genomad_k141_1429920	7841	No terminal repeats	NA	9	11	0.9825	NA	0	13.4325	Viruses;Duplodnaviria;Heunggongvirae;Uroviricota;Caudoviricetes
genomad_k141_743080	3618	No terminal repeats	NA	7	11	0.9825	NA	2	8.5726	Viruses;Duplodnaviria;Heunggongvirae;Uroviricota;Caudoviricetes
genomad_k141_1287897	4423	No terminal repeats	NA	9	11	0.9825	NA	3	15.4645	Viruses;Duplodnaviria;Heunggongvirae;Uroviricota;Caudoviricetes
genomad_k141_1444679	6528	No terminal repeats	NA	13	11	0.9825	NA	2	17.1402	Viruses;Duplodnaviria;Heunggongvirae;Uroviricota;Caudoviricetes
genomad_k141_1564040	5918	No terminal repeats	NA	12	11	0.9825	NA	4	16.0414	Viruses;Duplodnaviria;Heunggongvirae;Uroviricota;Caudoviricetes
genomad_k141_40424	43478	DTR	NA	52	11	0.9825	NA	7	43.6891	Viruses;Duplodnaviria;Heunggongvirae;Uroviricota;Caudoviricetes;Autographiviridae
genomad_k141_3214346	34479	No terminal repeats	NA	57	11	0.9825	NA	1	44.1445	Viruses;Duplodnaviria;Heunggongvirae;Uroviricota;Caudoviricetes
genomad_k141_3234360	6875	No terminal repeats	NA	8	11	0.9825	NA	0	11.5123	Viruses;Duplodnaviria;Heunggongvirae;Uroviricota;Caudoviricetes
genomad_k141_534424	4098	No terminal repeats	NA	8	11	0.9825	NA	0	11.9920	Viruses;Duplodnaviria;Heunggongvirae;Uroviricota;Caudoviricetes
genomad_k141_2266230	5683	No terminal repeats	NA	10	11	0.9825	NA	0	12.5038	Viruses;Duplodnaviria;Heunggongvirae;Uroviricota;Caudoviricetes
genomad_k141_154565	5715	No terminal repeats	NA	9	11	0.9825	NA	2	10.9950	Viruses;Duplodnaviria;Heunggongvirae;Uroviricota;Caudoviricetes
genomad_k141_2741175	5780	No terminal repeats	NA	7	11	0.9825	NA	2	11.4991	Viruses;Duplodnaviria;Heunggongvirae;Uroviricota;Caudoviricetes
genomad_k141_1956609	3810	No terminal repeats	NA	8	11	0.9825	NA	1	10.1208	Viruses;Duplodnaviria;Heunggongvirae;Uroviricota;Caudoviricetes;Straboviridae
genomad_k141_1317997	4567	No terminal repeats	NA	5	11	0.9825	NA	1	7.7924	Viruses;Duplodnaviria;Heunggongvirae;Uroviricota;Caudoviricetes
genomad_k141_3028472	5052	No terminal repeats	NA	9	11	0.9825	NA	0	13.1990	Viruses;Duplodnaviria;Heunggongvirae;Uroviricota;Caudoviricetes
genomad_k141_821877	4736	No terminal repeats	NA	7	11	0.9825	NA	3	11.7031	Viruses;Duplodnaviria;Heunggongvirae;Uroviricota;Caudoviricetes
genomad_k141_1263299	7830	No terminal repeats	NA	12	11	0.9825	NA	2	13.7279	Viruses;Duplodnaviria;Heunggongvirae;Uroviricota;Caudoviricetes
genomad_k141_80112	5280	No terminal repeats	NA	7	11	0.9824	NA	3	7.6827	Viruses;Duplodnaviria;Heunggongvirae;Uroviricota;Caudoviricetes
genomad_k141_2348873	5009	No terminal repeats	NA	6	11	0.9824	NA	0	8.2100	Viruses;Duplodnaviria;Heunggongvirae;Uroviricota;Caudoviricetes
genomad_k141_660139	6564	No terminal repeats	NA	12	11	0.9824	NA	0	12.4322	Viruses;Duplodnaviria;Heunggongvirae;Uroviricota;Caudoviricetes
genomad_k141_1725870	4137	No terminal repeats	NA	5	11	0.9824	NA	1	6.8634	Viruses;Duplodnaviria;Heunggongvirae;Uroviricota;Caudoviricetes
genomad_k141_2463682	4813	No terminal repeats	NA	14	11	0.9824	NA	4	17.5631	Viruses;Duplodnaviria;Heunggongvirae;Uroviricota;Caudoviricetes
genomad_k141_150174	5972	No terminal repeats	NA	8	11	0.9824	NA	4	13.7463	Viruses;Duplodnaviria;Heunggongvirae;Uroviricota;Caudoviricetes
genomad_k141_237934	7485	No terminal repeats	NA	6	11	0.9824	NA	0	7.3855	Viruses;Duplodnaviria;Heunggongvirae;Uroviricota;Caudoviricetes
genomad_k141_1136433	8128	No terminal repeats	NA	11	11	0.9824	NA	3	13.9647	Viruses;Duplodnaviria;Heunggongvirae;Uroviricota;Caudoviricetes
genomad_k141_1188814	3818	No terminal repeats	NA	11	11	0.9824	NA	0	12.5179	Viruses;Duplodnaviria;Heunggongvirae;Uroviricota;Caudoviricetes
genomad_k141_2485630	3715	No terminal repeats	NA	10	11	0.9824	NA	0	13.4747	Viruses;Duplodnaviria;Heunggongvirae;Uroviricota;Caudoviricetes
genomad_k141_1860299	7056	No terminal repeats	NA	8	11	0.9824	NA	0	10.2082	Viruses;Duplodnaviria;Heunggongvirae;Uroviricota;Caudoviricetes
genomad_k141_884131	5603	No terminal repeats	NA	9	11	0.9824	NA	6	12.8911	Viruses;Duplodnaviria;Heunggongvirae;Uroviricota;Caudoviricetes
genomad_k141_3340762	4513	No terminal repeats	NA	7	11	0.9824	NA	3	9.5023	Viruses;Duplodnaviria;Heunggongvirae;Uroviricota;Caudoviricetes
genomad_k141_3034270	9805	No terminal repeats	NA	17	11	0.9824	NA	4	21.0500	Viruses;Duplodnaviria;Heunggongvirae;Uroviricota;Caudoviricetes
genomad_k141_2422918	4573	No terminal repeats	NA	5	11	0.9824	NA	0	6.8721	Viruses;Duplodnaviria;Heunggongvirae;Uroviricota;Caudoviricetes
genomad_k141_3420439	3728	No terminal repeats	NA	6	11	0.9824	NA	1	9.5767	Viruses;Duplodnaviria;Heunggongvirae;Uroviricota;Caudoviricetes
genomad_k141_1727069	6347	No terminal repeats	NA	5	11	0.9824	NA	0	8.5893	Viruses;Duplodnaviria;Heunggongvirae;Uroviricota;Caudoviricetes
genomad_k141_583534	6042	No terminal repeats	NA	10	11	0.9824	NA	0	15.4579	Viruses;Duplodnaviria;Heunggongvirae;Uroviricota;Caudoviricetes
genomad_k141_2669493	8187	No terminal repeats	NA	14	11	0.9824	NA	3	15.9537	Viruses;Duplodnaviria;Heunggongvirae;Uroviricota;Caudoviricetes
genomad_k141_3439303	5190	No terminal repeats	NA	7	11	0.9824	NA	2	8.2440	Viruses;Duplodnaviria;Heunggongvirae;Uroviricota;Caudoviricetes
genomad_k141_3756818	3822	No terminal repeats	NA	9	11	0.9824	NA	1	12.7593	Viruses;Duplodnaviria;Heunggongvirae;Uroviricota;Caudoviricetes
genomad_k141_1501979	5378	No terminal repeats	NA	5	11	0.9824	NA	1	8.1309	Viruses;Duplodnaviria;Heunggongvirae;Uroviricota;Caudoviricetes
genomad_k141_434876	4297	No terminal repeats	NA	8	11	0.9824	NA	0	11.1129	Viruses;Duplodnaviria;Heunggongvirae;Uroviricota;Caudoviricetes
genomad_k141_3407599	35106	No terminal repeats	NA	39	11	0.9824	NA	4	51.4681	Viruses;Duplodnaviria;Heunggongvirae;Uroviricota;Caudoviricetes
genomad_k141_2355059	5035	No terminal repeats	NA	6	11	0.9824	NA	1	9.5576	Viruses;Duplodnaviria;Heunggongvirae;Uroviricota;Caudoviricetes
genomad_k141_1398	4427	No terminal repeats	NA	7	11	0.9824	NA	1	11.4832	Viruses;Duplodnaviria;Heunggongvirae;Uroviricota;Caudoviricetes
genomad_k141_178466	5426	No terminal repeats	NA	9	11	0.9824	NA	4	14.7811	Viruses;Duplodnaviria;Heunggongvirae;Uroviricota;Caudoviricetes
genomad_k141_3110897	7936	No terminal repeats	NA	7	11	0.9824	NA	0	12.0269	Viruses;Duplodnaviria;Heunggongvirae;Uroviricota;Caudoviricetes
genomad_k141_2374030	5895	No terminal repeats	NA	12	15	0.9824	NA	0	19.6596	Viruses;Duplodnaviria;Heunggongvirae;Uroviricota;Caudoviricetes
genomad_k141_1197032	5243	No terminal repeats	NA	4	11	0.9824	NA	3	6.6311	Viruses;Duplodnaviria;Heunggongvirae;Uroviricota;Caudoviricetes
genomad_k141_2855975	4162	No terminal repeats	NA	6	11	0.9824	NA	0	7.8478	Viruses;Duplodnaviria;Heunggongvirae;Uroviricota;Caudoviricetes
genomad_k141_291991	4533	No terminal repeats	NA	5	11	0.9824	NA	0	8.5642	Viruses;Duplodnaviria;Heunggongvirae;Uroviricota;Caudoviricetes
genomad_k141_3463497	3716	No terminal repeats	NA	7	11	0.9824	NA	2	11.6153	Viruses;Duplodnaviria;Heunggongvirae;Uroviricota;Caudoviricetes
genomad_k141_54159	9525	No terminal repeats	NA	13	11	0.9824	NA	7	18.1501	Viruses;Duplodnaviria;Heunggongvirae;Uroviricota;Caudoviricetes
genomad_k141_2996627	5173	No terminal repeats	NA	11	11	0.9824	NA	2	16.2175	Viruses;Duplodnaviria;Heunggongvirae;Uroviricota;Caudoviricetes
genomad_k141_2141219	6700	No terminal repeats	NA	17	11	0.9824	NA	0	19.8680	Viruses;Duplodnaviria;Heunggongvirae;Uroviricota;Caudoviricetes
genomad_k141_1849626	6423	No terminal repeats	NA	11	11	0.9824	NA	2	11.3097	Viruses;Duplodnaviria;Heunggongvirae;Uroviricota;Caudoviricetes
genomad_k141_1625785	4599	No terminal repeats	NA	11	11	0.9824	NA	1	14.5512	Viruses;Duplodnaviria;Heunggongvirae;Uroviricota;Caudoviricetes
genomad_k141_1024628	5197	No terminal repeats	NA	14	11	0.9824	NA	0	15.2183	Viruses;Duplodnaviria;Heunggongvirae;Uroviricota;Caudoviricetes
genomad_k141_1671343	3701	No terminal repeats	NA	5	11	0.9824	NA	3	6.4541	Viruses;Duplodnaviria;Heunggongvirae;Uroviricota;Caudoviricetes
genomad_k141_3372245	4378	No terminal repeats	NA	5	11	0.9824	NA	1	7.9296	Viruses;Duplodnaviria;Heunggongvirae;Uroviricota;Caudoviricetes
genomad_k141_3203599	4681	No terminal repeats	NA	8	11	0.9824	NA	2	11.4794	Viruses;Duplodnaviria;Heunggongvirae;Uroviricota;Caudoviricetes
genomad_k141_355630	8091	No terminal repeats	NA	10	11	0.9824	NA	2	11.4332	Viruses;Duplodnaviria;Heunggongvirae;Uroviricota;Caudoviricetes
genomad_k141_552506	7170	No terminal repeats	NA	6	15	0.9824	NA	0	6.8731	Viruses;Duplodnaviria;Heunggongvirae;Uroviricota;Caudoviricetes
genomad_k141_462867	3969	No terminal repeats	NA	7	11	0.9824	NA	3	8.3545	Viruses;Duplodnaviria;Heunggongvirae;Uroviricota;Caudoviricetes
genomad_k141_2073798	6233	No terminal repeats	NA	16	11	0.9824	NA	1	11.5446	Viruses;Duplodnaviria;Heunggongvirae;Uroviricota;Caudoviricetes
genomad_k141_2328917	5355	No terminal repeats	NA	6	11	0.9824	NA	1	8.3250	Viruses;Duplodnaviria;Heunggongvirae;Uroviricota;Caudoviricetes
genomad_k141_2497964	8054	No terminal repeats	NA	11	11	0.9824	NA	4	13.9142	Viruses;Duplodnaviria;Heunggongvirae;Uroviricota;Caudoviricetes
genomad_k141_2677897	6219	No terminal repeats	NA	5	11	0.9823	NA	0	8.4239	Viruses;Duplodnaviria;Heunggongvirae;Uroviricota;Caudoviricetes
genomad_k141_3312268	4741	No terminal repeats	NA	9	11	0.9823	NA	0	13.4015	Viruses;Duplodnaviria;Heunggongvirae;Uroviricota;Caudoviricetes
genomad_k141_1316342	6759	No terminal repeats	NA	12	11	0.9823	NA	0	11.7160	Viruses;Duplodnaviria;Heunggongvirae;Uroviricota;Caudoviricetes
genomad_k141_1908977	5047	No terminal repeats	NA	7	11	0.9823	NA	1	8.2885	Viruses;Duplodnaviria;Heunggongvirae;Uroviricota;Caudoviricetes
genomad_k141_1851453	7701	No terminal repeats	NA	10	11	0.9823	NA	0	11.0137	Viruses;Duplodnaviria;Heunggongvirae;Uroviricota;Caudoviricetes
genomad_k141_3176019	3862	No terminal repeats	NA	5	11	0.9823	NA	1	8.1831	Viruses;Duplodnaviria;Heunggongvirae;Uroviricota;Caudoviricetes
genomad_k141_2042451	4518	No terminal repeats	NA	6	11	0.9823	NA	2	8.5914	Viruses;Duplodnaviria;Heunggongvirae;Uroviricota;Caudoviricetes
genomad_k141_1886610	7940	No terminal repeats	NA	9	11	0.9823	NA	4	13.3914	Viruses;Duplodnaviria;Heunggongvirae;Uroviricota;Caudoviricetes
genomad_k141_3068372	5805	No terminal repeats	NA	14	11	0.9823	NA	2	22.2792	Viruses;Duplodnaviria;Heunggongvirae;Uroviricota;Caudoviricetes
genomad_k141_3228572	8539	No terminal repeats	NA	14	11	0.9823	NA	5	16.4704	Viruses;Duplodnaviria;Heunggongvirae;Uroviricota;Caudoviricetes
genomad_k141_242578	7801	No terminal repeats	NA	13	11	0.9823	NA	3	16.9990	Viruses;Duplodnaviria;Heunggongvirae;Uroviricota;Caudoviricetes
genomad_k141_1779948	5848	No terminal repeats	NA	13	11	0.9823	NA	0	12.0144	Viruses;Duplodnaviria;Heunggongvirae;Uroviricota;Caudoviricetes
genomad_k141_3158653	7353	No terminal repeats	NA	17	11	0.9823	NA	1	16.0568	Viruses;Duplodnaviria;Heunggongvirae;Uroviricota;Caudoviricetes
genomad_k141_3694261	7305	No terminal repeats	NA	10	11	0.9823	NA	2	11.8193	Viruses;Duplodnaviria;Heunggongvirae;Uroviricota;Caudoviricetes
genomad_k141_2387289	3856	No terminal repeats	NA	9	11	0.9823	NA	0	10.3097	Viruses;Duplodnaviria;Heunggongvirae;Uroviricota;Caudoviricetes
genomad_k141_296162	5216	No terminal repeats	NA	6	15	0.9823	NA	0	6.8665	Viruses;Duplodnaviria;Heunggongvirae;Uroviricota;Caudoviricetes
genomad_k141_1374432	4844	No terminal repeats	NA	6	11	0.9823	NA	0	9.3145	Viruses;Duplodnaviria;Heunggongvirae;Uroviricota;Caudoviricetes
genomad_k141_2359148	4273	No terminal repeats	NA	10	11	0.9823	NA	1	15.4645	Viruses;Duplodnaviria;Heunggongvirae;Uroviricota;Caudoviricetes
genomad_k141_2226289	5028	No terminal repeats	NA	9	11	0.9823	NA	0	13.1423	Viruses;Duplodnaviria;Heunggongvirae;Uroviricota;Caudoviricetes
genomad_k141_835057	3721	No terminal repeats	NA	5	11	0.9823	NA	0	8.5914	Viruses;Duplodnaviria;Heunggongvirae;Uroviricota;Caudoviricetes
genomad_k141_3578436	4637	No terminal repeats	NA	6	11	0.9823	NA	3	9.7077	Viruses;Duplodnaviria;Heunggongvirae;Uroviricota;Caudoviricetes
genomad_k141_2767159	7306	No terminal repeats	NA	9	11	0.9823	NA	3	9.3827	Viruses;Duplodnaviria;Heunggongvirae;Uroviricota;Caudoviricetes
genomad_k141_3163200	3767	No terminal repeats	NA	5	11	0.9823	NA	2	8.2397	Viruses;Duplodnaviria;Heunggongvirae;Uroviricota;Caudoviricetes
genomad_k141_1016181	5855	No terminal repeats	NA	7	11	0.9823	NA	1	9.5340	Viruses;Duplodnaviria;Heunggongvirae;Uroviricota;Caudoviricetes
genomad_k141_2048409	7212	No terminal repeats	NA	11	11	0.9823	NA	0	13.1015	Viruses;Duplodnaviria;Heunggongvirae;Uroviricota;Caudoviricetes
genomad_k141_1106643	5301	No terminal repeats	NA	6	11	0.9823	NA	1	7.9126	Viruses;Duplodnaviria;Heunggongvirae;Uroviricota;Caudoviricetes
genomad_k141_1776863	8434	No terminal repeats	NA	8	11	0.9823	NA	2	10.2939	Viruses;Duplodnaviria;Heunggongvirae;Uroviricota;Caudoviricetes
genomad_k141_2717126	6113	No terminal repeats	NA	6	15	0.9823	NA	0	8.3401	Viruses;Duplodnaviria;Heunggongvirae;Uroviricota;Caudoviricetes
genomad_k141_427464	6765	No terminal repeats	NA	8	11	0.9823	NA	0	11.3289	Viruses;Duplodnaviria;Heunggongvirae;Uroviricota;Caudoviricetes
genomad_k141_2211897	4117	No terminal repeats	NA	8	11	0.9823	NA	1	9.6629	Viruses;Duplodnaviria;Heunggongvirae;Uroviricota;Caudoviricetes
genomad_k141_3121391	5945	No terminal repeats	NA	6	11	0.9823	NA	0	7.7405	Viruses;Duplodnaviria;Heunggongvirae;Uroviricota;Caudoviricetes
genomad_k141_1534753	2894	No terminal repeats	NA	7	11	0.9823	NA	3	11.3231	Viruses;Duplodnaviria;Heunggongvirae;Uroviricota;Caudoviricetes
genomad_k141_1969289	4887	No terminal repeats	NA	9	11	0.9823	NA	1	13.0101	Viruses;Duplodnaviria;Heunggongvirae;Uroviricota;Caudoviricetes
genomad_k141_1962424	8283	No terminal repeats	NA	12	11	0.9823	NA	1	12.7597	Viruses;Duplodnaviria;Heunggongvirae;Uroviricota;Caudoviricetes
genomad_k141_3585944	5535	No terminal repeats	NA	7	11	0.9823	NA	0	11.6561	Viruses;Duplodnaviria;Heunggongvirae;Uroviricota;Caudoviricetes
genomad_k141_2763889	4260	No terminal repeats	NA	6	11	0.9823	NA	0	10.3064	Viruses;Duplodnaviria;Heunggongvirae;Uroviricota;Caudoviricetes
genomad_k141_2860361	4938	No terminal repeats	NA	9	11	0.9823	NA	1	11.7892	Viruses;Duplodnaviria;Heunggongvirae;Uroviricota;Caudoviricetes
genomad_k141_2956715	3762	No terminal repeats	NA	5	11	0.9823	NA	1	6.8673	Viruses;Duplodnaviria;Heunggongvirae;Uroviricota;Caudoviricetes
genomad_k141_788392	7661	No terminal repeats	NA	9	11	0.9823	NA	1	11.9781	Viruses;Duplodnaviria;Heunggongvirae;Uroviricota;Caudoviricetes
genomad_k141_3697807	4072	No terminal repeats	NA	5	11	0.9823	NA	0	6.8490	Viruses;Duplodnaviria;Heunggongvirae;Uroviricota;Caudoviricetes
genomad_k141_726131	4312	No terminal repeats	NA	10	11	0.9823	NA	2	15.2904	Viruses;Duplodnaviria;Heunggongvirae;Uroviricota;Caudoviricetes
genomad_k141_364172	4480	No terminal repeats	NA	8	11	0.9823	NA	1	13.3590	Viruses;Duplodnaviria;Heunggongvirae;Uroviricota;Caudoviricetes
genomad_k141_781659	7017	No terminal repeats	NA	11	11	0.9823	NA	0	10.2935	Viruses;Duplodnaviria;Heunggongvirae;Uroviricota;Caudoviricetes
genomad_k141_2687424	5614	No terminal repeats	NA	7	11	0.9823	NA	2	8.3220	Viruses;Duplodnaviria;Heunggongvirae;Uroviricota;Caudoviricetes
genomad_k141_1078901	9746	No terminal repeats	NA	18	11	0.9823	NA	1	18.4653	Viruses;Duplodnaviria;Heunggongvirae;Uroviricota;Caudoviricetes
genomad_k141_2093756	7755	No terminal repeats	NA	6	11	0.9823	NA	0	9.2652	Viruses;Duplodnaviria;Heunggongvirae;Uroviricota;Caudoviricetes;Autographiviridae
genomad_k141_2395993	5881	No terminal repeats	NA	10	11	0.9823	NA	0	15.4393	Viruses;Duplodnaviria;Heunggongvirae;Uroviricota;Caudoviricetes
genomad_k141_375929	7804	No terminal repeats	NA	10	11	0.9823	NA	0	14.4966	Viruses;Duplodnaviria;Heunggongvirae;Uroviricota;Caudoviricetes
genomad_k141_1487785	44235	DTR	NA	49	11	0.9823	NA	6	52.2841	Viruses;Duplodnaviria;Heunggongvirae;Uroviricota;Caudoviricetes
genomad_k141_3416523	4455	No terminal repeats	NA	7	11	0.9823	NA	1	12.0086	Viruses;Duplodnaviria;Heunggongvirae;Uroviricota;Caudoviricetes
genomad_k141_798357	3507	No terminal repeats	NA	6	11	0.9823	NA	1	8.0351	Viruses;Duplodnaviria;Heunggongvirae;Uroviricota;Caudoviricetes
genomad_k141_2200562	4267	No terminal repeats	NA	5	11	0.9823	NA	2	8.1214	Viruses;Duplodnaviria;Heunggongvirae;Uroviricota;Caudoviricetes
genomad_k141_699367	5096	No terminal repeats	NA	10	11	0.9822	NA	0	11.9944	Viruses;Duplodnaviria;Heunggongvirae;Uroviricota;Caudoviricetes
genomad_k141_2528111	7624	No terminal repeats	NA	10	11	0.9822	NA	0	15.4645	Viruses;Duplodnaviria;Heunggongvirae;Uroviricota;Caudoviricetes
genomad_k141_896795	3730	No terminal repeats	NA	5	11	0.9822	NA	0	6.5875	Viruses;Duplodnaviria;Heunggongvirae;Uroviricota;Caudoviricetes
genomad_k141_895405	9826	No terminal repeats	NA	13	11	0.9822	NA	2	15.4571	Viruses;Duplodnaviria;Heunggongvirae;Uroviricota;Caudoviricetes
genomad_k141_1362199	4906	No terminal repeats	NA	11	11	0.9822	NA	1	11.9098	Viruses;Duplodnaviria;Heunggongvirae;Uroviricota;Caudoviricetes
genomad_k141_3422912	4482	No terminal repeats	NA	5	11	0.9822	NA	3	8.5914	Viruses;Duplodnaviria;Heunggongvirae;Uroviricota;Caudoviricetes
genomad_k141_2953196	7507	No terminal repeats	NA	6	11	0.9822	NA	1	9.9207	Viruses;Duplodnaviria;Heunggongvirae;Uroviricota;Caudoviricetes
genomad_k141_177424	3757	No terminal repeats	NA	5	11	0.9822	NA	2	7.7598	Viruses;Duplodnaviria;Heunggongvirae;Uroviricota;Caudoviricetes
genomad_k141_1820811	4006	No terminal repeats	NA	5	11	0.9822	NA	4	8.5914	Viruses;Duplodnaviria;Heunggongvirae;Uroviricota;Caudoviricetes
genomad_k141_1559787	5757	No terminal repeats	NA	6	11	0.9822	NA	0	9.0421	Viruses;Duplodnaviria;Heunggongvirae;Uroviricota;Caudoviricetes
genomad_k141_2955647	4291	No terminal repeats	NA	7	11	0.9822	NA	0	11.7183	Viruses;Duplodnaviria;Heunggongvirae;Uroviricota;Caudoviricetes;Kyanoviridae
genomad_k141_3169141	3955	No terminal repeats	NA	7	11	0.9822	NA	4	11.8444	Viruses;Duplodnaviria;Heunggongvirae;Uroviricota;Caudoviricetes
genomad_k141_1942358	5727	No terminal repeats	NA	7	11	0.9822	NA	0	6.9786	Viruses;Duplodnaviria;Heunggongvirae;Uroviricota;Caudoviricetes
genomad_k141_737025	6424	No terminal repeats	NA	12	11	0.9822	NA	2	15.2299	Viruses;Duplodnaviria;Heunggongvirae;Uroviricota;Caudoviricetes
genomad_k141_378830	4353	No terminal repeats	NA	5	11	0.9822	NA	3	7.6036	Viruses;Duplodnaviria;Heunggongvirae;Uroviricota;Caudoviricetes
genomad_k141_985743	6174	No terminal repeats	NA	17	11	0.9822	NA	0	16.5328	Viruses;Duplodnaviria;Heunggongvirae;Uroviricota;Caudoviricetes
genomad_k141_845616	4148	No terminal repeats	NA	8	11	0.9822	NA	6	10.8885	Viruses;Duplodnaviria;Heunggongvirae;Uroviricota;Caudoviricetes
genomad_k141_3431094	4844	No terminal repeats	NA	5	11	0.9822	NA	3	5.9900	Viruses;Duplodnaviria;Heunggongvirae;Uroviricota;Caudoviricetes
genomad_k141_1527008	6909	No terminal repeats	NA	11	11	0.9822	NA	3	10.2864	Viruses;Duplodnaviria;Heunggongvirae;Uroviricota;Caudoviricetes
genomad_k141_916653	5368	No terminal repeats	NA	9	11	0.9822	NA	1	10.3462	Viruses;Duplodnaviria;Heunggongvirae;Uroviricota;Caudoviricetes
genomad_k141_2346322	9355	No terminal repeats	NA	11	11	0.9822	NA	1	15.1551	Viruses;Duplodnaviria;Heunggongvirae;Uroviricota;Caudoviricetes
genomad_k141_780372	6451	No terminal repeats	NA	7	11	0.9822	NA	0	9.6646	Viruses;Duplodnaviria;Heunggongvirae;Uroviricota;Caudoviricetes
genomad_k141_2461878	4886	No terminal repeats	NA	10	11	0.9822	NA	0	15.7494	Viruses;Duplodnaviria;Heunggongvirae;Uroviricota;Caudoviricetes
genomad_k141_1393664	5082	No terminal repeats	NA	10	11	0.9822	NA	2	12.8974	Viruses;Duplodnaviria;Heunggongvirae;Uroviricota;Caudoviricetes
genomad_k141_676582	5132	No terminal repeats	NA	10	11	0.9822	NA	1	16.6670	Viruses;Duplodnaviria;Heunggongvirae;Uroviricota;Caudoviricetes
genomad_k141_779078	5220	No terminal repeats	NA	5	11	0.9822	NA	2	6.8731	Viruses;Duplodnaviria;Heunggongvirae;Uroviricota;Caudoviricetes
genomad_k141_3326998	4483	No terminal repeats	NA	8	11	0.9822	NA	2	11.5741	Viruses;Duplodnaviria;Heunggongvirae;Uroviricota;Caudoviricetes
genomad_k141_1582721	3606	No terminal repeats	NA	8	11	0.9822	NA	2	12.0280	Viruses;Duplodnaviria;Heunggongvirae;Uroviricota;Caudoviricetes
genomad_k141_3015422	6451	No terminal repeats	NA	12	11	0.9822	NA	3	14.1029	Viruses;Duplodnaviria;Heunggongvirae;Uroviricota;Caudoviricetes
genomad_k141_2582125	6453	No terminal repeats	NA	11	11	0.9822	NA	0	10.8205	Viruses;Duplodnaviria;Heunggongvirae;Uroviricota;Caudoviricetes
genomad_k141_2621674	3537	No terminal repeats	NA	6	11	0.9822	NA	1	7.6731	Viruses;Duplodnaviria;Heunggongvirae;Uroviricota;Caudoviricetes
genomad_k141_2110214	4609	No terminal repeats	NA	14	11	0.9822	NA	0	14.7864	Viruses;Duplodnaviria;Heunggongvirae;Uroviricota;Caudoviricetes
genomad_k141_2631221	7281	No terminal repeats	NA	5	11	0.9822	NA	0	8.0601	Viruses;Duplodnaviria;Heunggongvirae;Uroviricota;Caudoviricetes
genomad_k141_1973932	4075	No terminal repeats	NA	6	11	0.9822	NA	1	10.3097	Viruses;Duplodnaviria;Heunggongvirae;Uroviricota;Caudoviricetes
genomad_k141_1649125	4392	No terminal repeats	NA	5	11	0.9822	NA	0	7.8691	Viruses;Duplodnaviria;Heunggongvirae;Uroviricota;Caudoviricetes
genomad_k141_3199459	4349	No terminal repeats	NA	7	11	0.9822	NA	0	7.8807	Viruses;Duplodnaviria;Heunggongvirae;Uroviricota;Caudoviricetes
genomad_k141_2478250	8997	No terminal repeats	NA	11	11	0.9822	NA	0	10.6554	Viruses;Duplodnaviria;Heunggongvirae;Uroviricota;Caudoviricetes
genomad_k141_1170225	5931	No terminal repeats	NA	6	11	0.9822	NA	1	8.3214	Viruses;Duplodnaviria;Heunggongvirae;Uroviricota;Caudoviricetes
genomad_k141_422834	7489	No terminal repeats	NA	10	11	0.9822	NA	4	14.3638	Viruses;Duplodnaviria;Heunggongvirae;Uroviricota;Caudoviricetes
genomad_k141_2659985	4740	No terminal repeats	NA	12	11	0.9822	NA	0	16.4224	Viruses;Duplodnaviria;Heunggongvirae;Uroviricota;Caudoviricetes
genomad_k141_3153151	4739	No terminal repeats	NA	7	11	0.9822	NA	0	12.0270	Viruses;Duplodnaviria;Heunggongvirae;Uroviricota;Caudoviricetes
genomad_k141_799857	5669	No terminal repeats	NA	8	11	0.9822	NA	3	9.9438	Viruses;Duplodnaviria;Heunggongvirae;Uroviricota;Caudoviricetes
genomad_k141_1981913	5883	ITR	NA	12	11	0.9822	NA	0	11.3769	Viruses;Duplodnaviria;Heunggongvirae;Uroviricota;Caudoviricetes
genomad_k141_1570294	5508	No terminal repeats	NA	7	11	0.9822	NA	1	10.7806	Viruses;Duplodnaviria;Heunggongvirae;Uroviricota;Caudoviricetes
genomad_k141_3417364	3678	No terminal repeats	NA	7	11	0.9821	NA	4	11.0578	Viruses;Duplodnaviria;Heunggongvirae;Uroviricota;Caudoviricetes
genomad_k141_632187	8477	No terminal repeats	NA	6	11	0.9821	NA	0	8.0601	Viruses;Duplodnaviria;Heunggongvirae;Uroviricota;Caudoviricetes
genomad_k141_2430426	6346	No terminal repeats	NA	9	11	0.9821	NA	3	10.2608	Viruses;Duplodnaviria;Heunggongvirae;Uroviricota;Caudoviricetes
genomad_k141_322991	3948	No terminal repeats	NA	5	11	0.9821	NA	1	7.9175	Viruses;Duplodnaviria;Heunggongvirae;Uroviricota;Caudoviricetes
genomad_k141_1276594	4558	No terminal repeats	NA	5	11	0.9821	NA	0	7.7693	Viruses;Duplodnaviria;Heunggongvirae;Uroviricota;Caudoviricetes
genomad_k141_719277	4086	No terminal repeats	NA	9	11	0.9821	NA	1	9.4554	Viruses;Duplodnaviria;Heunggongvirae;Uroviricota;Caudoviricetes
genomad_k141_2267086	4835	No terminal repeats	NA	8	11	0.9821	NA	0	9.0420	Viruses;Duplodnaviria;Heunggongvirae;Uroviricota;Caudoviricetes
genomad_k141_1373542	7066	No terminal repeats	NA	6	11	0.9821	NA	5	9.2464	Viruses;Duplodnaviria;Heunggongvirae;Uroviricota;Caudoviricetes
genomad_k141_2463466	5977	No terminal repeats	NA	5	11	0.9821	NA	2	8.5756	Viruses;Duplodnaviria;Heunggongvirae;Uroviricota;Caudoviricetes
genomad_k141_2200779	3801	No terminal repeats	NA	12	11	0.9821	NA	0	10.3025	Viruses;Duplodnaviria;Heunggongvirae;Uroviricota;Caudoviricetes
genomad_k141_739384	3952	No terminal repeats	NA	10	11	0.9821	NA	1	11.2405	Viruses;Duplodnaviria;Heunggongvirae;Uroviricota;Caudoviricetes
genomad_k141_721737	21937	No terminal repeats	NA	21	11	0.9821	NA	5	34.7028	Viruses;Duplodnaviria;Heunggongvirae;Uroviricota;Caudoviricetes
genomad_k141_305045	4134	No terminal repeats	NA	6	11	0.9821	NA	1	10.1152	Viruses;Duplodnaviria;Heunggongvirae;Uroviricota;Caudoviricetes
genomad_k141_1337073	6572	No terminal repeats	NA	10	11	0.9821	NA	1	11.2260	Viruses;Duplodnaviria;Heunggongvirae;Uroviricota;Caudoviricetes
genomad_k141_3303991	4030	No terminal repeats	NA	5	11	0.9821	NA	2	7.0777	Viruses;Duplodnaviria;Heunggongvirae;Uroviricota;Caudoviricetes
genomad_k141_3547866	5257	No terminal repeats	NA	8	11	0.9821	NA	1	13.2206	Viruses;Duplodnaviria;Heunggongvirae;Uroviricota;Caudoviricetes
genomad_k141_3345590	3910	No terminal repeats	NA	5	11	0.9821	NA	0	8.1111	Viruses;Duplodnaviria;Heunggongvirae;Uroviricota;Caudoviricetes
genomad_k141_2383509	6452	No terminal repeats	NA	7	11	0.9821	NA	1	12.0175	Viruses;Duplodnaviria;Heunggongvirae;Uroviricota;Caudoviricetes
genomad_k141_1299183	3839	No terminal repeats	NA	5	11	0.9821	NA	0	7.8198	Viruses;Duplodnaviria;Heunggongvirae;Uroviricota;Caudoviricetes
genomad_k141_1985639	6707	No terminal repeats	NA	7	11	0.9821	NA	3	10.3076	Viruses;Duplodnaviria;Heunggongvirae;Uroviricota;Caudoviricetes;Demerecviridae
genomad_k141_366772	8169	No terminal repeats	NA	11	11	0.9821	NA	2	13.6566	Viruses;Duplodnaviria;Heunggongvirae;Uroviricota;Caudoviricetes
genomad_k141_3478340	6524	No terminal repeats	NA	9	11	0.9821	NA	2	15.2774	Viruses;Duplodnaviria;Heunggongvirae;Uroviricota;Caudoviricetes
genomad_k141_2849031	8662	No terminal repeats	NA	8	11	0.9821	NA	4	13.7135	Viruses;Duplodnaviria;Heunggongvirae;Uroviricota;Caudoviricetes
genomad_k141_3507435	5025	No terminal repeats	NA	7	11	0.9821	NA	3	9.6517	Viruses;Duplodnaviria;Heunggongvirae;Uroviricota;Caudoviricetes
genomad_k141_1203221	4689	No terminal repeats	NA	11	11	0.9821	NA	0	18.3975	Viruses;Duplodnaviria;Heunggongvirae;Uroviricota;Caudoviricetes
genomad_k141_3425694	4660	No terminal repeats	NA	7	11	0.9821	NA	3	8.1062	Viruses;Duplodnaviria;Heunggongvirae;Uroviricota;Caudoviricetes
genomad_k141_2209283	3993	No terminal repeats	NA	5	11	0.9821	NA	1	8.0619	Viruses;Duplodnaviria;Heunggongvirae;Uroviricota;Caudoviricetes
genomad_k141_545243	7281	No terminal repeats	NA	5	11	0.9821	NA	0	8.5843	Viruses;Duplodnaviria;Heunggongvirae;Uroviricota;Caudoviricetes
genomad_k141_938299	4290	No terminal repeats	NA	7	11	0.9821	NA	2	8.1501	Viruses;Duplodnaviria;Heunggongvirae;Uroviricota;Caudoviricetes
genomad_k141_898747	41218	ITR	NA	55	11	0.9821	NA	12	55.9615	Viruses;Duplodnaviria;Heunggongvirae;Uroviricota;Caudoviricetes;Autographiviridae
genomad_k141_844111	6335	No terminal repeats	NA	8	11	0.9821	NA	0	11.2620	Viruses;Duplodnaviria;Heunggongvirae;Uroviricota;Caudoviricetes
genomad_k141_1144523	5993	No terminal repeats	NA	8	11	0.9821	NA	1	8.3289	Viruses;Duplodnaviria;Heunggongvirae;Uroviricota;Caudoviricetes
genomad_k141_2171668	8792	No terminal repeats	NA	12	11	0.9821	NA	0	15.5507	Viruses;Duplodnaviria;Heunggongvirae;Uroviricota;Caudoviricetes
genomad_k141_1692757	5235	No terminal repeats	NA	6	11	0.9821	NA	0	9.7640	Viruses;Duplodnaviria;Heunggongvirae;Uroviricota;Caudoviricetes
genomad_k141_2110047	5843	No terminal repeats	NA	16	11	0.9821	NA	0	11.0528	Viruses;Duplodnaviria;Heunggongvirae;Uroviricota;Caudoviricetes
genomad_k141_3058034	6593	No terminal repeats	NA	18	11	0.9821	NA	3	20.6074	Viruses;Duplodnaviria;Heunggongvirae;Uroviricota;Caudoviricetes
genomad_k141_11738	6863	No terminal repeats	NA	10	11	0.9821	NA	0	8.5914	Viruses;Duplodnaviria;Heunggongvirae;Uroviricota;Caudoviricetes
genomad_k141_3608736	7063	No terminal repeats	NA	16	11	0.9821	NA	1	12.0280	Viruses;Duplodnaviria;Heunggongvirae;Uroviricota;Caudoviricetes
genomad_k141_1930795	6221	No terminal repeats	NA	5	11	0.9821	NA	3	7.2231	Viruses;Duplodnaviria;Heunggongvirae;Uroviricota;Caudoviricetes
genomad_k141_1232772	3798	No terminal repeats	NA	6	11	0.9821	NA	1	9.7483	Viruses;Duplodnaviria;Heunggongvirae;Uroviricota;Caudoviricetes
genomad_k141_246066	3732	No terminal repeats	NA	6	11	0.9821	NA	1	9.2911	Viruses;Duplodnaviria;Heunggongvirae;Uroviricota;Caudoviricetes
genomad_k141_3356092	5968	No terminal repeats	NA	5	11	0.9821	NA	0	6.8710	Viruses;Duplodnaviria;Heunggongvirae;Uroviricota;Caudoviricetes
genomad_k141_143427	5098	No terminal repeats	NA	8	11	0.9821	NA	1	13.3704	Viruses;Duplodnaviria;Heunggongvirae;Uroviricota;Caudoviricetes
genomad_k141_2715195	7643	No terminal repeats	NA	12	11	0.9821	NA	2	16.8759	Viruses;Duplodnaviria;Heunggongvirae;Uroviricota;Caudoviricetes
genomad_k141_3582816	7325	No terminal repeats	NA	10	11	0.9821	NA	6	9.8934	Viruses;Duplodnaviria;Heunggongvirae;Uroviricota;Caudoviricetes
genomad_k141_8649	5204	No terminal repeats	NA	9	11	0.9820	NA	4	14.6107	Viruses;Duplodnaviria;Heunggongvirae;Uroviricota;Caudoviricetes
genomad_k141_721033	3893	No terminal repeats	NA	8	11	0.9820	NA	0	10.1093	Viruses;Duplodnaviria;Heunggongvirae;Uroviricota;Caudoviricetes
genomad_k141_2041761	6542	No terminal repeats	NA	16	11	0.9820	NA	1	18.6620	Viruses;Duplodnaviria;Heunggongvirae;Uroviricota;Caudoviricetes
genomad_k141_2956536	3625	No terminal repeats	NA	5	11	0.9820	NA	3	6.6301	Viruses;Duplodnaviria;Heunggongvirae;Uroviricota;Caudoviricetes
genomad_k141_1142036	4240	No terminal repeats	NA	6	11	0.9820	NA	0	10.3015	Viruses;Duplodnaviria;Heunggongvirae;Uroviricota;Caudoviricetes
genomad_k141_844168	7832	No terminal repeats	NA	14	11	0.9820	NA	0	17.9216	Viruses;Duplodnaviria;Heunggongvirae;Uroviricota;Caudoviricetes
genomad_k141_1358849	4219	No terminal repeats	NA	7	11	0.9820	NA	1	12.0262	Viruses;Duplodnaviria;Heunggongvirae;Uroviricota;Caudoviricetes
genomad_k141_3347367	5404	No terminal repeats	NA	7	11	0.9820	NA	0	7.4596	Viruses;Duplodnaviria;Heunggongvirae;Uroviricota;Caudoviricetes
genomad_k141_1135696	5714	No terminal repeats	NA	9	11	0.9820	NA	1	12.9272	Viruses;Duplodnaviria;Heunggongvirae;Uroviricota;Caudoviricetes
genomad_k141_132246	3933	No terminal repeats	NA	5	11	0.9820	NA	2	8.4753	Viruses;Duplodnaviria;Heunggongvirae;Uroviricota;Caudoviricetes
genomad_k141_746623	7075	No terminal repeats	NA	7	11	0.9820	NA	0	9.4593	Viruses;Duplodnaviria;Heunggongvirae;Uroviricota;Caudoviricetes
genomad_k141_2744369	4949	No terminal repeats	NA	9	11	0.9820	NA	1	13.4077	Viruses;Duplodnaviria;Heunggongvirae;Uroviricota;Caudoviricetes
genomad_k141_1369005	5123	No terminal repeats	NA	9	11	0.9820	NA	1	13.0870	Viruses;Duplodnaviria;Heunggongvirae;Uroviricota;Caudoviricetes
genomad_k141_1521831	4491	No terminal repeats	NA	10	11	0.9820	NA	0	13.1126	Viruses;Duplodnaviria;Heunggongvirae;Uroviricota;Caudoviricetes
genomad_k141_364045	9402	No terminal repeats	NA	19	11	0.9820	NA	3	24.0075	Viruses;Duplodnaviria;Heunggongvirae;Uroviricota;Caudoviricetes
genomad_k141_1910885	6172	No terminal repeats	NA	9	11	0.9820	NA	4	11.6808	Viruses;Duplodnaviria;Heunggongvirae;Uroviricota;Caudoviricetes
genomad_k141_912249	5583	No terminal repeats	NA	13	11	0.9820	NA	2	20.2209	Viruses;Duplodnaviria;Heunggongvirae;Uroviricota;Caudoviricetes
genomad_k141_2936927	8840	No terminal repeats	NA	13	11	0.9820	NA	1	15.9254	Viruses;Duplodnaviria;Heunggongvirae;Uroviricota;Caudoviricetes
genomad_k141_2769035	6232	No terminal repeats	NA	9	11	0.9820	NA	0	9.3967	Viruses;Duplodnaviria;Heunggongvirae;Uroviricota;Caudoviricetes
genomad_k141_3071964	4214	No terminal repeats	NA	9	11	0.9820	NA	1	12.2835	Viruses;Duplodnaviria;Heunggongvirae;Uroviricota;Caudoviricetes
genomad_k141_1906659	4419	No terminal repeats	NA	7	11	0.9820	NA	3	11.5195	Viruses;Duplodnaviria;Heunggongvirae;Uroviricota;Caudoviricetes
genomad_k141_3106055	3673	No terminal repeats	NA	5	11	0.9820	NA	1	7.7613	Viruses;Duplodnaviria;Heunggongvirae;Uroviricota;Caudoviricetes
genomad_k141_719255	7124	No terminal repeats	NA	6	11	0.9820	NA	0	6.8731	Viruses;Duplodnaviria;Heunggongvirae;Uroviricota;Caudoviricetes
genomad_k141_3549645	8643	No terminal repeats	NA	12	11	0.9820	NA	4	18.9011	Viruses;Duplodnaviria;Heunggongvirae;Uroviricota;Caudoviricetes
genomad_k141_1877594	4312	No terminal repeats	NA	10	11	0.9820	NA	0	11.0751	Viruses;Duplodnaviria;Heunggongvirae;Uroviricota;Caudoviricetes
genomad_k141_841108	4876	No terminal repeats	NA	6	11	0.9820	NA	0	6.8665	Viruses;Duplodnaviria;Heunggongvirae;Uroviricota;Caudoviricetes
genomad_k141_2290378	4559	No terminal repeats	NA	9	11	0.9820	NA	2	10.1154	Viruses;Duplodnaviria;Heunggongvirae;Uroviricota;Caudoviricetes
genomad_k141_2349550	4204	No terminal repeats	NA	8	11	0.9820	NA	0	13.4913	Viruses;Duplodnaviria;Heunggongvirae;Uroviricota;Caudoviricetes
genomad_k141_1073198	5038	No terminal repeats	NA	6	11	0.9820	NA	3	8.8809	Viruses;Duplodnaviria;Heunggongvirae;Uroviricota;Caudoviricetes
genomad_k141_1693612	7064	No terminal repeats	NA	10	11	0.9820	NA	1	16.9281	Viruses;Duplodnaviria;Heunggongvirae;Uroviricota;Caudoviricetes
genomad_k141_1732529	5115	No terminal repeats	NA	12	11	0.9820	NA	0	10.4643	Viruses;Duplodnaviria;Heunggongvirae;Uroviricota;Caudoviricetes
genomad_k141_3050515	8999	No terminal repeats	NA	11	11	0.9820	NA	2	15.0429	Viruses;Duplodnaviria;Heunggongvirae;Uroviricota;Caudoviricetes
genomad_k141_2628810	5093	No terminal repeats	NA	5	11	0.9820	NA	2	6.8731	Viruses;Duplodnaviria;Heunggongvirae;Uroviricota;Caudoviricetes;Kyanoviridae
genomad_k141_1526031	5521	No terminal repeats	NA	8	11	0.9820	NA	2	13.5511	Viruses;Duplodnaviria;Heunggongvirae;Uroviricota;Caudoviricetes
genomad_k141_1671150	6710	No terminal repeats	NA	9	11	0.9820	NA	2	11.4805	Viruses;Duplodnaviria;Heunggongvirae;Uroviricota;Caudoviricetes
genomad_k141_1200268	6526	No terminal repeats	NA	8	11	0.9820	NA	2	13.7463	Viruses;Duplodnaviria;Heunggongvirae;Uroviricota;Caudoviricetes
genomad_k141_3356667	4327	No terminal repeats	NA	6	11	0.9820	NA	1	10.2984	Viruses;Duplodnaviria;Heunggongvirae;Uroviricota;Caudoviricetes
genomad_k141_3422694	6351	No terminal repeats	NA	5	11	0.9820	NA	2	8.5914	Viruses;Duplodnaviria;Heunggongvirae;Uroviricota;Caudoviricetes
genomad_k141_1131043	8553	No terminal repeats	NA	24	11	0.9820	NA	1	18.2087	Viruses;Duplodnaviria;Heunggongvirae;Uroviricota;Caudoviricetes
genomad_k141_2327825	7895	No terminal repeats	NA	6	11	0.9820	NA	0	8.5894	Viruses;Duplodnaviria;Heunggongvirae;Uroviricota;Caudoviricetes
genomad_k141_286419	3810	No terminal repeats	NA	9	11	0.9820	NA	5	12.4453	Viruses;Duplodnaviria;Heunggongvirae;Uroviricota;Caudoviricetes
genomad_k141_67937	4275	No terminal repeats	NA	7	11	0.9820	NA	1	10.3076	Viruses;Duplodnaviria;Heunggongvirae;Uroviricota;Caudoviricetes
genomad_k141_1806841	8454	No terminal repeats	NA	7	11	0.9820	NA	0	8.5914	Viruses;Duplodnaviria;Heunggongvirae;Uroviricota;Caudoviricetes
genomad_k141_2521894	4793	No terminal repeats	NA	12	11	0.9820	NA	3	18.2028	Viruses;Duplodnaviria;Heunggongvirae;Uroviricota;Caudoviricetes
genomad_k141_2879413	4391	No terminal repeats	NA	7	11	0.9819	NA	2	8.5914	Viruses;Duplodnaviria;Heunggongvirae;Uroviricota;Caudoviricetes
genomad_k141_3439019	4400	No terminal repeats	NA	9	11	0.9819	NA	3	14.7382	Viruses;Duplodnaviria;Heunggongvirae;Uroviricota;Caudoviricetes
genomad_k141_2027620	7386	No terminal repeats	NA	12	11	0.9819	NA	2	20.3647	Viruses;Duplodnaviria;Heunggongvirae;Uroviricota;Caudoviricetes
genomad_k141_51196	3561	No terminal repeats	NA	5	11	0.9819	NA	0	8.5682	Viruses;Duplodnaviria;Heunggongvirae;Uroviricota;Caudoviricetes
genomad_k141_3022977	5143	No terminal repeats	NA	10	11	0.9819	NA	1	8.1887	Viruses;Duplodnaviria;Heunggongvirae;Uroviricota;Caudoviricetes
genomad_k141_3597740	7492	No terminal repeats	NA	10	11	0.9819	NA	3	14.0933	Viruses;Duplodnaviria;Heunggongvirae;Uroviricota;Caudoviricetes
genomad_k141_1553154	5619	No terminal repeats	NA	7	11	0.9819	NA	1	9.9300	Viruses;Duplodnaviria;Heunggongvirae;Uroviricota;Caudoviricetes
genomad_k141_1611671	5820	No terminal repeats	NA	9	11	0.9819	NA	0	14.0513	Viruses;Duplodnaviria;Heunggongvirae;Uroviricota;Caudoviricetes
genomad_k141_1208584	4032	No terminal repeats	NA	7	11	0.9819	NA	2	6.2357	Viruses;Duplodnaviria;Heunggongvirae;Uroviricota;Caudoviricetes
genomad_k141_1920272	5467	No terminal repeats	NA	7	11	0.9819	NA	1	11.2985	Viruses;Duplodnaviria;Heunggongvirae;Uroviricota;Caudoviricetes
genomad_k141_241824	8499	No terminal repeats	NA	9	11	0.9819	NA	5	13.5523	Viruses;Duplodnaviria;Heunggongvirae;Uroviricota;Caudoviricetes
genomad_k141_667424	6290	No terminal repeats	NA	10	11	0.9819	NA	0	14.7608	Viruses;Duplodnaviria;Heunggongvirae;Uroviricota;Caudoviricetes
genomad_k141_1969800	6108	No terminal repeats	NA	11	11	0.9819	NA	1	14.9345	Viruses;Duplodnaviria;Heunggongvirae;Uroviricota;Caudoviricetes
genomad_k141_1442940	4768	No terminal repeats	NA	9	11	0.9819	NA	2	13.7463	Viruses;Duplodnaviria;Heunggongvirae;Uroviricota;Caudoviricetes
genomad_k141_593607	9376	No terminal repeats	NA	10	11	0.9819	NA	2	14.5273	Viruses;Duplodnaviria;Heunggongvirae;Uroviricota;Caudoviricetes
genomad_k141_3008997	5200	No terminal repeats	NA	7	11	0.9819	NA	2	9.4751	Viruses;Duplodnaviria;Heunggongvirae;Uroviricota;Caudoviricetes
genomad_k141_1934506	6958	No terminal repeats	NA	10	11	0.9819	NA	2	8.7766	Viruses;Duplodnaviria;Heunggongvirae;Uroviricota;Caudoviricetes
genomad_k141_1102959	43348	No terminal repeats	NA	54	11	0.9819	NA	9	52.9634	Viruses;Duplodnaviria;Heunggongvirae;Uroviricota;Caudoviricetes;Autographiviridae
genomad_k141_3609365	9608	No terminal repeats	NA	10	11	0.9819	NA	5	14.8881	Viruses;Duplodnaviria;Heunggongvirae;Uroviricota;Caudoviricetes
genomad_k141_1852934	5066	No terminal repeats	NA	9	11	0.9819	NA	2	11.4451	Viruses;Duplodnaviria;Heunggongvirae;Uroviricota;Caudoviricetes
genomad_k141_3418198	5303	No terminal repeats	NA	9	11	0.9819	NA	0	13.0133	Viruses;Duplodnaviria;Heunggongvirae;Uroviricota;Caudoviricetes
genomad_k141_800818	8735	No terminal repeats	NA	13	11	0.9819	NA	1	16.3529	Viruses;Duplodnaviria;Heunggongvirae;Uroviricota;Caudoviricetes
genomad_k141_1588492	3849	No terminal repeats	NA	9	11	0.9819	NA	0	10.0962	Viruses;Duplodnaviria;Heunggongvirae;Uroviricota;Caudoviricetes
genomad_k141_3004599	8525	No terminal repeats	NA	11	11	0.9819	NA	1	15.0801	Viruses;Duplodnaviria;Heunggongvirae;Uroviricota;Caudoviricetes
genomad_k141_3094595	3827	No terminal repeats	NA	7	11	0.9819	NA	0	12.0280	Viruses;Duplodnaviria;Heunggongvirae;Uroviricota;Caudoviricetes
genomad_k141_1366827	24571	No terminal repeats	NA	34	11	0.9819	NA	7	43.3409	Viruses;Duplodnaviria;Heunggongvirae;Uroviricota;Caudoviricetes
genomad_k141_580222	5000	No terminal repeats	NA	10	11	0.9819	NA	1	12.9467	Viruses;Duplodnaviria;Heunggongvirae;Uroviricota;Caudoviricetes
genomad_k141_72104	5497	No terminal repeats	NA	6	11	0.9819	NA	2	10.3097	Viruses;Duplodnaviria;Heunggongvirae;Uroviricota;Caudoviricetes
genomad_k141_1278126	4450	No terminal repeats	NA	8	11	0.9819	NA	0	11.6184	Viruses;Duplodnaviria;Heunggongvirae;Uroviricota;Caudoviricetes
genomad_k141_757891	4496	No terminal repeats	NA	9	11	0.9819	NA	1	11.4224	Viruses;Duplodnaviria;Heunggongvirae;Uroviricota;Caudoviricetes
genomad_k141_120846	6783	No terminal repeats	NA	8	11	0.9819	NA	1	9.4993	Viruses;Duplodnaviria;Heunggongvirae;Uroviricota;Caudoviricetes
genomad_k141_2157462	5364	No terminal repeats	NA	7	11	0.9819	NA	1	9.6918	Viruses;Duplodnaviria;Heunggongvirae;Uroviricota;Caudoviricetes
genomad_k141_1415560	5149	No terminal repeats	NA	7	11	0.9819	NA	4	8.6093	Viruses;Duplodnaviria;Heunggongvirae;Uroviricota;Caudoviricetes
genomad_k141_1904169	8401	No terminal repeats	NA	14	11	0.9819	NA	1	11.4540	Viruses;Duplodnaviria;Heunggongvirae;Uroviricota;Caudoviricetes;Autographiviridae
genomad_k141_1118368	5479	No terminal repeats	NA	19	11	0.9819	NA	1	10.9921	Viruses;Duplodnaviria;Heunggongvirae;Uroviricota;Caudoviricetes
genomad_k141_186529	7656	No terminal repeats	NA	10	11	0.9819	NA	3	14.7376	Viruses;Duplodnaviria;Heunggongvirae;Uroviricota;Caudoviricetes
genomad_k141_2083788	7224	No terminal repeats	NA	6	11	0.9819	NA	1	9.9548	Viruses;Duplodnaviria;Heunggongvirae;Uroviricota;Caudoviricetes
genomad_k141_1336854	3668	No terminal repeats	NA	7	11	0.9819	NA	2	6.5903	Viruses;Duplodnaviria;Heunggongvirae;Uroviricota;Caudoviricetes
genomad_k141_1730905	4022	No terminal repeats	NA	9	11	0.9819	NA	3	12.9567	Viruses;Duplodnaviria;Heunggongvirae;Uroviricota;Caudoviricetes
genomad_k141_2871779	45722	DTR	NA	58	11	0.9819	NA	6	56.8788	Viruses;Duplodnaviria;Heunggongvirae;Uroviricota;Caudoviricetes
genomad_k141_3783630	3549	No terminal repeats	NA	7	11	0.9819	NA	0	8.2270	Viruses;Duplodnaviria;Heunggongvirae;Uroviricota;Caudoviricetes
genomad_k141_241754	6867	No terminal repeats	NA	11	11	0.9819	NA	0	13.7207	Viruses;Duplodnaviria;Heunggongvirae;Uroviricota;Caudoviricetes
genomad_k141_1976185	4930	No terminal repeats	NA	10	11	0.9819	NA	1	16.0465	Viruses;Duplodnaviria;Heunggongvirae;Uroviricota;Caudoviricetes
genomad_k141_1759707	3615	No terminal repeats	NA	7	11	0.9819	NA	0	10.0736	Viruses;Duplodnaviria;Heunggongvirae;Uroviricota;Caudoviricetes
genomad_k141_1468112	5497	No terminal repeats	NA	7	11	0.9819	NA	1	8.5934	Viruses;Duplodnaviria;Heunggongvirae;Uroviricota;Caudoviricetes
genomad_k141_3169365	5463	No terminal repeats	NA	6	11	0.9819	NA	1	9.2486	Viruses;Duplodnaviria;Heunggongvirae;Uroviricota;Caudoviricetes
genomad_k141_1217	5963	No terminal repeats	NA	13	11	0.9818	NA	1	12.7360	Viruses;Duplodnaviria;Heunggongvirae;Uroviricota;Caudoviricetes
genomad_k141_2338079	6573	No terminal repeats	NA	10	11	0.9818	NA	0	14.3612	Viruses;Duplodnaviria;Heunggongvirae;Uroviricota;Caudoviricetes
genomad_k141_3044348	7491	No terminal repeats	NA	23	11	0.9818	NA	1	26.6518	Viruses;Duplodnaviria;Heunggongvirae;Uroviricota;Caudoviricetes
genomad_k141_983584	7979	No terminal repeats	NA	15	11	0.9818	NA	3	21.3497	Viruses;Duplodnaviria;Heunggongvirae;Uroviricota;Caudoviricetes
genomad_k141_2032284	3584	No terminal repeats	NA	8	11	0.9818	NA	2	8.3988	Viruses;Duplodnaviria;Heunggongvirae;Uroviricota;Caudoviricetes
genomad_k141_1801773	3747	No terminal repeats	NA	6	11	0.9818	NA	0	10.1391	Viruses;Duplodnaviria;Heunggongvirae;Uroviricota;Caudoviricetes
genomad_k141_1199071	4821	No terminal repeats	NA	5	11	0.9818	NA	1	8.5900	Viruses;Duplodnaviria;Heunggongvirae;Uroviricota;Caudoviricetes
genomad_k141_1161975	4061	No terminal repeats	NA	8	11	0.9818	NA	1	9.4993	Viruses;Duplodnaviria;Heunggongvirae;Uroviricota;Caudoviricetes
genomad_k141_3654747	8336	No terminal repeats	NA	23	11	0.9818	NA	0	26.0140	Viruses;Duplodnaviria;Heunggongvirae;Uroviricota;Caudoviricetes
genomad_k141_1083236	3859	No terminal repeats	NA	5	11	0.9818	NA	1	6.8731	Viruses;Duplodnaviria;Heunggongvirae;Uroviricota;Caudoviricetes
genomad_k141_777523	4223	No terminal repeats	NA	7	11	0.9818	NA	2	9.7384	Viruses;Duplodnaviria;Heunggongvirae;Uroviricota;Caudoviricetes
genomad_k141_3029027	8915	No terminal repeats	NA	13	11	0.9818	NA	3	20.0027	Viruses;Duplodnaviria;Heunggongvirae;Uroviricota;Caudoviricetes
genomad_k141_715051	27999	No terminal repeats	NA	31	11	0.9818	NA	6	35.6357	Viruses;Duplodnaviria;Heunggongvirae;Uroviricota;Caudoviricetes
genomad_k141_2165004	4794	No terminal repeats	NA	5	11	0.9818	NA	0	8.3295	Viruses;Duplodnaviria;Heunggongvirae;Uroviricota;Caudoviricetes
genomad_k141_2094270	6688	No terminal repeats	NA	5	11	0.9818	NA	0	8.5878	Viruses;Duplodnaviria;Heunggongvirae;Uroviricota;Caudoviricetes
genomad_k141_1016618	6557	No terminal repeats	NA	7	11	0.9818	NA	3	9.6614	Viruses;Duplodnaviria;Heunggongvirae;Uroviricota;Caudoviricetes
genomad_k141_1051095	6263	No terminal repeats	NA	9	11	0.9818	NA	3	11.0539	Viruses;Duplodnaviria;Heunggongvirae;Uroviricota;Caudoviricetes
genomad_k141_728780	9195	No terminal repeats	NA	16	11	0.9818	NA	4	17.9573	Viruses;Duplodnaviria;Heunggongvirae;Uroviricota;Caudoviricetes
genomad_k141_1466257	4110	No terminal repeats	NA	6	11	0.9818	NA	3	7.7214	Viruses;Duplodnaviria;Heunggongvirae;Uroviricota;Caudoviricetes
genomad_k141_1428586	4806	No terminal repeats	NA	7	11	0.9818	NA	2	10.3097	Viruses;Duplodnaviria;Heunggongvirae;Uroviricota;Caudoviricetes
genomad_k141_3430331	6839	No terminal repeats	NA	9	11	0.9818	NA	0	12.3716	Viruses;Duplodnaviria;Heunggongvirae;Uroviricota;Caudoviricetes
genomad_k141_241990	9499	No terminal repeats	NA	13	11	0.9818	NA	1	18.2318	Viruses;Duplodnaviria;Heunggongvirae;Uroviricota;Caudoviricetes
genomad_k141_2916771	35710	DTR	NA	53	11	0.9818	NA	9	68.5345	Viruses;Duplodnaviria;Heunggongvirae;Uroviricota;Caudoviricetes
genomad_k141_1720963	7734	No terminal repeats	NA	13	11	0.9818	NA	5	21.7941	Viruses;Duplodnaviria;Heunggongvirae;Uroviricota;Caudoviricetes
genomad_k141_2177689	3827	No terminal repeats	NA	7	11	0.9818	NA	0	6.8717	Viruses;Duplodnaviria;Heunggongvirae;Uroviricota;Caudoviricetes
genomad_k141_837889	8125	No terminal repeats	NA	13	11	0.9818	NA	0	18.0734	Viruses;Duplodnaviria;Heunggongvirae;Uroviricota;Caudoviricetes
genomad_k141_1689486	4500	No terminal repeats	NA	12	11	0.9818	NA	1	16.7287	Viruses;Duplodnaviria;Heunggongvirae;Uroviricota;Caudoviricetes
genomad_k141_1649549	6980	No terminal repeats	NA	11	11	0.9818	NA	5	13.2580	Viruses;Duplodnaviria;Heunggongvirae;Uroviricota;Caudoviricetes
genomad_k141_3287357	3686	No terminal repeats	NA	7	11	0.9818	NA	0	6.8731	Unclassified
genomad_k141_2023078	6461	No terminal repeats	NA	6	11	0.9818	NA	4	9.2515	Viruses;Duplodnaviria;Heunggongvirae;Uroviricota;Caudoviricetes
genomad_k141_2739216	4274	No terminal repeats	NA	6	11	0.9818	NA	3	9.9161	Viruses;Duplodnaviria;Heunggongvirae;Uroviricota;Caudoviricetes
genomad_k141_2025021	5940	No terminal repeats	NA	14	11	0.9818	NA	0	19.4173	Viruses;Varidnaviria;Bamfordvirae;Nucleocytoviricota;Megaviricetes;Algavirales;Phycodnaviridae
genomad_k141_3141193	3842	No terminal repeats	NA	5	11	0.9818	NA	0	8.5914	Viruses;Duplodnaviria;Heunggongvirae;Uroviricota;Caudoviricetes;Zobellviridae
genomad_k141_54908	4445	No terminal repeats	NA	7	11	0.9818	NA	2	10.2789	Viruses;Duplodnaviria;Heunggongvirae;Uroviricota;Caudoviricetes
genomad_k141_3768292	3812	No terminal repeats	NA	14	11	0.9818	NA	0	13.6686	Viruses;Duplodnaviria;Heunggongvirae;Uroviricota;Caudoviricetes;Zobellviridae
genomad_k141_1965434	5117	No terminal repeats	NA	5	11	0.9818	NA	2	6.8731	Viruses;Duplodnaviria;Heunggongvirae;Uroviricota;Caudoviricetes
genomad_k141_954686	6489	No terminal repeats	NA	6	11	0.9818	NA	0	6.3815	Viruses;Duplodnaviria;Heunggongvirae;Uroviricota;Caudoviricetes
genomad_k141_1522428	5560	No terminal repeats	NA	8	11	0.9818	NA	2	11.7952	Viruses;Duplodnaviria;Heunggongvirae;Uroviricota;Caudoviricetes
genomad_k141_2547685	6305	No terminal repeats	NA	15	11	0.9818	NA	1	16.7016	Viruses;Duplodnaviria;Heunggongvirae;Uroviricota;Caudoviricetes
genomad_k141_2499753	3644	No terminal repeats	NA	5	11	0.9817	NA	2	6.5077	Viruses;Duplodnaviria;Heunggongvirae;Uroviricota;Caudoviricetes
genomad_k141_321806	4494	No terminal repeats	NA	6	11	0.9817	NA	2	8.3980	Viruses;Duplodnaviria;Heunggongvirae;Uroviricota;Caudoviricetes
genomad_k141_2619667	9553	No terminal repeats	NA	14	11	0.9817	NA	0	23.2024	Viruses;Duplodnaviria;Heunggongvirae;Uroviricota;Caudoviricetes
genomad_k141_1915642	9331	No terminal repeats	NA	19	11	0.9817	NA	1	28.7227	Viruses;Duplodnaviria;Heunggongvirae;Uroviricota;Caudoviricetes
genomad_k141_580392	6324	No terminal repeats	NA	9	11	0.9817	NA	4	10.6864	Viruses;Duplodnaviria;Heunggongvirae;Uroviricota;Caudoviricetes
genomad_k141_1087008	3863	No terminal repeats	NA	6	11	0.9817	NA	0	9.9223	Viruses;Duplodnaviria;Heunggongvirae;Uroviricota;Caudoviricetes
genomad_k141_1981368	5703	No terminal repeats	NA	14	11	0.9817	NA	2	21.2719	Viruses;Duplodnaviria;Heunggongvirae;Uroviricota;Caudoviricetes
genomad_k141_1378312	6575	No terminal repeats	NA	9	11	0.9817	NA	4	13.7352	Viruses;Duplodnaviria;Heunggongvirae;Uroviricota;Caudoviricetes
genomad_k141_3215867	5614	No terminal repeats	NA	7	11	0.9817	NA	1	8.0996	Viruses;Duplodnaviria;Heunggongvirae;Uroviricota;Caudoviricetes
genomad_k141_1142576	5463	No terminal repeats	NA	6	11	0.9817	NA	3	9.7835	Viruses;Duplodnaviria;Heunggongvirae;Uroviricota;Caudoviricetes
genomad_k141_3002554	8498	No terminal repeats	NA	13	11	0.9817	NA	3	15.9193	Viruses;Duplodnaviria;Heunggongvirae;Uroviricota;Caudoviricetes
genomad_k141_381842	8420	No terminal repeats	NA	11	11	0.9817	NA	2	11.7595	Viruses;Duplodnaviria;Heunggongvirae;Uroviricota;Caudoviricetes
genomad_k141_3221612	6593	No terminal repeats	NA	15	11	0.9817	NA	1	15.6917	Viruses;Duplodnaviria;Heunggongvirae;Uroviricota;Caudoviricetes
genomad_k141_803689	6092	No terminal repeats	NA	12	11	0.9817	NA	1	17.1828	Viruses;Duplodnaviria;Heunggongvirae;Uroviricota;Caudoviricetes
genomad_k141_1514628	4085	No terminal repeats	NA	5	11	0.9817	NA	0	7.1829	Viruses;Duplodnaviria;Heunggongvirae;Uroviricota;Caudoviricetes
genomad_k141_375369	4799	No terminal repeats	NA	7	11	0.9817	NA	1	6.7642	Viruses;Duplodnaviria;Heunggongvirae;Uroviricota;Caudoviricetes
genomad_k141_1427718	5623	No terminal repeats	NA	7	11	0.9817	NA	1	9.9183	Viruses;Duplodnaviria;Heunggongvirae;Uroviricota;Caudoviricetes
genomad_k141_2023786	3956	No terminal repeats	NA	5	11	0.9817	NA	2	8.2948	Viruses;Duplodnaviria;Heunggongvirae;Uroviricota;Caudoviricetes;Straboviridae
genomad_k141_2806273	4801	No terminal repeats	NA	5	11	0.9817	NA	3	6.1290	Viruses;Duplodnaviria;Heunggongvirae;Uroviricota;Caudoviricetes
genomad_k141_1758856	7064	No terminal repeats	NA	24	11	0.9817	NA	0	14.7958	Viruses;Duplodnaviria;Heunggongvirae;Uroviricota;Caudoviricetes
genomad_k141_2606683	3420	No terminal repeats	NA	8	11	0.9817	NA	2	9.9407	Viruses;Duplodnaviria;Heunggongvirae;Uroviricota;Caudoviricetes
genomad_k141_1092198	6362	No terminal repeats	NA	6	11	0.9817	NA	1	8.3782	Viruses;Duplodnaviria;Heunggongvirae;Uroviricota;Caudoviricetes
genomad_k141_1948115	5603	No terminal repeats	NA	9	11	0.9817	NA	1	8.1368	Viruses;Duplodnaviria;Heunggongvirae;Uroviricota;Caudoviricetes
genomad_k141_3337557	5456	No terminal repeats	NA	6	11	0.9817	NA	1	9.5750	Viruses;Duplodnaviria;Heunggongvirae;Uroviricota;Caudoviricetes
genomad_k141_2651566	5982	No terminal repeats	NA	4	11	0.9817	NA	1	5.9631	Viruses;Duplodnaviria;Heunggongvirae;Uroviricota;Caudoviricetes
genomad_k141_1776742	5973	No terminal repeats	NA	6	11	0.9817	NA	0	8.2644	Viruses;Duplodnaviria;Heunggongvirae;Uroviricota;Caudoviricetes
genomad_k141_3283579	6583	No terminal repeats	NA	14	11	0.9817	NA	0	13.0889	Viruses;Duplodnaviria;Heunggongvirae;Uroviricota;Caudoviricetes
genomad_k141_2164086	4377	No terminal repeats	NA	12	11	0.9817	NA	0	12.0160	Viruses;Duplodnaviria;Heunggongvirae;Uroviricota;Caudoviricetes
genomad_k141_2011897	5598	No terminal repeats	NA	8	11	0.9817	NA	2	10.1720	Viruses;Duplodnaviria;Heunggongvirae;Uroviricota;Caudoviricetes
genomad_k141_3754879	7656	No terminal repeats	NA	11	11	0.9817	NA	7	14.1756	Viruses;Duplodnaviria;Heunggongvirae;Uroviricota;Caudoviricetes
genomad_k141_477928	3930	No terminal repeats	NA	7	11	0.9817	NA	1	6.8731	Viruses;Duplodnaviria;Heunggongvirae;Uroviricota;Caudoviricetes
genomad_k141_3096441	3856	No terminal repeats	NA	8	11	0.9817	NA	1	11.4881	Viruses;Duplodnaviria;Heunggongvirae;Uroviricota;Caudoviricetes
genomad_k141_2616231	6036	No terminal repeats	NA	12	11	0.9817	NA	1	10.9870	Viruses;Duplodnaviria;Heunggongvirae;Uroviricota;Caudoviricetes
genomad_k141_1850521	5144	No terminal repeats	NA	15	11	0.9817	NA	0	9.6405	Viruses;Duplodnaviria;Heunggongvirae;Uroviricota;Caudoviricetes
genomad_k141_2058127	8815	No terminal repeats	NA	11	11	0.9817	NA	3	18.0605	Viruses;Duplodnaviria;Heunggongvirae;Uroviricota;Caudoviricetes
genomad_k141_2202336	8940	No terminal repeats	NA	5	11	0.9817	NA	0	7.9044	Viruses;Duplodnaviria;Heunggongvirae;Uroviricota;Caudoviricetes
genomad_k141_1471754	5343	No terminal repeats	NA	7	11	0.9817	NA	3	10.0388	Viruses;Duplodnaviria;Heunggongvirae;Uroviricota;Caudoviricetes
genomad_k141_3017111	4769	No terminal repeats	NA	6	11	0.9817	NA	1	8.5875	Viruses;Duplodnaviria;Heunggongvirae;Uroviricota;Caudoviricetes
genomad_k141_893118	3566	No terminal repeats	NA	14	11	0.9816	NA	0	14.9469	Viruses;Duplodnaviria;Heunggongvirae;Uroviricota;Caudoviricetes
genomad_k141_2626601	3775	No terminal repeats	NA	5	11	0.9816	NA	1	6.8634	Viruses;Duplodnaviria;Heunggongvirae;Uroviricota;Caudoviricetes
genomad_k141_666573	4606	No terminal repeats	NA	5	11	0.9816	NA	2	8.5914	Viruses;Duplodnaviria;Heunggongvirae;Uroviricota;Caudoviricetes
genomad_k141_2216007	7969	No terminal repeats	NA	18	11	0.9816	NA	3	20.6360	Viruses;Duplodnaviria;Heunggongvirae;Uroviricota;Caudoviricetes
genomad_k141_297674	3998	No terminal repeats	NA	9	11	0.9816	NA	0	13.7366	Viruses;Duplodnaviria;Heunggongvirae;Uroviricota;Caudoviricetes
genomad_k141_2136027	7427	No terminal repeats	NA	11	11	0.9816	NA	0	15.6419	Viruses;Duplodnaviria;Heunggongvirae;Uroviricota;Caudoviricetes
genomad_k141_3416122	9191	No terminal repeats	NA	7	11	0.9816	NA	0	6.8731	Viruses;Duplodnaviria;Heunggongvirae;Uroviricota;Caudoviricetes
genomad_k141_38489	3720	No terminal repeats	NA	5	11	0.9816	NA	1	6.5541	Viruses;Duplodnaviria;Heunggongvirae;Uroviricota;Caudoviricetes
genomad_k141_1359722	7404	No terminal repeats	NA	9	11	0.9816	NA	4	9.7706	Viruses;Duplodnaviria;Heunggongvirae;Uroviricota;Caudoviricetes
genomad_k141_2154040	3620	No terminal repeats	NA	6	11	0.9816	NA	0	8.3146	Viruses;Duplodnaviria;Heunggongvirae;Uroviricota;Caudoviricetes
genomad_k141_1206198	7804	No terminal repeats	NA	12	11	0.9816	NA	4	14.2266	Viruses;Duplodnaviria;Heunggongvirae;Uroviricota;Caudoviricetes
genomad_k141_645055	3505	No terminal repeats	NA	9	11	0.9816	NA	0	10.0552	Viruses;Duplodnaviria;Heunggongvirae;Uroviricota;Caudoviricetes
genomad_k141_1390593	5698	No terminal repeats	NA	9	11	0.9816	NA	1	10.7465	Viruses;Duplodnaviria;Heunggongvirae;Uroviricota;Caudoviricetes
genomad_k141_1710555	3543	No terminal repeats	NA	5	11	0.9816	NA	1	8.5718	Viruses;Duplodnaviria;Heunggongvirae;Uroviricota;Caudoviricetes
genomad_k141_3642743	7631	No terminal repeats	NA	13	11	0.9816	NA	3	14.6941	Viruses;Duplodnaviria;Heunggongvirae;Uroviricota;Caudoviricetes
genomad_k141_3132005	4071	No terminal repeats	NA	5	11	0.9816	NA	0	8.5526	Viruses;Duplodnaviria;Heunggongvirae;Uroviricota;Caudoviricetes
genomad_k141_281892	7364	No terminal repeats	NA	14	11	0.9816	NA	0	21.8496	Viruses;Duplodnaviria;Heunggongvirae;Uroviricota;Caudoviricetes
genomad_k141_1628440	4818	No terminal repeats	NA	14	11	0.9816	NA	1	10.8128	Viruses;Duplodnaviria;Heunggongvirae;Uroviricota;Caudoviricetes
genomad_k141_2299848	6826	No terminal repeats	NA	13	11	0.9816	NA	0	13.0237	Viruses;Duplodnaviria;Heunggongvirae;Uroviricota;Caudoviricetes
genomad_k141_1544615	4277	No terminal repeats	NA	12	11	0.9816	NA	0	8.2685	Viruses;Duplodnaviria;Heunggongvirae;Uroviricota;Caudoviricetes
genomad_k141_2980756	4208	No terminal repeats	NA	10	11	0.9816	NA	1	13.0322	Viruses;Duplodnaviria;Heunggongvirae;Uroviricota;Caudoviricetes
genomad_k141_305597	7765	No terminal repeats	NA	19	11	0.9816	NA	1	19.3482	Viruses;Duplodnaviria;Heunggongvirae;Uroviricota;Caudoviricetes
genomad_k141_3133248	3839	No terminal repeats	NA	9	11	0.9816	NA	2	15.4340	Viruses;Duplodnaviria;Heunggongvirae;Uroviricota;Caudoviricetes
genomad_k141_1345736	4114	No terminal repeats	NA	6	11	0.9816	NA	1	9.7191	Viruses;Duplodnaviria;Heunggongvirae;Uroviricota;Caudoviricetes
genomad_k141_1699259	3844	No terminal repeats	NA	10	11	0.9816	NA	1	10.4747	Viruses;Duplodnaviria;Heunggongvirae;Uroviricota;Caudoviricetes
genomad_k141_1851108	8134	No terminal repeats	NA	10	11	0.9816	NA	3	8.9848	Viruses;Duplodnaviria;Heunggongvirae;Uroviricota;Caudoviricetes
genomad_k141_1697324	9741	No terminal repeats	NA	13	11	0.9816	NA	5	15.6079	Viruses;Duplodnaviria;Heunggongvirae;Uroviricota;Caudoviricetes
genomad_k141_1129760	4503	No terminal repeats	NA	9	11	0.9816	NA	2	7.7271	Viruses;Duplodnaviria;Heunggongvirae;Uroviricota;Caudoviricetes
genomad_k141_1862821	9789	No terminal repeats	NA	7	11	0.9816	NA	0	6.8710	Viruses;Duplodnaviria;Heunggongvirae;Uroviricota;Caudoviricetes
genomad_k141_2797217	5602	No terminal repeats	NA	10	11	0.9816	NA	4	13.1986	Viruses;Duplodnaviria;Heunggongvirae;Uroviricota;Caudoviricetes
genomad_k141_3108141	4942	No terminal repeats	NA	7	11	0.9816	NA	2	9.2590	Viruses;Duplodnaviria;Heunggongvirae;Uroviricota;Caudoviricetes
genomad_k141_348592	8821	No terminal repeats	NA	7	11	0.9816	NA	0	9.8646	Viruses;Duplodnaviria;Heunggongvirae;Uroviricota;Caudoviricetes
genomad_k141_3337256	4949	No terminal repeats	NA	6	11	0.9816	NA	2	6.1643	Viruses;Duplodnaviria;Heunggongvirae;Uroviricota;Caudoviricetes
genomad_k141_1251309	6791	No terminal repeats	NA	8	11	0.9816	NA	2	9.9339	Viruses;Duplodnaviria;Heunggongvirae;Uroviricota;Caudoviricetes
genomad_k141_2176313	8033	No terminal repeats	NA	13	11	0.9816	NA	6	19.1611	Viruses;Duplodnaviria;Heunggongvirae;Uroviricota;Caudoviricetes
genomad_k141_1547197	9928	No terminal repeats	NA	12	11	0.9816	NA	4	18.8723	Viruses;Duplodnaviria;Heunggongvirae;Uroviricota;Caudoviricetes
genomad_k141_1857346	4569	No terminal repeats	NA	5	11	0.9816	NA	0	6.8731	Viruses;Duplodnaviria;Heunggongvirae;Uroviricota;Caudoviricetes
genomad_k141_1647127	3810	No terminal repeats	NA	6	11	0.9816	NA	0	9.9907	Viruses;Duplodnaviria;Heunggongvirae;Uroviricota;Caudoviricetes
genomad_k141_742754	3826	No terminal repeats	NA	6	11	0.9816	NA	3	9.5240	Viruses;Duplodnaviria;Heunggongvirae;Uroviricota;Caudoviricetes
genomad_k141_1944678	6519	No terminal repeats	NA	17	11	0.9816	NA	0	14.2874	Viruses;Duplodnaviria;Heunggongvirae;Uroviricota;Caudoviricetes
genomad_k141_1676476	5348	No terminal repeats	NA	5	15	0.9816	NA	0	7.8685	Viruses;Duplodnaviria;Heunggongvirae;Uroviricota;Caudoviricetes
genomad_k141_2568329	6057	No terminal repeats	NA	8	11	0.9816	NA	2	8.9016	Viruses;Duplodnaviria;Heunggongvirae;Uroviricota;Caudoviricetes
genomad_k141_2417181	5957	No terminal repeats	NA	15	11	0.9815	NA	1	20.4321	Viruses;Duplodnaviria;Heunggongvirae;Uroviricota;Caudoviricetes
genomad_k141_1215908	5326	No terminal repeats	NA	7	11	0.9815	NA	0	9.4065	Viruses;Duplodnaviria;Heunggongvirae;Uroviricota;Caudoviricetes
genomad_k141_655000	7100	No terminal repeats	NA	9	11	0.9815	NA	3	10.1155	Viruses;Duplodnaviria;Heunggongvirae;Uroviricota;Caudoviricetes
genomad_k141_1804327	3640	No terminal repeats	NA	10	11	0.9815	NA	2	10.9475	Viruses;Duplodnaviria;Heunggongvirae;Uroviricota;Caudoviricetes
genomad_k141_48212	4631	No terminal repeats	NA	12	11	0.9815	NA	0	14.1074	Viruses;Duplodnaviria;Heunggongvirae;Uroviricota;Caudoviricetes
genomad_k141_1739736	4390	No terminal repeats	NA	12	11	0.9815	NA	1	14.3619	Viruses;Duplodnaviria;Heunggongvirae;Uroviricota;Caudoviricetes
genomad_k141_2723395	3955	No terminal repeats	NA	6	11	0.9815	NA	0	9.7401	Viruses;Duplodnaviria;Heunggongvirae;Uroviricota;Caudoviricetes
genomad_k141_3771617	6213	No terminal repeats	NA	10	11	0.9815	NA	0	16.5067	Viruses;Duplodnaviria;Heunggongvirae;Uroviricota;Caudoviricetes
genomad_k141_218954	4395	No terminal repeats	NA	6	11	0.9815	NA	1	10.2391	Viruses;Duplodnaviria;Heunggongvirae;Uroviricota;Caudoviricetes
genomad_k141_2637533	4821	No terminal repeats	NA	11	11	0.9815	NA	2	18.9011	Viruses;Duplodnaviria;Heunggongvirae;Uroviricota;Caudoviricetes
genomad_k141_2858113	5711	No terminal repeats	NA	6	11	0.9815	NA	1	8.5914	Viruses;Duplodnaviria;Heunggongvirae;Uroviricota;Caudoviricetes
genomad_k141_447417	7945	No terminal repeats	NA	15	11	0.9815	NA	0	14.4810	Viruses;Duplodnaviria;Heunggongvirae;Uroviricota;Caudoviricetes
genomad_k141_3072610	6520	No terminal repeats	NA	9	11	0.9815	NA	1	11.6582	Viruses;Duplodnaviria;Heunggongvirae;Uroviricota;Caudoviricetes
genomad_k141_3072942	4836	No terminal repeats	NA	5	11	0.9815	NA	0	6.4350	Viruses;Duplodnaviria;Heunggongvirae;Uroviricota;Caudoviricetes
genomad_k141_189668	9611	No terminal repeats	NA	8	11	0.9815	NA	1	10.0162	Viruses;Duplodnaviria;Heunggongvirae;Uroviricota;Caudoviricetes;Zobellviridae
genomad_k141_1983780	7033	No terminal repeats	NA	10	11	0.9815	NA	4	8.7635	Viruses;Duplodnaviria;Heunggongvirae;Uroviricota;Caudoviricetes
genomad_k141_3707907	7891	No terminal repeats	NA	8	11	0.9815	NA	3	10.5448	Viruses;Duplodnaviria;Heunggongvirae;Uroviricota;Caudoviricetes
genomad_k141_2494801	8288	No terminal repeats	NA	10	11	0.9815	NA	1	11.6239	Viruses;Duplodnaviria;Heunggongvirae;Uroviricota;Caudoviricetes
genomad_k141_35614	4157	No terminal repeats	NA	11	11	0.9815	NA	0	10.2000	Viruses;Duplodnaviria;Heunggongvirae;Uroviricota;Caudoviricetes
genomad_k141_598110	6943	No terminal repeats	NA	11	11	0.9815	NA	3	9.7850	Viruses;Duplodnaviria;Heunggongvirae;Uroviricota;Caudoviricetes
genomad_k141_3409769	3691	No terminal repeats	NA	6	11	0.9815	NA	0	9.7712	Viruses;Duplodnaviria;Heunggongvirae;Uroviricota;Caudoviricetes
genomad_k141_3580636	5310	No terminal repeats	NA	5	11	0.9815	NA	1	8.1617	Viruses;Duplodnaviria;Heunggongvirae;Uroviricota;Caudoviricetes
genomad_k141_1490739	4567	No terminal repeats	NA	6	11	0.9815	NA	0	7.7221	Viruses;Duplodnaviria;Heunggongvirae;Uroviricota;Caudoviricetes
genomad_k141_2764852	3547	No terminal repeats	NA	10	11	0.9815	NA	0	15.4645	Viruses;Duplodnaviria;Heunggongvirae;Uroviricota;Caudoviricetes
genomad_k141_3441874	19861	No terminal repeats	NA	20	11	0.9815	NA	1	24.1799	Viruses;Duplodnaviria;Heunggongvirae;Uroviricota;Caudoviricetes
genomad_k141_2820780	3519	No terminal repeats	NA	6	11	0.9815	NA	2	7.4494	Viruses;Duplodnaviria;Heunggongvirae;Uroviricota;Caudoviricetes
genomad_k141_2814405	6470	No terminal repeats	NA	10	11	0.9815	NA	1	10.3066	Viruses;Duplodnaviria;Heunggongvirae;Uroviricota;Caudoviricetes
genomad_k141_3174913	4593	No terminal repeats	NA	6	11	0.9815	NA	3	7.3074	Viruses;Duplodnaviria;Heunggongvirae;Uroviricota;Caudoviricetes
genomad_k141_9874	8069	No terminal repeats	NA	11	11	0.9815	NA	3	12.3973	Viruses;Duplodnaviria;Heunggongvirae;Uroviricota;Caudoviricetes
genomad_k141_476444	2627	No terminal repeats	NA	4	11	0.9815	NA	1	6.4441	Viruses;Duplodnaviria;Heunggongvirae;Uroviricota;Caudoviricetes
genomad_k141_3373485	7528	No terminal repeats	NA	13	11	0.9815	NA	5	19.3978	Viruses;Duplodnaviria;Heunggongvirae;Uroviricota;Caudoviricetes
genomad_k141_3332004	5832	No terminal repeats	NA	10	11	0.9815	NA	2	7.9587	Viruses;Duplodnaviria;Heunggongvirae;Uroviricota;Caudoviricetes
genomad_k141_924011	3769	No terminal repeats	NA	7	11	0.9815	NA	1	10.3079	Viruses;Duplodnaviria;Heunggongvirae;Uroviricota;Caudoviricetes
genomad_k141_3270361	3542	No terminal repeats	NA	8	11	0.9815	NA	0	10.1179	Viruses;Duplodnaviria;Heunggongvirae;Uroviricota;Caudoviricetes
genomad_k141_316565	4709	No terminal repeats	NA	8	11	0.9815	NA	0	8.8700	Viruses;Duplodnaviria;Heunggongvirae;Uroviricota;Caudoviricetes
genomad_k141_2930365	4482	No terminal repeats	NA	7	11	0.9815	NA	1	9.8406	Viruses;Duplodnaviria;Heunggongvirae;Uroviricota;Caudoviricetes;Kyanoviridae
genomad_k141_1668363	5671	No terminal repeats	NA	16	11	0.9815	NA	0	7.9343	Viruses;Duplodnaviria;Heunggongvirae;Uroviricota;Caudoviricetes;Straboviridae
genomad_k141_1083437	4039	No terminal repeats	NA	13	11	0.9815	NA	0	9.1384	Viruses;Duplodnaviria;Heunggongvirae;Uroviricota;Caudoviricetes
genomad_k141_2728815	6712	No terminal repeats	NA	8	11	0.9815	NA	3	10.3360	Viruses;Duplodnaviria;Heunggongvirae;Uroviricota;Caudoviricetes
genomad_k141_261563	5979	No terminal repeats	NA	10	11	0.9815	NA	2	10.2336	Viruses;Duplodnaviria;Heunggongvirae;Uroviricota;Caudoviricetes
genomad_k141_1179752	3633	No terminal repeats	NA	6	11	0.9815	NA	1	10.2834	Viruses;Duplodnaviria;Heunggongvirae;Uroviricota;Caudoviricetes
genomad_k141_783561	3760	No terminal repeats	NA	8	11	0.9815	NA	6	10.7034	Viruses;Duplodnaviria;Heunggongvirae;Uroviricota;Caudoviricetes
genomad_k141_954427	5195	No terminal repeats	NA	11	11	0.9815	NA	2	11.6497	Viruses;Duplodnaviria;Heunggongvirae;Uroviricota;Caudoviricetes
genomad_k141_3412443	3587	No terminal repeats	NA	7	11	0.9814	NA	0	9.3405	Viruses;Duplodnaviria;Heunggongvirae;Uroviricota;Caudoviricetes
genomad_k141_744202	5617	No terminal repeats	NA	8	11	0.9814	NA	3	11.5357	Viruses;Duplodnaviria;Heunggongvirae;Uroviricota;Caudoviricetes
genomad_k141_844595	5492	No terminal repeats	NA	7	11	0.9814	NA	0	10.3758	Viruses;Duplodnaviria;Heunggongvirae;Uroviricota;Caudoviricetes
genomad_k141_3070252	6153	No terminal repeats	NA	9	11	0.9814	NA	0	10.1126	Viruses;Duplodnaviria;Heunggongvirae;Uroviricota;Caudoviricetes
genomad_k141_2218495	7610	No terminal repeats	NA	11	11	0.9814	NA	1	16.9209	Viruses;Duplodnaviria;Heunggongvirae;Uroviricota;Caudoviricetes
genomad_k141_1361382	8778	No terminal repeats	NA	12	11	0.9814	NA	4	12.5566	Viruses;Duplodnaviria;Heunggongvirae;Uroviricota;Caudoviricetes
genomad_k141_2938854	3560	No terminal repeats	NA	5	11	0.9814	NA	1	6.8460	Viruses;Duplodnaviria;Heunggongvirae;Uroviricota;Caudoviricetes
genomad_k141_2506071	5222	No terminal repeats	NA	7	11	0.9814	NA	1	12.0280	Viruses;Duplodnaviria;Heunggongvirae;Uroviricota;Caudoviricetes
genomad_k141_555796	27826	No terminal repeats	NA	21	11	0.9814	NA	6	32.0804	Viruses;Duplodnaviria;Heunggongvirae;Uroviricota;Caudoviricetes
genomad_k141_3153697	4356	No terminal repeats	NA	6	11	0.9814	NA	1	10.3097	Viruses;Duplodnaviria;Heunggongvirae;Uroviricota;Caudoviricetes
genomad_k141_1285718	4794	No terminal repeats	NA	6	11	0.9814	NA	0	6.1632	Viruses;Duplodnaviria;Heunggongvirae;Uroviricota;Caudoviricetes
genomad_k141_3800280	42189	DTR	NA	45	11	0.9814	NA	7	51.0474	Viruses;Duplodnaviria;Heunggongvirae;Uroviricota;Caudoviricetes
genomad_k141_3750133	4991	No terminal repeats	NA	5	11	0.9814	NA	4	7.2606	Viruses;Duplodnaviria;Heunggongvirae;Uroviricota;Caudoviricetes
genomad_k141_1613103	7706	No terminal repeats	NA	19	11	0.9814	NA	2	15.2091	Viruses;Duplodnaviria;Heunggongvirae;Uroviricota;Caudoviricetes
genomad_k141_216639	8101	No terminal repeats	NA	7	15	0.9814	NA	0	8.5914	Viruses;Duplodnaviria;Heunggongvirae;Uroviricota;Caudoviricetes
genomad_k141_1753716	3638	No terminal repeats	NA	9	11	0.9814	NA	1	10.6754	Viruses;Duplodnaviria;Heunggongvirae;Uroviricota;Caudoviricetes
genomad_k141_1452478	4509	No terminal repeats	NA	8	11	0.9814	NA	0	10.5629	Viruses;Duplodnaviria;Heunggongvirae;Uroviricota;Caudoviricetes
genomad_k141_1072478	7269	No terminal repeats	NA	12	11	0.9814	NA	1	12.9016	Viruses;Duplodnaviria;Heunggongvirae;Uroviricota;Caudoviricetes
genomad_k141_1381846	7048	No terminal repeats	NA	8	11	0.9814	NA	1	11.8938	Viruses;Duplodnaviria;Heunggongvirae;Uroviricota;Caudoviricetes
genomad_k141_2216123	5909	No terminal repeats	NA	8	11	0.9814	NA	0	6.1722	Viruses;Duplodnaviria;Heunggongvirae;Uroviricota;Caudoviricetes
genomad_k141_1329531	3813	No terminal repeats	NA	8	11	0.9814	NA	2	9.4416	Viruses;Duplodnaviria;Heunggongvirae;Uroviricota;Caudoviricetes
genomad_k141_657679	3737	No terminal repeats	NA	5	11	0.9814	NA	2	7.9985	Viruses;Duplodnaviria;Heunggongvirae;Uroviricota;Caudoviricetes
genomad_k141_3329784	3737	No terminal repeats	NA	5	11	0.9814	NA	2	6.4818	Viruses;Duplodnaviria;Heunggongvirae;Uroviricota;Caudoviricetes
genomad_k141_1313232	6418	No terminal repeats	NA	16	11	0.9814	NA	1	10.9015	Viruses;Duplodnaviria;Heunggongvirae;Uroviricota;Caudoviricetes
genomad_k141_1671640	4163	No terminal repeats	NA	7	11	0.9814	NA	1	8.5566	Viruses;Duplodnaviria;Heunggongvirae;Uroviricota;Caudoviricetes
genomad_k141_3765193	4819	No terminal repeats	NA	10	11	0.9814	NA	0	8.0331	Viruses;Duplodnaviria;Heunggongvirae;Uroviricota;Caudoviricetes
genomad_k141_2403595	8384	No terminal repeats	NA	11	11	0.9814	NA	2	10.5380	Viruses;Duplodnaviria;Heunggongvirae;Uroviricota;Caudoviricetes
genomad_k141_1299373	6149	No terminal repeats	NA	7	11	0.9814	NA	1	6.8451	Viruses;Duplodnaviria;Heunggongvirae;Uroviricota;Caudoviricetes
genomad_k141_820632	3975	No terminal repeats	NA	8	11	0.9814	NA	3	8.5914	Viruses;Duplodnaviria;Heunggongvirae;Uroviricota;Caudoviricetes
genomad_k141_1459626	6386	No terminal repeats	NA	6	11	0.9814	NA	1	10.3083	Viruses;Duplodnaviria;Heunggongvirae;Uroviricota;Caudoviricetes
genomad_k141_2027401	3704	No terminal repeats	NA	11	11	0.9814	NA	0	11.5033	Viruses;Duplodnaviria;Heunggongvirae;Uroviricota;Caudoviricetes
genomad_k141_3214827	6049	No terminal repeats	NA	10	11	0.9814	NA	2	7.8503	Viruses;Duplodnaviria;Heunggongvirae;Uroviricota;Caudoviricetes
genomad_k141_1613371	4766	No terminal repeats	NA	6	11	0.9814	NA	3	9.7113	Viruses;Duplodnaviria;Heunggongvirae;Uroviricota;Caudoviricetes
genomad_k141_3466796	4207	No terminal repeats	NA	5	11	0.9814	NA	2	7.3383	Viruses;Duplodnaviria;Heunggongvirae;Uroviricota;Caudoviricetes
genomad_k141_2657458	5286	No terminal repeats	NA	7	11	0.9814	NA	0	7.5522	Viruses;Duplodnaviria;Heunggongvirae;Uroviricota;Caudoviricetes
genomad_k141_3116323	4854	No terminal repeats	NA	6	11	0.9814	NA	1	8.0609	Viruses;Duplodnaviria;Heunggongvirae;Uroviricota;Caudoviricetes
genomad_k141_2704533	6033	No terminal repeats	NA	13	11	0.9814	NA	0	18.1554	Viruses;Duplodnaviria;Heunggongvirae;Uroviricota;Caudoviricetes
genomad_k141_2033324	3992	No terminal repeats	NA	5	11	0.9814	NA	3	7.8761	Viruses;Duplodnaviria;Heunggongvirae;Uroviricota;Caudoviricetes
genomad_k141_3401304	4973	No terminal repeats	NA	5	11	0.9814	NA	3	8.3897	Viruses;Duplodnaviria;Heunggongvirae;Uroviricota;Caudoviricetes
genomad_k141_1668914	3581	No terminal repeats	NA	8	11	0.9814	NA	2	13.5517	Viruses;Duplodnaviria;Heunggongvirae;Uroviricota;Caudoviricetes
genomad_k141_1848717	3553	No terminal repeats	NA	7	11	0.9814	NA	4	7.2075	Viruses;Duplodnaviria;Heunggongvirae;Uroviricota;Caudoviricetes
genomad_k141_2583694	3993	No terminal repeats	NA	9	11	0.9814	NA	1	11.4859	Viruses;Duplodnaviria;Heunggongvirae;Uroviricota;Caudoviricetes
genomad_k141_1806833	4504	No terminal repeats	NA	8	11	0.9814	NA	1	7.7011	Viruses;Duplodnaviria;Heunggongvirae;Uroviricota;Caudoviricetes
genomad_k141_644859	6356	No terminal repeats	NA	11	11	0.9814	NA	1	7.6546	Viruses;Duplodnaviria;Heunggongvirae;Uroviricota;Caudoviricetes
genomad_k141_1823982	6878	No terminal repeats	NA	5	11	0.9814	NA	0	8.5914	Viruses;Duplodnaviria;Heunggongvirae;Uroviricota;Caudoviricetes
genomad_k141_2502818	6646	No terminal repeats	NA	13	11	0.9814	NA	1	14.6405	Viruses;Duplodnaviria;Heunggongvirae;Uroviricota;Caudoviricetes
genomad_k141_1566822	4366	No terminal repeats	NA	5	11	0.9814	NA	2	8.1866	Viruses;Duplodnaviria;Heunggongvirae;Uroviricota;Caudoviricetes
genomad_k141_302299	39183	No terminal repeats	NA	68	11	0.9813	NA	5	60.0126	Viruses;Duplodnaviria;Heunggongvirae;Uroviricota;Caudoviricetes
genomad_k141_2526776	4107	No terminal repeats	NA	7	11	0.9813	NA	0	11.4332	Viruses;Duplodnaviria;Heunggongvirae;Uroviricota;Caudoviricetes
genomad_k141_655341	4899	No terminal repeats	NA	9	11	0.9813	NA	0	8.0595	Viruses;Duplodnaviria;Heunggongvirae;Uroviricota;Caudoviricetes
genomad_k141_488298	4252	No terminal repeats	NA	6	11	0.9813	NA	0	7.3772	Viruses;Duplodnaviria;Heunggongvirae;Uroviricota;Caudoviricetes
genomad_k141_372403	5238	No terminal repeats	NA	13	11	0.9813	NA	1	12.0205	Viruses;Duplodnaviria;Heunggongvirae;Uroviricota;Caudoviricetes
genomad_k141_1571790	3613	No terminal repeats	NA	5	11	0.9813	NA	2	7.6258	Viruses;Duplodnaviria;Heunggongvirae;Uroviricota;Caudoviricetes
genomad_k141_2459028	4114	No terminal repeats	NA	6	11	0.9813	NA	1	10.1808	Viruses;Duplodnaviria;Heunggongvirae;Uroviricota;Caudoviricetes;Kyanoviridae
genomad_k141_2515174	5418	No terminal repeats	NA	12	11	0.9813	NA	2	18.5536	Viruses;Duplodnaviria;Heunggongvirae;Uroviricota;Caudoviricetes
genomad_k141_1906519	7240	No terminal repeats	NA	18	11	0.9813	NA	0	9.1720	Viruses;Duplodnaviria;Heunggongvirae;Uroviricota;Caudoviricetes
genomad_k141_1226601	4708	No terminal repeats	NA	5	11	0.9813	NA	0	6.8135	Viruses;Duplodnaviria;Heunggongvirae;Uroviricota;Caudoviricetes
genomad_k141_2218286	5431	No terminal repeats	NA	11	11	0.9813	NA	2	10.1038	Viruses;Duplodnaviria;Heunggongvirae;Uroviricota;Caudoviricetes
genomad_k141_370913	7852	No terminal repeats	NA	11	11	0.9813	NA	1	7.8872	Viruses;Duplodnaviria;Heunggongvirae;Uroviricota;Caudoviricetes
genomad_k141_840273	6939	No terminal repeats	NA	7	11	0.9813	NA	4	7.9052	Viruses;Duplodnaviria;Heunggongvirae;Uroviricota;Caudoviricetes
genomad_k141_2689885	4546	No terminal repeats	NA	8	11	0.9813	NA	2	11.3076	Viruses;Duplodnaviria;Heunggongvirae;Uroviricota;Caudoviricetes
genomad_k141_832725	6967	No terminal repeats	NA	6	11	0.9813	NA	1	8.2976	Viruses;Duplodnaviria;Heunggongvirae;Uroviricota;Caudoviricetes
genomad_k141_562624	3825	No terminal repeats	NA	5	11	0.9813	NA	1	6.0219	Viruses;Duplodnaviria;Heunggongvirae;Uroviricota;Caudoviricetes
genomad_k141_3712388	3687	No terminal repeats	NA	9	11	0.9813	NA	1	14.9886	Viruses;Duplodnaviria;Heunggongvirae;Uroviricota;Caudoviricetes
genomad_k141_677887	9267	No terminal repeats	NA	12	11	0.9813	NA	4	18.7173	Viruses;Duplodnaviria;Heunggongvirae;Uroviricota;Caudoviricetes
genomad_k141_2115288	5040	No terminal repeats	NA	12	11	0.9813	NA	1	11.7443	Viruses;Duplodnaviria;Heunggongvirae;Uroviricota;Caudoviricetes
genomad_k141_1043268	5897	No terminal repeats	NA	8	11	0.9813	NA	4	8.7012	Viruses;Duplodnaviria;Heunggongvirae;Uroviricota;Caudoviricetes
genomad_k141_3598504	6002	No terminal repeats	NA	7	11	0.9813	NA	1	10.1755	Viruses;Duplodnaviria;Heunggongvirae;Uroviricota;Caudoviricetes
genomad_k141_1973898	6146	No terminal repeats	NA	6	11	0.9813	NA	1	6.8358	Viruses;Duplodnaviria;Heunggongvirae;Uroviricota;Caudoviricetes
genomad_k141_2194816	3960	No terminal repeats	NA	5	11	0.9813	NA	0	7.1655	Viruses;Duplodnaviria;Heunggongvirae;Uroviricota;Caudoviricetes
genomad_k141_390233	17204	No terminal repeats	NA	23	11	0.9813	NA	8	30.6832	Viruses;Duplodnaviria;Heunggongvirae;Uroviricota;Caudoviricetes
genomad_k141_184223	5747	No terminal repeats	NA	12	11	0.9813	NA	0	18.5863	Viruses;Duplodnaviria;Heunggongvirae;Uroviricota;Caudoviricetes
genomad_k141_3314950	5463	No terminal repeats	NA	7	11	0.9813	NA	1	8.5879	Viruses;Duplodnaviria;Heunggongvirae;Uroviricota;Caudoviricetes
genomad_k141_3748584	4580	No terminal repeats	NA	5	11	0.9813	NA	0	7.2855	Viruses;Duplodnaviria;Heunggongvirae;Uroviricota;Caudoviricetes
genomad_k141_1832372	4046	No terminal repeats	NA	9	11	0.9813	NA	3	13.2614	Viruses;Duplodnaviria;Heunggongvirae;Uroviricota;Caudoviricetes
genomad_k141_1567395	4272	No terminal repeats	NA	7	11	0.9813	NA	2	7.9158	Viruses;Duplodnaviria;Heunggongvirae;Uroviricota;Caudoviricetes
genomad_k141_2574160	8472	No terminal repeats	NA	13	11	0.9813	NA	1	15.1770	Viruses;Duplodnaviria;Heunggongvirae;Uroviricota;Caudoviricetes
genomad_k141_1102216	5121	No terminal repeats	NA	7	11	0.9813	NA	2	8.7483	Viruses;Duplodnaviria;Heunggongvirae;Uroviricota;Caudoviricetes
genomad_k141_1025707	4345	No terminal repeats	NA	6	11	0.9813	NA	0	9.5639	Viruses;Duplodnaviria;Heunggongvirae;Uroviricota;Caudoviricetes
genomad_k141_1848226	6209	No terminal repeats	NA	5	11	0.9813	NA	2	6.0691	Viruses;Duplodnaviria;Heunggongvirae;Uroviricota;Caudoviricetes
genomad_k141_1145000	9657	No terminal repeats	NA	8	11	0.9813	NA	3	13.0621	Viruses;Duplodnaviria;Heunggongvirae;Uroviricota;Caudoviricetes
genomad_k141_1926651	9267	No terminal repeats	NA	21	11	0.9813	NA	0	17.7159	Viruses;Duplodnaviria;Heunggongvirae;Uroviricota;Caudoviricetes
genomad_k141_757683	3949	No terminal repeats	NA	6	11	0.9813	NA	0	9.3664	Viruses;Duplodnaviria;Heunggongvirae;Uroviricota;Caudoviricetes
genomad_k141_1369943	5623	No terminal repeats	NA	9	11	0.9813	NA	1	13.2820	Viruses;Duplodnaviria;Heunggongvirae;Uroviricota;Caudoviricetes
genomad_k141_2091558	28346	No terminal repeats	NA	33	11	0.9813	NA	4	35.4475	Viruses;Duplodnaviria;Heunggongvirae;Uroviricota;Caudoviricetes
genomad_k141_938635	3829	No terminal repeats	NA	8	11	0.9812	NA	0	8.5403	Viruses;Duplodnaviria;Heunggongvirae;Uroviricota;Caudoviricetes
genomad_k141_1903952	8746	No terminal repeats	NA	9	11	0.9812	NA	3	14.5923	Viruses;Duplodnaviria;Heunggongvirae;Uroviricota;Caudoviricetes
genomad_k141_2637614	7078	No terminal repeats	NA	10	11	0.9812	NA	5	12.9373	Viruses;Duplodnaviria;Heunggongvirae;Uroviricota;Caudoviricetes
genomad_k141_3405366	9694	No terminal repeats	NA	7	11	0.9812	NA	0	12.0208	Viruses;Duplodnaviria;Heunggongvirae;Uroviricota;Caudoviricetes
genomad_k141_2226987	4235	No terminal repeats	NA	6	11	0.9812	NA	1	8.5914	Viruses;Duplodnaviria;Heunggongvirae;Uroviricota;Caudoviricetes
genomad_k141_1857932	3632	No terminal repeats	NA	6	11	0.9812	NA	0	8.0997	Viruses;Duplodnaviria;Heunggongvirae;Uroviricota;Caudoviricetes
genomad_k141_849509	5444	No terminal repeats	NA	7	11	0.9812	NA	2	5.9880	Viruses;Duplodnaviria;Heunggongvirae;Uroviricota;Caudoviricetes
genomad_k141_796474	9244	No terminal repeats	NA	18	11	0.9812	NA	4	16.9457	Viruses;Duplodnaviria;Heunggongvirae;Uroviricota;Caudoviricetes
genomad_k141_3319890	2662	No terminal repeats	NA	8	11	0.9812	NA	0	11.5100	Viruses;Duplodnaviria;Heunggongvirae;Uroviricota;Caudoviricetes
genomad_k141_1435610	9215	No terminal repeats	NA	10	11	0.9812	NA	1	12.3805	Viruses;Duplodnaviria;Heunggongvirae;Uroviricota;Caudoviricetes
genomad_k141_2508152	5958	No terminal repeats	NA	6	11	0.9812	NA	4	6.7033	Viruses;Duplodnaviria;Heunggongvirae;Uroviricota;Caudoviricetes
genomad_k141_1619490	4931	No terminal repeats	NA	9	11	0.9812	NA	2	11.8287	Viruses;Duplodnaviria;Heunggongvirae;Uroviricota;Caudoviricetes
genomad_k141_2151971	4733	No terminal repeats	NA	11	11	0.9812	NA	2	11.4014	Viruses;Duplodnaviria;Heunggongvirae;Uroviricota;Caudoviricetes
genomad_k141_3763702	3506	No terminal repeats	NA	5	11	0.9812	NA	2	8.1243	Viruses;Duplodnaviria;Heunggongvirae;Uroviricota;Caudoviricetes
genomad_k141_1255224	4867	No terminal repeats	NA	11	11	0.9812	NA	4	10.8911	Viruses;Duplodnaviria;Heunggongvirae;Uroviricota;Caudoviricetes
genomad_k141_2103652	5461	No terminal repeats	NA	8	11	0.9812	NA	0	12.7990	Viruses;Duplodnaviria;Heunggongvirae;Uroviricota;Caudoviricetes
genomad_k141_2595326	4448	No terminal repeats	NA	7	11	0.9812	NA	0	6.5750	Viruses;Duplodnaviria;Heunggongvirae;Uroviricota;Caudoviricetes
genomad_k141_2379053	4917	No terminal repeats	NA	15	11	0.9812	NA	0	15.4645	Viruses;Duplodnaviria;Heunggongvirae;Uroviricota;Caudoviricetes
genomad_k141_1453769	5176	No terminal repeats	NA	8	11	0.9812	NA	0	9.1041	Viruses;Duplodnaviria;Heunggongvirae;Uroviricota;Caudoviricetes
genomad_k141_3623610	6389	No terminal repeats	NA	7	11	0.9812	NA	0	10.2059	Viruses;Duplodnaviria;Heunggongvirae;Uroviricota;Caudoviricetes
genomad_k141_3578896	4852	No terminal repeats	NA	6	11	0.9812	NA	1	8.1234	Viruses;Duplodnaviria;Heunggongvirae;Uroviricota;Caudoviricetes
genomad_k141_1129534	5295	No terminal repeats	NA	8	11	0.9812	NA	2	9.5581	Viruses;Duplodnaviria;Heunggongvirae;Uroviricota;Caudoviricetes
genomad_k141_1652787	5753	No terminal repeats	NA	11	11	0.9812	NA	6	12.5722	Viruses;Duplodnaviria;Heunggongvirae;Uroviricota;Caudoviricetes
genomad_k141_836288	4193	No terminal repeats	NA	10	11	0.9812	NA	1	13.2418	Viruses;Duplodnaviria;Heunggongvirae;Uroviricota;Caudoviricetes
genomad_k141_1903974	3891	No terminal repeats	NA	6	11	0.9812	NA	1	8.5914	Viruses;Duplodnaviria;Heunggongvirae;Uroviricota;Caudoviricetes
genomad_k141_1077874	4093	No terminal repeats	NA	10	11	0.9812	NA	1	7.9593	Viruses;Duplodnaviria;Heunggongvirae;Uroviricota;Caudoviricetes
genomad_k141_3528898	4698	No terminal repeats	NA	7	11	0.9812	NA	2	9.8677	Viruses;Duplodnaviria;Heunggongvirae;Uroviricota;Caudoviricetes
genomad_k141_1788085	4103	No terminal repeats	NA	6	11	0.9812	NA	1	8.2953	Viruses;Duplodnaviria;Heunggongvirae;Uroviricota;Caudoviricetes
genomad_k141_1372440	4728	No terminal repeats	NA	8	11	0.9812	NA	2	8.4004	Viruses;Duplodnaviria;Heunggongvirae;Uroviricota;Caudoviricetes
genomad_k141_2860581	3725	No terminal repeats	NA	7	11	0.9812	NA	0	11.2621	Viruses;Duplodnaviria;Heunggongvirae;Uroviricota;Caudoviricetes
genomad_k141_2468246	3842	No terminal repeats	NA	7	11	0.9812	NA	2	6.8731	Viruses;Duplodnaviria;Heunggongvirae;Uroviricota;Caudoviricetes
genomad_k141_2444475	4396	No terminal repeats	NA	10	11	0.9812	NA	0	11.7466	Viruses;Duplodnaviria;Heunggongvirae;Uroviricota;Caudoviricetes
genomad_k141_17600	5528	No terminal repeats	NA	13	11	0.9812	NA	2	18.3718	Viruses;Duplodnaviria;Heunggongvirae;Uroviricota;Caudoviricetes
genomad_k141_13531	7219	No terminal repeats	NA	9	11	0.9812	NA	3	9.5695	Viruses;Duplodnaviria;Heunggongvirae;Uroviricota;Caudoviricetes
genomad_k141_1927304	9721	No terminal repeats	NA	16	11	0.9812	NA	4	26.6952	Viruses;Duplodnaviria;Heunggongvirae;Uroviricota;Caudoviricetes
genomad_k141_1187683	3890	No terminal repeats	NA	12	11	0.9812	NA	0	6.6044	Viruses;Duplodnaviria;Heunggongvirae;Uroviricota;Caudoviricetes
genomad_k141_1360241	3888	No terminal repeats	NA	6	11	0.9812	NA	0	7.2471	Viruses;Duplodnaviria;Heunggongvirae;Uroviricota;Caudoviricetes
genomad_k141_2097663	7275	No terminal repeats	NA	12	11	0.9812	NA	1	18.3263	Viruses;Duplodnaviria;Heunggongvirae;Uroviricota;Caudoviricetes
genomad_k141_683889	4106	No terminal repeats	NA	5	11	0.9812	NA	2	6.1599	Viruses;Duplodnaviria;Heunggongvirae;Uroviricota;Caudoviricetes
genomad_k141_2326696	5002	No terminal repeats	NA	12	11	0.9812	NA	2	20.4130	Viruses;Duplodnaviria;Heunggongvirae;Uroviricota;Caudoviricetes
genomad_k141_3705963	5794	No terminal repeats	NA	12	11	0.9812	NA	0	8.6252	Viruses;Duplodnaviria;Heunggongvirae;Uroviricota;Caudoviricetes
genomad_k141_1086567	3566	No terminal repeats	NA	7	11	0.9812	NA	1	8.1440	Viruses;Duplodnaviria;Heunggongvirae;Uroviricota;Caudoviricetes
genomad_k141_3157602	3560	No terminal repeats	NA	7	11	0.9812	NA	2	9.6124	Viruses;Duplodnaviria;Heunggongvirae;Uroviricota;Caudoviricetes;Kyanoviridae
genomad_k141_1883686	5053	No terminal repeats	NA	9	11	0.9811	NA	7	11.1396	Viruses;Duplodnaviria;Heunggongvirae;Uroviricota;Caudoviricetes
genomad_k141_3132226	6842	No terminal repeats	NA	9	11	0.9811	NA	2	9.4135	Viruses;Duplodnaviria;Heunggongvirae;Uroviricota;Caudoviricetes
genomad_k141_46701	22184	No terminal repeats	NA	20	11	0.9811	NA	3	24.1341	Viruses;Duplodnaviria;Heunggongvirae;Uroviricota;Caudoviricetes
genomad_k141_591847	5560	No terminal repeats	NA	10	11	0.9811	NA	0	10.3116	Viruses;Duplodnaviria;Heunggongvirae;Uroviricota;Caudoviricetes
genomad_k141_3444180	2988	No terminal repeats	NA	5	11	0.9811	NA	0	8.3854	Viruses;Duplodnaviria;Heunggongvirae;Uroviricota;Caudoviricetes
genomad_k141_2929711	7056	No terminal repeats	NA	9	11	0.9811	NA	0	9.7043	Viruses;Varidnaviria;Bamfordvirae;Nucleocytoviricota;Megaviricetes;Algavirales;Phycodnaviridae
genomad_k141_3576825	4305	No terminal repeats	NA	5	11	0.9811	NA	0	7.8595	Viruses;Duplodnaviria;Heunggongvirae;Uroviricota;Caudoviricetes
genomad_k141_305858	4877	No terminal repeats	NA	6	11	0.9811	NA	0	8.5914	Viruses;Duplodnaviria;Heunggongvirae;Uroviricota;Caudoviricetes
genomad_k141_3336514	6010	No terminal repeats	NA	17	11	0.9811	NA	0	24.9434	Viruses;Duplodnaviria;Heunggongvirae;Uroviricota;Caudoviricetes
genomad_k141_1738424	3530	No terminal repeats	NA	6	11	0.9811	NA	0	9.4304	Viruses;Duplodnaviria;Heunggongvirae;Uroviricota;Caudoviricetes
genomad_k141_3139855	5601	No terminal repeats	NA	11	11	0.9811	NA	1	7.7606	Viruses;Duplodnaviria;Heunggongvirae;Uroviricota;Caudoviricetes
genomad_k141_3661146	6458	No terminal repeats	NA	9	11	0.9811	NA	6	10.9175	Viruses;Duplodnaviria;Heunggongvirae;Uroviricota;Caudoviricetes
genomad_k141_2793107	32653	No terminal repeats	NA	39	11	0.9811	NA	4	38.2580	Viruses;Duplodnaviria;Heunggongvirae;Uroviricota;Caudoviricetes;Zobellviridae
genomad_k141_303368	6207	No terminal repeats	NA	9	11	0.9811	NA	0	9.3932	Viruses;Duplodnaviria;Heunggongvirae;Uroviricota;Caudoviricetes
genomad_k141_424264	5832	No terminal repeats	NA	9	11	0.9811	NA	0	8.2925	Viruses;Duplodnaviria;Heunggongvirae;Uroviricota;Caudoviricetes
genomad_k141_1792748	4316	No terminal repeats	NA	14	11	0.9811	NA	0	12.9237	Viruses;Duplodnaviria;Heunggongvirae;Uroviricota;Caudoviricetes
genomad_k141_1079380	5735	No terminal repeats	NA	11	11	0.9811	NA	0	8.3667	Viruses;Duplodnaviria;Heunggongvirae;Uroviricota;Caudoviricetes
genomad_k141_2364211	8910	No terminal repeats	NA	11	11	0.9811	NA	1	16.0547	Viruses;Duplodnaviria;Heunggongvirae;Uroviricota;Caudoviricetes
genomad_k141_3423662	8408	No terminal repeats	NA	7	11	0.9811	NA	1	11.7879	Viruses;Duplodnaviria;Heunggongvirae;Uroviricota;Caudoviricetes
genomad_k141_3734229	7304	No terminal repeats	NA	6	11	0.9811	NA	0	7.7927	Viruses;Duplodnaviria;Heunggongvirae;Uroviricota;Caudoviricetes
genomad_k141_417284	5910	No terminal repeats	NA	8	11	0.9811	NA	2	8.5914	Viruses;Duplodnaviria;Heunggongvirae;Uroviricota;Caudoviricetes
genomad_k141_2917019	6344	No terminal repeats	NA	6	11	0.9811	NA	2	8.2859	Viruses;Duplodnaviria;Heunggongvirae;Uroviricota;Caudoviricetes
genomad_k141_2748733	6335	No terminal repeats	NA	12	11	0.9811	NA	1	12.0108	Viruses;Duplodnaviria;Heunggongvirae;Uroviricota;Caudoviricetes
genomad_k141_2393960	5659	No terminal repeats	NA	6	11	0.9811	NA	1	6.6012	Viruses;Duplodnaviria;Heunggongvirae;Uroviricota;Caudoviricetes
genomad_k141_19053	7193	No terminal repeats	NA	14	11	0.9811	NA	0	9.6803	Viruses;Duplodnaviria;Heunggongvirae;Uroviricota;Caudoviricetes
genomad_k141_3538713	4029	No terminal repeats	NA	6	11	0.9811	NA	4	6.2871	Viruses;Duplodnaviria;Heunggongvirae;Uroviricota;Caudoviricetes
genomad_k141_1880556	6834	No terminal repeats	NA	7	11	0.9811	NA	2	6.6437	Viruses;Duplodnaviria;Heunggongvirae;Uroviricota;Caudoviricetes
genomad_k141_795312	5048	No terminal repeats	NA	5	11	0.9811	NA	0	6.2120	Viruses;Duplodnaviria;Heunggongvirae;Uroviricota;Caudoviricetes
genomad_k141_2396097	6364	No terminal repeats	NA	7	11	0.9811	NA	3	10.0898	Viruses;Duplodnaviria;Heunggongvirae;Uroviricota;Caudoviricetes
genomad_k141_203955	7107	No terminal repeats	NA	14	11	0.9811	NA	0	16.2035	Viruses;Duplodnaviria;Heunggongvirae;Uroviricota;Caudoviricetes
genomad_k141_682970	5659	No terminal repeats	NA	9	11	0.9811	NA	0	6.8731	Viruses;Duplodnaviria;Heunggongvirae;Uroviricota;Caudoviricetes
genomad_k141_15659	4830	No terminal repeats	NA	6	11	0.9811	NA	0	9.4767	Viruses;Duplodnaviria;Heunggongvirae;Uroviricota;Caudoviricetes
genomad_k141_2901454	6766	No terminal repeats	NA	8	11	0.9811	NA	1	9.6122	Viruses;Duplodnaviria;Heunggongvirae;Uroviricota;Caudoviricetes
genomad_k141_3040927	5647	No terminal repeats	NA	10	11	0.9811	NA	6	15.7592	Viruses;Duplodnaviria;Heunggongvirae;Uroviricota;Caudoviricetes
genomad_k141_3171458	6636	No terminal repeats	NA	5	11	0.9811	NA	1	6.5837	Viruses;Duplodnaviria;Heunggongvirae;Uroviricota;Caudoviricetes
genomad_k141_1522905	4738	No terminal repeats	NA	6	11	0.9811	NA	0	6.6455	Viruses;Duplodnaviria;Heunggongvirae;Uroviricota;Caudoviricetes
genomad_k141_2760230	6727	No terminal repeats	NA	11	11	0.9811	NA	5	14.7700	Viruses;Duplodnaviria;Heunggongvirae;Uroviricota;Caudoviricetes
genomad_k141_836235	3923	No terminal repeats	NA	9	11	0.9810	NA	2	15.0572	Viruses;Duplodnaviria;Heunggongvirae;Uroviricota;Caudoviricetes
genomad_k141_974422	4051	No terminal repeats	NA	6	11	0.9810	NA	1	9.1627	Viruses;Duplodnaviria;Heunggongvirae;Uroviricota;Caudoviricetes
genomad_k141_1771271	20970	No terminal repeats	NA	21	11	0.9810	NA	5	30.7132	Viruses;Duplodnaviria;Heunggongvirae;Uroviricota;Caudoviricetes
genomad_k141_1613820	3934	No terminal repeats	NA	13	11	0.9810	NA	0	12.5508	Viruses;Duplodnaviria;Heunggongvirae;Uroviricota;Caudoviricetes
genomad_k141_758463	6060	No terminal repeats	NA	10	11	0.9810	NA	0	15.0074	Viruses;Duplodnaviria;Heunggongvirae;Uroviricota;Caudoviricetes
genomad_k141_2580137	4514	No terminal repeats	NA	6	11	0.9810	NA	0	8.2345	Viruses;Duplodnaviria;Heunggongvirae;Uroviricota;Caudoviricetes
genomad_k141_3169251	7250	No terminal repeats	NA	10	11	0.9810	NA	3	9.5799	Viruses;Duplodnaviria;Heunggongvirae;Uroviricota;Caudoviricetes
genomad_k141_1175887	3534	No terminal repeats	NA	5	11	0.9810	NA	0	6.8731	Viruses;Varidnaviria;Bamfordvirae;Nucleocytoviricota;Megaviricetes;Algavirales;Phycodnaviridae
genomad_k141_1084243	3690	No terminal repeats	NA	6	11	0.9810	NA	0	10.3064	Viruses;Duplodnaviria;Heunggongvirae;Uroviricota;Caudoviricetes
genomad_k141_796236	44796	No terminal repeats	NA	51	11	0.9810	NA	6	49.0169	Viruses;Duplodnaviria;Heunggongvirae;Uroviricota;Caudoviricetes
genomad_k141_1080880	5297	No terminal repeats	NA	6	11	0.9810	NA	2	7.6055	Viruses;Duplodnaviria;Heunggongvirae;Uroviricota;Caudoviricetes
genomad_k141_3188506	6028	No terminal repeats	NA	13	11	0.9810	NA	1	17.0594	Viruses;Duplodnaviria;Heunggongvirae;Uroviricota;Caudoviricetes
genomad_k141_539615	4539	No terminal repeats	NA	10	11	0.9810	NA	0	14.7405	Viruses;Duplodnaviria;Heunggongvirae;Uroviricota;Caudoviricetes
genomad_k141_2998076	5344	No terminal repeats	NA	9	11	0.9810	NA	4	11.2508	Viruses;Duplodnaviria;Heunggongvirae;Uroviricota;Caudoviricetes
genomad_k141_415668	3786	No terminal repeats	NA	5	11	0.9810	NA	3	6.7671	Viruses;Duplodnaviria;Heunggongvirae;Uroviricota;Caudoviricetes
genomad_k141_699415	4723	No terminal repeats	NA	7	11	0.9810	NA	0	8.2895	Viruses;Duplodnaviria;Heunggongvirae;Uroviricota;Caudoviricetes
genomad_k141_1517239	4854	No terminal repeats	NA	7	11	0.9810	NA	0	5.1548	Viruses;Duplodnaviria;Heunggongvirae;Uroviricota;Caudoviricetes
genomad_k141_2911791	4855	No terminal repeats	NA	5	11	0.9810	NA	1	7.1577	Viruses;Duplodnaviria;Heunggongvirae;Uroviricota;Caudoviricetes
genomad_k141_2228925	8409	No terminal repeats	NA	13	11	0.9810	NA	1	12.1271	Viruses;Duplodnaviria;Heunggongvirae;Uroviricota;Caudoviricetes
genomad_k141_1999983	4614	No terminal repeats	NA	7	11	0.9810	NA	3	10.7377	Viruses;Duplodnaviria;Heunggongvirae;Uroviricota;Caudoviricetes
genomad_k141_3641506	7441	No terminal repeats	NA	12	11	0.9810	NA	0	16.1140	Viruses;Duplodnaviria;Heunggongvirae;Uroviricota;Caudoviricetes
genomad_k141_2172467	7767	No terminal repeats	NA	12	11	0.9810	NA	3	14.3525	Viruses;Duplodnaviria;Heunggongvirae;Uroviricota;Caudoviricetes
genomad_k141_2085875	5397	No terminal repeats	NA	6	11	0.9810	NA	2	8.5826	Viruses;Duplodnaviria;Heunggongvirae;Uroviricota;Caudoviricetes;Autographiviridae
genomad_k141_3519860	4464	No terminal repeats	NA	6	11	0.9810	NA	3	8.3044	Viruses;Duplodnaviria;Heunggongvirae;Uroviricota;Caudoviricetes
genomad_k141_3513820	9161	No terminal repeats	NA	13	11	0.9810	NA	2	22.0887	Viruses;Duplodnaviria;Heunggongvirae;Uroviricota;Caudoviricetes
genomad_k141_444321	3854	No terminal repeats	NA	5	11	0.9810	NA	0	6.0014	Viruses;Duplodnaviria;Heunggongvirae;Uroviricota;Caudoviricetes
genomad_k141_568374	3665	No terminal repeats	NA	7	11	0.9810	NA	1	6.6031	Viruses;Duplodnaviria;Heunggongvirae;Uroviricota;Caudoviricetes
genomad_k141_1269510	7317	No terminal repeats	NA	8	11	0.9810	NA	1	9.6398	Viruses;Duplodnaviria;Heunggongvirae;Uroviricota;Caudoviricetes
genomad_k141_2637515	4522	No terminal repeats	NA	12	11	0.9810	NA	1	14.6826	Viruses;Duplodnaviria;Heunggongvirae;Uroviricota;Caudoviricetes
genomad_k141_2137276	7312	No terminal repeats	NA	9	11	0.9810	NA	1	10.6968	Viruses;Duplodnaviria;Heunggongvirae;Uroviricota;Caudoviricetes
genomad_k141_2500718	3794	No terminal repeats	NA	14	11	0.9810	NA	0	11.5942	Viruses;Duplodnaviria;Heunggongvirae;Uroviricota;Caudoviricetes
genomad_k141_3049088	4986	No terminal repeats	NA	6	11	0.9810	NA	1	10.2795	Viruses;Duplodnaviria;Heunggongvirae;Uroviricota;Caudoviricetes
genomad_k141_1964453	4242	No terminal repeats	NA	7	11	0.9810	NA	0	11.3078	Viruses;Duplodnaviria;Heunggongvirae;Uroviricota;Caudoviricetes
genomad_k141_1739235	7275	No terminal repeats	NA	13	11	0.9810	NA	2	14.9890	Viruses;Duplodnaviria;Heunggongvirae;Uroviricota;Caudoviricetes
genomad_k141_311062	3620	No terminal repeats	NA	6	11	0.9810	NA	1	8.5481	Viruses;Duplodnaviria;Heunggongvirae;Uroviricota;Caudoviricetes
genomad_k141_1608275	6921	No terminal repeats	NA	14	11	0.9810	NA	4	22.2333	Viruses;Duplodnaviria;Heunggongvirae;Uroviricota;Caudoviricetes
genomad_k141_2751279	6074	No terminal repeats	NA	9	11	0.9810	NA	2	11.6913	Viruses;Duplodnaviria;Heunggongvirae;Uroviricota;Caudoviricetes
genomad_k141_2272128	4249	No terminal repeats	NA	5	11	0.9810	NA	0	6.9831	Viruses;Duplodnaviria;Heunggongvirae;Uroviricota;Caudoviricetes
genomad_k141_2765560	8827	No terminal repeats	NA	14	11	0.9810	NA	6	19.5334	Viruses;Duplodnaviria;Heunggongvirae;Uroviricota;Caudoviricetes
genomad_k141_1611552	3405	No terminal repeats	NA	6	11	0.9810	NA	0	7.6908	Viruses;Duplodnaviria;Heunggongvirae;Uroviricota;Caudoviricetes
genomad_k141_2637985	2877	No terminal repeats	NA	8	11	0.9810	NA	0	6.6181	Viruses;Duplodnaviria;Heunggongvirae;Uroviricota;Caudoviricetes
genomad_k141_524490	5201	No terminal repeats	NA	6	11	0.9810	NA	2	6.8615	Viruses;Duplodnaviria;Heunggongvirae;Uroviricota;Caudoviricetes
genomad_k141_3714950	4160	No terminal repeats	NA	5	11	0.9810	NA	2	5.7708	Viruses;Duplodnaviria;Heunggongvirae;Uroviricota;Caudoviricetes;Autographiviridae
genomad_k141_2564373	3717	No terminal repeats	NA	7	11	0.9810	NA	0	8.5451	Viruses;Duplodnaviria;Heunggongvirae;Uroviricota;Caudoviricetes
genomad_k141_2148983	4586	No terminal repeats	NA	14	11	0.9810	NA	0	8.1960	Viruses;Duplodnaviria;Heunggongvirae;Uroviricota;Caudoviricetes
genomad_k141_3381473	4551	No terminal repeats	NA	9	11	0.9810	NA	2	11.2136	Viruses;Duplodnaviria;Heunggongvirae;Uroviricota;Caudoviricetes
genomad_k141_3636406	3588	No terminal repeats	NA	6	11	0.9810	NA	3	8.5914	Viruses;Duplodnaviria;Heunggongvirae;Uroviricota;Caudoviricetes
genomad_k141_3214532	4936	No terminal repeats	NA	8	11	0.9810	NA	3	13.2403	Viruses;Duplodnaviria;Heunggongvirae;Uroviricota;Caudoviricetes
genomad_k141_3466249	4690	No terminal repeats	NA	5	11	0.9810	NA	0	6.0085	Viruses;Duplodnaviria;Heunggongvirae;Uroviricota;Caudoviricetes
genomad_k141_70847	7705	No terminal repeats	NA	6	11	0.9810	NA	0	8.1670	Viruses;Varidnaviria;Bamfordvirae;Nucleocytoviricota;Megaviricetes
genomad_k141_1801576	6271	No terminal repeats	NA	10	11	0.9809	NA	3	13.3458	Viruses;Duplodnaviria;Heunggongvirae;Uroviricota;Caudoviricetes
genomad_k141_1794335	8465	No terminal repeats	NA	18	11	0.9809	NA	1	13.6140	Viruses;Duplodnaviria;Heunggongvirae;Uroviricota;Caudoviricetes
genomad_k141_2456781	4791	No terminal repeats	NA	5	11	0.9809	NA	2	7.9553	Viruses;Duplodnaviria;Heunggongvirae;Uroviricota;Caudoviricetes
genomad_k141_3190703	7212	No terminal repeats	NA	10	11	0.9809	NA	0	8.2862	Viruses;Duplodnaviria;Heunggongvirae;Uroviricota;Caudoviricetes;Autographiviridae
genomad_k141_3526713	5739	No terminal repeats	NA	6	11	0.9809	NA	5	7.6344	Viruses;Duplodnaviria;Heunggongvirae;Uroviricota;Caudoviricetes
genomad_k141_1720822	4547	No terminal repeats	NA	12	11	0.9809	NA	0	8.2214	Viruses;Duplodnaviria;Heunggongvirae;Uroviricota;Caudoviricetes
genomad_k141_305510	7382	No terminal repeats	NA	9	11	0.9809	NA	1	14.4233	Viruses;Duplodnaviria;Heunggongvirae;Uroviricota;Caudoviricetes
genomad_k141_3586245	4634	No terminal repeats	NA	6	11	0.9809	NA	0	9.0051	Viruses;Duplodnaviria;Heunggongvirae;Uroviricota;Caudoviricetes
genomad_k141_3728922	3784	No terminal repeats	NA	7	11	0.9809	NA	0	8.3352	Viruses;Duplodnaviria;Heunggongvirae;Uroviricota;Caudoviricetes;Kyanoviridae
genomad_k141_3390771	8380	No terminal repeats	NA	15	11	0.9809	NA	3	16.5426	Viruses;Duplodnaviria;Heunggongvirae;Uroviricota;Caudoviricetes
genomad_k141_2161162	4002	No terminal repeats	NA	7	11	0.9809	NA	2	10.6232	Viruses;Duplodnaviria;Heunggongvirae;Uroviricota;Caudoviricetes
genomad_k141_3650360	4095	No terminal repeats	NA	7	11	0.9809	NA	0	7.9754	Viruses;Duplodnaviria;Heunggongvirae;Uroviricota;Caudoviricetes
genomad_k141_422885	4482	No terminal repeats	NA	5	11	0.9809	NA	3	8.1989	Viruses;Duplodnaviria;Heunggongvirae;Uroviricota;Caudoviricetes
genomad_k141_657425	4211	No terminal repeats	NA	7	11	0.9809	NA	1	8.6805	Viruses;Duplodnaviria;Heunggongvirae;Uroviricota;Caudoviricetes
genomad_k141_3245690	5683	No terminal repeats	NA	12	11	0.9809	NA	0	7.9788	Viruses;Duplodnaviria;Heunggongvirae;Uroviricota;Caudoviricetes
genomad_k141_1591160	5051	No terminal repeats	NA	5	11	0.9809	NA	0	5.5861	Viruses;Duplodnaviria;Heunggongvirae;Uroviricota;Caudoviricetes
genomad_k141_3509026	4362	No terminal repeats	NA	9	11	0.9809	NA	3	15.1784	Viruses;Duplodnaviria;Heunggongvirae;Uroviricota;Caudoviricetes
genomad_k141_3726982	6333	No terminal repeats	NA	11	11	0.9809	NA	1	16.6764	Viruses;Varidnaviria;Bamfordvirae;Nucleocytoviricota;Megaviricetes;Algavirales;Phycodnaviridae
genomad_k141_756876	8290	No terminal repeats	NA	10	11	0.9809	NA	0	12.9576	Viruses;Duplodnaviria;Heunggongvirae;Uroviricota;Caudoviricetes
genomad_k141_144911	5638	No terminal repeats	NA	8	11	0.9809	NA	4	9.6895	Viruses;Duplodnaviria;Heunggongvirae;Uroviricota;Caudoviricetes
genomad_k141_3039307	4639	No terminal repeats	NA	7	11	0.9809	NA	1	7.7975	Viruses;Duplodnaviria;Heunggongvirae;Uroviricota;Caudoviricetes
genomad_k141_90181	9055	No terminal repeats	NA	17	11	0.9809	NA	0	19.2735	Viruses;Duplodnaviria;Heunggongvirae;Uroviricota;Caudoviricetes
genomad_k141_3469145	7793	No terminal repeats	NA	12	11	0.9809	NA	2	14.9062	Viruses;Duplodnaviria;Heunggongvirae;Uroviricota;Caudoviricetes
genomad_k141_1941451	3532	No terminal repeats	NA	8	11	0.9809	NA	0	10.5039	Viruses;Duplodnaviria;Heunggongvirae;Uroviricota;Caudoviricetes
genomad_k141_2966968	5196	No terminal repeats	NA	8	11	0.9809	NA	0	10.3089	Viruses;Varidnaviria;Bamfordvirae;Nucleocytoviricota;Megaviricetes;Algavirales;Phycodnaviridae
genomad_k141_2976828	8692	No terminal repeats	NA	13	11	0.9809	NA	2	11.2901	Viruses;Duplodnaviria;Heunggongvirae;Uroviricota;Caudoviricetes
genomad_k141_3539056	4922	No terminal repeats	NA	8	11	0.9809	NA	2	8.3800	Viruses;Duplodnaviria;Heunggongvirae;Uroviricota;Caudoviricetes
genomad_k141_1964740	5107	No terminal repeats	NA	8	11	0.9809	NA	3	6.1240	Viruses;Duplodnaviria;Heunggongvirae;Uroviricota;Caudoviricetes
genomad_k141_681079	3892	No terminal repeats	NA	10	11	0.9809	NA	3	8.4138	Viruses;Duplodnaviria;Heunggongvirae;Uroviricota;Caudoviricetes
genomad_k141_576	6551	No terminal repeats	NA	6	11	0.9809	NA	1	7.8952	Viruses;Duplodnaviria;Heunggongvirae;Uroviricota;Caudoviricetes
genomad_k141_2419818	7238	No terminal repeats	NA	5	11	0.9809	NA	1	6.1798	Viruses;Duplodnaviria;Heunggongvirae;Uroviricota;Caudoviricetes
genomad_k141_1866291	3783	No terminal repeats	NA	9	11	0.9809	NA	6	10.4376	Viruses;Duplodnaviria;Heunggongvirae;Uroviricota;Caudoviricetes
genomad_k141_89709	4949	No terminal repeats	NA	8	11	0.9809	NA	1	6.8274	Viruses;Duplodnaviria;Heunggongvirae;Uroviricota;Caudoviricetes
genomad_k141_1211800	6267	No terminal repeats	NA	11	11	0.9809	NA	1	11.6198	Viruses;Duplodnaviria;Heunggongvirae;Uroviricota;Caudoviricetes
genomad_k141_2560008	8700	No terminal repeats	NA	9	11	0.9809	NA	0	11.2916	Viruses;Duplodnaviria;Heunggongvirae;Uroviricota;Caudoviricetes
genomad_k141_3165379	6864	No terminal repeats	NA	9	11	0.9809	NA	0	11.0094	Viruses;Duplodnaviria;Heunggongvirae;Uroviricota;Caudoviricetes
genomad_k141_2500330	7026	No terminal repeats	NA	10	11	0.9809	NA	4	12.9444	Viruses;Duplodnaviria;Heunggongvirae;Uroviricota;Caudoviricetes
genomad_k141_1075426	6352	No terminal repeats	NA	9	11	0.9809	NA	0	15.4628	Viruses;Duplodnaviria;Heunggongvirae;Uroviricota;Caudoviricetes
genomad_k141_3139171	3736	No terminal repeats	NA	13	11	0.9809	NA	1	16.3682	Viruses;Duplodnaviria;Heunggongvirae;Uroviricota;Caudoviricetes
genomad_k141_1586434	12542	No terminal repeats	NA	19	11	0.9808	NA	6	23.8070	Viruses;Duplodnaviria;Heunggongvirae;Uroviricota;Caudoviricetes
genomad_k141_1430028	3948	No terminal repeats	NA	7	11	0.9808	NA	0	11.8748	Viruses;Duplodnaviria;Heunggongvirae;Uroviricota;Caudoviricetes
genomad_k141_1252417	6106	No terminal repeats	NA	13	11	0.9808	NA	0	8.5040	Viruses;Duplodnaviria;Heunggongvirae;Uroviricota;Caudoviricetes
genomad_k141_1073357	3818	No terminal repeats	NA	5	11	0.9808	NA	0	6.8731	Viruses;Duplodnaviria;Heunggongvirae;Uroviricota;Caudoviricetes
genomad_k141_2605321	5250	No terminal repeats	NA	7	11	0.9808	NA	3	11.5535	Viruses;Duplodnaviria;Heunggongvirae;Uroviricota;Caudoviricetes
genomad_k141_2992601	3574	No terminal repeats	NA	8	11	0.9808	NA	0	13.7257	Viruses;Duplodnaviria;Heunggongvirae;Uroviricota;Caudoviricetes
genomad_k141_3491210	8356	No terminal repeats	NA	8	11	0.9808	NA	0	7.0898	Viruses;Duplodnaviria;Heunggongvirae;Uroviricota;Caudoviricetes
genomad_k141_955694	3783	No terminal repeats	NA	14	11	0.9808	NA	0	10.3097	Viruses;Duplodnaviria;Heunggongvirae;Uroviricota;Caudoviricetes
genomad_k141_868806	6154	No terminal repeats	NA	11	11	0.9808	NA	1	6.7827	Viruses;Duplodnaviria;Heunggongvirae;Uroviricota;Caudoviricetes
genomad_k141_1211774	4866	No terminal repeats	NA	10	11	0.9808	NA	1	9.7685	Viruses;Duplodnaviria;Heunggongvirae;Uroviricota;Caudoviricetes
genomad_k141_2357823	7907	No terminal repeats	NA	13	11	0.9808	NA	2	16.5099	Viruses;Duplodnaviria;Heunggongvirae;Uroviricota;Caudoviricetes
genomad_k141_272145	4392	No terminal repeats	NA	6	11	0.9808	NA	0	7.5710	Viruses;Duplodnaviria;Heunggongvirae;Uroviricota;Caudoviricetes
genomad_k141_1307523	5811	No terminal repeats	NA	16	11	0.9808	NA	0	18.7386	Viruses;Duplodnaviria;Heunggongvirae;Uroviricota;Caudoviricetes
genomad_k141_449894	6251	No terminal repeats	NA	15	11	0.9808	NA	2	23.0656	Viruses;Duplodnaviria;Heunggongvirae;Uroviricota;Caudoviricetes
genomad_k141_3209499	5805	No terminal repeats	NA	13	11	0.9808	NA	2	12.1146	Viruses;Duplodnaviria;Heunggongvirae;Uroviricota;Caudoviricetes
genomad_k141_1550226	8563	No terminal repeats	NA	14	11	0.9808	NA	4	23.3794	Viruses;Duplodnaviria;Heunggongvirae;Uroviricota;Caudoviricetes
genomad_k141_3607805	5355	No terminal repeats	NA	12	11	0.9808	NA	2	9.6036	Viruses;Duplodnaviria;Heunggongvirae;Uroviricota;Caudoviricetes
genomad_k141_3338688	5814	No terminal repeats	NA	8	11	0.9808	NA	1	12.2287	Viruses;Varidnaviria;Bamfordvirae;Nucleocytoviricota;Megaviricetes;Algavirales;Phycodnaviridae
genomad_k141_53093	7935	No terminal repeats	NA	12	11	0.9808	NA	0	10.1078	Viruses;Duplodnaviria;Heunggongvirae;Uroviricota;Caudoviricetes
genomad_k141_3741201	4696	No terminal repeats	NA	11	11	0.9808	NA	0	13.7319	Viruses;Duplodnaviria;Heunggongvirae;Uroviricota;Caudoviricetes
genomad_k141_1148232	4298	No terminal repeats	NA	9	11	0.9808	NA	1	6.9743	Viruses;Duplodnaviria;Heunggongvirae;Uroviricota;Caudoviricetes
genomad_k141_1119188	3938	No terminal repeats	NA	9	11	0.9808	NA	4	11.0954	Viruses;Duplodnaviria;Heunggongvirae;Uroviricota;Caudoviricetes
genomad_k141_2186144	5669	No terminal repeats	NA	13	11	0.9808	NA	1	14.5063	Viruses;Duplodnaviria;Heunggongvirae;Uroviricota;Caudoviricetes
genomad_k141_15358	3790	No terminal repeats	NA	6	11	0.9808	NA	0	8.2197	Viruses;Duplodnaviria;Heunggongvirae;Uroviricota;Caudoviricetes
genomad_k141_833420	3956	No terminal repeats	NA	6	11	0.9808	NA	1	9.5802	Viruses;Duplodnaviria;Heunggongvirae;Uroviricota;Caudoviricetes
genomad_k141_2174813	3518	No terminal repeats	NA	6	11	0.9808	NA	1	8.5914	Viruses;Duplodnaviria;Heunggongvirae;Uroviricota;Caudoviricetes
genomad_k141_2926950	4371	No terminal repeats	NA	6	11	0.9808	NA	0	5.1548	Viruses;Duplodnaviria;Heunggongvirae;Uroviricota;Caudoviricetes
genomad_k141_1254252	3878	No terminal repeats	NA	6	11	0.9808	NA	0	6.8410	Viruses;Duplodnaviria;Heunggongvirae;Uroviricota;Caudoviricetes
genomad_k141_1073648	3986	No terminal repeats	NA	6	11	0.9808	NA	1	8.8944	Viruses;Duplodnaviria;Heunggongvirae;Uroviricota;Caudoviricetes
genomad_k141_2861745	5657	No terminal repeats	NA	12	11	0.9808	NA	2	13.1945	Viruses;Duplodnaviria;Heunggongvirae;Uroviricota;Caudoviricetes
genomad_k141_2465224	8100	No terminal repeats	NA	12	11	0.9808	NA	4	12.2348	Viruses;Duplodnaviria;Heunggongvirae;Uroviricota;Caudoviricetes
genomad_k141_731637	5615	No terminal repeats	NA	5	11	0.9808	NA	2	7.1507	Viruses;Duplodnaviria;Heunggongvirae;Uroviricota;Caudoviricetes
genomad_k141_1926095	5525	No terminal repeats	NA	5	11	0.9808	NA	0	6.1832	Viruses;Duplodnaviria;Heunggongvirae;Uroviricota;Caudoviricetes
genomad_k141_1126358	7053	No terminal repeats	NA	8	11	0.9808	NA	3	9.5936	Viruses;Duplodnaviria;Heunggongvirae;Uroviricota;Caudoviricetes
genomad_k141_1558001	40010	DTR	NA	60	11	0.9808	NA	4	33.3380	Viruses;Duplodnaviria;Heunggongvirae;Uroviricota;Caudoviricetes
genomad_k141_1878048	26929	No terminal repeats	NA	34	11	0.9807	NA	4	26.5417	Viruses;Duplodnaviria;Heunggongvirae;Uroviricota;Caudoviricetes
genomad_k141_381374	7234	No terminal repeats	NA	16	11	0.9807	NA	3	12.2042	Viruses;Duplodnaviria;Heunggongvirae;Uroviricota;Caudoviricetes
genomad_k141_3103593	3706	No terminal repeats	NA	6	11	0.9807	NA	0	6.8725	Viruses;Duplodnaviria;Heunggongvirae;Uroviricota;Caudoviricetes
genomad_k141_2159859	6234	No terminal repeats	NA	6	11	0.9807	NA	0	7.7522	Viruses;Duplodnaviria;Heunggongvirae;Uroviricota;Caudoviricetes
genomad_k141_1268343	4167	No terminal repeats	NA	12	11	0.9807	NA	1	17.5596	Viruses;Duplodnaviria;Heunggongvirae;Uroviricota;Caudoviricetes
genomad_k141_2799278	9535	No terminal repeats	NA	12	11	0.9807	NA	4	13.6946	Viruses;Duplodnaviria;Heunggongvirae;Uroviricota;Caudoviricetes
genomad_k141_1192818	4510	No terminal repeats	NA	6	11	0.9807	NA	0	10.0050	Viruses;Duplodnaviria;Heunggongvirae;Uroviricota;Caudoviricetes
genomad_k141_807742	6450	No terminal repeats	NA	8	11	0.9807	NA	3	11.4166	Viruses;Duplodnaviria;Heunggongvirae;Uroviricota;Caudoviricetes
genomad_k141_96980	3659	No terminal repeats	NA	10	11	0.9807	NA	0	13.1589	Viruses;Duplodnaviria;Heunggongvirae;Uroviricota;Caudoviricetes
genomad_k141_2833220	9282	No terminal repeats	NA	7	11	0.9807	NA	0	12.0208	Viruses;Duplodnaviria;Heunggongvirae;Uroviricota;Caudoviricetes
genomad_k141_3409337	4673	No terminal repeats	NA	5	11	0.9807	NA	0	8.2953	Viruses;Duplodnaviria;Heunggongvirae;Uroviricota;Caudoviricetes
genomad_k141_2052806	3916	No terminal repeats	NA	5	11	0.9807	NA	0	4.9170	Viruses;Duplodnaviria;Heunggongvirae;Uroviricota;Caudoviricetes
genomad_k141_2455609	3595	No terminal repeats	NA	11	11	0.9807	NA	0	10.1673	Viruses;Duplodnaviria;Heunggongvirae;Uroviricota;Caudoviricetes
genomad_k141_1832674	3953	No terminal repeats	NA	6	11	0.9807	NA	0	8.5914	Viruses;Duplodnaviria;Heunggongvirae;Uroviricota;Caudoviricetes
genomad_k141_3748757	8369	No terminal repeats	NA	12	11	0.9807	NA	2	18.0967	Viruses;Duplodnaviria;Heunggongvirae;Uroviricota;Caudoviricetes
genomad_k141_1501413	3522	No terminal repeats	NA	7	11	0.9807	NA	3	9.6877	Viruses;Duplodnaviria;Heunggongvirae;Uroviricota;Caudoviricetes
genomad_k141_1788853	6949	No terminal repeats	NA	13	15	0.9807	NA	1	14.1220	Viruses;Duplodnaviria;Heunggongvirae;Uroviricota;Caudoviricetes
genomad_k141_16372	9073	No terminal repeats	NA	13	11	0.9807	NA	3	15.7774	Viruses;Duplodnaviria;Heunggongvirae;Uroviricota;Caudoviricetes
genomad_k141_735563	6127	No terminal repeats	NA	14	11	0.9807	NA	0	12.0280	Viruses;Duplodnaviria;Heunggongvirae;Uroviricota;Caudoviricetes
genomad_k141_3044030	4675	No terminal repeats	NA	5	11	0.9807	NA	1	6.5729	Viruses;Duplodnaviria;Heunggongvirae;Uroviricota;Caudoviricetes
genomad_k141_877910	4217	No terminal repeats	NA	5	11	0.9807	NA	4	7.0835	Viruses;Duplodnaviria;Heunggongvirae;Uroviricota;Caudoviricetes
genomad_k141_2756194	5542	No terminal repeats	NA	9	11	0.9807	NA	1	8.0666	Viruses;Duplodnaviria;Heunggongvirae;Uroviricota;Caudoviricetes
genomad_k141_2337943	3824	No terminal repeats	NA	5	11	0.9807	NA	2	5.7623	Viruses;Duplodnaviria;Heunggongvirae;Uroviricota;Caudoviricetes
genomad_k141_571682	6713	No terminal repeats	NA	6	11	0.9807	NA	0	8.1437	Viruses;Duplodnaviria;Heunggongvirae;Uroviricota;Caudoviricetes
genomad_k141_919344	3050	No terminal repeats	NA	4	11	0.9807	NA	0	5.7908	Viruses;Duplodnaviria;Heunggongvirae;Uroviricota;Caudoviricetes
genomad_k141_3370914	4010	No terminal repeats	NA	5	11	0.9807	NA	3	7.7076	Viruses;Duplodnaviria;Heunggongvirae;Uroviricota;Caudoviricetes
genomad_k141_1123937	4651	No terminal repeats	NA	6	11	0.9807	NA	1	7.6665	Viruses;Duplodnaviria;Heunggongvirae;Uroviricota;Caudoviricetes
genomad_k141_1976117	5872	No terminal repeats	NA	8	11	0.9807	NA	2	13.7083	Viruses;Duplodnaviria;Heunggongvirae;Uroviricota;Caudoviricetes;Kyanoviridae
genomad_k141_1376509	5500	No terminal repeats	NA	7	11	0.9807	NA	3	7.9404	Viruses;Duplodnaviria;Heunggongvirae;Uroviricota;Caudoviricetes
genomad_k141_347249	4069	No terminal repeats	NA	5	11	0.9807	NA	0	4.9306	Viruses;Duplodnaviria;Heunggongvirae;Uroviricota;Caudoviricetes
genomad_k141_1678674	3541	No terminal repeats	NA	6	11	0.9807	NA	0	10.0488	Viruses;Duplodnaviria;Heunggongvirae;Uroviricota;Caudoviricetes
genomad_k141_2201061	4489	No terminal repeats	NA	8	11	0.9807	NA	0	11.0304	Viruses;Duplodnaviria;Heunggongvirae;Uroviricota;Caudoviricetes
genomad_k141_142577	5070	No terminal repeats	NA	6	11	0.9807	NA	1	5.1031	Viruses;Duplodnaviria;Heunggongvirae;Uroviricota;Caudoviricetes
genomad_k141_1048936	4178	No terminal repeats	NA	12	11	0.9807	NA	2	13.3778	Viruses;Duplodnaviria;Heunggongvirae;Uroviricota;Caudoviricetes
genomad_k141_1095518	6405	No terminal repeats	NA	6	11	0.9807	NA	2	8.5817	Viruses;Duplodnaviria;Heunggongvirae;Uroviricota;Caudoviricetes
genomad_k141_1435967	7355	No terminal repeats	NA	8	11	0.9807	NA	2	9.3291	Viruses;Duplodnaviria;Heunggongvirae;Uroviricota;Caudoviricetes
genomad_k141_1360740	9666	No terminal repeats	NA	12	11	0.9806	NA	4	14.1934	Viruses;Duplodnaviria;Heunggongvirae;Uroviricota;Caudoviricetes
genomad_k141_1491285	4370	No terminal repeats	NA	7	11	0.9806	NA	3	8.8933	Viruses;Duplodnaviria;Heunggongvirae;Uroviricota;Caudoviricetes
genomad_k141_1545434	8210	No terminal repeats	NA	11	11	0.9806	NA	1	17.4455	Viruses;Duplodnaviria;Heunggongvirae;Uroviricota;Caudoviricetes
genomad_k141_1727985	6565	No terminal repeats	NA	11	11	0.9806	NA	0	12.0280	Viruses;Duplodnaviria;Heunggongvirae;Uroviricota;Caudoviricetes
genomad_k141_2515236	9911	No terminal repeats	NA	13	11	0.9806	NA	3	14.8728	Viruses;Duplodnaviria;Heunggongvirae;Uroviricota;Caudoviricetes
genomad_k141_3528357	8620	No terminal repeats	NA	14	11	0.9806	NA	9	19.5207	Viruses;Duplodnaviria;Heunggongvirae;Uroviricota;Caudoviricetes
genomad_k141_1144700	6247	No terminal repeats	NA	9	11	0.9806	NA	1	14.9585	Viruses;Duplodnaviria;Heunggongvirae;Uroviricota;Caudoviricetes
genomad_k141_831157	3751	No terminal repeats	NA	7	11	0.9806	NA	0	9.6937	Viruses;Duplodnaviria;Heunggongvirae;Uroviricota;Caudoviricetes
genomad_k141_2274037	5962	No terminal repeats	NA	12	11	0.9806	NA	0	12.0153	Viruses;Duplodnaviria;Heunggongvirae;Uroviricota;Caudoviricetes
genomad_k141_2820049	8208	No terminal repeats	NA	15	11	0.9806	NA	2	18.2428	Viruses;Duplodnaviria;Heunggongvirae;Uroviricota;Caudoviricetes
genomad_k141_1922441	8175	No terminal repeats	NA	11	11	0.9806	NA	3	11.1677	Viruses;Duplodnaviria;Heunggongvirae;Uroviricota;Caudoviricetes
genomad_k141_472838	6812	No terminal repeats	NA	5	11	0.9806	NA	1	6.1784	Viruses;Duplodnaviria;Heunggongvirae;Uroviricota;Caudoviricetes
genomad_k141_1720613	32510	No terminal repeats	NA	39	11	0.9806	NA	0	54.3958	Viruses;Duplodnaviria;Heunggongvirae;Uroviricota;Caudoviricetes
genomad_k141_2449775	4483	No terminal repeats	NA	5	11	0.9806	NA	2	7.9158	Viruses;Duplodnaviria;Heunggongvirae;Uroviricota;Caudoviricetes
genomad_k141_755868	9604	No terminal repeats	NA	12	11	0.9806	NA	2	16.3353	Viruses;Duplodnaviria;Heunggongvirae;Uroviricota;Caudoviricetes
genomad_k141_1155134	4200	No terminal repeats	NA	9	11	0.9806	NA	0	9.1687	Viruses;Duplodnaviria;Heunggongvirae;Uroviricota;Caudoviricetes
genomad_k141_1459212	6180	No terminal repeats	NA	6	11	0.9806	NA	2	10.3097	Viruses;Duplodnaviria;Heunggongvirae;Uroviricota;Caudoviricetes
genomad_k141_567297	9811	No terminal repeats	NA	24	11	0.9806	NA	1	14.6812	Viruses;Duplodnaviria;Heunggongvirae;Uroviricota;Caudoviricetes
genomad_k141_2429216	5758	No terminal repeats	NA	6	11	0.9806	NA	1	7.9777	Viruses;Duplodnaviria;Heunggongvirae;Uroviricota;Caudoviricetes
genomad_k141_3570230	4915	No terminal repeats	NA	8	11	0.9806	NA	2	7.8233	Viruses;Duplodnaviria;Heunggongvirae;Uroviricota;Caudoviricetes
genomad_k141_629749	9752	No terminal repeats	NA	9	11	0.9806	NA	2	10.8176	Viruses;Duplodnaviria;Heunggongvirae;Uroviricota;Caudoviricetes
genomad_k141_596764	6875	No terminal repeats	NA	10	11	0.9806	NA	2	16.7851	Viruses;Duplodnaviria;Heunggongvirae;Uroviricota;Caudoviricetes
genomad_k141_2881190	3782	No terminal repeats	NA	11	11	0.9806	NA	0	12.0280	Viruses;Duplodnaviria;Heunggongvirae;Uroviricota;Caudoviricetes
genomad_k141_2451203	33202	No terminal repeats	NA	33	11	0.9806	NA	3	52.0741	Viruses;Duplodnaviria;Heunggongvirae;Uroviricota;Caudoviricetes
genomad_k141_1199910	5509	No terminal repeats	NA	5	11	0.9806	NA	1	6.4476	Viruses;Duplodnaviria;Heunggongvirae;Uroviricota;Caudoviricetes
genomad_k141_2082087	4159	No terminal repeats	NA	6	11	0.9806	NA	0	8.1491	Viruses;Duplodnaviria;Heunggongvirae;Uroviricota;Caudoviricetes
genomad_k141_3522943	4203	No terminal repeats	NA	8	11	0.9806	NA	0	11.5889	Viruses;Duplodnaviria;Heunggongvirae;Uroviricota;Caudoviricetes
genomad_k141_3400904	5548	No terminal repeats	NA	11	11	0.9806	NA	2	12.5067	Viruses;Duplodnaviria;Heunggongvirae;Uroviricota;Caudoviricetes
genomad_k141_2941952	3555	No terminal repeats	NA	9	11	0.9806	NA	0	12.3839	Viruses;Duplodnaviria;Heunggongvirae;Uroviricota;Caudoviricetes
genomad_k141_2421179	6416	No terminal repeats	NA	10	11	0.9806	NA	2	14.9670	Viruses;Duplodnaviria;Heunggongvirae;Uroviricota;Caudoviricetes
genomad_k141_893636	5068	No terminal repeats	NA	10	11	0.9806	NA	1	11.6522	Viruses;Duplodnaviria;Heunggongvirae;Uroviricota;Caudoviricetes
genomad_k141_736073	9748	No terminal repeats	NA	20	11	0.9806	NA	3	24.8300	Viruses;Duplodnaviria;Heunggongvirae;Uroviricota;Caudoviricetes
genomad_k141_1435198	5199	No terminal repeats	NA	6	11	0.9806	NA	3	6.3190	Viruses;Duplodnaviria;Heunggongvirae;Uroviricota;Caudoviricetes
genomad_k141_3482393	4907	No terminal repeats	NA	6	11	0.9806	NA	1	6.8723	Viruses;Duplodnaviria;Heunggongvirae;Uroviricota;Caudoviricetes
genomad_k141_1430307	4725	No terminal repeats	NA	9	11	0.9805	NA	0	9.7930	Viruses;Duplodnaviria;Heunggongvirae;Uroviricota;Caudoviricetes
genomad_k141_2700791	4848	No terminal repeats	NA	16	11	0.9805	NA	2	10.9503	Viruses;Duplodnaviria;Heunggongvirae;Uroviricota;Caudoviricetes
genomad_k141_971403	6721	No terminal repeats	NA	12	11	0.9805	NA	2	17.1828	Viruses;Duplodnaviria;Heunggongvirae;Uroviricota;Caudoviricetes
genomad_k141_2972010	4040	No terminal repeats	NA	9	11	0.9805	NA	0	14.1481	Viruses;Duplodnaviria;Heunggongvirae;Uroviricota;Caudoviricetes
genomad_k141_2193892	3724	No terminal repeats	NA	5	11	0.9805	NA	3	8.1142	Viruses;Duplodnaviria;Heunggongvirae;Uroviricota;Caudoviricetes
genomad_k141_2927420	3799	No terminal repeats	NA	6	11	0.9805	NA	0	10.3097	Viruses;Duplodnaviria;Heunggongvirae;Uroviricota;Caudoviricetes
genomad_k141_2611467	3836	No terminal repeats	NA	7	11	0.9805	NA	0	6.4373	Viruses;Duplodnaviria;Heunggongvirae;Uroviricota;Caudoviricetes
genomad_k141_1890642	7731	No terminal repeats	NA	11	11	0.9805	NA	2	9.3966	Viruses;Duplodnaviria;Heunggongvirae;Uroviricota;Caudoviricetes
genomad_k141_3098293	7362	No terminal repeats	NA	13	11	0.9805	NA	0	15.9722	Viruses;Duplodnaviria;Heunggongvirae;Uroviricota;Caudoviricetes
genomad_k141_1379991	3917	No terminal repeats	NA	10	11	0.9805	NA	1	8.6469	Viruses;Duplodnaviria;Heunggongvirae;Uroviricota;Caudoviricetes
genomad_k141_1092883	8759	No terminal repeats	NA	11	11	0.9805	NA	5	17.5671	Viruses;Duplodnaviria;Heunggongvirae;Uroviricota;Caudoviricetes
genomad_k141_3263133	4641	No terminal repeats	NA	7	11	0.9805	NA	6	9.5853	Viruses;Duplodnaviria;Heunggongvirae;Uroviricota;Caudoviricetes
genomad_k141_1624756	5095	No terminal repeats	NA	12	11	0.9805	NA	2	18.9011	Viruses;Duplodnaviria;Heunggongvirae;Uroviricota;Caudoviricetes
genomad_k141_2990309	4175	No terminal repeats	NA	8	11	0.9805	NA	1	9.3883	Viruses;Duplodnaviria;Heunggongvirae;Uroviricota;Caudoviricetes
genomad_k141_3712620	6222	No terminal repeats	NA	9	11	0.9805	NA	0	6.3508	Viruses;Duplodnaviria;Heunggongvirae;Uroviricota;Caudoviricetes
genomad_k141_7753	9271	No terminal repeats	NA	14	11	0.9805	NA	4	17.4970	Viruses;Duplodnaviria;Heunggongvirae;Uroviricota;Caudoviricetes
genomad_k141_695515	5461	No terminal repeats	NA	6	11	0.9805	NA	3	9.4116	Viruses;Duplodnaviria;Heunggongvirae;Uroviricota;Caudoviricetes
genomad_k141_566242	4477	No terminal repeats	NA	9	11	0.9805	NA	5	10.1119	Viruses;Duplodnaviria;Heunggongvirae;Uroviricota;Caudoviricetes
genomad_k141_3343208	4286	No terminal repeats	NA	6	11	0.9805	NA	2	6.6487	Viruses;Duplodnaviria;Heunggongvirae;Uroviricota;Caudoviricetes
genomad_k141_1916451	3554	No terminal repeats	NA	6	11	0.9805	NA	1	8.5914	Viruses;Duplodnaviria;Heunggongvirae;Uroviricota;Caudoviricetes;Kyanoviridae
genomad_k141_2144907	8518	No terminal repeats	NA	10	11	0.9805	NA	5	12.5632	Viruses;Duplodnaviria;Heunggongvirae;Uroviricota;Caudoviricetes
genomad_k141_2699442	4727	No terminal repeats	NA	8	11	0.9805	NA	1	8.5732	Viruses;Duplodnaviria;Heunggongvirae;Uroviricota;Caudoviricetes
genomad_k141_387335	7352	No terminal repeats	NA	10	11	0.9804	NA	1	8.0823	Viruses;Duplodnaviria;Heunggongvirae;Uroviricota;Caudoviricetes
genomad_k141_3726319	5067	No terminal repeats	NA	14	11	0.9804	NA	1	9.3765	Viruses;Duplodnaviria;Heunggongvirae;Uroviricota;Caudoviricetes
genomad_k141_720555	9580	No terminal repeats	NA	10	11	0.9804	NA	0	16.8758	Viruses;Duplodnaviria;Heunggongvirae;Uroviricota;Caudoviricetes
genomad_k141_2527719	3993	No terminal repeats	NA	13	11	0.9804	NA	1	7.3554	Viruses;Duplodnaviria;Heunggongvirae;Uroviricota;Caudoviricetes
genomad_k141_3202384	8018	No terminal repeats	NA	5	11	0.9804	NA	0	6.8660	Viruses;Duplodnaviria;Heunggongvirae;Uroviricota;Caudoviricetes
genomad_k141_2256101	3974	No terminal repeats	NA	9	11	0.9804	NA	0	9.9088	Viruses;Duplodnaviria;Heunggongvirae;Uroviricota;Caudoviricetes
genomad_k141_16729	6499	No terminal repeats	NA	15	11	0.9804	NA	0	14.0659	Viruses;Duplodnaviria;Heunggongvirae;Uroviricota;Caudoviricetes
genomad_k141_3224550	6216	No terminal repeats	NA	8	11	0.9804	NA	0	11.9551	Viruses;Duplodnaviria;Heunggongvirae;Uroviricota;Caudoviricetes
genomad_k141_857546	3533	No terminal repeats	NA	5	11	0.9804	NA	0	4.6624	Viruses;Duplodnaviria;Heunggongvirae;Uroviricota;Caudoviricetes
genomad_k141_2190504	6289	No terminal repeats	NA	9	11	0.9804	NA	3	11.3484	Viruses;Duplodnaviria;Heunggongvirae;Uroviricota;Caudoviricetes
genomad_k141_1272385	5816	No terminal repeats	NA	9	11	0.9804	NA	2	10.0359	Viruses;Duplodnaviria;Heunggongvirae;Uroviricota;Caudoviricetes
genomad_k141_2325450	3874	No terminal repeats	NA	7	11	0.9804	NA	0	6.0841	Viruses;Duplodnaviria;Heunggongvirae;Uroviricota;Caudoviricetes
genomad_k141_242347	5500	No terminal repeats	NA	8	11	0.9804	NA	3	10.5195	Viruses;Duplodnaviria;Heunggongvirae;Uroviricota;Caudoviricetes
genomad_k141_1980101	15034	DTR	NA	21	11	0.9804	NA	6	27.7908	Viruses;Duplodnaviria;Heunggongvirae;Uroviricota;Caudoviricetes
genomad_k141_3750079	9290	No terminal repeats	NA	12	11	0.9804	NA	6	18.2205	Viruses;Duplodnaviria;Heunggongvirae;Uroviricota;Caudoviricetes
genomad_k141_897786	4921	No terminal repeats	NA	6	11	0.9804	NA	1	10.0836	Viruses;Duplodnaviria;Heunggongvirae;Uroviricota;Caudoviricetes
genomad_k141_2994930	4948	No terminal repeats	NA	6	11	0.9804	NA	3	9.0274	Viruses;Duplodnaviria;Heunggongvirae;Uroviricota;Caudoviricetes
genomad_k141_1762167	5742	No terminal repeats	NA	8	11	0.9804	NA	1	13.4978	Viruses;Duplodnaviria;Heunggongvirae;Uroviricota;Caudoviricetes
genomad_k141_1023943	4749	No terminal repeats	NA	5	11	0.9804	NA	2	5.9138	Viruses;Duplodnaviria;Heunggongvirae;Uroviricota;Caudoviricetes
genomad_k141_1349201	4856	No terminal repeats	NA	5	11	0.9804	NA	2	8.1074	Viruses;Duplodnaviria;Heunggongvirae;Uroviricota;Caudoviricetes
genomad_k141_2075380	4028	No terminal repeats	NA	8	11	0.9804	NA	1	8.2488	Viruses;Duplodnaviria;Heunggongvirae;Uroviricota;Caudoviricetes
genomad_k141_2680427	4251	No terminal repeats	NA	7	11	0.9804	NA	1	9.6161	Viruses;Duplodnaviria;Heunggongvirae;Uroviricota;Caudoviricetes
genomad_k141_2150996	6992	No terminal repeats	NA	5	11	0.9804	NA	2	8.5616	Viruses;Duplodnaviria;Heunggongvirae;Uroviricota;Caudoviricetes
genomad_k141_1080990	3749	No terminal repeats	NA	10	11	0.9804	NA	0	13.5721	Viruses;Duplodnaviria;Heunggongvirae;Uroviricota;Caudoviricetes
genomad_k141_643622	4544	No terminal repeats	NA	6	11	0.9804	NA	2	4.8345	Viruses;Duplodnaviria;Heunggongvirae;Uroviricota;Caudoviricetes
genomad_k141_3401615	3996	No terminal repeats	NA	5	11	0.9804	NA	0	6.4651	Viruses;Duplodnaviria;Heunggongvirae;Uroviricota;Caudoviricetes
genomad_k141_1223154	5170	No terminal repeats	NA	6	11	0.9804	NA	2	8.1080	Viruses;Duplodnaviria;Heunggongvirae;Uroviricota;Caudoviricetes
genomad_k141_1625573	4158	No terminal repeats	NA	10	11	0.9804	NA	0	8.3350	Viruses;Duplodnaviria;Heunggongvirae;Uroviricota;Caudoviricetes
genomad_k141_2411475	6962	No terminal repeats	NA	13	11	0.9804	NA	3	9.7145	Viruses;Duplodnaviria;Heunggongvirae;Uroviricota;Caudoviricetes
genomad_k141_3578472	5359	No terminal repeats	NA	10	11	0.9804	NA	0	6.2811	Viruses;Duplodnaviria;Heunggongvirae;Uroviricota;Caudoviricetes
genomad_k141_3039041	4520	No terminal repeats	NA	6	11	0.9804	NA	0	7.4170	Viruses;Duplodnaviria;Heunggongvirae;Uroviricota;Caudoviricetes
genomad_k141_1452113	7678	No terminal repeats	NA	16	11	0.9804	NA	0	9.8973	Viruses;Duplodnaviria;Heunggongvirae;Uroviricota;Caudoviricetes
genomad_k141_366898	4637	No terminal repeats	NA	11	11	0.9804	NA	4	13.0852	Viruses;Duplodnaviria;Heunggongvirae;Uroviricota;Caudoviricetes
genomad_k141_2870181	8164	No terminal repeats	NA	10	11	0.9804	NA	1	10.0905	Viruses;Duplodnaviria;Heunggongvirae;Uroviricota;Caudoviricetes
genomad_k141_807435	4682	No terminal repeats	NA	5	11	0.9804	NA	0	6.3166	Viruses;Duplodnaviria;Heunggongvirae;Uroviricota;Caudoviricetes
genomad_k141_2516606	3596	No terminal repeats	NA	5	11	0.9804	NA	1	8.5914	Viruses;Duplodnaviria;Heunggongvirae;Uroviricota;Caudoviricetes
genomad_k141_1174719	3537	No terminal repeats	NA	5	11	0.9804	NA	1	6.1256	Viruses;Duplodnaviria;Heunggongvirae;Uroviricota;Caudoviricetes
genomad_k141_3756536	5829	No terminal repeats	NA	9	11	0.9804	NA	1	13.7463	Viruses;Duplodnaviria;Heunggongvirae;Uroviricota;Caudoviricetes
genomad_k141_723148	6278	No terminal repeats	NA	6	11	0.9804	NA	0	6.7042	Viruses;Duplodnaviria;Heunggongvirae;Uroviricota;Caudoviricetes
genomad_k141_2269363	4545	No terminal repeats	NA	7	11	0.9804	NA	3	6.1900	Viruses;Duplodnaviria;Heunggongvirae;Uroviricota;Caudoviricetes
genomad_k141_426058	9465	No terminal repeats	NA	13	11	0.9803	NA	3	11.7175	Viruses;Duplodnaviria;Heunggongvirae;Uroviricota;Caudoviricetes
genomad_k141_1271725	3504	No terminal repeats	NA	6	11	0.9803	NA	0	8.3553	Viruses;Duplodnaviria;Heunggongvirae;Uroviricota;Caudoviricetes
genomad_k141_317100	6709	No terminal repeats	NA	5	11	0.9803	NA	0	8.4893	Viruses;Duplodnaviria;Heunggongvirae;Uroviricota;Caudoviricetes
genomad_k141_807103	4777	No terminal repeats	NA	6	11	0.9803	NA	4	7.4882	Viruses;Duplodnaviria;Heunggongvirae;Uroviricota;Caudoviricetes
genomad_k141_3012351	3940	No terminal repeats	NA	6	11	0.9803	NA	1	10.2828	Viruses;Duplodnaviria;Heunggongvirae;Uroviricota;Caudoviricetes
genomad_k141_3765667	6575	No terminal repeats	NA	15	11	0.9803	NA	1	10.9489	Viruses;Duplodnaviria;Heunggongvirae;Uroviricota;Caudoviricetes
genomad_k141_241436	7186	No terminal repeats	NA	6	11	0.9803	NA	3	9.4571	Viruses;Duplodnaviria;Heunggongvirae;Uroviricota;Caudoviricetes
genomad_k141_2559603	4048	No terminal repeats	NA	7	11	0.9803	NA	1	9.8993	Viruses;Duplodnaviria;Heunggongvirae;Uroviricota;Caudoviricetes
genomad_k141_3375286	8246	No terminal repeats	NA	10	11	0.9803	NA	3	8.3609	Viruses;Duplodnaviria;Heunggongvirae;Uroviricota;Caudoviricetes
genomad_k141_1065755	4266	No terminal repeats	NA	7	11	0.9803	NA	0	8.5914	Viruses;Duplodnaviria;Heunggongvirae;Uroviricota;Caudoviricetes
genomad_k141_3508361	3864	No terminal repeats	NA	7	11	0.9803	NA	0	11.9553	Viruses;Duplodnaviria;Heunggongvirae;Uroviricota;Caudoviricetes
genomad_k141_1062965	3855	No terminal repeats	NA	5	11	0.9803	NA	2	6.3412	Viruses;Duplodnaviria;Heunggongvirae;Uroviricota;Caudoviricetes
genomad_k141_3285699	6756	No terminal repeats	NA	6	11	0.9803	NA	2	8.0671	Viruses;Duplodnaviria;Heunggongvirae;Uroviricota;Caudoviricetes
genomad_k141_1320462	7245	No terminal repeats	NA	5	11	0.9803	NA	0	8.1715	Viruses;Duplodnaviria;Heunggongvirae;Uroviricota;Caudoviricetes
genomad_k141_2291112	6219	No terminal repeats	NA	11	11	0.9803	NA	7	15.0005	Viruses;Duplodnaviria;Heunggongvirae;Uroviricota;Caudoviricetes
genomad_k141_1701529	4252	No terminal repeats	NA	8	11	0.9803	NA	2	10.0363	Viruses;Duplodnaviria;Heunggongvirae;Uroviricota;Caudoviricetes
genomad_k141_656365	4496	No terminal repeats	NA	6	11	0.9803	NA	1	9.7093	Viruses;Duplodnaviria;Heunggongvirae;Uroviricota;Caudoviricetes
genomad_k141_420682	6802	No terminal repeats	NA	16	11	0.9803	NA	3	20.4694	Viruses;Duplodnaviria;Heunggongvirae;Uroviricota;Caudoviricetes
genomad_k141_3296647	4902	No terminal repeats	NA	8	11	0.9803	NA	1	10.5462	Viruses;Duplodnaviria;Heunggongvirae;Uroviricota;Caudoviricetes
genomad_k141_1160414	8138	No terminal repeats	NA	19	11	0.9803	NA	1	15.4447	Viruses;Duplodnaviria;Heunggongvirae;Uroviricota;Caudoviricetes
genomad_k141_2420780	3102	No terminal repeats	NA	9	11	0.9803	NA	0	14.6999	Viruses;Duplodnaviria;Heunggongvirae;Uroviricota;Caudoviricetes
genomad_k141_2061283	3650	No terminal repeats	NA	6	11	0.9803	NA	2	6.8291	Viruses;Duplodnaviria;Heunggongvirae;Uroviricota;Caudoviricetes
genomad_k141_3335047	7055	No terminal repeats	NA	8	11	0.9803	NA	2	11.0260	Viruses;Duplodnaviria;Heunggongvirae;Uroviricota;Caudoviricetes
genomad_k141_1984164	4838	No terminal repeats	NA	12	11	0.9803	NA	0	18.4604	Viruses;Duplodnaviria;Heunggongvirae;Uroviricota;Caudoviricetes
genomad_k141_1639298	4593	No terminal repeats	NA	5	11	0.9803	NA	0	5.1548	Unclassified
genomad_k141_2202885	4200	No terminal repeats	NA	12	11	0.9803	NA	0	8.1038	Viruses;Duplodnaviria;Heunggongvirae;Uroviricota;Caudoviricetes
genomad_k141_2231158	9803	No terminal repeats	NA	13	11	0.9803	NA	1	13.7110	Viruses;Duplodnaviria;Heunggongvirae;Uroviricota;Caudoviricetes
genomad_k141_1973060	4559	No terminal repeats	NA	14	11	0.9803	NA	0	9.9551	Viruses;Duplodnaviria;Heunggongvirae;Uroviricota;Caudoviricetes
genomad_k141_2865850	3960	No terminal repeats	NA	6	11	0.9803	NA	0	7.2633	Viruses;Duplodnaviria;Heunggongvirae;Uroviricota;Caudoviricetes
genomad_k141_3206111	3591	No terminal repeats	NA	6	11	0.9803	NA	0	5.7397	Viruses;Duplodnaviria;Heunggongvirae;Uroviricota;Caudoviricetes
genomad_k141_2849274	5490	No terminal repeats	NA	12	11	0.9802	NA	0	7.4504	Viruses;Duplodnaviria;Heunggongvirae;Uroviricota;Caudoviricetes
genomad_k141_128220	5096	No terminal repeats	NA	7	11	0.9802	NA	1	7.1956	Viruses;Duplodnaviria;Heunggongvirae;Uroviricota;Caudoviricetes
genomad_k141_2100801	9386	No terminal repeats	NA	14	11	0.9802	NA	2	15.7965	Viruses;Duplodnaviria;Heunggongvirae;Uroviricota;Caudoviricetes
genomad_k141_2086613	5981	No terminal repeats	NA	6	11	0.9802	NA	2	7.6605	Viruses;Duplodnaviria;Heunggongvirae;Uroviricota;Caudoviricetes
genomad_k141_3346311	4770	No terminal repeats	NA	8	11	0.9802	NA	3	13.1144	Viruses;Duplodnaviria;Heunggongvirae;Uroviricota;Caudoviricetes
genomad_k141_3719424	3697	No terminal repeats	NA	6	11	0.9802	NA	0	6.3083	Viruses;Duplodnaviria;Heunggongvirae;Uroviricota;Caudoviricetes
genomad_k141_2744358	4624	No terminal repeats	NA	10	11	0.9802	NA	5	13.7439	Viruses;Duplodnaviria;Heunggongvirae;Uroviricota;Caudoviricetes
genomad_k141_110077	4852	No terminal repeats	NA	7	11	0.9802	NA	3	6.1768	Viruses;Duplodnaviria;Heunggongvirae;Uroviricota;Caudoviricetes
genomad_k141_509546	5038	No terminal repeats	NA	6	11	0.9802	NA	3	7.1894	Viruses;Duplodnaviria;Heunggongvirae;Uroviricota;Caudoviricetes
genomad_k141_722427	4435	No terminal repeats	NA	8	11	0.9802	NA	0	6.7081	Viruses;Duplodnaviria;Heunggongvirae;Uroviricota;Caudoviricetes
genomad_k141_1130963	5072	No terminal repeats	NA	6	11	0.9802	NA	0	9.9966	Viruses;Duplodnaviria;Heunggongvirae;Uroviricota;Caudoviricetes
genomad_k141_1875522	6589	No terminal repeats	NA	13	11	0.9802	NA	1	13.6625	Viruses;Duplodnaviria;Heunggongvirae;Uroviricota;Caudoviricetes
genomad_k141_3497255	7100	No terminal repeats	NA	12	11	0.9802	NA	6	16.3147	Viruses;Duplodnaviria;Heunggongvirae;Uroviricota;Caudoviricetes
genomad_k141_3789443	5665	No terminal repeats	NA	10	11	0.9802	NA	2	13.5094	Viruses;Duplodnaviria;Heunggongvirae;Uroviricota;Caudoviricetes
genomad_k141_1100347	3607	No terminal repeats	NA	8	11	0.9802	NA	2	7.5330	Viruses;Duplodnaviria;Heunggongvirae;Uroviricota;Caudoviricetes
genomad_k141_3276810	7757	No terminal repeats	NA	8	15	0.9802	NA	4	12.4427	Viruses;Duplodnaviria;Heunggongvirae;Uroviricota;Caudoviricetes
genomad_k141_3164264	5488	No terminal repeats	NA	5	11	0.9802	NA	0	8.5709	Viruses;Duplodnaviria;Heunggongvirae;Uroviricota;Caudoviricetes
genomad_k141_2201976	3676	No terminal repeats	NA	6	11	0.9802	NA	2	6.7018	Viruses;Duplodnaviria;Heunggongvirae;Uroviricota;Caudoviricetes
genomad_k141_1739750	4571	No terminal repeats	NA	7	11	0.9802	NA	0	8.5611	Viruses;Duplodnaviria;Heunggongvirae;Uroviricota;Caudoviricetes
genomad_k141_2259458	4462	No terminal repeats	NA	8	11	0.9802	NA	3	8.1558	Viruses;Duplodnaviria;Heunggongvirae;Uroviricota;Caudoviricetes
genomad_k141_2291382	4434	No terminal repeats	NA	5	11	0.9802	NA	0	6.8731	Viruses;Duplodnaviria;Heunggongvirae;Uroviricota;Caudoviricetes
genomad_k141_1725358	4416	No terminal repeats	NA	6	11	0.9802	NA	2	5.9009	Viruses;Duplodnaviria;Heunggongvirae;Uroviricota;Caudoviricetes
genomad_k141_1372186	5078	No terminal repeats	NA	9	11	0.9802	NA	3	12.7557	Viruses;Duplodnaviria;Heunggongvirae;Uroviricota;Caudoviricetes
genomad_k141_1146015	4867	No terminal repeats	NA	5	11	0.9802	NA	3	7.6036	Viruses;Duplodnaviria;Heunggongvirae;Uroviricota;Caudoviricetes
genomad_k141_3099864	5891	No terminal repeats	NA	9	11	0.9802	NA	0	7.7079	Viruses;Duplodnaviria;Heunggongvirae;Uroviricota;Caudoviricetes
genomad_k141_185200	5461	No terminal repeats	NA	11	11	0.9802	NA	0	8.3367	Viruses;Duplodnaviria;Heunggongvirae;Uroviricota;Caudoviricetes
genomad_k141_1731132	6402	No terminal repeats	NA	14	11	0.9802	NA	0	18.9011	Viruses;Duplodnaviria;Heunggongvirae;Uroviricota;Caudoviricetes
genomad_k141_1304780	4872	No terminal repeats	NA	7	11	0.9802	NA	1	11.8310	Viruses;Duplodnaviria;Heunggongvirae;Uroviricota;Caudoviricetes
genomad_k141_3222969	4646	No terminal repeats	NA	10	11	0.9802	NA	1	8.0287	Viruses;Duplodnaviria;Heunggongvirae;Uroviricota;Caudoviricetes
genomad_k141_1849829	4613	No terminal repeats	NA	6	11	0.9802	NA	0	10.3069	Viruses;Duplodnaviria;Heunggongvirae;Uroviricota;Caudoviricetes
genomad_k141_1691001	8856	No terminal repeats	NA	12	11	0.9802	NA	0	8.7371	Viruses;Duplodnaviria;Heunggongvirae;Uroviricota;Caudoviricetes
genomad_k141_3590765	3909	No terminal repeats	NA	8	11	0.9802	NA	0	6.4842	Viruses;Duplodnaviria;Heunggongvirae;Uroviricota;Caudoviricetes
genomad_k141_3585818	6222	No terminal repeats	NA	14	11	0.9802	NA	0	12.8354	Viruses;Duplodnaviria;Heunggongvirae;Uroviricota;Caudoviricetes
genomad_k141_1917895	3701	No terminal repeats	NA	5	11	0.9802	NA	1	4.7187	Viruses;Duplodnaviria;Heunggongvirae;Uroviricota;Caudoviricetes
genomad_k141_2989460	6225	No terminal repeats	NA	8	11	0.9802	NA	2	6.9901	Viruses;Duplodnaviria;Heunggongvirae;Uroviricota;Caudoviricetes
genomad_k141_2483948	4301	No terminal repeats	NA	8	11	0.9802	NA	5	8.9280	Viruses;Duplodnaviria;Heunggongvirae;Uroviricota;Caudoviricetes
genomad_k141_1432313	4705	No terminal repeats	NA	6	11	0.9802	NA	2	6.0162	Viruses;Duplodnaviria;Heunggongvirae;Uroviricota;Caudoviricetes
genomad_k141_2946633	6920	No terminal repeats	NA	8	11	0.9802	NA	0	9.8912	Viruses;Duplodnaviria;Heunggongvirae;Uroviricota;Caudoviricetes
genomad_k141_2707936	2853	No terminal repeats	NA	6	11	0.9802	NA	5	8.0393	Viruses;Duplodnaviria;Heunggongvirae;Uroviricota;Caudoviricetes
genomad_k141_2924534	3854	No terminal repeats	NA	6	11	0.9802	NA	3	10.0836	Viruses;Duplodnaviria;Heunggongvirae;Uroviricota;Caudoviricetes
genomad_k141_1651398	8278	No terminal repeats	NA	10	11	0.9802	NA	1	6.2034	Viruses;Duplodnaviria;Heunggongvirae;Uroviricota;Caudoviricetes
genomad_k141_1902551	3677	No terminal repeats	NA	7	11	0.9802	NA	6	10.3446	Viruses;Duplodnaviria;Heunggongvirae;Uroviricota;Caudoviricetes
genomad_k141_2067943	9172	No terminal repeats	NA	7	15	0.9801	NA	0	4.6263	Viruses;Duplodnaviria;Heunggongvirae;Uroviricota;Caudoviricetes
genomad_k141_392693	24220	No terminal repeats	NA	35	11	0.9801	NA	6	54.7354	Viruses;Duplodnaviria;Heunggongvirae;Uroviricota;Caudoviricetes
genomad_k141_3295725	4203	No terminal repeats	NA	8	11	0.9801	NA	0	10.2144	Viruses;Duplodnaviria;Heunggongvirae;Uroviricota;Caudoviricetes
genomad_k141_477330	4371	No terminal repeats	NA	5	11	0.9801	NA	1	7.9814	Viruses;Duplodnaviria;Heunggongvirae;Uroviricota;Caudoviricetes
genomad_k141_2405002	6507	No terminal repeats	NA	13	11	0.9801	NA	1	20.4115	Viruses;Duplodnaviria;Heunggongvirae;Uroviricota;Caudoviricetes
genomad_k141_772138	46049	DTR	NA	66	11	0.9801	NA	13	77.1026	Viruses;Duplodnaviria;Heunggongvirae;Uroviricota;Caudoviricetes
genomad_k141_744655	6636	No terminal repeats	NA	10	11	0.9801	NA	3	15.4645	Viruses;Duplodnaviria;Heunggongvirae;Uroviricota;Caudoviricetes
genomad_k141_1717317	3706	No terminal repeats	NA	5	11	0.9801	NA	0	6.8581	Viruses;Duplodnaviria;Heunggongvirae;Uroviricota;Caudoviricetes
genomad_k141_963439	5543	No terminal repeats	NA	5	11	0.9801	NA	0	8.4284	Viruses;Duplodnaviria;Heunggongvirae;Uroviricota;Caudoviricetes
genomad_k141_53439	7809	No terminal repeats	NA	18	11	0.9801	NA	1	8.5071	Viruses;Duplodnaviria;Heunggongvirae;Uroviricota;Caudoviricetes
genomad_k141_3258945	8573	No terminal repeats	NA	24	11	0.9801	NA	0	9.8990	Viruses;Duplodnaviria;Heunggongvirae;Uroviricota;Caudoviricetes
genomad_k141_2921899	6536	No terminal repeats	NA	13	11	0.9801	NA	1	13.4208	Viruses;Duplodnaviria;Heunggongvirae;Uroviricota;Caudoviricetes
genomad_k141_3521428	7243	No terminal repeats	NA	14	11	0.9801	NA	4	9.2645	Viruses;Duplodnaviria;Heunggongvirae;Uroviricota;Caudoviricetes
genomad_k141_3717962	5990	No terminal repeats	NA	6	11	0.9801	NA	1	4.8848	Viruses;Duplodnaviria;Heunggongvirae;Uroviricota;Caudoviricetes
genomad_k141_231980	6468	No terminal repeats	NA	7	11	0.9801	NA	1	12.0255	Viruses;Duplodnaviria;Heunggongvirae;Uroviricota;Caudoviricetes
genomad_k141_178616	7282	No terminal repeats	NA	9	11	0.9801	NA	0	12.1971	Viruses;Duplodnaviria;Heunggongvirae;Uroviricota;Caudoviricetes
genomad_k141_658749	4153	No terminal repeats	NA	5	11	0.9801	NA	0	8.5771	Viruses;Duplodnaviria;Heunggongvirae;Uroviricota;Caudoviricetes
genomad_k141_1941079	4358	No terminal repeats	NA	15	11	0.9801	NA	2	7.9407	Viruses;Duplodnaviria;Heunggongvirae;Uroviricota;Caudoviricetes
genomad_k141_3750006	5345	No terminal repeats	NA	13	11	0.9801	NA	1	9.5393	Viruses;Duplodnaviria;Heunggongvirae;Uroviricota;Caudoviricetes
genomad_k141_3703695	4591	No terminal repeats	NA	5	11	0.9801	NA	3	8.3044	Viruses;Duplodnaviria;Heunggongvirae;Uroviricota;Caudoviricetes
genomad_k141_796485	34317	No terminal repeats	NA	39	11	0.9801	NA	7	50.3147	Viruses;Duplodnaviria;Heunggongvirae;Uroviricota;Caudoviricetes
genomad_k141_2874660	5042	No terminal repeats	NA	5	11	0.9801	NA	0	6.5089	Viruses;Duplodnaviria;Heunggongvirae;Uroviricota;Caudoviricetes
genomad_k141_1216450	3512	No terminal repeats	NA	5	11	0.9801	NA	1	5.3620	Viruses;Duplodnaviria;Heunggongvirae;Uroviricota;Caudoviricetes
genomad_k141_3281377	51961	No terminal repeats	NA	59	11	0.9801	NA	5	84.6993	Viruses;Duplodnaviria;Heunggongvirae;Uroviricota;Caudoviricetes
genomad_k141_2459566	6418	No terminal repeats	NA	10	11	0.9801	NA	3	11.1517	Viruses;Duplodnaviria;Heunggongvirae;Uroviricota;Caudoviricetes
genomad_k141_1855877	6489	No terminal repeats	NA	15	11	0.9801	NA	2	17.3788	Viruses;Duplodnaviria;Heunggongvirae;Uroviricota;Caudoviricetes
genomad_k141_3214347	8812	No terminal repeats	NA	16	11	0.9801	NA	0	11.0435	Viruses;Duplodnaviria;Heunggongvirae;Uroviricota;Caudoviricetes
genomad_k141_3050642	4959	No terminal repeats	NA	5	11	0.9801	NA	0	6.8731	Viruses;Duplodnaviria;Heunggongvirae;Uroviricota;Caudoviricetes
genomad_k141_738993	6230	No terminal repeats	NA	6	11	0.9801	NA	0	7.8340	Viruses;Duplodnaviria;Heunggongvirae;Uroviricota;Caudoviricetes
genomad_k141_424594	4111	No terminal repeats	NA	6	11	0.9801	NA	1	7.9796	Viruses;Duplodnaviria;Heunggongvirae;Uroviricota;Caudoviricetes
genomad_k141_3389728	5631	No terminal repeats	NA	6	11	0.9800	NA	2	10.0078	Viruses;Duplodnaviria;Heunggongvirae;Uroviricota;Caudoviricetes;Straboviridae
genomad_k141_2095036	4394	No terminal repeats	NA	6	11	0.9800	NA	1	6.8639	Viruses;Duplodnaviria;Heunggongvirae;Uroviricota;Caudoviricetes
genomad_k141_2987711	6644	No terminal repeats	NA	10	11	0.9800	NA	0	6.2192	Viruses;Duplodnaviria;Heunggongvirae;Uroviricota;Caudoviricetes
genomad_k141_2744275	4243	No terminal repeats	NA	10	11	0.9800	NA	3	14.1766	Viruses;Duplodnaviria;Heunggongvirae;Uroviricota;Caudoviricetes
genomad_k141_2938063	8575	No terminal repeats	NA	11	11	0.9800	NA	1	14.8684	Viruses;Duplodnaviria;Heunggongvirae;Uroviricota;Caudoviricetes
genomad_k141_3773211	6073	No terminal repeats	NA	12	11	0.9800	NA	4	10.6763	Viruses;Duplodnaviria;Heunggongvirae;Uroviricota;Caudoviricetes
genomad_k141_3646020	49552	No terminal repeats	NA	82	11	0.9800	NA	10	85.9292	Viruses;Duplodnaviria;Heunggongvirae;Uroviricota;Caudoviricetes
genomad_k141_3393671	5067	No terminal repeats	NA	8	11	0.9800	NA	0	6.7010	Viruses;Duplodnaviria;Heunggongvirae;Uroviricota;Caudoviricetes
genomad_k141_665736	4710	No terminal repeats	NA	5	11	0.9800	NA	0	6.1801	Viruses;Duplodnaviria;Heunggongvirae;Uroviricota;Caudoviricetes
genomad_k141_365184	7438	No terminal repeats	NA	13	11	0.9800	NA	2	9.4418	Viruses;Duplodnaviria;Heunggongvirae;Uroviricota;Caudoviricetes
genomad_k141_2689084	4659	No terminal repeats	NA	12	11	0.9800	NA	0	7.4576	Viruses;Duplodnaviria;Heunggongvirae;Uroviricota;Caudoviricetes
genomad_k141_1808277	4751	No terminal repeats	NA	7	11	0.9800	NA	0	9.2402	Viruses;Duplodnaviria;Heunggongvirae;Uroviricota;Caudoviricetes
genomad_k141_516231	4251	No terminal repeats	NA	8	11	0.9800	NA	0	6.1286	Viruses;Duplodnaviria;Heunggongvirae;Uroviricota;Caudoviricetes
genomad_k141_114374	5100	No terminal repeats	NA	7	11	0.9800	NA	2	6.3641	Viruses;Duplodnaviria;Heunggongvirae;Uroviricota;Caudoviricetes
genomad_k141_178537	5239	No terminal repeats	NA	7	11	0.9800	NA	0	9.8358	Viruses;Duplodnaviria;Heunggongvirae;Uroviricota;Caudoviricetes
genomad_k141_3059252	6038	No terminal repeats	NA	8	11	0.9800	NA	0	10.7198	Viruses;Duplodnaviria;Heunggongvirae;Uroviricota;Caudoviricetes
genomad_k141_3604019	7780	No terminal repeats	NA	11	11	0.9800	NA	1	17.3246	Viruses;Duplodnaviria;Heunggongvirae;Uroviricota;Caudoviricetes
genomad_k141_1559836	7083	No terminal repeats	NA	8	11	0.9800	NA	2	11.9854	Viruses;Duplodnaviria;Heunggongvirae;Uroviricota;Caudoviricetes
genomad_k141_2515479	8343	No terminal repeats	NA	9	11	0.9800	NA	1	15.0471	Viruses;Duplodnaviria;Heunggongvirae;Uroviricota;Caudoviricetes
genomad_k141_2738047	5862	No terminal repeats	NA	7	11	0.9800	NA	4	8.3616	Viruses;Duplodnaviria;Heunggongvirae;Uroviricota;Caudoviricetes
genomad_k141_2049679	3959	No terminal repeats	NA	6	11	0.9800	NA	3	8.1365	Viruses;Duplodnaviria;Heunggongvirae;Uroviricota;Caudoviricetes
genomad_k141_3345090	4343	No terminal repeats	NA	5	11	0.9800	NA	2	5.5501	Viruses;Duplodnaviria;Heunggongvirae;Uroviricota;Caudoviricetes
genomad_k141_1908431	4173	No terminal repeats	NA	6	11	0.9800	NA	1	8.2857	Viruses;Duplodnaviria;Heunggongvirae;Uroviricota;Caudoviricetes
genomad_k141_1153947	4043	No terminal repeats	NA	7	11	0.9800	NA	2	12.0280	Viruses;Duplodnaviria;Heunggongvirae;Uroviricota;Caudoviricetes
genomad_k141_271271	6269	No terminal repeats	NA	9	11	0.9800	NA	0	10.3097	Viruses;Duplodnaviria;Heunggongvirae;Uroviricota;Caudoviricetes;Autographiviridae
genomad_k141_3283132	3701	No terminal repeats	NA	5	11	0.9800	NA	0	6.3450	Viruses;Duplodnaviria;Heunggongvirae;Uroviricota;Caudoviricetes
genomad_k141_3037158	4276	No terminal repeats	NA	7	11	0.9800	NA	0	8.2820	Viruses;Duplodnaviria;Heunggongvirae;Uroviricota;Caudoviricetes
genomad_k141_937329	8713	No terminal repeats	NA	15	11	0.9800	NA	0	16.0987	Viruses;Duplodnaviria;Heunggongvirae;Uroviricota;Caudoviricetes
genomad_k141_17618	6594	No terminal repeats	NA	7	11	0.9800	NA	1	9.0639	Viruses;Duplodnaviria;Heunggongvirae;Uroviricota;Caudoviricetes
genomad_k141_2150985	4892	No terminal repeats	NA	9	11	0.9800	NA	1	9.5914	Viruses;Duplodnaviria;Heunggongvirae;Uroviricota;Caudoviricetes
genomad_k141_2380331	5232	No terminal repeats	NA	9	11	0.9800	NA	0	12.8823	Viruses;Duplodnaviria;Heunggongvirae;Uroviricota;Caudoviricetes
genomad_k141_1400134	5111	No terminal repeats	NA	6	11	0.9800	NA	1	8.2802	Viruses;Duplodnaviria;Heunggongvirae;Uroviricota;Caudoviricetes
genomad_k141_1181555	4768	No terminal repeats	NA	6	11	0.9800	NA	2	7.8617	Viruses;Duplodnaviria;Heunggongvirae;Uroviricota;Caudoviricetes
genomad_k141_2298625	5466	No terminal repeats	NA	10	11	0.9800	NA	1	9.6623	Viruses;Duplodnaviria;Heunggongvirae;Uroviricota;Caudoviricetes;Autographiviridae
genomad_k141_3533174	9209	No terminal repeats	NA	9	11	0.9799	NA	2	13.2168	Viruses;Duplodnaviria;Heunggongvirae;Uroviricota;Caudoviricetes
genomad_k141_1132426	4968	No terminal repeats	NA	14	11	0.9799	NA	0	16.5188	Viruses;Duplodnaviria;Heunggongvirae;Uroviricota;Caudoviricetes
genomad_k141_2150816	4683	No terminal repeats	NA	5	11	0.9799	NA	0	7.9355	Viruses;Duplodnaviria;Heunggongvirae;Uroviricota;Caudoviricetes
genomad_k141_1986822	7647	No terminal repeats	NA	10	11	0.9799	NA	0	14.5449	Viruses;Duplodnaviria;Heunggongvirae;Uroviricota;Caudoviricetes
genomad_k141_380859	6096	No terminal repeats	NA	7	11	0.9799	NA	0	8.5474	Viruses;Duplodnaviria;Heunggongvirae;Uroviricota;Caudoviricetes
genomad_k141_1938771	7456	No terminal repeats	NA	11	11	0.9799	NA	2	16.2405	Viruses;Duplodnaviria;Heunggongvirae;Uroviricota;Caudoviricetes
genomad_k141_1562121	3601	No terminal repeats	NA	7	11	0.9799	NA	0	11.3039	Viruses;Duplodnaviria;Heunggongvirae;Uroviricota;Caudoviricetes
genomad_k141_3571427	8422	No terminal repeats	NA	15	11	0.9799	NA	1	16.5098	Viruses;Duplodnaviria;Heunggongvirae;Uroviricota;Caudoviricetes
genomad_k141_864698	8293	No terminal repeats	NA	5	11	0.9799	NA	0	7.3540	Viruses;Duplodnaviria;Heunggongvirae;Uroviricota;Caudoviricetes
genomad_k141_2926209	4248	No terminal repeats	NA	6	11	0.9799	NA	4	7.6408	Viruses;Duplodnaviria;Heunggongvirae;Uroviricota;Caudoviricetes
genomad_k141_3067149	7202	No terminal repeats	NA	9	11	0.9799	NA	0	12.2951	Viruses;Duplodnaviria;Heunggongvirae;Uroviricota;Caudoviricetes
genomad_k141_1386581	3948	No terminal repeats	NA	9	11	0.9799	NA	2	13.6103	Viruses;Duplodnaviria;Heunggongvirae;Uroviricota;Caudoviricetes
genomad_k141_248396	8776	No terminal repeats	NA	6	11	0.9799	NA	0	10.1414	Viruses;Duplodnaviria;Heunggongvirae;Uroviricota;Caudoviricetes
genomad_k141_551281	4010	No terminal repeats	NA	5	11	0.9799	NA	1	6.4032	Viruses;Duplodnaviria;Heunggongvirae;Uroviricota;Caudoviricetes
genomad_k141_2115983	6787	No terminal repeats	NA	8	11	0.9799	NA	2	7.3877	Viruses;Duplodnaviria;Heunggongvirae;Uroviricota;Caudoviricetes
genomad_k141_3110858	8665	No terminal repeats	NA	11	11	0.9799	NA	3	18.4262	Viruses;Duplodnaviria;Heunggongvirae;Uroviricota;Caudoviricetes
genomad_k141_898015	3853	No terminal repeats	NA	12	11	0.9799	NA	0	7.6417	Viruses;Duplodnaviria;Heunggongvirae;Uroviricota;Caudoviricetes
genomad_k141_1499700	9205	No terminal repeats	NA	10	11	0.9799	NA	3	7.9052	Viruses;Duplodnaviria;Heunggongvirae;Uroviricota;Caudoviricetes
genomad_k141_3246654	7727	No terminal repeats	NA	13	11	0.9799	NA	1	19.8837	Viruses;Duplodnaviria;Heunggongvirae;Uroviricota;Caudoviricetes
genomad_k141_842431	3886	No terminal repeats	NA	10	11	0.9799	NA	2	16.6354	Viruses;Duplodnaviria;Heunggongvirae;Uroviricota;Caudoviricetes;Kyanoviridae
genomad_k141_2916204	3673	No terminal repeats	NA	5	11	0.9799	NA	0	7.5375	Viruses;Duplodnaviria;Heunggongvirae;Uroviricota;Caudoviricetes
genomad_k141_661567	6727	No terminal repeats	NA	10	11	0.9799	NA	1	11.3370	Viruses;Duplodnaviria;Heunggongvirae;Uroviricota;Caudoviricetes
genomad_k141_1711347	2543	No terminal repeats	NA	4	11	0.9799	NA	3	6.8715	Viruses;Duplodnaviria;Heunggongvirae;Uroviricota;Caudoviricetes
genomad_k141_1910335	4320	No terminal repeats	NA	7	11	0.9799	NA	2	11.9963	Viruses;Duplodnaviria;Heunggongvirae;Uroviricota;Caudoviricetes
genomad_k141_3334541	33112	DTR	NA	55	11	0.9799	NA	14	57.7092	Viruses;Duplodnaviria;Heunggongvirae;Uroviricota;Caudoviricetes
genomad_k141_2178962	11047	No terminal repeats	NA	23	11	0.9799	NA	2	25.6065	Viruses;Duplodnaviria;Heunggongvirae;Uroviricota;Caudoviricetes
genomad_k141_1881651	3981	No terminal repeats	NA	5	11	0.9799	NA	1	7.9548	Viruses;Duplodnaviria;Heunggongvirae;Uroviricota;Caudoviricetes
genomad_k141_2371849	6380	No terminal repeats	NA	8	11	0.9798	NA	1	10.0615	Viruses;Duplodnaviria;Heunggongvirae;Uroviricota;Caudoviricetes
genomad_k141_1920994	3875	No terminal repeats	NA	6	11	0.9798	NA	0	8.6801	Viruses;Duplodnaviria;Heunggongvirae;Uroviricota;Caudoviricetes
genomad_k141_2820529	59622	No terminal repeats	NA	80	11	0.9798	NA	4	45.1052	Viruses;Duplodnaviria;Heunggongvirae;Uroviricota;Caudoviricetes
genomad_k141_145316	4708	No terminal repeats	NA	5	11	0.9798	NA	3	6.3102	Viruses;Duplodnaviria;Heunggongvirae;Uroviricota;Caudoviricetes
genomad_k141_3065461	5253	No terminal repeats	NA	5	11	0.9798	NA	0	6.8731	Viruses;Duplodnaviria;Heunggongvirae;Uroviricota;Caudoviricetes
genomad_k141_2345516	8200	No terminal repeats	NA	21	11	0.9798	NA	4	21.9659	Viruses;Duplodnaviria;Heunggongvirae;Uroviricota;Caudoviricetes
genomad_k141_3010299	4148	No terminal repeats	NA	11	11	0.9798	NA	0	6.2571	Viruses;Duplodnaviria;Heunggongvirae;Uroviricota;Caudoviricetes
genomad_k141_1565770	4561	No terminal repeats	NA	10	11	0.9798	NA	0	8.4951	Viruses;Duplodnaviria;Heunggongvirae;Uroviricota;Caudoviricetes
genomad_k141_1816262	5708	No terminal repeats	NA	5	11	0.9798	NA	2	6.8528	Viruses;Duplodnaviria;Heunggongvirae;Uroviricota;Caudoviricetes
genomad_k141_570125	3585	No terminal repeats	NA	5	11	0.9798	NA	1	8.4531	Viruses;Duplodnaviria;Heunggongvirae;Uroviricota;Caudoviricetes
genomad_k141_1166484	4872	No terminal repeats	NA	7	11	0.9798	NA	0	11.6226	Viruses;Duplodnaviria;Heunggongvirae;Uroviricota;Caudoviricetes
genomad_k141_1373665	4814	No terminal repeats	NA	5	11	0.9798	NA	2	5.2966	Viruses;Duplodnaviria;Heunggongvirae;Uroviricota;Caudoviricetes
genomad_k141_2682089	3645	No terminal repeats	NA	7	11	0.9798	NA	0	7.3866	Viruses;Duplodnaviria;Heunggongvirae;Uroviricota;Caudoviricetes
genomad_k141_2870673	3950	No terminal repeats	NA	7	11	0.9798	NA	1	11.8294	Viruses;Duplodnaviria;Heunggongvirae;Uroviricota;Caudoviricetes
genomad_k141_2108508	4132	No terminal repeats	NA	6	11	0.9798	NA	0	5.7397	Viruses;Duplodnaviria;Heunggongvirae;Uroviricota;Caudoviricetes
genomad_k141_2100498	8866	No terminal repeats	NA	10	11	0.9798	NA	0	13.5048	Viruses;Duplodnaviria;Heunggongvirae;Uroviricota;Caudoviricetes
genomad_k141_3162169	4611	No terminal repeats	NA	7	11	0.9798	NA	1	10.1300	Viruses;Duplodnaviria;Heunggongvirae;Uroviricota;Caudoviricetes
genomad_k141_668671	6466	No terminal repeats	NA	10	11	0.9798	NA	2	13.7198	Viruses;Duplodnaviria;Heunggongvirae;Uroviricota;Caudoviricetes
genomad_k141_2289304	4619	No terminal repeats	NA	5	15	0.9798	NA	0	7.3463	Viruses;Duplodnaviria;Heunggongvirae;Uroviricota;Caudoviricetes
genomad_k141_663490	9519	No terminal repeats	NA	12	11	0.9798	NA	2	20.1378	Viruses;Duplodnaviria;Heunggongvirae;Uroviricota;Caudoviricetes
genomad_k141_120470	3561	No terminal repeats	NA	3	11	0.9798	NA	0	4.8704	Viruses;Duplodnaviria;Heunggongvirae;Uroviricota;Caudoviricetes
genomad_k141_1507132	6788	No terminal repeats	NA	9	11	0.9798	NA	3	11.1435	Viruses;Duplodnaviria;Heunggongvirae;Uroviricota;Caudoviricetes
genomad_k141_1229744	7706	No terminal repeats	NA	11	11	0.9798	NA	4	14.9889	Viruses;Duplodnaviria;Heunggongvirae;Uroviricota;Caudoviricetes
genomad_k141_2019284	4937	No terminal repeats	NA	6	11	0.9798	NA	1	6.8590	Viruses;Duplodnaviria;Heunggongvirae;Uroviricota;Caudoviricetes
genomad_k141_2861652	3608	No terminal repeats	NA	10	11	0.9798	NA	1	15.0252	Viruses;Duplodnaviria;Heunggongvirae;Uroviricota;Caudoviricetes
genomad_k141_324832	6549	No terminal repeats	NA	11	11	0.9798	NA	3	10.6126	Viruses;Duplodnaviria;Heunggongvirae;Uroviricota;Caudoviricetes
genomad_k141_1475755	3886	No terminal repeats	NA	12	11	0.9798	NA	0	11.3919	Viruses;Duplodnaviria;Heunggongvirae;Uroviricota;Caudoviricetes;Zobellviridae
genomad_k141_3155735	7483	No terminal repeats	NA	13	11	0.9798	NA	1	14.1319	Viruses;Duplodnaviria;Heunggongvirae;Uroviricota;Caudoviricetes
genomad_k141_741933	3531	No terminal repeats	NA	5	11	0.9797	NA	0	4.4860	Viruses;Duplodnaviria;Heunggongvirae;Uroviricota;Caudoviricetes
genomad_k141_62528	3717	No terminal repeats	NA	13	11	0.9797	NA	0	12.0280	Viruses;Duplodnaviria;Heunggongvirae;Uroviricota;Caudoviricetes
genomad_k141_386902	5797	No terminal repeats	NA	11	11	0.9797	NA	3	11.4308	Viruses;Duplodnaviria;Heunggongvirae;Uroviricota;Caudoviricetes
genomad_k141_1319003	6854	No terminal repeats	NA	10	11	0.9797	NA	3	13.5211	Viruses;Duplodnaviria;Heunggongvirae;Uroviricota;Caudoviricetes
genomad_k141_888578	4680	No terminal repeats	NA	8	11	0.9797	NA	2	6.0860	Viruses;Monodnaviria;Sangervirae;Phixviricota;Malgrandaviricetes;Petitvirales;Microviridae
genomad_k141_2872461	8692	No terminal repeats	NA	15	11	0.9797	NA	0	13.6881	Viruses;Duplodnaviria;Heunggongvirae;Uroviricota;Caudoviricetes
genomad_k141_3374537	2869	No terminal repeats	NA	5	11	0.9797	NA	0	6.8731	Viruses;Duplodnaviria;Heunggongvirae;Uroviricota;Caudoviricetes
genomad_k141_1454903	6943	No terminal repeats	NA	11	11	0.9797	NA	0	5.3754	Viruses;Duplodnaviria;Heunggongvirae;Uroviricota;Caudoviricetes
genomad_k141_696273	42353	No terminal repeats	NA	60	11	0.9797	NA	14	45.9322	Viruses;Duplodnaviria;Heunggongvirae;Uroviricota;Caudoviricetes
genomad_k141_850039	9508	No terminal repeats	NA	12	11	0.9797	NA	2	9.5914	Viruses;Duplodnaviria;Heunggongvirae;Uroviricota;Caudoviricetes
genomad_k141_1606619	4612	No terminal repeats	NA	11	11	0.9797	NA	1	13.3388	Viruses;Duplodnaviria;Heunggongvirae;Uroviricota;Caudoviricetes
genomad_k141_758836	3928	No terminal repeats	NA	7	11	0.9797	NA	0	9.5006	Viruses;Duplodnaviria;Heunggongvirae;Uroviricota;Caudoviricetes
genomad_k141_2740714	4346	No terminal repeats	NA	9	11	0.9797	NA	0	10.3097	Viruses;Duplodnaviria;Heunggongvirae;Uroviricota;Caudoviricetes
genomad_k141_2821930	4897	No terminal repeats	NA	7	11	0.9797	NA	0	9.9252	Viruses;Duplodnaviria;Heunggongvirae;Uroviricota;Caudoviricetes
genomad_k141_1746287	3541	No terminal repeats	NA	8	11	0.9797	NA	1	10.1877	Viruses;Duplodnaviria;Heunggongvirae;Uroviricota;Caudoviricetes
genomad_k141_1891367	5892	No terminal repeats	NA	12	11	0.9797	NA	2	8.9021	Viruses;Duplodnaviria;Heunggongvirae;Uroviricota;Caudoviricetes
genomad_k141_903920	6410	No terminal repeats	NA	8	11	0.9797	NA	0	6.8680	Viruses;Duplodnaviria;Heunggongvirae;Uroviricota;Caudoviricetes
genomad_k141_1151720	6856	No terminal repeats	NA	16	11	0.9797	NA	1	9.3882	Viruses;Duplodnaviria;Heunggongvirae;Uroviricota;Caudoviricetes
genomad_k141_2442057	4333	No terminal repeats	NA	10	11	0.9797	NA	2	16.6927	Viruses;Duplodnaviria;Heunggongvirae;Uroviricota;Caudoviricetes
genomad_k141_1138734	7331	No terminal repeats	NA	22	11	0.9797	NA	0	16.4581	Viruses;Duplodnaviria;Heunggongvirae;Uroviricota;Caudoviricetes
genomad_k141_2750374	4175	No terminal repeats	NA	6	11	0.9797	NA	0	7.9840	Viruses;Duplodnaviria;Heunggongvirae;Uroviricota;Caudoviricetes
genomad_k141_2539848	4377	No terminal repeats	NA	7	11	0.9797	NA	1	7.4876	Viruses;Duplodnaviria;Heunggongvirae;Uroviricota;Caudoviricetes
genomad_k141_1731375	41949	DTR	NA	60	11	0.9797	NA	4	52.5155	Viruses;Duplodnaviria;Heunggongvirae;Uroviricota;Caudoviricetes
genomad_k141_1075397	4325	No terminal repeats	NA	11	11	0.9797	NA	1	15.4645	Viruses;Duplodnaviria;Heunggongvirae;Uroviricota;Caudoviricetes
genomad_k141_74917	3540	No terminal repeats	NA	5	11	0.9797	NA	0	5.1548	Viruses;Duplodnaviria;Heunggongvirae;Uroviricota;Caudoviricetes
genomad_k141_3335509	38832	No terminal repeats	NA	66	11	0.9796	NA	9	57.1931	Viruses;Duplodnaviria;Heunggongvirae;Uroviricota;Caudoviricetes
genomad_k141_2532487	3580	No terminal repeats	NA	8	11	0.9796	NA	0	9.8256	Viruses;Duplodnaviria;Heunggongvirae;Uroviricota;Caudoviricetes
genomad_k141_2274966	5132	No terminal repeats	NA	16	11	0.9796	NA	0	6.2512	Unclassified
genomad_k141_1217119	6811	No terminal repeats	NA	15	11	0.9796	NA	1	21.0853	Viruses;Duplodnaviria;Heunggongvirae;Uroviricota;Caudoviricetes
genomad_k141_1781226	6571	No terminal repeats	NA	6	11	0.9796	NA	2	6.8731	Viruses;Duplodnaviria;Heunggongvirae;Uroviricota;Caudoviricetes;Kyanoviridae
genomad_k141_307867	4274	No terminal repeats	NA	8	11	0.9796	NA	0	8.0989	Viruses;Duplodnaviria;Heunggongvirae;Uroviricota;Caudoviricetes
genomad_k141_838656	4148	No terminal repeats	NA	7	11	0.9796	NA	1	5.9149	Viruses;Duplodnaviria;Heunggongvirae;Uroviricota;Caudoviricetes
genomad_k141_3074878	8760	No terminal repeats	NA	10	11	0.9796	NA	1	13.4573	Viruses;Duplodnaviria;Heunggongvirae;Uroviricota;Caudoviricetes
genomad_k141_894489	4479	No terminal repeats	NA	7	11	0.9796	NA	0	6.7010	Viruses;Duplodnaviria;Heunggongvirae;Uroviricota;Caudoviricetes
genomad_k141_341506	8056	No terminal repeats	NA	12	11	0.9796	NA	0	11.1352	Viruses;Duplodnaviria;Heunggongvirae;Uroviricota;Caudoviricetes
genomad_k141_384245	3575	No terminal repeats	NA	5	11	0.9796	NA	0	5.0691	Viruses;Duplodnaviria;Heunggongvirae;Uroviricota;Caudoviricetes
genomad_k141_1968333	3552	No terminal repeats	NA	8	11	0.9796	NA	4	10.8031	Viruses;Duplodnaviria;Heunggongvirae;Uroviricota;Caudoviricetes
genomad_k141_1075981	5452	No terminal repeats	NA	12	11	0.9796	NA	4	9.5845	Viruses;Duplodnaviria;Heunggongvirae;Uroviricota;Caudoviricetes
genomad_k141_2111385	4200	No terminal repeats	NA	15	11	0.9796	NA	0	13.5101	Viruses;Duplodnaviria;Heunggongvirae;Uroviricota;Caudoviricetes
genomad_k141_442304	7453	No terminal repeats	NA	10	11	0.9796	NA	1	14.0882	Viruses;Duplodnaviria;Heunggongvirae;Uroviricota;Caudoviricetes
genomad_k141_62892	4069	No terminal repeats	NA	5	11	0.9796	NA	1	6.6471	Viruses;Duplodnaviria;Heunggongvirae;Uroviricota;Caudoviricetes
genomad_k141_1326887	8022	No terminal repeats	NA	11	11	0.9796	NA	3	15.1187	Viruses;Duplodnaviria;Heunggongvirae;Uroviricota;Caudoviricetes
genomad_k141_1971077	3972	No terminal repeats	NA	5	11	0.9796	NA	1	8.5649	Viruses;Duplodnaviria;Heunggongvirae;Uroviricota;Caudoviricetes
genomad_k141_145565	4069	No terminal repeats	NA	7	11	0.9796	NA	0	8.5914	Viruses;Duplodnaviria;Heunggongvirae;Uroviricota;Caudoviricetes
genomad_k141_24467	5407	No terminal repeats	NA	13	11	0.9796	NA	1	11.3004	Viruses;Duplodnaviria;Heunggongvirae;Uroviricota;Caudoviricetes
genomad_k141_1014075	3875	No terminal repeats	NA	14	11	0.9796	NA	1	8.0740	Viruses;Duplodnaviria;Heunggongvirae;Uroviricota;Caudoviricetes
genomad_k141_2408190	8751	No terminal repeats	NA	22	11	0.9796	NA	0	10.4576	Viruses;Duplodnaviria;Heunggongvirae;Uroviricota;Caudoviricetes
genomad_k141_2410232	37820	No terminal repeats	NA	47	11	0.9796	NA	7	37.2788	Viruses;Duplodnaviria;Heunggongvirae;Uroviricota;Caudoviricetes
genomad_k141_2386365	4401	No terminal repeats	NA	7	11	0.9795	NA	0	10.3082	Viruses;Duplodnaviria;Heunggongvirae;Uroviricota;Caudoviricetes
genomad_k141_2270862	3692	No terminal repeats	NA	5	11	0.9795	NA	2	6.6619	Viruses;Duplodnaviria;Heunggongvirae;Uroviricota;Caudoviricetes
genomad_k141_1051310	5353	No terminal repeats	NA	6	11	0.9795	NA	2	5.9337	Viruses;Duplodnaviria;Heunggongvirae;Uroviricota;Caudoviricetes
genomad_k141_2302178	4875	No terminal repeats	NA	11	11	0.9795	NA	1	12.3394	Viruses;Duplodnaviria;Heunggongvirae;Uroviricota;Caudoviricetes
genomad_k141_3634253	7594	No terminal repeats	NA	9	11	0.9795	NA	0	6.2672	Viruses;Duplodnaviria;Heunggongvirae;Uroviricota;Caudoviricetes
genomad_k141_1442739	3792	No terminal repeats	NA	9	11	0.9795	NA	0	6.6461	Viruses;Duplodnaviria;Heunggongvirae;Uroviricota;Caudoviricetes
genomad_k141_1264246	4890	No terminal repeats	NA	9	11	0.9795	NA	0	7.8889	Viruses;Duplodnaviria;Heunggongvirae;Uroviricota;Caudoviricetes;Drexlerviridae
genomad_k141_1181197	4535	No terminal repeats	NA	9	11	0.9795	NA	0	13.7463	Viruses;Duplodnaviria;Heunggongvirae;Uroviricota;Caudoviricetes
genomad_k141_2214080	5507	No terminal repeats	NA	7	11	0.9795	NA	1	8.2325	Viruses;Duplodnaviria;Heunggongvirae;Uroviricota;Caudoviricetes
genomad_k141_223346	4861	No terminal repeats	NA	6	11	0.9795	NA	0	7.4941	Viruses;Duplodnaviria;Heunggongvirae;Uroviricota;Caudoviricetes
genomad_k141_1732502	4977	No terminal repeats	NA	12	11	0.9795	NA	0	11.8170	Viruses;Duplodnaviria;Heunggongvirae;Uroviricota;Caudoviricetes
genomad_k141_8921	4150	No terminal repeats	NA	6	11	0.9795	NA	1	6.5276	Viruses;Duplodnaviria;Heunggongvirae;Uroviricota;Caudoviricetes
genomad_k141_1552307	8474	No terminal repeats	NA	9	11	0.9795	NA	0	10.7110	Viruses;Duplodnaviria;Heunggongvirae;Uroviricota;Caudoviricetes
genomad_k141_1036214	4769	No terminal repeats	NA	11	11	0.9795	NA	1	16.3691	Viruses;Duplodnaviria;Heunggongvirae;Uroviricota;Caudoviricetes
genomad_k141_2629394	17481	DTR	NA	27	11	0.9795	NA	5	23.6539	Viruses;Duplodnaviria;Heunggongvirae;Uroviricota;Caudoviricetes
genomad_k141_3329162	4494	No terminal repeats	NA	9	11	0.9795	NA	1	15.4541	Viruses;Duplodnaviria;Heunggongvirae;Uroviricota;Caudoviricetes
genomad_k141_426710	4643	No terminal repeats	NA	5	11	0.9795	NA	0	6.0910	Viruses;Duplodnaviria;Heunggongvirae;Uroviricota;Caudoviricetes
genomad_k141_1675012	4218	No terminal repeats	NA	5	11	0.9795	NA	1	6.2045	Viruses;Duplodnaviria;Heunggongvirae;Uroviricota;Caudoviricetes
genomad_k141_2986892	5007	No terminal repeats	NA	6	11	0.9795	NA	0	8.5709	Viruses;Duplodnaviria;Heunggongvirae;Uroviricota;Caudoviricetes
genomad_k141_538399	5212	No terminal repeats	NA	9	11	0.9795	NA	2	6.8731	Viruses;Duplodnaviria;Heunggongvirae;Uroviricota;Caudoviricetes
genomad_k141_386497	5880	No terminal repeats	NA	11	11	0.9795	NA	1	9.9936	Viruses;Duplodnaviria;Heunggongvirae;Uroviricota;Caudoviricetes
genomad_k141_286040	5106	No terminal repeats	NA	7	11	0.9795	NA	2	6.5795	Viruses;Duplodnaviria;Heunggongvirae;Uroviricota;Caudoviricetes
genomad_k141_51365	5769	No terminal repeats	NA	16	11	0.9795	NA	0	21.7736	Viruses;Duplodnaviria;Heunggongvirae;Uroviricota;Caudoviricetes
genomad_k141_1079647	5106	No terminal repeats	NA	9	11	0.9794	NA	0	11.3091	Viruses;Duplodnaviria;Heunggongvirae;Uroviricota;Caudoviricetes
genomad_k141_2397948	1328	No terminal repeats	NA	3	11	0.9794	NA	1	5.1548	Viruses;Duplodnaviria;Heunggongvirae;Uroviricota;Caudoviricetes
genomad_k141_1551806	4207	No terminal repeats	NA	8	11	0.9794	NA	2	11.4958	Viruses;Duplodnaviria;Heunggongvirae;Uroviricota;Caudoviricetes
genomad_k141_565885	3697	No terminal repeats	NA	6	11	0.9794	NA	0	8.5903	Viruses;Duplodnaviria;Heunggongvirae;Uroviricota;Caudoviricetes
genomad_k141_1965955	3113	No terminal repeats	NA	7	11	0.9794	NA	3	11.8995	Viruses;Duplodnaviria;Heunggongvirae;Uroviricota;Caudoviricetes
genomad_k141_8164	6149	No terminal repeats	NA	17	11	0.9794	NA	1	10.0841	Viruses;Duplodnaviria;Heunggongvirae;Uroviricota;Caudoviricetes
genomad_k141_2881843	4418	No terminal repeats	NA	10	11	0.9794	NA	1	8.7403	Viruses;Duplodnaviria;Heunggongvirae;Uroviricota;Caudoviricetes
genomad_k141_418923	4868	No terminal repeats	NA	8	11	0.9794	NA	0	12.0109	Viruses;Duplodnaviria;Heunggongvirae;Uroviricota;Caudoviricetes
genomad_k141_3246605	4835	No terminal repeats	NA	14	11	0.9794	NA	0	8.3139	Viruses;Duplodnaviria;Heunggongvirae;Uroviricota;Caudoviricetes
genomad_k141_2145718	16220	No terminal repeats	NA	36	11	0.9794	NA	2	36.7627	Viruses;Duplodnaviria;Heunggongvirae;Uroviricota;Caudoviricetes
genomad_k141_46731	6372	No terminal repeats	NA	12	11	0.9794	NA	1	13.0828	Viruses;Duplodnaviria;Heunggongvirae;Uroviricota;Caudoviricetes
genomad_k141_1679920	6119	No terminal repeats	NA	6	11	0.9794	NA	0	10.3067	Viruses;Duplodnaviria;Heunggongvirae;Uroviricota;Caudoviricetes
genomad_k141_1062310	4398	No terminal repeats	NA	5	11	0.9794	NA	0	6.7055	Viruses;Duplodnaviria;Heunggongvirae;Uroviricota;Caudoviricetes
genomad_k141_1032620	6199	No terminal repeats	NA	6	11	0.9794	NA	2	5.1486	Viruses;Duplodnaviria;Heunggongvirae;Uroviricota;Caudoviricetes
genomad_k141_2735828	19768	No terminal repeats	NA	35	11	0.9794	NA	2	22.7836	Viruses;Duplodnaviria;Heunggongvirae;Uroviricota;Caudoviricetes
genomad_k141_2710067	3791	No terminal repeats	NA	5	11	0.9794	NA	0	6.4341	Viruses;Duplodnaviria;Heunggongvirae;Uroviricota;Caudoviricetes
genomad_k141_3690476	3964	No terminal repeats	NA	5	11	0.9794	NA	3	8.5890	Viruses;Duplodnaviria;Heunggongvirae;Uroviricota;Caudoviricetes
genomad_k141_2494970	4103	No terminal repeats	NA	6	11	0.9794	NA	2	6.8731	Viruses;Duplodnaviria;Heunggongvirae;Uroviricota;Caudoviricetes
genomad_k141_893537	4458	No terminal repeats	NA	12	11	0.9794	NA	0	10.2543	Viruses;Duplodnaviria;Heunggongvirae;Uroviricota;Caudoviricetes
genomad_k141_3002718	6956	No terminal repeats	NA	10	11	0.9794	NA	0	10.7367	Viruses;Duplodnaviria;Heunggongvirae;Uroviricota;Caudoviricetes
genomad_k141_294699	27756	No terminal repeats	NA	38	11	0.9794	NA	5	26.4936	Viruses;Duplodnaviria;Heunggongvirae;Uroviricota;Caudoviricetes
genomad_k141_1331633	3893	No terminal repeats	NA	6	11	0.9794	NA	1	7.7487	Viruses;Duplodnaviria;Heunggongvirae;Uroviricota;Caudoviricetes
genomad_k141_2820502	4626	No terminal repeats	NA	6	11	0.9794	NA	2	5.4151	Viruses;Duplodnaviria;Heunggongvirae;Uroviricota;Caudoviricetes
genomad_k141_2075278	3831	No terminal repeats	NA	6	11	0.9794	NA	0	8.5524	Viruses;Duplodnaviria;Heunggongvirae;Uroviricota;Caudoviricetes
genomad_k141_2800840	5097	No terminal repeats	NA	5	11	0.9794	NA	2	8.0021	Viruses;Duplodnaviria;Heunggongvirae;Uroviricota;Caudoviricetes
genomad_k141_2626348	6978	No terminal repeats	NA	11	11	0.9793	NA	1	18.1661	Viruses;Duplodnaviria;Heunggongvirae;Uroviricota;Caudoviricetes
genomad_k141_1070005	5924	No terminal repeats	NA	7	11	0.9793	NA	0	5.6897	Viruses;Duplodnaviria;Heunggongvirae;Uroviricota;Caudoviricetes
genomad_k141_784420	9239	No terminal repeats	NA	19	11	0.9793	NA	1	24.4256	Viruses;Duplodnaviria;Heunggongvirae;Uroviricota;Caudoviricetes
genomad_k141_455125	5528	No terminal repeats	NA	14	11	0.9793	NA	0	5.9663	Viruses;Duplodnaviria;Heunggongvirae;Uroviricota;Caudoviricetes
genomad_k141_3474366	6501	No terminal repeats	NA	6	11	0.9793	NA	2	5.6185	Viruses;Duplodnaviria;Heunggongvirae;Uroviricota;Caudoviricetes
genomad_k141_2112594	26728	No terminal repeats	NA	41	11	0.9793	NA	4	31.6801	Viruses;Duplodnaviria;Heunggongvirae;Uroviricota;Caudoviricetes
genomad_k141_262244	4243	No terminal repeats	NA	6	11	0.9793	NA	0	6.3552	Viruses;Duplodnaviria;Heunggongvirae;Uroviricota;Caudoviricetes
genomad_k141_1132149	5595	No terminal repeats	NA	13	11	0.9793	NA	0	17.1828	Viruses;Duplodnaviria;Heunggongvirae;Uroviricota;Caudoviricetes
genomad_k141_1415886	3942	No terminal repeats	NA	7	11	0.9793	NA	2	11.8683	Viruses;Duplodnaviria;Heunggongvirae;Uroviricota;Caudoviricetes
genomad_k141_993270	7066	No terminal repeats	NA	13	11	0.9793	NA	1	5.9583	Viruses;Duplodnaviria;Heunggongvirae;Uroviricota;Caudoviricetes
genomad_k141_337668	4268	No terminal repeats	NA	9	11	0.9793	NA	1	14.6383	Viruses;Duplodnaviria;Heunggongvirae;Uroviricota;Caudoviricetes
genomad_k141_3651493	9704	No terminal repeats	NA	13	11	0.9793	NA	3	19.7967	Viruses;Duplodnaviria;Heunggongvirae;Uroviricota;Caudoviricetes
genomad_k141_3050063	3905	No terminal repeats	NA	11	11	0.9793	NA	0	12.7346	Viruses;Duplodnaviria;Heunggongvirae;Uroviricota;Caudoviricetes
genomad_k141_1393489	9185	No terminal repeats	NA	9	11	0.9793	NA	1	12.0227	Viruses;Duplodnaviria;Heunggongvirae;Uroviricota;Caudoviricetes
genomad_k141_2953748	5786	No terminal repeats	NA	8	11	0.9793	NA	3	7.1214	Viruses;Duplodnaviria;Heunggongvirae;Uroviricota;Caudoviricetes
virsorter2_k141_1456462||full	164229	No terminal repeats	NA	186	11	0.9793	NA	24	245.7987	Viruses;Duplodnaviria;Heunggongvirae;Uroviricota;Caudoviricetes
genomad_k141_953903	4547	No terminal repeats	NA	10	11	0.9793	NA	2	15.0419	Viruses;Duplodnaviria;Heunggongvirae;Uroviricota;Caudoviricetes
genomad_k141_558593	3592	No terminal repeats	NA	5	11	0.9793	NA	2	8.5856	Viruses;Duplodnaviria;Heunggongvirae;Uroviricota;Caudoviricetes
genomad_k141_3374493	9489	No terminal repeats	NA	15	11	0.9793	NA	1	20.0758	Viruses;Duplodnaviria;Heunggongvirae;Uroviricota;Caudoviricetes
genomad_k141_146568	3545	No terminal repeats	NA	5	11	0.9793	NA	3	4.7557	Viruses;Duplodnaviria;Heunggongvirae;Uroviricota;Caudoviricetes
genomad_k141_2790143	4695	No terminal repeats	NA	9	11	0.9793	NA	0	15.2264	Viruses;Duplodnaviria;Heunggongvirae;Uroviricota;Caudoviricetes
genomad_k141_3752572	9456	No terminal repeats	NA	13	11	0.9793	NA	0	13.0852	Viruses;Duplodnaviria;Heunggongvirae;Uroviricota;Caudoviricetes
genomad_k141_561835	3663	No terminal repeats	NA	6	11	0.9793	NA	0	9.2143	Viruses;Duplodnaviria;Heunggongvirae;Uroviricota;Caudoviricetes
genomad_k141_2304886	5034	No terminal repeats	NA	5	11	0.9792	NA	2	8.3185	Viruses;Duplodnaviria;Heunggongvirae;Uroviricota;Caudoviricetes
genomad_k141_1044448	5429	No terminal repeats	NA	6	11	0.9792	NA	1	10.2983	Viruses;Duplodnaviria;Heunggongvirae;Uroviricota;Caudoviricetes
genomad_k141_2636082	7358	No terminal repeats	NA	9	11	0.9792	NA	1	9.9398	Viruses;Duplodnaviria;Heunggongvirae;Uroviricota;Caudoviricetes
genomad_k141_1342462	4697	No terminal repeats	NA	7	11	0.9792	NA	0	7.0352	Viruses;Duplodnaviria;Heunggongvirae;Uroviricota;Caudoviricetes
genomad_k141_3464926	4195	No terminal repeats	NA	8	11	0.9792	NA	1	6.8711	Viruses;Duplodnaviria;Heunggongvirae;Uroviricota;Caudoviricetes
genomad_k141_752727	3557	No terminal repeats	NA	11	11	0.9792	NA	1	7.8220	Viruses;Duplodnaviria;Heunggongvirae;Uroviricota;Caudoviricetes
genomad_k141_1915838	3750	No terminal repeats	NA	6	11	0.9792	NA	1	8.5848	Viruses;Duplodnaviria;Heunggongvirae;Uroviricota;Caudoviricetes
genomad_k141_319224	3599	No terminal repeats	NA	9	11	0.9792	NA	2	8.9611	Viruses;Duplodnaviria;Heunggongvirae;Uroviricota;Caudoviricetes
genomad_k141_1441533	3707	No terminal repeats	NA	7	11	0.9792	NA	0	5.1548	Viruses;Duplodnaviria;Heunggongvirae;Uroviricota;Caudoviricetes
genomad_k141_2553980	9183	No terminal repeats	NA	10	11	0.9792	NA	2	14.5555	Viruses;Duplodnaviria;Heunggongvirae;Uroviricota;Caudoviricetes
genomad_k141_1290676	5094	No terminal repeats	NA	6	11	0.9792	NA	2	6.0562	Viruses;Duplodnaviria;Heunggongvirae;Uroviricota;Caudoviricetes
genomad_k141_677168	5268	No terminal repeats	NA	9	11	0.9792	NA	0	11.3431	Viruses;Varidnaviria;Bamfordvirae;Nucleocytoviricota;Megaviricetes;Algavirales;Phycodnaviridae
genomad_k141_3344677	5041	No terminal repeats	NA	13	11	0.9792	NA	0	7.8089	Viruses;Duplodnaviria;Heunggongvirae;Uroviricota;Caudoviricetes
genomad_k141_3518708	3574	No terminal repeats	NA	8	11	0.9792	NA	0	6.7447	Viruses;Duplodnaviria;Heunggongvirae;Uroviricota;Caudoviricetes
genomad_k141_2858285	3615	No terminal repeats	NA	8	11	0.9792	NA	0	9.3554	Viruses;Duplodnaviria;Heunggongvirae;Uroviricota;Caudoviricetes
genomad_k141_745887	7222	No terminal repeats	NA	9	11	0.9792	NA	1	13.9449	Viruses;Duplodnaviria;Heunggongvirae;Uroviricota;Caudoviricetes
genomad_k141_1704946	5177	No terminal repeats	NA	5	11	0.9792	NA	1	7.4301	Viruses;Duplodnaviria;Heunggongvirae;Uroviricota;Caudoviricetes
genomad_k141_19113	6750	No terminal repeats	NA	8	11	0.9792	NA	2	13.3115	Viruses;Duplodnaviria;Heunggongvirae;Uroviricota;Caudoviricetes
genomad_k141_305271	4261	No terminal repeats	NA	6	11	0.9792	NA	0	10.3097	Viruses;Duplodnaviria;Heunggongvirae;Uroviricota;Caudoviricetes
genomad_k141_1789924	6710	No terminal repeats	NA	9	11	0.9792	NA	0	7.7063	Viruses;Duplodnaviria;Heunggongvirae;Uroviricota;Caudoviricetes
genomad_k141_2221060	9231	No terminal repeats	NA	11	11	0.9792	NA	2	10.9134	Viruses;Duplodnaviria;Heunggongvirae;Uroviricota;Caudoviricetes
genomad_k141_3470524	4738	No terminal repeats	NA	6	11	0.9792	NA	0	4.8066	Viruses;Duplodnaviria;Heunggongvirae;Uroviricota;Caudoviricetes
genomad_k141_1552033	32657	No terminal repeats	NA	28	11	0.9792	NA	6	42.1388	Viruses;Duplodnaviria;Heunggongvirae;Uroviricota;Caudoviricetes
genomad_k141_367181	4113	No terminal repeats	NA	10	11	0.9792	NA	4	9.6539	Viruses;Duplodnaviria;Heunggongvirae;Uroviricota;Caudoviricetes
genomad_k141_825620	6227	No terminal repeats	NA	19	11	0.9792	NA	1	10.0230	Viruses;Duplodnaviria;Heunggongvirae;Uroviricota;Caudoviricetes
genomad_k141_3222282	4874	No terminal repeats	NA	11	11	0.9792	NA	1	7.4005	Viruses;Duplodnaviria;Heunggongvirae;Uroviricota;Caudoviricetes
genomad_k141_1988419	6990	No terminal repeats	NA	12	11	0.9792	NA	0	11.6211	Viruses;Duplodnaviria;Heunggongvirae;Uroviricota;Caudoviricetes
genomad_k141_656496	3572	No terminal repeats	NA	6	11	0.9792	NA	0	10.3097	Viruses;Duplodnaviria;Heunggongvirae;Uroviricota;Caudoviricetes
genomad_k141_1589	4101	No terminal repeats	NA	9	11	0.9792	NA	1	8.5914	Viruses;Duplodnaviria;Heunggongvirae;Uroviricota;Caudoviricetes
genomad_k141_1962014	4939	No terminal repeats	NA	10	11	0.9792	NA	1	7.3972	Viruses;Duplodnaviria;Heunggongvirae;Uroviricota;Caudoviricetes
genomad_k141_1148295	42348	No terminal repeats	NA	45	11	0.9791	NA	3	21.6020	Viruses;Duplodnaviria;Heunggongvirae;Uroviricota;Caudoviricetes
genomad_k141_2337229	4214	No terminal repeats	NA	11	11	0.9791	NA	0	8.5702	Viruses;Duplodnaviria;Heunggongvirae;Uroviricota;Caudoviricetes
genomad_k141_2024280	4134	No terminal repeats	NA	9	11	0.9791	NA	1	10.1283	Viruses;Duplodnaviria;Heunggongvirae;Uroviricota;Caudoviricetes
genomad_k141_3282299	3653	No terminal repeats	NA	7	11	0.9791	NA	2	9.0378	Viruses;Duplodnaviria;Heunggongvirae;Uroviricota;Caudoviricetes
genomad_k141_1058433	6902	No terminal repeats	NA	10	11	0.9791	NA	2	6.8625	Viruses;Duplodnaviria;Heunggongvirae;Uroviricota;Caudoviricetes
genomad_k141_1370771	7906	No terminal repeats	NA	10	11	0.9791	NA	1	10.3097	Viruses;Duplodnaviria;Heunggongvirae;Uroviricota;Caudoviricetes
genomad_k141_1200332	8076	No terminal repeats	NA	10	11	0.9791	NA	2	12.4128	Viruses;Duplodnaviria;Heunggongvirae;Uroviricota;Caudoviricetes
genomad_k141_2224087	3705	No terminal repeats	NA	12	11	0.9791	NA	1	7.5427	Viruses;Duplodnaviria;Heunggongvirae;Uroviricota;Caudoviricetes
genomad_k141_755939	5654	No terminal repeats	NA	7	11	0.9791	NA	5	9.7097	Viruses;Duplodnaviria;Heunggongvirae;Uroviricota;Caudoviricetes
genomad_k141_1338676	5905	No terminal repeats	NA	8	11	0.9791	NA	1	7.5966	Viruses;Duplodnaviria;Heunggongvirae;Uroviricota;Caudoviricetes
genomad_k141_200979	4060	No terminal repeats	NA	5	11	0.9791	NA	4	5.6642	Viruses;Duplodnaviria;Heunggongvirae;Uroviricota;Caudoviricetes
genomad_k141_3648542	3948	No terminal repeats	NA	9	11	0.9791	NA	2	11.1336	Viruses;Duplodnaviria;Heunggongvirae;Uroviricota;Caudoviricetes
genomad_k141_1440432	4051	No terminal repeats	NA	9	11	0.9791	NA	1	7.6532	Viruses;Duplodnaviria;Heunggongvirae;Uroviricota;Caudoviricetes
genomad_k141_656191	3583	No terminal repeats	NA	10	11	0.9791	NA	0	5.1511	Viruses;Duplodnaviria;Heunggongvirae;Uroviricota;Caudoviricetes
genomad_k141_567714	3791	No terminal repeats	NA	5	11	0.9791	NA	1	7.8567	Viruses;Duplodnaviria;Heunggongvirae;Uroviricota;Caudoviricetes
genomad_k141_2709912	6524	No terminal repeats	NA	16	11	0.9791	NA	0	16.6623	Viruses;Duplodnaviria;Heunggongvirae;Uroviricota;Caudoviricetes
genomad_k141_3262921	7911	No terminal repeats	NA	7	11	0.9791	NA	2	7.8883	Viruses;Duplodnaviria;Heunggongvirae;Uroviricota;Caudoviricetes
genomad_k141_2818955	4754	No terminal repeats	NA	5	11	0.9791	NA	0	7.7299	Viruses;Duplodnaviria;Heunggongvirae;Uroviricota;Caudoviricetes
genomad_k141_2098204	5616	No terminal repeats	NA	10	11	0.9791	NA	1	6.6258	Viruses;Duplodnaviria;Heunggongvirae;Uroviricota;Caudoviricetes
genomad_k141_1152839	5174	No terminal repeats	NA	6	11	0.9791	NA	1	9.7644	Viruses;Duplodnaviria;Heunggongvirae;Uroviricota;Caudoviricetes
genomad_k141_2532852	8052	No terminal repeats	NA	10	11	0.9791	NA	3	15.8125	Viruses;Duplodnaviria;Heunggongvirae;Uroviricota;Caudoviricetes
genomad_k141_1313604	4248	No terminal repeats	NA	7	11	0.9791	NA	0	7.0468	Viruses;Duplodnaviria;Heunggongvirae;Uroviricota;Caudoviricetes
genomad_k141_2711089	5988	No terminal repeats	NA	9	11	0.9791	NA	0	12.5318	Viruses;Duplodnaviria;Heunggongvirae;Uroviricota;Caudoviricetes
genomad_k141_615880	4774	No terminal repeats	NA	7	11	0.9791	NA	1	10.0632	Viruses;Duplodnaviria;Heunggongvirae;Uroviricota;Caudoviricetes
genomad_k141_1529815	7201	No terminal repeats	NA	13	11	0.9791	NA	0	22.1792	Viruses;Duplodnaviria;Heunggongvirae;Uroviricota;Caudoviricetes
genomad_k141_1629509	28621	No terminal repeats	NA	38	11	0.9791	NA	5	37.3280	Viruses;Duplodnaviria;Heunggongvirae;Uroviricota;Caudoviricetes
genomad_k141_878300	5337	No terminal repeats	NA	8	11	0.9791	NA	1	9.6448	Viruses;Duplodnaviria;Heunggongvirae;Uroviricota;Caudoviricetes
genomad_k141_1619726	4278	No terminal repeats	NA	10	11	0.9791	NA	2	10.4414	Viruses;Duplodnaviria;Heunggongvirae;Uroviricota;Caudoviricetes
genomad_k141_2419649	6569	No terminal repeats	NA	7	11	0.9791	NA	0	11.7760	Viruses;Duplodnaviria;Heunggongvirae;Uroviricota;Caudoviricetes
genomad_k141_1467856	7273	No terminal repeats	NA	8	11	0.9790	NA	2	11.3136	Viruses;Duplodnaviria;Heunggongvirae;Uroviricota;Caudoviricetes
genomad_k141_1349338	9496	No terminal repeats	NA	19	11	0.9790	NA	2	30.5491	Viruses;Duplodnaviria;Heunggongvirae;Uroviricota;Caudoviricetes
genomad_k141_839809	4298	No terminal repeats	NA	5	11	0.9790	NA	0	6.1136	Viruses;Duplodnaviria;Heunggongvirae;Uroviricota;Caudoviricetes
genomad_k141_1976632	4763	No terminal repeats	NA	9	11	0.9790	NA	1	8.2851	Viruses;Duplodnaviria;Heunggongvirae;Uroviricota;Caudoviricetes
genomad_k141_480737	32170	No terminal repeats	NA	26	11	0.9790	NA	4	29.0008	Viruses;Duplodnaviria;Heunggongvirae;Uroviricota;Caudoviricetes
genomad_k141_1908184	3558	No terminal repeats	NA	6	11	0.9790	NA	0	6.8273	Viruses;Duplodnaviria;Heunggongvirae;Uroviricota;Caudoviricetes
genomad_k141_2236221	5484	No terminal repeats	NA	14	11	0.9790	NA	0	10.7138	Viruses;Duplodnaviria;Heunggongvirae;Uroviricota;Caudoviricetes
genomad_k141_281932	37803	DTR	NA	59	11	0.9790	NA	14	61.9513	Viruses;Duplodnaviria;Heunggongvirae;Uroviricota;Caudoviricetes
genomad_k141_3653688	3716	No terminal repeats	NA	5	11	0.9790	NA	1	7.5689	Viruses;Duplodnaviria;Heunggongvirae;Uroviricota;Caudoviricetes
genomad_k141_1338346	4437	No terminal repeats	NA	9	11	0.9790	NA	7	10.9786	Viruses;Duplodnaviria;Heunggongvirae;Uroviricota;Caudoviricetes
genomad_k141_270974	3588	No terminal repeats	NA	6	11	0.9790	NA	0	6.5169	Viruses;Duplodnaviria;Heunggongvirae;Uroviricota;Caudoviricetes
genomad_k141_1505668	3732	No terminal repeats	NA	8	11	0.9790	NA	0	10.3005	Viruses;Duplodnaviria;Heunggongvirae;Uroviricota;Caudoviricetes
genomad_k141_3290060	4046	No terminal repeats	NA	7	11	0.9790	NA	2	5.7025	Viruses;Duplodnaviria;Heunggongvirae;Uroviricota;Caudoviricetes
genomad_k141_1442282	4205	No terminal repeats	NA	7	11	0.9790	NA	2	9.9006	Viruses;Duplodnaviria;Heunggongvirae;Uroviricota;Caudoviricetes
genomad_k141_2528400	4273	No terminal repeats	NA	5	11	0.9790	NA	1	8.5914	Viruses;Duplodnaviria;Heunggongvirae;Uroviricota;Caudoviricetes
genomad_k141_1391180	4947	No terminal repeats	NA	10	11	0.9790	NA	2	8.7196	Viruses;Duplodnaviria;Heunggongvirae;Uroviricota;Caudoviricetes
genomad_k141_3531141	4979	No terminal repeats	NA	11	11	0.9790	NA	1	7.7278	Viruses;Duplodnaviria;Heunggongvirae;Uroviricota;Caudoviricetes
genomad_k141_925180	3643	No terminal repeats	NA	7	11	0.9790	NA	1	9.8987	Viruses;Duplodnaviria;Heunggongvirae;Uroviricota;Caudoviricetes
genomad_k141_2913496	3967	No terminal repeats	NA	6	11	0.9790	NA	2	9.9943	Viruses;Duplodnaviria;Heunggongvirae;Uroviricota;Caudoviricetes
genomad_k141_788634	3807	No terminal repeats	NA	5	11	0.9790	NA	0	7.7016	Viruses;Duplodnaviria;Heunggongvirae;Uroviricota;Caudoviricetes
genomad_k141_103628	3892	No terminal repeats	NA	5	11	0.9790	NA	1	6.8238	Viruses;Duplodnaviria;Heunggongvirae;Uroviricota;Caudoviricetes
genomad_k141_2213581	5696	No terminal repeats	NA	8	11	0.9790	NA	1	9.7641	Viruses;Duplodnaviria;Heunggongvirae;Uroviricota;Caudoviricetes
genomad_k141_749941	7740	No terminal repeats	NA	10	11	0.9790	NA	2	14.7363	Viruses;Duplodnaviria;Heunggongvirae;Uroviricota;Caudoviricetes
genomad_k141_2692039	4771	No terminal repeats	NA	8	11	0.9790	NA	1	6.2457	Viruses;Duplodnaviria;Heunggongvirae;Uroviricota;Caudoviricetes
genomad_k141_303813	6437	No terminal repeats	NA	19	11	0.9790	NA	1	15.5665	Viruses;Duplodnaviria;Heunggongvirae;Uroviricota;Caudoviricetes
genomad_k141_2562711	9967	No terminal repeats	NA	13	11	0.9789	NA	4	19.9364	Viruses;Duplodnaviria;Heunggongvirae;Uroviricota;Caudoviricetes
genomad_k141_1922897	8022	No terminal repeats	NA	12	11	0.9789	NA	2	17.0138	Viruses;Duplodnaviria;Heunggongvirae;Uroviricota;Caudoviricetes
genomad_k141_2096284	2437	No terminal repeats	NA	3	11	0.9789	NA	1	5.1548	Viruses;Duplodnaviria;Heunggongvirae;Uroviricota;Caudoviricetes
genomad_k141_905339	5601	No terminal repeats	NA	5	11	0.9789	NA	2	8.2540	Viruses;Duplodnaviria;Heunggongvirae;Uroviricota;Caudoviricetes
genomad_k141_3800290	37620	DTR	NA	69	11	0.9789	NA	6	55.3671	Viruses;Duplodnaviria;Heunggongvirae;Uroviricota;Caudoviricetes
genomad_k141_966286	4854	No terminal repeats	NA	8	11	0.9789	NA	1	13.3255	Viruses;Duplodnaviria;Heunggongvirae;Uroviricota;Caudoviricetes
genomad_k141_838008	5497	No terminal repeats	NA	7	11	0.9789	NA	3	8.0652	Viruses;Duplodnaviria;Heunggongvirae;Uroviricota;Caudoviricetes
genomad_k141_1094716	7350	No terminal repeats	NA	11	11	0.9789	NA	3	13.7453	Viruses;Duplodnaviria;Heunggongvirae;Uroviricota;Caudoviricetes
genomad_k141_224230	4262	No terminal repeats	NA	6	11	0.9789	NA	1	4.9398	Viruses;Duplodnaviria;Heunggongvirae;Uroviricota;Caudoviricetes
genomad_k141_3353218	4833	No terminal repeats	NA	13	11	0.9789	NA	2	20.3261	Viruses;Duplodnaviria;Heunggongvirae;Uroviricota;Caudoviricetes
genomad_k141_1512542	4879	No terminal repeats	NA	11	11	0.9789	NA	0	7.6549	Viruses;Duplodnaviria;Heunggongvirae;Uroviricota;Caudoviricetes
genomad_k141_116964	4099	No terminal repeats	NA	6	11	0.9789	NA	1	6.3095	Viruses;Duplodnaviria;Heunggongvirae;Uroviricota;Caudoviricetes
genomad_k141_3050430	3576	No terminal repeats	NA	12	11	0.9789	NA	0	7.5213	Viruses;Duplodnaviria;Heunggongvirae;Uroviricota;Caudoviricetes
genomad_k141_3750982	4551	No terminal repeats	NA	10	11	0.9789	NA	0	7.5353	Viruses;Duplodnaviria;Heunggongvirae;Uroviricota;Caudoviricetes
genomad_k141_3625505	4701	No terminal repeats	NA	7	11	0.9789	NA	0	6.6679	Viruses;Duplodnaviria;Heunggongvirae;Uroviricota;Caudoviricetes
genomad_k141_418448	36355	No terminal repeats	NA	67	11	0.9789	NA	6	49.2020	Viruses;Duplodnaviria;Heunggongvirae;Uroviricota;Caudoviricetes
genomad_k141_2031481	4302	No terminal repeats	NA	8	11	0.9789	NA	2	13.1381	Viruses;Duplodnaviria;Heunggongvirae;Uroviricota;Caudoviricetes
genomad_k141_2917066	6827	No terminal repeats	NA	11	11	0.9789	NA	0	12.0280	Viruses;Duplodnaviria;Heunggongvirae;Uroviricota;Caudoviricetes
genomad_k141_836401	4227	No terminal repeats	NA	9	11	0.9789	NA	2	9.2307	Viruses;Duplodnaviria;Heunggongvirae;Uroviricota;Caudoviricetes
genomad_k141_2940088	8910	No terminal repeats	NA	14	11	0.9789	NA	0	19.2806	Viruses;Duplodnaviria;Heunggongvirae;Uroviricota;Caudoviricetes
genomad_k141_312503	7540	No terminal repeats	NA	5	11	0.9789	NA	0	5.1548	Viruses;Duplodnaviria;Heunggongvirae;Uroviricota;Caudoviricetes
genomad_k141_1406569	4876	No terminal repeats	NA	13	11	0.9789	NA	1	18.8002	Viruses;Duplodnaviria;Heunggongvirae;Uroviricota;Caudoviricetes
genomad_k141_2267781	4034	No terminal repeats	NA	10	11	0.9789	NA	1	8.4968	Viruses;Duplodnaviria;Heunggongvirae;Uroviricota;Caudoviricetes
genomad_k141_2430613	6653	No terminal repeats	NA	9	11	0.9789	NA	0	11.0697	Viruses;Duplodnaviria;Heunggongvirae;Uroviricota;Caudoviricetes
genomad_k141_1735354	6402	No terminal repeats	NA	12	11	0.9789	NA	7	14.5058	Viruses;Duplodnaviria;Heunggongvirae;Uroviricota;Caudoviricetes
genomad_k141_3282437	4418	No terminal repeats	NA	10	11	0.9789	NA	0	8.0069	Viruses;Duplodnaviria;Heunggongvirae;Uroviricota;Caudoviricetes
genomad_k141_2624803	5023	No terminal repeats	NA	15	11	0.9789	NA	2	12.7079	Viruses;Duplodnaviria;Heunggongvirae;Uroviricota;Caudoviricetes
genomad_k141_90789	4725	No terminal repeats	NA	11	11	0.9788	NA	1	10.4682	Viruses;Duplodnaviria;Heunggongvirae;Uroviricota;Caudoviricetes
genomad_k141_146831	4789	No terminal repeats	NA	5	11	0.9788	NA	1	5.1548	Viruses;Duplodnaviria;Heunggongvirae;Uroviricota;Caudoviricetes
genomad_k141_323784	4909	No terminal repeats	NA	17	11	0.9788	NA	0	14.9228	Viruses;Duplodnaviria;Heunggongvirae;Uroviricota;Caudoviricetes
genomad_k141_1497053	4137	No terminal repeats	NA	6	11	0.9788	NA	0	9.9530	Viruses;Duplodnaviria;Heunggongvirae;Uroviricota;Caudoviricetes
genomad_k141_720216	5290	No terminal repeats	NA	9	11	0.9788	NA	4	10.6442	Viruses;Duplodnaviria;Heunggongvirae;Uroviricota;Caudoviricetes
genomad_k141_1496269	5260	No terminal repeats	NA	12	11	0.9788	NA	0	7.3496	Viruses;Duplodnaviria;Heunggongvirae;Uroviricota;Caudoviricetes
genomad_k141_3348292	6078	No terminal repeats	NA	8	11	0.9788	NA	2	11.2466	Viruses;Duplodnaviria;Heunggongvirae;Uroviricota;Caudoviricetes
genomad_k141_548655	4359	No terminal repeats	NA	11	11	0.9788	NA	0	8.7204	Viruses;Duplodnaviria;Heunggongvirae;Uroviricota;Caudoviricetes
genomad_k141_2571241	3765	No terminal repeats	NA	7	11	0.9788	NA	1	7.6460	Viruses;Duplodnaviria;Heunggongvirae;Uroviricota;Caudoviricetes
genomad_k141_2418453	3983	No terminal repeats	NA	5	11	0.9788	NA	0	5.1548	Viruses;Duplodnaviria;Heunggongvirae;Uroviricota;Caudoviricetes
genomad_k141_2206089	5518	No terminal repeats	NA	9	11	0.9788	NA	0	9.3995	Viruses;Duplodnaviria;Heunggongvirae;Uroviricota;Caudoviricetes
genomad_k141_2868262	7294	No terminal repeats	NA	10	11	0.9788	NA	4	7.6218	Viruses;Duplodnaviria;Heunggongvirae;Uroviricota;Caudoviricetes
genomad_k141_93866	5124	No terminal repeats	NA	14	11	0.9788	NA	2	20.1055	Viruses;Duplodnaviria;Heunggongvirae;Uroviricota;Caudoviricetes
genomad_k141_3169828	25252	No terminal repeats	NA	26	11	0.9788	NA	6	22.1281	Viruses;Duplodnaviria;Heunggongvirae;Uroviricota;Caudoviricetes
genomad_k141_1544	5857	No terminal repeats	NA	11	11	0.9788	NA	0	13.5473	Viruses;Duplodnaviria;Heunggongvirae;Uroviricota;Caudoviricetes
genomad_k141_1563353	3775	No terminal repeats	NA	5	11	0.9788	NA	1	6.8731	Viruses;Duplodnaviria;Heunggongvirae;Uroviricota;Caudoviricetes
genomad_k141_1309245	6057	No terminal repeats	NA	19	11	0.9788	NA	0	6.8725	Viruses;Duplodnaviria;Heunggongvirae;Uroviricota;Caudoviricetes
genomad_k141_2017365	5482	No terminal repeats	NA	7	11	0.9788	NA	3	11.1616	Viruses;Duplodnaviria;Heunggongvirae;Uroviricota;Caudoviricetes
genomad_k141_3775896	5284	No terminal repeats	NA	10	11	0.9788	NA	0	14.4923	Viruses;Duplodnaviria;Heunggongvirae;Uroviricota;Caudoviricetes
genomad_k141_2986890	6375	No terminal repeats	NA	8	11	0.9788	NA	2	10.9077	Viruses;Duplodnaviria;Heunggongvirae;Uroviricota;Caudoviricetes
genomad_k141_1823692	4833	No terminal repeats	NA	8	11	0.9788	NA	1	7.8849	Viruses;Duplodnaviria;Heunggongvirae;Uroviricota;Caudoviricetes
genomad_k141_2252242	3880	No terminal repeats	NA	7	11	0.9788	NA	0	6.5685	Viruses;Duplodnaviria;Heunggongvirae;Uroviricota;Caudoviricetes
genomad_k141_660674	2792	No terminal repeats	NA	5	11	0.9788	NA	1	8.3590	Viruses;Duplodnaviria;Heunggongvirae;Uroviricota;Caudoviricetes
genomad_k141_2978050	6642	No terminal repeats	NA	10	11	0.9788	NA	2	7.7122	Viruses;Duplodnaviria;Heunggongvirae;Uroviricota;Caudoviricetes
genomad_k141_2818234	4402	No terminal repeats	NA	6	4	0.9787	NA	4	6.8291	Viruses;Duplodnaviria;Heunggongvirae;Uroviricota;Caudoviricetes
genomad_k141_245750	19874	No terminal repeats	NA	24	11	0.9787	NA	6	23.7158	Viruses;Duplodnaviria;Heunggongvirae;Uroviricota;Caudoviricetes
genomad_k141_605851	8997	No terminal repeats	NA	9	11	0.9787	NA	2	10.2939	Viruses;Duplodnaviria;Heunggongvirae;Uroviricota;Caudoviricetes
genomad_k141_2190866	9925	No terminal repeats	NA	12	11	0.9787	NA	1	14.3669	Viruses;Duplodnaviria;Heunggongvirae;Uroviricota;Caudoviricetes
genomad_k141_3309851	4090	No terminal repeats	NA	5	11	0.9787	NA	0	4.7022	Viruses;Duplodnaviria;Heunggongvirae;Uroviricota;Caudoviricetes
genomad_k141_2265350	5715	No terminal repeats	NA	12	11	0.9787	NA	0	7.9098	Viruses;Duplodnaviria;Heunggongvirae;Uroviricota;Caudoviricetes
genomad_k141_2389231	5124	No terminal repeats	NA	7	11	0.9787	NA	1	6.4733	Viruses;Duplodnaviria;Heunggongvirae;Uroviricota;Caudoviricetes
genomad_k141_3584537	5954	No terminal repeats	NA	6	11	0.9787	NA	1	6.9709	Viruses;Duplodnaviria;Heunggongvirae;Uroviricota;Caudoviricetes
genomad_k141_599402	3747	No terminal repeats	NA	6	11	0.9787	NA	1	6.8618	Viruses;Duplodnaviria;Heunggongvirae;Uroviricota;Caudoviricetes
genomad_k141_1692291	6021	No terminal repeats	NA	17	11	0.9787	NA	1	12.0280	Viruses;Duplodnaviria;Heunggongvirae;Uroviricota;Caudoviricetes
genomad_k141_2813897	6721	No terminal repeats	NA	13	11	0.9787	NA	2	14.9399	Viruses;Duplodnaviria;Heunggongvirae;Uroviricota;Caudoviricetes
genomad_k141_1057781	3524	No terminal repeats	NA	11	11	0.9787	NA	0	10.3091	Viruses;Duplodnaviria;Heunggongvirae;Uroviricota;Caudoviricetes
genomad_k141_1828235	4530	No terminal repeats	NA	5	11	0.9787	NA	2	8.1038	Viruses;Duplodnaviria;Heunggongvirae;Uroviricota;Caudoviricetes
genomad_k141_1815226	6639	No terminal repeats	NA	13	11	0.9787	NA	0	7.2526	Viruses;Duplodnaviria;Heunggongvirae;Uroviricota;Caudoviricetes
genomad_k141_3569079	6486	No terminal repeats	NA	6	11	0.9787	NA	3	6.9268	Viruses;Duplodnaviria;Heunggongvirae;Uroviricota;Caudoviricetes
genomad_k141_555436	5602	No terminal repeats	NA	12	11	0.9787	NA	2	11.4823	Viruses;Duplodnaviria;Heunggongvirae;Uroviricota;Caudoviricetes
genomad_k141_2851936	7248	No terminal repeats	NA	17	11	0.9787	NA	0	6.6874	Viruses;Duplodnaviria;Heunggongvirae;Uroviricota;Caudoviricetes
genomad_k141_1551066	5696	No terminal repeats	NA	7	11	0.9787	NA	2	6.0631	Viruses;Duplodnaviria;Heunggongvirae;Uroviricota;Caudoviricetes
genomad_k141_132391	41617	No terminal repeats	NA	65	11	0.9787	NA	8	61.4154	Viruses;Duplodnaviria;Heunggongvirae;Uroviricota;Caudoviricetes
genomad_k141_1027052	4015	No terminal repeats	NA	6	11	0.9787	NA	0	4.6235	Viruses;Duplodnaviria;Heunggongvirae;Uroviricota;Caudoviricetes
genomad_k141_2737580	5423	No terminal repeats	NA	14	11	0.9786	NA	0	8.5914	Viruses;Duplodnaviria;Heunggongvirae;Uroviricota;Caudoviricetes
genomad_k141_392846	3731	No terminal repeats	NA	6	11	0.9786	NA	2	9.9382	Viruses;Duplodnaviria;Heunggongvirae;Uroviricota;Caudoviricetes
genomad_k141_1877388	4832	No terminal repeats	NA	6	11	0.9786	NA	0	6.7501	Viruses;Duplodnaviria;Heunggongvirae;Uroviricota;Caudoviricetes
genomad_k141_3400815	4337	No terminal repeats	NA	9	11	0.9786	NA	4	10.7804	Viruses;Duplodnaviria;Heunggongvirae;Uroviricota;Caudoviricetes
genomad_k141_1854993	3958	No terminal repeats	NA	9	11	0.9786	NA	0	13.6946	Viruses;Duplodnaviria;Heunggongvirae;Uroviricota;Caudoviricetes
genomad_k141_656571	19465	No terminal repeats	NA	22	11	0.9786	NA	4	32.6321	Viruses;Duplodnaviria;Heunggongvirae;Uroviricota;Caudoviricetes
genomad_k141_444073	4573	No terminal repeats	NA	5	11	0.9786	NA	0	6.6422	Viruses;Duplodnaviria;Heunggongvirae;Uroviricota;Caudoviricetes
genomad_k141_1741445	4332	No terminal repeats	NA	6	11	0.9786	NA	0	6.0464	Viruses;Duplodnaviria;Heunggongvirae;Uroviricota;Caudoviricetes
genomad_k141_753274	7929	No terminal repeats	NA	17	11	0.9786	NA	0	9.3389	Viruses;Duplodnaviria;Heunggongvirae;Uroviricota;Caudoviricetes
genomad_k141_2567739	4379	No terminal repeats	NA	7	11	0.9786	NA	1	12.0140	Viruses;Duplodnaviria;Heunggongvirae;Uroviricota;Caudoviricetes
genomad_k141_744129	3601	No terminal repeats	NA	8	11	0.9786	NA	0	5.8615	Viruses;Duplodnaviria;Heunggongvirae;Uroviricota;Caudoviricetes
genomad_k141_622001	5003	No terminal repeats	NA	9	11	0.9786	NA	1	4.7495	Viruses;Duplodnaviria;Heunggongvirae;Uroviricota;Caudoviricetes
genomad_k141_2132907	9884	No terminal repeats	NA	13	11	0.9786	NA	4	16.7386	Viruses;Duplodnaviria;Heunggongvirae;Uroviricota;Caudoviricetes
genomad_k141_1440327	4186	No terminal repeats	NA	9	11	0.9786	NA	2	6.6137	Viruses;Duplodnaviria;Heunggongvirae;Uroviricota;Caudoviricetes
genomad_k141_1280291	4481	No terminal repeats	NA	4	11	0.9786	NA	0	5.1683	Viruses;Duplodnaviria;Heunggongvirae;Uroviricota;Caudoviricetes
genomad_k141_1076024	6457	No terminal repeats	NA	19	11	0.9786	NA	2	12.6707	Viruses;Duplodnaviria;Heunggongvirae;Uroviricota;Caudoviricetes
genomad_k141_3688167	8033	No terminal repeats	NA	11	11	0.9786	NA	3	7.6375	Viruses;Duplodnaviria;Heunggongvirae;Uroviricota;Caudoviricetes
genomad_k141_160330	3981	No terminal repeats	NA	6	11	0.9786	NA	0	6.6588	Viruses;Duplodnaviria;Heunggongvirae;Uroviricota;Caudoviricetes
genomad_k141_3610155	52934	No terminal repeats	NA	77	11	0.9786	NA	6	32.8786	Viruses;Duplodnaviria;Heunggongvirae;Uroviricota;Caudoviricetes
genomad_k141_444434	4706	No terminal repeats	NA	6	11	0.9786	NA	0	6.2117	Viruses;Duplodnaviria;Heunggongvirae;Uroviricota;Caudoviricetes
genomad_k141_1144288	4108	No terminal repeats	NA	5	11	0.9785	NA	1	4.7141	Viruses;Duplodnaviria;Heunggongvirae;Uroviricota;Caudoviricetes
genomad_k141_433481	3667	No terminal repeats	NA	6	11	0.9785	NA	1	6.5190	Viruses;Duplodnaviria;Heunggongvirae;Uroviricota;Caudoviricetes
genomad_k141_3663847	5636	No terminal repeats	NA	15	11	0.9785	NA	0	10.4809	Viruses;Duplodnaviria;Heunggongvirae;Uroviricota;Caudoviricetes
genomad_k141_2179783	5552	No terminal repeats	NA	5	11	0.9785	NA	2	6.8731	Viruses;Duplodnaviria;Heunggongvirae;Uroviricota;Caudoviricetes
genomad_k141_2848629	7446	No terminal repeats	NA	7	11	0.9785	NA	2	9.9909	Viruses;Duplodnaviria;Heunggongvirae;Uroviricota;Caudoviricetes
genomad_k141_3252920	6409	No terminal repeats	NA	11	11	0.9785	NA	2	15.0490	Viruses;Duplodnaviria;Heunggongvirae;Uroviricota;Caudoviricetes
genomad_k141_1434490	5187	No terminal repeats	NA	11	11	0.9785	NA	0	11.9102	Viruses;Duplodnaviria;Heunggongvirae;Uroviricota;Caudoviricetes
genomad_k141_420766	20063	No terminal repeats	NA	25	11	0.9785	NA	11	33.8546	Viruses;Duplodnaviria;Heunggongvirae;Uroviricota;Caudoviricetes
genomad_k141_3323399	3658	No terminal repeats	NA	5	11	0.9785	NA	0	6.8714	Viruses;Duplodnaviria;Heunggongvirae;Uroviricota;Caudoviricetes
genomad_k141_650912	5442	No terminal repeats	NA	11	11	0.9785	NA	3	9.4555	Viruses;Duplodnaviria;Heunggongvirae;Uroviricota;Caudoviricetes
genomad_k141_1208227	6617	No terminal repeats	NA	8	11	0.9785	NA	0	6.1956	Viruses;Duplodnaviria;Heunggongvirae;Uroviricota;Caudoviricetes
genomad_k141_834866	4136	No terminal repeats	NA	7	11	0.9785	NA	1	9.0928	Viruses;Duplodnaviria;Heunggongvirae;Uroviricota;Caudoviricetes
genomad_k141_1791349	5150	No terminal repeats	NA	7	11	0.9785	NA	0	6.8167	Viruses;Duplodnaviria;Heunggongvirae;Uroviricota;Caudoviricetes
genomad_k141_1927822	8947	No terminal repeats	NA	14	11	0.9785	NA	2	19.4066	Viruses;Duplodnaviria;Heunggongvirae;Uroviricota;Caudoviricetes
genomad_k141_1450440	8354	No terminal repeats	NA	25	11	0.9785	NA	0	13.7457	Viruses;Duplodnaviria;Heunggongvirae;Uroviricota;Caudoviricetes
genomad_k141_2992699	3730	No terminal repeats	NA	7	11	0.9785	NA	2	9.2061	Viruses;Duplodnaviria;Heunggongvirae;Uroviricota;Caudoviricetes
genomad_k141_2023281	6363	No terminal repeats	NA	9	11	0.9785	NA	2	13.0111	Viruses;Duplodnaviria;Heunggongvirae;Uroviricota;Caudoviricetes
genomad_k141_2732709	5351	No terminal repeats	NA	15	11	0.9785	NA	1	7.1195	Viruses;Duplodnaviria;Heunggongvirae;Uroviricota;Caudoviricetes
genomad_k141_1118790	6794	No terminal repeats	NA	8	11	0.9785	NA	0	6.5187	Viruses;Duplodnaviria;Heunggongvirae;Uroviricota;Caudoviricetes
genomad_k141_3514243	4607	No terminal repeats	NA	5	11	0.9785	NA	1	8.5884	Viruses;Duplodnaviria;Heunggongvirae;Uroviricota;Caudoviricetes
genomad_k141_555036	3875	No terminal repeats	NA	7	11	0.9785	NA	2	6.5084	Viruses;Duplodnaviria;Heunggongvirae;Uroviricota;Caudoviricetes
genomad_k141_597382	5682	No terminal repeats	NA	10	11	0.9784	NA	2	7.5999	Viruses;Duplodnaviria;Heunggongvirae;Uroviricota;Caudoviricetes
genomad_k141_836107	4326	No terminal repeats	NA	6	11	0.9784	NA	0	8.5914	Viruses;Duplodnaviria;Heunggongvirae;Uroviricota;Caudoviricetes
genomad_k141_1829097	3887	No terminal repeats	NA	7	11	0.9784	NA	0	7.8434	Viruses;Duplodnaviria;Heunggongvirae;Uroviricota;Caudoviricetes
genomad_k141_946077	3996	No terminal repeats	NA	9	11	0.9784	NA	1	9.2977	Viruses;Duplodnaviria;Heunggongvirae;Uroviricota;Caudoviricetes
genomad_k141_3245073	6807	No terminal repeats	NA	8	11	0.9784	NA	0	10.8819	Viruses;Duplodnaviria;Heunggongvirae;Uroviricota;Caudoviricetes
genomad_k141_3514630	3705	No terminal repeats	NA	13	11	0.9784	NA	1	9.9453	Viruses;Duplodnaviria;Heunggongvirae;Uroviricota;Caudoviricetes
genomad_k141_487602	8301	No terminal repeats	NA	17	11	0.9784	NA	0	14.6721	Viruses;Duplodnaviria;Heunggongvirae;Uroviricota;Caudoviricetes
genomad_k141_178299	4601	No terminal repeats	NA	5	11	0.9784	NA	1	7.6022	Viruses;Duplodnaviria;Heunggongvirae;Uroviricota;Caudoviricetes
genomad_k141_1805641	9225	No terminal repeats	NA	12	11	0.9784	NA	4	20.6166	Viruses;Duplodnaviria;Heunggongvirae;Uroviricota;Caudoviricetes
genomad_k141_2026839	4255	No terminal repeats	NA	12	11	0.9784	NA	0	7.6819	Viruses;Duplodnaviria;Heunggongvirae;Uroviricota;Caudoviricetes
genomad_k141_1597898	4127	No terminal repeats	NA	7	11	0.9784	NA	2	10.3072	Viruses;Duplodnaviria;Heunggongvirae;Uroviricota;Caudoviricetes
genomad_k141_1491572	5752	No terminal repeats	NA	15	11	0.9784	NA	0	5.0352	Viruses;Duplodnaviria;Heunggongvirae;Uroviricota;Caudoviricetes
genomad_k141_1411872	5452	No terminal repeats	NA	10	11	0.9784	NA	0	7.0340	Viruses;Duplodnaviria;Heunggongvirae;Uroviricota;Caudoviricetes
genomad_k141_2144028	8359	No terminal repeats	NA	9	11	0.9784	NA	2	11.5110	Viruses;Duplodnaviria;Heunggongvirae;Uroviricota;Caudoviricetes
genomad_k141_21830	5625	No terminal repeats	NA	9	11	0.9784	NA	0	6.8338	Viruses;Duplodnaviria;Heunggongvirae;Uroviricota;Caudoviricetes
genomad_k141_2947697	3991	No terminal repeats	NA	5	11	0.9784	NA	0	4.3956	Viruses;Duplodnaviria;Heunggongvirae;Uroviricota;Caudoviricetes
genomad_k141_3767683	5952	No terminal repeats	NA	10	11	0.9784	NA	1	15.4481	Viruses;Duplodnaviria;Heunggongvirae;Uroviricota;Caudoviricetes
genomad_k141_1931122	3665	No terminal repeats	NA	8	11	0.9784	NA	0	13.7463	Viruses;Duplodnaviria;Heunggongvirae;Uroviricota;Caudoviricetes
genomad_k141_2027680	6175	No terminal repeats	NA	17	11	0.9784	NA	1	11.1979	Viruses;Duplodnaviria;Heunggongvirae;Uroviricota;Caudoviricetes
genomad_k141_3071591	6586	No terminal repeats	NA	10	11	0.9784	NA	1	15.0206	Viruses;Duplodnaviria;Heunggongvirae;Uroviricota;Caudoviricetes
genomad_k141_2060734	4797	No terminal repeats	NA	6	11	0.9784	NA	0	9.0600	Viruses;Duplodnaviria;Heunggongvirae;Uroviricota;Caudoviricetes
genomad_k141_1977913	4639	No terminal repeats	NA	12	11	0.9784	NA	0	5.0826	Viruses;Duplodnaviria;Heunggongvirae;Uroviricota;Caudoviricetes
genomad_k141_1681000	3753	No terminal repeats	NA	9	11	0.9784	NA	2	7.5903	Viruses;Duplodnaviria;Heunggongvirae;Uroviricota;Caudoviricetes
genomad_k141_2160825	4449	No terminal repeats	NA	11	11	0.9784	NA	0	11.4465	Viruses;Duplodnaviria;Heunggongvirae;Uroviricota;Caudoviricetes
genomad_k141_2838553	4935	No terminal repeats	NA	7	11	0.9784	NA	2	8.1008	Viruses;Duplodnaviria;Heunggongvirae;Uroviricota;Caudoviricetes
genomad_k141_1673155	5317	No terminal repeats	NA	14	11	0.9784	NA	0	6.4860	Viruses;Duplodnaviria;Heunggongvirae;Uroviricota;Caudoviricetes
genomad_k141_1271536	7831	No terminal repeats	NA	12	11	0.9784	NA	3	9.1117	Viruses;Duplodnaviria;Heunggongvirae;Uroviricota;Caudoviricetes
genomad_k141_3595799	8306	No terminal repeats	NA	12	11	0.9784	NA	4	8.8449	Viruses;Duplodnaviria;Heunggongvirae;Uroviricota;Caudoviricetes
genomad_k141_36325	4275	No terminal repeats	NA	10	11	0.9784	NA	3	8.1939	Viruses;Duplodnaviria;Heunggongvirae;Uroviricota;Caudoviricetes
genomad_k141_1099372	5622	No terminal repeats	NA	8	11	0.9784	NA	1	9.6836	Viruses;Duplodnaviria;Heunggongvirae;Uroviricota;Caudoviricetes
genomad_k141_3056402	4796	No terminal repeats	NA	9	11	0.9784	NA	0	10.2690	Viruses;Duplodnaviria;Heunggongvirae;Uroviricota;Caudoviricetes
genomad_k141_2086816	7123	No terminal repeats	NA	21	11	0.9784	NA	0	10.8903	Viruses;Duplodnaviria;Heunggongvirae;Uroviricota;Caudoviricetes
genomad_k141_1527607	3543	No terminal repeats	NA	12	11	0.9783	NA	0	6.7154	Viruses;Duplodnaviria;Heunggongvirae;Uroviricota;Caudoviricetes
genomad_k141_1903715	8908	No terminal repeats	NA	14	11	0.9783	NA	2	14.3399	Viruses;Duplodnaviria;Heunggongvirae;Uroviricota;Caudoviricetes
genomad_k141_2182818	36494	No terminal repeats	NA	55	11	0.9783	NA	4	24.4912	Viruses;Duplodnaviria;Heunggongvirae;Uroviricota;Caudoviricetes
genomad_k141_2542278	17593	No terminal repeats	NA	22	11	0.9783	NA	3	17.8083	Viruses;Duplodnaviria;Heunggongvirae;Uroviricota;Caudoviricetes
genomad_k141_873680	6298	No terminal repeats	NA	9	11	0.9783	NA	1	11.8732	Viruses;Duplodnaviria;Heunggongvirae;Uroviricota;Caudoviricetes
genomad_k141_1311591	8376	No terminal repeats	NA	11	11	0.9783	NA	3	15.1885	Viruses;Duplodnaviria;Heunggongvirae;Uroviricota;Caudoviricetes;Autographiviridae
genomad_k141_296034	7023	No terminal repeats	NA	9	11	0.9783	NA	2	11.3420	Viruses;Duplodnaviria;Heunggongvirae;Uroviricota;Caudoviricetes
genomad_k141_1089190	4125	No terminal repeats	NA	6	11	0.9783	NA	0	5.1548	Viruses;Duplodnaviria;Heunggongvirae;Uroviricota;Caudoviricetes
genomad_k141_2457759	4313	No terminal repeats	NA	8	11	0.9783	NA	0	12.3689	Viruses;Duplodnaviria;Heunggongvirae;Uroviricota;Caudoviricetes
genomad_k141_2864859	3624	No terminal repeats	NA	6	11	0.9783	NA	2	6.2157	Viruses;Duplodnaviria;Heunggongvirae;Uroviricota;Caudoviricetes
genomad_k141_3768817	9685	No terminal repeats	NA	12	11	0.9783	NA	0	12.2943	Viruses;Duplodnaviria;Heunggongvirae;Uroviricota;Caudoviricetes
genomad_k141_2960779	8093	No terminal repeats	NA	13	11	0.9783	NA	3	10.9677	Viruses;Duplodnaviria;Heunggongvirae;Uroviricota;Caudoviricetes
genomad_k141_1695144	4966	No terminal repeats	NA	7	11	0.9783	NA	4	5.3880	Viruses;Duplodnaviria;Heunggongvirae;Uroviricota;Caudoviricetes
genomad_k141_62884	4972	No terminal repeats	NA	5	11	0.9783	NA	1	6.4842	Viruses;Duplodnaviria;Heunggongvirae;Uroviricota;Caudoviricetes
genomad_k141_239154	4076	No terminal repeats	NA	5	11	0.9783	NA	3	7.3162	Viruses;Duplodnaviria;Heunggongvirae;Uroviricota;Caudoviricetes
genomad_k141_2120438	59317	No terminal repeats	NA	64	11	0.9783	NA	6	43.8965	Viruses;Duplodnaviria;Heunggongvirae;Uroviricota;Caudoviricetes
genomad_k141_521057	3826	No terminal repeats	NA	7	11	0.9783	NA	0	8.5386	Viruses;Duplodnaviria;Heunggongvirae;Uroviricota;Caudoviricetes
genomad_k141_2290608	3585	No terminal repeats	NA	5	11	0.9783	NA	0	6.8731	Viruses;Duplodnaviria;Heunggongvirae;Uroviricota;Caudoviricetes
genomad_k141_3328980	4333	No terminal repeats	NA	8	11	0.9783	NA	1	7.6726	Viruses;Duplodnaviria;Heunggongvirae;Uroviricota;Caudoviricetes
genomad_k141_3038152	3807	No terminal repeats	NA	7	11	0.9783	NA	2	9.7264	Viruses;Duplodnaviria;Heunggongvirae;Uroviricota;Caudoviricetes
genomad_k141_1027313	3850	No terminal repeats	NA	6	15	0.9782	NA	1	6.8573	Viruses;Duplodnaviria;Heunggongvirae;Uroviricota;Caudoviricetes
genomad_k141_248313	4418	No terminal repeats	NA	8	11	0.9782	NA	1	7.9039	Viruses;Duplodnaviria;Heunggongvirae;Uroviricota;Caudoviricetes
genomad_k141_1315647	3806	No terminal repeats	NA	6	11	0.9782	NA	1	6.2981	Viruses;Duplodnaviria;Heunggongvirae;Uroviricota;Caudoviricetes
genomad_k141_3745874	2840	No terminal repeats	NA	5	11	0.9782	NA	0	8.1295	Viruses;Duplodnaviria;Heunggongvirae;Uroviricota;Caudoviricetes
genomad_k141_2495318	8103	No terminal repeats	NA	17	11	0.9782	NA	0	10.3467	Viruses;Duplodnaviria;Heunggongvirae;Uroviricota;Caudoviricetes
genomad_k141_2983092	4400	No terminal repeats	NA	6	11	0.9782	NA	0	6.8479	Viruses;Duplodnaviria;Heunggongvirae;Uroviricota;Caudoviricetes
genomad_k141_1908995	46441	No terminal repeats	NA	65	11	0.9782	NA	4	18.4066	Viruses;Duplodnaviria;Heunggongvirae;Uroviricota;Caudoviricetes
genomad_k141_3446808	7499	No terminal repeats	NA	13	11	0.9782	NA	4	10.1702	Viruses;Duplodnaviria;Heunggongvirae;Uroviricota;Caudoviricetes
genomad_k141_2087703	4147	No terminal repeats	NA	13	11	0.9782	NA	0	8.5743	Viruses;Duplodnaviria;Heunggongvirae;Uroviricota;Caudoviricetes
genomad_k141_415849	5639	No terminal repeats	NA	5	11	0.9782	NA	1	5.1431	Viruses;Duplodnaviria;Heunggongvirae;Uroviricota;Caudoviricetes;Autographiviridae
genomad_k141_132916	6345	No terminal repeats	NA	12	11	0.9782	NA	0	13.8071	Viruses;Duplodnaviria;Heunggongvirae;Uroviricota;Caudoviricetes
genomad_k141_3396405	6964	No terminal repeats	NA	7	11	0.9782	NA	0	6.7886	Viruses;Duplodnaviria;Heunggongvirae;Uroviricota;Caudoviricetes
genomad_k141_563348	8220	No terminal repeats	NA	11	11	0.9782	NA	1	15.3300	Viruses;Duplodnaviria;Heunggongvirae;Uroviricota;Caudoviricetes
genomad_k141_2428299	6392	No terminal repeats	NA	10	11	0.9782	NA	4	8.5513	Viruses;Duplodnaviria;Heunggongvirae;Uroviricota;Caudoviricetes
genomad_k141_728625	5325	No terminal repeats	NA	7	11	0.9782	NA	0	6.8731	Viruses;Duplodnaviria;Heunggongvirae;Uroviricota;Caudoviricetes
genomad_k141_360727	5633	No terminal repeats	NA	5	11	0.9782	NA	0	6.6166	Viruses;Duplodnaviria;Heunggongvirae;Uroviricota;Caudoviricetes
genomad_k141_194566	3607	No terminal repeats	NA	8	11	0.9782	NA	4	8.5241	Viruses;Duplodnaviria;Heunggongvirae;Uroviricota;Caudoviricetes
genomad_k141_3597674	9287	No terminal repeats	NA	16	11	0.9782	NA	4	14.5722	Viruses;Duplodnaviria;Heunggongvirae;Uroviricota;Caudoviricetes
genomad_k141_2333237	3870	No terminal repeats	NA	6	11	0.9781	NA	0	5.6706	Viruses;Duplodnaviria;Heunggongvirae;Uroviricota;Caudoviricetes
genomad_k141_3661879	5189	No terminal repeats	NA	7	11	0.9781	NA	1	10.4695	Viruses;Duplodnaviria;Heunggongvirae;Uroviricota;Caudoviricetes
genomad_k141_869622	3690	No terminal repeats	NA	9	11	0.9781	NA	0	6.1325	Viruses;Duplodnaviria;Heunggongvirae;Uroviricota;Caudoviricetes
genomad_k141_336201	5175	No terminal repeats	NA	10	11	0.9781	NA	1	9.9799	Viruses;Duplodnaviria;Heunggongvirae;Uroviricota;Caudoviricetes
genomad_k141_561859	6940	No terminal repeats	NA	16	11	0.9781	NA	2	23.1348	Viruses;Duplodnaviria;Heunggongvirae;Uroviricota;Caudoviricetes
genomad_k141_2043024	3821	No terminal repeats	NA	7	11	0.9781	NA	0	6.7355	Viruses;Duplodnaviria;Heunggongvirae;Uroviricota;Caudoviricetes
genomad_k141_1532981	4725	No terminal repeats	NA	5	11	0.9781	NA	1	8.5914	Viruses;Duplodnaviria;Heunggongvirae;Uroviricota;Caudoviricetes;Kyanoviridae
genomad_k141_1335951	9632	No terminal repeats	NA	12	11	0.9781	NA	2	17.6694	Viruses;Duplodnaviria;Heunggongvirae;Uroviricota;Caudoviricetes
genomad_k141_2981551	4746	No terminal repeats	NA	5	11	0.9781	NA	1	5.0092	Viruses;Duplodnaviria;Heunggongvirae;Uroviricota;Caudoviricetes
genomad_k141_894731	3815	No terminal repeats	NA	6	11	0.9781	NA	2	5.1523	Viruses;Duplodnaviria;Heunggongvirae;Uroviricota;Caudoviricetes
genomad_k141_347045	48658	No terminal repeats	NA	90	11	0.9781	NA	14	68.2488	Viruses;Duplodnaviria;Heunggongvirae;Uroviricota;Caudoviricetes
genomad_k141_3120894	4149	No terminal repeats	NA	5	11	0.9781	NA	0	5.1548	Viruses;Varidnaviria;Bamfordvirae;Nucleocytoviricota;Megaviricetes;Pimascovirales;Iridoviridae
genomad_k141_3020707	4429	No terminal repeats	NA	5	11	0.9781	NA	0	7.0302	Viruses;Duplodnaviria;Heunggongvirae;Uroviricota;Caudoviricetes
genomad_k141_3400519	4056	No terminal repeats	NA	6	11	0.9781	NA	3	7.9741	Viruses;Duplodnaviria;Heunggongvirae;Uroviricota;Caudoviricetes
genomad_k141_3393387	7503	No terminal repeats	NA	12	11	0.9781	NA	4	18.2023	Viruses;Varidnaviria;Bamfordvirae;Nucleocytoviricota;Megaviricetes;Algavirales;Phycodnaviridae
genomad_k141_501737	4004	No terminal repeats	NA	10	11	0.9781	NA	1	10.9158	Viruses;Duplodnaviria;Heunggongvirae;Uroviricota;Caudoviricetes
genomad_k141_1076167	5249	No terminal repeats	NA	7	11	0.9781	NA	0	8.2527	Viruses;Duplodnaviria;Heunggongvirae;Uroviricota;Caudoviricetes
genomad_k141_3419657	8488	No terminal repeats	NA	13	11	0.9781	NA	1	18.3932	Viruses;Varidnaviria;Bamfordvirae;Nucleocytoviricota;Megaviricetes;Algavirales;Phycodnaviridae
genomad_k141_2028446	4476	No terminal repeats	NA	13	11	0.9781	NA	0	11.6096	Viruses;Duplodnaviria;Heunggongvirae;Uroviricota;Caudoviricetes
genomad_k141_1672677	9036	No terminal repeats	NA	14	11	0.9780	NA	5	19.6044	Viruses;Duplodnaviria;Heunggongvirae;Uroviricota;Caudoviricetes
genomad_k141_2089768	6544	No terminal repeats	NA	7	11	0.9780	NA	1	5.1548	Viruses;Duplodnaviria;Heunggongvirae;Uroviricota;Caudoviricetes
genomad_k141_787024	46025	No terminal repeats	NA	54	11	0.9780	NA	7	36.4679	Viruses;Duplodnaviria;Heunggongvirae;Uroviricota;Caudoviricetes
genomad_k141_325417	5282	No terminal repeats	NA	13	11	0.9780	NA	2	15.0743	Viruses;Duplodnaviria;Heunggongvirae;Uroviricota;Caudoviricetes
genomad_k141_1309390	3776	No terminal repeats	NA	6	11	0.9780	NA	1	7.8987	Viruses;Duplodnaviria;Heunggongvirae;Uroviricota;Caudoviricetes
genomad_k141_3002213	6952	No terminal repeats	NA	13	11	0.9780	NA	1	12.4601	Viruses;Duplodnaviria;Heunggongvirae;Uroviricota;Caudoviricetes
genomad_k141_2515	4090	No terminal repeats	NA	8	11	0.9780	NA	1	9.6250	Viruses;Duplodnaviria;Heunggongvirae;Uroviricota;Caudoviricetes
genomad_k141_2155317	3912	No terminal repeats	NA	11	11	0.9780	NA	0	4.9735	Viruses;Duplodnaviria;Heunggongvirae;Uroviricota;Caudoviricetes
genomad_k141_2655109	4112	No terminal repeats	NA	5	15	0.9780	NA	1	6.8731	Viruses;Duplodnaviria;Heunggongvirae;Uroviricota;Caudoviricetes
genomad_k141_3095595	5022	No terminal repeats	NA	9	11	0.9780	NA	0	6.6328	Viruses;Duplodnaviria;Heunggongvirae;Uroviricota;Caudoviricetes
genomad_k141_32650	4374	No terminal repeats	NA	6	11	0.9780	NA	4	7.0517	Viruses;Duplodnaviria;Heunggongvirae;Uroviricota;Caudoviricetes
genomad_k141_3216032	5997	No terminal repeats	NA	9	11	0.9780	NA	2	9.0582	Viruses;Duplodnaviria;Heunggongvirae;Uroviricota;Caudoviricetes
genomad_k141_522942	4454	No terminal repeats	NA	11	11	0.9780	NA	1	10.6589	Viruses;Duplodnaviria;Heunggongvirae;Uroviricota;Caudoviricetes
genomad_k141_1916247	5001	No terminal repeats	NA	6	11	0.9780	NA	1	5.1396	Viruses;Duplodnaviria;Heunggongvirae;Uroviricota;Caudoviricetes
genomad_k141_1091704	8643	No terminal repeats	NA	13	11	0.9780	NA	0	12.6064	Viruses;Duplodnaviria;Heunggongvirae;Uroviricota;Caudoviricetes;Kyanoviridae
genomad_k141_1339374	4490	No terminal repeats	NA	7	11	0.9779	NA	1	6.2812	Viruses;Duplodnaviria;Heunggongvirae;Uroviricota;Caudoviricetes
genomad_k141_2458029	8677	No terminal repeats	NA	13	11	0.9779	NA	1	19.8443	Viruses;Duplodnaviria;Heunggongvirae;Uroviricota;Caudoviricetes
genomad_k141_507276	7801	No terminal repeats	NA	15	11	0.9779	NA	0	8.9765	Viruses;Duplodnaviria;Heunggongvirae;Uroviricota;Caudoviricetes
genomad_k141_1754988	6583	No terminal repeats	NA	17	11	0.9779	NA	0	10.2979	Viruses;Duplodnaviria;Heunggongvirae;Uroviricota;Caudoviricetes
genomad_k141_2119632	4661	No terminal repeats	NA	8	11	0.9779	NA	0	5.6082	Viruses;Duplodnaviria;Heunggongvirae;Uroviricota;Caudoviricetes
genomad_k141_1791283	3705	No terminal repeats	NA	7	11	0.9779	NA	2	11.9083	Viruses;Duplodnaviria;Heunggongvirae;Uroviricota;Caudoviricetes
genomad_k141_439178	8357	No terminal repeats	NA	5	11	0.9779	NA	0	8.2102	Viruses;Duplodnaviria;Heunggongvirae;Uroviricota;Caudoviricetes
genomad_k141_2947305	8533	No terminal repeats	NA	14	11	0.9779	NA	2	19.0437	Viruses;Duplodnaviria;Heunggongvirae;Uroviricota;Caudoviricetes
genomad_k141_2319173	4322	No terminal repeats	NA	8	11	0.9779	NA	0	4.6698	Viruses;Duplodnaviria;Heunggongvirae;Uroviricota;Caudoviricetes
genomad_k141_1286599	3845	No terminal repeats	NA	8	11	0.9779	NA	0	4.8999	Viruses;Duplodnaviria;Heunggongvirae;Uroviricota;Caudoviricetes
genomad_k141_1969949	9838	No terminal repeats	NA	14	11	0.9779	NA	2	23.8799	Viruses;Duplodnaviria;Heunggongvirae;Uroviricota;Caudoviricetes
genomad_k141_3622263	4663	No terminal repeats	NA	7	11	0.9779	NA	0	8.1350	Viruses;Duplodnaviria;Heunggongvirae;Uroviricota;Caudoviricetes
genomad_k141_447056	8014	No terminal repeats	NA	13	11	0.9779	NA	2	6.3808	Viruses;Duplodnaviria;Heunggongvirae;Uroviricota;Caudoviricetes
genomad_k141_705479	6227	No terminal repeats	NA	8	11	0.9779	NA	1	5.1548	Viruses;Varidnaviria;Bamfordvirae;Preplasmiviricota;Polintoviricetes;Orthopolintovirales;Adintoviridae
genomad_k141_3395032	4644	No terminal repeats	NA	6	11	0.9779	NA	0	9.1633	Viruses;Duplodnaviria;Heunggongvirae;Uroviricota;Caudoviricetes
genomad_k141_2355219	6179	No terminal repeats	NA	12	11	0.9779	NA	0	7.6667	Viruses;Duplodnaviria;Heunggongvirae;Uroviricota;Caudoviricetes
genomad_k141_1012081	5093	No terminal repeats	NA	14	11	0.9779	NA	0	11.3199	Viruses;Duplodnaviria;Heunggongvirae;Uroviricota;Caudoviricetes
genomad_k141_814216	4133	No terminal repeats	NA	10	11	0.9779	NA	0	5.1493	Viruses;Duplodnaviria;Heunggongvirae;Uroviricota;Caudoviricetes
genomad_k141_74029	7531	No terminal repeats	NA	18	11	0.9779	NA	0	6.5712	Viruses;Duplodnaviria;Heunggongvirae;Uroviricota;Caudoviricetes
genomad_k141_2152191	4418	No terminal repeats	NA	12	11	0.9779	NA	0	9.8053	Viruses;Duplodnaviria;Heunggongvirae;Uroviricota;Caudoviricetes
genomad_k141_2216843	5274	No terminal repeats	NA	6	11	0.9779	NA	1	9.8658	Viruses;Duplodnaviria;Heunggongvirae;Uroviricota;Caudoviricetes
genomad_k141_1270769	5273	No terminal repeats	NA	11	11	0.9779	NA	0	11.3668	Viruses;Duplodnaviria;Heunggongvirae;Uroviricota;Caudoviricetes
genomad_k141_1251740	5310	No terminal repeats	NA	8	11	0.9778	NA	0	13.5397	Viruses;Duplodnaviria;Heunggongvirae;Uroviricota;Caudoviricetes
genomad_k141_903443	3902	No terminal repeats	NA	5	11	0.9778	NA	1	4.6275	Viruses;Duplodnaviria;Heunggongvirae;Uroviricota;Caudoviricetes
genomad_k141_1480252	5196	No terminal repeats	NA	4	11	0.9778	NA	0	5.9983	Viruses;Duplodnaviria;Heunggongvirae;Uroviricota;Caudoviricetes
genomad_k141_1342301	6252	No terminal repeats	NA	9	11	0.9778	NA	4	9.6019	Viruses;Duplodnaviria;Heunggongvirae;Uroviricota;Caudoviricetes
genomad_k141_1262047	4225	No terminal repeats	NA	10	11	0.9778	NA	0	9.3603	Viruses;Duplodnaviria;Heunggongvirae;Uroviricota;Caudoviricetes
genomad_k141_3105633	5231	No terminal repeats	NA	5	11	0.9778	NA	3	8.5902	Viruses;Duplodnaviria;Heunggongvirae;Uroviricota;Caudoviricetes
genomad_k141_1203655	5121	No terminal repeats	NA	9	11	0.9778	NA	0	8.2626	Viruses;Duplodnaviria;Heunggongvirae;Uroviricota;Caudoviricetes
genomad_k141_2006464	7549	No terminal repeats	NA	14	11	0.9778	NA	1	15.9418	Viruses;Duplodnaviria;Heunggongvirae;Uroviricota;Caudoviricetes
genomad_k141_3148089	4354	No terminal repeats	NA	5	11	0.9778	NA	0	5.1502	Unclassified
genomad_k141_3199960	37716	No terminal repeats	NA	49	11	0.9778	NA	4	36.8283	Viruses;Duplodnaviria;Heunggongvirae;Uroviricota;Caudoviricetes
genomad_k141_564544	3786	No terminal repeats	NA	7	11	0.9778	NA	1	9.9536	Viruses;Duplodnaviria;Heunggongvirae;Uroviricota;Caudoviricetes
genomad_k141_935344	7644	No terminal repeats	NA	6	11	0.9778	NA	1	5.5383	Viruses;Duplodnaviria;Heunggongvirae;Uroviricota;Caudoviricetes
genomad_k141_2387473	5209	No terminal repeats	NA	14	11	0.9778	NA	2	21.9263	Viruses;Duplodnaviria;Heunggongvirae;Uroviricota;Caudoviricetes
genomad_k141_1965809	8353	No terminal repeats	NA	13	11	0.9778	NA	1	11.9125	Viruses;Duplodnaviria;Heunggongvirae;Uroviricota;Caudoviricetes
genomad_k141_2266945	5302	No terminal repeats	NA	15	11	0.9778	NA	0	4.7661	Viruses;Duplodnaviria;Heunggongvirae;Uroviricota;Caudoviricetes
genomad_k141_430147	6487	No terminal repeats	NA	14	11	0.9778	NA	1	7.1728	Viruses;Duplodnaviria;Heunggongvirae;Uroviricota;Caudoviricetes
genomad_k141_1696255	4382	No terminal repeats	NA	9	11	0.9778	NA	1	7.5551	Viruses;Duplodnaviria;Heunggongvirae;Uroviricota;Caudoviricetes
genomad_k141_136687	9027	No terminal repeats	NA	15	11	0.9778	NA	6	21.1123	Viruses;Duplodnaviria;Heunggongvirae;Uroviricota;Caudoviricetes
genomad_k141_3073709	5147	No terminal repeats	NA	10	11	0.9778	NA	0	16.5973	Viruses;Duplodnaviria;Heunggongvirae;Uroviricota;Caudoviricetes
genomad_k141_2185760	8102	No terminal repeats	NA	5	11	0.9778	NA	0	7.4676	Viruses;Duplodnaviria;Heunggongvirae;Uroviricota;Caudoviricetes
genomad_k141_2841649	5733	No terminal repeats	NA	10	11	0.9778	NA	2	12.0229	Viruses;Duplodnaviria;Heunggongvirae;Uroviricota;Caudoviricetes
genomad_k141_1902491	3859	No terminal repeats	NA	10	11	0.9778	NA	1	9.0939	Viruses;Duplodnaviria;Heunggongvirae;Uroviricota;Caudoviricetes
genomad_k141_1832244	8364	No terminal repeats	NA	12	11	0.9778	NA	2	9.5669	Viruses;Duplodnaviria;Heunggongvirae;Uroviricota;Caudoviricetes
genomad_k141_821079	5429	No terminal repeats	NA	5	11	0.9778	NA	1	8.2287	Viruses;Duplodnaviria;Heunggongvirae;Uroviricota;Caudoviricetes
genomad_k141_3720837	7119	No terminal repeats	NA	7	11	0.9777	NA	2	10.7922	Viruses;Duplodnaviria;Heunggongvirae;Uroviricota;Caudoviricetes
genomad_k141_131068	4489	No terminal repeats	NA	6	11	0.9777	NA	1	5.9414	Viruses;Duplodnaviria;Heunggongvirae;Uroviricota;Caudoviricetes
genomad_k141_1547341	3742	No terminal repeats	NA	10	11	0.9777	NA	2	13.7463	Viruses;Duplodnaviria;Heunggongvirae;Uroviricota;Caudoviricetes
genomad_k141_1825022	4683	No terminal repeats	NA	7	11	0.9777	NA	1	4.8337	Viruses;Varidnaviria;Bamfordvirae;Nucleocytoviricota;Megaviricetes;Algavirales;Phycodnaviridae
genomad_k141_98776	17150	No terminal repeats	NA	28	11	0.9777	NA	6	23.2364	Viruses;Duplodnaviria;Heunggongvirae;Uroviricota;Caudoviricetes
genomad_k141_1640418	4862	No terminal repeats	NA	14	11	0.9777	NA	0	12.1891	Viruses;Duplodnaviria;Heunggongvirae;Uroviricota;Caudoviricetes
genomad_k141_125443	3859	No terminal repeats	NA	7	11	0.9777	NA	1	11.6862	Viruses;Duplodnaviria;Heunggongvirae;Uroviricota;Caudoviricetes
genomad_k141_865076	4243	No terminal repeats	NA	7	11	0.9777	NA	0	6.9289	Viruses;Duplodnaviria;Heunggongvirae;Uroviricota;Caudoviricetes
genomad_k141_819609	5412	No terminal repeats	NA	11	11	0.9777	NA	0	6.1698	Viruses;Duplodnaviria;Heunggongvirae;Uroviricota;Caudoviricetes
genomad_k141_140975	3651	No terminal repeats	NA	5	11	0.9777	NA	0	6.2890	Viruses;Duplodnaviria;Heunggongvirae;Uroviricota;Caudoviricetes
genomad_k141_2462895	4676	No terminal repeats	NA	5	11	0.9777	NA	1	6.7588	Viruses;Duplodnaviria;Heunggongvirae;Uroviricota;Caudoviricetes
genomad_k141_446614	6618	No terminal repeats	NA	11	11	0.9777	NA	1	11.5015	Viruses;Duplodnaviria;Heunggongvirae;Uroviricota;Caudoviricetes
genomad_k141_304647	4925	No terminal repeats	NA	11	11	0.9777	NA	3	16.4275	Viruses;Duplodnaviria;Heunggongvirae;Uroviricota;Caudoviricetes
genomad_k141_1975117	4228	No terminal repeats	NA	7	11	0.9777	NA	0	9.4281	Viruses;Duplodnaviria;Heunggongvirae;Uroviricota;Caudoviricetes
genomad_k141_442124	4504	No terminal repeats	NA	5	11	0.9777	NA	1	8.0237	Viruses;Duplodnaviria;Heunggongvirae;Uroviricota;Caudoviricetes
genomad_k141_835472	7856	No terminal repeats	NA	15	11	0.9777	NA	0	15.0847	Viruses;Duplodnaviria;Heunggongvirae;Uroviricota;Caudoviricetes
genomad_k141_1759508	4961	No terminal repeats	NA	7	11	0.9777	NA	1	9.7592	Viruses;Duplodnaviria;Heunggongvirae;Uroviricota;Caudoviricetes
genomad_k141_3794568	68157	No terminal repeats	NA	89	11	0.9777	NA	11	62.6303	Viruses;Duplodnaviria;Heunggongvirae;Uroviricota;Caudoviricetes
genomad_k141_312052	4030	No terminal repeats	NA	5	11	0.9776	NA	0	7.4616	Viruses;Duplodnaviria;Heunggongvirae;Uroviricota;Caudoviricetes
genomad_k141_418256	3543	No terminal repeats	NA	8	11	0.9776	NA	1	7.6321	Viruses;Duplodnaviria;Heunggongvirae;Uroviricota;Caudoviricetes
genomad_k141_39848	4028	No terminal repeats	NA	6	11	0.9776	NA	1	8.3035	Viruses;Duplodnaviria;Heunggongvirae;Uroviricota;Caudoviricetes
genomad_k141_1137228	6054	No terminal repeats	NA	7	11	0.9776	NA	2	11.8406	Viruses;Duplodnaviria;Heunggongvirae;Uroviricota;Caudoviricetes
genomad_k141_3036512	4097	No terminal repeats	NA	10	11	0.9776	NA	0	15.4316	Viruses;Duplodnaviria;Heunggongvirae;Uroviricota;Caudoviricetes;Kyanoviridae
genomad_k141_2945771	4003	No terminal repeats	NA	4	11	0.9776	NA	0	5.1115	Viruses;Duplodnaviria;Heunggongvirae;Uroviricota;Caudoviricetes
genomad_k141_2015961	4445	No terminal repeats	NA	10	11	0.9776	NA	0	7.7784	Viruses;Duplodnaviria;Heunggongvirae;Uroviricota;Caudoviricetes
genomad_k141_2489191	3977	No terminal repeats	NA	5	11	0.9776	NA	0	5.0368	Viruses;Duplodnaviria;Heunggongvirae;Uroviricota;Caudoviricetes
genomad_k141_3585377	7484	No terminal repeats	NA	12	11	0.9776	NA	4	12.0116	Viruses;Duplodnaviria;Heunggongvirae;Uroviricota;Caudoviricetes
genomad_k141_264780	3593	No terminal repeats	NA	8	11	0.9776	NA	0	10.2911	Viruses;Duplodnaviria;Heunggongvirae;Uroviricota;Caudoviricetes
genomad_k141_251815	4448	No terminal repeats	NA	5	11	0.9776	NA	1	6.5127	Viruses;Duplodnaviria;Heunggongvirae;Uroviricota;Caudoviricetes
genomad_k141_2161987	20593	No terminal repeats	NA	20	11	0.9776	NA	6	18.9909	Viruses;Duplodnaviria;Heunggongvirae;Uroviricota;Caudoviricetes
genomad_k141_3800218	32692	DTR	NA	42	11	0.9776	NA	6	42.6740	Viruses;Duplodnaviria;Heunggongvirae;Uroviricota;Caudoviricetes
genomad_k141_1678110	3632	No terminal repeats	NA	5	11	0.9776	NA	1	8.5611	Viruses;Duplodnaviria;Heunggongvirae;Uroviricota;Caudoviricetes
genomad_k141_2509549	9638	No terminal repeats	NA	10	11	0.9776	NA	1	14.6681	Viruses;Duplodnaviria;Heunggongvirae;Uroviricota;Caudoviricetes
genomad_k141_3336441	5054	No terminal repeats	NA	9	11	0.9776	NA	0	5.2679	Viruses;Duplodnaviria;Heunggongvirae;Uroviricota;Caudoviricetes
genomad_k141_2005276	41190	No terminal repeats	NA	58	11	0.9776	NA	4	26.8236	Viruses;Duplodnaviria;Heunggongvirae;Uroviricota;Caudoviricetes
genomad_k141_775668	3777	No terminal repeats	NA	9	11	0.9776	NA	0	7.2176	Viruses;Duplodnaviria;Heunggongvirae;Uroviricota;Caudoviricetes
genomad_k141_1072754	6523	No terminal repeats	NA	9	11	0.9776	NA	0	8.6955	Viruses;Duplodnaviria;Heunggongvirae;Uroviricota;Caudoviricetes
genomad_k141_2048846	6598	No terminal repeats	NA	12	11	0.9776	NA	1	11.5990	Viruses;Duplodnaviria;Heunggongvirae;Uroviricota;Caudoviricetes
genomad_k141_1633027	25824	No terminal repeats	NA	30	11	0.9776	NA	4	35.9272	Viruses;Duplodnaviria;Heunggongvirae;Uroviricota;Caudoviricetes
genomad_k141_1206228	4329	No terminal repeats	NA	7	11	0.9776	NA	2	5.1264	Viruses;Duplodnaviria;Heunggongvirae;Uroviricota;Caudoviricetes
genomad_k141_2702790	4597	No terminal repeats	NA	6	11	0.9776	NA	0	4.7112	Viruses;Duplodnaviria;Heunggongvirae;Uroviricota;Caudoviricetes
genomad_k141_2033525	4698	No terminal repeats	NA	13	11	0.9776	NA	1	8.9313	Viruses;Duplodnaviria;Heunggongvirae;Uroviricota;Caudoviricetes
genomad_k141_1070956	6517	No terminal repeats	NA	16	11	0.9775	NA	0	10.3168	Viruses;Duplodnaviria;Heunggongvirae;Uroviricota;Caudoviricetes
genomad_k141_3177307	3834	No terminal repeats	NA	5	11	0.9775	NA	1	8.0241	Viruses;Duplodnaviria;Heunggongvirae;Uroviricota;Caudoviricetes
genomad_k141_3448185	3952	No terminal repeats	NA	6	11	0.9775	NA	1	9.8889	Viruses;Duplodnaviria;Heunggongvirae;Uroviricota;Caudoviricetes
genomad_k141_2413542	6339	No terminal repeats	NA	11	11	0.9775	NA	0	13.0856	Viruses;Duplodnaviria;Heunggongvirae;Uroviricota;Caudoviricetes
genomad_k141_248087	7128	No terminal repeats	NA	17	11	0.9775	NA	1	13.3232	Viruses;Duplodnaviria;Heunggongvirae;Uroviricota;Caudoviricetes
genomad_k141_152379	5432	No terminal repeats	NA	7	11	0.9775	NA	1	8.2242	Viruses;Duplodnaviria;Heunggongvirae;Uroviricota;Caudoviricetes
genomad_k141_2718246	5141	No terminal repeats	NA	7	11	0.9775	NA	1	4.6813	Viruses;Duplodnaviria;Heunggongvirae;Uroviricota;Caudoviricetes
genomad_k141_662235	3578	No terminal repeats	NA	6	11	0.9775	NA	0	9.7218	Viruses;Duplodnaviria;Heunggongvirae;Uroviricota;Caudoviricetes
genomad_k141_2228941	9794	No terminal repeats	NA	9	11	0.9775	NA	2	13.3279	Viruses;Duplodnaviria;Heunggongvirae;Uroviricota;Caudoviricetes
genomad_k141_3511843	4421	No terminal repeats	NA	5	11	0.9775	NA	2	5.1044	Viruses;Duplodnaviria;Heunggongvirae;Uroviricota;Caudoviricetes
genomad_k141_3337936	4444	No terminal repeats	NA	12	11	0.9775	NA	0	13.0274	Viruses;Duplodnaviria;Heunggongvirae;Uroviricota;Caudoviricetes
genomad_k141_2799627	8870	No terminal repeats	NA	5	11	0.9775	NA	0	6.8219	Viruses;Duplodnaviria;Heunggongvirae;Uroviricota;Caudoviricetes
genomad_k141_1983974	5289	No terminal repeats	NA	8	11	0.9775	NA	2	10.9196	Viruses;Duplodnaviria;Heunggongvirae;Uroviricota;Caudoviricetes
genomad_k141_2224684	4397	No terminal repeats	NA	5	11	0.9775	NA	0	6.9414	Viruses;Duplodnaviria;Heunggongvirae;Uroviricota;Caudoviricetes
genomad_k141_1774018	3901	No terminal repeats	NA	7	11	0.9775	NA	1	9.5820	Viruses;Duplodnaviria;Heunggongvirae;Uroviricota;Caudoviricetes
genomad_k141_3693689	4440	No terminal repeats	NA	7	11	0.9775	NA	1	8.0151	Viruses;Varidnaviria;Bamfordvirae;Nucleocytoviricota;Megaviricetes;Algavirales;Phycodnaviridae
genomad_k141_1343944	7206	No terminal repeats	NA	13	11	0.9775	NA	0	13.2667	Viruses;Duplodnaviria;Heunggongvirae;Uroviricota;Caudoviricetes;Thumleimavirales;Hafunaviridae
genomad_k141_2277848	18976	ITR	NA	20	15	0.9774	NA	2	15.2327	Viruses;Varidnaviria;Bamfordvirae;Preplasmiviricota;Maveriviricetes;Priklausovirales;Lavidaviridae
genomad_k141_3347176	6571	No terminal repeats	NA	9	11	0.9774	NA	1	12.0280	Viruses;Duplodnaviria;Heunggongvirae;Uroviricota;Caudoviricetes;Herelleviridae
genomad_k141_667752	4112	No terminal repeats	NA	6	11	0.9774	NA	3	8.5914	Viruses;Duplodnaviria;Heunggongvirae;Uroviricota;Caudoviricetes
genomad_k141_2317453	6146	No terminal repeats	NA	9	11	0.9774	NA	3	10.7470	Viruses;Duplodnaviria;Heunggongvirae;Uroviricota;Caudoviricetes
genomad_k141_906536	39534	No terminal repeats	NA	63	11	0.9774	NA	2	56.9479	Viruses;Duplodnaviria;Heunggongvirae;Uroviricota;Caudoviricetes
genomad_k141_3698099	9753	No terminal repeats	NA	14	11	0.9774	NA	1	23.8212	Viruses;Duplodnaviria;Heunggongvirae;Uroviricota;Caudoviricetes
genomad_k141_1654918	5169	No terminal repeats	NA	8	11	0.9774	NA	0	9.9405	Viruses;Duplodnaviria;Heunggongvirae;Uroviricota;Caudoviricetes
genomad_k141_15399	8890	No terminal repeats	NA	6	11	0.9774	NA	0	5.0603	Viruses;Duplodnaviria;Heunggongvirae;Uroviricota;Caudoviricetes
genomad_k141_3782833	4648	No terminal repeats	NA	5	11	0.9774	NA	0	6.0829	Viruses;Duplodnaviria;Heunggongvirae;Uroviricota;Caudoviricetes
genomad_k141_1215172	14289	No terminal repeats	NA	39	11	0.9774	NA	4	27.6878	Viruses;Duplodnaviria;Heunggongvirae;Uroviricota;Caudoviricetes
genomad_k141_2234150	5700	No terminal repeats	NA	9	11	0.9774	NA	0	12.0139	Viruses;Duplodnaviria;Heunggongvirae;Uroviricota;Caudoviricetes
genomad_k141_428983	9557	No terminal repeats	NA	11	11	0.9774	NA	4	9.6684	Viruses;Duplodnaviria;Heunggongvirae;Uroviricota;Caudoviricetes
genomad_k141_3391388	5286	No terminal repeats	NA	7	11	0.9774	NA	0	6.8629	Viruses;Duplodnaviria;Heunggongvirae;Uroviricota;Caudoviricetes
genomad_k141_2858477	7759	No terminal repeats	NA	17	11	0.9774	NA	0	9.9871	Viruses;Duplodnaviria;Heunggongvirae;Uroviricota;Caudoviricetes
genomad_k141_1612973	6883	No terminal repeats	NA	12	11	0.9773	NA	1	13.2926	Viruses;Duplodnaviria;Heunggongvirae;Uroviricota;Caudoviricetes
genomad_k141_314371	6241	No terminal repeats	NA	6	11	0.9773	NA	3	6.8451	Viruses;Duplodnaviria;Heunggongvirae;Uroviricota;Caudoviricetes
genomad_k141_1368644	4180	No terminal repeats	NA	5	11	0.9773	NA	2	6.1588	Viruses;Duplodnaviria;Heunggongvirae;Uroviricota;Caudoviricetes
genomad_k141_2985065	5472	No terminal repeats	NA	8	11	0.9773	NA	0	8.9170	Viruses;Duplodnaviria;Heunggongvirae;Uroviricota;Caudoviricetes
genomad_k141_1458943	6868	No terminal repeats	NA	9	11	0.9773	NA	3	6.6836	Viruses;Duplodnaviria;Heunggongvirae;Uroviricota;Caudoviricetes
genomad_k141_216199	7730	No terminal repeats	NA	12	11	0.9773	NA	3	6.7229	Viruses;Duplodnaviria;Heunggongvirae;Uroviricota;Caudoviricetes
genomad_k141_900678	3838	No terminal repeats	NA	6	11	0.9773	NA	0	4.7944	Viruses;Duplodnaviria;Heunggongvirae;Uroviricota;Caudoviricetes
genomad_k141_1920896	3742	No terminal repeats	NA	5	11	0.9773	NA	2	6.0234	Viruses;Duplodnaviria;Heunggongvirae;Uroviricota;Caudoviricetes
genomad_k141_126912	4318	No terminal repeats	NA	7	11	0.9773	NA	1	9.3207	Viruses;Duplodnaviria;Heunggongvirae;Uroviricota;Caudoviricetes
genomad_k141_1743268	2571	No terminal repeats	NA	4	4	0.9773	NA	1	6.8731	Viruses;Duplodnaviria;Heunggongvirae;Uroviricota;Caudoviricetes
genomad_k141_2685618	9101	No terminal repeats	NA	12	11	0.9773	NA	0	4.6913	Viruses;Duplodnaviria;Heunggongvirae;Uroviricota;Caudoviricetes
genomad_k141_3783961	4083	No terminal repeats	NA	6	11	0.9773	NA	1	4.9885	Viruses;Duplodnaviria;Heunggongvirae;Uroviricota;Caudoviricetes
genomad_k141_243743	4247	No terminal repeats	NA	5	11	0.9773	NA	0	5.7545	Viruses;Duplodnaviria;Heunggongvirae;Uroviricota;Caudoviricetes
genomad_k141_20859	3571	No terminal repeats	NA	5	11	0.9773	NA	1	4.9235	Viruses;Duplodnaviria;Heunggongvirae;Uroviricota;Caudoviricetes
genomad_k141_1695715	5380	No terminal repeats	NA	15	11	0.9773	NA	0	11.7104	Viruses;Duplodnaviria;Heunggongvirae;Uroviricota;Caudoviricetes
genomad_k141_1803071	4923	No terminal repeats	NA	5	11	0.9773	NA	0	5.1500	Viruses;Duplodnaviria;Heunggongvirae;Uroviricota;Caudoviricetes;Crassvirales
genomad_k141_2402752	8093	No terminal repeats	NA	8	11	0.9773	NA	1	2.8963	Viruses;Duplodnaviria;Heunggongvirae;Uroviricota;Caudoviricetes
genomad_k141_949394	3731	No terminal repeats	NA	6	11	0.9773	NA	1	7.6033	Viruses;Duplodnaviria;Heunggongvirae;Uroviricota;Caudoviricetes
genomad_k141_768	4589	No terminal repeats	NA	12	11	0.9773	NA	0	4.6072	Viruses;Duplodnaviria;Heunggongvirae;Uroviricota;Caudoviricetes
genomad_k141_2463218	2568	No terminal repeats	NA	4	11	0.9773	NA	1	3.2162	Viruses;Duplodnaviria;Heunggongvirae;Uroviricota;Caudoviricetes
genomad_k141_2141829	4544	No terminal repeats	NA	9	11	0.9773	NA	1	5.1548	Viruses;Duplodnaviria;Heunggongvirae;Uroviricota;Caudoviricetes;Straboviridae
genomad_k141_2625290	3732	No terminal repeats	NA	11	11	0.9773	NA	1	8.6258	Viruses;Duplodnaviria;Heunggongvirae;Uroviricota;Caudoviricetes
genomad_k141_842793	3989	No terminal repeats	NA	7	11	0.9772	NA	1	6.1770	Viruses;Duplodnaviria;Heunggongvirae;Uroviricota;Caudoviricetes
genomad_k141_827521	4828	No terminal repeats	NA	5	11	0.9772	NA	0	4.9232	Viruses;Duplodnaviria;Heunggongvirae;Uroviricota;Caudoviricetes
genomad_k141_595416	8948	No terminal repeats	NA	11	11	0.9772	NA	0	13.2971	Viruses;Duplodnaviria;Heunggongvirae;Uroviricota;Caudoviricetes
genomad_k141_1749019	4859	No terminal repeats	NA	9	11	0.9772	NA	0	15.4451	Viruses;Varidnaviria;Bamfordvirae;Nucleocytoviricota;Megaviricetes;Algavirales;Phycodnaviridae
genomad_k141_2144657	5605	No terminal repeats	NA	7	11	0.9772	NA	1	5.1548	Unclassified
genomad_k141_3771088	7666	No terminal repeats	NA	15	11	0.9772	NA	0	10.3650	Viruses;Duplodnaviria;Heunggongvirae;Uroviricota;Caudoviricetes
genomad_k141_1251175	4958	No terminal repeats	NA	16	11	0.9772	NA	1	9.3781	Viruses;Duplodnaviria;Heunggongvirae;Uroviricota;Caudoviricetes
genomad_k141_3285445	4969	No terminal repeats	NA	20	11	0.9772	NA	0	8.2101	Viruses;Duplodnaviria;Heunggongvirae;Uroviricota;Caudoviricetes
genomad_k141_2628368	3577	No terminal repeats	NA	5	11	0.9772	NA	3	6.4253	Viruses;Duplodnaviria;Heunggongvirae;Uroviricota;Caudoviricetes
genomad_k141_3604299	3900	No terminal repeats	NA	5	11	0.9772	NA	2	6.8681	Viruses;Duplodnaviria;Heunggongvirae;Uroviricota;Caudoviricetes
genomad_k141_1555431	6850	No terminal repeats	NA	9	11	0.9772	NA	1	9.6750	Viruses;Duplodnaviria;Heunggongvirae;Uroviricota;Caudoviricetes
genomad_k141_2089883	6582	No terminal repeats	NA	19	11	0.9772	NA	0	8.1392	Viruses;Duplodnaviria;Heunggongvirae;Uroviricota;Caudoviricetes
genomad_k141_2097763	5740	No terminal repeats	NA	10	11	0.9772	NA	1	8.5054	Viruses;Duplodnaviria;Heunggongvirae;Uroviricota;Caudoviricetes
genomad_k141_481510	5607	No terminal repeats	NA	10	11	0.9772	NA	0	14.2340	Viruses;Duplodnaviria;Heunggongvirae;Uroviricota;Caudoviricetes
genomad_k141_844383	6824	No terminal repeats	NA	19	11	0.9772	NA	0	12.4747	Viruses;Duplodnaviria;Heunggongvirae;Uroviricota;Caudoviricetes
genomad_k141_999734	9810	No terminal repeats	NA	11	11	0.9772	NA	1	16.7659	Viruses;Duplodnaviria;Heunggongvirae;Uroviricota;Caudoviricetes
genomad_k141_1789342	6559	No terminal repeats	NA	16	11	0.9772	NA	0	9.0972	Viruses;Duplodnaviria;Heunggongvirae;Uroviricota;Caudoviricetes
genomad_k141_3208039	3715	No terminal repeats	NA	11	11	0.9772	NA	4	8.1557	Viruses;Duplodnaviria;Heunggongvirae;Uroviricota;Caudoviricetes
genomad_k141_1831033	4121	No terminal repeats	NA	7	11	0.9772	NA	1	11.2421	Viruses;Duplodnaviria;Heunggongvirae;Uroviricota;Caudoviricetes
genomad_k141_3462085	3889	No terminal repeats	NA	5	11	0.9772	NA	2	4.4216	Viruses;Duplodnaviria;Heunggongvirae;Uroviricota;Caudoviricetes
genomad_k141_3782606	4863	No terminal repeats	NA	9	11	0.9772	NA	1	8.1732	Viruses;Duplodnaviria;Heunggongvirae;Uroviricota;Caudoviricetes
genomad_k141_1071082	6451	No terminal repeats	NA	11	11	0.9772	NA	3	9.1458	Viruses;Duplodnaviria;Heunggongvirae;Uroviricota;Caudoviricetes
genomad_k141_356851	3942	No terminal repeats	NA	7	11	0.9772	NA	3	8.5914	Viruses;Duplodnaviria;Heunggongvirae;Uroviricota;Caudoviricetes
genomad_k141_2978177	9616	No terminal repeats	NA	13	11	0.9772	NA	2	14.9757	Viruses;Varidnaviria;Bamfordvirae;Nucleocytoviricota;Megaviricetes;Algavirales;Phycodnaviridae
genomad_k141_373377	7865	No terminal repeats	NA	7	11	0.9772	NA	3	9.9678	Viruses;Duplodnaviria;Heunggongvirae;Uroviricota;Caudoviricetes
genomad_k141_2568122	3883	No terminal repeats	NA	6	11	0.9771	NA	0	7.5357	Viruses;Duplodnaviria;Heunggongvirae;Uroviricota;Caudoviricetes
genomad_k141_3611443	5544	No terminal repeats	NA	13	11	0.9771	NA	3	9.5576	Viruses;Duplodnaviria;Heunggongvirae;Uroviricota;Caudoviricetes
genomad_k141_2668259	20134	No terminal repeats	NA	28	11	0.9771	NA	1	16.3726	Viruses;Duplodnaviria;Heunggongvirae;Uroviricota;Caudoviricetes
genomad_k141_3406732	3933	No terminal repeats	NA	8	11	0.9771	NA	1	13.2819	Viruses;Duplodnaviria;Heunggongvirae;Uroviricota;Caudoviricetes
genomad_k141_3285276	9801	No terminal repeats	NA	23	11	0.9771	NA	1	14.8251	Viruses;Duplodnaviria;Heunggongvirae;Uroviricota;Caudoviricetes
genomad_k141_538976	4898	No terminal repeats	NA	6	11	0.9771	NA	0	6.5603	Viruses;Duplodnaviria;Heunggongvirae;Uroviricota;Caudoviricetes
genomad_k141_481501	4739	No terminal repeats	NA	9	11	0.9771	NA	0	11.4442	Viruses;Duplodnaviria;Heunggongvirae;Uroviricota;Caudoviricetes
genomad_k141_906371	5064	No terminal repeats	NA	5	11	0.9771	NA	0	8.5914	Viruses;Duplodnaviria;Heunggongvirae;Uroviricota;Caudoviricetes
genomad_k141_1976046	4972	No terminal repeats	NA	11	11	0.9771	NA	1	9.9375	Viruses;Duplodnaviria;Heunggongvirae;Uroviricota;Caudoviricetes
genomad_k141_1688013	4327	No terminal repeats	NA	7	11	0.9771	NA	1	5.6354	Viruses;Duplodnaviria;Heunggongvirae;Uroviricota;Caudoviricetes
genomad_k141_853898	5044	No terminal repeats	NA	12	11	0.9771	NA	0	10.3097	Viruses;Duplodnaviria;Heunggongvirae;Uroviricota;Caudoviricetes
genomad_k141_2637840	3854	No terminal repeats	NA	10	11	0.9771	NA	1	6.6918	Viruses;Duplodnaviria;Heunggongvirae;Uroviricota;Caudoviricetes
genomad_k141_2487888	2587	No terminal repeats	NA	5	11	0.9771	NA	0	5.9348	Viruses;Duplodnaviria;Heunggongvirae;Uroviricota;Caudoviricetes
genomad_k141_3448050	6090	No terminal repeats	NA	8	11	0.9771	NA	0	4.8889	Viruses;Duplodnaviria;Heunggongvirae;Uroviricota;Caudoviricetes
genomad_k141_3774449	6967	No terminal repeats	NA	12	11	0.9771	NA	2	7.4169	Viruses;Duplodnaviria;Heunggongvirae;Uroviricota;Caudoviricetes
genomad_k141_1190349	3525	No terminal repeats	NA	11	11	0.9771	NA	0	6.2728	Viruses;Duplodnaviria;Heunggongvirae;Uroviricota;Caudoviricetes
genomad_k141_3797514	4224	No terminal repeats	NA	6	11	0.9771	NA	0	7.9467	Viruses;Duplodnaviria;Heunggongvirae;Uroviricota;Caudoviricetes
genomad_k141_2863316	5709	No terminal repeats	NA	9	11	0.9771	NA	3	15.1875	Viruses;Duplodnaviria;Heunggongvirae;Uroviricota;Caudoviricetes
genomad_k141_3305590	5679	No terminal repeats	NA	13	11	0.9771	NA	3	4.8134	Viruses;Duplodnaviria;Heunggongvirae;Uroviricota;Caudoviricetes
genomad_k141_3780641	6269	No terminal repeats	NA	8	11	0.9770	NA	4	5.6746	Viruses;Duplodnaviria;Heunggongvirae;Uroviricota;Caudoviricetes
genomad_k141_1254177	3914	No terminal repeats	NA	7	11	0.9770	NA	2	5.6532	Viruses;Duplodnaviria;Heunggongvirae;Uroviricota;Caudoviricetes
genomad_k141_2888303	7883	No terminal repeats	NA	13	11	0.9770	NA	2	6.0381	Viruses;Duplodnaviria;Heunggongvirae;Uroviricota;Caudoviricetes
genomad_k141_3344638	4514	No terminal repeats	NA	10	11	0.9770	NA	0	6.1847	Viruses;Duplodnaviria;Heunggongvirae;Uroviricota;Caudoviricetes
genomad_k141_2820977	4052	No terminal repeats	NA	6	11	0.9770	NA	3	8.5914	Viruses;Duplodnaviria;Heunggongvirae;Uroviricota;Caudoviricetes
genomad_k141_3098292	3936	No terminal repeats	NA	9	11	0.9770	NA	0	7.9451	Viruses;Duplodnaviria;Heunggongvirae;Uroviricota;Caudoviricetes
genomad_k141_2346372	5390	No terminal repeats	NA	13	11	0.9770	NA	3	17.1103	Viruses;Duplodnaviria;Heunggongvirae;Uroviricota;Caudoviricetes;Kyanoviridae
genomad_k141_2206704	5955	No terminal repeats	NA	10	11	0.9770	NA	1	12.3617	Viruses;Duplodnaviria;Heunggongvirae;Uroviricota;Caudoviricetes
genomad_k141_3015299	4618	No terminal repeats	NA	6	11	0.9770	NA	1	7.8620	Viruses;Duplodnaviria;Heunggongvirae;Uroviricota;Caudoviricetes
genomad_k141_2265311	3845	No terminal repeats	NA	8	11	0.9770	NA	0	9.4387	Viruses;Duplodnaviria;Heunggongvirae;Uroviricota;Caudoviricetes
genomad_k141_1069924	6376	No terminal repeats	NA	10	11	0.9770	NA	0	15.2253	Viruses;Duplodnaviria;Heunggongvirae;Uroviricota;Caudoviricetes
genomad_k141_1469058	3684	No terminal repeats	NA	7	11	0.9770	NA	1	8.4326	Viruses;Duplodnaviria;Heunggongvirae;Uroviricota;Caudoviricetes
genomad_k141_2026007	2998	No terminal repeats	NA	4	11	0.9770	NA	2	6.7615	Viruses;Duplodnaviria;Heunggongvirae;Uroviricota;Caudoviricetes
genomad_k141_2109996	4316	No terminal repeats	NA	9	11	0.9770	NA	5	8.4731	Viruses;Duplodnaviria;Heunggongvirae;Uroviricota;Caudoviricetes
genomad_k141_2125571	3697	No terminal repeats	NA	7	11	0.9770	NA	0	8.5914	Viruses;Duplodnaviria;Heunggongvirae;Uroviricota;Caudoviricetes
genomad_k141_3683874	4134	No terminal repeats	NA	8	11	0.9770	NA	2	7.3909	Viruses;Duplodnaviria;Heunggongvirae;Uroviricota;Caudoviricetes
genomad_k141_464780	3506	No terminal repeats	NA	8	11	0.9770	NA	0	5.6829	Viruses;Duplodnaviria;Heunggongvirae;Uroviricota;Caudoviricetes
genomad_k141_249809	5940	No terminal repeats	NA	14	11	0.9770	NA	2	9.0801	Viruses;Duplodnaviria;Heunggongvirae;Uroviricota;Caudoviricetes
genomad_k141_2625297	45019	No terminal repeats	NA	69	11	0.9769	NA	5	51.1932	Viruses;Duplodnaviria;Heunggongvirae;Uroviricota;Caudoviricetes
genomad_k141_1415237	4306	No terminal repeats	NA	9	11	0.9769	NA	0	8.7399	Viruses;Duplodnaviria;Heunggongvirae;Uroviricota;Caudoviricetes
genomad_k141_43410	4765	No terminal repeats	NA	6	11	0.9769	NA	1	4.7908	Viruses;Duplodnaviria;Heunggongvirae;Uroviricota;Caudoviricetes
genomad_k141_3603316	5128	No terminal repeats	NA	8	11	0.9769	NA	3	8.6772	Viruses;Duplodnaviria;Heunggongvirae;Uroviricota;Caudoviricetes
genomad_k141_3800227	36912	DTR	NA	45	15	0.9769	NA	6	48.3223	Viruses;Duplodnaviria;Heunggongvirae;Uroviricota;Caudoviricetes
genomad_k141_2776095	4692	No terminal repeats	NA	9	11	0.9769	NA	1	6.6731	Viruses;Duplodnaviria;Heunggongvirae;Uroviricota;Caudoviricetes
genomad_k141_2337358	3679	No terminal repeats	NA	11	11	0.9769	NA	1	11.7066	Viruses;Duplodnaviria;Heunggongvirae;Uroviricota;Caudoviricetes
genomad_k141_927874	9651	No terminal repeats	NA	14	11	0.9769	NA	0	6.4872	Viruses;Duplodnaviria;Heunggongvirae;Uroviricota;Caudoviricetes
genomad_k141_2575729	4091	No terminal repeats	NA	5	11	0.9769	NA	0	4.4506	Viruses;Duplodnaviria;Heunggongvirae;Uroviricota;Caudoviricetes
genomad_k141_2267546	3713	No terminal repeats	NA	9	11	0.9769	NA	1	11.1609	Viruses;Duplodnaviria;Heunggongvirae;Uroviricota;Caudoviricetes
genomad_k141_2263525	6079	No terminal repeats	NA	7	11	0.9769	NA	1	8.5914	Viruses;Varidnaviria;Bamfordvirae;Nucleocytoviricota;Megaviricetes;Pimascovirales;Iridoviridae
genomad_k141_372921	9303	No terminal repeats	NA	14	11	0.9769	NA	1	6.8731	Viruses;Duplodnaviria;Heunggongvirae;Uroviricota;Caudoviricetes
genomad_k141_3542268	4419	No terminal repeats	NA	14	11	0.9769	NA	0	17.9951	Viruses;Duplodnaviria;Heunggongvirae;Uroviricota;Caudoviricetes
genomad_k141_167422	6704	No terminal repeats	NA	8	11	0.9769	NA	0	9.8197	Viruses;Duplodnaviria;Heunggongvirae;Uroviricota;Caudoviricetes
genomad_k141_3001960	4726	No terminal repeats	NA	6	11	0.9769	NA	3	10.3035	Viruses;Duplodnaviria;Heunggongvirae;Uroviricota;Caudoviricetes
genomad_k141_1193257	4680	No terminal repeats	NA	10	11	0.9769	NA	1	7.1730	Viruses;Duplodnaviria;Heunggongvirae;Uroviricota;Caudoviricetes
genomad_k141_3269999	8136	No terminal repeats	NA	11	11	0.9769	NA	1	13.1394	Viruses;Duplodnaviria;Heunggongvirae;Uroviricota;Caudoviricetes
genomad_k141_1005958	7113	No terminal repeats	NA	8	11	0.9769	NA	0	11.9774	Viruses;Duplodnaviria;Heunggongvirae;Uroviricota;Caudoviricetes
genomad_k141_488606	7733	No terminal repeats	NA	14	11	0.9768	NA	1	18.3178	Viruses;Duplodnaviria;Heunggongvirae;Uroviricota;Caudoviricetes
genomad_k141_1761246	7128	No terminal repeats	NA	12	11	0.9768	NA	2	7.2215	Viruses;Duplodnaviria;Heunggongvirae;Uroviricota;Caudoviricetes
genomad_k141_1488861	3841	No terminal repeats	NA	14	11	0.9768	NA	0	20.5138	Viruses;Duplodnaviria;Heunggongvirae;Uroviricota;Caudoviricetes
genomad_k141_2143292	4692	No terminal repeats	NA	9	11	0.9768	NA	1	11.4432	Viruses;Duplodnaviria;Heunggongvirae;Uroviricota;Caudoviricetes
genomad_k141_3488236	5091	No terminal repeats	NA	7	11	0.9768	NA	0	11.3066	Viruses;Duplodnaviria;Heunggongvirae;Uroviricota;Caudoviricetes
genomad_k141_3745610	4146	No terminal repeats	NA	6	11	0.9768	NA	2	10.3097	Viruses;Duplodnaviria;Heunggongvirae;Uroviricota;Caudoviricetes
genomad_k141_1754520	4401	No terminal repeats	NA	10	11	0.9768	NA	1	6.2660	Viruses;Duplodnaviria;Heunggongvirae;Uroviricota;Caudoviricetes
genomad_k141_1819895	4384	No terminal repeats	NA	8	11	0.9768	NA	3	13.3590	Viruses;Duplodnaviria;Heunggongvirae;Uroviricota;Caudoviricetes
genomad_k141_1078219	4574	No terminal repeats	NA	14	11	0.9768	NA	0	6.9081	Viruses;Duplodnaviria;Heunggongvirae;Uroviricota;Caudoviricetes
genomad_k141_2923445	6780	No terminal repeats	NA	8	11	0.9768	NA	2	9.8113	Viruses;Duplodnaviria;Heunggongvirae;Uroviricota;Caudoviricetes
genomad_k141_364545	3698	No terminal repeats	NA	6	11	0.9768	NA	0	9.6888	Viruses;Duplodnaviria;Heunggongvirae;Uroviricota;Caudoviricetes
genomad_k141_2218561	6383	No terminal repeats	NA	9	11	0.9768	NA	2	5.7434	Viruses;Duplodnaviria;Heunggongvirae;Uroviricota;Caudoviricetes
genomad_k141_973740	7130	No terminal repeats	NA	11	11	0.9768	NA	4	9.1398	Viruses;Duplodnaviria;Heunggongvirae;Uroviricota;Caudoviricetes
genomad_k141_1375212	78009	No terminal repeats	NA	88	11	0.9768	NA	1	48.3200	Viruses;Duplodnaviria;Heunggongvirae;Uroviricota;Caudoviricetes
genomad_k141_1331819	5737	No terminal repeats	NA	5	11	0.9768	NA	0	3.4366	Viruses;Duplodnaviria;Heunggongvirae;Uroviricota;Caudoviricetes
genomad_k141_1020996	3752	No terminal repeats	NA	5	11	0.9768	NA	1	6.7839	Viruses;Duplodnaviria;Heunggongvirae;Uroviricota;Caudoviricetes
genomad_k141_2687000	3623	No terminal repeats	NA	9	11	0.9768	NA	0	6.8731	Viruses;Duplodnaviria;Heunggongvirae;Uroviricota;Caudoviricetes
genomad_k141_2212965	27994	No terminal repeats	NA	46	11	0.9768	NA	6	42.2667	Viruses;Duplodnaviria;Heunggongvirae;Uroviricota;Caudoviricetes
genomad_k141_2815635	5502	No terminal repeats	NA	12	11	0.9768	NA	1	9.0758	Viruses;Duplodnaviria;Heunggongvirae;Uroviricota;Caudoviricetes
genomad_k141_2429486	3739	No terminal repeats	NA	13	11	0.9767	NA	0	6.9458	Viruses;Duplodnaviria;Heunggongvirae;Uroviricota;Caudoviricetes
genomad_k141_3800189	41682	DTR	NA	59	11	0.9767	NA	5	46.4351	Viruses;Duplodnaviria;Heunggongvirae;Uroviricota;Caudoviricetes
genomad_k141_1475992	8695	No terminal repeats	NA	13	11	0.9767	NA	0	19.7508	Viruses;Duplodnaviria;Heunggongvirae;Uroviricota;Caudoviricetes
genomad_k141_482064	3649	No terminal repeats	NA	9	11	0.9767	NA	1	10.1270	Viruses;Duplodnaviria;Heunggongvirae;Uroviricota;Caudoviricetes
genomad_k141_615523	5064	No terminal repeats	NA	7	11	0.9767	NA	0	11.1149	Viruses;Duplodnaviria;Heunggongvirae;Uroviricota;Caudoviricetes;Kyanoviridae
genomad_k141_2036917	4398	No terminal repeats	NA	5	11	0.9767	NA	0	6.7055	Viruses;Duplodnaviria;Heunggongvirae;Uroviricota;Caudoviricetes
genomad_k141_1478960	6432	No terminal repeats	NA	7	11	0.9767	NA	2	6.6619	Viruses;Duplodnaviria;Heunggongvirae;Uroviricota;Caudoviricetes
genomad_k141_3776500	8570	No terminal repeats	NA	7	11	0.9767	NA	0	11.9974	Viruses;Duplodnaviria;Heunggongvirae;Uroviricota;Caudoviricetes
genomad_k141_2519780	4413	No terminal repeats	NA	5	11	0.9767	NA	1	6.6337	Viruses;Duplodnaviria;Heunggongvirae;Uroviricota;Caudoviricetes
genomad_k141_3606625	19849	No terminal repeats	NA	32	11	0.9767	NA	2	26.9664	Viruses;Duplodnaviria;Heunggongvirae;Uroviricota;Caudoviricetes
genomad_k141_1838220	5159	No terminal repeats	NA	13	11	0.9767	NA	0	12.6448	Viruses;Duplodnaviria;Heunggongvirae;Uroviricota;Caudoviricetes
genomad_k141_321891	7665	No terminal repeats	NA	8	11	0.9767	NA	2	7.9639	Viruses;Duplodnaviria;Heunggongvirae;Uroviricota;Caudoviricetes
genomad_k141_827304	7023	No terminal repeats	NA	11	11	0.9767	NA	5	11.9906	Viruses;Duplodnaviria;Heunggongvirae;Uroviricota;Caudoviricetes
genomad_k141_1864563	4141	No terminal repeats	NA	7	11	0.9767	NA	0	7.7622	Viruses;Duplodnaviria;Heunggongvirae;Uroviricota;Caudoviricetes
genomad_k141_725876	4735	No terminal repeats	NA	10	11	0.9767	NA	0	11.7093	Viruses;Duplodnaviria;Heunggongvirae;Uroviricota;Caudoviricetes
genomad_k141_3328761	4258	No terminal repeats	NA	12	11	0.9767	NA	0	6.8686	Viruses;Duplodnaviria;Heunggongvirae;Uroviricota;Caudoviricetes
genomad_k141_738980	3613	No terminal repeats	NA	11	11	0.9767	NA	0	10.3195	Viruses;Duplodnaviria;Heunggongvirae;Uroviricota;Caudoviricetes
genomad_k141_1590670	9963	No terminal repeats	NA	14	11	0.9767	NA	0	14.7204	Viruses;Duplodnaviria;Heunggongvirae;Uroviricota;Caudoviricetes
genomad_k141_68947	4114	No terminal repeats	NA	6	11	0.9767	NA	2	5.1548	Viruses;Duplodnaviria;Heunggongvirae;Uroviricota;Caudoviricetes;Autographiviridae
genomad_k141_618552	3689	No terminal repeats	NA	5	11	0.9767	NA	1	5.1548	Viruses;Duplodnaviria;Heunggongvirae;Uroviricota;Caudoviricetes
genomad_k141_785895	4746	No terminal repeats	NA	13	11	0.9767	NA	0	12.5911	Viruses;Duplodnaviria;Heunggongvirae;Uroviricota;Caudoviricetes
genomad_k141_1324867	8561	No terminal repeats	NA	13	11	0.9767	NA	1	18.7207	Viruses;Duplodnaviria;Heunggongvirae;Uroviricota;Caudoviricetes
genomad_k141_1740707	6244	No terminal repeats	NA	10	11	0.9767	NA	8	15.8243	Viruses;Duplodnaviria;Heunggongvirae;Uroviricota;Caudoviricetes
genomad_k141_3438702	3807	No terminal repeats	NA	7	11	0.9767	NA	0	6.0333	Viruses;Duplodnaviria;Heunggongvirae;Uroviricota;Caudoviricetes
genomad_k141_318778	4003	No terminal repeats	NA	9	11	0.9767	NA	0	12.0280	Viruses;Duplodnaviria;Heunggongvirae;Uroviricota;Caudoviricetes
genomad_k141_2633285	14419	No terminal repeats	NA	34	11	0.9767	NA	0	14.6576	Viruses;Duplodnaviria;Heunggongvirae;Uroviricota;Caudoviricetes
genomad_k141_586030	9317	No terminal repeats	NA	13	11	0.9767	NA	1	9.5267	Viruses;Duplodnaviria;Heunggongvirae;Uroviricota;Caudoviricetes
genomad_k141_3800223	32591	DTR	NA	45	11	0.9767	NA	9	43.4500	Viruses;Duplodnaviria;Heunggongvirae;Uroviricota;Caudoviricetes
genomad_k141_101843	3695	No terminal repeats	NA	5	11	0.9767	NA	2	8.5914	Viruses;Duplodnaviria;Heunggongvirae;Uroviricota;Caudoviricetes
genomad_k141_1429347	37234	DTR	NA	62	11	0.9767	NA	6	29.0961	Viruses;Duplodnaviria;Heunggongvirae;Uroviricota;Caudoviricetes
genomad_k141_3436012	3949	No terminal repeats	NA	5	11	0.9767	NA	0	4.8959	Viruses;Duplodnaviria;Heunggongvirae;Uroviricota;Caudoviricetes
genomad_k141_3514877	3914	No terminal repeats	NA	5	11	0.9766	NA	0	5.1548	Unclassified
genomad_k141_1141308	8734	No terminal repeats	NA	15	11	0.9766	NA	1	9.3638	Viruses;Duplodnaviria;Heunggongvirae;Uroviricota;Caudoviricetes
genomad_k141_3290102	9054	No terminal repeats	NA	19	11	0.9766	NA	2	14.9808	Viruses;Duplodnaviria;Heunggongvirae;Uroviricota;Caudoviricetes
genomad_k141_3484417	2870	No terminal repeats	NA	8	11	0.9766	NA	3	5.1548	Viruses;Duplodnaviria;Heunggongvirae;Uroviricota;Caudoviricetes
genomad_k141_3791670	3941	No terminal repeats	NA	6	11	0.9766	NA	3	6.1793	Viruses;Duplodnaviria;Heunggongvirae;Uroviricota;Caudoviricetes
genomad_k141_2394876	4970	No terminal repeats	NA	8	11	0.9766	NA	0	6.8731	Unclassified
genomad_k141_2016024	5369	No terminal repeats	NA	8	11	0.9766	NA	1	8.3809	Viruses;Duplodnaviria;Heunggongvirae;Uroviricota;Caudoviricetes
genomad_k141_496943	4618	No terminal repeats	NA	12	11	0.9766	NA	0	6.3164	Viruses;Duplodnaviria;Heunggongvirae;Uroviricota;Caudoviricetes
genomad_k141_921908	4480	No terminal repeats	NA	6	11	0.9766	NA	0	8.5914	Viruses;Duplodnaviria;Heunggongvirae;Uroviricota;Caudoviricetes
genomad_k141_815723	5475	No terminal repeats	NA	16	11	0.9766	NA	1	15.8273	Viruses;Duplodnaviria;Heunggongvirae;Uroviricota;Caudoviricetes
genomad_k141_897075	3419	No terminal repeats	NA	5	11	0.9766	NA	1	5.1548	Viruses;Duplodnaviria;Heunggongvirae;Uroviricota;Caudoviricetes
genomad_k141_2665605	5208	No terminal repeats	NA	14	11	0.9766	NA	0	6.2130	Viruses;Duplodnaviria;Heunggongvirae;Uroviricota;Caudoviricetes
genomad_k141_2120880	19727	No terminal repeats	NA	29	11	0.9766	NA	4	30.8443	Viruses;Duplodnaviria;Heunggongvirae;Uroviricota;Caudoviricetes
genomad_k141_3425861	4295	No terminal repeats	NA	7	11	0.9766	NA	2	4.5640	Viruses;Duplodnaviria;Heunggongvirae;Uroviricota;Caudoviricetes
genomad_k141_3522489	4652	No terminal repeats	NA	5	11	0.9766	NA	3	8.1826	Viruses;Duplodnaviria;Heunggongvirae;Uroviricota;Caudoviricetes
genomad_k141_3105782	5955	No terminal repeats	NA	17	11	0.9766	NA	0	7.2177	Viruses;Duplodnaviria;Heunggongvirae;Uroviricota;Caudoviricetes
genomad_k141_2693291	5910	No terminal repeats	NA	21	11	0.9766	NA	1	7.6114	Viruses;Duplodnaviria;Heunggongvirae;Uroviricota;Caudoviricetes
genomad_k141_2644048	3873	No terminal repeats	NA	7	11	0.9765	NA	1	8.5914	Viruses;Duplodnaviria;Heunggongvirae;Uroviricota;Caudoviricetes
genomad_k141_2694940	8621	No terminal repeats	NA	22	11	0.9765	NA	0	26.0612	Viruses;Duplodnaviria;Heunggongvirae;Uroviricota;Caudoviricetes
genomad_k141_558052	3565	No terminal repeats	NA	7	11	0.9765	NA	2	12.0280	Viruses;Duplodnaviria;Heunggongvirae;Uroviricota;Caudoviricetes
genomad_k141_1862833	7371	No terminal repeats	NA	11	11	0.9765	NA	4	9.2388	Viruses;Duplodnaviria;Heunggongvirae;Uroviricota;Caudoviricetes
genomad_k141_3602396	4022	No terminal repeats	NA	6	11	0.9765	NA	0	9.3174	Viruses;Duplodnaviria;Heunggongvirae;Uroviricota;Caudoviricetes
genomad_k141_1548519	3737	No terminal repeats	NA	10	11	0.9765	NA	1	8.0052	Viruses;Duplodnaviria;Heunggongvirae;Uroviricota;Caudoviricetes
genomad_k141_3312565	4326	No terminal repeats	NA	7	11	0.9765	NA	1	5.7488	Viruses;Duplodnaviria;Heunggongvirae;Uroviricota;Caudoviricetes
genomad_k141_1425251	7316	No terminal repeats	NA	10	11	0.9765	NA	0	13.7428	Viruses;Duplodnaviria;Heunggongvirae;Uroviricota;Caudoviricetes
genomad_k141_3554086	4742	No terminal repeats	NA	5	11	0.9765	NA	1	6.6811	Viruses;Duplodnaviria;Heunggongvirae;Uroviricota;Caudoviricetes
genomad_k141_3490753	3728	No terminal repeats	NA	5	11	0.9765	NA	0	6.6746	Viruses;Duplodnaviria;Heunggongvirae;Uroviricota;Caudoviricetes
genomad_k141_635237	5071	No terminal repeats	NA	6	11	0.9765	NA	0	6.2330	Viruses;Duplodnaviria;Heunggongvirae;Uroviricota;Caudoviricetes
genomad_k141_1568364	3847	No terminal repeats	NA	9	11	0.9765	NA	1	9.6357	Viruses;Duplodnaviria;Heunggongvirae;Uroviricota;Caudoviricetes
genomad_k141_429474	9397	No terminal repeats	NA	16	11	0.9765	NA	0	6.2619	Viruses;Duplodnaviria;Heunggongvirae;Uroviricota;Caudoviricetes
genomad_k141_1769227	6058	No terminal repeats	NA	12	11	0.9765	NA	0	16.6143	Viruses;Duplodnaviria;Heunggongvirae;Uroviricota;Caudoviricetes
genomad_k141_647819	6036	No terminal repeats	NA	6	11	0.9765	NA	0	9.5838	Viruses;Duplodnaviria;Heunggongvirae;Uroviricota;Caudoviricetes
genomad_k141_1829344	3515	No terminal repeats	NA	9	11	0.9764	NA	2	9.9503	Viruses;Duplodnaviria;Heunggongvirae;Uroviricota;Caudoviricetes
genomad_k141_660526	3656	No terminal repeats	NA	9	11	0.9764	NA	0	6.8731	Viruses;Duplodnaviria;Heunggongvirae;Uroviricota;Caudoviricetes
genomad_k141_2194774	4351	No terminal repeats	NA	5	11	0.9764	NA	2	5.5124	Viruses;Duplodnaviria;Heunggongvirae;Uroviricota;Caudoviricetes
genomad_k141_2269969	9487	No terminal repeats	NA	26	11	0.9764	NA	2	21.5030	Viruses;Duplodnaviria;Heunggongvirae;Uroviricota;Caudoviricetes
genomad_k141_846563	4671	No terminal repeats	NA	10	11	0.9764	NA	2	14.3376	Viruses;Duplodnaviria;Heunggongvirae;Uroviricota;Caudoviricetes
genomad_k141_1415364	4554	No terminal repeats	NA	9	11	0.9764	NA	2	15.4645	Viruses;Duplodnaviria;Heunggongvirae;Uroviricota;Caudoviricetes
genomad_k141_2704143	4509	No terminal repeats	NA	10	11	0.9764	NA	1	4.7320	Viruses;Duplodnaviria;Heunggongvirae;Uroviricota;Caudoviricetes
genomad_k141_2666925	5639	No terminal repeats	NA	12	11	0.9764	NA	1	5.9955	Viruses;Duplodnaviria;Heunggongvirae;Uroviricota;Caudoviricetes
genomad_k141_531248	6238	No terminal repeats	NA	16	11	0.9764	NA	0	11.2484	Viruses;Duplodnaviria;Heunggongvirae;Uroviricota;Caudoviricetes
genomad_k141_140910	3977	No terminal repeats	NA	11	11	0.9764	NA	0	14.8837	Viruses;Duplodnaviria;Heunggongvirae;Uroviricota;Caudoviricetes
genomad_k141_2539183	4459	No terminal repeats	NA	6	11	0.9764	NA	2	9.4851	Viruses;Duplodnaviria;Heunggongvirae;Uroviricota;Caudoviricetes
genomad_k141_120986	5424	No terminal repeats	NA	6	11	0.9764	NA	0	6.5267	Viruses;Duplodnaviria;Heunggongvirae;Uroviricota;Caudoviricetes
genomad_k141_2915629	3686	No terminal repeats	NA	6	11	0.9764	NA	1	10.2984	Viruses;Duplodnaviria;Heunggongvirae;Uroviricota;Caudoviricetes
genomad_k141_1731595	5151	No terminal repeats	NA	8	11	0.9764	NA	0	9.2825	Viruses;Duplodnaviria;Heunggongvirae;Uroviricota;Caudoviricetes
genomad_k141_1275939	4074	No terminal repeats	NA	5	11	0.9764	NA	0	4.3953	Viruses;Duplodnaviria;Heunggongvirae;Uroviricota;Caudoviricetes
genomad_k141_1783017	5412	No terminal repeats	NA	9	11	0.9764	NA	3	6.8731	Viruses;Duplodnaviria;Heunggongvirae;Uroviricota;Caudoviricetes
genomad_k141_240468	5485	No terminal repeats	NA	9	11	0.9764	NA	1	5.8568	Viruses;Duplodnaviria;Heunggongvirae;Uroviricota;Caudoviricetes
genomad_k141_2957292	9198	No terminal repeats	NA	14	11	0.9764	NA	3	14.9056	Viruses;Duplodnaviria;Heunggongvirae;Uroviricota;Caudoviricetes
genomad_k141_2604098	4642	No terminal repeats	NA	6	11	0.9764	NA	1	4.4917	Viruses;Duplodnaviria;Heunggongvirae;Uroviricota;Caudoviricetes
genomad_k141_282389	8032	No terminal repeats	NA	10	11	0.9764	NA	0	8.1605	Viruses;Duplodnaviria;Heunggongvirae;Uroviricota;Caudoviricetes
genomad_k141_3436033	6386	No terminal repeats	NA	12	11	0.9764	NA	0	9.7248	Viruses;Duplodnaviria;Heunggongvirae;Uroviricota;Caudoviricetes
genomad_k141_2497773	3786	No terminal repeats	NA	9	11	0.9764	NA	0	7.4350	Viruses;Duplodnaviria;Heunggongvirae;Uroviricota;Caudoviricetes
genomad_k141_1375457	6521	No terminal repeats	NA	16	11	0.9764	NA	1	6.9744	Viruses;Duplodnaviria;Heunggongvirae;Uroviricota;Caudoviricetes
genomad_k141_2061112	4437	No terminal repeats	NA	5	11	0.9764	NA	2	5.1129	Viruses;Duplodnaviria;Heunggongvirae;Uroviricota;Caudoviricetes
genomad_k141_2097590	9247	No terminal repeats	NA	17	11	0.9763	NA	1	18.8576	Viruses;Varidnaviria;Bamfordvirae;Nucleocytoviricota;Megaviricetes;Algavirales;Phycodnaviridae
genomad_k141_1984904	5723	No terminal repeats	NA	11	11	0.9763	NA	3	16.3040	Viruses;Duplodnaviria;Heunggongvirae;Uroviricota;Caudoviricetes
genomad_k141_2500687	3779	No terminal repeats	NA	7	11	0.9763	NA	0	5.1548	Viruses;Duplodnaviria;Heunggongvirae;Uroviricota;Caudoviricetes
genomad_k141_958013	3526	No terminal repeats	NA	6	11	0.9763	NA	2	7.9214	Viruses;Duplodnaviria;Heunggongvirae;Uroviricota;Caudoviricetes
genomad_k141_144048	4242	No terminal repeats	NA	11	11	0.9763	NA	0	4.3466	Viruses;Duplodnaviria;Heunggongvirae;Uroviricota;Caudoviricetes;Herelleviridae
genomad_k141_3299718	4766	No terminal repeats	NA	5	11	0.9763	NA	1	6.1275	Viruses;Duplodnaviria;Heunggongvirae;Uroviricota;Caudoviricetes
genomad_k141_1137551	5752	No terminal repeats	NA	8	11	0.9763	NA	0	4.4203	Viruses;Duplodnaviria;Heunggongvirae;Uroviricota;Caudoviricetes
genomad_k141_2899610	4302	No terminal repeats	NA	5	11	0.9763	NA	1	4.9386	Viruses;Duplodnaviria;Heunggongvirae;Uroviricota;Caudoviricetes
genomad_k141_2767662	7018	No terminal repeats	NA	9	11	0.9763	NA	0	11.4283	Viruses;Duplodnaviria;Heunggongvirae;Uroviricota;Caudoviricetes
genomad_k141_2349899	5696	No terminal repeats	NA	10	11	0.9763	NA	4	10.4129	Viruses;Duplodnaviria;Heunggongvirae;Uroviricota;Caudoviricetes
genomad_k141_3572754	35070	DTR	NA	54	11	0.9763	NA	7	44.6905	Viruses;Duplodnaviria;Heunggongvirae;Uroviricota;Caudoviricetes
genomad_k141_1118982	5321	No terminal repeats	NA	9	11	0.9763	NA	2	5.1548	Viruses;Duplodnaviria;Heunggongvirae;Uroviricota;Caudoviricetes
genomad_k141_55449	4462	No terminal repeats	NA	7	11	0.9763	NA	0	6.6096	Viruses;Duplodnaviria;Heunggongvirae;Uroviricota;Caudoviricetes
genomad_k141_1878852	5675	No terminal repeats	NA	9	11	0.9763	NA	4	8.9194	Viruses;Duplodnaviria;Heunggongvirae;Uroviricota;Caudoviricetes
genomad_k141_1086369	8744	No terminal repeats	NA	9	11	0.9763	NA	3	9.1562	Viruses;Duplodnaviria;Heunggongvirae;Uroviricota;Caudoviricetes
genomad_k141_2799275	3707	No terminal repeats	NA	7	11	0.9763	NA	1	7.2043	Viruses;Duplodnaviria;Heunggongvirae;Uroviricota;Caudoviricetes
genomad_k141_2479833	4513	No terminal repeats	NA	7	11	0.9763	NA	3	10.3097	Viruses;Duplodnaviria;Heunggongvirae;Uroviricota;Caudoviricetes
genomad_k141_1501831	23317	No terminal repeats	NA	39	11	0.9763	NA	11	43.3062	Viruses;Duplodnaviria;Heunggongvirae;Uroviricota;Caudoviricetes
genomad_k141_313599	8612	No terminal repeats	NA	14	11	0.9763	NA	3	6.0703	Viruses;Duplodnaviria;Heunggongvirae;Uroviricota;Caudoviricetes
genomad_k141_3281136	4435	No terminal repeats	NA	6	11	0.9763	NA	3	5.9685	Viruses;Duplodnaviria;Heunggongvirae;Uroviricota;Caudoviricetes
genomad_k141_1458917	6874	No terminal repeats	NA	13	11	0.9762	NA	0	9.9874	Viruses;Duplodnaviria;Heunggongvirae;Uroviricota;Caudoviricetes
genomad_k141_3049537	6245	No terminal repeats	NA	9	11	0.9762	NA	2	5.1536	Viruses;Duplodnaviria;Heunggongvirae;Uroviricota;Caudoviricetes
genomad_k141_206537	8397	No terminal repeats	NA	20	11	0.9762	NA	1	16.9218	Viruses;Duplodnaviria;Heunggongvirae;Uroviricota;Caudoviricetes
genomad_k141_647386	5563	No terminal repeats	NA	8	11	0.9762	NA	0	10.4985	Viruses;Duplodnaviria;Heunggongvirae;Uroviricota;Caudoviricetes
genomad_k141_3486644	5462	No terminal repeats	NA	6	11	0.9762	NA	0	5.7397	Viruses;Duplodnaviria;Heunggongvirae;Uroviricota;Caudoviricetes
genomad_k141_1083630	5828	No terminal repeats	NA	7	11	0.9762	NA	0	11.7419	Viruses;Duplodnaviria;Heunggongvirae;Uroviricota;Caudoviricetes
genomad_k141_740781	7324	No terminal repeats	NA	16	11	0.9762	NA	0	9.1757	Viruses;Duplodnaviria;Heunggongvirae;Uroviricota;Caudoviricetes
genomad_k141_576421	6336	No terminal repeats	NA	10	11	0.9762	NA	0	10.9381	Viruses;Duplodnaviria;Heunggongvirae;Uroviricota;Caudoviricetes
genomad_k141_491358	4408	No terminal repeats	NA	8	11	0.9762	NA	0	9.1858	Viruses;Duplodnaviria;Heunggongvirae;Uroviricota;Caudoviricetes
genomad_k141_2162396	5874	No terminal repeats	NA	13	11	0.9762	NA	1	6.7727	Viruses;Duplodnaviria;Heunggongvirae;Uroviricota;Caudoviricetes
genomad_k141_1905640	4729	No terminal repeats	NA	8	11	0.9762	NA	0	6.0595	Viruses;Duplodnaviria;Heunggongvirae;Uroviricota;Caudoviricetes
genomad_k141_160244	19736	No terminal repeats	NA	42	11	0.9762	NA	7	45.5055	Viruses;Duplodnaviria;Heunggongvirae;Uroviricota;Caudoviricetes
genomad_k141_2513120	4535	No terminal repeats	NA	13	11	0.9761	NA	1	10.2945	Viruses;Duplodnaviria;Heunggongvirae;Uroviricota;Caudoviricetes
genomad_k141_1094645	4145	No terminal repeats	NA	6	11	0.9761	NA	0	8.3819	Viruses;Duplodnaviria;Heunggongvirae;Uroviricota;Caudoviricetes
genomad_k141_790174	6747	No terminal repeats	NA	10	11	0.9761	NA	4	5.8734	Viruses;Duplodnaviria;Heunggongvirae;Uroviricota;Caudoviricetes
genomad_k141_1433345	4057	No terminal repeats	NA	5	11	0.9761	NA	1	8.5914	Viruses;Duplodnaviria;Heunggongvirae;Uroviricota;Caudoviricetes
genomad_k141_2185796	4844	No terminal repeats	NA	10	11	0.9761	NA	0	9.2022	Viruses;Duplodnaviria;Heunggongvirae;Uroviricota;Caudoviricetes
genomad_k141_856543	3636	No terminal repeats	NA	7	11	0.9761	NA	0	6.1636	Viruses;Duplodnaviria;Heunggongvirae;Uroviricota;Caudoviricetes
genomad_k141_390627	4604	No terminal repeats	NA	7	11	0.9761	NA	0	4.7805	Viruses;Duplodnaviria;Heunggongvirae;Uroviricota;Caudoviricetes
genomad_k141_1094166	9146	No terminal repeats	NA	11	11	0.9761	NA	3	18.8983	Viruses;Duplodnaviria;Heunggongvirae;Uroviricota;Caudoviricetes
genomad_k141_1544761	3550	No terminal repeats	NA	10	11	0.9761	NA	2	13.7463	Viruses;Duplodnaviria;Heunggongvirae;Uroviricota;Caudoviricetes
genomad_k141_3374077	9006	No terminal repeats	NA	7	11	0.9761	NA	0	5.8699	Viruses;Duplodnaviria;Heunggongvirae;Uroviricota;Caudoviricetes
genomad_k141_2152862	4155	No terminal repeats	NA	5	11	0.9761	NA	1	4.5530	Viruses;Duplodnaviria;Heunggongvirae;Uroviricota;Caudoviricetes
genomad_k141_1357317	8203	No terminal repeats	NA	7	11	0.9761	NA	1	10.7327	Viruses;Duplodnaviria;Heunggongvirae;Uroviricota;Caudoviricetes
genomad_k141_439507	3902	No terminal repeats	NA	7	11	0.9761	NA	2	8.2657	Viruses;Duplodnaviria;Heunggongvirae;Uroviricota;Caudoviricetes
genomad_k141_2626976	4720	No terminal repeats	NA	5	15	0.9761	NA	0	3.4366	Viruses;Duplodnaviria;Heunggongvirae;Uroviricota;Caudoviricetes
genomad_k141_3781240	4197	No terminal repeats	NA	8	11	0.9761	NA	0	8.0564	Viruses;Duplodnaviria;Heunggongvirae;Uroviricota;Caudoviricetes
genomad_k141_2869691	3843	No terminal repeats	NA	5	11	0.9761	NA	0	5.8480	Viruses;Duplodnaviria;Heunggongvirae;Uroviricota;Caudoviricetes
genomad_k141_2855467	17970	No terminal repeats	NA	28	11	0.9761	NA	4	21.5168	Viruses;Duplodnaviria;Heunggongvirae;Uroviricota;Caudoviricetes
genomad_k141_2097257	9206	No terminal repeats	NA	19	11	0.9761	NA	1	11.2239	Viruses;Duplodnaviria;Heunggongvirae;Uroviricota;Caudoviricetes
genomad_k141_3658681	3535	No terminal repeats	NA	9	11	0.9760	NA	0	4.9356	Viruses;Duplodnaviria;Heunggongvirae;Uroviricota;Caudoviricetes
genomad_k141_2327933	8221	No terminal repeats	NA	9	11	0.9760	NA	1	9.3582	Viruses;Duplodnaviria;Heunggongvirae;Uroviricota;Caudoviricetes
genomad_k141_3057394	8128	No terminal repeats	NA	12	11	0.9760	NA	2	11.6286	Viruses;Duplodnaviria;Heunggongvirae;Uroviricota;Caudoviricetes
genomad_k141_3707538	5322	No terminal repeats	NA	14	11	0.9760	NA	1	9.5154	Viruses;Duplodnaviria;Heunggongvirae;Uroviricota;Caudoviricetes
genomad_k141_2284538	36511	No terminal repeats	NA	55	11	0.9760	NA	22	61.2894	Viruses;Duplodnaviria;Heunggongvirae;Uroviricota;Caudoviricetes
genomad_k141_2568155	4191	No terminal repeats	NA	6	11	0.9760	NA	1	7.5006	Viruses;Duplodnaviria;Heunggongvirae;Uroviricota;Caudoviricetes
genomad_k141_416153	4146	No terminal repeats	NA	6	11	0.9760	NA	0	10.2499	Viruses;Varidnaviria;Bamfordvirae;Nucleocytoviricota;Megaviricetes;Algavirales;Phycodnaviridae
genomad_k141_1658687	3639	No terminal repeats	NA	10	11	0.9760	NA	1	4.8846	Viruses;Duplodnaviria;Heunggongvirae;Uroviricota;Caudoviricetes
genomad_k141_254381	4891	No terminal repeats	NA	6	11	0.9760	NA	1	8.4501	Viruses;Duplodnaviria;Heunggongvirae;Uroviricota;Caudoviricetes
genomad_k141_1169446	5944	No terminal repeats	NA	8	11	0.9760	NA	0	4.6243	Viruses;Duplodnaviria;Heunggongvirae;Uroviricota;Caudoviricetes
genomad_k141_1009086	7484	No terminal repeats	NA	10	11	0.9760	NA	0	10.0827	Viruses;Duplodnaviria;Heunggongvirae;Uroviricota;Caudoviricetes
genomad_k141_2495346	5950	No terminal repeats	NA	9	11	0.9760	NA	1	10.3097	Viruses;Duplodnaviria;Heunggongvirae;Uroviricota;Caudoviricetes
genomad_k141_1825782	3540	No terminal repeats	NA	8	11	0.9760	NA	0	7.2759	Viruses;Duplodnaviria;Heunggongvirae;Uroviricota;Caudoviricetes
genomad_k141_1268358	3652	No terminal repeats	NA	10	11	0.9760	NA	0	14.0620	Viruses;Duplodnaviria;Heunggongvirae;Uroviricota;Caudoviricetes
genomad_k141_2685844	4649	No terminal repeats	NA	7	11	0.9760	NA	0	10.1198	Viruses;Duplodnaviria;Heunggongvirae;Uroviricota;Caudoviricetes
genomad_k141_1880059	7594	No terminal repeats	NA	6	11	0.9760	NA	0	9.2085	Viruses;Duplodnaviria;Heunggongvirae;Uroviricota;Caudoviricetes
genomad_k141_1679245	8822	No terminal repeats	NA	16	11	0.9760	NA	2	25.2472	Viruses;Duplodnaviria;Heunggongvirae;Uroviricota;Caudoviricetes
virsorter2_k141_782313||0_partial	50305	No terminal repeats	NA	79	11	0.9760	NA	13	77.2882	Viruses;Duplodnaviria;Heunggongvirae;Uroviricota;Caudoviricetes
genomad_k141_2495517	8467	No terminal repeats	NA	12	11	0.9760	NA	3	9.4963	Viruses;Duplodnaviria;Heunggongvirae;Uroviricota;Caudoviricetes
genomad_k141_925991	5071	No terminal repeats	NA	6	11	0.9759	NA	0	5.8247	Viruses;Duplodnaviria;Heunggongvirae;Uroviricota;Caudoviricetes
genomad_k141_1830711	3557	No terminal repeats	NA	9	11	0.9759	NA	0	5.8477	Viruses;Duplodnaviria;Heunggongvirae;Uroviricota;Caudoviricetes
genomad_k141_2594715	3563	No terminal repeats	NA	7	11	0.9759	NA	0	6.8731	Viruses;Duplodnaviria;Heunggongvirae;Uroviricota;Caudoviricetes
genomad_k141_2375048	4651	No terminal repeats	NA	6	11	0.9759	NA	2	6.1026	Viruses;Duplodnaviria;Heunggongvirae;Uroviricota;Caudoviricetes
genomad_k141_2807027	5759	No terminal repeats	NA	8	11	0.9759	NA	1	9.4228	Viruses;Duplodnaviria;Heunggongvirae;Uroviricota;Caudoviricetes
genomad_k141_133044	3702	No terminal repeats	NA	10	11	0.9759	NA	0	6.1725	Viruses;Duplodnaviria;Heunggongvirae;Uroviricota;Caudoviricetes
genomad_k141_2720817	3860	No terminal repeats	NA	5	11	0.9759	NA	0	7.6486	Viruses;Duplodnaviria;Heunggongvirae;Uroviricota;Caudoviricetes
genomad_k141_3715840	6582	No terminal repeats	NA	15	11	0.9759	NA	0	9.4332	Viruses;Duplodnaviria;Heunggongvirae;Uroviricota;Caudoviricetes
genomad_k141_373852	3564	No terminal repeats	NA	5	11	0.9759	NA	2	4.9077	Viruses;Duplodnaviria;Heunggongvirae;Uroviricota;Caudoviricetes
genomad_k141_1591980	6564	No terminal repeats	NA	8	11	0.9759	NA	1	12.4356	Viruses;Duplodnaviria;Heunggongvirae;Uroviricota;Caudoviricetes
genomad_k141_3414276	3885	No terminal repeats	NA	5	11	0.9759	NA	2	6.4547	Viruses;Duplodnaviria;Heunggongvirae;Uroviricota;Caudoviricetes
genomad_k141_2392135	6168	No terminal repeats	NA	7	11	0.9758	NA	0	10.1894	Viruses;Duplodnaviria;Heunggongvirae;Uroviricota;Caudoviricetes
genomad_k141_2391769	4027	No terminal repeats	NA	7	11	0.9758	NA	2	7.7556	Viruses;Duplodnaviria;Heunggongvirae;Uroviricota;Caudoviricetes
genomad_k141_3761551	6030	No terminal repeats	NA	13	11	0.9758	NA	0	11.3453	Viruses;Duplodnaviria;Heunggongvirae;Uroviricota;Caudoviricetes
genomad_k141_2048105	4438	No terminal repeats	NA	5	11	0.9758	NA	1	4.4577	Viruses;Duplodnaviria;Heunggongvirae;Uroviricota;Caudoviricetes
genomad_k141_1370806	4701	No terminal repeats	NA	8	11	0.9758	NA	3	9.3574	Viruses;Duplodnaviria;Heunggongvirae;Uroviricota;Caudoviricetes
genomad_k141_1904981	9507	No terminal repeats	NA	15	11	0.9758	NA	1	7.8098	Viruses;Duplodnaviria;Heunggongvirae;Uroviricota;Caudoviricetes
genomad_k141_694977	9222	No terminal repeats	NA	11	11	0.9758	NA	2	11.4406	Viruses;Duplodnaviria;Heunggongvirae;Uroviricota;Caudoviricetes
genomad_k141_428810	5422	No terminal repeats	NA	7	11	0.9758	NA	0	10.9337	Viruses;Duplodnaviria;Heunggongvirae;Uroviricota;Caudoviricetes
genomad_k141_2692317	4238	No terminal repeats	NA	5	11	0.9758	NA	3	8.5914	Viruses;Duplodnaviria;Heunggongvirae;Uroviricota;Caudoviricetes
genomad_k141_2061237	9138	No terminal repeats	NA	19	11	0.9758	NA	1	9.7191	Viruses;Duplodnaviria;Heunggongvirae;Uroviricota;Caudoviricetes
genomad_k141_2789883	7067	No terminal repeats	NA	14	11	0.9758	NA	0	7.4319	Viruses;Duplodnaviria;Heunggongvirae;Uroviricota;Caudoviricetes
genomad_k141_3432304	3508	No terminal repeats	NA	6	11	0.9758	NA	1	4.5257	Viruses;Duplodnaviria;Heunggongvirae;Uroviricota;Caudoviricetes
genomad_k141_919607	3579	No terminal repeats	NA	5	11	0.9758	NA	0	5.1523	Viruses;Duplodnaviria;Heunggongvirae;Uroviricota;Caudoviricetes
genomad_k141_1149572	4263	No terminal repeats	NA	6	11	0.9758	NA	1	5.1071	Viruses;Duplodnaviria;Heunggongvirae;Uroviricota;Caudoviricetes
genomad_k141_2820283	4036	No terminal repeats	NA	9	11	0.9758	NA	0	9.8261	Viruses;Duplodnaviria;Heunggongvirae;Uroviricota;Caudoviricetes
genomad_k141_558816	21321	No terminal repeats	NA	39	11	0.9758	NA	2	35.3723	Viruses;Duplodnaviria;Heunggongvirae;Uroviricota;Caudoviricetes
genomad_k141_1233420	5185	No terminal repeats	NA	6	11	0.9758	NA	3	4.9798	Viruses;Duplodnaviria;Heunggongvirae;Uroviricota;Caudoviricetes
genomad_k141_47153	6061	No terminal repeats	NA	8	11	0.9758	NA	1	9.3484	Viruses;Duplodnaviria;Heunggongvirae;Uroviricota;Caudoviricetes
genomad_k141_3642611	3678	No terminal repeats	NA	5	11	0.9758	NA	2	6.3419	Viruses;Duplodnaviria;Heunggongvirae;Uroviricota;Caudoviricetes
genomad_k141_1921640	4166	No terminal repeats	NA	7	11	0.9758	NA	3	7.8173	Viruses;Duplodnaviria;Heunggongvirae;Uroviricota;Caudoviricetes
genomad_k141_1194037	8819	No terminal repeats	NA	8	11	0.9758	NA	0	12.5900	Viruses;Duplodnaviria;Heunggongvirae;Uroviricota;Caudoviricetes
genomad_k141_1962540	9441	No terminal repeats	NA	9	11	0.9758	NA	4	11.9721	Viruses;Duplodnaviria;Heunggongvirae;Uroviricota;Caudoviricetes
genomad_k141_3424262	9241	No terminal repeats	NA	18	11	0.9757	NA	0	10.0451	Viruses;Duplodnaviria;Heunggongvirae;Uroviricota;Caudoviricetes
genomad_k141_3563166	3947	No terminal repeats	NA	5	11	0.9757	NA	2	4.7603	Viruses;Duplodnaviria;Heunggongvirae;Uroviricota;Caudoviricetes
genomad_k141_2781883	7719	No terminal repeats	NA	9	11	0.9757	NA	0	5.1548	Viruses;Duplodnaviria;Heunggongvirae;Uroviricota;Caudoviricetes
genomad_k141_816446	7551	No terminal repeats	NA	14	11	0.9757	NA	2	12.4244	Viruses;Duplodnaviria;Heunggongvirae;Uroviricota;Caudoviricetes
genomad_k141_2453028	5435	No terminal repeats	NA	6	11	0.9757	NA	2	8.5914	Viruses;Duplodnaviria;Heunggongvirae;Uroviricota;Caudoviricetes
genomad_k141_2495690	3535	No terminal repeats	NA	7	11	0.9757	NA	0	3.2274	Viruses;Duplodnaviria;Heunggongvirae;Uroviricota;Caudoviricetes
genomad_k141_298534	6286	No terminal repeats	NA	15	11	0.9757	NA	2	5.6096	Viruses;Duplodnaviria;Heunggongvirae;Uroviricota;Caudoviricetes
genomad_k141_1315627	3624	No terminal repeats	NA	11	11	0.9757	NA	2	14.4010	Viruses;Duplodnaviria;Heunggongvirae;Uroviricota;Caudoviricetes
genomad_k141_69062	4577	No terminal repeats	NA	9	11	0.9757	NA	0	9.3954	Viruses;Duplodnaviria;Heunggongvirae;Uroviricota;Caudoviricetes
genomad_k141_2733394	5908	No terminal repeats	NA	14	11	0.9757	NA	0	6.4308	Viruses;Duplodnaviria;Heunggongvirae;Uroviricota;Caudoviricetes
genomad_k141_1605363	5675	No terminal repeats	NA	6	11	0.9757	NA	1	8.5598	Viruses;Duplodnaviria;Heunggongvirae;Uroviricota;Caudoviricetes
genomad_k141_2566400	5612	No terminal repeats	NA	15	11	0.9756	NA	1	8.3882	Viruses;Duplodnaviria;Heunggongvirae;Uroviricota;Caudoviricetes
genomad_k141_1914422	5377	No terminal repeats	NA	12	11	0.9756	NA	0	11.4675	Viruses;Duplodnaviria;Heunggongvirae;Uroviricota;Caudoviricetes
genomad_k141_572003	8554	No terminal repeats	NA	11	11	0.9756	NA	4	9.5430	Viruses;Duplodnaviria;Heunggongvirae;Uroviricota;Caudoviricetes
genomad_k141_1075139	4110	No terminal repeats	NA	7	11	0.9756	NA	1	9.2280	Viruses;Duplodnaviria;Heunggongvirae;Uroviricota;Caudoviricetes
genomad_k141_3640164	8477	No terminal repeats	NA	11	11	0.9756	NA	3	7.6103	Viruses;Duplodnaviria;Heunggongvirae;Uroviricota;Caudoviricetes
genomad_k141_1380290	3929	No terminal repeats	NA	6	11	0.9756	NA	0	9.0322	Viruses;Duplodnaviria;Heunggongvirae;Uroviricota;Caudoviricetes
genomad_k141_2456667	4362	No terminal repeats	NA	11	11	0.9756	NA	0	6.1127	Viruses;Duplodnaviria;Heunggongvirae;Uroviricota;Caudoviricetes
genomad_k141_1877370	3746	No terminal repeats	NA	8	11	0.9756	NA	2	13.5517	Viruses;Duplodnaviria;Heunggongvirae;Uroviricota;Caudoviricetes
genomad_k141_2203698	3805	No terminal repeats	NA	8	11	0.9756	NA	2	5.6564	Viruses;Duplodnaviria;Heunggongvirae;Uroviricota;Caudoviricetes
genomad_k141_1184609	3947	No terminal repeats	NA	6	11	0.9756	NA	1	5.0459	Viruses;Duplodnaviria;Heunggongvirae;Uroviricota;Caudoviricetes
genomad_k141_2413881	5532	No terminal repeats	NA	13	11	0.9756	NA	1	9.1518	Viruses;Duplodnaviria;Heunggongvirae;Uroviricota;Caudoviricetes
genomad_k141_1610528	6799	No terminal repeats	NA	9	11	0.9756	NA	2	13.7463	Viruses;Duplodnaviria;Heunggongvirae;Uroviricota;Caudoviricetes
genomad_k141_789255	3884	No terminal repeats	NA	5	11	0.9756	NA	2	6.8731	Viruses;Duplodnaviria;Heunggongvirae;Uroviricota;Caudoviricetes
genomad_k141_2396410	3632	No terminal repeats	NA	5	11	0.9756	NA	0	4.7341	Viruses;Duplodnaviria;Heunggongvirae;Uroviricota;Caudoviricetes
genomad_k141_2151851	6628	No terminal repeats	NA	11	11	0.9756	NA	0	8.5861	Viruses;Duplodnaviria;Heunggongvirae;Uroviricota;Caudoviricetes
genomad_k141_3661512	3667	No terminal repeats	NA	8	11	0.9756	NA	0	4.1919	Viruses;Duplodnaviria;Heunggongvirae;Uroviricota;Caudoviricetes
genomad_k141_3393520	4783	No terminal repeats	NA	7	11	0.9756	NA	0	6.8310	Viruses;Duplodnaviria;Heunggongvirae;Uroviricota;Caudoviricetes
genomad_k141_2798794	5399	No terminal repeats	NA	10	11	0.9756	NA	1	5.8800	Viruses;Duplodnaviria;Heunggongvirae;Uroviricota;Caudoviricetes
genomad_k141_2388361	3582	No terminal repeats	NA	7	11	0.9756	NA	0	4.9567	Viruses;Duplodnaviria;Heunggongvirae;Uroviricota;Caudoviricetes
genomad_k141_604182	4022	No terminal repeats	NA	5	11	0.9756	NA	1	6.1277	Viruses;Duplodnaviria;Heunggongvirae;Uroviricota;Caudoviricetes
genomad_k141_175407	90444	No terminal repeats	NA	119	11	0.9756	NA	14	59.2405	Viruses;Duplodnaviria;Heunggongvirae;Uroviricota;Caudoviricetes
genomad_k141_248454	4908	No terminal repeats	NA	7	11	0.9756	NA	0	4.9672	Viruses;Duplodnaviria;Heunggongvirae;Uroviricota;Caudoviricetes
genomad_k141_2266660	4466	No terminal repeats	NA	13	11	0.9755	NA	1	15.2397	Viruses;Duplodnaviria;Heunggongvirae;Uroviricota;Caudoviricetes
genomad_k141_909548	4838	No terminal repeats	NA	9	11	0.9755	NA	3	13.5807	Viruses;Duplodnaviria;Heunggongvirae;Uroviricota;Caudoviricetes
genomad_k141_3316670	5973	No terminal repeats	NA	13	11	0.9755	NA	0	5.1624	Unclassified
genomad_k141_1627457	4355	No terminal repeats	NA	9	11	0.9755	NA	2	6.1776	Viruses;Duplodnaviria;Heunggongvirae;Uroviricota;Caudoviricetes
genomad_k141_138805	8802	No terminal repeats	NA	6	11	0.9755	NA	1	8.2365	Viruses;Duplodnaviria;Heunggongvirae;Uroviricota;Caudoviricetes
genomad_k141_263767	9310	No terminal repeats	NA	8	11	0.9755	NA	0	4.4554	Viruses;Duplodnaviria;Heunggongvirae;Uroviricota;Caudoviricetes
genomad_k141_132923	4806	No terminal repeats	NA	9	11	0.9755	NA	2	6.8192	Viruses;Duplodnaviria;Heunggongvirae;Uroviricota;Caudoviricetes
genomad_k141_1844233	5712	No terminal repeats	NA	9	11	0.9755	NA	0	10.3119	Viruses;Duplodnaviria;Heunggongvirae;Uroviricota;Caudoviricetes
genomad_k141_2928700	4229	No terminal repeats	NA	6	11	0.9755	NA	1	4.8815	Viruses;Duplodnaviria;Heunggongvirae;Uroviricota;Caudoviricetes
genomad_k141_3129700	9412	No terminal repeats	NA	26	11	0.9755	NA	1	17.5320	Viruses;Duplodnaviria;Heunggongvirae;Uroviricota;Caudoviricetes
genomad_k141_1114052	6933	No terminal repeats	NA	9	15	0.9755	NA	0	9.8194	Viruses;Duplodnaviria;Heunggongvirae;Uroviricota;Caudoviricetes
genomad_k141_2710367	4360	No terminal repeats	NA	11	11	0.9755	NA	0	5.9593	Viruses;Duplodnaviria;Heunggongvirae;Uroviricota;Caudoviricetes
genomad_k141_2689395	4892	No terminal repeats	NA	12	11	0.9755	NA	1	11.6428	Viruses;Duplodnaviria;Heunggongvirae;Uroviricota;Caudoviricetes
genomad_k141_1199511	3881	No terminal repeats	NA	8	11	0.9755	NA	3	7.7867	Viruses;Duplodnaviria;Heunggongvirae;Uroviricota;Caudoviricetes
genomad_k141_3272033	5913	No terminal repeats	NA	18	11	0.9755	NA	2	19.9839	Viruses;Duplodnaviria;Heunggongvirae;Uroviricota;Caudoviricetes
genomad_k141_1052281	4060	No terminal repeats	NA	7	11	0.9755	NA	1	5.1501	Viruses;Duplodnaviria;Heunggongvirae;Uroviricota;Caudoviricetes
genomad_k141_2446004	4111	No terminal repeats	NA	8	11	0.9755	NA	1	8.5305	Viruses;Varidnaviria;Bamfordvirae;Nucleocytoviricota;Megaviricetes;Algavirales;Phycodnaviridae
genomad_k141_993883	5617	No terminal repeats	NA	5	11	0.9754	NA	2	5.1486	Viruses;Duplodnaviria;Heunggongvirae;Uroviricota;Caudoviricetes
genomad_k141_1938870	3933	No terminal repeats	NA	7	11	0.9754	NA	0	8.3123	Viruses;Varidnaviria;Bamfordvirae;Nucleocytoviricota;Megaviricetes;Algavirales;Phycodnaviridae
genomad_k141_1913875	3350	No terminal repeats	NA	6	11	0.9754	NA	0	6.8731	Viruses;Duplodnaviria;Heunggongvirae;Uroviricota;Caudoviricetes
genomad_k141_2332726	7258	No terminal repeats	NA	15	11	0.9754	NA	0	6.1601	Viruses;Duplodnaviria;Heunggongvirae;Uroviricota;Caudoviricetes
genomad_k141_2933178	5627	No terminal repeats	NA	5	11	0.9754	NA	0	6.8388	Viruses;Duplodnaviria;Heunggongvirae;Uroviricota;Caudoviricetes
genomad_k141_3215392	4196	No terminal repeats	NA	9	11	0.9754	NA	1	4.7273	Viruses;Duplodnaviria;Heunggongvirae;Uroviricota;Caudoviricetes
genomad_k141_2114148	8205	No terminal repeats	NA	8	11	0.9754	NA	2	6.8034	Viruses;Duplodnaviria;Heunggongvirae;Uroviricota;Caudoviricetes
genomad_k141_179377	4520	No terminal repeats	NA	6	11	0.9754	NA	2	9.9697	Viruses;Duplodnaviria;Heunggongvirae;Uroviricota;Caudoviricetes
genomad_k141_1851683	2494	No terminal repeats	NA	6	11	0.9754	NA	1	5.1386	Viruses;Duplodnaviria;Heunggongvirae;Uroviricota;Caudoviricetes
genomad_k141_3656384	36916	DTR	NA	47	11	0.9754	NA	8	45.8793	Viruses;Duplodnaviria;Heunggongvirae;Uroviricota;Caudoviricetes
genomad_k141_3028984	4529	No terminal repeats	NA	9	11	0.9754	NA	3	7.7238	Viruses;Duplodnaviria;Heunggongvirae;Uroviricota;Caudoviricetes
genomad_k141_1571808	8268	No terminal repeats	NA	14	11	0.9754	NA	3	6.3957	Viruses;Duplodnaviria;Heunggongvirae;Uroviricota;Caudoviricetes
genomad_k141_967132	8717	No terminal repeats	NA	18	11	0.9754	NA	3	15.8396	Viruses;Duplodnaviria;Heunggongvirae;Uroviricota;Caudoviricetes
genomad_k141_938321	3910	No terminal repeats	NA	9	11	0.9754	NA	3	10.1671	Viruses;Duplodnaviria;Heunggongvirae;Uroviricota;Caudoviricetes
genomad_k141_1864195	6154	No terminal repeats	NA	15	11	0.9754	NA	0	16.5319	Viruses;Duplodnaviria;Heunggongvirae;Uroviricota;Caudoviricetes
genomad_k141_2042825	6823	No terminal repeats	NA	14	11	0.9754	NA	1	13.7765	Viruses;Duplodnaviria;Heunggongvirae;Uroviricota;Caudoviricetes
genomad_k141_3547324	36775	DTR	NA	52	11	0.9754	NA	6	52.7798	Viruses;Duplodnaviria;Heunggongvirae;Uroviricota;Caudoviricetes
genomad_k141_2618376	4399	No terminal repeats	NA	5	11	0.9753	NA	0	5.9638	Viruses;Duplodnaviria;Heunggongvirae;Uroviricota;Caudoviricetes
genomad_k141_2271957	7408	No terminal repeats	NA	6	11	0.9753	NA	0	5.9931	Viruses;Duplodnaviria;Heunggongvirae;Uroviricota;Caudoviricetes
genomad_k141_1630517	4176	No terminal repeats	NA	7	15	0.9753	NA	0	8.5675	Viruses;Duplodnaviria;Heunggongvirae;Uroviricota;Caudoviricetes;Kyanoviridae
genomad_k141_1732946	3635	No terminal repeats	NA	10	11	0.9753	NA	1	3.9945	Viruses;Duplodnaviria;Heunggongvirae;Uroviricota;Caudoviricetes
genomad_k141_3636029	6634	No terminal repeats	NA	8	11	0.9753	NA	0	6.1209	Viruses;Duplodnaviria;Heunggongvirae;Uroviricota;Caudoviricetes
genomad_k141_2334126	9352	No terminal repeats	NA	14	11	0.9753	NA	3	13.1725	Viruses;Duplodnaviria;Heunggongvirae;Uroviricota;Caudoviricetes
genomad_k141_2269539	4290	No terminal repeats	NA	10	11	0.9753	NA	0	5.4730	Viruses;Duplodnaviria;Heunggongvirae;Uroviricota;Caudoviricetes
genomad_k141_3339038	29287	No terminal repeats	NA	40	11	0.9753	NA	7	29.2816	Viruses;Duplodnaviria;Heunggongvirae;Uroviricota;Caudoviricetes
genomad_k141_289167	6237	No terminal repeats	NA	6	11	0.9753	NA	3	6.8390	Viruses;Duplodnaviria;Heunggongvirae;Uroviricota;Caudoviricetes
genomad_k141_2355728	8654	No terminal repeats	NA	14	11	0.9752	NA	5	17.3033	Viruses;Duplodnaviria;Heunggongvirae;Uroviricota;Caudoviricetes
genomad_k141_2387610	5894	No terminal repeats	NA	19	11	0.9752	NA	0	22.0751	Viruses;Duplodnaviria;Heunggongvirae;Uroviricota;Caudoviricetes
genomad_k141_1113137	4070	No terminal repeats	NA	6	11	0.9752	NA	0	6.1984	Viruses;Duplodnaviria;Heunggongvirae;Uroviricota;Caudoviricetes
genomad_k141_1664438	4624	No terminal repeats	NA	6	11	0.9752	NA	0	6.4581	Viruses;Duplodnaviria;Heunggongvirae;Uroviricota;Caudoviricetes
genomad_k141_3678447	4066	No terminal repeats	NA	7	11	0.9752	NA	1	9.9168	Viruses;Duplodnaviria;Heunggongvirae;Uroviricota;Caudoviricetes
genomad_k141_3226380	8586	No terminal repeats	NA	13	11	0.9752	NA	4	19.7236	Viruses;Duplodnaviria;Heunggongvirae;Uroviricota;Caudoviricetes
genomad_k141_3040473	5717	No terminal repeats	NA	8	11	0.9752	NA	3	5.2514	Viruses;Duplodnaviria;Heunggongvirae;Uroviricota;Caudoviricetes
genomad_k141_3453863	4141	No terminal repeats	NA	7	11	0.9752	NA	0	9.7652	Viruses;Duplodnaviria;Heunggongvirae;Uroviricota;Caudoviricetes
genomad_k141_1014830	9696	No terminal repeats	NA	15	11	0.9752	NA	2	18.2950	Viruses;Duplodnaviria;Heunggongvirae;Uroviricota;Caudoviricetes
genomad_k141_2152192	9230	No terminal repeats	NA	13	11	0.9752	NA	0	15.2351	Viruses;Duplodnaviria;Heunggongvirae;Uroviricota;Caudoviricetes
genomad_k141_3166535	4652	No terminal repeats	NA	6	11	0.9752	NA	0	9.1445	Viruses;Duplodnaviria;Heunggongvirae;Uroviricota;Caudoviricetes
genomad_k141_2146604	6844	No terminal repeats	NA	17	11	0.9752	NA	1	8.8837	Viruses;Duplodnaviria;Heunggongvirae;Uroviricota;Caudoviricetes
genomad_k141_1793486	36673	DTR	NA	61	11	0.9752	NA	10	49.6255	Viruses;Duplodnaviria;Heunggongvirae;Uroviricota;Caudoviricetes
genomad_k141_3480269	4491	No terminal repeats	NA	5	11	0.9752	NA	2	8.1192	Viruses;Duplodnaviria;Heunggongvirae;Uroviricota;Caudoviricetes
genomad_k141_2356124	99818	No terminal repeats	NA	145	11	0.9752	NA	6	85.4257	Viruses;Duplodnaviria;Heunggongvirae;Uroviricota;Caudoviricetes
genomad_k141_1042640	4304	No terminal repeats	NA	5	11	0.9752	NA	1	5.3023	Viruses;Duplodnaviria;Heunggongvirae;Uroviricota;Caudoviricetes
genomad_k141_3755826	4932	No terminal repeats	NA	7	11	0.9752	NA	0	9.8161	Viruses;Duplodnaviria;Heunggongvirae;Uroviricota;Caudoviricetes
genomad_k141_3025889	7162	No terminal repeats	NA	18	11	0.9751	NA	2	8.0614	Viruses;Duplodnaviria;Heunggongvirae;Uroviricota;Caudoviricetes
genomad_k141_378894	4450	No terminal repeats	NA	8	11	0.9751	NA	0	8.3469	Viruses;Duplodnaviria;Heunggongvirae;Uroviricota;Caudoviricetes
genomad_k141_763617	3703	No terminal repeats	NA	8	11	0.9751	NA	4	7.2591	Viruses;Duplodnaviria;Heunggongvirae;Uroviricota;Caudoviricetes
genomad_k141_1996017	5377	No terminal repeats	NA	10	11	0.9751	NA	0	6.5823	Viruses;Duplodnaviria;Heunggongvirae;Uroviricota;Caudoviricetes
genomad_k141_734017	4451	No terminal repeats	NA	7	11	0.9751	NA	4	8.4262	Viruses;Duplodnaviria;Heunggongvirae;Uroviricota;Caudoviricetes
genomad_k141_2448478	4027	No terminal repeats	NA	6	11	0.9751	NA	0	3.4366	Viruses;Duplodnaviria;Heunggongvirae;Uroviricota;Caudoviricetes
genomad_k141_1335755	6067	No terminal repeats	NA	12	11	0.9751	NA	0	4.1575	Viruses;Duplodnaviria;Heunggongvirae;Uroviricota;Caudoviricetes
genomad_k141_1547666	9472	No terminal repeats	NA	10	11	0.9751	NA	1	15.3487	Viruses;Duplodnaviria;Heunggongvirae;Uroviricota;Caudoviricetes
genomad_k141_3323628	6109	No terminal repeats	NA	5	11	0.9751	NA	2	5.1548	Viruses;Varidnaviria;Bamfordvirae;Nucleocytoviricota;Megaviricetes;Pimascovirales;Iridoviridae
genomad_k141_2869260	4723	No terminal repeats	NA	10	11	0.9751	NA	1	6.3475	Viruses;Duplodnaviria;Heunggongvirae;Uroviricota;Caudoviricetes
genomad_k141_3298295	9277	No terminal repeats	NA	14	11	0.9751	NA	2	15.4708	Viruses;Duplodnaviria;Heunggongvirae;Uroviricota;Caudoviricetes
genomad_k141_2028233	3651	No terminal repeats	NA	8	11	0.9751	NA	1	12.0280	Viruses;Duplodnaviria;Heunggongvirae;Uroviricota;Caudoviricetes
genomad_k141_1154849	3550	No terminal repeats	NA	11	11	0.9751	NA	1	10.9448	Viruses;Duplodnaviria;Heunggongvirae;Uroviricota;Caudoviricetes
genomad_k141_2988923	5695	No terminal repeats	NA	5	15	0.9751	NA	1	6.8731	Viruses;Duplodnaviria;Heunggongvirae;Uroviricota;Caudoviricetes
genomad_k141_3745797	6178	No terminal repeats	NA	11	11	0.9751	NA	1	5.0031	Viruses;Duplodnaviria;Heunggongvirae;Uroviricota;Caudoviricetes
genomad_k141_1673590	6001	No terminal repeats	NA	14	11	0.9751	NA	2	20.6194	Viruses;Duplodnaviria;Heunggongvirae;Uroviricota;Caudoviricetes
genomad_k141_963761	4877	No terminal repeats	NA	10	11	0.9751	NA	0	7.6181	Viruses;Duplodnaviria;Heunggongvirae;Uroviricota;Caudoviricetes
genomad_k141_1490502	43703	DTR	NA	61	11	0.9751	NA	10	69.1646	Viruses;Duplodnaviria;Heunggongvirae;Uroviricota;Caudoviricetes
genomad_k141_564368	8755	No terminal repeats	NA	14	11	0.9750	NA	2	21.6465	Viruses;Duplodnaviria;Heunggongvirae;Uroviricota;Caudoviricetes
genomad_k141_884223	7089	No terminal repeats	NA	6	11	0.9750	NA	0	8.5079	Viruses;Duplodnaviria;Heunggongvirae;Uroviricota;Caudoviricetes;Ackermannviridae
genomad_k141_2099784	9987	No terminal repeats	NA	16	11	0.9750	NA	3	15.7092	Viruses;Duplodnaviria;Heunggongvirae;Uroviricota;Caudoviricetes
genomad_k141_729628	4085	No terminal repeats	NA	7	11	0.9750	NA	1	10.1145	Viruses;Duplodnaviria;Heunggongvirae;Uroviricota;Caudoviricetes
genomad_k141_2406076	8642	No terminal repeats	NA	10	15	0.9750	NA	0	16.4207	Viruses;Duplodnaviria;Heunggongvirae;Uroviricota;Caudoviricetes
genomad_k141_1103942	4295	No terminal repeats	NA	8	11	0.9750	NA	4	11.5058	Viruses;Duplodnaviria;Heunggongvirae;Uroviricota;Caudoviricetes
genomad_k141_1685545	4150	No terminal repeats	NA	13	11	0.9750	NA	2	11.1090	Viruses;Duplodnaviria;Heunggongvirae;Uroviricota;Caudoviricetes
genomad_k141_3359031	6873	No terminal repeats	NA	13	11	0.9750	NA	0	7.9272	Viruses;Duplodnaviria;Heunggongvirae;Uroviricota;Caudoviricetes
genomad_k141_2160860	3622	No terminal repeats	NA	6	11	0.9750	NA	1	6.1509	Viruses;Duplodnaviria;Heunggongvirae;Uroviricota;Caudoviricetes
genomad_k141_1897395	3963	No terminal repeats	NA	9	11	0.9750	NA	0	4.6699	Viruses;Duplodnaviria;Heunggongvirae;Uroviricota;Caudoviricetes
genomad_k141_463337	5775	No terminal repeats	NA	12	11	0.9750	NA	1	13.1306	Viruses;Duplodnaviria;Heunggongvirae;Uroviricota;Caudoviricetes
genomad_k141_752609	4935	No terminal repeats	NA	13	11	0.9750	NA	0	13.4807	Viruses;Duplodnaviria;Heunggongvirae;Uroviricota;Caudoviricetes
genomad_k141_2505108	4275	No terminal repeats	NA	7	11	0.9749	NA	2	8.5028	Viruses;Duplodnaviria;Heunggongvirae;Uroviricota;Caudoviricetes
genomad_k141_1420307	5032	No terminal repeats	NA	7	11	0.9749	NA	0	8.4789	Viruses;Duplodnaviria;Heunggongvirae;Uroviricota;Caudoviricetes
genomad_k141_549148	5396	No terminal repeats	NA	10	11	0.9749	NA	6	12.2217	Viruses;Duplodnaviria;Heunggongvirae;Uroviricota;Caudoviricetes
genomad_k141_3112297	9342	No terminal repeats	NA	21	11	0.9749	NA	0	4.4235	Viruses;Duplodnaviria;Heunggongvirae;Uroviricota;Caudoviricetes
genomad_k141_3777227	8928	No terminal repeats	NA	5	11	0.9749	NA	0	8.5654	Viruses;Duplodnaviria;Heunggongvirae;Uroviricota;Caudoviricetes
genomad_k141_1922880	5647	No terminal repeats	NA	6	11	0.9749	NA	4	8.5557	Viruses;Duplodnaviria;Heunggongvirae;Uroviricota;Caudoviricetes
genomad_k141_434217	3554	No terminal repeats	NA	5	11	0.9749	NA	1	3.2123	Viruses;Duplodnaviria;Heunggongvirae;Uroviricota;Caudoviricetes
genomad_k141_173911	59878	No terminal repeats	NA	104	11	0.9749	NA	9	66.4848	Viruses;Duplodnaviria;Heunggongvirae;Uroviricota;Caudoviricetes
genomad_k141_1787787	9751	No terminal repeats	NA	9	11	0.9749	NA	1	15.3021	Viruses;Duplodnaviria;Heunggongvirae;Uroviricota;Caudoviricetes
genomad_k141_3092896	4082	No terminal repeats	NA	11	11	0.9749	NA	1	13.6820	Viruses;Duplodnaviria;Heunggongvirae;Uroviricota;Caudoviricetes
genomad_k141_3600279	23907	No terminal repeats	NA	32	11	0.9749	NA	9	24.0033	Viruses;Duplodnaviria;Heunggongvirae;Uroviricota;Caudoviricetes
genomad_k141_3466605	4679	No terminal repeats	NA	10	11	0.9749	NA	2	6.5007	Viruses;Duplodnaviria;Heunggongvirae;Uroviricota;Caudoviricetes
genomad_k141_1730019	4371	No terminal repeats	NA	8	11	0.9749	NA	0	8.5589	Viruses;Duplodnaviria;Heunggongvirae;Uroviricota;Caudoviricetes
genomad_k141_871653	3716	No terminal repeats	NA	4	11	0.9749	NA	2	6.0344	Viruses;Duplodnaviria;Heunggongvirae;Uroviricota;Caudoviricetes
genomad_k141_249090	5147	No terminal repeats	NA	5	11	0.9749	NA	4	8.3618	Viruses;Duplodnaviria;Heunggongvirae;Uroviricota;Caudoviricetes
genomad_k141_1085889	4947	No terminal repeats	NA	17	11	0.9748	NA	0	5.7085	Viruses;Duplodnaviria;Heunggongvirae;Uroviricota;Caudoviricetes
genomad_k141_1153394	3761	No terminal repeats	NA	5	11	0.9748	NA	1	5.1044	Viruses;Duplodnaviria;Heunggongvirae;Uroviricota;Caudoviricetes
genomad_k141_3774523	7384	No terminal repeats	NA	10	11	0.9748	NA	1	5.2671	Viruses;Duplodnaviria;Heunggongvirae;Uroviricota;Caudoviricetes
genomad_k141_315579	5072	No terminal repeats	NA	11	11	0.9748	NA	0	11.2578	Viruses;Duplodnaviria;Heunggongvirae;Uroviricota;Caudoviricetes
genomad_k141_489112	5365	No terminal repeats	NA	10	11	0.9748	NA	0	10.6580	Viruses;Duplodnaviria;Heunggongvirae;Uroviricota;Caudoviricetes
genomad_k141_549344	3804	No terminal repeats	NA	7	11	0.9748	NA	0	5.9890	Viruses;Duplodnaviria;Heunggongvirae;Uroviricota;Caudoviricetes
genomad_k141_2460839	6803	No terminal repeats	NA	12	11	0.9748	NA	2	6.1500	Viruses;Duplodnaviria;Heunggongvirae;Uroviricota;Caudoviricetes
genomad_k141_791641	5201	No terminal repeats	NA	8	11	0.9748	NA	1	7.8086	Viruses;Duplodnaviria;Heunggongvirae;Uroviricota;Caudoviricetes
genomad_k141_2807636	5864	No terminal repeats	NA	6	11	0.9748	NA	0	5.1548	Viruses;Duplodnaviria;Heunggongvirae;Uroviricota;Caudoviricetes;Crassvirales
genomad_k141_661913	6100	No terminal repeats	NA	10	11	0.9748	NA	1	6.4678	Viruses;Duplodnaviria;Heunggongvirae;Uroviricota;Caudoviricetes
genomad_k141_3708872	3846	No terminal repeats	NA	8	11	0.9748	NA	0	4.7184	Viruses;Duplodnaviria;Heunggongvirae;Uroviricota;Caudoviricetes
genomad_k141_2260789	5005	No terminal repeats	NA	8	11	0.9747	NA	2	7.3329	Viruses;Duplodnaviria;Heunggongvirae;Uroviricota;Caudoviricetes
genomad_k141_839612	3918	No terminal repeats	NA	5	11	0.9747	NA	0	4.6641	Viruses;Duplodnaviria;Heunggongvirae;Uroviricota;Caudoviricetes
genomad_k141_744522	8157	No terminal repeats	NA	12	11	0.9747	NA	1	4.6525	Viruses;Duplodnaviria;Heunggongvirae;Uroviricota;Caudoviricetes
genomad_k141_3417950	8847	No terminal repeats	NA	15	11	0.9747	NA	1	18.9492	Viruses;Duplodnaviria;Heunggongvirae;Uroviricota;Caudoviricetes
genomad_k141_1594747	6277	No terminal repeats	NA	12	11	0.9747	NA	1	7.5795	Viruses;Duplodnaviria;Heunggongvirae;Uroviricota;Caudoviricetes
genomad_k141_1083073	3527	No terminal repeats	NA	6	11	0.9747	NA	2	5.7976	Viruses;Duplodnaviria;Heunggongvirae;Uroviricota;Caudoviricetes
genomad_k141_1550535	5647	No terminal repeats	NA	10	11	0.9747	NA	0	9.0086	Viruses;Duplodnaviria;Heunggongvirae;Uroviricota;Caudoviricetes
genomad_k141_3073250	3755	No terminal repeats	NA	11	11	0.9747	NA	0	6.2907	Viruses;Duplodnaviria;Heunggongvirae;Uroviricota;Caudoviricetes
genomad_k141_1450385	7228	No terminal repeats	NA	18	11	0.9746	NA	0	21.6091	Viruses;Duplodnaviria;Heunggongvirae;Uroviricota;Caudoviricetes
genomad_k141_634013	25682	No terminal repeats	NA	26	11	0.9746	NA	6	23.8428	Viruses;Duplodnaviria;Heunggongvirae;Uroviricota;Caudoviricetes
genomad_k141_893673	3886	No terminal repeats	NA	9	11	0.9746	NA	1	6.4286	Viruses;Duplodnaviria;Heunggongvirae;Uroviricota;Caudoviricetes
genomad_k141_2403358	6643	No terminal repeats	NA	8	11	0.9746	NA	1	11.8938	Viruses;Duplodnaviria;Heunggongvirae;Uroviricota;Caudoviricetes
genomad_k141_1173604	7925	No terminal repeats	NA	14	11	0.9746	NA	0	11.5073	Viruses;Duplodnaviria;Heunggongvirae;Uroviricota;Caudoviricetes
genomad_k141_2416030	6511	No terminal repeats	NA	8	11	0.9746	NA	0	6.5704	Viruses;Duplodnaviria;Heunggongvirae;Uroviricota;Caudoviricetes
genomad_k141_553052	4071	No terminal repeats	NA	5	11	0.9746	NA	0	6.4581	Viruses;Duplodnaviria;Heunggongvirae;Uroviricota;Caudoviricetes
genomad_k141_1674247	3881	No terminal repeats	NA	15	11	0.9746	NA	1	7.3136	Viruses;Duplodnaviria;Heunggongvirae;Uroviricota;Caudoviricetes;Chaseviridae
genomad_k141_3193614	4013	No terminal repeats	NA	6	11	0.9746	NA	2	6.8291	Viruses;Duplodnaviria;Heunggongvirae;Uroviricota;Caudoviricetes
genomad_k141_3792391	3631	No terminal repeats	NA	7	11	0.9746	NA	1	4.5614	Viruses;Duplodnaviria;Heunggongvirae;Uroviricota;Caudoviricetes
genomad_k141_302746	3810	No terminal repeats	NA	13	11	0.9746	NA	1	10.2974	Viruses;Duplodnaviria;Heunggongvirae;Uroviricota;Caudoviricetes
genomad_k141_582841	3789	No terminal repeats	NA	12	11	0.9746	NA	0	5.0545	Viruses;Duplodnaviria;Heunggongvirae;Uroviricota;Caudoviricetes
genomad_k141_2619594	3929	No terminal repeats	NA	5	11	0.9745	NA	0	4.4999	Viruses;Duplodnaviria;Heunggongvirae;Uroviricota;Caudoviricetes
genomad_k141_2990612	8995	No terminal repeats	NA	12	11	0.9745	NA	0	13.2644	Viruses;Varidnaviria;Bamfordvirae;Nucleocytoviricota;Megaviricetes;Algavirales;Phycodnaviridae
genomad_k141_1733826	8427	No terminal repeats	NA	17	11	0.9745	NA	0	8.0364	Viruses;Duplodnaviria;Heunggongvirae;Uroviricota;Caudoviricetes
genomad_k141_1313139	5136	No terminal repeats	NA	9	11	0.9745	NA	5	8.8831	Viruses;Duplodnaviria;Heunggongvirae;Uroviricota;Caudoviricetes
genomad_k141_649972	4941	No terminal repeats	NA	6	11	0.9745	NA	0	5.9730	Viruses;Duplodnaviria;Heunggongvirae;Uroviricota;Caudoviricetes
genomad_k141_3665068	7877	No terminal repeats	NA	11	11	0.9745	NA	1	3.2012	Viruses;Duplodnaviria;Heunggongvirae;Uroviricota;Caudoviricetes;Herelleviridae
genomad_k141_1490216	3711	No terminal repeats	NA	6	11	0.9745	NA	1	5.9435	Viruses;Duplodnaviria;Heunggongvirae;Uroviricota;Caudoviricetes
genomad_k141_911145	4045	No terminal repeats	NA	5	11	0.9745	NA	2	4.5903	Viruses;Duplodnaviria;Heunggongvirae;Uroviricota;Caudoviricetes
genomad_k141_1871883	3670	No terminal repeats	NA	8	11	0.9745	NA	1	5.8344	Viruses;Duplodnaviria;Heunggongvirae;Uroviricota;Caudoviricetes
genomad_k141_2571083	3775	No terminal repeats	NA	7	11	0.9745	NA	0	9.6082	Viruses;Duplodnaviria;Heunggongvirae;Uroviricota;Caudoviricetes
genomad_k141_3751384	5466	No terminal repeats	NA	7	11	0.9745	NA	0	11.3674	Viruses;Duplodnaviria;Heunggongvirae;Uroviricota;Caudoviricetes
genomad_k141_3294504	5315	No terminal repeats	NA	8	11	0.9745	NA	3	6.1965	Viruses;Duplodnaviria;Heunggongvirae;Uroviricota;Caudoviricetes
genomad_k141_1399128	4765	No terminal repeats	NA	5	11	0.9745	NA	0	5.1043	Viruses;Duplodnaviria;Heunggongvirae;Uroviricota;Caudoviricetes
genomad_k141_386673	4067	No terminal repeats	NA	5	11	0.9745	NA	0	6.8494	Viruses;Duplodnaviria;Heunggongvirae;Uroviricota;Caudoviricetes
genomad_k141_2808348	3885	No terminal repeats	NA	7	11	0.9745	NA	1	4.6961	Viruses;Duplodnaviria;Heunggongvirae;Uroviricota;Caudoviricetes
genomad_k141_1197289	3561	No terminal repeats	NA	12	11	0.9745	NA	1	7.4357	Viruses;Duplodnaviria;Heunggongvirae;Uroviricota;Caudoviricetes
genomad_k141_311275	6816	No terminal repeats	NA	14	11	0.9745	NA	7	13.3694	Viruses;Duplodnaviria;Heunggongvirae;Uroviricota;Caudoviricetes
genomad_k141_203341	4455	No terminal repeats	NA	10	11	0.9745	NA	2	5.8898	Viruses;Duplodnaviria;Heunggongvirae;Uroviricota;Caudoviricetes
genomad_k141_922719	5563	No terminal repeats	NA	5	11	0.9745	NA	2	4.7973	Viruses;Duplodnaviria;Heunggongvirae;Uroviricota;Caudoviricetes
genomad_k141_1329087	5327	No terminal repeats	NA	7	11	0.9744	NA	0	9.4578	Viruses;Duplodnaviria;Heunggongvirae;Uroviricota;Caudoviricetes
genomad_k141_414966	9085	No terminal repeats	NA	14	11	0.9744	NA	4	11.0210	Viruses;Duplodnaviria;Heunggongvirae;Uroviricota;Caudoviricetes
genomad_k141_3507465	6903	No terminal repeats	NA	11	11	0.9744	NA	1	10.3097	Viruses;Varidnaviria;Bamfordvirae;Preplasmiviricota;Maveriviricetes;Priklausovirales;Lavidaviridae
genomad_k141_2148919	3592	No terminal repeats	NA	5	11	0.9744	NA	0	7.5940	Viruses;Duplodnaviria;Heunggongvirae;Uroviricota;Caudoviricetes
genomad_k141_1562553	7651	No terminal repeats	NA	11	11	0.9744	NA	1	6.2176	Viruses;Duplodnaviria;Heunggongvirae;Uroviricota;Caudoviricetes
genomad_k141_102403	3966	No terminal repeats	NA	8	11	0.9744	NA	0	9.2447	Viruses;Duplodnaviria;Heunggongvirae;Uroviricota;Caudoviricetes
genomad_k141_3598097	4191	No terminal repeats	NA	7	11	0.9744	NA	1	6.5362	Viruses;Duplodnaviria;Heunggongvirae;Uroviricota;Caudoviricetes
genomad_k141_3228773	3744	No terminal repeats	NA	5	11	0.9744	NA	0	6.5603	Viruses;Duplodnaviria;Heunggongvirae;Uroviricota;Caudoviricetes
genomad_k141_881288	5197	No terminal repeats	NA	9	11	0.9744	NA	1	6.8479	Viruses;Duplodnaviria;Heunggongvirae;Uroviricota;Caudoviricetes
genomad_k141_1864243	9900	No terminal repeats	NA	22	11	0.9744	NA	2	11.5888	Viruses;Duplodnaviria;Heunggongvirae;Uroviricota;Caudoviricetes
genomad_k141_3732011	5655	No terminal repeats	NA	8	11	0.9744	NA	0	10.3086	Viruses;Duplodnaviria;Heunggongvirae;Uroviricota;Caudoviricetes
genomad_k141_3401033	4390	No terminal repeats	NA	9	11	0.9743	NA	1	6.8731	Viruses;Duplodnaviria;Heunggongvirae;Uroviricota;Caudoviricetes
genomad_k141_3677717	3595	No terminal repeats	NA	6	11	0.9743	NA	0	7.9429	Viruses;Duplodnaviria;Heunggongvirae;Uroviricota;Caudoviricetes
genomad_k141_3508876	4911	No terminal repeats	NA	5	11	0.9743	NA	0	6.1788	Viruses;Duplodnaviria;Heunggongvirae;Uroviricota;Caudoviricetes
genomad_k141_477409	8344	No terminal repeats	NA	18	11	0.9743	NA	1	22.9523	Viruses;Duplodnaviria;Heunggongvirae;Uroviricota;Caudoviricetes
genomad_k141_1850385	3823	No terminal repeats	NA	8	11	0.9743	NA	0	6.8315	Viruses;Duplodnaviria;Heunggongvirae;Uroviricota;Caudoviricetes
genomad_k141_2535065	9966	No terminal repeats	NA	12	11	0.9743	NA	2	6.2295	Viruses;Duplodnaviria;Heunggongvirae;Uroviricota;Caudoviricetes
genomad_k141_3601258	6285	No terminal repeats	NA	9	11	0.9743	NA	1	10.7400	Viruses;Duplodnaviria;Heunggongvirae;Uroviricota;Caudoviricetes
genomad_k141_1964132	4154	No terminal repeats	NA	5	11	0.9743	NA	1	6.8531	Viruses;Duplodnaviria;Heunggongvirae;Uroviricota;Caudoviricetes
genomad_k141_523978	5307	No terminal repeats	NA	7	11	0.9743	NA	2	6.5753	Viruses;Duplodnaviria;Heunggongvirae;Uroviricota;Caudoviricetes
genomad_k141_1525291	45933	DTR	NA	64	11	0.9743	NA	8	25.7502	Viruses;Duplodnaviria;Heunggongvirae;Uroviricota;Caudoviricetes
genomad_k141_2451916	4542	No terminal repeats	NA	6	11	0.9743	NA	1	5.2755	Viruses;Duplodnaviria;Heunggongvirae;Uroviricota;Caudoviricetes
genomad_k141_2832898	4532	No terminal repeats	NA	6	11	0.9742	NA	1	4.5862	Viruses;Duplodnaviria;Heunggongvirae;Uroviricota;Caudoviricetes
genomad_k141_3111128	6864	No terminal repeats	NA	13	11	0.9742	NA	0	10.3593	Viruses;Duplodnaviria;Heunggongvirae;Uroviricota;Caudoviricetes
genomad_k141_3157266	6350	No terminal repeats	NA	10	11	0.9742	NA	0	16.2010	Viruses;Duplodnaviria;Heunggongvirae;Uroviricota;Caudoviricetes;Kyanoviridae
genomad_k141_3599755	5618	No terminal repeats	NA	14	11	0.9742	NA	0	8.2419	Viruses;Duplodnaviria;Heunggongvirae;Uroviricota;Caudoviricetes
genomad_k141_544365	9749	No terminal repeats	NA	13	11	0.9742	NA	4	10.5377	Viruses;Duplodnaviria;Heunggongvirae;Uroviricota;Caudoviricetes
genomad_k141_336993	4418	No terminal repeats	NA	9	11	0.9742	NA	0	6.5994	Viruses;Duplodnaviria;Heunggongvirae;Uroviricota;Caudoviricetes
genomad_k141_1266727	3782	No terminal repeats	NA	5	11	0.9742	NA	1	8.3365	Viruses;Duplodnaviria;Heunggongvirae;Uroviricota;Caudoviricetes
genomad_k141_629924	6967	No terminal repeats	NA	7	11	0.9742	NA	0	12.0085	Viruses;Duplodnaviria;Heunggongvirae;Uroviricota;Caudoviricetes
genomad_k141_3227259	9533	No terminal repeats	NA	10	11	0.9741	NA	2	7.7846	Viruses;Duplodnaviria;Heunggongvirae;Uroviricota;Caudoviricetes
genomad_k141_1540383	7006	No terminal repeats	NA	6	11	0.9741	NA	0	9.9414	Viruses;Duplodnaviria;Heunggongvirae;Uroviricota;Caudoviricetes
genomad_k141_117962	4152	No terminal repeats	NA	10	11	0.9741	NA	1	4.7306	Viruses;Duplodnaviria;Heunggongvirae;Uroviricota;Caudoviricetes
genomad_k141_479029	5863	No terminal repeats	NA	9	11	0.9741	NA	1	4.1905	Viruses;Duplodnaviria;Heunggongvirae;Uroviricota;Caudoviricetes
genomad_k141_1228047	4323	No terminal repeats	NA	14	11	0.9741	NA	0	6.0042	Viruses;Duplodnaviria;Heunggongvirae;Uroviricota;Caudoviricetes;Straboviridae
genomad_k141_2202355	6512	No terminal repeats	NA	9	11	0.9741	NA	4	11.7410	Viruses;Duplodnaviria;Heunggongvirae;Uroviricota;Caudoviricetes
genomad_k141_1727770	86966	DTR	NA	91	11	0.9741	NA	6	66.2001	Viruses;Duplodnaviria;Heunggongvirae;Uroviricota;Caudoviricetes
genomad_k141_451313	7824	No terminal repeats	NA	11	11	0.9741	NA	0	8.0474	Viruses;Duplodnaviria;Heunggongvirae;Uroviricota;Caudoviricetes
genomad_k141_1251345	6765	No terminal repeats	NA	17	11	0.9741	NA	1	6.0117	Viruses;Duplodnaviria;Heunggongvirae;Uroviricota;Caudoviricetes
genomad_k141_781888	3884	No terminal repeats	NA	5	11	0.9741	NA	3	4.2636	Viruses;Duplodnaviria;Heunggongvirae;Uroviricota;Caudoviricetes
genomad_k141_3631262	3521	No terminal repeats	NA	6	11	0.9741	NA	0	4.6718	Viruses;Duplodnaviria;Heunggongvirae;Uroviricota;Caudoviricetes;Autographiviridae
genomad_k141_390446	3714	No terminal repeats	NA	5	11	0.9741	NA	1	4.7167	Viruses;Duplodnaviria;Heunggongvirae;Uroviricota;Caudoviricetes;Autographiviridae
genomad_k141_3356788	4511	No terminal repeats	NA	12	11	0.9741	NA	2	16.2443	Viruses;Duplodnaviria;Heunggongvirae;Uroviricota;Caudoviricetes
genomad_k141_3412573	3682	No terminal repeats	NA	6	11	0.9741	NA	1	4.7398	Viruses;Duplodnaviria;Heunggongvirae;Uroviricota;Caudoviricetes
genomad_k141_2458783	3848	No terminal repeats	NA	7	11	0.9741	NA	0	10.0247	Viruses;Duplodnaviria;Heunggongvirae;Uroviricota;Caudoviricetes
genomad_k141_431192	6750	No terminal repeats	NA	12	11	0.9741	NA	0	7.6541	Viruses;Duplodnaviria;Heunggongvirae;Uroviricota;Caudoviricetes
genomad_k141_2721946	3806	No terminal repeats	NA	6	11	0.9741	NA	3	7.2302	Viruses;Duplodnaviria;Heunggongvirae;Uroviricota;Caudoviricetes
genomad_k141_3784890	3780	No terminal repeats	NA	6	11	0.9741	NA	3	7.3861	Viruses;Duplodnaviria;Heunggongvirae;Uroviricota;Caudoviricetes
genomad_k141_1514274	4271	No terminal repeats	NA	9	11	0.9741	NA	0	8.8590	Viruses;Duplodnaviria;Heunggongvirae;Uroviricota;Caudoviricetes
genomad_k141_3565954	6321	No terminal repeats	NA	9	11	0.9741	NA	0	3.4366	Viruses;Duplodnaviria;Heunggongvirae;Uroviricota;Caudoviricetes
genomad_k141_2922703	6154	No terminal repeats	NA	10	11	0.9740	NA	3	7.0715	Viruses;Duplodnaviria;Heunggongvirae;Uroviricota;Caudoviricetes
genomad_k141_2863914	5872	No terminal repeats	NA	9	11	0.9740	NA	2	4.6486	Viruses;Duplodnaviria;Heunggongvirae;Uroviricota;Caudoviricetes
genomad_k141_2748989	7362	No terminal repeats	NA	9	11	0.9740	NA	3	15.2762	Viruses;Duplodnaviria;Heunggongvirae;Uroviricota;Caudoviricetes
genomad_k141_1905343	5350	No terminal repeats	NA	16	11	0.9740	NA	0	14.0239	Viruses;Duplodnaviria;Heunggongvirae;Uroviricota;Caudoviricetes
genomad_k141_1572873	2397	No terminal repeats	NA	3	11	0.9740	NA	1	4.6112	Viruses;Duplodnaviria;Heunggongvirae;Uroviricota;Caudoviricetes
genomad_k141_2207631	7854	No terminal repeats	NA	9	11	0.9740	NA	2	11.9202	Viruses;Duplodnaviria;Heunggongvirae;Uroviricota;Caudoviricetes
genomad_k141_1218430	4422	No terminal repeats	NA	8	11	0.9740	NA	1	6.3034	Viruses;Duplodnaviria;Heunggongvirae;Uroviricota;Caudoviricetes
genomad_k141_306243	7218	No terminal repeats	NA	8	11	0.9740	NA	0	8.3986	Viruses;Duplodnaviria;Heunggongvirae;Uroviricota;Caudoviricetes
genomad_k141_270598	4593	No terminal repeats	NA	9	11	0.9740	NA	1	7.7116	Viruses;Duplodnaviria;Heunggongvirae;Uroviricota;Caudoviricetes
genomad_k141_1030273	4299	No terminal repeats	NA	8	11	0.9740	NA	4	13.4182	Viruses;Duplodnaviria;Heunggongvirae;Uroviricota;Caudoviricetes
genomad_k141_637750	6279	No terminal repeats	NA	5	11	0.9740	NA	2	4.9978	Viruses;Duplodnaviria;Heunggongvirae;Uroviricota;Caudoviricetes
genomad_k141_2559811	5399	No terminal repeats	NA	7	11	0.9740	NA	2	9.7460	Viruses;Duplodnaviria;Heunggongvirae;Uroviricota;Caudoviricetes
genomad_k141_597820	4012	No terminal repeats	NA	8	11	0.9740	NA	3	5.7699	Viruses;Duplodnaviria;Heunggongvirae;Uroviricota;Caudoviricetes
genomad_k141_1667079	5033	No terminal repeats	NA	14	11	0.9740	NA	0	10.8532	Viruses;Duplodnaviria;Heunggongvirae;Uroviricota;Caudoviricetes
genomad_k141_296870	4041	No terminal repeats	NA	6	11	0.9739	NA	4	9.8619	Viruses;Duplodnaviria;Heunggongvirae;Uroviricota;Caudoviricetes
genomad_k141_1129505	3672	No terminal repeats	NA	5	11	0.9739	NA	1	4.4055	Viruses;Duplodnaviria;Heunggongvirae;Uroviricota;Caudoviricetes
genomad_k141_1350369	9224	No terminal repeats	NA	13	11	0.9739	NA	2	17.3249	Viruses;Duplodnaviria;Heunggongvirae;Uroviricota;Caudoviricetes
genomad_k141_1508139	5944	No terminal repeats	NA	10	11	0.9739	NA	0	11.7814	Viruses;Duplodnaviria;Heunggongvirae;Uroviricota;Caudoviricetes
genomad_k141_1394927	4448	No terminal repeats	NA	5	11	0.9739	NA	3	5.8111	Viruses;Duplodnaviria;Heunggongvirae;Uroviricota;Caudoviricetes
genomad_k141_2943513	3849	No terminal repeats	NA	5	11	0.9739	NA	1	4.3889	Viruses;Duplodnaviria;Heunggongvirae;Uroviricota;Caudoviricetes
genomad_k141_2685506	5940	No terminal repeats	NA	5	11	0.9739	NA	0	6.0221	Viruses;Duplodnaviria;Heunggongvirae;Uroviricota;Caudoviricetes
genomad_k141_1337322	5093	No terminal repeats	NA	5	11	0.9739	NA	2	5.1548	Viruses;Duplodnaviria;Heunggongvirae;Uroviricota;Caudoviricetes
genomad_k141_1064520	3699	No terminal repeats	NA	6	11	0.9739	NA	1	6.2994	Viruses;Duplodnaviria;Heunggongvirae;Uroviricota;Caudoviricetes
genomad_k141_537070	7537	No terminal repeats	NA	7	11	0.9739	NA	0	7.5344	Viruses;Duplodnaviria;Heunggongvirae;Uroviricota;Caudoviricetes
genomad_k141_240860	8509	No terminal repeats	NA	8	11	0.9739	NA	2	5.0667	Viruses;Duplodnaviria;Heunggongvirae;Uroviricota;Caudoviricetes
genomad_k141_3176016	5110	No terminal repeats	NA	14	11	0.9739	NA	2	6.7992	Viruses;Duplodnaviria;Heunggongvirae;Uroviricota;Caudoviricetes
genomad_k141_2326885	9513	No terminal repeats	NA	14	11	0.9739	NA	1	14.1491	Viruses;Duplodnaviria;Heunggongvirae;Uroviricota;Caudoviricetes
genomad_k141_309432	4963	No terminal repeats	NA	12	11	0.9739	NA	0	6.1533	Viruses;Duplodnaviria;Heunggongvirae;Uroviricota;Caudoviricetes
genomad_k141_2941850	6416	No terminal repeats	NA	5	11	0.9739	NA	1	4.4937	Viruses;Duplodnaviria;Heunggongvirae;Uroviricota;Caudoviricetes
genomad_k141_1755107	3705	No terminal repeats	NA	8	11	0.9739	NA	0	13.6416	Viruses;Duplodnaviria;Heunggongvirae;Uroviricota;Caudoviricetes
genomad_k141_1443860	8544	No terminal repeats	NA	10	11	0.9739	NA	0	13.4836	Viruses;Duplodnaviria;Heunggongvirae;Uroviricota;Caudoviricetes
genomad_k141_617099	5022	No terminal repeats	NA	11	11	0.9739	NA	1	7.7498	Viruses;Duplodnaviria;Heunggongvirae;Uroviricota;Caudoviricetes
genomad_k141_3356284	6823	No terminal repeats	NA	11	11	0.9739	NA	0	4.4072	Viruses;Duplodnaviria;Heunggongvirae;Uroviricota;Caudoviricetes
genomad_k141_3210042	4152	No terminal repeats	NA	7	11	0.9738	NA	0	8.5589	Viruses;Duplodnaviria;Heunggongvirae;Uroviricota;Caudoviricetes
genomad_k141_1733573	6388	No terminal repeats	NA	16	11	0.9738	NA	0	15.1680	Viruses;Duplodnaviria;Heunggongvirae;Uroviricota;Caudoviricetes
genomad_k141_2771999	8209	No terminal repeats	NA	13	11	0.9738	NA	2	11.5522	Viruses;Duplodnaviria;Heunggongvirae;Uroviricota;Caudoviricetes
genomad_k141_2008018	4622	No terminal repeats	NA	9	11	0.9738	NA	0	5.1493	Viruses;Duplodnaviria;Heunggongvirae;Uroviricota;Caudoviricetes
genomad_k141_3207087	5622	No terminal repeats	NA	7	11	0.9738	NA	0	9.2110	Viruses;Duplodnaviria;Heunggongvirae;Uroviricota;Caudoviricetes
genomad_k141_232949	6316	No terminal repeats	NA	10	11	0.9738	NA	2	7.1934	Viruses;Duplodnaviria;Heunggongvirae;Uroviricota;Caudoviricetes
genomad_k141_3725899	7492	No terminal repeats	NA	9	11	0.9738	NA	4	6.0452	Viruses;Duplodnaviria;Heunggongvirae;Uroviricota;Caudoviricetes
genomad_k141_550483	5292	No terminal repeats	NA	10	11	0.9738	NA	0	6.8242	Viruses;Duplodnaviria;Heunggongvirae;Uroviricota;Caudoviricetes
genomad_k141_1831450	42699	No terminal repeats	NA	49	11	0.9738	NA	6	36.2629	Viruses;Duplodnaviria;Heunggongvirae;Uroviricota;Caudoviricetes
genomad_k141_2920600	4030	No terminal repeats	NA	7	11	0.9738	NA	1	8.2473	Viruses;Duplodnaviria;Heunggongvirae;Uroviricota;Caudoviricetes
genomad_k141_2239210	3906	No terminal repeats	NA	11	11	0.9738	NA	0	6.8731	Viruses;Duplodnaviria;Heunggongvirae;Uroviricota;Caudoviricetes;Schitoviridae
genomad_k141_12903	8249	No terminal repeats	NA	11	11	0.9738	NA	2	12.3351	Viruses;Duplodnaviria;Heunggongvirae;Uroviricota;Caudoviricetes
genomad_k141_2516118	4091	No terminal repeats	NA	6	11	0.9738	NA	0	6.8062	Viruses;Duplodnaviria;Heunggongvirae;Uroviricota;Caudoviricetes
genomad_k141_1431339	4750	No terminal repeats	NA	8	11	0.9738	NA	1	4.7554	Viruses;Duplodnaviria;Heunggongvirae;Uroviricota;Caudoviricetes
genomad_k141_3185962	3909	No terminal repeats	NA	8	11	0.9738	NA	0	9.8157	Viruses;Duplodnaviria;Heunggongvirae;Uroviricota;Caudoviricetes
genomad_k141_3297495	3808	No terminal repeats	NA	5	11	0.9738	NA	2	2.9889	Viruses;Duplodnaviria;Heunggongvirae;Uroviricota;Caudoviricetes
genomad_k141_1033571	7572	No terminal repeats	NA	12	11	0.9738	NA	1	19.6846	Viruses;Duplodnaviria;Heunggongvirae;Uroviricota;Caudoviricetes
genomad_k141_418618	4542	No terminal repeats	NA	7	11	0.9738	NA	1	6.4358	Viruses;Duplodnaviria;Heunggongvirae;Uroviricota;Caudoviricetes
genomad_k141_2763890	4062	No terminal repeats	NA	6	11	0.9738	NA	2	2.4978	Viruses;Duplodnaviria;Heunggongvirae;Uroviricota;Caudoviricetes
genomad_k141_3776693	4178	No terminal repeats	NA	11	11	0.9737	NA	0	16.6947	Viruses;Duplodnaviria;Heunggongvirae;Uroviricota;Caudoviricetes
genomad_k141_2132360	6701	No terminal repeats	NA	8	11	0.9737	NA	3	5.8719	Viruses;Duplodnaviria;Heunggongvirae;Uroviricota;Caudoviricetes
genomad_k141_2429914	6756	No terminal repeats	NA	13	11	0.9737	NA	3	9.4455	Viruses;Duplodnaviria;Heunggongvirae;Uroviricota;Caudoviricetes
genomad_k141_1092157	4112	No terminal repeats	NA	10	11	0.9737	NA	0	5.1748	Viruses;Duplodnaviria;Heunggongvirae;Uroviricota;Caudoviricetes
genomad_k141_3172710	3537	No terminal repeats	NA	6	11	0.9737	NA	1	6.1258	Viruses;Duplodnaviria;Heunggongvirae;Uroviricota;Caudoviricetes
genomad_k141_1630580	4755	No terminal repeats	NA	10	11	0.9737	NA	1	15.1382	Viruses;Duplodnaviria;Heunggongvirae;Uroviricota;Caudoviricetes
genomad_k141_569879	4295	No terminal repeats	NA	12	11	0.9736	NA	0	6.1533	Viruses;Duplodnaviria;Heunggongvirae;Uroviricota;Caudoviricetes
genomad_k141_1100391	4056	No terminal repeats	NA	7	11	0.9736	NA	1	6.2981	Viruses;Duplodnaviria;Heunggongvirae;Uroviricota;Caudoviricetes
genomad_k141_3055790	3538	No terminal repeats	NA	6	11	0.9736	NA	0	3.0367	Viruses;Duplodnaviria;Heunggongvirae;Uroviricota;Caudoviricetes
genomad_k141_1750554	5257	No terminal repeats	NA	7	11	0.9736	NA	0	5.7573	Viruses;Varidnaviria;Bamfordvirae;Nucleocytoviricota;Megaviricetes;Algavirales;Phycodnaviridae
genomad_k141_1379313	3636	No terminal repeats	NA	7	11	0.9736	NA	2	12.0280	Viruses;Duplodnaviria;Heunggongvirae;Uroviricota;Caudoviricetes
genomad_k141_461867	38555	No terminal repeats	NA	60	11	0.9736	NA	21	58.7375	Viruses;Duplodnaviria;Heunggongvirae;Uroviricota;Caudoviricetes
genomad_k141_1377435	8725	No terminal repeats	NA	11	11	0.9736	NA	0	16.0437	Viruses;Duplodnaviria;Heunggongvirae;Uroviricota;Caudoviricetes
genomad_k141_365989	3503	No terminal repeats	NA	8	11	0.9736	NA	1	9.4445	Viruses;Duplodnaviria;Heunggongvirae;Uroviricota;Caudoviricetes
genomad_k141_1727455	7877	No terminal repeats	NA	6	11	0.9736	NA	1	5.8847	Viruses;Duplodnaviria;Heunggongvirae;Uroviricota;Caudoviricetes
genomad_k141_3083919	8871	No terminal repeats	NA	8	11	0.9736	NA	4	13.5253	Viruses;Duplodnaviria;Heunggongvirae;Uroviricota;Caudoviricetes
genomad_k141_1576275	5307	No terminal repeats	NA	6	11	0.9736	NA	2	7.3921	Viruses;Duplodnaviria;Heunggongvirae;Uroviricota;Caudoviricetes
genomad_k141_1044416	9757	No terminal repeats	NA	13	11	0.9736	NA	2	9.7543	Viruses;Duplodnaviria;Heunggongvirae;Uroviricota;Caudoviricetes
genomad_k141_3251106	9159	No terminal repeats	NA	19	11	0.9736	NA	0	10.4431	Viruses;Duplodnaviria;Heunggongvirae;Uroviricota;Caudoviricetes
genomad_k141_3370884	8298	No terminal repeats	NA	17	11	0.9735	NA	0	7.6632	Viruses;Duplodnaviria;Heunggongvirae;Uroviricota;Caudoviricetes
genomad_k141_2680503	5288	No terminal repeats	NA	6	11	0.9735	NA	3	9.1886	Viruses;Duplodnaviria;Heunggongvirae;Uroviricota;Caudoviricetes
genomad_k141_1683162	3978	No terminal repeats	NA	6	11	0.9735	NA	4	5.9460	Viruses;Duplodnaviria;Heunggongvirae;Uroviricota;Caudoviricetes
genomad_k141_2733888	3832	No terminal repeats	NA	8	11	0.9735	NA	1	6.4228	Viruses;Duplodnaviria;Heunggongvirae;Uroviricota;Caudoviricetes
genomad_k141_1198060	6045	No terminal repeats	NA	11	11	0.9735	NA	1	11.3910	Viruses;Duplodnaviria;Heunggongvirae;Uroviricota;Caudoviricetes
genomad_k141_3219756	8144	No terminal repeats	NA	5	11	0.9735	NA	0	7.5593	Viruses;Duplodnaviria;Heunggongvirae;Uroviricota;Caudoviricetes
genomad_k141_616750	22139	No terminal repeats	NA	22	11	0.9735	NA	2	13.4286	Viruses;Duplodnaviria;Heunggongvirae;Uroviricota;Caudoviricetes
genomad_k141_2699388	6490	No terminal repeats	NA	11	11	0.9735	NA	1	8.9465	Viruses;Duplodnaviria;Heunggongvirae;Uroviricota;Caudoviricetes
genomad_k141_1892578	5024	No terminal repeats	NA	10	11	0.9735	NA	1	4.9445	Viruses;Duplodnaviria;Heunggongvirae;Uroviricota;Caudoviricetes
genomad_k141_725419	6905	No terminal repeats	NA	15	11	0.9735	NA	0	8.1832	Viruses;Duplodnaviria;Heunggongvirae;Uroviricota;Caudoviricetes
genomad_k141_715777	4737	No terminal repeats	NA	6	11	0.9735	NA	2	8.3350	Viruses;Duplodnaviria;Heunggongvirae;Uroviricota;Caudoviricetes
genomad_k141_1723009	4214	No terminal repeats	NA	5	11	0.9735	NA	2	5.5304	Viruses;Duplodnaviria;Heunggongvirae;Uroviricota;Caudoviricetes
genomad_k141_3413077	22578	No terminal repeats	NA	44	11	0.9735	NA	3	30.3677	Viruses;Duplodnaviria;Heunggongvirae;Uroviricota;Caudoviricetes
genomad_k141_1478611	5709	No terminal repeats	NA	10	11	0.9735	NA	3	9.7336	Viruses;Duplodnaviria;Heunggongvirae;Uroviricota;Caudoviricetes
genomad_k141_2683120	9319	No terminal repeats	NA	14	11	0.9734	NA	1	9.3047	Viruses;Duplodnaviria;Heunggongvirae;Uroviricota;Caudoviricetes
genomad_k141_3509552	5537	No terminal repeats	NA	8	11	0.9734	NA	2	4.4044	Viruses;Duplodnaviria;Heunggongvirae;Uroviricota;Caudoviricetes
genomad_k141_2607831	3733	No terminal repeats	NA	6	11	0.9734	NA	0	6.6357	Viruses;Duplodnaviria;Heunggongvirae;Uroviricota;Caudoviricetes
genomad_k141_214185	7111	No terminal repeats	NA	5	11	0.9734	NA	0	5.7795	Viruses;Duplodnaviria;Heunggongvirae;Uroviricota;Caudoviricetes
genomad_k141_1697228	8039	No terminal repeats	NA	22	11	0.9734	NA	0	21.2536	Viruses;Duplodnaviria;Heunggongvirae;Uroviricota;Caudoviricetes
genomad_k141_999567	6570	No terminal repeats	NA	12	11	0.9734	NA	0	4.2094	Viruses;Duplodnaviria;Heunggongvirae;Uroviricota;Caudoviricetes
genomad_k141_247090	4329	No terminal repeats	NA	12	11	0.9734	NA	0	4.4341	Viruses;Duplodnaviria;Heunggongvirae;Uroviricota;Caudoviricetes
genomad_k141_569519	7202	No terminal repeats	NA	11	11	0.9734	NA	1	11.0030	Viruses;Duplodnaviria;Heunggongvirae;Uroviricota;Caudoviricetes
genomad_k141_3105212	7306	No terminal repeats	NA	6	11	0.9734	NA	3	9.7784	Viruses;Duplodnaviria;Heunggongvirae;Uroviricota;Caudoviricetes
genomad_k141_2143932	31593	No terminal repeats	NA	43	11	0.9734	NA	5	33.6918	Viruses;Duplodnaviria;Heunggongvirae;Uroviricota;Caudoviricetes
genomad_k141_3077775	30727	No terminal repeats	NA	41	11	0.9734	NA	4	20.5960	Viruses;Duplodnaviria;Heunggongvirae;Uroviricota;Caudoviricetes
genomad_k141_3361074	5066	No terminal repeats	NA	10	11	0.9733	NA	1	14.2528	Viruses;Duplodnaviria;Heunggongvirae;Uroviricota;Caudoviricetes
genomad_k141_3608153	5632	No terminal repeats	NA	11	11	0.9733	NA	0	3.6946	Viruses;Duplodnaviria;Heunggongvirae;Uroviricota;Caudoviricetes
genomad_k141_2764423	8883	No terminal repeats	NA	11	11	0.9733	NA	4	11.5191	Viruses;Duplodnaviria;Heunggongvirae;Uroviricota;Caudoviricetes
genomad_k141_262490	8160	No terminal repeats	NA	12	11	0.9733	NA	0	7.9684	Viruses;Duplodnaviria;Heunggongvirae;Uroviricota;Caudoviricetes
genomad_k141_2013871	45117	DTR	NA	68	11	0.9733	NA	4	28.7846	Viruses;Duplodnaviria;Heunggongvirae;Uroviricota;Caudoviricetes
genomad_k141_2763657	4232	No terminal repeats	NA	6	11	0.9733	NA	1	3.0755	Viruses;Duplodnaviria;Heunggongvirae;Uroviricota;Caudoviricetes
genomad_k141_1820542	7474	No terminal repeats	NA	17	11	0.9733	NA	1	4.9030	Viruses;Duplodnaviria;Heunggongvirae;Uroviricota;Caudoviricetes
genomad_k141_179043	6973	No terminal repeats	NA	16	11	0.9733	NA	0	6.5719	Viruses;Duplodnaviria;Heunggongvirae;Uroviricota;Caudoviricetes
genomad_k141_300088	5071	No terminal repeats	NA	7	11	0.9733	NA	0	5.4878	Viruses;Duplodnaviria;Heunggongvirae;Uroviricota;Caudoviricetes
genomad_k141_3765065	3637	No terminal repeats	NA	6	4	0.9733	NA	1	3.4342	Viruses;Duplodnaviria;Heunggongvirae;Uroviricota;Caudoviricetes
genomad_k141_551911	3509	No terminal repeats	NA	7	11	0.9733	NA	1	4.7371	Viruses;Duplodnaviria;Heunggongvirae;Uroviricota;Caudoviricetes
genomad_k141_2576162	4013	No terminal repeats	NA	10	11	0.9733	NA	0	8.8723	Viruses;Duplodnaviria;Heunggongvirae;Uroviricota;Caudoviricetes
genomad_k141_3356087	4523	No terminal repeats	NA	6	11	0.9733	NA	1	3.0169	Viruses;Duplodnaviria;Heunggongvirae;Uroviricota;Caudoviricetes
genomad_k141_1079057	3744	No terminal repeats	NA	6	11	0.9733	NA	0	3.4763	Viruses;Duplodnaviria;Heunggongvirae;Uroviricota;Caudoviricetes
genomad_k141_2953125	6210	No terminal repeats	NA	12	11	0.9733	NA	1	6.2995	Viruses;Duplodnaviria;Heunggongvirae;Uroviricota;Caudoviricetes
genomad_k141_194831	3780	No terminal repeats	NA	9	11	0.9733	NA	0	10.0348	Viruses;Duplodnaviria;Heunggongvirae;Uroviricota;Caudoviricetes;Drexlerviridae
genomad_k141_3526023	5632	No terminal repeats	NA	8	11	0.9733	NA	0	12.2000	Viruses;Duplodnaviria;Heunggongvirae;Uroviricota;Caudoviricetes
genomad_k141_2859293	3888	No terminal repeats	NA	5	11	0.9732	NA	0	5.4686	Viruses;Duplodnaviria;Heunggongvirae;Uroviricota;Caudoviricetes
genomad_k141_17463	25648	No terminal repeats	NA	30	11	0.9732	NA	7	31.6065	Viruses;Duplodnaviria;Heunggongvirae;Uroviricota;Caudoviricetes
genomad_k141_2118615	7517	No terminal repeats	NA	15	11	0.9732	NA	5	18.1179	Viruses;Duplodnaviria;Heunggongvirae;Uroviricota;Caudoviricetes
genomad_k141_3176104	6843	No terminal repeats	NA	9	11	0.9732	NA	1	9.1352	Viruses;Duplodnaviria;Heunggongvirae;Uroviricota;Caudoviricetes
genomad_k141_967750	4316	No terminal repeats	NA	7	11	0.9732	NA	1	10.1414	Viruses;Duplodnaviria;Heunggongvirae;Uroviricota;Caudoviricetes
genomad_k141_2403612	7542	No terminal repeats	NA	18	11	0.9732	NA	0	5.3738	Viruses;Duplodnaviria;Heunggongvirae;Uroviricota;Caudoviricetes
genomad_k141_3036202	3757	No terminal repeats	NA	6	11	0.9732	NA	2	5.4375	Viruses;Duplodnaviria;Heunggongvirae;Uroviricota;Caudoviricetes
genomad_k141_790648	3977	No terminal repeats	NA	5	11	0.9732	NA	1	5.5964	Viruses;Duplodnaviria;Heunggongvirae;Uroviricota;Caudoviricetes
genomad_k141_2858392	3965	No terminal repeats	NA	12	11	0.9732	NA	0	7.5567	Viruses;Duplodnaviria;Heunggongvirae;Uroviricota;Caudoviricetes
genomad_k141_636912	6231	No terminal repeats	NA	7	11	0.9732	NA	1	6.4048	Viruses;Duplodnaviria;Heunggongvirae;Uroviricota;Caudoviricetes
genomad_k141_1466960	9195	No terminal repeats	NA	12	11	0.9731	NA	0	6.0010	Viruses;Duplodnaviria;Heunggongvirae;Uroviricota;Caudoviricetes
genomad_k141_1060805	5968	No terminal repeats	NA	11	11	0.9731	NA	3	11.8134	Viruses;Duplodnaviria;Heunggongvirae;Uroviricota;Caudoviricetes
genomad_k141_3514212	4491	No terminal repeats	NA	8	11	0.9731	NA	4	10.5901	Viruses;Duplodnaviria;Heunggongvirae;Uroviricota;Caudoviricetes
genomad_k141_2696438	8929	No terminal repeats	NA	9	11	0.9731	NA	1	10.1990	Viruses;Duplodnaviria;Heunggongvirae;Uroviricota;Caudoviricetes
genomad_k141_491794	4678	No terminal repeats	NA	5	11	0.9731	NA	0	4.8326	Viruses;Duplodnaviria;Heunggongvirae;Uroviricota;Caudoviricetes
genomad_k141_1552752	6990	No terminal repeats	NA	14	11	0.9730	NA	0	5.9890	Viruses;Duplodnaviria;Heunggongvirae;Uroviricota;Caudoviricetes
genomad_k141_1674507	8135	No terminal repeats	NA	8	11	0.9730	NA	0	9.9149	Viruses;Duplodnaviria;Heunggongvirae;Uroviricota;Caudoviricetes
genomad_k141_2933421	3546	No terminal repeats	NA	8	11	0.9730	NA	2	7.7450	Viruses;Duplodnaviria;Heunggongvirae;Uroviricota;Caudoviricetes
genomad_k141_1871090	5274	No terminal repeats	NA	6	11	0.9730	NA	3	6.4248	Viruses;Duplodnaviria;Heunggongvirae;Uroviricota;Caudoviricetes
genomad_k141_1103058	8381	No terminal repeats	NA	17	11	0.9730	NA	1	12.0097	Viruses;Duplodnaviria;Heunggongvirae;Uroviricota;Caudoviricetes
genomad_k141_1887805	5210	No terminal repeats	NA	10	11	0.9730	NA	1	7.2647	Viruses;Duplodnaviria;Heunggongvirae;Uroviricota;Caudoviricetes
genomad_k141_1085546	9799	No terminal repeats	NA	14	11	0.9730	NA	1	16.0745	Viruses;Duplodnaviria;Heunggongvirae;Uroviricota;Caudoviricetes
genomad_k141_1013798	4946	No terminal repeats	NA	8	11	0.9730	NA	1	7.0576	Viruses;Duplodnaviria;Heunggongvirae;Uroviricota;Caudoviricetes
genomad_k141_2385941	7177	No terminal repeats	NA	6	11	0.9730	NA	1	9.9975	Viruses;Duplodnaviria;Heunggongvirae;Uroviricota;Caudoviricetes
genomad_k141_1875946	7585	No terminal repeats	NA	9	4	0.9730	NA	1	6.5790	Viruses;Duplodnaviria;Heunggongvirae;Uroviricota;Caudoviricetes
genomad_k141_1623671	4238	No terminal repeats	NA	8	11	0.9729	NA	0	4.0857	Viruses;Duplodnaviria;Heunggongvirae;Uroviricota;Caudoviricetes
virsorter2_k141_3318987||full	36524	No terminal repeats	NA	47	11	0.9729	NA	10	40.1535	Viruses;Duplodnaviria;Heunggongvirae;Uroviricota;Caudoviricetes
genomad_k141_1371093	3575	No terminal repeats	NA	7	11	0.9729	NA	0	5.2888	Viruses;Duplodnaviria;Heunggongvirae;Uroviricota;Caudoviricetes
genomad_k141_2552753	5986	No terminal repeats	NA	13	11	0.9729	NA	2	11.1325	Viruses;Duplodnaviria;Heunggongvirae;Uroviricota;Caudoviricetes
genomad_k141_2347323	3532	No terminal repeats	NA	7	11	0.9729	NA	1	6.3177	Viruses;Duplodnaviria;Heunggongvirae;Uroviricota;Caudoviricetes;Autographiviridae
genomad_k141_3751346	4286	No terminal repeats	NA	8	11	0.9729	NA	2	4.7058	Viruses;Duplodnaviria;Heunggongvirae;Uroviricota;Caudoviricetes
genomad_k141_1090067	4877	No terminal repeats	NA	6	11	0.9729	NA	0	5.0984	Viruses;Duplodnaviria;Heunggongvirae;Uroviricota;Caudoviricetes
genomad_k141_2775113	6082	No terminal repeats	NA	11	11	0.9729	NA	0	4.9444	Viruses;Duplodnaviria;Heunggongvirae;Uroviricota;Caudoviricetes
genomad_k141_568052	3594	No terminal repeats	NA	5	11	0.9729	NA	2	4.9244	Viruses;Duplodnaviria;Heunggongvirae;Uroviricota;Caudoviricetes
genomad_k141_317107	5742	No terminal repeats	NA	12	11	0.9729	NA	1	9.4897	Viruses;Duplodnaviria;Heunggongvirae;Uroviricota;Caudoviricetes
genomad_k141_3544297	4358	No terminal repeats	NA	5	11	0.9729	NA	3	5.3074	Viruses;Duplodnaviria;Heunggongvirae;Uroviricota;Caudoviricetes
genomad_k141_146238	8691	No terminal repeats	NA	17	11	0.9729	NA	2	10.5735	Viruses;Duplodnaviria;Heunggongvirae;Uroviricota;Caudoviricetes
genomad_k141_1156205	9970	No terminal repeats	NA	11	11	0.9729	NA	6	14.6351	Viruses;Duplodnaviria;Heunggongvirae;Uroviricota;Caudoviricetes
genomad_k141_307861	4628	No terminal repeats	NA	6	11	0.9729	NA	2	5.9372	Viruses;Duplodnaviria;Heunggongvirae;Uroviricota;Caudoviricetes
genomad_k141_1845771	4926	No terminal repeats	NA	19	11	0.9729	NA	0	6.3425	Viruses;Duplodnaviria;Heunggongvirae;Uroviricota;Caudoviricetes
genomad_k141_1334942	3962	No terminal repeats	NA	5	11	0.9729	NA	0	8.2123	Viruses;Duplodnaviria;Heunggongvirae;Uroviricota;Caudoviricetes
genomad_k141_3028418	9487	No terminal repeats	NA	23	11	0.9729	NA	0	24.4024	Viruses;Duplodnaviria;Heunggongvirae;Uroviricota;Caudoviricetes
genomad_k141_1756726	9945	No terminal repeats	NA	18	11	0.9729	NA	2	5.6514	Viruses;Duplodnaviria;Heunggongvirae;Uroviricota;Caudoviricetes
genomad_k141_2161483	4066	No terminal repeats	NA	11	11	0.9728	NA	0	4.5685	Viruses;Duplodnaviria;Heunggongvirae;Uroviricota;Caudoviricetes
genomad_k141_467952	5541	No terminal repeats	NA	6	11	0.9728	NA	3	5.5782	Viruses;Duplodnaviria;Heunggongvirae;Uroviricota;Caudoviricetes
genomad_k141_893408	6458	No terminal repeats	NA	11	11	0.9728	NA	1	18.1387	Viruses;Duplodnaviria;Heunggongvirae;Uroviricota;Caudoviricetes
genomad_k141_489902	38316	DTR	NA	55	11	0.9728	NA	3	20.3001	Viruses;Duplodnaviria;Heunggongvirae;Uroviricota;Caudoviricetes
genomad_k141_2727067	6000	No terminal repeats	NA	8	11	0.9728	NA	2	6.3608	Viruses;Duplodnaviria;Heunggongvirae;Uroviricota;Caudoviricetes
genomad_k141_370737	4659	No terminal repeats	NA	6	11	0.9728	NA	1	6.1431	Viruses;Duplodnaviria;Heunggongvirae;Uroviricota;Caudoviricetes
genomad_k141_979787	4199	No terminal repeats	NA	5	11	0.9728	NA	0	8.1860	Viruses;Duplodnaviria;Heunggongvirae;Uroviricota;Caudoviricetes
genomad_k141_714610	6302	No terminal repeats	NA	6	11	0.9728	NA	0	8.1842	Viruses;Duplodnaviria;Heunggongvirae;Uroviricota;Caudoviricetes
genomad_k141_1910802	4417	No terminal repeats	NA	15	11	0.9728	NA	2	17.6866	Viruses;Duplodnaviria;Heunggongvirae;Uroviricota;Caudoviricetes
genomad_k141_1383336	4282	No terminal repeats	NA	6	11	0.9728	NA	0	2.7716	Viruses;Duplodnaviria;Heunggongvirae;Uroviricota;Caudoviricetes
genomad_k141_1504507	4228	No terminal repeats	NA	6	11	0.9727	NA	3	6.8818	Viruses;Duplodnaviria;Heunggongvirae;Uroviricota;Caudoviricetes
genomad_k141_141558	9077	No terminal repeats	NA	17	11	0.9727	NA	0	18.1443	Viruses;Duplodnaviria;Heunggongvirae;Uroviricota;Caudoviricetes
genomad_k141_1541428	5790	No terminal repeats	NA	13	11	0.9727	NA	0	4.8973	Viruses;Duplodnaviria;Heunggongvirae;Uroviricota;Caudoviricetes
genomad_k141_2701631	3968	No terminal repeats	NA	5	11	0.9727	NA	2	6.4206	Viruses;Duplodnaviria;Heunggongvirae;Uroviricota;Caudoviricetes
genomad_k141_1369324	3735	No terminal repeats	NA	5	11	0.9727	NA	0	3.4366	Viruses;Duplodnaviria;Heunggongvirae;Uroviricota;Caudoviricetes
genomad_k141_1600918	9721	No terminal repeats	NA	14	11	0.9727	NA	1	9.7361	Viruses;Duplodnaviria;Heunggongvirae;Uroviricota;Caudoviricetes
genomad_k141_66573	8746	No terminal repeats	NA	24	11	0.9727	NA	0	5.5056	Viruses;Duplodnaviria;Heunggongvirae;Uroviricota;Caudoviricetes
genomad_k141_3311974	3695	No terminal repeats	NA	6	11	0.9727	NA	3	5.4586	Viruses;Duplodnaviria;Heunggongvirae;Uroviricota;Caudoviricetes
genomad_k141_75705	3854	No terminal repeats	NA	6	11	0.9727	NA	1	6.5861	Viruses;Duplodnaviria;Heunggongvirae;Uroviricota;Caudoviricetes
genomad_k141_596393	5262	No terminal repeats	NA	11	11	0.9726	NA	0	4.9851	Viruses;Duplodnaviria;Heunggongvirae;Uroviricota;Caudoviricetes
genomad_k141_209111	6796	No terminal repeats	NA	8	11	0.9726	NA	0	13.2248	Viruses;Duplodnaviria;Heunggongvirae;Uroviricota;Caudoviricetes
genomad_k141_717918	8411	No terminal repeats	NA	12	11	0.9726	NA	3	16.2787	Viruses;Duplodnaviria;Heunggongvirae;Uroviricota;Caudoviricetes
genomad_k141_2169284	4849	No terminal repeats	NA	13	11	0.9726	NA	1	15.2405	Viruses;Duplodnaviria;Heunggongvirae;Uroviricota;Caudoviricetes
genomad_k141_1012336	7919	No terminal repeats	NA	5	11	0.9726	NA	0	6.6657	Viruses;Duplodnaviria;Heunggongvirae;Uroviricota;Caudoviricetes
genomad_k141_1773584	9922	No terminal repeats	NA	13	11	0.9726	NA	1	14.9816	Viruses;Duplodnaviria;Heunggongvirae;Uroviricota;Caudoviricetes
genomad_k141_923413	7333	No terminal repeats	NA	7	11	0.9726	NA	2	6.0916	Viruses;Duplodnaviria;Heunggongvirae;Uroviricota;Caudoviricetes
genomad_k141_2859585	4450	No terminal repeats	NA	7	11	0.9726	NA	0	5.1548	Viruses;Duplodnaviria;Heunggongvirae;Uroviricota;Caudoviricetes
genomad_k141_2349676	7529	No terminal repeats	NA	9	11	0.9726	NA	0	12.9611	Viruses;Duplodnaviria;Heunggongvirae;Uroviricota;Caudoviricetes
genomad_k141_484316	5848	No terminal repeats	NA	18	11	0.9726	NA	3	10.1786	Viruses;Duplodnaviria;Heunggongvirae;Uroviricota;Caudoviricetes
genomad_k141_1381072	4884	No terminal repeats	NA	6	11	0.9726	NA	0	7.7423	Viruses;Duplodnaviria;Heunggongvirae;Uroviricota;Caudoviricetes
genomad_k141_3050498	30748	No terminal repeats	NA	37	11	0.9726	NA	5	39.2237	Viruses;Duplodnaviria;Heunggongvirae;Uroviricota;Caudoviricetes
genomad_k141_3255111	5811	No terminal repeats	NA	7	11	0.9725	NA	1	3.4344	Viruses;Duplodnaviria;Heunggongvirae;Uroviricota;Caudoviricetes
genomad_k141_1976101	3758	No terminal repeats	NA	6	11	0.9725	NA	0	6.1287	Viruses;Duplodnaviria;Heunggongvirae;Uroviricota;Caudoviricetes
genomad_k141_2206277	8679	No terminal repeats	NA	17	11	0.9725	NA	2	9.7771	Viruses;Duplodnaviria;Heunggongvirae;Uroviricota;Caudoviricetes
genomad_k141_1589097	7981	No terminal repeats	NA	13	11	0.9725	NA	0	6.7663	Viruses;Duplodnaviria;Heunggongvirae;Uroviricota;Caudoviricetes
genomad_k141_2924749	4144	No terminal repeats	NA	5	11	0.9725	NA	1	3.0669	Unclassified
genomad_k141_1804812	4177	No terminal repeats	NA	9	11	0.9725	NA	1	8.6452	Viruses;Duplodnaviria;Heunggongvirae;Uroviricota;Caudoviricetes
genomad_k141_1800890	4962	No terminal repeats	NA	5	11	0.9725	NA	2	5.1044	Viruses;Duplodnaviria;Heunggongvirae;Uroviricota;Caudoviricetes
genomad_k141_2686279	1649	No terminal repeats	NA	2	11	0.9725	NA	1	3.4255	Viruses;Duplodnaviria;Heunggongvirae;Uroviricota;Caudoviricetes
genomad_k141_3580981	4268	No terminal repeats	NA	10	11	0.9725	NA	1	7.5584	Viruses;Duplodnaviria;Heunggongvirae;Uroviricota;Caudoviricetes
genomad_k141_2202766	75905	No terminal repeats	NA	118	11	0.9725	NA	9	48.0825	Viruses;Duplodnaviria;Heunggongvirae;Uroviricota;Caudoviricetes
genomad_k141_741800	4350	No terminal repeats	NA	10	11	0.9725	NA	0	6.2328	Viruses;Duplodnaviria;Heunggongvirae;Uroviricota;Caudoviricetes
genomad_k141_134968	3556	No terminal repeats	NA	5	11	0.9724	NA	0	4.9415	Viruses;Duplodnaviria;Heunggongvirae;Uroviricota;Caudoviricetes
genomad_k141_703506	7450	No terminal repeats	NA	10	11	0.9724	NA	3	6.6073	Viruses;Duplodnaviria;Heunggongvirae;Uroviricota;Caudoviricetes
genomad_k141_1040523	3753	No terminal repeats	NA	6	11	0.9724	NA	3	6.0269	Viruses;Duplodnaviria;Heunggongvirae;Uroviricota;Caudoviricetes
genomad_k141_2476736	5780	No terminal repeats	NA	12	11	0.9724	NA	1	4.5807	Viruses;Duplodnaviria;Heunggongvirae;Uroviricota;Caudoviricetes
genomad_k141_2571066	6340	No terminal repeats	NA	9	11	0.9724	NA	0	11.7862	Viruses;Duplodnaviria;Heunggongvirae;Uroviricota;Caudoviricetes
genomad_k141_3259655	3570	No terminal repeats	NA	11	11	0.9724	NA	1	10.2969	Viruses;Duplodnaviria;Heunggongvirae;Uroviricota;Caudoviricetes
genomad_k141_1197351	9303	No terminal repeats	NA	15	11	0.9724	NA	0	18.9312	Viruses;Duplodnaviria;Heunggongvirae;Uroviricota;Caudoviricetes
genomad_k141_244080	20762	No terminal repeats	NA	25	11	0.9724	NA	6	16.3705	Viruses;Duplodnaviria;Heunggongvirae;Uroviricota;Caudoviricetes
genomad_k141_1212613	4703	No terminal repeats	NA	8	11	0.9724	NA	2	4.8081	Viruses;Duplodnaviria;Heunggongvirae;Uroviricota;Caudoviricetes
genomad_k141_2830678	8698	No terminal repeats	NA	13	11	0.9723	NA	0	19.8617	Viruses;Duplodnaviria;Heunggongvirae;Uroviricota;Caudoviricetes
genomad_k141_1418858	6631	No terminal repeats	NA	12	11	0.9723	NA	0	5.0938	Viruses;Duplodnaviria;Heunggongvirae;Uroviricota;Caudoviricetes
genomad_k141_3323205	4030	No terminal repeats	NA	6	11	0.9723	NA	0	4.1087	Viruses;Duplodnaviria;Heunggongvirae;Uroviricota;Caudoviricetes
genomad_k141_799739	5041	No terminal repeats	NA	10	11	0.9723	NA	0	13.3272	Viruses;Duplodnaviria;Heunggongvirae;Uroviricota;Caudoviricetes
genomad_k141_2585566	6359	No terminal repeats	NA	9	11	0.9723	NA	3	9.6687	Viruses;Duplodnaviria;Heunggongvirae;Uroviricota;Caudoviricetes
genomad_k141_1182719	4652	No terminal repeats	NA	10	11	0.9723	NA	0	4.4685	Viruses;Duplodnaviria;Heunggongvirae;Uroviricota;Caudoviricetes
genomad_k141_2815473	4370	No terminal repeats	NA	10	11	0.9723	NA	1	9.8821	Viruses;Duplodnaviria;Heunggongvirae;Uroviricota;Caudoviricetes
genomad_k141_2953559	6401	No terminal repeats	NA	11	11	0.9723	NA	3	4.9399	Viruses;Duplodnaviria;Heunggongvirae;Uroviricota;Caudoviricetes
genomad_k141_2704472	6600	No terminal repeats	NA	17	11	0.9723	NA	0	3.1031	Viruses;Duplodnaviria;Heunggongvirae;Uroviricota;Caudoviricetes
genomad_k141_1622209	8341	No terminal repeats	NA	10	11	0.9723	NA	0	13.2080	Viruses;Duplodnaviria;Heunggongvirae;Uroviricota;Caudoviricetes
genomad_k141_3640117	4681	No terminal repeats	NA	10	11	0.9722	NA	0	5.1052	Viruses;Duplodnaviria;Heunggongvirae;Uroviricota;Caudoviricetes
genomad_k141_3734648	4381	No terminal repeats	NA	7	11	0.9722	NA	0	3.4366	Viruses;Varidnaviria;Bamfordvirae;Nucleocytoviricota;Megaviricetes;Imitervirales;Mimiviridae
genomad_k141_1379399	3563	No terminal repeats	NA	9	11	0.9722	NA	1	7.7939	Viruses;Duplodnaviria;Heunggongvirae;Uroviricota;Caudoviricetes
genomad_k141_1991899	3744	No terminal repeats	NA	10	11	0.9722	NA	1	3.1437	Viruses;Duplodnaviria;Heunggongvirae;Uroviricota;Caudoviricetes
genomad_k141_2134391	3529	No terminal repeats	NA	6	11	0.9722	NA	0	6.3549	Viruses;Duplodnaviria;Heunggongvirae;Uroviricota;Caudoviricetes
genomad_k141_2647925	3814	No terminal repeats	NA	5	11	0.9722	NA	1	4.5558	Viruses;Duplodnaviria;Heunggongvirae;Uroviricota;Caudoviricetes
genomad_k141_2322259	8479	No terminal repeats	NA	15	11	0.9721	NA	0	5.4879	Viruses;Duplodnaviria;Heunggongvirae;Uroviricota;Caudoviricetes
genomad_k141_3575858	4500	No terminal repeats	NA	7	11	0.9721	NA	2	10.3097	Viruses;Duplodnaviria;Heunggongvirae;Uroviricota;Caudoviricetes
genomad_k141_837352	43890	No terminal repeats	NA	48	11	0.9721	NA	15	27.5927	Viruses;Duplodnaviria;Heunggongvirae;Uroviricota;Caudoviricetes
genomad_k141_12897	8565	No terminal repeats	NA	11	11	0.9720	NA	1	4.6795	Viruses;Duplodnaviria;Heunggongvirae;Uroviricota;Caudoviricetes
genomad_k141_1365357	3945	No terminal repeats	NA	6	11	0.9720	NA	0	6.7780	Viruses;Duplodnaviria;Heunggongvirae;Uroviricota;Caudoviricetes
genomad_k141_205492	6203	No terminal repeats	NA	21	11	0.9720	NA	1	9.6193	Viruses;Duplodnaviria;Heunggongvirae;Uroviricota;Caudoviricetes
genomad_k141_1449763	9852	No terminal repeats	NA	27	11	0.9720	NA	1	16.2125	Viruses;Duplodnaviria;Heunggongvirae;Uroviricota;Caudoviricetes
genomad_k141_981142	6566	No terminal repeats	NA	15	11	0.9719	NA	1	2.6238	Viruses;Duplodnaviria;Heunggongvirae;Uroviricota;Caudoviricetes
genomad_k141_1680658	3700	No terminal repeats	NA	7	11	0.9719	NA	2	4.9785	Viruses;Duplodnaviria;Heunggongvirae;Uroviricota;Caudoviricetes
genomad_k141_3394952	7540	No terminal repeats	NA	11	11	0.9719	NA	0	4.8635	Viruses;Duplodnaviria;Heunggongvirae;Uroviricota;Caudoviricetes
genomad_k141_3639250	4465	No terminal repeats	NA	14	11	0.9719	NA	1	10.0930	Viruses;Duplodnaviria;Heunggongvirae;Uroviricota;Caudoviricetes
genomad_k141_1976638	7484	No terminal repeats	NA	7	11	0.9719	NA	3	12.0280	Viruses;Duplodnaviria;Heunggongvirae;Uroviricota;Caudoviricetes
genomad_k141_817018	6299	No terminal repeats	NA	15	11	0.9719	NA	1	6.1745	Viruses;Duplodnaviria;Heunggongvirae;Uroviricota;Caudoviricetes
genomad_k141_2222728	6047	No terminal repeats	NA	19	11	0.9719	NA	0	5.4842	Viruses;Duplodnaviria;Heunggongvirae;Uroviricota;Caudoviricetes
genomad_k141_3635804	9648	No terminal repeats	NA	16	11	0.9719	NA	0	5.1548	Viruses;Duplodnaviria;Heunggongvirae;Uroviricota;Caudoviricetes
genomad_k141_256797	6382	No terminal repeats	NA	18	11	0.9719	NA	0	19.4016	Viruses;Duplodnaviria;Heunggongvirae;Uroviricota;Caudoviricetes
genomad_k141_2800655	9004	No terminal repeats	NA	9	11	0.9719	NA	2	13.1023	Viruses;Duplodnaviria;Heunggongvirae;Uroviricota;Caudoviricetes
genomad_k141_1670173	9108	No terminal repeats	NA	17	11	0.9719	NA	2	16.4362	Viruses;Duplodnaviria;Heunggongvirae;Uroviricota;Caudoviricetes
genomad_k141_3282084	3723	No terminal repeats	NA	9	11	0.9719	NA	0	10.0647	Viruses;Duplodnaviria;Heunggongvirae;Uroviricota;Caudoviricetes
genomad_k141_3578584	4319	No terminal repeats	NA	8	11	0.9718	NA	0	5.0660	Viruses;Duplodnaviria;Heunggongvirae;Uroviricota;Caudoviricetes
genomad_k141_2447301	3846	No terminal repeats	NA	7	11	0.9718	NA	0	4.0080	Viruses;Duplodnaviria;Heunggongvirae;Uroviricota;Caudoviricetes
genomad_k141_37721	3984	No terminal repeats	NA	6	11	0.9718	NA	0	6.7824	Viruses;Duplodnaviria;Heunggongvirae;Uroviricota;Caudoviricetes
genomad_k141_2573033	5356	No terminal repeats	NA	7	11	0.9718	NA	1	5.1034	Viruses;Duplodnaviria;Heunggongvirae;Uroviricota;Caudoviricetes
genomad_k141_3623106	4541	No terminal repeats	NA	5	11	0.9718	NA	2	5.6057	Viruses;Duplodnaviria;Heunggongvirae;Uroviricota;Caudoviricetes
genomad_k141_3098517	7943	No terminal repeats	NA	12	11	0.9718	NA	0	13.7435	Viruses;Duplodnaviria;Heunggongvirae;Uroviricota;Caudoviricetes
genomad_k141_1374826	3831	No terminal repeats	NA	5	11	0.9718	NA	0	5.6919	Viruses;Duplodnaviria;Heunggongvirae;Uroviricota;Caudoviricetes
genomad_k141_3039213	5753	No terminal repeats	NA	10	11	0.9718	NA	2	5.4587	Viruses;Duplodnaviria;Heunggongvirae;Uroviricota;Caudoviricetes
genomad_k141_2995049	8041	No terminal repeats	NA	9	11	0.9718	NA	1	11.1455	Viruses;Duplodnaviria;Heunggongvirae;Uroviricota;Caudoviricetes
genomad_k141_271909	3994	No terminal repeats	NA	7	11	0.9718	NA	2	12.0280	Viruses;Duplodnaviria;Heunggongvirae;Uroviricota;Caudoviricetes
genomad_k141_2692036	8806	No terminal repeats	NA	11	11	0.9718	NA	0	11.4757	Viruses;Duplodnaviria;Heunggongvirae;Uroviricota;Caudoviricetes
genomad_k141_2677281	7145	No terminal repeats	NA	11	11	0.9717	NA	2	3.6156	Viruses;Duplodnaviria;Heunggongvirae;Uroviricota;Caudoviricetes
genomad_k141_3225577	5286	No terminal repeats	NA	6	11	0.9717	NA	1	7.9702	Viruses;Duplodnaviria;Heunggongvirae;Uroviricota;Caudoviricetes
genomad_k141_2075835	4725	No terminal repeats	NA	7	11	0.9717	NA	1	9.1604	Viruses;Duplodnaviria;Heunggongvirae;Uroviricota;Caudoviricetes
genomad_k141_2408844	4586	No terminal repeats	NA	9	11	0.9717	NA	0	10.9617	Viruses;Duplodnaviria;Heunggongvirae;Uroviricota;Caudoviricetes
genomad_k141_1505736	5299	No terminal repeats	NA	8	11	0.9717	NA	2	10.3097	Viruses;Duplodnaviria;Heunggongvirae;Uroviricota;Caudoviricetes
genomad_k141_915611	5401	No terminal repeats	NA	7	11	0.9717	NA	0	4.7104	Viruses;Duplodnaviria;Heunggongvirae;Uroviricota;Caudoviricetes
genomad_k141_3743618	8059	No terminal repeats	NA	14	11	0.9717	NA	0	5.0660	Viruses;Duplodnaviria;Heunggongvirae;Uroviricota;Caudoviricetes
genomad_k141_3668787	3888	No terminal repeats	NA	10	11	0.9717	NA	0	5.7852	Viruses;Duplodnaviria;Heunggongvirae;Uroviricota;Caudoviricetes
genomad_k141_3109958	6935	No terminal repeats	NA	5	11	0.9717	NA	0	7.8208	Viruses;Duplodnaviria;Heunggongvirae;Uroviricota;Caudoviricetes
genomad_k141_2979590	3618	No terminal repeats	NA	9	11	0.9717	NA	0	7.3348	Viruses;Duplodnaviria;Heunggongvirae;Uroviricota;Caudoviricetes
genomad_k141_2990	5064	No terminal repeats	NA	8	11	0.9717	NA	1	7.8115	Viruses;Duplodnaviria;Heunggongvirae;Uroviricota;Caudoviricetes
genomad_k141_334214	5778	No terminal repeats	NA	12	11	0.9716	NA	1	12.1885	Viruses;Duplodnaviria;Heunggongvirae;Uroviricota;Caudoviricetes
genomad_k141_2655563	9347	No terminal repeats	NA	10	11	0.9716	NA	1	13.4961	Viruses;Duplodnaviria;Heunggongvirae;Uroviricota;Caudoviricetes
genomad_k141_3339582	9216	No terminal repeats	NA	10	11	0.9716	NA	0	12.8932	Viruses;Duplodnaviria;Heunggongvirae;Uroviricota;Caudoviricetes
genomad_k141_1605833	3552	No terminal repeats	NA	7	11	0.9716	NA	0	4.8948	Viruses;Duplodnaviria;Heunggongvirae;Uroviricota;Caudoviricetes
genomad_k141_2303051	4930	No terminal repeats	NA	9	11	0.9716	NA	0	6.2569	Viruses;Duplodnaviria;Heunggongvirae;Uroviricota;Caudoviricetes
genomad_k141_2564073	4437	No terminal repeats	NA	7	11	0.9716	NA	0	8.8118	Viruses;Duplodnaviria;Heunggongvirae;Uroviricota;Caudoviricetes
genomad_k141_182553	3699	No terminal repeats	NA	12	11	0.9716	NA	0	11.6402	Viruses;Duplodnaviria;Heunggongvirae;Uroviricota;Caudoviricetes
genomad_k141_1472039	3876	No terminal repeats	NA	9	11	0.9716	NA	0	3.0354	Viruses;Duplodnaviria;Heunggongvirae;Uroviricota;Caudoviricetes
genomad_k141_1548763	9416	No terminal repeats	NA	6	11	0.9716	NA	0	4.5934	Viruses;Duplodnaviria;Heunggongvirae;Uroviricota;Caudoviricetes
genomad_k141_1627320	8177	No terminal repeats	NA	7	11	0.9716	NA	0	9.5390	Viruses;Duplodnaviria;Heunggongvirae;Uroviricota;Caudoviricetes
genomad_k141_246648	4185	No terminal repeats	NA	9	11	0.9716	NA	0	6.3896	Viruses;Duplodnaviria;Heunggongvirae;Uroviricota;Caudoviricetes
genomad_k141_1775758	4910	No terminal repeats	NA	9	11	0.9716	NA	1	8.0945	Viruses;Duplodnaviria;Heunggongvirae;Uroviricota;Caudoviricetes
genomad_k141_3636291	4489	No terminal repeats	NA	8	11	0.9716	NA	0	4.1735	Viruses;Duplodnaviria;Heunggongvirae;Uroviricota;Caudoviricetes
genomad_k141_838730	7340	No terminal repeats	NA	8	11	0.9716	NA	0	8.4087	Viruses;Duplodnaviria;Heunggongvirae;Uroviricota;Caudoviricetes
genomad_k141_1454237	2583	No terminal repeats	NA	5	11	0.9716	NA	1	4.8926	Viruses;Duplodnaviria;Heunggongvirae;Uroviricota;Caudoviricetes
genomad_k141_3168138	7297	No terminal repeats	NA	13	11	0.9716	NA	1	10.9906	Viruses;Duplodnaviria;Heunggongvirae;Uroviricota;Caudoviricetes
genomad_k141_3487488	7334	No terminal repeats	NA	6	11	0.9716	NA	1	2.8191	Viruses;Duplodnaviria;Heunggongvirae;Uroviricota;Caudoviricetes
genomad_k141_2788412	4099	No terminal repeats	NA	10	11	0.9716	NA	0	6.1741	Viruses;Duplodnaviria;Heunggongvirae;Uroviricota;Caudoviricetes
genomad_k141_2240936	4183	No terminal repeats	NA	6	11	0.9715	NA	0	5.1548	Unclassified
genomad_k141_1373215	5435	No terminal repeats	NA	14	11	0.9715	NA	2	12.9934	Viruses;Duplodnaviria;Heunggongvirae;Uroviricota;Caudoviricetes
genomad_k141_1776709	3972	No terminal repeats	NA	10	11	0.9715	NA	1	7.2232	Viruses;Duplodnaviria;Heunggongvirae;Uroviricota;Caudoviricetes
genomad_k141_1508129	7420	No terminal repeats	NA	12	11	0.9715	NA	0	16.6985	Viruses;Duplodnaviria;Heunggongvirae;Uroviricota;Caudoviricetes
genomad_k141_2227244	5764	No terminal repeats	NA	8	11	0.9715	NA	3	8.0541	Viruses;Duplodnaviria;Heunggongvirae;Uroviricota;Caudoviricetes
genomad_k141_3422687	7890	No terminal repeats	NA	10	11	0.9715	NA	0	8.5589	Viruses;Duplodnaviria;Heunggongvirae;Uroviricota;Caudoviricetes
genomad_k141_1899457	5301	No terminal repeats	NA	8	11	0.9715	NA	2	4.5133	Viruses;Duplodnaviria;Heunggongvirae;Uroviricota;Caudoviricetes
genomad_k141_242011	3730	No terminal repeats	NA	6	11	0.9715	NA	0	8.5914	Viruses;Duplodnaviria;Heunggongvirae;Uroviricota;Caudoviricetes
genomad_k141_1976458	5958	No terminal repeats	NA	5	11	0.9715	NA	0	8.5884	Viruses;Duplodnaviria;Heunggongvirae;Uroviricota;Caudoviricetes
genomad_k141_67276	7261	No terminal repeats	NA	11	11	0.9715	NA	6	13.9468	Viruses;Duplodnaviria;Heunggongvirae;Uroviricota;Caudoviricetes
genomad_k141_1649567	6755	No terminal repeats	NA	12	11	0.9715	NA	1	7.1778	Viruses;Duplodnaviria;Heunggongvirae;Uroviricota;Caudoviricetes
genomad_k141_3751079	9402	No terminal repeats	NA	8	11	0.9715	NA	2	11.5684	Viruses;Duplodnaviria;Heunggongvirae;Uroviricota;Caudoviricetes
genomad_k141_2195626	6099	No terminal repeats	NA	9	11	0.9715	NA	0	13.4723	Viruses;Duplodnaviria;Heunggongvirae;Uroviricota;Caudoviricetes
genomad_k141_371795	5084	No terminal repeats	NA	10	11	0.9714	NA	2	16.8634	Viruses;Duplodnaviria;Heunggongvirae;Uroviricota;Caudoviricetes
genomad_k141_2707754	5827	No terminal repeats	NA	7	11	0.9714	NA	2	8.0021	Viruses;Duplodnaviria;Heunggongvirae;Uroviricota;Caudoviricetes
genomad_k141_242621	4949	No terminal repeats	NA	13	11	0.9714	NA	0	18.4625	Viruses;Duplodnaviria;Heunggongvirae;Uroviricota;Caudoviricetes
genomad_k141_2268038	54270	No terminal repeats	NA	56	11	0.9714	NA	5	38.0973	Viruses;Duplodnaviria;Heunggongvirae;Uroviricota;Caudoviricetes;Herelleviridae
genomad_k141_2053334	3758	No terminal repeats	NA	8	11	0.9714	NA	0	7.5048	Viruses;Duplodnaviria;Heunggongvirae;Uroviricota;Caudoviricetes
genomad_k141_3558632	5578	No terminal repeats	NA	5	11	0.9714	NA	0	5.8450	Viruses;Duplodnaviria;Heunggongvirae;Uroviricota;Caudoviricetes
genomad_k141_1260494	9947	No terminal repeats	NA	6	11	0.9714	NA	2	5.9850	Viruses;Duplodnaviria;Heunggongvirae;Uroviricota;Caudoviricetes
genomad_k141_2869310	3748	No terminal repeats	NA	5	11	0.9714	NA	3	4.3230	Viruses;Duplodnaviria;Heunggongvirae;Uroviricota;Caudoviricetes
genomad_k141_1093347	4265	No terminal repeats	NA	9	11	0.9713	NA	0	3.0323	Viruses;Duplodnaviria;Heunggongvirae;Uroviricota;Caudoviricetes
genomad_k141_547043	6900	No terminal repeats	NA	9	11	0.9713	NA	0	5.1548	Viruses;Varidnaviria;Bamfordvirae;Nucleocytoviricota;Megaviricetes;Pimascovirales;Iridoviridae
genomad_k141_1510626	3672	No terminal repeats	NA	5	11	0.9713	NA	2	3.4670	Viruses;Duplodnaviria;Heunggongvirae;Uroviricota;Caudoviricetes
genomad_k141_3757863	6316	No terminal repeats	NA	15	11	0.9713	NA	0	11.5054	Viruses;Duplodnaviria;Heunggongvirae;Uroviricota;Caudoviricetes
genomad_k141_2069971	7151	No terminal repeats	NA	5	11	0.9713	NA	1	7.3457	Viruses;Duplodnaviria;Heunggongvirae;Uroviricota;Caudoviricetes
genomad_k141_2350180	3560	No terminal repeats	NA	6	11	0.9713	NA	1	3.4366	Viruses;Duplodnaviria;Heunggongvirae;Uroviricota;Caudoviricetes;Zobellviridae
genomad_k141_747601	3675	No terminal repeats	NA	6	11	0.9713	NA	2	4.2505	Viruses;Duplodnaviria;Heunggongvirae;Uroviricota;Caudoviricetes
genomad_k141_1933777	3731	No terminal repeats	NA	5	11	0.9713	NA	0	6.8731	Viruses;Duplodnaviria;Heunggongvirae;Uroviricota;Caudoviricetes
genomad_k141_2888101	3225	No terminal repeats	NA	5	11	0.9712	NA	1	6.6129	Viruses;Duplodnaviria;Heunggongvirae;Uroviricota;Caudoviricetes
genomad_k141_562326	4686	No terminal repeats	NA	6	11	0.9712	NA	0	8.5914	Viruses;Duplodnaviria;Heunggongvirae;Uroviricota;Caudoviricetes
genomad_k141_1445315	4595	No terminal repeats	NA	7	11	0.9712	NA	1	4.2046	Viruses;Duplodnaviria;Heunggongvirae;Uroviricota;Caudoviricetes
genomad_k141_713268	40886	No terminal repeats	NA	45	11	0.9712	NA	5	23.2769	Viruses;Duplodnaviria;Heunggongvirae;Uroviricota;Caudoviricetes
genomad_k141_1144267	3775	No terminal repeats	NA	10	11	0.9712	NA	1	6.8495	Viruses;Duplodnaviria;Heunggongvirae;Uroviricota;Caudoviricetes
genomad_k141_1724432	5933	No terminal repeats	NA	9	11	0.9712	NA	0	8.9792	Viruses;Duplodnaviria;Heunggongvirae;Uroviricota;Caudoviricetes
genomad_k141_2578390	8732	No terminal repeats	NA	12	11	0.9712	NA	0	8.1644	Viruses;Varidnaviria;Bamfordvirae;Nucleocytoviricota;Megaviricetes;Algavirales;Phycodnaviridae
genomad_k141_2171650	3539	No terminal repeats	NA	5	11	0.9712	NA	0	6.8731	Viruses;Duplodnaviria;Heunggongvirae;Uroviricota;Caudoviricetes
genomad_k141_3774445	6927	No terminal repeats	NA	10	11	0.9712	NA	0	11.4227	Viruses;Duplodnaviria;Heunggongvirae;Uroviricota;Caudoviricetes
genomad_k141_1278808	4335	No terminal repeats	NA	12	11	0.9712	NA	0	4.4538	Viruses;Duplodnaviria;Heunggongvirae;Uroviricota;Caudoviricetes
genomad_k141_3664150	4266	No terminal repeats	NA	7	11	0.9712	NA	1	6.0643	Viruses;Duplodnaviria;Heunggongvirae;Uroviricota;Caudoviricetes
genomad_k141_1264277	6417	No terminal repeats	NA	9	11	0.9711	NA	0	6.4180	Viruses;Duplodnaviria;Heunggongvirae;Uroviricota;Caudoviricetes
genomad_k141_2195182	7159	No terminal repeats	NA	10	11	0.9711	NA	0	11.1214	Viruses;Duplodnaviria;Heunggongvirae;Uroviricota;Caudoviricetes
genomad_k141_959204	9471	No terminal repeats	NA	29	11	0.9711	NA	0	13.1959	Viruses;Duplodnaviria;Heunggongvirae;Uroviricota;Caudoviricetes
genomad_k141_1908380	5369	No terminal repeats	NA	8	11	0.9711	NA	0	6.0839	Viruses;Duplodnaviria;Heunggongvirae;Uroviricota;Caudoviricetes
genomad_k141_3061853	9328	No terminal repeats	NA	11	11	0.9711	NA	5	14.0398	Viruses;Duplodnaviria;Heunggongvirae;Uroviricota;Caudoviricetes
genomad_k141_2878152	4377	No terminal repeats	NA	14	11	0.9711	NA	0	6.3943	Viruses;Duplodnaviria;Heunggongvirae;Uroviricota;Caudoviricetes
genomad_k141_2968048	5975	No terminal repeats	NA	6	11	0.9711	NA	2	2.8789	Viruses;Duplodnaviria;Heunggongvirae;Uroviricota;Caudoviricetes
genomad_k141_1567680	4639	No terminal repeats	NA	5	11	0.9711	NA	0	6.8654	Viruses;Duplodnaviria;Heunggongvirae;Uroviricota;Caudoviricetes
genomad_k141_2313257	4249	No terminal repeats	NA	7	11	0.9711	NA	1	10.3097	Viruses;Duplodnaviria;Heunggongvirae;Uroviricota;Caudoviricetes
genomad_k141_130277	8269	No terminal repeats	NA	15	11	0.9711	NA	0	18.7915	Viruses;Duplodnaviria;Heunggongvirae;Uroviricota;Caudoviricetes
genomad_k141_97053	4776	No terminal repeats	NA	7	11	0.9711	NA	0	9.9227	Viruses;Duplodnaviria;Heunggongvirae;Uroviricota;Caudoviricetes
genomad_k141_1850400	4543	No terminal repeats	NA	7	11	0.9711	NA	3	10.0836	Viruses;Duplodnaviria;Heunggongvirae;Uroviricota;Caudoviricetes
genomad_k141_139200	3964	No terminal repeats	NA	6	11	0.9711	NA	1	6.3158	Viruses;Duplodnaviria;Heunggongvirae;Uroviricota;Caudoviricetes
genomad_k141_2339120	4263	No terminal repeats	NA	6	11	0.9711	NA	1	4.5420	Viruses;Duplodnaviria;Heunggongvirae;Uroviricota;Caudoviricetes
genomad_k141_2290285	5183	No terminal repeats	NA	7	11	0.9711	NA	1	5.7531	Viruses;Duplodnaviria;Heunggongvirae;Uroviricota;Caudoviricetes
genomad_k141_1317694	6159	No terminal repeats	NA	10	11	0.9711	NA	2	6.6661	Viruses;Duplodnaviria;Heunggongvirae;Uroviricota;Caudoviricetes
genomad_k141_247545	5335	No terminal repeats	NA	10	11	0.9710	NA	1	7.0767	Viruses;Duplodnaviria;Heunggongvirae;Uroviricota;Caudoviricetes
genomad_k141_10875	4944	No terminal repeats	NA	7	11	0.9710	NA	1	8.5288	Viruses;Duplodnaviria;Heunggongvirae;Uroviricota;Caudoviricetes
genomad_k141_954642	4399	No terminal repeats	NA	7	11	0.9710	NA	0	4.6271	Viruses;Duplodnaviria;Heunggongvirae;Uroviricota;Caudoviricetes
genomad_k141_748135	9466	No terminal repeats	NA	13	11	0.9710	NA	0	12.3916	Viruses;Duplodnaviria;Heunggongvirae;Uroviricota;Caudoviricetes
genomad_k141_895535	3635	No terminal repeats	NA	5	11	0.9710	NA	1	2.9926	Viruses;Duplodnaviria;Heunggongvirae;Uroviricota;Caudoviricetes
genomad_k141_851332	7432	No terminal repeats	NA	11	11	0.9710	NA	1	6.1310	Viruses;Duplodnaviria;Heunggongvirae;Uroviricota;Caudoviricetes
genomad_k141_2977863	3977	No terminal repeats	NA	10	11	0.9710	NA	0	12.0205	Viruses;Duplodnaviria;Heunggongvirae;Uroviricota;Caudoviricetes
genomad_k141_271332	9101	No terminal repeats	NA	13	11	0.9709	NA	0	18.5172	Viruses;Duplodnaviria;Heunggongvirae;Uroviricota;Caudoviricetes
genomad_k141_2094144	4001	No terminal repeats	NA	8	11	0.9709	NA	0	7.3675	Viruses;Duplodnaviria;Heunggongvirae;Uroviricota;Caudoviricetes
genomad_k141_534273	5192	No terminal repeats	NA	14	11	0.9709	NA	0	7.8699	Viruses;Duplodnaviria;Heunggongvirae;Uroviricota;Caudoviricetes
genomad_k141_3003346	4272	No terminal repeats	NA	8	11	0.9709	NA	2	11.7012	Viruses;Duplodnaviria;Heunggongvirae;Uroviricota;Caudoviricetes
genomad_k141_1871127	3575	No terminal repeats	NA	5	11	0.9709	NA	0	6.8562	Viruses;Duplodnaviria;Heunggongvirae;Uroviricota;Caudoviricetes
genomad_k141_164722	7440	No terminal repeats	NA	13	11	0.9709	NA	3	17.7638	Viruses;Duplodnaviria;Heunggongvirae;Uroviricota;Caudoviricetes
genomad_k141_2586635	5431	No terminal repeats	NA	13	11	0.9709	NA	0	14.7161	Viruses;Duplodnaviria;Heunggongvirae;Uroviricota;Caudoviricetes
virsorter2_k141_1927250||full	39656	No terminal repeats	NA	55	11	0.9709	NA	14	35.9710	Viruses;Duplodnaviria;Heunggongvirae;Uroviricota;Caudoviricetes
genomad_k141_747180	6575	No terminal repeats	NA	11	11	0.9709	NA	2	7.1254	Viruses;Duplodnaviria;Heunggongvirae;Uroviricota;Caudoviricetes
genomad_k141_2289083	5532	No terminal repeats	NA	14	11	0.9709	NA	0	15.9302	Viruses;Duplodnaviria;Heunggongvirae;Uroviricota;Caudoviricetes
genomad_k141_3312969	6003	No terminal repeats	NA	7	11	0.9709	NA	1	5.1548	Unclassified
genomad_k141_3587863	4004	No terminal repeats	NA	9	11	0.9709	NA	0	13.7463	Viruses;Duplodnaviria;Heunggongvirae;Uroviricota;Caudoviricetes
genomad_k141_1546738	3501	No terminal repeats	NA	6	11	0.9709	NA	0	6.6237	Viruses;Duplodnaviria;Heunggongvirae;Uroviricota;Caudoviricetes
genomad_k141_3800249	56661	DTR	NA	80	11	0.9708	NA	5	65.5249	Viruses;Duplodnaviria;Heunggongvirae;Uroviricota;Caudoviricetes
genomad_k141_2319386	4302	No terminal repeats	NA	11	11	0.9708	NA	1	5.5313	Viruses;Duplodnaviria;Heunggongvirae;Uroviricota;Caudoviricetes
genomad_k141_3430048	4011	No terminal repeats	NA	5	11	0.9708	NA	0	4.9104	Unclassified
genomad_k141_3711500	8050	No terminal repeats	NA	5	15	0.9708	NA	0	8.0510	Viruses;Duplodnaviria;Heunggongvirae;Uroviricota;Caudoviricetes
genomad_k141_974564	5275	No terminal repeats	NA	15	11	0.9708	NA	0	6.4856	Viruses;Duplodnaviria;Heunggongvirae;Uroviricota;Caudoviricetes
genomad_k141_2216473	5828	No terminal repeats	NA	8	11	0.9708	NA	1	7.2322	Viruses;Varidnaviria;Bamfordvirae;Nucleocytoviricota;Megaviricetes
genomad_k141_2035972	4056	No terminal repeats	NA	15	11	0.9708	NA	1	7.2974	Viruses;Duplodnaviria;Heunggongvirae;Uroviricota;Caudoviricetes
genomad_k141_2108510	9833	No terminal repeats	NA	19	11	0.9708	NA	1	13.9108	Viruses;Duplodnaviria;Heunggongvirae;Uroviricota;Caudoviricetes
genomad_k141_2462065	7952	No terminal repeats	NA	10	11	0.9708	NA	1	4.4937	Viruses;Duplodnaviria;Heunggongvirae;Uroviricota;Caudoviricetes
genomad_k141_2191	4084	No terminal repeats	NA	6	11	0.9708	NA	1	5.9147	Viruses;Duplodnaviria;Heunggongvirae;Uroviricota;Caudoviricetes
genomad_k141_1647930	9852	No terminal repeats	NA	21	11	0.9707	NA	1	33.9734	Viruses;Duplodnaviria;Heunggongvirae;Uroviricota;Caudoviricetes
genomad_k141_105901	5673	No terminal repeats	NA	8	11	0.9707	NA	1	11.2504	Viruses;Duplodnaviria;Heunggongvirae;Uroviricota;Caudoviricetes
genomad_k141_2947479	5750	No terminal repeats	NA	12	11	0.9707	NA	0	9.7716	Viruses;Duplodnaviria;Heunggongvirae;Uroviricota;Caudoviricetes
genomad_k141_818323	5886	No terminal repeats	NA	5	11	0.9707	NA	0	4.2890	Viruses;Duplodnaviria;Heunggongvirae;Uroviricota;Caudoviricetes
genomad_k141_2601260	6450	No terminal repeats	NA	12	11	0.9707	NA	2	4.2742	Viruses;Duplodnaviria;Heunggongvirae;Uroviricota;Caudoviricetes
genomad_k141_2365036	5436	No terminal repeats	NA	9	11	0.9707	NA	4	14.8838	Viruses;Duplodnaviria;Heunggongvirae;Uroviricota;Caudoviricetes
genomad_k141_3800285	158275	DTR	NA	179	11	0.9707	NA	15	75.8399	Viruses;Duplodnaviria;Heunggongvirae;Uroviricota;Caudoviricetes
genomad_k141_900326	9689	No terminal repeats	NA	17	11	0.9706	NA	1	13.4243	Viruses;Duplodnaviria;Heunggongvirae;Uroviricota;Caudoviricetes
genomad_k141_790274	3990	No terminal repeats	NA	10	11	0.9706	NA	0	6.2664	Viruses;Duplodnaviria;Heunggongvirae;Uroviricota;Caudoviricetes
genomad_k141_1674546	3991	No terminal repeats	NA	10	11	0.9706	NA	1	8.5914	Viruses;Duplodnaviria;Heunggongvirae;Uroviricota;Caudoviricetes
genomad_k141_899057	7992	No terminal repeats	NA	12	11	0.9706	NA	2	4.5587	Viruses;Duplodnaviria;Heunggongvirae;Uroviricota;Caudoviricetes
genomad_k141_2472525	5425	No terminal repeats	NA	8	11	0.9706	NA	0	6.2408	Viruses;Duplodnaviria;Heunggongvirae;Uroviricota;Caudoviricetes
genomad_k141_1380564	6819	No terminal repeats	NA	8	11	0.9706	NA	1	10.3083	Viruses;Duplodnaviria;Heunggongvirae;Uroviricota;Caudoviricetes
genomad_k141_1428954	4658	No terminal repeats	NA	7	11	0.9706	NA	1	10.2693	Viruses;Duplodnaviria;Heunggongvirae;Uroviricota;Caudoviricetes
genomad_k141_2264141	3751	No terminal repeats	NA	6	11	0.9706	NA	0	3.8729	Viruses;Duplodnaviria;Heunggongvirae;Uroviricota;Caudoviricetes
genomad_k141_1907012	7724	No terminal repeats	NA	14	11	0.9706	NA	1	13.8130	Viruses;Duplodnaviria;Heunggongvirae;Uroviricota;Caudoviricetes
genomad_k141_1990628	3568	No terminal repeats	NA	10	11	0.9706	NA	0	3.2503	Viruses;Duplodnaviria;Heunggongvirae;Uroviricota;Caudoviricetes
genomad_k141_1098836	4794	No terminal repeats	NA	9	11	0.9705	NA	0	12.9086	Viruses;Duplodnaviria;Heunggongvirae;Uroviricota;Caudoviricetes
genomad_k141_783210	4580	No terminal repeats	NA	7	11	0.9705	NA	0	11.7418	Viruses;Duplodnaviria;Heunggongvirae;Uroviricota;Caudoviricetes
genomad_k141_2426995	5933	No terminal repeats	NA	10	11	0.9705	NA	0	15.3006	Viruses;Duplodnaviria;Heunggongvirae;Uroviricota;Caudoviricetes
genomad_k141_1080730	9847	No terminal repeats	NA	13	11	0.9705	NA	1	11.0091	Viruses;Duplodnaviria;Heunggongvirae;Uroviricota;Caudoviricetes
genomad_k141_954467	7559	No terminal repeats	NA	12	11	0.9705	NA	2	4.7145	Viruses;Duplodnaviria;Heunggongvirae;Uroviricota;Caudoviricetes
genomad_k141_2024004	4389	No terminal repeats	NA	12	11	0.9705	NA	0	3.1187	Viruses;Duplodnaviria;Heunggongvirae;Uroviricota;Caudoviricetes
genomad_k141_1990357	7514	No terminal repeats	NA	8	11	0.9705	NA	0	5.3797	Viruses;Duplodnaviria;Heunggongvirae;Uroviricota;Caudoviricetes
genomad_k141_3049117	4194	No terminal repeats	NA	5	11	0.9705	NA	0	4.3505	Viruses;Duplodnaviria;Heunggongvirae;Uroviricota;Caudoviricetes
genomad_k141_594096	6179	No terminal repeats	NA	5	11	0.9705	NA	0	2.7622	Viruses;Duplodnaviria;Heunggongvirae;Uroviricota;Caudoviricetes
genomad_k141_2263877	4157	No terminal repeats	NA	11	11	0.9705	NA	2	9.7884	Viruses;Duplodnaviria;Heunggongvirae;Uroviricota;Caudoviricetes
genomad_k141_371974	4611	No terminal repeats	NA	10	11	0.9704	NA	0	10.3097	Viruses;Duplodnaviria;Heunggongvirae;Uroviricota;Caudoviricetes
genomad_k141_1453456	5984	No terminal repeats	NA	10	11	0.9704	NA	3	10.2341	Viruses;Duplodnaviria;Heunggongvirae;Uroviricota;Caudoviricetes
genomad_k141_2875167	4448	No terminal repeats	NA	10	11	0.9704	NA	1	9.5999	Viruses;Duplodnaviria;Heunggongvirae;Uroviricota;Caudoviricetes
genomad_k141_3588897	4920	No terminal repeats	NA	8	11	0.9704	NA	0	4.9827	Viruses;Duplodnaviria;Heunggongvirae;Uroviricota;Caudoviricetes
genomad_k141_2576917	8950	No terminal repeats	NA	9	11	0.9704	NA	0	3.4351	Unclassified
genomad_k141_1173413	3771	No terminal repeats	NA	8	11	0.9704	NA	2	7.4384	Viruses;Duplodnaviria;Heunggongvirae;Uroviricota;Caudoviricetes
genomad_k141_187678	4642	No terminal repeats	NA	11	11	0.9703	NA	0	16.3412	Viruses;Duplodnaviria;Heunggongvirae;Uroviricota;Caudoviricetes
genomad_k141_2989072	7577	No terminal repeats	NA	21	11	0.9703	NA	0	12.0195	Viruses;Duplodnaviria;Heunggongvirae;Uroviricota;Caudoviricetes
genomad_k141_3379142	5671	No terminal repeats	NA	7	11	0.9703	NA	0	11.9889	Viruses;Duplodnaviria;Heunggongvirae;Uroviricota;Caudoviricetes
genomad_k141_2456036	3820	No terminal repeats	NA	8	11	0.9703	NA	0	6.8770	Viruses;Duplodnaviria;Heunggongvirae;Uroviricota;Caudoviricetes
genomad_k141_3314137	4030	No terminal repeats	NA	9	11	0.9702	NA	0	6.5819	Viruses;Duplodnaviria;Heunggongvirae;Uroviricota;Caudoviricetes
genomad_k141_385750	4967	No terminal repeats	NA	5	11	0.9702	NA	2	4.5467	Viruses;Duplodnaviria;Heunggongvirae;Uroviricota;Caudoviricetes
genomad_k141_807954	6432	No terminal repeats	NA	5	11	0.9702	NA	1	4.5315	Viruses;Duplodnaviria;Heunggongvirae;Uroviricota;Caudoviricetes
genomad_k141_3566104	8077	No terminal repeats	NA	7	11	0.9702	NA	0	3.4345	Viruses;Varidnaviria;Bamfordvirae;Nucleocytoviricota;Megaviricetes;Imitervirales;Mimiviridae
genomad_k141_1387106	8866	No terminal repeats	NA	15	11	0.9701	NA	1	10.3985	Viruses;Duplodnaviria;Heunggongvirae;Uroviricota;Caudoviricetes
genomad_k141_1282840	8339	No terminal repeats	NA	12	11	0.9701	NA	2	4.3346	Viruses;Duplodnaviria;Heunggongvirae;Uroviricota;Caudoviricetes
genomad_k141_2243513	3520	No terminal repeats	NA	8	11	0.9701	NA	1	6.4361	Viruses;Duplodnaviria;Heunggongvirae;Uroviricota;Caudoviricetes
genomad_k141_3478301	9406	No terminal repeats	NA	19	11	0.9701	NA	2	17.5252	Viruses;Duplodnaviria;Heunggongvirae;Uroviricota;Caudoviricetes
genomad_k141_1796797	6184	No terminal repeats	NA	5	11	0.9701	NA	0	4.6121	Viruses;Duplodnaviria;Heunggongvirae;Uroviricota;Caudoviricetes
genomad_k141_1811912	3610	No terminal repeats	NA	6	11	0.9701	NA	1	6.9842	Viruses;Duplodnaviria;Heunggongvirae;Uroviricota;Caudoviricetes
genomad_k141_3797849	8030	No terminal repeats	NA	10	11	0.9701	NA	3	4.4993	Viruses;Duplodnaviria;Heunggongvirae;Uroviricota;Caudoviricetes
genomad_k141_2798456	9951	No terminal repeats	NA	7	11	0.9701	NA	0	9.3780	Viruses;Duplodnaviria;Heunggongvirae;Uroviricota;Caudoviricetes
genomad_k141_2595614	6398	No terminal repeats	NA	13	11	0.9701	NA	0	13.0984	Viruses;Duplodnaviria;Heunggongvirae;Uroviricota;Caudoviricetes
genomad_k141_1254769	7410	No terminal repeats	NA	11	11	0.9701	NA	1	3.1031	Viruses;Duplodnaviria;Heunggongvirae;Uroviricota;Caudoviricetes
genomad_k141_376971	8915	No terminal repeats	NA	12	11	0.9701	NA	3	11.9234	Viruses;Duplodnaviria;Heunggongvirae;Uroviricota;Caudoviricetes
genomad_k141_3307885	8614	No terminal repeats	NA	17	11	0.9701	NA	1	10.3953	Viruses;Duplodnaviria;Heunggongvirae;Uroviricota;Caudoviricetes
genomad_k141_1999247	4773	No terminal repeats	NA	5	11	0.9700	NA	3	6.3732	Viruses;Duplodnaviria;Heunggongvirae;Uroviricota;Caudoviricetes
genomad_k141_2976514	9034	No terminal repeats	NA	22	11	0.9700	NA	1	4.3656	Viruses;Duplodnaviria;Heunggongvirae;Uroviricota;Caudoviricetes
genomad_k141_3371969	3999	No terminal repeats	NA	7	11	0.9700	NA	0	4.7101	Viruses;Duplodnaviria;Heunggongvirae;Uroviricota;Caudoviricetes
genomad_k141_4568	3639	No terminal repeats	NA	5	11	0.9700	NA	0	6.8731	Viruses;Duplodnaviria;Heunggongvirae;Uroviricota;Caudoviricetes
genomad_k141_2035637	3930	No terminal repeats	NA	7	11	0.9700	NA	0	4.2506	Viruses;Duplodnaviria;Heunggongvirae;Uroviricota;Caudoviricetes
genomad_k141_1555771	3564	No terminal repeats	NA	11	11	0.9700	NA	0	5.1548	Viruses;Duplodnaviria;Heunggongvirae;Uroviricota;Caudoviricetes
genomad_k141_1926298	7184	No terminal repeats	NA	8	11	0.9700	NA	0	4.3321	Viruses;Duplodnaviria;Heunggongvirae;Uroviricota;Caudoviricetes
genomad_k141_2629761	4540	No terminal repeats	NA	14	11	0.9700	NA	1	5.5100	Viruses;Duplodnaviria;Heunggongvirae;Uroviricota;Caudoviricetes
genomad_k141_2856040	6407	No terminal repeats	NA	13	11	0.9700	NA	1	5.9155	Viruses;Duplodnaviria;Heunggongvirae;Uroviricota;Caudoviricetes
genomad_k141_3800269	45928	DTR	NA	64	11	0.9699	NA	6	51.2998	Viruses;Duplodnaviria;Heunggongvirae;Uroviricota;Caudoviricetes
genomad_k141_2028604	3807	No terminal repeats	NA	6	11	0.9699	NA	0	9.1526	Viruses;Duplodnaviria;Heunggongvirae;Uroviricota;Caudoviricetes
genomad_k141_2548554	4633	No terminal repeats	NA	6	11	0.9699	NA	1	8.1914	Viruses;Duplodnaviria;Heunggongvirae;Uroviricota;Caudoviricetes
genomad_k141_1375412	6505	No terminal repeats	NA	8	11	0.9699	NA	2	4.7213	Viruses;Duplodnaviria;Heunggongvirae;Uroviricota;Caudoviricetes
genomad_k141_3447723	5626	No terminal repeats	NA	9	11	0.9699	NA	1	8.5905	Viruses;Duplodnaviria;Heunggongvirae;Uroviricota;Caudoviricetes
genomad_k141_3016892	4067	No terminal repeats	NA	5	11	0.9699	NA	1	5.1353	Viruses;Duplodnaviria;Heunggongvirae;Uroviricota;Caudoviricetes
genomad_k141_1207680	6362	No terminal repeats	NA	5	11	0.9698	NA	1	8.5914	Viruses;Duplodnaviria;Heunggongvirae;Uroviricota;Caudoviricetes
genomad_k141_1063640	4781	No terminal repeats	NA	6	11	0.9698	NA	1	6.1432	Viruses;Duplodnaviria;Heunggongvirae;Uroviricota;Caudoviricetes
genomad_k141_452621	4293	No terminal repeats	NA	6	11	0.9698	NA	1	3.4366	Viruses;Duplodnaviria;Heunggongvirae;Uroviricota;Caudoviricetes
genomad_k141_2083864	8338	No terminal repeats	NA	8	11	0.9698	NA	2	2.7913	Viruses;Duplodnaviria;Heunggongvirae;Uroviricota;Caudoviricetes
genomad_k141_2825219	25238	No terminal repeats	NA	37	11	0.9698	NA	6	32.8878	Viruses;Duplodnaviria;Heunggongvirae;Uroviricota;Caudoviricetes
genomad_k141_3352755	5946	No terminal repeats	NA	11	11	0.9697	NA	1	12.0280	Viruses;Duplodnaviria;Heunggongvirae;Uroviricota;Caudoviricetes
genomad_k141_2799754	5589	No terminal repeats	NA	15	11	0.9697	NA	0	3.8775	Viruses;Duplodnaviria;Heunggongvirae;Uroviricota;Caudoviricetes
genomad_k141_2578158	3714	No terminal repeats	NA	6	11	0.9697	NA	1	8.0847	Viruses;Duplodnaviria;Heunggongvirae;Uroviricota;Caudoviricetes
genomad_k141_1929536	3850	No terminal repeats	NA	7	11	0.9697	NA	2	7.9228	Viruses;Duplodnaviria;Heunggongvirae;Uroviricota;Caudoviricetes;Thumleimavirales;Hafunaviridae
genomad_k141_1375124	3909	No terminal repeats	NA	8	11	0.9697	NA	2	9.3602	Viruses;Duplodnaviria;Heunggongvirae;Uroviricota;Caudoviricetes
genomad_k141_3202711	4274	No terminal repeats	NA	7	11	0.9697	NA	0	2.8284	Viruses;Duplodnaviria;Heunggongvirae;Uroviricota;Caudoviricetes
genomad_k141_3110346	7038	No terminal repeats	NA	14	11	0.9697	NA	0	7.6913	Viruses;Duplodnaviria;Heunggongvirae;Uroviricota;Caudoviricetes
genomad_k141_3004373	3848	No terminal repeats	NA	6	11	0.9696	NA	1	10.2484	Viruses;Duplodnaviria;Heunggongvirae;Uroviricota;Caudoviricetes
genomad_k141_2549612	4429	No terminal repeats	NA	11	11	0.9696	NA	0	7.7435	Viruses;Duplodnaviria;Heunggongvirae;Uroviricota;Caudoviricetes
genomad_k141_2728766	3766	No terminal repeats	NA	8	11	0.9696	NA	1	4.4185	Viruses;Duplodnaviria;Heunggongvirae;Uroviricota;Caudoviricetes
genomad_k141_1076283	4401	No terminal repeats	NA	11	11	0.9696	NA	0	4.4612	Viruses;Duplodnaviria;Heunggongvirae;Uroviricota;Caudoviricetes
genomad_k141_1674746	8658	No terminal repeats	NA	20	11	0.9696	NA	0	16.6853	Viruses;Duplodnaviria;Heunggongvirae;Uroviricota;Caudoviricetes
genomad_k141_3746655	3635	No terminal repeats	NA	6	11	0.9696	NA	3	9.0586	Viruses;Duplodnaviria;Heunggongvirae;Uroviricota;Caudoviricetes
genomad_k141_3678333	3575	No terminal repeats	NA	5	11	0.9696	NA	1	6.8731	Viruses;Duplodnaviria;Heunggongvirae;Uroviricota;Caudoviricetes
genomad_k141_3013549	5403	No terminal repeats	NA	13	11	0.9696	NA	0	3.1170	Viruses;Duplodnaviria;Heunggongvirae;Uroviricota;Caudoviricetes
genomad_k141_1628632	36741	DTR	NA	70	11	0.9696	NA	11	56.4505	Viruses;Duplodnaviria;Heunggongvirae;Uroviricota;Caudoviricetes
genomad_k141_2986321	3899	No terminal repeats	NA	5	11	0.9696	NA	1	6.8731	Viruses;Duplodnaviria;Heunggongvirae;Uroviricota;Caudoviricetes
genomad_k141_3353844	3966	No terminal repeats	NA	7	11	0.9695	NA	2	3.4124	Viruses;Duplodnaviria;Heunggongvirae;Uroviricota;Caudoviricetes
genomad_k141_1711132	5113	No terminal repeats	NA	10	11	0.9695	NA	0	6.8714	Viruses;Varidnaviria;Helvetiavirae;Dividoviricota;Laserviricetes;Halopanivirales;Sphaerolipoviridae
genomad_k141_1129773	9410	No terminal repeats	NA	8	11	0.9695	NA	2	4.8428	Viruses;Duplodnaviria;Heunggongvirae;Uroviricota;Caudoviricetes
genomad_k141_1146633	6526	No terminal repeats	NA	6	11	0.9695	NA	0	5.1527	Viruses;Varidnaviria;Bamfordvirae;Nucleocytoviricota;Megaviricetes;Pimascovirales;Iridoviridae
genomad_k141_1644753	5167	No terminal repeats	NA	7	11	0.9695	NA	0	4.3906	Viruses;Duplodnaviria;Heunggongvirae;Uroviricota;Caudoviricetes;Straboviridae
genomad_k141_612634	4058	No terminal repeats	NA	8	11	0.9695	NA	0	4.1179	Viruses;Duplodnaviria;Heunggongvirae;Uroviricota;Caudoviricetes
genomad_k141_2784615	3505	No terminal repeats	NA	5	11	0.9695	NA	1	4.8260	Viruses;Duplodnaviria;Heunggongvirae;Uroviricota;Caudoviricetes
genomad_k141_910854	7910	No terminal repeats	NA	9	11	0.9695	NA	2	14.7937	Viruses;Duplodnaviria;Heunggongvirae;Uroviricota;Caudoviricetes
genomad_k141_508338	30076	No terminal repeats	NA	44	11	0.9695	NA	7	27.5590	Viruses;Duplodnaviria;Heunggongvirae;Uroviricota;Caudoviricetes
genomad_k141_2508989	8536	No terminal repeats	NA	15	11	0.9695	NA	3	24.7982	Viruses;Duplodnaviria;Heunggongvirae;Uroviricota;Caudoviricetes
genomad_k141_476313	5352	No terminal repeats	NA	16	11	0.9695	NA	1	13.1119	Viruses;Duplodnaviria;Heunggongvirae;Uroviricota;Caudoviricetes
genomad_k141_2467858	3949	No terminal repeats	NA	5	11	0.9695	NA	0	3.0722	Viruses;Duplodnaviria;Heunggongvirae;Uroviricota;Caudoviricetes
genomad_k141_1139982	3797	No terminal repeats	NA	6	11	0.9694	NA	1	4.8216	Viruses;Duplodnaviria;Heunggongvirae;Uroviricota;Caudoviricetes
genomad_k141_3195481	9900	No terminal repeats	NA	14	11	0.9694	NA	2	18.8302	Viruses;Duplodnaviria;Heunggongvirae;Uroviricota;Caudoviricetes
genomad_k141_1173715	3671	No terminal repeats	NA	7	11	0.9694	NA	1	9.2177	Viruses;Duplodnaviria;Heunggongvirae;Uroviricota;Caudoviricetes
genomad_k141_3452816	7158	No terminal repeats	NA	10	11	0.9694	NA	0	3.1479	Viruses;Duplodnaviria;Heunggongvirae;Uroviricota;Caudoviricetes
genomad_k141_1206108	3976	No terminal repeats	NA	10	11	0.9694	NA	0	4.8269	Viruses;Duplodnaviria;Heunggongvirae;Uroviricota;Caudoviricetes;Casjensviridae
genomad_k141_672840	7559	No terminal repeats	NA	20	11	0.9694	NA	1	14.3767	Viruses;Duplodnaviria;Heunggongvirae;Uroviricota;Caudoviricetes
genomad_k141_1002195	3918	No terminal repeats	NA	6	11	0.9694	NA	0	3.4366	Viruses;Duplodnaviria;Heunggongvirae;Uroviricota;Caudoviricetes
genomad_k141_1520618	3679	No terminal repeats	NA	7	11	0.9694	NA	1	3.6320	Viruses;Duplodnaviria;Heunggongvirae;Uroviricota;Caudoviricetes
genomad_k141_923956	4268	No terminal repeats	NA	6	11	0.9694	NA	2	10.3097	Viruses;Duplodnaviria;Heunggongvirae;Uroviricota;Caudoviricetes
genomad_k141_1310763	4202	No terminal repeats	NA	9	11	0.9694	NA	0	4.3217	Viruses;Duplodnaviria;Heunggongvirae;Uroviricota;Caudoviricetes
genomad_k141_852981	3590	No terminal repeats	NA	12	11	0.9693	NA	1	4.6277	Viruses;Duplodnaviria;Heunggongvirae;Uroviricota;Caudoviricetes
genomad_k141_358021	31749	No terminal repeats	NA	49	11	0.9693	NA	9	40.4204	Viruses;Duplodnaviria;Heunggongvirae;Uroviricota;Caudoviricetes
genomad_k141_3060852	4824	No terminal repeats	NA	15	11	0.9693	NA	0	9.7881	Viruses;Duplodnaviria;Heunggongvirae;Uroviricota;Caudoviricetes
genomad_k141_611949	3961	No terminal repeats	NA	6	11	0.9693	NA	2	2.9260	Viruses;Duplodnaviria;Heunggongvirae;Uroviricota;Caudoviricetes
genomad_k141_696116	4761	No terminal repeats	NA	11	11	0.9693	NA	1	4.4732	Viruses;Duplodnaviria;Heunggongvirae;Uroviricota;Caudoviricetes
genomad_k141_149938	3701	No terminal repeats	NA	5	11	0.9693	NA	1	3.4366	Viruses;Duplodnaviria;Heunggongvirae;Uroviricota;Caudoviricetes
genomad_k141_2144620	4876	No terminal repeats	NA	5	11	0.9693	NA	0	8.5884	Viruses;Duplodnaviria;Heunggongvirae;Uroviricota;Caudoviricetes
genomad_k141_896952	5489	No terminal repeats	NA	10	11	0.9693	NA	0	4.9922	Viruses;Duplodnaviria;Heunggongvirae;Uroviricota;Caudoviricetes
genomad_k141_169984	7004	No terminal repeats	NA	8	11	0.9693	NA	4	8.8758	Viruses;Duplodnaviria;Heunggongvirae;Uroviricota;Caudoviricetes
genomad_k141_1865643	3813	No terminal repeats	NA	5	11	0.9693	NA	0	3.4366	Viruses;Varidnaviria;Bamfordvirae;Nucleocytoviricota;Megaviricetes;Algavirales;Phycodnaviridae
genomad_k141_3140709	4348	No terminal repeats	NA	7	11	0.9693	NA	0	6.8731	Viruses;Duplodnaviria;Heunggongvirae;Uroviricota;Caudoviricetes
genomad_k141_1568285	6647	No terminal repeats	NA	13	11	0.9692	NA	0	5.1043	Viruses;Duplodnaviria;Heunggongvirae;Uroviricota;Caudoviricetes
genomad_k141_315057	4426	No terminal repeats	NA	9	11	0.9692	NA	0	6.0703	Viruses;Duplodnaviria;Heunggongvirae;Uroviricota;Caudoviricetes
genomad_k141_2559421	5909	No terminal repeats	NA	7	11	0.9692	NA	1	3.3274	Viruses;Duplodnaviria;Heunggongvirae;Uroviricota;Caudoviricetes
genomad_k141_1221409	3501	No terminal repeats	NA	6	11	0.9692	NA	1	4.9972	Viruses;Duplodnaviria;Heunggongvirae;Uroviricota;Caudoviricetes
genomad_k141_727456	3687	No terminal repeats	NA	13	11	0.9692	NA	1	3.4366	Viruses;Duplodnaviria;Heunggongvirae;Uroviricota;Caudoviricetes
genomad_k141_2934111	28715	No terminal repeats	NA	40	11	0.9692	NA	8	32.1065	Viruses;Duplodnaviria;Heunggongvirae;Uroviricota;Caudoviricetes
genomad_k141_3413428	4349	No terminal repeats	NA	9	11	0.9692	NA	1	5.9493	Viruses;Duplodnaviria;Heunggongvirae;Uroviricota;Caudoviricetes
genomad_k141_1526422	4140	No terminal repeats	NA	7	11	0.9691	NA	1	6.2642	Viruses;Duplodnaviria;Heunggongvirae;Uroviricota;Caudoviricetes
genomad_k141_2719240	3731	No terminal repeats	NA	6	11	0.9691	NA	1	4.8581	Viruses;Duplodnaviria;Heunggongvirae;Uroviricota;Caudoviricetes
genomad_k141_387172	8336	No terminal repeats	NA	8	11	0.9691	NA	1	3.4025	Viruses;Duplodnaviria;Heunggongvirae;Uroviricota;Caudoviricetes
genomad_k141_2323683	5793	No terminal repeats	NA	14	11	0.9691	NA	0	8.5769	Viruses;Duplodnaviria;Heunggongvirae;Uroviricota;Caudoviricetes;Straboviridae
genomad_k141_2307933	5494	No terminal repeats	NA	6	11	0.9691	NA	0	9.8797	Viruses;Duplodnaviria;Heunggongvirae;Uroviricota;Caudoviricetes
genomad_k141_1716075	5938	No terminal repeats	NA	5	11	0.9691	NA	0	3.4143	Viruses;Duplodnaviria;Heunggongvirae;Uroviricota;Caudoviricetes
genomad_k141_2957596	9899	No terminal repeats	NA	14	11	0.9691	NA	1	16.9244	Unclassified
genomad_k141_1111704	3707	No terminal repeats	NA	10	11	0.9690	NA	0	7.7025	Viruses;Duplodnaviria;Heunggongvirae;Uroviricota;Caudoviricetes
genomad_k141_3280433	20050	No terminal repeats	NA	28	11	0.9690	NA	2	10.4054	Viruses;Duplodnaviria;Heunggongvirae;Uroviricota;Caudoviricetes
genomad_k141_3162219	9028	No terminal repeats	NA	15	11	0.9690	NA	0	24.9682	Viruses;Duplodnaviria;Heunggongvirae;Uroviricota;Caudoviricetes
genomad_k141_1073274	4231	No terminal repeats	NA	14	11	0.9690	NA	0	4.4930	Viruses;Duplodnaviria;Heunggongvirae;Uroviricota;Caudoviricetes
genomad_k141_2953143	9819	No terminal repeats	NA	20	11	0.9690	NA	0	7.1962	Viruses;Duplodnaviria;Heunggongvirae;Uroviricota;Caudoviricetes
genomad_k141_957231	9403	No terminal repeats	NA	8	11	0.9690	NA	1	10.7225	Viruses;Duplodnaviria;Heunggongvirae;Uroviricota;Caudoviricetes
genomad_k141_3800195	33819	DTR	NA	46	11	0.9690	NA	3	19.0893	Viruses;Duplodnaviria;Heunggongvirae;Uroviricota;Caudoviricetes
genomad_k141_2783397	3842	No terminal repeats	NA	9	11	0.9690	NA	1	4.7832	Viruses;Duplodnaviria;Heunggongvirae;Uroviricota;Caudoviricetes
genomad_k141_1431332	4865	No terminal repeats	NA	6	11	0.9690	NA	2	4.4620	Viruses;Duplodnaviria;Heunggongvirae;Uroviricota;Caudoviricetes
genomad_k141_795114	4770	No terminal repeats	NA	5	11	0.9690	NA	0	6.5326	Viruses;Duplodnaviria;Heunggongvirae;Uroviricota;Caudoviricetes
genomad_k141_917985	7705	No terminal repeats	NA	10	11	0.9689	NA	0	12.5331	Viruses;Duplodnaviria;Heunggongvirae;Uroviricota;Caudoviricetes
genomad_k141_1953349	5498	No terminal repeats	NA	9	11	0.9689	NA	0	3.3681	Viruses;Duplodnaviria;Heunggongvirae;Uroviricota;Caudoviricetes
genomad_k141_1557511	8543	No terminal repeats	NA	23	11	0.9689	NA	0	7.3231	Viruses;Duplodnaviria;Heunggongvirae;Uroviricota;Caudoviricetes
genomad_k141_1424943	4349	No terminal repeats	NA	10	11	0.9689	NA	1	8.1805	Viruses;Duplodnaviria;Heunggongvirae;Uroviricota;Caudoviricetes
genomad_k141_922887	6690	No terminal repeats	NA	6	11	0.9688	NA	0	6.1061	Viruses;Duplodnaviria;Heunggongvirae;Uroviricota;Caudoviricetes
genomad_k141_964060	9388	No terminal repeats	NA	10	11	0.9688	NA	1	8.4872	Viruses;Duplodnaviria;Heunggongvirae;Uroviricota;Caudoviricetes
genomad_k141_3593011	7735	No terminal repeats	NA	16	11	0.9688	NA	3	25.1521	Viruses;Duplodnaviria;Heunggongvirae;Uroviricota;Caudoviricetes
genomad_k141_2006559	3997	No terminal repeats	NA	6	11	0.9688	NA	1	6.4628	Viruses;Duplodnaviria;Heunggongvirae;Uroviricota;Caudoviricetes
genomad_k141_548778	3779	No terminal repeats	NA	5	11	0.9687	NA	2	4.9803	Viruses;Duplodnaviria;Heunggongvirae;Uroviricota;Caudoviricetes
genomad_k141_1964588	4377	No terminal repeats	NA	5	11	0.9687	NA	2	2.9420	Viruses;Duplodnaviria;Heunggongvirae;Uroviricota;Caudoviricetes
genomad_k141_3183246	5776	No terminal repeats	NA	10	11	0.9686	NA	1	5.6776	Viruses;Duplodnaviria;Heunggongvirae;Uroviricota;Caudoviricetes
genomad_k141_2516291	4118	No terminal repeats	NA	12	11	0.9686	NA	1	5.3924	Viruses;Duplodnaviria;Heunggongvirae;Uroviricota;Caudoviricetes
genomad_k141_3595606	3634	No terminal repeats	NA	6	11	0.9686	NA	1	7.0514	Viruses;Duplodnaviria;Heunggongvirae;Uroviricota;Caudoviricetes
genomad_k141_25615	9317	No terminal repeats	NA	24	11	0.9686	NA	1	11.6193	Viruses;Duplodnaviria;Heunggongvirae;Uroviricota;Caudoviricetes
genomad_k141_2050486	8845	No terminal repeats	NA	8	11	0.9686	NA	0	2.9463	Viruses;Duplodnaviria;Heunggongvirae;Uroviricota;Caudoviricetes
genomad_k141_2637006	3718	No terminal repeats	NA	5	11	0.9686	NA	4	5.4852	Viruses;Duplodnaviria;Heunggongvirae;Uroviricota;Caudoviricetes
genomad_k141_2798613	3985	No terminal repeats	NA	12	11	0.9685	NA	0	13.7354	Viruses;Duplodnaviria;Heunggongvirae;Uroviricota;Caudoviricetes
genomad_k141_681424	8384	No terminal repeats	NA	6	11	0.9685	NA	0	9.5156	Viruses;Duplodnaviria;Heunggongvirae;Uroviricota;Caudoviricetes
genomad_k141_957436	8799	No terminal repeats	NA	10	11	0.9685	NA	2	5.2072	Viruses;Duplodnaviria;Heunggongvirae;Uroviricota;Caudoviricetes;Vertoviridae
genomad_k141_1850949	41496	No terminal repeats	NA	64	11	0.9685	NA	4	53.2965	Viruses;Duplodnaviria;Heunggongvirae;Uroviricota;Caudoviricetes
genomad_k141_574125	23041	No terminal repeats	NA	28	11	0.9685	NA	8	24.8482	Viruses;Duplodnaviria;Heunggongvirae;Uroviricota;Caudoviricetes
genomad_k141_3453500	4462	No terminal repeats	NA	6	11	0.9685	NA	0	7.7373	Viruses;Duplodnaviria;Heunggongvirae;Uroviricota;Caudoviricetes
genomad_k141_2578234	5069	No terminal repeats	NA	10	11	0.9685	NA	0	4.1767	Viruses;Duplodnaviria;Heunggongvirae;Uroviricota;Caudoviricetes
genomad_k141_3558728	8173	No terminal repeats	NA	11	11	0.9685	NA	1	8.1214	Unclassified
genomad_k141_867666	7842	No terminal repeats	NA	9	11	0.9684	NA	1	13.7205	Viruses;Duplodnaviria;Heunggongvirae;Uroviricota;Caudoviricetes
genomad_k141_383135	4697	No terminal repeats	NA	6	11	0.9684	NA	1	4.6851	Viruses;Duplodnaviria;Heunggongvirae;Uroviricota;Caudoviricetes;Autographiviridae
genomad_k141_2115822	4631	No terminal repeats	NA	10	11	0.9684	NA	0	3.7658	Viruses;Duplodnaviria;Heunggongvirae;Uroviricota;Caudoviricetes
genomad_k141_1670906	3819	No terminal repeats	NA	5	11	0.9684	NA	0	4.7393	Viruses;Duplodnaviria;Heunggongvirae;Uroviricota;Caudoviricetes
genomad_k141_3318491	4586	No terminal repeats	NA	5	11	0.9684	NA	0	6.8654	Viruses;Duplodnaviria;Heunggongvirae;Uroviricota;Caudoviricetes
genomad_k141_3352067	5728	No terminal repeats	NA	16	11	0.9684	NA	1	6.7802	Viruses;Duplodnaviria;Heunggongvirae;Uroviricota;Caudoviricetes
genomad_k141_727283	4851	No terminal repeats	NA	3	11	0.9684	NA	0	4.5656	Viruses;Duplodnaviria;Heunggongvirae;Uroviricota;Caudoviricetes
genomad_k141_2822302	4004	No terminal repeats	NA	6	11	0.9684	NA	2	4.1842	Viruses;Duplodnaviria;Heunggongvirae;Uroviricota;Caudoviricetes
genomad_k141_1966821	5721	No terminal repeats	NA	9	11	0.9684	NA	0	6.8731	Unclassified
genomad_k141_1186324	4065	No terminal repeats	NA	7	11	0.9684	NA	0	6.9252	Viruses;Duplodnaviria;Heunggongvirae;Uroviricota;Caudoviricetes
genomad_k141_608040	5251	No terminal repeats	NA	16	11	0.9683	NA	0	7.6054	Viruses;Duplodnaviria;Heunggongvirae;Uroviricota;Caudoviricetes
genomad_k141_6671	4174	No terminal repeats	NA	8	11	0.9683	NA	2	5.1437	Viruses;Duplodnaviria;Heunggongvirae;Uroviricota;Caudoviricetes
genomad_k141_2433314	4912	No terminal repeats	NA	14	11	0.9683	NA	1	7.0402	Viruses;Duplodnaviria;Heunggongvirae;Uroviricota;Caudoviricetes
genomad_k141_553355	6147	No terminal repeats	NA	13	11	0.9683	NA	0	7.7276	Viruses;Duplodnaviria;Heunggongvirae;Uroviricota;Caudoviricetes
genomad_k141_383238	5151	No terminal repeats	NA	13	11	0.9683	NA	0	4.0835	Viruses;Duplodnaviria;Heunggongvirae;Uroviricota;Caudoviricetes
genomad_k141_959388	7674	No terminal repeats	NA	9	11	0.9683	NA	1	15.4556	Viruses;Duplodnaviria;Heunggongvirae;Uroviricota;Caudoviricetes
genomad_k141_1748696	4154	No terminal repeats	NA	10	11	0.9683	NA	0	2.6500	Viruses;Duplodnaviria;Heunggongvirae;Uroviricota;Caudoviricetes
genomad_k141_2931446	5198	No terminal repeats	NA	10	11	0.9683	NA	0	2.0615	Viruses;Duplodnaviria;Heunggongvirae;Uroviricota;Caudoviricetes
genomad_k141_1622970	7708	No terminal repeats	NA	16	11	0.9683	NA	1	4.3123	Viruses;Duplodnaviria;Heunggongvirae;Uroviricota;Caudoviricetes
genomad_k141_1137268	4339	No terminal repeats	NA	7	11	0.9682	NA	0	4.8572	Viruses;Duplodnaviria;Heunggongvirae;Uroviricota;Caudoviricetes
genomad_k141_967125	4289	No terminal repeats	NA	7	11	0.9682	NA	0	4.5438	Viruses;Duplodnaviria;Heunggongvirae;Uroviricota;Caudoviricetes
genomad_k141_2939925	6325	No terminal repeats	NA	14	11	0.9682	NA	0	14.9827	Viruses;Duplodnaviria;Heunggongvirae;Uroviricota;Caudoviricetes;Autographiviridae
genomad_k141_1741448	5859	No terminal repeats	NA	5	11	0.9682	NA	0	3.0292	Viruses;Duplodnaviria;Heunggongvirae;Uroviricota;Caudoviricetes
genomad_k141_2507988	8536	No terminal repeats	NA	19	11	0.9682	NA	0	17.2661	Viruses;Duplodnaviria;Heunggongvirae;Uroviricota;Caudoviricetes
genomad_k141_2121512	4042	No terminal repeats	NA	9	11	0.9681	NA	1	6.8127	Viruses;Duplodnaviria;Heunggongvirae;Uroviricota;Caudoviricetes
genomad_k141_1129596	13015	No terminal repeats	NA	16	11	0.9681	NA	2	11.4771	Viruses;Varidnaviria;Bamfordvirae;Preplasmiviricota;Maveriviricetes;Priklausovirales;Lavidaviridae
genomad_k141_611208	9798	No terminal repeats	NA	20	11	0.9681	NA	1	12.3415	Viruses;Duplodnaviria;Heunggongvirae;Uroviricota;Caudoviricetes
genomad_k141_3279535	4820	No terminal repeats	NA	6	11	0.9681	NA	1	10.2547	Viruses;Duplodnaviria;Heunggongvirae;Uroviricota;Caudoviricetes
genomad_k141_776854	9234	No terminal repeats	NA	12	11	0.9680	NA	3	9.5257	Viruses;Duplodnaviria;Heunggongvirae;Uroviricota;Caudoviricetes
genomad_k141_1657165	4614	No terminal repeats	NA	9	11	0.9680	NA	5	15.1397	Viruses;Duplodnaviria;Heunggongvirae;Uroviricota;Caudoviricetes
genomad_k141_3119142	5871	No terminal repeats	NA	9	11	0.9680	NA	0	7.9836	Viruses;Duplodnaviria;Heunggongvirae;Uroviricota;Caudoviricetes
genomad_k141_2229597	4264	No terminal repeats	NA	16	11	0.9680	NA	0	3.1439	Viruses;Duplodnaviria;Heunggongvirae;Uroviricota;Caudoviricetes
genomad_k141_1060460	3959	No terminal repeats	NA	8	11	0.9680	NA	0	5.0213	Viruses;Duplodnaviria;Heunggongvirae;Uroviricota;Caudoviricetes
genomad_k141_236012	8318	No terminal repeats	NA	12	11	0.9679	NA	2	17.1828	Viruses;Duplodnaviria;Heunggongvirae;Uroviricota;Caudoviricetes
genomad_k141_2138112	3868	No terminal repeats	NA	5	11	0.9679	NA	2	6.0420	Viruses;Duplodnaviria;Heunggongvirae;Uroviricota;Caudoviricetes
genomad_k141_2753140	3507	No terminal repeats	NA	5	11	0.9679	NA	0	4.4768	Viruses;Duplodnaviria;Heunggongvirae;Uroviricota;Caudoviricetes
genomad_k141_542209	4000	No terminal repeats	NA	6	11	0.9679	NA	2	5.1548	Viruses;Duplodnaviria;Heunggongvirae;Uroviricota;Caudoviricetes
genomad_k141_1520374	3525	No terminal repeats	NA	8	11	0.9679	NA	0	4.3263	Viruses;Duplodnaviria;Heunggongvirae;Uroviricota;Caudoviricetes
genomad_k141_2293746	7545	No terminal repeats	NA	6	11	0.9679	NA	1	8.8025	Viruses;Duplodnaviria;Heunggongvirae;Uroviricota;Caudoviricetes
genomad_k141_1553388	4081	No terminal repeats	NA	11	11	0.9679	NA	1	4.8211	Viruses;Duplodnaviria;Heunggongvirae;Uroviricota;Caudoviricetes
genomad_k141_3601246	4996	No terminal repeats	NA	8	11	0.9679	NA	0	4.4527	Viruses;Duplodnaviria;Heunggongvirae;Uroviricota;Caudoviricetes;Thumleimavirales;Hafunaviridae
genomad_k141_1248932	3571	No terminal repeats	NA	10	11	0.9678	NA	2	7.7503	Viruses;Duplodnaviria;Heunggongvirae;Uroviricota;Caudoviricetes
genomad_k141_3568940	5709	No terminal repeats	NA	9	11	0.9678	NA	0	8.4138	Viruses;Duplodnaviria;Heunggongvirae;Uroviricota;Caudoviricetes
genomad_k141_3729089	3904	No terminal repeats	NA	12	11	0.9678	NA	0	3.4366	Viruses;Duplodnaviria;Heunggongvirae;Uroviricota;Caudoviricetes
genomad_k141_1842863	9304	No terminal repeats	NA	9	11	0.9678	NA	2	12.9455	Viruses;Duplodnaviria;Heunggongvirae;Uroviricota;Caudoviricetes
genomad_k141_2945690	3645	No terminal repeats	NA	7	11	0.9678	NA	0	8.9499	Viruses;Duplodnaviria;Heunggongvirae;Uroviricota;Caudoviricetes
genomad_k141_2983291	7156	No terminal repeats	NA	8	11	0.9678	NA	1	7.0306	Viruses;Duplodnaviria;Heunggongvirae;Uroviricota;Caudoviricetes;Autographiviridae
genomad_k141_954439	4694	No terminal repeats	NA	11	11	0.9678	NA	0	5.7557	Viruses;Duplodnaviria;Heunggongvirae;Uroviricota;Caudoviricetes
genomad_k141_3538742	33387	No terminal repeats	NA	47	11	0.9678	NA	8	33.9615	Viruses;Duplodnaviria;Heunggongvirae;Uroviricota;Caudoviricetes
genomad_k141_1360254	7126	No terminal repeats	NA	10	11	0.9678	NA	2	4.8347	Viruses;Duplodnaviria;Heunggongvirae;Uroviricota;Caudoviricetes
genomad_k141_595031	3702	No terminal repeats	NA	6	11	0.9678	NA	0	4.6731	Viruses;Duplodnaviria;Heunggongvirae;Uroviricota;Caudoviricetes
genomad_k141_1703306	4158	No terminal repeats	NA	8	11	0.9677	NA	0	6.4190	Viruses;Duplodnaviria;Heunggongvirae;Uroviricota;Caudoviricetes
genomad_k141_354103	4485	No terminal repeats	NA	5	11	0.9677	NA	2	5.1548	Viruses;Duplodnaviria;Heunggongvirae;Uroviricota;Caudoviricetes
genomad_k141_1392226	46439	DTR	NA	63	11	0.9677	NA	7	52.9091	Viruses;Duplodnaviria;Heunggongvirae;Uroviricota;Caudoviricetes
genomad_k141_2046243	3539	No terminal repeats	NA	6	11	0.9676	NA	2	3.4141	Viruses;Duplodnaviria;Heunggongvirae;Uroviricota;Caudoviricetes
genomad_k141_3760309	4251	No terminal repeats	NA	7	11	0.9676	NA	0	11.8853	Viruses;Duplodnaviria;Heunggongvirae;Uroviricota;Caudoviricetes
genomad_k141_2394424	5127	No terminal repeats	NA	11	11	0.9676	NA	1	3.4366	Viruses;Duplodnaviria;Heunggongvirae;Uroviricota;Caudoviricetes
genomad_k141_1273383	4811	No terminal repeats	NA	7	11	0.9676	NA	0	11.2646	Viruses;Duplodnaviria;Heunggongvirae;Uroviricota;Caudoviricetes
genomad_k141_3240773	5394	No terminal repeats	NA	7	11	0.9676	NA	3	4.2874	Viruses;Duplodnaviria;Heunggongvirae;Uroviricota;Caudoviricetes
genomad_k141_1256418	3648	No terminal repeats	NA	7	11	0.9676	NA	2	4.2273	Viruses;Duplodnaviria;Heunggongvirae;Uroviricota;Caudoviricetes
genomad_k141_2744917	7848	No terminal repeats	NA	6	11	0.9676	NA	1	8.8025	Viruses;Duplodnaviria;Heunggongvirae;Uroviricota;Caudoviricetes
genomad_k141_2687947	3581	No terminal repeats	NA	12	11	0.9676	NA	0	5.3499	Viruses;Duplodnaviria;Heunggongvirae;Uroviricota;Caudoviricetes
genomad_k141_814369	7195	No terminal repeats	NA	6	11	0.9676	NA	0	9.7741	Viruses;Duplodnaviria;Heunggongvirae;Uroviricota;Caudoviricetes
genomad_k141_3241275	4456	No terminal repeats	NA	8	11	0.9676	NA	3	5.6027	Viruses;Duplodnaviria;Heunggongvirae;Uroviricota;Caudoviricetes
genomad_k141_379647	3534	No terminal repeats	NA	7	11	0.9675	NA	0	3.4910	Viruses;Duplodnaviria;Heunggongvirae;Uroviricota;Caudoviricetes
genomad_k141_892860	4358	No terminal repeats	NA	8	11	0.9675	NA	2	11.1677	Viruses;Duplodnaviria;Heunggongvirae;Uroviricota;Caudoviricetes
genomad_k141_571338	5411	No terminal repeats	NA	7	11	0.9675	NA	0	3.4251	Viruses;Duplodnaviria;Heunggongvirae;Uroviricota;Caudoviricetes
genomad_k141_628046	3640	No terminal repeats	NA	7	11	0.9675	NA	0	10.1065	Viruses;Duplodnaviria;Heunggongvirae;Uroviricota;Caudoviricetes
genomad_k141_3764304	4627	No terminal repeats	NA	13	11	0.9675	NA	0	9.3139	Viruses;Duplodnaviria;Heunggongvirae;Uroviricota;Caudoviricetes
genomad_k141_1781147	4877	No terminal repeats	NA	8	11	0.9675	NA	2	7.4414	Viruses;Duplodnaviria;Heunggongvirae;Uroviricota;Caudoviricetes
genomad_k141_2135736	6951	No terminal repeats	NA	9	11	0.9675	NA	1	14.1388	Viruses;Duplodnaviria;Heunggongvirae;Uroviricota;Caudoviricetes
genomad_k141_1470145	5675	No terminal repeats	NA	8	11	0.9675	NA	1	8.7511	Viruses;Duplodnaviria;Heunggongvirae;Uroviricota;Caudoviricetes
genomad_k141_520244	3798	No terminal repeats	NA	5	11	0.9675	NA	0	4.7258	Viruses;Duplodnaviria;Heunggongvirae;Uroviricota;Caudoviricetes
genomad_k141_3402668	4880	No terminal repeats	NA	8	11	0.9675	NA	1	11.4332	Viruses;Duplodnaviria;Heunggongvirae;Uroviricota;Caudoviricetes
genomad_k141_535932	4377	No terminal repeats	NA	11	11	0.9675	NA	1	9.1343	Viruses;Duplodnaviria;Heunggongvirae;Uroviricota;Caudoviricetes
genomad_k141_2330141	4511	No terminal repeats	NA	7	11	0.9674	NA	0	4.3778	Viruses;Duplodnaviria;Heunggongvirae;Uroviricota;Caudoviricetes
genomad_k141_1314383	4179	No terminal repeats	NA	6	11	0.9674	NA	1	6.0173	Viruses;Duplodnaviria;Heunggongvirae;Uroviricota;Caudoviricetes
genomad_k141_3454490	6230	No terminal repeats	NA	12	11	0.9674	NA	1	10.9360	Viruses;Duplodnaviria;Heunggongvirae;Uroviricota;Caudoviricetes
genomad_k141_2345001	36076	No terminal repeats	NA	44	11	0.9674	NA	4	68.3218	Viruses;Duplodnaviria;Heunggongvirae;Uroviricota;Caudoviricetes
genomad_k141_413702	4564	No terminal repeats	NA	7	11	0.9673	NA	3	4.9586	Viruses;Duplodnaviria;Heunggongvirae;Uroviricota;Caudoviricetes
genomad_k141_560150	5388	No terminal repeats	NA	8	11	0.9673	NA	0	5.1098	Viruses;Duplodnaviria;Heunggongvirae;Uroviricota;Caudoviricetes
genomad_k141_2669452	6437	No terminal repeats	NA	9	11	0.9673	NA	0	12.3423	Viruses;Duplodnaviria;Heunggongvirae;Uroviricota;Caudoviricetes
genomad_k141_1448217	7513	No terminal repeats	NA	14	11	0.9673	NA	0	7.1149	Viruses;Duplodnaviria;Heunggongvirae;Uroviricota;Caudoviricetes
genomad_k141_39074	5338	No terminal repeats	NA	5	11	0.9673	NA	3	4.5299	Viruses;Duplodnaviria;Heunggongvirae;Uroviricota;Caudoviricetes
genomad_k141_443050	6344	No terminal repeats	NA	10	11	0.9673	NA	2	6.8848	Viruses;Duplodnaviria;Heunggongvirae;Uroviricota;Caudoviricetes
genomad_k141_757043	3576	No terminal repeats	NA	8	11	0.9673	NA	2	7.4411	Viruses;Duplodnaviria;Heunggongvirae;Uroviricota;Caudoviricetes
genomad_k141_2590231	4448	No terminal repeats	NA	7	11	0.9673	NA	0	6.6925	Viruses;Duplodnaviria;Heunggongvirae;Uroviricota;Caudoviricetes
genomad_k141_3293494	3674	No terminal repeats	NA	8	11	0.9672	NA	0	4.8644	Viruses;Duplodnaviria;Heunggongvirae;Uroviricota;Caudoviricetes
genomad_k141_3721076	6822	No terminal repeats	NA	9	11	0.9671	NA	0	3.8653	Viruses;Duplodnaviria;Heunggongvirae;Uroviricota;Caudoviricetes
genomad_k141_1625021	7306	No terminal repeats	NA	22	11	0.9671	NA	1	10.6462	Viruses;Duplodnaviria;Heunggongvirae;Uroviricota;Caudoviricetes
genomad_k141_2680285	8851	No terminal repeats	NA	18	11	0.9671	NA	0	12.6083	Viruses;Duplodnaviria;Heunggongvirae;Uroviricota;Caudoviricetes
genomad_k141_3187827	7254	No terminal repeats	NA	6	11	0.9671	NA	3	6.7523	Viruses;Duplodnaviria;Heunggongvirae;Uroviricota;Caudoviricetes
genomad_k141_3226539	4274	No terminal repeats	NA	5	11	0.9671	NA	1	4.9047	Viruses;Duplodnaviria;Heunggongvirae;Uroviricota;Caudoviricetes
genomad_k141_73639	7136	No terminal repeats	NA	6	11	0.9670	NA	0	6.8731	Viruses;Varidnaviria;Bamfordvirae;Nucleocytoviricota;Megaviricetes;Pimascovirales;Iridoviridae
genomad_k141_3370805	3544	No terminal repeats	NA	5	11	0.9670	NA	1	2.9938	Viruses;Duplodnaviria;Heunggongvirae;Uroviricota;Caudoviricetes
genomad_k141_197713	8864	No terminal repeats	NA	23	11	0.9670	NA	0	5.6779	Viruses;Duplodnaviria;Heunggongvirae;Uroviricota;Caudoviricetes
genomad_k141_723532	9326	No terminal repeats	NA	5	11	0.9670	NA	1	6.8731	Viruses;Duplodnaviria;Heunggongvirae;Uroviricota;Caudoviricetes
genomad_k141_1973193	3572	No terminal repeats	NA	6	11	0.9670	NA	0	5.1974	Viruses;Duplodnaviria;Heunggongvirae;Uroviricota;Caudoviricetes
genomad_k141_855753	6574	No terminal repeats	NA	11	11	0.9670	NA	0	1.7183	Viruses;Duplodnaviria;Heunggongvirae;Uroviricota;Caudoviricetes
genomad_k141_2987434	3673	No terminal repeats	NA	8	11	0.9670	NA	1	3.2997	Viruses;Duplodnaviria;Heunggongvirae;Uroviricota;Caudoviricetes
genomad_k141_2958129	5612	No terminal repeats	NA	6	11	0.9670	NA	3	10.3097	Viruses;Duplodnaviria;Heunggongvirae;Uroviricota;Caudoviricetes
genomad_k141_984454	9900	No terminal repeats	NA	19	11	0.9670	NA	0	5.0880	Viruses;Varidnaviria;Bamfordvirae;Preplasmiviricota;Tectiliviricetes;Autolykiviridae
genomad_k141_1341765	3754	No terminal repeats	NA	6	11	0.9669	NA	3	7.6748	Viruses;Duplodnaviria;Heunggongvirae;Uroviricota;Caudoviricetes
genomad_k141_1670615	7483	No terminal repeats	NA	7	11	0.9669	NA	1	11.6019	Viruses;Duplodnaviria;Heunggongvirae;Uroviricota;Caudoviricetes
genomad_k141_434272	3898	No terminal repeats	NA	8	11	0.9669	NA	0	3.4366	Viruses;Duplodnaviria;Heunggongvirae;Uroviricota;Caudoviricetes
genomad_k141_613159	5185	No terminal repeats	NA	8	11	0.9668	NA	2	3.0308	Viruses;Duplodnaviria;Heunggongvirae;Uroviricota;Caudoviricetes
genomad_k141_1543119	9060	No terminal repeats	NA	13	11	0.9668	NA	1	6.8731	Viruses;Varidnaviria;Bamfordvirae;Nucleocytoviricota;Megaviricetes
genomad_k141_1259055	4229	No terminal repeats	NA	9	11	0.9668	NA	1	15.3442	Viruses;Duplodnaviria;Heunggongvirae;Uroviricota;Caudoviricetes
genomad_k141_1409838	5265	No terminal repeats	NA	9	11	0.9668	NA	0	6.5014	Viruses;Duplodnaviria;Heunggongvirae;Uroviricota;Caudoviricetes
genomad_k141_3626444	5034	No terminal repeats	NA	10	11	0.9668	NA	0	3.9644	Viruses;Duplodnaviria;Heunggongvirae;Uroviricota;Caudoviricetes
genomad_k141_2970758	4031	No terminal repeats	NA	5	11	0.9668	NA	2	4.5570	Viruses;Duplodnaviria;Heunggongvirae;Uroviricota;Caudoviricetes
genomad_k141_2991286	5064	No terminal repeats	NA	10	11	0.9668	NA	0	10.1365	Viruses;Duplodnaviria;Heunggongvirae;Uroviricota;Caudoviricetes
genomad_k141_993219	3852	No terminal repeats	NA	5	11	0.9668	NA	1	6.2512	Viruses;Duplodnaviria;Heunggongvirae;Uroviricota;Caudoviricetes
genomad_k141_3788794	5033	No terminal repeats	NA	5	11	0.9668	NA	2	4.9013	Viruses;Duplodnaviria;Heunggongvirae;Uroviricota;Caudoviricetes
genomad_k141_2218180	3891	No terminal repeats	NA	6	11	0.9667	NA	1	7.5499	Viruses;Duplodnaviria;Heunggongvirae;Uroviricota;Caudoviricetes
genomad_k141_1325072	4010	No terminal repeats	NA	10	11	0.9667	NA	0	4.3882	Viruses;Duplodnaviria;Heunggongvirae;Uroviricota;Caudoviricetes
genomad_k141_2811848	6800	No terminal repeats	NA	11	11	0.9667	NA	0	5.6811	Viruses;Duplodnaviria;Heunggongvirae;Uroviricota;Caudoviricetes
genomad_k141_958970	8680	No terminal repeats	NA	13	11	0.9667	NA	3	12.2052	Viruses;Duplodnaviria;Heunggongvirae;Uroviricota;Caudoviricetes
genomad_k141_3800255	33382	DTR	NA	46	11	0.9667	NA	5	27.9104	Viruses;Duplodnaviria;Heunggongvirae;Uroviricota;Caudoviricetes
genomad_k141_2548427	6786	No terminal repeats	NA	7	11	0.9666	NA	1	7.5997	Viruses;Duplodnaviria;Heunggongvirae;Uroviricota;Caudoviricetes
genomad_k141_1886390	5810	No terminal repeats	NA	17	11	0.9666	NA	1	15.0412	Viruses;Duplodnaviria;Heunggongvirae;Uroviricota;Caudoviricetes
genomad_k141_3170322	9217	No terminal repeats	NA	13	11	0.9666	NA	1	11.4032	Viruses;Duplodnaviria;Heunggongvirae;Uroviricota;Caudoviricetes
genomad_k141_3573246	9391	No terminal repeats	NA	15	11	0.9666	NA	2	9.6311	Viruses;Duplodnaviria;Heunggongvirae;Uroviricota;Caudoviricetes
genomad_k141_324187	4083	No terminal repeats	NA	6	11	0.9666	NA	1	4.1037	Viruses;Duplodnaviria;Heunggongvirae;Uroviricota;Caudoviricetes
genomad_k141_1506199	7198	No terminal repeats	NA	10	11	0.9665	NA	0	9.4936	Viruses;Duplodnaviria;Heunggongvirae;Uroviricota;Caudoviricetes
genomad_k141_3017562	4361	No terminal repeats	NA	5	11	0.9665	NA	0	4.3429	Viruses;Duplodnaviria;Heunggongvirae;Uroviricota;Caudoviricetes
genomad_k141_3095609	4344	No terminal repeats	NA	8	11	0.9665	NA	1	6.7351	Viruses;Duplodnaviria;Heunggongvirae;Uroviricota;Caudoviricetes
genomad_k141_2708185	3807	No terminal repeats	NA	9	11	0.9665	NA	0	4.4315	Viruses;Duplodnaviria;Heunggongvirae;Uroviricota;Caudoviricetes
genomad_k141_3402410	7481	No terminal repeats	NA	12	11	0.9665	NA	1	8.5972	Viruses;Duplodnaviria;Heunggongvirae;Uroviricota;Caudoviricetes
genomad_k141_294400	8153	No terminal repeats	NA	7	11	0.9665	NA	1	5.9969	Viruses;Duplodnaviria;Heunggongvirae;Uroviricota;Caudoviricetes
genomad_k141_118970	7789	No terminal repeats	NA	9	11	0.9665	NA	0	6.0906	Viruses;Duplodnaviria;Heunggongvirae;Uroviricota;Caudoviricetes
genomad_k141_2424489	8609	No terminal repeats	NA	10	11	0.9665	NA	2	16.8419	Viruses;Duplodnaviria;Heunggongvirae;Uroviricota;Caudoviricetes
genomad_k141_3732559	5617	No terminal repeats	NA	12	11	0.9665	NA	0	5.1524	Viruses;Duplodnaviria;Heunggongvirae;Uroviricota;Caudoviricetes
genomad_k141_1714993	5804	No terminal repeats	NA	7	11	0.9665	NA	3	11.8474	Viruses;Duplodnaviria;Heunggongvirae;Uroviricota;Caudoviricetes
genomad_k141_1784612	9739	No terminal repeats	NA	11	11	0.9664	NA	2	6.2786	Viruses;Duplodnaviria;Heunggongvirae;Uroviricota;Caudoviricetes
genomad_k141_722909	3537	No terminal repeats	NA	9	11	0.9664	NA	0	12.9268	Viruses;Duplodnaviria;Heunggongvirae;Uroviricota;Caudoviricetes
genomad_k141_275648	4945	No terminal repeats	NA	8	11	0.9664	NA	1	5.6933	Viruses;Duplodnaviria;Heunggongvirae;Uroviricota;Caudoviricetes
genomad_k141_3380548	4867	No terminal repeats	NA	13	11	0.9664	NA	0	5.2923	Viruses;Duplodnaviria;Heunggongvirae;Uroviricota;Caudoviricetes
genomad_k141_1498900	3514	No terminal repeats	NA	10	11	0.9664	NA	0	2.8303	Viruses;Duplodnaviria;Heunggongvirae;Uroviricota;Caudoviricetes
genomad_k141_2858932	4601	No terminal repeats	NA	5	11	0.9664	NA	0	3.3185	Viruses;Duplodnaviria;Heunggongvirae;Uroviricota;Caudoviricetes;Kyanoviridae
genomad_k141_193547	3515	No terminal repeats	NA	8	11	0.9664	NA	1	7.9370	Viruses;Duplodnaviria;Heunggongvirae;Uroviricota;Caudoviricetes
genomad_k141_311035	8941	No terminal repeats	NA	13	11	0.9663	NA	0	11.3518	Viruses;Duplodnaviria;Heunggongvirae;Uroviricota;Caudoviricetes
genomad_k141_3412886	6478	No terminal repeats	NA	13	11	0.9662	NA	1	5.0126	Viruses;Duplodnaviria;Heunggongvirae;Uroviricota;Caudoviricetes
genomad_k141_3102149	6541	No terminal repeats	NA	12	11	0.9662	NA	0	3.9846	Viruses;Duplodnaviria;Heunggongvirae;Uroviricota;Caudoviricetes
genomad_k141_3581461	3858	No terminal repeats	NA	7	11	0.9662	NA	1	5.1524	Viruses;Duplodnaviria;Heunggongvirae;Uroviricota;Caudoviricetes;Schitoviridae
genomad_k141_1666923	9087	No terminal repeats	NA	23	11	0.9662	NA	1	24.6789	Viruses;Duplodnaviria;Heunggongvirae;Uroviricota;Caudoviricetes
genomad_k141_2275305	4580	No terminal repeats	NA	7	11	0.9662	NA	1	6.8731	Viruses;Duplodnaviria;Heunggongvirae;Uroviricota;Caudoviricetes
genomad_k141_313970	4888	No terminal repeats	NA	9	11	0.9661	NA	1	2.4880	Viruses;Duplodnaviria;Heunggongvirae;Uroviricota;Caudoviricetes
genomad_k141_1559078	4085	No terminal repeats	NA	5	11	0.9661	NA	2	6.0980	Viruses;Duplodnaviria;Heunggongvirae;Uroviricota;Caudoviricetes
genomad_k141_38857	4073	No terminal repeats	NA	6	11	0.9661	NA	2	10.1174	Viruses;Duplodnaviria;Heunggongvirae;Uroviricota;Caudoviricetes;Kyanoviridae
genomad_k141_3044982	4082	No terminal repeats	NA	7	11	0.9661	NA	0	6.8731	Viruses;Duplodnaviria;Heunggongvirae;Uroviricota;Caudoviricetes
genomad_k141_2195314	5252	No terminal repeats	NA	6	11	0.9661	NA	3	8.5756	Viruses;Duplodnaviria;Heunggongvirae;Uroviricota;Caudoviricetes
genomad_k141_1550508	3540	No terminal repeats	NA	5	11	0.9661	NA	0	4.9174	Viruses;Duplodnaviria;Heunggongvirae;Uroviricota;Caudoviricetes
genomad_k141_2977403	6099	No terminal repeats	NA	10	11	0.9661	NA	1	3.2421	Viruses;Duplodnaviria;Heunggongvirae;Uroviricota;Caudoviricetes
genomad_k141_2831569	4019	No terminal repeats	NA	6	11	0.9660	NA	0	3.9010	Viruses;Duplodnaviria;Heunggongvirae;Uroviricota;Caudoviricetes
genomad_k141_3795388	7694	No terminal repeats	NA	10	11	0.9660	NA	0	10.2772	Viruses;Duplodnaviria;Heunggongvirae;Uroviricota;Caudoviricetes
genomad_k141_605345	4039	No terminal repeats	NA	5	11	0.9660	NA	0	5.7071	Viruses;Duplodnaviria;Heunggongvirae;Uroviricota;Caudoviricetes
genomad_k141_2868874	5592	No terminal repeats	NA	15	11	0.9660	NA	1	16.4413	Viruses;Duplodnaviria;Heunggongvirae;Uroviricota;Caudoviricetes
genomad_k141_299588	8121	No terminal repeats	NA	12	11	0.9659	NA	1	4.7268	Viruses;Duplodnaviria;Heunggongvirae;Uroviricota;Caudoviricetes
genomad_k141_1693852	2642	No terminal repeats	NA	3	11	0.9659	NA	2	3.4224	Viruses;Duplodnaviria;Heunggongvirae;Uroviricota;Caudoviricetes;Autographiviridae
genomad_k141_510239	6772	No terminal repeats	NA	5	11	0.9659	NA	1	2.6703	Viruses;Duplodnaviria;Heunggongvirae;Uroviricota;Caudoviricetes
genomad_k141_1641053	4422	No terminal repeats	NA	15	11	0.9659	NA	0	10.5908	Viruses;Duplodnaviria;Heunggongvirae;Uroviricota;Caudoviricetes
genomad_k141_213663	220074	DTR	NA	285	11	0.9659	NA	2	118.4713	Viruses;Duplodnaviria;Heunggongvirae;Uroviricota;Caudoviricetes
genomad_k141_798600	3610	No terminal repeats	NA	5	11	0.9659	NA	0	5.0889	Viruses;Duplodnaviria;Heunggongvirae;Uroviricota;Caudoviricetes
genomad_k141_2295596	8290	No terminal repeats	NA	14	11	0.9659	NA	0	10.7484	Viruses;Duplodnaviria;Heunggongvirae;Uroviricota;Caudoviricetes
genomad_k141_2922122	4697	No terminal repeats	NA	16	11	0.9658	NA	0	6.9124	Viruses;Duplodnaviria;Heunggongvirae;Uroviricota;Caudoviricetes
genomad_k141_686448	4666	No terminal repeats	NA	6	11	0.9658	NA	0	4.7773	Viruses;Duplodnaviria;Heunggongvirae;Uroviricota;Caudoviricetes
genomad_k141_3421845	4072	No terminal repeats	NA	10	11	0.9658	NA	0	14.9334	Viruses;Duplodnaviria;Heunggongvirae;Uroviricota;Caudoviricetes
genomad_k141_1608387	38088	No terminal repeats	NA	33	11	0.9658	NA	5	46.1546	Viruses;Duplodnaviria;Heunggongvirae;Uroviricota;Caudoviricetes;Demerecviridae
genomad_k141_2036496	9481	No terminal repeats	NA	20	11	0.9658	NA	0	8.2163	Viruses;Duplodnaviria;Heunggongvirae;Uroviricota;Caudoviricetes
genomad_k141_1498838	6343	No terminal repeats	NA	8	11	0.9657	NA	1	4.1431	Viruses;Duplodnaviria;Heunggongvirae;Uroviricota;Caudoviricetes;Kyanoviridae
genomad_k141_2457259	3762	No terminal repeats	NA	8	11	0.9657	NA	1	4.6242	Viruses;Duplodnaviria;Heunggongvirae;Uroviricota;Caudoviricetes
genomad_k141_1819364	4938	No terminal repeats	NA	6	11	0.9657	NA	0	9.6315	Viruses;Duplodnaviria;Heunggongvirae;Uroviricota;Caudoviricetes
genomad_k141_2801445	5423	No terminal repeats	NA	8	11	0.9657	NA	0	3.4320	Viruses;Duplodnaviria;Heunggongvirae;Uroviricota;Caudoviricetes
genomad_k141_2711796	8811	No terminal repeats	NA	16	11	0.9657	NA	0	5.6019	Viruses;Duplodnaviria;Heunggongvirae;Uroviricota;Caudoviricetes
genomad_k141_1493254	4245	No terminal repeats	NA	7	11	0.9657	NA	0	8.1270	Viruses;Duplodnaviria;Heunggongvirae;Uroviricota;Caudoviricetes
genomad_k141_200525	4639	No terminal repeats	NA	11	11	0.9657	NA	0	9.6705	Viruses;Duplodnaviria;Heunggongvirae;Uroviricota;Caudoviricetes
genomad_k141_180099	4350	No terminal repeats	NA	10	11	0.9657	NA	0	8.5914	Viruses;Duplodnaviria;Heunggongvirae;Uroviricota;Caudoviricetes
genomad_k141_1908128	3714	No terminal repeats	NA	5	11	0.9657	NA	0	8.5684	Viruses;Duplodnaviria;Heunggongvirae;Uroviricota;Caudoviricetes
genomad_k141_505740	5066	No terminal repeats	NA	7	11	0.9657	NA	5	9.5553	Viruses;Duplodnaviria;Heunggongvirae;Uroviricota;Caudoviricetes
genomad_k141_1256396	5425	No terminal repeats	NA	7	11	0.9656	NA	2	3.9524	Viruses;Duplodnaviria;Heunggongvirae;Uroviricota;Caudoviricetes
genomad_k141_3649030	5711	No terminal repeats	NA	7	11	0.9656	NA	0	3.0204	Viruses;Duplodnaviria;Heunggongvirae;Uroviricota;Caudoviricetes
genomad_k141_299641	5497	No terminal repeats	NA	6	11	0.9656	NA	0	8.5914	Viruses;Duplodnaviria;Heunggongvirae;Uroviricota;Caudoviricetes;Autographiviridae
genomad_k141_2572497	4031	No terminal repeats	NA	8	11	0.9656	NA	0	4.8281	Viruses;Duplodnaviria;Heunggongvirae;Uroviricota;Caudoviricetes
genomad_k141_3324185	4042	No terminal repeats	NA	7	11	0.9656	NA	1	7.8829	Viruses;Duplodnaviria;Heunggongvirae;Uroviricota;Caudoviricetes
genomad_k141_3533225	4863	No terminal repeats	NA	11	11	0.9655	NA	1	4.1626	Viruses;Duplodnaviria;Heunggongvirae;Uroviricota;Caudoviricetes
genomad_k141_3641122	8709	No terminal repeats	NA	18	11	0.9655	NA	0	3.1876	Viruses;Duplodnaviria;Heunggongvirae;Uroviricota;Caudoviricetes
genomad_k141_546771	3747	No terminal repeats	NA	5	11	0.9655	NA	2	3.0257	Viruses;Duplodnaviria;Heunggongvirae;Uroviricota;Caudoviricetes
genomad_k141_330799	3549	No terminal repeats	NA	9	11	0.9655	NA	2	10.1316	Viruses;Duplodnaviria;Heunggongvirae;Uroviricota;Caudoviricetes
genomad_k141_2843681	2552	No terminal repeats	NA	5	11	0.9655	NA	1	3.1600	Viruses;Duplodnaviria;Heunggongvirae;Uroviricota;Caudoviricetes
genomad_k141_1012382	3769	No terminal repeats	NA	6	11	0.9655	NA	0	2.8539	Viruses;Duplodnaviria;Heunggongvirae;Uroviricota;Caudoviricetes
genomad_k141_3544853	7272	No terminal repeats	NA	6	11	0.9654	NA	0	3.4366	Viruses;Varidnaviria;Bamfordvirae;Nucleocytoviricota;Megaviricetes;Algavirales;Phycodnaviridae
genomad_k141_2088033	5650	No terminal repeats	NA	11	11	0.9654	NA	2	13.6938	Viruses;Duplodnaviria;Heunggongvirae;Uroviricota;Caudoviricetes;Kyanoviridae
genomad_k141_382712	3378	No terminal repeats	NA	5	11	0.9654	NA	2	4.0333	Viruses;Duplodnaviria;Heunggongvirae;Uroviricota;Caudoviricetes
genomad_k141_3119846	3712	No terminal repeats	NA	12	11	0.9654	NA	2	5.7206	Viruses;Duplodnaviria;Heunggongvirae;Uroviricota;Caudoviricetes
genomad_k141_2690963	8724	No terminal repeats	NA	7	11	0.9653	NA	0	6.6195	Viruses;Duplodnaviria;Heunggongvirae;Uroviricota;Caudoviricetes
genomad_k141_3504855	9919	No terminal repeats	NA	18	11	0.9653	NA	0	2.9436	Viruses;Duplodnaviria;Heunggongvirae;Uroviricota;Caudoviricetes
genomad_k141_3253868	9373	No terminal repeats	NA	13	11	0.9653	NA	1	18.0919	Viruses;Duplodnaviria;Heunggongvirae;Uroviricota;Caudoviricetes
genomad_k141_1903462	4458	No terminal repeats	NA	6	11	0.9653	NA	2	10.0125	Viruses;Duplodnaviria;Heunggongvirae;Uroviricota;Caudoviricetes
genomad_k141_1513373	4064	No terminal repeats	NA	5	11	0.9653	NA	0	4.8800	Viruses;Duplodnaviria;Heunggongvirae;Uroviricota;Caudoviricetes
genomad_k141_1728778	5604	No terminal repeats	NA	7	11	0.9653	NA	0	6.9600	Viruses;Duplodnaviria;Heunggongvirae;Uroviricota;Caudoviricetes
genomad_k141_1505957	6434	No terminal repeats	NA	5	11	0.9652	NA	3	7.4052	Viruses;Duplodnaviria;Heunggongvirae;Uroviricota;Caudoviricetes
genomad_k141_2835129	21539	No terminal repeats	NA	28	11	0.9652	NA	2	9.1509	Viruses;Duplodnaviria;Heunggongvirae;Uroviricota;Caudoviricetes
genomad_k141_1400996	9183	No terminal repeats	NA	10	11	0.9652	NA	1	6.5633	Viruses;Duplodnaviria;Heunggongvirae;Uroviricota;Caudoviricetes
genomad_k141_323399	3885	No terminal repeats	NA	7	11	0.9652	NA	0	3.4366	Viruses;Duplodnaviria;Heunggongvirae;Uroviricota;Caudoviricetes
genomad_k141_2028952	4536	No terminal repeats	NA	6	11	0.9652	NA	0	5.1426	Viruses;Duplodnaviria;Heunggongvirae;Uroviricota;Caudoviricetes
genomad_k141_1555169	3984	No terminal repeats	NA	6	11	0.9652	NA	0	10.1020	Viruses;Duplodnaviria;Heunggongvirae;Uroviricota;Caudoviricetes
genomad_k141_3243796	9512	No terminal repeats	NA	11	11	0.9651	NA	6	11.6288	Viruses;Duplodnaviria;Heunggongvirae;Uroviricota;Caudoviricetes
genomad_k141_3785476	3626	No terminal repeats	NA	7	11	0.9651	NA	0	5.2863	Viruses;Duplodnaviria;Heunggongvirae;Uroviricota;Caudoviricetes
genomad_k141_2048564	4277	No terminal repeats	NA	13	11	0.9651	NA	0	3.4366	Unclassified
genomad_k141_3464237	3633	No terminal repeats	NA	6	11	0.9651	NA	1	10.0125	Viruses;Duplodnaviria;Heunggongvirae;Uroviricota;Caudoviricetes
genomad_k141_1563599	8473	No terminal repeats	NA	7	11	0.9651	NA	1	12.0214	Viruses;Duplodnaviria;Heunggongvirae;Uroviricota;Caudoviricetes
genomad_k141_2195462	4176	No terminal repeats	NA	5	11	0.9651	NA	3	5.3796	Viruses;Duplodnaviria;Heunggongvirae;Uroviricota;Caudoviricetes
genomad_k141_2576921	8183	No terminal repeats	NA	18	11	0.9651	NA	0	7.2486	Viruses;Duplodnaviria;Heunggongvirae;Uroviricota;Caudoviricetes
genomad_k141_2056859	3773	No terminal repeats	NA	6	11	0.9650	NA	0	2.6410	Viruses;Duplodnaviria;Heunggongvirae;Uroviricota;Caudoviricetes
genomad_k141_917729	5291	No terminal repeats	NA	7	11	0.9650	NA	0	8.8700	Viruses;Duplodnaviria;Heunggongvirae;Uroviricota;Caudoviricetes
genomad_k141_2861055	4649	No terminal repeats	NA	8	11	0.9650	NA	0	5.0945	Viruses;Duplodnaviria;Heunggongvirae;Uroviricota;Caudoviricetes
genomad_k141_2991483	56795	DTR	NA	67	11	0.9650	NA	3	33.5898	Viruses;Duplodnaviria;Heunggongvirae;Uroviricota;Caudoviricetes
genomad_k141_178334	8820	No terminal repeats	NA	9	11	0.9650	NA	3	9.3432	Viruses;Duplodnaviria;Heunggongvirae;Uroviricota;Caudoviricetes
genomad_k141_2428561	7383	No terminal repeats	NA	25	11	0.9649	NA	0	6.5294	Viruses;Duplodnaviria;Heunggongvirae;Uroviricota;Caudoviricetes
genomad_k141_3175522	3911	No terminal repeats	NA	7	11	0.9649	NA	1	5.1548	Viruses;Duplodnaviria;Heunggongvirae;Uroviricota;Caudoviricetes
genomad_k141_2483156	3606	No terminal repeats	NA	6	11	0.9649	NA	0	6.8731	Viruses;Duplodnaviria;Heunggongvirae;Uroviricota;Caudoviricetes
genomad_k141_915535	3434	No terminal repeats	NA	7	11	0.9649	NA	0	3.4366	Viruses;Duplodnaviria;Heunggongvirae;Uroviricota;Caudoviricetes
genomad_k141_431303	3587	No terminal repeats	NA	8	11	0.9649	NA	0	10.0462	Viruses;Duplodnaviria;Heunggongvirae;Uroviricota;Caudoviricetes
genomad_k141_1174865	5654	No terminal repeats	NA	11	11	0.9649	NA	0	1.7183	Unclassified
genomad_k141_590000	4678	No terminal repeats	NA	15	11	0.9649	NA	0	4.2366	Viruses;Duplodnaviria;Heunggongvirae;Uroviricota;Caudoviricetes
genomad_k141_2069263	3850	No terminal repeats	NA	9	11	0.9648	NA	2	5.2617	Viruses;Duplodnaviria;Heunggongvirae;Uroviricota;Caudoviricetes
genomad_k141_2004850	4619	No terminal repeats	NA	11	11	0.9648	NA	0	12.0894	Viruses;Duplodnaviria;Heunggongvirae;Uroviricota;Caudoviricetes
genomad_k141_2900143	5013	No terminal repeats	NA	7	11	0.9648	NA	0	5.1548	Viruses;Duplodnaviria;Heunggongvirae;Uroviricota;Caudoviricetes
genomad_k141_21241	7719	No terminal repeats	NA	5	11	0.9648	NA	0	6.6879	Viruses;Duplodnaviria;Heunggongvirae;Uroviricota;Caudoviricetes
genomad_k141_2284081	7400	No terminal repeats	NA	6	11	0.9648	NA	2	8.3632	Viruses;Varidnaviria;Bamfordvirae;Nucleocytoviricota;Megaviricetes
genomad_k141_2151266	6171	No terminal repeats	NA	6	11	0.9647	NA	0	4.6148	Viruses;Duplodnaviria;Heunggongvirae;Uroviricota;Caudoviricetes
genomad_k141_3679384	3569	No terminal repeats	NA	7	11	0.9647	NA	0	7.2881	Viruses;Duplodnaviria;Heunggongvirae;Uroviricota;Caudoviricetes
genomad_k141_3172331	4081	No terminal repeats	NA	5	11	0.9647	NA	0	2.7249	Viruses;Duplodnaviria;Heunggongvirae;Uroviricota;Caudoviricetes
genomad_k141_3708303	8183	No terminal repeats	NA	8	11	0.9647	NA	0	5.1548	Viruses;Varidnaviria;Bamfordvirae;Nucleocytoviricota;Megaviricetes;Pimascovirales;Iridoviridae
genomad_k141_373898	4454	No terminal repeats	NA	7	11	0.9647	NA	0	4.8370	Viruses;Duplodnaviria;Heunggongvirae;Uroviricota;Caudoviricetes
genomad_k141_1436755	5051	No terminal repeats	NA	12	11	0.9647	NA	0	7.4665	Viruses;Duplodnaviria;Heunggongvirae;Uroviricota;Caudoviricetes
genomad_k141_1221398	5529	No terminal repeats	NA	7	11	0.9646	NA	0	4.9938	Viruses;Duplodnaviria;Heunggongvirae;Uroviricota;Caudoviricetes
genomad_k141_1354287	4034	No terminal repeats	NA	9	11	0.9646	NA	1	6.1529	Viruses;Duplodnaviria;Heunggongvirae;Uroviricota;Caudoviricetes
genomad_k141_251929	7227	No terminal repeats	NA	9	11	0.9646	NA	3	14.5994	Viruses;Duplodnaviria;Heunggongvirae;Uroviricota;Caudoviricetes
genomad_k141_978269	5446	No terminal repeats	NA	6	11	0.9646	NA	0	5.6695	Viruses;Duplodnaviria;Heunggongvirae;Uroviricota;Caudoviricetes
genomad_k141_3124515	2619	No terminal repeats	NA	4	11	0.9646	NA	0	4.9160	Viruses;Duplodnaviria;Heunggongvirae;Uroviricota;Caudoviricetes
genomad_k141_1726363	9486	No terminal repeats	NA	21	11	0.9646	NA	0	23.1581	Viruses;Duplodnaviria;Heunggongvirae;Uroviricota;Caudoviricetes
genomad_k141_904012	5265	No terminal repeats	NA	8	11	0.9646	NA	1	5.1044	Viruses;Duplodnaviria;Heunggongvirae;Uroviricota;Caudoviricetes
genomad_k141_548803	5141	No terminal repeats	NA	6	11	0.9646	NA	2	6.4952	Viruses;Duplodnaviria;Heunggongvirae;Uroviricota;Caudoviricetes
genomad_k141_2098397	6716	No terminal repeats	NA	15	11	0.9646	NA	2	17.1788	Viruses;Duplodnaviria;Heunggongvirae;Uroviricota;Caudoviricetes
genomad_k141_2284226	3879	No terminal repeats	NA	6	11	0.9646	NA	2	4.5876	Viruses;Duplodnaviria;Heunggongvirae;Uroviricota;Caudoviricetes
genomad_k141_1321889	6245	No terminal repeats	NA	6	11	0.9645	NA	0	3.4366	Viruses;Varidnaviria;Bamfordvirae;Nucleocytoviricota;Megaviricetes;Imitervirales;Mimiviridae
genomad_k141_3040228	5007	No terminal repeats	NA	9	11	0.9645	NA	0	9.1747	Viruses;Duplodnaviria;Heunggongvirae;Uroviricota;Caudoviricetes
genomad_k141_484195	6298	No terminal repeats	NA	11	11	0.9645	NA	0	9.7077	Viruses;Duplodnaviria;Heunggongvirae;Uroviricota;Caudoviricetes
genomad_k141_3215106	4351	No terminal repeats	NA	5	11	0.9644	NA	2	5.6906	Viruses;Duplodnaviria;Heunggongvirae;Uroviricota;Caudoviricetes
genomad_k141_1980273	6560	No terminal repeats	NA	12	11	0.9644	NA	0	7.2864	Viruses;Duplodnaviria;Heunggongvirae;Uroviricota;Caudoviricetes
genomad_k141_661047	5628	No terminal repeats	NA	13	11	0.9644	NA	0	8.4430	Viruses;Duplodnaviria;Heunggongvirae;Uroviricota;Caudoviricetes
genomad_k141_410032	5158	No terminal repeats	NA	6	11	0.9644	NA	2	3.1876	Viruses;Duplodnaviria;Heunggongvirae;Uroviricota;Caudoviricetes;Herelleviridae
genomad_k141_631027	6204	No terminal repeats	NA	12	11	0.9644	NA	2	8.0715	Viruses;Duplodnaviria;Heunggongvirae;Uroviricota;Caudoviricetes
genomad_k141_3638848	3652	No terminal repeats	NA	13	11	0.9644	NA	0	3.4360	Viruses;Duplodnaviria;Heunggongvirae;Uroviricota;Caudoviricetes
genomad_k141_132545	8996	No terminal repeats	NA	21	11	0.9644	NA	1	24.9635	Viruses;Duplodnaviria;Heunggongvirae;Uroviricota;Caudoviricetes
genomad_k141_3261476	9936	No terminal repeats	NA	17	11	0.9643	NA	0	8.7303	Viruses;Duplodnaviria;Heunggongvirae;Uroviricota;Caudoviricetes
genomad_k141_215850	9287	No terminal repeats	NA	12	11	0.9643	NA	0	15.8385	Viruses;Duplodnaviria;Heunggongvirae;Uroviricota;Caudoviricetes
genomad_k141_2230527	5748	No terminal repeats	NA	9	11	0.9643	NA	1	6.0261	Viruses;Duplodnaviria;Heunggongvirae;Uroviricota;Caudoviricetes
genomad_k141_3762406	3665	No terminal repeats	NA	8	11	0.9643	NA	1	9.9486	Viruses;Duplodnaviria;Heunggongvirae;Uroviricota;Caudoviricetes
genomad_k141_2103128	5714	No terminal repeats	NA	10	11	0.9643	NA	3	11.5769	Viruses;Duplodnaviria;Heunggongvirae;Uroviricota;Caudoviricetes
genomad_k141_3366933	9476	No terminal repeats	NA	6	11	0.9643	NA	1	1.9150	Viruses;Duplodnaviria;Heunggongvirae;Uroviricota;Caudoviricetes
genomad_k141_432874	4275	No terminal repeats	NA	11	11	0.9643	NA	1	13.2155	Viruses;Duplodnaviria;Heunggongvirae;Uroviricota;Caudoviricetes
genomad_k141_2511077	8003	No terminal repeats	NA	9	11	0.9643	NA	1	7.6357	Viruses;Varidnaviria;Bamfordvirae;Nucleocytoviricota;Megaviricetes
genomad_k141_1514767	3639	No terminal repeats	NA	5	11	0.9642	NA	0	3.0105	Viruses;Duplodnaviria;Heunggongvirae;Uroviricota;Caudoviricetes
genomad_k141_1034413	3607	No terminal repeats	NA	7	11	0.9642	NA	1	3.5898	Viruses;Duplodnaviria;Heunggongvirae;Uroviricota;Caudoviricetes
genomad_k141_3463558	4809	No terminal repeats	NA	10	11	0.9642	NA	2	4.8160	Viruses;Duplodnaviria;Heunggongvirae;Uroviricota;Caudoviricetes
genomad_k141_380516	6324	No terminal repeats	NA	9	11	0.9642	NA	0	6.7799	Viruses;Duplodnaviria;Heunggongvirae;Uroviricota;Caudoviricetes
genomad_k141_871724	6793	No terminal repeats	NA	14	11	0.9642	NA	0	2.6634	Unclassified
genomad_k141_415744	7792	No terminal repeats	NA	13	11	0.9642	NA	1	3.5922	Viruses;Duplodnaviria;Heunggongvirae;Uroviricota;Caudoviricetes;Thumleimavirales;Hafunaviridae
genomad_k141_3483279	4109	No terminal repeats	NA	13	11	0.9642	NA	0	9.5077	Viruses;Duplodnaviria;Heunggongvirae;Uroviricota;Caudoviricetes
virsorter2_k141_1386220||full	4402	No terminal repeats	NA	9	11	0.9641	NA	1	3.3635	Viruses;Duplodnaviria;Heunggongvirae;Uroviricota;Caudoviricetes
genomad_k141_851943	4668	No terminal repeats	NA	7	11	0.9641	NA	0	3.7024	Viruses;Duplodnaviria;Heunggongvirae;Uroviricota;Caudoviricetes
genomad_k141_1797978	3930	No terminal repeats	NA	5	11	0.9641	NA	0	2.9839	Viruses;Duplodnaviria;Heunggongvirae;Uroviricota;Caudoviricetes
genomad_k141_2565544	5074	No terminal repeats	NA	12	11	0.9641	NA	0	3.4366	Viruses;Duplodnaviria;Heunggongvirae;Uroviricota;Caudoviricetes
genomad_k141_2072899	3564	No terminal repeats	NA	10	11	0.9640	NA	0	4.4963	Viruses;Duplodnaviria;Heunggongvirae;Uroviricota;Caudoviricetes
genomad_k141_641891	4448	No terminal repeats	NA	8	11	0.9640	NA	1	4.7327	Viruses;Duplodnaviria;Heunggongvirae;Uroviricota;Caudoviricetes
genomad_k141_3266220	4045	No terminal repeats	NA	9	11	0.9640	NA	0	4.9849	Viruses;Duplodnaviria;Heunggongvirae;Uroviricota;Caudoviricetes
genomad_k141_2342986	8800	No terminal repeats	NA	16	11	0.9639	NA	0	6.5454	Viruses;Duplodnaviria;Heunggongvirae;Uroviricota;Caudoviricetes
genomad_k141_419932	3710	No terminal repeats	NA	11	11	0.9639	NA	0	6.4854	Viruses;Duplodnaviria;Heunggongvirae;Uroviricota;Caudoviricetes
genomad_k141_1571011	6324	No terminal repeats	NA	9	11	0.9639	NA	0	3.4206	Viruses;Duplodnaviria;Heunggongvirae;Uroviricota;Caudoviricetes
genomad_k141_899841	7110	No terminal repeats	NA	6	11	0.9639	NA	3	5.1207	Viruses;Duplodnaviria;Heunggongvirae;Uroviricota;Caudoviricetes
genomad_k141_1360982	9873	No terminal repeats	NA	15	11	0.9638	NA	5	16.4474	Viruses;Duplodnaviria;Heunggongvirae;Uroviricota;Caudoviricetes
genomad_k141_3500547	4299	No terminal repeats	NA	9	11	0.9638	NA	0	6.4312	Viruses;Duplodnaviria;Heunggongvirae;Uroviricota;Caudoviricetes
genomad_k141_2339601	4181	No terminal repeats	NA	12	11	0.9638	NA	0	4.6810	Viruses;Duplodnaviria;Heunggongvirae;Uroviricota;Caudoviricetes
genomad_k141_2336083	5383	No terminal repeats	NA	13	11	0.9638	NA	1	11.2655	Viruses;Duplodnaviria;Heunggongvirae;Uroviricota;Caudoviricetes
genomad_k141_3431569	6074	No terminal repeats	NA	11	11	0.9638	NA	1	9.0014	Viruses;Duplodnaviria;Heunggongvirae;Uroviricota;Caudoviricetes
genomad_k141_2408115	3801	No terminal repeats	NA	9	11	0.9637	NA	2	11.3408	Viruses;Duplodnaviria;Heunggongvirae;Uroviricota;Caudoviricetes
genomad_k141_2679063	5281	No terminal repeats	NA	11	11	0.9637	NA	0	10.8515	Viruses;Duplodnaviria;Heunggongvirae;Uroviricota;Caudoviricetes
genomad_k141_2127617	4011	No terminal repeats	NA	5	11	0.9636	NA	1	3.0371	Viruses;Duplodnaviria;Heunggongvirae;Uroviricota;Caudoviricetes
genomad_k141_1382814	5075	No terminal repeats	NA	5	11	0.9636	NA	0	2.0700	Viruses;Duplodnaviria;Heunggongvirae;Uroviricota;Caudoviricetes
genomad_k141_1608961	7210	No terminal repeats	NA	10	11	0.9636	NA	0	3.7353	Viruses;Duplodnaviria;Heunggongvirae;Uroviricota;Caudoviricetes
genomad_k141_5350	3686	No terminal repeats	NA	5	11	0.9636	NA	0	4.9827	Viruses;Duplodnaviria;Heunggongvirae;Uroviricota;Caudoviricetes
genomad_k141_3345197	7503	No terminal repeats	NA	14	11	0.9636	NA	0	5.7435	Viruses;Duplodnaviria;Heunggongvirae;Uroviricota;Caudoviricetes
genomad_k141_3370678	3850	No terminal repeats	NA	5	11	0.9636	NA	2	5.1365	Viruses;Duplodnaviria;Heunggongvirae;Uroviricota;Caudoviricetes
genomad_k141_2795268	7829	No terminal repeats	NA	15	11	0.9635	NA	2	23.9028	Viruses;Duplodnaviria;Heunggongvirae;Uroviricota;Caudoviricetes
genomad_k141_450927	7837	No terminal repeats	NA	7	11	0.9635	NA	0	10.2870	Viruses;Duplodnaviria;Heunggongvirae;Uroviricota;Caudoviricetes
genomad_k141_145877	4043	No terminal repeats	NA	8	11	0.9635	NA	0	7.1008	Viruses;Duplodnaviria;Heunggongvirae;Uroviricota;Caudoviricetes
genomad_k141_2910252	8954	No terminal repeats	NA	11	11	0.9635	NA	4	11.9727	Viruses;Duplodnaviria;Heunggongvirae;Uroviricota;Caudoviricetes;Autographiviridae
genomad_k141_1728152	5301	No terminal repeats	NA	13	11	0.9634	NA	0	9.0154	Viruses;Duplodnaviria;Heunggongvirae;Uroviricota;Caudoviricetes
genomad_k141_3641496	3767	No terminal repeats	NA	7	11	0.9634	NA	0	4.7493	Viruses;Duplodnaviria;Heunggongvirae;Uroviricota;Caudoviricetes
genomad_k141_1632682	7898	No terminal repeats	NA	8	11	0.9634	NA	1	10.5584	Viruses;Duplodnaviria;Heunggongvirae;Uroviricota;Caudoviricetes
genomad_k141_2338073	8581	No terminal repeats	NA	16	11	0.9634	NA	0	7.0151	Viruses;Duplodnaviria;Heunggongvirae;Uroviricota;Caudoviricetes
genomad_k141_1436134	6616	No terminal repeats	NA	16	11	0.9634	NA	0	4.4142	Viruses;Duplodnaviria;Heunggongvirae;Uroviricota;Caudoviricetes
genomad_k141_1057498	4681	No terminal repeats	NA	6	11	0.9633	NA	0	4.9771	Viruses;Duplodnaviria;Heunggongvirae;Uroviricota;Caudoviricetes
genomad_k141_2270697	4813	No terminal repeats	NA	9	11	0.9633	NA	0	5.1548	Viruses;Duplodnaviria;Heunggongvirae;Uroviricota;Caudoviricetes
genomad_k141_137667	6387	No terminal repeats	NA	17	11	0.9632	NA	1	15.3178	Viruses;Duplodnaviria;Heunggongvirae;Uroviricota;Caudoviricetes
genomad_k141_698774	3763	No terminal repeats	NA	9	11	0.9632	NA	0	1.6563	Viruses;Duplodnaviria;Heunggongvirae;Uroviricota;Caudoviricetes
genomad_k141_2630248	6770	No terminal repeats	NA	17	11	0.9632	NA	1	4.9039	Viruses;Duplodnaviria;Heunggongvirae;Uroviricota;Caudoviricetes
genomad_k141_240227	4968	No terminal repeats	NA	9	11	0.9631	NA	0	6.0382	Viruses;Duplodnaviria;Heunggongvirae;Uroviricota;Caudoviricetes
genomad_k141_2145838	5261	No terminal repeats	NA	11	11	0.9631	NA	0	4.6079	Viruses;Duplodnaviria;Heunggongvirae;Uroviricota;Caudoviricetes;Demerecviridae
genomad_k141_2056898	5176	No terminal repeats	NA	10	11	0.9631	NA	1	15.1083	Viruses;Duplodnaviria;Heunggongvirae;Uroviricota;Caudoviricetes
genomad_k141_315845	5765	No terminal repeats	NA	9	11	0.9630	NA	2	4.5064	Viruses;Duplodnaviria;Heunggongvirae;Uroviricota;Caudoviricetes
genomad_k141_3007713	4748	No terminal repeats	NA	6	11	0.9630	NA	0	5.1292	Viruses;Duplodnaviria;Heunggongvirae;Uroviricota;Caudoviricetes
genomad_k141_929672	6000	No terminal repeats	NA	13	11	0.9630	NA	1	6.2560	Viruses;Duplodnaviria;Heunggongvirae;Uroviricota;Caudoviricetes
genomad_k141_724496	9879	No terminal repeats	NA	20	11	0.9630	NA	2	6.0763	Viruses;Duplodnaviria;Heunggongvirae;Uroviricota;Caudoviricetes
genomad_k141_1029056	8334	No terminal repeats	NA	11	11	0.9630	NA	1	14.2476	Viruses;Duplodnaviria;Heunggongvirae;Uroviricota;Caudoviricetes
genomad_k141_2095006	3626	No terminal repeats	NA	7	11	0.9630	NA	1	10.3097	Viruses;Varidnaviria;Bamfordvirae;Nucleocytoviricota;Megaviricetes;Algavirales;Phycodnaviridae
genomad_k141_2544426	4635	No terminal repeats	NA	10	11	0.9629	NA	0	7.2987	Viruses;Duplodnaviria;Heunggongvirae;Uroviricota;Caudoviricetes
genomad_k141_444871	27127	No terminal repeats	NA	34	11	0.9629	NA	8	27.4326	Viruses;Duplodnaviria;Heunggongvirae;Uroviricota;Caudoviricetes
genomad_k141_1227995	31811	No terminal repeats	NA	43	11	0.9628	NA	11	46.0754	Viruses;Duplodnaviria;Heunggongvirae;Uroviricota;Caudoviricetes
genomad_k141_2285083	3933	No terminal repeats	NA	7	11	0.9628	NA	0	5.9513	Viruses;Duplodnaviria;Heunggongvirae;Uroviricota;Caudoviricetes
genomad_k141_772402	5075	No terminal repeats	NA	8	11	0.9628	NA	1	6.0665	Viruses;Duplodnaviria;Heunggongvirae;Uroviricota;Caudoviricetes
genomad_k141_1469307	5684	No terminal repeats	NA	14	11	0.9628	NA	0	3.4366	Viruses;Duplodnaviria;Heunggongvirae;Uroviricota;Caudoviricetes
genomad_k141_3508634	5123	No terminal repeats	NA	5	11	0.9627	NA	0	4.6917	Viruses;Duplodnaviria;Heunggongvirae;Uroviricota;Caudoviricetes
genomad_k141_1536699	4411	No terminal repeats	NA	10	11	0.9627	NA	1	13.6938	Viruses;Duplodnaviria;Heunggongvirae;Uroviricota;Caudoviricetes;Kyanoviridae
genomad_k141_1012288	6637	No terminal repeats	NA	6	11	0.9627	NA	0	5.1548	Viruses;Duplodnaviria;Heunggongvirae;Uroviricota;Caudoviricetes
genomad_k141_276839	9092	No terminal repeats	NA	12	11	0.9627	NA	1	11.0567	Viruses;Duplodnaviria;Heunggongvirae;Uroviricota;Caudoviricetes
genomad_k141_3244853	5346	No terminal repeats	NA	5	11	0.9627	NA	2	3.7929	Viruses;Duplodnaviria;Heunggongvirae;Uroviricota;Caudoviricetes
genomad_k141_3674967	7419	No terminal repeats	NA	9	11	0.9626	NA	0	8.5914	Viruses;Duplodnaviria;Heunggongvirae;Uroviricota;Caudoviricetes
genomad_k141_2861816	7249	No terminal repeats	NA	9	11	0.9626	NA	0	9.7349	Viruses;Duplodnaviria;Heunggongvirae;Uroviricota;Caudoviricetes
genomad_k141_696549	4636	No terminal repeats	NA	12	11	0.9626	NA	1	2.7551	Viruses;Duplodnaviria;Heunggongvirae;Uroviricota;Caudoviricetes;Ackermannviridae
genomad_k141_1447296	4436	No terminal repeats	NA	6	11	0.9626	NA	3	9.5789	Viruses;Duplodnaviria;Heunggongvirae;Uroviricota;Caudoviricetes
genomad_k141_1665156	6387	No terminal repeats	NA	17	11	0.9626	NA	0	4.7166	Viruses;Duplodnaviria;Heunggongvirae;Uroviricota;Caudoviricetes
genomad_k141_3161046	3974	No terminal repeats	NA	9	11	0.9625	NA	0	2.9559	Viruses;Duplodnaviria;Heunggongvirae;Uroviricota;Caudoviricetes
genomad_k141_3523662	5431	No terminal repeats	NA	13	11	0.9625	NA	1	15.2798	Viruses;Duplodnaviria;Heunggongvirae;Uroviricota;Caudoviricetes
genomad_k141_772286	5951	No terminal repeats	NA	11	11	0.9625	NA	1	12.7901	Viruses;Duplodnaviria;Heunggongvirae;Uroviricota;Caudoviricetes
genomad_k141_241720	7884	No terminal repeats	NA	10	11	0.9625	NA	0	8.0438	Viruses;Duplodnaviria;Heunggongvirae;Uroviricota;Caudoviricetes
genomad_k141_3625122	6064	No terminal repeats	NA	6	11	0.9625	NA	2	4.6897	Viruses;Duplodnaviria;Heunggongvirae;Uroviricota;Caudoviricetes
genomad_k141_2067311	6486	No terminal repeats	NA	7	11	0.9624	NA	2	12.0108	Viruses;Duplodnaviria;Heunggongvirae;Uroviricota;Caudoviricetes
genomad_k141_1866724	3785	No terminal repeats	NA	5	11	0.9624	NA	0	6.5476	Viruses;Duplodnaviria;Heunggongvirae;Uroviricota;Caudoviricetes
genomad_k141_1097404	3894	No terminal repeats	NA	12	11	0.9624	NA	0	5.5006	Viruses;Duplodnaviria;Heunggongvirae;Uroviricota;Caudoviricetes
genomad_k141_2852149	6197	No terminal repeats	NA	13	11	0.9623	NA	1	8.5914	Viruses;Duplodnaviria;Heunggongvirae;Uroviricota;Caudoviricetes
genomad_k141_785662	4647	No terminal repeats	NA	8	11	0.9623	NA	1	6.1606	Viruses;Duplodnaviria;Heunggongvirae;Uroviricota;Caudoviricetes
genomad_k141_718309	4936	No terminal repeats	NA	9	11	0.9623	NA	0	2.5583	Viruses;Duplodnaviria;Heunggongvirae;Uroviricota;Caudoviricetes
genomad_k141_2930846	6758	No terminal repeats	NA	11	11	0.9623	NA	1	4.6604	Viruses;Duplodnaviria;Heunggongvirae;Uroviricota;Caudoviricetes
genomad_k141_1489541	9525	No terminal repeats	NA	22	11	0.9623	NA	1	10.0925	Viruses;Duplodnaviria;Heunggongvirae;Uroviricota;Caudoviricetes;Demerecviridae
genomad_k141_482484	4900	No terminal repeats	NA	7	11	0.9623	NA	0	4.6788	Viruses;Duplodnaviria;Heunggongvirae;Uroviricota;Caudoviricetes
genomad_k141_573544	4664	No terminal repeats	NA	6	11	0.9622	NA	1	3.2905	Viruses;Duplodnaviria;Heunggongvirae;Uroviricota;Caudoviricetes
genomad_k141_329346	5667	No terminal repeats	NA	8	11	0.9622	NA	1	6.8698	Viruses;Duplodnaviria;Heunggongvirae;Uroviricota;Caudoviricetes
genomad_k141_3766314	3868	No terminal repeats	NA	5	11	0.9622	NA	0	8.1348	Viruses;Duplodnaviria;Heunggongvirae;Uroviricota;Caudoviricetes
genomad_k141_12009	9953	No terminal repeats	NA	19	11	0.9622	NA	0	8.2568	Viruses;Duplodnaviria;Heunggongvirae;Uroviricota;Caudoviricetes
genomad_k141_2503356	5090	No terminal repeats	NA	6	11	0.9622	NA	0	4.5459	Viruses;Duplodnaviria;Heunggongvirae;Uroviricota;Caudoviricetes
genomad_k141_1787388	9872	No terminal repeats	NA	16	11	0.9622	NA	0	17.8427	Viruses;Duplodnaviria;Heunggongvirae;Uroviricota;Caudoviricetes
genomad_k141_2854052	3676	No terminal repeats	NA	6	11	0.9621	NA	1	5.1548	Viruses;Duplodnaviria;Heunggongvirae;Uroviricota;Caudoviricetes
genomad_k141_3680759	4599	No terminal repeats	NA	7	11	0.9621	NA	0	3.3127	Viruses;Duplodnaviria;Heunggongvirae;Uroviricota;Caudoviricetes
genomad_k141_2161497	4419	No terminal repeats	NA	13	11	0.9620	NA	0	4.8658	Viruses;Duplodnaviria;Heunggongvirae;Uroviricota;Caudoviricetes
genomad_k141_1284076	3719	No terminal repeats	NA	15	11	0.9620	NA	2	12.4969	Viruses;Duplodnaviria;Heunggongvirae;Uroviricota;Caudoviricetes
genomad_k141_1517383	5140	No terminal repeats	NA	5	11	0.9620	NA	0	4.7267	Viruses;Varidnaviria;Bamfordvirae;Nucleocytoviricota;Megaviricetes;Imitervirales;Mimiviridae
genomad_k141_793543	7684	No terminal repeats	NA	14	11	0.9619	NA	0	3.3860	Viruses;Duplodnaviria;Heunggongvirae;Uroviricota;Caudoviricetes
genomad_k141_1885088	3760	No terminal repeats	NA	8	11	0.9619	NA	0	3.0015	Viruses;Duplodnaviria;Heunggongvirae;Uroviricota;Caudoviricetes
genomad_k141_585292	8274	No terminal repeats	NA	12	11	0.9619	NA	2	10.7436	Viruses;Duplodnaviria;Heunggongvirae;Uroviricota;Caudoviricetes
genomad_k141_3292145	3843	No terminal repeats	NA	4	11	0.9618	NA	0	4.7551	Viruses;Duplodnaviria;Heunggongvirae;Uroviricota;Caudoviricetes
genomad_k141_1164015	4658	No terminal repeats	NA	8	11	0.9618	NA	1	2.5093	Viruses;Duplodnaviria;Heunggongvirae;Uroviricota;Caudoviricetes
genomad_k141_182935	3527	No terminal repeats	NA	12	11	0.9618	NA	0	5.5439	Viruses;Duplodnaviria;Heunggongvirae;Uroviricota;Caudoviricetes
genomad_k141_1621028	3786	No terminal repeats	NA	8	11	0.9618	NA	1	8.1828	Viruses;Duplodnaviria;Heunggongvirae;Uroviricota;Caudoviricetes
genomad_k141_1820317	5415	No terminal repeats	NA	16	11	0.9618	NA	1	5.7368	Viruses;Duplodnaviria;Heunggongvirae;Uroviricota;Caudoviricetes
genomad_k141_678964	4249	No terminal repeats	NA	4	11	0.9618	NA	0	4.9938	Viruses;Duplodnaviria;Heunggongvirae;Uroviricota;Caudoviricetes
genomad_k141_1965992	7186	No terminal repeats	NA	8	11	0.9617	NA	1	9.7263	Viruses;Duplodnaviria;Heunggongvirae;Uroviricota;Caudoviricetes
genomad_k141_1909233	4913	No terminal repeats	NA	7	11	0.9617	NA	1	3.0846	Viruses;Duplodnaviria;Heunggongvirae;Uroviricota;Caudoviricetes
genomad_k141_3752074	4619	No terminal repeats	NA	9	11	0.9617	NA	1	9.9805	Viruses;Duplodnaviria;Heunggongvirae;Uroviricota;Caudoviricetes
genomad_k141_931570	5598	No terminal repeats	NA	10	11	0.9617	NA	0	13.1889	Viruses;Duplodnaviria;Heunggongvirae;Uroviricota;Caudoviricetes
genomad_k141_2472771	6758	No terminal repeats	NA	19	11	0.9617	NA	0	3.4344	Viruses;Duplodnaviria;Heunggongvirae;Uroviricota;Caudoviricetes
genomad_k141_439913	3944	No terminal repeats	NA	11	4	0.9616	NA	2	6.4780	Viruses;Duplodnaviria;Heunggongvirae;Uroviricota;Caudoviricetes
genomad_k141_3285526	5118	No terminal repeats	NA	10	11	0.9616	NA	0	3.4366	Viruses;Duplodnaviria;Heunggongvirae;Uroviricota;Caudoviricetes
genomad_k141_3490358	3658	No terminal repeats	NA	5	11	0.9616	NA	0	6.6177	Viruses;Duplodnaviria;Heunggongvirae;Uroviricota;Caudoviricetes
genomad_k141_3364525	4969	No terminal repeats	NA	7	11	0.9616	NA	1	6.1432	Viruses;Duplodnaviria;Heunggongvirae;Uroviricota;Caudoviricetes
genomad_k141_1857578	3996	No terminal repeats	NA	5	11	0.9616	NA	1	3.6236	Viruses;Duplodnaviria;Heunggongvirae;Uroviricota;Caudoviricetes
genomad_k141_860250	3989	No terminal repeats	NA	9	11	0.9616	NA	0	1.7183	Unclassified
genomad_k141_1971856	5512	No terminal repeats	NA	14	11	0.9615	NA	0	7.8317	Viruses;Duplodnaviria;Heunggongvirae;Uroviricota;Caudoviricetes
genomad_k141_1304246	9999	No terminal repeats	NA	14	11	0.9615	NA	4	6.9863	Viruses;Duplodnaviria;Heunggongvirae;Uroviricota;Caudoviricetes
genomad_k141_3790112	5046	No terminal repeats	NA	6	11	0.9615	NA	1	10.3002	Viruses;Duplodnaviria;Heunggongvirae;Uroviricota;Caudoviricetes
genomad_k141_1687881	4140	No terminal repeats	NA	7	11	0.9615	NA	0	5.8543	Viruses;Duplodnaviria;Heunggongvirae;Uroviricota;Caudoviricetes
genomad_k141_1202467	4647	No terminal repeats	NA	9	11	0.9615	NA	0	3.1136	Viruses;Duplodnaviria;Heunggongvirae;Uroviricota;Caudoviricetes
genomad_k141_1377361	8608	No terminal repeats	NA	8	15	0.9615	NA	0	12.4932	Viruses;Duplodnaviria;Heunggongvirae;Uroviricota;Caudoviricetes
genomad_k141_1795965	3939	No terminal repeats	NA	7	11	0.9615	NA	0	6.3350	Viruses;Duplodnaviria;Heunggongvirae;Uroviricota;Caudoviricetes
genomad_k141_2037582	4183	No terminal repeats	NA	5	11	0.9615	NA	3	4.6822	Viruses;Duplodnaviria;Heunggongvirae;Uroviricota;Caudoviricetes
genomad_k141_2808273	9248	No terminal repeats	NA	12	11	0.9614	NA	2	18.0074	Viruses;Duplodnaviria;Heunggongvirae;Uroviricota;Caudoviricetes
genomad_k141_1017821	4810	No terminal repeats	NA	11	11	0.9614	NA	1	2.6322	Viruses;Duplodnaviria;Heunggongvirae;Uroviricota;Caudoviricetes
genomad_k141_2364096	5421	No terminal repeats	NA	11	11	0.9614	NA	0	1.7169	Unclassified
genomad_k141_2483058	3745	No terminal repeats	NA	9	11	0.9614	NA	0	4.8975	Viruses;Duplodnaviria;Heunggongvirae;Uroviricota;Caudoviricetes
genomad_k141_3473363	3758	No terminal repeats	NA	5	11	0.9613	NA	0	1.1584	Viruses;Duplodnaviria;Heunggongvirae;Uroviricota;Caudoviricetes
genomad_k141_523401	9719	No terminal repeats	NA	21	11	0.9613	NA	1	7.5390	Viruses;Duplodnaviria;Heunggongvirae;Uroviricota;Caudoviricetes
genomad_k141_2016317	7225	No terminal repeats	NA	9	11	0.9613	NA	0	1.2359	Viruses;Duplodnaviria;Heunggongvirae;Uroviricota;Caudoviricetes
genomad_k141_1890995	3781	No terminal repeats	NA	8	11	0.9613	NA	0	2.9924	Viruses;Duplodnaviria;Heunggongvirae;Uroviricota;Caudoviricetes
genomad_k141_1372992	17858	No terminal repeats	NA	23	11	0.9612	NA	8	27.1474	Viruses;Duplodnaviria;Heunggongvirae;Uroviricota;Caudoviricetes
genomad_k141_3227064	5163	No terminal repeats	NA	7	11	0.9612	NA	0	2.9808	Viruses;Duplodnaviria;Heunggongvirae;Uroviricota;Caudoviricetes
genomad_k141_1385690	4248	No terminal repeats	NA	13	11	0.9612	NA	0	3.5660	Viruses;Duplodnaviria;Heunggongvirae;Uroviricota;Caudoviricetes
genomad_k141_2291	8198	No terminal repeats	NA	15	11	0.9611	NA	1	4.6129	Viruses;Duplodnaviria;Heunggongvirae;Uroviricota;Caudoviricetes
genomad_k141_2186842	4459	No terminal repeats	NA	8	11	0.9611	NA	1	6.3426	Viruses;Duplodnaviria;Heunggongvirae;Uroviricota;Caudoviricetes
genomad_k141_502610	4055	No terminal repeats	NA	7	11	0.9611	NA	1	9.3931	Viruses;Duplodnaviria;Heunggongvirae;Uroviricota;Caudoviricetes
genomad_k141_2235534	4195	No terminal repeats	NA	10	11	0.9611	NA	1	5.4416	Viruses;Duplodnaviria;Heunggongvirae;Uroviricota;Caudoviricetes
genomad_k141_831056	3186	No terminal repeats	NA	3	11	0.9610	NA	0	3.4148	Viruses;Duplodnaviria;Heunggongvirae;Uroviricota;Caudoviricetes
genomad_k141_3103668	5212	No terminal repeats	NA	13	11	0.9610	NA	0	8.0525	Viruses;Duplodnaviria;Heunggongvirae;Uroviricota;Caudoviricetes
genomad_k141_659003	7738	No terminal repeats	NA	11	11	0.9610	NA	0	6.5608	Viruses;Duplodnaviria;Heunggongvirae;Uroviricota;Caudoviricetes
genomad_k141_2827179	5791	No terminal repeats	NA	15	11	0.9610	NA	0	4.4940	Viruses;Duplodnaviria;Heunggongvirae;Uroviricota;Caudoviricetes
genomad_k141_500807	6290	No terminal repeats	NA	9	11	0.9610	NA	4	9.6334	Viruses;Duplodnaviria;Heunggongvirae;Uroviricota;Caudoviricetes
genomad_k141_202818	4416	No terminal repeats	NA	10	11	0.9609	NA	1	8.0700	Viruses;Duplodnaviria;Heunggongvirae;Uroviricota;Caudoviricetes
genomad_k141_3283886	3962	No terminal repeats	NA	6	11	0.9609	NA	0	1.4064	Viruses;Duplodnaviria;Heunggongvirae;Uroviricota;Caudoviricetes
genomad_k141_2026438	9180	No terminal repeats	NA	17	11	0.9609	NA	2	13.7050	Viruses;Duplodnaviria;Heunggongvirae;Uroviricota;Caudoviricetes
genomad_k141_1834174	5182	No terminal repeats	NA	8	11	0.9608	NA	0	2.8455	Viruses;Duplodnaviria;Heunggongvirae;Uroviricota;Caudoviricetes
genomad_k141_3026862	3534	No terminal repeats	NA	6	11	0.9608	NA	0	5.1121	Viruses;Duplodnaviria;Heunggongvirae;Uroviricota;Caudoviricetes
genomad_k141_3532606	4571	No terminal repeats	NA	12	11	0.9608	NA	0	5.4544	Viruses;Duplodnaviria;Heunggongvirae;Uroviricota;Caudoviricetes
genomad_k141_2668445	4560	No terminal repeats	NA	7	11	0.9608	NA	0	5.0896	Viruses;Duplodnaviria;Heunggongvirae;Uroviricota;Caudoviricetes
genomad_k141_800981	7038	No terminal repeats	NA	7	11	0.9607	NA	0	11.0010	Viruses;Duplodnaviria;Heunggongvirae;Uroviricota;Caudoviricetes
genomad_k141_897678	6297	No terminal repeats	NA	6	11	0.9607	NA	0	1.4162	Viruses;Duplodnaviria;Heunggongvirae;Uroviricota;Caudoviricetes
genomad_k141_3287146	3719	No terminal repeats	NA	6	11	0.9607	NA	0	3.4366	Viruses;Duplodnaviria;Heunggongvirae;Uroviricota;Caudoviricetes
genomad_k141_2155966	6890	No terminal repeats	NA	6	11	0.9607	NA	0	6.4792	Viruses;Duplodnaviria;Heunggongvirae;Uroviricota;Caudoviricetes
genomad_k141_2316315	5850	No terminal repeats	NA	9	11	0.9607	NA	0	4.6038	Viruses;Duplodnaviria;Heunggongvirae;Uroviricota;Caudoviricetes;Herelleviridae
genomad_k141_3778010	4734	No terminal repeats	NA	8	11	0.9607	NA	0	3.3352	Viruses;Duplodnaviria;Heunggongvirae;Uroviricota;Caudoviricetes;Herelleviridae
genomad_k141_2949124	8797	No terminal repeats	NA	22	11	0.9606	NA	0	6.6508	Viruses;Duplodnaviria;Heunggongvirae;Uroviricota;Caudoviricetes
genomad_k141_3246099	4985	No terminal repeats	NA	9	11	0.9606	NA	0	6.5762	Viruses;Duplodnaviria;Heunggongvirae;Uroviricota;Caudoviricetes
genomad_k141_2031010	4008	No terminal repeats	NA	8	11	0.9606	NA	0	3.0959	Viruses;Duplodnaviria;Heunggongvirae;Uroviricota;Caudoviricetes
genomad_k141_3266958	4194	No terminal repeats	NA	7	11	0.9606	NA	0	1.6927	Viruses;Duplodnaviria;Heunggongvirae;Uroviricota;Caudoviricetes
genomad_k141_3800213	40430	DTR	NA	53	11	0.9605	NA	5	34.3557	Viruses;Duplodnaviria;Heunggongvirae;Uroviricota;Caudoviricetes
genomad_k141_2175535	9045	No terminal repeats	NA	13	11	0.9605	NA	1	3.0607	Viruses;Duplodnaviria;Heunggongvirae;Uroviricota;Caudoviricetes
genomad_k141_66799	7123	No terminal repeats	NA	14	11	0.9605	NA	0	10.0246	Viruses;Duplodnaviria;Heunggongvirae;Uroviricota;Caudoviricetes
genomad_k141_1008889	3342	No terminal repeats	NA	2	11	0.9605	NA	1	1.7183	Viruses;Duplodnaviria;Heunggongvirae;Uroviricota;Caudoviricetes
genomad_k141_3165386	3512	No terminal repeats	NA	5	11	0.9604	NA	0	3.4332	Viruses;Duplodnaviria;Heunggongvirae;Uroviricota;Caudoviricetes
genomad_k141_785102	4365	No terminal repeats	NA	6	11	0.9604	NA	1	3.4303	Viruses;Duplodnaviria;Heunggongvirae;Uroviricota;Caudoviricetes;Demerecviridae
genomad_k141_1512418	3957	No terminal repeats	NA	5	11	0.9604	NA	1	4.6891	Viruses;Duplodnaviria;Heunggongvirae;Uroviricota;Caudoviricetes
genomad_k141_3409704	3793	No terminal repeats	NA	10	11	0.9604	NA	2	8.3550	Viruses;Duplodnaviria;Heunggongvirae;Uroviricota;Caudoviricetes
genomad_k141_3336051	3800	No terminal repeats	NA	10	11	0.9604	NA	0	12.0013	Viruses;Duplodnaviria;Heunggongvirae;Uroviricota;Caudoviricetes
genomad_k141_663120	5472	No terminal repeats	NA	6	11	0.9603	NA	1	5.1864	Viruses;Duplodnaviria;Heunggongvirae;Uroviricota;Caudoviricetes
genomad_k141_435705	4886	No terminal repeats	NA	7	11	0.9603	NA	3	6.1218	Viruses;Duplodnaviria;Heunggongvirae;Uroviricota;Caudoviricetes
genomad_k141_2865825	8907	No terminal repeats	NA	14	11	0.9603	NA	2	5.6043	Viruses;Duplodnaviria;Heunggongvirae;Uroviricota;Caudoviricetes
genomad_k141_1440269	5406	No terminal repeats	NA	7	11	0.9603	NA	2	10.3097	Viruses;Duplodnaviria;Heunggongvirae;Uroviricota;Caudoviricetes
genomad_k141_1076737	5669	No terminal repeats	NA	7	11	0.9603	NA	0	5.7294	Viruses;Duplodnaviria;Heunggongvirae;Uroviricota;Caudoviricetes
genomad_k141_723506	28825	No terminal repeats	NA	43	11	0.9602	NA	12	24.9573	Viruses;Duplodnaviria;Heunggongvirae;Uroviricota;Caudoviricetes
genomad_k141_1530093	5317	No terminal repeats	NA	9	11	0.9602	NA	1	8.1009	Viruses;Duplodnaviria;Heunggongvirae;Uroviricota;Caudoviricetes
genomad_k141_361341	26291	No terminal repeats	NA	26	11	0.9600	NA	3	24.3415	Viruses;Duplodnaviria;Heunggongvirae;Uroviricota;Caudoviricetes
genomad_k141_1774153	8251	No terminal repeats	NA	16	11	0.9600	NA	1	7.9600	Viruses;Duplodnaviria;Heunggongvirae;Uroviricota;Caudoviricetes
genomad_k141_1981784	3973	No terminal repeats	NA	7	11	0.9600	NA	1	4.5528	Viruses;Duplodnaviria;Heunggongvirae;Uroviricota;Caudoviricetes
genomad_k141_2113829	4340	No terminal repeats	NA	5	11	0.9600	NA	2	3.2223	Viruses;Duplodnaviria;Heunggongvirae;Uroviricota;Caudoviricetes
genomad_k141_739871	4162	No terminal repeats	NA	10	11	0.9600	NA	0	6.8731	Viruses;Duplodnaviria;Heunggongvirae;Uroviricota;Caudoviricetes
genomad_k141_552081	5147	No terminal repeats	NA	6	11	0.9599	NA	2	9.4055	Viruses;Duplodnaviria;Heunggongvirae;Uroviricota;Caudoviricetes
genomad_k141_3060784	5521	No terminal repeats	NA	8	11	0.9599	NA	1	9.7221	Viruses;Duplodnaviria;Heunggongvirae;Uroviricota;Caudoviricetes
genomad_k141_2928932	8213	No terminal repeats	NA	18	11	0.9599	NA	0	3.6226	Viruses;Duplodnaviria;Heunggongvirae;Uroviricota;Caudoviricetes
genomad_k141_785124	4524	No terminal repeats	NA	9	11	0.9599	NA	2	3.9483	Viruses;Duplodnaviria;Heunggongvirae;Uroviricota;Caudoviricetes
genomad_k141_907640	4836	No terminal repeats	NA	8	11	0.9599	NA	0	10.0679	Viruses;Duplodnaviria;Heunggongvirae;Uroviricota;Caudoviricetes
genomad_k141_1400882	5050	No terminal repeats	NA	8	11	0.9598	NA	4	11.8287	Viruses;Duplodnaviria;Heunggongvirae;Uroviricota;Caudoviricetes
genomad_k141_1121154	4572	No terminal repeats	NA	8	11	0.9598	NA	2	5.8528	Viruses;Duplodnaviria;Heunggongvirae;Uroviricota;Caudoviricetes
genomad_k141_1307706	43783	No terminal repeats	NA	60	11	0.9598	NA	15	56.4893	Viruses;Duplodnaviria;Heunggongvirae;Uroviricota;Caudoviricetes
genomad_k141_545862	3976	No terminal repeats	NA	8	11	0.9597	NA	2	6.3123	Viruses;Duplodnaviria;Heunggongvirae;Uroviricota;Caudoviricetes
genomad_k141_1858378	72662	No terminal repeats	NA	96	11	0.9597	NA	14	50.8708	Viruses;Duplodnaviria;Heunggongvirae;Uroviricota;Caudoviricetes
genomad_k141_3104953	4372	No terminal repeats	NA	7	11	0.9596	NA	0	2.6525	Viruses;Duplodnaviria;Heunggongvirae;Uroviricota;Caudoviricetes
genomad_k141_2471142	4598	No terminal repeats	NA	10	11	0.9596	NA	1	4.8509	Viruses;Duplodnaviria;Heunggongvirae;Uroviricota;Caudoviricetes
genomad_k141_3093780	3965	No terminal repeats	NA	6	11	0.9596	NA	0	3.4366	Viruses;Varidnaviria;Bamfordvirae;Nucleocytoviricota;Megaviricetes
genomad_k141_3402169	3842	No terminal repeats	NA	6	11	0.9596	NA	0	9.7080	Viruses;Duplodnaviria;Heunggongvirae;Uroviricota;Caudoviricetes
genomad_k141_3291321	4013	No terminal repeats	NA	8	11	0.9596	NA	1	2.4958	Viruses;Duplodnaviria;Heunggongvirae;Uroviricota;Caudoviricetes
genomad_k141_3714568	8727	No terminal repeats	NA	18	11	0.9596	NA	0	17.6083	Viruses;Duplodnaviria;Heunggongvirae;Uroviricota;Caudoviricetes
genomad_k141_1069888	4859	No terminal repeats	NA	5	11	0.9595	NA	0	8.5526	Viruses;Duplodnaviria;Heunggongvirae;Uroviricota;Caudoviricetes
genomad_k141_317008	5410	No terminal repeats	NA	8	11	0.9595	NA	0	1.5038	Viruses;Duplodnaviria;Heunggongvirae;Uroviricota;Caudoviricetes
genomad_k141_901526	4085	No terminal repeats	NA	6	11	0.9595	NA	2	8.3035	Viruses;Duplodnaviria;Heunggongvirae;Uroviricota;Caudoviricetes
genomad_k141_190241	7339	No terminal repeats	NA	6	11	0.9595	NA	0	4.6522	Viruses;Varidnaviria;Bamfordvirae;Nucleocytoviricota;Megaviricetes;Algavirales;Phycodnaviridae
genomad_k141_2737066	6263	No terminal repeats	NA	5	11	0.9595	NA	0	3.1318	Viruses;Varidnaviria;Bamfordvirae;Nucleocytoviricota;Megaviricetes;Algavirales;Phycodnaviridae
genomad_k141_1215848	4143	No terminal repeats	NA	9	11	0.9594	NA	0	4.0520	Viruses;Duplodnaviria;Heunggongvirae;Uroviricota;Caudoviricetes;Drexlerviridae
genomad_k141_1980662	4341	No terminal repeats	NA	10	11	0.9594	NA	0	9.8874	Viruses;Duplodnaviria;Heunggongvirae;Uroviricota;Caudoviricetes
genomad_k141_2915505	3938	No terminal repeats	NA	8	11	0.9594	NA	0	3.7959	Viruses;Duplodnaviria;Heunggongvirae;Uroviricota;Caudoviricetes
genomad_k141_3403626	5717	No terminal repeats	NA	15	11	0.9594	NA	0	4.3054	Viruses;Duplodnaviria;Heunggongvirae;Uroviricota;Caudoviricetes
genomad_k141_288484	3543	No terminal repeats	NA	9	11	0.9593	NA	0	3.4366	Viruses;Duplodnaviria;Heunggongvirae;Uroviricota;Caudoviricetes
genomad_k141_3180250	3512	No terminal repeats	NA	6	11	0.9593	NA	0	9.3696	Viruses;Duplodnaviria;Heunggongvirae;Uroviricota;Caudoviricetes
genomad_k141_3421019	5159	No terminal repeats	NA	10	11	0.9592	NA	0	1.3691	Viruses;Duplodnaviria;Heunggongvirae;Uroviricota;Caudoviricetes
genomad_k141_2453496	4357	No terminal repeats	NA	13	11	0.9592	NA	1	11.8466	Viruses;Duplodnaviria;Heunggongvirae;Uroviricota;Caudoviricetes
genomad_k141_135441	5166	No terminal repeats	NA	10	11	0.9592	NA	1	5.6814	Viruses;Duplodnaviria;Heunggongvirae;Uroviricota;Caudoviricetes
genomad_k141_2045702	8688	No terminal repeats	NA	20	11	0.9592	NA	0	2.2010	Viruses;Duplodnaviria;Heunggongvirae;Uroviricota;Caudoviricetes;Thumleimavirales;Hafunaviridae
genomad_k141_2497888	4483	No terminal repeats	NA	9	11	0.9592	NA	1	4.8549	Viruses;Duplodnaviria;Heunggongvirae;Uroviricota;Caudoviricetes
genomad_k141_2825751	5442	No terminal repeats	NA	14	11	0.9591	NA	0	8.0158	Viruses;Duplodnaviria;Heunggongvirae;Uroviricota;Caudoviricetes
genomad_k141_3654402	4727	No terminal repeats	NA	5	11	0.9591	NA	0	4.8141	Viruses;Duplodnaviria;Heunggongvirae;Uroviricota;Caudoviricetes
genomad_k141_3556216	14980	No terminal repeats	NA	22	11	0.9591	NA	6	22.2921	Viruses;Duplodnaviria;Heunggongvirae;Uroviricota;Caudoviricetes
genomad_k141_3707222	3661	No terminal repeats	NA	5	11	0.9591	NA	1	5.1438	Viruses;Duplodnaviria;Heunggongvirae;Uroviricota;Caudoviricetes
genomad_k141_1274606	6740	No terminal repeats	NA	13	11	0.9591	NA	1	7.6387	Viruses;Duplodnaviria;Heunggongvirae;Uroviricota;Caudoviricetes
genomad_k141_590873	5081	No terminal repeats	NA	14	11	0.9590	NA	0	7.8530	Viruses;Duplodnaviria;Heunggongvirae;Uroviricota;Caudoviricetes
genomad_k141_2026769	5387	No terminal repeats	NA	6	11	0.9590	NA	0	6.8731	Viruses;Duplodnaviria;Heunggongvirae;Uroviricota;Caudoviricetes
genomad_k141_305172	9190	No terminal repeats	NA	21	11	0.9590	NA	1	8.6053	Viruses;Duplodnaviria;Heunggongvirae;Uroviricota;Caudoviricetes
genomad_k141_1393934	9072	No terminal repeats	NA	9	11	0.9590	NA	0	13.0645	Viruses;Duplodnaviria;Heunggongvirae;Uroviricota;Caudoviricetes
genomad_k141_1275194	4748	No terminal repeats	NA	10	11	0.9590	NA	1	4.9690	Viruses;Duplodnaviria;Heunggongvirae;Uroviricota;Caudoviricetes
genomad_k141_657405	4138	No terminal repeats	NA	9	11	0.9589	NA	0	6.8731	Viruses;Duplodnaviria;Heunggongvirae;Uroviricota;Caudoviricetes
genomad_k141_734382	9011	No terminal repeats	NA	14	11	0.9589	NA	1	4.7364	Viruses;Duplodnaviria;Heunggongvirae;Uroviricota;Caudoviricetes
genomad_k141_3266688	5421	No terminal repeats	NA	11	11	0.9589	NA	0	11.1781	Viruses;Duplodnaviria;Heunggongvirae;Uroviricota;Caudoviricetes
genomad_k141_1433412	4684	No terminal repeats	NA	7	11	0.9588	NA	1	1.4820	Viruses;Duplodnaviria;Heunggongvirae;Uroviricota;Caudoviricetes
genomad_k141_2137290	9813	No terminal repeats	NA	9	11	0.9588	NA	0	12.8006	Viruses;Duplodnaviria;Heunggongvirae;Uroviricota;Caudoviricetes
genomad_k141_2321809	6717	No terminal repeats	NA	11	11	0.9588	NA	0	9.1714	Viruses;Duplodnaviria;Heunggongvirae;Uroviricota;Caudoviricetes
genomad_k141_1876183	5290	No terminal repeats	NA	14	11	0.9587	NA	1	7.5516	Viruses;Duplodnaviria;Heunggongvirae;Uroviricota;Caudoviricetes
genomad_k141_898934	4276	No terminal repeats	NA	13	11	0.9587	NA	2	8.1056	Viruses;Duplodnaviria;Heunggongvirae;Uroviricota;Caudoviricetes
genomad_k141_1020636	6411	No terminal repeats	NA	18	11	0.9587	NA	0	5.8619	Viruses;Duplodnaviria;Heunggongvirae;Uroviricota;Caudoviricetes
genomad_k141_3025441	4234	No terminal repeats	NA	14	11	0.9587	NA	2	17.6179	Viruses;Duplodnaviria;Heunggongvirae;Uroviricota;Caudoviricetes
genomad_k141_931663	3698	No terminal repeats	NA	13	11	0.9587	NA	0	1.7183	Viruses;Duplodnaviria;Heunggongvirae;Uroviricota;Caudoviricetes
genomad_k141_3621938	6152	No terminal repeats	NA	18	11	0.9587	NA	2	9.9131	Viruses;Duplodnaviria;Heunggongvirae;Uroviricota;Caudoviricetes
genomad_k141_3216990	4083	No terminal repeats	NA	7	11	0.9586	NA	1	7.1929	Viruses;Duplodnaviria;Heunggongvirae;Uroviricota;Caudoviricetes
genomad_k141_2759739	8790	No terminal repeats	NA	24	11	0.9586	NA	0	9.5623	Viruses;Duplodnaviria;Heunggongvirae;Uroviricota;Caudoviricetes
genomad_k141_1553253	7296	No terminal repeats	NA	22	11	0.9586	NA	0	11.5308	Viruses;Duplodnaviria;Heunggongvirae;Uroviricota;Caudoviricetes
genomad_k141_3353407	4176	No terminal repeats	NA	8	11	0.9585	NA	0	10.8593	Viruses;Duplodnaviria;Heunggongvirae;Uroviricota;Caudoviricetes
genomad_k141_1612473	8578	No terminal repeats	NA	12	11	0.9585	NA	0	17.0556	Viruses;Duplodnaviria;Heunggongvirae;Uroviricota;Caudoviricetes
genomad_k141_3059400	7585	No terminal repeats	NA	14	11	0.9585	NA	0	10.5756	Viruses;Duplodnaviria;Heunggongvirae;Uroviricota;Caudoviricetes
genomad_k141_2189046	6316	No terminal repeats	NA	7	11	0.9585	NA	2	4.7343	Viruses;Duplodnaviria;Heunggongvirae;Uroviricota;Caudoviricetes
genomad_k141_2030893	4500	No terminal repeats	NA	6	11	0.9584	NA	0	3.3939	Viruses;Duplodnaviria;Heunggongvirae;Uroviricota;Caudoviricetes
genomad_k141_263348	3820	No terminal repeats	NA	6	11	0.9584	NA	0	4.7008	Viruses;Duplodnaviria;Heunggongvirae;Uroviricota;Caudoviricetes
genomad_k141_60869	5665	No terminal repeats	NA	13	11	0.9584	NA	0	3.4253	Viruses;Duplodnaviria;Heunggongvirae;Uroviricota;Caudoviricetes
genomad_k141_694725	5372	No terminal repeats	NA	5	11	0.9584	NA	3	5.1548	Viruses;Varidnaviria;Bamfordvirae;Nucleocytoviricota;Megaviricetes;Pimascovirales;Iridoviridae
genomad_k141_2316353	3861	No terminal repeats	NA	6	11	0.9584	NA	0	4.4573	Viruses;Duplodnaviria;Heunggongvirae;Uroviricota;Caudoviricetes
genomad_k141_1734450	3964	No terminal repeats	NA	8	11	0.9584	NA	0	7.2211	Viruses;Duplodnaviria;Heunggongvirae;Uroviricota;Caudoviricetes
genomad_k141_409868	5820	No terminal repeats	NA	15	11	0.9584	NA	1	7.2401	Viruses;Duplodnaviria;Heunggongvirae;Uroviricota;Caudoviricetes
genomad_k141_2933203	1803	No terminal repeats	NA	3	11	0.9584	NA	1	4.9128	Viruses;Duplodnaviria;Heunggongvirae;Uroviricota;Caudoviricetes
genomad_k141_3685576	6054	No terminal repeats	NA	12	11	0.9584	NA	0	8.9164	Viruses;Duplodnaviria;Heunggongvirae;Uroviricota;Caudoviricetes
genomad_k141_896078	4930	No terminal repeats	NA	12	11	0.9582	NA	2	4.4775	Viruses;Duplodnaviria;Heunggongvirae;Uroviricota;Caudoviricetes
genomad_k141_2705381	3877	No terminal repeats	NA	8	11	0.9581	NA	0	6.6796	Viruses;Duplodnaviria;Heunggongvirae;Uroviricota;Caudoviricetes;Drexlerviridae
genomad_k141_1387388	4488	No terminal repeats	NA	9	11	0.9581	NA	2	6.0501	Viruses;Duplodnaviria;Heunggongvirae;Uroviricota;Caudoviricetes
genomad_k141_1171217	3862	No terminal repeats	NA	9	11	0.9581	NA	0	3.3822	Viruses;Duplodnaviria;Heunggongvirae;Uroviricota;Caudoviricetes
genomad_k141_468963	4801	No terminal repeats	NA	14	11	0.9579	NA	0	2.8293	Viruses;Duplodnaviria;Heunggongvirae;Uroviricota;Caudoviricetes
genomad_k141_1615504	5995	No terminal repeats	NA	6	11	0.9579	NA	0	5.6468	Viruses;Duplodnaviria;Heunggongvirae;Uroviricota;Caudoviricetes
genomad_k141_1266916	5556	No terminal repeats	NA	10	11	0.9578	NA	2	15.0302	Viruses;Duplodnaviria;Heunggongvirae;Uroviricota;Caudoviricetes
genomad_k141_1246470	8527	No terminal repeats	NA	10	11	0.9578	NA	2	9.3849	Viruses;Duplodnaviria;Heunggongvirae;Uroviricota;Caudoviricetes
genomad_k141_1495864	3872	No terminal repeats	NA	7	11	0.9578	NA	2	5.5882	Viruses;Duplodnaviria;Heunggongvirae;Uroviricota;Caudoviricetes
genomad_k141_2169203	6277	No terminal repeats	NA	11	11	0.9577	NA	0	6.8667	Viruses;Duplodnaviria;Heunggongvirae;Uroviricota;Caudoviricetes
genomad_k141_2971991	5362	No terminal repeats	NA	11	11	0.9577	NA	1	2.8715	Viruses;Duplodnaviria;Heunggongvirae;Uroviricota;Caudoviricetes
genomad_k141_1042380	7494	No terminal repeats	NA	11	11	0.9577	NA	0	8.5040	Viruses;Duplodnaviria;Heunggongvirae;Uroviricota;Caudoviricetes
genomad_k141_1310694	4722	No terminal repeats	NA	13	11	0.9577	NA	0	6.4588	Viruses;Duplodnaviria;Heunggongvirae;Uroviricota;Caudoviricetes
genomad_k141_2574628	6911	No terminal repeats	NA	17	11	0.9577	NA	1	12.0886	Viruses;Duplodnaviria;Heunggongvirae;Uroviricota;Caudoviricetes
genomad_k141_553258	4914	No terminal repeats	NA	8	11	0.9577	NA	0	3.4480	Viruses;Duplodnaviria;Heunggongvirae;Uroviricota;Caudoviricetes
genomad_k141_3334362	3611	No terminal repeats	NA	5	11	0.9576	NA	0	5.0025	Viruses;Duplodnaviria;Heunggongvirae;Uroviricota;Caudoviricetes
genomad_k141_1307875	7166	No terminal repeats	NA	14	11	0.9576	NA	0	3.6498	Viruses;Duplodnaviria;Heunggongvirae;Uroviricota;Caudoviricetes
genomad_k141_3097377	4534	No terminal repeats	NA	8	11	0.9576	NA	1	2.7782	Viruses;Duplodnaviria;Heunggongvirae;Uroviricota;Caudoviricetes
genomad_k141_906408	4886	No terminal repeats	NA	5	11	0.9576	NA	2	5.2328	Viruses;Duplodnaviria;Heunggongvirae;Uroviricota;Caudoviricetes
genomad_k141_839433	4940	No terminal repeats	NA	9	11	0.9575	NA	2	4.3850	Viruses;Duplodnaviria;Heunggongvirae;Uroviricota;Caudoviricetes
genomad_k141_3535135	5549	No terminal repeats	NA	11	11	0.9575	NA	0	1.7183	Viruses;Duplodnaviria;Heunggongvirae;Uroviricota;Caudoviricetes
genomad_k141_1942281	3531	No terminal repeats	NA	6	11	0.9575	NA	1	5.7216	Viruses;Duplodnaviria;Heunggongvirae;Uroviricota;Caudoviricetes
genomad_k141_3285651	4502	No terminal repeats	NA	12	11	0.9575	NA	1	7.4490	Viruses;Duplodnaviria;Heunggongvirae;Uroviricota;Caudoviricetes
genomad_k141_434821	3249	No terminal repeats	NA	6	11	0.9575	NA	0	3.4253	Viruses;Duplodnaviria;Heunggongvirae;Uroviricota;Caudoviricetes
genomad_k141_1725046	5476	No terminal repeats	NA	5	11	0.9574	NA	0	8.5914	Viruses;Duplodnaviria;Heunggongvirae;Uroviricota;Caudoviricetes
genomad_k141_3215091	4914	No terminal repeats	NA	12	11	0.9574	NA	0	8.0409	Viruses;Duplodnaviria;Heunggongvirae;Uroviricota;Caudoviricetes
genomad_k141_2090639	29316	No terminal repeats	NA	44	11	0.9574	NA	4	25.5559	Viruses;Duplodnaviria;Heunggongvirae;Uroviricota;Caudoviricetes
genomad_k141_1625088	4411	No terminal repeats	NA	5	11	0.9574	NA	1	3.4366	Viruses;Duplodnaviria;Heunggongvirae;Uroviricota;Caudoviricetes
genomad_k141_202405	4940	No terminal repeats	NA	10	11	0.9573	NA	2	3.2067	Viruses;Duplodnaviria;Heunggongvirae;Uroviricota;Caudoviricetes
genomad_k141_2809531	3509	No terminal repeats	NA	10	11	0.9573	NA	0	6.5848	Viruses;Duplodnaviria;Heunggongvirae;Uroviricota;Caudoviricetes
genomad_k141_1382236	3730	No terminal repeats	NA	12	11	0.9572	NA	0	4.8341	Viruses;Duplodnaviria;Heunggongvirae;Uroviricota;Caudoviricetes;Demerecviridae
genomad_k141_3528250	4418	No terminal repeats	NA	8	11	0.9572	NA	0	11.2786	Viruses;Duplodnaviria;Heunggongvirae;Uroviricota;Caudoviricetes
genomad_k141_1771112	3545	No terminal repeats	NA	8	11	0.9572	NA	0	7.7854	Viruses;Duplodnaviria;Heunggongvirae;Uroviricota;Caudoviricetes
genomad_k141_2684844	3756	No terminal repeats	NA	13	11	0.9572	NA	0	12.1623	Viruses;Duplodnaviria;Heunggongvirae;Uroviricota;Caudoviricetes
genomad_k141_1127452	3150	No terminal repeats	NA	7	11	0.9572	NA	0	5.2893	Viruses;Duplodnaviria;Heunggongvirae;Uroviricota;Caudoviricetes
genomad_k141_470293	3663	No terminal repeats	NA	5	11	0.9572	NA	2	4.2620	Viruses;Duplodnaviria;Heunggongvirae;Uroviricota;Caudoviricetes
genomad_k141_3399688	4144	No terminal repeats	NA	9	11	0.9572	NA	0	15.1930	Viruses;Duplodnaviria;Heunggongvirae;Uroviricota;Caudoviricetes
genomad_k141_849760	3886	No terminal repeats	NA	5	11	0.9572	NA	1	4.8439	Viruses;Duplodnaviria;Heunggongvirae;Uroviricota;Caudoviricetes
genomad_k141_940798	6208	No terminal repeats	NA	11	11	0.9571	NA	0	4.9083	Viruses;Duplodnaviria;Heunggongvirae;Uroviricota;Caudoviricetes
genomad_k141_3519086	4324	No terminal repeats	NA	5	11	0.9571	NA	1	5.1162	Unclassified
genomad_k141_2094386	8150	No terminal repeats	NA	12	11	0.9571	NA	2	7.8279	Viruses;Duplodnaviria;Heunggongvirae;Uroviricota;Caudoviricetes
genomad_k141_66353	7401	No terminal repeats	NA	10	11	0.9571	NA	2	3.3664	Viruses;Duplodnaviria;Heunggongvirae;Uroviricota;Caudoviricetes
genomad_k141_2488050	6038	No terminal repeats	NA	12	11	0.9570	NA	1	8.3196	Viruses;Duplodnaviria;Heunggongvirae;Uroviricota;Caudoviricetes
genomad_k141_2085471	8597	No terminal repeats	NA	20	11	0.9570	NA	0	4.2123	Viruses;Duplodnaviria;Heunggongvirae;Uroviricota;Caudoviricetes
genomad_k141_182461	3614	No terminal repeats	NA	8	11	0.9569	NA	0	6.4520	Viruses;Duplodnaviria;Heunggongvirae;Uroviricota;Caudoviricetes
genomad_k141_3634235	8910	No terminal repeats	NA	10	11	0.9569	NA	2	13.7453	Viruses;Duplodnaviria;Heunggongvirae;Uroviricota;Caudoviricetes
genomad_k141_1350434	3521	No terminal repeats	NA	8	11	0.9568	NA	0	2.2647	Viruses;Duplodnaviria;Heunggongvirae;Uroviricota;Caudoviricetes;Ackermannviridae
genomad_k141_3667300	5825	No terminal repeats	NA	9	11	0.9568	NA	2	3.4366	Viruses;Duplodnaviria;Heunggongvirae;Uroviricota;Caudoviricetes
genomad_k141_897666	9037	No terminal repeats	NA	5	11	0.9568	NA	0	3.9327	Viruses;Duplodnaviria;Heunggongvirae;Uroviricota;Caudoviricetes
genomad_k141_1410932	3906	No terminal repeats	NA	5	11	0.9568	NA	3	4.1354	Viruses;Duplodnaviria;Heunggongvirae;Uroviricota;Caudoviricetes
genomad_k141_1498610	3938	No terminal repeats	NA	8	11	0.9567	NA	0	4.0047	Viruses;Duplodnaviria;Heunggongvirae;Uroviricota;Caudoviricetes
genomad_k141_194371	3814	No terminal repeats	NA	10	11	0.9567	NA	0	4.4200	Viruses;Duplodnaviria;Heunggongvirae;Uroviricota;Caudoviricetes
genomad_k141_3394739	6654	No terminal repeats	NA	10	11	0.9567	NA	2	5.7366	Viruses;Duplodnaviria;Heunggongvirae;Uroviricota;Caudoviricetes
genomad_k141_1859790	5556	No terminal repeats	NA	6	11	0.9567	NA	1	4.6073	Viruses;Varidnaviria;Bamfordvirae;Nucleocytoviricota;Megaviricetes;Imitervirales;Mimiviridae
genomad_k141_2899353	4574	No terminal repeats	NA	7	11	0.9566	NA	0	3.1182	Viruses;Duplodnaviria;Heunggongvirae;Uroviricota;Caudoviricetes
genomad_k141_2031355	4300	No terminal repeats	NA	10	11	0.9566	NA	1	10.0230	Viruses;Duplodnaviria;Heunggongvirae;Uroviricota;Caudoviricetes
genomad_k141_2218646	4106	No terminal repeats	NA	5	11	0.9566	NA	0	5.1539	Viruses;Duplodnaviria;Heunggongvirae;Uroviricota;Caudoviricetes
genomad_k141_221594	4996	No terminal repeats	NA	9	11	0.9566	NA	0	6.8019	Viruses;Duplodnaviria;Heunggongvirae;Uroviricota;Caudoviricetes
genomad_k141_3538447	3617	No terminal repeats	NA	10	11	0.9566	NA	0	2.9445	Viruses;Duplodnaviria;Heunggongvirae;Uroviricota;Caudoviricetes
genomad_k141_2521721	7692	No terminal repeats	NA	21	11	0.9565	NA	2	15.5201	Viruses;Duplodnaviria;Heunggongvirae;Uroviricota;Caudoviricetes
genomad_k141_2771317	9424	No terminal repeats	NA	21	11	0.9565	NA	1	7.2259	Viruses;Duplodnaviria;Heunggongvirae;Uroviricota;Caudoviricetes
genomad_k141_732975	3664	No terminal repeats	NA	5	11	0.9564	NA	1	6.0609	Viruses;Duplodnaviria;Heunggongvirae;Uroviricota;Caudoviricetes
genomad_k141_85660	5748	No terminal repeats	NA	13	11	0.9564	NA	0	8.5914	Viruses;Duplodnaviria;Heunggongvirae;Uroviricota;Caudoviricetes
genomad_k141_3313489	4592	No terminal repeats	NA	10	11	0.9564	NA	0	2.0809	Viruses;Duplodnaviria;Heunggongvirae;Uroviricota;Caudoviricetes
genomad_k141_1737331	4553	No terminal repeats	NA	8	11	0.9563	NA	0	13.2601	Viruses;Duplodnaviria;Heunggongvirae;Uroviricota;Caudoviricetes;Demerecviridae
genomad_k141_455890	3540	No terminal repeats	NA	13	11	0.9563	NA	0	10.0286	Viruses;Duplodnaviria;Heunggongvirae;Uroviricota;Caudoviricetes
genomad_k141_1412229	5777	No terminal repeats	NA	7	11	0.9562	NA	0	4.9938	Viruses;Duplodnaviria;Heunggongvirae;Uroviricota;Caudoviricetes
genomad_k141_2048290	4579	No terminal repeats	NA	12	11	0.9562	NA	0	2.9625	Viruses;Duplodnaviria;Heunggongvirae;Uroviricota;Caudoviricetes
genomad_k141_1920868	5327	No terminal repeats	NA	7	11	0.9562	NA	1	4.2531	Viruses;Duplodnaviria;Heunggongvirae;Uroviricota;Caudoviricetes;Thumleimavirales;Hafunaviridae
genomad_k141_1711500	4446	No terminal repeats	NA	9	11	0.9562	NA	0	3.4366	Viruses;Duplodnaviria;Heunggongvirae;Uroviricota;Caudoviricetes
genomad_k141_1323995	621	No terminal repeats	NA	2	11	0.9561	NA	1	3.4090	Viruses;Duplodnaviria;Heunggongvirae;Uroviricota;Caudoviricetes
genomad_k141_3757643	4053	No terminal repeats	NA	11	11	0.9561	NA	1	4.0317	Viruses;Duplodnaviria;Heunggongvirae;Uroviricota;Caudoviricetes
genomad_k141_1038730	3644	No terminal repeats	NA	8	11	0.9561	NA	0	4.4404	Viruses;Duplodnaviria;Heunggongvirae;Uroviricota;Caudoviricetes
genomad_k141_1397368	4900	No terminal repeats	NA	8	11	0.9560	NA	1	7.3743	Viruses;Duplodnaviria;Heunggongvirae;Uroviricota;Caudoviricetes
genomad_k141_654387	6458	No terminal repeats	NA	12	11	0.9559	NA	0	8.3985	Viruses;Duplodnaviria;Heunggongvirae;Uroviricota;Caudoviricetes
genomad_k141_1088336	5102	No terminal repeats	NA	15	11	0.9559	NA	0	3.1461	Viruses;Duplodnaviria;Heunggongvirae;Uroviricota;Caudoviricetes;Zobellviridae
genomad_k141_1405127	7077	No terminal repeats	NA	5	11	0.9559	NA	0	2.8469	Viruses;Duplodnaviria;Heunggongvirae;Uroviricota;Caudoviricetes
genomad_k141_1672492	5123	No terminal repeats	NA	8	11	0.9559	NA	1	3.1892	Viruses;Duplodnaviria;Heunggongvirae;Uroviricota;Caudoviricetes
genomad_k141_2140944	9322	No terminal repeats	NA	14	11	0.9559	NA	4	8.7993	Viruses;Duplodnaviria;Heunggongvirae;Uroviricota;Caudoviricetes
genomad_k141_3030183	4749	No terminal repeats	NA	10	11	0.9558	NA	0	2.8962	Unclassified
genomad_k141_631846	6156	No terminal repeats	NA	6	11	0.9558	NA	0	9.1084	Viruses;Duplodnaviria;Heunggongvirae;Uroviricota;Caudoviricetes
genomad_k141_2280319	5765	No terminal repeats	NA	10	11	0.9557	NA	3	8.2760	Viruses;Duplodnaviria;Heunggongvirae;Uroviricota;Caudoviricetes
genomad_k141_1302577	7956	No terminal repeats	NA	11	11	0.9556	NA	1	6.3010	Viruses;Duplodnaviria;Heunggongvirae;Uroviricota;Caudoviricetes
genomad_k141_1794942	8193	No terminal repeats	NA	6	11	0.9556	NA	0	2.9507	Viruses;Duplodnaviria;Heunggongvirae;Uroviricota;Caudoviricetes
genomad_k141_131152	4563	No terminal repeats	NA	11	11	0.9555	NA	2	14.8180	Viruses;Duplodnaviria;Heunggongvirae;Uroviricota;Caudoviricetes
genomad_k141_3446620	5039	No terminal repeats	NA	7	11	0.9555	NA	0	10.3097	Viruses;Duplodnaviria;Heunggongvirae;Uroviricota;Caudoviricetes
genomad_k141_2892976	3760	No terminal repeats	NA	8	11	0.9554	NA	0	10.3097	Viruses;Duplodnaviria;Heunggongvirae;Uroviricota;Caudoviricetes
genomad_k141_3190896	7768	No terminal repeats	NA	7	11	0.9553	NA	1	3.4345	Viruses;Varidnaviria;Bamfordvirae;Nucleocytoviricota;Megaviricetes;Imitervirales;Mimiviridae
genomad_k141_1253967	6962	No terminal repeats	NA	18	11	0.9552	NA	1	15.9546	Viruses;Duplodnaviria;Heunggongvirae;Uroviricota;Caudoviricetes
genomad_k141_1229862	5176	No terminal repeats	NA	9	11	0.9552	NA	2	4.0750	Viruses;Duplodnaviria;Heunggongvirae;Uroviricota;Caudoviricetes
genomad_k141_1646959	4441	No terminal repeats	NA	5	11	0.9552	NA	2	2.6907	Viruses;Duplodnaviria;Heunggongvirae;Uroviricota;Caudoviricetes
genomad_k141_1915515	7630	No terminal repeats	NA	15	11	0.9551	NA	1	5.1486	Viruses;Duplodnaviria;Heunggongvirae;Uroviricota;Caudoviricetes
genomad_k141_2250161	3814	No terminal repeats	NA	6	11	0.9551	NA	1	5.1354	Viruses;Duplodnaviria;Heunggongvirae;Uroviricota;Caudoviricetes
genomad_k141_2183062	4514	No terminal repeats	NA	5	11	0.9551	NA	0	7.5168	Viruses;Duplodnaviria;Heunggongvirae;Uroviricota;Caudoviricetes
genomad_k141_1907454	4922	No terminal repeats	NA	7	11	0.9551	NA	0	9.8943	Viruses;Duplodnaviria;Heunggongvirae;Uroviricota;Caudoviricetes
genomad_k141_752332	4056	No terminal repeats	NA	7	11	0.9551	NA	1	4.3200	Viruses;Duplodnaviria;Heunggongvirae;Uroviricota;Caudoviricetes
genomad_k141_82652	5334	No terminal repeats	NA	8	11	0.9551	NA	1	4.9078	Viruses;Duplodnaviria;Heunggongvirae;Uroviricota;Caudoviricetes
genomad_k141_2635903	4843	No terminal repeats	NA	9	11	0.9551	NA	0	11.2658	Viruses;Duplodnaviria;Heunggongvirae;Uroviricota;Caudoviricetes;Autographiviridae
genomad_k141_2800145	8211	No terminal repeats	NA	15	11	0.9550	NA	0	11.9958	Viruses;Duplodnaviria;Heunggongvirae;Uroviricota;Caudoviricetes;Straboviridae
genomad_k141_3587154	2576	No terminal repeats	NA	4	11	0.9549	NA	1	5.2154	Viruses;Duplodnaviria;Heunggongvirae;Uroviricota;Caudoviricetes
genomad_k141_696335	7204	No terminal repeats	NA	5	11	0.9548	NA	1	6.8731	Viruses;Duplodnaviria;Heunggongvirae;Uroviricota;Caudoviricetes
genomad_k141_1396904	4681	No terminal repeats	NA	5	11	0.9548	NA	2	2.9529	Viruses;Duplodnaviria;Heunggongvirae;Uroviricota;Caudoviricetes
genomad_k141_534067	5191	No terminal repeats	NA	11	11	0.9547	NA	0	4.9728	Viruses;Duplodnaviria;Heunggongvirae;Uroviricota;Caudoviricetes
genomad_k141_2401386	5319	No terminal repeats	NA	14	11	0.9547	NA	0	7.4762	Viruses;Duplodnaviria;Heunggongvirae;Uroviricota;Caudoviricetes
genomad_k141_3725298	3917	No terminal repeats	NA	7	11	0.9547	NA	1	6.5104	Viruses;Duplodnaviria;Heunggongvirae;Uroviricota;Caudoviricetes
genomad_k141_3050125	5849	No terminal repeats	NA	11	11	0.9546	NA	1	6.4855	Viruses;Duplodnaviria;Heunggongvirae;Uroviricota;Caudoviricetes
genomad_k141_3102155	4118	No terminal repeats	NA	7	11	0.9546	NA	2	10.3097	Viruses;Duplodnaviria;Heunggongvirae;Uroviricota;Caudoviricetes
genomad_k141_1813621	6357	No terminal repeats	NA	13	11	0.9546	NA	1	19.4400	Viruses;Duplodnaviria;Heunggongvirae;Uroviricota;Caudoviricetes
genomad_k141_2210592	5406	No terminal repeats	NA	7	11	0.9546	NA	4	7.0099	Viruses;Duplodnaviria;Heunggongvirae;Uroviricota;Caudoviricetes
genomad_k141_2758045	3892	No terminal repeats	NA	6	11	0.9546	NA	3	4.3737	Viruses;Duplodnaviria;Heunggongvirae;Uroviricota;Caudoviricetes
genomad_k141_2438208	8722	No terminal repeats	NA	12	11	0.9545	NA	4	12.6388	Viruses;Duplodnaviria;Heunggongvirae;Uroviricota;Caudoviricetes
genomad_k141_400137	4906	No terminal repeats	NA	12	11	0.9545	NA	2	11.2597	Viruses;Duplodnaviria;Heunggongvirae;Uroviricota;Caudoviricetes
genomad_k141_2354896	5508	No terminal repeats	NA	7	11	0.9544	NA	0	6.3164	Viruses;Duplodnaviria;Heunggongvirae;Uroviricota;Caudoviricetes
genomad_k141_1487276	4044	No terminal repeats	NA	5	11	0.9544	NA	2	6.1832	Viruses;Duplodnaviria;Heunggongvirae;Uroviricota;Caudoviricetes
genomad_k141_3362101	3990	No terminal repeats	NA	6	11	0.9544	NA	0	4.9533	Viruses;Duplodnaviria;Heunggongvirae;Uroviricota;Caudoviricetes
genomad_k141_920491	5653	No terminal repeats	NA	7	11	0.9543	NA	0	5.6153	Viruses;Duplodnaviria;Heunggongvirae;Uroviricota;Caudoviricetes
genomad_k141_2686476	5924	No terminal repeats	NA	15	11	0.9543	NA	3	10.9358	Viruses;Duplodnaviria;Heunggongvirae;Uroviricota;Caudoviricetes
genomad_k141_3693958	3649	No terminal repeats	NA	5	11	0.9543	NA	1	5.8090	Viruses;Duplodnaviria;Heunggongvirae;Uroviricota;Caudoviricetes
genomad_k141_1448741	4198	No terminal repeats	NA	10	11	0.9543	NA	0	3.7929	Viruses;Duplodnaviria;Heunggongvirae;Uroviricota;Caudoviricetes;Demerecviridae
genomad_k141_3617730	3786	No terminal repeats	NA	6	11	0.9542	NA	1	3.4366	Viruses;Duplodnaviria;Heunggongvirae;Uroviricota;Caudoviricetes
genomad_k141_2394844	3663	No terminal repeats	NA	7	11	0.9542	NA	2	5.3069	Viruses;Duplodnaviria;Heunggongvirae;Uroviricota;Caudoviricetes
genomad_k141_3454347	5198	No terminal repeats	NA	8	11	0.9541	NA	1	6.4204	Viruses;Duplodnaviria;Heunggongvirae;Uroviricota;Caudoviricetes
genomad_k141_1125374	3687	No terminal repeats	NA	6	11	0.9540	NA	1	3.0490	Viruses;Duplodnaviria;Heunggongvirae;Uroviricota;Caudoviricetes
genomad_k141_3235995	7444	No terminal repeats	NA	7	11	0.9540	NA	0	8.3422	Viruses;Duplodnaviria;Heunggongvirae;Uroviricota;Caudoviricetes
genomad_k141_1165933	5966	No terminal repeats	NA	13	11	0.9540	NA	0	3.9795	Viruses;Duplodnaviria;Heunggongvirae;Uroviricota;Caudoviricetes
genomad_k141_3565394	8182	No terminal repeats	NA	19	11	0.9540	NA	2	15.8277	Viruses;Duplodnaviria;Heunggongvirae;Uroviricota;Caudoviricetes
genomad_k141_2819794	3870	No terminal repeats	NA	9	11	0.9540	NA	1	6.4614	Viruses;Duplodnaviria;Heunggongvirae;Uroviricota;Caudoviricetes
genomad_k141_191772	4272	No terminal repeats	NA	7	11	0.9539	NA	0	3.8708	Viruses;Duplodnaviria;Heunggongvirae;Uroviricota;Caudoviricetes
genomad_k141_3123685	4391	No terminal repeats	NA	5	11	0.9539	NA	3	4.7889	Viruses;Duplodnaviria;Heunggongvirae;Uroviricota;Caudoviricetes
genomad_k141_952595	4508	No terminal repeats	NA	11	11	0.9539	NA	1	13.5422	Viruses;Duplodnaviria;Heunggongvirae;Uroviricota;Caudoviricetes
genomad_k141_1855922	5922	No terminal repeats	NA	8	11	0.9538	NA	0	5.6001	Viruses;Duplodnaviria;Heunggongvirae;Uroviricota;Caudoviricetes
genomad_k141_1515433	8032	No terminal repeats	NA	7	11	0.9538	NA	1	8.3174	Viruses;Varidnaviria;Bamfordvirae;Nucleocytoviricota;Megaviricetes
genomad_k141_840408	4091	No terminal repeats	NA	9	11	0.9538	NA	0	4.1344	Viruses;Duplodnaviria;Heunggongvirae;Uroviricota;Caudoviricetes
genomad_k141_2243399	4181	No terminal repeats	NA	6	11	0.9537	NA	0	3.0608	Viruses;Duplodnaviria;Heunggongvirae;Uroviricota;Caudoviricetes
genomad_k141_3507320	3843	No terminal repeats	NA	5	11	0.9536	NA	2	2.6654	Viruses;Duplodnaviria;Heunggongvirae;Uroviricota;Caudoviricetes
genomad_k141_544371	7416	No terminal repeats	NA	17	11	0.9535	NA	0	12.6458	Viruses;Duplodnaviria;Heunggongvirae;Uroviricota;Caudoviricetes
genomad_k141_570071	4919	No terminal repeats	NA	10	11	0.9535	NA	0	5.6536	Viruses;Duplodnaviria;Heunggongvirae;Uroviricota;Caudoviricetes
genomad_k141_1668988	8825	No terminal repeats	NA	7	11	0.9534	NA	0	5.1548	Viruses;Varidnaviria;Bamfordvirae;Nucleocytoviricota;Megaviricetes;Pimascovirales
genomad_k141_3138909	5491	No terminal repeats	NA	8	11	0.9534	NA	0	6.9462	Viruses;Duplodnaviria;Heunggongvirae;Uroviricota;Caudoviricetes
genomad_k141_2523773	8348	No terminal repeats	NA	5	11	0.9534	NA	0	7.8208	Viruses;Duplodnaviria;Heunggongvirae;Uroviricota;Caudoviricetes
genomad_k141_1283692	5187	No terminal repeats	NA	8	11	0.9534	NA	0	9.9747	Viruses;Duplodnaviria;Heunggongvirae;Uroviricota;Caudoviricetes
genomad_k141_3800219	38179	DTR	NA	51	11	0.9533	NA	4	34.8819	Viruses;Duplodnaviria;Heunggongvirae;Uroviricota;Caudoviricetes
genomad_k141_3347327	5319	No terminal repeats	NA	5	11	0.9533	NA	0	3.4366	Viruses;Varidnaviria;Bamfordvirae;Nucleocytoviricota;Megaviricetes;Algavirales;Phycodnaviridae
genomad_k141_2157656	6553	No terminal repeats	NA	14	11	0.9533	NA	0	1.3711	Viruses;Duplodnaviria;Heunggongvirae;Uroviricota;Caudoviricetes
genomad_k141_157051	4255	No terminal repeats	NA	5	11	0.9533	NA	0	3.0666	Viruses;Duplodnaviria;Heunggongvirae;Uroviricota;Caudoviricetes
genomad_k141_610558	4088	No terminal repeats	NA	6	11	0.9533	NA	0	2.5093	Viruses;Duplodnaviria;Heunggongvirae;Uroviricota;Caudoviricetes
genomad_k141_142707	3874	No terminal repeats	NA	10	11	0.9532	NA	1	3.6419	Viruses;Duplodnaviria;Heunggongvirae;Uroviricota;Caudoviricetes
genomad_k141_2515423	8899	No terminal repeats	NA	18	11	0.9532	NA	1	13.1720	Viruses;Duplodnaviria;Heunggongvirae;Uroviricota;Caudoviricetes;Thumleimavirales;Hafunaviridae
genomad_k141_1182453	5897	No terminal repeats	NA	5	11	0.9532	NA	1	6.8723	Viruses;Duplodnaviria;Heunggongvirae;Uroviricota;Caudoviricetes
genomad_k141_2336005	8315	No terminal repeats	NA	19	11	0.9532	NA	0	3.4366	Viruses;Duplodnaviria;Heunggongvirae;Uroviricota;Caudoviricetes
genomad_k141_1232653	53459	No terminal repeats	NA	110	11	0.9532	NA	1	20.9630	Viruses;Duplodnaviria;Heunggongvirae;Uroviricota;Caudoviricetes
genomad_k141_899584	3928	No terminal repeats	NA	11	11	0.9532	NA	0	6.8731	Unclassified
genomad_k141_482342	4411	No terminal repeats	NA	6	11	0.9532	NA	0	3.4366	Viruses;Duplodnaviria;Heunggongvirae;Uroviricota;Caudoviricetes
genomad_k141_3091126	3854	No terminal repeats	NA	5	11	0.9531	NA	0	2.5583	Viruses;Duplodnaviria;Heunggongvirae;Uroviricota;Caudoviricetes
genomad_k141_2462940	6960	No terminal repeats	NA	6	11	0.9531	NA	0	7.7939	Viruses;Duplodnaviria;Heunggongvirae;Uroviricota;Caudoviricetes
genomad_k141_1723746	3844	No terminal repeats	NA	8	11	0.9531	NA	0	3.3806	Viruses;Duplodnaviria;Heunggongvirae;Uroviricota;Caudoviricetes
genomad_k141_3309128	6054	No terminal repeats	NA	9	11	0.9531	NA	0	1.2119	Viruses;Duplodnaviria;Heunggongvirae;Uroviricota;Caudoviricetes
genomad_k141_1110550	4682	No terminal repeats	NA	8	11	0.9530	NA	0	3.7275	Viruses;Duplodnaviria;Heunggongvirae;Uroviricota;Caudoviricetes
genomad_k141_3303134	5768	No terminal repeats	NA	5	11	0.9530	NA	0	3.4366	Viruses;Duplodnaviria;Heunggongvirae;Uroviricota;Caudoviricetes
genomad_k141_884369	5642	No terminal repeats	NA	6	11	0.9529	NA	1	4.7265	Viruses;Duplodnaviria;Heunggongvirae;Uroviricota;Caudoviricetes
genomad_k141_2440884	7367	No terminal repeats	NA	11	11	0.9529	NA	0	4.8680	Viruses;Duplodnaviria;Heunggongvirae;Uroviricota;Caudoviricetes
genomad_k141_3006325	9615	No terminal repeats	NA	13	11	0.9528	NA	3	14.1854	Viruses;Duplodnaviria;Heunggongvirae;Uroviricota;Caudoviricetes
genomad_k141_2773946	3648	No terminal repeats	NA	9	11	0.9527	NA	0	3.4366	Viruses;Duplodnaviria;Heunggongvirae;Uroviricota;Caudoviricetes
genomad_k141_1144101	4616	No terminal repeats	NA	10	11	0.9526	NA	0	4.1114	Viruses;Duplodnaviria;Heunggongvirae;Uroviricota;Caudoviricetes
genomad_k141_3208772	4253	No terminal repeats	NA	5	11	0.9526	NA	0	2.5036	Viruses;Duplodnaviria;Heunggongvirae;Uroviricota;Caudoviricetes
genomad_k141_1393001	5973	No terminal repeats	NA	9	11	0.9526	NA	1	6.3981	Viruses;Duplodnaviria;Heunggongvirae;Uroviricota;Caudoviricetes
genomad_k141_1158062	3678	No terminal repeats	NA	8	11	0.9525	NA	0	3.2707	Unclassified
genomad_k141_2451939	4856	No terminal repeats	NA	6	11	0.9524	NA	0	10.2822	Viruses;Duplodnaviria;Heunggongvirae;Uroviricota;Caudoviricetes
genomad_k141_1722200	8584	No terminal repeats	NA	8	11	0.9523	NA	2	9.1431	Viruses;Duplodnaviria;Heunggongvirae;Uroviricota;Caudoviricetes
genomad_k141_2741455	5196	No terminal repeats	NA	13	11	0.9523	NA	1	4.1662	Viruses;Duplodnaviria;Heunggongvirae;Uroviricota;Caudoviricetes
genomad_k141_2047466	4139	No terminal repeats	NA	6	11	0.9522	NA	0	2.4043	Viruses;Duplodnaviria;Heunggongvirae;Uroviricota;Caudoviricetes
genomad_k141_3312303	5001	No terminal repeats	NA	10	11	0.9522	NA	2	7.4198	Viruses;Duplodnaviria;Heunggongvirae;Uroviricota;Caudoviricetes
genomad_k141_3762339	4087	No terminal repeats	NA	15	11	0.9522	NA	0	8.9706	Viruses;Duplodnaviria;Heunggongvirae;Uroviricota;Caudoviricetes
genomad_k141_6535	3573	No terminal repeats	NA	7	11	0.9522	NA	1	3.2665	Viruses;Duplodnaviria;Heunggongvirae;Uroviricota;Caudoviricetes
genomad_k141_2484450	4003	No terminal repeats	NA	6	11	0.9522	NA	0	4.0142	Viruses;Duplodnaviria;Heunggongvirae;Uroviricota;Caudoviricetes
genomad_k141_3125902	7721	No terminal repeats	NA	8	11	0.9521	NA	0	7.7166	Viruses;Duplodnaviria;Heunggongvirae;Uroviricota;Caudoviricetes
genomad_k141_266072	4638	No terminal repeats	NA	7	11	0.9521	NA	0	9.7897	Viruses;Duplodnaviria;Heunggongvirae;Uroviricota;Caudoviricetes
genomad_k141_1436478	3639	No terminal repeats	NA	5	11	0.9521	NA	0	5.0808	Viruses;Duplodnaviria;Heunggongvirae;Uroviricota;Caudoviricetes
genomad_k141_438874	7738	No terminal repeats	NA	8	11	0.9521	NA	1	10.2834	Viruses;Duplodnaviria;Heunggongvirae;Uroviricota;Caudoviricetes
genomad_k141_3376540	9369	No terminal repeats	NA	21	11	0.9520	NA	0	15.1100	Viruses;Duplodnaviria;Heunggongvirae;Uroviricota;Caudoviricetes
genomad_k141_507392	2884	No terminal repeats	NA	4	11	0.9520	NA	0	2.9429	Viruses;Duplodnaviria;Heunggongvirae;Uroviricota;Caudoviricetes
genomad_k141_1341661	5097	No terminal repeats	NA	7	11	0.9520	NA	2	3.4366	Unclassified
genomad_k141_2065411	3931	No terminal repeats	NA	5	11	0.9519	NA	1	2.6501	Viruses;Duplodnaviria;Heunggongvirae;Uroviricota;Caudoviricetes
genomad_k141_117163	3511	No terminal repeats	NA	5	11	0.9518	NA	0	5.1548	Unclassified
genomad_k141_3207664	7488	No terminal repeats	NA	18	11	0.9518	NA	0	3.4062	Viruses;Duplodnaviria;Heunggongvirae;Uroviricota;Caudoviricetes
genomad_k141_931021	4506	No terminal repeats	NA	5	11	0.9518	NA	0	3.4366	Viruses;Duplodnaviria;Heunggongvirae;Uroviricota;Caudoviricetes
genomad_k141_2230020	3990	No terminal repeats	NA	7	11	0.9518	NA	1	6.4396	Viruses;Duplodnaviria;Heunggongvirae;Uroviricota;Caudoviricetes
genomad_k141_2759473	5751	No terminal repeats	NA	9	11	0.9518	NA	0	6.5564	Viruses;Duplodnaviria;Heunggongvirae;Uroviricota;Caudoviricetes
genomad_k141_915214	9697	No terminal repeats	NA	17	11	0.9517	NA	1	4.5257	Viruses;Duplodnaviria;Heunggongvirae;Uroviricota;Caudoviricetes
genomad_k141_2038402	5509	No terminal repeats	NA	6	11	0.9517	NA	1	3.4254	Viruses;Duplodnaviria;Heunggongvirae;Uroviricota;Caudoviricetes
virsorter2_k141_1136127||full	9250	No terminal repeats	NA	15	11	0.9517	NA	0	3.8001	Viruses;Duplodnaviria;Heunggongvirae;Uroviricota;Caudoviricetes
genomad_k141_3439267	4398	No terminal repeats	NA	9	11	0.9517	NA	0	3.3574	Viruses;Duplodnaviria;Heunggongvirae;Uroviricota;Caudoviricetes
genomad_k141_208863	4052	No terminal repeats	NA	5	11	0.9517	NA	0	3.4811	Viruses;Duplodnaviria;Heunggongvirae;Uroviricota;Caudoviricetes
genomad_k141_821100	4131	No terminal repeats	NA	6	11	0.9517	NA	2	7.8795	Viruses;Duplodnaviria;Heunggongvirae;Uroviricota;Caudoviricetes
genomad_k141_3267238	4545	No terminal repeats	NA	6	11	0.9516	NA	1	2.5283	Viruses;Duplodnaviria;Heunggongvirae;Uroviricota;Caudoviricetes
genomad_k141_552538	5469	No terminal repeats	NA	5	11	0.9516	NA	1	3.4349	Viruses;Duplodnaviria;Heunggongvirae;Uroviricota;Caudoviricetes
genomad_k141_193514	4728	No terminal repeats	NA	11	11	0.9515	NA	0	7.1766	Viruses;Duplodnaviria;Heunggongvirae;Uroviricota;Caudoviricetes
genomad_k141_1291588	3673	No terminal repeats	NA	8	11	0.9515	NA	4	5.8976	Viruses;Duplodnaviria;Heunggongvirae;Uroviricota;Caudoviricetes
genomad_k141_2193284	4145	No terminal repeats	NA	7	11	0.9515	NA	1	3.4207	Viruses;Duplodnaviria;Heunggongvirae;Uroviricota;Caudoviricetes
genomad_k141_3292716	7315	No terminal repeats	NA	7	11	0.9515	NA	0	4.8110	Viruses;Duplodnaviria;Heunggongvirae;Uroviricota;Caudoviricetes
genomad_k141_3340382	5262	No terminal repeats	NA	6	11	0.9514	NA	0	5.1288	Viruses;Duplodnaviria;Heunggongvirae;Uroviricota;Caudoviricetes
genomad_k141_1825635	7560	No terminal repeats	NA	13	11	0.9514	NA	1	8.7367	Viruses;Duplodnaviria;Heunggongvirae;Uroviricota;Caudoviricetes
genomad_k141_1789190	1051	No terminal repeats	NA	2	11	0.9514	NA	1	3.4090	Viruses;Duplodnaviria;Heunggongvirae;Uroviricota;Caudoviricetes
genomad_k141_1638988	2277	No terminal repeats	NA	3	11	0.9513	NA	2	3.4194	Viruses;Duplodnaviria;Heunggongvirae;Uroviricota;Caudoviricetes
genomad_k141_746317	8921	No terminal repeats	NA	10	11	0.9513	NA	0	13.7613	Viruses;Duplodnaviria;Heunggongvirae;Uroviricota;Caudoviricetes
genomad_k141_176957	4231	No terminal repeats	NA	10	11	0.9513	NA	0	8.5914	Viruses;Duplodnaviria;Heunggongvirae;Uroviricota;Caudoviricetes
genomad_k141_1064298	4363	No terminal repeats	NA	7	11	0.9513	NA	1	4.4977	Viruses;Duplodnaviria;Heunggongvirae;Uroviricota;Caudoviricetes
genomad_k141_2718234	3794	No terminal repeats	NA	7	11	0.9512	NA	0	2.1851	Viruses;Duplodnaviria;Heunggongvirae;Uroviricota;Caudoviricetes
genomad_k141_2603098	5965	No terminal repeats	NA	9	11	0.9511	NA	0	5.1548	Viruses;Duplodnaviria;Heunggongvirae;Uroviricota;Caudoviricetes
genomad_k141_842887	4421	No terminal repeats	NA	9	11	0.9511	NA	1	7.4456	Viruses;Duplodnaviria;Heunggongvirae;Uroviricota;Caudoviricetes
genomad_k141_3675340	3766	No terminal repeats	NA	9	11	0.9510	NA	0	2.9506	Viruses;Duplodnaviria;Heunggongvirae;Uroviricota;Caudoviricetes
genomad_k141_2864332	9820	No terminal repeats	NA	15	11	0.9510	NA	9	18.5169	Viruses;Duplodnaviria;Heunggongvirae;Uroviricota;Caudoviricetes
genomad_k141_882949	5000	No terminal repeats	NA	10	11	0.9510	NA	0	11.7405	Viruses;Duplodnaviria;Heunggongvirae;Uroviricota;Caudoviricetes
genomad_k141_2212493	4801	No terminal repeats	NA	5	11	0.9510	NA	0	3.0318	Viruses;Varidnaviria;Bamfordvirae;Preplasmiviricota;Maveriviricetes;Priklausovirales;Lavidaviridae
genomad_k141_2826480	9658	No terminal repeats	NA	18	11	0.9510	NA	1	7.3580	Viruses;Duplodnaviria;Heunggongvirae;Uroviricota;Caudoviricetes
genomad_k141_1351906	6164	No terminal repeats	NA	11	11	0.9509	NA	0	8.4506	Viruses;Duplodnaviria;Heunggongvirae;Uroviricota;Caudoviricetes
genomad_k141_3697430	6843	No terminal repeats	NA	9	11	0.9509	NA	0	2.8174	Viruses;Duplodnaviria;Heunggongvirae;Uroviricota;Caudoviricetes
genomad_k141_2924579	4087	No terminal repeats	NA	6	11	0.9509	NA	3	3.5578	Viruses;Duplodnaviria;Heunggongvirae;Uroviricota;Caudoviricetes
genomad_k141_85637	4209	No terminal repeats	NA	6	11	0.9509	NA	0	8.1378	Viruses;Duplodnaviria;Heunggongvirae;Uroviricota;Caudoviricetes
genomad_k141_3685067	4007	No terminal repeats	NA	5	11	0.9509	NA	0	5.1548	Viruses;Duplodnaviria;Heunggongvirae;Uroviricota;Caudoviricetes;Ackermannviridae
genomad_k141_2572399	6789	No terminal repeats	NA	18	11	0.9509	NA	2	26.7973	Viruses;Duplodnaviria;Heunggongvirae;Uroviricota;Caudoviricetes
genomad_k141_2401148	6470	No terminal repeats	NA	7	11	0.9508	NA	0	4.5507	Viruses;Duplodnaviria;Heunggongvirae;Uroviricota;Caudoviricetes
genomad_k141_13034	4510	No terminal repeats	NA	6	11	0.9508	NA	1	7.3516	Viruses;Duplodnaviria;Heunggongvirae;Uroviricota;Caudoviricetes
genomad_k141_3212621	5287	No terminal repeats	NA	7	11	0.9506	NA	1	6.6572	Viruses;Duplodnaviria;Heunggongvirae;Uroviricota;Caudoviricetes
genomad_k141_2422099	36929	No terminal repeats	NA	46	11	0.9506	NA	13	38.6315	Viruses;Duplodnaviria;Heunggongvirae;Uroviricota;Caudoviricetes
genomad_k141_1664334	9095	No terminal repeats	NA	14	11	0.9506	NA	0	15.3729	Viruses;Duplodnaviria;Heunggongvirae;Uroviricota;Caudoviricetes
genomad_k141_3136314	4980	No terminal repeats	NA	7	11	0.9505	NA	0	4.2768	Viruses;Duplodnaviria;Heunggongvirae;Uroviricota;Caudoviricetes
genomad_k141_2144017	7513	No terminal repeats	NA	16	11	0.9504	NA	0	6.7103	Viruses;Duplodnaviria;Heunggongvirae;Uroviricota;Caudoviricetes
genomad_k141_2810408	5403	No terminal repeats	NA	8	11	0.9503	NA	2	9.1136	Viruses;Duplodnaviria;Heunggongvirae;Uroviricota;Caudoviricetes
genomad_k141_2482824	9878	No terminal repeats	NA	13	11	0.9503	NA	2	5.4263	Viruses;Duplodnaviria;Heunggongvirae;Uroviricota;Caudoviricetes
genomad_k141_1762142	4321	No terminal repeats	NA	5	11	0.9503	NA	2	2.7707	Viruses;Duplodnaviria;Heunggongvirae;Uroviricota;Caudoviricetes
genomad_k141_3755739	35034	ITR	NA	49	11	0.9502	NA	5	30.9409	Viruses;Duplodnaviria;Heunggongvirae;Uroviricota;Caudoviricetes
genomad_k141_537826	4972	No terminal repeats	NA	8	11	0.9502	NA	0	2.1366	Viruses;Duplodnaviria;Heunggongvirae;Uroviricota;Caudoviricetes
genomad_k141_2232142	3692	No terminal repeats	NA	8	11	0.9502	NA	0	5.5603	Viruses;Duplodnaviria;Heunggongvirae;Uroviricota;Caudoviricetes
genomad_k141_2413140	3677	No terminal repeats	NA	5	11	0.9500	NA	1	3.0257	Viruses;Duplodnaviria;Heunggongvirae;Uroviricota;Caudoviricetes
genomad_k141_1139537	3774	No terminal repeats	NA	7	11	0.9500	NA	1	6.0664	Viruses;Duplodnaviria;Heunggongvirae;Uroviricota;Caudoviricetes
genomad_k141_3560581	4862	No terminal repeats	NA	8	11	0.9499	NA	2	5.8021	Viruses;Duplodnaviria;Heunggongvirae;Uroviricota;Caudoviricetes
genomad_k141_1013829	1615	No terminal repeats	NA	3	11	0.9499	NA	1	5.1492	Viruses;Duplodnaviria;Heunggongvirae;Uroviricota;Caudoviricetes
genomad_k141_34922	2442	No terminal repeats	NA	4	11	0.9499	NA	1	6.6818	Viruses;Duplodnaviria;Heunggongvirae;Uroviricota;Caudoviricetes
genomad_k141_2340430	4418	No terminal repeats	NA	9	11	0.9499	NA	0	10.0108	Viruses;Duplodnaviria;Heunggongvirae;Uroviricota;Caudoviricetes
genomad_k141_2933095	6396	No terminal repeats	NA	11	11	0.9499	NA	1	3.3430	Viruses;Duplodnaviria;Heunggongvirae;Uroviricota;Caudoviricetes
genomad_k141_2226440	4901	No terminal repeats	NA	7	11	0.9498	NA	0	3.1281	Viruses;Duplodnaviria;Heunggongvirae;Uroviricota;Caudoviricetes
genomad_k141_2050699	5006	No terminal repeats	NA	15	11	0.9498	NA	0	6.1724	Unclassified
genomad_k141_1428576	4298	No terminal repeats	NA	9	11	0.9497	NA	0	6.8731	Viruses;Duplodnaviria;Heunggongvirae;Uroviricota;Caudoviricetes
genomad_k141_1456456	4958	No terminal repeats	NA	10	11	0.9497	NA	1	4.4651	Viruses;Duplodnaviria;Heunggongvirae;Uroviricota;Caudoviricetes;Vertoviridae
genomad_k141_3675322	5891	No terminal repeats	NA	6	11	0.9497	NA	1	1.7183	Viruses;Duplodnaviria;Heunggongvirae;Uroviricota;Caudoviricetes
genomad_k141_3740204	6239	No terminal repeats	NA	10	11	0.9497	NA	2	10.8918	Viruses;Duplodnaviria;Heunggongvirae;Uroviricota;Caudoviricetes
genomad_k141_2436622	31471	No terminal repeats	NA	44	11	0.9496	NA	9	40.4306	Viruses;Duplodnaviria;Heunggongvirae;Uroviricota;Caudoviricetes
genomad_k141_2292496	115369	No terminal repeats	NA	187	11	0.9496	NA	7	53.1010	Viruses;Duplodnaviria;Heunggongvirae;Uroviricota;Caudoviricetes
genomad_k141_2256875	9494	No terminal repeats	NA	10	11	0.9496	NA	3	17.1816	Viruses;Duplodnaviria;Heunggongvirae;Uroviricota;Caudoviricetes
genomad_k141_469726	4053	No terminal repeats	NA	5	11	0.9496	NA	1	1.7183	Viruses;Duplodnaviria;Heunggongvirae;Uroviricota;Caudoviricetes
genomad_k141_1954305	9993	No terminal repeats	NA	20	11	0.9495	NA	0	4.0656	Viruses;Duplodnaviria;Heunggongvirae;Uroviricota;Caudoviricetes
genomad_k141_608352	8240	No terminal repeats	NA	7	11	0.9495	NA	0	1.1797	Viruses;Duplodnaviria;Heunggongvirae;Uroviricota;Caudoviricetes
genomad_k141_2830852	7047	No terminal repeats	NA	13	11	0.9495	NA	3	9.2719	Viruses;Duplodnaviria;Heunggongvirae;Uroviricota;Caudoviricetes
genomad_k141_2393250	4130	No terminal repeats	NA	7	11	0.9494	NA	0	3.0964	Viruses;Duplodnaviria;Heunggongvirae;Uroviricota;Caudoviricetes;Demerecviridae
genomad_k141_234757	7276	No terminal repeats	NA	10	11	0.9493	NA	4	14.3264	Viruses;Duplodnaviria;Heunggongvirae;Uroviricota;Caudoviricetes
genomad_k141_3215414	3805	No terminal repeats	NA	5	11	0.9493	NA	0	5.7405	Viruses;Duplodnaviria;Heunggongvirae;Uroviricota;Caudoviricetes
genomad_k141_3281203	6815	No terminal repeats	NA	12	11	0.9493	NA	2	10.8720	Viruses;Duplodnaviria;Heunggongvirae;Uroviricota;Caudoviricetes
genomad_k141_2426182	4067	No terminal repeats	NA	5	11	0.9492	NA	1	3.8487	Viruses;Duplodnaviria;Heunggongvirae;Uroviricota;Caudoviricetes
genomad_k141_2557095	5379	No terminal repeats	NA	5	11	0.9492	NA	2	8.5756	Viruses;Duplodnaviria;Heunggongvirae;Uroviricota;Caudoviricetes
genomad_k141_996304	3560	No terminal repeats	NA	8	11	0.9489	NA	0	3.6576	Viruses;Duplodnaviria;Heunggongvirae;Uroviricota;Caudoviricetes
genomad_k141_1561134	4804	No terminal repeats	NA	7	11	0.9488	NA	0	11.7210	Viruses;Duplodnaviria;Heunggongvirae;Uroviricota;Caudoviricetes
genomad_k141_2757436	4135	No terminal repeats	NA	5	11	0.9487	NA	2	5.1478	Viruses;Duplodnaviria;Heunggongvirae;Uroviricota;Caudoviricetes
genomad_k141_3394095	4116	No terminal repeats	NA	5	11	0.9485	NA	0	4.6397	Viruses;Duplodnaviria;Heunggongvirae;Uroviricota;Caudoviricetes
genomad_k141_460505	3883	No terminal repeats	NA	5	11	0.9485	NA	1	5.3642	Viruses;Duplodnaviria;Heunggongvirae;Uroviricota;Caudoviricetes
genomad_k141_2378692	3036	No terminal repeats	NA	5	11	0.9485	NA	0	2.1394	Viruses;Duplodnaviria;Heunggongvirae;Uroviricota;Caudoviricetes
genomad_k141_1743933	7245	No terminal repeats	NA	9	11	0.9484	NA	1	5.0949	Viruses;Varidnaviria;Bamfordvirae;Nucleocytoviricota;Megaviricetes;Imitervirales;Mimiviridae
genomad_k141_855362	3554	No terminal repeats	NA	8	11	0.9484	NA	0	3.2406	Viruses;Duplodnaviria;Heunggongvirae;Uroviricota;Caudoviricetes
genomad_k141_3588586	5088	No terminal repeats	NA	9	11	0.9484	NA	0	3.1559	Viruses;Duplodnaviria;Heunggongvirae;Uroviricota;Caudoviricetes
genomad_k141_3369918	6167	No terminal repeats	NA	5	11	0.9484	NA	0	4.8680	Viruses;Duplodnaviria;Heunggongvirae;Uroviricota;Caudoviricetes
genomad_k141_1219206	8040	No terminal repeats	NA	15	11	0.9484	NA	1	1.7032	Unclassified
genomad_k141_314663	7624	No terminal repeats	NA	19	11	0.9484	NA	2	17.7564	Viruses;Duplodnaviria;Heunggongvirae;Uroviricota;Caudoviricetes
genomad_k141_2698074	8068	No terminal repeats	NA	10	11	0.9483	NA	0	1.7183	Unclassified
genomad_k141_726348	4686	No terminal repeats	NA	12	11	0.9482	NA	0	14.6251	Viruses;Duplodnaviria;Heunggongvirae;Uroviricota;Caudoviricetes
genomad_k141_2183248	6761	No terminal repeats	NA	9	11	0.9482	NA	0	14.2703	Viruses;Duplodnaviria;Heunggongvirae;Uroviricota;Caudoviricetes;Kyanoviridae
genomad_k141_729038	4104	No terminal repeats	NA	5	11	0.9481	NA	0	3.3392	Unclassified
genomad_k141_250479	3771	No terminal repeats	NA	8	11	0.9481	NA	0	8.5871	Viruses;Duplodnaviria;Heunggongvirae;Uroviricota;Caudoviricetes
genomad_k141_2666118	6775	No terminal repeats	NA	7	11	0.9480	NA	1	4.4701	Unclassified
genomad_k141_1972111	4131	No terminal repeats	NA	5	11	0.9479	NA	0	4.2164	Viruses;Duplodnaviria;Heunggongvirae;Uroviricota;Caudoviricetes
genomad_k141_3369136	3573	No terminal repeats	NA	5	11	0.9479	NA	0	3.2075	Viruses;Duplodnaviria;Heunggongvirae;Uroviricota;Caudoviricetes
genomad_k141_880030	7575	No terminal repeats	NA	9	11	0.9478	NA	0	3.3723	Viruses;Duplodnaviria;Heunggongvirae;Uroviricota;Caudoviricetes
genomad_k141_1976571	3604	No terminal repeats	NA	7	11	0.9478	NA	0	2.7734	Viruses;Duplodnaviria;Heunggongvirae;Uroviricota;Caudoviricetes
genomad_k141_554579	3766	No terminal repeats	NA	5	11	0.9478	NA	0	3.4366	Viruses;Duplodnaviria;Heunggongvirae;Uroviricota;Caudoviricetes
genomad_k141_2357265	5382	No terminal repeats	NA	9	11	0.9477	NA	0	6.6091	Viruses;Duplodnaviria;Heunggongvirae;Uroviricota;Caudoviricetes
genomad_k141_3750751	7098	No terminal repeats	NA	13	11	0.9476	NA	1	7.3744	Viruses;Duplodnaviria;Heunggongvirae;Uroviricota;Caudoviricetes
genomad_k141_1260383	3547	No terminal repeats	NA	5	11	0.9476	NA	0	3.4366	Viruses;Duplodnaviria;Heunggongvirae;Uroviricota;Caudoviricetes
genomad_k141_2836289	9124	No terminal repeats	NA	13	11	0.9476	NA	3	11.7609	Viruses;Duplodnaviria;Heunggongvirae;Uroviricota;Caudoviricetes
genomad_k141_2918458	4850	No terminal repeats	NA	15	11	0.9475	NA	0	8.1921	Viruses;Duplodnaviria;Heunggongvirae;Uroviricota;Caudoviricetes
genomad_k141_2873800	7813	No terminal repeats	NA	8	11	0.9474	NA	2	5.6603	Viruses;Duplodnaviria;Heunggongvirae;Uroviricota;Caudoviricetes
genomad_k141_2962267	4008	No terminal repeats	NA	6	11	0.9473	NA	1	4.7257	Viruses;Duplodnaviria;Heunggongvirae;Uroviricota;Caudoviricetes
genomad_k141_2333878	5319	No terminal repeats	NA	14	11	0.9472	NA	0	1.7183	Unclassified
genomad_k141_1346739	8732	No terminal repeats	NA	23	11	0.9471	NA	0	2.5123	Viruses;Duplodnaviria;Heunggongvirae;Uroviricota;Caudoviricetes
genomad_k141_3486474	4343	No terminal repeats	NA	6	11	0.9471	NA	0	2.8687	Viruses;Duplodnaviria;Heunggongvirae;Uroviricota;Caudoviricetes;Straboviridae
genomad_k141_279691	3605	No terminal repeats	NA	8	11	0.9470	NA	2	3.6807	Viruses;Duplodnaviria;Heunggongvirae;Uroviricota;Caudoviricetes
genomad_k141_31974	3917	No terminal repeats	NA	5	11	0.9470	NA	2	4.0113	Viruses;Duplodnaviria;Heunggongvirae;Uroviricota;Caudoviricetes
genomad_k141_1442676	6606	No terminal repeats	NA	6	11	0.9468	NA	0	5.0133	Viruses;Duplodnaviria;Heunggongvirae;Uroviricota;Caudoviricetes
genomad_k141_1814460	5607	No terminal repeats	NA	6	11	0.9468	NA	1	8.0277	Viruses;Duplodnaviria;Heunggongvirae;Uroviricota;Caudoviricetes
genomad_k141_2992862	9609	No terminal repeats	NA	6	11	0.9468	NA	1	8.5662	Viruses;Varidnaviria;Bamfordvirae;Nucleocytoviricota;Megaviricetes;Pimascovirales;Iridoviridae
genomad_k141_1879475|provirus_191_53337	42250	No terminal repeats	NA	56	11	0.9468	NA	15	42.4778	Viruses;Duplodnaviria;Heunggongvirae;Uroviricota;Caudoviricetes
genomad_k141_1522467	4160	No terminal repeats	NA	13	11	0.9468	NA	0	5.0028	Viruses;Duplodnaviria;Heunggongvirae;Uroviricota;Caudoviricetes
genomad_k141_2078079	3517	No terminal repeats	NA	10	11	0.9467	NA	1	8.8976	Viruses;Duplodnaviria;Heunggongvirae;Uroviricota;Caudoviricetes
genomad_k141_687802	3573	No terminal repeats	NA	7	11	0.9467	NA	1	10.0290	Viruses;Duplodnaviria;Heunggongvirae;Uroviricota;Caudoviricetes
genomad_k141_2013384	4202	No terminal repeats	NA	6	11	0.9467	NA	0	1.5223	Viruses;Duplodnaviria;Heunggongvirae;Uroviricota;Caudoviricetes
genomad_k141_1638130	4204	No terminal repeats	NA	8	11	0.9467	NA	4	7.8585	Viruses;Duplodnaviria;Heunggongvirae;Uroviricota;Caudoviricetes
genomad_k141_777080	4510	No terminal repeats	NA	6	11	0.9467	NA	0	1.5785	Viruses;Duplodnaviria;Heunggongvirae;Uroviricota;Caudoviricetes
genomad_k141_2991197	4783	No terminal repeats	NA	9	11	0.9467	NA	1	4.1799	Viruses;Duplodnaviria;Heunggongvirae;Uroviricota;Caudoviricetes
genomad_k141_2218411	4384	No terminal repeats	NA	7	11	0.9467	NA	3	4.2128	Viruses;Duplodnaviria;Heunggongvirae;Uroviricota;Caudoviricetes
genomad_k141_130574	3800	No terminal repeats	NA	11	11	0.9465	NA	1	11.5121	Viruses;Duplodnaviria;Heunggongvirae;Uroviricota;Caudoviricetes
genomad_k141_3370535	9077	No terminal repeats	NA	24	11	0.9465	NA	0	6.1004	Viruses;Duplodnaviria;Heunggongvirae;Uroviricota;Caudoviricetes
genomad_k141_1981393	9337	No terminal repeats	NA	16	11	0.9465	NA	0	10.7295	Viruses;Duplodnaviria;Heunggongvirae;Uroviricota;Caudoviricetes
genomad_k141_2447495	4636	No terminal repeats	NA	7	11	0.9464	NA	1	2.0527	Viruses;Duplodnaviria;Heunggongvirae;Uroviricota;Caudoviricetes
genomad_k141_3146969	5469	No terminal repeats	NA	6	11	0.9464	NA	0	8.2467	Viruses;Duplodnaviria;Heunggongvirae;Uroviricota;Caudoviricetes
genomad_k141_842844	7389	No terminal repeats	NA	13	11	0.9464	NA	1	5.2010	Viruses;Duplodnaviria;Heunggongvirae;Uroviricota;Caudoviricetes
genomad_k141_2801531	6091	No terminal repeats	NA	5	11	0.9463	NA	2	3.0499	Viruses;Duplodnaviria;Heunggongvirae;Uroviricota;Caudoviricetes
genomad_k141_1128802	8551	No terminal repeats	NA	6	11	0.9463	NA	5	10.3097	Viruses;Duplodnaviria;Heunggongvirae;Uroviricota;Caudoviricetes
genomad_k141_1457812	36094	No terminal repeats	NA	49	11	0.9463	NA	3	22.6885	Viruses;Duplodnaviria;Heunggongvirae;Uroviricota;Caudoviricetes
genomad_k141_997900	8117	No terminal repeats	NA	17	11	0.9462	NA	0	10.6759	Viruses;Duplodnaviria;Heunggongvirae;Uroviricota;Caudoviricetes
genomad_k141_1383480	5116	No terminal repeats	NA	5	11	0.9462	NA	2	6.1190	Viruses;Duplodnaviria;Heunggongvirae;Uroviricota;Caudoviricetes
genomad_k141_2953369	5967	No terminal repeats	NA	8	11	0.9461	NA	1	2.8696	Viruses
genomad_k141_474130	3023	No terminal repeats	NA	6	11	0.9460	NA	0	4.1417	Viruses;Duplodnaviria;Heunggongvirae;Uroviricota;Caudoviricetes
genomad_k141_3778048|provirus_3_124007	124005	Provirus	3-124007	132	11	0.9460	NA	2	37.4731	Viruses;Duplodnaviria;Heunggongvirae;Uroviricota;Caudoviricetes
genomad_k141_585379	8635	No terminal repeats	NA	18	11	0.9459	NA	0	3.2633	Viruses;Duplodnaviria;Heunggongvirae;Uroviricota;Caudoviricetes
genomad_k141_2164660	3660	No terminal repeats	NA	6	11	0.9459	NA	5	7.7776	Viruses;Duplodnaviria;Heunggongvirae;Uroviricota;Caudoviricetes
genomad_k141_241810	3957	No terminal repeats	NA	7	11	0.9459	NA	0	9.3716	Viruses;Duplodnaviria;Heunggongvirae;Uroviricota;Caudoviricetes
genomad_k141_3023819	4623	No terminal repeats	NA	5	11	0.9458	NA	0	4.0752	Viruses;Duplodnaviria;Heunggongvirae;Uroviricota;Caudoviricetes
genomad_k141_2658313	8610	No terminal repeats	NA	12	11	0.9458	NA	2	6.0805	Viruses;Duplodnaviria;Heunggongvirae;Uroviricota;Caudoviricetes
genomad_k141_2921833	4056	No terminal repeats	NA	10	11	0.9458	NA	0	2.7238	Viruses;Duplodnaviria;Heunggongvirae;Uroviricota;Caudoviricetes
genomad_k141_2743262	3942	No terminal repeats	NA	9	11	0.9458	NA	0	2.7902	Viruses;Duplodnaviria;Heunggongvirae;Uroviricota;Caudoviricetes;Drexlerviridae
genomad_k141_3230178	4145	No terminal repeats	NA	10	11	0.9458	NA	1	15.2192	Viruses;Duplodnaviria;Heunggongvirae;Uroviricota;Caudoviricetes
genomad_k141_2978289	8442	No terminal repeats	NA	11	11	0.9457	NA	0	6.2930	Viruses;Varidnaviria;Bamfordvirae;Nucleocytoviricota;Megaviricetes;Pimascovirales;Iridoviridae
genomad_k141_904138	5869	No terminal repeats	NA	8	11	0.9457	NA	1	1.4944	Viruses;Duplodnaviria;Heunggongvirae;Uroviricota;Caudoviricetes
genomad_k141_1320116	5146	No terminal repeats	NA	8	11	0.9456	NA	2	5.9993	Viruses;Duplodnaviria;Heunggongvirae;Uroviricota;Caudoviricetes
genomad_k141_2573505	9777	No terminal repeats	NA	6	11	0.9456	NA	0	5.0353	Viruses;Duplodnaviria;Heunggongvirae;Uroviricota;Caudoviricetes
genomad_k141_82350	5091	No terminal repeats	NA	10	11	0.9456	NA	0	2.8739	Viruses;Duplodnaviria;Heunggongvirae;Uroviricota;Caudoviricetes;Thumleimavirales;Hafunaviridae
genomad_k141_1568965	3544	No terminal repeats	NA	6	11	0.9456	NA	0	9.6741	Viruses;Duplodnaviria;Heunggongvirae;Uroviricota;Caudoviricetes
genomad_k141_1048512	4095	No terminal repeats	NA	7	11	0.9456	NA	1	6.8731	Viruses;Duplodnaviria;Heunggongvirae;Uroviricota;Caudoviricetes
genomad_k141_2092828	3665	No terminal repeats	NA	9	11	0.9455	NA	0	6.8731	Viruses;Duplodnaviria;Heunggongvirae;Uroviricota;Caudoviricetes
genomad_k141_1706899	4937	No terminal repeats	NA	8	11	0.9455	NA	0	1.3466	Viruses;Duplodnaviria;Heunggongvirae;Uroviricota;Caudoviricetes
genomad_k141_1422276	3790	No terminal repeats	NA	13	11	0.9455	NA	0	3.0479	Viruses;Duplodnaviria;Heunggongvirae;Uroviricota;Caudoviricetes
genomad_k141_2237218	6722	No terminal repeats	NA	6	11	0.9454	NA	1	5.6053	Viruses;Duplodnaviria;Heunggongvirae;Uroviricota;Caudoviricetes
genomad_k141_1236664	6053	No terminal repeats	NA	13	11	0.9454	NA	0	3.2368	Viruses;Duplodnaviria;Heunggongvirae;Uroviricota;Caudoviricetes
genomad_k141_2874734	4368	No terminal repeats	NA	9	11	0.9454	NA	0	2.4279	Viruses;Duplodnaviria;Heunggongvirae;Uroviricota;Caudoviricetes
genomad_k141_1397276	3833	No terminal repeats	NA	6	11	0.9454	NA	0	1.4891	Viruses;Duplodnaviria;Heunggongvirae;Uroviricota;Caudoviricetes
genomad_k141_665706	4146	No terminal repeats	NA	6	11	0.9454	NA	2	4.9846	Viruses;Duplodnaviria;Heunggongvirae;Uroviricota;Caudoviricetes
genomad_k141_2153917	7016	No terminal repeats	NA	7	11	0.9453	NA	1	6.8217	Viruses;Duplodnaviria;Heunggongvirae;Uroviricota;Caudoviricetes
genomad_k141_1635129	6358	No terminal repeats	NA	11	11	0.9453	NA	0	11.5888	Viruses;Duplodnaviria;Heunggongvirae;Uroviricota;Caudoviricetes
genomad_k141_2403894	7872	No terminal repeats	NA	19	11	0.9453	NA	2	4.1823	Viruses;Duplodnaviria;Heunggongvirae;Uroviricota;Caudoviricetes
genomad_k141_1878299	5513	No terminal repeats	NA	7	11	0.9452	NA	0	4.4875	Viruses;Duplodnaviria;Heunggongvirae;Uroviricota;Caudoviricetes
genomad_k141_2545562	4050	No terminal repeats	NA	5	11	0.9452	NA	0	7.6584	Viruses;Duplodnaviria;Heunggongvirae;Uroviricota;Caudoviricetes
genomad_k141_3513749	6352	No terminal repeats	NA	13	11	0.9451	NA	0	9.0205	Viruses;Duplodnaviria;Heunggongvirae;Uroviricota;Caudoviricetes
genomad_k141_2143228	5552	No terminal repeats	NA	11	11	0.9450	NA	1	3.9815	Viruses;Duplodnaviria;Heunggongvirae;Uroviricota;Caudoviricetes
virsorter2_k141_3311706||full	8239	No terminal repeats	NA	10	11	0.9450	NA	1	3.6680	Viruses;Duplodnaviria;Heunggongvirae;Uroviricota;Caudoviricetes
genomad_k141_2680097	7556	No terminal repeats	NA	11	11	0.9450	NA	0	1.5001	Viruses;Varidnaviria;Bamfordvirae;Nucleocytoviricota;Megaviricetes;Algavirales;Phycodnaviridae
genomad_k141_2501021	69152	DTR	NA	113	11	0.9450	NA	4	36.0349	Viruses;Duplodnaviria;Heunggongvirae;Uroviricota;Caudoviricetes
genomad_k141_1325869	4869	No terminal repeats	NA	6	11	0.9449	NA	0	4.2441	Viruses;Duplodnaviria;Heunggongvirae;Uroviricota;Caudoviricetes
genomad_k141_478761	6926	No terminal repeats	NA	13	11	0.9449	NA	2	11.1660	Viruses;Duplodnaviria;Heunggongvirae;Uroviricota;Caudoviricetes
genomad_k141_139744	3661	No terminal repeats	NA	9	11	0.9449	NA	0	10.6110	Viruses;Duplodnaviria;Heunggongvirae;Uroviricota;Caudoviricetes
genomad_k141_2364658	6444	No terminal repeats	NA	7	11	0.9448	NA	2	3.3664	Viruses;Duplodnaviria;Heunggongvirae;Uroviricota;Caudoviricetes
genomad_k141_1790279	3544	No terminal repeats	NA	6	11	0.9448	NA	1	3.4321	Viruses;Duplodnaviria;Heunggongvirae;Uroviricota;Caudoviricetes
genomad_k141_3690539	5079	No terminal repeats	NA	6	11	0.9447	NA	0	9.8912	Viruses;Duplodnaviria;Heunggongvirae;Uroviricota;Caudoviricetes
genomad_k141_81392	5602	No terminal repeats	NA	10	11	0.9446	NA	0	1.5247	Viruses;Duplodnaviria;Heunggongvirae;Uroviricota;Caudoviricetes;Drexlerviridae
genomad_k141_3735136	5188	No terminal repeats	NA	7	11	0.9445	NA	1	4.2440	Viruses;Duplodnaviria;Heunggongvirae;Uroviricota;Caudoviricetes
genomad_k141_2221546	5809	No terminal repeats	NA	9	11	0.9445	NA	0	9.7328	Viruses;Duplodnaviria;Heunggongvirae;Uroviricota;Caudoviricetes
genomad_k141_445218	5172	No terminal repeats	NA	7	11	0.9445	NA	0	3.4366	Viruses;Varidnaviria;Bamfordvirae;Nucleocytoviricota;Megaviricetes;Pimascovirales;Iridoviridae
genomad_k141_2933615	5592	No terminal repeats	NA	7	11	0.9445	NA	0	5.1100	Viruses;Duplodnaviria;Heunggongvirae;Uroviricota;Caudoviricetes
genomad_k141_2027425	7076	No terminal repeats	NA	17	11	0.9444	NA	0	12.6014	Viruses;Duplodnaviria;Heunggongvirae;Uroviricota;Caudoviricetes
genomad_k141_1679030	4849	No terminal repeats	NA	8	11	0.9444	NA	0	4.5438	Viruses;Duplodnaviria;Heunggongvirae;Uroviricota;Caudoviricetes
genomad_k141_2204523	4795	No terminal repeats	NA	6	11	0.9442	NA	2	5.1108	Viruses;Duplodnaviria;Heunggongvirae;Uroviricota;Caudoviricetes
genomad_k141_1372328	3689	No terminal repeats	NA	5	11	0.9442	NA	0	3.3631	Viruses;Duplodnaviria;Heunggongvirae;Uroviricota;Caudoviricetes
genomad_k141_122564	7445	No terminal repeats	NA	12	11	0.9442	NA	0	18.3157	Viruses;Duplodnaviria;Heunggongvirae;Uroviricota;Caudoviricetes
genomad_k141_1753870	3949	No terminal repeats	NA	5	11	0.9441	NA	1	6.5284	Viruses;Duplodnaviria;Heunggongvirae;Uroviricota;Caudoviricetes
genomad_k141_48648	5027	No terminal repeats	NA	5	11	0.9441	NA	3	4.7642	Viruses;Duplodnaviria;Heunggongvirae;Uroviricota;Caudoviricetes
genomad_k141_2219265	5469	No terminal repeats	NA	8	11	0.9440	NA	2	6.5241	Viruses;Duplodnaviria;Heunggongvirae;Uroviricota;Caudoviricetes
genomad_k141_3734513	5258	No terminal repeats	NA	7	11	0.9440	NA	0	1.4969	Viruses;Duplodnaviria;Heunggongvirae;Uroviricota;Caudoviricetes
genomad_k141_2958583	5362	No terminal repeats	NA	9	11	0.9440	NA	0	11.6931	Viruses;Duplodnaviria;Heunggongvirae;Uroviricota;Caudoviricetes
genomad_k141_494169	6243	No terminal repeats	NA	16	11	0.9440	NA	1	2.7232	Viruses;Duplodnaviria;Heunggongvirae;Uroviricota;Caudoviricetes
genomad_k141_3635951	4993	No terminal repeats	NA	9	11	0.9439	NA	1	13.6476	Viruses;Duplodnaviria;Heunggongvirae;Uroviricota;Caudoviricetes
genomad_k141_3188751	3590	No terminal repeats	NA	10	11	0.9439	NA	0	1.7183	Viruses;Duplodnaviria;Heunggongvirae;Uroviricota;Caudoviricetes
genomad_k141_1810843	6587	No terminal repeats	NA	15	11	0.9439	NA	1	5.7050	Viruses;Duplodnaviria;Heunggongvirae;Uroviricota;Caudoviricetes
genomad_k141_783585	4386	No terminal repeats	NA	6	11	0.9438	NA	1	3.4334	Viruses;Duplodnaviria;Heunggongvirae;Uroviricota;Caudoviricetes
genomad_k141_1425497	4663	No terminal repeats	NA	5	11	0.9438	NA	3	4.7755	Viruses;Duplodnaviria;Heunggongvirae;Uroviricota;Caudoviricetes
genomad_k141_1913776	9434	No terminal repeats	NA	9	11	0.9438	NA	1	6.6777	Viruses;Varidnaviria;Bamfordvirae;Nucleocytoviricota;Megaviricetes;Pimascovirales;Iridoviridae
genomad_k141_3661396	8586	No terminal repeats	NA	22	11	0.9438	NA	1	4.6371	Viruses;Duplodnaviria;Heunggongvirae;Uroviricota;Caudoviricetes
virsorter2_k141_1850659||full	3853	No terminal repeats	NA	6	11	0.9437	NA	0	3.4366	Viruses;Duplodnaviria;Heunggongvirae;Uroviricota;Caudoviricetes
genomad_k141_736229	3542	No terminal repeats	NA	7	11	0.9436	NA	1	1.2005	Viruses;Duplodnaviria;Heunggongvirae;Uroviricota;Caudoviricetes
genomad_k141_2983698	5763	No terminal repeats	NA	9	11	0.9434	NA	5	13.7520	Viruses;Duplodnaviria;Heunggongvirae;Uroviricota;Caudoviricetes
genomad_k141_2044071	8685	No terminal repeats	NA	13	11	0.9434	NA	2	11.9185	Viruses;Duplodnaviria;Heunggongvirae;Uroviricota;Caudoviricetes
genomad_k141_304939	6496	No terminal repeats	NA	8	11	0.9433	NA	3	9.5799	Viruses;Duplodnaviria;Heunggongvirae;Uroviricota;Caudoviricetes
genomad_k141_2579726	8691	No terminal repeats	NA	20	11	0.9432	NA	0	11.4456	Viruses;Duplodnaviria;Heunggongvirae;Uroviricota;Caudoviricetes
genomad_k141_396233	3792	No terminal repeats	NA	7	11	0.9432	NA	5	7.5400	Viruses;Duplodnaviria;Heunggongvirae;Uroviricota;Caudoviricetes
genomad_k141_56819|provirus_11582_91450	79869	Provirus	11582-91450	71	11	0.9432	NA	2	31.4823	Viruses
genomad_k141_2925878	9445	No terminal repeats	NA	11	11	0.9432	NA	0	3.0577	Viruses;Duplodnaviria;Heunggongvirae;Peploviricota;Herviviricetes;Herpesvirales;Herpesviridae
genomad_k141_3767891	8845	No terminal repeats	NA	14	11	0.9431	NA	0	2.6278	Viruses;Duplodnaviria;Heunggongvirae;Uroviricota;Caudoviricetes
genomad_k141_239626	9419	No terminal repeats	NA	12	11	0.9430	NA	1	5.0599	Viruses;Duplodnaviria;Heunggongvirae;Uroviricota;Caudoviricetes
genomad_k141_2992666	7852	No terminal repeats	NA	14	11	0.9430	NA	0	5.3499	Viruses;Duplodnaviria;Heunggongvirae;Uroviricota;Caudoviricetes
genomad_k141_3028222	4835	No terminal repeats	NA	8	11	0.9430	NA	0	1.3131	Viruses;Duplodnaviria;Heunggongvirae;Uroviricota;Caudoviricetes
genomad_k141_3141963	4545	No terminal repeats	NA	15	11	0.9429	NA	0	4.9460	Viruses;Duplodnaviria;Heunggongvirae;Uroviricota;Caudoviricetes
genomad_k141_1078510	3820	No terminal repeats	NA	5	11	0.9429	NA	0	3.6721	Viruses;Duplodnaviria;Heunggongvirae;Uroviricota;Caudoviricetes
genomad_k141_3048054	8654	No terminal repeats	NA	10	15	0.9429	NA	1	5.9448	Viruses;Varidnaviria;Bamfordvirae;Nucleocytoviricota;Megaviricetes;Algavirales;Phycodnaviridae
genomad_k141_3350640	5728	No terminal repeats	NA	5	11	0.9428	NA	0	2.3149	Viruses;Duplodnaviria;Heunggongvirae;Uroviricota;Caudoviricetes
genomad_k141_198518	5626	No terminal repeats	NA	9	11	0.9428	NA	0	2.8324	Viruses;Duplodnaviria;Heunggongvirae;Uroviricota;Caudoviricetes
genomad_k141_349928	3645	No terminal repeats	NA	7	11	0.9427	NA	1	5.9076	Viruses;Duplodnaviria;Heunggongvirae;Uroviricota;Caudoviricetes
genomad_k141_1141048	8370	No terminal repeats	NA	16	11	0.9426	NA	0	3.4347	Viruses;Duplodnaviria;Heunggongvirae;Uroviricota;Caudoviricetes
genomad_k141_962954	6413	No terminal repeats	NA	10	11	0.9426	NA	0	4.7358	Viruses;Duplodnaviria;Heunggongvirae;Uroviricota;Caudoviricetes
genomad_k141_3416200	5518	No terminal repeats	NA	13	11	0.9425	NA	1	8.7456	Viruses;Duplodnaviria;Heunggongvirae;Uroviricota;Caudoviricetes
genomad_k141_2149656	3737	No terminal repeats	NA	9	11	0.9425	NA	0	3.4283	Viruses;Duplodnaviria;Heunggongvirae;Uroviricota;Caudoviricetes
genomad_k141_3359230	3952	No terminal repeats	NA	5	11	0.9424	NA	2	5.7402	Viruses;Varidnaviria;Bamfordvirae;Nucleocytoviricota;Megaviricetes
genomad_k141_3371453	3768	No terminal repeats	NA	7	11	0.9423	NA	1	9.8658	Viruses;Duplodnaviria;Heunggongvirae;Uroviricota;Caudoviricetes
genomad_k141_2731103	8349	No terminal repeats	NA	11	11	0.9423	NA	0	4.5880	Viruses;Duplodnaviria;Heunggongvirae;Uroviricota;Caudoviricetes
genomad_k141_2389310	3953	No terminal repeats	NA	6	11	0.9423	NA	0	6.2517	Viruses;Duplodnaviria;Heunggongvirae;Uroviricota;Caudoviricetes
genomad_k141_2816526	5689	No terminal repeats	NA	12	11	0.9422	NA	2	8.5123	Viruses;Duplodnaviria;Heunggongvirae;Uroviricota;Caudoviricetes
genomad_k141_1817659	4388	No terminal repeats	NA	8	11	0.9422	NA	0	4.3405	Viruses;Duplodnaviria;Heunggongvirae;Uroviricota;Caudoviricetes
genomad_k141_1531607	6741	No terminal repeats	NA	14	11	0.9421	NA	3	9.6520	Viruses;Duplodnaviria;Heunggongvirae;Uroviricota;Caudoviricetes
genomad_k141_939200	26347	No terminal repeats	NA	27	11	0.9421	NA	5	19.9504	Viruses;Duplodnaviria;Heunggongvirae;Uroviricota;Caudoviricetes
genomad_k141_427068	9946	No terminal repeats	NA	14	11	0.9421	NA	7	13.8962	Viruses;Duplodnaviria;Heunggongvirae;Uroviricota;Caudoviricetes
virsorter2_k141_2555999||full	6334	No terminal repeats	NA	10	11	0.9420	NA	1	2.8363	Viruses;Duplodnaviria;Heunggongvirae;Uroviricota;Caudoviricetes
genomad_k141_3095745	4520	No terminal repeats	NA	6	11	0.9420	NA	1	8.5914	Viruses;Duplodnaviria;Heunggongvirae;Uroviricota;Caudoviricetes
genomad_k141_595441	3958	No terminal repeats	NA	7	11	0.9419	NA	1	6.5735	Viruses;Duplodnaviria;Heunggongvirae;Uroviricota;Caudoviricetes
genomad_k141_2052586	4699	No terminal repeats	NA	11	11	0.9419	NA	0	7.2020	Viruses;Duplodnaviria;Heunggongvirae;Uroviricota;Caudoviricetes
genomad_k141_3232717	5316	No terminal repeats	NA	12	11	0.9418	NA	0	2.5093	Viruses;Duplodnaviria;Heunggongvirae;Uroviricota;Caudoviricetes
genomad_k141_3096911	5201	No terminal repeats	NA	6	11	0.9418	NA	1	3.4209	Viruses;Duplodnaviria;Heunggongvirae;Uroviricota;Caudoviricetes
genomad_k141_1257465	4183	No terminal repeats	NA	8	11	0.9417	NA	2	6.4336	Viruses;Duplodnaviria;Heunggongvirae;Uroviricota;Caudoviricetes
genomad_k141_123521	5120	No terminal repeats	NA	7	11	0.9417	NA	0	11.6226	Viruses;Duplodnaviria;Heunggongvirae;Uroviricota;Caudoviricetes
genomad_k141_1013603	3785	No terminal repeats	NA	5	11	0.9416	NA	2	4.2697	Viruses;Duplodnaviria;Heunggongvirae;Uroviricota;Caudoviricetes
genomad_k141_3633082	3779	No terminal repeats	NA	11	11	0.9415	NA	0	2.3684	Viruses;Duplodnaviria;Heunggongvirae;Uroviricota;Caudoviricetes
genomad_k141_1853969	3551	No terminal repeats	NA	11	11	0.9415	NA	0	9.5806	Viruses;Duplodnaviria;Heunggongvirae;Uroviricota;Caudoviricetes
genomad_k141_3667581	3958	No terminal repeats	NA	8	11	0.9415	NA	1	8.5076	Viruses;Duplodnaviria;Heunggongvirae;Uroviricota;Caudoviricetes
genomad_k141_2156507	7609	No terminal repeats	NA	17	11	0.9415	NA	3	8.9831	Viruses;Duplodnaviria;Heunggongvirae;Uroviricota;Caudoviricetes
genomad_k141_79204	4415	No terminal repeats	NA	7	11	0.9414	NA	1	4.6508	Viruses;Duplodnaviria;Heunggongvirae;Uroviricota;Caudoviricetes
genomad_k141_1340223	8947	No terminal repeats	NA	23	11	0.9414	NA	1	13.4663	Viruses;Duplodnaviria;Heunggongvirae;Uroviricota;Caudoviricetes
genomad_k141_2210225	4820	No terminal repeats	NA	8	11	0.9414	NA	1	6.7656	Viruses;Duplodnaviria;Heunggongvirae;Uroviricota;Caudoviricetes
genomad_k141_1868809	9421	No terminal repeats	NA	10	11	0.9414	NA	0	1.7171	Unclassified
genomad_k141_549632	7352	No terminal repeats	NA	10	11	0.9414	NA	1	10.0254	Viruses;Duplodnaviria;Heunggongvirae;Uroviricota;Caudoviricetes
genomad_k141_1066316	3972	No terminal repeats	NA	6	11	0.9414	NA	2	5.1365	Viruses;Duplodnaviria;Heunggongvirae;Uroviricota;Caudoviricetes
genomad_k141_321858	5832	No terminal repeats	NA	6	11	0.9413	NA	0	1.7183	Viruses;Duplodnaviria;Heunggongvirae;Uroviricota;Caudoviricetes
genomad_k141_3192527	9254	No terminal repeats	NA	15	11	0.9412	NA	0	11.8463	Viruses;Duplodnaviria;Heunggongvirae;Uroviricota;Caudoviricetes
genomad_k141_96863	8761	No terminal repeats	NA	24	11	0.9412	NA	1	15.2030	Viruses;Duplodnaviria;Heunggongvirae;Uroviricota;Caudoviricetes
genomad_k141_1011287	4395	No terminal repeats	NA	5	11	0.9411	NA	0	8.5903	Viruses;Duplodnaviria;Heunggongvirae;Uroviricota;Caudoviricetes
genomad_k141_142257	38210	No terminal repeats	NA	56	11	0.9410	NA	3	25.3405	Viruses;Duplodnaviria;Heunggongvirae;Uroviricota;Caudoviricetes
genomad_k141_3357133	3513	No terminal repeats	NA	5	11	0.9410	NA	0	6.2228	Viruses;Duplodnaviria;Heunggongvirae;Uroviricota;Caudoviricetes
genomad_k141_526245	4977	No terminal repeats	NA	5	11	0.9410	NA	1	7.9101	Viruses;Duplodnaviria;Heunggongvirae;Uroviricota;Caudoviricetes
genomad_k141_358642	5991	No terminal repeats	NA	9	11	0.9409	NA	0	4.8224	Viruses;Duplodnaviria;Heunggongvirae;Uroviricota;Caudoviricetes
genomad_k141_1981484	3516	No terminal repeats	NA	8	11	0.9409	NA	0	2.7086	Viruses;Duplodnaviria;Heunggongvirae;Uroviricota;Caudoviricetes
genomad_k141_99659	3973	No terminal repeats	NA	5	11	0.9408	NA	2	3.1140	Viruses;Duplodnaviria;Heunggongvirae;Uroviricota;Caudoviricetes
genomad_k141_3230145	3565	No terminal repeats	NA	5	11	0.9407	NA	0	4.7831	Viruses;Duplodnaviria;Heunggongvirae;Uroviricota;Caudoviricetes
genomad_k141_1739573	3821	No terminal repeats	NA	6	11	0.9406	NA	0	5.0025	Viruses;Duplodnaviria;Heunggongvirae;Uroviricota;Caudoviricetes
genomad_k141_3348155	4278	No terminal repeats	NA	7	11	0.9406	NA	1	6.1889	Unclassified
genomad_k141_440669	4706	No terminal repeats	NA	7	11	0.9406	NA	0	3.3657	Viruses;Duplodnaviria;Heunggongvirae;Uroviricota;Caudoviricetes
genomad_k141_284576	3835	No terminal repeats	NA	8	11	0.9405	NA	1	3.8281	Viruses;Duplodnaviria;Heunggongvirae;Uroviricota;Caudoviricetes
genomad_k141_2533733	8474	No terminal repeats	NA	11	11	0.9405	NA	0	3.1027	Viruses;Duplodnaviria;Heunggongvirae;Uroviricota;Caudoviricetes
genomad_k141_2697731	3615	No terminal repeats	NA	5	11	0.9405	NA	0	5.1548	Viruses;Duplodnaviria;Heunggongvirae;Uroviricota;Caudoviricetes
genomad_k141_1540596	4091	No terminal repeats	NA	9	11	0.9405	NA	0	3.3196	Viruses;Duplodnaviria;Heunggongvirae;Uroviricota;Caudoviricetes
genomad_k141_1435938	9129	No terminal repeats	NA	11	11	0.9404	NA	5	13.2011	Viruses;Duplodnaviria;Heunggongvirae;Uroviricota;Caudoviricetes
genomad_k141_3780260	4567	No terminal repeats	NA	9	11	0.9402	NA	2	3.7982	Viruses;Duplodnaviria;Heunggongvirae;Uroviricota;Caudoviricetes
genomad_k141_1910260	9292	No terminal repeats	NA	9	11	0.9402	NA	1	5.5196	Viruses;Duplodnaviria;Heunggongvirae;Uroviricota;Caudoviricetes
genomad_k141_2134666	5335	No terminal repeats	NA	5	11	0.9402	NA	0	1.3240	Viruses;Duplodnaviria;Heunggongvirae;Uroviricota;Caudoviricetes
genomad_k141_1520489	4043	No terminal repeats	NA	7	11	0.9402	NA	0	4.3528	Viruses;Duplodnaviria;Heunggongvirae;Uroviricota;Caudoviricetes;Chaseviridae
genomad_k141_485426	5735	No terminal repeats	NA	7	11	0.9401	NA	1	2.8870	Viruses;Varidnaviria;Bamfordvirae;Nucleocytoviricota;Megaviricetes;Algavirales;Phycodnaviridae
genomad_k141_378366	3931	No terminal repeats	NA	7	11	0.9401	NA	0	3.3967	Viruses;Duplodnaviria;Heunggongvirae;Uroviricota;Caudoviricetes
genomad_k141_902863	6221	No terminal repeats	NA	7	11	0.9401	NA	2	6.2461	Viruses;Duplodnaviria;Heunggongvirae;Uroviricota;Caudoviricetes
genomad_k141_751017	5739	No terminal repeats	NA	11	11	0.9401	NA	3	8.9515	Viruses;Duplodnaviria;Heunggongvirae;Uroviricota;Caudoviricetes
genomad_k141_2494	8586	No terminal repeats	NA	21	11	0.9400	NA	2	11.3588	Viruses;Duplodnaviria;Heunggongvirae;Uroviricota;Caudoviricetes
genomad_k141_1967034	8015	No terminal repeats	NA	8	11	0.9399	NA	0	12.0082	Viruses;Duplodnaviria;Heunggongvirae;Uroviricota;Caudoviricetes;Kyanoviridae
genomad_k141_1669948	3864	No terminal repeats	NA	9	11	0.9399	NA	1	7.5598	Viruses;Duplodnaviria;Heunggongvirae;Uroviricota;Caudoviricetes
genomad_k141_685570	43748	No terminal repeats	NA	57	11	0.9398	NA	13	43.7000	Viruses;Duplodnaviria;Heunggongvirae;Uroviricota;Caudoviricetes
genomad_k141_238610	7557	No terminal repeats	NA	8	11	0.9398	NA	0	3.3969	Viruses;Duplodnaviria;Heunggongvirae;Uroviricota;Caudoviricetes
genomad_k141_2697706	3617	No terminal repeats	NA	10	11	0.9397	NA	0	2.2268	Viruses;Duplodnaviria;Heunggongvirae;Uroviricota;Caudoviricetes
genomad_k141_2876512	5303	No terminal repeats	NA	10	11	0.9397	NA	0	6.2712	Viruses;Duplodnaviria;Heunggongvirae;Uroviricota;Caudoviricetes
genomad_k141_593006	5318	No terminal repeats	NA	6	11	0.9396	NA	1	2.6556	Viruses;Duplodnaviria;Heunggongvirae;Uroviricota;Caudoviricetes
genomad_k141_1995593	5175	No terminal repeats	NA	12	11	0.9396	NA	0	3.2165	Viruses;Duplodnaviria;Heunggongvirae;Uroviricota;Caudoviricetes
genomad_k141_635901	5989	No terminal repeats	NA	15	11	0.9396	NA	2	9.8721	Viruses;Duplodnaviria;Heunggongvirae;Uroviricota;Caudoviricetes
genomad_k141_1722229	5147	No terminal repeats	NA	12	11	0.9395	NA	5	15.2413	Viruses;Duplodnaviria;Heunggongvirae;Uroviricota;Caudoviricetes
genomad_k141_3309839	4901	No terminal repeats	NA	15	11	0.9394	NA	0	10.2837	Viruses;Duplodnaviria;Heunggongvirae;Uroviricota;Caudoviricetes
genomad_k141_3461608	4345	No terminal repeats	NA	7	11	0.9393	NA	0	7.3626	Viruses;Duplodnaviria;Heunggongvirae;Uroviricota;Caudoviricetes
genomad_k141_2888062	5774	No terminal repeats	NA	8	11	0.9393	NA	4	13.6042	Viruses;Duplodnaviria;Heunggongvirae;Uroviricota;Caudoviricetes
genomad_k141_3348219	4303	No terminal repeats	NA	5	11	0.9392	NA	0	1.7031	Viruses;Duplodnaviria;Heunggongvirae;Uroviricota;Caudoviricetes
genomad_k141_88974	29841	No terminal repeats	NA	41	11	0.9392	NA	3	14.5499	Viruses;Duplodnaviria;Heunggongvirae;Uroviricota;Caudoviricetes
genomad_k141_1976195	9073	No terminal repeats	NA	11	11	0.9391	NA	3	10.7391	Viruses;Duplodnaviria;Heunggongvirae;Uroviricota;Caudoviricetes
genomad_k141_2844390	5665	No terminal repeats	NA	7	11	0.9391	NA	3	6.8731	Viruses;Duplodnaviria;Heunggongvirae;Uroviricota;Caudoviricetes
genomad_k141_1975621	4219	No terminal repeats	NA	8	11	0.9391	NA	2	4.5253	Viruses;Duplodnaviria;Heunggongvirae;Uroviricota;Caudoviricetes
genomad_k141_3249035	4450	No terminal repeats	NA	8	11	0.9390	NA	0	3.9195	Viruses;Duplodnaviria;Heunggongvirae;Uroviricota;Caudoviricetes;Thumleimavirales;Hafunaviridae
genomad_k141_1342754	5137	No terminal repeats	NA	12	11	0.9389	NA	0	6.3537	Viruses;Duplodnaviria;Heunggongvirae;Uroviricota;Caudoviricetes
genomad_k141_1574047	4559	No terminal repeats	NA	10	11	0.9388	NA	1	3.4366	Viruses;Duplodnaviria;Heunggongvirae;Uroviricota;Caudoviricetes
genomad_k141_1527495	7116	No terminal repeats	NA	7	11	0.9386	NA	1	6.8720	Viruses;Duplodnaviria;Heunggongvirae;Uroviricota;Caudoviricetes
genomad_k141_737422	4281	No terminal repeats	NA	8	11	0.9386	NA	0	1.7175	Viruses;Duplodnaviria;Heunggongvirae;Uroviricota;Caudoviricetes
genomad_k141_1245397	3908	No terminal repeats	NA	6	11	0.9385	NA	5	7.5544	Viruses;Duplodnaviria;Heunggongvirae;Uroviricota;Caudoviricetes
genomad_k141_1172099	4584	No terminal repeats	NA	5	11	0.9385	NA	0	3.3962	Unclassified
genomad_k141_2720607	8332	No terminal repeats	NA	15	11	0.9384	NA	1	3.5945	Viruses;Duplodnaviria;Heunggongvirae;Uroviricota;Caudoviricetes
genomad_k141_827228	3893	No terminal repeats	NA	7	11	0.9384	NA	0	3.0812	Viruses;Duplodnaviria;Heunggongvirae;Uroviricota;Caudoviricetes
genomad_k141_315277	4418	No terminal repeats	NA	11	11	0.9384	NA	2	2.9735	Viruses;Duplodnaviria;Heunggongvirae;Uroviricota;Caudoviricetes
genomad_k141_2017737	3565	No terminal repeats	NA	11	11	0.9384	NA	0	3.0171	Viruses;Duplodnaviria;Heunggongvirae;Uroviricota;Caudoviricetes
genomad_k141_2274044	8543	No terminal repeats	NA	20	11	0.9384	NA	0	8.7512	Viruses;Duplodnaviria;Heunggongvirae;Uroviricota;Caudoviricetes
genomad_k141_1400964	3570	No terminal repeats	NA	7	11	0.9384	NA	0	10.3097	Viruses;Duplodnaviria;Heunggongvirae;Uroviricota;Caudoviricetes
genomad_k141_504148	4105	No terminal repeats	NA	9	11	0.9382	NA	1	3.6575	Viruses;Duplodnaviria;Heunggongvirae;Uroviricota;Caudoviricetes
genomad_k141_3800250	6202	DTR	NA	7	11	0.9382	NA	1	3.2965	Viruses;Monodnaviria;Sangervirae;Phixviricota;Malgrandaviricetes;Petitvirales;Microviridae
genomad_k141_1269653	4206	No terminal repeats	NA	7	11	0.9382	NA	1	3.4267	Viruses;Duplodnaviria;Heunggongvirae;Uroviricota;Caudoviricetes
genomad_k141_1972373	5749	No terminal repeats	NA	9	11	0.9381	NA	1	2.6057	Viruses;Duplodnaviria;Heunggongvirae;Uroviricota;Caudoviricetes
genomad_k141_3300412	4550	No terminal repeats	NA	10	11	0.9380	NA	0	3.9921	Viruses;Duplodnaviria;Heunggongvirae;Uroviricota;Caudoviricetes
genomad_k141_2415594	4514	No terminal repeats	NA	6	11	0.9380	NA	0	3.8735	Viruses;Duplodnaviria;Heunggongvirae;Uroviricota;Caudoviricetes
genomad_k141_2150692	3976	No terminal repeats	NA	9	11	0.9380	NA	1	6.3790	Viruses;Duplodnaviria;Heunggongvirae;Uroviricota;Caudoviricetes
genomad_k141_1112506	4141	No terminal repeats	NA	10	11	0.9377	NA	1	5.4482	Viruses;Duplodnaviria;Heunggongvirae;Uroviricota;Caudoviricetes
genomad_k141_1876034	4927	No terminal repeats	NA	12	11	0.9377	NA	0	3.9639	Viruses;Duplodnaviria;Heunggongvirae;Uroviricota;Caudoviricetes
genomad_k141_2617479	6688	No terminal repeats	NA	10	11	0.9376	NA	0	4.0177	Viruses;Duplodnaviria;Heunggongvirae;Uroviricota;Caudoviricetes
genomad_k141_305389	4202	No terminal repeats	NA	10	11	0.9375	NA	0	9.9415	Viruses;Duplodnaviria;Heunggongvirae;Uroviricota;Caudoviricetes
genomad_k141_2164009	3384	No terminal repeats	NA	4	11	0.9375	NA	2	4.2697	Viruses;Duplodnaviria;Heunggongvirae;Uroviricota;Caudoviricetes
genomad_k141_2316956	9594	No terminal repeats	NA	18	11	0.9375	NA	0	2.9148	Viruses;Duplodnaviria;Heunggongvirae;Uroviricota;Caudoviricetes
genomad_k141_3342974	4340	No terminal repeats	NA	13	11	0.9375	NA	0	3.0417	Viruses;Duplodnaviria;Heunggongvirae;Uroviricota;Caudoviricetes
genomad_k141_2395516	3957	No terminal repeats	NA	10	11	0.9375	NA	0	3.4100	Viruses;Duplodnaviria;Heunggongvirae;Uroviricota;Caudoviricetes
genomad_k141_1604824	4652	No terminal repeats	NA	8	11	0.9374	NA	1	4.5449	Viruses;Duplodnaviria;Heunggongvirae;Uroviricota;Caudoviricetes
genomad_k141_2023355	5017	No terminal repeats	NA	8	11	0.9371	NA	0	4.1786	Viruses;Duplodnaviria;Heunggongvirae;Uroviricota;Caudoviricetes
genomad_k141_1583154	6828	No terminal repeats	NA	8	11	0.9368	NA	1	1.2569	Viruses;Duplodnaviria;Heunggongvirae;Uroviricota;Caudoviricetes
genomad_k141_1552494	3887	No terminal repeats	NA	8	11	0.9367	NA	0	10.2794	Viruses;Duplodnaviria;Heunggongvirae;Uroviricota;Caudoviricetes
genomad_k141_2725026	6588	No terminal repeats	NA	7	11	0.9367	NA	1	1.4764	Viruses;Duplodnaviria;Heunggongvirae;Uroviricota;Caudoviricetes
genomad_k141_713667	5608	No terminal repeats	NA	17	11	0.9366	NA	0	4.0011	Viruses;Duplodnaviria;Heunggongvirae;Uroviricota;Caudoviricetes
genomad_k141_1195877	1475	No terminal repeats	NA	2	11	0.9365	NA	1	3.4366	Viruses;Duplodnaviria;Heunggongvirae;Uroviricota;Caudoviricetes
genomad_k141_1269689	4306	No terminal repeats	NA	10	11	0.9364	NA	0	3.9376	Viruses;Duplodnaviria;Heunggongvirae;Uroviricota;Caudoviricetes
genomad_k141_1904262	6317	No terminal repeats	NA	10	11	0.9363	NA	0	4.6943	Unclassified
genomad_k141_3439100	4450	No terminal repeats	NA	11	11	0.9363	NA	0	5.4719	Viruses;Duplodnaviria;Heunggongvirae;Uroviricota;Caudoviricetes
genomad_k141_7941	4137	No terminal repeats	NA	5	11	0.9362	NA	0	4.1624	Viruses;Duplodnaviria;Heunggongvirae;Uroviricota;Caudoviricetes
genomad_k141_737975	4041	No terminal repeats	NA	5	11	0.9362	NA	0	3.4052	Viruses;Duplodnaviria;Heunggongvirae;Uroviricota;Caudoviricetes
genomad_k141_1546868	5066	No terminal repeats	NA	6	11	0.9362	NA	1	5.1527	Viruses;Varidnaviria;Bamfordvirae;Nucleocytoviricota;Megaviricetes;Imitervirales;Mimiviridae
genomad_k141_994516	3716	No terminal repeats	NA	5	11	0.9362	NA	1	8.4572	Viruses;Duplodnaviria;Heunggongvirae;Uroviricota;Caudoviricetes
genomad_k141_2924860	4326	No terminal repeats	NA	9	11	0.9360	NA	2	8.1321	Viruses;Duplodnaviria;Heunggongvirae;Uroviricota;Caudoviricetes
genomad_k141_125470	6504	No terminal repeats	NA	6	11	0.9359	NA	0	5.1012	Viruses;Duplodnaviria;Heunggongvirae;Uroviricota;Caudoviricetes
genomad_k141_1927450	4804	No terminal repeats	NA	8	11	0.9359	NA	2	7.6323	Viruses;Duplodnaviria;Heunggongvirae;Uroviricota;Caudoviricetes
genomad_k141_300784	6304	No terminal repeats	NA	7	11	0.9358	NA	1	9.8949	Viruses;Duplodnaviria;Heunggongvirae;Uroviricota;Caudoviricetes
genomad_k141_2269927	9318	No terminal repeats	NA	22	11	0.9358	NA	0	9.4982	Viruses;Duplodnaviria;Heunggongvirae;Uroviricota;Caudoviricetes
genomad_k141_48397	5773	No terminal repeats	NA	9	11	0.9358	NA	0	1.9574	Viruses;Duplodnaviria;Heunggongvirae;Uroviricota;Caudoviricetes
genomad_k141_2116809	3588	No terminal repeats	NA	7	11	0.9357	NA	0	2.0802	Viruses;Duplodnaviria;Heunggongvirae;Uroviricota;Caudoviricetes
genomad_k141_1462024	4195	No terminal repeats	NA	7	11	0.9357	NA	0	3.9679	Viruses;Duplodnaviria;Heunggongvirae;Uroviricota;Caudoviricetes
genomad_k141_352613	3519	No terminal repeats	NA	6	11	0.9356	NA	0	1.5171	Viruses;Duplodnaviria;Heunggongvirae;Uroviricota;Caudoviricetes
genomad_k141_708434	4618	No terminal repeats	NA	9	11	0.9355	NA	2	11.7113	Viruses;Duplodnaviria;Heunggongvirae;Uroviricota;Caudoviricetes
genomad_k141_1379298	3738	No terminal repeats	NA	9	11	0.9355	NA	0	12.0280	Viruses;Duplodnaviria;Heunggongvirae;Uroviricota;Caudoviricetes
genomad_k141_1902034	4111	No terminal repeats	NA	7	11	0.9355	NA	1	3.3098	Viruses;Duplodnaviria;Heunggongvirae;Uroviricota;Caudoviricetes
genomad_k141_93220	5440	No terminal repeats	NA	8	11	0.9355	NA	3	9.6373	Viruses;Duplodnaviria;Heunggongvirae;Uroviricota;Caudoviricetes
genomad_k141_2323105	4600	No terminal repeats	NA	5	11	0.9355	NA	2	4.6012	Viruses;Duplodnaviria;Heunggongvirae;Uroviricota;Caudoviricetes
genomad_k141_3588803	6034	No terminal repeats	NA	14	11	0.9355	NA	3	6.1339	Viruses;Duplodnaviria;Heunggongvirae;Uroviricota;Caudoviricetes
genomad_k141_999843	5310	No terminal repeats	NA	9	11	0.9355	NA	0	3.1431	Unclassified
genomad_k141_2962460	3836	No terminal repeats	NA	8	11	0.9354	NA	0	2.5214	Viruses;Duplodnaviria;Heunggongvirae;Uroviricota;Caudoviricetes
virsorter2_k141_1641012||full|provirus_1_58712	58712	Provirus	1-58712	72	11	0.9354	NA	2	10.5171	Viruses;Duplodnaviria;Heunggongvirae;Uroviricota;Caudoviricetes
genomad_k141_3800244	5670	DTR	NA	8	11	0.9353	NA	1	3.7899	Viruses;Monodnaviria;Sangervirae;Phixviricota;Malgrandaviricetes;Petitvirales;Microviridae
genomad_k141_2032215	4901	No terminal repeats	NA	9	11	0.9350	NA	1	13.5067	Viruses;Duplodnaviria;Heunggongvirae;Uroviricota;Caudoviricetes
genomad_k141_3760226	4445	No terminal repeats	NA	9	11	0.9349	NA	0	3.0233	Viruses;Duplodnaviria;Heunggongvirae;Uroviricota;Caudoviricetes
genomad_k141_1228716	7654	No terminal repeats	NA	15	11	0.9348	NA	0	4.0837	Viruses;Duplodnaviria;Heunggongvirae;Uroviricota;Caudoviricetes
genomad_k141_2918750	8830	No terminal repeats	NA	14	11	0.9346	NA	1	13.8625	Viruses;Duplodnaviria;Heunggongvirae;Uroviricota;Caudoviricetes
genomad_k141_486757	3767	No terminal repeats	NA	6	11	0.9345	NA	0	1.3120	Viruses;Duplodnaviria;Heunggongvirae;Uroviricota;Caudoviricetes
genomad_k141_2655899	7420	No terminal repeats	NA	15	11	0.9343	NA	0	2.4093	Viruses;Duplodnaviria;Heunggongvirae;Uroviricota;Caudoviricetes
genomad_k141_695088	3581	No terminal repeats	NA	7	11	0.9342	NA	2	6.6894	Viruses;Duplodnaviria;Heunggongvirae;Uroviricota;Caudoviricetes
genomad_k141_733272	6541	No terminal repeats	NA	9	11	0.9340	NA	0	11.0430	Viruses;Duplodnaviria;Heunggongvirae;Uroviricota;Caudoviricetes
genomad_k141_3394011	5067	No terminal repeats	NA	8	11	0.9340	NA	5	7.7776	Viruses;Duplodnaviria;Heunggongvirae;Uroviricota;Caudoviricetes
genomad_k141_3552553	4155	No terminal repeats	NA	6	11	0.9338	NA	0	1.5959	Viruses;Duplodnaviria;Heunggongvirae;Uroviricota;Caudoviricetes
genomad_k141_4871	5836	No terminal repeats	NA	8	11	0.9337	NA	1	11.8264	Viruses;Duplodnaviria;Heunggongvirae;Uroviricota;Caudoviricetes
genomad_k141_1662246	5651	No terminal repeats	NA	6	11	0.9335	NA	1	3.0086	Viruses;Duplodnaviria;Heunggongvirae;Uroviricota;Caudoviricetes
genomad_k141_3402950	7707	No terminal repeats	NA	17	11	0.9335	NA	0	1.3050	Viruses;Duplodnaviria;Heunggongvirae;Uroviricota;Caudoviricetes
genomad_k141_3704253	6050	No terminal repeats	NA	9	11	0.9334	NA	3	7.2919	Viruses;Duplodnaviria;Heunggongvirae;Uroviricota;Caudoviricetes
genomad_k141_2682660	3508	No terminal repeats	NA	6	11	0.9333	NA	1	3.1394	Viruses;Duplodnaviria;Heunggongvirae;Uroviricota;Caudoviricetes
genomad_k141_2157655	5889	No terminal repeats	NA	15	11	0.9332	NA	0	3.4366	Viruses;Duplodnaviria;Heunggongvirae;Uroviricota;Caudoviricetes
genomad_k141_363076	4856	No terminal repeats	NA	9	11	0.9332	NA	1	12.0281	Viruses;Duplodnaviria;Heunggongvirae;Uroviricota;Caudoviricetes
genomad_k141_1330972	7189	No terminal repeats	NA	9	11	0.9332	NA	2	2.0862	Viruses;Duplodnaviria;Heunggongvirae;Uroviricota;Caudoviricetes
genomad_k141_308282	5975	No terminal repeats	NA	6	11	0.9330	NA	0	10.2590	Viruses;Duplodnaviria;Heunggongvirae;Uroviricota;Caudoviricetes
genomad_k141_31375	4214	No terminal repeats	NA	6	11	0.9329	NA	1	6.8731	Viruses;Duplodnaviria;Heunggongvirae;Uroviricota;Caudoviricetes
genomad_k141_771825	3528	No terminal repeats	NA	7	11	0.9329	NA	0	8.5904	Viruses;Duplodnaviria;Heunggongvirae;Uroviricota;Caudoviricetes
genomad_k141_2127570	4005	No terminal repeats	NA	9	11	0.9328	NA	0	2.2660	Viruses;Duplodnaviria;Heunggongvirae;Uroviricota;Caudoviricetes
genomad_k141_2132235	5454	No terminal repeats	NA	14	11	0.9328	NA	1	4.9613	Viruses;Duplodnaviria;Heunggongvirae;Uroviricota;Caudoviricetes;Drexlerviridae
genomad_k141_2731542	4192	No terminal repeats	NA	6	11	0.9327	NA	0	1.2837	Viruses;Duplodnaviria;Heunggongvirae;Uroviricota;Caudoviricetes
genomad_k141_2179798	4689	No terminal repeats	NA	11	11	0.9327	NA	1	3.3706	Viruses;Duplodnaviria;Heunggongvirae;Uroviricota;Caudoviricetes
genomad_k141_3160814	4761	No terminal repeats	NA	6	11	0.9326	NA	1	6.3282	Viruses;Duplodnaviria;Heunggongvirae;Uroviricota;Caudoviricetes
genomad_k141_1600737	4767	No terminal repeats	NA	12	11	0.9325	NA	0	4.8982	Viruses;Duplodnaviria;Heunggongvirae;Uroviricota;Caudoviricetes
genomad_k141_3633695	4130	No terminal repeats	NA	5	11	0.9323	NA	0	2.4395	Viruses;Duplodnaviria;Heunggongvirae;Uroviricota;Caudoviricetes
genomad_k141_1274857	3683	No terminal repeats	NA	5	11	0.9322	NA	2	4.2605	Viruses;Duplodnaviria;Heunggongvirae;Uroviricota;Caudoviricetes
genomad_k141_972990	5128	No terminal repeats	NA	12	11	0.9320	NA	0	5.3453	Viruses;Duplodnaviria;Heunggongvirae;Uroviricota;Caudoviricetes
genomad_k141_65298	6399	No terminal repeats	NA	9	11	0.9320	NA	1	3.1556	Viruses;Varidnaviria;Bamfordvirae;Preplasmiviricota;Tectiliviricetes;Vinavirales;Corticoviridae
genomad_k141_2075150	3593	No terminal repeats	NA	7	11	0.9318	NA	2	4.3456	Viruses;Duplodnaviria;Heunggongvirae;Uroviricota;Caudoviricetes
genomad_k141_836952	8052	No terminal repeats	NA	15	11	0.9318	NA	0	9.7974	Viruses;Duplodnaviria;Heunggongvirae;Uroviricota;Caudoviricetes
genomad_k141_2917152	6002	No terminal repeats	NA	5	11	0.9318	NA	2	1.2807	Viruses;Duplodnaviria;Heunggongvirae;Uroviricota;Caudoviricetes
genomad_k141_3095714	4802	No terminal repeats	NA	5	11	0.9318	NA	1	2.8881	Viruses;Duplodnaviria;Heunggongvirae;Uroviricota;Caudoviricetes
genomad_k141_1618976	3740	No terminal repeats	NA	11	11	0.9318	NA	0	1.7183	Unclassified
genomad_k141_2874616	5076	No terminal repeats	NA	5	11	0.9317	NA	1	2.1928	Viruses;Duplodnaviria;Heunggongvirae;Uroviricota;Caudoviricetes
genomad_k141_2499741	9270	No terminal repeats	NA	11	11	0.9316	NA	0	3.2759	Viruses;Duplodnaviria;Heunggongvirae;Uroviricota;Caudoviricetes
genomad_k141_3564926	4470	No terminal repeats	NA	7	11	0.9314	NA	1	6.0825	Viruses;Duplodnaviria;Heunggongvirae;Uroviricota;Caudoviricetes
genomad_k141_1383305	4319	No terminal repeats	NA	7	11	0.9313	NA	0	5.3416	Viruses;Duplodnaviria;Heunggongvirae;Uroviricota;Caudoviricetes;Drexlerviridae
genomad_k141_3772569	3758	No terminal repeats	NA	7	11	0.9313	NA	0	3.4266	Viruses;Duplodnaviria;Heunggongvirae;Uroviricota;Caudoviricetes
genomad_k141_536126	23154	No terminal repeats	NA	22	11	0.9312	NA	1	21.5032	Viruses;Duplodnaviria;Heunggongvirae;Uroviricota;Caudoviricetes
genomad_k141_3072244	3693	No terminal repeats	NA	9	11	0.9312	NA	0	1.7183	Unclassified
genomad_k141_3056013	5445	No terminal repeats	NA	5	11	0.9308	NA	1	6.8138	Viruses;Duplodnaviria;Heunggongvirae;Uroviricota;Caudoviricetes
genomad_k141_698180	3952	No terminal repeats	NA	6	11	0.9307	NA	1	3.3277	Viruses;Duplodnaviria;Heunggongvirae;Uroviricota;Caudoviricetes
genomad_k141_151975	3983	No terminal repeats	NA	7	11	0.9307	NA	2	6.0152	Viruses;Duplodnaviria;Heunggongvirae;Uroviricota;Caudoviricetes
genomad_k141_62929	4280	No terminal repeats	NA	6	11	0.9306	NA	0	2.7268	Viruses;Varidnaviria;Bamfordvirae;Nucleocytoviricota;Megaviricetes;Imitervirales;Mimiviridae
genomad_k141_255590	4220	No terminal repeats	NA	7	11	0.9304	NA	0	5.6225	Viruses;Duplodnaviria;Heunggongvirae;Uroviricota;Caudoviricetes
genomad_k141_940672	3599	No terminal repeats	NA	5	11	0.9303	NA	0	4.2527	Viruses;Duplodnaviria;Heunggongvirae;Uroviricota;Caudoviricetes
genomad_k141_2514575	6876	No terminal repeats	NA	11	11	0.9303	NA	1	2.8903	Viruses;Duplodnaviria;Heunggongvirae;Uroviricota;Caudoviricetes
genomad_k141_2155559	3884	No terminal repeats	NA	8	11	0.9303	NA	2	13.7463	Viruses;Duplodnaviria;Heunggongvirae;Uroviricota;Caudoviricetes
genomad_k141_1204854	3835	No terminal repeats	NA	8	11	0.9302	NA	0	10.1752	Viruses;Duplodnaviria;Heunggongvirae;Uroviricota;Caudoviricetes
genomad_k141_982308	4348	No terminal repeats	NA	6	11	0.9300	NA	1	6.0167	Viruses;Duplodnaviria;Heunggongvirae;Uroviricota;Caudoviricetes;Thumleimavirales;Hafunaviridae
genomad_k141_2181095	8613	No terminal repeats	NA	10	11	0.9300	NA	1	3.4366	Viruses;Duplodnaviria;Heunggongvirae;Uroviricota;Caudoviricetes
genomad_k141_3395835	4001	No terminal repeats	NA	6	11	0.9299	NA	0	7.7289	Viruses;Duplodnaviria;Heunggongvirae;Uroviricota;Caudoviricetes
genomad_k141_3242334	3656	No terminal repeats	NA	5	11	0.9298	NA	1	3.4366	Unclassified
genomad_k141_3242105	1868	No terminal repeats	NA	4	11	0.9298	NA	1	2.7850	Viruses;Duplodnaviria;Heunggongvirae;Uroviricota;Caudoviricetes
genomad_k141_2068549	6403	No terminal repeats	NA	10	11	0.9298	NA	0	1.6646	Viruses;Duplodnaviria;Heunggongvirae;Uroviricota;Caudoviricetes
genomad_k141_2457341	41510	No terminal repeats	NA	85	11	0.9298	NA	0	18.1081	Viruses;Duplodnaviria;Heunggongvirae;Uroviricota;Caudoviricetes
genomad_k141_3765485	5954	No terminal repeats	NA	10	11	0.9297	NA	0	1.7183	Unclassified
genomad_k141_2262151	4382	No terminal repeats	NA	6	11	0.9296	NA	0	3.1435	Viruses;Duplodnaviria;Heunggongvirae;Uroviricota;Caudoviricetes
genomad_k141_1765131	4992	No terminal repeats	NA	7	11	0.9296	NA	0	8.4622	Viruses;Duplodnaviria;Heunggongvirae;Uroviricota;Caudoviricetes
genomad_k141_382269	6941	No terminal repeats	NA	9	11	0.9295	NA	0	4.5049	Viruses;Duplodnaviria;Heunggongvirae;Uroviricota;Caudoviricetes
genomad_k141_3528375	5045	No terminal repeats	NA	15	11	0.9294	NA	0	3.0849	Viruses;Duplodnaviria;Heunggongvirae;Uroviricota;Caudoviricetes
genomad_k141_3283695	6365	No terminal repeats	NA	8	11	0.9293	NA	0	2.8070	Viruses;Duplodnaviria;Heunggongvirae;Uroviricota;Caudoviricetes
genomad_k141_2243296	5030	No terminal repeats	NA	9	11	0.9293	NA	0	1.7183	Viruses;Varidnaviria;Bamfordvirae;Nucleocytoviricota;Pokkesviricetes;Asfuvirales;Asfarviridae
genomad_k141_2692467	4263	No terminal repeats	NA	8	11	0.9293	NA	1	1.3955	Viruses;Duplodnaviria;Heunggongvirae;Uroviricota;Caudoviricetes
genomad_k141_2792733	7945	No terminal repeats	NA	18	11	0.9291	NA	0	3.9149	Viruses;Duplodnaviria;Heunggongvirae;Uroviricota;Caudoviricetes
genomad_k141_3800062	4174	No terminal repeats	NA	6	11	0.9291	NA	1	1.7158	Viruses;Duplodnaviria;Heunggongvirae;Uroviricota;Caudoviricetes
genomad_k141_1360232	6177	No terminal repeats	NA	10	11	0.9290	NA	0	15.0726	Viruses;Duplodnaviria;Heunggongvirae;Uroviricota;Caudoviricetes
genomad_k141_897889	3554	No terminal repeats	NA	6	11	0.9289	NA	0	1.7509	Viruses;Duplodnaviria;Heunggongvirae;Uroviricota;Caudoviricetes
genomad_k141_684126	5314	No terminal repeats	NA	13	11	0.9289	NA	0	6.0650	Viruses;Duplodnaviria;Heunggongvirae;Uroviricota;Caudoviricetes
genomad_k141_151907	5790	No terminal repeats	NA	13	11	0.9288	NA	2	6.8256	Viruses;Duplodnaviria;Heunggongvirae;Uroviricota;Caudoviricetes
genomad_k141_3512109	3908	No terminal repeats	NA	7	11	0.9287	NA	0	3.1493	Viruses;Duplodnaviria;Heunggongvirae;Uroviricota;Caudoviricetes
genomad_k141_212073	5996	No terminal repeats	NA	17	11	0.9286	NA	0	3.7551	Viruses;Duplodnaviria;Heunggongvirae;Uroviricota;Caudoviricetes
genomad_k141_72175	5399	No terminal repeats	NA	7	11	0.9286	NA	0	4.5845	Viruses;Duplodnaviria;Heunggongvirae;Uroviricota;Caudoviricetes
genomad_k141_2142267	4039	No terminal repeats	NA	5	11	0.9285	NA	1	2.8936	Viruses
genomad_k141_127273	6951	No terminal repeats	NA	11	11	0.9282	NA	0	4.8581	Viruses;Duplodnaviria;Heunggongvirae;Uroviricota;Caudoviricetes
genomad_k141_2402773	3896	No terminal repeats	NA	6	11	0.9278	NA	1	1.7183	Viruses;Duplodnaviria;Heunggongvirae;Uroviricota;Caudoviricetes
genomad_k141_208817	7532	No terminal repeats	NA	7	11	0.9278	NA	1	8.1101	Viruses;Duplodnaviria;Heunggongvirae;Uroviricota;Caudoviricetes
genomad_k141_322277	4756	No terminal repeats	NA	15	11	0.9277	NA	1	9.7796	Viruses;Duplodnaviria;Heunggongvirae;Uroviricota;Caudoviricetes
genomad_k141_3099945	3936	No terminal repeats	NA	7	11	0.9277	NA	0	6.8731	Unclassified
genomad_k141_1012704	3817	No terminal repeats	NA	4	11	0.9275	NA	0	3.4366	Viruses;Duplodnaviria;Heunggongvirae;Uroviricota;Caudoviricetes
genomad_k141_1660200	6467	No terminal repeats	NA	13	11	0.9274	NA	0	2.5578	Viruses;Duplodnaviria;Heunggongvirae;Uroviricota;Caudoviricetes
genomad_k141_3429089	5194	No terminal repeats	NA	6	11	0.9272	NA	1	7.5135	Viruses;Duplodnaviria;Heunggongvirae;Uroviricota;Caudoviricetes
genomad_k141_3637542	2307	No terminal repeats	NA	3	11	0.9272	NA	2	2.6654	Viruses;Duplodnaviria;Heunggongvirae;Uroviricota;Caudoviricetes
genomad_k141_1311232	9285	No terminal repeats	NA	20	11	0.9271	NA	0	2.7048	Viruses;Duplodnaviria;Heunggongvirae;Uroviricota;Caudoviricetes
genomad_k141_1504143	3632	No terminal repeats	NA	6	11	0.9270	NA	0	10.3078	Viruses;Duplodnaviria;Heunggongvirae;Uroviricota;Caudoviricetes
genomad_k141_2084721	5261	No terminal repeats	NA	8	11	0.9270	NA	2	10.3097	Viruses;Duplodnaviria;Heunggongvirae;Uroviricota;Caudoviricetes
genomad_k141_3435599	4369	No terminal repeats	NA	8	11	0.9266	NA	1	2.9916	Viruses;Duplodnaviria;Heunggongvirae;Uroviricota;Caudoviricetes
genomad_k141_565989	8733	No terminal repeats	NA	10	11	0.9265	NA	1	4.8263	Viruses;Duplodnaviria;Heunggongvirae;Uroviricota;Caudoviricetes
genomad_k141_3672505	4222	No terminal repeats	NA	7	11	0.9265	NA	0	4.5363	Viruses;Duplodnaviria;Heunggongvirae;Uroviricota;Caudoviricetes
genomad_k141_3577934	8560	No terminal repeats	NA	16	11	0.9264	NA	1	3.1286	Viruses;Duplodnaviria;Heunggongvirae;Uroviricota;Caudoviricetes
genomad_k141_1899004	4167	No terminal repeats	NA	5	11	0.9263	NA	0	3.1755	Viruses;Duplodnaviria;Heunggongvirae;Uroviricota;Caudoviricetes
genomad_k141_872209	9141	No terminal repeats	NA	15	11	0.9262	NA	0	3.9628	Viruses;Duplodnaviria;Heunggongvirae;Uroviricota;Caudoviricetes;Vertoviridae
genomad_k141_867321	4307	No terminal repeats	NA	6	11	0.9262	NA	1	5.1534	Viruses;Duplodnaviria;Heunggongvirae;Uroviricota;Caudoviricetes
genomad_k141_3133014	6822	No terminal repeats	NA	14	11	0.9262	NA	3	8.5914	Viruses;Duplodnaviria;Heunggongvirae;Uroviricota;Caudoviricetes
genomad_k141_1168844	5058	No terminal repeats	NA	13	11	0.9261	NA	0	10.3984	Viruses;Duplodnaviria;Heunggongvirae;Uroviricota;Caudoviricetes
genomad_k141_1904038	3799	No terminal repeats	NA	12	11	0.9261	NA	0	6.6331	Viruses;Duplodnaviria;Heunggongvirae;Uroviricota;Caudoviricetes
genomad_k141_3599352	6505	No terminal repeats	NA	11	11	0.9260	NA	1	2.6100	Viruses;Duplodnaviria;Heunggongvirae;Uroviricota;Caudoviricetes
genomad_k141_2420427	3565	No terminal repeats	NA	7	11	0.9257	NA	1	1.1892	Viruses;Duplodnaviria;Heunggongvirae;Uroviricota;Caudoviricetes
genomad_k141_3077749	4188	No terminal repeats	NA	7	11	0.9254	NA	0	6.1659	Viruses;Duplodnaviria;Heunggongvirae;Uroviricota;Caudoviricetes
genomad_k141_1307599	4661	No terminal repeats	NA	6	11	0.9253	NA	0	1.6886	Unclassified
genomad_k141_3694749	6091	No terminal repeats	NA	11	11	0.9252	NA	0	1.1098	Viruses;Duplodnaviria;Heunggongvirae;Uroviricota;Caudoviricetes
genomad_k141_2804667	8766	No terminal repeats	NA	12	11	0.9251	NA	8	10.2206	Viruses;Duplodnaviria;Heunggongvirae;Uroviricota;Caudoviricetes
genomad_k141_2750759	3743	No terminal repeats	NA	5	11	0.9250	NA	0	3.4344	Viruses;Duplodnaviria;Heunggongvirae;Uroviricota;Caudoviricetes
genomad_k141_2477480	4883	No terminal repeats	NA	5	11	0.9247	NA	0	8.1395	Viruses;Duplodnaviria;Heunggongvirae;Uroviricota;Caudoviricetes
genomad_k141_911638	4734	No terminal repeats	NA	7	11	0.9245	NA	0	4.9112	Unclassified
genomad_k141_3285251	7667	No terminal repeats	NA	13	11	0.9244	NA	0	5.9551	Viruses;Duplodnaviria;Heunggongvirae;Uroviricota;Caudoviricetes
genomad_k141_908316	4685	No terminal repeats	NA	11	11	0.9243	NA	1	10.4975	Viruses;Duplodnaviria;Heunggongvirae;Uroviricota;Caudoviricetes
genomad_k141_3660739	5634	No terminal repeats	NA	14	11	0.9241	NA	0	13.2665	Viruses;Duplodnaviria;Heunggongvirae;Uroviricota;Caudoviricetes
genomad_k141_2799861	4558	No terminal repeats	NA	8	11	0.9241	NA	0	3.3539	Viruses;Duplodnaviria;Heunggongvirae;Uroviricota;Caudoviricetes
genomad_k141_3460111	5003	No terminal repeats	NA	9	11	0.9238	NA	0	4.1450	Viruses;Duplodnaviria;Heunggongvirae;Uroviricota;Caudoviricetes
genomad_k141_1443476	3845	No terminal repeats	NA	10	11	0.9237	NA	1	7.9216	Viruses;Duplodnaviria;Heunggongvirae;Uroviricota;Caudoviricetes
genomad_k141_495330	5137	No terminal repeats	NA	9	11	0.9236	NA	1	3.6370	Viruses;Duplodnaviria;Heunggongvirae;Uroviricota;Caudoviricetes
genomad_k141_243190	4918	No terminal repeats	NA	13	11	0.9235	NA	1	8.3812	Viruses;Duplodnaviria;Heunggongvirae;Uroviricota;Caudoviricetes
genomad_k141_2597103	4266	No terminal repeats	NA	8	11	0.9233	NA	0	5.0103	Viruses;Duplodnaviria;Heunggongvirae;Uroviricota;Caudoviricetes
genomad_k141_1246775	3791	No terminal repeats	NA	5	11	0.9232	NA	1	4.2929	Viruses;Duplodnaviria;Heunggongvirae;Uroviricota;Caudoviricetes
genomad_k141_1257095	4554	No terminal repeats	NA	6	11	0.9232	NA	2	2.3656	Viruses;Duplodnaviria;Heunggongvirae;Uroviricota;Caudoviricetes
genomad_k141_3412524	5518	No terminal repeats	NA	14	11	0.9231	NA	1	9.1503	Viruses;Duplodnaviria;Heunggongvirae;Uroviricota;Caudoviricetes
genomad_k141_917239	7715	No terminal repeats	NA	11	11	0.9231	NA	0	2.6428	Viruses;Duplodnaviria;Heunggongvirae;Uroviricota;Caudoviricetes
genomad_k141_788700	7573	No terminal repeats	NA	10	11	0.9230	NA	2	8.0824	Viruses;Duplodnaviria;Heunggongvirae;Uroviricota;Caudoviricetes
genomad_k141_11817	7571	No terminal repeats	NA	6	11	0.9229	NA	0	2.9647	Viruses;Duplodnaviria;Heunggongvirae;Uroviricota;Caudoviricetes
genomad_k141_2835140|provirus_27870_97750	69881	No terminal repeats	NA	83	11	0.9229	NA	2	17.6775	Viruses;Duplodnaviria;Heunggongvirae;Uroviricota;Caudoviricetes
genomad_k141_3523739	3930	No terminal repeats	NA	6	11	0.9229	NA	2	4.9436	Viruses;Duplodnaviria;Heunggongvirae;Uroviricota;Caudoviricetes
genomad_k141_2923433	4877	No terminal repeats	NA	15	11	0.9228	NA	0	3.4153	Viruses;Duplodnaviria;Heunggongvirae;Uroviricota;Caudoviricetes
genomad_k141_151581	3755	No terminal repeats	NA	5	11	0.9228	NA	0	3.8074	Viruses;Duplodnaviria;Heunggongvirae;Uroviricota;Caudoviricetes
genomad_k141_2883840	3554	No terminal repeats	NA	6	11	0.9226	NA	0	3.4366	Viruses;Duplodnaviria;Heunggongvirae;Uroviricota;Caudoviricetes
genomad_k141_3653959	4888	No terminal repeats	NA	10	11	0.9226	NA	1	3.3456	Viruses;Duplodnaviria;Heunggongvirae;Uroviricota;Caudoviricetes
genomad_k141_1466560	4976	No terminal repeats	NA	11	11	0.9226	NA	0	1.7183	Viruses;Duplodnaviria;Heunggongvirae;Uroviricota;Caudoviricetes
genomad_k141_3541377	3752	No terminal repeats	NA	9	11	0.9226	NA	1	4.1710	Viruses;Duplodnaviria;Heunggongvirae;Uroviricota;Caudoviricetes
genomad_k141_1198192	8868	No terminal repeats	NA	22	11	0.9225	NA	0	3.5400	Viruses;Varidnaviria;Helvetiavirae;Dividoviricota;Laserviricetes;Halopanivirales;Sphaerolipoviridae
genomad_k141_2244973	5796	No terminal repeats	NA	13	11	0.9223	NA	1	4.1046	Viruses;Duplodnaviria;Heunggongvirae;Uroviricota;Caudoviricetes
genomad_k141_538274	4238	No terminal repeats	NA	10	11	0.9222	NA	1	5.8112	Viruses;Duplodnaviria;Heunggongvirae;Uroviricota;Caudoviricetes
virsorter2_k141_470198||full	873	No terminal repeats	NA	1	11	0.9218	NA	1	1.2277	Viruses;Duplodnaviria;Heunggongvirae;Uroviricota;Caudoviricetes
genomad_k141_3446937	3875	No terminal repeats	NA	7	11	0.9218	NA	0	4.5820	Viruses;Duplodnaviria;Heunggongvirae;Uroviricota;Caudoviricetes
genomad_k141_3604698	2742	No terminal repeats	NA	9	11	0.9217	NA	0	6.2269	Viruses;Duplodnaviria;Heunggongvirae;Uroviricota;Caudoviricetes
genomad_k141_366990	5276	No terminal repeats	NA	9	11	0.9217	NA	2	3.2292	Viruses;Duplodnaviria;Heunggongvirae;Uroviricota;Caudoviricetes
genomad_k141_1544123	4410	No terminal repeats	NA	8	11	0.9217	NA	0	1.7148	Viruses;Duplodnaviria;Heunggongvirae;Uroviricota;Caudoviricetes
genomad_k141_3200447	5296	No terminal repeats	NA	8	11	0.9217	NA	0	1.7178	Unclassified
genomad_k141_3325219	5097	No terminal repeats	NA	5	11	0.9215	NA	3	8.5914	Viruses;Varidnaviria;Bamfordvirae;Nucleocytoviricota;Megaviricetes
genomad_k141_2915456	4746	No terminal repeats	NA	6	11	0.9210	NA	1	1.3358	Viruses;Duplodnaviria;Heunggongvirae;Uroviricota;Caudoviricetes
genomad_k141_1266360	4636	No terminal repeats	NA	10	11	0.9210	NA	0	4.2631	Viruses;Duplodnaviria;Heunggongvirae;Uroviricota;Caudoviricetes
genomad_k141_1461048	9295	No terminal repeats	NA	12	11	0.9209	NA	5	8.0578	Viruses;Duplodnaviria;Heunggongvirae;Uroviricota;Caudoviricetes
genomad_k141_3391470	4220	No terminal repeats	NA	11	11	0.9209	NA	0	1.7119	Viruses;Duplodnaviria;Heunggongvirae;Uroviricota;Caudoviricetes
genomad_k141_1668556	9145	No terminal repeats	NA	11	11	0.9209	NA	1	2.9664	Viruses;Duplodnaviria;Heunggongvirae;Uroviricota;Caudoviricetes
genomad_k141_48046	7516	No terminal repeats	NA	9	11	0.9208	NA	0	5.7323	Viruses;Varidnaviria;Bamfordvirae;Nucleocytoviricota;Megaviricetes;Pimascovirales;Iridoviridae
genomad_k141_2634161	8407	No terminal repeats	NA	10	11	0.9207	NA	0	7.5078	Viruses;Duplodnaviria;Heunggongvirae;Uroviricota;Caudoviricetes
genomad_k141_2863778	3670	No terminal repeats	NA	10	11	0.9204	NA	0	5.1548	Viruses;Duplodnaviria;Heunggongvirae;Uroviricota;Caudoviricetes
genomad_k141_3121619	5298	No terminal repeats	NA	6	11	0.9203	NA	0	6.8645	Viruses;Duplodnaviria;Heunggongvirae;Uroviricota;Caudoviricetes
genomad_k141_1490177	4393	No terminal repeats	NA	8	11	0.9203	NA	2	3.7040	Viruses;Duplodnaviria;Heunggongvirae;Uroviricota;Caudoviricetes
genomad_k141_2583078	6341	No terminal repeats	NA	10	11	0.9203	NA	1	7.8755	Viruses;Duplodnaviria;Heunggongvirae;Uroviricota;Caudoviricetes
genomad_k141_3592342	4429	No terminal repeats	NA	6	11	0.9201	NA	0	2.6497	Viruses;Duplodnaviria;Heunggongvirae;Uroviricota;Caudoviricetes
genomad_k141_850033	4352	No terminal repeats	NA	5	11	0.9198	NA	0	8.2585	Viruses;Duplodnaviria;Heunggongvirae;Uroviricota;Caudoviricetes
genomad_k141_889040	9600	No terminal repeats	NA	10	11	0.9198	NA	0	1.2971	Viruses;Duplodnaviria;Heunggongvirae;Uroviricota;Caudoviricetes
genomad_k141_545567	4095	No terminal repeats	NA	4	11	0.9196	NA	0	2.9101	Viruses;Duplodnaviria;Heunggongvirae;Uroviricota;Caudoviricetes
genomad_k141_2148120	3934	No terminal repeats	NA	6	11	0.9194	NA	0	1.7183	Viruses;Duplodnaviria;Heunggongvirae;Uroviricota;Caudoviricetes;Vertoviridae
genomad_k141_2217743	6723	No terminal repeats	NA	15	11	0.9194	NA	1	11.5001	Viruses;Duplodnaviria;Heunggongvirae;Uroviricota;Caudoviricetes
genomad_k141_3791547	5514	ITR	NA	8	11	0.9194	NA	7	11.6467	Viruses;Duplodnaviria;Heunggongvirae;Uroviricota;Caudoviricetes
genomad_k141_1577045	3508	No terminal repeats	NA	8	11	0.9194	NA	0	6.4226	Viruses;Duplodnaviria;Heunggongvirae;Uroviricota;Caudoviricetes
genomad_k141_304518	2872	No terminal repeats	NA	4	11	0.9194	NA	0	6.4858	Viruses;Duplodnaviria;Heunggongvirae;Uroviricota;Caudoviricetes
genomad_k141_2107765	3789	No terminal repeats	NA	8	11	0.9193	NA	0	3.9673	Viruses;Duplodnaviria;Heunggongvirae;Uroviricota;Caudoviricetes
genomad_k141_1368171	7140	No terminal repeats	NA	11	11	0.9193	NA	0	9.1777	Viruses;Duplodnaviria;Heunggongvirae;Uroviricota;Caudoviricetes
genomad_k141_3573505	5383	No terminal repeats	NA	13	11	0.9192	NA	1	9.4909	Viruses;Duplodnaviria;Heunggongvirae;Uroviricota;Caudoviricetes
genomad_k141_2680388	5860	No terminal repeats	NA	5	11	0.9189	NA	2	3.0266	Viruses;Duplodnaviria;Heunggongvirae;Uroviricota;Caudoviricetes
genomad_k141_3118282	8281	No terminal repeats	NA	12	11	0.9189	NA	0	10.1957	Viruses;Duplodnaviria;Heunggongvirae;Uroviricota;Caudoviricetes
genomad_k141_2349688	3834	No terminal repeats	NA	7	11	0.9187	NA	1	3.4366	Viruses;Duplodnaviria;Heunggongvirae;Uroviricota;Caudoviricetes
genomad_k141_3092646	5614	No terminal repeats	NA	5	11	0.9185	NA	1	4.0559	Viruses;Duplodnaviria;Heunggongvirae;Uroviricota;Caudoviricetes
genomad_k141_692537	4702	No terminal repeats	NA	8	11	0.9184	NA	0	1.2245	Unclassified
genomad_k141_3322219	4139	No terminal repeats	NA	11	11	0.9183	NA	1	4.7691	Viruses;Duplodnaviria;Heunggongvirae;Uroviricota;Caudoviricetes
genomad_k141_1713840	5483	No terminal repeats	NA	21	11	0.9182	NA	0	2.0660	Viruses;Duplodnaviria;Heunggongvirae;Uroviricota;Caudoviricetes
genomad_k141_415341	4678	No terminal repeats	NA	9	11	0.9179	NA	0	2.9341	Viruses;Duplodnaviria;Heunggongvirae;Uroviricota;Caudoviricetes
genomad_k141_2207367	3588	No terminal repeats	NA	5	11	0.9179	NA	1	2.6588	Viruses;Duplodnaviria;Heunggongvirae;Uroviricota;Caudoviricetes
genomad_k141_2702508	7080	No terminal repeats	NA	6	11	0.9178	NA	2	9.7919	Viruses;Duplodnaviria;Heunggongvirae;Uroviricota;Caudoviricetes
genomad_k141_355598	8097	No terminal repeats	NA	10	11	0.9177	NA	0	4.6172	Viruses;Varidnaviria;Bamfordvirae;Nucleocytoviricota;Megaviricetes;Pimascovirales;Iridoviridae
genomad_k141_1166600	7735	No terminal repeats	NA	20	11	0.9176	NA	0	1.3529	Viruses;Duplodnaviria;Heunggongvirae;Uroviricota;Caudoviricetes
genomad_k141_602072	5270	No terminal repeats	NA	6	11	0.9175	NA	0	1.7183	Viruses;Duplodnaviria;Heunggongvirae;Uroviricota;Caudoviricetes;Thumleimavirales;Hafunaviridae
genomad_k141_1413935	5203	No terminal repeats	NA	7	11	0.9175	NA	1	2.8299	Viruses;Duplodnaviria;Heunggongvirae;Uroviricota;Caudoviricetes
genomad_k141_447953	7766	No terminal repeats	NA	12	11	0.9173	NA	0	3.9511	Viruses;Duplodnaviria;Heunggongvirae;Uroviricota;Caudoviricetes
genomad_k141_3531571	5122	No terminal repeats	NA	9	11	0.9171	NA	1	1.2105	Viruses;Duplodnaviria;Heunggongvirae;Uroviricota;Caudoviricetes
virsorter2_k141_1299866||full	5072	No terminal repeats	NA	8	11	0.9169	NA	0	1.7183	Unclassified
genomad_k141_2028229	3596	No terminal repeats	NA	7	11	0.9165	NA	0	3.4239	Viruses;Duplodnaviria;Heunggongvirae;Uroviricota;Caudoviricetes
genomad_k141_20534	4625	No terminal repeats	NA	9	11	0.9165	NA	0	13.0899	Viruses;Duplodnaviria;Heunggongvirae;Uroviricota;Caudoviricetes
genomad_k141_786993	8579	No terminal repeats	NA	16	11	0.9165	NA	1	9.3027	Viruses;Duplodnaviria;Heunggongvirae;Uroviricota;Caudoviricetes
genomad_k141_3694404	3776	No terminal repeats	NA	5	11	0.9164	NA	1	5.1452	Viruses;Duplodnaviria;Heunggongvirae;Uroviricota;Caudoviricetes
genomad_k141_618868	4242	No terminal repeats	NA	6	11	0.9162	NA	0	1.4740	Viruses;Duplodnaviria;Heunggongvirae;Uroviricota;Caudoviricetes
genomad_k141_3365847	3769	No terminal repeats	NA	5	11	0.9162	NA	0	8.2910	Viruses;Duplodnaviria;Heunggongvirae;Uroviricota;Caudoviricetes
genomad_k141_894448	9234	No terminal repeats	NA	12	11	0.9161	NA	0	3.7373	Viruses;Duplodnaviria;Heunggongvirae;Uroviricota;Caudoviricetes
genomad_k141_122709	6651	No terminal repeats	NA	9	11	0.9158	NA	1	2.6752	Viruses;Duplodnaviria;Heunggongvirae;Uroviricota;Caudoviricetes
genomad_k141_3139501	5780	No terminal repeats	NA	12	11	0.9158	NA	0	2.7805	Viruses;Duplodnaviria;Heunggongvirae;Uroviricota;Caudoviricetes
genomad_k141_3098124	6263	No terminal repeats	NA	6	11	0.9156	NA	1	8.1357	Viruses;Duplodnaviria;Heunggongvirae;Uroviricota;Caudoviricetes
genomad_k141_465333	4100	No terminal repeats	NA	5	11	0.9155	NA	0	8.2823	Viruses;Duplodnaviria;Heunggongvirae;Uroviricota;Caudoviricetes
genomad_k141_1400470	3925	No terminal repeats	NA	8	11	0.9153	NA	0	4.0172	Viruses;Duplodnaviria;Heunggongvirae;Uroviricota;Caudoviricetes
genomad_k141_2144621	3928	No terminal repeats	NA	5	11	0.9148	NA	0	3.7256	Viruses;Duplodnaviria;Heunggongvirae;Uroviricota;Caudoviricetes
genomad_k141_3476486	5293	No terminal repeats	NA	4	11	0.9147	NA	0	1.7183	Viruses;Duplodnaviria;Heunggongvirae;Uroviricota;Caudoviricetes
genomad_k141_3189884	4577	No terminal repeats	NA	9	11	0.9146	NA	0	1.4305	Viruses;Duplodnaviria;Heunggongvirae;Uroviricota;Caudoviricetes
genomad_k141_2088500	6845	No terminal repeats	NA	10	11	0.9145	NA	1	12.0280	Viruses;Duplodnaviria;Heunggongvirae;Uroviricota;Caudoviricetes
genomad_k141_3490865	3503	No terminal repeats	NA	7	11	0.9144	NA	3	6.8519	Viruses;Duplodnaviria;Heunggongvirae;Uroviricota;Caudoviricetes
genomad_k141_1443832	3726	No terminal repeats	NA	10	11	0.9144	NA	1	6.8053	Viruses;Duplodnaviria;Heunggongvirae;Uroviricota;Caudoviricetes
genomad_k141_1852659	6719	No terminal repeats	NA	9	11	0.9144	NA	2	11.3936	Viruses;Duplodnaviria;Heunggongvirae;Uroviricota;Caudoviricetes
genomad_k141_3113329	4874	No terminal repeats	NA	7	11	0.9138	NA	0	1.1386	Viruses;Varidnaviria;Bamfordvirae;Nucleocytoviricota;Megaviricetes;Algavirales;Phycodnaviridae
genomad_k141_590249	3559	No terminal repeats	NA	8	11	0.9138	NA	0	1.7183	Viruses;Duplodnaviria;Heunggongvirae;Uroviricota;Caudoviricetes
genomad_k141_2507874	3874	No terminal repeats	NA	6	11	0.9138	NA	0	4.6211	Viruses;Duplodnaviria;Heunggongvirae;Uroviricota;Caudoviricetes
genomad_k141_2231017	6875	No terminal repeats	NA	12	11	0.9135	NA	0	3.0395	Viruses;Duplodnaviria;Heunggongvirae;Uroviricota;Caudoviricetes
genomad_k141_1288024	5265	No terminal repeats	NA	11	11	0.9133	NA	0	1.7183	Viruses;Varidnaviria;Bamfordvirae;Preplasmiviricota;Maveriviricetes;Priklausovirales;Lavidaviridae
genomad_k141_532726	4699	No terminal repeats	NA	13	11	0.9132	NA	0	6.5417	Viruses;Duplodnaviria;Heunggongvirae;Uroviricota;Caudoviricetes
genomad_k141_3356581	3923	No terminal repeats	NA	6	11	0.9132	NA	0	4.0309	Viruses;Duplodnaviria;Heunggongvirae;Uroviricota;Caudoviricetes
genomad_k141_3397284	6610	No terminal repeats	NA	7	11	0.9128	NA	0	3.4366	Viruses;Duplodnaviria;Heunggongvirae;Uroviricota;Caudoviricetes
genomad_k141_955277	5480	No terminal repeats	NA	8	11	0.9128	NA	0	4.9937	Viruses;Duplodnaviria;Heunggongvirae;Uroviricota;Caudoviricetes
genomad_k141_602811	9748	No terminal repeats	NA	11	11	0.9127	NA	1	7.2794	Viruses;Duplodnaviria;Heunggongvirae;Uroviricota;Caudoviricetes
genomad_k141_1450771	4354	No terminal repeats	NA	7	11	0.9126	NA	2	5.6695	Viruses;Duplodnaviria;Heunggongvirae;Uroviricota;Caudoviricetes
genomad_k141_1030542	9548	No terminal repeats	NA	13	11	0.9126	NA	0	3.1060	Viruses;Duplodnaviria;Heunggongvirae;Uroviricota;Caudoviricetes
genomad_k141_535683	2532	No terminal repeats	NA	4	11	0.9124	NA	1	1.0576	Viruses;Duplodnaviria;Heunggongvirae;Uroviricota;Caudoviricetes
genomad_k141_555239	4921	No terminal repeats	NA	4	11	0.9124	NA	1	3.7542	Viruses;Duplodnaviria;Heunggongvirae;Uroviricota;Caudoviricetes
genomad_k141_1677474	3712	No terminal repeats	NA	7	11	0.9124	NA	0	6.1868	Viruses;Duplodnaviria;Heunggongvirae;Uroviricota;Caudoviricetes
genomad_k141_2345743	3507	No terminal repeats	NA	4	11	0.9124	NA	0	1.3897	Viruses;Duplodnaviria;Heunggongvirae;Uroviricota;Caudoviricetes
genomad_k141_2631382	4673	No terminal repeats	NA	5	11	0.9123	NA	0	4.1489	Viruses;Duplodnaviria;Heunggongvirae;Uroviricota;Caudoviricetes
genomad_k141_383577	7435	No terminal repeats	NA	5	11	0.9119	NA	0	1.5060	Viruses;Duplodnaviria;Heunggongvirae;Uroviricota;Caudoviricetes
genomad_k141_103898	4691	No terminal repeats	NA	12	11	0.9119	NA	0	2.9498	Viruses;Duplodnaviria;Heunggongvirae;Uroviricota;Caudoviricetes
genomad_k141_1858513	6572	No terminal repeats	NA	7	11	0.9119	NA	0	0.9707	Viruses;Duplodnaviria;Heunggongvirae;Uroviricota;Caudoviricetes;Ackermannviridae
genomad_k141_2897961	4527	No terminal repeats	NA	8	11	0.9117	NA	0	0.9949	Viruses;Duplodnaviria;Heunggongvirae;Uroviricota;Caudoviricetes
genomad_k141_2098802	7002	No terminal repeats	NA	8	11	0.9116	NA	2	6.6410	Viruses;Duplodnaviria;Heunggongvirae;Uroviricota;Caudoviricetes
genomad_k141_2981985	4199	No terminal repeats	NA	10	11	0.9114	NA	0	3.0700	Viruses;Duplodnaviria;Heunggongvirae;Uroviricota;Caudoviricetes
genomad_k141_3463597	3624	No terminal repeats	NA	5	11	0.9113	NA	0	5.0025	Viruses;Duplodnaviria;Heunggongvirae;Uroviricota;Caudoviricetes
genomad_k141_836599	5919	No terminal repeats	NA	9	11	0.9112	NA	0	3.6468	Viruses;Duplodnaviria;Heunggongvirae;Uroviricota;Caudoviricetes
genomad_k141_3694140	5136	No terminal repeats	NA	10	4	0.9112	NA	1	5.1548	Viruses;Varidnaviria;Bamfordvirae;Nucleocytoviricota;Megaviricetes;Algavirales;Phycodnaviridae
genomad_k141_1029900	3716	No terminal repeats	NA	8	11	0.9111	NA	0	1.7061	Viruses;Duplodnaviria;Heunggongvirae;Uroviricota;Caudoviricetes
genomad_k141_1590042	5074	No terminal repeats	NA	5	11	0.9107	NA	1	5.6369	Viruses;Duplodnaviria;Heunggongvirae;Uroviricota;Caudoviricetes
genomad_k141_852919	4012	No terminal repeats	NA	5	11	0.9106	NA	2	6.7671	Viruses;Duplodnaviria;Heunggongvirae;Uroviricota;Caudoviricetes
genomad_k141_3472873	5753	No terminal repeats	NA	9	11	0.9104	NA	0	1.6646	Viruses;Duplodnaviria;Heunggongvirae;Uroviricota;Caudoviricetes
genomad_k141_736616	5605	No terminal repeats	NA	11	11	0.9103	NA	0	3.9979	Viruses;Duplodnaviria;Heunggongvirae;Uroviricota;Caudoviricetes
genomad_k141_1078815	4006	No terminal repeats	NA	8	11	0.9103	NA	0	5.9792	Viruses;Duplodnaviria;Heunggongvirae;Uroviricota;Caudoviricetes
genomad_k141_1712274	4149	No terminal repeats	NA	8	11	0.9102	NA	1	4.4990	Viruses;Duplodnaviria;Heunggongvirae;Uroviricota;Caudoviricetes
genomad_k141_64436	6664	No terminal repeats	NA	5	11	0.9098	NA	1	4.9727	Viruses;Duplodnaviria;Heunggongvirae;Uroviricota;Caudoviricetes
genomad_k141_1570891	6684	No terminal repeats	NA	11	11	0.9098	NA	0	0.6885	Unclassified
genomad_k141_2677810	4219	No terminal repeats	NA	6	11	0.9098	NA	1	6.4851	Viruses;Duplodnaviria;Heunggongvirae;Uroviricota;Caudoviricetes
genomad_k141_3125745	4314	No terminal repeats	NA	8	11	0.9098	NA	1	2.9565	Viruses;Duplodnaviria;Heunggongvirae;Uroviricota;Caudoviricetes
genomad_k141_1503236	5480	No terminal repeats	NA	9	11	0.9097	NA	0	2.7126	Viruses;Duplodnaviria;Heunggongvirae;Uroviricota;Caudoviricetes
genomad_k141_1727705	4028	No terminal repeats	NA	7	11	0.9094	NA	0	4.6625	Viruses;Duplodnaviria;Heunggongvirae;Uroviricota;Caudoviricetes
genomad_k141_3635308	4845	No terminal repeats	NA	10	11	0.9094	NA	0	0.0000	Unclassified
genomad_k141_1950456	5459	No terminal repeats	NA	9	11	0.9093	NA	0	11.5079	Viruses;Duplodnaviria;Heunggongvirae;Uroviricota;Caudoviricetes
genomad_k141_785180	5384	No terminal repeats	NA	8	11	0.9092	NA	0	6.8541	Unclassified
genomad_k141_3024412	3796	No terminal repeats	NA	11	11	0.9091	NA	0	6.4320	Viruses;Duplodnaviria;Heunggongvirae;Uroviricota;Caudoviricetes
genomad_k141_721799	3619	No terminal repeats	NA	6	11	0.9090	NA	0	1.2974	Viruses;Duplodnaviria;Heunggongvirae;Uroviricota;Caudoviricetes
genomad_k141_3408583	6547	No terminal repeats	NA	14	11	0.9089	NA	1	3.5079	Viruses;Duplodnaviria;Heunggongvirae;Uroviricota;Caudoviricetes
genomad_k141_296248	9839	No terminal repeats	NA	17	11	0.9089	NA	1	18.8721	Viruses;Varidnaviria;Bamfordvirae;Nucleocytoviricota;Megaviricetes;Algavirales;Phycodnaviridae
genomad_k141_1843921	7722	No terminal repeats	NA	13	11	0.9088	NA	0	3.9669	Viruses;Varidnaviria;Bamfordvirae;Preplasmiviricota;Tectiliviricetes;Kalamavirales;Tectiviridae
genomad_k141_1119960	4672	No terminal repeats	NA	10	11	0.9088	NA	0	4.4995	Viruses;Duplodnaviria;Heunggongvirae;Uroviricota;Caudoviricetes
genomad_k141_1273684	4313	No terminal repeats	NA	11	11	0.9088	NA	0	14.8783	Viruses;Duplodnaviria;Heunggongvirae;Uroviricota;Caudoviricetes
genomad_k141_195661	5304	No terminal repeats	NA	9	11	0.9086	NA	1	5.1548	Viruses;Duplodnaviria;Heunggongvirae;Uroviricota;Caudoviricetes
genomad_k141_2100235	4036	No terminal repeats	NA	8	11	0.9086	NA	0	3.1912	Viruses;Duplodnaviria;Heunggongvirae;Uroviricota;Caudoviricetes
genomad_k141_1674509	3913	No terminal repeats	NA	5	11	0.9082	NA	0	3.2858	Viruses;Duplodnaviria;Heunggongvirae;Uroviricota;Caudoviricetes
genomad_k141_1555339	6729	No terminal repeats	NA	15	11	0.9081	NA	1	9.9721	Viruses;Duplodnaviria;Heunggongvirae;Uroviricota;Caudoviricetes
genomad_k141_268993	3820	No terminal repeats	NA	5	11	0.9081	NA	1	1.9250	Unclassified
genomad_k141_973906	4106	No terminal repeats	NA	10	11	0.9079	NA	0	3.4366	Viruses;Duplodnaviria;Heunggongvirae;Uroviricota;Caudoviricetes
genomad_k141_3701420	4167	No terminal repeats	NA	7	11	0.9079	NA	0	2.6017	Viruses;Duplodnaviria;Heunggongvirae;Uroviricota;Caudoviricetes
genomad_k141_1747694	7182	No terminal repeats	NA	8	11	0.9078	NA	1	3.4143	Viruses;Duplodnaviria;Heunggongvirae;Uroviricota;Caudoviricetes
genomad_k141_662216	5411	No terminal repeats	NA	7	11	0.9077	NA	0	3.3292	Viruses;Duplodnaviria;Heunggongvirae;Uroviricota;Caudoviricetes
genomad_k141_3251610	5517	No terminal repeats	NA	6	11	0.9075	NA	0	2.1478	Viruses;Duplodnaviria;Heunggongvirae;Uroviricota;Caudoviricetes
virsorter2_k141_1404113||full|provirus_25557_82180	56624	Provirus	25557-82180	62	11	0.9070	NA	0	18.2519	Viruses;Duplodnaviria;Heunggongvirae;Uroviricota;Caudoviricetes
genomad_k141_2640620	4749	No terminal repeats	NA	7	11	0.9069	NA	1	2.4569	Viruses;Duplodnaviria;Heunggongvirae;Uroviricota;Caudoviricetes
genomad_k141_1444021	8845	No terminal repeats	NA	11	11	0.9069	NA	2	8.5510	Viruses;Duplodnaviria;Heunggongvirae;Uroviricota;Caudoviricetes
genomad_k141_189156	4382	No terminal repeats	NA	5	11	0.9066	NA	2	2.8170	Viruses;Duplodnaviria;Heunggongvirae;Uroviricota;Caudoviricetes
genomad_k141_450623	3517	No terminal repeats	NA	5	11	0.9065	NA	0	6.8731	Viruses;Duplodnaviria;Heunggongvirae;Uroviricota;Caudoviricetes
genomad_k141_3405851	8768	No terminal repeats	NA	6	11	0.9064	NA	1	4.9474	Viruses;Varidnaviria;Bamfordvirae;Nucleocytoviricota;Megaviricetes;Pimascovirales;Iridoviridae
genomad_k141_2757262	5200	No terminal repeats	NA	8	11	0.9062	NA	1	11.7210	Viruses;Duplodnaviria;Heunggongvirae;Uroviricota;Caudoviricetes
genomad_k141_1159279	3145	No terminal repeats	NA	3	11	0.9060	NA	0	3.4366	Viruses;Duplodnaviria;Heunggongvirae;Uroviricota;Caudoviricetes
genomad_k141_1432132	8594	No terminal repeats	NA	10	11	0.9060	NA	0	10.0344	Viruses;Varidnaviria;Bamfordvirae;Nucleocytoviricota;Megaviricetes;Algavirales;Phycodnaviridae
genomad_k141_1366065	4741	No terminal repeats	NA	5	11	0.9059	NA	1	6.8731	Viruses;Duplodnaviria;Heunggongvirae;Uroviricota;Caudoviricetes
genomad_k141_1007855	9926	No terminal repeats	NA	9	11	0.9057	NA	1	10.3097	Viruses;Duplodnaviria;Heunggongvirae;Uroviricota;Caudoviricetes
genomad_k141_1589763	7007	No terminal repeats	NA	6	11	0.9055	NA	1	2.2273	Viruses;Duplodnaviria;Heunggongvirae;Uroviricota;Caudoviricetes
genomad_k141_3411178	3713	No terminal repeats	NA	6	11	0.9054	NA	0	2.9024	Viruses;Varidnaviria;Bamfordvirae;Nucleocytoviricota;Megaviricetes;Algavirales;Phycodnaviridae
genomad_k141_1469083	3906	No terminal repeats	NA	5	11	0.9053	NA	2	3.1894	Viruses;Duplodnaviria;Heunggongvirae;Uroviricota;Caudoviricetes
genomad_k141_1488211	3699	No terminal repeats	NA	7	11	0.9053	NA	0	5.1548	Viruses;Duplodnaviria;Heunggongvirae;Uroviricota;Caudoviricetes
genomad_k141_1987062	6792	No terminal repeats	NA	10	11	0.9052	NA	1	7.9383	Viruses;Duplodnaviria;Heunggongvirae;Uroviricota;Caudoviricetes;Schitoviridae
genomad_k141_3000286	5871	No terminal repeats	NA	13	11	0.9052	NA	1	3.2180	Viruses;Duplodnaviria;Heunggongvirae;Uroviricota;Caudoviricetes
genomad_k141_1143118	5343	No terminal repeats	NA	7	11	0.9050	NA	1	3.2730	Viruses;Duplodnaviria;Heunggongvirae;Uroviricota;Caudoviricetes
genomad_k141_2449194	3563	No terminal repeats	NA	5	11	0.9049	NA	1	2.7909	Viruses;Duplodnaviria;Heunggongvirae;Uroviricota;Caudoviricetes
genomad_k141_1218374	6992	No terminal repeats	NA	11	11	0.9048	NA	0	3.1413	Viruses;Duplodnaviria;Heunggongvirae;Uroviricota;Caudoviricetes
genomad_k141_494852	3633	No terminal repeats	NA	5	11	0.9047	NA	0	4.3298	Viruses;Duplodnaviria;Heunggongvirae;Uroviricota;Caudoviricetes;Thumleimavirales;Hafunaviridae
genomad_k141_2048559	3802	No terminal repeats	NA	5	11	0.9047	NA	1	1.7183	Viruses;Varidnaviria;Bamfordvirae;Nucleocytoviricota;Megaviricetes;Algavirales;Phycodnaviridae
genomad_k141_1551000	4467	No terminal repeats	NA	11	11	0.9042	NA	1	4.1773	Viruses;Duplodnaviria;Heunggongvirae;Uroviricota;Caudoviricetes
genomad_k141_3587499	9838	No terminal repeats	NA	12	11	0.9042	NA	0	4.0038	Viruses;Duplodnaviria;Heunggongvirae;Uroviricota;Caudoviricetes
genomad_k141_62625	4170	No terminal repeats	NA	8	11	0.9042	NA	0	6.1874	Viruses;Duplodnaviria;Heunggongvirae;Uroviricota;Caudoviricetes
genomad_k141_215818	8772	No terminal repeats	NA	19	11	0.9042	NA	1	19.4513	Viruses;Duplodnaviria;Heunggongvirae;Uroviricota;Caudoviricetes
genomad_k141_728352	3662	No terminal repeats	NA	7	11	0.9037	NA	0	2.9003	Viruses;Duplodnaviria;Heunggongvirae;Uroviricota;Caudoviricetes
genomad_k141_2177888	7151	No terminal repeats	NA	9	11	0.9036	NA	0	1.7183	Viruses;Duplodnaviria;Heunggongvirae;Uroviricota;Caudoviricetes;Kyanoviridae
genomad_k141_2464451	4266	No terminal repeats	NA	8	11	0.9034	NA	0	3.4792	Viruses;Duplodnaviria;Heunggongvirae;Uroviricota;Caudoviricetes
genomad_k141_600308	5897	No terminal repeats	NA	12	11	0.9034	NA	0	2.4371	Viruses;Duplodnaviria;Heunggongvirae;Uroviricota;Caudoviricetes
genomad_k141_2308578	8362	No terminal repeats	NA	6	11	0.9032	NA	0	3.4155	Viruses;Duplodnaviria;Heunggongvirae;Uroviricota;Caudoviricetes
genomad_k141_753909	4098	No terminal repeats	NA	11	11	0.9031	NA	0	1.7122	Viruses;Duplodnaviria;Heunggongvirae;Uroviricota;Caudoviricetes
genomad_k141_3737865	4187	No terminal repeats	NA	9	11	0.9028	NA	0	3.4177	Viruses;Duplodnaviria;Heunggongvirae;Uroviricota;Caudoviricetes
genomad_k141_2580435	4003	No terminal repeats	NA	8	11	0.9026	NA	0	3.2779	Viruses;Duplodnaviria;Heunggongvirae;Uroviricota;Caudoviricetes
genomad_k141_1669234	4091	No terminal repeats	NA	8	11	0.9025	NA	2	6.8145	Viruses;Duplodnaviria;Heunggongvirae;Uroviricota;Caudoviricetes
genomad_k141_2208187	7100	No terminal repeats	NA	19	11	0.9024	NA	2	8.6907	Viruses;Duplodnaviria;Heunggongvirae;Uroviricota;Caudoviricetes
genomad_k141_3558331	4880	No terminal repeats	NA	11	11	0.9023	NA	1	1.2396	Viruses;Duplodnaviria;Heunggongvirae;Uroviricota;Caudoviricetes
genomad_k141_2127517	8334	No terminal repeats	NA	24	11	0.9021	NA	0	9.2396	Viruses;Duplodnaviria;Heunggongvirae;Uroviricota;Caudoviricetes
genomad_k141_1323026	5939	No terminal repeats	NA	7	11	0.9021	NA	2	4.7822	Viruses;Duplodnaviria;Heunggongvirae;Uroviricota;Caudoviricetes
genomad_k141_1700095	6398	No terminal repeats	NA	8	11	0.9016	NA	0	1.7183	Unclassified
genomad_k141_1086611	6904	No terminal repeats	NA	14	11	0.9015	NA	1	3.0984	Viruses;Duplodnaviria;Heunggongvirae;Uroviricota;Caudoviricetes
genomad_k141_1299022	4461	No terminal repeats	NA	8	11	0.9013	NA	2	4.8900	Viruses;Duplodnaviria;Heunggongvirae;Uroviricota;Caudoviricetes
virsorter2_k141_2555103||full	4054	No terminal repeats	NA	6	11	0.9010	NA	1	3.4125	Viruses;Duplodnaviria;Heunggongvirae;Uroviricota;Caudoviricetes
genomad_k141_2985834	5329	No terminal repeats	NA	7	11	0.9009	NA	0	1.7178	Viruses;Varidnaviria;Bamfordvirae;Nucleocytoviricota;Megaviricetes;Algavirales;Phycodnaviridae
genomad_k141_3636509	3893	No terminal repeats	NA	7	11	0.9006	NA	0	1.2974	Viruses;Duplodnaviria;Heunggongvirae;Uroviricota;Caudoviricetes
genomad_k141_1678052	9258	No terminal repeats	NA	18	11	0.9002	NA	2	3.8467	Viruses;Duplodnaviria;Heunggongvirae;Uroviricota;Caudoviricetes
genomad_k141_1765290	3786	No terminal repeats	NA	7	11	0.9002	NA	0	8.2378	Viruses;Duplodnaviria;Heunggongvirae;Uroviricota;Caudoviricetes
genomad_k141_1495390	7122	No terminal repeats	NA	15	11	0.9001	NA	1	6.9691	Viruses;Duplodnaviria;Heunggongvirae;Uroviricota;Caudoviricetes
genomad_k141_1921771	4971	No terminal repeats	NA	6	11	0.9001	NA	1	1.7183	Unclassified
genomad_k141_1381063	3792	No terminal repeats	NA	7	11	0.8997	NA	0	1.7183	Viruses;Duplodnaviria;Heunggongvirae;Uroviricota;Caudoviricetes
genomad_k141_3288407	3618	No terminal repeats	NA	6	11	0.8997	NA	0	1.7169	Viruses;Duplodnaviria;Heunggongvirae;Uroviricota;Caudoviricetes
genomad_k141_211810	7640	No terminal repeats	NA	12	11	0.8996	NA	1	5.6073	Viruses;Duplodnaviria;Heunggongvirae;Uroviricota;Caudoviricetes
genomad_k141_2815940	5720	No terminal repeats	NA	14	11	0.8993	NA	0	2.1821	Viruses;Duplodnaviria;Heunggongvirae;Uroviricota;Caudoviricetes
genomad_k141_3279467	5185	No terminal repeats	NA	11	11	0.8992	NA	1	6.1221	Viruses;Duplodnaviria;Heunggongvirae;Uroviricota;Caudoviricetes
genomad_k141_1404113|provirus_25559_89286	63728	No terminal repeats	NA	69	11	0.8991	NA	0	18.2519	Viruses;Duplodnaviria;Heunggongvirae;Uroviricota;Caudoviricetes
genomad_k141_1325603	4913	No terminal repeats	NA	7	11	0.8989	NA	2	4.2299	Viruses;Duplodnaviria;Heunggongvirae;Uroviricota;Caudoviricetes
genomad_k141_1070916	4871	No terminal repeats	NA	6	11	0.8989	NA	0	4.7505	Viruses;Duplodnaviria;Heunggongvirae;Uroviricota;Caudoviricetes
genomad_k141_570236	3162	No terminal repeats	NA	4	11	0.8985	NA	1	1.7183	Unclassified
genomad_k141_1284622	4924	No terminal repeats	NA	7	11	0.8981	NA	0	4.1832	Viruses;Duplodnaviria;Heunggongvirae;Uroviricota;Caudoviricetes
genomad_k141_534853	4419	No terminal repeats	NA	8	11	0.8980	NA	0	3.4366	Viruses;Duplodnaviria;Heunggongvirae;Uroviricota;Caudoviricetes
genomad_k141_93450	5267	No terminal repeats	NA	6	11	0.8980	NA	0	2.2588	Viruses;Duplodnaviria;Heunggongvirae;Uroviricota;Caudoviricetes
genomad_k141_153998	3020	No terminal repeats	NA	8	11	0.8979	NA	0	3.0954	Viruses;Duplodnaviria;Heunggongvirae;Uroviricota;Caudoviricetes
genomad_k141_1912422	3505	No terminal repeats	NA	5	11	0.8978	NA	0	1.1877	Viruses;Duplodnaviria;Heunggongvirae;Uroviricota;Caudoviricetes
genomad_k141_2203271	7555	No terminal repeats	NA	8	11	0.8978	NA	1	13.7463	Viruses;Duplodnaviria;Heunggongvirae;Uroviricota;Caudoviricetes;Kyanoviridae
genomad_k141_2298936	7681	No terminal repeats	NA	10	11	0.8977	NA	0	1.3897	Viruses;Duplodnaviria;Heunggongvirae;Uroviricota;Caudoviricetes
genomad_k141_1195215	6028	No terminal repeats	NA	6	11	0.8974	NA	0	1.1551	Viruses;Duplodnaviria;Heunggongvirae;Uroviricota;Caudoviricetes
genomad_k141_2223778	6326	No terminal repeats	NA	7	11	0.8972	NA	0	9.5579	Viruses;Duplodnaviria;Heunggongvirae;Uroviricota;Caudoviricetes
genomad_k141_3613959	3582	No terminal repeats	NA	6	11	0.8972	NA	0	1.7183	Viruses;Duplodnaviria;Heunggongvirae;Uroviricota;Caudoviricetes
genomad_k141_720325	4236	No terminal repeats	NA	10	11	0.8969	NA	2	2.8682	Viruses;Duplodnaviria;Heunggongvirae;Uroviricota;Caudoviricetes
genomad_k141_2127427	4759	No terminal repeats	NA	10	11	0.8966	NA	0	2.1716	Viruses;Duplodnaviria;Heunggongvirae;Uroviricota;Caudoviricetes
genomad_k141_2086585	3840	No terminal repeats	NA	6	11	0.8965	NA	0	6.0854	Viruses;Duplodnaviria;Heunggongvirae;Uroviricota;Caudoviricetes
genomad_k141_645187	3595	No terminal repeats	NA	5	11	0.8965	NA	1	1.4820	Viruses;Duplodnaviria;Heunggongvirae;Uroviricota;Caudoviricetes
genomad_k141_1249970	8629	No terminal repeats	NA	21	11	0.8965	NA	0	4.5757	Viruses;Duplodnaviria;Heunggongvirae;Uroviricota;Caudoviricetes
genomad_k141_3258021	7617	No terminal repeats	NA	14	11	0.8964	NA	2	4.5799	Viruses;Duplodnaviria;Heunggongvirae;Uroviricota;Caudoviricetes
genomad_k141_798237	4488	No terminal repeats	NA	7	11	0.8963	NA	0	2.1101	Viruses;Duplodnaviria;Heunggongvirae;Uroviricota;Caudoviricetes
genomad_k141_282001	3890	No terminal repeats	NA	10	11	0.8963	NA	0	3.2524	Viruses;Duplodnaviria;Heunggongvirae;Uroviricota;Caudoviricetes
genomad_k141_3515695	7101	No terminal repeats	NA	11	11	0.8961	NA	1	4.3065	Viruses;Duplodnaviria;Heunggongvirae;Uroviricota;Caudoviricetes
genomad_k141_2705138	3540	No terminal repeats	NA	5	11	0.8958	NA	3	6.4542	Viruses;Duplodnaviria;Heunggongvirae;Uroviricota;Caudoviricetes
genomad_k141_1567453	6859	No terminal repeats	NA	9	11	0.8957	NA	1	4.1865	Viruses;Duplodnaviria;Heunggongvirae;Uroviricota;Caudoviricetes
genomad_k141_126575	7100	No terminal repeats	NA	7	11	0.8952	NA	1	4.2844	Viruses;Duplodnaviria;Heunggongvirae;Uroviricota;Caudoviricetes
genomad_k141_1726301	3786	No terminal repeats	NA	5	11	0.8949	NA	0	5.0914	Viruses;Duplodnaviria;Heunggongvirae;Uroviricota;Caudoviricetes;Kyanoviridae
genomad_k141_3800320	7022	DTR	NA	7	11	0.8948	NA	1	3.1125	Viruses;Duplodnaviria;Heunggongvirae;Uroviricota;Caudoviricetes
genomad_k141_662006	3543	No terminal repeats	NA	5	11	0.8947	NA	2	2.5837	Viruses;Duplodnaviria;Heunggongvirae;Uroviricota;Caudoviricetes
genomad_k141_3550039	3759	No terminal repeats	NA	7	11	0.8946	NA	0	1.7183	Unclassified
genomad_k141_3571923	5277	No terminal repeats	NA	8	11	0.8946	NA	0	3.2913	Viruses;Duplodnaviria;Heunggongvirae;Uroviricota;Caudoviricetes
genomad_k141_3423515	9201	No terminal repeats	NA	11	11	0.8943	NA	0	7.8593	Viruses;Duplodnaviria;Heunggongvirae;Uroviricota;Caudoviricetes
genomad_k141_2135866	3925	No terminal repeats	NA	5	11	0.8943	NA	1	1.7183	Viruses;Monodnaviria;Shotokuvirae;Cressdnaviricota;Arfiviricetes;Cremevirales;Smacoviridae
genomad_k141_1057491	4105	No terminal repeats	NA	12	11	0.8942	NA	0	2.9160	Viruses;Duplodnaviria;Heunggongvirae;Uroviricota;Caudoviricetes
genomad_k141_96626	6646	No terminal repeats	NA	7	11	0.8941	NA	2	5.9774	Viruses;Duplodnaviria;Heunggongvirae;Uroviricota;Caudoviricetes
genomad_k141_2320352	3865	No terminal repeats	NA	5	11	0.8940	NA	0	1.4326	Unclassified
genomad_k141_1790501	5083	No terminal repeats	NA	7	11	0.8937	NA	1	4.4456	Viruses;Duplodnaviria;Heunggongvirae;Uroviricota;Caudoviricetes
genomad_k141_47661	3965	No terminal repeats	NA	8	11	0.8935	NA	0	4.9476	Viruses;Duplodnaviria;Heunggongvirae;Uroviricota;Caudoviricetes
genomad_k141_3104179	5579	No terminal repeats	NA	6	11	0.8935	NA	0	1.3288	Viruses;Duplodnaviria;Heunggongvirae;Uroviricota;Caudoviricetes
genomad_k141_3727106	4078	No terminal repeats	NA	10	11	0.8933	NA	0	5.7532	Viruses;Duplodnaviria;Heunggongvirae;Uroviricota;Caudoviricetes
genomad_k141_1085108	5206	No terminal repeats	NA	11	11	0.8932	NA	0	10.2597	Viruses;Duplodnaviria;Heunggongvirae;Uroviricota;Caudoviricetes
genomad_k141_34902	7571	No terminal repeats	NA	14	11	0.8929	NA	1	3.8508	Viruses;Duplodnaviria;Heunggongvirae;Uroviricota;Caudoviricetes
genomad_k141_2373569	5404	No terminal repeats	NA	8	11	0.8928	NA	2	4.6618	Viruses;Duplodnaviria;Heunggongvirae;Uroviricota;Caudoviricetes
genomad_k141_3226718	3895	No terminal repeats	NA	5	11	0.8927	NA	0	3.2819	Viruses;Duplodnaviria;Heunggongvirae;Uroviricota;Caudoviricetes
genomad_k141_2427160	1892	No terminal repeats	NA	3	11	0.8925	NA	1	3.4314	Viruses;Duplodnaviria;Heunggongvirae;Uroviricota;Caudoviricetes
genomad_k141_799980	4171	No terminal repeats	NA	5	11	0.8924	NA	2	5.3916	Viruses;Duplodnaviria;Heunggongvirae;Uroviricota;Caudoviricetes
virsorter2_k141_542939||full	5942	No terminal repeats	NA	8	11	0.8923	NA	1	1.7183	Viruses;Duplodnaviria;Heunggongvirae;Uroviricota;Caudoviricetes
genomad_k141_2279858	7818	No terminal repeats	NA	14	11	0.8922	NA	1	11.9182	Viruses;Duplodnaviria;Heunggongvirae;Uroviricota;Caudoviricetes
genomad_k141_913007	5866	No terminal repeats	NA	8	11	0.8921	NA	3	8.2121	Viruses;Duplodnaviria;Heunggongvirae;Uroviricota;Caudoviricetes
genomad_k141_1987882	4926	No terminal repeats	NA	6	11	0.8919	NA	1	2.3121	Viruses;Duplodnaviria;Heunggongvirae;Uroviricota;Caudoviricetes
genomad_k141_1584071	3566	No terminal repeats	NA	6	11	0.8918	NA	0	6.8731	Viruses;Duplodnaviria;Heunggongvirae;Uroviricota;Caudoviricetes
genomad_k141_1426407	5804	No terminal repeats	NA	12	11	0.8911	NA	0	6.3656	Viruses;Duplodnaviria;Heunggongvirae;Uroviricota;Caudoviricetes
genomad_k141_3631634	4358	No terminal repeats	NA	9	11	0.8908	NA	0	3.4366	Unclassified
genomad_k141_481818	7962	No terminal repeats	NA	10	11	0.8906	NA	0	3.4366	Viruses;Varidnaviria;Bamfordvirae;Nucleocytoviricota;Megaviricetes;Imitervirales;Mimiviridae
genomad_k141_721050	4209	No terminal repeats	NA	6	11	0.8900	NA	1	10.2987	Viruses;Duplodnaviria;Heunggongvirae;Uroviricota;Caudoviricetes
genomad_k141_59782	4350	No terminal repeats	NA	10	11	0.8896	NA	0	1.7119	Viruses;Duplodnaviria;Heunggongvirae;Uroviricota;Caudoviricetes
genomad_k141_1041697	8217	No terminal repeats	NA	13	11	0.8895	NA	1	12.1938	Viruses;Duplodnaviria;Heunggongvirae;Uroviricota;Caudoviricetes
genomad_k141_1200732	3844	No terminal repeats	NA	6	11	0.8891	NA	0	3.5081	Viruses;Duplodnaviria;Heunggongvirae;Uroviricota;Caudoviricetes
genomad_k141_296647	5210	No terminal repeats	NA	7	11	0.8890	NA	0	1.0539	Unclassified
genomad_k141_2069131	4612	No terminal repeats	NA	8	11	0.8889	NA	0	1.7143	Viruses;Varidnaviria;Bamfordvirae;Nucleocytoviricota;Megaviricetes;Imitervirales;Mimiviridae
genomad_k141_242266	8266	No terminal repeats	NA	17	11	0.8889	NA	0	4.3757	Unclassified
genomad_k141_1673933	4887	No terminal repeats	NA	6	11	0.8888	NA	0	4.7532	Viruses;Duplodnaviria;Heunggongvirae;Uroviricota;Caudoviricetes
genomad_k141_3165944	6619	No terminal repeats	NA	7	11	0.8888	NA	3	7.0772	Viruses;Duplodnaviria;Heunggongvirae;Uroviricota;Caudoviricetes
genomad_k141_2681856	5255	No terminal repeats	NA	6	11	0.8887	NA	1	2.5842	Viruses;Duplodnaviria;Heunggongvirae;Uroviricota;Caudoviricetes
genomad_k141_2006525	3637	No terminal repeats	NA	7	11	0.8886	NA	0	5.6385	Viruses;Duplodnaviria;Heunggongvirae;Uroviricota;Caudoviricetes
genomad_k141_2115240	5469	No terminal repeats	NA	5	11	0.8883	NA	0	4.8381	Viruses;Duplodnaviria;Heunggongvirae;Uroviricota;Caudoviricetes
genomad_k141_597921	5314	No terminal repeats	NA	8	11	0.8878	NA	1	4.3634	Viruses;Duplodnaviria;Heunggongvirae;Uroviricota;Caudoviricetes
genomad_k141_1356225	3631	No terminal repeats	NA	12	11	0.8877	NA	2	3.4366	Viruses;Duplodnaviria;Heunggongvirae;Uroviricota;Caudoviricetes
genomad_k141_3268891	7169	No terminal repeats	NA	8	11	0.8872	NA	1	10.3133	Viruses;Duplodnaviria;Heunggongvirae;Uroviricota;Caudoviricetes
genomad_k141_601394	6378	No terminal repeats	NA	5	11	0.8870	NA	0	2.8004	Viruses;Duplodnaviria;Heunggongvirae;Uroviricota;Caudoviricetes
genomad_k141_3346256	3692	No terminal repeats	NA	9	11	0.8869	NA	0	0.8400	Viruses;Duplodnaviria;Heunggongvirae;Uroviricota;Caudoviricetes
genomad_k141_612361	9915	No terminal repeats	NA	17	11	0.8868	NA	0	5.9153	Viruses;Duplodnaviria;Heunggongvirae;Uroviricota;Caudoviricetes
genomad_k141_2824534	4632	No terminal repeats	NA	7	11	0.8865	NA	0	6.0850	Viruses;Duplodnaviria;Heunggongvirae;Uroviricota;Caudoviricetes
genomad_k141_294907	8646	No terminal repeats	NA	22	11	0.8864	NA	0	8.8561	Viruses;Duplodnaviria;Heunggongvirae;Uroviricota;Caudoviricetes
genomad_k141_1326862	3836	No terminal repeats	NA	5	11	0.8864	NA	0	3.4366	Viruses;Duplodnaviria;Heunggongvirae;Uroviricota;Caudoviricetes
genomad_k141_1970980	7401	No terminal repeats	NA	10	11	0.8862	NA	4	5.2378	Viruses;Duplodnaviria;Heunggongvirae;Uroviricota;Caudoviricetes
genomad_k141_2322011	7504	No terminal repeats	NA	12	11	0.8861	NA	0	7.2019	Viruses;Duplodnaviria;Heunggongvirae;Uroviricota;Caudoviricetes
genomad_k141_3078589	6976	No terminal repeats	NA	13	11	0.8859	NA	0	2.8876	Viruses;Duplodnaviria;Heunggongvirae;Uroviricota;Caudoviricetes
genomad_k141_3364786	4922	No terminal repeats	NA	5	11	0.8857	NA	0	1.2258	Viruses;Duplodnaviria;Heunggongvirae;Uroviricota;Caudoviricetes
genomad_k141_525984	6931	No terminal repeats	NA	10	11	0.8857	NA	0	0.0000	Unclassified
genomad_k141_924762	5793	No terminal repeats	NA	9	11	0.8853	NA	1	4.4653	Viruses;Duplodnaviria;Heunggongvirae;Uroviricota;Caudoviricetes
genomad_k141_1739069	5332	No terminal repeats	NA	8	11	0.8852	NA	0	4.6957	Viruses;Duplodnaviria;Heunggongvirae;Uroviricota;Caudoviricetes
genomad_k141_1131369	5689	No terminal repeats	NA	12	11	0.8850	NA	1	1.7073	Viruses;Duplodnaviria;Heunggongvirae;Uroviricota;Caudoviricetes
genomad_k141_1827190	3703	No terminal repeats	NA	5	11	0.8846	NA	0	1.3698	Unclassified
genomad_k141_2480537	7023	No terminal repeats	NA	6	11	0.8846	NA	0	1.6891	Unclassified
genomad_k141_2279661	3935	No terminal repeats	NA	5	11	0.8844	NA	0	1.4608	Viruses;Duplodnaviria;Heunggongvirae;Uroviricota;Caudoviricetes
genomad_k141_3531300	7835	No terminal repeats	NA	7	11	0.8842	NA	3	7.5821	Viruses;Duplodnaviria;Heunggongvirae;Uroviricota;Caudoviricetes
genomad_k141_3141213	3697	No terminal repeats	NA	7	11	0.8833	NA	0	1.6860	Unclassified
genomad_k141_1550208	3572	No terminal repeats	NA	8	11	0.8830	NA	0	4.5275	Viruses;Duplodnaviria;Heunggongvirae;Uroviricota;Caudoviricetes
genomad_k141_2931172	4130	No terminal repeats	NA	9	11	0.8829	NA	0	4.8497	Viruses;Duplodnaviria;Heunggongvirae;Uroviricota;Caudoviricetes;Zobellviridae
genomad_k141_1300333	3085	No terminal repeats	NA	4	11	0.8828	NA	0	1.3634	Viruses;Varidnaviria;Bamfordvirae;Nucleocytoviricota;Megaviricetes;Imitervirales;Mimiviridae
genomad_k141_81287	3706	No terminal repeats	NA	7	11	0.8827	NA	0	4.1179	Viruses;Duplodnaviria;Heunggongvirae;Uroviricota;Caudoviricetes
genomad_k141_3333935	5863	No terminal repeats	NA	9	11	0.8825	NA	1	2.4306	Viruses;Duplodnaviria;Heunggongvirae;Uroviricota;Caudoviricetes
genomad_k141_422873	5329	No terminal repeats	NA	8	11	0.8821	NA	0	1.2834	Viruses;Duplodnaviria;Heunggongvirae;Uroviricota;Caudoviricetes
genomad_k141_1008937	6914	No terminal repeats	NA	8	11	0.8820	NA	0	4.9499	Viruses;Duplodnaviria;Heunggongvirae;Uroviricota;Caudoviricetes
genomad_k141_932069	3984	No terminal repeats	NA	7	11	0.8815	NA	1	2.9939	Viruses;Duplodnaviria;Heunggongvirae;Uroviricota;Caudoviricetes
virsorter2_k141_2772954||full	3898	No terminal repeats	NA	9	11	0.8814	NA	0	2.0877	Viruses;Duplodnaviria;Heunggongvirae;Uroviricota;Caudoviricetes
genomad_k141_1171937	4101	No terminal repeats	NA	9	11	0.8813	NA	0	1.7183	Unclassified
genomad_k141_2512799	5107	No terminal repeats	NA	17	11	0.8810	NA	0	3.4366	Viruses;Duplodnaviria;Heunggongvirae;Uroviricota;Caudoviricetes
genomad_k141_2482096	4462	No terminal repeats	NA	5	11	0.8810	NA	1	2.6310	Viruses;Duplodnaviria;Heunggongvirae;Uroviricota;Caudoviricetes
genomad_k141_1066409	6889	No terminal repeats	NA	8	11	0.8808	NA	2	7.6711	Viruses;Duplodnaviria;Heunggongvirae;Uroviricota;Caudoviricetes
genomad_k141_58629	8631	No terminal repeats	NA	14	11	0.8806	NA	2	8.5914	Viruses;Duplodnaviria;Heunggongvirae;Uroviricota;Caudoviricetes
genomad_k141_3800198	40025	DTR	NA	53	11	0.8806	NA	4	16.8938	Viruses;Duplodnaviria;Heunggongvirae;Uroviricota;Caudoviricetes
virsorter2_k141_2508657||full	4170	No terminal repeats	NA	7	11	0.8806	NA	0	4.8593	Viruses;Duplodnaviria;Heunggongvirae;Uroviricota;Caudoviricetes
genomad_k141_3184220	3933	No terminal repeats	NA	9	11	0.8804	NA	1	7.0374	Viruses;Duplodnaviria;Heunggongvirae;Uroviricota;Caudoviricetes
genomad_k141_1608128	8332	No terminal repeats	NA	13	11	0.8802	NA	0	5.9523	Viruses;Duplodnaviria;Heunggongvirae;Uroviricota;Caudoviricetes
genomad_k141_1197087	4427	No terminal repeats	NA	7	11	0.8801	NA	0	1.7183	Unclassified
genomad_k141_1862999	5975	No terminal repeats	NA	14	11	0.8801	NA	2	21.7946	Viruses;Duplodnaviria;Heunggongvirae;Uroviricota;Caudoviricetes
genomad_k141_3801006	8348	DTR	NA	17	11	0.8799	NA	0	1.8138	Viruses;Duplodnaviria;Heunggongvirae;Uroviricota;Caudoviricetes
genomad_k141_131978	5207	No terminal repeats	NA	8	11	0.8796	NA	0	3.1719	Viruses;Duplodnaviria;Heunggongvirae;Uroviricota;Caudoviricetes
genomad_k141_19361	4870	No terminal repeats	NA	8	11	0.8790	NA	0	2.0059	Viruses;Duplodnaviria;Heunggongvirae;Uroviricota;Caudoviricetes
genomad_k141_892947	3966	No terminal repeats	NA	10	11	0.8789	NA	0	6.6679	Viruses;Duplodnaviria;Heunggongvirae;Uroviricota;Caudoviricetes
genomad_k141_293692	4624	No terminal repeats	NA	13	11	0.8786	NA	1	1.3955	Viruses;Duplodnaviria;Heunggongvirae;Uroviricota;Caudoviricetes
genomad_k141_1436878	5014	No terminal repeats	NA	8	11	0.8784	NA	0	1.6646	Viruses;Duplodnaviria;Heunggongvirae;Uroviricota;Caudoviricetes
genomad_k141_1296643	3567	No terminal repeats	NA	12	11	0.8784	NA	0	1.7183	Viruses;Duplodnaviria;Heunggongvirae;Uroviricota;Caudoviricetes
genomad_k141_832651	3912	No terminal repeats	NA	6	11	0.8784	NA	0	0.8563	Unclassified
genomad_k141_2021991	7511	No terminal repeats	NA	12	11	0.8783	NA	1	6.6367	Viruses;Duplodnaviria;Heunggongvirae;Uroviricota;Caudoviricetes
genomad_k141_2522161	5053	No terminal repeats	NA	7	11	0.8782	NA	0	6.1369	Viruses;Duplodnaviria;Heunggongvirae;Uroviricota;Caudoviricetes
genomad_k141_2792111	5981	No terminal repeats	NA	9	11	0.8780	NA	0	2.9734	Viruses;Duplodnaviria;Heunggongvirae;Uroviricota;Caudoviricetes
genomad_k141_2351102	3269	No terminal repeats	NA	8	11	0.8779	NA	3	5.5971	Viruses;Duplodnaviria;Heunggongvirae;Uroviricota;Caudoviricetes
genomad_k141_149616	5456	No terminal repeats	NA	6	11	0.8773	NA	1	1.3789	Viruses;Duplodnaviria;Heunggongvirae;Uroviricota;Caudoviricetes
genomad_k141_2114522	6006	No terminal repeats	NA	11	11	0.8771	NA	1	2.8510	Viruses;Duplodnaviria;Heunggongvirae;Uroviricota;Caudoviricetes
genomad_k141_723666	3880	No terminal repeats	NA	7	11	0.8770	NA	0	4.6829	Viruses;Duplodnaviria;Heunggongvirae;Uroviricota;Caudoviricetes
genomad_k141_3310599	6552	No terminal repeats	NA	6	11	0.8769	NA	1	3.4154	Viruses;Duplodnaviria;Heunggongvirae;Uroviricota;Caudoviricetes
genomad_k141_1022087	3662	No terminal repeats	NA	5	11	0.8769	NA	3	4.0978	Viruses;Duplodnaviria;Heunggongvirae;Uroviricota;Caudoviricetes
genomad_k141_1814293	4352	No terminal repeats	NA	7	11	0.8768	NA	0	3.2219	Viruses;Duplodnaviria;Heunggongvirae;Uroviricota;Caudoviricetes
genomad_k141_350363	7434	No terminal repeats	NA	8	11	0.8767	NA	0	4.6241	Viruses;Varidnaviria;Bamfordvirae;Nucleocytoviricota;Megaviricetes;Algavirales;Phycodnaviridae
genomad_k141_1944582	5097	No terminal repeats	NA	13	11	0.8767	NA	0	5.0628	Viruses;Duplodnaviria;Heunggongvirae;Uroviricota;Caudoviricetes
genomad_k141_153557	4508	No terminal repeats	NA	6	11	0.8764	NA	2	10.1184	Viruses;Duplodnaviria;Heunggongvirae;Uroviricota;Caudoviricetes
genomad_k141_1210507	8733	No terminal repeats	NA	18	11	0.8763	NA	0	10.6108	Viruses;Duplodnaviria;Heunggongvirae;Uroviricota;Caudoviricetes
genomad_k141_1087792	4661	No terminal repeats	NA	5	11	0.8756	NA	0	1.4738	Viruses;Duplodnaviria;Heunggongvirae;Uroviricota;Caudoviricetes
genomad_k141_3232003	4955	No terminal repeats	NA	8	11	0.8743	NA	0	3.4366	Viruses;Duplodnaviria;Heunggongvirae;Uroviricota;Caudoviricetes
genomad_k141_1809051	5762	No terminal repeats	NA	9	11	0.8736	NA	1	3.2370	Viruses;Duplodnaviria;Heunggongvirae;Uroviricota;Caudoviricetes
genomad_k141_2169185	5746	No terminal repeats	NA	13	11	0.8736	NA	0	10.2146	Viruses;Duplodnaviria;Heunggongvirae;Uroviricota;Caudoviricetes
genomad_k141_493492	6118	No terminal repeats	NA	10	11	0.8735	NA	0	11.3917	Viruses;Duplodnaviria;Heunggongvirae;Uroviricota;Caudoviricetes
genomad_k141_123863	7220	No terminal repeats	NA	6	11	0.8734	NA	1	1.7183	Unclassified
genomad_k141_2289305	5017	No terminal repeats	NA	13	11	0.8733	NA	0	6.2416	Viruses;Duplodnaviria;Heunggongvirae;Uroviricota;Caudoviricetes
genomad_k141_2307221	4527	No terminal repeats	NA	6	11	0.8733	NA	0	3.4366	Viruses;Duplodnaviria;Heunggongvirae;Uroviricota;Caudoviricetes
genomad_k141_1505514	3750	No terminal repeats	NA	10	11	0.8725	NA	0	2.8842	Viruses;Duplodnaviria;Heunggongvirae;Uroviricota;Caudoviricetes
genomad_k141_2339036	3936	No terminal repeats	NA	5	11	0.8719	NA	0	1.7183	Viruses;Duplodnaviria;Heunggongvirae;Uroviricota;Caudoviricetes
genomad_k141_1091948	5654	No terminal repeats	NA	14	11	0.8717	NA	0	2.6288	Viruses;Duplodnaviria;Heunggongvirae;Uroviricota;Caudoviricetes
virsorter2_k141_2659082||full	3952	No terminal repeats	NA	6	4	0.8716	NA	0	3.9996	Viruses;Duplodnaviria;Heunggongvirae;Uroviricota;Caudoviricetes
genomad_k141_3769834	5179	No terminal repeats	NA	12	11	0.8714	NA	0	4.9695	Viruses;Duplodnaviria;Heunggongvirae;Uroviricota;Caudoviricetes
genomad_k141_3527003	3795	No terminal repeats	NA	7	11	0.8713	NA	0	2.8747	Unclassified
genomad_k141_3164462	4689	No terminal repeats	NA	8	11	0.8713	NA	0	1.0539	Unclassified
genomad_k141_1600053	4772	No terminal repeats	NA	14	11	0.8713	NA	0	7.1287	Viruses;Duplodnaviria;Heunggongvirae;Uroviricota;Caudoviricetes
genomad_k141_1649775	3723	No terminal repeats	NA	5	11	0.8708	NA	2	5.1520	Viruses;Duplodnaviria;Heunggongvirae;Uroviricota;Caudoviricetes
genomad_k141_2596786	4195	No terminal repeats	NA	5	11	0.8707	NA	1	1.3307	Viruses;Duplodnaviria;Heunggongvirae;Uroviricota;Caudoviricetes
virsorter2_k141_1961633||full	8526	No terminal repeats	NA	17	11	0.8707	NA	0	3.5563	Viruses;Duplodnaviria;Heunggongvirae;Uroviricota;Caudoviricetes
genomad_k141_1491088	4321	No terminal repeats	NA	7	11	0.8704	NA	0	3.1470	Viruses;Duplodnaviria;Heunggongvirae;Uroviricota;Caudoviricetes;Autographiviridae
genomad_k141_1867026	9480	No terminal repeats	NA	11	11	0.8701	NA	0	10.3282	Viruses;Duplodnaviria;Heunggongvirae;Uroviricota;Caudoviricetes
genomad_k141_2862014	6306	No terminal repeats	NA	11	11	0.8701	NA	0	1.3988	Viruses;Duplodnaviria;Heunggongvirae;Uroviricota;Caudoviricetes
genomad_k141_2691930	6519	No terminal repeats	NA	13	11	0.8700	NA	0	1.0539	Unclassified
genomad_k141_1672805	3683	No terminal repeats	NA	6	11	0.8698	NA	0	2.4375	Viruses;Duplodnaviria;Heunggongvirae;Uroviricota;Caudoviricetes
virsorter2_k141_218671||full	4100	No terminal repeats	NA	11	11	0.8691	NA	0	1.1533	Viruses;Duplodnaviria;Heunggongvirae;Uroviricota;Caudoviricetes
genomad_k141_639820	8319	No terminal repeats	NA	15	11	0.8686	NA	0	0.7852	Viruses;Duplodnaviria;Heunggongvirae;Uroviricota;Caudoviricetes
genomad_k141_1221824	3844	No terminal repeats	NA	8	11	0.8682	NA	1	5.6086	Viruses;Duplodnaviria;Heunggongvirae;Uroviricota;Caudoviricetes
genomad_k141_1471362	4961	No terminal repeats	NA	6	11	0.8681	NA	0	3.3898	Viruses;Duplodnaviria;Heunggongvirae;Uroviricota;Caudoviricetes
genomad_k141_3773810	3630	No terminal repeats	NA	5	11	0.8680	NA	0	1.6646	Viruses;Duplodnaviria;Heunggongvirae;Uroviricota;Caudoviricetes
genomad_k141_2803027	3732	No terminal repeats	NA	9	11	0.8679	NA	6	12.5200	Viruses;Duplodnaviria;Heunggongvirae;Uroviricota;Caudoviricetes
virsorter2_k141_2129112||full	4238	No terminal repeats	NA	7	11	0.8678	NA	0	1.0603	Viruses;Duplodnaviria;Heunggongvirae;Uroviricota;Caudoviricetes
genomad_k141_1710967	6163	No terminal repeats	NA	6	11	0.8678	NA	0	3.4366	Viruses;Varidnaviria;Bamfordvirae;Nucleocytoviricota;Megaviricetes;Imitervirales;Mimiviridae
genomad_k141_719599	5883	No terminal repeats	NA	5	11	0.8676	NA	0	1.7183	Viruses;Varidnaviria;Bamfordvirae;Nucleocytoviricota;Megaviricetes;Pimascovirales;Marseilleviridae
genomad_k141_197886	4053	No terminal repeats	NA	5	11	0.8672	NA	0	4.1469	Viruses;Duplodnaviria;Heunggongvirae;Uroviricota;Caudoviricetes
genomad_k141_279000	5535	No terminal repeats	NA	9	11	0.8666	NA	0	2.6784	Viruses;Duplodnaviria;Heunggongvirae;Uroviricota;Caudoviricetes
genomad_k141_2286153	5128	No terminal repeats	NA	9	11	0.8661	NA	1	5.1548	Viruses;Duplodnaviria;Heunggongvirae;Uroviricota;Caudoviricetes
genomad_k141_3333076	4523	No terminal repeats	NA	7	11	0.8657	NA	0	1.3462	Viruses;Duplodnaviria;Heunggongvirae;Uroviricota;Caudoviricetes
genomad_k141_1123366	4686	No terminal repeats	NA	9	11	0.8648	NA	2	5.1627	Viruses;Duplodnaviria;Heunggongvirae;Uroviricota;Caudoviricetes
genomad_k141_2276226	3843	No terminal repeats	NA	6	11	0.8644	NA	0	1.7183	Viruses;Duplodnaviria;Heunggongvirae;Uroviricota;Caudoviricetes
genomad_k141_2880236	8352	No terminal repeats	NA	10	11	0.8637	NA	1	5.9366	Viruses;Duplodnaviria;Heunggongvirae;Uroviricota;Caudoviricetes
genomad_k141_2327425	3604	No terminal repeats	NA	5	11	0.8633	NA	0	1.4097	Unclassified
genomad_k141_3184253	4106	No terminal repeats	NA	8	11	0.8629	NA	0	1.9707	Viruses;Duplodnaviria;Heunggongvirae;Uroviricota;Caudoviricetes
genomad_k141_2428085	4859	No terminal repeats	NA	8	11	0.8627	NA	2	13.5835	Viruses;Duplodnaviria;Heunggongvirae;Uroviricota;Caudoviricetes
genomad_k141_2284108	3895	No terminal repeats	NA	10	11	0.8626	NA	1	1.8171	Viruses;Duplodnaviria;Heunggongvirae;Uroviricota;Caudoviricetes
genomad_k141_1861806	4087	No terminal repeats	NA	7	11	0.8625	NA	0	2.9726	Viruses;Duplodnaviria;Heunggongvirae;Uroviricota;Caudoviricetes
genomad_k141_2240062	6909	No terminal repeats	NA	22	11	0.8624	NA	0	4.7556	Viruses;Duplodnaviria;Heunggongvirae;Uroviricota;Caudoviricetes
genomad_k141_2759139	2015	No terminal repeats	NA	3	11	0.8621	NA	1	1.2558	Viruses;Duplodnaviria;Heunggongvirae;Uroviricota;Caudoviricetes
genomad_k141_2586034	7623	No terminal repeats	NA	8	11	0.8621	NA	0	1.5071	Viruses;Duplodnaviria;Heunggongvirae;Uroviricota;Caudoviricetes
genomad_k141_3359020	6971	No terminal repeats	NA	12	11	0.8620	NA	0	1.6111	Unclassified
genomad_k141_3358713	4892	No terminal repeats	NA	9	11	0.8620	NA	1	1.7183	Viruses;Duplodnaviria;Heunggongvirae;Uroviricota;Caudoviricetes
genomad_k141_450742	3633	No terminal repeats	NA	5	11	0.8613	NA	1	4.1008	Viruses;Duplodnaviria;Heunggongvirae;Uroviricota;Caudoviricetes
genomad_k141_3120913	4399	No terminal repeats	NA	7	11	0.8612	NA	1	3.9432	Viruses;Duplodnaviria;Heunggongvirae;Uroviricota;Caudoviricetes
genomad_k141_1163411	7321	No terminal repeats	NA	10	11	0.8610	NA	2	4.1468	Viruses;Duplodnaviria;Heunggongvirae;Uroviricota;Caudoviricetes;Thumleimavirales;Hafunaviridae
genomad_k141_1520358	8069	No terminal repeats	NA	11	11	0.8601	NA	2	4.5520	Viruses;Duplodnaviria;Heunggongvirae;Uroviricota;Caudoviricetes
genomad_k141_2209091	9591	No terminal repeats	NA	12	11	0.8600	NA	0	3.9035	Viruses;Duplodnaviria;Heunggongvirae;Uroviricota;Caudoviricetes
genomad_k141_1159677	8441	No terminal repeats	NA	9	11	0.8599	NA	6	13.2566	Viruses;Duplodnaviria;Heunggongvirae;Uroviricota;Caudoviricetes
genomad_k141_1955261	8830	No terminal repeats	NA	8	11	0.8597	NA	3	12.0218	Viruses;Duplodnaviria;Heunggongvirae;Uroviricota;Caudoviricetes
genomad_k141_134965	7261	No terminal repeats	NA	14	11	0.8596	NA	0	1.5803	Unclassified
genomad_k141_3567501	8528	No terminal repeats	NA	18	11	0.8596	NA	0	3.0921	Viruses;Duplodnaviria;Heunggongvirae;Uroviricota;Caudoviricetes
genomad_k141_1169250	5094	No terminal repeats	NA	9	11	0.8594	NA	0	2.3053	Viruses;Duplodnaviria;Heunggongvirae;Uroviricota;Caudoviricetes
genomad_k141_1732379	3457	No terminal repeats	NA	7	11	0.8593	NA	2	2.9881	Viruses;Duplodnaviria;Heunggongvirae;Uroviricota;Caudoviricetes;Drexlerviridae
genomad_k141_1670888	5020	No terminal repeats	NA	13	11	0.8587	NA	0	2.0353	Viruses;Duplodnaviria;Heunggongvirae;Uroviricota;Caudoviricetes
genomad_k141_2821132	9409	No terminal repeats	NA	22	11	0.8585	NA	0	4.1642	Viruses;Duplodnaviria;Heunggongvirae;Uroviricota;Caudoviricetes
genomad_k141_155534	8903	No terminal repeats	NA	18	11	0.8580	NA	0	3.0481	Viruses;Duplodnaviria;Heunggongvirae;Uroviricota;Caudoviricetes
genomad_k141_1042630	3725	No terminal repeats	NA	5	11	0.8580	NA	0	1.5641	Viruses;Varidnaviria;Bamfordvirae;Nucleocytoviricota;Megaviricetes;Algavirales;Phycodnaviridae
genomad_k141_3761170	7055	No terminal repeats	NA	13	11	0.8579	NA	0	18.3790	Viruses;Duplodnaviria;Heunggongvirae;Uroviricota;Caudoviricetes
genomad_k141_3029530	4612	No terminal repeats	NA	12	11	0.8576	NA	1	3.2003	Viruses;Duplodnaviria;Heunggongvirae;Uroviricota;Caudoviricetes
genomad_k141_491610	4234	No terminal repeats	NA	11	11	0.8575	NA	0	1.4316	Viruses;Duplodnaviria;Heunggongvirae;Uroviricota;Caudoviricetes
genomad_k141_1635505	9804	No terminal repeats	NA	13	11	0.8574	NA	1	10.5139	Viruses;Duplodnaviria;Heunggongvirae;Uroviricota;Caudoviricetes
genomad_k141_349144	3912	No terminal repeats	NA	6	11	0.8570	NA	0	0.0000	Unclassified
genomad_k141_196274	5440	No terminal repeats	NA	6	11	0.8569	NA	0	3.7197	Viruses;Duplodnaviria;Heunggongvirae;Uroviricota;Caudoviricetes
genomad_k141_1040534	8408	No terminal repeats	NA	11	11	0.8566	NA	0	10.1800	Viruses;Duplodnaviria;Heunggongvirae;Uroviricota;Caudoviricetes;Autographiviridae
genomad_k141_2154728	9614	No terminal repeats	NA	11	11	0.8565	NA	1	6.9999	Viruses;Duplodnaviria;Heunggongvirae;Uroviricota;Caudoviricetes
genomad_k141_785669	4733	No terminal repeats	NA	9	11	0.8564	NA	0	1.2213	Viruses;Duplodnaviria;Heunggongvirae;Uroviricota;Caudoviricetes
virsorter2_k141_1146597||full	2888	No terminal repeats	NA	4	11	0.8562	NA	2	3.2350	Viruses;Duplodnaviria;Heunggongvirae;Uroviricota;Caudoviricetes
genomad_k141_2797728	8873	No terminal repeats	NA	11	11	0.8558	NA	0	0.0000	Unclassified
genomad_k141_3586518	5520	No terminal repeats	NA	8	11	0.8557	NA	1	9.8517	Viruses;Duplodnaviria;Heunggongvirae;Uroviricota;Caudoviricetes
genomad_k141_892032	5006	No terminal repeats	NA	9	11	0.8550	NA	1	3.3807	Viruses;Duplodnaviria;Heunggongvirae;Uroviricota;Caudoviricetes
genomad_k141_1569230	9291	No terminal repeats	NA	20	11	0.8547	NA	0	1.7183	Unclassified
virsorter2_k141_552963||full	5198	No terminal repeats	NA	8	11	0.8545	NA	1	4.3559	Viruses;Duplodnaviria;Heunggongvirae;Uroviricota;Caudoviricetes
genomad_k141_3575806	3964	No terminal repeats	NA	6	11	0.8542	NA	1	5.1408	Viruses;Varidnaviria;Bamfordvirae;Nucleocytoviricota;Megaviricetes
genomad_k141_1594633	3669	No terminal repeats	NA	5	11	0.8541	NA	1	2.7909	Viruses;Duplodnaviria;Heunggongvirae;Uroviricota;Caudoviricetes
genomad_k141_3800190	8273	DTR	NA	13	11	0.8541	NA	1	4.5930	Viruses;Duplodnaviria;Heunggongvirae;Uroviricota;Caudoviricetes
virsorter2_k141_2510529||full	4946	No terminal repeats	NA	7	11	0.8538	NA	0	1.7118	Viruses;Varidnaviria;Bamfordvirae;Nucleocytoviricota;Megaviricetes;Algavirales;Phycodnaviridae
genomad_k141_2813119	4378	No terminal repeats	NA	6	11	0.8537	NA	0	4.6859	Viruses;Duplodnaviria;Heunggongvirae;Uroviricota;Caudoviricetes
virsorter2_k141_1756646||full	3260	No terminal repeats	NA	4	11	0.8533	NA	0	1.7183	Viruses;Duplodnaviria;Heunggongvirae;Uroviricota;Caudoviricetes
genomad_k141_120485	7876	No terminal repeats	NA	13	11	0.8528	NA	2	4.5207	Viruses;Duplodnaviria;Heunggongvirae;Uroviricota;Caudoviricetes
virsorter2_k141_3213609||full	2844	No terminal repeats	NA	3	11	0.8525	NA	1	1.5278	Viruses;Duplodnaviria;Heunggongvirae;Uroviricota;Caudoviricetes
genomad_k141_3731600	3589	No terminal repeats	NA	5	11	0.8520	NA	1	1.7088	Viruses;Duplodnaviria;Heunggongvirae;Uroviricota;Caudoviricetes
genomad_k141_954272	35656	DTR	NA	62	11	0.8520	NA	2	16.3345	Viruses;Duplodnaviria;Heunggongvirae;Uroviricota;Caudoviricetes
genomad_k141_79705	4133	No terminal repeats	NA	6	11	0.8516	NA	1	4.9825	Viruses;Duplodnaviria;Heunggongvirae;Uroviricota;Caudoviricetes
genomad_k141_3595279	3596	No terminal repeats	NA	7	11	0.8510	NA	0	3.1911	Viruses;Duplodnaviria;Heunggongvirae;Uroviricota;Caudoviricetes
genomad_k141_265593	4053	No terminal repeats	NA	6	11	0.8507	NA	1	5.3511	Viruses;Duplodnaviria;Heunggongvirae;Uroviricota;Caudoviricetes
genomad_k141_1956107	4041	No terminal repeats	NA	10	11	0.8506	NA	1	1.7138	Viruses;Duplodnaviria;Heunggongvirae;Uroviricota;Caudoviricetes
genomad_k141_1264099	4632	No terminal repeats	NA	9	11	0.8505	NA	0	0.4905	Viruses;Duplodnaviria;Heunggongvirae;Uroviricota;Caudoviricetes
genomad_k141_1396808	4881	No terminal repeats	NA	6	11	0.8502	NA	0	4.4150	Viruses;Duplodnaviria;Heunggongvirae;Uroviricota;Caudoviricetes
genomad_k141_2224710	4343	No terminal repeats	NA	8	11	0.8501	NA	0	1.4292	Viruses;Duplodnaviria;Heunggongvirae;Uroviricota;Caudoviricetes
genomad_k141_3695488	8694	No terminal repeats	NA	15	11	0.8493	NA	1	1.1587	Viruses;Duplodnaviria;Heunggongvirae;Uroviricota;Caudoviricetes
virsorter2_k141_1192014||full	5487	No terminal repeats	NA	9	11	0.8491	NA	0	1.1408	Viruses;Duplodnaviria;Heunggongvirae;Uroviricota;Caudoviricetes
genomad_k141_3655247	4704	No terminal repeats	NA	8	11	0.8490	NA	1	1.6942	Viruses;Duplodnaviria;Heunggongvirae;Uroviricota;Caudoviricetes
genomad_k141_1736102	7509	No terminal repeats	NA	9	11	0.8483	NA	2	5.1353	Viruses;Duplodnaviria;Heunggongvirae;Uroviricota;Caudoviricetes
genomad_k141_560005	8848	No terminal repeats	NA	8	11	0.8483	NA	1	1.1827	Viruses;Duplodnaviria;Heunggongvirae;Uroviricota;Caudoviricetes
genomad_k141_3161348	3737	No terminal repeats	NA	10	11	0.8473	NA	0	12.2632	Viruses;Duplodnaviria;Heunggongvirae;Uroviricota;Caudoviricetes
genomad_k141_1142687	3571	No terminal repeats	NA	5	11	0.8471	NA	0	1.7183	Viruses;Duplodnaviria;Heunggongvirae;Uroviricota;Caudoviricetes
genomad_k141_963186	4707	No terminal repeats	NA	5	11	0.8462	NA	0	1.7067	Viruses;Duplodnaviria;Heunggongvirae;Uroviricota;Caudoviricetes
genomad_k141_1809163	5471	No terminal repeats	NA	16	11	0.8459	NA	0	3.5812	Viruses;Duplodnaviria;Heunggongvirae;Uroviricota;Caudoviricetes
genomad_k141_831443	3571	No terminal repeats	NA	8	11	0.8458	NA	1	4.8201	Viruses;Duplodnaviria;Heunggongvirae;Uroviricota;Caudoviricetes
genomad_k141_1428898	5232	No terminal repeats	NA	5	11	0.8452	NA	1	2.8747	Viruses;Duplodnaviria;Heunggongvirae;Uroviricota;Caudoviricetes
genomad_k141_609510	4131	No terminal repeats	NA	5	11	0.8452	NA	1	5.1548	Viruses;Duplodnaviria;Heunggongvirae;Uroviricota;Caudoviricetes;Kyanoviridae
genomad_k141_135980	3692	No terminal repeats	NA	9	11	0.8451	NA	0	2.2506	Viruses;Duplodnaviria;Heunggongvirae;Uroviricota;Caudoviricetes
genomad_k141_1347581	4292	No terminal repeats	NA	6	11	0.8449	NA	0	2.7501	Viruses;Duplodnaviria;Heunggongvirae;Uroviricota;Caudoviricetes
genomad_k141_131862	4441	No terminal repeats	NA	8	11	0.8448	NA	0	10.1595	Viruses;Duplodnaviria;Heunggongvirae;Uroviricota;Caudoviricetes
genomad_k141_3765015	5050	No terminal repeats	NA	8	11	0.8441	NA	2	3.1082	Viruses;Duplodnaviria;Heunggongvirae;Uroviricota;Caudoviricetes
genomad_k141_2298042	4035	No terminal repeats	NA	8	11	0.8429	NA	0	2.2352	Viruses;Duplodnaviria;Heunggongvirae;Uroviricota;Caudoviricetes
genomad_k141_2777527	3537	No terminal repeats	NA	5	11	0.8428	NA	0	1.0929	Viruses;Duplodnaviria;Heunggongvirae;Uroviricota;Caudoviricetes
genomad_k141_882334	4272	No terminal repeats	NA	10	11	0.8417	NA	0	3.4366	Viruses;Duplodnaviria;Heunggongvirae;Uroviricota;Caudoviricetes
virsorter2_k141_1404113||full|provirus_1_19613	19613	Provirus	1-19613	36	11	0.8417	NA	0	8.2061	Viruses;Duplodnaviria;Heunggongvirae;Uroviricota;Caudoviricetes
genomad_k141_668502	6653	No terminal repeats	NA	14	11	0.8416	NA	1	4.5868	Viruses;Duplodnaviria;Heunggongvirae;Uroviricota;Caudoviricetes
genomad_k141_2445605	4144	No terminal repeats	NA	7	11	0.8416	NA	0	1.4282	Viruses;Duplodnaviria;Heunggongvirae;Uroviricota;Caudoviricetes
genomad_k141_3724196	7212	No terminal repeats	NA	13	11	0.8411	NA	2	11.0358	Viruses;Duplodnaviria;Heunggongvirae;Uroviricota;Caudoviricetes
genomad_k141_1096572	6625	No terminal repeats	NA	7	11	0.8411	NA	0	5.1523	Viruses;Varidnaviria;Bamfordvirae;Nucleocytoviricota;Megaviricetes;Imitervirales;Mimiviridae
genomad_k141_513260	4902	No terminal repeats	NA	13	11	0.8408	NA	0	1.7183	Viruses;Duplodnaviria;Heunggongvirae;Uroviricota;Caudoviricetes
genomad_k141_2850118	5672	ITR	NA	7	11	0.8408	NA	1	3.4366	Viruses;Monodnaviria;Shotokuvirae;Cossaviricota;Quintoviricetes;Piccovirales;Parvoviridae
genomad_k141_342554	5556	No terminal repeats	NA	6	11	0.8408	NA	0	0.9339	Viruses;Duplodnaviria;Heunggongvirae;Uroviricota;Caudoviricetes
genomad_k141_954139	3950	No terminal repeats	NA	7	11	0.8402	NA	1	5.1884	Viruses;Duplodnaviria;Heunggongvirae;Uroviricota;Caudoviricetes
genomad_k141_268166	31267	No terminal repeats	NA	39	11	0.8399	NA	10	34.5277	Viruses;Duplodnaviria;Heunggongvirae;Uroviricota;Caudoviricetes
genomad_k141_307738	7860	No terminal repeats	NA	9	11	0.8396	NA	1	13.5619	Viruses;Duplodnaviria;Heunggongvirae;Uroviricota;Caudoviricetes
genomad_k141_1915043	4757	No terminal repeats	NA	10	11	0.8389	NA	0	3.4366	Viruses;Duplodnaviria;Heunggongvirae;Uroviricota;Caudoviricetes
genomad_k141_919559	5683	No terminal repeats	NA	6	11	0.8389	NA	0	5.1548	Viruses;Duplodnaviria;Heunggongvirae;Uroviricota;Caudoviricetes
genomad_k141_3358879	5532	No terminal repeats	NA	16	11	0.8388	NA	0	1.4083	Unclassified
genomad_k141_2679107	7816	No terminal repeats	NA	7	11	0.8381	NA	0	12.0280	Viruses;Duplodnaviria;Heunggongvirae;Uroviricota;Caudoviricetes
virsorter2_k141_242071||full	3735	No terminal repeats	NA	5	11	0.8376	NA	0	1.7118	Viruses;Varidnaviria;Bamfordvirae;Nucleocytoviricota;Megaviricetes;Algavirales;Phycodnaviridae
genomad_k141_593750	3666	No terminal repeats	NA	9	11	0.8369	NA	0	3.3299	Viruses;Duplodnaviria;Heunggongvirae;Uroviricota;Caudoviricetes;Ackermannviridae
genomad_k141_2029918	5795	No terminal repeats	NA	21	11	0.8368	NA	0	2.7943	Unclassified
virsorter2_k141_1779851||full	4589	No terminal repeats	NA	9	11	0.8357	NA	1	6.4333	Viruses;Duplodnaviria;Heunggongvirae;Uroviricota;Caudoviricetes
genomad_k141_1943683	4989	No terminal repeats	NA	7	11	0.8354	NA	1	1.7183	Viruses;Varidnaviria;Bamfordvirae;Nucleocytoviricota;Megaviricetes;Imitervirales;Mimiviridae
genomad_k141_2981227	4747	No terminal repeats	NA	5	11	0.8352	NA	0	1.7183	Viruses;Varidnaviria;Bamfordvirae;Preplasmiviricota;Maveriviricetes;Priklausovirales;Lavidaviridae
genomad_k141_811771	3575	No terminal repeats	NA	6	11	0.8347	NA	1	3.1951	Viruses;Duplodnaviria;Heunggongvirae;Uroviricota;Caudoviricetes
genomad_k141_3000655	6830	No terminal repeats	NA	12	11	0.8339	NA	0	6.9978	Viruses;Duplodnaviria;Heunggongvirae;Uroviricota;Caudoviricetes
genomad_k141_796367	3770	No terminal repeats	NA	9	11	0.8331	NA	0	2.8275	Viruses;Duplodnaviria;Heunggongvirae;Uroviricota;Caudoviricetes;Thumleimavirales;Hafunaviridae
genomad_k141_3108495	3852	No terminal repeats	NA	5	11	0.8331	NA	0	3.3292	Viruses;Duplodnaviria;Heunggongvirae;Uroviricota;Caudoviricetes
genomad_k141_1408865	6729	No terminal repeats	NA	17	11	0.8330	NA	0	4.2653	Viruses;Duplodnaviria;Heunggongvirae;Uroviricota;Caudoviricetes
genomad_k141_3398944|provirus_1_28009	28009	No terminal repeats	NA	39	11	0.8318	NA	5	19.5783	Viruses;Duplodnaviria;Heunggongvirae;Uroviricota;Caudoviricetes
genomad_k141_1296640	3153	No terminal repeats	NA	6	11	0.8312	NA	1	2.8959	Viruses;Duplodnaviria;Heunggongvirae;Uroviricota;Caudoviricetes
virsorter2_k141_2061751||full	2950	No terminal repeats	NA	4	11	0.8312	NA	1	2.5880	Viruses;Duplodnaviria;Heunggongvirae;Uroviricota;Caudoviricetes
genomad_k141_1171790	4103	No terminal repeats	NA	6	11	0.8311	NA	0	2.8958	Viruses;Duplodnaviria;Heunggongvirae;Uroviricota;Caudoviricetes;Thumleimavirales;Hafunaviridae
genomad_k141_3405646	5371	No terminal repeats	NA	13	11	0.8307	NA	0	2.8115	Viruses;Duplodnaviria;Heunggongvirae;Uroviricota;Caudoviricetes
genomad_k141_825217	5891	No terminal repeats	NA	5	11	0.8305	NA	0	1.4239	Unclassified
genomad_k141_3194861	6466	No terminal repeats	NA	17	11	0.8303	NA	0	1.1458	Viruses;Duplodnaviria;Heunggongvirae;Uroviricota;Caudoviricetes
genomad_k141_1917902	8615	No terminal repeats	NA	15	11	0.8297	NA	1	2.9643	Viruses;Duplodnaviria;Heunggongvirae;Uroviricota;Caudoviricetes
genomad_k141_2259375	7000	No terminal repeats	NA	5	11	0.8296	NA	0	6.6826	Viruses;Duplodnaviria;Heunggongvirae;Uroviricota;Caudoviricetes
genomad_k141_1496917	9589	No terminal repeats	NA	10	11	0.8295	NA	1	6.1752	Viruses;Duplodnaviria;Heunggongvirae;Uroviricota;Caudoviricetes
genomad_k141_2688532	3522	No terminal repeats	NA	6	11	0.8292	NA	1	2.2948	Unclassified
genomad_k141_616067	3951	No terminal repeats	NA	7	11	0.8289	NA	0	12.0264	Viruses;Duplodnaviria;Heunggongvirae;Uroviricota;Caudoviricetes
genomad_k141_2558953	4969	No terminal repeats	NA	6	11	0.8286	NA	0	3.2313	Viruses;Duplodnaviria;Heunggongvirae;Uroviricota;Caudoviricetes
genomad_k141_1452725	4479	No terminal repeats	NA	5	11	0.8282	NA	4	8.0953	Viruses;Duplodnaviria;Heunggongvirae;Uroviricota;Caudoviricetes
genomad_k141_600635	5589	No terminal repeats	NA	11	11	0.8273	NA	0	5.0470	Viruses;Duplodnaviria;Heunggongvirae;Uroviricota;Caudoviricetes
genomad_k141_2276693	7370	No terminal repeats	NA	15	11	0.8273	NA	3	7.6388	Viruses;Duplodnaviria;Heunggongvirae;Uroviricota;Caudoviricetes
genomad_k141_2899165	7404	No terminal repeats	NA	6	11	0.8267	NA	2	5.7469	Viruses;Duplodnaviria;Heunggongvirae;Uroviricota;Caudoviricetes
genomad_k141_1438188	4620	No terminal repeats	NA	5	11	0.8267	NA	0	1.7183	Viruses;Duplodnaviria;Heunggongvirae;Uroviricota;Caudoviricetes;Kyanoviridae
genomad_k141_184532	5393	No terminal repeats	NA	8	11	0.8253	NA	3	4.4195	Viruses;Duplodnaviria;Heunggongvirae;Uroviricota;Caudoviricetes
genomad_k141_120744	4195	No terminal repeats	NA	11	11	0.8244	NA	0	5.4302	Viruses;Duplodnaviria;Heunggongvirae;Uroviricota;Caudoviricetes
genomad_k141_2016485	3850	No terminal repeats	NA	6	11	0.8244	NA	0	1.4239	Unclassified
genomad_k141_2443892	4425	No terminal repeats	NA	8	11	0.8241	NA	0	10.2741	Viruses;Duplodnaviria;Heunggongvirae;Uroviricota;Caudoviricetes
virsorter2_k141_1703782||full	5061	No terminal repeats	NA	13	11	0.8238	NA	0	2.6277	Viruses;Duplodnaviria;Heunggongvirae;Uroviricota;Caudoviricetes
genomad_k141_196099	3986	No terminal repeats	NA	6	11	0.8238	NA	0	1.7183	Viruses;Varidnaviria;Bamfordvirae;Nucleocytoviricota;Megaviricetes;Algavirales;Phycodnaviridae
genomad_k141_2021728	3882	No terminal repeats	NA	11	11	0.8236	NA	0	1.7183	Viruses;Duplodnaviria;Heunggongvirae;Uroviricota;Caudoviricetes
genomad_k141_263507	5036	No terminal repeats	NA	5	11	0.8231	NA	0	1.7183	Unclassified
genomad_k141_1727359	3733	No terminal repeats	NA	8	11	0.8230	NA	0	2.8808	Viruses;Duplodnaviria;Heunggongvirae;Uroviricota;Caudoviricetes
genomad_k141_589102	3619	No terminal repeats	NA	6	11	0.8230	NA	0	3.2165	Viruses;Duplodnaviria;Heunggongvirae;Uroviricota;Caudoviricetes
virsorter2_k141_1805787||full	4051	No terminal repeats	NA	11	11	0.8229	NA	0	4.2313	Viruses;Duplodnaviria;Heunggongvirae;Uroviricota;Caudoviricetes
genomad_k141_2366541	5501	No terminal repeats	NA	13	11	0.8227	NA	0	2.9216	Viruses;Duplodnaviria;Heunggongvirae;Uroviricota;Caudoviricetes
genomad_k141_3522941	4010	No terminal repeats	NA	5	11	0.8225	NA	0	1.6995	Viruses;Duplodnaviria;Heunggongvirae;Uroviricota;Caudoviricetes
genomad_k141_2682795	3635	No terminal repeats	NA	10	11	0.8220	NA	2	3.3861	Viruses;Duplodnaviria;Heunggongvirae;Uroviricota;Caudoviricetes
genomad_k141_1428946	8598	No terminal repeats	NA	16	11	0.8220	NA	2	5.6368	Viruses;Duplodnaviria;Heunggongvirae;Uroviricota;Caudoviricetes
genomad_k141_1232733	5473	No terminal repeats	NA	6	11	0.8213	NA	1	2.6179	Viruses;Duplodnaviria;Heunggongvirae;Uroviricota;Caudoviricetes
genomad_k141_2096136	7593	No terminal repeats	NA	7	11	0.8213	NA	0	3.0436	Viruses;Duplodnaviria;Heunggongvirae;Uroviricota;Caudoviricetes
genomad_k141_3123893	3555	No terminal repeats	NA	7	11	0.8206	NA	1	1.5367	Viruses;Duplodnaviria;Heunggongvirae;Uroviricota;Caudoviricetes
genomad_k141_3713549	4026	No terminal repeats	NA	7	11	0.8205	NA	0	1.6137	Viruses;Varidnaviria;Bamfordvirae;Nucleocytoviricota;Megaviricetes
genomad_k141_2336237	3744	No terminal repeats	NA	9	11	0.8205	NA	0	1.4744	Viruses;Duplodnaviria;Heunggongvirae;Uroviricota;Caudoviricetes
genomad_k141_1888118	3644	No terminal repeats	NA	5	11	0.8196	NA	0	0.8684	Viruses;Duplodnaviria;Heunggongvirae;Uroviricota;Caudoviricetes
genomad_k141_1748811	7763	No terminal repeats	NA	12	11	0.8194	NA	2	3.0572	Viruses;Duplodnaviria;Heunggongvirae;Uroviricota;Caudoviricetes
genomad_k141_1117041	5481	No terminal repeats	NA	7	11	0.8193	NA	1	3.3785	Viruses;Duplodnaviria;Heunggongvirae;Uroviricota;Caudoviricetes
genomad_k141_2865995	7149	No terminal repeats	NA	10	11	0.8192	NA	0	3.8516	Viruses;Duplodnaviria;Heunggongvirae;Uroviricota;Caudoviricetes
genomad_k141_226866	4274	No terminal repeats	NA	8	11	0.8190	NA	0	1.4842	Viruses;Duplodnaviria;Heunggongvirae;Uroviricota;Caudoviricetes
genomad_k141_3621405	7149	No terminal repeats	NA	14	11	0.8178	NA	0	3.4334	Viruses;Duplodnaviria;Heunggongvirae;Uroviricota;Caudoviricetes
genomad_k141_2348841	8205	No terminal repeats	NA	19	11	0.8177	NA	1	8.6580	Viruses;Duplodnaviria;Heunggongvirae;Uroviricota;Caudoviricetes
genomad_k141_3178805	8729	No terminal repeats	NA	18	11	0.8174	NA	0	1.3190	Viruses;Duplodnaviria;Heunggongvirae;Uroviricota;Caudoviricetes
genomad_k141_1911746	5818	No terminal repeats	NA	6	11	0.8170	NA	1	8.5914	Viruses;Duplodnaviria;Heunggongvirae;Uroviricota;Caudoviricetes
genomad_k141_3157314	4489	No terminal repeats	NA	5	11	0.8168	NA	0	1.7183	Viruses;Duplodnaviria;Heunggongvirae;Uroviricota;Caudoviricetes;Kyanoviridae
genomad_k141_1859651	5008	No terminal repeats	NA	6	11	0.8157	NA	0	1.1525	Viruses;Duplodnaviria;Heunggongvirae;Uroviricota;Caudoviricetes
genomad_k141_213258	5662	No terminal repeats	NA	8	11	0.8145	NA	1	9.3557	Viruses;Duplodnaviria;Heunggongvirae;Uroviricota;Caudoviricetes
genomad_k141_2678546	5283	No terminal repeats	NA	12	11	0.8138	NA	0	1.7183	Viruses;Duplodnaviria;Heunggongvirae;Uroviricota;Caudoviricetes
genomad_k141_961363	3769	No terminal repeats	NA	5	11	0.8137	NA	0	2.9154	Viruses;Duplodnaviria;Heunggongvirae;Uroviricota;Caudoviricetes
virsorter2_k141_886005||full	3695	No terminal repeats	NA	5	11	0.8136	NA	0	2.8084	Viruses;Duplodnaviria;Heunggongvirae;Uroviricota;Caudoviricetes
genomad_k141_3047912	5909	No terminal repeats	NA	7	11	0.8127	NA	1	3.4348	Viruses;Varidnaviria;Bamfordvirae;Preplasmiviricota;Tectiliviricetes;Autolykiviridae
virsorter2_k141_1795409||full	3858	No terminal repeats	NA	5	11	0.8121	NA	0	2.5024	Viruses;Duplodnaviria;Heunggongvirae;Uroviricota;Caudoviricetes;Ackermannviridae
genomad_k141_1444361	7681	No terminal repeats	NA	8	11	0.8118	NA	2	11.4039	Viruses;Duplodnaviria;Heunggongvirae;Uroviricota;Caudoviricetes
genomad_k141_1095509	4887	No terminal repeats	NA	11	11	0.8113	NA	1	1.7645	Viruses;Duplodnaviria;Heunggongvirae;Uroviricota;Caudoviricetes
genomad_k141_2132109	3767	No terminal repeats	NA	5	11	0.8105	NA	0	2.1601	Viruses;Duplodnaviria;Heunggongvirae;Uroviricota;Caudoviricetes
genomad_k141_442516	3800	No terminal repeats	NA	5	11	0.8104	NA	0	1.0539	Unclassified
genomad_k141_2207575	3931	No terminal repeats	NA	9	11	0.8102	NA	0	3.3763	Viruses;Duplodnaviria;Heunggongvirae;Uroviricota;Caudoviricetes
genomad_k141_77635	4421	No terminal repeats	NA	8	11	0.8098	NA	0	5.1394	Viruses;Duplodnaviria;Heunggongvirae;Uroviricota;Caudoviricetes;Autographiviridae
genomad_k141_1842046	4248	No terminal repeats	NA	8	11	0.8095	NA	0	1.7183	Viruses;Duplodnaviria;Heunggongvirae;Uroviricota;Caudoviricetes
genomad_k141_1317022	3657	No terminal repeats	NA	9	11	0.8087	NA	0	1.3926	Viruses;Duplodnaviria;Heunggongvirae;Uroviricota;Caudoviricetes
genomad_k141_613176	3623	No terminal repeats	NA	6	11	0.8085	NA	0	1.7183	Unclassified
genomad_k141_267149	4386	No terminal repeats	NA	5	11	0.8083	NA	1	3.4130	Unclassified
genomad_k141_3794723	3756	No terminal repeats	NA	10	11	0.8076	NA	0	4.0798	Viruses;Duplodnaviria;Heunggongvirae;Uroviricota;Caudoviricetes;Vertoviridae
genomad_k141_664156	3871	No terminal repeats	NA	6	11	0.8076	NA	0	8.5914	Viruses;Duplodnaviria;Heunggongvirae;Uroviricota;Caudoviricetes;Kyanoviridae
genomad_k141_1732879	2962	No terminal repeats	NA	3	11	0.8068	NA	1	1.3789	Viruses;Duplodnaviria;Heunggongvirae;Uroviricota;Caudoviricetes
genomad_k141_3200844	4371	No terminal repeats	NA	10	11	0.8064	NA	0	2.4802	Viruses;Duplodnaviria;Heunggongvirae;Uroviricota;Caudoviricetes
genomad_k141_799327	4102	No terminal repeats	NA	6	11	0.8059	NA	1	3.5681	Viruses;Varidnaviria;Bamfordvirae;Nucleocytoviricota;Megaviricetes;Imitervirales;Mimiviridae
genomad_k141_1275566	7883	No terminal repeats	NA	17	11	0.8059	NA	0	1.4496	Viruses;Duplodnaviria;Heunggongvirae;Uroviricota;Caudoviricetes
genomad_k141_372102	4493	No terminal repeats	NA	6	11	0.8050	NA	0	1.4286	Viruses;Duplodnaviria;Heunggongvirae;Uroviricota;Caudoviricetes
genomad_k141_3725809	5337	No terminal repeats	NA	5	11	0.8049	NA	0	2.4118	Viruses;Duplodnaviria;Heunggongvirae;Uroviricota;Caudoviricetes;Herelleviridae
genomad_k141_3303160	30107	No terminal repeats	NA	42	11	0.8048	NA	6	32.6403	Viruses;Duplodnaviria;Heunggongvirae;Uroviricota;Caudoviricetes
genomad_k141_1031529	5574	No terminal repeats	NA	11	11	0.8047	NA	1	3.0582	Viruses;Duplodnaviria;Heunggongvirae;Uroviricota;Caudoviricetes
genomad_k141_340077	6164	No terminal repeats	NA	9	11	0.8045	NA	0	0.0000	Unclassified
genomad_k141_729076	5119	No terminal repeats	NA	7	11	0.8041	NA	1	1.7183	Unclassified
virsorter2_k141_3459734||full	5506	No terminal repeats	NA	7	11	0.8038	NA	1	4.0227	Viruses;Duplodnaviria;Heunggongvirae;Uroviricota;Caudoviricetes
genomad_k141_193810	4465	No terminal repeats	NA	5	11	0.8038	NA	0	1.6931	Viruses;Duplodnaviria;Heunggongvirae;Uroviricota;Caudoviricetes
genomad_k141_1234642	7835	No terminal repeats	NA	11	11	0.8033	NA	2	17.8460	Viruses;Duplodnaviria;Heunggongvirae;Uroviricota;Caudoviricetes
genomad_k141_2616399	6156	No terminal repeats	NA	5	11	0.8028	NA	0	0.0000	Unclassified
genomad_k141_1643612	3821	No terminal repeats	NA	10	11	0.8028	NA	0	1.0206	Viruses;Duplodnaviria;Heunggongvirae;Uroviricota;Caudoviricetes
genomad_k141_497819	4497	No terminal repeats	NA	9	11	0.8027	NA	0	2.4469	Viruses;Duplodnaviria;Heunggongvirae;Uroviricota;Caudoviricetes
genomad_k141_3754683	4277	No terminal repeats	NA	9	11	0.8024	NA	0	2.8025	Viruses;Duplodnaviria;Heunggongvirae;Uroviricota;Caudoviricetes
genomad_k141_1010769	7693	No terminal repeats	NA	13	11	0.8019	NA	0	1.2610	Viruses;Monodnaviria;Trapavirae;Saleviricota;Huolimaviricetes;Haloruvirales;Pleolipoviridae
genomad_k141_3466714	4508	No terminal repeats	NA	9	11	0.8015	NA	0	0.7849	Viruses;Duplodnaviria;Heunggongvirae;Uroviricota;Caudoviricetes
genomad_k141_2579382	3629	No terminal repeats	NA	7	4	0.7993	NA	0	1.7183	Viruses;Varidnaviria;Bamfordvirae;Nucleocytoviricota;Megaviricetes;Imitervirales;Mimiviridae
genomad_k141_3169495	3618	No terminal repeats	NA	7	11	0.7980	NA	0	4.3624	Viruses;Duplodnaviria;Heunggongvirae;Uroviricota;Caudoviricetes
genomad_k141_271405	6473	No terminal repeats	NA	15	11	0.7978	NA	0	4.8574	Viruses;Duplodnaviria;Heunggongvirae;Uroviricota;Caudoviricetes
genomad_k141_1547397	3563	No terminal repeats	NA	8	11	0.7973	NA	0	1.1323	Viruses;Duplodnaviria;Heunggongvirae;Uroviricota;Caudoviricetes
genomad_k141_1605860	7898	No terminal repeats	NA	11	11	0.7973	NA	0	1.7183	Unclassified
genomad_k141_245797	6314	No terminal repeats	NA	9	11	0.7971	NA	0	1.7183	Viruses;Varidnaviria;Bamfordvirae;Nucleocytoviricota;Megaviricetes;Pimascovirales;Marseilleviridae
genomad_k141_1122189	6751	No terminal repeats	NA	12	11	0.7965	NA	1	8.0761	Viruses;Duplodnaviria;Heunggongvirae;Uroviricota;Caudoviricetes
genomad_k141_2473715	5417	No terminal repeats	NA	6	11	0.7964	NA	0	3.0502	Unclassified
genomad_k141_2360288	9992	No terminal repeats	NA	21	11	0.7955	NA	0	2.1673	Viruses;Duplodnaviria;Heunggongvirae;Uroviricota;Caudoviricetes
genomad_k141_207072	6237	No terminal repeats	NA	8	11	0.7954	NA	0	2.8730	Viruses;Duplodnaviria;Heunggongvirae;Uroviricota;Caudoviricetes
virsorter2_k141_165163||full	809	No terminal repeats	NA	2	11	0.7945	NA	2	3.4252	Viruses;Duplodnaviria;Heunggongvirae;Uroviricota;Caudoviricetes
genomad_k141_2002387	4631	No terminal repeats	NA	5	11	0.7929	NA	2	4.7172	Viruses;Duplodnaviria;Heunggongvirae;Uroviricota;Caudoviricetes
genomad_k141_311097	4953	No terminal repeats	NA	6	11	0.7928	NA	0	1.7183	Viruses;Duplodnaviria;Heunggongvirae;Uroviricota;Caudoviricetes
genomad_k141_2896799	8587	No terminal repeats	NA	13	11	0.7927	NA	0	2.7407	Viruses;Duplodnaviria;Heunggongvirae;Uroviricota;Caudoviricetes
genomad_k141_855355	5148	No terminal repeats	NA	7	11	0.7914	NA	0	2.9654	Viruses;Duplodnaviria;Heunggongvirae;Uroviricota;Caudoviricetes;Kyanoviridae
genomad_k141_894610	4054	No terminal repeats	NA	10	11	0.7908	NA	0	9.2329	Viruses;Duplodnaviria;Heunggongvirae;Uroviricota;Caudoviricetes
genomad_k141_1467723	5188	No terminal repeats	NA	5	11	0.7896	NA	0	1.4570	Viruses;Duplodnaviria;Heunggongvirae;Uroviricota;Caudoviricetes
genomad_k141_2918078	3633	No terminal repeats	NA	6	11	0.7896	NA	0	1.6902	Viruses;Duplodnaviria;Heunggongvirae;Uroviricota;Caudoviricetes
genomad_k141_781520	7150	No terminal repeats	NA	16	11	0.7891	NA	0	5.8369	Viruses;Duplodnaviria;Heunggongvirae;Uroviricota;Caudoviricetes
genomad_k141_36304	3802	No terminal repeats	NA	11	11	0.7888	NA	0	2.1400	Viruses;Duplodnaviria;Heunggongvirae;Uroviricota;Caudoviricetes
virsorter2_k141_3801412||full	6555	No terminal repeats	NA	9	11	0.7887	NA	1	3.8219	Viruses;Duplodnaviria;Heunggongvirae;Uroviricota;Caudoviricetes
genomad_k141_2531735	6826	No terminal repeats	NA	18	11	0.7882	NA	0	3.0312	Viruses;Duplodnaviria;Heunggongvirae;Uroviricota;Caudoviricetes;Straboviridae
genomad_k141_1716110	5817	No terminal repeats	NA	8	11	0.7862	NA	0	1.6625	Viruses;Duplodnaviria;Heunggongvirae;Uroviricota;Caudoviricetes
genomad_k141_944735	7228	No terminal repeats	NA	7	11	0.7861	NA	0	0.0000	Unclassified
genomad_k141_986899	6540	No terminal repeats	NA	7	11	0.7859	NA	1	1.7136	Viruses;Duplodnaviria;Heunggongvirae;Uroviricota;Caudoviricetes
genomad_k141_1614436	5594	No terminal repeats	NA	8	11	0.7857	NA	0	1.1098	Viruses;Duplodnaviria;Heunggongvirae;Uroviricota;Caudoviricetes
virsorter2_k141_2648312||full	3553	No terminal repeats	NA	8	11	0.7857	NA	0	2.3398	Viruses;Duplodnaviria;Heunggongvirae;Uroviricota;Caudoviricetes
virsorter2_k141_2987315||full	3866	No terminal repeats	NA	6	11	0.7853	NA	0	1.2639	Viruses;Duplodnaviria;Heunggongvirae;Uroviricota;Caudoviricetes
genomad_k141_1574717	4921	No terminal repeats	NA	6	11	0.7853	NA	0	1.2243	Viruses;Duplodnaviria;Heunggongvirae;Uroviricota;Caudoviricetes
genomad_k141_2693310	4599	No terminal repeats	NA	6	11	0.7840	NA	1	2.4940	Viruses;Duplodnaviria;Heunggongvirae;Uroviricota;Caudoviricetes
genomad_k141_2559150	4669	No terminal repeats	NA	7	11	0.7840	NA	2	3.1125	Viruses;Duplodnaviria;Heunggongvirae;Uroviricota;Caudoviricetes
genomad_k141_801470	3561	No terminal repeats	NA	8	11	0.7835	NA	1	2.6658	Unclassified
virsorter2_k141_3289697||full	5717	No terminal repeats	NA	7	11	0.7834	NA	0	1.7183	Unclassified
genomad_k141_707240	8092	No terminal repeats	NA	11	11	0.7833	NA	0	2.2246	Viruses;Duplodnaviria;Heunggongvirae;Uroviricota;Caudoviricetes
genomad_k141_390734	4482	No terminal repeats	NA	8	11	0.7821	NA	2	4.1040	Viruses;Duplodnaviria;Heunggongvirae;Uroviricota;Caudoviricetes
genomad_k141_2210075	4224	No terminal repeats	NA	8	11	0.7813	NA	0	3.4366	Viruses;Varidnaviria;Bamfordvirae;Nucleocytoviricota;Megaviricetes;Algavirales;Phycodnaviridae
genomad_k141_28988	7870	No terminal repeats	NA	17	11	0.7812	NA	0	2.9030	Viruses;Duplodnaviria;Heunggongvirae;Uroviricota;Caudoviricetes
genomad_k141_2860056	4189	No terminal repeats	NA	8	11	0.7797	NA	0	3.3292	Viruses;Duplodnaviria;Heunggongvirae;Uroviricota;Caudoviricetes
genomad_k141_691664	6028	No terminal repeats	NA	7	11	0.7795	NA	0	2.9421	Viruses;Varidnaviria;Bamfordvirae;Nucleocytoviricota;Megaviricetes;Imitervirales;Mimiviridae
virsorter2_k141_126537||full	3619	No terminal repeats	NA	7	11	0.7795	NA	1	2.8510	Viruses;Duplodnaviria;Heunggongvirae;Uroviricota;Caudoviricetes
virsorter2_k141_2511442||full	6990	No terminal repeats	NA	6	11	0.7769	NA	0	1.3166	Viruses;Duplodnaviria;Heunggongvirae;Uroviricota;Caudoviricetes
genomad_k141_1972349	1995	No terminal repeats	NA	2	11	0.7766	NA	1	2.5364	Viruses;Duplodnaviria;Heunggongvirae;Uroviricota;Caudoviricetes
virsorter2_k141_2201682||full	4495	No terminal repeats	NA	5	11	0.7763	NA	0	3.0330	Viruses;Duplodnaviria;Heunggongvirae;Uroviricota;Caudoviricetes
genomad_k141_3105861	3824	No terminal repeats	NA	8	11	0.7750	NA	0	1.3150	Viruses;Duplodnaviria;Heunggongvirae;Uroviricota;Caudoviricetes
genomad_k141_596207	4399	No terminal repeats	NA	6	11	0.7743	NA	1	1.6842	Viruses;Duplodnaviria;Heunggongvirae;Uroviricota;Caudoviricetes
genomad_k141_1367677	5919	No terminal repeats	NA	11	11	0.7739	NA	0	1.0454	Viruses;Duplodnaviria;Heunggongvirae;Uroviricota;Caudoviricetes
genomad_k141_3508589	3781	No terminal repeats	NA	11	11	0.7736	NA	2	2.5515	Viruses;Duplodnaviria;Heunggongvirae;Uroviricota;Caudoviricetes
genomad_k141_2585240	7924	No terminal repeats	NA	5	11	0.7733	NA	2	6.6084	Viruses;Duplodnaviria;Heunggongvirae;Uroviricota;Caudoviricetes
genomad_k141_2460239	3589	No terminal repeats	NA	6	11	0.7723	NA	0	1.7183	Unclassified
genomad_k141_2833907	4992	No terminal repeats	NA	6	11	0.7721	NA	0	0.0000	Unclassified
genomad_k141_2385036	4891	No terminal repeats	NA	5	11	0.7715	NA	1	1.7183	Viruses;Varidnaviria;Bamfordvirae;Nucleocytoviricota;Megaviricetes;Pimascovirales;Iridoviridae
genomad_k141_1339269	3685	No terminal repeats	NA	5	11	0.7714	NA	0	3.1734	Viruses;Varidnaviria;Bamfordvirae;Nucleocytoviricota;Megaviricetes;Algavirales;Phycodnaviridae
genomad_k141_3721753	3601	No terminal repeats	NA	13	11	0.7706	NA	0	3.8321	Viruses;Duplodnaviria;Heunggongvirae;Uroviricota;Caudoviricetes
genomad_k141_1705868	7471	No terminal repeats	NA	12	11	0.7697	NA	0	1.7183	Viruses;Varidnaviria;Bamfordvirae
genomad_k141_2878768	7588	No terminal repeats	NA	17	11	0.7695	NA	0	4.7343	Viruses;Duplodnaviria;Heunggongvirae;Uroviricota;Caudoviricetes
genomad_k141_3584729	7627	No terminal repeats	NA	19	11	0.7690	NA	2	12.6812	Viruses;Duplodnaviria;Heunggongvirae;Uroviricota;Caudoviricetes
genomad_k141_3443631	5736	No terminal repeats	NA	15	11	0.7688	NA	0	2.8320	Viruses;Duplodnaviria;Heunggongvirae;Uroviricota;Caudoviricetes
genomad_k141_3619507	3605	No terminal repeats	NA	8	11	0.7679	NA	0	1.7183	Viruses;Duplodnaviria;Heunggongvirae;Uroviricota;Caudoviricetes
genomad_k141_1822479	3687	No terminal repeats	NA	5	11	0.7663	NA	0	4.7704	Viruses;Duplodnaviria;Heunggongvirae;Uroviricota;Caudoviricetes
genomad_k141_1154900	8047	No terminal repeats	NA	11	11	0.7639	NA	0	4.8460	Viruses;Duplodnaviria;Heunggongvirae;Uroviricota;Caudoviricetes
genomad_k141_3168818	4912	No terminal repeats	NA	8	11	0.7634	NA	1	3.1077	Viruses;Duplodnaviria;Heunggongvirae;Uroviricota;Caudoviricetes
virsorter2_k141_1805540||full	5229	No terminal repeats	NA	5	11	0.7631	NA	1	3.9129	Viruses;Duplodnaviria;Heunggongvirae;Uroviricota;Caudoviricetes
genomad_k141_790755	4999	No terminal repeats	NA	10	11	0.7628	NA	2	3.0878	Viruses;Duplodnaviria;Heunggongvirae;Uroviricota;Caudoviricetes
genomad_k141_565292	8738	No terminal repeats	NA	10	11	0.7616	NA	0	0.7124	Viruses;Duplodnaviria;Heunggongvirae;Uroviricota;Caudoviricetes
virsorter2_k141_541419||full	6576	No terminal repeats	NA	5	11	0.7608	NA	1	2.7429	Viruses;Duplodnaviria;Heunggongvirae;Uroviricota;Caudoviricetes
genomad_k141_2129399	4071	No terminal repeats	NA	7	11	0.7607	NA	0	0.0000	Unclassified
genomad_k141_3729935	3748	No terminal repeats	NA	7	11	0.7604	NA	0	1.0044	Unclassified
genomad_k141_2891629	3934	No terminal repeats	NA	9	11	0.7597	NA	0	1.3953	Viruses;Duplodnaviria;Heunggongvirae;Uroviricota;Caudoviricetes
genomad_k141_1282532	6371	No terminal repeats	NA	8	11	0.7592	NA	1	5.1548	Viruses;Varidnaviria;Bamfordvirae;Nucleocytoviricota;Megaviricetes
virsorter2_k141_2363199||full	4864	No terminal repeats	NA	9	11	0.7582	NA	0	1.0044	Unclassified
genomad_k141_3230133	5106	No terminal repeats	NA	8	11	0.7570	NA	0	3.4366	Viruses;Duplodnaviria;Heunggongvirae;Uroviricota;Caudoviricetes;Kyanoviridae
genomad_k141_978921	4327	No terminal repeats	NA	9	11	0.7560	NA	0	1.7183	Viruses;Duplodnaviria;Heunggongvirae;Uroviricota;Caudoviricetes
genomad_k141_383893	6994	No terminal repeats	NA	5	11	0.7555	NA	0	0.0000	Unclassified
genomad_k141_840022	5492	No terminal repeats	NA	5	11	0.7549	NA	0	2.3723	Viruses;Duplodnaviria;Heunggongvirae;Uroviricota;Caudoviricetes
genomad_k141_20797	5151	No terminal repeats	NA	7	11	0.7536	NA	0	1.1525	Viruses;Duplodnaviria;Heunggongvirae;Uroviricota;Caudoviricetes
genomad_k141_18087	6228	No terminal repeats	NA	8	11	0.7526	NA	0	1.2306	Unclassified
genomad_k141_435096	3511	No terminal repeats	NA	7	11	0.7526	NA	1	2.9242	Viruses;Duplodnaviria;Heunggongvirae;Uroviricota;Caudoviricetes
virsorter2_k141_1377424||full	4998	No terminal repeats	NA	6	11	0.7523	NA	1	3.2254	Viruses;Duplodnaviria;Heunggongvirae;Uroviricota;Caudoviricetes
genomad_k141_1087839	3673	No terminal repeats	NA	8	11	0.7522	NA	0	1.2238	Unclassified
genomad_k141_2143263	6753	No terminal repeats	NA	8	11	0.7521	NA	0	2.6875	Viruses;Duplodnaviria;Heunggongvirae;Uroviricota;Caudoviricetes
genomad_k141_3106619	3821	No terminal repeats	NA	11	11	0.7512	NA	0	1.0112	Viruses;Duplodnaviria;Heunggongvirae;Uroviricota;Caudoviricetes
genomad_k141_3065858	5431	No terminal repeats	NA	6	11	0.7510	NA	0	0.0000	Unclassified
genomad_k141_2860642	5779	No terminal repeats	NA	13	11	0.7510	NA	0	0.0000	Unclassified
genomad_k141_1437511	3636	No terminal repeats	NA	5	11	0.7494	NA	0	0.0000	Unclassified
genomad_k141_3509812	3623	No terminal repeats	NA	6	11	0.7492	NA	0	1.4571	Viruses;Duplodnaviria;Heunggongvirae;Uroviricota;Caudoviricetes
genomad_k141_662379	7543	No terminal repeats	NA	9	11	0.7489	NA	0	1.3634	Viruses;Varidnaviria;Bamfordvirae;Nucleocytoviricota;Megaviricetes;Imitervirales;Mimiviridae
virsorter2_k141_1748071||full	3640	No terminal repeats	NA	6	11	0.7486	NA	0	1.7183	Viruses;Duplodnaviria;Heunggongvirae;Uroviricota;Caudoviricetes;Straboviridae
genomad_k141_46337	4416	No terminal repeats	NA	6	11	0.7474	NA	0	1.7183	Unclassified
genomad_k141_1644718	3834	No terminal repeats	NA	12	11	0.7461	NA	0	1.4744	Viruses;Duplodnaviria;Heunggongvirae;Uroviricota;Caudoviricetes
genomad_k141_2510263	5496	No terminal repeats	NA	17	11	0.7454	NA	0	0.1609	Viruses;Duplodnaviria;Heunggongvirae;Uroviricota;Caudoviricetes
genomad_k141_3251399	6233	No terminal repeats	NA	5	11	0.7441	NA	0	1.7183	Viruses;Duplodnaviria;Heunggongvirae;Uroviricota;Caudoviricetes;Demerecviridae
genomad_k141_2327916	3659	No terminal repeats	NA	6	11	0.7441	NA	0	1.2920	Viruses;Duplodnaviria;Heunggongvirae;Uroviricota;Caudoviricetes
genomad_k141_3106372	5025	No terminal repeats	NA	5	11	0.7420	NA	0	0.0000	Unclassified
genomad_k141_1332741	4367	No terminal repeats	NA	10	11	0.7406	NA	1	9.6555	Viruses;Duplodnaviria;Heunggongvirae;Uroviricota;Caudoviricetes;Kyanoviridae
genomad_k141_2356907	8738	No terminal repeats	NA	6	11	0.7387	NA	0	6.6015	Viruses;Duplodnaviria;Heunggongvirae;Uroviricota;Caudoviricetes
genomad_k141_1376474	5319	No terminal repeats	NA	5	11	0.7386	NA	1	3.1435	Viruses;Duplodnaviria;Heunggongvirae;Uroviricota;Caudoviricetes
virsorter2_k141_2918391||full	4083	No terminal repeats	NA	9	11	0.7382	NA	0	1.4310	Viruses;Duplodnaviria;Heunggongvirae;Uroviricota;Caudoviricetes
virsorter2_k141_3078389||full	7916	No terminal repeats	NA	13	11	0.7380	NA	1	1.5613	Viruses;Duplodnaviria;Heunggongvirae;Uroviricota;Caudoviricetes
genomad_k141_64442	7340	No terminal repeats	NA	5	11	0.7368	NA	1	8.1769	Viruses;Duplodnaviria;Heunggongvirae;Uroviricota;Caudoviricetes
genomad_k141_1092646	6158	No terminal repeats	NA	9	11	0.7359	NA	0	1.7183	Viruses;Varidnaviria;Bamfordvirae;Nucleocytoviricota;Megaviricetes;Algavirales;Phycodnaviridae
genomad_k141_3353540	6020	No terminal repeats	NA	9	11	0.7359	NA	0	1.4744	Viruses;Duplodnaviria;Heunggongvirae;Uroviricota;Caudoviricetes
genomad_k141_519560	3715	No terminal repeats	NA	8	11	0.7352	NA	0	1.4845	Viruses;Duplodnaviria;Heunggongvirae;Uroviricota;Caudoviricetes
genomad_k141_3272690	4148	No terminal repeats	NA	7	11	0.7344	NA	0	0.0000	Unclassified
genomad_k141_3250915	8183	No terminal repeats	NA	11	11	0.7332	NA	0	1.3348	Viruses;Duplodnaviria;Heunggongvirae;Uroviricota;Caudoviricetes
virsorter2_k141_449709||full	4111	No terminal repeats	NA	6	11	0.7330	NA	0	1.7183	Viruses;Varidnaviria;Bamfordvirae;Nucleocytoviricota;Megaviricetes;Imitervirales;Mimiviridae
genomad_k141_2680910	3678	No terminal repeats	NA	8	11	0.7326	NA	0	1.9698	Viruses;Duplodnaviria;Heunggongvirae;Uroviricota;Caudoviricetes
genomad_k141_3390691	5589	No terminal repeats	NA	5	4	0.7319	NA	0	0.0000	Unclassified
virsorter2_k141_1930912||full	9360	No terminal repeats	NA	6	11	0.7296	NA	0	3.4093	Viruses;Duplodnaviria;Heunggongvirae;Uroviricota;Caudoviricetes
virsorter2_k141_3363333||full	3722	No terminal repeats	NA	6	11	0.7295	NA	1	2.8313	Viruses;Duplodnaviria;Heunggongvirae;Uroviricota;Caudoviricetes
virsorter2_k141_958838||full	3950	No terminal repeats	NA	12	11	0.7273	NA	0	0.9738	Viruses;Duplodnaviria;Heunggongvirae;Uroviricota;Caudoviricetes
genomad_k141_2424865	3609	No terminal repeats	NA	5	11	0.7271	NA	1	6.4229	Viruses;Duplodnaviria;Heunggongvirae;Uroviricota;Caudoviricetes
genomad_k141_2306330	4977	No terminal repeats	NA	12	11	0.7267	NA	1	3.6181	Viruses;Duplodnaviria;Heunggongvirae;Uroviricota;Caudoviricetes;Thumleimavirales;Hafunaviridae
genomad_k141_3592965	5041	No terminal repeats	NA	5	11	0.7267	NA	0	1.2436	Unclassified
genomad_k141_451417	7157	No terminal repeats	NA	9	11	0.7259	NA	0	4.6374	Viruses;Varidnaviria;Bamfordvirae;Nucleocytoviricota;Megaviricetes;Algavirales;Phycodnaviridae
virsorter2_k141_868171||full	3640	No terminal repeats	NA	7	11	0.7250	NA	0	4.3833	Viruses;Duplodnaviria;Heunggongvirae;Uroviricota;Caudoviricetes
genomad_k141_509516	3621	No terminal repeats	NA	8	11	0.7242	NA	0	1.3438	Viruses;Duplodnaviria;Heunggongvirae;Uroviricota;Caudoviricetes
genomad_k141_3132301	4868	No terminal repeats	NA	6	11	0.7242	NA	0	3.4366	Viruses;Varidnaviria;Bamfordvirae;Preplasmiviricota;Maveriviricetes;Priklausovirales;Lavidaviridae
genomad_k141_3607022	3785	No terminal repeats	NA	6	11	0.7242	NA	1	4.7300	Viruses;Duplodnaviria;Heunggongvirae;Uroviricota;Caudoviricetes
genomad_k141_3347815	4243	No terminal repeats	NA	5	11	0.7240	NA	0	1.2700	Viruses;Duplodnaviria;Heunggongvirae;Uroviricota;Caudoviricetes
genomad_k141_2486076	8796	No terminal repeats	NA	10	11	0.7228	NA	0	0.0000	Unclassified
genomad_k141_294267	9517	No terminal repeats	NA	20	11	0.7227	NA	0	1.0898	Unclassified
virsorter2_k141_2543432||full	4887	No terminal repeats	NA	7	11	0.7215	NA	0	2.7043	Viruses;Duplodnaviria;Heunggongvirae;Uroviricota;Caudoviricetes
genomad_k141_419933	3981	No terminal repeats	NA	7	11	0.7210	NA	1	1.7146	Unclassified
genomad_k141_1692751	7491	No terminal repeats	NA	9	11	0.7207	NA	0	7.9870	Viruses;Duplodnaviria;Heunggongvirae;Uroviricota;Caudoviricetes
genomad_k141_3387658	6528	No terminal repeats	NA	11	11	0.7193	NA	0	1.7183	Viruses;Duplodnaviria;Heunggongvirae;Uroviricota;Caudoviricetes
genomad_k141_3800783	7906	DTR	NA	6	11	0.7176	NA	0	1.2179	Viruses;Varidnaviria;Bamfordvirae
virsorter2_k141_3034960||full	4634	No terminal repeats	NA	7	11	0.7175	NA	0	0.0000	Unclassified
genomad_k141_1156362	9239	No terminal repeats	NA	15	11	0.7163	NA	0	2.3582	Viruses;Duplodnaviria;Heunggongvirae;Uroviricota;Caudoviricetes
genomad_k141_2897258	3723	No terminal repeats	NA	6	11	0.7152	NA	0	2.7928	Viruses;Duplodnaviria;Heunggongvirae;Uroviricota;Caudoviricetes
virsorter2_k141_2055083||full	8651	No terminal repeats	NA	14	11	0.7149	NA	4	10.6755	Viruses;Duplodnaviria;Heunggongvirae;Uroviricota;Caudoviricetes
genomad_k141_1976864	3972	No terminal repeats	NA	5	11	0.7137	NA	0	3.0790	Viruses;Duplodnaviria;Heunggongvirae;Uroviricota;Caudoviricetes
genomad_k141_2690939	9044	No terminal repeats	NA	15	11	0.7130	NA	0	1.1574	Viruses;Duplodnaviria;Heunggongvirae;Uroviricota;Caudoviricetes
virsorter2_k141_2190389||full	7155	No terminal repeats	NA	16	11	0.7119	NA	0	3.5617	Viruses;Duplodnaviria;Heunggongvirae;Uroviricota;Caudoviricetes
virsorter2_k141_363765||full	5953	No terminal repeats	NA	16	11	0.7105	NA	1	1.2008	Viruses;Duplodnaviria;Heunggongvirae;Uroviricota;Caudoviricetes
virsorter2_k141_3301523||full	3678	No terminal repeats	NA	12	11	0.7102	NA	0	1.7183	Unclassified
genomad_k141_193955	5091	No terminal repeats	NA	9	11	0.7085	NA	0	1.8231	Viruses;Duplodnaviria;Heunggongvirae;Uroviricota;Caudoviricetes
genomad_k141_267628	5446	No terminal repeats	NA	10	11	0.7079	NA	0	1.1675	Viruses;Duplodnaviria;Heunggongvirae;Uroviricota;Caudoviricetes
genomad_k141_1215988	4121	No terminal repeats	NA	9	11	0.7077	NA	2	3.0084	Viruses;Duplodnaviria;Heunggongvirae;Uroviricota;Caudoviricetes
genomad_k141_1904306	3593	No terminal repeats	NA	8	11	0.7076	NA	0	1.2014	Viruses;Duplodnaviria;Heunggongvirae;Uroviricota;Caudoviricetes
genomad_k141_2000029	3639	No terminal repeats	NA	10	11	0.7074	NA	0	1.1215	Viruses;Duplodnaviria;Heunggongvirae;Uroviricota;Caudoviricetes
virsorter2_k141_3019975||full	3659	No terminal repeats	NA	7	11	0.7072	NA	0	4.6707	Viruses;Duplodnaviria;Heunggongvirae;Uroviricota;Caudoviricetes
genomad_k141_1380068	6903	No terminal repeats	NA	15	11	0.7069	NA	0	1.0164	Viruses;Duplodnaviria;Heunggongvirae;Uroviricota;Caudoviricetes
genomad_k141_3195228	4762	No terminal repeats	NA	9	11	0.7067	NA	1	1.1872	Viruses;Duplodnaviria;Heunggongvirae;Uroviricota;Caudoviricetes
genomad_k141_1310732	5112	No terminal repeats	NA	8	11	0.7063	NA	0	1.7818	Viruses;Duplodnaviria;Heunggongvirae;Uroviricota;Caudoviricetes
virsorter2_k141_157177||full	7758	No terminal repeats	NA	8	11	0.7057	NA	0	1.1030	Viruses;Duplodnaviria;Heunggongvirae;Uroviricota;Caudoviricetes;Autographiviridae
virsorter2_k141_3762542||full	5072	No terminal repeats	NA	8	11	0.7046	NA	0	1.6294	Viruses;Duplodnaviria;Heunggongvirae;Uroviricota;Caudoviricetes
genomad_k141_3464015	9688	No terminal repeats	NA	18	11	0.7043	NA	0	1.3322	Viruses;Duplodnaviria;Heunggongvirae;Uroviricota;Caudoviricetes
virsorter2_k141_2368654||full	5295	No terminal repeats	NA	5	11	0.7041	NA	1	2.1054	Viruses;Duplodnaviria;Heunggongvirae;Uroviricota;Caudoviricetes
virsorter2_k141_899222||full	4604	No terminal repeats	NA	15	11	0.7014	NA	0	1.7183	Unclassified
genomad_k141_2279232	5253	No terminal repeats	NA	7	11	0.7008	NA	0	0.0000	Unclassified
genomad_k141_74394	4032	No terminal repeats	NA	5	11	0.7008	NA	1	2.4516	Viruses;Duplodnaviria;Heunggongvirae;Uroviricota;Caudoviricetes
genomad_k141_1318891	4489	No terminal repeats	NA	5	11	0.7005	NA	0	0.0000	Unclassified
virsorter2_k141_1464799||full	7237	No terminal repeats	NA	8	11	0.7002	NA	0	0.0000	Unclassified
