Contig	240111_N1_DNA_S12_L002_sorted RPKM	240111_N1_DNA_S1_L001_sorted RPKM	240111_N2_VIROME_S26_L001_sorted RPKM	240111_N2_VIROME_S37_L002_sorted RPKM	240111_N3A_sed_DNA_S24_L001_sorted RPKM	240111_N3A_sed_DNA_S35_L002_sorted RPKM	240111_N3B_DNA_S4_L001_sorted RPKM	240111_N3B_VIROME_S28_L001_sorted RPKM	240111_N3_DNA_S14_L002_sorted RPKM	240111_N3_DNA_S3_L001_sorted RPKM	240113_N4_DNA_S6_L001_sorted RPKM	240113_N4_VIROME_S29_L001_sorted RPKM	240113_N5_DNA_S7_L001_sorted RPKM	240113_N5_VIROME_S30_L001_sorted RPKM	240114_N7A_VIROME_S31_L001_sorted RPKM	240114_N7A_VIROME_S43_L002_sorted RPKM	240114_N7B_DNA_S20_L002_sorted RPKM	240114_N7B_DNA_S9_L001_sorted RPKM	240114_N7B_VIROME_S32_L001_sorted RPKM	240114_N9_DNA_S11_L001_sorted RPKM	240114_N9_DNA_S22_L002_sorted RPKM	240114_N9_mat_DNA_S21_L001_sorted RPKM	240114_N9_VIROME_S34_L001_sorted RPKM	240115_N10_DNA_S12_L001_sorted RPKM	240115_N10_DNA_S23_L002_sorted RPKM	240115_N10_VIROME_S35_L001_sorted RPKM	240115_N11_mat_DNA_S22_L001_sorted RPKM	240115_N9_mat_DNA_S23_L001_sorted RPKM	240116_N11_DNA_S13_L001_sorted RPKM	240116_N11_VIROME_S36_L001_sorted RPKM	240116_N12_DNA_S14_L001_sorted RPKM	240116_N12_VIROME_S37_L001_sorted RPKM	240116_N13_DNA_S15_L001_sorted RPKM	240116_N13_VIROME_S38_L001_sorted RPKM	240117_GW01_DNA_S18_L001_sorted RPKM	240117_GW01_VIROME_S41_L001_sorted RPKM	240117_N14_VIROME_S39_L001_sorted RPKM	240117_N14_VIROME_S51_L002_sorted RPKM	240117_N15_DNA_S17_L001_sorted RPKM	240117_N15_DNA_S28_L002_sorted RPKM	240117_N15_VIROME_S52_L002_sorted RPKM	240119_GW02_VIROME_S42_L001_sorted RPKM	240119_GW02_VIROME_S54_L002_sorted RPKM	240119_GW03_DNA_S20_L001_sorted RPKM	240120_N3C_DNA_S5_L001_sorted RPKM	240120_N3C_VIROME_1_S38_L002_sorted RPKM	240120_N3C_VIROME_S27_L001_sorted RPKM
genomad_k141_1879475|provirus_191_53337	0	0	0	0	0	0	0	0	0	0	0	0	0	0	0	0	0	0	0	0	0	0	0	0	0	0	0	0	0	0	0	0	0	0	6591.3257	0	0	0	0	0	0	0	0	0	0	0	0
genomad_k141_3745874	0	0	0	0	0	0	0	0	0	0	0	0	0	0	0	0	0	0	0	0	0	0	0	0	0	0	0	0	0	0	23.900967	13.629707	0	0	0	0	0	0	0	0	0	0	0	0	0	0	0
genomad_k141_2378692	0	0	0	0	0	0	0	390.4216	0	0	0	0	0	0	0	0	0	0	0	0	0	0	0	0	0	0	0	0	0	0	70.80019	166.59105	0	0	0	0	0	0	0	0	0	0	0	0	0	0	0
genomad_k141_535683	0	0	0	0	0	0	0	0	0	0	0	0	0	0	0	0	0	0	0	0	0	0	0	0	0	0	0	0	0	0	0	0	58.129715	0	0	0	0	0	0	0	0	0	0	0	0	0	0
genomad_k141_476444	0	0	0	0	0	0	0	0	0	0	0	0	0	0	0	0	0	0	0	0	0	0	0	0	0	0	0	0	0	0	0	37.92049	0	6.6624975	0	0	0	0	0	0	0	0	0	0	0	0	0
genomad_k141_1903644	0	0	0	0	0	0	0	0	0	0	0	0	0	0	0	0	0	0	0	0	0	0	0	0	0	0	0	0	0	0	0	0	18.3947	25.760225	0	0	0	0	0	0	0	0	0	0	0	0	0
genomad_k141_120470	0	0	0	0	0	0	0	0	0	0	0	0	0	0	0	0	0	0	0	0	0	0	0	0	0	0	0	0	0	0	0	0	19.38344	19.01139	0	0	0	0	0	0	0	0	0	0	0	0	0
genomad_k141_2380331	0	0	0	0	0	0	0	0	0	0	0	0	0	0	0	0	0	0	0	0	0	0	0	0	0	0	0	0	94.783424	0	0	0	0	0	0	0	0	0	0	0	0	0	0	0	0	0	0
genomad_k141_1012704	0	0	0	0	0	0	0	0	0	0	0	0	0	0	0	0	2381.1619	2505.447	0	0	0	0	0	0	0	0	0	0	0	0	0	0	0	0	0	0	0	0	2227.4993	2418.2813	0	0	0	0	0	0	0
genomad_k141_834866	0	0	0	0	0	0	0	0	0	0	0	0	0	0	0	0	0	0	0	0	0	0	0	0	0	0	0	0	0	0	0	24.016565	0	9.902647	0	0	0	0	0	0	0	0	0	0	0	0	0
genomad_k141_2202766	0	0	0	0	0	0	0	0	0	0	0	0	0	0	0	0	0	0	0	0	0	4677.676	0	0	0	0	0	0	0	0	0	0	0	0	0	0	0	0	0	0	0	0	0	0	0	0	0
genomad_k141_1013603	0	0	0	0	0	0	0	0	0	0	0	0	0	0	0	0	0	0	0	0	0	0	0	0	0	0	0	0	0	0	0	0	174.31764	0	0	0	0	0	0	0	0	0	0	0	0	0	0
genomad_k141_1251740	0	0	0	0	0	0	0	0	0	0	0	0	0	0	0	0	0	0	0	0	0	0	0	0	0	0	0	0	0	0	0	0	0	26.53625	0	0	0	0	0	0	0	0	0	0	0	0	0
genomad_k141_1013829	0	0	0	0	0	0	0	0	0	0	0	0	0	0	0	0	0	0	0	0	0	0	0	0	0	0	0	0	140.35799	0	0	0	0	0	0	0	0	0	0	0	0	0	0	0	0	0	0
genomad_k141_1192818	0	0	0	0	0	0	0	0	0	0	0	0	0	0	0	0	0	0	0	0	0	0	0	0	0	0	0	0	0	0	0	0	0	10.952901	0	0	0	0	0	0	0	0	0	0	0	0	0
genomad_k141_1965955	0	0	0	0	0	0	0	0	0	0	0	0	0	0	0	0	0	0	0	0	0	0	0	0	0	0	0	0	0	0	651.8352	155.79605	0	0	0	0	0	0	0	0	0	0	0	0	0	0	0
genomad_k141_242011	0	0	0	0	0	0	0	0	0	0	0	0	0	0	0	0	0	0	0	0	0	0	0	0	0	0	0	0	0	0	0	0	36.60221	0	0	0	0	0	0	0	0	0	0	0	0	0	0
genomad_k141_2442115	0	0	0	0	0	0	0	0	0	0	0	0	0	0	0	0	0	0	0	0	0	0	0	0	0	0	0	0	0	0	0	52.68282	162.95984	189.99321	0	102.07438	0	0	0	0	0	0	0	0	0	0	0
genomad_k141_2026007	0	0	0	0	0	0	0	253.19151	0	0	0	0	0	0	0	0	0	0	0	0	0	0	0	0	0	0	0	0	0	0	226.07039	545.6015	0	0	0	0	0	0	0	0	0	0	0	0	0	0	0
genomad_k141_242621	0	0	0	0	0	0	0	0	0	0	0	0	0	0	0	0	0	0	0	0	0	0	0	0	0	0	0	0	3061.2854	960.12445	0	0	0	0	0	0	0	0	0	0	0	0	0	0	0	0	0
genomad_k141_1075139	0	0	0	0	0	0	0	0	0	0	0	0	0	0	0	0	0	0	0	0	0	0	0	0	0	0	0	0	0	0	0	0	45.443302	27.755823	0	0	0	0	0	0	0	0	0	0	0	0	0
genomad_k141_897075	0	0	0	0	0	0	0	0	0	0	0	0	0	0	0	0	0	0	0	0	0	0	0	0	0	0	0	0	0	0	0	0	0	13.772337	0	0	0	0	0	0	0	0	0	0	0	0	0
genomad_k141_1789190	0	0	0	0	0	0	0	0	0	0	0	0	0	0	0	0	0	0	0	0	0	0	0	0	0	0	0	0	0	0	0	0	24.628126	29.924812	0	0	0	0	0	0	0	0	0	0	0	0	0
genomad_k141_1611552	0	0	0	0	0	0	0	0	0	0	0	0	0	0	0	0	0	0	0	0	0	0	0	0	0	0	0	0	339.79062	0	0	0	0	0	0	0	0	0	0	0	0	0	0	0	0	0	0
genomad_k141_1671150	0	0	0	0	0	0	0	0	0	0	0	0	0	0	0	0	0	0	0	0	0	0	0	0	0	0	0	0	0	0	41.38387	17.645613	0	4.9917145	0	0	0	0	0	0	0	0	0	0	0	0	0
genomad_k141_660674	0	0	0	0	0	0	0	0	0	0	0	0	0	0	0	0	0	0	0	0	0	0	0	0	0	0	0	0	0	0	0	0	21.631939	11.041929	0	0	0	0	0	0	0	0	0	0	0	0	0
genomad_k141_1195877	0	0	0	0	0	0	0	0	0	0	0	0	0	0	0	0	0	0	0	0	0	0	0	0	0	0	0	0	0	0	57.175735	45.925186	0	0	0	0	0	0	0	0	0	0	0	0	0	0	0
genomad_k141_2266936	0	0	0	0	0	0	0	0	0	0	0	0	0	0	0	0	0	0	0	0	0	0	0	0	0	0	0	0	0	0	0	112.39094	0	25.985584	0	0	0	0	0	0	0	0	0	0	0	0	0
genomad_k141_721050	0	0	0	0	0	0	0	0	0	0	0	0	0	0	0	0	0	0	0	0	0	0	0	0	0	0	0	0	0	0	0	0	0	30.438078	0	0	0	0	0	0	0	0	0	0	0	0	0
genomad_k141_2267546	0	0	0	0	0	0	0	0	0	0	0	0	0	0	0	0	0	0	0	0	0	0	0	0	0	0	0	0	0	0	0	0	0	16.366735	0	0	0	0	0	0	0	0	0	0	0	0	0
genomad_k141_304518	0	0	0	0	0	0	0	0	0	0	0	0	0	0	0	0	0	0	0	0	0	0	0	0	0	0	0	0	0	0	0	0	0	38.39001	0	0	0	0	0	0	0	0	0	0	0	0	0
genomad_k141_1137268	0	0	269.93896	241.77261	0	0	0	0	0	0	0	350.7288	0	0	0	0	0	0	0	0	0	0	0	0	0	0	0	0	0	0	0	0	0	0	0	0	0	0	0	0	0	321.44232	287.8053	0	0	0	0
genomad_k141_899841	0	0	0	0	0	0	0	0	0	0	0	0	0	0	0	0	0	0	0	0	0	0	0	0	0	0	0	0	0	0	0	0	0	13.870249	0	0	0	0	0	0	0	0	0	0	0	0	0
genomad_k141_1197032	0	0	0	0	0	0	0	0	0	0	0	0	0	0	0	0	0	0	0	0	0	0	0	0	0	0	0	0	1151.3936	0	0	0	0	0	0	0	0	0	0	0	0	0	0	0	0	0	0
genomad_k141_3635951	0	0	0	0	0	0	0	0	0	0	0	0	0	0	0	0	0	0	0	0	0	0	0	0	0	0	0	0	0	0	0	0	33.340813	128.2223	0	41.796806	0	0	0	0	0	0	0	0	0	0	0
genomad_k141_1732379	0	0	0	0	0	0	0	0	0	0	0	0	0	0	0	0	0	0	0	0	0	0	0	0	0	0	0	0	0	0	0	0	139.91278	188.663	0	47.73672	0	0	0	0	0	0	0	0	0	0	0
genomad_k141_1851683	0	0	0	0	0	0	0	0	0	0	0	0	0	0	0	0	0	0	0	0	0	0	0	0	0	0	0	0	277.16614	0	0	0	0	0	0	0	0	0	0	0	0	0	0	0	0	0	0
genomad_k141_1732879	0	0	0	0	0	0	0	0	0	0	0	0	0	0	0	0	0	0	0	0	0	0	0	0	0	0	0	0	0	0	0	0	0	0	0	116.410416	0	0	0	0	0	0	0	0	0	0	0
genomad_k141_1673933	0	0	0	0	0	0	0	0	0	0	0	0	0	0	0	0	0	0	0	0	0	0	0	0	0	0	0	0	0	0	439.8391	295.16187	0	0	0	0	0	0	0	0	0	0	0	0	0	0	0
genomad_k141_3637542	0	0	0	0	0	0	0	0	0	0	0	0	0	0	0	0	0	0	0	0	0	0	0	0	0	0	0	0	0	0	85.59404	85.99063	0	0	0	0	0	0	0	0	0	0	0	0	0	0	0
genomad_k141_1972349	0	0	0	0	0	0	0	0	0	0	0	0	0	0	0	0	0	0	0	0	0	0	0	0	0	0	0	0	0	0	0	0	94.38325	0	0	0	0	0	0	0	0	0	0	0	0	0	0
genomad_k141_1378312	0	0	0	0	0	0	0	0	0	0	0	0	0	0	0	0	0	0	0	0	0	0	0	0	0	0	0	0	0	0	0	0	380.39856	561.44366	0	111.84622	0	0	0	0	0	0	0	0	0	0	0
genomad_k141_2924534	0	0	0	0	0	0	0	0	0	0	0	0	0	0	0	0	0	0	0	0	0	0	0	0	0	0	0	0	0	0	0	0	24.625996	10.097021	0	0	0	0	0	0	0	0	0	0	0	0	0
genomad_k141_545567	0	0	0	0	0	0	0	0	0	0	13120.291	0	0	0	0	0	0	0	0	0	0	0	0	0	0	0	0	0	0	0	0	0	0	0	0	0	0	0	0	0	0	0	0	0	0	0	0
genomad_k141_2686279	0	0	0	0	0	0	0	0	0	0	0	0	0	0	0	0	0	0	0	0	0	0	0	0	0	0	0	0	0	0	0	0	0	92.23887	0	42.368076	0	0	0	0	0	0	0	0	0	0	0
genomad_k141_1913875	0	0	0	0	0	0	0	0	0	0	0	0	0	0	0	0	0	0	0	0	0	0	0	0	0	0	0	0	0	0	0	0	31.66397	9.627038	0	0	0	0	0	0	0	0	0	0	0	0	0
genomad_k141_70847	0	0	0	0	0	0	0	0	0	0	0	0	0	0	0	0	0	0	0	0	0	0	0	0	0	0	0	0	0	0	0	0	117.64479	0	0	0	0	0	0	0	0	0	0	0	0	0	0
genomad_k141_1083073	0	0	0	0	0	0	0	0	0	0	0	0	0	0	0	0	0	0	0	0	0	0	0	0	0	0	0	0	0	0	0	0	123.17773	73.47877	0	0	0	0	0	0	0	0	0	0	0	0	0
genomad_k141_1380290	0	0	0	0	0	0	0	0	0	0	0	0	0	0	0	0	0	0	0	0	0	0	0	0	0	0	0	0	0	0	123.81378	32.453533	0	0	0	0	0	0	0	0	0	0	0	0	0	0	0
genomad_k141_727283	0	0	0	0	0	0	0	0	0	0	0	0	0	0	0	0	0	0	0	0	0	0	0	0	0	0	0	0	0	0	54.27484	22.588919	0	0	0	0	0	0	0	0	0	0	0	0	0	0	0
genomad_k141_3047912	0	0	0	0	0	0	0	0	0	0	0	0	0	0	0	0	0	0	0	0	0	0	0	0	0	0	0	0	0	0	0	0	0	0	0	125.52257	0	0	0	0	0	0	0	0	0	0	0
genomad_k141_253013	0	0	0	0	0	0	0	0	0	0	0	0	0	0	0	0	0	0	0	0	0	0	0	0	0	0	0	0	0	0	0	0	93.02819	21.104841	0	0	0	0	0	0	0	0	0	0	0	0	0
genomad_k141_3226718	0	0	0	0	0	0	0	0	0	0	0	0	0	0	0	0	0	1473.1643	0	0	0	0	0	0	0	0	0	0	0	0	0	0	0	0	0	0	0	0	0	0	0	0	0	0	0	0	0
genomad_k141_1323995	0	0	0	0	0	0	0	0	0	0	0	0	0	0	0	0	0	0	0	0	0	0	0	0	0	0	0	0	0	0	0	0	0	23.176844	0	0	0	0	0	0	0	0	0	0	0	0	0
genomad_k141_2096284	0	0	0	0	2451.1348	2344.3706	0	0	0	0	0	0	0	0	0	0	0	0	0	0	0	0	0	0	0	0	0	0	0	0	0	0	0	0	0	0	0	0	0	0	0	0	0	0	0	0	0
genomad_k141_3227064	0	0	0	0	0	0	0	0	0	0	0	0	0	0	0	0	0	0	0	0	0	0	0	0	0	0	0	0	0	0	0	0	0	0	0	139.69305	0	0	0	0	0	0	0	0	0	0	0
genomad_k141_788634	0	0	0	0	0	0	0	0	0	0	0	0	0	0	0	0	0	0	0	0	0	0	0	0	0	0	0	0	0	0	0	0	18.664186	61.12002	0	0	0	0	0	0	0	0	0	0	0	0	0
genomad_k141_434821	0	0	0	0	0	0	0	376.472	0	0	0	0	0	0	0	0	0	0	0	0	0	0	0	0	0	0	0	0	0	0	87.36737	162.59015	14.215284	5.195589	0	0	0	0	0	0	0	0	0	0	0	0	0
genomad_k141_1743268	0	0	0	0	0	0	0	0	0	0	0	0	0	0	0	0	0	0	0	0	0	0	0	0	0	0	0	0	0	0	67.60433	22.915758	0	0	0	0	0	0	0	0	0	0	0	0	0	0	0
genomad_k141_1803156	0	0	0	0	0	0	0	0	0	0	0	0	0	0	0	0	0	0	0	0	0	0	0	0	0	0	0	0	0	0	0	0	130.6541	142.45145	0	58.721737	0	0	0	0	0	0	0	0	0	0	0
genomad_k141_3587154	0	0	0	0	0	0	0	0	0	0	0	0	0	0	0	0	0	0	0	0	0	0	0	0	0	0	0	0	0	0	0	0	86.88736	0	0	0	0	0	0	0	0	0	0	0	0	0	0
genomad_k141_2933203	0	0	0	0	0	0	0	0	0	0	0	0	0	0	0	0	0	0	0	0	0	0	0	0	0	0	0	0	0	0	0	15.785933	0	1.4290031	0	0	0	0	0	0	0	0	0	0	0	0	0
genomad_k141_2397948	0	0	0	0	0	0	0	0	0	0	0	0	0	0	0	0	0	0	0	0	0	0	0	0	0	0	0	0	0	0	0	0	0	10.235858	0	0	0	0	0	0	0	0	0	0	0	0	0
genomad_k141_555239	0	0	0	0	0	0	0	0	0	0	0	0	0	0	0	0	0	0	0	0	0	0	0	0	0	0	0	0	0	0	55.59275	23.597868	0	0	0	0	0	0	0	0	0	0	0	0	0	0	0
genomad_k141_1566822	0	0	0	0	0	0	0	0	0	0	0	0	0	0	0	0	0	0	0	0	0	0	0	0	0	0	0	0	0	0	0	0	0	11.517643	0	0	0	0	0	0	0	0	0	0	0	0	0
genomad_k141_2637985	0	0	0	0	0	0	0	0	0	0	0	0	0	0	0	0	0	0	0	0	0	0	0	0	0	0	0	0	0	0	21.091238	21.269857	0	0	0	0	0	0	0	0	0	0	0	0	0	0	0
genomad_k141_3232003	0	0	0	0	0	0	0	0	0	0	0	0	0	0	0	0	0	0	0	0	0	0	0	0	0	0	0	0	0	0	0	0	19.768675	4.7873864	0	0	0	0	0	0	0	0	0	0	0	0	0
genomad_k141_3292145	0	0	0	0	0	0	0	0	0	0	0	0	0	0	0	0	0	0	0	0	0	0	0	0	0	0	0	0	62.004383	0	0	0	0	0	0	0	0	0	0	0	0	0	0	0	0	0	0
genomad_k141_1865643	0	0	0	0	0	0	0	0	0	0	0	0	0	0	0	0	0	0	0	0	0	0	0	0	0	0	0	0	0	0	0	0	123.122894	0	0	0	0	0	0	0	0	0	0	0	0	0	0
genomad_k141_915535	0	0	0	0	1347.6565	1230.949	0	0	0	0	0	0	0	0	0	0	0	0	0	0	0	0	0	0	0	0	0	0	0	0	0	0	0	0	0	0	0	0	0	0	0	0	0	0	0	0	0
genomad_k141_2164009	0	0	0	0	0	0	0	0	0	0	0	0	0	0	0	0	0	0	0	0	0	0	0	0	0	0	0	0	0	0	0	0	141.13124	0	0	0	0	0	0	0	0	0	0	0	0	0	0
genomad_k141_262244	0	0	0	0	0	0	0	0	0	0	0	0	0	0	0	0	0	0	0	0	0	0	0	0	0	0	0	0	0	0	0	0	0	21.106606	0	0	0	0	0	0	0	0	0	0	0	0	0
genomad_k141_3294504	0	0	0	0	0	0	0	0	0	0	0	0	0	0	0	0	0	0	0	0	0	0	0	0	0	0	0	0	0	0	30.960402	37.96723	0	0	0	0	0	0	0	0	0	0	0	0	0	0	0
genomad_k141_678964	0	0	0	0	0	0	0	0	0	0	0	0	0	0	0	0	0	0	0	0	0	0	0	0	0	0	0	0	0	0	0	0	0	0	0	0	0	0	2982.99	2911.0806	0	0	0	0	0	0	0
genomad_k141_2759139	0	0	0	0	0	0	0	0	0	0	0	0	0	0	0	0	0	0	0	0	0	0	0	0	0	0	0	0	0	0	0	0	0	3.9682438	0	0	0	0	0	0	0	0	0	0	0	0	0
genomad_k141_85637	0	0	0	0	0	0	0	0	0	0	0	0	0	0	0	0	0	0	0	0	0	0	0	0	0	0	0	0	0	0	0	0	49.55949	88.50684	0	0	0	0	0	0	0	0	0	0	0	0	0
genomad_k141_382712	0	0	0	0	0	0	0	0	0	0	0	0	0	0	0	0	0	0	0	0	0	0	0	0	0	0	0	0	0	0	0	76.25264	0	25.2226	0	0	0	0	0	0	0	0	0	0	0	0	0
genomad_k141_2463218	0	0	0	0	0	0	0	0	0	0	0	0	0	0	0	0	0	0	0	0	0	0	0	0	0	0	0	0	0	0	0	21.058361	0	0	0	0	0	0	0	0	0	0	0	0	0	0	0
genomad_k141_2345743	497.60358	492.40872	0	0	0	0	0	0	0	0	0	0	0	0	0	0	1057.4253	884.0278	0	0	0	0	0	0	0	0	0	0	0	0	0	0	0	0	0	0	0	0	0	0	0	0	0	0	0	0	0
genomad_k141_1453456	0	0	0	0	0	0	0	0	0	0	0	0	0	0	0	0	0	0	0	0	0	0	0	0	0	0	0	0	0	0	0	0	48.514137	0	0	0	0	0	0	0	0	0	0	0	0	0	0
genomad_k141_1572873	601.3148	496.54834	0	0	0	0	0	0	0	0	0	0	0	0	0	0	1915.5133	1896.4952	0	0	0	0	0	0	0	0	0	0	0	0	0	0	0	0	0	0	0	0	0	0	0	0	0	0	0	0	0
genomad_k141_919344	0	0	0	0	0	0	0	0	0	0	0	0	0	0	0	0	0	0	0	0	0	0	0	0	0	0	0	0	0	0	0	0	17.306026	34.372658	0	0	0	0	0	0	0	0	0	0	0	0	0
genomad_k141_1454237	0	0	0	0	0	0	0	0	0	0	0	0	0	0	0	0	0	0	0	0	0	0	0	0	0	0	0	0	0	0	0	0	15.915654	6.7415934	0	0	0	0	0	0	0	0	0	0	0	0	0
genomad_k141_3476486	0	0	0	0	0	0	0	0	0	0	0	0	0	0	0	0	1839.8486	1788.293	0	0	0	0	0	0	0	0	0	0	0	0	0	0	0	0	0	0	0	0	0	0	0	0	0	0	0	0	0
genomad_k141_1274857	0	0	0	0	0	0	0	0	0	0	0	0	0	0	0	0	0	0	0	0	0	0	0	0	0	0	0	0	0	0	53.05689	16.228693	0	0	0	0	0	0	0	0	0	0	0	0	0	0	0
genomad_k141_1514767	0	0	0	0	1771.2186	1856.7332	0	0	0	0	0	0	0	0	0	0	0	0	0	0	0	0	0	0	0	0	0	0	0	0	0	0	0	0	0	0	0	0	0	0	0	0	0	0	0	0	0
genomad_k141_1275194	0	0	0	0	0	0	0	0	0	0	0	0	0	0	0	0	0	0	0	0	0	0	0	0	0	0	0	0	0	0	0	69.476616	0	12.705447	0	0	0	0	0	0	0	0	0	0	0	0	0
genomad_k141_1159279	0	0	0	0	0	0	0	0	0	0	0	0	0	0	0	0	0	0	0	0	0	0	0	0	0	0	0	0	0	0	0	0	54.061497	0	0	0	0	0	0	0	0	0	0	0	0	0	0
genomad_k141_1693852	0	0	0	0	0	0	0	0	0	0	0	0	0	0	0	0	0	0	0	0	0	0	0	0	0	0	0	0	0	0	0	0	0	0	0	119.567764	0	0	0	0	0	0	0	0	0	0	0
genomad_k141_801464	0	0	0	0	0	0	0	0	0	0	0	0	0	0	0	0	0	0	0	0	0	0	0	0	0	0	0	0	0	0	0	0	0	7.070572	0	0	0	0	0	0	0	0	0	0	0	0	0
genomad_k141_507392	0	0	0	0	0	0	0	0	0	0	0	0	0	0	0	0	0	0	0	0	0	0	0	0	0	0	0	0	0	0	0	0	0	15.526236	0	0	0	0	0	0	0	0	0	0	0	0	0
genomad_k141_2351102	0	0	0	0	0	0	0	0	0	0	0	0	0	0	0	0	0	0	0	0	0	0	0	0	0	0	0	0	0	0	0	0	73.28093	0	0	0	0	0	0	0	0	0	0	0	0	0	0
genomad_k141_865076	0	0	0	0	0	0	0	0	0	0	0	0	0	0	0	0	0	0	0	0	0	0	0	0	0	0	0	0	0	0	0	0	82.894196	0	0	0	0	0	0	0	0	0	0	0	0	0	0
genomad_k141_3242105	0	0	0	0	0	0	0	0	0	0	0	0	0	0	0	0	0	0	0	0	0	0	0	0	0	0	0	0	0	0	0	0	0	7.5146904	0	0	0	0	0	0	0	0	0	0	0	0	0
genomad_k141_2945771	0	0	0	0	0	0	0	0	0	0	0	0	0	0	0	0	0	0	0	0	0	0	0	0	0	0	0	0	0	0	0	56.739212	0	0	0	0	0	0	0	0	0	0	0	0	0	0	0
genomad_k141_803689	0	0	0	0	0	0	0	0	0	0	0	0	0	0	0	0	0	0	0	0	0	0	0	0	0	0	0	0	0	0	0	0	35.40731	23.611189	0	0	0	0	0	0	0	0	0	0	0	0	0
genomad_k141_3362101	0	0	0	0	0	0	0	0	0	0	0	0	31.367413	0	0	0	0	0	0	0	0	0	0	0	0	0	0	0	0	0	0	0	0	0	0	0	0	0	0	0	0	0	0	0	0	0	0
genomad_k141_3124515	0	0	0	0	0	0	0	0	0	0	0	0	0	0	0	0	0	0	0	0	0	0	0	0	0	0	0	0	0	0	0	0	70.73287	13.637081	0	0	0	0	0	0	0	0	0	0	0	0	0
genomad_k141_1280291	0	0	0	0	0	0	0	0	0	0	0	0	0	0	0	0	0	0	0	0	0	0	0	0	0	0	0	0	0	0	0	0	19.25475	49.84495	0	0	0	0	0	0	0	0	0	0	0	0	0
genomad_k141_1638988	0	0	0	0	0	0	0	0	0	0	0	0	0	0	0	0	0	0	0	0	0	0	0	0	0	0	0	0	0	0	0	0	20.060575	31.058533	0	0	0	0	0	0	0	0	0	0	0	0	0
genomad_k141_2707936	0	0	0	0	0	0	0	222.48323	0	0	0	0	0	0	0	0	0	0	0	0	0	0	0	0	0	0	0	0	0	0	31.722748	102.15607	0	13.297102	0	0	0	0	0	0	0	0	0	0	0	0	0
genomad_k141_153557	0	0	0	0	0	0	0	0	0	0	0	0	0	0	0	0	0	0	0	0	0	0	0	0	0	0	0	0	0	0	0	0	0	11.233675	0	0	0	0	0	0	0	0	0	0	0	0	0
genomad_k141_3364786	0	0	0	0	0	0	0	0	0	0	0	0	0	0	0	0	0	0	0	0	0	0	0	0	0	0	0	0	0	0	0	0	0	11.949431	0	0	0	0	0	0	0	0	0	0	0	0	0
genomad_k141_3422912	0	0	0	0	0	0	0	0	0	0	0	0	0	0	0	0	0	0	0	0	0	0	0	0	0	0	0	0	0	0	0	0	37.14205	38.098896	0	0	0	0	0	0	0	0	0	0	0	0	0
genomad_k141_34922	0	0	0	0	0	0	0	0	0	0	0	0	0	0	0	0	0	0	0	0	0	0	0	0	0	0	0	0	0	0	0	0	21.406982	181.36371	0	74.360634	0	0	0	0	0	0	0	0	0	0	0
genomad_k141_3602507	0	0	0	0	0	0	0	0	0	0	0	0	0	0	0	0	0	0	0	0	0	0	0	0	0	0	0	0	0	0	0	0	0	8.508857	0	0	0	0	0	0	0	0	0	0	0	0	0
genomad_k141_2888101	0	0	0	0	0	0	0	0	0	0	0	0	0	0	0	0	0	0	0	0	0	0	0	0	0	0	0	0	0	0	0	0	11.330958	21.377792	0	0	0	0	0	0	0	0	0	0	0	0	0
genomad_k141_2651566	0	0	0	0	0	0	0	0	0	0	0	0	0	0	0	0	0	0	0	0	0	0	0	0	0	0	0	0	0	0	188.08788	74.93765	0	0	0	0	0	0	0	0	0	0	0	0	0	0	0
genomad_k141_153998	0	0	0	0	0	0	0	0	0	0	0	0	0	0	0	0	0	0	0	0	0	0	0	0	0	0	0	0	0	0	0	0	0	5.177697	0	0	0	0	0	0	0	0	0	0	0	0	0
genomad_k141_570236	0	0	0	0	0	0	0	0	0	0	0	0	311.94214	0	0	0	0	0	0	0	0	0	0	0	0	0	0	0	0	0	0	0	0	0	0	0	0	0	0	0	0	0	0	0	0	0	0
genomad_k141_3484417	0	0	0	0	0	0	0	0	0	0	0	0	0	0	0	0	0	0	0	0	0	0	0	0	0	0	0	0	0	0	0	0	65.43103	0	0	0	0	0	0	0	0	0	0	0	0	0	0
genomad_k141_3604698	0	0	0	0	0	0	0	0	0	0	0	0	0	0	0	0	0	0	0	0	0	0	0	0	0	0	0	0	0	0	88.51858	14.635839	0	0	0	0	0	0	0	0	0	0	0	0	0	0	0
genomad_k141_3544297	0	0	0	0	0	0	0	0	0	0	0	0	0	0	0	0	0	0	0	0	0	0	0	0	0	0	0	0	0	0	0	30.695635	0	0	0	0	0	0	0	0	0	0	0	0	0	0	0
genomad_k141_37721	0	0	0	0	0	0	0	0	0	0	0	0	0	0	0	0	0	0	0	0	0	0	0	0	0	0	0	0	0	0	32.010483	55.0809	0	0	0	0	0	0	0	0	0	0	0	0	0	0	0
genomad_k141_871653	0	0	0	0	0	0	0	0	0	0	0	0	0	0	0	0	0	0	0	0	0	0	0	0	0	0	0	0	79.84206	0	0	0	0	0	0	0	0	0	0	0	0	0	0	0	0	0	0
genomad_k141_931021	0	0	0	0	0	0	0	0	0	0	0	0	0	0	0	0	0	0	0	0	0	0	0	0	0	0	0	0	0	0	0	0	24.21649	10.726019	0	0	0	0	0	0	0	0	0	0	0	0	0
genomad_k141_2420780	0	0	0	0	0	0	0	0	0	0	0	0	0	0	0	0	0	0	0	0	0	0	0	0	0	0	0	0	0	0	0	0	19.47014	22.798285	0	0	0	0	0	0	0	0	0	0	0	0	0
genomad_k141_2479833	0	0	0	0	0	0	0	0	0	0	0	0	0	0	0	0	0	0	0	0	0	0	0	0	0	0	0	0	0	0	0	0	79.05947	0	0	0	0	0	0	0	0	0	0	0	0	0	0
genomad_k141_1469020	0	0	0	0	0	0	0	0	0	0	0	0	0	0	0	0	0	0	0	0	0	0	0	0	0	0	0	0	0	0	0	0	16.64378	51.40036	0	0	0	0	0	0	0	0	0	0	0	0	0
genomad_k141_3431094	0	0	0	0	0	0	0	0	0	0	0	0	0	0	0	0	0	0	0	0	0	0	0	0	0	0	0	0	0	0	0	0	0	12.471988	0	0	0	0	0	0	0	0	0	0	0	0	0
genomad_k141_1470145	0	0	188.64464	0	0	0	0	0	0	0	0	240.06772	0	0	0	0	0	0	0	0	0	0	0	0	0	0	0	0	0	0	0	0	0	0	0	0	0	0	0	0	0	0	0	0	0	0	0
genomad_k141_1828235	0	0	0	0	0	0	0	0	0	0	0	0	0	0	0	0	0	0	0	0	0	0	0	0	0	0	0	0	0	0	0	0	0	8.884457	0	0	0	0	0	0	0	0	0	0	0	0	0
genomad_k141_3374537	0	0	0	0	0	0	0	0	0	0	0	0	0	0	0	0	0	0	0	0	0	0	0	0	0	0	0	0	0	0	0	0	37.503277	86.73881	0	0	0	0	0	0	0	0	0	0	0	0	0
genomad_k141_2482096	0	0	0	0	0	0	0	0	0	0	0	0	0	0	0	0	0	0	0	0	0	0	0	0	0	0	0	0	0	0	0	0	0	9.119411	0	0	0	0	0	0	0	0	0	0	0	0	0
genomad_k141_1711347	0	0	0	0	0	0	0	0	0	0	0	0	0	0	0	0	0	0	0	0	0	0	0	0	0	0	0	0	0	0	0	0	79.23336	0	0	0	0	0	0	0	0	0	0	0	0	0	0
genomad_k141_1534753	0	0	0	0	0	0	0	0	0	0	0	0	0	0	0	0	0	0	0	0	0	0	0	0	0	0	0	0	0	0	293.5428	189.22238	0	13.569213	0	0	0	0	0	0	0	0	0	0	0	0	0
genomad_k141_820632	0	0	0	0	0	0	0	0	0	0	0	0	0	0	0	0	0	0	0	0	0	0	0	0	0	0	0	0	0	0	0	0	25.536228	0	0	0	0	0	0	0	0	0	0	0	0	0	0
genomad_k141_2427160	0	0	0	0	0	0	0	0	0	0	0	0	0	0	0	0	0	0	0	0	0	0	0	0	0	0	0	0	0	0	0	0	0	0	0	140.22523	0	0	0	0	0	0	0	0	0	0	0
genomad_k141_2606683	0	0	0	0	0	0	0	0	0	0	0	0	0	0	0	0	0	0	0	0	0	0	0	0	0	0	0	0	0	0	0	0	0	5.091677	0	0	0	0	0	0	0	0	0	0	0	0	0
genomad_k141_526245	0	0	0	0	0	0	0	0	0	0	0	0	0	0	0	0	0	0	0	0	0	0	0	0	0	0	0	0	46.55553	0	0	0	0	0	0	0	0	0	0	0	0	0	0	0	0	0	0
genomad_k141_1296640	0	0	0	0	0	0	0	0	0	0	0	0	0	0	0	0	0	0	0	40683.49	41742.453	0	0	0	0	0	0	0	0	0	0	0	0	0	0	0	0	0	0	0	0	0	0	0	0	0	0
genomad_k141_1535817	0	0	0	0	0	0	0	0	0	0	0	0	0	0	0	0	0	0	0	0	0	0	0	0	0	0	0	0	328.5772	0	0	0	0	0	0	0	0	0	0	0	0	0	0	0	0	0	0
genomad_k141_3319890	0	0	0	0	0	0	0	0	0	0	0	0	0	0	0	0	0	0	0	0	0	0	0	0	0	0	0	0	0	0	0	0	25.738878	30.43811	0	0	0	0	0	0	0	0	0	0	0	0	0
genomad_k141_2843681	0	0	0	0	0	0	0	0	0	0	0	0	0	0	0	0	0	0	0	0	0	0	0	0	0	0	0	0	0	0	0	0	0	63.883144	0	0	0	0	0	0	0	0	0	0	0	0	0
genomad_k141_2487888	0	0	0	0	0	0	0	0	0	0	0	0	0	0	0	0	0	0	0	0	0	0	0	0	0	0	0	0	0	0	0	0	0	18.510715	0	0	0	0	0	0	0	0	0	0	0	0	0
genomad_k141_2190504	0	0	0	0	0	0	0	0	0	0	0	0	0	0	0	0	0	0	0	0	0	0	0	0	0	0	0	0	0	0	41.864727	33.897385	0	0	0	0	0	0	0	0	0	0	0	0	0	0	0
genomad_k141_1300333	0	0	0	0	0	0	0	0	0	0	0	0	0	0	0	0	0	0	0	0	0	0	0	0	0	0	0	0	43.635117	0	0	0	0	0	0	0	0	0	0	0	0	0	0	0	0	0	0
genomad_k141_2075380	0	0	0	0	0	0	0	0	0	0	0	0	0	0	0	0	0	0	0	0	0	0	0	0	0	0	0	0	0	0	0	0	51.282455	0	0	0	0	0	0	0	0	0	0	0	0	0	0
genomad_k141_1480252	0	0	0	0	0	0	0	0	0	0	0	0	0	0	0	0	0	0	0	0	0	0	0	0	0	0	0	0	0	0	45.72279	14.954073	0	0	0	0	0	0	0	0	0	0	0	0	0	0	0
genomad_k141_474130	0	0	0	0	0	0	0	0	0	0	0	0	0	0	0	0	1080.1608	1163.8774	0	0	0	0	0	0	0	0	0	0	0	0	0	0	0	0	0	0	0	0	0	0	0	0	0	0	0	0	0
genomad_k141_232949	0	0	0	0	0	0	0	0	0	0	0	0	0	0	0	0	0	0	0	0	0	0	0	0	0	0	0	0	0	0	0	0	0	8.94635	0	0	0	0	0	0	0	0	0	0	0	0	0
genomad_k141_55449	0	0	0	0	0	0	0	0	0	0	0	0	0	0	0	0	0	0	0	0	0	0	0	0	0	0	0	0	0	0	0	0	10.919571	12.683549	0	0	0	0	0	0	0	0	0	0	0	0	0
genomad_k141_3444180	0	0	0	0	0	0	0	0	0	0	0	0	0	0	0	0	0	0	0	0	0	0	0	0	0	0	0	0	0	0	0	0	23.610115	90.59886	0	0	0	0	0	0	0	0	0	0	0	0	0
genomad_k141_1127452	0	0	0	0	0	0	0	0	0	0	0	0	0	0	0	0	0	0	0	0	0	0	0	0	0	0	0	0	0	0	0	0	0	5.274265	0	0	0	0	0	0	0	0	0	0	0	0	0
genomad_k141_1008889	0	0	0	0	0	0	0	0	0	0	0	0	0	0	0	0	0	0	0	0	0	0	0	0	0	0	0	0	0	0	0	0	21.564817	4.0408063	0	0	0	0	0	0	0	0	0	0	0	0	0
genomad_k141_3446620	0	0	0	0	0	0	0	0	0	0	0	0	0	0	0	0	0	0	0	0	0	0	0	0	0	0	0	0	0	0	0	0	13.295157	7.317026	0	0	0	0	0	0	0	0	0	0	0	0	0
genomad_k141_831056	0	0	0	0	0	0	0	0	0	0	0	0	0	0	0	0	0	0	0	0	0	0	0	0	0	0	0	0	0	0	0	0	0	24.121328	0	0	0	0	0	0	0	0	0	0	0	0	0
virsorter2_k141_3213609||full	0	0	0	0	0	0	0	0	0	0	0	0	0	0	0	0	0	0	0	0	0	0	0	0	0	0	0	0	0	0	33.992893	20.816116	0	0	0	0	0	0	0	0	0	0	0	0	0	0	0
virsorter2_k141_1192014||full	0	0	0	0	0	0	0	0	0	0	0	0	74.88197	0	0	0	0	0	0	0	0	0	0	0	0	0	0	0	0	0	0	0	0	0	0	0	0	0	0	0	0	0	0	0	0	0	0
virsorter2_k141_1377424||full	0	0	0	0	0	0	0	0	0	0	0	0	0	0	0	0	0	0	0	0	0	0	0	0	0	0	0	0	0	0	0	0	43.86836	8.105867	0	0	0	0	0	0	0	0	0	0	0	0	0
virsorter2_k141_3459734||full	0	0	0	0	0	0	0	0	0	0	0	0	0	0	0	0	0	0	0	0	0	0	0	0	0	0	0	0	0	0	239.09123	72.9385	0	0	0	0	0	0	0	0	0	0	0	0	0	0	0
virsorter2_k141_2987315||full	0	0	0	0	0	0	0	0	0	0	13939.401	0	0	0	0	0	2865.9214	2996.0432	0	0	0	0	0	0	0	0	0	0	0	0	0	0	0	0	0	0	0	0	0	0	0	0	0	0	0	0	0
virsorter2_k141_2511442||full	539.07666	612.9064	0	0	0	0	0	0	0	0	0	0	0	0	0	0	1217.349	1120.6012	0	0	0	0	0	0	0	0	0	0	0	0	0	0	0	0	0	0	0	0	0	0	0	0	0	0	0	0	0
virsorter2_k141_1146597||full	0	0	0	0	0	0	0	0	0	0	0	0	0	0	0	0	0	0	0	0	0	0	0	0	0	0	0	0	0	0	0	0	54.830383	0	0	0	0	0	0	0	0	0	0	0	0	0	0
virsorter2_k141_1927250||full	0	0	0	0	0	0	0	0	0	0	0	0	0	0	0	0	0	0	0	0	0	0	0	0	0	0	0	0	0	0	0	0	0	0	1898.4907	147.70815	0	0	0	0	0	0	0	0	0	0	0
virsorter2_k141_1456462||full	0	0	0	0	0	0	0	0	0	0	0	0	0	0	0	0	0	0	0	0	0	0	0	0	0	0	0	0	0	0	0	0	541.24255	168.64883	0	41.893894	0	0	0	0	0	0	0	0	0	0	0
virsorter2_k141_1756646||full	0	0	0	0	0	0	0	0	0	0	0	0	45.33904	0	0	0	0	0	0	0	0	0	0	0	0	0	0	0	0	0	0	0	0	0	0	0	0	0	0	0	0	0	0	0	0	0	0
virsorter2_k141_2061751||full	0	0	0	0	0	0	0	0	0	0	0	0	0	0	0	0	444.40204	432.74176	0	0	0	0	0	0	0	0	0	0	0	0	0	0	0	0	0	0	0	0	1364.4824	1639.5035	0	0	0	0	0	0	0
virsorter2_k141_165163||full	0	0	0	0	0	0	0	0	0	0	0	0	0	0	0	0	0	0	0	0	0	0	0	0	0	0	0	0	0	0	0	0	25.094315	0	0	0	0	0	0	0	0	0	0	0	0	0	0
virsorter2_k141_3318987||full	0	0	0	0	0	0	0	0	0	0	0	0	91.250946	0	0	0	0	0	0	0	0	0	0	0	0	0	0	0	0	0	0	0	0	0	0	0	0	0	0	0	0	0	0	0	0	0	0
virsorter2_k141_470198||full	0	0	0	0	0	0	0	0	0	0	0	0	0	0	0	0	0	0	0	0	0	1238.8839	0	0	0	0	0	0	0	0	0	0	0	0	0	0	0	0	0	0	0	0	0	0	0	0	0
virsorter2_k141_2555999||full	0	0	0	0	0	0	0	0	0	0	0	0	0	0	0	0	0	0	0	0	0	2274.5095	0	0	0	0	0	0	0	0	0	0	0	0	0	0	0	0	0	0	0	0	0	0	0	0	0
virsorter2_k141_782313||0_partial	0	0	17143.217	17079.37	0	0	19878.74	11639.818	0	0	0	13999.02	0	19878.74	19878.74	19878.74	0	0	0	0	0	0	19878.74	19878.74	19878.74	17486.717	0	0	0	98.14845	0	0	0	6.481653	0	2333.4453	0	0	0	0	0	14407.588	14308.412	0	0	19878.74	19821.025
genomad_k141_3398944|provirus_1_28009	0	0	0	0	0	0	0	0	0	0	0	0	0	0	0	0	0	0	0	0	0	0	0	0	0	0	0	0	0	0	35.837864	37.527332	0	0	0	0	0	0	0	0	0	0	0	0	0	0	0
genomad_k141_1404113|provirus_25559_89286	0	0	0	0	0	0	0	0	0	0	0	0	0	0	0	0	0	0	0	0	0	0	0	0	0	0	0	0	0	0	0	0	57.95434	2.8398254	0	0	0	0	0	0	0	0	0	0	0	0	0
genomad_k141_2835140|provirus_27870_97750	0	0	0	0	0	0	0	0	0	0	0	0	0	0	0	0	0	0	0	0	0	0	0	0	0	0	0	0	2729.9346	0	0	0	0	0	0	0	0	0	0	0	0	0	0	0	0	0	0
genomad_k141_1129596	0	0	0	0	0	0	0	0	0	0	0	0	0	0	0	0	0	0	0	0	0	0	0	0	0	0	0	0	0	0	0	0	37.163162	119.31726	0	0	0	0	0	0	0	0	0	0	0	0	0
genomad_k141_1902491	0	0	0	0	0	0	0	0	0	0	0	0	0	0	0	0	0	0	0	0	0	0	0	0	0	0	0	0	0	0	33.047363	70.731	0	0	0	0	0	0	0	0	0	0	0	0	0	0	0
genomad_k141_772914	0	0	0	0	0	0	0	0	0	0	0	0	0	0	0	0	0	0	0	0	0	0	0	0	0	0	0	0	0	0	0	0	29.77758	8.447516	0	0	0	0	0	0	0	0	0	0	0	0	0
genomad_k141_1902496	0	0	0	0	0	0	0	355.53812	0	0	0	0	0	0	0	0	0	0	0	0	0	0	0	0	0	0	0	0	0	0	49.74624	437.6729	0	50.428814	0	0	0	0	0	0	0	0	0	0	0	0	0
genomad_k141_3032098	0	0	0	0	0	0	0	0	0	0	0	0	0	0	0	0	0	0	0	0	0	0	0	0	0	0	0	0	0	0	0	0	28.667994	13.050538	0	0	0	0	0	0	0	0	0	0	0	0	0
genomad_k141_118970	0	0	0	0	0	0	0	0	0	0	0	0	0	0	0	0	0	0	0	0	0	0	0	0	0	0	0	0	0	0	0	0	0	6.2963414	0	0	0	0	0	0	0	0	0	0	0	0	0
genomad_k141_1962014	0	0	0	0	0	0	0	0	0	0	0	0	0	0	0	0	0	0	0	0	0	0	0	0	0	0	0	0	0	0	56.639545	69.21018	0	0	0	0	0	0	0	0	0	0	0	0	0	0	0
genomad_k141_178466	0	0	0	0	0	0	0	0	0	0	0	0	0	0	0	0	0	0	0	0	0	0	0	0	0	0	0	0	0	0	0	0	0	377.74496	0	0	0	0	0	0	0	0	0	0	0	0	0
genomad_k141_237934	0	0	0	0	0	0	0	0	0	0	0	0	0	0	0	0	0	0	0	0	0	0	0	0	0	0	0	0	0	0	0	0	30.784204	33.16389	0	0	0	0	0	0	0	0	0	0	0	0	0
genomad_k141_1902551	0	0	0	0	0	0	0	0	0	0	0	0	0	0	0	0	0	0	0	0	0	0	0	0	0	0	0	0	0	0	0	0	46.515762	4.5425014	0	0	0	0	0	0	0	0	0	0	0	0	0
genomad_k141_1010769	0	0	0	0	945.64685	912.4107	0	0	5042.542	5096.5605	0	0	0	0	0	0	0	0	0	0	0	0	0	0	0	0	0	0	0	0	0	0	0	0	0	0	0	0	0	0	0	0	0	0	0	0	0
genomad_k141_3269999	0	0	0	0	0	0	0	0	0	0	0	0	0	0	0	0	0	0	0	0	0	0	0	0	0	0	0	0	0	0	0	0	123.88885	22.080103	0	0	0	0	0	0	0	0	0	0	0	0	0
genomad_k141_3745610	0	0	0	0	0	0	0	0	0	0	0	0	0	0	0	0	0	0	0	0	0	0	0	0	0	0	0	0	0	0	0	12.28824	0	0	0	0	0	0	0	0	0	0	0	0	0	0	0
genomad_k141_2259375	0	0	0	0	0	0	0	0	0	0	0	0	0	0	0	0	0	0	0	0	0	0	0	0	0	0	0	0	0	0	0	0	45.967945	0	0	0	0	0	0	0	0	0	0	0	0	0	0
genomad_k141_1605363	0	0	0	0	0	0	0	0	0	0	0	0	0	0	0	0	0	0	0	0	0	0	0	0	0	0	0	0	0	0	0	34.85659	0	7.3580527	0	0	0	0	0	0	0	0	0	0	0	0	0
genomad_k141_356851	0	0	0	0	0	0	0	535.3653	0	0	0	0	0	0	0	0	0	0	0	0	0	0	0	0	0	0	0	0	0	0	290.12024	717.7603	0	0	0	0	0	0	0	0	0	0	0	0	0	0	0
genomad_k141_178537	0	0	0	0	0	0	0	0	0	0	0	0	0	0	0	0	0	0	0	0	0	0	0	0	0	0	0	0	0	0	0	0	27.803368	51.18017	0	0	0	0	0	0	0	0	0	0	0	0	0
genomad_k141_1129760	0	0	0	0	0	0	0	0	0	0	0	0	0	0	0	0	0	0	0	0	0	0	0	0	0	0	0	0	12803.035	61998.324	0	0	0	0	0	0	0	0	0	0	0	0	0	0	0	0	0
genomad_k141_356874	0	0	0	0	0	0	0	0	0	0	0	0	0	0	0	0	0	0	0	0	0	0	0	0	0	0	0	0	0	0	0	0	51.303112	68.55187	0	37.025417	0	0	0	0	0	0	0	0	0	0	0
genomad_k141_713667	0	0	0	0	0	0	0	0	0	0	0	0	0	0	0	0	0	0	0	0	0	0	0	0	0	0	0	0	0	0	51.166542	0	0	0	0	0	0	0	0	0	0	0	0	0	0	0	0
genomad_k141_1129773	0	0	0	0	0	0	0	0	0	0	0	0	0	0	0	0	0	0	0	0	0	0	0	0	0	0	0	0	0	0	80.769	88.92496	0	0	0	0	0	0	0	0	0	0	0	0	0	0	0
genomad_k141_892032	0	0	0	0	0	0	0	0	0	0	0	0	0	0	0	0	1849.548	1826.8428	0	0	0	0	0	0	0	0	0	0	0	0	0	0	0	0	0	0	0	0	0	0	0	0	0	0	0	0	0
genomad_k141_1367677	259.97278	0	0	0	0	0	0	0	0	0	6897.1655	0	0	0	0	0	4352.3364	4322.544	0	0	0	0	0	0	0	0	0	0	0	0	0	0	0	0	0	0	0	0	0	0	0	0	0	0	0	0	0
genomad_k141_1427057	0	0	0	0	0	0	0	0	0	0	0	0	0	0	0	0	0	0	0	0	0	0	0	0	0	0	0	0	0	0	0	0	0	22.884453	0	0	0	0	0	0	0	0	0	0	0	0	0
genomad_k141_2259458	0	0	0	0	0	0	0	1119.7007	0	0	0	0	0	0	0	0	0	0	0	0	0	0	0	0	0	0	0	0	0	0	2178.8633	2072.5237	64.26622	82.79151	0	0	0	0	0	0	0	0	0	0	0	0	0
genomad_k141_2616231	0	0	0	0	0	0	0	0	0	0	0	0	0	0	0	0	0	0	0	0	0	0	0	0	0	0	0	0	0	0	0	0	0	0	0	0	0	0	0	0	0	276.05704	268.98776	0	0	0	0
genomad_k141_2021728	0	0	0	0	0	0	0	0	0	0	0	0	0	0	0	0	0	0	0	0	0	0	0	0	0	0	0	0	0	0	0	0	0	8.353495	0	0	0	0	0	0	0	0	0	0	0	0	0
genomad_k141_1724432	2579.5872	2608.4512	0	0	0	0	0	0	0	0	0	0	0	0	0	0	0	0	0	0	0	0	0	0	0	0	0	0	0	0	0	0	0	0	0	0	0	0	0	0	0	0	0	0	0	0	0
genomad_k141_2854052	0	0	0	0	0	0	0	0	0	0	0	0	0	0	0	0	0	0	0	0	0	0	0	0	0	0	0	0	0	0	0	0	0	13.824562	0	0	0	0	0	0	0	0	0	0	0	0	0
genomad_k141_2140670	0	0	0	0	0	0	0	0	0	0	0	0	0	0	0	0	0	0	0	0	0	0	0	0	0	0	0	0	0	0	0	0	0	10.936561	0	0	0	0	0	0	0	0	0	0	0	0	0
genomad_k141_2913496	0	0	0	0	0	0	0	0	0	0	0	0	0	0	0	0	0	0	0	0	0	0	0	0	0	0	0	0	0	0	36.81426	128.92937	0	18.790167	0	0	0	0	0	0	0	0	0	0	0	0	0
genomad_k141_3745797	0	0	0	0	0	0	0	0	0	0	0	0	0	0	0	0	0	0	0	0	0	0	0	0	0	0	0	0	0	0	0	0	33.35355	8.427147	0	0	0	0	0	0	0	0	0	0	0	0	0
genomad_k141_59782	0	0	0	0	0	0	0	0	0	0	0	0	0	0	0	0	0	0	0	0	0	0	0	0	0	0	0	0	0	0	29.553617	59.933853	0	0	0	0	0	0	0	0	0	0	0	0	0	0	0
genomad_k141_832651	0	0	0	0	0	0	0	0	0	0	0	0	0	0	0	0	0	0	0	0	0	0	0	0	0	0	0	0	0	0	63.35897	62.569916	0	0	0	0	0	0	0	0	0	0	0	0	0	0	0
genomad_k141_3567501	0	0	0	0	0	0	0	0	0	0	0	0	78.21737	0	0	0	0	0	0	0	0	0	0	0	0	0	0	0	0	0	0	0	0	0	0	0	0	0	0	0	0	0	0	0	0	0	0
genomad_k141_178616	0	0	0	0	0	0	0	0	0	0	0	0	0	0	0	0	0	0	0	0	0	0	0	0	0	0	0	0	0	0	0	0	55.06052	46.654987	0	0	0	0	0	0	0	0	0	0	0	0	0
genomad_k141_654387	0	0	0	0	0	0	0	0	0	0	0	0	0	0	0	0	0	0	0	0	0	0	0	0	0	0	0	0	0	0	67.36468	73.29261	0	3.7419822	0	0	0	0	0	0	0	0	0	0	0	0	0
genomad_k141_297674	0	0	0	0	0	0	0	0	0	0	0	0	0	0	0	0	0	0	0	0	0	0	0	0	0	0	0	0	0	0	0	0	19.295885	44.84451	0	56.115765	0	0	0	0	0	0	0	0	0	0	0
genomad_k141_3329784	0	0	0	0	0	0	0	0	0	0	0	0	0	0	0	0	0	0	0	0	0	0	0	0	0	0	0	0	0	0	0	0	0	10.888631	0	0	0	0	0	0	0	0	0	0	0	0	0
genomad_k141_2616399	0	0	0	0	0	0	0	0	0	0	0	0	0	0	0	0	0	0	0	0	0	0	0	0	0	0	0	0	0	0	0	0	0	12.58487	0	0	0	0	0	0	0	0	0	0	0	0	0
genomad_k141_832725	0	0	0	0	0	0	0	0	0	0	0	0	0	0	0	0	0	0	0	0	0	0	0	0	0	0	0	0	0	0	0	0	20.03322	51.110817	0	0	0	0	0	0	0	0	0	0	0	0	0
genomad_k141_773266	0	0	0	0	0	0	0	0	0	0	0	0	0	0	0	0	0	0	0	0	0	0	0	0	0	0	0	0	0	0	27.676897	37.286278	0	51.38739	0	0	0	0	0	0	0	0	0	0	0	0	0
genomad_k141_3270361	0	0	0	0	0	0	0	0	0	0	0	0	0	0	0	0	0	0	0	0	0	0	0	0	0	0	0	0	0	0	0	0	0	44.9992	0	0	0	0	0	0	0	0	0	0	0	0	0
genomad_k141_2319173	0	0	0	0	0	0	0	0	0	0	0	0	0	0	0	0	0	0	0	0	0	0	0	0	0	0	0	0	0	0	0	36.944016	0	17.966255	0	0	0	0	0	0	0	0	0	0	0	0	0
genomad_k141_1248932	0	0	0	0	0	0	0	0	0	0	0	0	0	0	0	0	0	0	0	0	0	0	0	0	0	0	0	0	0	0	0	0	0	6.194987	0	0	0	0	0	0	0	0	0	0	0	0	0
genomad_k141_595031	0	0	0	0	0	0	0	0	0	0	0	0	0	0	0	0	0	0	0	0	0	0	0	0	0	0	0	0	0	0	0	27.67783	0	0	0	0	0	0	0	0	0	0	0	0	0	0	0
genomad_k141_1665156	0	0	0	0	0	0	0	0	0	0	0	0	0	0	0	0	0	0	0	0	0	0	0	0	0	0	0	0	0	0	0	0	19.865843	7.094212	0	0	0	0	0	0	0	0	0	0	0	0	0
genomad_k141_1962424	0	0	0	0	0	0	0	0	0	0	0	0	0	0	0	0	0	0	0	0	0	0	0	0	0	0	0	0	0	0	0	0	54.22749	21.816957	0	0	0	0	0	0	0	0	0	0	0	0	0
genomad_k141_1605738	0	0	0	0	0	0	0	0	4534.7515	4591.6367	0	0	0	0	0	0	0	0	0	0	0	0	0	0	0	3264.6157	0	0	0	0	0	0	0	0	0	0	0	0	0	0	0	0	0	0	0	0	0
genomad_k141_3508361	0	0	0	0	0	0	0	0	0	0	0	0	0	0	0	0	0	0	0	0	0	0	0	0	0	0	0	0	0	0	0	24.08666	0	0	0	0	0	0	0	0	0	0	0	0	0	0	0
genomad_k141_2140944	0	0	0	0	0	0	0	0	0	0	0	0	0	0	0	0	0	0	0	0	0	0	0	0	0	0	0	0	0	0	0	0	0	6.9097095	0	0	0	0	0	0	0	0	0	0	0	0	0
genomad_k141_576	0	0	0	0	0	0	0	0	0	0	0	0	0	0	0	0	0	0	0	0	0	0	0	0	0	0	0	0	0	0	0	0	34.940804	31.857103	0	0	0	0	0	0	0	0	0	0	0	0	0
genomad_k141_2021991	0	0	0	0	0	0	0	0	0	0	0	0	0	0	0	0	0	0	0	0	0	0	0	0	0	0	0	0	0	0	0	0	23.10959	8.055272	0	0	0	0	0	0	0	0	0	0	0	0	0
genomad_k141_2557095	0	0	0	0	0	0	0	0	0	0	0	0	0	0	0	0	0	0	0	0	0	0	0	0	0	0	0	0	0	0	0	0	48.309475	0	0	0	0	0	0	0	0	0	0	0	0	0	0
genomad_k141_1605833	0	0	0	0	0	0	0	0	0	0	0	0	0	0	0	0	0	0	0	0	0	0	0	0	0	0	0	0	0	0	0	0	0	56.35327	0	0	0	0	0	0	0	0	0	0	0	0	0
genomad_k141_2319386	0	0	0	0	0	0	0	0	0	0	0	0	0	0	0	0	0	0	0	0	0	0	0	0	0	0	0	0	0	0	0	0	19.701982	20.899746	0	0	0	0	0	0	0	0	0	0	0	0	0
genomad_k141_1011287	0	0	0	0	0	0	0	0	0	0	0	0	0	0	0	0	0	0	0	0	0	0	0	0	0	0	0	0	0	0	0	120.25939	0	74.43133	0	0	0	0	0	0	0	0	0	0	0	0	0
genomad_k141_1962540	0	0	0	0	1900.9337	1861.8762	0	0	0	0	0	0	0	0	0	0	0	0	0	0	0	0	0	0	0	0	0	0	0	0	0	0	0	0	0	0	0	0	0	0	0	0	0	0	0	0	0
genomad_k141_476313	0	0	0	0	0	0	0	0	0	0	0	0	0	0	0	0	0	0	0	0	0	0	0	0	0	0	0	0	0	0	0	0	0	20.268913	0	0	0	0	0	0	0	0	0	0	0	0	0
genomad_k141_2200562	0	0	0	0	0	0	0	0	0	0	0	0	0	0	0	0	0	0	0	0	0	0	0	0	0	0	0	0	0	0	0	0	0	9.286308	0	0	0	0	0	0	0	0	0	0	0	0	0
genomad_k141_2438208	0	0	0	0	0	0	0	0	0	0	0	0	0	0	0	0	0	0	0	0	0	0	0	0	0	0	0	0	0	0	0	31.979816	0	0	0	0	0	0	0	0	0	0	0	0	0	0	0
genomad_k141_768	0	0	0	0	0	0	0	0	0	0	0	0	0	0	0	0	0	0	0	0	0	0	0	0	0	0	0	0	0	0	0	0	0	10.803065	0	0	0	0	0	0	0	0	0	0	0	0	0
genomad_k141_2497773	0	0	0	0	0	0	0	445.65427	0	0	0	0	0	0	0	0	0	0	0	0	0	0	0	0	0	0	0	0	0	0	136.63982	240.9425	333.79715	609.0054	0	364.29758	0	0	0	0	0	0	0	0	0	0	0
genomad_k141_1605860	0	0	0	0	0	0	0	0	0	0	0	0	0	0	0	0	0	0	0	0	0	0	0	0	0	0	0	0	0	0	0	0	102.43187	4.1171327	0	0	0	0	0	0	0	0	0	0	0	0	0
genomad_k141_1070916	0	0	0	0	0	0	0	0	0	0	0	0	0	0	0	0	0	0	0	0	0	0	0	0	0	0	0	0	0	0	0	0	0	15.248216	0	0	0	0	0	0	0	0	0	0	0	0	0
genomad_k141_238610	0	0	0	0	0	0	0	0	0	0	0	0	0	0	0	0	0	0	0	0	0	0	0	0	0	0	0	0	0	0	0	74.15873	0	0	0	0	0	0	0	0	0	0	0	0	0	0	0
genomad_k141_238615	0	0	0	0	0	0	0	0	0	0	0	0	0	0	0	0	0	0	0	0	0	0	0	0	0	0	0	0	0	0	0	43.413456	0	0	0	0	0	0	0	0	0	0	0	0	0	0	0
genomad_k141_2141219	0	0	0	0	0	0	0	0	0	0	0	0	0	0	0	0	0	0	0	0	0	0	0	0	0	0	0	0	0	0	0	0	58.782875	5.1715493	0	0	0	0	0	0	0	0	0	0	0	0	0
genomad_k141_2379053	0	0	0	0	0	0	0	0	0	0	0	0	0	0	0	0	0	0	0	0	0	0	0	0	0	0	0	0	0	0	0	0	96.510666	416.93884	0	94.31742	0	0	0	0	0	0	0	0	0	0	0
genomad_k141_1070956	0	0	0	0	0	0	0	0	0	0	0	0	0	0	0	0	0	0	0	0	0	0	0	0	0	0	0	0	0	0	0	0	15.419893	18.935877	0	0	0	0	0	0	0	0	0	0	0	0	0
genomad_k141_179043	0	0	0	0	0	0	0	0	0	0	0	0	0	0	0	0	0	0	0	0	0	0	0	0	0	0	0	0	0	0	0	0	0	9.237389	0	0	0	0	0	0	0	0	0	0	0	0	0
genomad_k141_2497888	0	0	0	0	0	0	0	0	0	0	0	0	0	0	0	0	0	0	0	0	0	0	0	0	0	0	0	0	0	0	0	0	0	5.9652495	0	0	0	0	0	0	0	0	0	0	0	0	0
genomad_k141_1368171	0	0	0	0	0	0	0	0	0	0	0	0	0	0	0	0	0	0	0	0	0	0	0	0	0	0	0	0	0	0	0	22.482618	0	0	0	0	0	0	0	0	0	0	0	0	0	0	0
genomad_k141_3508589	0	0	0	0	0	0	0	0	0	0	0	0	0	0	0	0	0	0	0	0	0	0	0	0	0	0	0	0	0	0	0	0	91.143776	189.86092	0	0	0	0	0	0	0	0	0	0	0	0	0
genomad_k141_2795268	0	0	0	0	0	0	0	0	0	0	0	0	0	0	0	0	0	0	0	0	0	0	0	0	0	0	0	0	0	0	0	0	0	12.573737	0	0	0	0	0	0	0	0	0	0	0	0	0
genomad_k141_3389728	0	0	0	0	0	0	0	0	0	0	0	0	0	0	0	0	0	0	0	0	0	0	0	0	0	0	0	0	0	0	86.93833	15.972303	0	0	0	0	0	0	0	0	0	0	0	0	0	0	0
genomad_k141_2497964	0	0	0	0	0	0	0	0	0	0	0	0	0	0	0	0	0	0	0	0	0	0	0	0	0	0	0	0	0	0	0	0	0	14.241164	0	0	0	0	0	0	0	0	0	0	0	0	0
genomad_k141_3508634	0	0	0	0	0	0	0	0	0	0	0	0	0	0	0	0	0	0	0	0	0	0	0	0	0	0	0	0	0	0	0	0	30.612446	117.33796	0	40.3247	0	0	0	0	0	0	0	0	0	0	0
genomad_k141_952138	0	0	0	0	0	0	0	0	0	0	0	0	0	0	0	0	0	0	0	0	0	0	0	0	0	0	0	0	0	0	0	40.93707	163.76665	34.97288	0	0	0	0	0	0	0	0	0	0	0	0	0
genomad_k141_1427718	0	0	0	0	0	0	0	0	0	0	0	0	0	0	0	0	0	0	0	0	0	0	0	0	0	0	0	0	0	0	0	0	38.992367	15.879209	0	0	0	0	0	0	0	0	0	0	0	0	0
genomad_k141_1665618	0	0	0	0	0	0	0	0	0	0	0	0	0	0	0	0	0	0	0	0	0	0	0	0	0	0	0	0	0	0	0	0	0	12.5657835	0	0	0	0	0	0	0	0	0	0	0	0	0
genomad_k141_1546738	0	0	0	0	0	0	0	0	0	0	0	0	0	0	0	0	0	0	0	0	0	0	0	0	0	0	0	0	0	0	0	0	0	107.11595	0	0	0	0	0	0	0	0	0	0	0	0	0
genomad_k141_1487276	0	0	0	0	0	0	0	0	0	0	0	0	0	0	0	0	0	0	0	0	0	0	0	0	0	0	0	0	0	0	0	0	107.30473	0	0	0	0	0	0	0	0	0	0	0	0	0	0
genomad_k141_298065	0	0	0	0	0	0	0	0	0	0	0	0	0	0	0	0	0	0	0	0	0	0	0	0	0	0	0	0	0	0	0	0	475.46677	483.68564	0	273.54218	0	0	0	0	0	0	0	0	0	0	0
genomad_k141_1071082	0	0	0	0	0	0	0	0	0	0	0	0	0	0	0	0	0	0	0	0	0	0	0	0	0	0	0	0	0	0	0	0	0	10.701012	0	0	0	0	0	0	0	0	0	0	0	0	0
genomad_k141_1843921	0	0	0	0	0	0	0	0	0	0	0	0	0	0	0	0	0	0	0	0	0	0	0	0	0	0	0	0	0	0	0	0	36.280495	204.23204	0	92.4641	0	0	0	0	0	0	0	0	0	0	0
genomad_k141_2200779	0	0	0	0	0	0	0	0	0	0	0	0	0	0	0	0	0	0	0	0	0	0	0	0	0	0	0	0	0	0	0	0	32.580357	9.302852	0	0	0	0	0	0	0	0	0	0	0	0	0
genomad_k141_595416	0	0	0	0	0	0	0	0	0	0	0	0	0	0	0	0	0	0	0	0	0	0	0	0	0	0	0	0	0	0	0	0	26.601784	10.991388	0	0	0	0	0	0	0	0	0	0	0	0	0
genomad_k141_2735828	0	0	0	0	0	0	0	0	0	0	0	448.04852	0	0	0	0	0	0	0	0	0	0	0	0	0	0	0	0	0	0	0	0	0	0	0	0	0	0	0	0	0	652.3917	647.84564	0	0	0	0
genomad_k141_595441	0	0	0	0	0	0	0	0	0	0	0	0	0	0	0	0	0	0	0	0	0	0	0	0	0	0	0	0	0	0	0	0	0	5.521921	0	0	0	0	0	0	0	0	0	0	0	0	0
genomad_k141_535932	0	0	0	0	0	0	0	0	0	0	0	0	0	0	0	0	0	0	0	0	0	0	0	0	0	0	0	0	0	0	0	13.655536	167.67009	208.58276	0	79.12117	0	0	0	0	0	0	0	0	0	0	0
genomad_k141_1843969	0	0	0	0	0	0	0	0	0	0	0	0	0	0	0	0	0	0	0	0	0	0	0	0	0	0	0	0	0	0	87.62657	474.67273	0	7.305609	0	0	0	0	0	0	0	0	0	0	0	0	0
genomad_k141_1784612	0	0	0	0	0	0	0	0	0	0	0	0	0	0	0	0	0	0	0	0	0	0	0	0	0	0	0	0	0	0	90.818436	87.87899	0	7.9183784	0	0	0	0	0	0	0	0	0	0	0	0	0
genomad_k141_655000	0	0	0	0	0	0	0	0	0	0	0	0	0	0	0	0	0	0	0	0	0	0	0	0	0	0	0	0	845.94336	148.18707	0	0	0	0	0	0	0	0	0	0	0	0	0	0	0	0	0
genomad_k141_1546868	1616.021	1543.4104	0	0	0	0	0	0	0	0	0	0	0	0	0	0	0	0	0	0	0	0	0	0	0	0	0	0	0	0	0	0	0	0	0	0	0	0	1580.8148	1596.5917	0	0	0	0	0	0	0
genomad_k141_3092646	0	0	0	0	0	0	0	0	0	0	0	0	0	0	0	0	0	0	0	0	0	0	0	0	0	0	0	0	0	0	0	0	0	0	0	129.00725	0	0	0	0	0	0	0	0	0	0	0
genomad_k141_3746655	0	0	0	0	0	0	0	0	0	0	0	0	0	0	0	0	0	0	0	0	0	0	0	0	0	0	0	0	0	0	116.285965	57.78537	0	0	0	0	0	0	0	0	0	0	0	0	0	0	0
genomad_k141_3508876	27336.418	27721.137	0	0	0	0	0	0	0	0	0	0	0	0	0	0	6100.894	6370.003	0	0	0	0	0	0	0	0	0	0	0	0	0	0	0	0	0	0	0	0	0	0	0	0	0	0	0	0	0
genomad_k141_833420	0	0	0	0	0	0	0	0	0	0	0	0	75.88042	0	0	0	0	0	0	0	0	0	0	0	0	0	0	0	0	0	0	0	0	0	0	0	0	0	0	0	0	0	0	0	0	0	0
genomad_k141_1725046	0	0	0	0	0	0	0	0	0	0	0	0	0	0	0	0	0	0	0	0	0	0	0	0	0	0	0	0	0	0	0	0	0	18.025259	0	0	0	0	0	0	0	0	0	0	0	0	0
genomad_k141_1903462	0	0	0	0	0	0	0	0	0	0	0	0	0	0	0	0	0	0	0	0	0	0	0	0	0	0	0	0	0	0	35.297283	58.162663	0	0	0	0	0	0	0	0	0	0	0	0	0	0	0
genomad_k141_2082087	0	0	0	0	0	0	0	0	0	0	0	0	0	0	0	0	0	0	0	0	0	0	0	0	0	0	0	0	0	0	0	86.296295	0	9.612902	0	0	0	0	0	0	0	0	0	0	0	0	0
genomad_k141_417284	0	0	0	0	0	0	0	0	0	0	0	0	0	0	0	0	0	0	0	0	0	0	0	0	0	0	0	0	0	0	0	23.790604	0	15.724436	0	0	0	0	0	0	0	0	0	0	0	0	0
genomad_k141_179377	0	0	0	0	0	0	0	0	0	0	0	0	0	0	0	0	0	0	0	0	0	0	0	0	0	0	0	0	1029.7018	159.08965	0	0	0	0	0	0	0	0	0	0	0	0	0	0	0	0	0
genomad_k141_892860	0	0	0	0	0	0	0	0	2228.9185	2140.856	0	0	0	0	0	0	0	0	0	0	0	0	0	0	0	0	0	0	0	0	0	0	0	0	0	0	0	0	0	0	0	0	0	0	0	0	0
genomad_k141_3033450	0	0	0	0	0	0	0	0	0	0	0	0	0	0	0	0	0	0	0	0	0	0	0	0	0	0	0	0	0	0	0	0	93.046135	524.5147	0	137.86136	0	0	0	0	0	0	0	0	0	0	0
genomad_k141_714610	0	0	0	0	0	0	0	0	0	0	0	0	0	0	0	0	0	0	0	0	0	0	0	0	0	0	0	0	0	0	0	0	0	11.969064	0	0	0	0	0	0	0	0	0	0	0	0	0
genomad_k141_1217	0	0	0	0	0	0	0	0	0	0	0	0	0	0	0	0	0	0	0	0	0	0	0	0	0	0	0	0	0	0	39.324203	0	202.14485	184.06604	0	0	0	0	0	0	0	0	0	0	0	0	0
genomad_k141_1844193	0	0	0	0	0	0	0	0	0	0	0	0	0	0	0	0	0	0	0	0	0	0	0	0	0	0	0	0	0	0	0	0	0	10.023859	0	0	0	0	0	0	0	0	0	0	0	0	0
genomad_k141_2201061	0	0	0	0	0	0	0	0	0	0	0	0	0	0	0	0	0	0	0	0	0	0	0	0	0	0	0	0	0	0	0	0	78.23847	0	0	0	0	0	0	0	0	0	0	0	0	0	0
genomad_k141_1071317	0	0	0	0	0	0	0	0	0	0	0	0	0	0	0	0	0	0	0	0	0	0	0	0	0	0	0	0	0	0	0	0	31.659962	59.453064	0	0	0	0	0	0	0	0	0	0	0	0	0
genomad_k141_1844233	0	0	0	0	0	0	0	0	0	0	0	0	0	0	0	0	0	0	0	0	0	0	0	0	0	0	0	0	0	0	635.0489	465.3483	0	5.1794896	0	0	0	0	0	0	0	0	0	0	0	0	0
genomad_k141_892947	0	0	0	0	0	0	0	0	0	0	0	0	0	0	0	0	0	0	0	0	0	0	0	0	0	0	0	0	0	0	0	0	27.38577	7.63893	0	0	0	0	0	0	0	0	0	0	0	0	0
genomad_k141_3092896	0	0	0	0	0	0	0	0	0	0	0	0	0	0	0	0	0	0	0	0	0	0	0	0	0	0	0	0	0	0	0	22.730581	0	0	0	0	0	0	0	0	0	0	0	0	0	0	0
genomad_k141_357962	0	0	0	0	0	0	0	0	0	0	0	0	0	0	0	0	0	0	0	0	0	0	0	0	0	0	0	0	733.0148	1202.6543	0	0	0	0	0	0	0	0	0	0	0	0	0	0	0	0	0
genomad_k141_3509026	0	0	0	0	0	0	0	0	0	0	0	0	0	0	0	0	0	0	0	0	0	0	0	0	0	0	0	0	263.91214	0	0	0	0	0	0	0	0	0	0	0	0	0	0	0	0	0	0
genomad_k141_1309245	0	0	0	0	0	0	0	0	0	0	0	0	0	0	0	0	0	0	0	0	0	0	0	0	0	0	0	0	0	0	0	0	63.179718	16.941635	0	0	0	0	0	0	0	0	0	0	0	0	0
genomad_k141_536126	0	0	0	0	0	0	0	0	0	0	0	0	0	0	0	0	0	0	0	0	0	0	0	0	0	0	0	0	0	0	24.163662	96.840256	0	11.65332	0	0	0	0	0	0	0	0	0	0	0	0	0
genomad_k141_1368644	0	0	0	0	0	0	0	0	0	0	0	0	0	0	0	0	0	0	0	0	0	0	0	0	0	0	0	0	0	0	0	0	29.262045	57.557674	0	0	0	0	0	0	0	0	0	0	0	0	0
genomad_k141_2260789	0	0	0	0	0	0	0	0	0	0	0	0	0	0	0	0	0	0	0	0	0	0	0	0	0	0	0	0	0	0	0	0	0	7.3844833	0	0	0	0	0	0	0	0	0	0	0	0	0
genomad_k141_2617479	0	0	0	0	0	0	0	0	0	0	0	0	0	0	0	0	382.51245	426.3151	0	0	0	0	0	0	0	0	0	0	0	0	0	0	0	0	0	0	0	0	0	0	0	0	0	0	0	0	0
genomad_k141_358021	0	0	0	0	0	0	0	0	0	0	0	0	0	0	0	0	0	0	0	0	0	0	0	0	0	0	0	0	0	0	0	0	35.92005	16.736885	0	0	0	0	0	0	0	0	0	0	0	0	0
genomad_k141_1398	0	0	0	0	0	0	0	0	0	0	0	0	0	0	0	0	0	0	0	0	0	0	0	0	0	0	0	0	0	0	0	0	0	11.01777	0	0	0	0	0	0	0	0	0	0	0	0	0
genomad_k141_239154	0	0	0	0	0	0	0	0	0	0	0	0	0	0	0	0	0	0	0	0	0	0	0	0	0	0	0	0	550.1501	0	0	16.54932	0	0	0	0	0	0	0	0	0	0	0	0	0	0	0
genomad_k141_2141829	0	0	0	0	1610.6906	1507.5028	0	0	0	0	0	0	0	0	0	0	0	0	0	0	0	0	0	0	0	0	0	0	0	0	0	0	0	0	0	0	0	0	0	0	0	0	0	0	0	0	0
genomad_k141_893118	0	0	0	0	0	0	0	0	0	0	0	0	0	0	0	0	0	0	0	0	0	0	0	0	0	0	0	0	0	0	0	0	37.431595	11.061972	0	0	0	0	0	0	0	0	0	0	0	0	0
genomad_k141_1903715	0	0	0	0	0	0	0	0	0	0	0	0	0	0	0	0	0	0	0	0	0	0	0	0	0	0	0	0	0	0	0	0	46.548504	99.775604	0	0	0	0	0	0	0	0	0	0	0	0	0
genomad_k141_1547197	0	0	0	0	0	0	0	0	0	0	0	0	0	0	0	0	0	0	0	0	0	0	0	0	0	0	0	0	213.98376	0	0	0	0	0	0	0	0	0	0	0	0	0	0	0	0	0	0
genomad_k141_179662	0	0	0	0	0	0	0	0	0	0	0	0	0	0	0	0	0	0	0	0	0	0	0	0	0	0	0	0	0	0	0	0	36.19376	118.64093	0	60.64905	0	0	0	0	0	0	0	0	0	0	0
genomad_k141_60869	0	0	0	0	0	0	0	0	0	0	0	0	0	0	0	0	0	0	0	0	0	0	0	0	0	0	0	0	0	0	0	0	19.082865	10.899731	0	0	0	0	0	0	0	0	0	0	0	0	0
genomad_k141_952595	0	0	0	0	0	0	0	0	0	0	0	0	0	0	0	0	0	0	0	0	0	0	0	0	0	0	0	0	0	0	0	27.338203	0	0	0	0	0	0	0	0	0	0	0	0	0	0	0
genomad_k141_298534	0	0	0	0	0	0	0	0	0	0	0	0	0	0	0	0	0	0	0	0	0	0	0	0	0	0	0	0	0	0	0	0	38.91675	62.79612	0	0	0	0	0	0	0	0	0	0	0	0	0
genomad_k141_1130963	0	0	0	0	0	0	0	0	0	0	0	0	0	0	0	0	0	0	0	0	0	0	0	0	0	0	0	0	0	0	0	0	33.82216	132.88148	0	79.14478	0	0	0	0	0	0	0	0	0	0	0
genomad_k141_1309390	0	0	0	0	0	0	0	0	0	0	0	0	274.62296	0	0	0	0	0	0	0	0	0	0	0	0	0	0	0	0	0	0	0	0	0	0	0	0	0	0	0	0	0	0	0	0	0	0
genomad_k141_1190349	0	0	0	0	0	0	0	0	0	0	0	0	0	0	0	0	0	0	0	0	0	0	0	0	0	0	0	0	0	0	36.178658	58.53894	0	0	0	0	0	0	0	0	0	0	0	0	0	0	0
genomad_k141_239273	0	0	0	0	0	0	0	0	0	0	0	0	0	0	0	0	0	0	0	0	0	0	0	0	0	0	0	0	940.6595	697.9514	0	0	0	0	0	0	0	0	0	0	0	0	0	0	0	0	0
genomad_k141_1487785	0	0	0	0	0	0	0	767.86615	0	0	0	0	0	0	0	0	0	0	0	0	0	0	0	0	0	0	0	0	0	0	39.408833	1207.8881	0	0	0	0	0	0	0	0	0	0	0	0	0	0	0
genomad_k141_1725358	0	0	0	0	0	0	0	0	0	0	0	0	0	0	0	0	0	0	0	0	0	0	0	0	0	0	0	0	0	0	0	0	0	14.26422	0	0	0	0	0	0	0	0	0	0	0	0	0
genomad_k141_1012081	0	0	0	0	0	0	0	0	0	0	0	0	0	0	0	0	0	0	0	0	0	0	0	0	0	0	0	0	0	0	0	0	0	7.2394457	0	0	0	0	0	0	0	0	0	0	0	0	0
genomad_k141_1725382	0	0	0	0	0	0	0	0	0	0	0	0	0	0	0	0	0	0	0	0	0	0	0	0	0	0	0	0	0	0	0	0	0	12.916499	0	0	0	0	0	0	0	0	0	0	0	0	0
genomad_k141_1544	0	0	0	0	0	0	0	0	0	0	0	0	0	0	0	0	0	0	0	0	0	0	0	0	0	0	0	0	0	0	0	0	51.732445	54.532394	0	0	0	0	0	0	0	0	0	0	0	0	0
genomad_k141_2855467	0	0	0	0	0	0	0	166.34215	0	0	0	0	0	0	0	0	0	0	0	0	0	0	0	0	0	0	0	0	0	0	0	46.26467	0	0	0	0	0	0	0	0	0	0	0	0	0	0	0
genomad_k141_1547341	0	0	0	0	0	0	0	0	0	0	0	0	0	0	0	0	0	0	0	0	0	0	0	0	0	0	0	0	0	0	0	101.76966	0	3.9175184	0	0	0	0	0	0	0	0	0	0	0	0	0
genomad_k141_1249970	0	0	0	0	0	0	0	0	0	0	0	0	0	0	0	0	0	0	0	0	0	0	0	0	0	0	0	0	0	0	0	0	0	11.08884	0	0	0	0	0	0	0	0	0	0	0	0	0
genomad_k141_3568940	1943.4675	1888.4204	0	0	0	0	0	0	0	0	0	0	0	0	0	0	0	0	0	0	0	0	0	0	0	0	0	0	0	0	0	0	0	0	0	0	0	0	0	0	0	0	0	0	0	0	0
genomad_k141_1589	0	0	0	0	0	0	0	0	0	0	0	0	0	0	0	0	0	0	0	0	0	0	0	0	0	0	0	0	0	0	0	29.634941	216.94821	252.32205	0	150.46088	0	0	0	0	0	0	0	0	0	0	0
genomad_k141_715051	0	0	0	0	0	0	0	0	0	0	0	0	0	0	0	0	0	0	0	0	0	0	0	0	0	0	0	0	0	0	0	0	15.987846	60.654446	0	35.33168	0	0	0	0	0	0	0	0	0	0	0
genomad_k141_1903952	0	0	0	0	0	0	0	0	0	0	0	0	0	0	0	0	0	0	0	0	0	0	0	0	0	0	0	0	0	0	0	56.494507	0	0	0	0	0	0	0	0	0	0	0	0	0	0	0
genomad_k141_2320352	0	0	0	0	0	0	0	0	0	0	0	0	0	0	0	0	0	0	0	0	0	0	0	0	0	0	0	0	0	0	0	0	0	13.65425	0	0	0	0	0	0	0	0	0	0	0	0	0
genomad_k141_120485	0	0	0	0	0	0	0	0	0	0	0	0	56.826168	0	0	0	0	0	0	0	0	0	0	0	0	0	0	0	0	0	0	0	0	0	0	0	0	0	0	0	0	0	0	0	0	0	0
genomad_k141_1547397	0	0	0	0	0	0	0	0	0	0	0	0	0	0	0	0	0	0	0	0	0	0	0	0	0	0	0	0	0	0	0	21.48832	0	0	0	0	0	0	0	0	0	0	0	0	0	0	0
genomad_k141_2023078	0	0	0	0	0	0	0	0	0	0	0	0	0	0	0	0	0	0	0	0	0	0	0	0	0	0	0	0	144.82655	291.72003	0	0	0	0	0	0	0	0	0	0	0	0	0	0	0	0	0
genomad_k141_1903974	0	0	0	0	0	0	0	0	0	0	0	0	0	0	0	0	0	0	0	0	0	0	0	0	0	0	0	0	0	0	0	0	65.08834	59.503716	0	0	0	0	0	0	0	0	0	0	0	0	0
genomad_k141_3390691	0	0	0	0	0	0	0	0	0	0	0	0	0	0	0	0	0	0	0	0	0	0	0	0	0	0	0	0	0	0	0	0	0	10.078271	0	0	0	0	0	0	0	0	0	0	0	0	0
genomad_k141_655341	0	0	0	0	0	0	0	0	0	0	0	0	0	0	0	0	0	0	0	0	0	0	0	0	0	0	0	0	0	0	0	0	26.728596	17.01086	0	0	0	0	0	0	0	0	0	0	0	0	0
genomad_k141_1606619	0	0	0	0	0	0	0	0	0	0	0	0	0	0	0	0	0	0	0	0	0	0	0	0	0	0	0	0	0	0	0	0	24.320187	9.4970455	0	0	0	0	0	0	0	0	0	0	0	0	0
genomad_k141_2677281	0	0	0	0	0	0	0	0	0	0	0	0	0	0	0	0	0	0	0	0	0	0	0	0	0	0	0	0	0	0	0	0	0	19.671392	0	0	0	0	0	0	0	0	0	0	0	0	0
genomad_k141_1663	0	0	0	0	0	0	0	0	0	0	0	0	0	0	0	0	0	0	0	0	0	0	0	0	0	0	0	0	0	0	0	0	149.77348	139.70108	0	71.98756	0	0	0	0	0	0	0	0	0	0	0
genomad_k141_1369005	0	0	0	0	0	0	0	0	0	0	0	0	0	0	0	0	0	0	0	0	0	0	0	0	0	0	0	0	0	0	0	0	0	69.074356	0	0	0	0	0	0	0	0	0	0	0	0	0
genomad_k141_3569079	0	0	0	0	0	0	0	0	0	0	0	0	0	0	0	0	0	0	0	0	0	0	0	0	0	0	0	0	0	0	0	0	0	7.602334	0	0	0	0	0	0	0	0	0	0	0	0	0
genomad_k141_893408	0	0	0	0	0	0	0	0	0	0	0	0	0	0	0	0	0	0	0	0	0	0	0	0	0	0	0	0	0	0	0	63.993305	0	0	0	0	0	0	0	0	0	0	0	0	0	0	0
genomad_k141_3390771	0	0	0	0	0	0	0	0	0	0	0	0	0	0	0	0	0	0	0	0	0	0	0	0	0	0	0	0	0	0	0	32.299995	0	0	0	0	0	0	0	0	0	0	0	0	0	0	0
genomad_k141_3509552	0	0	0	0	0	0	0	0	0	0	0	0	0	0	0	0	0	0	0	0	0	0	0	0	0	0	0	0	0	0	0	0	0	7.97467	0	0	0	0	0	0	0	0	0	0	0	0	0
genomad_k141_1963571	0	0	0	0	0	0	0	800.50055	0	0	0	0	0	0	0	0	0	0	0	0	0	0	0	0	0	0	0	0	0	0	1564.1974	689.86743	20.715612	8.537669	0	0	0	0	0	0	0	0	0	0	0	0	0
genomad_k141_1904038	0	0	0	0	0	0	0	0	0	0	0	0	0	0	0	0	0	0	0	0	0	0	0	0	0	0	0	0	0	0	0	0	37.139786	3.063606	0	0	0	0	0	0	0	0	0	0	0	0	0
genomad_k141_1131043	0	0	0	0	0	0	0	0	0	0	0	0	0	0	0	0	0	0	0	0	0	0	0	0	0	0	0	0	0	0	0	0	271.41986	356.53128	0	229.84395	0	0	0	0	0	0	0	0	0	0	0
genomad_k141_1428576	0	0	0	0	0	0	0	0	0	0	0	0	0	0	0	0	0	0	0	0	0	0	0	0	0	0	0	0	360.09262	0	0	0	0	0	0	0	0	0	0	0	0	0	0	0	0	0	0
genomad_k141_1012288	0	0	0	0	0	0	0	0	0	0	0	0	0	0	0	0	0	0	0	0	0	0	0	0	0	0	0	0	0	0	89.101685	76.41909	0	0	0	0	0	0	0	0	0	0	0	0	0	0	0
genomad_k141_477330	0	0	0	0	0	0	0	0	0	0	0	0	0	0	0	0	0	0	0	0	0	0	0	0	0	0	0	0	0	0	0	0	75.47384	42.257572	0	0	0	0	0	0	0	0	0	0	0	0	0
genomad_k141_1428586	0	0	0	0	0	0	0	0	0	0	0	0	0	0	0	0	0	0	0	0	0	0	0	0	0	0	0	0	1032.5739	194.57964	0	0	0	0	0	0	0	0	0	0	0	0	0	0	0	0	0
genomad_k141_596207	0	0	0	0	0	0	0	0	0	0	0	0	0	0	0	0	0	0	0	0	0	0	0	0	0	0	0	0	0	0	34.601715	98.086945	0	3.1304634	0	0	0	0	0	0	0	0	0	0	0	0	0
genomad_k141_3688167	0	0	0	0	0	0	0	0	0	0	0	0	0	0	0	0	0	0	0	0	0	0	0	0	0	0	0	0	0	0	0	0	0	0	0	0	0	0	0	0	0	273.93848	283.22058	0	0	0	0
genomad_k141_2023281	0	0	0	0	0	0	0	0	0	0	0	0	0	0	0	0	0	0	0	0	0	0	0	0	0	0	0	0	256.36203	0	0	0	0	0	0	0	0	0	0	0	0	0	0	0	0	0	0
genomad_k141_893537	0	0	0	0	0	0	0	0	0	0	0	0	0	0	0	0	0	0	0	0	0	0	0	0	0	0	0	0	0	0	0	39.136898	0	4.523938	0	0	0	0	0	0	0	0	0	0	0	0	0
genomad_k141_3212621	0	0	0	0	0	0	0	0	0	0	0	0	0	0	0	0	0	0	0	0	0	0	0	0	0	0	0	0	0	0	0	0	0	10.855607	0	0	0	0	0	0	0	0	0	0	0	0	0
genomad_k141_1012336	0	0	0	0	0	0	0	0	0	0	0	0	0	0	0	0	0	0	0	0	0	0	0	0	0	0	0	0	0	0	0	83.59982	19.355326	201.9786	0	59.43743	0	0	0	0	0	0	0	0	0	0	0
genomad_k141_180099	0	0	0	0	0	0	0	0	0	0	0	0	0	0	0	0	0	0	0	0	0	0	0	0	0	0	0	0	0	0	0	0	29.051863	14.25598	0	0	0	0	0	0	0	0	0	0	0	0	0
genomad_k141_2142267	0	0	0	0	0	0	0	0	0	0	0	0	0	0	0	0	0	0	0	0	0	0	0	0	0	0	0	0	41.086155	0	0	0	0	0	0	0	0	0	0	0	0	0	0	0	0	0	0
genomad_k141_239626	0	0	0	0	0	0	0	0	0	0	0	0	0	0	0	0	0	0	0	0	0	0	0	0	0	0	0	0	192.36415	0	0	0	0	0	0	0	0	0	0	0	0	0	0	0	0	0	0
genomad_k141_1904169	0	0	0	0	0	0	0	0	0	0	0	0	61.780724	0	0	0	0	0	0	0	0	0	0	0	0	0	0	0	0	0	0	0	0	0	0	0	0	0	0	0	0	0	0	0	0	0	0
genomad_k141_3034270	0	0	0	0	0	0	0	0	0	0	0	0	0	0	0	0	0	0	0	0	0	0	0	0	0	0	0	0	0	0	0	0	51.08971	50.352802	0	0	0	0	0	0	0	0	0	0	0	0	0
genomad_k141_1012382	0	0	0	0	0	0	0	0	0	0	0	0	0	0	0	0	0	0	0	0	0	0	0	0	0	0	0	0	0	0	0	0	0	170.49954	0	0	0	0	0	0	0	0	0	0	0	0	0
genomad_k141_1488211	0	0	0	0	0	0	0	0	0	0	0	0	0	0	0	0	0	0	0	0	0	0	0	0	0	0	0	0	0	0	0	0	26.755568	2.1856868	0	0	0	0	0	0	0	0	0	0	0	0	0
genomad_k141_477409	0	0	0	0	0	0	0	0	0	0	0	0	0	0	0	0	0	0	0	0	0	0	0	0	0	0	0	0	0	0	256.7467	167.31339	0	0	0	0	0	0	0	0	0	0	0	0	0	0	0
genomad_k141_2023355	0	0	0	0	0	0	0	0	0	0	0	0	0	0	0	0	0	0	0	0	0	0	0	0	0	0	0	0	0	0	0	0	24.885988	14.591972	0	0	0	0	0	0	0	0	0	0	0	0	0
genomad_k141_3272033	0	0	0	0	0	0	0	0	0	0	0	0	0	0	0	0	0	0	0	0	0	0	0	0	0	0	0	0	0	0	32.52547	0	0	8.4141655	0	0	0	0	0	0	0	0	0	0	0	0	0
genomad_k141_1725870	0	0	0	0	0	0	0	0	0	0	0	0	0	0	0	0	0	0	0	0	0	0	0	0	0	0	0	0	0	0	0	0	32.87859	28.541075	0	0	0	0	0	0	0	0	0	0	0	0	0
genomad_k141_1904262	0	0	0	0	0	0	0	0	0	0	0	0	106.90705	0	0	0	0	0	0	0	0	0	0	0	0	0	0	0	0	0	0	0	0	0	0	0	0	0	0	0	0	0	0	0	0	0	0
genomad_k141_3509812	0	0	0	0	0	0	0	0	0	0	0	0	41.14858	0	0	0	0	0	0	0	0	0	0	0	0	0	0	0	0	0	0	0	0	0	0	0	0	0	0	0	0	0	0	0	0	0	0
genomad_k141_3153151	0	0	0	0	0	0	0	0	0	0	0	0	0	0	0	0	0	0	0	0	0	0	0	0	0	0	0	0	0	0	0	0	0	119.85299	0	31.327923	0	0	0	0	0	0	0	0	0	0	0
genomad_k141_120744	0	0	0	0	0	0	0	0	0	0	0	0	0	0	0	0	0	0	0	0	0	0	0	0	0	0	0	0	0	0	0	0	0	0	0	160.87231	0	0	0	0	0	0	0	0	0	0	0
genomad_k141_893636	0	0	0	0	0	0	0	0	0	0	0	0	0	0	0	0	0	0	0	0	0	0	0	0	0	0	0	0	0	0	0	0	22.432379	23.315565	0	0	0	0	0	0	0	0	0	0	0	0	0
genomad_k141_1547666	0	0	0	0	0	0	0	0	0	0	0	0	0	0	0	0	0	0	0	0	0	0	0	0	0	0	0	0	0	0	0	186.12105	65.90636	353.23972	0	95.8555	0	0	0	0	0	0	0	0	0	0	0
genomad_k141_1309862	0	0	0	0	0	0	0	0	0	0	0	0	0	0	0	0	0	0	0	0	0	0	0	0	0	0	0	0	0	0	0	0	207.06364	114.2378	0	45.302315	0	0	0	0	0	0	0	0	0	0	0
genomad_k141_1369324	0	0	0	0	0	0	0	0	0	0	0	0	0	0	0	0	0	0	0	0	0	0	0	0	0	0	0	0	0	0	0	0	0	31.44646	0	0	0	0	0	0	0	0	0	0	0	0	0
genomad_k141_2915456	0	0	0	0	0	0	0	0	0	0	0	0	30.71743	0	0	0	0	0	0	0	0	0	0	0	0	0	0	0	0	0	0	0	0	0	0	0	0	0	0	0	0	0	0	0	0	0	0
genomad_k141_2855975	0	0	0	0	0	0	0	0	0	0	0	0	0	0	0	0	0	0	0	0	0	0	0	0	0	0	0	0	0	0	0	38.159096	0	0	0	0	0	0	0	0	0	0	0	0	0	0	0
genomad_k141_893673	0	0	0	0	0	0	0	0	0	0	0	0	0	0	0	0	0	0	0	0	0	0	0	0	0	0	0	0	0	0	439.33435	599.2702	0	25.514807	0	0	0	0	0	0	0	0	0	0	0	0	0
genomad_k141_3093780	0	0	0	0	0	0	0	0	0	0	0	0	0	0	0	0	0	0	0	0	0	0	0	0	0	0	0	0	0	0	28.532469	13.71059	0	0	0	0	0	0	0	0	0	0	0	0	0	0	0
genomad_k141_1904306	0	0	0	0	0	0	0	0	0	0	0	0	0	0	0	0	0	0	0	0	0	0	0	0	0	0	0	0	0	0	0	0	17.939503	11.918475	0	0	0	0	0	0	0	0	0	0	0	0	0
genomad_k141_358642	0	0	0	0	0	0	0	0	0	0	0	0	0	0	0	0	0	0	0	0	0	0	0	0	0	0	0	0	0	0	0	0	0	0	0	0	0	0	4657.538	4288.9966	0	0	0	0	0	0	0
genomad_k141_2618376	0	0	0	0	0	0	0	0	0	0	0	0	0	0	0	0	0	0	0	0	0	0	0	0	0	0	0	0	0	0	0	0	0	85.67371	0	24.37067	0	0	0	0	0	0	0	0	0	0	0
genomad_k141_1131369	0	0	0	0	0	0	0	0	0	0	0	0	0	0	0	0	0	0	0	0	0	0	0	0	0	0	0	0	173.04695	0	0	0	0	0	0	0	0	0	0	0	0	0	0	0	0	0	0
genomad_k141_2915505	0	0	0	0	0	0	0	0	0	0	0	0	0	0	0	0	0	0	0	0	0	0	0	0	0	0	0	0	0	0	45.70379	40.401924	0	0	0	0	0	0	0	0	0	0	0	0	0	0	0
genomad_k141_596393	0	0	0	0	0	0	0	0	0	0	0	0	0	0	0	0	0	0	0	0	0	0	0	0	0	0	0	0	0	0	0	0	0	20.970154	0	0	0	0	0	0	0	0	0	0	0	0	0
genomad_k141_2856040	0	0	0	0	0	0	0	0	0	0	0	0	0	0	0	0	0	0	0	0	0	0	0	0	0	0	0	0	0	0	0	0	20.279121	36.483547	0	0	0	0	0	0	0	0	0	0	0	0	0
genomad_k141_2201932	0	0	0	0	0	0	0	0	0	0	0	0	0	0	0	0	0	0	0	0	0	0	0	0	0	0	0	0	0	0	0	0	17.695518	36.047703	0	0	0	0	0	0	0	0	0	0	0	0	0
genomad_k141_120846	0	0	0	0	0	0	0	0	0	0	0	0	0	0	0	0	0	0	0	0	0	0	0	0	0	0	0	0	0	0	0	0	0	19.12326	0	0	0	0	0	0	0	0	0	0	0	0	0
genomad_k141_418256	0	0	0	0	0	0	0	0	0	0	0	0	0	0	0	0	0	0	0	0	0	0	0	0	0	0	0	0	1491.9373	5583.8145	0	0	0	0	0	0	0	0	0	0	0	0	0	0	0	0	0
genomad_k141_2201976	0	0	0	0	0	0	0	0	0	0	0	0	0	0	0	0	0	0	0	0	0	0	0	0	0	0	0	0	0	0	0	60.005657	0	0	0	0	0	0	0	0	0	0	0	0	0	0	0
genomad_k141_1428898	0	0	0	0	0	0	0	0	0	0	0	0	66.37791	0	0	0	0	0	0	0	0	0	0	0	0	0	0	0	0	0	0	0	0	0	0	0	0	0	0	0	0	0	0	0	0	0	0
genomad_k141_2915629	0	0	0	0	0	0	0	0	0	0	0	0	0	0	0	0	0	0	0	0	0	0	0	0	0	0	0	0	0	0	0	0	20.653791	4.724237	0	0	0	0	0	0	0	0	0	0	0	0	0
genomad_k141_1428946	0	0	0	0	0	0	0	0	0	0	0	0	0	0	0	0	0	0	0	0	0	0	0	0	0	0	0	0	0	0	0	0	62.866035	32.98347	0	0	0	0	0	0	0	0	0	0	0	0	0
genomad_k141_2558953	0	0	0	0	0	0	0	0	0	0	0	0	0	0	0	0	0	0	0	0	0	0	0	0	0	0	0	0	0	0	0	0	0	0	0	148.11656	0	0	0	0	0	0	0	0	0	0	0
genomad_k141_2618580	0	0	0	0	0	0	0	0	0	0	0	0	0	0	0	0	0	0	0	0	0	0	0	0	0	0	0	0	0	0	0	0	1106.7312	2500.8591	0	1040.4705	0	0	0	0	0	0	0	0	0	0	0
genomad_k141_1428954	0	0	0	0	0	0	0	0	0	0	0	0	0	0	0	0	0	0	0	0	0	0	0	0	0	0	0	0	0	0	0	0	25.278564	110.93173	0	45.643257	0	0	0	0	0	0	0	0	0	0	0
genomad_k141_2737066	0	0	0	0	0	0	0	0	0	0	0	0	0	0	0	0	0	0	0	0	0	0	0	0	0	0	0	0	0	0	0	0	189.05852	0	0	0	0	0	0	0	0	0	0	0	0	0	0
genomad_k141_120986	0	0	0	0	0	0	0	0	0	0	0	0	0	0	0	0	0	0	0	0	0	0	0	0	0	0	0	0	0	0	0	0	130.25171	207.7135	0	0	0	0	0	0	0	0	0	0	0	0	0
genomad_k141_3569657	0	0	0	0	0	0	0	0	0	0	0	0	0	0	0	0	0	0	0	0	0	0	0	0	0	0	0	0	0	0	0	0	0	13.238539	0	0	0	0	0	0	0	0	0	0	0	0	0
genomad_k141_2677810	0	0	0	0	0	0	0	0	0	0	0	0	0	0	0	0	0	0	0	0	0	0	0	0	0	0	0	0	0	0	0	20.373394	0	0	0	0	0	0	0	0	0	0	0	0	0	0	0
genomad_k141_3332004	0	0	0	0	0	0	0	0	0	0	0	0	0	0	0	0	0	0	0	0	0	0	0	0	0	0	0	0	0	0	0	0	25.324411	11.044635	0	0	0	0	0	0	0	0	0	0	0	0	0
genomad_k141_2191	0	0	0	0	0	0	0	623.57996	0	0	0	0	0	0	0	0	0	0	0	0	0	0	0	0	0	0	0	0	0	0	358.35135	708.2057	0	14.749416	0	0	0	0	0	0	0	0	0	0	0	0	0
genomad_k141_953359	0	0	0	0	0	0	0	0	0	0	0	0	0	0	0	0	0	0	0	0	0	0	0	0	0	0	0	0	0	0	0	0	57.1921	146.95157	0	0	0	0	0	0	0	0	0	0	0	0	0
genomad_k141_3391388	0	0	0	0	0	0	0	0	0	0	0	0	0	0	0	0	0	0	0	0	0	0	0	0	0	0	0	0	0	0	0	0	0	13.681324	0	0	0	0	0	0	0	0	0	0	0	0	0
genomad_k141_1666923	0	0	0	0	0	0	0	0	0	0	0	0	0	0	0	0	0	0	0	0	0	0	0	0	0	0	0	0	0	0	0	0	148.3445	4.0868306	0	0	0	0	0	0	0	0	0	0	0	0	0
genomad_k141_1964132	0	0	0	0	0	0	0	0	0	0	0	0	0	0	0	0	0	0	0	0	0	0	0	0	0	0	0	0	0	0	0	0	0	31.54688	0	0	0	0	0	0	0	0	0	0	0	0	0
genomad_k141_2677897	0	0	0	0	0	0	0	0	0	0	0	0	0	0	0	0	0	0	0	0	0	0	0	0	0	0	0	0	0	0	0	0	0	7.9144382	0	0	0	0	0	0	0	0	0	0	0	0	0
genomad_k141_418448	0	0	0	0	0	0	0	0	0	0	0	0	0	0	0	0	0	0	0	0	0	0	0	0	0	0	23266.365	0	0	0	0	0	0	0	0	0	0	0	0	0	0	0	0	0	0	0	0
genomad_k141_2023786	0	0	0	0	0	0	0	0	0	0	0	0	0	0	0	0	0	0	0	0	0	0	0	0	0	0	0	0	0	0	0	0	0	4.1547637	0	0	0	0	0	0	0	0	0	0	0	0	0
genomad_k141_2559150	0	0	0	0	0	0	0	0	0	0	0	0	0	0	0	0	0	0	0	0	0	0	0	0	0	0	0	0	0	0	29.076353	14.447426	0	0	0	0	0	0	0	0	0	0	0	0	0	0	0
genomad_k141_715777	0	0	0	0	0	0	0	0	0	0	0	0	0	0	0	0	0	0	0	0	0	0	0	0	0	0	0	0	0	0	0	31.003613	0	0	0	0	0	0	0	0	0	0	0	0	0	0	0
genomad_k141_2202234	0	0	0	0	0	0	0	0	0	0	0	0	0	0	0	0	0	0	0	0	0	0	0	0	0	0	0	0	0	0	0	0	38.6061	36.550884	0	0	0	0	0	0	0	0	0	0	0	0	0
genomad_k141_3629319	0	0	0	0	0	0	0	0	0	0	0	0	0	0	0	0	0	0	0	0	0	0	0	0	0	0	0	0	0	0	0	0	0	16.353722	0	0	0	0	0	0	0	0	0	0	0	0	0
genomad_k141_3391470	0	0	0	0	0	0	0	0	0	0	0	0	0	0	0	0	0	0	0	0	0	0	0	0	0	0	0	0	0	0	0	0	0	0	0	218.07823	0	0	0	0	0	0	0	0	0	0	0
genomad_k141_1726301	0	0	0	0	0	0	0	0	0	0	0	0	0	0	0	0	0	0	0	0	0	0	0	0	0	0	0	0	27.279898	0	0	0	0	0	0	0	0	0	0	0	0	0	0	0	0	0	0
genomad_k141_596764	0	0	0	0	0	0	0	0	0	0	0	0	0	0	0	0	0	0	0	0	0	0	0	0	0	0	0	0	0	0	0	0	0	34.852917	0	0	0	0	0	0	0	0	0	0	0	0	0
genomad_k141_2499741	0	0	0	0	0	0	0	0	0	0	0	0	0	0	0	0	872.43225	867.53613	0	0	0	0	0	0	0	0	0	0	0	0	0	0	0	0	0	0	0	0	0	0	0	0	0	0	0	0	0
genomad_k141_2291	0	0	0	0	0	0	0	0	0	0	0	0	44.43801	0	0	0	0	0	0	0	0	0	0	0	0	0	0	0	0	0	0	0	0	0	0	0	0	0	0	0	0	0	0	0	0	0	0
genomad_k141_2499753	0	0	0	0	0	0	0	0	0	0	0	0	0	0	0	0	0	0	0	0	0	0	0	0	0	0	0	0	0	0	0	11.325455	34.68046	60.95264	0	0	0	0	0	0	0	0	0	0	0	0	0
genomad_k141_240227	0	0	0	0	0	0	0	0	0	0	0	0	0	0	0	0	0	0	0	0	0	0	0	0	0	0	0	0	0	0	0	135.95091	0	96.7669	0	0	0	0	0	0	0	0	0	0	0	0	0
genomad_k141_477928	0	0	0	0	0	0	0	0	0	0	0	0	0	0	0	0	0	0	0	0	0	0	0	0	0	0	0	0	0	0	0	0	26.216057	31.061687	0	0	0	0	0	0	0	0	0	0	0	0	0
genomad_k141_3153697	0	0	0	0	0	0	0	0	0	0	0	0	0	0	0	0	0	0	0	0	0	0	0	0	0	0	0	0	0	0	0	0	0	8.076778	0	0	0	0	0	0	0	0	0	0	0	0	0
genomad_k141_1667079	0	0	0	0	0	0	0	0	0	0	0	0	0	0	0	0	0	0	0	0	0	0	0	0	0	0	0	0	0	0	0	0	32.77331	115.11134	0	0	0	0	0	0	0	0	0	0	0	0	0
genomad_k141_1726363	0	0	0	0	0	0	0	0	0	0	0	0	0	0	0	0	0	0	0	0	0	0	0	0	0	0	0	0	0	0	0	81.0715	0	23.189875	0	0	0	0	0	0	0	0	0	0	0	0	0
genomad_k141_3272690	0	0	0	0	0	0	0	0	0	0	0	0	0	0	0	0	207.04369	201.59882	0	0	0	0	0	0	0	0	0	0	0	0	0	0	0	0	0	0	0	0	0	0	0	0	0	0	0	0	0
genomad_k141_1072478	0	0	0	0	0	0	0	0	0	0	0	0	0	0	0	0	0	0	0	0	0	0	0	0	0	0	0	0	0	0	0	0	370.1238	95.89689	0	0	0	0	0	0	0	0	0	0	0	0	0
genomad_k141_537070	0	0	0	0	0	0	0	222.52998	0	0	0	0	0	0	0	0	0	0	0	0	0	0	0	0	0	0	0	0	0	0	1489.4128	405.34894	0	0	0	0	0	0	0	0	0	0	0	0	0	0	0
genomad_k141_2202336	0	0	0	0	0	0	0	0	0	0	0	0	0	0	0	0	0	0	0	0	0	0	0	0	0	0	0	0	0	0	229.27655	69.59509	0	0	0	0	0	0	0	0	0	0	0	0	0	0	0
genomad_k141_418618	0	0	0	0	0	0	0	0	0	0	0	0	0	0	0	0	0	0	0	0	0	0	0	0	0	0	0	0	0	0	0	0	0	24.372599	0	0	0	0	0	0	0	0	0	0	0	0	0
genomad_k141_1488861	0	0	0	0	0	0	0	0	0	0	0	0	0	0	0	0	0	0	0	0	0	0	0	0	0	0	0	0	0	0	0	0	25.370022	20.146738	0	0	0	0	0	0	0	0	0	0	0	0	0
genomad_k141_2202355	0	0	0	0	0	0	0	0	0	0	0	0	0	0	0	0	0	0	0	0	0	0	0	0	0	0	0	0	0	0	46.432583	0	121.97303	39.67445	0	0	0	0	0	0	0	0	0	0	0	0	0
genomad_k141_2024004	0	0	0	0	0	0	0	0	0	0	0	0	0	0	0	0	0	0	0	0	0	0	0	0	0	0	0	0	0	0	0	0	31.453371	4.129481	0	0	0	0	0	0	0	0	0	0	0	0	0
genomad_k141_1369943	0	0	0	0	0	0	0	0	0	0	0	0	0	0	0	0	0	0	0	0	0	0	0	0	0	0	0	0	0	0	0	0	0	79.64885	0	0	0	0	0	0	0	0	0	0	0	0	0
genomad_k141_2262151	0	0	0	0	0	0	0	0	0	0	0	0	0	0	0	0	784.64246	838.44885	0	0	0	0	0	0	0	0	0	0	0	0	0	0	0	0	0	0	0	0	0	0	0	0	0	0	0	0	0
genomad_k141_656191	0	0	0	0	0	0	0	0	0	0	0	0	0	0	0	0	0	0	0	0	0	0	0	0	0	0	0	0	0	0	0	0	19.547724	61.61841	0	0	0	0	0	0	0	0	0	0	0	0	0
genomad_k141_3748584	0	0	0	0	0	0	0	0	0	0	0	0	0	0	0	0	0	0	0	0	0	0	0	0	0	0	0	0	0	0	0	0	23.381958	16.120052	0	0	0	0	0	0	0	0	0	0	0	0	0
genomad_k141_2559421	0	0	0	0	0	0	0	0	0	0	0	0	0	0	0	0	0	0	0	0	0	0	0	0	0	0	0	0	0	0	0	0	0	6.991492	0	0	0	0	0	0	0	0	0	0	0	0	0
genomad_k141_2494	0	0	0	0	0	0	0	0	0	0	0	0	0	0	0	0	0	0	0	0	0	0	0	0	0	0	0	0	43.11547	144.75252	0	0	0	0	0	0	0	0	0	0	0	0	0	0	0	0	0
genomad_k141_2515	0	0	0	0	0	0	0	0	0	0	0	0	0	0	0	0	0	0	0	0	0	0	0	0	0	0	0	0	0	0	0	0	0	22.526117	0	0	0	0	0	0	0	0	0	0	0	0	0
genomad_k141_2525	0	0	0	0	0	0	0	0	0	0	0	0	0	0	0	0	0	0	0	0	0	0	0	0	0	0	0	0	0	0	0	0	0	295.57904	0	0	0	0	0	0	0	0	0	0	0	0	0
genomad_k141_1429347	0	0	0	0	0	0	0	0	0	0	0	0	0	0	0	0	0	0	0	0	0	0	0	0	0	0	0	0	1023.64575	0	0	0	0	0	0	0	0	0	0	0	0	0	0	0	0	0	0
genomad_k141_1964453	0	0	0	0	0	0	0	0	0	0	0	0	0	0	0	0	0	0	0	0	0	0	0	0	0	0	0	0	0	0	0	0	24.407507	17.823368	0	0	0	0	0	0	0	0	0	0	0	0	0
genomad_k141_2916204	0	0	0	0	0	0	0	0	0	0	0	0	0	0	0	0	0	0	0	0	0	0	0	0	0	0	0	0	0	0	0	0	0	14.851773	0	0	0	0	0	0	0	0	0	0	0	0	0
genomad_k141_2737580	0	0	0	0	0	0	0	0	0	0	0	0	0	0	0	0	0	0	0	0	0	0	0	0	0	0	0	0	0	0	0	0	55.31103	97.29816	0	0	0	0	0	0	0	0	0	0	0	0	0
genomad_k141_240468	0	0	0	0	0	0	0	0	0	0	0	0	0	0	0	0	0	0	0	0	0	0	0	0	0	0	0	0	0	0	0	0	65.32688	39.992207	0	0	0	0	0	0	0	0	0	0	0	0	0
genomad_k141_3570230	0	0	0	0	0	0	0	0	0	0	0	0	0	0	0	0	0	0	0	0	0	0	0	0	0	0	0	0	0	0	0	0	0	7.4654746	0	0	0	0	0	0	0	0	0	0	0	0	0
genomad_k141_3094595	0	0	0	0	0	0	0	0	0	0	0	0	0	0	0	0	0	0	0	0	0	0	0	0	0	0	0	0	0	0	0	0	0	44.503536	0	0	0	0	0	0	0	0	0	0	0	0	0
genomad_k141_1904981	0	0	0	0	0	0	0	0	0	0	0	0	0	0	0	0	0	0	0	0	0	0	0	0	0	0	0	0	0	0	65.23245	125.23057	0	0	0	0	0	0	0	0	0	0	0	0	0	0	0
genomad_k141_2559603	0	0	0	0	0	0	0	0	0	0	0	0	0	0	0	0	0	0	0	0	0	0	0	0	0	0	0	0	0	0	0	0	0	7.001338	0	0	0	0	0	0	0	0	0	0	0	0	0
genomad_k141_775668	0	0	0	0	0	0	0	0	0	0	0	0	0	0	0	0	0	0	0	0	0	0	0	0	0	0	0	0	0	0	0	0	61.94665	127.162766	0	0	0	0	0	0	0	0	0	0	0	0	0
genomad_k141_2083788	0	0	0	0	0	0	0	0	0	0	0	0	0	0	0	0	0	0	0	0	0	0	0	0	0	0	0	0	0	0	0	0	0	23.686966	0	0	0	0	0	0	0	0	0	0	0	0	0
genomad_k141_656365	0	0	0	0	0	0	0	0	0	0	0	0	0	0	0	0	0	0	0	0	0	0	0	0	0	0	0	0	0	0	0	0	0	16.71764	0	0	0	0	0	0	0	0	0	0	0	0	0
genomad_k141_3748757	0	0	0	0	0	0	0	269.51642	0	0	0	0	0	0	0	0	0	0	0	0	0	0	0	0	0	0	0	0	0	0	179.05064	154.84245	61.31144	70.68074	0	51.74361	0	0	0	0	0	0	0	0	0	0	0
genomad_k141_1072754	0	0	0	0	0	0	0	0	0	0	0	0	0	0	0	0	0	0	0	0	0	0	0	0	0	0	0	0	0	0	59.756027	86.17587	0	0	0	0	0	0	0	0	0	0	0	0	0	0	0
genomad_k141_835057	0	0	0	0	0	0	0	0	0	0	0	0	0	0	0	0	0	0	0	0	0	0	0	0	0	0	0	0	0	0	40.353672	271.15808	77.47339	51.93145	0	0	0	0	0	0	0	0	0	0	0	0	0
genomad_k141_1132149	0	0	0	0	0	0	0	0	0	0	0	0	0	0	0	0	0	0	0	0	0	0	0	0	0	0	0	0	0	0	0	0	0	49.63863	0	0	0	0	0	0	0	0	0	0	0	0	0
genomad_k141_2797217	0	0	0	0	0	0	0	0	0	0	0	0	0	0	0	0	0	0	0	0	0	0	0	0	0	0	0	0	0	0	0	0	0	12.560675	0	0	0	0	0	0	0	0	0	0	0	0	0
genomad_k141_1964588	0	0	0	0	0	0	0	0	0	0	0	0	0	0	0	0	0	0	0	0	0	0	0	0	0	0	0	0	0	0	0	0	0	0	0	70.65864	0	0	0	0	0	0	0	0	0	0	0
genomad_k141_2440398	0	0	0	0	0	0	0	0	0	0	0	0	0	0	0	0	0	0	0	0	0	0	0	0	0	0	0	0	0	0	0	0	0	21.393764	0	0	0	0	0	0	0	0	0	0	0	0	0
genomad_k141_418923	0	0	0	0	0	0	0	0	0	0	0	0	0	0	0	0	0	0	0	0	0	0	0	0	0	0	0	0	119.19355	0	0	0	0	0	0	0	0	0	0	0	0	0	0	0	0	0	0
genomad_k141_2024280	0	0	0	0	0	0	0	0	0	0	0	0	0	0	0	0	0	0	0	0	0	0	0	0	0	0	0	0	0	0	0	24.71667	46.65273	106.96164	0	59.368835	0	0	0	0	0	0	0	0	0	0	0
genomad_k141_894448	0	0	0	0	0	0	0	0	0	0	0	0	0	0	0	0	0	0	0	0	0	0	0	0	0	0	0	0	0	0	0	0	85.90788	44.749413	0	0	0	0	0	0	0	0	0	0	0	0	0
genomad_k141_1251175	0	0	0	0	0	0	0	0	0	0	0	0	0	0	0	0	0	0	0	0	0	0	0	0	0	0	0	0	0	0	0	0	0	70.63842	0	0	0	0	0	0	0	0	0	0	0	0	0
genomad_k141_2083864	0	0	0	0	0	0	0	0	0	0	0	0	0	0	0	0	0	0	0	0	0	0	0	0	0	0	0	0	0	0	43.664776	102.1329	0	3.793316	0	0	0	0	0	0	0	0	0	0	0	0	0
genomad_k141_953903	0	0	0	0	0	0	0	0	0	0	0	0	0	0	0	0	0	0	0	0	0	0	0	0	0	0	0	0	0	0	0	0	777.651	90.32955	0	77.288925	0	0	0	0	0	0	0	0	0	0	0
genomad_k141_2262381	0	0	0	0	0	0	0	0	0	0	0	0	0	0	0	0	0	0	0	0	0	0	0	0	0	0	0	0	0	0	0	0	54.244526	298.6235	0	85.77156	0	0	0	0	0	0	0	0	0	0	0
genomad_k141_1310694	0	0	0	0	0	0	0	0	0	0	0	0	0	0	0	0	0	0	0	0	0	0	0	0	0	0	0	0	0	0	0	0	128.87157	6.340665	0	0	0	0	0	0	0	0	0	0	0	0	0
genomad_k141_894489	0	0	0	0	0	0	0	0	0	0	0	0	0	0	0	0	0	0	0	0	0	0	0	0	0	0	0	0	0	0	0	0	0	0	0	0	0	0	0	0	0	0	0	0	0	0	0
genomad_k141_1310732	0	0	0	0	0	0	0	0	0	0	0	0	153.65701	0	0	0	0	0	0	0	0	0	0	0	0	0	0	0	0	0	0	0	0	0	0	0	0	0	0	0	0	0	0	0	0	0	0
genomad_k141_656496	0	0	0	0	0	0	0	0	0	0	0	0	0	0	0	0	0	0	0	0	0	0	0	0	0	0	0	0	0	0	0	292.4291	0	125.456894	0	46.031235	0	0	0	0	0	0	0	0	0	0	0
genomad_k141_1548519	0	0	0	0	0	0	0	0	0	0	0	0	0	0	0	0	0	0	0	0	0	0	0	0	0	0	0	0	0	0	0	0	23.631432	24.487534	0	0	0	0	0	0	0	0	0	0	0	0	0
genomad_k141_1310763	0	0	0	0	0	0	0	323.6164	0	0	0	0	0	0	0	0	0	0	0	0	0	0	0	0	0	0	0	0	0	0	96.67873	159.71794	0	0	0	0	0	0	0	0	0	0	0	0	0	0	0
genomad_k141_1964740	0	0	0	0	0	0	0	0	0	0	0	0	0	0	0	0	0	0	0	0	0	0	0	0	0	0	0	0	0	0	0	0	49.39175	0	0	0	0	0	0	0	0	0	0	0	0	0	0
genomad_k141_1251309	0	0	0	0	0	0	0	0	0	0	0	0	0	0	0	0	0	0	0	0	0	0	0	0	0	0	0	0	0	0	0	0	0	132.25294	0	0	0	0	0	0	0	0	0	0	0	0	0
genomad_k141_894610	0	0	0	0	0	0	0	0	0	0	0	0	0	0	0	0	0	0	0	0	0	0	0	0	0	0	0	0	176.23625	0	0	0	0	0	0	0	0	0	0	0	0	0	0	0	0	0	0
genomad_k141_2559811	0	0	0	0	4527.713	4265.7725	0	0	0	0	0	0	0	0	0	0	0	0	0	0	0	0	0	0	0	0	0	0	0	0	0	0	0	0	0	0	0	0	0	0	0	0	0	0	0	0	0
genomad_k141_299588	0	0	0	0	0	0	0	0	0	0	0	0	0	0	0	0	0	0	0	0	0	0	0	0	0	0	0	0	0	0	188.69772	92.174805	0	0	0	0	0	0	0	0	0	0	0	0	0	0	0
genomad_k141_656571	0	0	0	0	0	0	0	0	0	0	0	0	0	0	0	0	0	0	0	0	0	0	0	0	0	0	0	0	0	0	0	0	248.72093	14.277205	0	0	0	0	0	0	0	0	0	0	0	0	0
genomad_k141_1251345	0	0	0	0	0	0	0	0	0	0	0	0	0	0	0	0	0	0	0	0	0	0	0	0	0	0	0	0	0	0	0	0	21.9068	78.180595	0	0	0	0	0	0	0	0	0	0	0	0	0
genomad_k141_2678546	0	0	0	0	0	0	0	0	0	0	0	0	38.202408	0	0	0	0	0	0	0	0	0	0	0	0	0	0	0	0	0	0	0	0	0	0	0	0	0	0	0	0	0	0	0	0	0	0
genomad_k141_2143228	0	0	0	0	0	0	0	0	0	0	0	0	0	0	0	0	0	0	0	0	0	0	0	0	0	0	0	0	0	0	0	0	0	19.970825	0	0	0	0	0	0	0	0	0	0	0	0	0
genomad_k141_2500330	0	0	0	0	0	0	0	0	0	0	0	0	0	0	0	0	0	0	0	0	0	0	0	0	0	0	0	0	0	0	0	0	0	10.1793165	0	0	0	0	0	0	0	0	0	0	0	0	0
genomad_k141_299618	0	0	0	0	0	0	0	0	0	0	0	0	0	0	0	0	0	0	0	0	0	0	0	0	0	0	0	0	0	0	0	0	36.259945	198.63548	0	0	0	0	0	0	0	0	0	0	0	0	0
genomad_k141_1132426	0	0	0	0	0	0	0	0	0	0	0	0	0	0	0	0	0	0	0	0	0	0	0	0	0	0	0	0	0	0	0	0	20.94287	19.206736	0	0	0	0	0	0	0	0	0	0	0	0	0
genomad_k141_299641	0	0	0	0	0	0	0	0	0	0	0	0	0	0	0	0	0	0	0	0	0	0	0	0	0	0	0	0	0	0	0	0	0	68.73857	0	58.83692	0	0	0	0	0	0	0	0	0	0	0
genomad_k141_2321809	0	0	0	0	0	0	0	0	0	0	0	0	0	0	0	0	0	0	0	0	0	0	0	0	0	0	0	0	0	0	0	0	0	0	0	0	0	0	3295.1428	3667.628	0	0	0	0	0	0	0
genomad_k141_2857001	0	0	0	0	0	0	0	0	0	0	0	0	0	0	0	0	0	0	0	0	0	0	0	0	0	0	0	0	0	0	0	0	94.264534	28.534174	0	0	0	0	0	0	0	0	0	0	0	0	0
genomad_k141_2143263	0	0	0	0	0	0	0	0	0	0	0	0	0	0	0	0	0	0	0	0	0	0	0	0	0	0	0	0	0	0	78.28098	0	0	0	0	0	0	0	0	0	0	0	0	0	0	0	0
genomad_k141_597382	0	0	0	0	0	0	0	0	0	0	0	0	0	0	0	0	0	0	0	0	0	0	0	0	0	0	0	0	0	0	0	0	17.328636	7.2238984	0	0	0	0	0	0	0	0	0	0	0	0	0
genomad_k141_240860	0	0	0	0	0	0	0	0	0	0	0	0	0	0	0	0	0	0	0	0	0	0	0	0	0	0	0	0	0	0	0	0	25.170847	8.979472	0	0	0	0	0	0	0	0	0	0	0	0	0
genomad_k141_954139	0	0	0	0	0	0	0	0	0	0	0	0	0	0	0	0	0	0	0	0	0	0	0	0	0	0	0	0	0	0	29.421934	0	0	8.974426	0	0	0	0	0	0	0	0	0	0	0	0	0
genomad_k141_894731	0	0	0	0	0	0	0	0	0	0	0	0	0	0	0	0	1725.3583	1633.4752	0	0	0	0	0	0	0	0	0	0	0	0	0	0	0	0	0	0	0	0	0	0	0	0	0	0	0	0	0
genomad_k141_2143292	0	0	0	0	0	0	0	0	0	0	0	0	0	0	0	0	0	0	0	0	0	0	0	0	0	0	0	0	0	0	0	0	71.71656	84.981766	0	0	0	0	0	0	0	0	0	0	0	0	0
genomad_k141_1727069	0	0	0	0	0	0	0	0	0	0	0	0	0	0	0	0	0	0	0	0	0	0	0	0	0	0	0	0	0	0	0	0	69.16901	267.2616	0	210.32971	0	0	0	0	0	0	0	0	0	0	0
genomad_k141_1845733	0	0	0	0	0	0	0	0	0	0	0	0	0	0	0	0	0	0	0	0	0	0	0	0	0	0	0	0	0	0	291.20367	395.40744	0	0	0	0	0	0	0	0	0	0	0	0	0	0	0
genomad_k141_3333076	0	0	0	0	0	0	0	0	0	0	0	0	0	0	0	0	0	0	0	0	0	1301.372	0	0	0	0	0	0	0	0	0	0	0	0	0	0	0	0	0	0	0	0	0	0	0	0	0
genomad_k141_2916672	0	0	0	0	0	0	0	0	0	0	0	0	0	0	0	0	0	0	0	0	0	0	0	0	0	0	0	0	0	0	67.39146	0	62.24968	22.93376	0	0	0	0	0	0	0	0	0	0	0	0	0
genomad_k141_2560008	0	0	0	0	0	0	0	0	0	0	0	0	0	0	0	0	0	0	0	0	0	0	0	0	0	0	0	0	0	0	0	0	0	6.1169996	0	0	0	0	0	0	0	0	0	0	0	0	0
genomad_k141_1548763	0	0	0	0	0	0	0	0	0	0	0	0	0	0	0	0	0	0	0	0	0	0	0	0	0	0	0	0	0	0	43.144012	0	17.949059	11.265975	0	0	0	0	0	0	0	0	0	0	0	0	0
genomad_k141_1073198	0	0	0	0	0	0	0	0	0	0	0	0	0	0	0	0	0	0	0	0	0	0	0	0	0	0	0	0	0	0	0	0	15.715577	3.8267708	0	0	0	0	0	0	0	0	0	0	0	0	0
genomad_k141_1905343	0	0	0	0	0	0	0	0	0	0	0	0	0	0	0	0	0	0	0	0	0	0	0	0	0	0	0	0	0	0	0	0	110.32904	89.65828	0	0	0	0	0	0	0	0	0	0	0	0	0
genomad_k141_478761	0	0	0	0	0	0	0	0	0	0	0	0	0	0	0	0	0	0	0	0	0	0	0	0	0	0	0	0	0	0	0	0	140.11005	0	0	0	0	0	0	0	0	0	0	0	0	0	0
genomad_k141_1845771	0	0	0	0	0	0	0	0	0	0	0	0	0	0	0	0	0	0	0	0	0	0	0	0	0	0	0	0	0	0	143.43404	94.64234	29.15788	27.666983	0	0	0	0	0	0	0	0	0	0	0	0	0
genomad_k141_2738047	0	0	252.65244	243.19923	0	0	0	156.09886	0	0	0	0	0	0	0	0	0	0	0	0	0	0	0	0	0	0	0	0	0	0	0	0	0	0	0	0	0	0	0	0	0	156.86452	157.22192	0	0	0	0
genomad_k141_2202885	0	0	0	0	0	0	0	0	0	0	0	0	0	0	0	0	0	0	0	0	0	0	0	0	0	0	0	0	0	0	0	0	25.859991	25.574545	0	0	0	0	0	0	0	0	0	0	0	0	0
genomad_k141_2619594	0	0	0	0	0	0	0	0	0	0	0	0	0	0	0	0	0	0	0	0	0	0	0	0	0	0	0	0	0	0	0	0	101.01564	94.18112	0	28.972181	0	0	0	0	0	0	0	0	0	0	0
genomad_k141_2322011	0	0	0	0	0	0	0	0	0	0	0	0	0	0	0	0	0	0	0	0	0	0	0	0	0	0	0	0	86.44748	0	0	0	0	0	0	0	0	0	0	0	0	0	0	0	0	0	0
genomad_k141_1073274	0	0	0	0	0	0	0	0	0	0	0	0	0	0	0	0	0	0	0	0	0	0	0	0	0	0	0	0	0	0	0	0	0	10.8982115	0	0	0	0	0	0	0	0	0	0	0	0	0
genomad_k141_3095313	0	0	0	0	0	0	0	0	0	0	0	0	0	0	0	0	0	0	0	0	0	0	0	0	0	0	0	0	0	0	0	0	33.785923	32.510006	0	0	0	0	0	0	0	0	0	0	0	0	0
genomad_k141_835472	0	0	0	0	0	0	0	0	0	0	0	0	0	0	0	0	0	0	0	0	0	0	0	0	0	0	0	0	0	0	0	0	0	46.08473	0	0	0	0	0	0	0	0	0	0	0	0	0
genomad_k141_954272	0	0	0	0	0	0	0	0	0	0	0	0	318.87	0	0	0	0	0	0	0	0	0	0	0	0	0	0	0	0	0	0	0	0	0	0	0	0	0	0	0	0	0	0	0	0	0	0
genomad_k141_2916771	0	0	0	0	0	0	0	0	0	0	0	0	0	0	0	0	0	0	0	0	0	0	0	0	0	0	0	0	0	0	0	0	170.59406	98.552536	0	0	0	0	0	0	0	0	0	0	0	0	0
genomad_k141_2990	0	0	0	0	0	0	0	0	0	0	0	0	0	0	0	0	0	0	0	0	0	0	0	0	0	0	0	0	0	0	3167.8538	1159.4458	0	0	0	0	0	0	0	0	0	0	0	0	0	0	0
genomad_k141_716680	0	0	0	0	0	0	0	0	0	0	0	0	0	0	0	0	0	0	0	0	0	0	0	0	0	0	0	0	127.1762	0	0	0	0	0	0	0	0	0	0	0	0	0	0	0	0	0	0
genomad_k141_1608128	0	0	0	0	0	0	0	0	0	0	0	0	0	0	0	0	0	0	0	0	0	0	0	0	0	0	0	0	0	0	0	0	0	10.087249	0	0	0	0	0	0	0	0	0	0	0	0	0
genomad_k141_2440884	0	0	0	0	0	0	0	0	0	0	9268.255	0	0	0	0	0	3114.604	3398.6738	0	0	0	0	0	0	0	0	0	0	0	0	0	0	0	0	0	0	0	0	0	0	0	0	0	0	0	0	0
genomad_k141_1429920	0	0	0	0	0	0	0	0	0	0	0	0	0	0	0	0	0	0	0	0	0	0	0	0	0	0	0	0	0	0	0	0	72.49541	25.856817	0	0	0	0	0	0	0	0	0	0	0	0	0
genomad_k141_2619667	0	0	0	0	0	0	0	0	0	0	0	0	0	0	0	0	0	0	0	0	0	0	0	0	0	0	0	0	0	0	0	0	20.932463	43.77592	0	0	0	0	0	0	0	0	0	0	0	0	0
genomad_k141_2976514	0	0	0	0	0	0	0	0	0	0	0	0	0	0	0	0	0	0	0	0	0	0	0	0	0	0	0	0	0	0	0	0	0	10.21801	0	0	0	0	0	0	0	0	0	0	0	0	0
genomad_k141_1073357	0	0	0	0	0	0	0	0	0	0	0	0	0	0	0	0	0	0	0	0	0	0	0	0	0	0	0	0	0	0	0	0	25.522852	70.531136	0	0	0	0	0	0	0	0	0	0	0	0	0
genomad_k141_62528	0	0	0	0	0	0	0	0	0	0	0	0	0	0	0	0	0	0	0	0	0	0	0	0	0	0	0	0	0	0	146.647	211.87639	0	0	0	0	0	0	0	0	0	0	0	0	0	0	0
genomad_k141_1727359	0	0	0	0	0	0	0	0	0	0	0	0	0	0	0	0	0	0	0	0	0	0	0	0	0	0	0	0	0	0	0	0	0	6.3783407	0	0	0	0	0	0	0	0	0	0	0	0	0
genomad_k141_2500687	0	0	0	0	0	0	0	0	0	0	0	0	0	0	0	0	0	0	0	0	0	0	0	0	0	0	0	0	0	0	0	59.80116	0	20.500784	0	0	0	0	0	0	0	0	0	0	0	0	0
genomad_k141_3214346	0	0	0	0	0	0	0	0	0	0	0	0	0	0	0	0	0	0	0	0	0	0	0	0	0	0	0	0	0	0	0	60.12862	0	0	0	0	0	0	0	0	0	0	0	0	0	0	0
genomad_k141_1489541	0	0	0	0	0	0	0	0	0	0	0	0	0	0	0	0	0	0	0	0	0	0	0	0	0	0	0	0	0	0	0	0	24.617327	34.511803	0	0	0	0	0	0	0	0	0	0	0	0	0
genomad_k141_3214347	0	0	0	0	0	0	0	0	0	0	0	0	0	0	0	0	0	0	0	0	0	0	0	0	0	0	0	0	0	0	0	0	0	26.153294	0	0	0	0	0	0	0	0	0	0	0	0	0
genomad_k141_2797728	0	0	0	0	0	0	0	0	0	0	0	0	0	0	0	0	0	0	0	0	0	0	0	0	0	0	0	0	0	0	0	50.040318	0	0	0	0	0	0	0	0	0	0	0	0	0	0	0
genomad_k141_2500718	0	0	0	0	0	0	0	0	0	0	0	0	0	0	0	0	0	0	0	0	0	0	0	0	0	0	0	0	0	0	39.035076	160.91478	0	20.513401	0	0	0	0	0	0	0	0	0	0	0	0	0
genomad_k141_1370771	0	0	0	0	0	0	0	0	0	0	0	0	0	0	0	0	0	0	0	0	0	0	0	0	0	0	0	0	0	0	214.38297	218.09135	0	9.65311	0	0	0	0	0	0	0	0	0	0	0	0	0
genomad_k141_1430028	0	0	0	0	0	0	0	162.14539	0	0	0	0	0	0	0	0	0	0	0	0	0	0	0	0	0	0	0	0	0	0	0	132.07307	0	25.654205	0	0	0	0	0	0	0	0	0	0	0	0	0
genomad_k141_954427	0	0	0	0	0	0	0	0	0	0	0	0	0	0	0	0	0	0	0	0	0	0	0	0	0	0	0	0	0	0	0	0	68.192055	46.53437	0	0	0	0	0	0	0	0	0	0	0	0	0
genomad_k141_1013798	0	0	0	0	0	0	0	0	0	0	0	0	0	0	0	0	2356.0874	2240.209	0	0	0	0	0	0	0	0	0	0	0	0	0	0	0	0	0	0	0	0	0	0	0	0	0	0	0	0	0
genomad_k141_537826	0	0	0	0	0	0	0	0	0	0	0	0	0	0	0	0	0	0	0	0	0	1215.9219	0	0	0	0	0	0	0	0	0	0	0	0	0	0	0	0	0	0	0	0	0	0	0	0	0
genomad_k141_1608275	0	0	0	0	0	0	0	0	0	0	0	0	0	0	0	0	0	0	0	0	0	0	0	0	0	0	0	0	0	0	0	0	0	36.136032	0	0	0	0	0	0	0	0	0	0	0	0	0
genomad_k141_479029	0	0	0	0	0	0	0	0	0	0	0	0	0	0	0	0	0	0	0	0	0	0	0	0	0	0	0	0	0	0	0	0	0	13.971464	0	0	0	0	0	0	0	0	0	0	0	0	0
genomad_k141_62625	0	0	0	0	0	0	0	0	0	0	0	0	0	0	0	0	0	0	0	0	0	0	0	0	0	0	0	0	0	0	0	0	104.06243	97.32423	0	41.66881	0	0	0	0	0	0	0	0	0	0	0
genomad_k141_954439	0	0	0	0	0	0	0	0	0	0	0	0	0	0	0	0	0	0	0	0	0	0	0	0	0	0	0	0	0	0	0	0	120.5579	46.788193	0	0	0	0	0	0	0	0	0	0	0	0	0
genomad_k141_1370806	0	0	0	0	0	0	0	0	0	0	0	0	0	0	0	0	0	0	0	0	0	0	0	0	0	0	0	0	0	0	0	0	0	6.7847695	0	0	0	0	0	0	0	0	0	0	0	0	0
genomad_k141_1311232	0	0	0	0	0	0	0	0	0	0	0	0	0	0	0	0	0	0	0	0	0	0	0	0	0	0	0	0	0	0	0	0	0	7.922811	0	0	0	0	0	0	0	0	0	0	0	0	0
genomad_k141_1311234	0	0	0	0	0	0	0	0	0	0	0	0	0	0	0	0	0	0	0	0	0	0	0	0	0	0	0	0	0	0	0	0	77.49748	720.4656	0	154.95035	0	0	0	0	0	0	0	0	0	0	0
genomad_k141_1727455	0	0	0	0	0	0	0	294.48712	0	0	0	0	0	0	0	0	0	0	0	0	0	0	0	0	0	0	0	0	0	0	21.412773	81.335594	0	0	0	0	0	0	0	0	0	0	0	0	0	0	0
genomad_k141_954467	0	0	0	0	0	0	0	0	0	0	0	0	0	0	0	0	0	0	0	0	0	0	0	0	0	0	0	0	0	0	0	0	45.925686	31.875444	0	0	0	0	0	0	0	0	0	0	0	0	0
genomad_k141_1905640	0	0	0	0	0	0	0	0	0	0	0	0	0	0	0	0	0	0	0	0	0	0	0	0	0	0	0	0	0	0	0	0	0	15.123678	0	0	0	0	0	0	0	0	0	0	0	0	0
genomad_k141_2025021	0	0	0	0	0	0	0	0	0	0	0	0	0	0	0	0	0	0	0	0	0	0	0	0	0	0	0	0	0	0	0	0	271.96567	103.42764	0	50.342438	0	0	0	0	0	0	0	0	0	0	0
genomad_k141_2857423	0	0	0	0	0	0	0	0	0	0	0	0	0	0	0	0	0	0	0	0	0	0	0	0	0	0	0	0	0	0	0	0	26.930298	17.102142	0	0	0	0	0	0	0	0	0	0	0	0	0
genomad_k141_597820	0	0	0	0	0	0	0	0	0	0	0	0	0	0	0	0	0	0	0	0	0	0	0	0	0	0	0	0	0	0	0	0	15.433442	13.840443	0	0	0	0	0	0	0	0	0	0	0	0	0
genomad_k141_2322259	0	0	0	0	0	0	0	0	0	0	0	0	0	0	0	0	0	0	0	0	0	0	0	0	0	0	0	0	0	0	0	52.600555	0	0	0	0	0	0	0	0	0	0	0	0	0	0	0
genomad_k141_2084587	0	0	0	0	0	0	0	0	0	0	0	0	0	0	0	0	0	0	0	0	0	0	0	0	0	0	0	0	0	0	0	0	54.619453	193.47458	0	0	0	0	0	0	0	0	0	0	0	0	0
genomad_k141_2917019	0	0	0	0	0	0	0	0	0	0	0	0	0	0	0	0	0	0	0	0	0	0	0	0	0	0	0	0	0	0	0	0	36.160892	38.84849	0	0	0	0	0	0	0	0	0	0	0	0	0
genomad_k141_2203271	0	0	0	0	0	0	0	0	0	0	0	0	0	0	0	0	0	0	0	0	0	0	0	0	0	0	0	0	0	0	31.718405	49.803856	0	0	0	0	0	0	0	0	0	0	0	0	0	0	0
genomad_k141_3095595	0	0	0	0	0	0	0	0	0	0	0	0	0	0	0	0	0	0	0	0	0	0	0	0	0	0	0	0	0	0	0	0	554.93054	75.66472	0	0	0	0	0	0	0	0	0	0	0	0	0
genomad_k141_3095609	0	0	0	0	3597.185	3318.7297	0	0	0	0	0	0	0	0	0	0	0	0	0	0	0	0	0	0	0	0	0	0	0	0	0	0	0	0	0	0	0	0	0	0	0	0	0	0	0	0	0
genomad_k141_2679063	0	0	0	0	0	0	0	0	0	0	0	0	0	0	0	0	0	0	0	0	0	0	0	0	0	0	0	0	0	0	0	61.70997	0	0	0	0	0	0	0	0	0	0	0	0	0	0	0
genomad_k141_1073648	0	0	0	0	0	0	0	0	0	0	0	0	0	0	0	0	0	0	0	0	0	0	0	0	0	0	0	0	0	0	0	0	71.176796	169.79877	0	79.100784	0	0	0	0	0	0	0	0	0	0	0
genomad_k141_300088	0	0	0	0	0	0	0	0	0	0	0	0	0	0	0	0	0	0	0	0	0	0	0	0	0	0	0	0	0	0	0	0	0	7.9190974	0	0	0	0	0	0	0	0	0	0	0	0	0
genomad_k141_3214532	0	0	0	0	0	0	0	0	0	0	0	0	0	0	0	0	0	0	0	0	0	0	0	0	0	0	0	0	0	0	0	0	41.437523	0	0	0	0	0	0	0	0	0	0	0	0	0	0
genomad_k141_2917066	0	0	0	0	0	0	0	0	0	0	0	0	0	0	0	0	0	0	0	0	0	0	0	0	0	0	0	0	0	0	0	0	39.549923	12.753432	0	0	0	0	0	0	0	0	0	0	0	0	0
genomad_k141_1608387	0	0	0	0	0	0	0	0	0	0	0	0	0	0	0	0	0	0	0	0	0	0	0	0	0	0	0	0	0	0	0	0	188.83228	4.264017	0	0	0	0	0	0	0	0	0	0	0	0	0
genomad_k141_3036202	0	0	0	0	0	0	0	0	0	0	0	0	0	0	0	0	0	0	0	0	0	0	0	0	0	0	0	0	0	0	29.290882	17.12116	0	0	0	0	0	0	0	0	0	0	0	0	0	0	0
genomad_k141_3095643	0	0	0	0	0	0	0	0	0	0	0	0	0	0	0	0	0	0	0	0	0	0	0	0	0	0	0	0	0	0	0	0	0	38.849094	0	0	0	0	0	0	0	0	0	0	0	0	0
genomad_k141_954642	0	0	0	0	0	0	0	0	0	0	0	0	0	0	0	0	0	0	0	0	0	0	0	0	0	0	0	0	0	0	128.35367	91.42272	0	0	0	0	0	0	0	0	0	0	0	0	0	0	0
genomad_k141_597921	0	0	0	0	0	0	0	203.43875	0	0	0	0	0	0	0	0	0	0	0	0	0	0	0	0	0	0	0	0	0	0	29.804995	117.77949	0	4.8819375	0	0	0	0	0	0	0	0	0	0	0	0	0
genomad_k141_1965434	0	0	0	0	0	0	0	0	0	0	0	0	0	0	0	0	0	0	0	0	0	0	0	0	0	0	0	0	0	0	0	0	15.869691	75.267	0	45.845158	0	0	0	0	0	0	0	0	0	0	0
genomad_k141_2084721	0	0	0	0	3304.777	3125.0923	0	0	0	0	0	0	0	0	0	0	0	0	0	0	0	0	0	0	0	0	0	0	0	0	0	0	0	0	0	0	0	0	0	0	0	0	0	0	0	0	0
genomad_k141_2679107	0	0	0	0	0	0	0	0	0	0	0	0	0	0	0	0	0	0	0	0	0	0	0	0	0	0	0	0	0	0	0	24.03396	0	78.227776	0	0	0	0	0	0	0	0	0	0	0	0	0
genomad_k141_2917122	0	0	0	0	0	0	0	355.37912	0	0	0	0	0	0	0	0	0	0	0	0	0	0	0	0	0	0	0	0	0	0	32.501938	153.22583	120.49566	442.50156	0	243.037	0	0	0	0	0	0	0	0	0	0	0
genomad_k141_1430307	0	0	0	0	0	0	0	0	0	0	0	0	0	0	0	0	0	0	0	0	0	0	0	0	0	0	0	0	0	0	0	0	40.28036	63.91168	0	0	0	0	0	0	0	0	0	0	0	0	0
genomad_k141_895405	0	0	0	0	0	0	0	0	0	0	0	0	0	0	0	0	0	0	0	0	0	0	0	0	0	0	0	0	0	0	0	0	61.62084	10.280509	0	0	0	0	0	0	0	0	0	0	0	0	0
genomad_k141_2917152	0	0	0	0	0	0	0	0	0	0	0	0	0	0	0	0	0	0	0	0	0	0	0	0	0	0	0	0	0	0	0	0	216.81331	466.05652	0	148.31322	0	0	0	0	0	0	0	0	0	0	0
genomad_k141_1727705	0	0	0	0	0	0	0	0	0	0	0	0	80.041435	0	0	0	0	0	0	0	0	0	0	0	0	0	0	0	0	0	0	0	0	0	0	0	0	0	0	0	0	0	0	0	0	0	0
genomad_k141_3095714	0	0	0	0	0	0	0	0	0	0	0	0	0	0	0	0	0	0	0	0	0	0	0	0	0	0	0	0	0	0	0	0	15.219634	27.123308	0	0	0	0	0	0	0	0	0	0	0	0	0
genomad_k141_2976828	0	0	0	0	0	0	0	385.6535	0	0	0	0	0	0	0	0	0	0	0	0	0	0	0	0	0	0	0	0	0	0	63.066307	496.41565	0	7.798942	0	0	0	0	0	0	0	0	0	0	0	0	0
genomad_k141_1014075	0	0	0	0	0	0	0	0	0	0	0	0	0	0	0	0	0	0	0	0	0	0	0	0	0	0	0	0	0	0	0	0	302.2929	197.54446	0	58.674133	0	0	0	0	0	0	0	0	0	0	0
genomad_k141_241436	0	0	0	0	0	0	0	0	0	0	0	0	0	0	0	0	0	0	0	0	0	0	0	0	0	0	0	0	0	0	67.40988	17.506569	0	0	0	0	0	0	0	0	0	0	0	0	0	0	0
genomad_k141_954686	0	0	0	0	0	0	0	0	0	0	0	0	0	0	0	0	0	0	0	0	0	0	0	0	0	0	0	0	0	0	0	0	57.25286	141.91307	0	0	0	0	0	0	0	0	0	0	0	0	0
genomad_k141_1608490	0	0	0	0	0	0	0	0	0	0	0	0	0	0	0	0	0	0	0	0	0	0	0	0	0	0	0	0	0	0	0	0	39.162586	40.696476	0	0	0	0	0	0	0	0	0	0	0	0	0
genomad_k141_1668363	0	0	0	0	0	0	0	0	0	0	0	0	0	0	0	0	0	0	0	0	0	0	0	0	0	0	0	0	0	0	0	0	53.60818	30.439957	0	0	0	0	0	0	0	0	0	0	0	0	0
genomad_k141_1371093	0	0	0	0	0	0	0	0	0	0	0	0	0	0	0	0	0	0	0	0	0	0	0	0	0	0	0	0	0	0	0	0	108.462906	33.176926	0	0	0	0	0	0	0	0	0	0	0	0	0
genomad_k141_3571427	0	0	0	0	0	0	0	0	0	0	0	0	0	0	0	0	0	0	0	0	0	0	0	0	0	0	0	0	0	0	0	0	43.087837	47.91404	0	0	0	0	0	0	0	0	0	0	0	0	0
genomad_k141_3095745	0	0	0	0	0	0	0	0	0	0	0	0	0	0	0	0	0	0	0	0	0	0	0	0	0	0	0	0	0	0	29.807306	16.93869	0	0	0	0	0	0	0	0	0	0	0	0	0	0	0
genomad_k141_62884	0	0	0	0	0	0	0	0	0	0	0	0	0	0	0	0	0	0	0	0	0	0	0	0	0	0	0	0	0	0	0	0	42.668667	83.6447	0	0	0	0	0	0	0	0	0	0	0	0	0
genomad_k141_3690476	0	0	0	0	0	0	0	0	0	0	0	0	0	0	0	0	0	0	0	0	0	0	0	0	0	0	0	0	0	0	66.67904	0	0	0	0	0	0	0	0	0	0	0	0	0	0	0	0
genomad_k141_62892	0	0	0	0	0	0	0	0	0	0	0	0	0	0	0	0	0	0	0	0	0	0	0	0	0	0	0	0	0	0	0	0	169.7596	135.91974	0	45.44144	0	0	0	0	0	0	0	0	0	0	0
genomad_k141_3750006	0	0	0	0	0	0	0	0	0	0	0	0	0	0	0	0	0	0	0	0	0	0	0	0	0	0	0	0	0	0	690.0054	0	0	0	0	0	0	0	0	0	0	0	0	0	0	0	0
genomad_k141_479352	0	0	0	0	0	0	0	0	0	0	0	0	0	0	0	0	0	0	0	0	0	0	0	0	0	0	0	0	0	0	0	0	33.271366	17.405321	0	0	0	0	0	0	0	0	0	0	0	0	0
genomad_k141_2738572	0	0	0	0	0	0	0	0	0	0	0	0	0	0	0	0	0	0	0	0	0	0	0	0	0	0	0	0	416.36145	255.13972	0	0	0	0	0	0	0	0	0	0	0	0	0	0	0	0	0
genomad_k141_1965587	0	0	0	0	0	0	0	0	0	0	0	0	0	0	0	0	0	0	0	0	0	0	0	0	0	0	0	0	0	0	0	0	22.6034	42.90473	0	0	0	0	0	0	0	0	0	0	0	0	0
genomad_k141_62929	0	0	0	0	0	0	0	0	0	0	0	0	0	0	0	0	0	0	0	0	0	0	0	0	0	0	0	0	40.941757	0	0	0	0	0	0	0	0	0	0	0	0	0	0	0	0	0	0
genomad_k141_3690539	0	0	0	0	0	0	0	0	0	0	0	0	0	0	0	0	0	0	0	0	0	0	0	0	0	0	0	0	0	0	0	0	47.865345	0	0	0	0	0	0	0	0	0	0	0	0	0	0
genomad_k141_3511843	0	0	0	0	0	0	0	0	0	0	0	0	54.261738	0	0	0	0	0	0	0	0	0	0	0	0	0	0	0	0	0	0	0	0	0	0	0	0	0	0	0	0	0	0	0	0	0	0
genomad_k141_598110	0	0	0	0	0	0	0	0	0	0	0	0	87.84906	0	0	0	0	0	0	0	0	0	0	0	0	0	0	0	0	0	0	0	0	0	0	0	0	0	0	0	0	0	0	0	0	0	0
genomad_k141_657405	0	0	0	0	0	0	0	0	0	0	0	0	0	0	0	0	0	0	0	0	0	0	0	0	0	0	0	0	0	0	0	0	48.4474	81.88815	0	0	0	0	0	0	0	0	0	0	0	0	0
genomad_k141_122564	0	0	0	0	0	0	0	0	0	0	0	0	0	0	0	0	0	0	0	0	0	0	0	0	0	0	0	0	0	0	0	0	41.0389	156.11345	0	0	0	0	0	0	0	0	0	0	0	0	0
genomad_k141_2143932	0	0	0	0	0	0	0	0	0	0	0	0	0	0	0	0	0	0	0	0	0	0	0	0	0	0	0	0	0	0	0	0	109.41678	191.74431	0	0	0	0	0	0	0	0	0	0	0	0	0
genomad_k141_419932	0	0	0	0	0	0	0	0	0	0	0	0	0	0	0	0	0	0	0	0	0	0	0	0	0	0	0	0	0	0	0	0	0	0	0	104.872116	0	0	0	0	0	0	0	0	0	0	0
genomad_k141_419933	0	0	0	0	0	0	0	0	0	0	0	0	0	0	0	0	0	0	0	0	0	0	0	0	0	0	0	0	0	0	0	0	0	0	0	156.20656	0	0	0	0	0	0	0	0	0	0	0
genomad_k141_1311591	0	0	0	0	0	0	0	0	0	0	0	0	64.3645	0	0	0	0	0	0	0	0	0	0	0	0	0	0	0	0	0	0	0	0	0	0	0	0	0	0	0	0	0	0	0	0	0	0
genomad_k141_3750079	0	0	0	0	0	0	0	0	0	0	0	0	0	0	0	0	0	0	0	0	0	0	0	0	0	0	0	0	555.3343	0	0	0	0	0	0	0	0	0	0	0	0	0	0	0	0	0	0
genomad_k141_836107	0	0	0	0	0	0	0	0	0	0	0	0	0	0	0	0	0	0	0	0	0	0	0	0	0	0	0	0	235.2591	135.26659	0	0	0	0	0	0	0	0	0	0	0	0	0	0	0	0	0
genomad_k141_1727770	0	0	0	0	0	0	0	0	0	0	0	0	0	0	0	0	0	0	0	0	0	0	0	0	0	0	0	0	0	0	448.44452	393.8755	0	0	0	0	0	0	0	0	0	0	0	0	0	0	0
genomad_k141_895535	0	0	0	0	0	0	0	0	0	0	0	0	0	0	0	0	0	0	0	0	0	0	0	0	0	0	0	0	0	0	0	0	0	14.347115	0	0	0	0	0	0	0	0	0	0	0	0	0
genomad_k141_657425	0	0	0	0	0	0	0	0	0	0	0	0	0	0	0	0	0	0	0	0	0	0	0	0	0	0	0	0	0	0	32.238777	108.95465	0	0	0	0	0	0	0	0	0	0	0	0	0	0	0
genomad_k141_1787388	0	0	0	0	0	0	0	0	0	0	0	0	0	0	0	0	0	0	0	0	0	0	0	0	0	0	0	0	0	0	0	0	88.5817	642.1702	0	132.35974	0	0	0	0	0	0	0	0	0	0	0
genomad_k141_3750133	0	0	0	0	0	0	0	0	0	0	0	0	0	0	0	0	0	0	0	0	0	0	0	0	0	0	0	0	0	0	55.225178	21.95529	0	0	0	0	0	0	0	0	0	0	0	0	0	0	0
genomad_k141_3214827	0	0	0	0	0	0	0	0	0	0	0	0	0	0	0	0	0	0	0	0	0	0	0	0	0	0	0	0	174.3868	0	0	0	0	0	0	0	0	0	0	0	0	0	0	0	0	0	0
genomad_k141_1668556	0	0	0	0	0	0	0	0	0	0	0	0	0	0	0	0	0	0	0	0	0	0	0	0	0	0	0	0	97.583405	0	0	0	0	0	0	0	0	0	0	0	0	0	0	0	0	0	0
genomad_k141_2203698	0	0	0	0	863.785	948.9658	0	0	1315.8297	1346.8461	0	0	0	0	0	0	0	0	0	0	0	0	0	0	0	0	0	0	0	0	0	0	0	0	0	0	0	0	0	0	0	0	0	0	0	0	0
genomad_k141_538274	0	0	0	0	0	0	0	0	0	0	0	0	0	0	0	0	0	0	0	0	0	0	0	0	0	0	0	0	0	0	35.430866	18.670237	0	0	0	0	0	0	0	0	0	0	0	0	0	0	0
genomad_k141_3333935	974.55695	969.5216	0	0	0	0	0	0	0	0	12514.581	0	0	0	0	0	1190.4803	1054.5419	0	0	0	0	0	0	0	0	0	0	0	0	0	0	0	0	0	0	0	0	0	0	0	0	0	0	0	0	0
genomad_k141_2501021	0	0	0	0	0	0	0	0	0	0	0	0	0	0	0	0	0	0	0	0	0	2511.944	0	0	0	0	0	10006.369	0	0	0	0	0	0	0	0	0	0	0	0	0	0	0	0	0	0	0
genomad_k141_2144017	0	0	0	0	0	0	0	0	0	0	0	0	53.683968	0	0	0	0	0	0	0	0	0	0	0	0	0	0	0	0	0	0	0	0	0	0	0	0	0	0	0	0	0	0	0	0	0	0
genomad_k141_241720	0	0	0	0	0	0	0	0	0	0	0	0	0	0	0	0	0	0	0	0	0	1272.4543	0	0	0	0	0	0	0	0	0	0	0	0	0	0	0	0	0	0	0	0	0	0	0	0	0
genomad_k141_3631262	0	0	0	0	0	0	0	0	1460.5249	1365.7598	0	0	0	0	0	0	0	0	0	0	0	0	0	0	0	0	0	0	0	0	0	0	0	0	0	0	0	0	0	0	0	0	0	0	0	0	0
genomad_k141_836235	0	0	0	0	0	0	0	0	0	0	0	0	0	0	0	0	0	0	0	0	0	0	0	0	0	0	0	0	0	0	0	0	131.96106	218.22746	0	119.59708	0	0	0	0	0	0	0	0	0	0	0
genomad_k141_2144028	0	0	0	0	0	0	0	0	0	0	0	0	0	0	0	0	0	0	0	0	0	0	0	0	0	0	0	0	0	0	0	0	14.87564	13.381424	0	0	0	0	0	0	0	0	0	0	0	0	0
genomad_k141_241754	0	0	0	0	0	0	0	0	0	0	0	0	0	0	0	0	0	0	0	0	0	0	0	0	0	0	0	0	0	0	0	0	0	15.499606	0	0	0	0	0	0	0	0	0	0	0	0	0
genomad_k141_3452816	0	0	0	0	0	0	0	0	0	0	0	0	0	0	0	0	0	0	0	0	0	0	0	0	0	0	0	0	0	0	0	0	46.938602	6.925855	0	0	0	0	0	0	0	0	0	0	0	0	0
genomad_k141_1965809	0	0	0	0	0	0	0	0	0	0	0	0	0	0	0	0	0	0	0	0	0	0	0	0	0	0	0	0	54.13574	0	0	0	0	0	0	0	0	0	0	0	0	0	0	0	0	0	0
genomad_k141_836288	0	0	0	0	0	0	0	0	0	0	0	0	0	0	0	0	0	0	0	0	0	0	0	0	0	0	0	0	0	0	0	0	126.00558	56.27741	0	0	0	0	0	0	0	0	0	0	0	0	0
genomad_k141_122709	0	0	0	0	0	0	0	0	0	0	0	0	0	0	0	0	0	0	0	0	0	0	0	0	0	0	0	0	0	0	0	0	24.571566	6.158074	0	0	0	0	0	0	0	0	0	0	0	0	0
genomad_k141_3036512	0	0	0	0	0	0	0	0	0	0	0	0	0	0	0	0	0	0	0	0	0	0	0	0	0	0	0	0	0	0	0	59.675106	0	0	0	0	0	0	0	0	0	0	0	0	0	0	0
genomad_k141_776854	0	0	0	0	0	0	0	0	0	0	0	0	0	0	0	0	0	0	0	0	0	0	0	0	0	0	0	0	0	0	19.713934	106.000595	0	0	0	0	0	0	0	0	0	0	0	0	0	0	0
genomad_k141_241810	20243.232	20088.535	0	0	0	0	0	0	0	0	0	0	0	0	0	0	12494.607	12075.024	0	0	0	0	0	0	0	0	0	0	0	0	0	0	0	0	0	0	0	0	8655.846	9624.753	0	0	0	0	0	0	0
genomad_k141_360727	0	0	0	0	0	0	0	0	0	0	0	0	280.38165	0	0	0	0	0	0	0	0	0	0	0	0	0	0	0	0	0	0	0	0	0	0	0	0	0	0	0	0	0	0	0	0	0	0
genomad_k141_241824	0	0	0	0	0	0	0	480.99808	0	0	0	0	0	0	0	0	0	0	0	0	0	0	0	0	0	0	0	0	0	0	547.69226	977.09955	51.475826	75.254974	0	0	0	0	0	0	0	0	0	0	0	0	0
genomad_k141_1490177	0	0	0	0	0	0	0	0	0	0	0	0	0	0	0	0	0	0	0	0	0	0	0	0	0	0	0	0	0	0	0	0	0	0	0	0	56977.76	56406.25	0	0	0	0	0	0	0	0	0
genomad_k141_2263525	0	0	0	0	0	0	0	0	0	0	0	0	0	0	0	0	0	0	0	0	0	0	0	0	0	0	0	0	0	0	0	0	138.0916	0	0	0	0	0	0	0	0	0	0	0	0	0	0
genomad_k141_3512109	0	0	0	0	0	0	0	0	0	0	0	0	0	0	0	0	0	0	0	0	0	0	0	0	0	0	0	0	0	0	0	0	0	5.9563146	0	0	0	0	0	0	0	0	0	0	0	0	0
genomad_k141_538399	0	0	0	0	0	0	0	0	0	0	0	0	0	0	0	0	0	0	0	0	0	0	0	0	0	0	0	0	0	0	0	0	0	12.665294	0	0	0	0	0	0	0	0	0	0	0	0	0
genomad_k141_1490216	2514.9465	2435.7651	0	0	0	0	0	0	0	0	0	0	0	0	0	0	3792.7485	3767.232	0	0	0	0	0	0	0	0	0	0	0	0	0	0	0	0	0	0	0	0	0	0	0	0	0	0	0	0	0
genomad_k141_1727985	0	0	0	0	0	0	0	0	0	0	0	0	0	0	0	0	0	0	0	0	0	0	0	0	0	0	0	0	0	0	39.32139	122.82246	0	0	0	0	0	0	0	0	0	0	0	0	0	0	0
genomad_k141_657679	0	0	0	0	0	0	0	0	0	0	0	0	0	0	0	0	0	0	0	0	0	0	0	0	0	0	0	0	0	0	0	0	0	11.649408	0	0	0	0	0	0	0	0	0	0	0	0	0
genomad_k141_836401	0	0	0	0	0	0	0	0	0	0	0	0	0	0	0	0	0	0	0	0	0	0	0	0	0	0	0	0	0	0	99.26995	95.748795	0	0	0	0	0	0	0	0	0	0	0	0	0	0	0
genomad_k141_3215091	0	0	0	0	0	0	0	0	0	0	0	0	40.78978	0	0	0	0	0	0	0	0	0	0	0	0	0	0	0	0	0	0	0	0	0	0	0	0	0	0	0	0	0	0	0	0	0	0
genomad_k141_3393387	0	0	0	0	0	0	0	0	0	0	0	0	0	0	0	0	0	0	0	0	0	0	0	0	0	0	0	0	0	0	0	0	114.18298	0	0	0	0	0	0	0	0	0	0	0	0	0	0
genomad_k141_3215106	0	0	0	0	0	0	0	0	0	0	0	0	0	0	0	0	0	0	0	0	0	0	0	0	0	0	0	0	0	0	0	0	19.946695	4.859804	0	0	0	0	0	0	0	0	0	0	0	0	0
genomad_k141_1608961	0	0	0	0	0	0	0	0	0	0	0	0	0	0	0	0	0	0	0	0	0	0	0	0	0	0	0	0	0	0	76.885315	16.619303	0	0	0	0	0	0	0	0	0	0	0	0	0	0	0
genomad_k141_2798456	0	0	0	0	0	0	0	0	0	0	0	0	0	0	0	0	0	0	0	0	0	0	0	0	0	0	0	0	0	0	0	136.71844	0	0	0	0	0	0	0	0	0	0	0	0	0	0	0
genomad_k141_1965992	0	0	0	0	0	0	0	0	0	0	0	0	0	0	0	0	0	0	0	0	0	0	0	0	0	0	0	0	0	0	0	0	35.03147	9.693034	0	0	0	0	0	0	0	0	0	0	0	0	0
genomad_k141_241990	0	0	0	0	0	0	0	0	0	0	0	0	0	0	0	0	0	0	0	0	0	0	0	0	0	0	0	0	0	0	0	0	27.783653	22.718546	0	0	0	0	0	0	0	0	0	0	0	0	0
genomad_k141_3631634	0	0	0	0	0	0	0	0	0	0	0	0	0	0	0	0	0	0	0	0	0	0	0	0	0	0	0	0	0	0	0	0	67.54678	0	0	0	0	0	0	0	0	0	0	0	0	0	0
genomad_k141_1668914	0	0	0	0	0	0	0	0	0	0	0	0	0	0	0	0	0	0	0	0	0	0	0	0	0	0	0	0	0	0	0	0	33.022923	77.382355	0	0	0	0	0	0	0	0	0	0	0	0	0
genomad_k141_955277	0	0	0	0	0	0	0	0	0	0	0	0	0	0	0	0	0	0	0	0	0	0	0	0	0	0	0	0	0	0	0	0	131.97699	0	0	0	0	0	0	0	0	0	0	0	0	0	0
genomad_k141_1074201	0	0	0	0	0	0	0	0	0	0	0	0	0	0	0	0	0	0	0	0	0	0	0	0	0	0	0	0	2237.0688	1125.2257	0	0	0	0	0	0	0	0	0	0	0	0	0	0	0	0	0
genomad_k141_777080	0	0	0	0	0	0	0	0	0	0	0	0	0	0	0	0	0	0	0	0	0	0	0	0	0	0	0	0	0	0	0	0	0	0	0	112.57771	0	0	0	0	0	0	0	0	0	0	0
genomad_k141_3571923	0	0	0	0	0	0	0	0	0	0	0	0	0	0	0	0	0	0	0	0	0	0	0	0	0	0	0	0	0	0	0	0	19.235645	9.394593	0	0	0	0	0	0	0	0	0	0	0	0	0
genomad_k141_2858113	0	0	0	0	0	0	0	0	0	0	0	0	0	0	0	0	0	0	0	0	0	0	0	0	0	0	0	0	0	0	23.951317	19.237167	0	0	0	0	0	0	0	0	0	0	0	0	0	0	0
genomad_k141_300784	0	0	0	0	0	0	0	0	0	0	0	0	0	0	0	0	0	0	0	0	0	0	0	0	0	0	0	0	0	0	0	40.408504	0	0	0	0	0	0	0	0	0	0	0	0	0	0	0
genomad_k141_1728152	0	0	0	0	0	0	0	0	0	0	0	0	0	0	0	0	0	0	0	0	0	0	0	0	0	0	0	0	0	0	34.728424	0	28.914324	7.491704	0	0	0	0	0	0	0	0	0	0	0	0	0
genomad_k141_1787787	0	0	0	0	0	0	0	0	0	0	0	0	0	0	0	0	0	0	0	0	0	0	0	0	0	0	0	0	0	0	29.321457	83.917915	0	0	0	0	0	0	0	0	0	0	0	0	0	0	0
genomad_k141_3393520	0	0	0	0	0	0	0	0	0	0	0	0	0	0	0	0	0	0	0	0	0	0	0	0	0	0	0	0	62.03075	195.77037	0	0	0	0	0	0	0	0	0	0	0	0	0	0	0	0	0
genomad_k141_2323105	0	0	0	0	0	0	0	0	0	0	0	0	0	0	0	0	0	0	0	0	0	776.19293	0	0	0	0	0	3797.6997	0	0	0	0	0	0	0	0	0	0	0	0	0	0	0	0	0	0	0
genomad_k141_2977403	0	0	0	0	0	0	0	0	0	0	0	0	0	0	0	0	0	0	0	0	0	0	0	0	0	0	0	0	0	0	0	0	0	7.327237	0	0	0	0	0	0	0	0	0	0	0	0	0
genomad_k141_3750751	0	0	0	0	0	0	0	0	0	0	0	0	0	0	0	0	0	0	0	0	0	0	0	0	0	0	0	0	0	0	47.525616	35.527424	0	0	0	0	0	0	0	0	0	0	0	0	0	0	0
genomad_k141_836599	0	0	0	0	0	0	0	0	0	0	0	0	0	0	0	0	0	0	0	0	0	0	0	0	0	0	0	0	0	0	0	0	0	0	0	102.82279	0	0	0	0	0	0	0	0	0	0	0
genomad_k141_2739216	0	0	0	0	0	0	0	0	0	0	0	0	0	0	0	0	0	0	0	0	0	0	0	0	0	0	0	0	0	0	0	0	15.199852	13.532479	0	0	0	0	0	0	0	0	0	0	0	0	0
genomad_k141_2798613	0	0	0	0	0	0	0	0	0	0	0	0	0	0	0	0	0	0	0	0	0	0	0	0	0	0	0	0	0	0	0	317.1178	0	78.700455	0	0	0	0	0	0	0	0	0	0	0	0	0
genomad_k141_1668988	0	0	0	0	0	0	0	0	0	0	0	0	0	0	0	0	0	0	0	0	0	0	0	0	0	0	0	0	0	0	0	0	137.96834	0	0	0	0	0	0	0	0	0	0	0	0	0	0
genomad_k141_896078	0	0	0	0	0	0	0	0	0	0	0	0	0	0	0	0	0	0	0	0	0	0	0	0	0	0	0	0	0	0	0	0	0	5.3703203	0	0	0	0	0	0	0	0	0	0	0	0	0
genomad_k141_3334362	0	0	0	0	0	0	0	0	0	0	0	0	0	0	0	0	0	0	0	0	0	0	0	0	0	0	0	0	0	0	0	0	49.193127	57.277805	0	0	0	0	0	0	0	0	0	0	0	0	0
genomad_k141_2263877	0	0	0	0	0	0	0	0	0	0	0	0	0	0	0	0	0	0	0	0	0	0	0	0	0	0	0	0	0	0	0	0	237.5892	640.0784	0	0	0	0	0	0	0	0	0	0	0	0	0
genomad_k141_1014830	0	0	0	0	0	0	0	0	0	0	0	0	0	0	0	0	0	0	0	0	0	0	0	0	0	0	0	0	320.23788	1141.4824	0	0	0	0	0	0	0	0	0	0	0	0	0	0	0	0	0
genomad_k141_2442057	0	0	0	0	0	0	0	0	0	0	0	0	0	0	0	0	0	0	0	0	0	0	0	0	0	0	0	0	0	0	0	0	16.749863	24.010384	0	0	0	0	0	0	0	0	0	0	0	0	0
genomad_k141_2858285	0	0	0	0	0	0	0	0	0	0	0	0	0	0	0	0	0	0	0	0	0	0	0	0	0	0	0	0	0	0	0	0	11.091307	8.700132	0	0	0	0	0	0	0	0	0	0	0	0	0
genomad_k141_1490502	0	0	0	0	0	0	0	0	0	0	0	0	311.32767	0	0	0	0	0	0	0	0	0	0	0	0	0	0	0	0	0	0	0	0	0	0	0	0	0	0	0	0	0	0	0	0	0	0
genomad_k141_3393671	0	0	0	0	0	0	0	0	0	0	0	0	0	0	0	0	0	0	0	0	0	0	0	0	0	0	0	0	0	0	0	0	171.28096	155.22813	0	74.46832	0	0	0	0	0	0	0	0	0	0	0
genomad_k141_2085471	0	0	0	0	0	0	0	0	0	0	0	0	187.00417	0	0	0	0	0	0	0	0	0	0	0	0	0	0	0	0	0	0	0	0	0	0	0	0	0	0	0	0	0	0	0	0	0	0
genomad_k141_1906519	0	0	0	0	0	0	0	0	0	0	0	0	0	0	0	0	0	0	0	0	0	0	0	0	0	0	0	0	0	0	0	0	25.236423	18.689266	0	0	0	0	0	0	0	0	0	0	0	0	0
genomad_k141_3096441	0	0	0	0	0	0	0	0	0	0	0	0	0	0	0	0	0	0	0	0	0	0	0	0	0	0	0	0	325.12778	0	0	0	0	0	0	0	0	0	0	0	0	0	0	0	0	0	0
genomad_k141_717918	0	0	0	0	0	0	0	0	0	0	0	0	0	0	0	0	0	0	0	0	0	0	0	0	0	0	0	0	0	0	0	0	336.16263	547.72876	0	229.92917	0	0	0	0	0	0	0	0	0	0	0
genomad_k141_1550172	0	0	0	0	0	0	0	0	0	0	0	0	0	0	0	0	0	0	0	0	0	0	0	0	0	0	0	0	0	0	0	0	0	14.525805	0	0	0	0	0	0	0	0	0	0	0	0	0
genomad_k141_182461	0	0	0	0	0	0	0	0	0	0	0	0	0	0	0	0	0	0	0	0	0	0	0	0	0	0	0	0	0	0	0	0	0	19.519257	0	0	0	0	0	0	0	0	0	0	0	0	0
genomad_k141_3215392	0	0	0	0	681.3081	718.4401	0	0	1476.3513	1480.6675	0	0	0	0	0	0	0	0	0	0	0	0	0	0	0	0	0	0	0	0	0	0	0	0	0	0	0	0	0	0	0	0	0	0	0	0	0
genomad_k141_1550208	0	0	0	0	0	0	0	0	0	0	0	0	0	0	0	0	0	0	0	0	0	0	0	0	0	0	0	0	0	0	48.659218	62.947952	0	0	0	0	0	0	0	0	0	0	0	0	0	0	0
genomad_k141_242266	0	0	0	0	0	0	0	0	0	0	0	0	0	0	0	0	0	0	0	0	0	0	0	0	0	0	0	0	0	0	0	0	0	7.104556	0	0	0	0	0	0	0	0	0	0	0	0	0
genomad_k141_3215414	0	0	0	0	0	0	0	0	0	0	0	0	0	0	0	0	0	0	0	0	0	0	0	0	0	0	0	0	0	0	0	0	15.205968	28.20611	0	0	0	0	0	0	0	0	0	0	0	0	0
genomad_k141_2144620	0	0	0	0	0	0	0	0	0	0	0	0	0	0	0	0	0	0	0	0	0	0	0	0	0	0	0	0	0	0	0	0	29.769135	111.766335	0	0	0	0	0	0	0	0	0	0	0	0	0
genomad_k141_2798794	0	0	0	0	0	0	0	0	0	0	0	0	0	0	0	0	0	0	0	0	0	0	0	0	0	0	0	0	0	0	0	0	0	10.449399	0	0	0	0	0	0	0	0	0	0	0	0	0
genomad_k141_1550226	0	0	0	0	0	0	0	0	0	0	0	0	0	0	0	0	0	0	0	0	0	0	0	0	0	0	0	0	0	0	0	45.73603	0	7.5429173	0	0	0	0	0	0	0	0	0	0	0	0	0
genomad_k141_2144621	0	0	0	0	0	0	0	0	0	0	0	0	0	0	0	0	0	0	0	0	0	0	0	0	0	0	0	0	0	0	0	0	0	12.869797	0	0	0	0	0	0	0	0	0	0	0	0	0
genomad_k141_3750982	0	0	0	0	0	0	0	274.7054	0	0	0	0	0	0	0	0	0	0	0	0	0	0	0	0	0	0	0	0	0	0	290.393	227.77135	55.202946	82.51945	0	49.694065	0	0	0	0	0	0	0	0	0	0	0
genomad_k141_420682	0	0	0	0	0	0	0	0	0	0	0	0	0	0	0	0	0	0	0	0	0	0	0	0	0	0	0	0	0	0	0	0	0	10.135752	0	0	0	0	0	0	0	0	0	0	0	0	0
genomad_k141_1788085	0	0	0	0	0	0	0	0	0	0	0	0	0	0	0	0	0	0	0	0	0	0	0	0	0	0	0	0	0	0	0	0	0	12.21261	0	0	0	0	0	0	0	0	0	0	0	0	0
genomad_k141_2858392	0	0	0	0	0	0	0	0	0	0	0	0	0	0	0	0	0	0	0	0	0	0	0	0	0	0	0	0	0	0	0	0	0	13.421917	0	0	0	0	0	0	0	0	0	0	0	0	0
genomad_k141_1193257	0	0	0	0	0	0	0	0	0	0	0	0	106.17568	0	0	0	0	0	0	0	0	0	0	0	0	0	0	0	0	0	0	0	0	0	0	0	0	0	0	0	0	0	0	0	0	0	0
genomad_k141_2144657	0	0	0	0	0	0	0	0	0	0	0	0	0	0	0	0	0	0	0	0	0	0	0	0	0	0	0	0	0	0	0	0	0	23.887383	0	0	0	0	0	0	0	0	0	0	0	0	0
genomad_k141_1669234	0	0	0	0	0	0	0	0	0	0	0	0	0	0	0	0	0	0	0	0	0	0	0	0	0	0	0	0	0	0	0	0	23.0753	31.772085	0	0	0	0	0	0	0	0	0	0	0	0	0
genomad_k141_2918078	603.38983	562.8051	0	0	0	0	0	0	0	0	0	0	0	0	0	0	2600.3274	2709.4736	0	0	0	0	0	0	0	0	0	0	0	0	0	0	0	0	0	0	0	0	0	0	0	0	0	0	0	0	0
genomad_k141_1609344	0	0	0	0	0	0	0	180.3758	0	0	0	0	0	0	0	0	0	0	0	0	0	0	0	0	0	0	0	0	0	0	0	11.564404	0	5.9456215	0	0	0	0	0	0	0	0	0	0	0	0	0
genomad_k141_242347	0	0	0	0	2230.706	2225.9917	0	0	0	0	0	0	0	0	0	0	0	0	0	0	0	0	0	0	0	0	0	0	0	0	0	0	0	0	0	0	0	0	0	0	0	0	0	0	0	0	0
genomad_k141_3334541	0	0	0	0	0	0	0	0	0	0	0	0	0	0	0	0	0	0	0	0	0	0	0	0	0	0	0	0	0	0	0	0	394.56702	458.44894	0	147.10596	0	0	0	0	0	0	0	0	0	0	0
genomad_k141_182553	0	0	0	0	0	0	0	0	0	0	0	0	0	0	0	0	0	0	0	0	0	0	0	0	0	0	0	0	0	0	0	0	27.853233	85.02562	0	0	0	0	0	0	0	0	0	0	0	0	0
genomad_k141_2858477	0	0	0	0	0	0	0	0	0	0	0	0	0	0	0	0	0	0	0	0	0	0	0	0	0	0	0	0	0	0	32.872734	96.95213	0	0	0	0	0	0	0	0	0	0	0	0	0	0	0
genomad_k141_1431332	0	0	0	0	0	0	0	0	0	0	0	0	0	0	0	0	0	0	0	0	0	0	0	0	0	0	0	0	0	0	0	0	0	7.2500095	0	0	0	0	0	0	0	0	0	0	0	0	0
genomad_k141_1431339	0	0	0	0	0	0	0	0	0	0	0	0	0	0	0	0	0	0	0	0	0	0	0	0	0	0	0	0	0	0	0	0	17.52323	5.9479103	0	0	0	0	0	0	0	0	0	0	0	0	0
genomad_k141_955694	0	0	0	0	0	0	0	0	0	0	0	0	0	0	0	0	0	0	0	0	0	0	0	0	0	0	0	0	0	0	58.45101	0	0	0	0	0	0	0	0	0	0	0	0	0	0	0	0
genomad_k141_3751079	0	0	0	0	0	0	0	0	0	0	0	0	0	0	0	0	0	0	0	0	0	0	0	0	0	0	0	0	0	0	0	0	0	47.58788	0	0	0	0	0	0	0	0	0	0	0	0	0
genomad_k141_2264141	0	0	0	0	0	0	0	0	0	0	0	0	0	0	0	0	0	0	0	0	0	0	0	0	0	0	0	0	0	0	0	0	110.95086	77.1439	0	0	0	0	0	0	0	0	0	0	0	0	0
genomad_k141_2204523	0	0	0	0	0	0	0	0	0	0	0	0	0	0	0	0	0	0	0	0	0	0	0	0	0	0	0	0	0	0	0	0	0	15.638126	0	0	0	0	0	0	0	0	0	0	0	0	0
genomad_k141_420766	0	0	0	0	0	0	0	0	0	0	0	0	0	0	0	0	0	0	0	0	0	0	0	0	0	0	0	0	0	0	0	0	89.50058	70.39636	0	43.078186	0	0	0	0	0	0	0	0	0	0	0
genomad_k141_1490739	0	0	0	0	0	0	0	0	0	0	0	0	0	0	0	0	0	0	0	0	0	0	0	0	0	0	0	0	0	0	0	0	40.340336	34.530132	0	0	0	0	0	0	0	0	0	0	0	0	0
genomad_k141_3155735	0	0	0	0	0	0	0	0	0	0	0	0	0	0	0	0	0	0	0	0	0	0	0	0	0	0	0	0	0	0	0	0	0	8.310998	0	0	0	0	0	0	0	0	0	0	0	0	0
genomad_k141_361341	0	0	0	0	0	0	0	0	0	0	0	0	0	0	0	0	0	0	0	0	0	0	0	0	0	0	0	0	0	0	0	0	0	0	0	126.900955	0	0	0	0	0	0	0	0	0	0	0
genomad_k141_1252417	0	0	0	0	0	0	0	0	0	0	0	0	0	0	0	0	0	0	0	0	0	0	0	0	0	0	0	0	0	0	0	28.480682	0	0	0	0	0	0	0	0	0	0	0	0	0	0	0
genomad_k141_3453500	0	0	0	0	0	0	0	0	0	0	0	0	0	0	0	0	0	0	0	0	0	0	0	0	0	0	0	0	0	0	0	0	112.49432	3.0862634	0	0	0	0	0	0	0	0	0	0	0	0	0
genomad_k141_777523	0	0	0	0	0	0	0	0	0	0	0	0	0	0	0	0	0	0	0	0	0	0	0	0	0	0	0	0	0	0	230.38805	169.03337	0	0	0	0	0	0	0	0	0	0	0	0	0	0	0
genomad_k141_1906659	0	0	0	0	0	0	0	0	0	0	0	0	0	0	0	0	0	0	0	0	0	0	0	0	0	0	0	0	0	0	149.18457	159.60382	0	0	0	0	0	0	0	0	0	0	0	0	0	0	0
genomad_k141_3037158	7319.918	7911.602	0	0	0	0	0	0	0	0	12224.451	0	0	0	0	0	6921.733	6686.627	0	0	0	0	0	0	0	0	0	0	0	0	0	0	0	0	0	0	0	0	0	0	0	0	0	0	0	0	0
genomad_k141_538976	2770.1492	0	0	0	0	0	0	0	0	0	0	0	0	0	0	0	1892.8086	1713.6495	0	0	0	0	0	0	0	0	0	0	0	0	0	0	0	0	0	0	0	0	0	0	0	0	0	0	0	0	0
genomad_k141_1372186	0	0	0	0	0	0	0	0	0	0	0	0	0	0	0	0	0	0	0	0	0	0	0	0	0	0	0	0	0	0	0	0	78.95839	0	0	0	0	0	0	0	0	0	0	0	0	0	0
genomad_k141_836952	0	0	0	0	0	0	0	0	0	0	0	0	0	0	0	0	0	0	0	0	0	0	0	0	0	0	0	0	0	0	41.639324	68.32727	0	0	0	0	0	0	0	0	0	0	0	0	0	0	0
genomad_k141_1550508	0	0	0	0	0	0	0	0	0	0	0	0	0	0	0	0	0	0	0	0	0	0	0	0	0	0	0	0	0	0	0	0	0	52.704407	0	32.240913	0	0	0	0	0	0	0	0	0	0	0
genomad_k141_2977863	0	0	0	0	0	0	0	0	0	0	0	0	0	0	0	0	0	0	0	0	0	0	0	0	0	0	0	0	0	0	0	0	72.74165	32.280716	0	0	0	0	0	0	0	0	0	0	0	0	0
genomad_k141_1550535	0	0	0	0	0	0	0	0	0	0	0	0	0	0	0	0	0	0	0	0	0	0	0	0	0	0	0	0	0	0	52.270184	56.34949	0	0	0	0	0	0	0	0	0	0	0	0	0	0	0
genomad_k141_3394011	0	0	0	0	0	0	0	0	0	0	0	0	0	0	0	0	0	0	0	0	0	0	0	0	0	0	0	0	0	0	0	0	243.69975	0	0	0	0	0	0	0	0	0	0	0	0	0	0
genomad_k141_2085826	0	0	0	0	0	0	0	0	0	0	0	0	0	0	0	0	0	0	0	0	0	0	0	0	0	0	0	0	0	0	0	0	66.6154	148.87248	0	0	0	0	0	0	0	0	0	0	0	0	0
genomad_k141_718309	0	0	0	0	0	0	0	0	0	0	0	0	64.99431	0	0	0	0	0	0	0	0	0	0	0	0	0	0	0	0	0	0	0	0	0	0	0	0	0	0	0	0	0	0	0	0	0	0
genomad_k141_4568	0	0	0	0	0	0	0	0	0	0	0	0	0	0	0	0	0	0	0	0	0	0	0	0	0	0	0	0	0	0	0	0	0	29.370712	0	0	0	0	0	0	0	0	0	0	0	0	0
genomad_k141_242578	0	0	0	0	0	0	0	0	0	0	0	0	0	0	0	0	0	0	0	0	0	0	0	0	0	0	0	0	0	0	0	0	0	260.6001	0	0	0	0	0	0	0	0	0	0	0	0	0
genomad_k141_2085875	0	0	0	0	0	0	0	0	0	0	0	0	0	0	0	0	0	0	0	0	0	0	0	0	0	0	0	0	0	0	0	0	39.402653	4.7245493	0	0	0	0	0	0	0	0	0	0	0	0	0
genomad_k141_123521	0	0	0	0	0	0	0	0	0	0	0	0	0	0	0	0	0	0	0	0	0	0	0	0	0	0	0	0	0	0	0	40.247097	0	3.0019748	0	0	0	0	0	0	0	0	0	0	0	0	0
genomad_k141_3751346	0	0	0	0	0	0	0	0	0	0	0	0	0	0	0	0	0	0	0	0	0	0	0	0	0	0	0	0	0	0	0	0	0	8.768374	0	0	0	0	0	0	0	0	0	0	0	0	0
genomad_k141_2144907	0	0	0	0	0	0	0	0	0	0	0	0	0	0	0	0	0	0	0	0	0	0	0	0	0	0	0	0	0	0	0	0	0	4.5475736	0	0	0	0	0	0	0	0	0	0	0	0	0
genomad_k141_3751384	0	0	0	0	0	0	0	0	0	0	0	0	0	0	0	0	0	0	0	0	0	0	0	0	0	0	0	0	0	0	0	0	19.591908	5.737675	0	0	0	0	0	0	0	0	0	0	0	0	0
genomad_k141_2978050	0	0	0	0	0	0	0	0	0	0	0	0	0	0	0	0	0	0	0	0	0	0	0	0	0	0	0	0	0	0	0	32.52437	0	0	0	0	0	0	0	0	0	0	0	0	0	0	0
genomad_k141_1609724	0	0	0	0	0	0	0	0	0	0	0	0	0	0	0	0	0	0	0	0	0	0	0	0	0	0	0	0	0	0	0	30.677904	0	6.916849	0	0	0	0	0	0	0	0	0	0	0	0	0
genomad_k141_2323669	0	0	0	0	0	0	0	0	0	0	0	0	0	0	0	0	0	0	0	0	0	0	0	0	0	0	0	0	0	0	97.85556	64.76555	0	0	0	0	0	0	0	0	0	0	0	0	0	0	0
genomad_k141_2323683	0	0	0	0	0	0	0	0	0	0	0	0	0	0	0	0	0	0	0	0	0	0	0	0	0	0	0	0	0	0	0	0	213.1584	14.26298	0	0	0	0	0	0	0	0	0	0	0	0	0
genomad_k141_182935	0	0	0	0	0	0	0	0	0	0	0	0	0	0	0	0	0	0	0	0	0	0	0	0	0	0	0	0	661.55804	163.33472	0	0	0	0	0	0	0	0	0	0	0	0	0	0	0	0	0
genomad_k141_2026438	0	0	0	0	0	0	0	0	0	0	0	0	0	0	0	0	0	0	0	0	0	0	0	0	0	0	0	0	0	0	0	0	0	0	0	0	0	0	14061.046	14023.329	0	0	0	0	0	0	0
genomad_k141_1491088	0	0	0	0	0	0	0	0	0	0	0	0	0	0	0	0	0	0	0	0	0	0	0	0	0	0	0	0	0	0	174.46552	63.49781	0	0	0	0	0	0	0	0	0	0	0	0	0	0	0
genomad_k141_2799275	0	0	0	0	0	0	0	0	0	0	0	0	0	0	0	0	0	0	0	0	0	0	0	0	0	0	0	0	0	0	0	0	0	38.418625	0	0	0	0	0	0	0	0	0	0	0	0	0
genomad_k141_2680097	0	0	0	0	0	0	0	0	0	0	0	0	0	0	0	0	0	0	0	0	0	0	0	0	0	0	0	0	0	0	0	0	31.300974	20.388628	0	0	0	0	0	0	0	0	0	0	0	0	0
genomad_k141_1728778	2012.6067	2050.0593	0	0	0	0	0	0	0	0	0	0	0	0	0	0	0	0	0	0	0	0	0	0	0	0	0	0	0	0	0	0	0	0	0	0	0	0	0	0	0	0	0	0	0	0	0
genomad_k141_2799278	0	0	0	0	0	0	0	0	0	0	0	0	0	0	0	0	0	0	0	0	0	0	0	0	0	0	0	0	0	0	0	0	23.473713	35.854633	0	0	0	0	0	0	0	0	0	0	0	0	0
genomad_k141_3096911	0	0	0	0	0	0	0	0	0	0	0	0	0	0	0	0	0	0	0	0	0	0	0	0	0	0	0	0	0	0	0	0	0	31.977896	0	48.694572	0	0	0	0	0	0	0	0	0	0	0
genomad_k141_3215867	0	0	0	0	0	0	0	0	0	0	0	0	0	0	0	0	0	0	0	0	0	0	0	0	0	0	0	0	0	0	0	0	0	22.788774	0	0	0	0	0	0	0	0	0	0	0	0	0
genomad_k141_1372328	0	0	0	0	0	0	0	0	0	0	0	0	0	0	0	0	0	0	0	0	0	0	0	0	0	0	0	0	0	0	0	0	0	6.2617483	0	0	0	0	0	0	0	0	0	0	0	0	0
genomad_k141_3453863	0	0	0	0	0	0	0	0	0	0	0	0	0	0	0	0	0	0	0	0	0	0	0	0	0	0	0	0	0	0	0	0	0	8.4746685	0	0	0	0	0	0	0	0	0	0	0	0	0
genomad_k141_1074979	0	0	0	0	0	0	0	0	0	0	0	0	0	0	0	0	0	0	0	0	0	0	0	0	0	0	0	0	0	0	0	0	31.130032	46.59844	0	0	0	0	0	0	0	0	0	0	0	0	0
genomad_k141_2918458	0	0	0	0	0	0	0	0	0	0	0	0	0	0	0	0	0	0	0	0	0	0	0	0	0	0	0	0	0	0	0	0	18.522324	5.367311	0	0	0	0	0	0	0	0	0	0	0	0	0
genomad_k141_1907012	0	0	0	0	0	0	0	0	0	0	0	0	0	0	0	0	0	0	0	0	0	0	0	0	0	0	0	0	0	0	0	0	79.63872	71.08486	0	0	0	0	0	0	0	0	0	0	0	0	0
genomad_k141_3394095	0	0	0	0	0	0	0	0	0	0	0	0	0	0	0	0	0	0	0	0	0	0	0	0	0	0	0	0	0	0	0	0	0	12.713666	0	0	0	0	0	0	0	0	0	0	0	0	0
genomad_k141_2858932	0	0	0	0	0	0	0	0	0	0	0	0	0	0	0	0	0	0	0	0	0	0	0	0	0	0	0	0	0	0	0	0	17.53916	21.472542	0	0	0	0	0	0	0	0	0	0	0	0	0
genomad_k141_3335047	0	0	0	0	0	0	0	0	0	0	0	0	0	0	0	0	0	0	0	0	0	0	0	0	0	0	0	0	0	0	0	0	82.01093	114.15677	0	0	0	0	0	0	0	0	0	0	0	0	0
genomad_k141_2978177	0	0	0	0	0	0	0	0	0	0	0	0	0	0	0	0	0	0	0	0	0	0	0	0	0	0	0	0	0	0	0	0	322.697	84.92713	0	38.707527	0	0	0	0	0	0	0	0	0	0	0
genomad_k141_1966821	0	0	0	0	0	0	0	0	0	0	0	0	0	0	0	0	0	0	0	0	0	0	0	0	0	0	0	0	0	0	0	0	0	17.548395	0	0	0	0	0	0	0	0	0	0	0	0	0
genomad_k141_896795	0	0	0	0	0	0	0	0	0	0	0	0	0	0	0	0	0	0	0	0	0	0	0	0	0	0	0	0	0	0	0	0	0	14.172256	0	0	0	0	0	0	0	0	0	0	0	0	0
genomad_k141_3097052	0	0	0	0	0	0	0	0	0	0	0	0	0	0	0	0	0	0	0	0	0	0	0	0	0	0	0	0	0	0	0	0	17.723923	80.439514	0	0	0	0	0	0	0	0	0	0	0	0	0
genomad_k141_4871	0	0	0	0	0	0	0	0	0	0	0	0	0	0	0	0	0	0	0	0	0	0	0	0	0	0	0	0	0	0	113.84321	90.41914	0	0	0	0	0	0	0	0	0	0	0	0	0	0	0
genomad_k141_2680285	0	0	0	0	0	0	0	0	0	0	0	0	0	0	0	0	0	0	0	0	0	0	0	0	0	0	0	0	0	0	0	0	33.143578	93.00022	0	0	0	0	0	0	0	0	0	0	0	0	0
genomad_k141_3572754	0	0	0	0	0	0	0	0	0	0	0	0	0	0	0	0	0	0	0	0	0	0	0	0	0	0	0	0	0	0	0	0	0	48.042442	0	0	0	0	0	0	0	0	0	0	0	0	0
genomad_k141_480737	0	0	0	0	0	0	0	0	0	0	0	0	0	0	0	0	0	0	0	0	0	0	0	0	0	0	0	0	0	0	68.8308	17.022367	0	0	0	0	0	0	0	0	0	0	0	0	0	0	0
genomad_k141_1372440	0	0	0	0	0	0	0	0	0	0	0	0	0	0	0	0	0	0	0	0	0	0	0	0	0	0	0	0	0	0	18.272238	45.63076	0	0	0	0	0	0	0	0	0	0	0	0	0	0	0
genomad_k141_3216032	0	0	0	0	0	0	0	248.25626	0	0	0	0	0	0	0	0	0	0	0	0	0	0	0	0	0	0	0	0	0	0	25.210018	138.34724	0	0	0	0	0	0	0	0	0	0	0	0	0	0	0
genomad_k141_1491285	0	0	0	0	0	0	0	0	0	0	0	0	0	0	0	0	0	0	0	0	0	0	0	0	0	0	0	0	0	0	0	0	0	21.59106	0	0	0	0	0	0	0	0	0	0	0	0	0
genomad_k141_2978289	0	0	0	0	0	0	0	0	0	0	0	0	0	0	0	0	0	0	0	0	0	0	0	0	0	0	0	0	0	0	0	0	19.17826	9.398034	0	0	0	0	0	0	0	0	0	0	0	0	0
genomad_k141_3335181	0	0	0	0	0	0	0	0	0	0	0	0	0	0	0	0	0	0	0	0	0	0	0	0	0	0	0	0	0	0	0	0	0	11.415892	0	0	0	0	0	0	0	0	0	0	0	0	0
genomad_k141_658749	0	0	0	0	0	0	0	0	0	0	0	0	0	0	0	0	0	0	0	0	0	0	0	0	0	0	0	0	0	0	0	0	31.89646	8.1506815	0	0	0	0	0	0	0	0	0	0	0	0	0
genomad_k141_4890	0	0	0	0	0	0	0	0	0	0	0	0	0	0	0	0	0	0	0	0	0	0	0	0	0	0	0	0	0	0	0	0	255.07588	200.39885	0	0	0	0	0	0	0	0	0	0	0	0	0
genomad_k141_837352	0	0	0	0	0	0	0	0	0	0	0	0	0	0	0	0	0	0	0	0	0	0	0	0	0	0	0	0	0	0	0	0	0	0	0	652.8655	0	0	0	0	0	0	0	0	0	0	0
genomad_k141_123863	0	0	0	0	2431.3125	2618.8904	0	0	0	0	0	0	0	0	0	0	0	0	0	0	0	0	0	0	0	0	0	0	0	0	0	0	0	0	0	0	0	0	0	0	0	0	0	0	0	0	0
genomad_k141_1551000	0	0	0	0	0	0	0	0	0	0	0	0	0	0	0	0	0	0	0	0	0	0	0	0	0	0	0	0	0	0	0	0	88.39497	37.252266	0	0	0	0	0	0	0	0	0	0	0	0	0
genomad_k141_599402	0	0	0	0	0	0	0	0	0	0	0	0	0	0	0	0	0	0	0	0	0	0	0	0	0	0	0	0	0	0	0	0	35.35255	62.288414	0	0	0	0	0	0	0	0	0	0	0	0	0
genomad_k141_3216080	0	0	0	0	0	0	0	0	0	0	0	0	0	0	0	0	0	0	0	0	0	0	0	0	0	0	0	0	0	0	0	0	0	20.384676	0	0	0	0	0	0	0	0	0	0	0	0	0
genomad_k141_896952	0	0	0	0	0	0	0	0	0	0	0	0	0	0	0	0	0	0	0	0	0	0	0	0	0	0	0	0	0	0	0	24.681961	0	5.4384723	0	0	0	0	0	0	0	0	0	0	0	0	0
genomad_k141_3097139	0	0	0	0	0	0	0	0	0	0	0	0	0	0	0	0	0	0	0	0	0	0	0	0	0	0	0	0	0	0	0	22.413141	27.86188	254.44707	0	77.04101	0	0	0	0	0	0	0	0	0	0	0
genomad_k141_2680388	0	0	0	0	0	0	0	0	0	0	0	0	0	0	0	0	0	0	0	0	0	0	0	0	0	0	0	0	0	0	0	0	0	0	0	825.57117	0	0	0	0	0	0	0	0	0	0	0
genomad_k141_1788844	0	0	0	0	0	0	0	0	0	0	0	0	0	0	0	0	0	0	0	0	0	0	0	0	0	0	0	0	0	0	0	0	40.742096	3.1416464	0	0	0	0	0	0	0	0	0	0	0	0	0
genomad_k141_3097151	0	0	0	0	0	0	0	0	0	0	0	0	0	0	0	0	0	0	0	0	0	0	0	0	0	0	0	0	40.49957	127.60368	0	0	0	0	0	0	0	0	0	0	0	0	0	0	0	0	0
genomad_k141_1907211	0	0	0	0	0	0	0	0	0	0	0	0	0	0	0	0	0	0	0	0	0	0	0	0	0	0	0	0	0	0	0	0	0	21.434069	0	0	0	0	0	0	0	0	0	0	0	0	0
genomad_k141_1788853	0	0	0	0	0	0	0	0	0	0	0	0	0	0	0	0	0	0	0	0	0	0	0	0	0	0	0	0	0	0	0	0	16.360237	7.415434	0	0	0	0	0	0	0	0	0	0	0	0	0
genomad_k141_1551066	0	0	0	0	0	0	0	0	0	0	0	0	0	0	0	0	0	0	0	0	0	0	0	0	0	0	0	0	0	0	0	0	0	6.114303	0	0	0	0	0	0	0	0	0	0	0	0	0
genomad_k141_1313139	0	0	0	0	0	0	0	0	0	0	0	0	0	0	0	0	0	0	0	0	0	0	0	0	0	0	0	0	0	0	0	0	23.3212	3.7710507	0	0	0	0	0	0	0	0	0	0	0	0	0
genomad_k141_778048	0	0	0	0	0	0	0	0	0	0	0	0	0	0	0	0	0	0	0	0	0	0	0	0	0	0	0	0	0	0	0	0	0	48.772057	0	0	0	0	0	0	0	0	0	0	0	0	0
genomad_k141_1967034	0	0	0	0	0	0	0	0	0	0	0	0	0	0	0	0	0	0	0	0	0	0	0	0	0	0	0	0	0	0	24.123716	73.04606	0	0	0	0	0	0	0	0	0	0	0	0	0	0	0
genomad_k141_2680427	0	0	0	0	0	0	0	0	0	0	0	0	0	0	0	0	0	0	0	0	0	0	0	0	0	0	0	0	0	0	86.37081	33.209057	0	0	0	0	0	0	0	0	0	0	0	0	0	0	0
genomad_k141_2383509	0	0	0	0	0	0	0	0	0	0	0	0	0	0	0	0	0	0	0	0	0	0	0	0	0	0	0	0	0	0	0	111.96009	25.093441	125.33529	0	77.105804	0	0	0	0	0	0	0	0	0	0	0
genomad_k141_2026769	0	0	0	0	0	0	0	0	0	0	0	0	0	0	0	0	0	0	0	0	0	0	0	0	0	0	0	0	0	0	0	0	0	32.88585	0	0	0	0	0	0	0	0	0	0	0	0	0
genomad_k141_1194037	0	0	0	0	0	0	0	0	0	0	0	0	0	0	0	0	0	0	0	0	0	0	0	0	0	0	0	0	0	0	0	37.405033	0	0	0	0	0	0	0	0	0	0	0	0	0	0	0
genomad_k141_2561963	0	0	0	0	0	0	0	0	0	0	0	0	0	0	0	0	0	0	0	0	0	0	0	0	0	0	0	0	0	0	0	0	0	5.911164	0	0	0	0	0	0	0	0	0	0	0	0	0
genomad_k141_2799627	0	0	0	0	0	0	0	0	0	0	0	0	0	0	0	0	0	0	0	0	0	0	0	0	0	0	0	0	54.643623	0	0	0	0	0	0	0	0	0	0	0	0	0	0	0	0	0	0
genomad_k141_1669948	0	0	0	0	0	0	0	0	0	0	0	0	0	0	0	0	0	0	0	0	0	0	0	0	0	0	0	0	0	0	0	0	0	76.221466	0	0	0	0	0	0	0	0	0	0	0	0	0
genomad_k141_1075397	0	0	0	0	0	0	0	0	0	0	0	0	0	0	0	0	0	0	0	0	0	0	0	0	0	0	0	0	0	0	0	0	0	11.318696	0	0	0	0	0	0	0	0	0	0	0	0	0
genomad_k141_539615	0	0	0	0	0	0	0	0	0	0	0	0	0	0	0	0	0	0	0	0	0	0	0	0	0	0	0	0	0	0	0	86.031975	0	0	0	0	0	0	0	0	0	0	0	0	0	0	0
genomad_k141_1075426	0	0	0	0	0	0	0	0	0	0	0	0	0	0	0	0	0	0	0	0	0	0	0	0	0	0	0	0	0	0	0	0	0	11.860862	0	0	0	0	0	0	0	0	0	0	0	0	0
genomad_k141_2680503	0	0	0	0	0	0	0	0	0	0	0	0	0	0	0	0	0	0	0	0	0	0	0	0	0	0	0	0	0	0	0	0	0	0	0	98.29258	0	0	0	0	0	0	0	0	0	0	0
genomad_k141_2621674	0	0	0	0	0	0	0	0	0	0	0	0	0	0	0	0	0	0	0	0	0	0	0	0	0	0	0	0	0	0	0	0	0	11.102431	0	0	0	0	0	0	0	0	0	0	0	0	0
genomad_k141_1313232	0	0	0	0	0	0	0	0	0	0	0	0	0	0	0	0	0	0	0	0	0	0	0	0	0	0	0	0	0	0	47.272896	39.38032	13.838921	19.311028	0	0	0	0	0	0	0	0	0	0	0	0	0
genomad_k141_2026839	0	0	0	0	0	0	0	372.57748	0	0	0	0	0	0	0	0	0	0	0	0	0	0	0	0	0	0	0	0	0	0	29.730036	170.77222	19.91961	23.594444	0	0	0	0	0	0	0	0	0	0	0	0	0
genomad_k141_2859293	1936.1356	2049.5938	0	0	0	0	0	0	0	0	0	0	0	0	0	0	0	0	0	0	0	0	0	0	0	0	0	0	0	0	0	0	0	0	0	0	0	0	3214.007	3350.765	0	0	0	0	0	0	0
genomad_k141_1432132	0	0	0	0	0	0	0	0	0	0	0	0	0	0	0	0	0	0	0	0	0	0	0	0	0	0	0	0	0	0	25.37058	15.2345085	0	0	0	0	0	0	0	0	0	0	0	0	0	0	0
genomad_k141_2918750	0	0	0	0	0	0	0	0	0	0	0	0	0	0	0	0	0	0	0	0	0	0	0	0	0	0	0	0	0	0	558.3766	416.7448	0	4.517691	0	0	0	0	0	0	0	0	0	0	0	0	0
genomad_k141_3633082	0	0	0	0	0	0	0	0	0	0	0	0	0	0	0	0	0	0	0	0	0	0	0	0	0	0	0	0	0	0	282.76688	93.01565	0	0	0	0	0	0	0	0	0	0	0	0	0	0	0
genomad_k141_1491572	0	0	0	0	0	0	0	0	0	0	0	0	0	0	0	0	0	0	0	0	0	0	0	0	0	0	0	0	0	0	38.621113	9.945879	26.823696	45.96687	0	0	0	0	0	0	0	0	0	0	0	0	0
genomad_k141_64436	0	0	0	0	0	0	0	0	0	0	0	0	0	0	0	0	0	0	0	0	0	0	0	0	0	0	0	0	0	0	0	0	45.086926	133.4535	0	52.916767	0	0	0	0	0	0	0	0	0	0	0
genomad_k141_2740132	0	0	0	0	0	0	0	0	0	0	0	290.4603	0	0	0	0	0	0	0	0	0	0	0	0	0	0	0	0	0	0	0	0	0	0	0	0	0	0	0	0	0	271.45996	261.8668	0	0	0	0
genomad_k141_3097377	0	0	0	0	0	0	0	0	0	0	0	0	0	0	0	0	0	0	0	0	0	0	0	0	0	0	0	0	0	0	0	0	0	8.778643	0	0	0	0	0	0	0	0	0	0	0	0	0
genomad_k141_64442	0	0	0	0	0	0	0	0	0	0	0	0	0	0	0	0	0	0	0	0	0	0	0	0	0	0	0	0	0	0	0	0	0	15.14231	0	0	0	0	0	0	0	0	0	0	0	0	0
genomad_k141_243190	0	0	0	0	0	0	0	0	0	0	0	0	0	0	0	0	0	0	0	0	0	0	0	0	0	0	0	0	0	0	91.386665	55.384647	63.88016	38.207863	0	0	0	0	0	0	0	0	0	0	0	0	0
genomad_k141_659003	0	0	0	0	1967.525	1916.2765	0	0	0	0	0	0	0	0	0	0	0	0	0	0	0	0	0	0	0	0	0	0	0	0	0	0	0	0	0	0	0	0	0	0	0	0	0	0	0	0	0
genomad_k141_1848226	0	0	0	0	0	0	0	0	0	0	0	0	0	0	0	0	0	0	0	0	0	0	0	0	0	0	0	0	0	0	0	0	28.364279	35.09997	0	0	0	0	0	0	0	0	0	0	0	0	0
genomad_k141_1907454	0	0	0	0	0	0	0	0	0	0	0	0	0	0	0	0	0	0	0	0	0	0	0	0	0	0	0	0	77.41171	0	0	0	0	0	0	0	0	0	0	0	0	0	0	0	0	0	0
genomad_k141_2799754	0	0	0	0	0	0	0	0	0	0	0	0	0	0	0	0	0	0	0	0	0	0	0	0	0	0	0	0	0	0	30.362654	28.97638	0	17.199825	0	0	0	0	0	0	0	0	0	0	0	0	0
genomad_k141_3454347	0	0	0	0	0	0	0	0	0	0	0	0	0	0	0	0	862.88403	811.22437	0	0	0	0	0	0	0	0	0	0	0	0	0	0	0	0	0	0	0	0	0	0	0	0	0	0	0	0	0
genomad_k141_3752074	0	0	0	0	0	0	0	0	0	0	0	0	0	0	0	0	0	0	0	0	0	0	0	0	0	0	0	0	0	0	0	0	23.404293	37.449745	0	0	0	0	0	0	0	0	0	0	0	0	0
genomad_k141_2086585	0	0	0	0	0	0	0	0	0	0	0	0	0	0	0	0	0	0	0	0	0	0	0	0	0	0	0	0	0	0	0	0	22.336718	68.87768	0	0	0	0	0	0	0	0	0	0	0	0	0
genomad_k141_3335509	0	0	0	0	0	0	0	272.27286	0	0	0	0	0	0	0	0	0	0	0	0	0	0	0	0	0	0	0	0	0	0	0	188.96999	0	0	0	0	0	0	0	0	0	0	0	0	0	0	0
genomad_k141_3513749	0	0	0	0	0	0	0	0	0	0	0	0	0	0	0	0	0	0	0	0	0	0	0	0	0	0	0	0	0	0	31.08713	116.94886	0	4.9653373	0	0	0	0	0	0	0	0	0	0	0	0	0
genomad_k141_2086613	0	0	0	0	0	0	0	0	0	0	0	0	0	0	0	0	0	0	0	0	0	0	0	0	0	0	0	0	0	0	0	33.168434	0	0	0	0	0	0	0	0	0	0	0	0	0	0	0
genomad_k141_1432313	0	0	0	0	0	0	0	0	0	0	0	0	0	0	0	0	0	0	0	0	0	0	0	0	0	0	0	0	0	0	0	0	44.982162	16.598167	0	0	0	0	0	0	0	0	0	0	0	0	0
genomad_k141_1670173	0	0	0	0	0	0	0	0	0	0	0	0	0	0	0	0	0	0	0	0	0	0	0	0	0	0	0	0	0	0	0	0	64.58391	22.523289	0	0	0	0	0	0	0	0	0	0	0	0	0
genomad_k141_2799861	0	0	0	0	0	0	0	0	0	0	0	0	0	0	0	0	0	0	0	0	0	0	0	0	0	0	0	0	0	0	0	0	41.199436	43.174793	0	0	0	0	0	0	0	0	0	0	0	0	0
genomad_k141_3513820	0	0	0	0	0	0	0	0	0	0	0	0	0	0	0	0	0	0	0	0	0	0	0	0	0	0	0	0	0	0	0	0	0	42.69117	0	0	0	0	0	0	0	0	0	0	0	0	0
genomad_k141_3573246	0	0	0	0	0	0	0	0	0	0	0	0	0	0	0	0	0	0	0	0	0	0	0	0	0	0	0	0	0	0	0	0	0	17.095318	0	0	0	0	0	0	0	0	0	0	0	0	0
genomad_k141_5350	0	0	0	0	0	0	0	0	0	0	0	0	0	0	0	0	0	0	0	0	0	0	0	0	0	0	0	0	0	0	0	32.66262	0	11.183907	0	0	0	0	0	0	0	0	0	0	0	0	0
genomad_k141_3038152	0	0	0	0	0	0	0	0	0	0	0	0	0	0	0	0	0	0	0	0	0	0	0	0	0	0	0	0	0	0	0	0	0	32.111935	0	0	0	0	0	0	0	0	0	0	0	0	0
genomad_k141_1610528	0	0	0	0	0	0	0	0	0	0	0	0	0	0	0	0	0	0	0	0	0	0	0	0	0	0	0	0	0	0	0	0	0	14.792185	0	0	0	0	0	0	0	0	0	0	0	0	0
genomad_k141_837889	0	0	0	0	0	0	0	0	0	0	0	0	0	0	0	0	0	0	0	0	0	0	0	0	0	0	0	0	0	0	0	0	0	32.32302	0	0	0	0	0	0	0	0	0	0	0	0	0
genomad_k141_719255	0	0	0	0	0	0	0	0	0	0	0	0	0	0	0	0	0	0	0	0	0	0	0	0	0	0	0	0	0	0	41.86624	27.766867	0	7.233275	0	0	0	0	0	0	0	0	0	0	0	0	0
genomad_k141_719277	0	0	0	0	0	0	0	0	0	0	0	0	0	0	0	0	0	0	0	0	0	0	0	0	0	0	0	0	0	0	0	0	21.488773	10.915314	0	0	0	0	0	0	0	0	0	0	0	0	0
genomad_k141_1372992	0	0	0	0	0	0	0	0	0	0	0	0	0	0	0	0	0	0	0	0	0	0	0	0	0	0	0	0	0	0	0	0	90.83179	106.56572	0	81.70194	0	0	0	0	0	0	0	0	0	0	0
genomad_k141_2859585	0	0	0	0	0	0	0	0	0	0	0	0	0	0	0	0	0	0	0	0	0	0	0	0	0	0	0	0	0	0	0	61.912926	0	0	0	0	0	0	0	0	0	0	0	0	0	0	0
genomad_k141_124311	0	0	0	0	0	0	0	0	0	0	0	0	0	0	0	0	0	0	0	0	0	0	0	0	0	0	0	0	0	0	0	0	0	10.283262	0	0	0	0	0	0	0	0	0	0	0	0	0
genomad_k141_3454490	0	0	0	0	0	0	0	0	0	0	0	0	0	0	0	0	0	0	0	0	0	0	0	0	0	0	0	0	0	0	0	0	0	18.43917	0	0	0	0	0	0	0	0	0	0	0	0	0
genomad_k141_3394739	0	0	0	0	0	0	0	0	0	0	0	0	83.945946	0	0	0	0	0	0	0	0	0	0	0	0	0	0	0	0	0	0	0	0	0	0	0	0	0	0	0	0	0	0	0	0	0	0
genomad_k141_2502818	0	0	0	0	0	0	0	0	0	0	0	0	0	0	0	0	0	0	0	0	0	0	0	0	0	0	0	0	0	0	0	0	42.154373	55.66488	0	0	0	0	0	0	0	0	0	0	0	0	0
genomad_k141_1016181	0	0	0	0	0	0	0	0	0	0	0	0	0	0	0	0	0	0	0	0	0	0	0	0	0	0	0	0	0	0	0	0	17.856825	9.210701	0	0	0	0	0	0	0	0	0	0	0	0	0
genomad_k141_1789342	0	0	0	0	0	0	0	0	0	0	0	0	0	0	0	0	0	0	0	0	0	0	0	0	0	0	0	0	49.067932	0	0	0	0	0	0	0	0	0	0	0	0	0	0	0	0	0	0
genomad_k141_2145718	0	0	0	0	0	0	0	0	0	0	0	0	0	0	0	0	0	0	0	0	0	0	0	0	0	0	0	0	0	0	0	0	46.21613	6.8687477	0	0	0	0	0	0	0	0	0	0	0	0	0
genomad_k141_838008	0	0	0	0	0	0	0	0	0	0	0	0	0	0	0	0	0	0	0	0	0	0	0	0	0	0	0	0	354.17123	0	0	0	0	0	0	0	0	0	0	0	0	0	0	0	0	0	0
genomad_k141_2086816	0	0	0	0	0	0	0	0	0	0	0	0	0	0	0	0	0	0	0	0	0	0	0	0	0	0	0	0	0	0	0	0	52.655697	40.31246	0	0	0	0	0	0	0	0	0	0	0	0	0
genomad_k141_2800145	0	0	0	0	0	0	0	0	0	0	0	0	0	0	0	0	0	0	0	0	0	0	0	0	0	0	0	0	0	0	0	0	202.06111	74.486176	0	0	0	0	0	0	0	0	0	0	0	0	0
genomad_k141_302299	0	0	0	0	0	0	0	0	0	0	0	0	0	0	0	0	0	0	0	0	0	0	0	0	0	0	0	0	0	0	0	0	17.317995	60.02331	0	0	0	0	0	0	0	0	0	0	0	0	0
genomad_k141_2265311	0	0	0	0	0	0	0	0	0	0	0	0	0	0	0	0	0	0	0	0	0	0	0	0	0	0	0	0	0	0	0	0	23.627653	49.008926	0	0	0	0	0	0	0	0	0	0	0	0	0
genomad_k141_1789416	0	0	0	0	0	0	0	0	0	0	0	0	0	0	0	0	0	0	0	0	0	0	0	0	0	0	0	0	0	0	0	0	17.61392	85.23264	0	0	0	0	0	0	0	0	0	0	0	0	0
genomad_k141_481501	0	0	0	0	0	0	0	0	0	0	0	0	0	0	0	0	0	0	0	0	0	0	0	0	0	0	0	0	0	0	0	0	48.40783	52.02441	0	0	0	0	0	0	0	0	0	0	0	0	0
genomad_k141_481510	0	0	0	0	0	0	0	0	0	0	0	0	0	0	0	0	0	0	0	0	0	0	0	0	0	0	0	0	0	0	0	0	48.97006	33.5128	0	0	0	0	0	0	0	0	0	0	0	0	0
genomad_k141_2265350	0	0	0	0	0	0	0	0	0	0	0	0	0	0	0	0	0	0	0	0	0	0	0	0	0	0	0	0	0	0	0	0	0	10.540091	0	0	0	0	0	0	0	0	0	0	0	0	0
genomad_k141_2145838	0	0	0	0	3217.5667	3262.529	0	0	0	0	0	0	0	0	0	0	0	0	0	0	0	0	0	0	0	0	0	0	0	0	0	0	0	0	0	0	0	0	0	0	0	0	0	0	0	0	0
genomad_k141_2680910	0	0	0	0	0	0	0	0	0	0	0	0	0	0	0	0	0	0	0	0	0	0	0	0	0	0	0	0	0	0	0	0	0	0	0	91.865524	0	0	0	0	0	0	0	0	0	0	0
genomad_k141_3752572	0	0	0	0	0	0	0	0	0	0	0	0	0	0	0	0	0	0	0	0	0	0	0	0	0	0	0	0	0	0	0	0	0	8.033218	0	0	0	0	0	0	0	0	0	0	0	0	0
genomad_k141_3573505	0	0	0	0	0	0	0	0	0	0	0	0	0	0	0	0	0	0	0	0	0	0	0	0	0	0	0	0	0	0	0	0	0	5.875658	0	0	0	0	0	0	0	0	0	0	0	0	0
genomad_k141_1016355	0	0	0	0	0	0	0	0	0	0	0	0	0	0	0	0	0	0	0	0	0	0	0	0	0	0	0	0	0	0	0	11.499388	0	65.01945	0	0	0	0	0	0	0	0	0	0	0	0	0
genomad_k141_2800215	0	0	0	0	0	0	0	0	0	0	0	0	0	0	0	0	0	0	0	0	0	0	0	0	0	0	0	0	0	0	0	0	44.27241	11.793031	0	0	0	0	0	0	0	0	0	0	0	0	0
genomad_k141_1313604	0	0	0	0	0	0	0	0	0	0	0	0	0	0	0	0	0	0	0	0	0	0	0	0	0	0	0	0	0	0	0	0	61.171528	10.436309	0	0	0	0	0	0	0	0	0	0	0	0	0
genomad_k141_1373215	0	0	0	0	0	0	0	0	0	0	0	0	0	0	0	0	0	0	0	0	0	0	0	0	0	0	0	0	0	0	0	0	42.20878	42.975597	0	0	0	0	0	0	0	0	0	0	0	0	0
genomad_k141_1075981	0	0	0	0	0	0	0	0	0	0	0	0	0	0	0	0	0	0	0	0	0	0	0	0	0	0	0	0	0	0	0	0	0	10.49448	0	0	0	0	0	0	0	0	0	0	0	0	0
genomad_k141_719599	0	0	0	0	0	0	0	0	0	0	0	0	0	0	0	0	0	0	0	0	0	0	0	0	0	0	0	0	0	0	0	0	87.13376	0	0	0	0	0	0	0	0	0	0	0	0	0	0
genomad_k141_897666	0	0	0	0	0	0	0	0	0	0	0	0	0	0	0	0	0	0	0	0	0	0	0	0	0	0	0	0	0	0	0	0	98.90061	57.591175	0	30.52408	0	0	0	0	0	0	0	0	0	0	0
genomad_k141_3454806	0	0	0	0	0	0	0	0	0	0	0	0	0	0	0	0	0	0	0	0	0	0	0	0	0	0	0	0	0	0	0	0	0	5.0512795	0	0	0	0	0	0	0	0	0	0	0	0	0
genomad_k141_3514212	1918.6348	1825.1328	0	0	0	0	0	0	0	0	0	0	0	0	0	0	3104.965	3017.855	0	0	0	0	0	0	0	0	0	0	0	0	0	0	0	0	0	0	0	0	0	0	0	0	0	0	0	0	0
genomad_k141_897678	0	0	0	0	0	0	0	0	0	0	0	0	0	0	0	0	0	0	0	0	0	0	0	0	0	0	0	0	0	0	0	0	0	0	0	702.9517	0	0	0	0	0	0	0	0	0	0	0
genomad_k141_1492166	0	0	0	0	0	0	0	0	0	0	0	0	0	0	0	0	0	0	0	0	0	0	0	0	0	0	0	0	0	0	0	0	18.373112	6.484374	0	0	0	0	0	0	0	0	0	0	0	0	0
genomad_k141_243743	0	0	0	0	0	0	0	140.91158	0	0	0	0	0	0	0	0	0	0	0	0	0	0	0	0	0	0	0	0	0	0	113.332245	116.073105	0	0	0	0	0	0	0	0	0	0	0	0	0	0	0
genomad_k141_1076024	0	0	0	0	0	0	0	0	0	0	0	0	0	0	0	0	0	0	0	0	0	0	0	0	0	0	0	0	466.37997	0	0	0	0	0	0	0	0	0	0	0	0	0	0	0	0	0	0
genomad_k141_3394952	0	0	0	0	0	0	0	0	0	0	0	0	0	0	0	0	0	0	0	0	0	0	0	0	0	0	0	0	0	0	0	0	26.992115	5.538057	0	0	0	0	0	0	0	0	0	0	0	0	0
genomad_k141_1551806	0	0	0	0	0	0	0	0	0	0	0	0	0	0	0	0	0	0	0	0	0	0	0	0	0	0	0	0	0	0	0	0	214.61859	448.3198	0	183.60574	0	0	0	0	0	0	0	0	0	0	0
genomad_k141_2027401	0	0	0	0	0	0	0	0	0	0	0	0	0	0	0	0	0	0	0	0	0	0	0	0	0	0	0	0	0	0	0	0	0	16.838251	0	0	0	0	0	0	0	0	0	0	0	0	0
genomad_k141_1848717	0	0	0	0	0	0	0	0	0	0	0	0	0	0	0	0	0	0	0	0	0	0	0	0	0	0	0	0	65.10556	0	0	0	0	0	0	0	0	0	0	0	0	0	0	0	0	0	0
genomad_k141_600308	0	0	0	0	0	0	0	0	0	0	0	0	0	0	0	0	827.50226	934.5641	0	0	0	0	0	0	0	0	0	0	0	0	0	0	0	0	0	0	0	0	2088.7559	1752.0201	0	0	0	0	0	0	0
genomad_k141_302460	0	0	0	0	0	0	0	0	0	0	0	0	0	0	0	0	0	0	0	0	0	0	0	0	0	0	0	0	0	0	0	0	102.92186	106.21178	0	0	0	0	0	0	0	0	0	0	0	0	0
genomad_k141_3514243	0	0	0	0	0	0	0	0	0	0	0	0	0	0	0	0	0	0	0	0	0	0	0	0	0	0	0	0	0	0	0	0	86.700264	438.12885	0	254.53596	0	0	0	0	0	0	0	0	0	0	0
genomad_k141_897736	0	0	0	0	0	0	0	0	0	0	0	0	0	0	0	0	0	0	0	0	0	0	0	0	0	0	0	0	0	0	0	41.830864	0	3.1108904	0	0	0	0	0	0	0	0	0	0	0	0	0
genomad_k141_2027425	0	0	0	0	0	0	0	0	0	0	0	0	0	0	0	0	0	0	0	0	0	0	0	0	0	0	0	0	0	0	32.848118	30.811079	0	0	0	0	0	0	0	0	0	0	0	0	0	0	0
genomad_k141_3573639	0	0	0	0	0	0	0	0	0	0	0	0	0	0	0	0	0	0	0	0	0	0	0	0	0	0	0	0	0	0	0	0	19.935219	12.72154	0	0	0	0	0	0	0	0	0	0	0	0	0
genomad_k141_2562711	0	0	0	0	0	0	0	0	0	0	0	0	0	0	0	0	0	0	0	0	0	0	0	0	0	0	0	0	201.89148	0	0	0	0	0	0	0	0	0	0	0	0	0	0	0	0	0	0
genomad_k141_1670615	0	0	0	0	0	0	0	0	0	0	0	0	0	0	0	0	0	0	0	0	0	0	0	0	0	0	0	0	0	0	0	0	19.804825	12.276531	0	0	0	0	0	0	0	0	0	0	0	0	0
genomad_k141_3633695	0	0	0	0	0	0	0	0	0	0	0	0	0	0	0	0	0	0	0	0	0	0	0	0	0	0	0	0	0	0	0	0	17.94183	13.767681	0	0	0	0	0	0	0	0	0	0	0	0	0
genomad_k141_897786	0	0	0	0	0	0	0	308.8154	0	0	0	0	0	0	0	0	0	0	0	0	0	0	0	0	0	0	0	0	0	0	54.54777	214.57866	0	17.295895	0	0	0	0	0	0	0	0	0	0	0	0	0
genomad_k141_2740714	0	0	0	0	0	0	0	0	0	0	0	0	0	0	0	0	0	0	0	0	0	0	0	0	0	0	0	0	258.65326	1031.6477	0	0	0	0	0	0	0	0	0	0	0	0	0	0	0	0	0
genomad_k141_3395032	0	0	0	0	0	0	0	0	0	0	0	0	0	0	0	0	0	0	0	0	0	0	0	0	0	0	0	0	0	0	0	0	32.89563	60.07148	0	0	0	0	0	0	0	0	0	0	0	0	0
genomad_k141_3336051	0	0	0	0	0	0	0	0	0	0	0	0	0	0	0	0	0	0	0	0	0	0	0	0	0	0	0	0	0	0	0	0	37.263573	36.964016	0	0	0	0	0	0	0	0	0	0	0	0	0
genomad_k141_1908128	0	0	0	0	0	0	0	0	0	0	0	0	0	0	0	0	0	0	0	0	0	0	0	0	0	0	0	0	0	0	0	0	57.394634	147.50017	0	74.51523	0	0	0	0	0	0	0	0	0	0	0
genomad_k141_600431	0	0	0	0	0	0	0	0	0	0	0	0	0	0	0	0	0	0	0	0	0	0	0	0	0	0	0	0	0	0	0	0	26.53619	45.027336	0	0	0	0	0	0	0	0	0	0	0	0	0
genomad_k141_1076167	0	0	0	0	0	0	0	0	0	0	0	0	141.19891	0	0	0	0	0	0	0	0	0	0	0	0	0	0	0	0	0	0	0	0	0	0	0	0	0	0	0	0	0	0	0	0	0	0
genomad_k141_2206089	0	0	0	0	0	0	0	0	0	0	0	0	0	0	0	0	0	0	0	0	0	0	0	0	0	0	0	0	0	0	0	0	92.80543	12.49427	0	0	0	0	0	0	0	0	0	0	0	0	0
genomad_k141_3157266	0	0	0	0	0	0	0	0	0	0	0	0	0	0	0	0	0	0	0	0	0	0	0	0	0	0	0	0	0	0	21.541096	23.890182	0	0	0	0	0	0	0	0	0	0	0	0	0	0	0
genomad_k141_957231	0	0	0	0	0	0	0	0	0	0	0	0	0	0	0	0	0	0	0	0	0	0	0	0	0	0	0	0	0	0	95.37618	115.71878	0	0	0	0	0	0	0	0	0	0	0	0	0	0	0
genomad_k141_2860056	0	0	0	0	0	0	0	0	0	0	0	0	0	0	0	0	285.43036	320.67532	0	0	0	0	0	0	0	0	0	0	0	0	0	0	0	0	0	0	0	0	0	0	0	0	0	0	0	0	0
genomad_k141_1908184	0	0	0	0	0	0	0	0	0	0	0	0	0	0	0	0	0	0	0	0	0	0	0	0	0	0	0	0	0	0	0	19.678642	79.738815	25.07025	0	0	0	0	0	0	0	0	0	0	0	0	0
genomad_k141_184223	0	0	0	0	0	0	0	0	0	0	0	0	0	0	0	0	0	0	0	0	0	0	0	0	0	0	0	0	0	0	0	0	0	7.1885724	0	0	0	0	0	0	0	0	0	0	0	0	0
genomad_k141_1253967	0	0	0	0	0	0	0	0	0	0	0	0	0	0	0	0	0	0	0	0	0	0	0	0	0	0	0	0	0	0	0	0	0	17.176786	0	0	0	0	0	0	0	0	0	0	0	0	0
genomad_k141_481818	2203.6572	2241.1958	0	0	0	0	0	0	0	0	0	0	0	0	0	0	0	0	0	0	0	0	0	0	0	0	0	0	0	0	0	0	0	0	0	0	0	0	0	0	0	0	0	0	0	0	0
genomad_k141_1730019	0	0	0	0	0	0	0	0	0	0	0	0	0	0	0	0	0	0	0	0	0	0	0	0	0	0	0	0	0	0	0	0	0	9.329595	0	0	0	0	0	0	0	0	0	0	0	0	0
genomad_k141_897889	0	0	0	0	0	0	0	0	0	0	0	0	0	0	0	0	0	0	0	0	0	0	0	0	0	0	0	0	0	0	0	0	0	11.524296	0	0	0	0	0	0	0	0	0	0	0	0	0
genomad_k141_3098124	0	0	0	0	0	0	0	0	0	0	0	0	0	0	0	0	0	0	0	0	0	0	0	0	0	0	0	0	0	0	0	0	0	20.540785	0	0	0	0	0	0	0	0	0	0	0	0	0
genomad_k141_1373542	0	0	0	0	0	0	0	0	0	0	0	0	0	0	0	0	0	0	0	0	0	0	0	0	0	0	0	0	0	0	48.323048	19.173409	0	0	0	0	0	0	0	0	0	0	0	0	0	0	0
genomad_k141_2027620	0	0	0	0	0	0	0	0	0	0	0	0	0	0	0	0	0	0	0	0	0	0	0	0	0	0	0	0	0	0	0	0	17.728594	26.511433	0	0	0	0	0	0	0	0	0	0	0	0	0
genomad_k141_779078	0	0	0	0	0	0	0	0	0	0	0	0	0	0	0	0	0	0	0	0	0	0	0	0	0	0	0	0	0	0	306.37247	282.7665	0	0	0	0	0	0	0	0	0	0	0	0	0	0	0
genomad_k141_1552033	0	0	0	0	0	0	0	0	0	0	0	0	0	0	0	0	0	0	0	0	0	0	0	0	0	0	0	0	0	0	0	0	87.792854	22.45803	0	0	0	0	0	0	0	0	0	0	0	0	0
genomad_k141_1076283	0	0	0	0	0	0	0	0	0	0	0	0	0	0	0	0	0	0	0	0	0	0	0	0	0	0	0	0	0	0	109.13283	87.37153	0	0	0	0	0	0	0	0	0	0	0	0	0	0	0
genomad_k141_2503356	0	0	0	0	0	0	0	0	0	0	0	0	0	0	0	0	0	0	0	0	0	0	0	0	0	0	0	0	0	0	0	0	0	14.644518	0	0	0	0	0	0	0	0	0	0	0	0	0
genomad_k141_65298	2061.6985	2018.8473	0	0	0	0	0	0	0	0	0	0	0	0	0	0	0	0	0	0	0	0	0	0	0	0	0	0	0	0	0	0	0	0	0	0	0	0	6403.72	6355.378	0	0	0	0	0	0	0
genomad_k141_2443892	0	0	0	0	0	0	0	0	0	0	0	0	0	0	0	0	0	0	0	0	0	0	0	0	0	0	0	0	120.98593	0	0	0	0	0	0	0	0	0	0	0	0	0	0	0	0	0	0
genomad_k141_2979590	0	0	0	0	0	0	0	0	0	0	0	0	0	0	0	0	0	0	0	0	0	0	0	0	0	0	0	0	0	0	124.79175	105.650955	55.69111	72.12175	0	0	0	0	0	0	0	0	0	0	0	0	0
genomad_k141_2027680	0	0	0	0	0	0	0	0	0	0	0	0	0	0	0	0	0	0	0	0	0	0	0	0	0	0	0	0	0	0	0	0	0	88.52804	0	0	0	0	0	0	0	0	0	0	0	0	0
genomad_k141_1016618	0	0	0	0	0	0	0	0	0	0	0	0	0	0	0	0	0	0	0	0	0	0	0	0	0	0	0	0	0	0	0	0	26.162268	4.7423515	0	0	0	0	0	0	0	0	0	0	0	0	0
genomad_k141_1076332	0	0	0	0	0	0	0	0	0	0	0	0	0	0	0	0	0	0	0	0	0	0	0	0	0	0	0	0	0	0	0	0	0	22.734413	0	0	0	0	0	0	0	0	0	0	0	0	0
genomad_k141_1670888	0	0	0	0	0	0	0	0	0	0	0	0	135.03664	0	0	0	0	0	0	0	0	0	0	0	0	0	0	0	0	0	0	0	0	0	0	0	0	0	0	0	0	0	0	0	0	0	0
genomad_k141_302746	0	0	0	0	0	0	0	0	0	0	0	0	0	0	0	0	0	0	0	0	0	0	0	0	0	0	0	0	0	0	0	61.03277	0	39.082283	0	0	0	0	0	0	0	0	0	0	0	0	0
genomad_k141_898015	0	0	0	0	0	0	0	0	0	0	0	0	0	0	0	0	0	0	0	0	0	0	0	0	0	0	0	0	594.84174	204.0089	0	0	0	0	0	0	0	0	0	0	0	0	0	0	0	0	0
genomad_k141_1135696	0	0	0	0	0	0	0	0	0	0	0	0	0	0	0	0	0	0	0	0	0	0	0	0	0	0	0	0	0	0	0	0	71.058105	85.05071	0	0	0	0	0	0	0	0	0	0	0	0	0
genomad_k141_2206277	0	0	0	0	0	0	0	0	0	0	0	0	0	0	0	0	0	0	0	0	0	0	0	0	0	0	0	0	0	0	51.19222	31.449583	0	0	0	0	0	0	0	0	0	0	0	0	0	0	0
genomad_k141_3216990	0	0	0	0	0	0	0	0	0	0	0	0	0	0	0	0	345.61124	411.7953	0	0	0	0	0	0	0	0	0	0	0	0	0	0	0	0	0	0	0	0	0	0	0	0	0	0	0	0	0
genomad_k141_1670906	0	0	0	0	0	0	0	0	0	0	0	0	0	0	0	0	0	0	0	0	0	0	0	0	0	0	0	0	0	0	0	0	21.130577	33.244015	0	31.541454	0	0	0	0	0	0	0	0	0	0	0
genomad_k141_244080	0	0	0	0	0	0	0	0	0	0	0	0	0	0	0	0	0	0	0	0	0	0	0	0	0	0	0	0	0	0	0	0	45.297073	34.327675	0	0	0	0	0	0	0	0	0	0	0	0	0
genomad_k141_3157314	0	0	0	0	0	0	0	0	0	0	0	0	0	0	0	0	0	0	0	0	0	0	0	0	0	0	0	0	0	0	38.948364	81.53749	0	0	0	0	0	0	0	0	0	0	0	0	0	0	0
genomad_k141_1908380	0	0	0	0	0	0	0	0	0	0	0	0	0	0	0	0	0	0	0	0	0	0	0	0	0	0	0	0	0	0	0	0	0	0	0	0	0	0	0	0	0	0	0	0	0	0	0
genomad_k141_1373665	0	0	0	0	0	0	0	0	0	0	0	0	0	0	0	0	0	0	0	0	0	0	0	0	0	0	0	0	115.62901	0	0	0	0	0	0	0	0	0	0	0	0	0	0	0	0	0	0
genomad_k141_600635	0	0	0	0	0	0	0	0	0	0	0	0	0	0	0	0	0	0	0	0	0	0	0	0	0	0	0	0	0	0	0	0	37.322575	11.270495	0	0	0	0	0	0	0	0	0	0	0	0	0
genomad_k141_3098292	0	0	0	0	0	0	0	0	0	0	0	0	0	0	0	0	0	0	0	0	0	0	0	0	0	0	0	0	369.91898	750.06305	0	0	0	0	0	0	0	0	0	0	0	0	0	0	0	0	0
genomad_k141_3098293	0	0	0	0	0	0	0	0	0	0	0	0	0	0	0	0	0	0	0	0	0	0	0	0	0	0	0	0	0	0	0	0	51.22204	140.35077	0	37.79615	0	0	0	0	0	0	0	0	0	0	0
genomad_k141_957436	0	0	0	0	0	0	0	0	0	0	0	0	63.856426	0	0	0	0	0	0	0	0	0	0	0	0	0	0	0	0	0	0	0	0	0	0	0	0	0	0	0	0	0	0	0	0	0	0
genomad_k141_1908431	0	0	0	0	0	0	0	0	0	0	0	0	0	0	0	0	0	0	0	0	0	0	0	0	0	0	0	0	376.7189	137.65994	0	0	0	0	0	0	0	0	0	0	0	0	0	0	0	0	0
genomad_k141_422834	0	0	0	0	0	0	0	0	0	0	0	0	0	0	0	0	0	0	0	0	0	0	0	0	0	0	0	0	0	0	0	0	0	0	0	0	0	0	0	0	0	0	0	0	0	0	0
genomad_k141_3276810	0	0	0	0	0	0	0	0	0	0	0	0	0	0	0	0	0	0	0	0	0	0	0	0	0	0	0	0	0	0	0	0	0	46.63853	0	0	0	0	0	0	0	0	0	0	0	0	0
genomad_k141_1789924	0	0	0	0	0	0	0	0	0	0	0	0	0	0	0	0	0	0	0	0	0	0	0	0	0	0	0	0	0	0	0	0	45.91241	23.4359	0	0	0	0	0	0	0	0	0	0	0	0	0
genomad_k141_482064	0	0	0	0	0	0	0	0	0	0	0	0	0	0	0	0	0	0	0	0	0	0	0	0	0	0	0	0	0	0	0	0	0	51.178753	0	0	0	0	0	0	0	0	0	0	0	0	0
genomad_k141_1254177	0	0	0	0	0	0	0	0	0	0	0	0	0	0	0	0	0	0	0	0	0	0	0	0	0	0	0	0	0	0	0	0	0	5.084615	0	0	0	0	0	0	0	0	0	0	0	0	0
genomad_k141_422873	0	0	0	0	0	0	0	0	0	0	0	0	44.796673	0	0	0	0	0	0	0	0	0	0	0	0	0	0	0	0	0	0	0	0	0	0	0	0	0	0	0	0	0	0	0	0	0	0
genomad_k141_838656	0	0	0	0	0	0	0	0	0	0	0	0	0	0	0	0	0	0	0	0	0	0	0	0	0	0	0	0	0	0	30.992823	49.884045	0	0	0	0	0	0	0	0	0	0	0	0	0	0	0
genomad_k141_1195215	0	0	0	0	0	0	0	0	0	0	0	0	0	0	0	0	0	0	0	0	0	0	0	0	0	0	0	0	0	0	0	0	0	13.559556	0	0	0	0	0	0	0	0	0	0	0	0	0
genomad_k141_422885	0	0	0	0	0	0	0	0	0	0	0	0	0	0	0	0	0	0	0	0	0	0	0	0	0	0	0	0	0	0	0	0	15.173887	5.5701303	0	0	0	0	0	0	0	0	0	0	0	0	0
genomad_k141_2800655	0	0	0	0	0	0	0	0	0	0	0	0	0	0	0	0	0	0	0	0	0	0	0	0	0	0	0	0	0	0	0	0	0	100.02415	0	77.42602	0	0	0	0	0	0	0	0	0	0	0
genomad_k141_2860361	0	0	0	0	0	0	0	0	0	0	0	0	0	0	0	0	0	0	0	0	0	0	0	0	0	0	0	0	0	0	0	0	86.13047	79.110886	0	51.59299	0	0	0	0	0	0	0	0	0	0	0
genomad_k141_3514630	0	0	0	0	0	0	0	0	0	0	0	0	0	0	0	0	0	0	0	0	0	0	0	0	0	0	0	0	0	0	0	0	217.39651	172.02995	0	54.945213	0	0	0	0	0	0	0	0	0	0	0
genomad_k141_3039041	0	0	0	0	0	0	0	0	0	0	0	0	0	0	0	0	0	0	0	0	0	0	0	0	0	0	0	0	0	0	0	0	16.955181	8.294781	0	0	0	0	0	0	0	0	0	0	0	0	0
genomad_k141_3336441	0	0	0	0	0	0	0	0	0	0	0	0	0	0	0	0	0	0	0	0	0	0	0	0	0	0	0	0	0	0	0	27.200562	0	0	0	0	0	0	0	0	0	0	0	0	0	0	0
genomad_k141_660139	0	0	0	0	0	0	0	0	0	0	0	0	0	0	0	0	0	0	0	0	0	0	0	0	0	0	0	0	0	0	0	38.33096	0	7.5119953	0	0	0	0	0	0	0	0	0	0	0	0	0
genomad_k141_2741175	0	0	0	0	0	0	0	0	0	0	0	0	0	0	0	0	0	0	0	0	0	0	0	0	0	0	0	0	0	0	0	0	0	55.30498	0	0	0	0	0	0	0	0	0	0	0	0	0
genomad_k141_1195258	0	0	0	0	0	0	0	0	0	0	0	0	0	0	0	0	0	0	0	0	0	0	0	0	0	0	0	0	0	0	0	0	0	33.09811	0	0	0	0	0	0	0	0	0	0	0	0	0
genomad_k141_1254252	0	0	0	0	0	0	0	0	0	0	0	0	0	0	0	0	0	0	0	0	0	0	0	0	0	0	0	0	0	0	0	0	0	31.432373	0	0	0	0	0	0	0	0	0	0	0	0	0
genomad_k141_363076	0	0	0	0	0	0	0	0	0	0	0	0	0	0	0	0	0	0	0	0	0	0	0	0	0	0	0	0	0	0	0	0	15.363938	15.094063	0	0	0	0	0	0	0	0	0	0	0	0	0
genomad_k141_1552307	0	0	0	0	0	0	0	0	0	0	0	0	0	0	0	0	0	0	0	0	0	0	0	0	0	0	0	0	0	0	0	0	0	19.93079	0	0	0	0	0	0	0	0	0	0	0	0	0
genomad_k141_838730	0	0	0	0	0	0	0	0	0	0	0	0	0	0	0	0	0	0	0	0	0	0	0	0	0	0	0	0	0	0	0	0	57.94445	2.808166	0	0	0	0	0	0	0	0	0	0	0	0	0
genomad_k141_184532	0	0	0	0	0	0	0	0	0	0	0	0	172.1901	0	0	0	0	0	0	0	0	0	0	0	0	0	0	0	0	0	0	0	0	0	0	0	0	0	0	0	0	0	0	0	0	0	0
genomad_k141_1433345	0	0	0	0	0	0	0	0	0	0	0	0	0	0	0	0	0	0	0	0	0	0	0	0	0	0	0	0	0	0	76.81172	38.655613	0	0	0	0	0	0	0	0	0	0	0	0	0	0	0
genomad_k141_720216	0	0	0	0	0	0	0	0	0	0	0	0	0	0	0	0	0	0	0	0	0	0	0	0	0	0	0	0	0	0	912.7878	405.732	0	0	0	0	0	0	0	0	0	0	0	0	0	0	0
genomad_k141_3336514	0	0	0	0	0	0	0	0	0	0	0	0	0	0	0	0	0	0	0	0	0	0	0	0	0	0	0	0	0	0	0	0	31.330212	32.300396	0	0	0	0	0	0	0	0	0	0	0	0	0
genomad_k141_1968333	0	0	0	0	0	0	0	561.97217	0	0	0	0	0	0	0	0	0	0	0	0	0	0	0	0	0	0	0	0	0	0	90.62776	408.01996	0	0	0	0	0	0	0	0	0	0	0	0	0	0	0
genomad_k141_3157602	0	0	0	0	0	0	0	0	0	0	0	0	0	0	0	0	0	0	0	0	0	0	0	0	0	0	0	0	0	0	44.77871	33.498856	0	0	0	0	0	0	0	0	0	0	0	0	0	0	0
genomad_k141_1790128	0	0	0	0	0	0	0	0	0	0	0	0	0	0	0	0	0	0	0	0	0	0	0	0	0	0	0	0	337.20612	0	0	0	0	0	0	0	0	0	0	0	0	0	0	0	0	0	0
genomad_k141_1433412	0	0	0	0	0	0	0	0	0	0	0	0	0	0	0	0	0	0	0	0	0	0	0	0	0	0	0	0	0	0	0	0	0	9.218287	0	0	0	0	0	0	0	0	0	0	0	0	0
genomad_k141_3693689	0	0	0	0	0	0	0	0	0	0	0	0	0	0	0	0	0	0	0	0	0	0	0	0	0	0	0	0	0	0	0	0	139.22853	0	0	0	0	0	0	0	0	0	0	0	0	0	0
genomad_k141_2325450	0	0	0	0	0	0	0	0	0	0	0	0	0	0	0	0	0	0	0	0	0	0	0	0	0	0	0	0	0	0	59.467308	230.98773	0	0	0	0	0	0	0	0	0	0	0	0	0	0	0
genomad_k141_2800840	0	0	0	0	0	0	0	0	0	0	0	0	0	0	0	0	0	0	0	0	0	0	0	0	0	0	0	0	0	0	0	0	94.09815	188.96683	0	65.404015	0	0	0	0	0	0	0	0	0	0	0
genomad_k141_3098517	0	0	0	0	0	0	0	0	0	0	0	0	0	0	0	0	0	0	0	0	0	0	0	0	0	0	0	0	0	0	0	0	27.156155	39.875477	0	0	0	0	0	0	0	0	0	0	0	0	0
genomad_k141_3039213	0	0	0	0	0	0	0	0	0	0	0	0	0	0	0	0	0	0	0	0	0	0	0	0	0	0	0	0	0	0	0	0	0	5.899292	0	0	0	0	0	0	0	0	0	0	0	0	0
genomad_k141_2266230	0	0	0	0	0	0	0	0	0	0	0	0	0	0	0	0	0	0	0	0	0	0	0	0	0	0	0	0	0	0	0	0	32.68642	21.29268	0	0	0	0	0	0	0	0	0	0	0	0	0
genomad_k141_3634235	0	0	0	0	0	0	0	0	0	0	0	0	0	0	0	0	0	0	0	0	0	0	0	0	0	0	0	0	0	0	0	0	860.9256	103.602135	0	79.324394	0	0	0	0	0	0	0	0	0	0	0
genomad_k141_1076737	0	0	0	0	0	0	0	0	0	0	0	0	0	0	0	0	0	0	0	0	0	0	0	0	0	0	0	0	0	0	474.59283	100.16187	0	0	0	0	0	0	0	0	0	0	0	0	0	0	0
genomad_k141_720325	0	0	0	0	0	0	0	0	0	0	0	0	0	0	0	0	0	0	0	0	0	0	0	0	0	0	0	0	0	0	0	0	76.80084	69.10832	0	0	0	0	0	0	0	0	0	0	0	0	0
genomad_k141_482342	0	0	0	0	0	0	0	0	0	0	0	0	0	0	0	0	0	0	0	0	0	0	0	0	0	0	0	0	0	0	47.79767	81.6243	0	0	0	0	0	0	0	0	0	0	0	0	0	0	0
genomad_k141_3217344	0	0	0	0	0	0	0	0	0	0	0	0	0	0	0	0	0	0	0	0	0	0	0	0	0	0	0	0	0	0	0	0	0	273.34097	0	0	0	0	0	0	0	0	0	0	0	0	0
genomad_k141_3634253	0	0	0	0	0	0	0	0	0	0	0	0	0	0	0	0	0	0	0	0	0	0	0	0	0	0	0	0	0	0	0	0	0	16.648119	0	0	0	0	0	0	0	0	0	0	0	0	0
genomad_k141_1314383	0	0	0	0	0	0	0	0	0	0	0	0	0	0	0	0	0	0	0	0	0	0	0	0	0	0	0	0	0	0	0	0	0	21.96134	0	0	0	0	0	0	0	0	0	0	0	0	0
genomad_k141_2860581	0	0	0	0	0	0	0	762.65955	0	0	0	0	0	0	0	0	0	0	0	0	0	0	0	0	0	0	0	0	0	0	42.795223	357.8958	26.023817	141.45964	0	0	0	0	0	0	0	0	0	0	0	0	0
genomad_k141_2919988	0	0	0	0	0	0	0	0	0	0	0	0	0	0	0	0	0	0	0	0	0	0	0	0	0	0	0	0	0	0	0	0	0	21.120869	0	0	0	0	0	0	0	0	0	0	0	0	0
genomad_k141_1611671	0	0	0	0	0	0	0	0	0	0	0	0	0	0	0	0	0	0	0	0	0	0	0	0	0	0	0	0	0	0	0	0	0	51.444366	0	0	0	0	0	0	0	0	0	0	0	0	0
genomad_k141_65768	0	0	0	0	0	0	0	0	0	0	0	0	0	0	0	0	0	0	0	0	0	0	0	0	0	0	0	0	0	0	0	0	158.63972	1318.6649	0	458.95966	0	0	0	0	0	0	0	0	0	0	0
genomad_k141_3039307	0	0	0	0	0	0	0	0	0	0	0	0	0	0	0	0	0	0	0	0	0	0	0	0	0	0	0	0	0	0	0	0	31.727623	38.130962	0	0	0	0	0	0	0	0	0	0	0	0	0
genomad_k141_2385036	4340.1553	4314.7173	0	0	0	0	0	0	0	0	0	0	0	0	0	0	0	0	0	0	0	0	0	0	0	0	0	0	0	0	0	0	0	0	0	0	0	0	6702.0693	6482.3213	0	0	0	0	0	0	0
genomad_k141_2146604	0	0	0	0	0	0	0	0	0	0	0	0	0	0	0	0	0	0	0	0	0	0	0	0	0	0	0	0	0	0	0	15.387133	33.519096	31.285128	0	0	0	0	0	0	0	0	0	0	0	0	0
genomad_k141_1552494	0	0	0	0	0	0	0	274.94687	0	0	0	0	0	0	0	0	0	0	0	0	0	0	0	0	0	0	0	0	0	0	49.213955	145.56863	0	9.828445	0	0	0	0	0	0	0	0	0	0	0	0	0
genomad_k141_1790279	0	0	0	0	0	0	0	0	0	0	0	0	158.03189	0	0	0	0	0	0	0	0	0	0	0	0	0	0	0	0	0	0	0	0	0	0	0	0	0	0	0	0	0	0	0	0	0	0
genomad_k141_2206704	0	0	0	0	0	0	0	0	0	0	0	0	0	0	0	0	0	0	0	0	0	0	0	0	0	0	0	0	0	0	0	85.12324	0	0	0	0	0	0	0	0	0	0	0	0	0	0	0
genomad_k141_2860642	0	0	0	0	0	0	0	0	0	0	0	0	0	0	0	0	0	0	0	0	0	0	0	0	0	0	0	0	0	0	231.88979	0	0	0	0	0	0	0	0	0	0	0	0	0	0	0	0
genomad_k141_2741455	0	0	0	0	0	0	0	0	0	0	0	0	0	0	0	0	0	0	0	0	0	0	0	0	0	0	0	0	0	0	0	0	0	0	0	0	0	0	0	0	0	370.56955	395.58344	0	0	0	0
genomad_k141_3514877	1145.0326	1201.0588	0	0	0	0	0	0	0	0	0	0	0	0	0	0	0	0	0	0	0	0	0	0	0	0	0	0	0	0	0	0	0	0	0	0	0	0	0	0	0	0	0	0	0	0	0
genomad_k141_125443	0	0	0	0	0	0	0	0	0	0	0	0	0	0	0	0	0	0	0	0	0	0	0	0	0	0	0	0	0	0	0	26.183008	0	0	0	0	0	0	0	0	0	0	0	0	0	0	0
genomad_k141_482484	0	0	0	0	0	0	0	0	0	0	0	0	0	0	0	0	0	0	0	0	0	0	0	0	0	0	0	0	0	0	0	0	23.305067	5.1674905	0	0	0	0	0	0	0	0	0	0	0	0	0
genomad_k141_2681856	0	0	0	0	0	0	0	0	0	0	0	0	56.779312	0	0	0	0	0	0	0	0	0	0	0	0	0	0	0	0	0	0	0	0	0	0	0	0	0	0	0	0	0	0	0	0	0	0
genomad_k141_2087703	0	0	0	0	0	0	0	0	0	0	0	0	0	0	0	0	0	0	0	0	0	0	0	0	0	0	0	0	0	0	204.84996	113.038284	0	13.068527	0	0	0	0	0	0	0	0	0	0	0	0	0
genomad_k141_125470	0	0	0	0	0	0	0	0	0	0	0	0	0	0	0	0	2313.8108	2371.0583	0	0	0	0	0	0	0	0	0	0	0	0	0	0	0	0	0	0	0	0	0	0	0	0	0	0	0	0	0
genomad_k141_6535	0	0	0	0	0	0	0	0	0	0	0	0	0	0	0	0	0	0	0	0	0	0	0	0	0	0	0	0	0	0	0	0	0	19.370256	0	0	0	0	0	0	0	0	0	0	0	0	0
genomad_k141_1849626	0	0	0	0	0	0	0	0	0	0	0	0	0	0	0	0	0	0	0	0	0	0	0	0	0	0	0	0	0	0	0	0	0	11.563765	0	0	0	0	0	0	0	0	0	0	0	0	0
genomad_k141_660526	0	0	0	0	0	0	0	0	0	0	0	0	0	0	0	0	0	0	0	0	0	0	0	0	0	0	0	0	0	0	0	0	0	17.958462	0	0	0	0	0	0	0	0	0	0	0	0	0
genomad_k141_1671343	0	0	0	0	0	0	0	0	0	0	0	0	0	0	0	0	0	0	0	0	0	0	0	0	0	0	0	0	0	0	0	0	48.9568	0	0	0	0	0	0	0	0	0	0	0	0	0	0
genomad_k141_1076948	0	0	0	0	0	0	0	0	0	0	0	0	0	0	0	0	0	0	0	0	0	0	0	0	0	0	0	0	1341.848	4742.553	0	0	0	0	0	0	0	0	0	0	0	0	0	0	0	0	0
genomad_k141_2028229	0	0	0	0	0	0	0	0	0	0	0	0	0	0	0	0	0	0	0	0	0	0	0	0	0	0	0	0	0	0	28.886278	32.292854	0	0	0	0	0	0	0	0	0	0	0	0	0	0	0
genomad_k141_2028233	0	0	0	0	0	0	0	0	0	0	0	0	0	0	0	0	0	0	0	0	0	0	0	0	0	0	0	0	0	0	0	0	0	17.058352	0	0	0	0	0	0	0	0	0	0	0	0	0
genomad_k141_720555	0	0	0	0	0	0	0	0	0	0	0	0	0	0	0	0	0	0	0	0	0	0	0	0	0	0	0	0	0	0	0	0	275.54037	46.175064	0	0	0	0	0	0	0	0	0	0	0	0	0
genomad_k141_2801053	0	0	0	0	0	0	0	0	0	0	0	0	0	0	0	0	0	0	0	0	0	0	0	0	0	0	0	0	0	0	0	0	37.493885	181.13013	0	82.77762	0	0	0	0	0	0	0	0	0	0	0
genomad_k141_303368	0	0	0	0	0	0	0	0	0	0	0	0	0	0	0	0	0	0	0	0	0	0	0	0	0	0	0	0	0	0	0	0	158.22063	113.44966	0	50.990868	0	0	0	0	0	0	0	0	0	0	0
genomad_k141_2146803	0	0	0	0	0	0	0	0	0	0	0	0	0	0	0	0	0	0	0	0	0	0	0	0	0	0	0	0	0	0	67.981316	191.5439	0	20.554106	0	0	0	0	0	0	0	0	0	0	0	0	0
genomad_k141_2444475	0	0	0	0	0	0	0	0	0	0	0	0	0	0	0	0	0	0	0	0	0	0	0	0	0	0	0	0	0	0	0	0	22.167027	13.419652	0	0	0	0	0	0	0	0	0	0	0	0	0
genomad_k141_1908977	0	0	0	0	0	0	0	0	0	0	0	0	0	0	0	0	0	0	0	0	0	0	0	0	0	0	0	0	0	0	0	0	22.525715	11.389427	0	0	0	0	0	0	0	0	0	0	0	0	0
genomad_k141_3693958	0	0	0	0	0	0	0	0	0	0	0	0	0	0	0	0	0	0	0	0	0	0	0	0	0	0	0	0	0	0	43.68655	14.273919	0	0	0	0	0	0	0	0	0	0	0	0	0	0	0
genomad_k141_1790501	0	0	0	0	3205.2598	3369.7751	0	0	0	0	0	0	0	0	0	0	0	0	0	0	0	0	0	0	0	0	0	0	0	0	0	0	0	0	0	0	0	0	0	0	0	0	0	0	0	0	0
genomad_k141_6671	0	0	0	0	0	0	0	0	0	0	0	0	0	0	0	0	0	0	0	0	0	0	0	0	0	0	0	0	0	0	0	0	1087.4133	307.69937	0	106.70558	0	0	0	0	0	0	0	0	0	0	0
genomad_k141_3395835	0	0	0	0	0	0	0	180.26256	0	0	0	0	0	0	0	0	0	0	0	0	0	0	0	0	0	0	0	0	0	0	32.388577	79.17582	0	11.524701	0	0	0	0	0	0	0	0	0	0	0	0	0
genomad_k141_1552752	0	0	0	0	0	0	0	0	0	0	0	0	0	0	0	0	0	0	0	0	0	0	0	0	0	0	0	0	0	0	23.688557	37.78651	0	1.9319564	0	0	0	0	0	0	0	0	0	0	0	0	0
genomad_k141_958013	0	0	0	0	0	0	0	0	0	0	0	0	0	0	0	0	0	0	0	0	0	0	0	0	0	0	0	0	0	0	0	0	0	23.105637	0	0	0	0	0	0	0	0	0	0	0	0	0
genomad_k141_3515069	0	0	0	0	0	0	0	0	0	0	0	0	0	0	0	0	0	0	0	0	0	0	0	0	0	0	0	0	51.175476	0	0	0	0	0	0	0	0	0	0	0	0	0	0	0	0	0	0
genomad_k141_1908995	0	0	0	0	0	0	0	0	0	0	0	0	99.497765	0	0	0	0	0	0	0	0	0	0	0	0	0	0	0	0	0	0	0	0	0	0	0	0	0	0	0	0	0	0	0	0	0	0
genomad_k141_2682089	9488.809	9591.297	0	0	0	0	0	0	0	0	0	0	0	0	0	0	4991.211	4976.438	0	0	0	0	0	0	0	0	0	0	0	0	0	0	0	0	0	0	0	0	0	0	0	0	0	0	0	0	0
genomad_k141_1254769	0	0	0	0	0	0	0	0	0	0	0	0	0	0	0	0	0	0	0	0	0	0	0	0	0	0	0	0	0	0	0	0	0	12.409464	0	0	0	0	0	0	0	0	0	0	0	0	0
genomad_k141_2266660	0	0	0	0	0	0	0	0	0	0	0	0	0	0	0	0	0	0	0	0	0	0	0	0	0	0	0	0	0	0	0	85.9087	0	0	0	0	0	0	0	0	0	0	0	0	0	0	0
genomad_k141_898747	0	0	0	0	0	0	0	0	0	0	0	0	0	0	0	0	0	0	0	0	0	0	0	0	0	0	0	0	0	0	0	0	133.64934	67.927795	0	0	0	0	0	0	0	0	0	0	0	0	0
genomad_k141_1849829	0	0	0	0	0	0	0	0	0	0	0	0	0	0	0	0	0	0	0	0	0	0	0	0	0	0	0	0	0	0	0	0	49.510002	0	0	0	0	0	0	0	0	0	0	0	0	0	0
genomad_k141_3694140	2259.602	2605.1992	0	0	0	0	0	0	0	0	0	0	0	0	0	0	0	0	0	0	0	0	0	0	0	0	0	0	0	0	0	0	0	0	0	0	0	0	1379.1963	1588.8566	0	0	0	0	0	0	0
genomad_k141_1493254	0	0	0	0	0	0	0	0	0	0	0	0	0	0	0	0	0	0	0	0	0	0	0	0	0	0	0	0	185.25578	137.52834	0	0	0	0	0	0	0	0	0	0	0	0	0	0	0	0	0
genomad_k141_1374432	0	0	0	0	0	0	0	0	0	0	0	0	0	0	0	0	0	0	0	0	0	0	0	0	0	0	0	0	0	0	0	0	0	50.254776	0	34.31677	0	0	0	0	0	0	0	0	0	0	0
genomad_k141_2088033	0	0	0	0	0	0	0	0	0	0	0	0	0	0	0	0	0	0	0	0	0	0	0	0	0	0	0	0	0	0	0	48.259525	0	0	0	0	0	0	0	0	0	0	0	0	0	0	0
genomad_k141_1730905	0	0	0	0	0	0	0	0	0	0	0	0	0	0	0	0	0	0	0	0	0	0	0	0	0	0	0	0	0	0	0	0	27.63541	63.77282	0	0	0	0	0	0	0	0	0	0	0	0	0
genomad_k141_601394	0	0	0	0	0	0	0	0	0	0	0	0	66.238304	0	0	0	0	0	0	0	0	0	0	0	0	0	0	0	0	0	0	0	0	0	0	0	0	0	0	0	0	0	0	0	0	0	0
genomad_k141_2028446	0	0	0	0	0	0	0	0	0	0	0	0	0	0	0	0	0	0	0	0	0	0	0	0	0	0	0	0	0	0	0	0	60.890297	26.260359	0	0	0	0	0	0	0	0	0	0	0	0	0
genomad_k141_1671640	0	0	0	0	0	0	0	0	0	0	0	0	0	0	0	0	0	0	0	0	0	0	0	0	0	0	0	0	0	0	0	16.682049	0	0	0	0	0	0	0	0	0	0	0	0	0	0	0
genomad_k141_2861055	0	0	0	0	0	0	0	0	0	0	0	0	0	0	0	0	0	0	0	0	0	0	0	0	0	0	0	0	3990.041	5031.9756	0	0	0	0	0	0	0	0	0	0	0	0	0	0	0	0	0
genomad_k141_898934	0	0	0	0	0	0	0	0	0	0	0	0	0	0	0	0	0	0	0	0	0	0	0	0	0	0	0	0	0	0	0	0	0	373.4339	0	0	0	0	0	0	0	0	0	0	0	0	0
genomad_k141_3694261	0	0	0	0	0	0	0	0	0	0	0	0	0	0	0	0	0	0	0	0	0	0	0	0	0	0	0	0	0	0	0	0	15.63242	6.2270255	0	0	0	0	0	0	0	0	0	0	0	0	0
genomad_k141_839433	0	0	0	0	0	0	0	0	0	0	0	0	0	0	0	0	0	0	0	0	0	0	0	0	0	0	0	0	0	0	0	0	0	0	0	131.0029	0	0	0	0	0	0	0	0	0	0	0
genomad_k141_1136433	0	0	0	0	0	0	0	0	0	0	0	0	0	0	0	0	0	0	0	0	0	0	0	0	0	0	0	0	0	0	0	0	144.67926	35.131207	0	0	0	0	0	0	0	0	0	0	0	0	0
genomad_k141_66353	0	0	0	0	0	0	0	0	0	0	0	0	0	0	0	0	0	0	0	0	0	0	0	0	0	0	0	0	0	0	0	0	42.17437	32.267826	0	0	0	0	0	0	0	0	0	0	0	0	0
genomad_k141_3337256	0	0	0	0	0	0	0	0	0	0	0	0	0	0	0	0	0	0	0	0	0	0	0	0	0	0	0	0	0	0	0	0	0	30.015787	0	0	0	0	0	0	0	0	0	0	0	0	0
genomad_k141_1909233	0	0	0	0	0	0	0	0	0	0	0	0	0	0	0	0	0	0	0	0	0	0	0	0	0	0	0	0	0	0	0	0	0	15.624203	0	0	0	0	0	0	0	0	0	0	0	0	0
genomad_k141_2266945	0	0	0	0	0	0	0	0	0	0	0	0	0	0	0	0	0	0	0	0	0	0	0	0	0	0	0	0	0	0	0	18.466505	0	0	0	0	0	0	0	0	0	0	0	0	0	0	0
genomad_k141_2028604	0	0	0	0	0	0	0	0	0	0	0	0	0	0	0	0	0	0	0	0	0	0	0	0	0	0	0	0	0	0	89.69022	397.66104	0	119.99968	0	0	0	0	0	0	0	0	0	0	0	0	0
genomad_k141_303813	0	0	0	0	0	0	0	0	0	0	0	0	0	0	0	0	0	0	0	0	0	0	0	0	0	0	0	0	337.96667	652.74744	0	0	0	0	0	0	0	0	0	0	0	0	0	0	0	0	0
genomad_k141_899057	0	0	0	0	2886.4712	2812.986	0	0	0	0	0	0	0	0	0	0	0	0	0	0	0	0	0	0	0	0	0	0	0	0	0	0	0	0	0	0	0	0	0	0	0	0	0	0	0	0	0
genomad_k141_185200	0	0	0	0	0	0	0	0	0	0	0	0	0	0	0	0	0	0	0	0	0	0	0	0	0	0	0	0	0	0	0	0	88.56959	0	0	0	0	0	0	0	0	0	0	0	0	0	0
genomad_k141_721033	0	0	0	0	0	0	0	0	0	0	0	0	0	0	0	0	0	0	0	0	0	0	0	0	0	0	0	0	0	0	19.021202	12.72128	0	8.535286	0	0	0	0	0	0	0	0	0	0	0	0	0
genomad_k141_2801445	0	0	0	0	0	0	0	0	0	0	0	0	0	0	0	0	0	0	0	0	0	0	0	0	0	0	0	0	0	0	0	0	0	5.734021	0	0	0	0	0	0	0	0	0	0	0	0	0
genomad_k141_2920600	0	0	0	0	0	0	0	0	0	0	0	0	0	0	0	0	0	0	0	0	0	0	0	0	0	0	0	0	0	0	0	0	0	13.073158	0	0	0	0	0	0	0	0	0	0	0	0	0
genomad_k141_3694404	0	0	0	0	0	0	0	0	0	0	0	0	0	0	0	0	0	0	0	0	0	0	0	0	0	0	0	0	0	0	0	96.481476	0	49.786842	0	0	0	0	0	0	0	0	0	0	0	0	0
genomad_k141_2564073	0	0	0	0	0	0	0	0	0	0	0	0	37.45801	0	0	0	0	0	0	0	0	0	0	0	0	0	0	0	0	0	0	0	0	0	0	0	0	0	0	0	0	0	0	0	0	0	0
genomad_k141_364045	0	0	0	0	0	0	0	0	0	0	0	0	0	0	0	0	0	0	0	0	0	0	0	0	0	0	0	0	0	0	0	0	38.27277	21.233116	0	0	0	0	0	0	0	0	0	0	0	0	0
genomad_k141_661047	0	0	0	0	0	0	0	0	0	0	0	0	0	0	0	0	0	0	0	0	0	0	0	0	0	0	0	0	35.671825	120.712425	0	0	0	0	0	0	0	0	0	0	0	0	0	0	0	0	0
genomad_k141_66479	0	0	0	0	0	0	0	0	0	0	0	0	0	0	0	0	0	0	0	0	0	0	0	0	0	0	0	0	0	0	0	0	37.206333	66.37365	0	0	0	0	0	0	0	0	0	0	0	0	0
genomad_k141_839612	1078.0404	0	0	0	0	0	0	0	0	0	0	0	0	0	0	0	413.61008	416.6492	0	0	0	0	0	0	0	0	0	0	0	0	0	0	0	0	0	0	0	0	0	0	0	0	0	0	0	0	0
genomad_k141_2801531	0	0	0	0	0	0	0	0	0	0	0	0	0	0	0	0	0	0	0	0	0	0	0	0	0	0	0	0	0	0	0	0	24.41422	4.1862407	0	0	0	0	0	0	0	0	0	0	0	0	0
genomad_k141_1731132	0	0	0	0	0	0	0	0	0	0	0	0	0	0	0	0	0	0	0	0	0	0	0	0	0	0	0	0	0	0	0	0	35.59546	238.66743	0	71.49889	0	0	0	0	0	0	0	0	0	0	0
genomad_k141_3694482	0	0	0	0	0	0	0	0	0	0	0	0	0	0	0	0	0	0	0	0	0	0	0	0	0	0	0	0	0	0	0	0	0	9.680852	0	0	0	0	0	0	0	0	0	0	0	0	0
genomad_k141_1553154	0	0	0	0	0	0	0	0	0	0	0	0	0	0	0	0	0	0	0	0	0	0	0	0	0	0	0	0	0	0	0	0	61.962505	18.119928	0	0	0	0	0	0	0	0	0	0	0	0	0
genomad_k141_2267086	0	0	0	0	0	0	0	0	0	0	0	0	0	0	0	0	0	0	0	0	0	0	0	0	0	0	0	0	0	0	0	0	0	49.006927	0	0	0	0	0	0	0	0	0	0	0	0	0
genomad_k141_2980756	0	0	0	0	0	0	0	0	0	0	0	0	0	0	0	0	0	0	0	0	0	0	0	0	0	0	0	0	0	0	0	0	23.27799	69.84264	0	0	0	0	0	0	0	0	0	0	0	0	0
genomad_k141_1374826	0	0	0	0	0	0	0	0	0	0	0	0	0	0	0	0	0	0	0	0	0	0	0	0	0	0	0	0	29.28181	0	0	0	0	0	0	0	0	0	0	0	0	0	0	0	0	0	0
genomad_k141_1969289	0	0	0	0	0	0	0	0	0	0	0	0	0	0	0	0	0	0	0	0	0	0	0	0	0	0	0	0	0	0	0	0	0	12.725843	0	0	0	0	0	0	0	0	0	0	0	0	0
genomad_k141_2207367	0	0	0	0	0	0	0	0	0	0	0	0	0	0	0	0	0	0	0	0	0	0	0	0	0	0	0	0	0	0	0	0	26.451668	9.137025	0	0	0	0	0	0	0	0	0	0	0	0	0
genomad_k141_364172	0	0	0	0	0	0	0	0	0	0	0	0	0	0	0	0	0	0	0	0	0	0	0	0	0	0	0	0	0	0	0	0	42.936348	15.448644	0	0	0	0	0	0	0	0	0	0	0	0	0
genomad_k141_1612473	0	0	0	0	0	0	0	0	0	0	0	0	0	0	0	0	0	0	0	0	0	0	0	0	0	0	0	0	0	0	0	0	0	18.56021	0	0	0	0	0	0	0	0	0	0	0	0	0
genomad_k141_1255224	0	0	0	0	0	0	0	0	0	0	0	0	0	0	0	0	0	0	0	0	0	0	0	0	0	0	0	0	0	0	0	49.649208	0	0	0	0	0	0	0	0	0	0	0	0	0	0	0
genomad_k141_66573	0	0	0	0	0	0	0	0	0	0	0	0	0	0	0	0	0	0	0	0	0	0	0	0	0	0	0	0	0	0	0	0	41.723747	42.502365	0	0	0	0	0	0	0	0	0	0	0	0	0
genomad_k141_3396405	0	0	0	0	0	0	0	0	0	0	0	0	0	0	0	0	0	0	0	0	0	0	0	0	0	0	0	0	0	0	0	0	157.12811	60.075977	0	0	0	0	0	0	0	0	0	0	0	0	0
genomad_k141_1434490	0	0	0	0	0	0	0	0	0	0	0	0	0	0	0	0	0	0	0	0	0	0	0	0	0	0	0	0	0	0	0	0	0	20.862288	0	0	0	0	0	0	0	0	0	0	0	0	0
genomad_k141_1850385	0	0	0	0	0	0	0	0	0	0	0	0	0	0	0	0	0	0	0	0	0	0	0	0	0	0	0	0	0	0	0	0	17.125738	5.600717	0	0	0	0	0	0	0	0	0	0	0	0	0
genomad_k141_3515695	0	0	0	0	0	0	0	0	0	0	0	0	56.10988	0	0	0	0	0	0	0	0	0	0	0	0	0	0	0	0	0	0	0	0	0	0	0	0	0	0	0	0	0	0	0	0	0	0
genomad_k141_1553253	0	0	0	0	0	0	0	0	0	0	0	0	0	0	0	0	0	0	0	0	0	0	0	0	0	0	0	0	0	0	0	38.23026	0	0	0	0	0	0	0	0	0	0	0	0	0	0	0
genomad_k141_1850400	0	0	0	0	0	0	0	0	0	0	0	0	0	0	0	0	0	0	0	0	0	0	0	0	0	0	0	0	0	0	0	0	66.248474	57.73039	0	0	0	0	0	0	0	0	0	0	0	0	0
genomad_k141_3040228	0	0	0	0	0	0	0	0	0	0	0	0	0	0	0	0	0	0	0	0	0	0	0	0	0	0	0	0	0	0	0	0	17.333347	6.1926813	0	0	0	0	0	0	0	0	0	0	0	0	0
genomad_k141_3337557	0	0	0	0	0	0	0	0	0	0	0	0	0	0	0	0	0	0	0	0	0	0	0	0	0	0	0	0	0	0	40.716393	83.518555	0	15.078825	0	0	0	0	0	0	0	0	0	0	0	0	0
genomad_k141_1017821	0	0	0	0	0	0	0	0	0	0	0	0	0	0	0	0	0	0	0	0	0	0	0	0	0	0	0	0	0	0	0	10.35521	0	2.7706206	0	0	0	0	0	0	0	0	0	0	0	0	0
genomad_k141_780372	0	0	0	0	0	0	0	0	0	0	0	0	0	0	0	0	0	0	0	0	0	0	0	0	0	0	0	0	0	0	0	0	22.186356	28.990515	0	0	0	0	0	0	0	0	0	0	0	0	0
genomad_k141_2088500	0	0	0	0	0	0	0	0	0	0	0	0	0	0	0	0	0	0	0	0	0	0	0	0	0	0	0	0	0	0	0	0	0	29.048082	0	0	0	0	0	0	0	0	0	0	0	0	0
genomad_k141_839809	0	0	0	0	0	0	0	0	0	0	0	0	0	0	0	0	0	0	0	0	0	0	0	0	0	0	0	0	0	0	0	0	36.60658	16.557585	0	0	0	0	0	0	0	0	0	0	0	0	0
genomad_k141_2682660	0	0	0	0	1221.135	1239.8635	0	0	0	0	0	0	0	0	0	0	0	0	0	0	0	0	0	0	0	0	0	0	0	0	0	0	0	0	0	0	0	0	0	0	0	0	0	0	0	0	0
genomad_k141_2028952	0	0	0	0	0	0	0	0	0	0	0	0	0	0	0	0	0	0	0	0	0	0	0	0	0	0	0	0	0	0	0	0	52.25258	11.90862	0	0	0	0	0	0	0	0	0	0	0	0	0
genomad_k141_2564373	0	0	0	0	0	0	0	0	0	0	0	0	0	0	0	0	0	0	0	0	0	0	0	0	0	0	0	0	0	0	0	0	45.742104	1.8404713	0	0	0	0	0	0	0	0	0	0	0	0	0
genomad_k141_3694749	0	0	0	0	0	0	0	0	0	0	0	0	0	0	0	0	0	0	0	0	0	0	0	0	0	0	0	0	0	0	0	0	0	0	0	0	0	0	7258.9717	7693.801	0	0	0	0	0	0	0
genomad_k141_2207575	0	0	0	0	0	0	0	0	0	0	0	0	0	0	0	0	0	0	0	0	0	0	0	0	0	0	0	0	0	0	519.07306	121.71123	0	0	0	0	0	0	0	0	0	0	0	0	0	0	0
genomad_k141_1731375	0	0	0	0	0	0	0	0	0	0	0	0	0	0	0	0	0	0	0	0	0	0	0	0	0	0	0	0	0	0	69.751015	147.6601	0	0	0	0	0	0	0	0	0	0	0	0	0	0	0
genomad_k141_1791283	0	0	0	0	0	0	0	0	0	0	0	0	0	0	0	0	0	0	0	0	0	0	0	0	0	0	0	0	0	0	53.01943	12.905863	0	0	0	0	0	0	0	0	0	0	0	0	0	0	0
genomad_k141_3158653	0	0	0	0	0	0	0	0	0	0	0	0	0	0	0	0	0	0	0	0	0	0	0	0	0	0	0	0	0	0	0	0	337.9409	167.99876	0	52.99576	0	0	0	0	0	0	0	0	0	0	0
genomad_k141_1850521	0	0	0	0	0	0	0	0	0	0	0	0	0	0	0	0	0	0	0	0	0	0	0	0	0	0	0	0	0	0	0	0	453.5628	117.16982	0	34.891262	0	0	0	0	0	0	0	0	0	0	0
genomad_k141_1553388	0	0	0	0	0	0	0	0	0	0	0	0	0	0	0	0	0	0	0	0	0	0	0	0	0	0	0	0	0	0	0	0	0	11.8430395	0	0	0	0	0	0	0	0	0	0	0	0	0
genomad_k141_2385941	0	0	0	0	0	0	0	0	0	0	0	0	0	0	0	0	0	0	0	0	0	0	0	0	0	0	0	0	0	0	0	0	0	20.759697	0	0	0	0	0	0	0	0	0	0	0	0	0
genomad_k141_3754683	0	0	0	0	0	0	0	240.66788	0	0	0	0	0	0	0	0	0	0	0	0	0	0	0	0	0	0	0	0	0	0	0	107.47297	0	0	0	0	0	0	0	0	0	0	0	0	0	0	0
genomad_k141_2682795	0	0	0	0	0	0	0	0	0	0	0	0	52.158134	0	0	0	0	0	0	0	0	0	0	0	0	0	0	0	0	0	0	0	0	0	0	0	0	0	0	0	0	0	0	0	0	0	0
genomad_k141_2207631	0	0	0	0	0	0	0	0	0	0	0	0	0	0	0	0	0	0	0	0	0	0	0	0	0	0	0	0	0	0	0	26.997986	0	0	0	0	0	0	0	0	0	0	0	0	0	0	0
genomad_k141_1077874	0	0	0	0	0	0	0	0	0	0	0	0	0	0	0	0	0	0	0	0	0	0	0	0	0	0	0	0	366.22	0	0	0	0	0	0	0	0	0	0	0	0	0	0	0	0	0	0
genomad_k141_1375124	0	0	0	0	0	0	0	0	0	0	0	0	0	0	0	0	0	0	0	0	0	0	0	0	0	0	0	0	274.1108	0	0	0	0	0	0	0	0	0	0	0	0	0	0	0	0	0	0
genomad_k141_66799	0	0	0	0	0	0	0	0	0	0	0	0	0	0	0	0	0	0	0	0	0	0	0	0	0	0	0	0	0	0	0	0	76.52534	281.83798	0	69.41952	0	0	0	0	0	0	0	0	0	0	0
genomad_k141_1791349	0	0	0	0	0	0	0	0	0	0	0	0	0	0	0	0	0	0	0	0	0	0	0	0	0	0	0	0	0	0	0	0	0	27.170912	0	0	0	0	0	0	0	0	0	0	0	0	0
genomad_k141_424264	0	0	0	0	0	0	0	0	0	0	0	0	0	0	0	0	0	0	0	0	0	0	0	0	0	0	0	0	0	0	18.340267	19.082058	0	0	0	0	0	0	0	0	0	0	0	0	0	0	0
genomad_k141_3635308	0	0	0	0	0	0	0	0	0	0	0	0	0	0	0	0	0	0	0	0	0	0	0	0	0	0	0	0	0	0	0	0	19.903238	18.135662	0	0	0	0	0	0	0	0	0	0	0	0	0
genomad_k141_364545	0	0	0	0	0	0	0	0	0	0	0	0	0	0	0	0	0	0	0	0	0	0	0	0	0	0	0	0	0	0	0	0	0	10.066488	0	0	0	0	0	0	0	0	0	0	0	0	0
genomad_k141_304351	0	0	0	0	0	0	0	0	0	0	0	0	0	0	0	0	0	0	0	0	0	0	0	0	0	0	0	0	0	0	0	54.125393	0	5.6702285	0	0	0	0	0	0	0	0	0	0	0	0	0
genomad_k141_2861652	0	0	0	0	0	0	0	0	0	0	0	0	0	0	0	0	0	0	0	0	0	0	0	0	0	0	0	0	0	0	0	0	42.622604	161.92958	0	66.104355	0	0	0	0	0	0	0	0	0	0	0
genomad_k141_899584	0	0	0	0	0	0	0	0	0	0	0	0	0	0	0	0	0	0	0	0	0	0	0	0	0	0	0	0	0	0	0	0	384.13806	5.9259872	0	0	0	0	0	0	0	0	0	0	0	0	0
genomad_k141_840022	0	0	0	0	0	0	0	0	0	0	0	0	77.776146	0	0	0	0	0	0	0	0	0	0	0	0	0	0	0	0	0	0	0	0	0	0	0	0	0	0	0	0	0	0	0	0	0	0
genomad_k141_602072	0	0	0	0	0	0	0	0	0	0	0	0	74.555374	0	0	0	0	0	0	0	0	0	0	0	0	0	0	0	0	0	0	0	0	0	0	0	0	0	0	0	0	0	0	0	0	0	0
genomad_k141_3040473	0	0	0	0	0	0	0	0	0	0	0	0	0	0	0	0	0	0	0	0	0	0	0	0	0	0	0	0	0	0	0	0	0	14.856639	0	0	0	0	0	0	0	0	0	0	0	0	0
genomad_k141_3754879	0	0	0	0	0	0	0	0	0	0	0	0	0	0	0	0	0	0	0	0	0	0	0	0	0	0	0	0	0	0	0	0	39.443813	13.530926	0	0	0	0	0	0	0	0	0	0	0	0	0
genomad_k141_2326696	0	0	0	0	0	0	0	0	0	0	0	0	0	0	0	0	0	0	0	0	0	0	0	0	0	0	0	0	0	0	0	0	75.69358	94.15535	0	0	0	0	0	0	0	0	0	0	0	0	0
genomad_k141_126575	0	0	0	0	0	0	0	0	0	0	0	0	0	0	0	0	0	0	0	0	0	0	0	0	0	0	0	0	0	0	87.63688	54.398567	0	0	0	0	0	0	0	0	0	0	0	0	0	0	0
genomad_k141_1315627	0	0	0	0	0	0	0	0	0	0	0	0	0	0	0	0	0	0	0	0	0	0	0	0	0	0	0	0	0	0	0	0	0	26.893623	0	0	0	0	0	0	0	0	0	0	0	0	0
genomad_k141_2861745	0	0	0	0	0	0	0	966.16565	0	0	0	0	0	0	0	0	0	0	0	0	0	0	0	0	0	0	0	0	0	0	905.56635	560.3857	0	24.861403	0	0	0	0	0	0	0	0	0	0	0	0	0
genomad_k141_1969800	0	0	0	0	0	0	0	0	0	0	0	0	0	0	0	0	0	0	0	0	0	0	0	0	0	0	0	0	0	0	0	0	0	6.647342	0	0	0	0	0	0	0	0	0	0	0	0	0
genomad_k141_2981227	1171.0743	1088.8225	0	0	0	0	0	0	0	0	0	0	0	0	0	0	0	0	0	0	0	0	0	0	0	0	0	0	0	0	0	0	0	0	0	0	0	0	0	0	0	0	0	0	0	0	0
genomad_k141_661567	0	0	0	0	0	0	0	223.61183	0	0	0	0	0	0	0	0	0	0	0	0	0	0	0	0	0	0	0	0	0	0	373.50113	346.77396	0	0	0	0	0	0	0	0	0	0	0	0	0	0	0
genomad_k141_1315647	0	0	0	0	0	0	0	0	0	0	0	0	0	0	0	0	0	0	0	0	0	0	0	0	0	0	0	0	0	0	0	34.77364	0	0	0	0	0	0	0	0	0	0	0	0	0	0	0
genomad_k141_1375212	0	0	0	0	0	0	0	0	0	0	0	0	0	0	0	0	0	0	0	0	0	0	0	0	0	0	0	0	0	0	570.1394	272.1423	0	0	0	0	0	0	0	0	0	0	0	0	0	0	0
genomad_k141_542209	0	0	0	0	0	0	0	0	0	0	0	0	0	0	0	0	0	0	0	0	0	0	0	0	0	0	0	0	0	0	0	0	58.36624	7.929378	0	0	0	0	0	0	0	0	0	0	0	0	0
genomad_k141_1731595	0	0	0	0	0	0	0	0	0	0	0	0	0	0	0	0	0	0	0	0	0	0	0	0	0	0	0	0	0	0	63.492947	254.6167	58.330276	70.40643	0	0	0	0	0	0	0	0	0	0	0	0	0
genomad_k141_721737	0	0	0	0	0	0	0	0	0	0	0	0	0	0	0	0	0	0	0	0	0	0	0	0	0	0	0	0	0	0	0	0	69.50029	37.660828	0	0	0	0	0	0	0	0	0	0	0	0	0
genomad_k141_2505108	0	0	0	0	0	0	0	0	0	0	0	0	0	0	0	0	0	0	0	0	0	0	0	0	0	0	0	0	0	0	92.140915	0	34.072945	0	0	0	0	0	0	0	0	0	0	0	0	0	0
genomad_k141_3337936	0	0	0	0	0	0	0	0	0	0	0	0	0	0	0	0	0	0	0	0	0	0	0	0	0	0	0	0	200.72308	0	0	0	0	0	0	0	0	0	0	0	0	0	0	0	0	0	0
genomad_k141_1612973	0	0	0	0	0	0	0	0	0	0	0	0	0	0	0	0	0	0	0	0	0	0	0	0	0	0	0	0	423.9146	0	0	0	0	0	0	0	0	0	0	0	0	0	0	0	0	0	0
genomad_k141_1137228	0	0	0	0	0	0	0	0	0	0	0	0	0	0	0	0	0	0	0	0	0	0	0	0	0	0	0	0	0	0	0	0	59.18698	228.14299	0	75.75807	0	0	0	0	0	0	0	0	0	0	0
genomad_k141_3099864	0	0	0	0	0	0	0	0	0	0	0	0	0	0	0	0	0	0	0	0	0	0	0	0	0	0	0	0	0	0	0	0	37.7354	40.765045	0	35.681065	0	0	0	0	0	0	0	0	0	0	0
genomad_k141_2861816	0	0	0	0	0	0	0	0	0	0	0	0	0	0	0	0	0	0	0	0	0	0	0	0	0	0	0	0	0	0	0	0	0	0	0	0	0	0	0	0	0	0	0	0	0	0	0
genomad_k141_958970	0	0	0	0	0	0	0	0	0	0	0	0	0	0	0	0	0	0	0	0	0	0	0	0	0	0	0	0	0	0	0	0	0	0	0	397.4867	0	0	0	0	0	0	0	0	0	0	0
genomad_k141_721799	0	0	0	0	0	0	0	0	0	0	0	0	0	0	0	0	0	0	0	0	0	0	0	0	0	0	0	0	0	0	0	0	0	34.712967	0	0	0	0	0	0	0	0	0	0	0	0	0
genomad_k141_7753	0	0	0	0	0	0	0	0	0	0	0	0	0	0	0	0	0	0	0	0	0	0	0	0	0	0	0	0	60.9587	0	0	0	0	0	0	0	0	0	0	0	0	0	0	0	0	0	0
genomad_k141_1969949	0	0	0	0	0	0	0	0	0	0	0	0	0	0	0	0	0	0	0	0	0	0	0	0	0	0	0	0	0	0	0	0	0	25.809898	0	0	0	0	0	0	0	0	0	0	0	0	0
genomad_k141_2683120	0	0	0	0	0	0	0	0	0	0	0	0	0	0	0	0	0	0	0	0	0	0	0	0	0	0	0	0	0	0	0	56.899643	0	0	0	0	0	0	0	0	0	0	0	0	0	0	0
genomad_k141_1078219	0	0	0	0	0	0	0	0	0	0	0	0	0	0	0	0	0	0	0	0	0	0	0	0	0	0	0	0	0	0	116.69737	130.67398	0	0	0	0	0	0	0	0	0	0	0	0	0	0	0
genomad_k141_2326885	0	0	0	0	0	0	0	0	0	0	0	0	0	0	0	0	0	0	0	0	0	0	0	0	0	0	0	0	0	0	0	0	0	15.185669	0	0	0	0	0	0	0	0	0	0	0	0	0
genomad_k141_3099945	0	0	0	0	0	0	0	0	0	0	0	0	0	0	0	0	0	0	0	0	0	0	0	0	0	0	0	0	0	0	45.465717	191.84396	0	6.7039733	0	0	0	0	0	0	0	0	0	0	0	0	0
genomad_k141_3516183	0	0	0	0	0	0	0	0	0	0	0	0	0	0	0	0	0	0	0	0	0	0	0	0	0	0	0	0	0	0	0	0	159.93219	233.01996	0	71.54528	0	0	0	0	0	0	0	0	0	0	0
genomad_k141_424594	0	0	0	0	0	0	0	0	0	0	0	0	0	0	0	0	0	0	0	0	0	0	0	0	0	0	0	0	0	0	0	0	13.950663	29.26187	0	0	0	0	0	0	0	0	0	0	0	0	0
genomad_k141_3575806	1622.1505	1646.508	0	0	0	0	0	0	0	0	0	0	0	0	0	0	323.83295	334.38864	0	0	0	0	0	0	0	0	0	0	0	0	0	0	0	0	0	0	0	0	0	0	0	0	0	0	0	0	0
genomad_k141_2445605	0	0	0	0	0	0	0	0	0	0	0	0	0	0	0	0	0	0	0	0	0	0	0	0	0	0	0	0	0	0	0	0	45.437878	3.8376393	0	0	0	0	0	0	0	0	0	0	0	0	0
genomad_k141_304647	0	0	0	0	0	0	0	0	0	0	0	0	0	0	0	0	0	0	0	0	0	0	0	0	0	0	0	0	0	0	0	0	53.17498	0	0	0	0	0	0	0	0	0	0	0	0	0	0
genomad_k141_1672492	0	0	0	0	0	0	0	0	0	0	0	0	43.712852	0	0	0	0	0	0	0	0	0	0	0	0	0	0	0	0	0	0	0	0	0	0	0	0	0	0	0	0	0	0	0	0	0	0
genomad_k141_245750	0	0	0	0	0	0	0	0	0	0	0	0	0	0	0	0	0	0	0	0	0	0	0	0	0	0	0	0	0	0	0	0	0	28.485338	0	0	0	0	0	0	0	0	0	0	0	0	0
genomad_k141_1613103	0	0	0	0	0	0	0	0	0	0	0	0	0	0	0	0	0	0	0	0	0	0	0	0	0	0	0	0	0	0	0	0	220.37424	271.56046	0	0	0	0	0	0	0	0	0	0	0	0	0
genomad_k141_3575858	0	0	0	0	0	0	0	0	0	0	0	0	0	0	0	0	0	0	0	0	0	0	0	0	0	0	0	0	0	0	0	0	0	8.29216	0	0	0	0	0	0	0	0	0	0	0	0	0
genomad_k141_67132	0	0	0	0	0	0	0	0	0	0	0	0	0	0	0	0	0	0	0	0	0	0	0	0	0	0	0	0	0	0	0	0	367.53555	692.2701	0	185.14774	0	0	0	0	0	0	0	0	0	0	0
genomad_k141_1315854	0	0	0	0	0	0	0	469.57828	0	0	0	0	0	0	0	0	0	0	0	0	0	0	0	0	0	0	0	0	0	0	860.7089	832.6256	0	0	0	0	0	0	0	0	0	0	0	0	0	0	0
genomad_k141_840273	0	0	0	0	0	0	0	0	0	0	0	0	0	0	0	0	0	0	0	0	0	0	0	0	0	0	0	0	0	0	0	0	0	20.985193	0	0	0	0	0	0	0	0	0	0	0	0	0
genomad_k141_2921496	0	0	0	0	0	0	0	217.0645	0	0	0	0	0	0	0	0	0	0	0	0	0	0	0	0	0	0	0	0	0	0	0	179.96451	78.19401	645.2496	0	207.55746	0	0	0	0	0	0	0	0	0	0	0
genomad_k141_245797	0	0	0	0	0	0	0	0	0	0	0	0	0	0	0	0	0	0	0	0	0	0	0	0	0	0	0	0	0	0	0	165.97595	0	0	0	0	0	0	0	0	0	0	0	0	0	0	0
genomad_k141_2386365	0	0	0	0	0	0	0	0	0	0	0	0	0	0	0	0	0	0	0	0	0	0	0	0	0	0	0	0	0	0	23.836292	89.05299	0	2.8867922	0	0	0	0	0	0	0	0	0	0	0	0	0
genomad_k141_1375412	0	0	0	0	0	0	0	0	0	0	0	0	0	0	0	0	0	0	0	0	0	0	0	0	0	0	0	0	0	0	75.731766	35.440815	0	0	0	0	0	0	0	0	0	0	0	0	0	0	0
genomad_k141_2862014	0	0	0	0	0	0	0	0	0	0	0	0	0	0	0	0	0	0	0	0	0	0	0	0	0	0	0	0	0	0	47.297035	31.684666	0	0	0	0	0	0	0	0	0	0	0	0	0	0	0
genomad_k141_2267781	0	0	0	0	0	0	0	0	0	0	0	0	0	0	0	0	0	0	0	0	0	0	0	0	0	0	0	0	0	0	0	111.689156	185.1978	307.18988	0	262.8461	0	0	0	0	0	0	0	0	0	0	0
genomad_k141_126912	0	0	0	0	0	0	0	230.87175	0	0	0	0	0	0	0	0	0	0	0	0	0	0	0	0	0	0	0	0	0	0	34.298073	130.31367	164.5543	341.8191	0	329.10825	0	0	0	0	0	0	0	0	0	0	0
genomad_k141_7941	0	0	0	0	0	0	0	0	0	0	0	0	0	0	0	0	0	0	0	0	0	0	0	0	0	0	0	0	0	0	0	24.836344	0	0	0	0	0	0	0	0	0	0	0	0	0	0	0
genomad_k141_1910260	0	0	0	0	0	0	0	0	0	0	0	0	0	0	0	0	0	0	0	0	0	0	0	0	0	0	0	0	0	0	0	0	77.943275	69.55921	0	47.25195	0	0	0	0	0	0	0	0	0	0	0
genomad_k141_1375457	0	0	0	0	0	0	0	0	0	0	0	0	0	0	0	0	0	0	0	0	0	0	0	0	0	0	0	0	0	0	0	0	0	16.035892	0	0	0	0	0	0	0	0	0	0	0	0	0
genomad_k141_1850949	0	0	0	0	0	0	0	0	0	0	0	0	0	0	0	0	0	0	0	0	0	0	0	0	0	0	0	0	0	0	0	0	383.91507	54.39311	0	44.57332	0	0	0	0	0	0	0	0	0	0	0
genomad_k141_2981551	0	0	0	0	0	0	0	0	0	0	0	0	0	0	0	0	0	0	0	0	0	0	0	0	0	0	0	0	0	0	0	0	0	11.475289	0	0	0	0	0	0	0	0	0	0	0	0	0
genomad_k141_2148120	0	0	0	0	0	0	0	0	0	0	0	0	102.49652	0	0	0	0	0	0	0	0	0	0	0	0	0	0	0	0	0	0	0	0	0	0	0	0	0	0	0	0	0	0	0	0	0	0
genomad_k141_722078	0	0	0	0	0	0	0	0	0	0	0	0	0	0	0	0	0	0	0	0	0	0	0	0	0	0	0	0	0	0	0	0	15.339701	16.99112	0	0	0	0	0	0	0	0	0	0	0	0	0
genomad_k141_67276	0	0	0	0	0	0	0	0	0	0	0	0	0	0	0	0	0	0	0	0	0	0	0	0	0	0	0	0	0	0	31.302984	0	32.92216	22.061253	0	0	0	0	0	0	0	0	0	0	0	0	0
genomad_k141_959204	0	0	0	0	0	0	0	185.4867	0	0	0	0	0	0	0	0	0	0	0	0	0	0	0	0	0	0	0	0	0	0	68.41237	277.46805	0	0	0	0	0	0	0	0	0	0	0	0	0	0	0
genomad_k141_661913	0	0	0	0	0	0	0	0	0	0	0	0	0	0	0	0	0	0	0	0	0	0	0	0	0	0	0	0	0	0	0	0	52.33409	106.87564	0	0	0	0	0	0	0	0	0	0	0	0	0
genomad_k141_840408	0	0	0	0	0	0	0	0	0	0	0	0	0	0	0	0	0	0	0	0	0	0	0	0	0	0	0	0	0	0	0	0	0	13.985799	0	0	0	0	0	0	0	0	0	0	0	0	0
genomad_k141_661955	0	0	0	0	0	0	0	0	0	0	0	0	0	0	0	0	0	0	0	0	0	0	0	0	0	0	0	0	0	0	0	0	101.90373	156.97568	0	0	0	0	0	0	0	0	0	0	0	0	0
genomad_k141_1078510	0	0	0	0	0	0	0	0	0	0	0	0	0	0	0	0	0	0	0	0	0	0	0	0	0	0	0	0	0	0	0	0	0	12.326603	0	0	0	0	0	0	0	0	0	0	0	0	0
genomad_k141_1137551	0	0	0	0	0	0	0	0	0	0	0	0	0	0	0	0	0	0	0	0	0	0	0	0	0	0	0	0	0	0	0	0	197.20709	240.24486	0	102.9286	0	0	0	0	0	0	0	0	0	0	0
genomad_k141_1910335	0	0	0	0	0	0	0	0	0	0	0	0	0	0	0	0	0	0	0	0	0	0	0	0	0	0	0	0	0	0	0	0	0	52.7926	0	0	0	0	0	0	0	0	0	0	0	0	0
genomad_k141_1435198	0	0	0	0	0	0	0	0	0	0	0	0	0	0	0	0	0	0	0	0	0	0	0	0	0	0	0	0	0	0	0	0	0	7.0576663	0	0	0	0	0	0	0	0	0	0	0	0	0
genomad_k141_1672677	0	0	0	0	0	0	0	0	0	0	0	0	134.93073	0	0	0	0	0	0	0	0	0	0	0	0	0	0	0	0	0	0	0	0	0	0	0	0	0	0	0	0	0	0	0	0	0	0
genomad_k141_3635804	0	0	0	0	0	0	0	0	0	0	0	0	0	0	0	0	0	0	0	0	0	0	0	0	0	0	0	0	0	0	0	0	0	9.079679	0	0	0	0	0	0	0	0	0	0	0	0	0
genomad_k141_662006	0	0	0	0	0	0	0	0	0	0	0	0	0	0	0	0	0	0	0	0	0	0	0	0	0	0	0	0	0	0	0	0	0	0	0	154.26837	0	0	0	0	0	0	0	0	0	0	0
genomad_k141_3695488	0	0	0	0	0	0	0	0	0	0	0	0	59.50293	0	0	0	0	0	0	0	0	0	0	0	0	0	0	0	0	0	0	0	0	0	0	0	0	0	0	0	0	0	0	0	0	0	0
genomad_k141_2208187	0	0	0	0	0	0	0	0	0	0	0	0	0	0	0	0	0	0	0	0	0	0	0	0	0	0	0	0	0	0	0	26.537842	0	19.620886	0	0	0	0	0	0	0	0	0	0	0	0	0
genomad_k141_1851108	0	0	0	0	0	0	0	0	0	0	0	0	0	0	0	0	0	0	0	0	0	0	0	0	0	0	0	0	0	0	0	0	0	11.414135	0	0	0	0	0	0	0	0	0	0	0	0	0
genomad_k141_3040927	0	0	0	0	0	0	0	0	0	0	0	0	0	0	0	0	0	0	0	0	0	0	0	0	0	0	0	0	0	0	0	0	0	0	0	139.55884	0	0	0	0	0	0	0	0	0	0	0
genomad_k141_304939	0	0	0	0	0	0	0	0	0	0	0	0	0	0	0	0	0	0	0	0	0	0	0	0	0	0	0	0	0	0	0	0	15.860392	15.960838	0	0	0	0	0	0	0	0	0	0	0	0	0
genomad_k141_1613371	0	0	0	0	0	0	0	0	0	0	0	0	0	0	0	0	0	0	0	0	0	0	0	0	0	0	0	0	0	0	0	15.706076	0	5.0518	0	0	0	0	0	0	0	0	0	0	0	0	0
genomad_k141_365184	0	0	0	0	0	0	0	0	0	0	0	0	0	0	0	0	0	0	0	0	0	0	0	0	0	0	0	0	0	0	0	0	0	9.7946415	0	0	0	0	0	0	0	0	0	0	0	0	0
genomad_k141_959388	0	0	0	0	0	0	0	0	0	0	0	0	0	0	0	0	0	0	0	0	0	0	0	0	0	0	0	0	0	0	0	0	0	23.14312	0	0	0	0	0	0	0	0	0	0	0	0	0
genomad_k141_484195	0	0	0	0	0	0	0	0	0	0	0	0	0	0	0	0	0	0	0	0	0	0	0	0	0	0	0	0	559.5357	171.38353	0	0	0	0	0	0	0	0	0	0	0	0	0	0	0	0	0
genomad_k141_8164	0	0	0	0	0	0	0	0	0	0	0	0	0	0	0	0	0	0	0	0	0	0	0	0	0	0	0	0	0	0	0	0	835.87286	1594.7231	0	695.57983	0	0	0	0	0	0	0	0	0	0	0
genomad_k141_305045	0	0	0	0	0	0	0	0	0	0	0	0	0	0	0	0	0	0	0	0	0	0	0	0	0	0	0	0	0	0	0	92.87685	0	15.387691	0	0	0	0	0	0	0	0	0	0	0	0	0
genomad_k141_1672805	0	0	0	0	0	0	0	0	0	0	0	0	0	0	0	0	1184.872	1061.5883	0	0	0	0	0	0	0	0	0	0	0	0	0	0	0	0	0	0	0	0	0	0	0	0	0	0	0	0	0
genomad_k141_305071	0	0	0	0	0	0	0	0	0	0	0	0	0	0	0	0	0	0	0	0	0	0	0	0	0	0	0	0	0	0	0	0	708.68756	771.92065	0	501.49725	0	0	0	0	0	0	0	0	0	0	0
genomad_k141_1197087	0	0	0	0	0	0	0	0	0	0	7031.8457	0	0	0	0	0	917.1933	912.31586	0	0	0	0	0	0	0	0	0	0	0	0	0	0	0	0	0	0	0	0	2815.5703	2612.7224	0	0	0	0	0	0	0
genomad_k141_2921833	0	0	0	0	0	0	0	0	0	0	0	0	0	0	0	0	0	0	0	0	0	1820.4215	0	0	0	0	0	0	0	0	0	0	0	0	0	0	0	0	0	0	0	0	0	0	0	0	0
genomad_k141_2446004	0	0	0	0	0	0	0	0	0	0	0	0	0	0	0	0	0	0	0	0	0	0	0	0	0	0	0	0	0	0	0	0	294.32193	75.70483	0	44.977184	0	0	0	0	0	0	0	0	0	0	0
genomad_k141_246066	0	0	0	0	0	0	0	0	0	0	0	0	90.863205	0	0	0	0	0	0	0	0	0	0	0	0	0	0	0	0	0	0	0	0	0	0	0	0	0	0	0	0	0	0	0	0	0	0
genomad_k141_2268038	0	0	0	0	0	0	0	0	0	0	0	0	0	0	0	0	0	0	0	0	0	0	0	0	0	0	0	0	0	0	0	0	0	0	542.1472	144.56705	0	0	0	0	0	0	0	0	0	0	0
genomad_k141_900326	0	0	0	0	0	0	0	0	0	0	0	0	0	0	0	0	0	0	0	0	0	0	0	0	0	0	0	0	0	0	0	76.6116	0	0	0	0	0	0	0	0	0	0	0	0	0	0	0
genomad_k141_3636029	0	0	0	0	0	0	0	0	0	0	0	0	0	0	0	0	0	0	0	0	0	0	0	0	0	0	0	0	0	0	0	0	31.36695	17.00823	0	0	0	0	0	0	0	0	0	0	0	0	0
genomad_k141_722427	0	0	0	0	0	0	0	346.4868	0	0	0	0	0	0	0	0	0	0	0	0	0	0	0	0	0	0	0	0	0	0	0	139.51854	0	0	0	0	0	0	0	0	0	0	0	0	0	0	0
genomad_k141_662216	0	0	0	0	0	0	0	0	0	0	0	0	0	0	0	0	941.0846	937.12225	0	0	0	0	0	0	0	0	0	0	0	0	0	0	0	0	0	0	0	0	0	0	0	0	0	0	0	0	0
genomad_k141_3397284	0	0	0	0	0	0	0	0	0	0	0	0	96.19995	0	0	0	0	0	0	0	0	0	0	0	0	0	0	0	0	0	0	0	0	0	0	0	0	0	0	0	0	0	0	0	0	0	0
genomad_k141_1018694	0	0	0	0	0	0	0	0	0	0	0	0	0	0	0	0	0	0	0	0	0	0	0	0	0	0	0	0	0	0	0	0	71.75676	276.34555	0	0	0	0	0	0	0	0	0	0	0	0	0
genomad_k141_662235	0	0	0	0	0	0	0	0	0	0	0	0	0	0	0	0	0	0	0	0	0	0	0	0	0	0	0	0	0	0	0	0	0	6.182867	0	0	0	0	0	0	0	0	0	0	0	0	0
genomad_k141_2921899	0	0	0	0	0	0	0	0	0	0	0	0	0	0	0	0	0	0	0	0	0	0	0	0	0	0	0	0	0	0	0	0	0	7.136383	0	0	0	0	0	0	0	0	0	0	0	0	0
genomad_k141_1078815	0	0	0	0	0	0	0	0	0	0	0	0	0	0	0	0	0	0	0	0	0	0	0	0	0	0	0	0	0	0	99.61176	52.29171	0	0	0	0	0	0	0	0	0	0	0	0	0	0	0
genomad_k141_484316	0	0	0	0	0	0	0	0	0	0	0	0	0	0	0	0	0	0	0	0	0	0	0	0	0	0	0	0	299.64212	1162.0603	0	0	0	0	0	0	0	0	0	0	0	0	0	0	0	0	0
genomad_k141_127273	0	0	0	0	0	0	0	0	0	0	0	0	0	0	0	0	0	0	0	0	0	0	0	0	0	0	0	0	0	0	0	0	0	0	0	164.2396	0	0	0	0	0	0	0	0	0	0	0
genomad_k141_2743262	0	0	0	0	0	0	0	0	0	0	0	0	0	0	0	0	0	0	0	0	0	0	0	0	0	0	0	0	0	0	50.8754	17.761696	21.887503	12.035262	0	0	0	0	0	0	0	0	0	0	0	0	0
genomad_k141_305172	0	0	0	0	0	0	0	0	0	0	0	0	0	0	0	0	0	0	0	0	0	0	0	0	0	0	0	0	0	0	43.981182	18.179777	0	0	0	0	0	0	0	0	0	0	0	0	0	0	0
genomad_k141_1316342	0	0	0	0	0	0	0	0	0	0	0	0	0	0	0	0	0	0	0	0	0	0	0	0	0	0	0	0	199.3348	182.17537	0	0	0	0	0	0	0	0	0	0	0	0	0	0	0	0	0
genomad_k141_602811	0	0	0	0	0	0	0	0	0	0	0	0	0	0	0	0	0	0	0	0	0	0	0	0	0	0	0	0	0	0	0	0	159.58014	179.03802	0	118.25726	0	0	0	0	0	0	0	0	0	0	0
genomad_k141_2624803	0	0	0	0	0	0	0	323.29822	0	0	0	0	0	0	0	0	0	0	0	0	0	0	0	0	0	0	0	0	0	0	589.47906	189.08583	0	8.277774	0	0	0	0	0	0	0	0	0	0	0	0	0
genomad_k141_2327425	0	0	0	0	0	0	0	0	0	0	0	0	0	0	0	0	0	0	0	0	0	0	0	0	0	0	0	0	0	0	0	0	0	5.768488	0	0	0	0	0	0	0	0	0	0	0	0	0
genomad_k141_1078901	0	0	0	0	0	0	0	0	0	0	0	0	0	0	0	0	0	0	0	0	0	0	0	0	0	0	0	0	0	0	0	0	0	14.157153	0	0	0	0	0	0	0	0	0	0	0	0	0
genomad_k141_186529	0	0	0	0	0	0	0	0	0	0	0	0	0	0	0	0	0	0	0	0	0	0	0	0	0	0	0	0	0	0	56.957882	36.321068	0	0	0	0	0	0	0	0	0	0	0	0	0	0	0
genomad_k141_959690	0	0	0	0	0	0	0	0	0	0	0	0	0	0	0	0	0	0	0	0	0	0	0	0	0	0	0	0	0	0	36.513584	50.89044	0	0	0	0	0	0	0	0	0	0	0	0	0	0	0
genomad_k141_1910802	0	0	0	0	0	0	0	0	0	0	0	0	0	0	0	0	0	0	0	0	0	0	0	0	0	0	0	0	0	0	0	0	61.014214	51.21084	0	0	0	0	0	0	0	0	0	0	0	0	0
genomad_k141_3516641	0	0	0	0	0	0	0	0	0	0	0	0	0	0	0	0	0	0	0	0	0	0	0	0	0	0	0	0	0	0	0	0	0	9.789321	0	0	0	0	0	0	0	0	0	0	0	0	0
genomad_k141_305271	0	0	0	0	0	0	0	0	0	0	0	0	0	0	0	0	0	0	0	0	0	0	0	0	0	0	0	0	0	0	0	0	27.15734	202.16777	0	67.98842	0	0	0	0	0	0	0	0	0	0	0
genomad_k141_2029918	0	0	0	0	3489.757	3482.0947	0	0	0	0	0	0	0	0	0	0	0	0	0	0	0	0	0	0	0	0	0	0	0	0	0	0	0	0	0	0	0	0	0	0	0	0	0	0	0	0	0
genomad_k141_1197289	0	0	0	0	0	0	0	0	0	0	0	0	0	0	0	0	0	0	0	0	0	0	0	0	0	0	0	0	0	0	114.37026	81.845345	37.056576	58.556076	0	36.955654	0	0	0	0	0	0	0	0	0	0	0
genomad_k141_2981985	0	0	0	0	0	0	0	0	0	0	0	0	0	0	0	0	0	0	0	0	0	0	0	0	0	0	0	0	0	0	0	0	102.255905	103.719	0	0	0	0	0	0	0	0	0	0	0	0	0
genomad_k141_1435610	0	0	0	0	0	0	0	0	0	0	0	0	0	0	0	0	0	0	0	0	0	0	0	0	0	0	0	0	0	0	0	0	278.4682	1202.0579	0	552.938	0	0	0	0	0	0	0	0	0	0	0
genomad_k141_1732502	0	0	0	0	0	0	0	0	0	0	0	0	0	0	0	0	0	0	0	0	0	0	0	0	0	0	0	0	0	0	0	0	68.22167	56.677017	0	0	0	0	0	0	0	0	0	0	0	0	0
genomad_k141_662379	5070.0117	5242.1187	0	0	0	0	0	0	1276.5168	1335.542	0	0	0	0	0	0	0	0	0	0	0	0	0	0	0	0	0	0	0	0	0	0	0	0	0	0	0	0	0	0	0	0	0	0	0	0	0
genomad_k141_1256396	0	0	0	0	0	0	0	0	0	0	0	0	0	0	0	0	0	0	0	0	0	0	0	0	0	0	0	0	0	0	0	0	24.51125	8.466846	0	0	0	0	0	0	0	0	0	0	0	0	0
genomad_k141_781520	0	0	0	0	0	0	0	0	0	0	0	0	0	0	0	0	0	0	0	0	0	0	0	0	0	0	0	0	0	0	0	0	182.14384	0	0	0	0	0	0	0	0	0	0	0	0	0	0
genomad_k141_3338688	0	0	0	0	0	0	0	0	0	0	0	0	0	0	0	0	0	0	0	0	0	0	0	0	0	0	0	0	0	0	0	0	203.13525	72.172844	0	52.417572	0	0	0	0	0	0	0	0	0	0	0
genomad_k141_1732529	0	0	0	0	0	0	0	187.34987	0	0	0	0	0	0	0	0	0	0	0	0	0	0	0	0	0	0	0	0	0	0	33.98059	113.56992	0	12.488611	0	0	0	0	0	0	0	0	0	0	0	0	0
genomad_k141_1851453	0	0	0	0	0	0	0	0	0	0	0	0	0	0	0	0	0	0	0	0	0	0	0	0	0	0	0	0	0	0	0	0	41.19047	35.12943	0	0	0	0	0	0	0	0	0	0	0	0	0
genomad_k141_1256418	0	0	0	0	0	0	0	0	0	0	0	0	0	0	0	0	0	0	0	0	0	0	0	0	0	0	0	0	0	0	0	0	275.88736	0	0	0	0	0	0	0	0	0	0	0	0	0	0
genomad_k141_1613820	0	0	0	0	0	0	0	0	0	0	0	0	0	0	0	0	0	0	0	0	0	0	0	0	0	0	0	0	0	0	0	0	43.606	20.009224	0	0	0	0	0	0	0	0	0	0	0	0	0
genomad_k141_1197351	0	0	0	0	0	0	0	0	0	0	0	0	0	0	0	0	0	0	0	0	0	0	0	0	0	0	0	0	0	0	0	0	0	26.444223	0	0	0	0	0	0	0	0	0	0	0	0	0
genomad_k141_1910885	0	0	0	0	0	0	0	0	0	0	0	0	0	0	0	0	0	0	0	0	0	0	0	0	0	0	0	0	0	0	0	0	83.38269	12.638615	0	0	0	0	0	0	0	0	0	0	0	0	0
genomad_k141_1079057	0	0	0	0	0	0	0	0	0	0	0	0	0	0	0	0	0	0	0	0	0	0	0	0	0	0	0	0	0	0	167.01584	21.05765	0	0	0	0	0	0	0	0	0	0	0	0	0	0	0
genomad_k141_2922122	0	0	0	0	0	0	0	0	0	0	0	0	0	0	0	0	0	0	0	0	0	0	0	0	0	0	0	0	0	0	0	0	175.9129	222.76398	0	113.35303	0	0	0	0	0	0	0	0	0	0	0
genomad_k141_305389	0	0	0	0	0	0	0	0	0	0	0	0	0	0	0	0	0	0	0	0	0	0	0	0	0	0	0	0	0	0	0	0	16.184998	3.9749594	0	0	0	0	0	0	0	0	0	0	0	0	0
genomad_k141_1673155	0	0	0	0	0	0	0	0	0	0	0	0	0	0	0	0	0	0	0	0	0	0	0	0	0	0	0	0	0	0	0	0	0	8.354765	0	0	0	0	0	0	0	0	0	0	0	0	0
genomad_k141_2565544	0	0	0	0	0	0	0	0	0	0	0	0	42.940453	0	0	0	0	0	0	0	0	0	0	0	0	0	0	0	0	0	0	0	0	0	0	0	0	0	0	0	0	0	0	0	0	0	0
genomad_k141_3755739	0	0	0	0	0	0	0	0	0	0	0	0	0	0	0	0	0	0	0	0	0	0	0	0	0	0	0	0	0	0	0	0	0	21.185349	0	0	0	0	0	0	0	0	0	0	0	0	0
genomad_k141_484561	0	0	0	0	0	0	0	0	0	0	0	0	0	0	0	0	0	0	0	0	0	0	0	0	0	0	0	0	0	0	0	0	0	30.16397	0	0	0	0	0	0	0	0	0	0	0	0	0
genomad_k141_3636291	0	0	0	0	0	0	0	0	0	0	0	0	0	0	0	0	0	0	0	0	0	0	0	0	0	0	0	0	0	0	0	36.647488	0	0	0	0	0	0	0	0	0	0	0	0	0	0	0
genomad_k141_3755826	0	0	0	0	0	655.88556	0	0	0	0	0	0	0	0	0	0	0	0	0	0	0	0	0	0	0	0	0	0	0	0	0	20.544374	113.71117	236.77473	0	34.742462	0	0	0	0	0	0	0	0	0	0	0
genomad_k141_781659	0	0	0	0	0	0	0	147.24205	0	0	0	0	0	0	0	0	0	0	0	0	0	0	0	0	0	0	0	0	0	0	42.79778	225.88725	0	0	0	0	0	0	0	0	0	0	0	0	0	0	0
genomad_k141_67937	0	0	0	0	0	0	0	0	0	0	0	0	0	0	0	0	0	0	0	0	0	0	0	0	0	0	0	0	0	0	0	0	0	6.691919	0	0	0	0	0	0	0	0	0	0	0	0	0
genomad_k141_305510	0	0	0	0	0	0	0	0	0	0	0	0	0	0	0	0	0	0	0	0	0	0	0	0	0	0	0	0	0	0	0	0	42.214165	49.74189	0	0	0	0	0	0	0	0	0	0	0	0	0
genomad_k141_3636406	0	0	0	0	0	0	0	0	0	0	0	0	0	0	0	0	0	0	0	0	0	0	0	0	0	0	0	0	188.88338	0	0	0	0	0	0	0	0	0	0	0	0	0	0	0	0	0	0
genomad_k141_3695986	0	0	0	0	0	0	0	0	0	0	0	0	0	0	0	0	0	0	0	0	0	0	0	0	0	0	0	0	0	0	0	0	22.44788	73.84271	0	0	0	0	0	0	0	0	0	0	0	0	0
genomad_k141_3219638	0	0	0	0	0	0	0	0	0	0	0	0	0	0	0	0	0	0	0	0	0	0	0	0	0	0	0	0	0	0	0	16.715977	0	15.5603485	0	0	0	0	0	0	0	0	0	0	0	0	0
genomad_k141_1851687	0	0	0	0	0	0	0	0	0	0	0	0	0	0	0	0	0	0	0	0	0	0	0	0	0	0	0	0	0	0	33.823875	179.67612	0	12.233946	0	0	0	0	0	0	0	0	0	0	0	0	0
genomad_k141_2803027	0	0	0	0	0	0	0	0	0	0	0	0	0	0	0	0	0	0	0	0	0	0	0	0	0	0	0	0	0	0	0	0	490.1252	0	0	0	0	0	0	0	0	0	0	0	0	0	0
genomad_k141_2148919	0	0	0	0	0	0	0	0	0	0	0	0	0	0	0	0	0	0	0	0	0	0	0	0	0	0	0	0	0	0	0	0	0	191.7133	0	0	0	0	0	0	0	0	0	0	0	0	0
genomad_k141_8649	0	0	0	0	0	0	0	0	0	0	0	0	0	0	0	0	0	0	0	0	0	0	0	0	0	0	0	0	0	0	0	0	47.593365	64.43109	0	0	0	0	0	0	0	0	0	0	0	0	0
genomad_k141_2506071	0	0	0	0	0	0	0	0	0	0	0	0	0	0	0	0	0	0	0	0	0	0	0	0	0	0	0	0	0	0	0	26.379982	19.729818	72.171326	0	0	0	0	0	0	0	0	0	0	0	0	0
genomad_k141_1792748	0	0	0	0	0	0	0	0	0	0	0	0	0	0	0	0	0	0	0	0	0	0	0	0	0	0	0	0	0	0	0	0	0	17.703043	0	0	0	0	0	0	0	0	0	0	0	0	0
genomad_k141_2327825	0	0	0	0	0	0	0	0	0	0	0	0	0	0	0	0	0	0	0	0	0	0	0	0	0	0	0	0	0	0	0	0	0	33.52349	0	0	0	0	0	0	0	0	0	0	0	0	0
genomad_k141_305597	0	0	0	0	0	0	0	0	0	0	0	0	0	0	0	0	0	0	0	0	0	0	0	0	0	0	0	0	0	0	0	0	21.242508	21.910799	0	0	0	0	0	0	0	0	0	0	0	0	0
genomad_k141_722909	0	0	0	0	0	0	0	0	0	0	0	0	0	0	0	0	0	0	0	0	0	0	0	0	0	0	0	0	0	0	0	202.38062	37.164524	164.60234	0	0	0	0	0	0	0	0	0	0	0	0	0
genomad_k141_841108	0	0	0	0	0	0	0	0	0	0	0	0	0	0	0	0	0	0	0	0	0	0	0	0	0	0	0	0	0	0	0	18.387083	0	10.932473	0	0	0	0	0	0	0	0	0	0	0	0	0
genomad_k141_2387289	0	0	0	0	0	0	0	0	0	0	0	0	0	0	0	0	0	0	0	0	0	0	0	0	0	0	0	0	0	0	0	0	32.905376	17.234371	0	0	0	0	0	0	0	0	0	0	0	0	0
genomad_k141_2148983	0	0	0	0	0	0	0	0	0	0	0	0	0	0	0	0	0	0	0	0	0	0	0	0	0	0	0	0	0	0	0	0	78.79703	44.24793	0	0	0	0	0	0	0	0	0	0	0	0	0
genomad_k141_3576825	0	0	0	0	0	0	0	0	0	0	0	0	0	0	0	0	0	0	0	0	0	0	0	0	0	0	0	0	0	0	20.784327	31.66856	0	0	0	0	0	0	0	0	0	0	0	0	0	0	0
genomad_k141_3219756	0	0	0	0	0	0	0	0	0	0	0	0	0	0	0	0	0	0	0	0	0	0	0	0	0	0	0	0	0	0	0	0	0	45.076836	0	0	0	0	0	0	0	0	0	0	0	0	0
genomad_k141_3636509	0	0	0	0	0	0	0	0	0	0	0	0	0	0	0	0	0	0	0	0	0	0	0	0	0	0	0	0	0	0	0	65.72661	0	5.5912967	0	0	0	0	0	0	0	0	0	0	0	0	0
genomad_k141_3279467	0	0	0	0	0	0	0	0	0	0	0	0	0	0	0	0	0	0	0	0	0	0	0	0	0	0	0	0	0	0	0	0	201.2511	133.41249	0	55.407814	0	0	0	0	0	0	0	0	0	0	0
genomad_k141_781835	0	0	0	0	0	0	0	157.54218	0	0	0	0	0	0	0	0	0	0	0	0	0	0	0	0	0	0	0	0	0	0	0	114.59599	26.540213	123.95213	0	0	0	0	0	0	0	0	0	0	0	0	0
genomad_k141_1376474	0	0	0	0	0	0	0	0	0	0	0	0	0	0	0	0	0	0	0	0	0	0	0	0	0	0	0	0	0	0	0	0	63.83517	0	0	0	0	0	0	0	0	0	0	0	0	0	0
genomad_k141_2625290	0	0	0	0	0	0	0	0	0	0	0	0	0	0	0	0	0	0	0	0	0	0	0	0	0	0	0	0	0	0	0	0	87.308655	14.42653	0	0	0	0	0	0	0	0	0	0	0	0	0
genomad_k141_2089768	0	0	0	0	0	0	0	0	0	0	0	0	0	0	0	0	0	0	0	0	0	0	0	0	0	0	0	0	0	0	0	0	0	7.453494	0	0	0	0	0	0	0	0	0	0	0	0	0
genomad_k141_1435887	0	0	0	0	0	0	0	0	0	0	0	0	0	0	0	0	0	0	0	0	0	0	0	0	0	0	0	0	0	0	0	0	40.60751	5.3259497	0	0	0	0	0	0	0	0	0	0	0	0	0
genomad_k141_2327916	0	0	0	0	0	0	0	0	0	0	0	0	0	0	0	0	617.0563	729.38654	0	0	0	0	0	0	0	0	0	0	0	0	0	0	0	0	0	0	0	0	1137.4281	1105.2656	0	0	0	0	0	0	0
genomad_k141_246648	0	0	0	0	0	0	0	0	0	0	0	0	0	0	0	0	0	0	0	0	0	0	0	0	0	0	0	0	0	0	0	0	0	5.901742	0	0	0	0	0	0	0	0	0	0	0	0	0
genomad_k141_1376509	0	0	0	0	0	0	0	0	0	0	0	0	0	0	0	0	0	0	0	0	0	0	0	0	0	0	0	0	0	0	0	0	14.487748	5.9768167	0	0	0	0	0	0	0	0	0	0	0	0	0
genomad_k141_1970980	0	0	0	0	0	0	0	0	0	0	0	0	0	0	0	0	0	0	0	0	0	0	0	0	0	0	0	0	0	0	0	0	0	0	252.97002	105.792366	0	0	0	0	0	0	0	0	0	0	0
genomad_k141_781888	0	0	0	0	0	0	0	0	0	0	0	0	0	0	0	0	0	0	0	0	0	0	0	0	0	0	0	0	0	0	0	0	32.14547	15.920654	0	0	0	0	0	0	0	0	0	0	0	0	0
genomad_k141_3339038	0	0	0	0	0	0	0	0	0	0	0	0	272.72263	0	0	0	0	0	0	0	0	0	0	0	0	0	0	0	0	0	0	0	0	0	0	0	0	0	0	0	0	0	0	0	0	0	0
genomad_k141_2327933	0	0	0	0	0	0	0	0	0	0	0	0	0	0	0	0	0	0	0	0	0	0	0	0	0	0	0	0	0	0	0	0	0	7.618954	0	0	0	0	0	0	0	0	0	0	0	0	0
genomad_k141_1079380	0	0	0	0	0	0	0	0	0	0	0	0	0	0	0	0	0	0	0	0	0	0	0	0	0	0	0	0	0	0	0	0	31.682068	24.244421	0	0	0	0	0	0	0	0	0	0	0	0	0
genomad_k141_2625297	0	0	0	0	0	0	0	0	0	0	0	0	0	0	0	0	0	0	0	0	0	0	0	0	0	0	0	0	0	0	0	48.30814	0	0	0	0	0	0	0	0	0	0	0	0	0	0	0
genomad_k141_3279535	0	0	0	0	0	0	0	0	0	0	0	0	0	0	0	0	0	0	0	0	0	0	0	0	0	0	0	0	0	0	0	16.947311	0	10.322191	0	0	0	0	0	0	0	0	0	0	0	0	0
genomad_k141_1435938	0	0	0	0	0	0	0	0	0	0	0	0	111.995674	0	0	0	0	0	0	0	0	0	0	0	0	0	0	0	0	0	0	0	0	0	0	0	0	0	0	0	0	0	0	0	0	0	0
genomad_k141_2387473	0	0	0	0	0	0	0	0	0	0	0	0	0	0	0	0	0	0	0	0	0	0	0	0	0	0	0	0	0	0	0	0	0	49.905777	0	0	0	0	0	0	0	0	0	0	0	0	0
genomad_k141_900678	0	0	0	0	0	0	0	0	0	0	0	0	0	0	0	0	0	0	0	0	0	0	0	0	0	0	0	0	0	0	0	0	0	5.393638	0	0	0	0	0	0	0	0	0	0	0	0	0
genomad_k141_603348	0	0	0	0	0	0	0	0	0	0	0	0	0	0	0	0	0	0	0	0	0	0	0	0	0	0	0	0	0	0	0	0	0	10.565686	0	0	0	0	0	0	0	0	0	0	0	0	0
genomad_k141_1435967	0	0	0	0	0	0	0	0	0	0	0	0	0	0	0	0	0	0	0	0	0	0	0	0	0	0	0	0	0	0	0	11.880143	51.54681	52.43702	0	0	0	0	0	0	0	0	0	0	0	0	0
genomad_k141_365989	0	0	0	0	0	0	0	0	0	0	0	0	0	0	0	0	0	0	0	0	0	0	0	0	0	0	0	0	0	0	0	34.693947	0	0	0	0	0	0	0	0	0	0	0	0	0	0	0
genomad_k141_543474	0	0	0	0	0	0	0	0	0	0	0	0	0	0	0	0	0	0	0	0	0	0	0	0	0	0	0	0	0	0	0	0	106.118706	189.7495	0	87.946655	0	0	0	0	0	0	0	0	0	0	0
genomad_k141_8921	0	0	0	0	0	0	0	0	0	0	0	0	0	0	0	0	0	0	0	0	0	0	0	0	0	0	0	0	0	0	0	0	0	51.27295	0	0	0	0	0	0	0	0	0	0	0	0	0
genomad_k141_484892	0	0	0	0	0	0	0	0	0	0	0	0	0	0	0	0	0	0	0	0	0	0	0	0	0	0	0	0	0	0	0	0	0	11.742623	0	0	0	0	0	0	0	0	0	0	0	0	0
genomad_k141_2089883	0	0	0	0	0	0	0	0	0	0	0	0	0	0	0	0	0	0	0	0	0	0	0	0	0	0	0	0	0	0	0	0	0	11.675866	0	0	0	0	0	0	0	0	0	0	0	0	0
genomad_k141_723148	0	0	0	0	0	0	0	0	0	0	0	0	0	0	0	0	0	0	0	0	0	0	0	0	0	0	0	0	0	0	69.1323	18.089127	0	0	0	0	0	0	0	0	0	0	0	0	0	0	0
genomad_k141_305858	0	0	0	0	2736.3816	2660.884	0	0	0	0	0	0	0	0	0	0	0	0	0	0	0	0	0	0	0	0	0	0	0	0	0	0	0	0	0	0	0	0	0	0	0	0	0	0	0	0	0
genomad_k141_1495390	0	0	0	0	0	0	0	0	0	0	0	0	0	0	0	0	0	0	0	0	0	0	0	0	0	0	0	0	0	0	0	0	45.323044	16.865747	0	0	0	0	0	0	0	0	0	0	0	0	0
genomad_k141_1971077	0	0	0	0	0	0	0	0	0	0	0	0	0	0	0	0	0	0	0	0	0	0	0	0	0	0	0	0	0	0	0	16.194412	0	0	0	0	0	0	0	0	0	0	0	0	0	0	0
genomad_k141_2625447	0	0	0	0	0	0	0	0	0	0	0	0	0	0	0	0	0	0	0	0	0	0	0	0	0	0	0	0	0	0	0	0	0	8.657707	0	0	0	0	0	0	0	0	0	0	0	0	0
genomad_k141_1732946	0	0	0	0	0	0	0	0	0	0	0	0	0	0	0	0	0	0	0	0	0	0	0	0	0	0	0	0	0	0	0	0	0	16.13134	0	0	0	0	0	0	0	0	0	0	0	0	0
genomad_k141_2387610	0	0	0	0	0	0	0	0	0	0	0	0	0	0	0	0	0	0	0	0	0	0	0	0	0	0	0	0	0	0	0	0	69.14636	76.046974	0	0	0	0	0	0	0	0	0	0	0	0	0
genomad_k141_1614436	0	0	0	0	0	0	0	0	0	0	11291.602	0	0	0	0	0	587.5168	663.9463	0	0	0	0	0	0	0	0	0	0	0	0	0	0	0	0	0	0	0	0	0	0	0	0	0	0	0	0	0
genomad_k141_426058	0	0	0	0	0	0	0	0	0	0	0	0	0	0	0	0	0	0	0	0	0	0	0	0	0	0	0	0	0	0	0	0	0	0	0	128.66545	0	0	0	0	0	0	0	0	0	0	0
genomad_k141_1317022	0	0	0	0	0	0	0	0	0	0	0	0	0	0	0	0	0	0	0	0	0	0	0	0	0	0	0	0	0	0	0	0	0	5.8306527	0	0	0	0	0	0	0	0	0	0	0	0	0
genomad_k141_1079647	0	0	0	0	0	0	0	0	0	0	0	0	0	0	0	0	0	0	0	0	0	0	0	0	0	0	0	0	0	0	0	0	168.77992	184.99715	0	0	0	0	0	0	0	0	0	0	0	0	0
genomad_k141_1257095	0	0	0	0	0	0	0	0	0	0	0	0	0	0	0	0	0	0	0	0	0	0	0	0	0	0	0	0	0	0	0	0	0	9.988673	0	0	0	0	0	0	0	0	0	0	0	0	0
genomad_k141_1436134	0	0	0	0	0	0	0	0	0	0	0	0	0	0	0	0	2599.8518	2682.5408	0	0	0	0	0	0	0	0	0	0	0	0	0	0	0	0	0	0	0	0	0	0	0	0	0	0	0	0	0
genomad_k141_2209091	1686.2621	1799.8936	0	0	0	0	0	0	0	0	0	0	0	0	0	0	8109.2754	8126.2227	0	0	0	0	0	0	0	0	0	0	0	0	0	0	0	0	0	0	0	0	0	0	0	0	0	0	0	0	0
genomad_k141_2922703	0	0	0	0	0	0	0	0	0	0	0	0	0	0	0	0	0	0	0	0	0	0	0	0	0	0	0	0	0	0	0	0	737.9593	343.38123	0	124.391136	0	0	0	0	0	0	0	0	0	0	0
genomad_k141_663120	0	0	0	0	0	0	0	0	0	0	0	0	0	0	0	0	0	0	0	0	0	0	0	0	0	0	0	0	188.25093	0	0	0	0	0	0	0	0	0	0	0	0	0	0	0	0	0	0
genomad_k141_1555169	0	0	0	0	0	0	0	0	0	0	0	0	0	0	0	0	0	0	0	0	0	0	0	0	0	0	0	0	0	0	0	0	50.57491	90.22719	0	0	0	0	0	0	0	0	0	0	0	0	0
genomad_k141_3756536	0	0	0	0	0	0	0	0	0	0	0	0	0	0	0	0	0	0	0	0	0	0	0	0	0	0	0	0	0	0	0	0	44.4929	6.3863225	0	0	0	0	0	0	0	0	0	0	0	0	0
genomad_k141_128220	0	0	0	0	0	0	0	0	0	0	0	0	0	0	0	0	0	0	0	0	0	0	0	0	0	0	0	0	0	0	0	30.55089	0	34.868355	0	0	0	0	0	0	0	0	0	0	0	0	0
genomad_k141_1673590	0	0	0	0	0	0	0	0	0	0	0	0	0	0	0	0	0	0	0	0	0	0	0	0	0	0	0	0	0	0	0	0	0	53.534737	0	0	0	0	0	0	0	0	0	0	0	0	0
genomad_k141_2863316	0	0	0	0	0	0	0	0	0	0	0	0	0	0	0	0	0	0	0	0	0	0	0	0	0	0	0	0	0	0	42.51497	84.503685	0	0	0	0	0	0	0	0	0	0	0	0	0	0	0
genomad_k141_1198060	0	0	0	0	0	0	0	0	0	0	0	0	0	0	0	0	0	0	0	0	0	0	0	0	0	0	0	0	0	0	0	0	342.13318	521.5595	0	164.94316	0	0	0	0	0	0	0	0	0	0	0
genomad_k141_247090	0	0	0	0	0	0	0	0	0	0	0	0	0	0	0	0	0	0	0	0	0	0	0	0	0	0	0	0	0	0	0	0	0	0	0	256.69073	0	0	0	0	0	0	0	0	0	0	0
genomad_k141_1138734	0	0	0	0	0	0	0	0	0	0	0	0	0	0	0	0	0	0	0	0	0	0	0	0	0	0	0	0	0	0	0	0	146.07744	56.511013	0	0	0	0	0	0	0	0	0	0	0	0	0
genomad_k141_2209283	0	0	0	0	0	0	0	0	0	0	0	0	0	0	0	0	0	0	0	0	0	0	0	0	0	0	0	0	0	0	0	104.49623	25.675327	103.52962	0	0	0	0	0	0	0	0	0	0	0	0	0
genomad_k141_1376987	0	0	0	0	0	0	0	0	0	0	0	0	0	0	0	0	0	0	0	0	0	0	0	0	0	0	0	0	333.93768	277.81262	0	0	0	0	0	0	0	0	0	0	0	0	0	0	0	0	0
genomad_k141_603725	0	0	0	0	0	0	0	0	0	0	0	0	0	0	0	0	0	0	0	0	0	0	0	0	0	0	0	0	0	0	0	0	100.269844	89.37114	0	0	0	0	0	0	0	0	0	0	0	0	0
genomad_k141_1555339	0	0	0	0	0	0	0	0	0	0	0	0	0	0	0	0	0	0	0	0	0	0	0	0	0	0	0	0	0	0	0	0	0	17.692335	0	0	0	0	0	0	0	0	0	0	0	0	0
genomad_k141_723506	0	0	0	0	0	0	0	0	0	0	0	0	0	0	0	0	0	0	0	0	0	0	0	0	0	0	0	0	0	0	0	0	103.37289	12.069916	0	0	0	0	0	0	0	0	0	0	0	0	0
genomad_k141_1198192	0	0	0	0	0	0	0	0	0	0	0	0	56.992443	0	0	0	0	0	0	0	0	0	0	0	0	0	0	0	0	0	0	0	0	0	0	0	0	0	0	0	0	0	0	0	0	0	0
genomad_k141_2744275	0	0	0	0	0	0	0	0	0	0	0	0	0	0	0	0	0	0	0	0	0	0	0	0	0	0	0	0	0	0	0	18.111595	0	0	0	0	0	0	0	0	0	0	0	0	0	0	0
genomad_k141_306243	0	0	0	0	0	0	0	0	0	0	0	0	0	0	0	0	0	0	0	0	0	0	0	0	0	0	0	0	0	0	0	0	0	18.758537	0	0	0	0	0	0	0	0	0	0	0	0	0
genomad_k141_2149656	0	0	0	0	0	0	0	0	0	0	0	0	0	0	0	0	0	0	0	0	0	0	0	0	0	0	0	0	0	0	0	0	0	17.830727	0	0	0	0	0	0	0	0	0	0	0	0	0
genomad_k141_3339582	0	0	0	0	0	0	0	0	0	0	0	0	0	0	0	0	0	0	0	0	0	0	0	0	0	0	0	0	0	0	0	0	0	15.858215	0	0	0	0	0	0	0	0	0	0	0	0	0
genomad_k141_723532	0	0	0	0	0	0	0	0	0	0	0	0	0	0	0	0	0	0	0	0	0	0	0	0	0	0	0	0	0	0	0	18.799715	21.224287	2.7150657	0	0	0	0	0	0	0	0	0	0	0	0	0
genomad_k141_2566400	0	0	0	0	0	0	0	0	0	0	0	0	0	0	0	0	0	0	0	0	0	0	0	0	0	0	0	0	0	0	32.803883	35.247887	0	20.43805	0	0	0	0	0	0	0	0	0	0	0	0	0
genomad_k141_1911746	0	0	0	0	0	0	0	0	0	0	0	0	0	0	0	0	0	0	0	0	0	0	0	0	0	0	4535.564	0	0	0	0	0	0	0	0	0	0	0	0	0	0	0	0	0	0	0	0
genomad_k141_663384	0	0	0	0	0	0	0	0	0	0	0	0	0	0	0	0	0	0	0	0	0	0	0	0	0	0	0	0	0	0	0	0	103.97939	617.1226	0	125.030334	0	0	0	0	0	0	0	0	0	0	0
genomad_k141_2030893	0	0	0	0	0	0	0	0	0	0	0	0	0	0	0	0	0	0	0	0	0	0	0	0	0	0	0	0	0	0	31.082523	13.535278	45.339573	83.98773	0	0	0	0	0	0	0	0	0	0	0	0	0
genomad_k141_2744358	0	0	0	0	0	0	0	0	0	0	0	0	0	0	0	0	0	0	0	0	0	0	0	0	0	0	0	0	0	0	0	0	25.793718	7.6470885	0	0	0	0	0	0	0	0	0	0	0	0	0
genomad_k141_1793486	0	0	0	0	0	0	0	0	0	0	0	0	0	0	0	0	0	0	0	0	0	0	0	0	0	0	0	0	0	0	85.366615	45.114887	0	0	0	0	0	0	0	0	0	0	0	0	0	0	0
genomad_k141_2744369	0	0	0	0	0	0	0	0	0	0	0	0	0	0	0	0	0	0	0	0	0	0	0	0	0	0	0	0	0	0	0	43.76563	16.51096	53.06618	0	0	0	0	0	0	0	0	0	0	0	0	0
genomad_k141_1257465	0	0	0	0	1117.9491	1153.6085	0	0	1913.7256	1963.5763	0	0	0	0	0	0	0	0	0	0	0	0	0	0	0	0	0	0	0	0	0	0	0	0	0	0	0	0	0	0	0	0	0	0	0	0	0
genomad_k141_3160814	0	0	0	0	0	0	0	0	0	0	0	0	47.773575	0	0	0	0	0	0	0	0	0	0	0	0	0	0	0	0	0	0	0	0	0	0	0	0	0	0	0	0	0	0	0	0	0	0
genomad_k141_1495864	0	0	0	0	0	0	0	0	0	0	0	0	0	0	0	0	0	0	0	0	0	0	0	0	0	0	0	0	0	0	0	0	41.420532	28.31462	0	0	0	0	0	0	0	0	0	0	0	0	0
genomad_k141_2863568	0	0	0	0	0	0	0	0	0	0	0	0	0	0	0	0	0	0	0	0	0	0	0	0	0	0	0	0	0	0	0	0	42.680603	25.634993	0	0	0	0	0	0	0	0	0	0	0	0	0
genomad_k141_1555431	0	0	0	0	2074.4558	2067.5823	0	0	0	0	0	0	0	0	0	0	0	0	0	0	0	0	0	0	0	0	0	0	0	0	0	0	0	0	0	0	0	0	0	0	0	0	0	0	0	0	0
genomad_k141_723666	0	0	0	0	0	0	0	0	0	0	0	0	0	0	0	0	0	0	0	0	0	0	0	0	0	0	0	0	0	0	0	0	0	10.693405	0	0	0	0	0	0	0	0	0	0	0	0	0
genomad_k141_3756818	0	0	0	0	0	0	0	0	0	0	0	0	0	0	0	0	0	0	0	0	0	0	0	0	0	0	0	0	0	0	0	0	63.740353	81.3595	0	0	0	0	0	0	0	0	0	0	0	0	0
genomad_k141_663490	0	0	0	0	0	0	0	0	0	0	0	0	0	0	0	0	0	0	0	0	0	0	0	0	0	0	0	0	0	0	0	110.27209	0	19.376123	0	0	0	0	0	0	0	0	0	0	0	0	0
genomad_k141_2031010	0	0	0	0	0	0	0	0	0	0	0	0	0	0	0	0	0	0	0	0	0	0	0	0	0	0	0	0	0	0	0	0	64.20135	5.7633705	0	0	0	0	0	0	0	0	0	0	0	0	0
genomad_k141_68947	0	0	0	0	0	0	0	0	0	0	0	0	0	0	0	0	0	0	0	0	0	0	0	0	0	0	0	0	0	0	58.498062	100.86935	0	0	0	0	0	0	0	0	0	0	0	0	0	0	0
genomad_k141_1852659	0	0	0	0	0	0	0	0	0	0	0	0	0	0	0	0	0	0	0	0	0	0	0	0	0	0	0	0	0	0	0	0	0	36.89185	0	0	0	0	0	0	0	0	0	0	0	0	0
genomad_k141_3756865	0	0	0	0	0	0	0	0	0	0	0	0	0	0	0	0	0	0	0	0	0	0	0	0	0	0	0	0	0	0	0	0	0	10.164663	0	0	0	0	0	0	0	0	0	0	0	0	0
genomad_k141_1733573	0	0	0	0	0	0	0	0	0	0	0	0	0	0	0	0	0	0	0	0	0	0	0	0	0	0	0	0	0	0	0	0	28.920137	70.402504	0	0	0	0	0	0	0	0	0	0	0	0	0
genomad_k141_2447301	0	0	0	0	0	0	0	0	0	0	0	0	0	0	0	0	0	0	0	0	0	0	0	0	0	0	0	0	0	0	0	0	47.77087	37.769337	0	0	0	0	0	0	0	0	0	0	0	0	0
genomad_k141_2983092	0	0	0	0	0	0	0	0	0	0	0	0	0	0	0	0	0	0	0	0	0	0	0	0	0	0	0	0	3134.935	3420.4456	0	0	0	0	0	0	0	0	0	0	0	0	0	0	0	0	0
genomad_k141_2269363	0	0	0	0	0	0	0	0	0	0	0	0	0	0	0	0	0	0	0	0	0	0	0	0	0	0	0	0	0	0	26.022789	22.669432	0	20.407862	0	0	0	0	0	0	0	0	0	0	0	0	0
genomad_k141_128560	0	0	0	0	0	0	0	0	0	0	0	0	0	0	0	0	0	0	0	0	0	0	0	0	0	0	0	0	0	0	0	0	0	46.856384	0	0	0	0	0	0	0	0	0	0	0	0	0
genomad_k141_2684844	0	0	0	0	0	0	0	0	0	0	0	0	0	0	0	0	0	0	0	0	0	0	0	0	0	0	0	0	0	0	0	0	0	14.476272	0	0	0	0	0	0	0	0	0	0	0	0	0
genomad_k141_69062	0	0	0	0	0	0	0	0	0	0	0	0	0	0	0	0	0	0	0	0	0	0	0	0	0	0	0	0	0	0	0	0	22.177519	37.85163	0	0	0	0	0	0	0	0	0	0	0	0	0
genomad_k141_2090639	0	0	0	0	0	0	0	0	0	0	0	0	234.90053	0	0	0	0	0	0	0	0	0	0	0	0	0	0	0	0	0	0	0	0	0	0	0	0	0	0	0	0	0	0	0	0	0	0
genomad_k141_247529	0	0	0	0	0	0	0	0	0	0	0	0	0	0	0	0	0	0	0	0	0	0	0	0	0	0	0	0	0	0	0	0	234.0056	174.90932	0	49.705116	0	0	0	0	0	0	0	0	0	0	0
genomad_k141_2863778	0	0	0	0	0	0	0	0	0	0	0	0	0	0	0	0	0	0	0	0	0	0	0	0	0	0	0	0	0	0	0	0	73.1566	101.74761	0	0	0	0	0	0	0	0	0	0	0	0	0
genomad_k141_3161046	0	0	0	0	0	0	0	0	0	0	0	0	0	0	0	0	0	0	0	0	0	0	0	0	0	0	0	0	0	0	0	0	0	5.7232533	0	0	0	0	0	0	0	0	0	0	0	0	0
genomad_k141_187678	0	0	0	0	0	0	0	0	0	0	0	0	0	0	0	0	0	0	0	0	0	0	0	0	0	0	0	0	0	0	0	0	31.488445	153.34396	0	66.624916	0	0	0	0	0	0	0	0	0	0	0
genomad_k141_426710	0	0	0	0	0	0	0	0	0	0	0	0	0	0	0	0	0	0	0	0	0	0	0	0	0	0	0	0	0	0	149.74002	603.2628	0	0	0	0	0	0	0	0	0	0	0	0	0	0	0
genomad_k141_1377361	0	0	0	0	0	0	0	0	0	0	0	0	0	0	0	0	0	0	0	0	0	0	0	0	0	0	0	0	0	0	62.845383	57.499397	0	0	0	0	0	0	0	0	0	0	0	0	0	0	0
genomad_k141_9768	0	0	0	0	0	0	0	0	0	0	0	0	0	0	0	0	0	0	0	0	0	0	0	0	0	0	0	0	0	0	0	0	22.743204	15.658284	0	0	0	0	0	0	0	0	0	0	0	0	0
genomad_k141_247545	0	0	0	0	0	0	0	0	0	0	0	0	0	0	0	0	0	0	0	0	0	0	0	0	0	0	0	0	0	0	178.70438	212.43831	0	0	0	0	0	0	0	0	0	0	0	0	0	0	0
genomad_k141_366772	0	0	0	0	0	0	0	0	0	0	0	0	0	0	0	0	0	0	0	0	0	0	0	0	0	0	0	0	0	0	186.70766	101.110085	0	0	0	0	0	0	0	0	0	0	0	0	0	0	0
genomad_k141_901526	0	0	0	0	0	0	0	0	0	0	0	0	0	0	0	0	0	0	0	0	0	0	0	0	0	0	0	0	0	0	64.955734	15.258718	0	0	0	0	0	0	0	0	0	0	0	0	0	0	0
genomad_k141_1317694	0	0	0	0	0	0	0	750.50525	0	0	0	0	0	0	0	0	0	0	0	0	0	0	0	0	0	0	0	0	0	0	1661.6763	1364.4125	53.645676	52.392185	0	0	0	0	0	0	0	0	0	0	0	0	0
genomad_k141_2269539	0	0	0	0	0	0	0	0	0	0	0	0	0	0	0	0	0	0	0	0	0	0	0	0	0	0	0	0	0	0	0	0	0	46.141193	0	0	0	0	0	0	0	0	0	0	0	0	0
genomad_k141_1377435	0	0	0	0	0	0	0	0	0	0	0	0	0	0	0	0	0	0	0	0	0	0	0	0	0	0	0	0	0	0	72.3757	30.794455	0	0	0	0	0	0	0	0	0	0	0	0	0	0	0
genomad_k141_2447495	0	0	0	0	0	0	0	0	0	0	0	0	0	0	0	0	0	0	0	0	0	0	0	0	0	0	0	0	0	0	0	0	0	16.615238	0	0	0	0	0	0	0	0	0	0	0	0	0
genomad_k141_426809	0	0	0	0	0	0	0	0	0	0	0	0	0	0	0	0	0	0	0	0	0	0	0	0	0	0	0	0	0	0	23.699253	51.959892	0	0	0	0	0	0	0	0	0	0	0	0	0	0	0
genomad_k141_2388361	0	0	0	0	0	0	0	0	0	0	0	0	0	0	0	0	0	0	0	0	0	0	0	0	0	0	0	0	0	0	0	0	34.14722	8.656269	0	0	0	0	0	0	0	0	0	0	0	0	0
genomad_k141_3280433	0	0	0	0	0	0	0	0	0	0	0	0	0	0	0	0	0	0	0	0	0	0	0	0	0	0	0	0	0	0	0	0	40.906364	23.18378	0	0	0	0	0	0	0	0	0	0	0	0	0
genomad_k141_2923433	0	0	0	0	0	0	0	0	0	0	0	0	0	0	0	0	0	0	0	0	0	0	0	0	0	0	0	0	0	0	0	43.01112	0	0	0	0	0	0	0	0	0	0	0	0	0	0	0
genomad_k141_2983291	0	0	0	0	0	0	0	0	0	0	0	0	0	0	0	0	0	0	0	0	0	0	0	0	0	0	0	0	0	0	0	0	0	10.130962	0	0	0	0	0	0	0	0	0	0	0	0	0
genomad_k141_1674247	0	0	0	0	0	0	0	0	0	0	0	0	0	0	0	0	0	0	0	0	0	0	0	0	0	0	0	0	0	0	0	0	0	199.27646	0	0	0	0	0	0	0	0	0	0	0	0	0
genomad_k141_9874	0	0	0	0	0	0	0	0	0	0	0	0	0	0	0	0	0	0	0	0	0	0	0	0	0	0	0	0	0	0	0	0	26.040213	39.59413	0	0	0	0	0	0	0	0	0	0	0	0	0
genomad_k141_2923445	0	0	0	0	0	0	0	0	0	0	0	0	0	0	0	0	0	0	0	0	0	0	0	0	0	0	0	0	0	0	0	15.826236	87.58305	91.42604	0	43.88324	0	0	0	0	0	0	0	0	0	0	0
genomad_k141_485426	0	0	0	0	0	0	0	0	0	0	0	0	0	0	0	0	0	0	0	0	0	0	0	0	0	0	0	0	0	0	0	0	995.86115	0	0	0	0	0	0	0	0	0	0	0	0	0	0
genomad_k141_544365	0	0	0	0	0	0	0	0	0	0	0	0	0	0	0	0	0	0	0	0	0	0	0	0	0	0	0	0	0	0	510.80438	12.7873335	0	0	0	0	0	0	0	0	0	0	0	0	0	0	0
genomad_k141_1436478	0	0	0	0	0	0	0	0	0	0	0	0	0	0	0	0	0	0	0	0	0	0	0	0	0	0	0	0	0	0	0	0	0	7.6173415	0	0	0	0	0	0	0	0	0	0	0	0	0
genomad_k141_1971856	0	0	0	0	0	0	0	0	0	0	0	0	0	0	0	0	0	0	0	0	0	0	0	0	0	0	0	0	0	0	0	0	0	14.135829	0	0	0	0	0	0	0	0	0	0	0	0	0
genomad_k141_604182	0	0	0	0	0	0	0	0	0	0	0	0	0	0	0	0	0	0	0	0	0	0	0	0	0	0	0	0	0	0	0	0	0	0	0	0	0	0	0	0	0	0	0	0	0	0	0
genomad_k141_544371	0	0	0	0	0	0	0	0	0	0	0	0	0	0	0	0	0	0	0	0	0	0	0	0	0	0	0	0	0	0	0	0	23.200315	16.91593	0	0	0	0	0	0	0	0	0	0	0	0	0
genomad_k141_1555771	0	0	0	0	0	0	0	0	0	0	0	0	0	0	0	0	0	0	0	0	0	0	0	0	0	0	0	0	0	0	32.319916	99.18589	0	0	0	0	0	0	0	0	0	0	0	0	0	0	0
genomad_k141_1852934	0	0	0	0	0	0	0	0	0	0	0	0	0	0	0	0	0	0	0	0	0	0	0	0	0	0	0	0	0	0	0	0	145.16673	94.281166	0	0	0	0	0	0	0	0	0	0	0	0	0
genomad_k141_366898	0	0	0	0	0	0	0	0	0	0	0	0	0	0	0	0	0	0	0	0	0	0	0	0	0	0	0	0	0	0	0	76.97087	0	0	0	0	0	0	0	0	0	0	0	0	0	0	0
genomad_k141_2031355	0	0	0	0	0	0	0	0	0	0	0	0	0	0	0	0	1197.6438	985.8103	0	0	0	0	0	0	0	0	0	0	0	0	0	0	0	0	0	0	0	0	0	0	0	0	0	0	0	0	0
genomad_k141_2863914	0	0	0	0	0	0	0	0	0	0	0	0	0	0	0	0	0	0	0	0	0	0	0	0	0	0	0	0	0	0	32.752575	26.125746	0	0	0	0	0	0	0	0	0	0	0	0	0	0	0
genomad_k141_2328917	0	0	0	0	0	0	0	0	0	0	0	0	0	0	0	0	0	0	0	0	0	0	0	0	0	0	0	0	0	0	0	0	47.29388	143.04723	0	0	0	0	0	0	0	0	0	0	0	0	0
genomad_k141_1496269	0	0	0	0	0	0	0	0	0	0	0	0	0	0	0	0	0	0	0	0	0	0	0	0	0	0	0	0	0	0	0	0	31.551928	120.463776	0	0	0	0	0	0	0	0	0	0	0	0	0
genomad_k141_2626348	0	0	0	0	0	0	0	0	0	0	0	0	0	0	0	0	0	0	0	0	0	0	0	0	0	0	0	0	0	0	0	0	16.874111	109.22866	0	39.444515	0	0	0	0	0	0	0	0	0	0	0
genomad_k141_1733826	0	0	0	0	0	0	0	0	0	0	0	0	0	0	0	0	0	0	0	0	0	0	0	0	0	0	0	0	0	0	0	0	62.455353	38.207275	0	0	0	0	0	0	0	0	0	0	0	0	0
genomad_k141_366990	0	0	0	0	0	0	0	0	0	0	0	0	0	0	0	0	0	0	0	0	0	0	0	0	0	0	0	0	0	0	0	0	30.782867	15.306996	0	0	0	0	0	0	0	0	0	0	0	0	0
genomad_k141_3577934	0	0	0	0	0	0	0	0	0	0	0	0	0	0	0	0	0	0	0	0	0	0	0	0	0	0	0	0	0	0	0	0	0	9.320376	0	0	0	0	0	0	0	0	0	0	0	0	0
genomad_k141_3102149	0	0	0	0	0	0	0	0	0	0	0	0	0	0	0	0	0	0	0	0	0	0	0	0	0	0	0	0	0	0	0	0	0	0	545.0021	227.66359	0	0	0	0	0	0	0	0	0	0	0
genomad_k141_3102155	0	0	0	0	0	0	0	0	0	0	0	0	0	0	0	0	0	0	0	0	0	0	0	0	0	0	0	0	0	0	0	0	36.23472	191.95001	0	71.44628	0	0	0	0	0	0	0	0	0	0	0
genomad_k141_842431	0	0	0	0	0	0	0	0	0	0	0	0	0	0	0	0	0	0	0	0	0	0	0	0	0	0	0	0	0	0	0	45.776566	0	0	0	0	0	0	0	0	0	0	0	0	0	0	0
genomad_k141_2031481	0	0	0	0	0	0	0	0	0	0	0	0	0	0	0	0	0	0	0	0	0	0	0	0	0	0	0	0	0	0	0	25.008486	0	3.2217	0	0	0	0	0	0	0	0	0	0	0	0	0
genomad_k141_1020414	0	0	0	0	0	0	0	0	0	0	0	0	0	0	0	0	0	0	0	0	0	0	0	0	0	0	0	0	0	0	0	0	46.139324	43.943394	0	0	0	0	0	0	0	0	0	0	0	0	0
genomad_k141_961363	0	0	0	0	0	0	0	0	0	0	0	0	0	0	0	0	0	0	0	0	0	0	0	0	0	0	0	0	0	0	0	0	0	9.452553	0	0	0	0	0	0	0	0	0	0	0	0	0
genomad_k141_1020427	0	0	0	0	0	0	0	0	0	0	0	0	0	0	0	0	0	0	0	0	0	0	0	0	0	0	0	0	0	0	0	0	23.985655	17.603718	0	0	0	0	0	0	0	0	0	0	0	0	0
genomad_k141_1615504	0	0	0	0	0	0	0	0	0	0	0	0	0	0	0	0	0	0	0	0	0	0	0	0	0	0	0	0	118.40198	0	0	0	0	0	0	0	0	0	0	0	0	0	0	0	0	0	0
genomad_k141_3161348	0	0	0	0	0	0	0	0	0	0	0	0	0	0	0	0	0	0	0	0	0	0	0	0	0	0	0	0	0	0	0	21.782558	0	23.798077	0	0	0	0	0	0	0	0	0	0	0	0	0
genomad_k141_1139537	0	0	0	0	0	0	0	0	0	0	0	0	0	0	0	0	0	0	0	0	0	0	0	0	0	0	0	0	0	0	118.543365	112.59624	0	90.986824	0	0	0	0	0	0	0	0	0	0	0	0	0
genomad_k141_2744917	0	0	0	0	0	0	0	0	0	0	0	0	0	0	0	0	0	0	0	0	0	0	0	0	0	0	0	0	0	0	0	0	0	23.162077	0	0	0	0	0	0	0	0	0	0	0	0	0
genomad_k141_427068	0	0	0	0	0	0	0	0	0	0	0	0	0	0	0	0	0	0	0	0	0	0	0	0	0	0	0	0	0	0	0	0	97.362976	0	0	0	0	0	0	0	0	0	0	0	0	0	0
genomad_k141_2567132	0	0	0	0	0	0	0	0	0	0	0	0	0	0	0	0	0	0	0	0	0	0	0	0	0	0	0	0	0	0	68.406685	15.057548	0	0	0	0	0	0	0	0	0	0	0	0	0	0	0
genomad_k141_1972111	0	0	0	0	0	0	0	0	0	0	0	0	0	0	0	0	0	0	0	0	0	0	0	0	0	0	0	0	0	0	0	0	23.71188	5.247658	0	0	0	0	0	0	0	0	0	0	0	0	0
genomad_k141_1912422	0	0	0	0	0	0	0	0	0	0	0	0	0	0	0	0	0	0	0	0	0	0	0	0	0	0	0	0	0	0	0	0	68.49155	86.41116	0	0	0	0	0	0	0	0	0	0	0	0	0
genomad_k141_1317997	0	0	0	0	0	0	0	0	0	0	0	0	0	0	0	0	0	0	0	0	0	0	0	0	0	0	0	0	0	0	0	0	0	11.477622	0	0	0	0	0	0	0	0	0	0	0	0	0
genomad_k141_3697430	0	0	0	0	0	0	0	0	0	0	0	0	0	0	0	0	0	0	0	0	0	0	0	0	0	0	0	0	0	0	35.31923	59.39469	0	0	0	0	0	0	0	0	0	0	0	0	0	0	0
genomad_k141_1674507	0	0	0	0	0	0	0	0	0	0	0	0	0	0	0	0	0	0	0	0	0	0	0	0	0	0	0	0	71.087906	0	0	0	0	0	0	0	0	0	0	0	0	0	0	0	0	0	0
genomad_k141_1674509	0	0	0	0	0	0	0	0	0	0	0	0	0	0	0	0	0	0	0	0	0	0	0	0	0	0	0	0	0	0	0	63.49951	0	0	0	0	0	0	0	0	0	0	0	0	0	0	0
genomad_k141_1436755	0	0	0	0	1370.4071	1278.2233	0	0	0	0	0	0	0	0	0	0	0	0	0	0	0	0	0	0	0	0	0	0	0	0	0	0	0	0	0	0	0	0	0	0	0	0	0	0	0	0	0
genomad_k141_2626601	0	0	0	0	0	0	0	0	0	0	0	0	0	0	0	0	0	0	0	0	0	0	0	0	0	0	0	0	0	0	0	0	30.38473	12.685357	0	0	0	0	0	0	0	0	0	0	0	0	0
genomad_k141_367181	0	0	0	0	0	0	0	0	0	0	0	0	0	0	0	0	0	0	0	0	0	0	0	0	0	0	0	0	0	0	0	109.1979	0	0	0	0	0	0	0	0	0	0	0	0	0	0	0
genomad_k141_2269927	0	0	0	0	2572.77	2491.9521	0	0	0	0	0	0	0	0	0	0	0	0	0	0	0	0	0	0	0	0	0	0	0	0	0	0	0	0	0	0	0	0	0	0	0	0	0	0	0	0	0
genomad_k141_1674546	0	0	0	0	0	0	0	0	0	0	0	0	0	0	0	0	0	0	0	0	0	0	0	0	0	0	0	0	0	0	0	0	0	9.171627	0	0	0	0	0	0	0	0	0	0	0	0	0
genomad_k141_1556008	0	0	0	0	0	0	0	0	0	0	0	0	0	0	0	0	0	0	0	0	0	0	0	0	0	0	0	0	0	0	47.774208	0	38.147873	0	0	0	0	0	0	0	0	0	0	0	0	0	0
genomad_k141_2923781	0	0	0	0	0	0	0	0	0	0	0	0	0	0	0	0	0	0	0	0	0	0	0	0	0	0	0	0	0	0	0	0	132.0567	31.588242	0	0	0	0	0	0	0	0	0	0	0	0	0
genomad_k141_248087	0	0	0	0	0	0	0	0	0	0	0	0	0	0	0	0	0	0	0	0	0	0	0	0	0	0	0	0	0	0	0	0	0	46.379158	0	0	0	0	0	0	0	0	0	0	0	0	0
genomad_k141_3042986	0	0	0	0	0	0	0	0	0	0	0	0	0	0	0	0	0	0	0	0	0	0	0	0	0	0	0	0	0	0	0	0	32.416756	73.33684	0	0	0	0	0	0	0	0	0	0	0	0	0
genomad_k141_2269969	0	0	0	0	0	0	0	0	0	0	0	0	0	0	0	0	0	0	0	0	0	0	0	0	0	0	0	0	0	0	49.65082	37.83138	0	2.6408947	0	0	0	0	0	0	0	0	0	0	0	0	0
genomad_k141_1020636	0	0	0	0	0	0	0	0	0	0	0	0	0	0	0	0	0	0	0	0	0	0	0	0	0	0	0	0	0	0	0	0	0	8.273313	0	0	0	0	0	0	0	0	0	0	0	0	0
genomad_k141_3340382	0	0	0	0	0	0	0	0	0	0	0	0	0	0	0	0	0	0	0	0	0	0	0	0	0	0	0	0	0	0	0	59.7692	46.97232	322.92685	0	117.721245	0	0	0	0	0	0	0	0	0	0	0
genomad_k141_664156	0	0	0	0	0	0	0	0	0	0	0	0	0	0	0	0	0	0	0	0	0	0	0	0	0	0	0	0	0	0	0	48.821472	0	0	0	0	0	0	0	0	0	0	0	0	0	0	0
genomad_k141_1080730	0	0	0	0	0	0	0	0	0	0	0	0	0	0	0	0	0	0	0	0	0	0	0	0	0	0	0	0	0	0	235.83586	128.30608	0	0	0	0	0	0	0	0	0	0	0	0	0	0	0
genomad_k141_2983698	0	0	0	0	0	0	0	0	0	0	0	0	0	0	0	0	0	0	0	0	0	0	0	0	0	0	0	0	0	0	0	0	0	28.042389	0	0	0	0	0	0	0	0	0	0	0	0	0
genomad_k141_1794335	0	0	0	0	0	0	0	183.81262	0	0	0	0	0	0	0	0	0	0	0	0	0	0	0	0	0	0	0	0	0	0	477.6018	459.39374	0	0	0	0	0	0	0	0	0	0	0	0	0	0	0
genomad_k141_2210075	0	0	0	0	0	0	0	0	0	0	0	0	0	0	0	0	0	0	0	0	0	0	0	0	0	0	0	0	0	0	29.461264	13.206817	0	0	0	0	0	0	0	0	0	0	0	0	0	0	0
genomad_k141_1199071	0	0	0	0	0	0	0	0	0	0	0	0	0	0	0	0	0	0	0	0	0	0	0	0	0	0	0	0	0	0	0	20.663166	0	12.126059	0	0	0	0	0	0	0	0	0	0	0	0	0
genomad_k141_842793	0	0	0	0	0	0	0	0	0	0	0	0	0	0	0	0	0	0	0	0	0	0	0	0	0	0	0	0	0	0	0	0	0	56.5496	0	0	0	0	0	0	0	0	0	0	0	0	0
genomad_k141_1436878	0	0	0	0	0	0	0	0	0	0	10999.134	0	0	0	0	0	0	0	0	0	0	0	0	0	0	0	0	0	0	0	0	0	0	0	0	0	0	0	8084.562	7528.033	0	0	0	0	0	0	0
genomad_k141_724496	0	0	0	0	0	0	0	0	0	0	0	0	0	0	0	0	0	0	0	0	0	0	0	0	0	0	0	0	0	0	0	0	0	28.22989	0	0	0	0	0	0	0	0	0	0	0	0	0
genomad_k141_2685506	0	0	0	0	0	0	0	0	0	0	0	0	0	0	0	0	0	0	0	0	0	0	0	0	0	0	0	0	0	0	0	0	69.46532	28.941792	0	0	0	0	0	0	0	0	0	0	0	0	0
genomad_k141_842844	0	0	0	0	0	0	0	0	0	0	0	0	0	0	0	0	1063.3118	1025.7767	0	0	0	0	0	0	0	0	0	0	0	0	0	0	0	0	0	0	0	0	0	0	0	0	0	0	0	0	0
genomad_k141_1972373	0	0	0	0	0	0	0	0	0	0	0	0	0	0	0	0	0	0	0	69620.03	68569.66	0	0	0	0	0	0	0	0	0	0	0	0	0	0	0	0	0	0	0	0	0	0	0	0	0	0
genomad_k141_427464	0	0	0	0	0	0	0	384.2143	0	0	0	0	0	0	0	0	0	0	0	0	0	0	0	0	0	0	0	0	0	0	0	164.33514	0	0	0	0	0	0	0	0	0	0	0	0	0	0	0
genomad_k141_1674746	0	0	0	0	0	0	0	0	0	0	0	0	0	0	0	0	0	0	0	0	0	0	0	0	0	0	0	0	0	0	0	0	0	77.290054	0	0	0	0	0	0	0	0	0	0	0	0	0
genomad_k141_1080880	0	0	0	0	0	0	0	0	0	0	0	0	0	0	0	0	0	0	0	0	0	0	0	0	0	0	0	0	0	0	39.99697	27.134848	0	0	0	0	0	0	0	0	0	0	0	0	0	0	0
genomad_k141_842887	0	0	0	0	0	0	0	0	0	0	0	0	0	0	0	0	0	0	0	0	0	0	0	0	0	0	0	0	0	0	0	0	48.330963	41.699272	0	0	0	0	0	0	0	0	0	0	0	0	0
genomad_k141_2150692	0	0	0	0	0	0	0	944.075	0	0	0	0	0	0	0	0	0	0	0	0	0	0	0	0	0	0	0	0	0	0	1117.7065	1332.0461	48.123684	50.075626	0	0	0	0	0	0	0	0	0	0	0	0	0
genomad_k141_2388872	0	0	0	0	0	0	0	0	0	0	0	0	0	0	0	0	0	0	0	0	0	0	0	0	0	0	0	0	0	0	0	0	0	89.30729	0	0	0	0	0	0	0	0	0	0	0	0	0
genomad_k141_1139982	0	0	0	0	0	0	0	0	0	0	0	0	0	0	0	0	0	0	0	0	0	0	0	0	0	0	0	0	0	0	0	0	34.61968	4.656326	0	0	0	0	0	0	0	0	0	0	0	0	0
genomad_k141_248313	0	0	0	0	0	0	0	0	0	0	0	0	0	0	0	0	0	0	0	0	0	0	0	0	0	0	0	0	0	0	0	52.246975	24.698847	65.959755	0	0	0	0	0	0	0	0	0	0	0	0	0
genomad_k141_2864332	0	0	0	0	0	0	0	0	0	0	0	0	0	0	0	0	0	0	0	0	0	0	0	0	0	0	0	0	0	0	46.396168	21.2161	0	0	0	0	0	0	0	0	0	0	0	0	0	0	0
genomad_k141_2685618	0	0	0	0	0	0	0	0	0	0	0	0	0	0	0	0	0	0	0	0	0	0	0	0	0	0	0	0	0	0	0	0	0	0	0	157.86713	0	0	0	0	0	0	0	0	0	0	0
genomad_k141_3578436	0	0	0	0	0	0	0	0	0	0	0	0	0	0	0	0	0	0	0	0	0	0	0	0	0	0	0	0	0	0	0	0	67.42291	23.06855	0	0	0	0	0	0	0	0	0	0	0	0	0
genomad_k141_2210225	0	0	0	0	0	0	0	0	0	0	0	0	0	0	0	0	0	0	0	0	0	0	0	0	0	0	0	0	0	0	0	0	155.73459	61.04838	0	0	0	0	0	0	0	0	0	0	0	0	0
genomad_k141_1496917	0	0	0	0	0	0	0	0	0	0	0	0	1249.1144	0	0	0	0	0	0	0	0	0	0	0	0	0	0	0	0	0	0	0	0	0	0	0	0	0	0	0	0	0	0	0	0	0	0
genomad_k141_1080990	0	0	0	0	0	0	0	0	0	0	0	0	0	0	0	0	0	0	0	0	0	0	0	0	0	0	0	0	0	0	0	0	0	40.42914	0	0	0	0	0	0	0	0	0	0	0	0	0
genomad_k141_3578472	0	0	0	0	2263.8777	2147.5605	0	0	0	0	0	0	0	0	0	0	0	0	0	0	0	0	0	0	0	0	0	0	0	0	0	0	0	0	0	0	0	0	0	0	0	0	0	0	0	0	0
genomad_k141_2626976	0	0	0	0	0	0	0	379.55368	0	0	0	0	0	0	0	0	0	0	0	0	0	0	0	0	0	0	0	0	0	0	29.63376	242.89212	0	12.10319	0	0	0	0	0	0	0	0	0	0	0	0	0
genomad_k141_2150816	0	0	0	0	0	0	0	0	0	0	0	0	0	0	0	0	0	0	0	0	0	0	0	0	0	0	0	0	0	0	0	19.99575	0	0	0	0	0	0	0	0	0	0	0	0	0	0	0
genomad_k141_3281136	0	0	0	0	0	0	0	0	0	0	0	0	0	0	0	0	0	0	0	0	0	0	0	0	0	0	0	0	0	0	0	0	0	6.9312787	0	0	0	0	0	0	0	0	0	0	0	0	0
genomad_k141_3757643	0	0	0	0	0	0	0	0	0	0	0	0	0	0	0	0	0	0	0	0	0	0	0	0	0	0	0	0	0	0	0	0	140.12556	57.38837	0	0	0	0	0	0	0	0	0	0	0	0	0
genomad_k141_248396	0	0	0	0	0	0	0	0	0	0	0	0	0	0	0	0	0	0	0	0	0	0	0	0	0	0	0	0	81.01416	338.5317	0	0	0	0	0	0	0	0	0	0	0	0	0	0	0	0	0
genomad_k141_1556455	0	0	0	0	0	0	0	0	0	0	0	0	0	0	0	0	772.5713	848.7106	0	0	0	0	0	0	0	0	0	0	0	0	0	0	0	0	0	0	0	0	0	0	0	0	0	0	0	0	0
genomad_k141_2507874	0	0	0	0	0	0	0	0	0	0	0	0	0	0	0	0	0	0	0	0	0	0	0	0	0	0	0	0	0	0	0	0	0	0	0	0	0	0	0	0	0	0	0	0	0	0	0
genomad_k141_1675012	0	0	0	0	0	0	0	0	0	0	0	0	0	0	0	0	0	0	0	0	0	0	0	0	0	0	0	0	0	0	0	0	0	17.798403	0	0	0	0	0	0	0	0	0	0	0	0	0
genomad_k141_3102848	0	0	0	0	0	0	0	0	0	0	0	0	0	0	0	0	0	0	0	0	0	0	0	0	0	0	0	0	0	0	0	0	24.509022	40.681522	0	0	0	0	0	0	0	0	0	0	0	0	0
genomad_k141_3281203	0	0	0	0	0	0	0	0	0	0	0	0	0	0	0	0	0	0	0	0	0	0	0	0	0	0	0	0	0	0	28.82421	20.589558	0	0	0	0	0	0	0	0	0	0	0	0	0	0	0
genomad_k141_2804667	0	0	0	0	0	0	0	0	0	0	0	0	0	0	0	0	0	0	0	0	0	0	0	0	0	0	0	0	45.93686	0	0	0	0	0	0	0	0	0	0	0	0	0	0	0	0	0	0
genomad_k141_3578584	0	0	0	0	0	0	0	0	0	0	0	0	0	0	0	0	0	0	0	0	0	0	0	0	0	0	0	0	0	0	0	0	0	5.3072233	0	0	0	0	0	0	0	0	0	0	0	0	0
genomad_k141_1734450	0	0	0	0	0	0	0	0	0	0	0	0	0	0	0	0	0	0	0	0	0	0	0	0	0	0	0	0	0	0	0	74.098946	0	4.7739387	0	0	0	0	0	0	0	0	0	0	0	0	0
genomad_k141_248454	0	0	0	0	0	0	0	0	0	0	0	0	0	0	0	0	1058.555	1048.5707	0	0	0	0	0	0	0	0	0	0	0	0	0	0	0	0	0	0	0	0	0	0	0	0	0	0	0	0	0
genomad_k141_545243	0	0	0	0	0	0	0	0	0	0	0	0	0	0	0	0	0	0	0	0	0	0	0	0	0	0	0	0	0	0	0	0	0	126.805756	0	0	0	0	0	0	0	0	0	0	0	0	0
genomad_k141_2567739	0	0	0	0	0	0	0	0	0	0	0	0	0	0	0	0	0	0	0	0	0	0	0	0	0	0	0	0	0	0	0	0	0	25.726171	0	0	0	0	0	0	0	0	0	0	0	0	0
genomad_k141_3697807	0	0	0	0	0	0	0	0	0	0	0	0	0	0	0	0	0	0	0	0	0	0	0	0	0	0	0	0	0	0	0	0	0	16.778358	0	0	0	0	0	0	0	0	0	0	0	0	0
genomad_k141_3518708	0	0	0	0	0	0	0	0	0	0	0	0	0	0	0	0	0	0	0	0	0	0	0	0	0	0	0	0	0	0	46.61765	128.93127	0	0	0	0	0	0	0	0	0	0	0	0	0	0	0
genomad_k141_1497053	0	0	0	0	0	0	0	0	0	0	0	0	0	0	0	0	0	0	0	0	0	0	0	0	0	0	0	0	0	0	0	47.608727	0	10.351241	0	0	0	0	0	0	0	0	0	0	0	0	0
genomad_k141_3340762	0	0	0	0	0	0	0	0	0	0	0	0	0	0	0	0	0	0	0	0	0	0	0	0	0	0	0	0	0	0	0	0	52.293957	20.650997	0	0	0	0	0	0	0	0	0	0	0	0	0
genomad_k141_1020996	0	0	0	0	0	0	0	0	0	0	0	0	0	0	0	0	0	0	0	0	0	0	0	0	0	0	0	0	0	0	0	0	319.2369	211.81096	0	66.69751	0	0	0	0	0	0	0	0	0	0	0
genomad_k141_2032215	0	0	0	0	0	0	0	0	0	0	0	0	0	0	0	0	0	0	0	0	0	0	0	0	0	0	0	0	0	0	0	0	85.74514	159.1081	0	0	0	0	0	0	0	0	0	0	0	0	0
genomad_k141_2685844	0	0	0	0	0	0	0	0	0	0	0	0	0	0	0	0	0	0	0	0	0	0	0	0	0	0	0	0	0	0	0	0	0	6.325565	0	0	0	0	0	0	0	0	0	0	0	0	0
genomad_k141_3399688	0	0	0	0	0	0	0	0	0	0	0	0	0	0	0	0	0	0	0	0	0	0	0	0	0	0	0	0	0	0	0	0	0	76.17393	0	0	0	0	0	0	0	0	0	0	0	0	0
genomad_k141_2507988	0	0	0	0	0	0	0	0	0	0	0	0	0	0	0	0	0	0	0	0	0	0	0	0	0	0	0	0	0	0	0	29.042213	0	0	0	0	0	0	0	0	0	0	0	0	0	0	0
genomad_k141_2150985	0	0	0	0	0	0	0	0	0	0	0	0	0	0	0	0	0	0	0	0	0	0	0	0	0	0	0	0	0	0	0	0	45.96012	117.79351	0	0	0	0	0	0	0	0	0	0	0	0	0
genomad_k141_3221612	0	0	0	0	0	0	0	0	0	0	0	0	0	0	0	0	0	0	0	0	0	0	0	0	0	0	0	0	0	0	65.9853	28.319576	0	0	0	0	0	0	0	0	0	0	0	0	0	0	0
genomad_k141_1199511	0	0	0	0	0	0	0	0	0	0	0	0	0	0	0	0	0	0	0	0	0	0	0	0	0	0	0	0	0	0	0	0	54.663387	87.69996	0	0	0	0	0	0	0	0	0	0	0	0	0
genomad_k141_2150996	0	0	0	0	0	0	0	0	0	0	0	0	0	0	0	0	0	0	0	0	0	0	0	0	0	0	0	0	0	0	0	0	33.971	11.690075	0	0	0	0	0	0	0	0	0	0	0	0	0
genomad_k141_3340852	0	0	0	0	0	0	0	0	0	0	0	0	0	0	0	0	0	0	0	0	0	0	0	0	0	0	0	0	0	0	0	0	124.79782	62.037697	0	0	0	0	0	0	0	0	0	0	0	0	0
genomad_k141_2032284	0	0	0	0	0	0	0	0	0	0	0	0	0	0	0	0	0	0	0	0	0	0	0	0	0	0	0	0	0	0	0	0	0	8.800173	0	0	0	0	0	0	0	0	0	0	0	0	0
genomad_k141_10875	0	0	0	0	0	0	0	0	0	0	0	0	0	0	0	0	0	0	0	0	0	0	0	0	0	0	0	0	538.53186	155.69994	0	0	0	0	0	0	0	0	0	0	0	0	0	0	0	0	0
genomad_k141_2448478	0	0	0	0	0	0	0	0	0	0	0	0	0	0	0	0	0	0	0	0	0	0	0	0	0	0	0	0	0	0	30.136324	16.680012	0	3.993262	0	0	0	0	0	0	0	0	0	0	0	0	0
genomad_k141_3757863	0	0	0	0	0	0	0	0	0	0	0	0	0	0	0	0	0	0	0	0	0	0	0	0	0	0	0	0	0	0	21.16855	65.83761	0	0	0	0	0	0	0	0	0	0	0	0	0	0	0
genomad_k141_1853852	0	0	0	0	0	0	0	0	0	0	0	0	0	0	0	0	0	0	0	0	0	0	0	0	0	0	0	0	0	0	0	0	1004.1794	385.60095	0	173.5595	0	0	0	0	0	0	0	0	0	0	0
genomad_k141_1794942	0	0	0	0	0	0	0	0	0	0	0	0	0	0	0	0	0	0	0	0	0	0	0	0	0	0	0	0	75.06996	0	0	0	0	0	0	0	0	0	0	0	0	0	0	0	0	0	0
genomad_k141_2389231	0	0	0	0	0	0	0	0	0	0	0	0	0	0	0	0	0	0	0	0	0	0	0	0	0	0	0	0	0	0	0	0	0	8.704132	0	0	0	0	0	0	0	0	0	0	0	0	0
genomad_k141_307738	0	0	0	0	0	0	0	409.38147	0	0	0	0	0	0	0	0	0	0	0	0	0	0	0	0	0	0	0	0	0	0	39.123573	255.4341	29.121778	129.85324	0	56.856842	0	0	0	0	0	0	0	0	0	0	0
genomad_k141_3162169	0	0	0	0	0	0	0	0	0	0	0	0	0	0	0	0	0	0	0	0	0	0	0	0	0	0	0	0	0	0	121.33711	118.32948	62.739872	63.468666	0	59.562256	0	0	0	0	0	0	0	0	0	0	0
genomad_k141_2210592	5067.914	5037.2363	0	0	0	0	0	0	0	0	0	0	0	0	0	0	0	0	0	0	0	0	0	0	0	0	0	0	0	0	0	0	0	0	0	0	0	0	0	0	0	0	0	0	0	0	0
genomad_k141_3281377	0	0	0	0	0	0	0	0	0	0	0	0	0	0	0	0	0	0	0	0	0	0	0	0	0	0	0	0	0	0	0	0	0	30.482882	0	0	0	0	0	0	0	0	0	0	0	0	0
genomad_k141_3460111	0	0	0	0	0	0	0	0	0	0	0	0	0	0	0	0	0	0	0	0	0	0	0	0	0	0	0	0	0	0	0	0	26.07153	22.677298	0	0	0	0	0	0	0	0	0	0	0	0	0
genomad_k141_2627361	0	0	0	0	0	0	0	0	0	0	0	0	0	0	0	0	0	0	0	0	0	0	0	0	0	0	0	0	0	0	0	0	89.894424	59.954605	0	0	0	0	0	0	0	0	0	0	0	0	0
genomad_k141_2270697	0	0	0	0	0	0	0	0	0	0	0	0	0	0	0	0	0	0	0	0	0	0	0	0	0	0	0	0	0	0	0	26.906767	0	12.2015915	0	0	0	0	0	0	0	0	0	0	0	0	0
genomad_k141_3698048	0	0	0	0	0	0	0	0	0	0	0	0	0	0	0	0	0	0	0	0	0	0	0	0	0	0	0	0	2204.322	1007.2748	0	0	0	0	0	0	0	0	0	0	0	0	0	0	0	0	0
genomad_k141_1853969	0	0	0	0	0	0	0	0	0	0	0	0	0	0	0	0	0	0	0	0	0	0	0	0	0	0	0	0	0	0	0	0	10.862426	19.240067	0	0	0	0	0	0	0	0	0	0	0	0	0
genomad_k141_2508152	0	0	0	0	0	0	0	0	0	0	0	0	0	0	0	0	0	0	0	0	0	0	0	0	0	0	0	0	0	0	0	0	0	14.136396	0	0	0	0	0	0	0	0	0	0	0	0	0
genomad_k141_3162219	0	0	0	0	0	0	0	0	0	0	0	0	0	0	0	0	0	0	0	0	0	0	0	0	0	0	0	0	0	0	0	0	37.0474	106.57806	0	0	0	0	0	0	0	0	0	0	0	0	0
genomad_k141_3578896	0	0	0	0	0	0	0	0	0	0	0	0	0	0	0	0	0	0	0	0	0	0	0	0	0	0	0	0	71.03445	0	0	0	0	0	0	0	0	0	0	0	0	0	0	0	0	0	0
genomad_k141_605345	0	0	0	0	0	0	0	0	0	0	0	0	0	0	0	0	0	0	0	0	0	0	0	0	0	0	0	0	0	0	0	0	16.963825	6.5990024	0	0	0	0	0	0	0	0	0	0	0	0	0
genomad_k141_307861	0	0	0	0	0	0	0	0	0	0	0	0	0	0	0	0	0	0	0	0	0	0	0	0	0	0	0	0	0	0	0	19.12639	0	0	0	0	0	0	0	0	0	0	0	0	0	0	0
genomad_k141_1318891	0	0	0	0	0	0	0	0	0	0	0	0	0	0	0	0	0	0	0	0	0	0	0	0	0	0	0	0	0	0	0	26.502855	0	0	0	0	0	0	0	0	0	0	0	0	0	0	0
genomad_k141_70279	0	0	0	0	0	0	0	0	0	0	0	0	0	0	0	0	0	0	0	0	0	0	0	0	0	0	0	0	0	0	0	0	41.65711	84.86382	0	0	0	0	0	0	0	0	0	0	0	0	0
genomad_k141_307867	0	0	0	0	0	0	0	0	0	0	0	0	0	0	0	0	0	0	0	0	0	0	0	0	0	0	0	0	0	0	0	0	22.56228	7.5665474	0	0	0	0	0	0	0	0	0	0	0	0	0
genomad_k141_2389310	0	0	0	0	0	0	0	0	0	0	0	0	0	0	0	0	0	0	0	0	0	0	0	0	0	0	0	0	0	0	0	0	51.74187	127.32215	0	0	0	0	0	0	0	0	0	0	0	0	0
genomad_k141_783210	0	0	0	0	0	0	0	0	0	0	0	0	0	0	0	0	0	0	0	0	0	0	0	0	0	0	0	0	0	0	0	0	0	16.469223	0	0	0	0	0	0	0	0	0	0	0	0	0
genomad_k141_1437511	0	0	0	0	0	0	0	0	0	0	0	0	0	0	0	0	0	0	0	0	0	0	0	0	0	0	0	0	0	0	437.01315	0	0	0	0	0	0	0	0	0	0	0	0	0	0	0	0
genomad_k141_2924579	0	0	0	0	0	0	0	0	0	0	0	0	0	0	0	0	0	0	0	0	0	0	0	0	0	0	0	0	0	0	0	0	0	11.86913	0	0	0	0	0	0	0	0	0	0	0	0	0
genomad_k141_2151266	0	0	0	0	0	0	0	0	0	0	0	0	0	0	0	0	0	0	0	0	0	0	0	0	0	0	0	0	0	0	54.831516	67.47684	0	10.409111	0	0	0	0	0	0	0	0	0	0	0	0	0
genomad_k141_3698099	0	0	0	0	0	0	0	0	0	0	0	0	0	0	0	0	0	0	0	0	0	0	0	0	0	0	0	0	0	0	0	0	0	33.021793	0	0	0	0	0	0	0	0	0	0	0	0	0
genomad_k141_2091529	0	0	0	0	0	0	0	0	0	0	0	0	0	0	0	0	0	0	0	0	0	0	0	0	0	0	0	0	0	0	0	69.70947	0	57.98707	0	0	0	0	0	0	0	0	0	0	0	0	0
genomad_k141_3519086	0	0	0	0	0	0	0	0	0	0	0	0	53.19196	0	0	0	0	0	0	0	0	0	0	0	0	0	0	0	0	0	0	0	0	0	0	0	0	0	0	0	0	0	0	0	0	0	0
genomad_k141_2270862	0	0	0	0	0	0	0	0	0	0	0	0	0	0	0	0	0	0	0	0	0	0	0	0	0	0	0	0	0	0	0	0	108.59986	281.30905	0	161.9903	0	0	0	0	0	0	0	0	0	0	0
genomad_k141_902863	0	0	0	0	0	0	0	0	0	0	0	0	0	0	0	0	0	0	0	0	0	0	0	0	0	0	0	0	0	0	0	0	17.948425	6.3123775	0	0	0	0	0	0	0	0	0	0	0	0	0
genomad_k141_1319003	0	0	0	0	0	0	0	0	0	0	0	0	0	0	0	0	0	0	0	0	0	0	0	0	0	0	0	0	0	0	317.663	169.21913	0	0	0	0	0	0	0	0	0	0	0	0	0	0	0
genomad_k141_2330141	0	0	0	0	0	0	0	0	0	0	0	0	0	0	0	0	0	0	0	0	0	0	0	0	0	0	0	0	0	0	0	0	0	5.455541	0	0	0	0	0	0	0	0	0	0	0	0	0
genomad_k141_2091558	0	0	0	0	0	0	0	0	0	0	0	0	0	0	0	0	0	0	0	0	0	0	0	0	0	0	0	0	0	0	0	38.40658	0	0	0	0	0	0	0	0	0	0	0	0	0	0	0
genomad_k141_2805141	0	0	0	0	0	0	0	0	0	0	0	0	0	0	0	0	0	0	0	0	0	0	0	0	0	0	0	0	0	0	0	0	57.620068	115.92043	0	0	0	0	0	0	0	0	0	0	0	0	0
genomad_k141_2864859	0	0	0	0	0	0	0	0	0	0	0	0	0	0	0	0	0	0	0	0	0	0	0	0	0	0	0	0	0	0	47.393433	79.48009	0	0	0	0	0	0	0	0	0	0	0	0	0	0	0
genomad_k141_725419	0	0	0	0	0	0	0	0	0	0	0	0	0	0	0	0	0	0	0	0	0	0	0	0	0	0	0	0	0	0	0	49.25725	0	0	0	0	0	0	0	0	0	0	0	0	0	0	0
genomad_k141_2924749	0	0	0	0	0	0	0	0	0	0	0	0	0	0	0	0	0	0	0	0	0	0	0	0	0	0	0	0	0	0	0	0	0	8.897321	0	0	0	0	0	0	0	0	0	0	0	0	0
genomad_k141_1199910	0	0	0	0	0	0	0	0	0	0	0	0	0	0	0	0	0	0	0	0	0	0	0	0	0	0	0	0	0	0	109.39934	119.34526	0	0	0	0	0	0	0	0	0	0	0	0	0	0	0
genomad_k141_2568122	0	0	0	0	0	0	0	0	0	0	0	0	0	0	0	0	0	0	0	0	0	0	0	0	0	0	0	0	0	0	52.443016	55.56071	0	0	0	0	0	0	0	0	0	0	0	0	0	0	0
genomad_k141_1973060	0	0	0	0	0	0	0	0	0	0	0	0	0	0	0	0	0	0	0	0	0	0	0	0	0	0	0	0	0	0	0	0	75.033325	59.28168	0	0	0	0	0	0	0	0	0	0	0	0	0
genomad_k141_2568155	0	0	0	0	0	0	0	0	0	0	0	0	0	0	0	0	0	0	0	0	0	0	0	0	0	0	0	0	36.734783	0	0	0	0	0	0	0	0	0	0	0	0	0	0	0	0	0	0
genomad_k141_545862	0	0	0	0	0	0	0	0	0	0	0	0	0	0	0	0	0	0	0	0	0	0	0	0	0	0	0	0	0	0	20.952145	26.987394	0	0	0	0	0	0	0	0	0	0	0	0	0	0	0
genomad_k141_3044030	0	0	0	0	0	0	0	0	0	0	0	0	0	0	0	0	0	0	0	0	0	0	0	0	0	0	0	0	0	0	0	45.843666	44.945126	553.1929	0	143.06664	0	0	0	0	0	0	0	0	0	0	0
genomad_k141_249090	0	0	0	0	0	0	0	0	0	0	0	0	0	0	0	0	0	0	0	0	0	0	0	0	0	0	0	0	93.56798	170.10071	0	0	0	0	0	0	0	0	0	0	0	0	0	0	0	0	0
genomad_k141_783561	0	0	0	0	0	0	0	0	0	0	0	0	0	0	0	0	0	0	0	0	0	0	0	0	0	0	0	0	0	0	0	29.975975	246.61223	167.5051	0	0	0	0	0	0	0	0	0	0	0	0	0
genomad_k141_1319202	0	0	0	0	0	0	0	0	0	0	0	0	0	0	0	0	0	0	0	0	0	0	0	0	0	0	0	0	0	0	0	0	0	15.692863	0	0	0	0	0	0	0	0	0	0	0	0	0
genomad_k141_2924860	0	0	0	0	0	0	0	0	0	0	0	0	0	0	0	0	0	0	0	0	0	0	0	0	0	0	0	0	0	0	0	0	0	0	0	0	0	0	0	0	0	0	0	0	0	0	0
genomad_k141_2508567	0	0	0	0	0	0	0	0	0	0	0	0	0	0	0	0	0	0	0	0	0	0	0	0	0	0	0	0	0	0	0	35.89556	0	0	0	0	0	0	0	0	0	0	0	0	0	0	0
genomad_k141_783585	0	0	0	0	0	0	0	0	0	0	0	0	0	0	0	0	0	0	0	0	0	0	0	0	0	0	0	0	0	0	0	0	15.85316	5.226151	0	0	0	0	0	0	0	0	0	0	0	0	0
genomad_k141_3638848	0	0	0	0	0	0	0	0	0	0	0	0	0	0	0	0	0	0	0	0	0	0	0	0	0	0	0	0	0	0	354.55603	86.898056	0	0	0	0	0	0	0	0	0	0	0	0	0	0	0
genomad_k141_2686476	0	0	0	0	0	0	0	0	0	0	0	0	0	0	0	0	0	0	0	0	0	0	0	0	0	0	0	0	0	0	0	0	98.01101	56.540184	0	0	0	0	0	0	0	0	0	0	0	0	0
genomad_k141_130277	0	0	0	0	0	0	0	0	0	0	0	0	0	0	0	0	0	0	0	0	0	0	0	0	0	0	0	0	0	0	0	0	25.164875	37.164513	0	0	0	0	0	0	0	0	0	0	0	0	0
genomad_k141_308282	0	0	0	0	0	0	0	0	0	0	0	0	0	0	0	0	0	0	0	0	0	0	0	0	0	0	0	0	213.38376	0	0	0	0	0	0	0	0	0	0	0	0	0	0	0	0	0	0
genomad_k141_3103593	0	0	0	0	0	0	0	0	0	0	0	0	0	0	0	0	0	0	0	0	0	0	0	0	0	0	0	0	0	0	0	0	0	9.565295	0	0	0	0	0	0	0	0	0	0	0	0	0
genomad_k141_1259055	0	0	0	0	0	0	0	0	0	0	0	0	0	0	0	0	0	0	0	0	0	0	0	0	0	0	0	0	0	0	0	0	23.28241	56.84876	0	0	0	0	0	0	0	0	0	0	0	0	0
genomad_k141_1973193	0	0	0	0	0	0	0	0	0	0	0	0	0	0	0	0	0	0	0	0	0	0	0	0	0	0	0	0	0	0	0	0	0	0	0	0	0	0	0	0	0	0	0	0	0	0	0
genomad_k141_189156	0	0	0	0	0	0	0	0	0	0	0	0	0	0	0	0	0	0	0	0	0	0	0	0	0	0	0	0	0	0	0	0	15.056876	10.705142	0	0	0	0	0	0	0	0	0	0	0	0	0
genomad_k141_2568329	0	0	0	0	0	0	0	0	0	0	0	0	0	0	0	0	0	0	0	0	0	0	0	0	0	0	0	0	0	0	0	0	30.835724	40.703926	0	0	0	0	0	0	0	0	0	0	0	0	0
genomad_k141_486757	0	0	0	0	0	0	0	0	0	0	0	0	0	0	0	0	0	0	0	0	0	0	0	0	0	0	0	0	0	0	0	0	0	10.896255	0	0	0	0	0	0	0	0	0	0	0	0	0
genomad_k141_3103668	0	0	0	0	0	0	0	0	0	0	0	0	0	0	0	0	0	0	0	0	0	0	0	0	0	0	0	0	0	0	0	0	32.329395	8.710586	0	0	0	0	0	0	0	0	0	0	0	0	0
genomad_k141_605851	0	0	0	0	0	0	0	0	0	0	0	0	0	0	0	0	0	0	0	0	0	0	0	0	0	0	0	0	0	0	0	0	19.80037	31.036846	0	0	0	0	0	0	0	0	0	0	0	0	0
genomad_k141_1913776	0	0	0	0	0	0	0	0	0	0	0	0	0	0	0	0	0	0	0	0	0	0	0	0	0	0	0	0	0	0	0	0	140.30579	0	0	0	0	0	0	0	0	0	0	0	0	0	0
genomad_k141_2449194	0	0	0	0	0	0	0	0	0	0	0	0	0	0	0	0	0	0	0	0	0	0	0	0	0	0	0	0	0	0	0	33.231003	0	0	0	0	0	0	0	0	0	0	0	0	0	0	0
genomad_k141_3222282	0	0	0	0	0	0	0	0	0	0	0	0	0	0	0	0	0	0	0	0	0	0	0	0	0	0	0	0	0	0	0	0	21.346771	49.47151	0	0	0	0	0	0	0	0	0	0	0	0	0
genomad_k141_2568379	0	0	0	0	0	0	0	0	0	0	0	0	0	0	0	0	0	0	0	0	0	0	0	0	0	0	0	0	406.0002	190.91534	0	0	0	0	0	0	0	0	0	0	0	0	0	0	0	0	0
genomad_k141_1735354	0	0	0	0	0	0	0	0	0	0	0	0	0	0	0	0	0	0	0	0	0	0	0	0	0	0	0	0	0	0	0	0	0	7.2441216	0	0	0	0	0	0	0	0	0	0	0	0	0
genomad_k141_1200268	0	0	0	0	0	0	0	0	0	0	0	0	0	0	0	0	0	0	0	0	0	0	0	0	0	0	0	0	0	0	23.954462	218.24094	0	39.91607	0	0	0	0	0	0	0	0	0	0	0	0	0
genomad_k141_844111	0	0	0	0	0	0	0	0	0	0	0	0	0	0	0	0	0	0	0	0	0	0	0	0	0	0	0	0	0	0	0	12.849475	0	11.556105	0	0	0	0	0	0	0	0	0	0	0	0	0
genomad_k141_1557511	0	0	0	0	0	0	0	0	0	0	0	0	0	0	0	0	0	0	0	0	0	0	0	0	0	0	0	0	0	0	0	0	30.358086	17.91867	0	0	0	0	0	0	0	0	0	0	0	0	0
genomad_k141_3400519	0	0	0	0	0	0	0	0	0	0	0	0	0	0	0	0	0	0	0	0	0	0	0	0	0	0	0	0	63.612133	0	0	0	0	0	0	0	0	0	0	0	0	0	0	0	0	0	0
genomad_k141_725876	0	0	0	0	0	0	0	0	0	0	0	0	0	0	0	0	0	0	0	0	0	0	0	0	0	0	0	0	0	0	0	0	43.19654	74.246666	0	0	0	0	0	0	0	0	0	0	0	0	0
genomad_k141_3044348	0	0	0	0	0	0	0	0	0	0	0	0	0	0	0	0	0	0	0	0	0	0	0	0	0	0	0	0	0	0	0	0	21.206472	12.595506	0	0	0	0	0	0	0	0	0	0	0	0	0
genomad_k141_1141048	0	0	0	0	0	0	0	0	0	0	0	0	0	0	0	0	0	0	0	0	0	0	0	0	0	0	0	0	0	0	0	0	0	15.454921	0	0	0	0	0	0	0	0	0	0	0	0	0
genomad_k141_11738	0	0	0	0	0	0	0	0	0	0	0	0	0	0	0	0	0	0	0	0	0	0	0	0	0	0	0	0	0	0	0	0	54.724476	31.056116	0	0	0	0	0	0	0	0	0	0	0	0	0
genomad_k141_962954	0	0	0	0	0	0	0	0	0	0	0	0	0	0	0	0	1006.0424	964.7945	0	0	0	0	0	0	0	0	0	0	0	0	0	0	0	0	0	0	0	0	0	0	0	0	0	0	0	0	0
genomad_k141_3282084	0	0	0	0	0	0	0	0	0	0	0	0	0	0	0	0	0	0	0	0	0	0	0	0	0	0	0	0	0	0	0	0	30.40015	36.392147	0	0	0	0	0	0	0	0	0	0	0	0	0
genomad_k141_2985065	0	0	0	0	0	0	0	0	0	0	0	0	0	0	0	0	0	0	0	0	0	0	0	0	0	0	0	0	0	0	0	0	139.86826	22.9093	0	0	0	0	0	0	0	0	0	0	0	0	0
genomad_k141_1200332	0	0	0	0	0	0	0	0	0	0	0	0	0	0	0	0	0	0	0	0	0	0	0	0	0	0	0	0	0	0	0	0	0	41.286983	0	0	0	0	0	0	0	0	0	0	0	0	0
genomad_k141_844168	0	0	0	0	0	0	0	0	0	0	0	0	0	0	0	0	0	0	0	0	0	0	0	0	0	0	0	0	0	0	0	0	11.729238	11.72948	0	0	0	0	0	0	0	0	0	0	0	0	0
genomad_k141_1141110	0	0	0	0	0	0	0	0	0	0	0	0	0	0	0	0	0	0	0	0	0	0	0	0	0	0	0	0	0	0	0	0	26.084639	130.05191	0	0	0	0	0	0	0	0	0	0	0	0	0
genomad_k141_1022087	0	0	0	0	0	0	0	0	0	0	0	0	68.32486	0	0	0	0	0	0	0	0	0	0	0	0	0	0	0	0	0	0	0	0	0	0	0	0	0	0	0	0	0	0	0	0	0	0
genomad_k141_130574	0	0	0	0	0	0	0	0	0	0	0	0	0	0	0	0	0	0	0	0	0	0	0	0	0	0	0	0	906.7941	2674.017	0	0	0	0	0	0	0	0	0	0	0	0	0	0	0	0	0
genomad_k141_2151851	0	0	0	0	0	0	0	0	0	0	0	0	0	0	0	0	0	0	0	0	0	0	0	0	0	0	0	0	0	0	0	0	18.607485	10.428647	0	0	0	0	0	0	0	0	0	0	0	0	0
genomad_k141_1379298	0	0	0	0	0	0	0	0	0	0	0	0	0	0	0	0	0	0	0	0	0	0	0	0	0	0	0	0	0	0	0	0	0	9.079354	0	0	0	0	0	0	0	0	0	0	0	0	0
genomad_k141_1379313	0	0	0	0	0	0	0	0	0	0	0	0	0	0	0	0	0	0	0	0	0	0	0	0	0	0	0	0	0	0	0	0	65.74473	221.23177	0	99.71811	0	0	0	0	0	0	0	0	0	0	0
genomad_k141_11817	0	0	0	0	0	0	0	0	0	0	0	0	0	0	0	0	0	0	0	0	0	0	0	0	0	0	0	0	0	0	0	0	49.875076	3.2740238	0	0	0	0	0	0	0	0	0	0	0	0	0
genomad_k141_1438188	0	0	0	0	0	0	0	0	0	0	0	0	0	0	0	0	0	0	0	0	0	0	0	0	0	0	0	0	0	0	0	25.751368	0	0	0	0	0	0	0	0	0	0	0	0	0	0	0
genomad_k141_2033324	0	0	0	0	0	0	0	0	0	0	0	0	0	0	0	0	0	0	0	0	0	0	0	0	0	0	0	0	0	0	0	0	56.449013	2.6929343	0	0	0	0	0	0	0	0	0	0	0	0	0
genomad_k141_2508989	0	0	0	0	0	0	0	0	0	0	0	0	0	0	0	0	0	0	0	0	0	0	0	0	0	0	0	0	0	0	0	0	21.999418	61.58544	0	0	0	0	0	0	0	0	0	0	0	0	0
genomad_k141_903443	0	0	0	0	0	0	0	0	0	0	0	0	0	0	0	0	0	0	0	0	0	0	0	0	0	0	0	0	0	0	0	0	0	9.1303625	0	0	0	0	0	0	0	0	0	0	0	0	0
genomad_k141_3639250	0	0	0	0	0	0	0	0	0	0	0	0	0	0	0	0	0	0	0	0	0	0	0	0	0	0	0	0	0	0	0	0	0	9.172977	0	0	0	0	0	0	0	0	0	0	0	0	0
genomad_k141_1200442	0	0	0	0	0	0	0	0	0	0	0	0	0	0	0	0	0	0	0	0	0	0	0	0	0	0	0	0	0	0	0	83.62029	34.19105	110.266	0	0	0	0	0	0	0	0	0	0	0	0	0
genomad_k141_1379399	0	0	0	0	0	0	0	0	0	0	0	0	0	0	0	0	0	0	0	0	0	0	0	0	0	0	0	0	0	0	0	0	0	67.898895	0	0	0	0	0	0	0	0	0	0	0	0	0
genomad_k141_1795965	0	0	0	0	0	0	0	0	0	0	0	0	0	0	0	0	0	0	0	0	0	0	0	0	0	0	0	0	0	0	0	0	0	21.066471	0	0	0	0	0	0	0	0	0	0	0	0	0
genomad_k141_726131	0	0	0	0	0	0	0	0	0	0	0	0	0	0	0	0	0	0	0	0	0	0	0	0	0	0	0	0	0	0	0	0	20.48021	242.83907	0	37.014214	0	0	0	0	0	0	0	0	0	0	0
genomad_k141_2687000	0	0	0	0	0	0	0	0	0	0	0	0	0	0	0	0	0	0	0	0	0	0	0	0	0	0	0	0	0	0	0	107.23346	0	9.024235	0	0	0	0	0	0	0	0	0	0	0	0	0
genomad_k141_428810	0	0	0	0	0	0	0	0	0	0	0	0	0	0	0	0	0	0	0	0	0	0	0	0	0	0	0	0	0	0	0	0	0	9.84795	0	0	0	0	0	0	0	0	0	0	0	0	0
genomad_k141_665706	0	0	0	0	0	0	0	0	0	0	0	0	0	0	0	0	0	0	0	0	0	0	0	0	0	0	0	0	0	0	41.178326	14.279073	0	0	0	0	0	0	0	0	0	0	0	0	0	0	0
genomad_k141_3519860	0	0	0	0	0	0	0	0	0	0	0	0	0	0	0	0	0	0	0	0	0	0	0	0	0	0	0	0	0	0	0	0	174.52116	88.76496	0	0	0	0	0	0	0	0	0	0	0	0	0
genomad_k141_3282299	0	0	0	0	0	0	0	0	0	0	0	0	0	0	0	0	0	0	0	0	0	0	0	0	0	0	0	0	247.68097	0	0	0	0	0	0	0	0	0	0	0	0	0	0	0	0	0	0
genomad_k141_2151971	0	0	0	0	0	0	0	0	0	0	0	0	0	0	0	0	0	0	0	0	0	0	0	0	0	0	0	0	0	0	0	0	141.43999	226.85118	0	0	0	0	0	0	0	0	0	0	0	0	0
genomad_k141_2271660	0	0	0	0	0	0	0	0	0	0	0	0	0	0	0	0	0	0	0	0	0	0	0	0	0	0	0	0	0	0	0	0	0	19.080412	0	0	0	0	0	0	0	0	0	0	0	0	0
genomad_k141_665736	0	0	0	0	0	0	0	0	0	0	0	0	0	0	0	0	0	0	0	0	0	0	0	0	0	0	0	0	0	0	0	0	59.26601	90.67428	0	0	0	0	0	0	0	0	0	0	0	0	0
genomad_k141_1141308	0	0	0	0	0	0	0	0	0	0	0	0	0	0	0	0	0	0	0	0	0	0	0	0	0	0	0	0	0	0	0	0	38.178253	5.818536	0	0	0	0	0	0	0	0	0	0	0	0	0
genomad_k141_3342025	0	0	0	0	0	0	0	0	0	0	0	0	0	0	0	0	0	0	0	0	0	0	0	0	0	0	0	0	0	0	0	0	25.83925	4.878748	0	0	0	0	0	0	0	0	0	0	0	0	0
genomad_k141_844383	0	0	0	0	0	0	0	0	0	0	0	0	0	0	0	0	0	0	0	0	0	0	0	0	0	0	0	0	0	0	0	0	0	54.03062	0	0	0	0	0	0	0	0	0	0	0	0	0
genomad_k141_2033525	0	0	0	0	823.5513	817.8357	0	0	0	0	0	0	0	0	0	0	0	0	0	0	0	0	0	0	0	0	0	0	0	0	57.574825	19.810741	0	0	0	0	0	0	0	0	0	0	0	0	0	0	0
genomad_k141_12009	0	0	0	0	0	0	0	0	0	0	0	0	0	0	0	0	0	0	0	0	0	0	0	0	0	0	0	0	0	0	0	0	0	10.274299	0	0	0	0	0	0	0	0	0	0	0	0	0
genomad_k141_963186	0	0	0	0	0	0	0	0	0	0	0	0	0	0	0	0	0	0	0	0	0	0	0	0	0	0	0	0	0	0	0	0	49.38388	0	0	0	0	0	0	0	0	0	0	0	0	0	0
genomad_k141_3400815	0	0	0	0	0	0	0	710.2346	0	0	0	0	0	0	0	0	0	0	0	0	0	0	0	0	0	0	0	0	0	0	180.69887	219.51929	0	0	0	0	0	0	0	0	0	0	0	0	0	0	0
genomad_k141_2628368	0	0	0	0	0	0	0	0	0	0	0	0	0	0	0	0	0	0	0	0	0	0	0	0	0	0	0	0	84.35051	0	0	0	0	0	0	0	0	0	0	0	0	0	0	0	0	0	0
genomad_k141_1854993	0	0	0	0	0	0	0	0	0	0	0	0	0	0	0	0	0	0	0	0	0	0	0	0	0	0	0	0	0	0	0	0	0	8.08086	0	0	0	0	0	0	0	0	0	0	0	0	0
genomad_k141_189668	0	0	0	0	0	0	0	0	0	0	0	0	0	0	0	0	0	0	0	0	0	0	0	0	0	0	0	0	0	0	0	0	38.443832	38.31659	0	0	0	0	0	0	0	0	0	0	0	0	0
genomad_k141_3282437	0	0	0	0	0	0	0	0	0	0	0	0	0	0	0	0	0	0	0	0	0	0	0	0	0	0	0	0	0	0	0	0	151.1799	35.614246	0	0	0	0	0	0	0	0	0	0	0	0	0
genomad_k141_2449775	0	0	0	0	0	0	0	0	0	0	0	0	0	0	0	0	0	0	0	0	0	0	0	0	0	0	0	0	0	0	0	0	89.32483	154.81905	0	0	0	0	0	0	0	0	0	0	0	0	0
genomad_k141_428983	0	0	0	0	0	0	0	0	0	0	0	0	0	0	0	0	0	0	0	0	0	0	0	0	0	0	0	0	0	0	0	0	0	12.540684	0	0	0	0	0	0	0	0	0	0	0	0	0
genomad_k141_1498610	0	0	0	0	0	0	0	0	0	0	0	0	0	0	0	0	0	0	0	0	0	0	0	0	0	0	0	0	0	0	0	0	25.260635	35.036976	0	0	0	0	0	0	0	0	0	0	0	0	0
genomad_k141_1676476	0	0	0	0	0	0	0	0	0	0	0	0	0	0	0	0	0	0	0	0	0	0	0	0	0	0	0	0	0	0	0	0	26.002977	15.084306	0	0	0	0	0	0	0	0	0	0	0	0	0
genomad_k141_726348	0	0	0	0	0	0	0	0	0	0	0	0	0	0	0	0	0	0	0	0	0	0	0	0	0	0	0	0	0	0	0	0	0	11.717018	0	0	0	0	0	0	0	0	0	0	0	0	0
genomad_k141_1141473	0	0	0	0	0	0	0	0	0	0	0	0	0	0	0	0	0	0	0	0	0	0	0	0	0	0	0	0	0	0	49.017162	112.33321	0	7.7424126	0	0	0	0	0	0	0	0	0	0	0	0	0
genomad_k141_1200732	0	0	0	0	0	0	0	0	0	0	0	0	0	0	0	0	0	0	0	0	0	0	0	0	0	0	0	0	0	0	0	0	23.765833	16.80281	0	0	0	0	0	0	0	0	0	0	0	0	0
genomad_k141_3104179	0	0	0	0	0	0	0	0	0	0	0	0	0	0	0	0	0	0	0	0	0	0	0	0	0	0	0	0	0	0	0	21.783993	0	0	0	0	0	0	0	0	0	0	0	0	0	0	0
genomad_k141_3400904	0	0	0	0	0	0	0	0	0	0	0	0	0	0	0	0	0	0	0	0	0	0	0	0	0	0	0	0	0	0	0	0	0	17.471058	0	0	0	0	0	0	0	0	0	0	0	0	0
genomad_k141_2152191	0	0	0	0	0	0	0	0	0	0	0	0	0	0	0	0	0	0	0	0	0	0	0	0	0	0	0	0	0	0	0	48.832558	0	20.371105	0	0	0	0	0	0	0	0	0	0	0	0	0
genomad_k141_2152192	0	0	0	0	0	0	0	0	0	0	0	0	0	0	0	0	0	0	0	0	0	0	0	0	0	0	0	0	250.40804	0	0	0	0	0	0	0	0	0	0	0	0	0	0	0	0	0	0
genomad_k141_2925773	0	0	0	0	0	0	0	0	0	0	0	0	0	0	0	0	0	0	0	0	0	0	0	0	0	0	0	0	0	0	0	0	0	13.27737	0	0	0	0	0	0	0	0	0	0	0	0	0
genomad_k141_3163200	0	0	0	0	0	0	0	0	0	0	0	0	0	0	0	0	0	0	0	0	0	0	0	0	0	0	0	0	0	0	0	0	50.928406	23.98591	0	0	0	0	0	0	0	0	0	0	0	0	0
genomad_k141_844595	0	0	0	0	0	0	0	0	0	0	0	0	0	0	0	0	0	0	0	0	0	0	0	0	0	0	0	0	0	0	0	0	0	13.022555	0	0	0	0	0	0	0	0	0	0	0	0	0
genomad_k141_2271957	0	0	0	0	0	0	0	0	0	0	0	0	0	0	0	0	0	0	0	0	0	0	0	0	0	0	0	0	0	0	105.51216	61.08887	0	0	0	0	0	0	0	0	0	0	0	0	0	0	0
genomad_k141_963439	0	0	0	0	0	0	0	0	0	0	0	0	0	0	0	0	0	0	0	0	0	0	0	0	0	0	0	0	0	0	0	0	28.56759	45.183628	0	0	0	0	0	0	0	0	0	0	0	0	0
genomad_k141_1973898	0	0	0	0	0	0	0	0	0	0	0	0	0	0	0	0	0	0	0	0	0	0	0	0	0	0	0	0	0	0	0	0	17.176498	19.486248	0	0	0	0	0	0	0	0	0	0	0	0	0
genomad_k141_963449	0	0	0	0	0	0	0	0	0	0	0	0	0	0	0	0	0	0	0	0	0	0	0	0	0	0	0	0	0	0	0	0	0	29.528858	0	0	0	0	0	0	0	0	0	0	0	0	0
genomad_k141_1438544	0	0	0	0	0	0	0	0	0	0	0	0	0	0	0	0	0	0	0	0	0	0	0	0	0	0	0	0	0	0	0	0	90.11608	145.73222	0	0	0	0	0	0	0	0	0	0	0	0	0
genomad_k141_249809	0	0	0	0	628.3302	645.71	0	0	0	0	0	0	13.497708	0	0	0	0	0	0	0	0	0	0	0	0	0	0	0	0	0	0	0	0	0	0	0	0	0	0	0	0	0	0	0	0	0	0
genomad_k141_1320116	0	0	0	0	0	0	0	0	0	0	0	0	75.66999	0	0	0	0	0	0	0	0	0	0	0	0	0	0	0	0	0	0	0	0	0	0	0	0	0	0	0	0	0	0	0	0	0	0
genomad_k141_784420	0	0	0	0	0	0	0	0	0	0	0	0	0	0	0	0	0	0	0	0	0	0	0	0	0	0	0	0	0	0	0	0	734.07916	122.73225	0	65.613045	0	0	0	0	0	0	0	0	0	0	0
genomad_k141_131068	0	0	0	0	0	0	0	0	0	0	0	0	0	0	0	0	0	0	0	0	0	0	0	0	0	0	0	0	0	0	0	49.6453	0	0	0	0	0	0	0	0	0	0	0	0	0	0	0
genomad_k141_3401033	0	0	0	0	0	0	0	0	0	0	0	0	0	0	0	0	0	0	0	0	0	0	0	0	0	0	0	0	0	0	0	0	48.32542	194.00092	0	0	0	0	0	0	0	0	0	0	0	0	0
genomad_k141_2211897	0	0	0	0	0	0	0	0	0	0	0	0	0	0	0	0	0	0	0	0	0	0	0	0	0	0	0	0	0	0	0	0	40.065113	47.9506	0	0	0	0	0	0	0	0	0	0	0	0	0
genomad_k141_1973932	0	0	0	0	0	0	0	0	0	0	0	0	0	0	0	0	0	0	0	0	0	0	0	0	0	0	0	0	0	0	0	0	26.528694	21.039265	0	0	0	0	0	0	0	0	0	0	0	0	0
genomad_k141_1200865	0	0	0	0	0	0	0	0	0	0	0	0	0	0	0	0	0	0	0	0	0	0	0	0	0	0	0	0	0	0	0	0	0	0	0	0	0	0	0	0	0	284.72232	248.35658	0	0	0	0
genomad_k141_3222969	0	0	0	0	0	0	0	0	0	0	0	0	0	0	0	0	0	0	0	0	0	0	0	0	0	0	0	0	0	0	0	0	62.048748	41.45825	0	0	0	0	0	0	0	0	0	0	0	0	0
genomad_k141_1558001	0	0	527.3206	582.0257	0	0	0	225.3475	0	0	0	1178.4043	0	0	0	0	0	0	0	0	0	0	0	0	0	395.3636	0	0	0	0	0	0	0	0	0	0	0	0	0	0	0	549.86725	582.8164	0	0	0	0
genomad_k141_2865825	0	0	0	0	0	0	0	0	0	0	0	0	0	0	0	0	0	0	0	0	0	0	0	0	0	0	0	0	0	0	0	0	84.44631	43.88864	0	0	0	0	0	0	0	0	0	0	0	0	0
genomad_k141_2925878	0	0	0	0	0	0	0	0	0	0	0	0	60.513412	0	0	0	0	0	0	0	0	0	0	0	0	0	0	0	0	0	0	0	0	0	0	0	0	0	0	0	0	0	0	0	0	0	0
genomad_k141_546771	0	0	0	0	0	0	0	0	0	0	0	0	0	0	0	0	547.49133	581.6762	0	0	0	0	0	0	0	0	0	0	0	0	0	0	0	0	0	0	0	0	0	0	0	0	0	0	0	0	0
genomad_k141_2865850	0	0	0	0	0	0	0	0	0	0	0	0	0	0	0	0	0	0	0	0	0	0	0	0	0	0	0	0	0	0	0	0	62.928913	0	0	0	0	0	0	0	0	0	0	0	0	0	0
genomad_k141_1498838	0	0	0	0	0	0	0	0	0	0	0	0	0	0	0	0	0	0	0	0	0	0	0	0	0	0	0	0	0	0	0	0	0	8.39002	0	0	0	0	0	0	0	0	0	0	0	0	0
genomad_k141_1914422	0	0	0	0	0	0	0	0	0	0	0	0	0	0	0	0	0	0	0	0	0	0	0	0	0	0	0	0	0	0	0	0	30.487822	33.293995	0	0	0	0	0	0	0	0	0	0	0	0	0
genomad_k141_3044982	0	0	0	0	0	0	0	0	0	0	0	0	0	0	0	0	0	0	0	0	0	0	0	0	0	0	0	0	0	0	0	0	0	65.686646	0	0	0	0	0	0	0	0	0	0	0	0	0
genomad_k141_487602	0	0	0	0	0	0	0	0	0	0	0	0	0	0	0	0	0	0	0	0	0	0	0	0	0	0	0	0	0	0	0	0	24.150747	182.07732	0	44.367756	0	0	0	0	0	0	0	0	0	0	0
genomad_k141_1736102	0	0	0	0	0	0	0	0	0	0	0	0	0	0	0	0	0	0	0	0	0	0	0	0	0	0	0	0	0	0	0	0	85.230865	5.8330503	0	0	0	0	0	0	0	0	0	0	0	0	0
genomad_k141_1498900	0	0	0	0	0	0	0	0	0	0	0	0	0	0	0	0	0	0	0	0	0	0	0	0	0	0	0	0	0	0	0	15.470259	0	0	0	0	0	0	0	0	0	0	0	0	0	0	0
genomad_k141_2509549	0	0	0	0	0	0	0	0	0	0	0	0	0	0	0	0	0	0	0	0	0	0	0	0	0	0	0	0	0	0	0	0	16.113815	34.71557	0	0	0	0	0	0	0	0	0	0	0	0	0
genomad_k141_2272128	0	0	0	0	0	0	0	0	0	0	0	0	0	0	0	0	0	0	0	0	0	0	0	0	0	0	0	0	0	0	0	46.88968	25.561771	36.278027	0	0	0	0	0	0	0	0	0	0	0	0	0
genomad_k141_1379991	0	0	0	0	0	0	0	0	0	0	0	0	0	0	0	0	0	0	0	0	0	0	0	0	0	0	0	0	0	0	0	0	0	30.008009	0	0	0	0	0	0	0	0	0	0	0	0	0
genomad_k141_903920	0	0	0	0	0	0	0	0	0	0	0	0	0	0	0	0	0	0	0	0	0	0	0	0	0	0	0	0	0	0	0	0	26.99978	85.726	0	0	0	0	0	0	0	0	0	0	0	0	0
genomad_k141_2687424	0	0	0	0	0	0	0	282.38638	0	0	0	0	0	0	0	0	0	0	0	0	0	0	0	0	0	0	0	0	0	0	143.99254	313.0621	0	0	0	0	0	0	0	0	0	0	0	0	0	0	0
genomad_k141_131152	0	0	0	0	0	0	0	174.98358	0	0	0	0	0	0	0	0	0	0	0	0	0	0	0	0	0	0	0	0	0	0	416.5253	240.5831	0	8.937027	0	0	0	0	0	0	0	0	0	0	0	0	0
genomad_k141_2806273	0	0	0	0	0	0	0	0	0	0	0	0	0	0	0	0	0	0	0	0	0	0	0	0	0	0	0	0	0	0	0	41.320644	24.948486	36.97385	0	0	0	0	0	0	0	0	0	0	0	0	0
genomad_k141_2865995	0	0	0	0	0	0	0	0	0	0	0	0	0	0	0	0	0	0	0	0	0	0	0	0	0	0	0	0	0	0	0	0	50.689358	7.083705	0	0	0	0	0	0	0	0	0	0	0	0	0
genomad_k141_2628810	0	0	0	0	0	0	0	278.67566	0	0	0	0	0	0	0	0	0	0	0	0	0	0	0	0	0	0	0	0	0	0	181.74342	328.4898	0	0	0	0	0	0	0	0	0	0	0	0	0	0	0
genomad_k141_904012	0	0	0	0	0	0	0	0	0	0	0	0	68.60762	0	0	0	0	0	0	0	0	0	0	0	0	0	0	0	0	0	0	0	0	0	0	0	0	0	0	0	0	0	0	0	0	0	0
genomad_k141_3401304	0	0	0	0	0	0	0	0	0	0	0	0	0	0	0	0	0	0	0	0	0	0	0	0	0	0	0	0	0	0	0	0	40.618935	39.1252	0	0	0	0	0	0	0	0	0	0	0	0	0
genomad_k141_2092828	0	0	0	0	0	0	0	0	0	0	0	0	0	0	0	0	0	0	0	0	0	0	0	0	0	0	0	0	0	0	0	0	0	0	0	0	0	0	0	0	0	0	0	0	0	0	0
genomad_k141_1380068	0	0	0	0	0	0	0	0	0	0	0	0	0	0	0	0	0	0	0	0	0	0	0	0	0	0	0	0	0	0	0	0	0	25.573542	0	0	0	0	0	0	0	0	0	0	0	0	0
genomad_k141_963761	0	0	0	0	0	0	0	0	0	0	0	0	0	0	0	0	0	0	0	0	0	0	0	0	0	0	0	0	0	0	0	0	166.61055	38.69302	0	0	0	0	0	0	0	0	0	0	0	0	0
genomad_k141_309432	0	0	0	0	0	0	0	0	0	0	0	0	0	0	0	0	0	0	0	0	0	0	0	0	0	0	0	0	0	0	0	86.53881	0	11.277872	0	0	0	0	0	0	0	0	0	0	0	0	0
genomad_k141_1320462	0	0	0	0	0	0	0	0	0	0	0	0	0	0	0	0	0	0	0	0	0	0	0	0	0	0	0	0	0	0	0	0	44.413475	47.248882	0	0	0	0	0	0	0	0	0	0	0	0	0
genomad_k141_2985834	0	0	0	0	0	0	0	0	0	0	0	0	0	0	0	0	0	0	0	0	0	0	0	0	0	0	0	0	0	0	0	0	375.33978	21.02327	0	0	0	0	0	0	0	0	0	0	0	0	0
genomad_k141_429474	0	0	0	0	0	0	0	0	0	0	0	0	0	0	0	0	0	0	0	0	0	0	0	0	0	0	0	0	0	0	0	0	21.550014	10.05966	0	0	0	0	0	0	0	0	0	0	0	0	0
genomad_k141_1142036	0	0	0	0	0	0	0	0	0	0	0	0	0	0	0	0	0	0	0	0	0	0	0	0	0	0	0	0	0	0	0	0	0	39.560978	0	0	0	0	0	0	0	0	0	0	0	0	0
genomad_k141_547043	0	0	0	0	0	0	0	0	0	0	0	0	0	0	0	0	0	0	0	0	0	0	0	0	0	0	0	0	0	0	0	0	132.03201	0	0	0	0	0	0	0	0	0	0	0	0	0	0
genomad_k141_3461608	0	0	0	0	0	0	0	0	0	0	0	0	0	0	0	0	0	0	0	0	0	0	0	0	0	0	0	0	0	0	0	82.27461	0	35.292458	0	0	0	0	0	0	0	0	0	0	0	0	0
genomad_k141_2926209	0	0	0	0	0	0	0	0	0	0	0	0	0	0	0	0	0	0	0	0	0	0	0	0	0	0	0	0	0	0	0	0	28.913105	37.68783	0	0	0	0	0	0	0	0	0	0	0	0	0
genomad_k141_904138	0	0	0	0	0	0	0	0	0	0	0	0	0	0	0	0	0	0	0	0	0	0	0	0	0	0	0	0	94.18466	0	0	0	0	0	0	0	0	0	0	0	0	0	0	0	0	0	0
genomad_k141_1796797	0	0	0	0	0	0	0	264.22467	0	0	0	0	0	0	0	0	0	0	0	0	0	0	0	0	0	0	0	0	0	0	146.51979	261.60773	0	0	0	0	0	0	0	0	0	0	0	0	0	0	0
genomad_k141_1083015	0	0	0	0	0	0	0	0	0	0	0	0	0	0	0	0	0	0	0	0	0	0	0	0	0	0	0	0	0	0	107.41712	24.283194	0	0	0	0	0	0	0	0	0	0	0	0	0	0	0
genomad_k141_3640117	0	0	0	0	0	0	0	0	0	0	0	0	0	0	0	0	0	0	0	0	0	0	0	0	0	0	0	0	0	0	0	0	137.91527	48.303665	0	0	0	0	0	0	0	0	0	0	0	0	0
genomad_k141_606908	0	0	0	0	0	0	0	0	0	0	0	0	0	0	0	0	0	0	0	0	0	0	0	0	0	0	0	0	0	0	0	0	0	7.9845223	0	0	0	0	0	0	0	0	0	0	0	0	0
genomad_k141_3580636	0	0	0	0	0	0	0	0	0	0	0	0	0	0	0	0	0	0	0	0	0	0	0	0	0	0	0	0	0	0	0	0	0	22.75492	0	0	0	0	0	0	0	0	0	0	0	0	0
genomad_k141_3640164	0	0	0	0	0	0	0	0	0	0	0	0	0	0	0	0	0	0	0	0	0	0	0	0	0	0	0	0	0	0	0	0	35.86316	11.371518	0	0	0	0	0	0	0	0	0	0	0	0	0
genomad_k141_3283132	0	0	0	0	0	0	0	0	0	0	0	0	0	0	0	0	0	0	0	0	0	0	0	0	0	0	0	0	0	0	0	95.591225	0	0	0	0	0	0	0	0	0	0	0	0	0	0	0
genomad_k141_3401615	0	0	0	0	0	0	0	0	0	0	0	0	0	0	0	0	0	0	0	0	0	0	0	0	0	0	0	0	0	0	0	0	0	97.53782	0	67.14654	0	0	0	0	0	0	0	0	0	0	0
genomad_k141_1855877	0	0	0	0	0	0	0	0	0	0	0	0	0	0	0	0	0	0	0	0	0	0	0	0	0	0	0	0	0	0	0	0	24.481073	3.6282647	0	0	0	0	0	0	0	0	0	0	0	0	0
genomad_k141_666573	0	0	0	0	0	0	0	0	0	0	0	0	0	0	0	0	0	0	0	0	0	0	0	0	0	0	0	0	0	0	0	0	0	6.808974	0	0	0	0	0	0	0	0	0	0	0	0	0
genomad_k141_2509971	0	0	0	0	0	0	0	0	0	0	0	0	0	0	0	0	0	0	0	0	0	0	0	0	0	0	0	0	0	0	0	34.116962	0	0	0	0	0	0	0	0	0	0	0	0	0	0	0
genomad_k141_429769	0	0	0	0	0	0	0	0	0	0	0	0	0	0	0	0	0	0	0	0	0	0	0	0	0	0	0	0	0	0	0	27.56137	0	64.86284	0	0	0	0	0	0	0	0	0	0	0	0	0
genomad_k141_964060	0	0	0	0	0	0	0	0	0	0	0	0	0	0	0	0	0	0	0	0	0	0	0	0	0	0	0	0	0	0	0	0	15.515748	24.454023	0	0	0	0	0	0	0	0	0	0	0	0	0
genomad_k141_72104	0	0	0	0	0	0	0	0	0	0	0	0	0	0	0	0	0	0	0	0	0	0	0	0	0	0	0	0	0	0	0	0	31.945837	41.26254	0	0	0	0	0	0	0	0	0	0	0	0	0
genomad_k141_1855922	0	0	0	0	0	0	0	0	0	0	0	0	0	0	0	0	0	0	0	0	0	0	0	0	0	0	0	0	0	0	0	0	186.4895	132.08167	0	113.195244	0	0	0	0	0	0	0	0	0	0	0
genomad_k141_2152862	0	0	0	0	0	0	0	0	0	0	0	0	0	0	0	0	0	0	0	0	0	0	0	0	0	0	0	0	0	0	0	0	0	24.376127	0	0	0	0	0	0	0	0	0	0	0	0	0
genomad_k141_2212493	0	0	0	0	0	0	0	0	0	0	0	0	0	0	0	0	0	0	0	0	0	0	0	0	0	0	0	0	0	0	0	15.354441	0	16.081219	0	0	0	0	0	0	0	0	0	0	0	0	0
genomad_k141_785102	0	0	0	0	0	0	0	0	0	0	0	0	0	0	0	0	0	0	0	0	0	0	0	0	0	0	0	0	0	0	0	0	28.37066	5.0070477	0	0	0	0	0	0	0	0	0	0	0	0	0
genomad_k141_1260383	0	0	0	0	0	0	0	0	0	0	0	0	0	0	0	0	0	0	0	0	0	0	0	0	0	0	0	0	0	0	0	0	16.884365	4.583749	0	0	0	0	0	0	0	0	0	0	0	0	0
genomad_k141_190241	998.3799	1024.9503	0	0	0	0	0	0	0	0	0	0	0	0	0	0	652.0923	573.9605	0	0	0	0	0	0	0	0	0	0	0	0	0	0	0	0	0	0	0	0	0	0	0	0	0	0	0	0	0
genomad_k141_72175	0	0	0	0	0	0	0	0	0	0	0	0	0	0	0	0	0	0	0	0	0	0	0	0	0	0	0	0	0	0	0	0	11.186584	15.748148	0	0	0	0	0	0	0	0	0	0	0	0	0
genomad_k141_1083236	0	0	0	0	0	0	0	0	0	0	0	0	0	0	0	0	0	0	0	0	0	0	0	0	0	0	0	0	142.74052	0	0	0	0	0	0	0	0	0	0	0	0	0	0	0	0	0	0
genomad_k141_12897	0	0	0	0	0	0	0	0	0	0	0	0	0	0	0	0	0	0	0	0	0	0	0	0	0	0	0	0	0	0	0	0	0	0	0	0	0	0	0	0	0	505.50888	497.20822	0	0	0	0
genomad_k141_3342974	0	0	0	0	0	0	0	0	0	0	0	0	0	0	0	0	0	0	0	0	0	0	0	0	0	0	0	0	0	0	0	0	0	7.123942	0	0	0	0	0	0	0	0	0	0	0	0	0
genomad_k141_785124	0	0	0	0	0	0	0	0	0	0	0	0	0	0	0	0	0	0	0	0	0	0	0	0	0	0	0	0	0	0	0	0	49.6987	0	0	0	0	0	0	0	0	0	0	0	0	0	0
genomad_k141_12903	0	0	0	0	0	0	0	0	0	0	0	0	0	0	0	0	0	0	0	0	0	0	0	0	0	0	0	0	0	0	0	0	23.318565	30.03849	0	0	0	0	0	0	0	0	0	0	0	0	0
genomad_k141_1677454	0	0	0	0	0	0	0	0	0	0	0	0	0	0	0	0	0	0	0	0	0	0	0	0	0	0	0	0	0	0	0	0	81.11452	327.21024	0	86.362976	0	0	0	0	0	0	0	0	0	0	0
genomad_k141_2687947	0	0	0	0	0	0	0	0	0	0	0	0	0	0	0	0	0	0	0	0	0	0	0	0	0	0	0	0	0	0	0	0	0	11.710315	0	0	0	0	0	0	0	0	0	0	0	0	0
genomad_k141_250479	0	0	0	0	0	0	0	0	0	0	0	0	0	0	0	0	0	0	0	0	0	0	0	0	0	0	0	0	0	0	0	30.9452	0	9.164821	0	0	0	0	0	0	0	0	0	0	0	0	0
genomad_k141_1677474	0	0	0	0	0	0	0	0	0	0	0	0	0	0	0	0	0	0	0	0	0	0	0	0	0	0	0	0	0	0	0	0	18.048033	99.8544	0	0	0	0	0	0	0	0	0	0	0	0	0
genomad_k141_607108	0	0	0	0	0	0	0	0	0	0	0	0	0	0	0	0	0	0	0	0	0	0	0	0	0	0	0	0	0	0	0	0	0	35.395187	0	0	0	0	0	0	0	0	0	0	0	0	0
genomad_k141_2332051	0	0	0	0	0	0	0	0	0	0	0	0	0	0	0	0	0	0	0	0	0	0	0	0	0	0	0	0	192.76567	0	0	0	0	0	0	0	0	0	0	0	0	0	0	0	0	0	0
genomad_k141_785180	0	0	0	0	0	0	0	0	0	0	0	0	0	0	0	0	0	0	0	0	0	0	0	0	0	0	0	0	0	0	0	0	0	0	0	93.35179	0	0	0	0	0	0	0	0	0	0	0
genomad_k141_3104953	0	0	0	0	0	0	0	0	0	0	0	0	0	0	0	0	0	0	0	0	0	0	0	0	0	0	0	0	0	0	175.01799	84.11014	0	7.640795	0	0	0	0	0	0	0	0	0	0	0	0	0
genomad_k141_2629394	0	0	0	0	0	0	0	0	0	0	0	0	0	0	0	0	0	0	0	0	0	0	0	0	0	0	0	0	0	0	0	0	22.123438	31.622383	0	0	0	0	0	0	0	0	0	0	0	0	0
genomad_k141_845417	0	0	0	0	0	0	0	0	0	0	0	0	0	0	0	0	0	0	0	0	0	0	0	0	0	0	0	0	2149.3652	1267.1464	0	0	0	0	0	0	0	0	0	0	0	0	0	0	0	0	0
genomad_k141_1915043	0	0	0	0	0	0	0	0	0	0	0	0	0	0	0	0	0	0	0	0	0	0	0	0	0	0	0	0	0	0	0	0	0	0	0	99.00908	0	0	0	0	0	0	0	0	0	0	0
genomad_k141_1260494	0	0	0	0	0	0	0	0	0	0	0	0	0	0	0	0	0	0	0	0	0	0	0	0	0	0	0	0	0	0	0	0	32.042873	105.52917	0	0	0	0	0	0	0	0	0	0	0	0	0
genomad_k141_1499700	0	0	0	0	0	0	0	0	0	0	0	0	0	0	0	0	0	0	0	0	0	0	0	0	0	0	0	0	0	0	22.680996	32.06424	0	0	0	0	0	0	0	0	0	0	0	0	0	0	0
genomad_k141_3462085	0	0	0	0	0	0	0	0	0	0	0	0	0	0	0	0	0	0	0	0	0	0	0	0	0	0	0	0	0	0	0	0	40.32593	14.52948	0	0	0	0	0	0	0	0	0	0	0	0	0
genomad_k141_131862	0	0	0	0	0	0	0	0	0	0	0	0	0	0	0	0	0	0	0	0	0	0	0	0	0	0	0	0	0	0	0	0	28.913698	97.306915	0	37.159615	0	0	0	0	0	0	0	0	0	0	0
genomad_k141_13034	0	0	0	0	0	0	0	0	0	0	0	0	0	0	0	0	0	0	0	0	0	0	0	0	0	0	0	0	0	0	0	0	76.9739	0	0	0	0	0	0	0	0	0	0	0	0	0	0
genomad_k141_488298	0	0	0	0	0	0	0	0	0	0	0	0	0	0	0	0	0	0	0	0	0	0	0	0	0	0	0	0	0	0	842.4616	994.69867	0	0	0	0	0	0	0	0	0	0	0	0	0	0	0
genomad_k141_1142576	0	0	0	0	0	0	0	0	0	0	0	0	0	0	0	0	0	0	0	0	0	0	0	0	0	0	0	0	122.49744	0	0	0	0	0	0	0	0	0	0	0	0	0	0	0	0	0	0
genomad_k141_1380564	0	0	0	0	0	0	0	0	0	0	0	0	0	0	0	0	0	0	0	0	0	0	0	0	0	0	0	0	0	0	0	49.62804	0	0	0	0	0	0	0	0	0	0	0	0	0	0	0
genomad_k141_1083437	0	0	0	0	0	0	0	0	0	0	0	0	0	0	0	0	0	0	0	0	0	0	0	0	0	0	0	0	0	0	0	0	50.514503	103.31838	0	0	0	0	0	0	0	0	0	0	0	0	0
genomad_k141_2986321	0	0	0	0	0	0	0	0	0	0	0	0	0	0	0	0	0	0	0	0	0	0	0	0	0	0	0	0	0	0	0	0	0	19.436886	0	0	0	0	0	0	0	0	0	0	0	0	0
genomad_k141_2510263	0	0	0	0	0	0	0	0	0	0	0	0	0	0	0	0	0	0	0	0	0	0	0	0	0	0	0	0	0	0	0	29.62206	0	0	0	0	0	0	0	0	0	0	0	0	0	0	0
genomad_k141_3760226	0	0	0	0	0	0	0	0	0	0	0	0	0	0	0	0	0	0	0	0	0	0	0	0	0	0	0	0	0	0	0	0	0	0	290.18677	152.90836	0	0	0	0	0	0	0	0	0	0	0
genomad_k141_3580981	0	0	0	0	0	0	0	0	0	0	0	0	0	0	0	0	0	0	0	0	0	0	0	0	0	0	0	0	0	0	0	0	0	11.511492	0	0	0	0	0	0	0	0	0	0	0	0	0
genomad_k141_3343208	0	0	0	0	0	0	0	0	0	0	0	0	0	0	0	0	0	0	0	0	0	0	0	0	0	0	0	0	0	0	0	0	0	7.1307826	0	0	0	0	0	0	0	0	0	0	0	0	0
genomad_k141_131978	0	0	0	0	0	0	0	0	0	0	0	0	0	0	0	0	0	0	0	0	0	0	0	0	0	0	0	0	0	0	0	0	27.096994	9.316139	0	0	0	0	0	0	0	0	0	0	0	0	0
genomad_k141_1677668	0	0	0	0	0	0	0	0	0	0	0	0	0	0	0	0	0	0	0	0	0	0	0	0	0	0	0	0	0	0	0	0	70.825005	0	0	0	0	0	0	0	0	0	0	0	0	0	0
genomad_k141_2807027	0	0	0	0	0	0	0	0	0	0	0	0	0	0	0	0	0	0	0	0	0	0	0	0	0	0	0	0	0	0	0	0	0	11.215489	0	0	0	0	0	0	0	0	0	0	0	0	0
genomad_k141_3343239	0	0	0	0	0	0	0	0	0	0	0	0	0	0	0	0	0	0	0	0	0	0	0	0	0	0	0	0	0	0	0	0	0	24.21323	0	0	0	0	0	0	0	0	0	0	0	0	0
genomad_k141_3283579	0	0	0	0	0	0	0	0	0	0	0	0	0	0	0	0	0	0	0	0	0	0	0	0	0	0	0	0	0	0	81.70859	94.94551	0	0	0	0	0	0	0	0	0	0	0	0	0	0	0
genomad_k141_1142687	0	0	0	0	0	0	0	0	0	0	0	0	0	0	0	0	0	0	0	0	0	0	0	0	0	0	0	0	0	0	0	20.722849	0	0	0	0	0	0	0	0	0	0	0	0	0	0	0
genomad_k141_845616	0	0	0	0	0	0	0	0	0	0	0	0	0	0	0	0	0	0	0	0	0	0	0	0	0	0	0	0	0	0	0	33.96506	0	0	0	0	0	0	0	0	0	0	0	0	0	0	0
genomad_k141_430147	0	0	0	0	0	0	0	0	0	0	0	0	0	0	0	0	0	0	0	0	0	0	0	0	0	0	0	0	0	0	0	57.87178	0	0	0	0	0	0	0	0	0	0	0	0	0	0	0
genomad_k141_3760309	0	0	0	0	0	0	0	0	0	0	0	0	0	0	0	0	0	0	0	0	0	0	0	0	0	0	0	0	0	0	0	0	23.161917	194.5343	0	93.43834	0	0	0	0	0	0	0	0	0	0	0
genomad_k141_727456	0	0	0	0	0	0	0	0	0	0	0	0	0	0	0	0	0	0	0	0	0	0	0	0	0	0	0	0	0	0	0	0	0	11.85558	0	0	0	0	0	0	0	0	0	0	0	0	0
genomad_k141_1083630	0	0	0	0	0	0	0	0	0	0	0	0	0	0	0	0	0	0	0	0	0	0	0	0	0	0	0	0	0	0	0	202.184	47.02601	47.013836	0	0	0	0	0	0	0	0	0	0	0	0	0
genomad_k141_3283695	0	0	0	0	0	0	0	0	0	0	0	0	0	0	0	0	0	0	0	0	0	0	0	0	0	0	0	0	0	0	35.547916	41.809902	0	0	0	0	0	0	0	0	0	0	0	0	0	0	0
genomad_k141_3105212	0	0	0	0	0	0	0	0	0	0	0	0	0	0	0	0	0	0	0	0	0	0	0	0	0	0	0	0	102.026764	0	0	0	0	0	0	0	0	0	0	0	0	0	0	0	0	0	0
genomad_k141_3164259	0	0	0	0	0	0	0	0	0	0	0	0	0	0	0	0	0	0	0	0	0	0	0	0	0	0	0	0	82.94127	0	0	0	0	0	0	0	0	0	0	0	0	0	0	0	0	0	0
genomad_k141_3164264	0	0	0	0	0	0	0	0	0	0	0	0	0	0	0	0	0	0	0	0	0	0	0	0	0	0	0	0	0	0	0	0	0	77.123825	0	0	0	0	0	0	0	0	0	0	0	0	0
genomad_k141_2926950	0	0	0	0	0	0	0	170.12679	0	0	0	0	0	0	0	0	0	0	0	0	0	0	0	0	0	0	0	0	0	0	50.8233	169.23549	0	6.707552	0	0	0	0	0	0	0	0	0	0	0	0	0
genomad_k141_3402169	0	0	0	0	0	0	0	0	0	0	0	0	0	0	0	0	0	0	0	0	0	0	0	0	0	0	0	0	0	0	0	0	29.722754	106.71986	0	0	0	0	0	0	0	0	0	0	0	0	0
genomad_k141_2212965	0	0	0	0	0	0	0	0	0	0	0	0	0	0	0	0	0	0	0	0	0	0	0	0	0	0	0	0	0	0	0	0	0	33.20643	0	0	0	0	0	0	0	0	0	0	0	0	0
genomad_k141_488606	0	0	0	0	0	0	0	0	0	0	0	0	0	0	0	0	0	0	0	0	0	0	0	0	0	0	0	0	0	0	0	0	29.140625	8.869521	0	0	0	0	0	0	0	0	0	0	0	0	0
genomad_k141_1559078	0	0	0	0	0	0	0	0	0	0	0	0	0	0	0	0	0	0	0	0	0	0	0	0	0	0	0	0	0	0	0	0	0	9.199818	0	0	0	0	0	0	0	0	0	0	0	0	0
genomad_k141_2629761	0	0	0	0	0	0	0	0	0	0	0	0	91.08717	0	0	0	0	0	0	0	0	0	0	0	0	0	0	0	0	0	0	0	0	0	0	0	0	0	0	0	0	0	0	0	0	0	0
genomad_k141_3521428	0	0	0	0	0	0	0	0	0	0	0	0	0	0	0	0	0	0	0	0	0	0	0	0	0	0	0	0	0	0	41.746372	65.30982	0	0	0	0	0	0	0	0	0	0	0	0	0	0	0
genomad_k141_1856488	0	0	0	0	0	0	0	0	0	0	0	0	0	0	0	0	0	0	0	0	0	0	0	0	0	0	0	0	0	0	0	0	46.736446	30.690956	0	0	0	0	0	0	0	0	0	0	0	0	0
genomad_k141_3283886	0	0	0	0	0	0	0	0	0	0	0	0	0	0	0	0	0	0	0	0	0	0	0	0	0	0	0	0	60.727863	0	0	0	0	0	0	0	0	0	0	0	0	0	0	0	0	0	0
genomad_k141_2093756	0	0	0	0	0	0	0	0	0	0	0	0	0	0	0	0	0	0	0	0	0	0	0	0	0	0	0	0	2956.1145	4734.133	0	0	0	0	0	0	0	0	0	0	0	0	0	0	0	0	0
genomad_k141_3343561	0	0	0	0	0	0	0	0	0	0	0	0	0	0	0	0	0	0	0	0	0	0	0	0	0	0	0	0	0	0	0	0	18.81239	13.439976	0	0	0	0	0	0	0	0	0	0	0	0	0
genomad_k141_1915515	0	0	0	0	0	0	0	0	0	0	0	0	266.74268	0	0	0	0	0	0	0	0	0	0	0	0	0	0	0	0	0	0	0	0	0	0	0	0	0	0	0	0	0	0	0	0	0	0
genomad_k141_132246	0	0	0	0	0	0	0	0	0	0	0	0	0	0	0	0	0	0	0	0	0	0	0	0	0	0	0	0	0	0	0	0	0	14.705776	0	0	0	0	0	0	0	0	0	0	0	0	0
genomad_k141_3046247	0	0	0	0	0	0	0	0	0	0	0	0	0	0	0	0	0	0	0	0	0	0	0	0	0	0	0	0	0	0	0	0	24.543316	18.59335	0	0	0	0	0	0	0	0	0	0	0	0	0
genomad_k141_1678052	0	0	0	0	0	0	0	0	0	0	0	0	0	0	0	0	0	0	0	0	0	0	0	0	0	0	0	0	0	0	0	0	68.03282	34.643433	0	0	0	0	0	0	0	0	0	0	0	0	0
genomad_k141_2688532	0	0	0	0	0	0	0	0	0	0	0	0	83.8722	0	0	0	0	0	0	0	0	0	0	0	0	0	0	0	0	0	0	0	0	0	0	0	0	0	0	0	0	0	0	0	0	0	0
genomad_k141_3164462	0	0	0	0	0	0	0	0	0	0	0	0	39.073307	0	0	0	0	0	0	0	0	0	0	0	0	0	0	0	0	0	0	0	0	0	0	0	0	0	0	0	0	0	0	0	0	0	0
genomad_k141_785662	0	0	0	0	0	0	0	0	0	0	0	0	0	0	0	0	0	0	0	0	0	0	0	0	0	0	0	0	0	0	0	0	0	0	0	0	0	0	0	0	0	0	0	0	0	0	0
genomad_k141_1975117	0	0	0	0	0	0	0	0	0	0	0	0	0	0	0	0	0	0	0	0	0	0	0	0	0	0	0	0	0	0	0	47.863075	0	0	0	0	0	0	0	0	0	0	0	0	0	0	0
genomad_k141_2807369	0	0	0	0	0	0	0	0	0	0	0	0	0	0	0	0	0	0	0	0	0	0	0	0	0	0	0	0	0	0	0	0	34.940186	56.37252	0	0	0	0	0	0	0	0	0	0	0	0	0
genomad_k141_3402410	0	0	0	0	0	0	0	0	0	0	0	0	109.46181	0	0	0	0	0	0	0	0	0	0	0	0	0	0	0	0	0	0	0	0	0	0	0	0	0	0	0	0	0	0	0	0	0	0
genomad_k141_1381063	0	0	0	0	0	0	0	0	0	0	0	0	46.74578	0	0	0	0	0	0	0	0	0	0	0	0	0	0	0	0	0	0	0	0	0	0	0	0	0	0	0	0	0	0	0	0	0	0
genomad_k141_785669	0	0	0	0	0	0	0	0	0	0	0	0	0	0	0	0	0	0	0	0	0	0	0	0	0	0	0	0	0	0	0	0	127.49972	110.60051	0	48.35579	0	0	0	0	0	0	0	0	0	0	0
genomad_k141_1737331	0	0	0	0	0	0	0	0	0	0	0	0	0	0	0	0	0	0	0	0	0	0	0	0	0	0	0	0	0	0	0	0	88.50886	2.8879852	0	0	0	0	0	0	0	0	0	0	0	0	0
genomad_k141_1381072	0	0	0	0	0	0	0	0	0	0	0	0	0	0	0	0	0	0	0	0	0	0	0	0	0	0	0	0	0	0	0	0	191.51974	50.64359	0	0	0	0	0	0	0	0	0	0	0	0	0
genomad_k141_667191	0	0	0	0	0	0	0	0	0	0	0	0	0	0	0	0	0	0	0	0	0	0	0	0	0	0	0	0	0	0	0	0	67.64936	255.18419	0	43.73592	0	0	0	0	0	0	0	0	0	0	0
genomad_k141_2451203	0	0	0	0	0	0	0	0	0	0	0	0	0	0	0	0	0	0	0	0	0	0	0	0	0	0	0	0	0	0	0	0	0	42.34045	0	0	0	0	0	0	0	0	0	0	0	0	0
genomad_k141_1678110	0	0	0	0	0	0	0	0	0	0	0	0	0	0	0	0	0	0	0	0	0	0	0	0	0	0	0	0	0	0	0	0	30.60287	243.90672	0	34.98952	0	0	0	0	0	0	0	0	0	0	0
genomad_k141_1618976	0	0	0	0	0	0	0	0	0	0	0	0	0	0	0	0	0	0	0	0	0	0	0	0	0	0	0	0	0	0	45.098503	92.08306	0	2.8743832	0	0	0	0	0	0	0	0	0	0	0	0	0
genomad_k141_1143118	0	0	0	0	0	0	0	0	0	0	0	0	0	0	0	0	0	0	0	0	0	0	0	0	0	0	0	0	0	0	0	0	0	14.267011	0	0	0	0	0	0	0	0	0	0	0	0	0
genomad_k141_2986771	0	0	0	0	0	0	0	0	0	0	0	0	0	0	0	0	0	0	0	0	0	0	0	0	0	0	0	0	0	0	0	0	93.66658	104.36399	0	55.296818	0	0	0	0	0	0	0	0	0	0	0
genomad_k141_2332726	0	0	0	0	0	0	0	0	0	0	0	0	0	0	0	0	0	0	0	0	0	0	0	0	0	0	0	0	0	0	30.607418	67.174805	0	0	0	0	0	0	0	0	0	0	0	0	0	0	0
genomad_k141_3581461	0	0	0	0	0	0	0	0	0	0	0	0	0	0	0	0	0	0	0	0	0	0	0	0	0	0	0	0	0	0	0	0	0	4.81299	0	0	0	0	0	0	0	0	0	0	0	0	0
genomad_k141_1023943	0	0	0	0	0	0	0	0	0	0	0	0	0	0	0	0	0	0	0	0	0	0	0	0	0	0	0	0	0	0	0	0	0	13.226598	0	0	0	0	0	0	0	0	0	0	0	0	0
genomad_k141_1915642	0	0	0	0	0	0	0	0	0	0	0	0	0	0	0	0	0	0	0	0	0	0	0	0	0	0	0	0	0	0	0	0	47.26672	29.287954	0	0	0	0	0	0	0	0	0	0	0	0	0
genomad_k141_2391769	0	0	0	0	0	0	0	0	0	0	0	0	0	0	0	0	0	0	0	0	0	0	0	0	0	0	0	0	0	0	0	0	263.2817	156.09023	0	94.59764	0	0	0	0	0	0	0	0	0	0	0
genomad_k141_2986840	0	0	0	0	0	0	0	0	0	0	0	0	0	0	0	0	0	0	0	0	0	0	0	0	0	0	0	0	0	0	0	0	0	50.48232	0	0	0	0	0	0	0	0	0	0	0	0	0
genomad_k141_13531	0	0	0	0	0	0	0	0	0	0	0	0	0	0	0	0	0	0	0	0	0	0	0	0	0	0	0	0	0	0	0	41.397896	0	0	0	0	0	0	0	0	0	0	0	0	0	0	0
genomad_k141_3105633	0	0	0	0	0	0	0	0	0	0	0	0	0	0	0	0	0	0	0	0	0	0	0	0	0	0	0	0	0	0	0	40.5901	0	0	0	0	0	0	0	0	0	0	0	0	0	0	0
genomad_k141_132391	0	0	0	0	0	0	0	313.98444	0	0	0	0	0	0	0	0	0	0	0	0	0	0	0	0	0	0	0	0	0	0	0	157.05176	0	0	0	0	0	0	0	0	0	0	0	0	0	0	0
genomad_k141_2807532	0	0	0	0	0	0	0	0	0	0	0	0	0	0	0	0	0	0	0	0	0	0	0	0	0	0	0	0	0	0	0	0	31.666561	11.223271	0	0	0	0	0	0	0	0	0	0	0	0	0
genomad_k141_2986890	0	0	0	0	0	0	0	0	0	0	0	0	0	0	0	0	0	0	0	0	0	0	0	0	0	0	0	0	0	0	0	0	0	23.998486	0	0	0	0	0	0	0	0	0	0	0	0	0
genomad_k141_905339	0	0	0	0	0	0	0	0	0	0	0	0	0	0	0	0	0	0	0	0	0	0	0	0	0	0	0	0	0	0	0	41.56748	0	0	0	0	0	0	0	0	0	0	0	0	0	0	0
genomad_k141_2986892	0	0	0	0	0	0	0	0	0	0	0	0	0	0	0	0	0	0	0	0	0	0	0	0	0	0	0	0	0	0	0	0	28.787544	14.408187	0	0	0	0	0	0	0	0	0	0	0	0	0
genomad_k141_3641122	0	0	0	0	0	0	0	0	0	0	0	0	0	0	0	0	0	0	0	0	0	0	0	0	0	0	0	0	0	0	0	0	0	8.803865	0	0	0	0	0	0	0	0	0	0	0	0	0
genomad_k141_370737	0	0	0	0	0	0	0	0	0	0	0	0	0	0	0	0	0	0	0	0	0	1647.3096	0	0	0	0	0	0	0	0	0	0	0	0	0	0	0	0	0	0	0	0	0	0	0	0	0
genomad_k141_2986925	0	0	0	0	0	0	0	0	0	0	0	0	0	0	0	0	0	0	0	0	0	0	0	0	0	0	0	0	0	0	46.29601	39.39715	0	0	0	0	0	0	0	0	0	0	0	0	0	0	0
genomad_k141_2927420	0	0	0	0	0	0	0	0	0	0	0	0	0	0	0	0	0	0	0	0	0	0	0	0	0	0	0	0	0	0	0	0	0	34.12062	0	0	0	0	0	0	0	0	0	0	0	0	0
genomad_k141_489112	0	0	0	0	0	0	0	0	0	0	0	0	0	0	0	0	0	0	0	0	0	0	0	0	0	0	0	0	0	0	0	57.66679	0	0	0	0	0	0	0	0	0	0	0	0	0	0	0
genomad_k141_3402668	0	0	0	0	0	0	0	0	0	0	0	0	0	0	0	0	0	0	0	0	0	0	0	0	0	0	0	0	0	0	0	0	40.87301	52.41465	0	0	0	0	0	0	0	0	0	0	0	0	0
genomad_k141_667424	0	0	0	0	0	0	0	0	0	0	0	0	0	0	0	0	0	0	0	0	0	0	0	0	0	0	0	0	0	0	0	0	27.111437	21.822712	0	0	0	0	0	0	0	0	0	0	0	0	0
genomad_k141_2807636	0	0	0	0	0	0	0	0	0	0	0	0	0	0	0	0	0	0	0	0	0	0	0	0	0	0	0	0	0	0	0	0	0	7.378463	0	0	0	0	0	0	0	0	0	0	0	0	0
genomad_k141_3105782	0	0	0	0	0	0	0	0	0	0	0	0	0	0	0	0	0	0	0	0	0	0	0	0	0	0	0	0	0	0	0	0	82.67112	44.5491	0	0	0	0	0	0	0	0	0	0	0	0	0
genomad_k141_785895	0	0	0	0	0	0	0	0	0	0	0	0	0	0	0	0	0	0	0	0	0	0	0	0	0	0	0	0	0	0	0	0	0	21.602747	0	0	0	0	0	0	0	0	0	0	0	0	0
genomad_k141_548168	0	0	0	0	0	0	0	0	0	0	0	0	0	0	0	0	0	0	0	0	0	0	0	0	0	0	0	0	0	0	0	0	0	82.09317	0	0	0	0	0	0	0	0	0	0	0	0	0
genomad_k141_132545	0	0	0	0	0	0	0	0	0	0	0	0	0	0	0	0	0	0	0	0	0	0	0	0	0	0	0	0	0	0	0	182.49115	0	10.359933	0	0	0	0	0	0	0	0	0	0	0	0	0
genomad_k141_1202467	0	0	0	0	0	0	0	0	0	0	0	0	49.975266	0	0	0	0	0	0	0	0	0	0	0	0	0	0	0	0	0	0	0	0	0	0	0	0	0	0	0	0	0	0	0	0	0	0
genomad_k141_2094144	0	0	0	0	0	0	0	0	0	0	0	0	0	0	0	0	2224.63	2201.2307	0	0	0	0	0	0	0	0	0	0	0	0	0	0	0	0	0	0	0	0	0	0	0	0	0	0	0	0	0
genomad_k141_1797978	0	0	0	0	0	0	0	0	0	0	0	0	0	0	0	0	0	0	0	0	0	0	0	0	0	0	0	0	1201.1193	2282.6658	0	0	0	0	0	0	0	0	0	0	0	0	0	0	0	0	0
genomad_k141_1084243	0	0	0	0	0	0	0	0	0	0	0	0	0	0	0	0	0	0	0	0	0	0	0	0	0	0	0	0	0	0	0	0	0	8.667763	0	0	0	0	0	0	0	0	0	0	0	0	0
genomad_k141_1321889	0	0	0	0	0	0	0	0	0	0	0	0	62.489746	0	0	0	0	0	0	0	0	0	0	0	0	0	0	0	0	0	0	0	0	0	0	0	0	0	0	0	0	0	0	0	0	0	0
genomad_k141_3224550	0	0	0	0	0	0	0	0	0	0	0	0	0	0	0	0	0	0	0	0	0	0	0	0	0	0	0	0	0	0	0	0	43.92737	11.691579	0	0	0	0	0	0	0	0	0	0	0	0	0
genomad_k141_2511077	5761.4546	5907.3184	0	0	0	0	0	0	0	0	0	0	0	0	0	0	0	0	0	0	0	0	0	0	0	0	0	0	0	0	0	0	0	0	0	0	0	0	0	0	0	0	0	0	0	0	0
genomad_k141_1915838	0	0	0	0	0	0	0	0	0	0	0	0	0	0	0	0	0	0	0	0	0	0	0	0	0	0	0	0	0	0	0	119.16106	0	10.661348	0	0	0	0	0	0	0	0	0	0	0	0	0
genomad_k141_2153917	0	0	143.69496	189.77884	0	0	0	0	0	0	0	0	0	0	0	0	0	0	0	0	0	0	0	0	0	0	0	0	0	0	0	0	0	0	0	0	0	0	0	0	0	0	0	0	0	0	0
genomad_k141_1440269	0	0	0	0	0	0	0	0	0	0	0	0	0	0	0	0	0	0	0	0	0	0	0	0	0	0	0	0	0	0	0	0	0	0	0	96.481316	0	0	0	0	0	0	0	0	0	0	0
genomad_k141_608040	0	0	0	0	0	0	0	0	0	0	0	0	0	0	0	0	0	0	0	0	0	0	0	0	0	0	0	0	0	0	0	0	73.26408	103.395386	0	0	0	0	0	0	0	0	0	0	0	0	0
genomad_k141_3105861	0	0	0	0	0	0	0	0	0	0	0	0	94.51667	0	0	0	0	0	0	0	0	0	0	0	0	0	0	0	0	0	0	0	0	0	0	0	0	0	0	0	0	0	0	0	0	0	0
genomad_k141_370913	0	0	0	0	0	0	0	0	0	0	0	0	0	0	0	0	0	0	0	0	0	0	0	0	0	0	0	0	0	0	0	0	62.762875	0	0	0	0	0	0	0	0	0	0	0	0	0	0
genomad_k141_2630248	0	0	0	0	0	0	0	0	0	0	0	0	0	0	0	0	0	0	0	0	0	0	0	0	0	0	0	0	0	0	0	0	0	0	0	151.54962	0	0	0	0	0	0	0	0	0	0	0
genomad_k141_3700951	0	0	0	0	0	0	0	0	0	0	0	0	0	0	0	0	0	0	0	0	0	0	0	0	0	0	0	0	0	0	0	0	0	12.023536	0	0	0	0	0	0	0	0	0	0	0	0	0
genomad_k141_1440327	0	0	0	0	0	0	0	0	0	0	0	0	0	0	0	0	0	0	0	0	0	0	0	0	0	0	0	0	0	0	0	0	0	12.967997	0	0	0	0	0	0	0	0	0	0	0	0	0
genomad_k141_2392135	0	0	0	0	0	0	0	0	0	0	0	0	0	0	0	0	0	0	0	0	0	0	0	0	0	0	0	0	0	0	0	0	0	57.28516	0	53.949734	0	0	0	0	0	0	0	0	0	0	0
genomad_k141_2094270	0	0	0	0	0	0	0	0	0	0	0	0	0	0	0	0	0	0	0	0	0	0	0	0	0	0	0	0	0	0	0	19.618721	0	21.839186	0	0	0	0	0	0	0	0	0	0	0	0	0
genomad_k141_1084369	0	0	0	0	0	0	0	0	0	0	0	0	0	0	0	0	0	0	0	0	0	0	0	0	0	0	0	0	0	0	0	0	0	13.863624	0	0	0	0	0	0	0	0	0	0	0	0	0
genomad_k141_1975621	0	0	0	0	0	0	0	0	0	0	0	0	0	0	0	0	0	0	0	0	0	0	0	0	0	0	0	0	0	0	0	0	24.781158	2.6112175	0	0	0	0	0	0	0	0	0	0	0	0	0
genomad_k141_311035	0	0	0	0	0	0	0	0	0	0	0	0	321.52548	0	0	0	0	0	0	0	0	0	0	0	0	0	0	0	0	0	0	0	0	0	0	0	0	0	0	0	0	0	0	0	0	0	0
genomad_k141_2154040	0	0	0	0	0	0	0	0	0	0	0	0	0	0	0	0	0	0	0	0	0	0	0	0	0	0	0	0	0	0	0	0	15.562462	6.9455843	0	0	0	0	0	0	0	0	0	0	0	0	0
genomad_k141_1559787	0	0	0	0	0	0	0	0	0	0	0	0	0	0	0	0	0	0	0	0	0	0	0	0	0	0	0	0	0	0	0	0	77.40378	37.59343	0	0	0	0	0	0	0	0	0	0	0	0	0
genomad_k141_311062	0	0	0	0	0	0	0	0	0	0	0	0	0	0	0	0	0	0	0	0	0	0	0	0	0	0	0	0	0	0	0	0	0	9.007171	0	0	0	0	0	0	0	0	0	0	0	0	0
genomad_k141_846563	0	0	0	0	0	0	0	0	0	0	0	0	0	0	0	0	0	0	0	0	0	0	0	0	0	0	0	0	249.1036	0	0	0	0	0	0	0	0	0	0	0	0	0	0	0	0	0	0
genomad_k141_2213581	0	0	0	0	0	0	0	0	0	0	0	0	0	0	0	0	0	0	0	0	0	0	0	0	0	0	0	0	0	0	78.90442	0	0	0	0	0	0	0	0	0	0	0	0	0	0	0	0
genomad_k141_2333237	0	0	0	0	0	0	0	0	0	0	0	0	0	0	0	0	0	0	0	0	0	0	0	0	0	0	0	0	0	0	0	0	36.064976	0	0	0	0	0	0	0	0	0	0	0	0	0	0
genomad_k141_728352	0	0	0	0	0	0	0	0	0	0	0	0	0	0	0	0	0	0	0	0	0	0	0	0	0	0	0	0	0	0	0	0	0	16.255014	0	0	0	0	0	0	0	0	0	0	0	0	0
genomad_k141_1440432	0	0	0	0	0	0	0	0	0	0	0	0	0	0	0	0	0	0	0	0	0	0	0	0	0	0	0	0	0	0	101.044044	68.36229	0	0	0	0	0	0	0	0	0	0	0	0	0	0	0
genomad_k141_1559836	0	0	0	0	0	0	0	0	0	0	0	0	0	0	0	0	0	0	0	0	0	0	0	0	0	0	0	0	358.7518	144.3517	0	0	0	0	0	0	0	0	0	0	0	0	0	0	0	0	0
genomad_k141_3402950	0	0	0	0	0	0	0	0	0	0	0	0	0	0	0	0	0	0	0	0	0	0	0	0	0	0	0	0	0	0	0	0	0	10.236666	0	0	0	0	0	0	0	0	0	0	0	0	0
genomad_k141_311097	0	0	0	0	1264.8063	1349.3304	0	0	0	0	0	0	0	0	0	0	0	0	0	0	0	0	0	0	0	0	0	0	0	0	0	0	0	0	0	0	0	0	0	0	0	0	0	0	0	0	0
genomad_k141_2094386	0	0	0	0	0	0	0	0	0	0	0	0	0	0	0	0	0	0	0	0	0	0	0	0	0	0	0	0	0	0	0	0	0	53.546562	0	0	0	0	0	0	0	0	0	0	0	0	0
genomad_k141_2689084	0	0	0	0	0	0	0	0	0	0	0	0	0	0	0	0	0	0	0	0	0	0	0	0	0	0	0	0	0	0	0	62.067894	27.34292	27.955812	0	0	0	0	0	0	0	0	0	0	0	0	0
genomad_k141_1678674	0	0	0	0	0	0	0	0	0	0	0	0	0	0	0	0	0	0	0	0	0	0	0	0	0	0	0	0	0	0	0	0	0	15.430502	0	0	0	0	0	0	0	0	0	0	0	0	0
genomad_k141_3106055	0	0	0	0	0	0	0	0	0	0	0	0	0	0	0	0	0	0	0	0	0	0	0	0	0	0	0	0	0	0	0	0	24.595915	16.399841	0	0	0	0	0	0	0	0	0	0	0	0	0
genomad_k141_1261408	0	0	0	0	0	0	0	0	0	0	0	0	0	0	0	0	0	0	0	0	0	0	0	0	0	0	0	0	0	0	0	0	77.49784	128.6991	0	51.20345	0	0	0	0	0	0	0	0	0	0	0
genomad_k141_1619490	0	0	0	0	0	0	0	0	0	0	0	0	0	0	0	0	0	0	0	0	0	0	0	0	0	0	0	0	0	0	0	60.779808	0	0	0	0	0	0	0	0	0	0	0	0	0	0	0
genomad_k141_2035637	0	0	0	0	0	0	0	0	0	0	0	0	0	0	0	0	0	0	0	0	0	0	0	0	0	0	0	0	0	0	88.4533	147.81429	0	3.0519125	0	0	0	0	0	0	0	0	0	0	0	0	0
genomad_k141_73458	0	0	0	0	0	0	0	0	0	0	0	0	0	0	0	0	0	0	0	0	0	0	0	0	0	0	0	0	382.4739	578.56793	0	0	0	0	0	0	0	0	0	0	0	0	0	0	0	0	0
genomad_k141_2748733	0	0	0	0	0	0	0	0	0	0	0	0	0	0	0	0	0	0	0	0	0	0	0	0	0	0	0	0	0	0	0	61.956036	0	0	0	0	0	0	0	0	0	0	0	0	0	0	0
genomad_k141_3761170	0	0	0	0	0	0	0	0	0	0	0	0	0	0	0	0	0	0	0	0	0	0	0	0	0	0	0	0	0	0	0	77.78145	0	4.5083423	0	0	0	0	0	0	0	0	0	0	0	0	0
genomad_k141_667752	0	0	0	0	0	0	0	0	0	0	0	0	0	0	0	0	0	0	0	0	0	0	0	0	0	0	0	0	149.8562	622.7258	0	0	0	0	0	0	0	0	0	0	0	0	0	0	0	0	0
genomad_k141_3641496	0	0	0	0	0	0	0	0	0	0	0	0	0	0	0	0	0	0	0	0	0	0	0	0	0	0	0	0	0	0	0	0	28.293558	4.433974	0	0	0	0	0	0	0	0	0	0	0	0	0
genomad_k141_3641506	0	0	0	0	0	0	0	0	0	0	0	0	0	0	0	0	0	0	0	0	0	0	0	0	0	0	0	0	0	0	0	0	33.21709	34.39876	0	0	0	0	0	0	0	0	0	0	0	0	0
genomad_k141_2451916	0	0	0	0	0	0	0	0	0	0	0	0	0	0	0	0	0	0	0	0	0	0	0	0	0	0	0	0	0	0	0	0	0	5.7899585	0	0	0	0	0	0	0	0	0	0	0	0	0
genomad_k141_311275	0	0	0	0	0	0	0	0	0	0	0	0	0	0	0	0	0	0	0	0	0	0	0	0	0	0	0	0	0	0	0	0	0	0	0	137.40489	0	0	0	0	0	0	0	0	0	0	0
genomad_k141_132916	0	0	0	0	0	0	0	0	0	0	0	0	0	0	0	0	0	0	0	0	0	0	0	0	0	0	0	0	2626.4324	1261.9371	0	0	0	0	0	0	0	0	0	0	0	0	0	0	0	0	0
genomad_k141_1857309	0	0	0	0	0	0	0	0	0	0	0	0	0	0	0	0	0	0	0	0	0	0	0	0	0	0	0	0	0	0	0	0	0	54.024708	0	0	0	0	0	0	0	0	0	0	0	0	0
genomad_k141_608352	0	0	0	0	0	0	0	0	0	0	0	0	0	0	0	0	0	0	0	0	0	0	0	0	0	0	0	0	0	0	0	0	0	11.795627	0	0	0	0	0	0	0	0	0	0	0	0	0
genomad_k141_132923	0	0	0	0	0	0	0	0	0	0	0	0	40.356754	0	0	0	0	0	0	0	0	0	0	0	0	0	0	0	0	0	0	0	0	0	0	0	0	0	0	0	0	0	0	0	0	0	0
genomad_k141_1024628	0	0	0	0	0	0	0	0	0	0	0	0	0	0	0	0	0	0	0	0	0	0	0	0	0	0	0	0	0	0	0	0	142.58177	26.053324	0	0	0	0	0	0	0	0	0	0	0	0	0
genomad_k141_2451939	0	0	0	0	0	0	0	0	0	0	0	0	0	0	0	0	0	0	0	0	0	0	0	0	0	0	0	0	0	0	0	0	34.490475	169.9134	0	26.418144	0	0	0	0	0	0	0	0	0	0	0
genomad_k141_548655	0	0	0	0	0	0	0	347.21335	0	0	0	0	0	0	0	0	0	0	0	0	0	0	0	0	0	0	0	0	0	0	35.155178	133.26685	34.46424	73.88428	0	38.342243	0	0	0	0	0	0	0	0	0	0	0
genomad_k141_1381846	0	0	0	0	0	0	0	0	0	0	0	0	0	0	0	0	0	0	0	0	0	0	0	0	0	0	0	0	0	0	0	0	60.77717	94.56753	0	0	0	0	0	0	0	0	0	0	0	0	0
genomad_k141_2987434	0	0	0	0	0	0	0	0	0	0	0	0	0	0	0	0	0	0	0	0	0	0	0	0	0	0	0	0	0	0	0	0	0	18.359116	0	0	0	0	0	0	0	0	0	0	0	0	0
genomad_k141_431192	0	0	0	0	0	0	0	0	0	0	0	0	0	0	0	0	1678.2958	1698.1638	0	0	0	0	0	0	0	0	0	0	0	0	0	0	0	0	0	0	0	0	0	0	0	0	0	0	0	0	0
genomad_k141_2274037	0	0	0	0	0	0	0	0	0	0	0	0	0	0	0	0	0	0	0	0	0	0	0	0	0	0	0	0	0	0	107.12468	66.8347	0	0	0	0	0	0	0	0	0	0	0	0	0	0	0
genomad_k141_1857346	0	0	0	0	0	0	0	0	0	0	0	0	0	0	0	0	0	0	0	0	0	0	0	0	0	0	0	0	4697.158	6244.3433	0	0	0	0	0	0	0	0	0	0	0	0	0	0	0	0	0
genomad_k141_2274044	0	0	0	0	0	0	0	0	0	0	0	0	0	0	0	0	0	0	0	0	0	0	0	0	0	0	0	0	0	0	0	0	57.686302	48.32737	0	0	0	0	0	0	0	0	0	0	0	0	0
genomad_k141_728625	0	0	0	0	0	0	0	0	0	0	0	0	0	0	0	0	0	0	0	0	0	0	0	0	0	0	0	0	0	0	0	41.423622	40.697914	59.09624	0	0	0	0	0	0	0	0	0	0	0	0	0
genomad_k141_73639	0	0	0	0	0	0	0	0	0	0	0	0	0	0	0	0	0	0	0	0	0	0	0	0	0	0	0	0	0	0	0	0	121.83341	0	0	0	0	0	0	0	0	0	0	0	0	0	0
genomad_k141_2571066	0	0	0	0	0	0	0	0	0	0	0	0	0	0	0	0	0	0	0	0	0	0	0	0	0	0	0	0	0	0	0	0	15.850386	83.1972	0	0	0	0	0	0	0	0	0	0	0	0	0
genomad_k141_3047118	0	0	0	0	0	0	0	0	0	0	0	0	0	0	0	0	0	0	0	0	0	0	0	0	0	0	0	0	0	0	0	0	70.47911	95.882256	0	50.508194	0	0	0	0	0	0	0	0	0	0	0
genomad_k141_2571083	0	0	0	0	0	0	0	0	0	0	0	0	0	0	0	0	0	0	0	0	0	0	0	0	0	0	0	0	0	0	0	0	0	19.722317	0	0	0	0	0	0	0	0	0	0	0	0	0
genomad_k141_133044	0	0	0	0	0	0	0	0	0	0	0	0	0	0	0	0	0	0	0	0	0	0	0	0	0	0	0	0	0	0	0	20.14331	0	0	0	0	0	0	0	0	0	0	0	0	0	0	0
genomad_k141_1619726	0	0	0	0	0	0	0	0	0	0	0	0	0	0	0	0	0	0	0	0	0	0	0	0	0	0	0	0	0	0	0	0	73.55544	33.186913	0	0	0	0	0	0	0	0	0	0	0	0	0
genomad_k141_548778	0	0	0	0	0	0	0	0	0	0	0	0	0	0	0	0	0	0	0	0	0	0	0	0	0	0	0	0	0	0	82.190186	50.91383	136.04933	138.75647	0	105.26823	0	0	0	0	0	0	0	0	0	0	0
genomad_k141_3106372	0	0	0	0	0	0	0	0	0	0	0	0	52.754723	0	0	0	0	0	0	0	0	0	0	0	0	0	0	0	0	0	0	0	0	0	0	0	0	0	0	0	0	0	0	0	0	0	0
genomad_k141_431303	0	0	0	0	0	0	0	0	0	0	0	0	0	0	0	0	0	0	0	0	0	0	0	0	0	0	0	0	0	0	0	165.67809	55.464947	31.62936	0	0	0	0	0	0	0	0	0	0	0	0	0
genomad_k141_1975996	0	0	0	0	0	0	0	262.754	0	0	0	0	0	0	0	0	0	0	0	0	0	0	0	0	0	0	0	0	0	0	68.05047	148.15855	0	0	0	0	0	0	0	0	0	0	0	0	0	0	0
genomad_k141_251815	0	0	0	0	0	0	0	0	0	0	0	0	0	0	0	0	0	0	0	0	0	0	0	0	0	0	0	0	0	0	0	0	0	5.8923445	0	0	0	0	0	0	0	0	0	0	0	0	0
genomad_k141_548803	0	0	0	0	1874.1705	1887.2316	0	0	0	0	0	0	0	0	0	0	0	0	0	0	0	0	0	0	0	0	0	0	0	0	0	0	0	0	0	0	0	0	0	0	0	0	0	0	0	0	0
genomad_k141_1679030	541.30896	476.07745	0	0	0	0	0	0	0	0	0	0	0	0	0	0	512.56146	493.51346	0	0	0	0	0	0	0	0	0	0	0	0	0	0	0	0	0	0	0	0	0	0	0	0	0	0	0	0	0
genomad_k141_2748989	0	0	0	0	0	0	0	0	0	0	0	0	0	0	0	0	0	0	0	0	0	0	0	0	0	0	0	0	0	0	0	0	338.07925	66.57912	0	0	0	0	0	0	0	0	0	0	0	0	0
genomad_k141_1322443	0	0	0	0	0	0	0	0	0	0	0	0	0	0	0	0	0	0	0	0	0	0	0	0	0	0	0	0	0	0	97.63763	0	0	0	0	0	0	0	0	0	0	0	0	0	0	0	0
genomad_k141_3522489	0	0	0	0	0	0	0	0	0	0	0	0	0	0	0	0	0	0	0	0	0	0	0	0	0	0	0	0	22.534174	0	0	0	0	0	0	0	0	0	0	0	0	0	0	0	0	0	0
genomad_k141_3165379	0	0	0	0	0	0	0	0	0	0	0	0	0	0	0	0	0	0	0	0	0	0	0	0	0	0	0	0	0	0	63.230274	39.10213	0	0	0	0	0	0	0	0	0	0	0	0	0	0	0
genomad_k141_3165386	0	0	0	0	0	0	0	0	0	0	0	0	29.671991	0	0	0	0	0	0	0	0	0	0	0	0	0	0	0	0	0	0	0	0	0	0	0	0	0	0	0	0	0	0	0	0	0	0
genomad_k141_668053	0	0	0	0	0	0	0	0	0	0	0	0	0	0	0	0	0	0	0	0	0	0	0	0	0	0	0	0	0	0	151.4856	163.381	0	0	0	0	0	0	0	0	0	0	0	0	0	0	0
genomad_k141_1916247	0	0	0	0	0	0	0	0	0	0	0	0	0	0	0	0	0	0	0	0	0	0	0	0	0	0	0	0	0	0	0	0	0	14.532064	0	0	0	0	0	0	0	0	0	0	0	0	0
genomad_k141_1501011	0	0	0	0	0	0	0	0	0	0	0	0	0	0	0	0	0	0	0	0	0	0	0	0	0	0	0	0	0	0	0	20.573597	24.457771	187.04431	0	62.05643	0	0	0	0	0	0	0	0	0	0	0
genomad_k141_3701420	0	0	0	0	0	0	0	0	0	0	0	0	0	0	0	0	0	0	0	0	0	0	0	0	0	0	0	0	0	0	0	0	0	7.334421	0	0	0	0	0	0	0	0	0	0	0	0	0
genomad_k141_728780	0	0	0	0	0	0	0	0	0	0	0	0	0	0	0	0	0	0	0	0	0	0	0	0	0	0	0	0	0	0	0	0	86.82423	45.103474	0	0	0	0	0	0	0	0	0	0	0	0	0
genomad_k141_2035972	0	0	0	0	0	0	0	0	0	0	0	0	0	0	0	0	0	0	0	0	0	0	0	0	0	0	0	0	0	0	0	0	131.63812	93.55403	0	44.027916	0	0	0	0	0	0	0	0	0	0	0
genomad_k141_1976046	0	0	0	0	0	0	0	0	0	0	0	0	0	0	0	0	0	0	0	0	0	0	0	0	0	0	0	0	0	0	0	0	53.182716	19.352106	0	0	0	0	0	0	0	0	0	0	0	0	0
genomad_k141_1857578	0	0	0	0	0	0	0	0	0	0	0	0	0	0	0	0	0	0	0	0	0	0	0	0	0	0	0	0	0	0	0	19.587236	0	0	0	0	0	0	0	0	0	0	0	0	0	0	0
genomad_k141_1738424	0	0	0	0	0	0	0	0	0	0	0	0	0	0	0	0	0	0	0	0	0	0	0	0	0	0	0	0	0	0	0	0	0	9.815689	0	0	0	0	0	0	0	0	0	0	0	0	0
genomad_k141_2689395	0	0	0	0	0	0	0	0	0	0	0	0	0	0	0	0	0	0	0	0	0	0	0	0	0	0	0	0	0	0	0	37.061157	0	0	0	0	0	0	0	0	0	0	0	0	0	0	0
genomad_k141_1144101	0	0	0	0	0	0	0	0	0	0	8429.181	0	0	0	0	0	1920.3484	2077.552	0	0	0	0	0	0	0	0	0	0	0	0	0	0	0	0	0	0	0	0	0	0	0	0	0	0	0	0	0
genomad_k141_1203221	0	0	0	0	0	0	0	0	0	0	0	0	0	0	0	0	0	0	0	0	0	0	0	0	0	0	0	0	0	0	0	0	21.972511	10.762149	0	0	0	0	0	0	0	0	0	0	0	0	0
genomad_k141_2808273	0	0	0	0	0	0	0	0	0	0	0	0	0	0	0	0	0	0	0	0	0	0	0	0	0	0	0	0	470.8129	131.28339	0	0	0	0	0	0	0	0	0	0	0	0	0	0	0	0	0
genomad_k141_847128	0	0	0	0	0	0	0	0	0	0	0	0	0	0	0	0	0	0	0	0	0	0	0	0	0	0	0	0	0	0	0	0	0	8.438353	0	0	0	0	0	0	0	0	0	0	0	0	0
genomad_k141_3463497	0	0	0	0	0	0	0	0	0	0	0	0	0	0	0	0	0	0	0	0	0	0	0	0	0	0	0	0	0	0	141.98145	152.88005	0	4.590462	0	0	0	0	0	0	0	0	0	0	0	0	0
genomad_k141_1976101	0	0	0	0	0	0	0	0	0	0	0	0	0	0	0	0	0	0	0	0	0	0	0	0	0	0	0	0	0	0	0	0	0	11.347897	0	0	0	0	0	0	0	0	0	0	0	0	0
genomad_k141_489902	0	0	0	0	0	0	0	0	0	0	0	0	0	0	0	0	0	0	0	0	0	0	0	0	0	0	0	0	0	0	0	0	566.96716	192.63106	0	29.213516	0	0	0	0	0	0	0	0	0	0	0
genomad_k141_3344638	0	0	0	0	0	0	0	0	0	0	0	0	0	0	0	0	0	0	0	0	0	0	0	0	0	0	0	0	0	0	0	40.921272	0	0	0	0	0	0	0	0	0	0	0	0	0	0	0
genomad_k141_191772	0	0	0	0	0	0	0	0	0	0	0	0	0	0	0	0	0	0	0	0	0	0	0	0	0	0	0	0	0	0	0	0	0	36.76901	0	0	0	0	0	0	0	0	0	0	0	0	0
genomad_k141_251929	0	0	0	0	0	0	0	0	0	0	0	0	0	0	0	0	1072.4502	1158.9407	0	0	0	0	0	0	0	0	0	0	0	0	0	0	0	0	0	0	0	0	0	0	0	0	0	0	0	0	0
genomad_k141_2987711	0	0	0	0	0	0	0	0	0	0	0	0	0	0	0	0	0	0	0	0	0	0	0	0	0	0	0	0	0	0	0	0	0	9.07969	0	0	0	0	0	0	0	0	0	0	0	0	0
genomad_k141_2571241	0	0	0	0	0	0	0	0	0	0	0	0	0	0	0	0	0	0	0	0	0	0	0	0	0	0	0	0	0	0	0	0	0	9.981741	0	0	0	0	0	0	0	0	0	0	0	0	0
genomad_k141_2214080	0	0	0	0	0	0	0	0	0	0	0	0	0	0	0	0	0	0	0	0	0	0	0	0	0	0	0	0	0	0	0	0	55.112488	113.60876	0	45.113888	0	0	0	0	0	0	0	0	0	0	0
genomad_k141_1976117	0	0	0	0	0	0	0	0	0	0	0	0	0	0	0	0	0	0	0	0	0	0	0	0	0	0	0	0	0	0	0	48.083004	0	0	0	0	0	0	0	0	0	0	0	0	0	0	0
genomad_k141_3344677	0	0	0	0	0	0	0	0	0	0	0	0	0	0	0	0	0	0	0	0	0	0	0	0	0	0	0	0	123.85082	0	0	0	0	0	0	0	0	0	0	0	0	0	0	0	0	0	0
genomad_k141_3463558	0	0	0	0	0	0	0	0	0	0	0	0	0	0	0	0	0	0	0	0	0	0	0	0	0	0	0	0	0	0	0	0	0	15.130734	0	0	0	0	0	0	0	0	0	0	0	0	0
genomad_k141_548970	0	0	0	0	0	0	0	0	0	0	0	0	0	0	0	0	0	0	0	0	0	0	0	0	0	0	0	0	0	0	0	0	27.602646	16.716806	0	0	0	0	0	0	0	0	0	0	0	0	0
genomad_k141_2808348	0	0	0	0	0	0	0	0	0	0	0	0	0	0	0	0	0	0	0	0	0	0	0	0	0	0	0	0	0	0	0	0	0	31.39861	0	0	0	0	0	0	0	0	0	0	0	0	0
genomad_k141_1679245	0	0	0	0	0	0	0	0	0	0	0	0	0	0	0	0	0	0	0	0	0	0	0	0	0	0	0	0	0	0	0	94.43254	0	12.024531	0	0	0	0	0	0	0	0	0	0	0	0	0
genomad_k141_1382236	0	0	0	0	0	0	0	0	0	0	0	0	0	0	0	0	0	0	0	0	0	0	0	0	0	0	0	0	0	0	0	0	0	8.050795	0	0	0	0	0	0	0	0	0	0	0	0	0
genomad_k141_1976185	0	0	0	0	0	0	0	0	0	0	0	0	0	0	0	0	0	0	0	0	0	0	0	0	0	0	0	0	0	0	0	0	47.25303	121.80537	0	0	0	0	0	0	0	0	0	0	0	0	0
genomad_k141_3463597	0	0	0	0	0	0	0	0	0	0	0	0	0	0	0	0	0	0	0	0	0	0	0	0	0	0	0	0	0	0	0	0	49.29676	42.853287	0	0	0	0	0	0	0	0	0	0	0	0	0
genomad_k141_1976195	0	0	0	0	0	0	0	0	0	0	0	320.7464	0	0	0	0	0	0	0	0	0	0	0	0	0	0	0	0	0	0	0	0	0	0	0	0	0	0	0	0	0	166.55058	174.62273	0	0	0	0
genomad_k141_1916451	0	0	0	0	0	0	0	0	0	0	0	0	0	0	0	0	0	0	0	0	0	0	0	0	0	0	0	0	0	0	27.201965	76.240456	0	0	0	0	0	0	0	0	0	0	0	0	0	0	0
genomad_k141_1144267	0	0	0	0	0	0	0	0	0	0	0	0	0	0	0	0	0	0	0	0	0	0	0	0	0	0	0	0	0	0	0	0	0	7.389986	0	0	0	0	0	0	0	0	0	0	0	0	0
genomad_k141_3106619	0	0	0	0	0	0	0	0	0	0	0	0	0	0	0	0	0	0	0	0	0	0	0	0	0	0	0	0	0	0	0	0	37.722908	6.6034694	0	0	0	0	0	0	0	0	0	0	0	0	0
genomad_k141_3761551	0	0	0	0	0	0	0	0	0	0	0	0	0	0	0	0	0	0	0	0	0	0	0	0	0	0	0	0	0	0	0	26.857212	0	0	0	0	0	0	0	0	0	0	0	0	0	0	0
genomad_k141_1976236	0	0	0	0	0	0	0	0	0	0	0	0	0	0	0	0	0	0	0	0	0	0	0	0	0	0	0	0	0	0	0	0	49.809494	77.532486	0	0	0	0	0	0	0	0	0	0	0	0	0
genomad_k141_1144288	0	0	0	0	0	0	0	0	0	0	0	0	0	0	0	0	0	0	0	0	0	0	0	0	0	0	0	0	0	0	0	0	0	9.494345	0	0	0	0	0	0	0	0	0	0	0	0	0
genomad_k141_906371	0	0	0	0	0	0	0	0	0	0	0	0	0	0	0	0	0	0	0	0	0	0	0	0	0	0	0	0	0	0	0	0	0	7.9826775	0	0	0	0	0	0	0	0	0	0	0	0	0
genomad_k141_1085108	0	0	0	0	0	0	0	0	0	0	0	0	0	0	0	0	0	0	0	0	0	0	0	0	0	0	0	0	0	0	0	0	0	346.21393	0	0	0	0	0	0	0	0	0	0	0	0	0
genomad_k141_74029	0	0	0	0	0	0	0	0	0	0	0	0	0	0	0	0	0	0	0	0	0	0	0	0	0	0	0	0	0	0	0	0	24.328676	117.46453	0	0	0	0	0	0	0	0	0	0	0	0	0
genomad_k141_371795	0	0	0	0	0	0	0	0	0	0	0	0	0	0	0	0	0	0	0	0	0	0	0	0	0	0	0	0	0	0	0	0	0	15.046257	0	0	0	0	0	0	0	0	0	0	0	0	0
genomad_k141_1262047	0	0	0	0	0	0	0	0	0	0	0	0	0	0	0	0	0	0	0	0	0	0	0	0	0	0	0	0	0	0	0	0	31.59315	26.51669	0	0	0	0	0	0	0	0	0	0	0	0	0
genomad_k141_906408	0	0	0	0	0	0	0	0	0	0	0	0	0	0	0	0	0	0	0	0	0	0	0	0	0	0	0	0	0	0	0	0	0	0	0	0	0	0	0	0	0	0	0	0	0	0	0
genomad_k141_2333878	0	0	0	0	0	0	0	0	0	0	0	0	0	0	0	0	0	0	0	0	0	0	0	0	0	0	0	0	0	0	0	0	0	22.816635	0	0	0	0	0	0	0	0	0	0	0	0	0
genomad_k141_549148	0	0	0	0	0	0	0	0	0	0	0	0	0	0	0	0	0	0	0	0	0	0	0	0	0	0	0	0	0	0	0	0	18.999552	5.565134	0	0	0	0	0	0	0	0	0	0	0	0	0
genomad_k141_2095006	0	0	0	0	0	0	0	0	0	0	0	0	0	0	0	0	0	0	0	0	0	0	0	0	0	0	0	0	0	0	0	0	174.82298	40.403942	0	0	0	0	0	0	0	0	0	0	0	0	0
genomad_k141_2154728	0	0	0	0	0	0	0	0	0	0	0	0	0	0	0	0	0	0	0	0	0	0	0	0	0	0	0	0	0	0	108.68747	48.966312	0	0	0	0	0	0	0	0	0	0	0	0	0	0	0
genomad_k141_2095036	0	0	0	0	0	0	0	0	0	0	0	0	0	0	0	0	0	0	0	0	0	0	0	0	0	0	0	0	0	0	0	0	0	9.907565	0	0	0	0	0	0	0	0	0	0	0	0	0
genomad_k141_2274578	0	0	0	0	0	0	0	980.9903	0	0	0	0	0	0	0	0	0	0	0	0	0	0	0	0	0	0	0	0	0	0	629.0183	715.91736	0	0	0	0	0	0	0	0	0	0	0	0	0	0	0
genomad_k141_3403626	0	0	0	0	0	0	0	0	0	0	0	0	0	0	0	0	0	0	0	0	0	0	0	0	0	0	0	0	0	0	0	78.012955	0	0	0	0	0	0	0	0	0	0	0	0	0	0	0
genomad_k141_3522941	0	0	0	0	0	0	0	0	0	0	0	0	0	0	0	0	0	0	0	0	0	0	0	0	0	0	0	0	0	0	25.134579	31.939941	0	0	0	0	0	0	0	0	0	0	0	0	0	0	0
genomad_k141_3522943	0	0	0	0	0	0	0	0	0	0	0	0	0	0	0	0	0	0	0	0	0	0	0	0	0	0	0	0	0	0	0	0	24.271719	139.4921	0	37.68754	0	0	0	0	0	0	0	0	0	0	0
genomad_k141_1560630	0	0	0	0	0	0	0	0	0	0	0	0	0	0	0	0	0	0	0	0	0	0	0	0	0	0	0	0	0	0	0	0	60.572197	395.8138	0	128.6432	0	0	0	0	0	0	0	0	0	0	0
genomad_k141_2689759	0	0	0	0	0	0	0	0	0	0	0	0	0	0	0	0	0	0	0	0	0	0	0	0	0	0	0	0	0	0	0	0	327.7837	460.76477	0	196.78526	0	0	0	0	0	0	0	0	0	0	0
genomad_k141_2928384	0	0	0	0	0	0	0	0	0	0	0	0	0	0	0	0	0	0	0	0	0	0	0	0	0	0	0	0	0	0	0	0	25.168922	25.237503	0	0	0	0	0	0	0	0	0	0	0	0	0
genomad_k141_1857932	0	0	0	0	0	0	0	0	0	0	0	0	0	0	0	0	0	0	0	0	0	0	0	0	0	0	0	0	0	0	0	14.810918	0	0	0	0	0	0	0	0	0	0	0	0	0	0	0
genomad_k141_2631221	0	0	0	0	0	0	0	0	0	0	0	0	0	0	0	0	0	0	0	0	0	0	0	0	0	0	0	0	0	0	0	15.284516	34.43498	48.808994	0	0	0	0	0	0	0	0	0	0	0	0	0
genomad_k141_1976458	0	0	0	0	0	0	0	0	0	0	0	0	0	0	0	0	0	0	0	0	0	0	0	0	0	0	0	0	0	0	0	0	0	68.41539	0	0	0	0	0	0	0	0	0	0	0	0	0
genomad_k141_668502	0	0	0	0	0	0	0	0	0	0	0	0	0	0	0	0	0	0	0	0	0	0	0	0	0	0	0	0	0	0	0	0	0	0	0	114.56344	0	0	0	0	0	0	0	0	0	0	0
genomad_k141_3285251	0	0	0	0	0	0	0	0	0	0	0	0	0	0	0	0	0	0	0	0	0	1657.5144	0	0	0	0	0	0	0	0	0	0	0	0	0	0	0	0	0	0	0	0	0	0	0	0	0
genomad_k141_371974	0	0	0	0	0	0	0	0	0	0	0	0	0	0	0	0	0	0	0	0	0	0	0	0	0	0	0	0	0	0	0	0	48.32071	19.306498	0	0	0	0	0	0	0	0	0	0	0	0	0
genomad_k141_1144523	0	0	0	0	0	0	0	0	0	0	0	0	0	0	0	0	0	0	0	0	0	0	0	0	0	0	0	0	0	0	0	32.389637	0	0	0	0	0	0	0	0	0	0	0	0	0	0	0
genomad_k141_549344	0	0	0	0	0	0	0	0	0	0	0	0	0	0	0	0	0	0	0	0	0	0	0	0	0	0	0	0	0	0	0	30.751572	0	0	0	0	0	0	0	0	0	0	0	0	0	0	0
genomad_k141_906536	0	0	0	0	0	0	0	0	0	0	0	0	0	0	0	0	0	0	0	0	0	0	0	0	0	0	0	0	0	0	0	0	60.35085	60.15785	0	0	0	0	0	0	0	0	0	0	0	0	0
genomad_k141_2868262	0	0	0	0	0	0	0	0	0	0	0	0	0	0	0	0	0	0	0	0	0	0	0	0	0	0	0	0	0	0	0	0	0	8.501989	0	0	0	0	0	0	0	0	0	0	0	0	0
genomad_k141_3285276	0	0	0	0	0	0	0	0	0	0	0	0	0	0	0	0	0	0	0	0	0	0	0	0	0	0	0	0	0	0	0	0	0	21.9188	0	0	0	0	0	0	0	0	0	0	0	0	0
genomad_k141_1799056	0	0	0	0	0	0	0	0	0	0	0	0	0	0	0	0	0	0	0	0	0	0	0	0	0	0	0	0	0	0	29.035017	154.24486	0	0	0	0	0	0	0	0	0	0	0	0	0	0	0
genomad_k141_3225577	0	0	0	0	0	0	0	0	0	0	0	0	0	0	0	0	0	0	0	0	0	0	0	0	0	0	0	0	0	0	0	0	29.380432	43.22895	0	0	0	0	0	0	0	0	0	0	0	0	0
genomad_k141_966286	0	0	0	0	0	0	0	286.03363	0	0	0	0	0	0	0	0	0	0	0	0	0	0	0	0	0	0	0	0	0	0	0	122.72568	146.48807	258.79138	0	171.7887	0	0	0	0	0	0	0	0	0	0	0
genomad_k141_1501413	0	0	0	0	0	0	0	0	0	0	0	0	0	0	0	0	0	0	0	0	0	0	0	0	0	0	0	0	0	0	0	36.68871	0	11.275844	0	0	0	0	0	0	0	0	0	0	0	0	0
genomad_k141_2928512	0	0	0	0	0	0	0	0	0	0	0	0	0	0	0	0	0	0	0	0	0	0	0	0	0	0	0	0	0	0	0	0	39.101425	25.326834	0	0	0	0	0	0	0	0	0	0	0	0	0
genomad_k141_1323026	0	0	0	0	0	0	0	0	0	0	0	0	0	0	0	0	0	0	0	0	0	0	0	0	0	0	0	0	0	0	0	0	0	24.563528	0	0	0	0	0	0	0	0	0	0	0	0	0
genomad_k141_1203655	0	0	0	0	0	0	0	0	0	0	0	0	0	0	0	0	0	0	0	0	0	0	0	0	0	0	0	0	0	0	0	0	135.18344	220.28111	0	134.31136	0	0	0	0	0	0	0	0	0	0	0
genomad_k141_2334126	0	0	0	0	0	0	0	0	0	0	0	0	0	0	0	0	0	0	0	0	0	0	0	0	0	0	0	0	0	0	0	0	0	40.62226	0	0	0	0	0	0	0	0	0	0	0	0	0
genomad_k141_1976571	0	0	0	0	0	0	0	0	0	0	0	0	0	0	0	0	0	0	0	0	0	0	0	0	0	0	0	0	0	0	0	0	0	17.083597	0	0	0	0	0	0	0	0	0	0	0	0	0
genomad_k141_2036496	0	0	0	0	0	0	0	0	0	0	0	0	0	0	0	0	0	0	0	0	0	0	0	0	0	0	0	0	0	0	0	0	0	13.044155	0	0	0	0	0	0	0	0	0	0	0	0	0
genomad_k141_2689885	0	0	0	0	0	0	0	0	0	0	0	0	0	0	0	0	0	0	0	0	0	0	0	0	0	0	0	0	0	0	134.3838	47.081944	0	0	0	0	0	0	0	0	0	0	0	0	0	0	0
genomad_k141_786993	0	0	0	0	0	0	0	0	0	0	0	0	0	0	0	0	0	0	0	0	0	0	0	0	0	0	0	0	0	0	0	0	34.786003	30.954239	0	0	0	0	0	0	0	0	0	0	0	0	0
genomad_k141_3582816	0	0	0	0	0	0	0	0	0	0	0	0	0	0	0	0	0	0	0	0	0	0	0	0	0	0	0	0	0	0	0	52.844193	0	0	0	0	0	0	0	0	0	0	0	0	0	0	0
genomad_k141_312052	0	0	0	0	0	0	0	0	0	0	0	0	0	0	0	0	0	0	0	0	0	0	0	0	0	0	0	0	0	0	0	32.487686	0	0	0	0	0	0	0	0	0	0	0	0	0	0	0
genomad_k141_372102	0	0	0	0	0	0	0	0	0	0	0	0	41.44049	0	0	0	0	0	0	0	0	0	0	0	0	0	0	0	0	0	0	0	0	0	0	0	0	0	0	0	0	0	0	0	0	0	0
genomad_k141_1739069	0	0	0	0	0	0	0	0	0	0	0	0	0	0	0	0	496.86496	546.41187	0	0	0	0	0	0	0	0	0	0	0	0	0	0	0	0	0	0	0	0	0	0	0	0	0	0	0	0	0
genomad_k141_74394	0	0	0	0	0	0	0	0	0	0	0	0	0	0	0	0	0	0	0	0	0	0	0	0	0	0	0	0	44.32345	0	0	0	0	0	0	0	0	0	0	0	0	0	0	0	0	0	0
genomad_k141_3165944	0	0	0	0	0	0	0	0	0	0	0	0	0	0	0	0	0	0	0	0	0	0	0	0	0	0	0	0	0	0	0	0	0	9.181098	0	0	0	0	0	0	0	0	0	0	0	0	0
genomad_k141_1144700	0	0	0	0	0	0	0	0	0	0	0	0	0	0	0	0	0	0	0	0	0	0	0	0	0	0	0	0	0	0	0	24.830814	0	10.723356	0	0	0	0	0	0	0	0	0	0	0	0	0
genomad_k141_1976632	0	0	0	0	0	0	0	0	0	0	0	0	0	0	0	0	0	0	0	0	0	0	0	0	0	0	0	0	0	0	0	0	69.04915	23.39095	0	0	0	0	0	0	0	0	0	0	0	0	0
genomad_k141_2631382	0	0	0	0	0	0	0	0	0	0	0	0	0	0	0	0	0	0	0	0	0	0	0	0	0	0	0	0	0	0	0	27.225616	138.04276	144.22746	0	103.36654	0	0	0	0	0	0	0	0	0	0	0
genomad_k141_3285445	0	0	0	0	0	0	0	0	0	0	0	0	0	0	0	0	0	0	0	0	0	0	0	0	0	0	0	0	0	0	0	0	0	16.431507	0	0	0	0	0	0	0	0	0	0	0	0	0
genomad_k141_3345090	0	0	0	0	0	0	0	0	0	0	0	0	0	0	0	0	0	0	0	0	0	0	0	0	0	0	0	0	0	0	0	0	104.35795	92.95641	0	0	0	0	0	0	0	0	0	0	0	0	0
genomad_k141_1976638	0	0	0	0	0	0	0	0	0	0	0	0	0	0	0	0	0	0	0	0	0	0	0	0	0	0	0	0	0	0	0	0	55.06633	4.333013	0	0	0	0	0	0	0	0	0	0	0	0	0
genomad_k141_3464015	0	0	0	0	0	0	0	0	0	0	0	0	0	0	0	0	0	0	0	0	0	0	0	0	0	0	0	0	0	0	0	0	0	0	0	129.68256	0	0	0	0	0	0	0	0	0	0	0
genomad_k141_2154991	0	0	0	0	0	0	0	0	0	0	0	0	0	0	0	0	0	0	0	0	0	0	0	0	0	0	0	0	0	0	0	0	95.97863	114.028725	0	0	0	0	0	0	0	0	0	0	0	0	0
genomad_k141_668671	0	0	0	0	0	0	0	0	0	0	0	0	0	0	0	0	0	0	0	0	0	0	0	0	0	0	0	0	0	0	0	0	0	7.323562	0	0	0	0	0	0	0	0	0	0	0	0	0
genomad_k141_1085546	0	0	0	0	0	0	0	0	0	0	0	0	0	0	0	0	0	0	0	0	0	0	0	0	0	0	0	0	0	0	0	0	0	0	0	0	0	0	14179.919	14358.813	0	0	0	0	0	0	0
genomad_k141_787024	0	0	0	0	0	0	0	0	0	0	0	0	0	0	0	0	0	0	0	0	0	0	0	0	0	0	0	0	0	0	312.3274	123.594185	0	0	0	0	0	0	0	0	0	0	0	0	0	0	0
genomad_k141_729038	0	0	0	0	0	0	0	347.7137	0	0	0	0	0	0	0	0	0	0	0	0	0	0	0	0	0	0	0	0	0	0	30.573303	73.09695	0	0	0	0	0	0	0	0	0	0	0	0	0	0	0
genomad_k141_1441533	0	0	0	0	0	0	0	0	0	0	0	0	0	0	0	0	0	0	0	0	0	0	0	0	0	0	0	0	0	0	26.634132	52.59373	0	312.52582	0	0	0	0	0	0	0	0	0	0	0	0	0
genomad_k141_2334265	0	0	0	0	0	0	0	0	0	0	0	0	0	0	0	0	0	0	0	0	0	0	0	0	0	0	0	0	0	0	0	0	22.745478	13.328373	0	0	0	0	0	0	0	0	0	0	0	0	0
genomad_k141_2393250	0	0	0	0	0	0	0	0	0	0	0	0	0	0	0	0	0	0	0	0	0	0	0	0	0	0	0	0	0	0	0	57.475395	0	0	0	0	0	0	0	0	0	0	0	0	0	0	0
genomad_k141_3345197	0	0	0	0	0	0	0	0	0	0	0	0	0	0	0	0	0	0	0	0	0	0	0	0	0	0	0	0	0	0	0	65.32271	0	0	0	0	0	0	0	0	0	0	0	0	0	0	0
genomad_k141_2928700	0	0	0	0	0	0	0	0	0	0	0	0	0	0	0	0	0	0	0	0	0	0	0	0	0	0	0	0	0	0	0	0	90.369354	62.331955	0	44.078247	0	0	0	0	0	0	0	0	0	0	0
genomad_k141_1382814	0	0	0	0	0	0	0	0	0	0	0	0	0	0	0	0	0	0	0	0	0	0	0	0	0	0	0	0	448.8669	717.1121	0	0	0	0	0	0	0	0	0	0	0	0	0	0	0	0	0
genomad_k141_729076	0	0	0	0	0	0	0	0	0	0	0	0	90.06982	0	0	0	0	0	0	0	0	0	0	0	0	0	0	0	0	0	0	0	0	0	0	0	0	0	0	0	0	0	0	0	0	0	0
genomad_k141_1739235	0	0	0	0	0	0	0	0	0	0	0	0	0	0	0	0	0	0	0	0	0	0	0	0	0	0	0	0	0	0	0	0	79.949455	0	0	0	0	0	0	0	0	0	0	0	0	0	0
genomad_k141_3285526	0	0	0	0	0	0	0	0	0	0	0	0	0	0	0	0	0	0	0	0	0	0	0	0	0	0	0	0	0	0	0	0	130.10603	90.00764	0	71.4315	0	0	0	0	0	0	0	0	0	0	0
genomad_k141_549632	0	0	0	0	0	0	0	0	0	0	0	0	0	0	0	0	0	0	0	0	0	0	0	0	0	0	0	0	0	0	0	0	0	0	0	0	0	0	0	0	0	316.34103	372.26102	0	0	0	0
genomad_k141_2274966	0	0	0	0	0	0	0	0	0	0	0	0	0	0	0	0	0	0	0	0	0	0	0	0	0	0	0	0	0	0	0	0	0	17.242632	0	0	0	0	0	0	0	0	0	0	0	0	0
genomad_k141_3464237	0	0	0	0	0	0	0	0	0	0	0	0	0	0	0	0	0	0	0	0	0	0	0	0	0	0	0	0	0	0	22.647198	33.060776	0	0	0	0	0	0	0	0	0	0	0	0	0	0	0
genomad_k141_609510	0	0	0	0	0	0	0	0	0	0	0	0	0	0	0	0	0	0	0	0	0	0	0	0	0	0	0	0	0	0	0	26.31929	0	0	0	0	0	0	0	0	0	0	0	0	0	0	0
genomad_k141_3642611	0	0	0	0	0	0	0	0	0	0	0	0	0	0	0	0	0	0	0	0	0	0	0	0	0	0	0	0	0	0	0	0	32.70397	78.69919	0	0	0	0	0	0	0	0	0	0	0	0	0
genomad_k141_2036733	0	0	0	0	0	0	0	0	0	0	0	0	0	0	0	0	0	0	0	0	0	0	0	0	0	0	0	0	0	0	0	0	60.44361	78.75149	0	0	0	0	0	0	0	0	0	0	0	0	0
genomad_k141_1976864	0	0	0	0	0	0	0	0	0	0	5840.5996	0	0	0	0	0	573.01544	0	0	0	0	0	0	0	0	0	0	0	0	0	0	0	0	0	0	0	0	0	1008.1077	1189.159	0	0	0	0	0	0	0
genomad_k141_372403	0	0	0	0	0	0	0	0	0	0	0	0	0	0	0	0	0	0	0	0	0	0	0	0	0	0	0	0	0	0	0	0	25.095633	45.2534	0	0	0	0	0	0	0	0	0	0	0	0	0
genomad_k141_15358	0	0	0	0	0	0	0	0	0	0	0	0	0	0	0	0	0	0	0	0	0	0	0	0	0	0	0	0	0	0	53.458515	18.624235	0	0	0	0	0	0	0	0	0	0	0	0	0	0	0
genomad_k141_1679920	0	0	0	0	0	0	0	0	0	0	0	0	0	0	0	0	0	0	0	0	0	0	0	0	0	0	0	0	0	0	0	38.327698	0	63.232246	0	26.723343	0	0	0	0	0	0	0	0	0	0	0
genomad_k141_3048054	0	0	0	0	0	0	0	0	0	0	0	0	0	0	0	0	0	0	0	0	0	0	0	0	0	0	0	0	0	0	0	0	23.986689	47.49191	0	41.757618	0	0	0	0	0	0	0	0	0	0	0
genomad_k141_252624	0	0	0	0	0	0	0	0	0	0	0	0	0	0	0	0	0	0	0	0	0	0	0	0	0	0	0	0	0	0	0	0	139.89307	235.08609	0	102.87931	0	0	0	0	0	0	0	0	0	0	0
genomad_k141_1561134	0	0	0	0	0	0	0	0	0	0	0	0	0	0	0	0	0	0	0	0	0	0	0	0	0	0	0	0	0	0	0	0	0	35.933598	0	0	0	0	0	0	0	0	0	0	0	0	0
genomad_k141_2155317	0	0	0	0	0	0	0	0	0	0	0	0	0	0	0	0	0	0	0	0	0	0	0	0	0	0	0	0	0	0	0	78.64893	55.268112	448.96942	0	0	0	0	0	0	0	0	0	0	0	0	0
genomad_k141_1145000	0	0	0	0	0	0	0	0	0	0	0	0	0	0	0	0	0	0	0	0	0	0	0	0	0	0	0	0	0	0	0	43.91471	0	0	0	0	0	0	0	0	0	0	0	0	0	0	0
genomad_k141_3285651	0	0	0	0	0	0	0	0	0	0	0	0	0	0	0	0	0	0	0	0	0	0	0	0	0	0	0	0	0	0	0	6.1324244	23.44886	12.432714	0	0	0	0	0	0	0	0	0	0	0	0	0
genomad_k141_1501831	0	0	0	0	0	0	0	0	0	0	0	0	0	0	0	0	0	0	0	0	0	0	0	0	0	0	0	0	0	0	0	0	42.488464	36.399715	0	0	0	0	0	0	0	0	0	0	0	0	0
genomad_k141_15399	0	0	0	0	0	0	0	0	0	0	0	0	0	0	0	0	0	0	0	0	0	0	0	0	0	0	0	0	0	0	0	0	47.384926	18.358545	0	0	0	0	0	0	0	0	0	0	0	0	0
genomad_k141_1858378	0	0	0	0	0	0	0	0	0	0	0	0	0	0	0	0	0	0	0	0	0	0	0	0	0	0	0	0	0	0	0	0	237.33792	133.37445	0	90.688255	0	0	0	0	0	0	0	0	0	0	0
genomad_k141_2928932	0	0	0	0	0	0	0	0	0	0	0	0	0	0	0	0	0	0	0	0	0	0	0	0	0	0	0	0	0	0	33.685295	106.11318	0	0	0	0	0	0	0	0	0	0	0	0	0	0	0
genomad_k141_1025707	0	0	0	0	0	0	0	0	0	0	0	0	0	0	0	0	0	0	0	0	0	0	0	0	0	0	0	0	0	0	229.12659	18.734505	0	0	0	0	0	0	0	0	0	0	0	0	0	0	0
genomad_k141_2453028	0	0	0	0	0	0	0	0	0	0	0	0	0	0	0	0	0	0	0	0	0	0	0	0	0	0	0	0	0	0	0	0	0	18.8478	0	0	0	0	0	0	0	0	0	0	0	0	0
genomad_k141_3642743	0	0	0	0	0	0	0	0	0	0	0	0	0	0	0	0	0	0	0	0	0	0	0	0	0	0	0	0	1414.7343	632.945	0	0	0	0	0	0	0	0	0	0	0	0	0	0	0	0	0
genomad_k141_3285699	0	0	0	0	0	0	0	0	0	0	0	0	0	0	0	0	0	0	0	0	0	0	0	0	0	0	0	0	0	0	0	0	82.41019	31.061409	0	40.562355	0	0	0	0	0	0	0	0	0	0	0
genomad_k141_1501917	0	0	0	0	0	0	0	0	0	0	0	0	0	0	0	0	0	0	0	0	0	0	0	0	0	0	0	0	0	0	0	0	22.137058	27.433125	0	0	0	0	0	0	0	0	0	0	0	0	0
genomad_k141_3762339	0	0	0	0	0	0	0	0	0	0	0	0	0	0	0	0	0	0	0	0	0	0	0	0	0	0	0	0	0	0	0	0	0	33.042267	0	0	0	0	0	0	0	0	0	0	0	0	0
genomad_k141_1085889	0	0	0	0	0	0	0	0	0	0	0	0	0	0	0	0	0	0	0	0	0	0	0	0	0	0	0	0	0	0	0	42.63265	0	0	0	0	0	0	0	0	0	0	0	0	0	0	0
genomad_k141_2036917	0	0	0	0	0	0	0	0	0	0	0	0	0	0	0	0	0	0	0	0	0	0	0	0	0	0	0	0	186.99075	155.52028	0	0	0	0	0	0	0	0	0	0	0	0	0	0	0	0	0
genomad_k141_2512799	0	0	0	0	0	0	0	0	0	0	0	0	40.16442	0	0	0	0	0	0	0	0	0	0	0	0	0	0	0	0	0	0	0	0	0	0	0	0	0	0	0	0	0	0	0	0	0	0
genomad_k141_312503	0	0	0	0	0	0	0	0	0	0	0	0	0	0	0	0	0	0	0	0	0	0	0	0	0	0	0	0	0	0	0	0	0	10.26308	0	0	0	0	0	0	0	0	0	0	0	0	0
genomad_k141_1501979	0	0	0	0	0	0	0	0	0	0	0	0	0	0	0	0	0	0	0	0	0	0	0	0	0	0	0	0	0	0	0	0	22.83802	119.60482	0	0	0	0	0	0	0	0	0	0	0	0	0
genomad_k141_3762385	0	0	0	0	0	0	0	0	0	0	0	0	0	0	0	0	0	0	0	0	0	0	0	0	0	0	0	0	0	0	0	0	81.13703	50.75541	0	0	0	0	0	0	0	0	0	0	0	0	0
genomad_k141_3762406	0	0	0	0	0	0	0	581.51685	0	0	0	0	0	0	0	0	0	0	0	0	0	0	0	0	0	0	0	0	0	0	155.74312	875.9939	0	0	0	0	0	0	0	0	0	0	0	0	0	0	0
genomad_k141_74917	0	0	0	0	0	0	0	0	0	0	0	0	0	0	0	0	0	0	0	0	0	0	0	0	0	0	0	0	0	0	27.309546	118.27021	0	6.048458	0	0	0	0	0	0	0	0	0	0	0	0	0
genomad_k141_1858513	0	0	0	0	0	0	0	0	0	0	0	0	0	0	0	0	0	0	0	0	0	0	0	0	0	0	0	0	0	0	0	0	0	9.233238	0	0	0	0	0	0	0	0	0	0	0	0	0
genomad_k141_1383305	0	0	0	0	0	0	0	0	0	0	0	0	0	0	0	0	0	0	0	0	0	0	0	0	0	0	0	0	0	0	0	0	15.276506	52.887104	0	0	0	0	0	0	0	0	0	0	0	0	0
genomad_k141_2868874	0	0	0	0	0	0	0	0	0	0	0	0	0	0	0	0	0	0	0	0	0	0	0	0	0	0	0	0	0	0	0	61.891697	0	33.221386	0	0	0	0	0	0	0	0	0	0	0	0	0
genomad_k141_3166535	0	0	0	0	0	0	0	0	0	0	0	0	0	0	0	0	0	0	0	0	0	0	0	0	0	0	0	0	0	0	0	39.15671	0	0	0	0	0	0	0	0	0	0	0	0	0	0	0
genomad_k141_2275305	0	0	0	0	0	0	0	0	0	0	0	0	0	0	0	0	0	0	0	0	0	0	0	0	0	0	0	0	0	0	0	0	0	14.238408	0	0	0	0	0	0	0	0	0	0	0	0	0
genomad_k141_1383336	0	0	0	0	0	0	0	0	0	0	0	0	0	0	0	0	0	0	0	0	0	0	0	0	0	0	0	0	0	0	0	0	19.67548	22.885464	0	0	0	0	0	0	0	0	0	0	0	0	0
genomad_k141_15659	0	0	0	0	0	0	0	0	0	0	0	0	0	0	0	0	0	0	0	0	0	0	0	0	0	0	0	0	0	0	0	0	49.702457	21.190256	0	0	0	0	0	0	0	0	0	0	0	0	0
genomad_k141_3345590	0	0	0	0	0	0	0	0	0	0	0	0	0	0	0	0	0	0	0	0	0	0	0	0	0	0	0	0	0	0	0	0	12.5909605	8.021006	0	0	0	0	0	0	0	0	0	0	0	0	0
genomad_k141_2155559	0	0	0	0	0	0	0	0	0	0	0	0	0	0	0	0	0	0	0	0	0	0	0	0	0	0	0	0	0	0	0	0	0	74.15914	0	0	0	0	0	0	0	0	0	0	0	0	0
genomad_k141_3523662	0	0	0	0	0	0	0	0	0	0	0	0	0	0	0	0	0	0	0	0	0	0	0	0	0	0	0	0	0	0	0	0	0	24.93079	0	0	0	0	0	0	0	0	0	0	0	0	0
genomad_k141_3226380	0	0	0	0	0	0	0	0	0	0	0	0	0	0	0	0	0	0	0	0	0	0	0	0	0	0	0	0	0	0	0	0	0	18.99821	0	0	0	0	0	0	0	0	0	0	0	0	0
genomad_k141_3107669	0	0	0	0	0	0	0	0	0	0	0	0	0	0	0	0	0	0	0	0	0	0	0	0	0	0	0	0	0	0	0	0	38.993637	6.7720594	0	0	0	0	0	0	0	0	0	0	0	0	0
genomad_k141_1739573	0	0	0	0	0	0	0	0	0	0	0	0	0	0	0	0	0	0	0	0	0	0	0	0	0	0	0	0	0	0	0	0	57.779808	91.16973	0	0	0	0	0	0	0	0	0	0	0	0	0
genomad_k141_1621028	0	0	0	0	0	0	0	0	0	0	0	0	0	0	0	0	0	0	0	0	0	0	0	0	0	0	0	0	0	0	0	22.628296	0	0	0	0	0	0	0	0	0	0	0	0	0	0	0
genomad_k141_3523739	0	0	0	0	0	0	0	0	0	0	0	0	0	0	0	0	0	0	0	0	0	0	0	0	0	0	0	0	0	0	0	0	0	7.0080957	0	0	0	0	0	0	0	0	0	0	0	0	0
genomad_k141_729628	0	0	0	0	0	0	0	0	0	0	0	0	0	0	0	0	0	0	0	0	0	0	0	0	0	0	0	0	0	0	0	58.665936	0	10.135023	0	0	0	0	0	0	0	0	0	0	0	0	0
genomad_k141_2572399	0	0	0	0	0	0	0	0	0	0	0	0	0	0	0	0	0	0	0	0	0	0	0	0	0	0	0	0	0	0	0	0	26.165325	96.43477	0	59.083992	0	0	0	0	0	0	0	0	0	0	0
genomad_k141_2750374	0	0	0	0	0	0	0	0	0	0	0	0	0	0	0	0	0	0	0	0	0	0	0	0	0	0	0	0	0	0	0	0	0	5.958438	0	0	0	0	0	0	0	0	0	0	0	0	0
genomad_k141_2988923	0	0	0	0	0	0	0	0	0	0	0	0	0	0	0	0	0	0	0	0	0	0	0	0	0	0	0	0	0	0	0	0	0	24.773516	0	0	0	0	0	0	0	0	0	0	0	0	0
genomad_k141_1383480	0	0	0	0	0	0	0	0	0	0	0	0	0	0	0	0	0	0	0	0	0	0	0	0	0	0	0	0	0	0	78.602455	118.4991	0	0	0	0	0	0	0	0	0	0	0	0	0	0	0
genomad_k141_372921	0	0	0	0	0	0	0	0	0	0	0	0	0	0	0	0	0	0	0	0	0	0	0	0	0	0	0	0	0	0	0	0	0	8.967543	0	0	0	0	0	0	0	0	0	0	0	0	0
genomad_k141_1739736	0	0	0	0	0	0	0	0	0	0	0	0	0	0	0	0	0	0	0	0	0	0	0	0	0	0	0	0	0	0	0	0	0	41.366356	0	0	0	0	0	0	0	0	0	0	0	0	0
genomad_k141_1442282	0	0	0	0	0	0	0	0	0	0	0	0	0	0	0	0	0	0	0	0	0	0	0	0	0	0	0	0	0	0	0	21.727262	0	0	0	0	0	0	0	0	0	0	0	0	0	0	0
genomad_k141_967125	1237.3339	1285.4783	0	0	0	0	0	0	0	0	0	0	0	0	0	0	0	0	0	0	0	0	0	0	0	0	0	0	0	0	0	0	0	0	0	0	0	0	0	0	0	0	0	0	0	0	0
genomad_k141_3226539	0	0	0	0	0	0	0	0	0	0	0	0	0	0	0	0	0	0	0	0	0	0	0	0	0	0	0	0	117.74835	0	0	0	0	0	0	0	0	0	0	0	0	0	0	0	0	0	0
genomad_k141_1739750	0	0	0	0	0	0	0	0	0	0	0	0	0	0	0	0	0	0	0	0	0	0	0	0	0	0	0	0	0	0	0	0	0	7.6191363	0	0	0	0	0	0	0	0	0	0	0	0	0
genomad_k141_2453496	0	0	0	0	0	0	0	0	0	0	0	0	0	0	0	0	0	0	0	0	0	0	0	0	0	0	0	0	0	0	0	0	73.73608	367.49066	0	148.6012	0	0	0	0	0	0	0	0	0	0	0
genomad_k141_2513120	0	0	0	0	0	0	0	0	0	0	0	0	0	0	0	0	0	0	0	0	0	0	0	0	0	0	0	0	0	0	0	0	42.191788	77.44269	0	21.913315	0	0	0	0	0	0	0	0	0	0	0
genomad_k141_967132	0	0	0	0	0	0	0	0	0	0	0	0	0	0	0	0	0	0	0	0	0	0	0	0	0	0	0	0	0	0	0	0	284.47906	164.27634	0	78.455154	0	0	0	0	0	0	0	0	0	0	0
genomad_k141_2572497	0	0	0	0	0	0	0	0	0	0	0	0	0	0	0	0	0	0	0	0	0	0	0	0	0	0	0	0	0	0	0	0	27.447803	21.048515	0	0	0	0	0	0	0	0	0	0	0	0	0
genomad_k141_2809531	0	0	0	0	0	0	0	0	0	0	0	0	0	0	0	0	0	0	0	0	0	0	0	0	0	0	0	0	0	0	44.550247	93.927155	0	0	0	0	0	0	0	0	0	0	0	0	0	0	0
genomad_k141_3464896	0	0	0	0	0	0	0	0	0	0	0	0	0	0	0	0	0	0	0	0	0	0	0	0	0	0	0	0	0	0	0	31.69928	0	5.6924706	0	0	0	0	0	0	0	0	0	0	0	0	0
genomad_k141_907640	0	0	0	0	0	0	0	0	0	0	0	0	0	0	0	0	0	0	0	0	0	0	0	0	0	0	0	0	0	0	0	0	0	45.68992	0	0	0	0	0	0	0	0	0	0	0	0	0
genomad_k141_2393960	0	0	0	0	0	0	0	0	0	0	0	0	0	0	0	0	0	0	0	0	0	0	0	0	0	0	0	0	0	0	0	0	43.138924	5.683289	0	0	0	0	0	0	0	0	0	0	0	0	0
genomad_k141_3464926	0	0	0	0	0	0	0	0	0	0	0	0	0	0	0	0	0	0	0	0	0	0	0	0	0	0	0	0	0	0	0	0	0	21.115147	0	0	0	0	0	0	0	0	0	0	0	0	0
genomad_k141_1086369	0	0	0	0	0	0	0	0	0	0	0	0	0	0	0	0	0	0	0	0	0	0	0	0	0	0	0	0	0	0	0	0	28.267195	20.768332	0	0	0	0	0	0	0	0	0	0	0	0	0
genomad_k141_491358	0	0	0	0	0	0	0	0	0	0	0	0	32.445602	0	0	0	0	0	0	0	0	0	0	0	0	0	0	0	0	0	0	0	0	0	0	0	0	0	0	0	0	0	0	0	0	0	0
genomad_k141_2989072	0	0	0	0	0	0	0	0	0	0	0	0	0	0	0	0	0	0	0	0	0	0	0	0	0	0	0	0	0	0	0	0	36.43892	69.0401	0	0	0	0	0	0	0	0	0	0	0	0	0
genomad_k141_2869224	0	0	0	0	0	0	0	0	0	0	0	0	0	0	0	0	0	0	0	0	0	0	0	0	0	0	0	0	0	0	0	0	0	12.359546	0	0	0	0	0	0	0	0	0	0	0	0	0
genomad_k141_2096136	983.85156	924.33	0	0	0	0	0	0	0	0	7547.4883	0	0	0	0	0	0	0	0	0	0	0	0	0	0	0	0	0	0	0	0	0	0	0	0	0	0	0	2620.1638	2604.8125	0	0	0	0	0	0	0
genomad_k141_432874	0	0	0	0	0	0	0	0	0	0	0	0	0	0	0	0	0	0	0	0	0	0	0	0	0	0	0	0	0	0	0	0	35.616314	33.064728	0	0	0	0	0	0	0	0	0	0	0	0	0
genomad_k141_1680658	0	0	0	0	0	0	0	0	0	0	0	0	0	0	0	0	0	0	0	0	0	0	0	0	0	0	0	0	0	0	0	0	0	6.1951075	0	0	0	0	0	0	0	0	0	0	0	0	0
genomad_k141_2155966	0	0	0	0	0	0	0	201.84673	0	0	0	0	0	0	0	0	0	0	0	0	0	0	0	0	0	0	0	0	0	0	327.19843	167.30226	0	0	0	0	0	0	0	0	0	0	0	0	0	0	0
genomad_k141_2869260	0	0	0	0	0	0	0	0	0	0	0	0	0	0	0	0	0	0	0	0	0	0	0	0	0	0	0	0	0	0	0	0	87.79465	35.40239	0	0	0	0	0	0	0	0	0	0	0	0	0
genomad_k141_1263299	0	0	0	0	0	0	0	0	0	0	0	0	0	0	0	0	0	0	0	0	0	0	0	0	0	0	0	0	0	0	49.518726	36.349983	0	0	0	0	0	0	0	0	0	0	0	0	0	0	0
genomad_k141_3108141	0	0	0	0	0	0	0	0	0	0	0	0	0	0	0	0	0	0	0	0	0	0	0	0	0	0	0	0	0	0	0	20.15725	0	3.81122	0	0	0	0	0	0	0	0	0	0	0	0	0
genomad_k141_2809723	0	0	0	0	0	0	0	0	0	0	0	0	0	0	0	0	0	0	0	0	0	0	0	0	0	0	0	0	0	0	0	0	92.64483	60.250275	0	0	0	0	0	0	0	0	0	0	0	0	0
genomad_k141_1917895	0	0	0	0	0	0	0	0	0	0	0	0	0	0	0	0	0	0	0	0	0	0	0	0	0	0	0	0	797.9984	440.85342	0	0	0	0	0	0	0	0	0	0	0	0	0	0	0	0	0
genomad_k141_2215508	0	0	0	0	0	0	0	0	0	0	0	0	0	0	0	0	0	0	0	0	0	0	0	0	0	0	0	0	0	0	0	0	35.73258	0	0	0	0	0	0	0	0	0	0	0	0	0	0
genomad_k141_2869310	0	0	0	0	0	0	0	0	0	0	0	0	0	0	0	0	0	0	0	0	0	0	0	0	0	0	0	0	0	0	0	0	0	10.904083	0	0	0	0	0	0	0	0	0	0	0	0	0
genomad_k141_1917902	0	0	0	0	0	0	0	0	0	0	0	0	0	0	0	0	0	0	0	0	0	0	0	0	0	0	0	0	0	0	0	0	47.18904	5.4657717	0	0	0	0	0	0	0	0	0	0	0	0	0
genomad_k141_1204763	0	0	0	0	0	0	0	0	0	0	0	0	0	0	0	0	0	0	0	0	0	0	0	0	0	0	0	0	0	0	0	0	65.92376	38.391888	0	0	0	0	0	0	0	0	0	0	0	0	0
genomad_k141_550483	0	0	0	0	0	0	0	0	0	0	0	0	0	0	0	0	0	0	0	0	0	0	0	0	0	0	0	0	0	0	0	0	0	9.048985	0	0	0	0	0	0	0	0	0	0	0	0	0
genomad_k141_16236	0	0	0	0	0	0	0	0	0	0	0	0	0	0	0	0	0	0	0	0	0	0	0	0	0	0	0	0	0	0	0	0	0	9.571838	0	0	0	0	0	0	0	0	0	0	0	0	0
genomad_k141_2037582	0	0	0	0	0	0	0	0	0	0	0	0	0	0	0	0	0	0	0	0	0	0	0	0	0	0	0	0	0	0	0	24.223011	0	2.5487328	0	0	0	0	0	0	0	0	0	0	0	0	0
genomad_k141_1086567	0	0	0	0	0	0	0	0	0	0	0	0	0	0	0	0	0	0	0	0	0	0	0	0	0	0	0	0	0	0	52.490406	75.58482	0	0	0	0	0	0	0	0	0	0	0	0	0	0	0
genomad_k141_193514	0	0	0	0	0	0	0	0	0	0	0	0	0	0	0	0	0	0	0	0	0	0	0	0	0	0	0	0	0	0	0	0	55.819992	84.5226	0	0	0	0	0	0	0	0	0	0	0	0	0
genomad_k141_1442676	0	0	0	0	0	0	0	0	0	0	0	0	0	0	0	0	0	0	0	0	0	0	0	0	0	0	0	0	0	0	0	22.404268	0	0	0	0	0	0	0	0	0	0	0	0	0	0	0
genomad_k141_193547	0	0	0	0	0	0	0	0	0	0	0	0	0	0	0	0	0	0	0	0	0	0	0	0	0	0	0	0	0	0	119.37811	119.67821	0	0	0	0	0	0	0	0	0	0	0	0	0	0	0
genomad_k141_2750759	0	0	0	0	0	0	0	0	0	0	0	0	0	0	0	0	0	0	0	0	0	0	0	0	0	0	0	0	0	0	0	0	0	74.24681	0	0	0	0	0	0	0	0	0	0	0	0	0
genomad_k141_2690939	0	0	0	0	0	0	0	0	0	0	0	0	0	0	0	0	0	0	0	0	0	0	0	0	0	0	0	0	0	0	0	0	0	23.016678	0	0	0	0	0	0	0	0	0	0	0	0	0
genomad_k141_1204854	0	0	0	0	0	0	0	0	0	0	0	0	0	0	0	0	0	0	0	0	0	0	0	0	0	0	0	0	0	0	0	72.88062	0	64.65846	0	0	0	0	0	0	0	0	0	0	0	0	0
genomad_k141_491610	0	0	0	0	0	0	0	0	0	0	0	0	0	0	0	0	0	0	0	0	0	0	0	0	0	0	0	0	0	0	0	0	35.481728	37.09901	0	0	0	0	0	0	0	0	0	0	0	0	0
genomad_k141_1621603	0	0	0	0	0	0	0	0	0	0	0	0	0	0	0	0	0	0	0	0	0	0	0	0	0	0	0	0	0	0	0	0	0	16.861494	0	0	0	0	0	0	0	0	0	0	0	0	0
genomad_k141_2929711	0	0	0	0	0	0	0	0	0	0	0	0	0	0	0	0	0	0	0	0	0	0	0	0	0	0	0	0	0	0	0	0	202.55269	82.15856	0	60.646664	0	0	0	0	0	0	0	0	0	0	0
genomad_k141_1086611	0	0	0	0	0	0	0	0	0	0	0	0	0	0	0	0	0	0	0	0	0	0	0	0	0	0	0	0	0	0	0	0	77.11496	8.634807	0	0	0	0	0	0	0	0	0	0	0	0	0
genomad_k141_2690963	0	0	0	0	0	0	0	0	0	0	0	0	0	0	0	0	0	0	0	0	0	0	0	0	0	0	0	0	0	0	0	21.043116	0	3.7273169	0	0	0	0	0	0	0	0	0	0	0	0	0
genomad_k141_1562121	0	0	0	0	0	0	0	0	0	0	0	0	0	0	0	0	0	0	0	0	0	0	0	0	0	0	0	0	0	0	0	34.224	0	0	0	0	0	0	0	0	0	0	0	0	0	0	0
genomad_k141_1442739	0	0	0	0	0	0	0	0	0	0	0	0	0	0	0	0	0	0	0	0	0	0	0	0	0	0	0	0	0	0	0	0	90.74554	190.66907	0	77.191475	0	0	0	0	0	0	0	0	0	0	0
genomad_k141_3049088	0	0	0	0	0	0	0	0	0	0	0	0	0	0	0	0	0	0	0	0	0	0	0	0	0	0	0	0	0	0	0	40.58666	53.54234	96.23937	0	65.47091	0	0	0	0	0	0	0	0	0	0	0
genomad_k141_16372	0	0	0	0	0	0	0	0	0	0	0	0	0	0	0	0	0	0	0	0	0	0	0	0	0	0	0	0	0	0	23.124329	68.29258	0	0	0	0	0	0	0	0	0	0	0	0	0	0	0
genomad_k141_1146015	0	0	0	0	0	0	0	0	0	0	0	0	0	0	0	0	0	0	0	0	0	0	0	0	0	0	0	0	0	0	0	0	108.972984	100.691734	0	0	0	0	0	0	0	0	0	0	0	0	0
genomad_k141_3049117	0	0	0	0	0	0	0	0	0	0	0	0	0	0	0	0	0	0	0	0	0	0	0	0	0	0	0	0	0	0	0	0	0	16.375025	0	0	0	0	0	0	0	0	0	0	0	0	0
genomad_k141_373377	0	0	0	0	0	0	0	0	0	0	0	0	0	0	0	0	0	0	0	0	0	0	0	0	0	0	0	0	0	0	118.86528	52.328163	0	0	0	0	0	0	0	0	0	0	0	0	0	0	0
genomad_k141_610558	0	0	0	0	0	0	0	0	0	0	0	0	0	0	0	0	0	0	0	0	0	0	0	0	0	0	0	0	0	0	0	0	15.146519	9.823323	0	0	0	0	0	0	0	0	0	0	0	0	0
genomad_k141_134965	0	0	0	0	0	0	0	0	0	0	0	0	47.46328	0	0	0	0	0	0	0	0	0	0	0	0	0	0	0	0	0	0	0	0	0	0	0	0	0	0	0	0	0	0	0	0	0	0
genomad_k141_1681000	0	0	0	0	0	0	0	0	0	0	0	0	0	0	0	0	0	0	0	0	0	0	0	0	0	0	0	0	0	0	0	0	0	5.870891	0	0	0	0	0	0	0	0	0	0	0	0	0
genomad_k141_134968	0	0	0	0	0	0	0	0	0	0	0	0	0	0	0	0	0	0	0	0	0	0	0	0	0	0	0	0	0	0	0	0	0	11.542798	0	0	0	0	0	0	0	0	0	0	0	0	0
genomad_k141_3346256	0	0	0	0	0	0	0	0	0	0	0	0	222.72116	0	0	0	0	0	0	0	0	0	0	0	0	0	0	0	0	0	0	0	0	0	0	0	0	0	0	0	0	0	0	0	0	0	0
genomad_k141_75705	0	0	0	0	0	0	0	0	0	0	0	0	0	0	0	0	0	0	0	0	0	0	0	0	0	0	0	0	0	0	0	34.118996	39.375256	88.79847	0	51.64891	0	0	0	0	0	0	0	0	0	0	0
genomad_k141_1977913	0	0	0	0	0	0	0	0	0	0	0	0	0	0	0	0	0	0	0	0	0	0	0	0	0	0	0	0	0	0	0	0	0	6.4924145	0	0	0	0	0	0	0	0	0	0	0	0	0
genomad_k141_2394424	0	0	0	0	0	0	0	0	0	0	0	0	0	0	0	0	0	0	0	0	0	0	0	0	0	0	0	0	0	0	0	0	28.509726	24.3989	0	0	0	0	0	0	0	0	0	0	0	0	0
genomad_k141_491794	0	0	0	0	0	0	0	0	0	0	0	0	0	0	0	0	0	0	0	0	0	0	0	0	0	0	0	0	0	0	0	0	0	7.1979675	0	0	0	0	0	0	0	0	0	0	0	0	0
genomad_k141_1146103	0	0	0	0	0	0	0	0	0	0	0	0	0	0	0	0	0	0	0	0	0	0	0	0	0	0	0	0	0	0	0	0	0	10.676822	0	0	0	0	0	0	0	0	0	0	0	0	0
genomad_k141_2989460	0	0	0	0	0	0	0	0	0	0	0	0	0	0	0	0	0	0	0	0	0	0	0	0	0	0	0	0	0	0	0	0	15.817079	13.430159	0	0	0	0	0	0	0	0	0	0	0	0	0
genomad_k141_3346311	0	0	0	0	0	0	0	0	0	0	0	0	0	0	0	0	0	0	0	0	0	0	0	0	0	0	0	0	0	0	0	0	32.026688	37.251392	0	0	0	0	0	0	0	0	0	0	0	0	0
genomad_k141_788392	0	0	0	0	0	0	0	0	0	0	0	0	0	0	0	0	0	0	0	0	0	0	0	0	0	0	0	0	0	0	0	0	57.23902	96.93927	0	0	0	0	0	0	0	0	0	0	0	0	0
genomad_k141_3108495	0	0	0	0	0	0	0	0	0	0	0	0	68.79184	0	0	0	0	0	0	0	0	0	0	0	0	0	0	0	0	0	0	0	0	0	0	0	0	0	0	0	0	0	0	0	0	0	0
genomad_k141_1442940	0	0	0	0	0	0	0	0	0	0	0	0	0	0	0	0	0	0	0	0	0	0	0	0	0	0	0	0	0	0	0	0	36.93662	111.87558	0	27.537317	0	0	0	0	0	0	0	0	0	0	0
genomad_k141_193810	0	0	0	0	0	0	0	0	0	0	0	0	0	0	0	0	0	0	0	0	0	0	0	0	0	0	0	0	0	0	0	30.979956	0	0	0	0	0	0	0	0	0	0	0	0	0	0	0
genomad_k141_1324524	0	0	0	0	0	0	0	0	0	0	0	0	0	0	0	0	0	0	0	0	0	0	0	0	0	0	0	0	0	0	0	0	38.589832	84.73805	0	0	0	0	0	0	0	0	0	0	0	0	0
genomad_k141_3703448	0	0	0	0	0	0	0	0	0	0	0	0	0	0	0	0	0	0	0	0	0	0	0	0	0	0	0	0	530.89856	980.1789	0	0	0	0	0	0	0	0	0	0	0	0	0	0	0	0	0
genomad_k141_2573033	0	0	0	0	2163.832	2262.578	0	0	0	0	0	0	0	0	0	0	0	0	0	0	0	0	0	0	0	0	0	0	0	0	0	0	0	0	0	0	0	0	0	0	0	0	0	0	0	0	0
genomad_k141_313555	0	0	0	0	0	0	0	0	0	0	0	0	0	0	0	0	0	0	0	0	0	0	0	0	0	0	0	0	0	0	0	0	0	8.242872	0	0	0	0	0	0	0	0	0	0	0	0	0
genomad_k141_967750	0	0	0	0	0	0	0	0	0	0	0	0	0	0	0	0	0	0	0	0	0	0	0	0	0	0	0	0	0	0	0	0	0	6.4636693	0	0	0	0	0	0	0	0	0	0	0	0	0
genomad_k141_2276226	0	0	0	0	0	0	0	0	0	0	0	0	28.223114	0	0	0	0	0	0	0	0	0	0	0	0	0	0	0	0	0	0	0	0	0	0	0	0	0	0	0	0	0	0	0	0	0	0
genomad_k141_313599	0	0	0	0	0	0	0	0	0	0	0	0	0	0	0	0	0	0	0	0	0	0	0	0	0	0	0	0	0	0	110.58516	24.390366	0	0	0	0	0	0	0	0	0	0	0	0	0	0	0
genomad_k141_2869691	0	0	0	0	0	0	0	0	0	0	0	0	0	0	0	0	0	0	0	0	0	0	0	0	0	0	0	0	0	0	0	0	59.03384	17.084604	0	0	0	0	0	0	0	0	0	0	0	0	0
genomad_k141_193955	0	0	0	0	0	0	0	0	0	0	0	0	0	0	0	0	0	0	0	0	0	0	0	0	0	0	0	0	0	0	0	0	0	10.2962675	0	0	0	0	0	0	0	0	0	0	0	0	0
genomad_k141_3227259	0	0	0	0	0	0	0	0	0	0	0	0	0	0	0	0	0	0	0	0	0	0	0	0	0	0	0	0	0	0	0	0	16.078342	17.437132	0	0	0	0	0	0	0	0	0	0	0	0	0
genomad_k141_16729	0	0	0	0	0	0	0	0	0	0	0	0	0	0	0	0	0	0	0	0	0	0	0	0	0	0	0	0	0	0	0	0	610.30414	102.29633	0	34.01112	0	0	0	0	0	0	0	0	0	0	0
genomad_k141_2750978	0	0	0	0	0	0	0	0	0	0	0	0	0	0	0	0	0	0	0	0	0	0	0	0	0	0	0	0	0	0	0	0	750.5474	85.91694	0	56.434605	0	0	0	0	0	0	0	0	0	0	0
genomad_k141_908316	0	0	0	0	0	0	0	0	0	0	0	0	0	0	0	0	0	0	0	0	0	0	0	0	0	0	0	0	0	0	0	0	44.849194	161.85452	0	45.95871	0	0	0	0	0	0	0	0	0	0	0
genomad_k141_1087008	0	0	0	0	0	0	0	0	0	0	0	0	0	0	0	0	0	0	0	0	0	0	0	0	0	0	0	0	0	0	0	0	32.977135	3.8638072	0	0	0	0	0	0	0	0	0	0	0	0	0
genomad_k141_433481	0	0	0	0	0	0	0	0	0	0	0	0	0	0	0	0	0	0	0	0	0	0	0	0	0	0	0	0	712.77936	1891.6553	0	0	0	0	0	0	0	0	0	0	0	0	0	0	0	0	0
genomad_k141_1562553	0	0	0	0	0	0	0	0	0	0	0	0	0	0	0	0	0	0	0	0	0	0	0	0	0	0	0	0	0	0	0	0	0	21.54054	0	0	0	0	0	0	0	0	0	0	0	0	0
genomad_k141_3703563	0	0	0	0	0	0	0	0	0	0	0	0	0	0	0	0	0	0	0	0	0	0	0	0	0	0	0	0	0	0	0	0	0	8.159352	0	0	0	0	0	0	0	0	0	0	0	0	0
genomad_k141_2156507	0	0	0	0	0	0	0	0	0	0	0	0	0	0	0	0	0	0	0	0	0	0	0	0	0	0	0	0	0	0	0	0	0	43.68084	0	0	0	0	0	0	0	0	0	0	0	0	0
genomad_k141_2216007	0	0	0	0	0	0	0	0	0	0	0	0	0	0	0	0	0	0	0	0	0	0	0	0	0	0	0	0	0	0	0	0	0	11.828848	0	0	0	0	0	0	0	0	0	0	0	0	0
genomad_k141_788556	0	0	0	0	0	0	0	0	0	0	0	0	0	0	0	0	0	0	0	0	0	0	0	0	0	0	0	0	0	0	0	0	63.299004	119.06669	0	0	0	0	0	0	0	0	0	0	0	0	0
genomad_k141_3405366	0	0	0	0	0	0	0	0	0	0	0	0	0	0	0	0	0	0	0	0	0	0	0	0	0	0	0	0	0	0	0	0	0	16.982565	0	0	0	0	0	0	0	0	0	0	0	0	0
genomad_k141_849509	0	0	0	0	0	0	0	0	0	0	0	0	0	0	0	0	0	0	0	0	0	0	0	0	0	0	0	0	0	0	0	0	47.91913	0	0	0	0	0	0	0	0	0	0	0	0	0	0
genomad_k141_1740707	0	0	0	0	0	0	0	0	0	0	0	0	0	0	0	0	0	0	0	0	0	0	0	0	0	0	0	0	0	0	50.566784	14.35865	0	0	0	0	0	0	0	0	0	0	0	0	0	0	0
genomad_k141_2810408	0	0	0	0	0	0	0	0	0	0	0	0	0	0	0	0	0	0	0	0	0	0	0	0	0	0	0	0	0	0	43.590355	0	0	0	0	0	0	0	0	0	0	0	0	0	0	0	0
genomad_k141_2216123	0	0	0	0	0	0	0	0	0	0	0	0	0	0	0	0	0	0	0	0	0	0	0	0	0	0	0	0	0	0	0	0	0	0	0	0	0	0	0	0	0	0	0	0	0	0	0
genomad_k141_3049537	0	0	0	0	0	0	0	0	0	0	0	0	0	0	0	0	1708.0759	1507.135	0	0	0	0	0	0	0	0	0	0	0	0	0	0	0	0	0	0	0	0	0	0	0	0	0	0	0	0	0
genomad_k141_373852	0	0	0	0	0	0	0	0	0	0	0	0	0	0	0	0	0	0	0	0	0	0	0	0	0	0	0	0	0	0	0	0	0	5.3595915	0	0	0	0	0	0	0	0	0	0	0	0	0
genomad_k141_2394844	0	0	0	0	0	0	0	0	0	0	0	0	48.39203	0	0	0	0	0	0	0	0	0	0	0	0	0	0	0	0	0	0	0	0	0	0	0	0	0	0	0	0	0	0	0	0	0	0
genomad_k141_3703695	0	0	0	0	0	0	0	0	0	0	0	0	0	0	0	0	0	0	0	0	0	0	0	0	0	0	0	0	0	0	0	0	87.22352	23.202929	0	0	0	0	0	0	0	0	0	0	0	0	0
genomad_k141_2394876	0	0	0	0	0	0	0	0	0	0	0	0	0	0	0	0	0	0	0	0	0	0	0	0	0	0	0	0	0	0	338.33838	168.88239	0	0	0	0	0	0	0	0	0	0	0	0	0	0	0
genomad_k141_1622209	0	0	0	0	0	0	0	0	0	0	0	0	0	0	0	0	0	0	0	0	0	0	0	0	0	0	0	0	0	0	0	26.991333	0	0	0	0	0	0	0	0	0	0	0	0	0	0	0
genomad_k141_1027052	0	0	0	0	0	0	0	0	0	0	0	0	0	0	0	0	0	0	0	0	0	0	0	0	0	0	0	0	0	0	0	0	0	7.8333697	0	0	0	0	0	0	0	0	0	0	0	0	0
genomad_k141_373898	0	0	0	0	0	0	0	0	0	0	0	0	0	0	0	0	0	0	0	0	0	1690.4407	0	0	0	0	0	3506.6575	0	0	0	0	0	0	0	0	0	0	0	0	0	0	0	0	0	0	0
genomad_k141_1503236	0	0	0	0	0	0	0	0	0	0	0	0	0	0	0	0	395.39566	361.2005	0	0	0	0	0	0	0	0	0	0	0	0	0	0	0	0	0	0	0	0	0	0	0	0	0	0	0	0	0
genomad_k141_3763702	0	0	0	0	0	0	0	0	0	0	0	0	0	0	0	0	0	0	0	0	0	0	0	0	0	0	0	0	0	0	0	46.92258	0	21.007458	0	0	0	0	0	0	0	0	0	0	0	0	0
genomad_k141_788700	0	0	0	0	0	0	0	0	0	0	0	0	0	0	0	0	0	0	0	0	0	0	0	0	0	0	0	0	0	0	0	0	0	0	0	153.73236	0	0	0	0	0	0	0	0	0	0	0
genomad_k141_1324867	0	0	0	0	0	0	0	0	0	0	0	0	0	0	0	0	0	0	0	0	0	0	0	0	0	0	0	0	0	0	0	34.94171	0	2.615212	0	0	0	0	0	0	0	0	0	0	0	0	0
genomad_k141_2336005	0	0	0	0	0	0	0	0	0	0	0	0	0	0	0	0	0	0	0	0	0	1276.5365	0	0	0	0	0	0	0	0	0	0	0	0	0	0	0	0	0	0	0	0	0	0	0	0	0
genomad_k141_2930365	0	0	0	0	0	0	0	0	0	0	0	0	0	0	0	0	0	0	0	0	0	0	0	0	0	0	0	0	0	0	0	70.67882	0	0	0	0	0	0	0	0	0	0	0	0	0	0	0
genomad_k141_788725	0	0	0	0	0	0	0	0	0	0	0	0	0	0	0	0	0	0	0	0	0	0	0	0	0	0	0	0	0	0	0	0	32.170128	12.606756	0	0	0	0	0	0	0	0	0	0	0	0	0
genomad_k141_3584537	0	0	0	0	0	0	0	0	0	0	0	0	0	0	0	0	0	0	0	0	0	0	0	0	0	0	0	0	0	0	149.07056	15.249227	0	0	0	0	0	0	0	0	0	0	0	0	0	0	0
genomad_k141_135441	0	0	0	0	0	0	0	0	0	0	0	0	0	0	0	0	0	0	0	0	0	0	0	0	0	0	0	0	0	0	0	0	0	8.203419	0	0	0	0	0	0	0	0	0	0	0	0	0
genomad_k141_1859651	0	0	0	0	0	0	0	0	0	0	0	0	0	0	0	0	0	0	0	0	0	0	0	0	0	0	0	0	0	0	0	0	0	0	0	0	0	0	7332.4614	7101.432	0	0	0	0	0	0	0
genomad_k141_2751279	0	0	0	0	0	0	0	0	0	0	0	0	0	0	0	0	0	0	0	0	0	0	0	0	0	0	0	0	0	0	0	0	0	24.354002	0	0	0	0	0	0	0	0	0	0	0	0	0
genomad_k141_313970	0	0	0	0	0	0	0	0	0	0	0	0	0	0	0	0	0	0	0	0	0	0	0	0	0	0	0	0	0	0	0	0	37.58731	81.77408	0	51.8127	0	0	0	0	0	0	0	0	0	0	0
genomad_k141_1264099	0	0	0	0	0	0	0	0	0	0	0	0	0	0	0	0	0	0	0	0	0	0	0	0	0	0	0	0	0	0	0	0	21.914185	3.2223418	0	0	0	0	0	0	0	0	0	0	0	0	0
genomad_k141_2336083	0	0	0	0	0	0	0	0	0	0	0	0	0	0	0	0	0	0	0	0	0	0	0	0	0	0	0	0	0	0	0	0	13.388374	10.381429	0	0	0	0	0	0	0	0	0	0	0	0	0
genomad_k141_1800890	0	0	0	0	0	0	0	0	0	0	0	0	23.872812	0	0	0	0	0	0	0	0	0	0	0	0	0	0	0	0	0	0	0	0	0	0	0	0	0	0	0	0	0	0	0	0	0	0
genomad_k141_1146633	0	0	0	0	0	0	0	0	0	0	0	0	0	0	0	0	0	0	0	0	0	0	0	0	0	0	0	0	0	0	0	0	152.66417	0	0	0	0	0	0	0	0	0	0	0	0	0	0
genomad_k141_849760	0	0	0	0	0	0	0	0	0	0	0	0	0	0	0	0	0	0	0	0	0	0	0	0	0	0	0	0	0	0	0	0	25.076235	9.739523	0	0	0	0	0	0	0	0	0	0	0	0	0
genomad_k141_1443476	0	0	0	0	0	0	0	0	0	0	0	0	0	0	0	0	0	0	0	0	0	0	0	0	0	0	0	0	0	0	0	0	69.29898	27.61229	0	0	0	0	0	0	0	0	0	0	0	0	0
genomad_k141_3287146	0	0	0	0	0	0	0	0	0	0	0	0	0	0	0	0	0	0	0	0	0	0	0	0	0	0	0	0	0	0	0	0	99.35027	15.647539	0	0	0	0	0	0	0	0	0	0	0	0	0
genomad_k141_2038402	0	0	0	0	0	0	0	0	0	0	0	0	0	0	0	0	0	0	0	0	0	0	0	0	0	0	0	0	0	0	0	0	16.306637	20.707285	0	0	0	0	0	0	0	0	0	0	0	0	0
genomad_k141_194371	0	0	0	0	0	0	0	0	0	0	0	0	0	0	0	0	0	0	0	0	0	0	0	0	0	0	0	0	0	0	0	0	41.651203	39.97307	0	0	0	0	0	0	0	0	0	0	0	0	0
genomad_k141_2573505	0	0	0	0	0	0	0	0	0	0	0	0	0	0	0	0	0	0	0	0	0	0	0	0	0	0	0	0	0	0	94.56795	64.19023	0	0	0	0	0	0	0	0	0	0	0	0	0	0	0
genomad_k141_2276693	0	0	0	0	0	0	0	0	0	0	0	0	0	0	0	0	0	0	0	0	0	0	0	0	0	0	0	0	0	0	0	0	0	0	621.79266	41.473434	0	0	0	0	0	0	0	0	0	0	0
genomad_k141_1859790	0	0	0	0	0	0	0	0	0	0	0	0	0	0	0	0	0	0	0	0	0	0	0	0	0	0	0	0	0	0	0	0	14.6157675	8.219242	0	0	0	0	0	0	0	0	0	0	0	0	0
genomad_k141_3168138	0	0	0	0	0	0	0	0	0	0	0	0	0	0	0	0	0	0	0	0	0	0	0	0	0	0	0	0	0	0	0	389.58316	0	0	0	0	0	0	0	0	0	0	0	0	0	0	0
genomad_k141_3405646	0	0	0	0	0	0	0	0	0	0	0	0	0	0	0	0	0	0	0	0	0	0	0	0	0	0	0	0	0	0	77.35994	108.474754	0	0	0	0	0	0	0	0	0	0	0	0	0	0	0
genomad_k141_551281	0	0	0	0	0	0	0	0	0	0	0	0	0	0	0	0	0	0	0	0	0	0	0	0	0	0	0	0	0	0	0	0	28.857212	0	0	0	0	0	0	0	0	0	0	0	0	0	0
genomad_k141_2336237	0	0	0	0	0	0	0	0	0	0	0	0	102.67096	0	0	0	0	0	0	0	0	0	0	0	0	0	0	0	0	0	0	0	0	0	0	0	0	0	0	0	0	0	0	0	0	0	0
genomad_k141_1325072	0	0	0	0	0	0	0	0	0	0	0	0	0	0	0	0	0	0	0	0	0	0	0	0	0	0	0	0	0	0	0	0	0	13.337763	0	0	0	0	0	0	0	0	0	0	0	0	0
genomad_k141_2633285	0	0	0	0	0	0	0	0	0	0	0	0	0	0	0	0	0	0	0	0	0	0	0	0	0	0	0	0	0	0	153.49599	156.27571	0	0	0	0	0	0	0	0	0	0	0	0	0	0	0
genomad_k141_2870181	0	0	0	0	0	0	0	0	0	0	0	0	0	0	0	0	0	0	0	0	0	0	0	0	0	0	0	0	0	0	0	0	46.687527	36.89161	0	0	0	0	0	0	0	0	0	0	0	0	0
genomad_k141_1264246	0	0	0	0	0	0	0	0	0	0	0	0	0	0	0	0	0	0	0	0	0	0	0	0	0	0	0	0	0	0	60.15158	75.607735	0	0	0	0	0	0	0	0	0	0	0	0	0	0	0
genomad_k141_1027313	0	0	0	0	0	0	0	0	0	0	0	0	0	0	0	0	0	0	0	0	0	0	0	0	0	0	0	0	319.00323	0	0	0	0	0	0	0	0	0	0	0	0	0	0	0	0	0	0
genomad_k141_2216473	0	0	0	0	0	0	0	0	0	0	0	0	0	0	0	0	0	0	0	0	0	0	0	0	0	0	0	0	0	0	0	0	246.79945	5.930085	0	0	0	0	0	0	0	0	0	0	0	0	0
genomad_k141_1264277	0	0	0	0	0	0	0	0	0	0	0	0	0	0	0	0	0	0	0	0	0	0	0	0	0	0	0	0	0	0	0	0	0	15.132791	0	0	0	0	0	0	0	0	0	0	0	0	0
genomad_k141_3584729	0	0	0	0	0	0	0	0	0	0	0	0	0	0	0	0	0	0	0	0	0	0	0	0	0	0	0	0	0	0	0	0	89.90121	0	0	0	0	0	0	0	0	0	0	0	0	0	0
genomad_k141_254381	0	0	0	0	0	0	0	0	0	0	0	0	0	0	0	0	0	0	0	0	0	0	0	0	0	0	0	0	0	0	0	0	27.18739	7.720086	0	0	0	0	0	0	0	0	0	0	0	0	0
genomad_k141_611208	0	0	0	0	0	0	0	0	0	0	0	0	0	0	0	0	0	0	0	0	0	0	0	0	0	0	0	0	0	0	0	0	74.746826	140.6479	0	0	0	0	0	0	0	0	0	0	0	0	0
genomad_k141_670905	0	0	0	0	0	0	0	0	0	0	0	0	0	0	0	0	0	0	0	0	0	0	0	0	0	0	0	0	0	0	0	0	27.631874	43.85322	0	0	0	0	0	0	0	0	0	0	0	0	0
genomad_k141_194522	0	0	0	0	0	0	0	0	0	0	0	0	0	0	0	0	0	0	0	0	0	0	0	0	0	0	0	0	0	0	53.04063	94.799324	0	0	0	0	0	0	0	0	0	0	0	0	0	0	0
genomad_k141_968431	0	0	0	0	0	0	0	0	0	0	0	0	0	0	0	0	0	0	0	0	0	0	0	0	0	0	0	0	850.14874	2264.1143	0	0	0	0	0	0	0	0	0	0	0	0	0	0	0	0	0
genomad_k141_3347176	0	0	0	0	0	0	0	0	0	0	0	0	0	0	0	0	0	0	0	0	0	0	0	0	0	0	0	0	0	0	0	0	0	11.059938	0	0	0	0	0	0	0	0	0	0	0	0	0
genomad_k141_2691930	0	0	0	0	13766.96	13954.435	0	0	0	0	0	0	0	0	0	0	0	0	0	0	0	0	0	0	0	0	0	0	0	0	0	0	0	0	0	0	0	0	0	0	0	0	0	0	0	0	0
genomad_k141_850033	0	0	0	0	0	0	0	0	0	0	0	0	0	0	0	0	0	0	0	0	0	0	0	0	0	0	0	0	0	0	0	0	46.88145	208.10696	0	113.41265	0	0	0	0	0	0	0	0	0	0	0
genomad_k141_194566	0	0	0	0	0	0	0	0	0	0	0	0	0	0	0	0	0	0	0	0	0	0	0	0	0	0	0	0	0	0	0	0	24.905258	17.143282	0	0	0	0	0	0	0	0	0	0	0	0	0
genomad_k141_3287357	0	0	0	0	0	0	0	0	0	0	0	0	0	0	0	0	0	0	0	0	0	0	0	0	0	0	0	0	0	0	0	0	56.866776	15.401975	0	0	0	0	0	0	0	0	0	0	0	0	0
genomad_k141_850039	0	0	0	0	0	0	0	0	0	0	0	0	0	0	0	0	0	0	0	0	0	0	0	0	0	0	0	0	0	0	0	0	0	154.36604	0	0	0	0	0	0	0	0	0	0	0	0	0
genomad_k141_3050063	0	0	0	0	0	0	0	0	0	0	0	0	0	0	0	0	0	0	0	0	0	0	0	0	0	0	0	0	0	0	0	0	0	22.637733	0	0	0	0	0	0	0	0	0	0	0	0	0
genomad_k141_314371	0	0	0	0	0	0	0	0	0	0	0	0	0	0	0	0	0	0	0	0	0	0	0	0	0	0	0	0	0	0	0	18.926046	0	0	0	0	0	0	0	0	0	0	0	0	0	0	0
genomad_k141_2990309	0	0	0	0	0	0	0	0	0	0	0	0	0	0	0	0	0	0	0	0	0	0	0	0	0	0	0	0	0	0	59.86041	11.452987	0	0	0	0	0	0	0	0	0	0	0	0	0	0	0
genomad_k141_2097257	0	0	0	0	0	0	0	0	0	0	0	0	0	0	0	0	0	0	0	0	0	0	0	0	0	0	0	0	0	0	0	0	55.6268	124.629456	0	0	0	0	0	0	0	0	0	0	0	0	0
genomad_k141_3405851	0	0	0	0	0	0	0	0	0	0	0	0	0	0	0	0	0	0	0	0	0	0	0	0	0	0	0	0	0	0	0	0	123.236404	0	0	0	0	0	0	0	0	0	0	0	0	0	0
genomad_k141_434217	0	0	0	0	0	0	0	0	0	0	0	0	0	0	0	0	0	0	0	0	0	0	0	0	0	0	0	0	0	0	0	0	0	8.449483	0	0	0	0	0	0	0	0	0	0	0	0	0
genomad_k141_1443832	0	0	0	0	0	0	0	0	0	0	0	0	0	0	0	0	0	0	0	0	0	0	0	0	0	0	0	0	0	0	0	0	46.312687	34.74142	0	0	0	0	0	0	0	0	0	0	0	0	0
genomad_k141_2692036	0	0	0	0	0	0	0	0	0	0	0	0	0	0	0	0	0	0	0	0	0	0	0	0	0	0	0	0	0	0	0	0	95.03988	3.1074412	0	0	0	0	0	0	0	0	0	0	0	0	0
genomad_k141_3584946	0	0	0	0	0	0	0	0	0	0	0	0	0	0	0	0	0	0	0	0	0	0	0	0	0	0	0	0	0	0	0	0	0	12.048522	0	0	0	0	0	0	0	0	0	0	0	0	0
genomad_k141_3704253	0	0	0	0	0	0	0	0	0	0	0	0	25.801552	0	0	0	0	0	0	0	0	0	0	0	0	0	0	0	0	0	0	0	0	0	0	0	0	0	0	0	0	0	0	0	0	0	0
genomad_k141_2692039	0	0	0	0	0	0	0	0	0	0	0	0	0	0	0	0	0	0	0	0	0	0	0	0	0	0	0	0	0	0	0	41.04356	0	0	0	0	0	0	0	0	0	0	0	0	0	0	0
genomad_k141_3050125	0	0	0	0	0	0	0	0	0	0	0	0	0	0	0	0	0	0	0	0	0	0	0	0	0	0	0	0	0	0	0	0	0	11.620123	0	0	0	0	0	0	0	0	0	0	0	0	0
genomad_k141_1206108	0	0	0	0	0	0	0	0	0	0	0	0	59.15805	0	0	0	0	0	0	0	0	0	0	0	0	0	0	0	0	0	0	0	0	0	0	0	0	0	0	0	0	0	0	0	0	0	0
genomad_k141_1443860	0	0	0	0	0	0	0	0	0	0	0	0	0	0	0	0	0	0	0	0	0	0	0	0	0	0	0	0	0	0	0	0	76.985275	124.80249	0	46.101803	0	0	0	0	0	0	0	0	0	0	0
genomad_k141_2930846	0	0	0	0	0	0	0	0	0	0	0	0	36.740395	0	0	0	0	0	0	0	0	0	0	0	0	0	0	0	0	0	0	0	0	0	0	0	0	0	0	0	0	0	0	0	0	0	0
genomad_k141_3347327	0	0	0	0	0	0	0	0	0	0	0	0	0	0	0	0	0	0	0	0	0	0	0	0	0	0	0	0	0	0	0	0	0	0	0	0	0	0	2177.423	2145.5474	0	0	0	0	0	0	0
genomad_k141_434272	0	0	0	0	0	0	0	0	0	0	0	0	0	0	0	0	1079.0354	1097.7467	0	0	0	0	0	0	0	0	0	0	0	0	0	0	0	0	0	0	0	0	0	0	0	0	0	0	0	0	0
genomad_k141_671135	0	0	0	0	0	0	0	0	0	0	0	0	0	0	0	0	0	0	0	0	0	0	0	0	0	0	0	0	0	0	0	0	73.12669	0	0	0	0	0	0	0	0	0	0	0	0	0	0
genomad_k141_2395516	0	0	0	0	0	0	0	0	0	0	0	0	0	0	0	0	0	0	0	0	0	0	0	0	0	0	0	0	0	0	0	0	0	21.9361	0	0	0	0	0	0	0	0	0	0	0	0	0
genomad_k141_3466249	0	0	0	0	0	0	0	0	0	0	0	0	0	0	0	0	0	0	0	0	0	0	0	0	0	0	0	0	0	0	0	0	0	5.777738	0	0	0	0	0	0	0	0	0	0	0	0	0
genomad_k141_1087792	2747.4714	2862.975	0	0	0	0	0	0	0	0	0	0	0	0	0	0	0	0	0	0	0	0	0	0	0	0	0	0	0	0	0	0	0	0	0	0	0	0	0	0	0	0	0	0	0	0	0
genomad_k141_3347367	0	0	0	0	0	0	0	0	0	0	0	0	0	0	0	0	0	0	0	0	0	0	0	0	0	0	0	0	0	0	47.388603	137.14868	0	0	0	0	0	0	0	0	0	0	0	0	0	0	0
genomad_k141_789255	0	0	0	0	0	0	0	0	0	0	0	0	0	0	0	0	0	0	0	0	0	0	0	0	0	0	0	0	0	0	25.685165	29.97161	0	0	0	0	0	0	0	0	0	0	0	0	0	0	0
genomad_k141_1087839	0	0	0	0	0	0	0	0	0	0	0	0	41.341137	0	0	0	0	0	0	0	0	0	0	0	0	0	0	0	0	0	0	0	0	0	0	0	0	0	0	0	0	0	0	0	0	0	0
genomad_k141_135980	0	0	0	0	0	0	0	0	0	0	0	0	0	0	0	0	0	0	0	0	0	0	0	0	0	0	0	0	0	0	0	0	10.722518	23.029322	0	0	0	0	0	0	0	0	0	0	0	0	0
genomad_k141_1563353	0	0	0	0	0	0	0	0	0	0	0	0	0	0	0	0	0	0	0	0	0	0	0	0	0	0	0	0	0	0	111.15605	28.04736	0	0	0	0	0	0	0	0	0	0	0	0	0	0	0
genomad_k141_2692140	0	0	0	0	0	0	0	0	0	0	0	0	0	0	0	0	0	0	0	0	0	0	0	0	0	0	0	0	150.40959	141.48918	0	0	0	0	0	0	0	0	0	0	0	0	0	0	0	0	0
genomad_k141_2514575	0	0	0	0	0	0	0	0	0	0	0	0	0	0	0	0	0	0	0	0	0	0	0	0	0	0	0	0	0	0	0	0	0	0	0	158.36673	0	0	0	0	0	0	0	0	0	0	0
genomad_k141_17463	0	0	271.05667	267.144	0	0	0	0	0	0	0	507.92743	0	0	0	0	0	0	0	0	0	0	0	0	0	0	0	0	0	0	0	0	0	0	0	0	0	0	0	0	0	370.41647	369.98157	0	0	0	0
genomad_k141_1206198	0	0	0	0	0	0	0	0	0	0	0	0	0	0	0	0	0	0	0	0	0	0	0	0	0	0	0	0	0	0	62.071686	33.88164	70.10764	91.11008	0	49.93309	0	0	0	0	0	0	0	0	0	0	0
genomad_k141_2216843	0	0	0	0	0	0	0	0	0	0	0	0	0	0	0	0	0	0	0	0	0	0	0	0	0	0	0	0	0	0	0	0	0	12.870165	0	0	0	0	0	0	0	0	0	0	0	0	0
genomad_k141_1741445	0	0	0	0	0	0	0	0	0	0	0	0	94.20885	0	0	0	0	0	0	0	0	0	0	0	0	0	0	0	0	0	0	0	0	0	0	0	0	0	0	0	0	0	0	0	0	0	0
genomad_k141_1741448	0	0	0	0	0	0	0	0	0	0	0	0	48.221775	0	0	0	0	0	0	0	0	0	0	0	0	0	0	0	0	0	0	0	0	0	0	0	0	0	0	0	0	0	0	0	0	0	0
genomad_k141_1206228	0	0	0	0	0	0	0	0	0	0	0	0	0	0	0	0	0	0	0	0	0	0	0	0	0	0	0	0	0	0	0	40.894863	0	0	0	0	0	0	0	0	0	0	0	0	0	0	0
genomad_k141_3764304	0	0	0	0	0	0	0	0	0	0	0	0	0	0	0	0	0	0	0	0	0	0	0	0	0	0	0	0	0	0	0	0	0	18.43328	0	0	0	0	0	0	0	0	0	0	0	0	0
genomad_k141_1444021	0	0	0	0	0	0	0	0	0	0	0	0	0	0	0	0	0	0	0	0	0	0	0	0	0	0	0	0	0	0	0	0	0	0	0	109.97047	0	0	0	0	0	0	0	0	0	0	0
genomad_k141_1325603	0	0	0	0	0	0	0	0	0	0	0	0	0	0	0	0	0	0	0	0	0	0	0	0	0	0	0	0	0	0	0	0	35.12336	0	0	0	0	0	0	0	0	0	0	0	0	0	0
genomad_k141_2990612	0	0	0	0	0	0	0	0	0	0	0	0	0	0	0	0	0	0	0	0	0	0	0	0	0	0	0	0	0	0	0	0	155.61697	0	0	0	0	0	0	0	0	0	0	0	0	0	0
genomad_k141_1622970	0	0	0	0	0	0	0	0	0	0	0	0	125.04126	0	0	0	0	0	0	0	0	0	0	0	0	0	0	0	0	0	0	0	0	0	0	0	0	0	0	0	0	0	0	0	0	0	0
genomad_k141_17600	0	0	0	0	0	0	0	0	0	0	0	0	0	0	0	0	0	0	0	0	0	0	0	0	0	0	0	0	0	0	0	0	49.027206	203.27534	0	0	0	0	0	0	0	0	0	0	0	0	0
genomad_k141_1325636	0	0	0	0	0	0	0	0	0	0	0	0	0	0	0	0	0	0	0	0	0	0	0	0	0	0	0	0	0	0	0	0	32.59215	40.32259	0	0	0	0	0	0	0	0	0	0	0	0	0
genomad_k141_194831	0	0	0	0	0	0	0	0	0	0	0	0	0	0	0	0	0	0	0	0	0	0	0	0	0	0	0	0	0	0	0	0	38.937683	24.914083	0	0	0	0	0	0	0	0	0	0	0	0	0
genomad_k141_17618	0	0	0	0	0	0	0	0	0	0	0	0	0	0	0	0	0	0	0	0	0	0	0	0	0	0	0	0	0	0	0	30.689276	0	0	0	0	0	0	0	0	0	0	0	0	0	0	0
genomad_k141_2097590	0	0	0	0	0	0	0	0	0	0	0	0	0	0	0	0	0	0	0	0	0	0	0	0	0	0	0	0	0	0	0	0	162.18867	0	0	0	0	0	0	0	0	0	0	0	0	0	0
genomad_k141_1860299	0	0	0	0	0	0	0	761.14215	0	0	0	0	0	0	0	0	0	0	0	0	0	0	0	0	0	0	0	0	0	0	95.32549	409.42413	0	0	0	0	0	0	0	0	0	0	0	0	0	0	0
genomad_k141_2692317	0	0	0	0	0	0	0	0	0	0	0	0	0	0	0	0	0	0	0	0	0	0	0	0	0	0	0	0	0	0	0	37.877747	0	0	0	0	0	0	0	0	0	0	0	0	0	0	0
genomad_k141_314663	0	0	0	0	0	0	0	0	0	0	0	0	0	0	0	0	0	0	0	0	0	0	0	0	0	0	0	0	0	0	29.812563	0	35.74829	22.071302	0	0	0	0	0	0	0	0	0	0	0	0	0
genomad_k141_551911	0	0	0	0	0	0	0	0	0	0	0	0	0	0	0	0	0	0	0	0	0	0	0	0	0	0	0	0	0	0	182.5974	195.15436	0	0	0	0	0	0	0	0	0	0	0	0	0	0	0
genomad_k141_1504143	0	0	0	0	0	0	0	0	0	0	0	0	0	0	0	0	0	0	0	0	0	0	0	0	0	0	0	0	0	0	0	34.637173	32.69896	88.96687	0	82.664825	0	0	0	0	0	0	0	0	0	0	0
genomad_k141_2157462	0	0	0	0	0	0	0	0	0	0	0	0	0	0	0	0	0	0	0	0	0	0	0	0	0	0	0	0	0	0	0	0	16.65282	9.225657	0	0	0	0	0	0	0	0	0	0	0	0	0
genomad_k141_1801576	0	0	0	0	0	0	0	0	0	0	0	0	0	0	0	0	0	0	0	0	0	0	0	0	0	0	0	0	0	0	40.672867	44.615185	97.11992	199.93216	0	113.61858	0	0	0	0	0	0	0	0	0	0	0
genomad_k141_2870673	0	0	0	0	0	0	0	0	0	0	0	0	0	0	0	0	0	0	0	0	0	0	0	0	0	0	0	0	0	0	0	0	0	35.6278	0	0	0	0	0	0	0	0	0	0	0	0	0
genomad_k141_3050430	0	0	0	0	0	0	0	0	0	0	0	0	0	0	0	0	0	0	0	0	0	0	0	0	0	0	0	0	0	0	0	0	0	9.763959	0	0	0	0	0	0	0	0	0	0	0	0	0
genomad_k141_493195	0	0	0	0	0	0	0	0	0	0	0	0	0	0	0	0	0	0	0	0	0	0	0	0	0	0	0	0	0	0	0	0	63.407623	42.901134	0	0	0	0	0	0	0	0	0	0	0	0	0
genomad_k141_2574160	0	0	0	0	0	0	0	0	0	0	0	0	0	0	0	0	0	0	0	0	0	0	0	0	0	0	0	0	0	0	0	0	124.24722	772.7443	0	354.14047	0	0	0	0	0	0	0	0	0	0	0
genomad_k141_2931172	0	0	0	0	0	0	0	0	0	0	0	0	0	0	0	0	0	0	0	0	0	0	0	0	0	0	0	0	0	0	538.6372	163.39827	0	0	0	0	0	0	0	0	0	0	0	0	0	0	0
genomad_k141_1563599	0	0	0	0	0	0	0	0	0	0	0	0	0	0	0	0	0	0	0	0	0	0	0	0	0	0	0	0	0	0	0	0	61.696983	3.5651073	0	0	0	0	0	0	0	0	0	0	0	0	0
genomad_k141_2097663	0	0	0	0	0	0	0	0	0	0	0	0	0	0	0	0	0	0	0	0	0	0	0	0	0	0	0	0	0	0	0	0	97.73926	148.35516	0	0	0	0	0	0	0	0	0	0	0	0	0
genomad_k141_3287846	0	0	0	0	0	0	0	0	0	0	0	0	0	0	0	0	0	0	0	0	0	0	0	0	0	0	0	0	0	0	0	0	54.226494	96.005974	0	0	0	0	0	0	0	0	0	0	0	0	0
genomad_k141_3466605	0	0	0	0	0	0	0	0	0	0	0	0	0	0	0	0	0	0	0	0	0	0	0	0	0	0	0	0	0	0	81.32771	43.43213	0	0	0	0	0	0	0	0	0	0	0	0	0	0	0
genomad_k141_2692467	0	0	0	0	0	0	0	0	0	0	0	0	0	0	0	0	0	0	0	0	0	0	0	0	0	0	0	0	0	0	0	0	40.716896	0	0	0	0	0	0	0	0	0	0	0	0	0	0
genomad_k141_3050498	0	0	0	0	0	0	0	0	0	0	0	0	0	0	0	0	0	0	0	0	0	0	0	0	0	0	0	0	0	0	0	60.982143	0	0	0	0	0	0	0	0	0	0	0	0	0	0	0
genomad_k141_3168818	0	0	0	0	0	0	0	0	0	0	0	0	0	0	0	0	0	0	0	0	0	0	0	0	0	0	4330.65	0	0	0	0	0	0	0	0	0	0	0	0	0	0	0	0	0	0	0	0
genomad_k141_3585377	0	0	0	0	0	0	0	0	0	0	0	0	0	0	0	0	0	0	0	0	0	0	0	0	0	0	0	0	0	0	0	0	27.668797	15.598845	0	0	0	0	0	0	0	0	0	0	0	0	0
genomad_k141_3050515	0	0	0	0	0	0	0	0	0	0	0	0	0	0	0	0	0	0	0	0	0	0	0	0	0	0	0	0	0	0	0	0	0	46.846035	0	0	0	0	0	0	0	0	0	0	0	0	0
genomad_k141_2097763	0	0	0	0	0	0	0	0	0	0	0	0	0	0	0	0	4275.5283	4214.0166	0	0	0	0	0	0	0	0	0	0	0	0	0	0	0	0	0	0	0	0	3594.1782	3619.6033	0	0	0	0	0	0	0
genomad_k141_731637	0	0	0	0	0	0	0	0	0	0	0	0	0	0	0	0	0	0	0	0	0	0	0	0	0	0	0	0	0	0	0	25.75016	0	0	0	0	0	0	0	0	0	0	0	0	0	0	0
genomad_k141_2395993	0	0	0	0	0	0	0	0	0	0	0	0	0	0	0	0	0	0	0	0	0	0	0	0	0	0	0	0	0	0	116.64457	29.183146	0	0	0	0	0	0	0	0	0	0	0	0	0	0	0
genomad_k141_552081	0	0	0	0	0	0	0	0	0	0	0	0	0	0	0	0	0	0	0	0	0	0	0	0	0	0	0	0	0	0	0	0	0	0	0	0	0	0	0	0	0	0	0	0	0	0	0
genomad_k141_3466714	0	0	0	0	0	0	0	0	0	0	0	0	0	0	0	0	0	0	0	0	0	0	0	0	0	0	0	0	0	0	86.92225	173.12091	0	0	0	0	0	0	0	0	0	0	0	0	0	0	0
genomad_k141_2157655	0	0	0	0	0	0	0	0	0	0	0	0	0	0	0	0	502.94736	541.55994	0	0	0	0	0	0	0	0	0	0	0	0	0	0	0	0	0	0	0	0	0	0	0	0	0	0	0	0	0
genomad_k141_3347815	0	0	0	0	0	0	0	0	0	0	0	0	0	0	0	0	380.49844	304.01422	0	0	0	0	0	0	0	0	0	0	0	0	0	0	0	0	0	0	0	0	0	0	0	0	0	0	0	0	0
genomad_k141_1325869	0	0	0	0	0	0	0	0	0	0	0	0	0	0	0	0	0	0	0	0	0	0	0	0	0	0	0	0	0	0	0	0	0	8.904529	0	0	0	0	0	0	0	0	0	0	0	0	0
genomad_k141_1801773	0	0	0	0	0	0	0	0	0	0	0	0	0	0	0	0	0	0	0	0	0	0	0	0	0	0	0	0	0	0	0	0	0	83.29623	0	0	0	0	0	0	0	0	0	0	0	0	0
genomad_k141_2157656	0	0	0	0	0	0	0	0	0	0	0	0	0	0	0	0	0	0	0	0	0	0	0	0	0	0	0	0	0	0	0	0	29.198807	6.9416175	0	0	0	0	0	0	0	0	0	0	0	0	0
genomad_k141_909548	0	0	0	0	0	0	0	0	0	0	0	0	0	0	0	0	0	0	0	0	0	0	0	0	0	0	0	0	0	0	0	0	0	10.265422	0	0	0	0	0	0	0	0	0	0	0	0	0
genomad_k141_611949	0	0	0	0	0	0	0	0	0	0	0	0	0	0	0	0	0	0	0	0	0	0	0	0	0	0	0	0	0	0	0	0	0	13.435471	0	0	0	0	0	0	0	0	0	0	0	0	0
genomad_k141_1444361	0	0	0	0	0	0	0	0	0	0	0	0	0	0	0	0	0	0	0	0	0	0	0	0	0	0	0	0	0	0	70.028336	0	0	0	0	0	0	0	0	0	0	0	0	0	0	0	0
genomad_k141_3050642	0	0	0	0	0	0	0	0	0	0	0	0	0	0	0	0	0	0	0	0	0	0	0	0	0	0	0	0	623.6435	226.18767	0	0	0	0	0	0	0	0	0	0	0	0	0	0	0	0	0
genomad_k141_1028109	0	0	0	0	0	0	0	0	0	0	0	0	0	0	0	0	0	0	0	0	0	0	0	0	0	0	0	0	0	0	0	0	0	41.51485	0	0	0	0	0	0	0	0	0	0	0	0	0
genomad_k141_434876	0	0	0	0	0	0	0	0	0	0	0	0	0	0	0	0	0	0	0	0	0	0	0	0	0	0	0	0	0	0	0	0	55.15888	18.401598	0	0	0	0	0	0	0	0	0	0	0	0	0
genomad_k141_2811541	0	0	0	0	0	0	0	0	0	0	0	0	0	0	0	0	0	0	0	0	0	0	0	0	0	0	0	0	0	0	0	0	32.058098	24.998163	0	0	0	0	0	0	0	0	0	0	0	0	0
genomad_k141_3466796	0	0	0	0	0	0	0	0	0	0	0	0	0	0	0	0	0	0	0	0	0	0	0	0	0	0	0	0	0	0	82.629295	0	0	0	0	0	0	0	0	0	0	0	0	0	0	0	0
genomad_k141_2931446	0	0	0	0	0	0	0	204.56195	0	0	0	0	0	0	0	0	0	0	0	0	0	0	0	0	0	0	0	0	0	0	0	57.38402	0	0	0	0	0	0	0	0	0	0	0	0	0	0	0
genomad_k141_2337229	0	0	0	0	0	0	0	0	0	0	0	0	0	0	0	0	0	0	0	0	0	0	0	0	0	0	0	0	0	0	0	0	26.617157	85.23934	0	0	0	0	0	0	0	0	0	0	0	0	0
genomad_k141_2396097	0	0	0	0	0	0	0	0	0	0	0	0	0	0	0	0	0	0	0	0	0	0	0	0	0	0	0	0	0	0	57.532032	243.2064	0	19.139833	0	0	0	0	0	0	0	0	0	0	0	0	0
genomad_k141_493492	0	0	0	0	0	0	0	0	0	0	0	0	0	0	0	0	0	0	0	0	0	0	0	0	0	0	0	0	0	0	0	0	0	63.358757	0	0	0	0	0	0	0	0	0	0	0	0	0
genomad_k141_1088336	0	0	0	0	0	0	0	0	0	0	0	0	0	0	0	0	0	0	0	0	0	0	0	0	0	0	0	0	0	0	0	0	0	7.992877	0	0	0	0	0	0	0	0	0	0	0	0	0
genomad_k141_3169047	0	0	0	0	0	0	0	0	0	0	0	0	0	0	0	0	0	0	0	0	0	0	0	0	0	0	0	0	0	0	0	0	49.63433	74.24641	0	0	0	0	0	0	0	0	0	0	0	0	0
genomad_k141_2634161	0	0	0	0	0	0	0	0	0	0	0	0	0	0	0	0	0	0	0	0	0	0	0	0	0	0	0	0	0	0	149.12573	147.1007	0	0	0	0	0	0	0	0	0	0	0	0	0	0	0
genomad_k141_1504507	4587.663	4485.7314	0	0	0	0	0	0	0	0	0	0	0	0	0	0	0	0	0	0	0	0	0	0	0	0	0	0	0	0	0	0	0	0	0	0	0	0	0	0	0	0	0	0	0	0	0
genomad_k141_315057	0	0	0	0	0	0	0	0	0	0	0	0	0	0	0	0	754.90125	821.06885	0	0	0	0	0	0	0	0	0	0	0	0	0	0	0	0	0	0	0	0	0	0	0	0	0	0	0	0	0
genomad_k141_2455609	0	0	0	0	0	0	0	0	0	0	0	0	0	0	0	0	0	0	0	0	0	0	0	0	0	0	0	0	0	0	0	0	108.9889	158.88226	0	0	0	0	0	0	0	0	0	0	0	0	0
genomad_k141_1385690	0	0	0	0	0	0	0	0	0	0	0	0	0	0	0	0	0	0	0	0	0	0	0	0	0	0	0	0	0	0	0	0	0	8.951384	0	0	0	0	0	0	0	0	0	0	0	0	0
genomad_k141_2515174	0	0	0	0	0	0	0	0	0	0	0	0	0	0	0	0	0	0	0	0	0	0	0	0	0	0	0	0	0	0	0	0	49.74156	128.51143	0	33.18232	0	0	0	0	0	0	0	0	0	0	0
genomad_k141_2337358	0	0	0	0	0	0	0	0	0	0	0	0	0	0	0	0	0	0	0	0	0	0	0	0	0	0	0	0	0	0	0	0	100.154564	44.91734	0	0	0	0	0	0	0	0	0	0	0	0	0
genomad_k141_435096	0	0	0	0	0	0	0	0	0	0	0	0	0	0	0	0	0	0	0	0	0	0	0	0	0	0	0	0	0	0	0	0	0	0	0	123.59604	0	0	0	0	0	0	0	0	0	0	0
genomad_k141_3169141	0	0	0	0	669.28143	665.46466	0	0	0	0	0	0	0	0	0	0	0	0	0	0	0	0	0	0	0	0	0	0	0	0	94.65526	0	51.07407	9.906563	0	0	0	0	0	0	0	0	0	0	0	0	0
genomad_k141_1564040	0	0	0	0	0	0	0	0	0	0	0	0	0	0	0	0	0	0	0	0	0	0	0	0	0	0	0	0	0	0	0	0	156.34198	193.3773	0	55.66904	0	0	0	0	0	0	0	0	0	0	0
genomad_k141_2574628	0	0	0	0	0	0	0	0	0	0	0	0	0	0	0	0	0	0	0	0	0	0	0	0	0	0	0	0	0	0	0	0	82.83848	54.84169	0	0	0	0	0	0	0	0	0	0	0	0	0
genomad_k141_2515236	0	0	0	0	0	0	0	0	0	0	0	0	0	0	0	0	0	0	0	0	0	0	0	0	0	0	0	0	0	0	0	0	31.595964	45.57419	0	0	0	0	0	0	0	0	0	0	0	0	0
genomad_k141_3228572	0	0	0	0	0	0	0	0	0	0	0	0	0	0	0	0	0	0	0	0	0	0	0	0	0	0	0	0	0	0	0	18.132507	0	4.359512	0	0	0	0	0	0	0	0	0	0	0	0	0
genomad_k141_3109958	0	0	0	0	0	0	0	0	0	0	0	0	0	0	0	0	0	0	0	0	0	0	0	0	0	0	0	0	0	0	0	0	21.15024	84.75785	0	64.31022	0	0	0	0	0	0	0	0	0	0	0
genomad_k141_77635	0	0	0	0	0	0	0	0	0	0	0	0	0	0	0	0	0	0	0	0	0	0	0	0	0	0	0	0	0	0	115.61808	53.820995	0	0	0	0	0	0	0	0	0	0	0	0	0	0	0
genomad_k141_3406732	0	0	0	0	0	0	0	0	0	0	0	0	0	0	0	0	0	0	0	0	0	0	0	0	0	0	0	0	175.46196	157.98492	0	0	0	0	0	0	0	0	0	0	0	0	0	0	0	0	0
genomad_k141_18087	0	0	0	0	0	0	0	0	0	0	0	0	138.80882	0	0	0	0	0	0	0	0	0	0	0	0	0	0	0	0	0	0	0	0	0	0	0	0	0	0	0	0	0	0	0	0	0	0
genomad_k141_2991197	0	0	0	0	0	0	0	0	0	0	0	0	0	0	0	0	0	0	0	0	0	0	0	0	0	0	0	0	0	0	0	0	0	8.730284	0	0	0	0	0	0	0	0	0	0	0	0	0
genomad_k141_2098204	0	0	0	0	0	0	0	0	0	0	0	0	94.08427	0	0	0	0	0	0	0	0	0	0	0	0	0	0	0	0	0	0	0	0	0	0	0	0	0	0	0	0	0	0	0	0	0	0
genomad_k141_3348155	0	0	0	0	0	0	0	0	0	0	0	0	0	0	0	0	0	0	0	0	0	0	0	0	0	0	0	0	0	0	0	0	44.726456	165.93459	0	47.09304	0	0	0	0	0	0	0	0	0	0	0
genomad_k141_2157951	0	0	0	0	0	0	0	0	0	0	0	0	0	0	0	0	0	0	0	0	0	0	0	0	0	0	0	0	0	0	0	0	1505.711	149.18335	0	56.18778	0	0	0	0	0	0	0	0	0	0	0
genomad_k141_2396410	0	0	0	0	0	0	0	0	0	0	0	0	0	0	0	0	0	0	0	0	0	0	0	0	0	0	0	0	0	0	0	11.833061	0	66.53558	0	35.735744	0	0	0	0	0	0	0	0	0	0	0
genomad_k141_136687	0	0	0	0	0	0	0	0	0	0	0	0	0	0	0	0	0	0	0	0	0	0	0	0	0	0	0	0	0	0	0	0	0	23.699759	0	0	0	0	0	0	0	0	0	0	0	0	0
genomad_k141_3585818	0	0	0	0	0	0	0	0	0	0	0	0	0	0	0	0	0	0	0	0	0	0	0	0	0	0	0	0	0	0	58.183865	0	0	0	0	0	0	0	0	0	0	0	0	0	0	0	0
genomad_k141_1444679	0	0	0	0	0	0	0	0	0	0	0	0	0	0	0	0	0	0	0	0	0	0	0	0	0	0	0	0	0	0	0	0	0	66.97367	0	0	0	0	0	0	0	0	0	0	0	0	0
genomad_k141_3169251	0	0	0	0	0	0	0	0	0	0	0	0	0	0	0	0	0	0	0	0	0	0	0	0	0	0	0	0	0	0	53.480225	15.742451	0	0	0	0	0	0	0	0	0	0	0	0	0	0	0
genomad_k141_612361	0	0	0	0	0	0	0	0	0	0	0	0	0	0	0	0	0	0	0	0	0	1490.7842	0	0	0	0	0	4944.2974	0	0	0	0	0	0	0	0	0	0	0	0	0	0	0	0	0	0	0
genomad_k141_552506	0	0	0	0	0	0	0	0	0	0	0	0	0	0	0	0	0	0	0	0	0	0	0	0	0	0	0	0	0	0	24.241385	192.16837	0	16.628927	0	0	0	0	0	0	0	0	0	0	0	0	0
genomad_k141_2991286	0	0	0	0	0	0	0	0	0	0	0	0	0	0	0	0	0	0	0	0	0	0	0	0	0	0	0	0	0	0	0	0	30.067093	19.544403	0	0	0	0	0	0	0	0	0	0	0	0	0
genomad_k141_3348219	0	0	0	0	0	0	0	0	0	0	0	0	0	0	0	0	0	0	0	0	0	0	0	0	0	0	0	0	0	0	0	0	14.153825	12.718628	0	0	0	0	0	0	0	0	0	0	0	0	0
genomad_k141_3765015	0	0	0	0	0	0	0	0	0	0	0	0	0	0	0	0	0	0	0	0	0	0	0	0	0	0	0	0	0	0	0	22.487827	0	0	0	0	0	0	0	0	0	0	0	0	0	0	0
genomad_k141_2277848	0	0	0	0	0	0	0	0	0	0	0	0	0	0	0	0	0	0	0	0	0	0	0	0	0	0	0	0	0	0	0	0	21.904993	39.356422	0	0	0	0	0	0	0	0	0	0	0	0	0
genomad_k141_2811848	0	0	0	0	0	0	0	0	0	0	0	0	0	0	0	0	0	0	0	0	0	0	0	0	0	0	0	0	0	0	65.33783	114.47599	0	0	0	0	0	0	0	0	0	0	0	0	0	0	0
genomad_k141_552538	0	0	0	0	0	0	0	0	0	0	0	0	0	0	0	0	0	0	0	0	0	0	0	0	0	0	0	0	0	0	0	0	15.683489	5.4583607	0	0	0	0	0	0	0	0	0	0	0	0	0
genomad_k141_790174	0	0	0	0	0	0	0	0	0	0	0	0	0	0	0	0	0	0	0	0	0	0	0	0	0	0	0	0	0	0	0	0	0	14.655996	0	0	0	0	0	0	0	0	0	0	0	0	0
genomad_k141_1623671	0	0	0	0	0	0	0	0	0	0	0	0	0	0	0	0	0	0	0	0	0	0	0	0	0	0	0	0	0	0	31.79071	45.73536	0	0	0	0	0	0	0	0	0	0	0	0	0	0	0
genomad_k141_3288355	0	0	0	0	0	0	0	0	0	0	0	0	0	0	0	0	0	0	0	0	0	0	0	0	0	0	0	0	0	0	86.851654	0	0	0	0	0	0	0	0	0	0	0	0	0	0	0	0
genomad_k141_315277	0	0	0	0	0	0	0	0	0	0	0	0	0	0	0	0	0	0	0	0	0	0	0	0	0	0	0	0	0	0	0	0	0	0	0	86.22559	0	0	0	0	0	0	0	0	0	0	0
genomad_k141_3765065	0	0	0	0	0	0	0	0	0	0	0	0	0	0	0	0	0	0	0	0	0	0	0	0	0	0	0	0	0	0	0	0	28.886234	48.220837	0	0	0	0	0	0	0	0	0	0	0	0	0
genomad_k141_2515423	0	0	0	0	0	0	0	0	0	0	0	0	53.63935	0	0	0	0	0	0	0	0	0	0	0	0	0	0	0	0	0	0	0	0	0	0	0	0	0	0	0	0	0	0	0	0	0	0
genomad_k141_3348292	0	0	0	0	0	0	0	0	0	0	0	0	0	0	0	0	0	0	0	0	0	0	0	0	0	0	0	0	0	0	0	0	53.692566	0	0	0	0	0	0	0	0	0	0	0	0	0	0
genomad_k141_3228773	0	0	0	0	0	0	0	0	1687.829	1485.0432	0	0	0	0	0	0	0	0	0	0	0	0	0	0	0	1283.9081	0	0	0	0	0	0	0	0	0	0	0	0	0	0	0	0	0	0	0	0	0
genomad_k141_255590	0	0	0	0	0	0	0	0	0	0	0	0	0	0	0	0	0	0	0	0	0	0	0	0	0	0	0	0	0	0	0	0	0	0	0	374.57217	0	0	0	0	0	0	0	0	0	0	0
genomad_k141_3169365	0	0	0	0	0	0	0	0	0	0	0	0	0	0	0	0	0	0	0	0	0	0	0	0	0	0	0	0	0	0	0	148.4319	0	0	0	0	0	0	0	0	0	0	0	0	0	0	0
genomad_k141_3585944	0	0	0	0	0	0	0	0	0	0	0	0	0	0	0	0	0	0	0	0	0	0	0	0	0	0	0	0	0	0	0	0	81.33359	17.319473	0	0	0	0	0	0	0	0	0	0	0	0	0
genomad_k141_2098397	0	0	0	0	0	0	0	0	0	0	0	0	0	0	0	0	0	0	0	0	0	0	0	0	0	0	0	0	0	0	164.46878	63.14538	0	0	0	0	0	0	0	0	0	0	0	0	0	0	0
genomad_k141_3288407	0	0	0	0	0	0	0	0	0	0	0	0	0	0	0	0	0	0	0	0	0	0	0	0	0	0	0	0	0	0	0	0	18.657223	3.7325525	0	0	0	0	0	0	0	0	0	0	0	0	0
genomad_k141_2515479	0	0	0	0	0	0	0	0	0	0	0	0	0	0	0	0	0	0	0	0	0	0	0	0	0	0	0	0	0	0	0	0	52.25584	108.61975	0	0	0	0	0	0	0	0	0	0	0	0	0
genomad_k141_790274	0	0	0	0	0	0	0	0	0	0	0	0	0	0	0	0	0	0	0	0	0	0	0	0	0	0	0	0	0	0	0	0	0	11.667808	0	0	0	0	0	0	0	0	0	0	0	0	0
genomad_k141_1326413	0	0	0	0	0	0	0	0	0	0	0	0	0	0	0	0	0	0	0	0	0	0	0	0	0	0	0	0	0	0	0	0	0	7.989054	0	0	0	0	0	0	0	0	0	0	0	0	0
genomad_k141_3765193	0	0	0	0	0	0	0	0	0	0	0	0	0	0	0	0	0	0	0	0	0	0	0	0	0	0	0	0	0	0	0	0	158.50519	145.2781	0	0	0	0	0	0	0	0	0	0	0	0	0
genomad_k141_2456036	0	0	0	0	0	0	0	0	0	0	0	0	0	0	0	0	0	0	0	0	0	0	0	0	0	0	0	0	0	0	28.000116	14.380034	0	0	0	0	0	0	0	0	0	0	0	0	0	0	0
genomad_k141_78002	0	0	0	0	0	0	0	0	0	0	0	0	0	0	0	0	0	0	0	0	0	0	0	0	0	0	0	0	0	0	0	0	30.144539	27.050442	0	0	0	0	0	0	0	0	0	0	0	0	0
genomad_k141_2217743	0	0	0	0	0	0	0	0	0	0	0	0	0	0	0	0	0	0	0	0	0	0	0	0	0	0	0	0	336.82294	1031.7258	0	0	0	0	0	0	0	0	0	0	0	0	0	0	0	0	0
genomad_k141_3526023	0	0	0	0	0	0	0	0	0	0	0	0	0	0	0	0	0	0	0	0	0	0	0	0	0	0	0	0	0	0	0	0	0	65.08748	0	0	0	0	0	0	0	0	0	0	0	0	0
genomad_k141_195661	0	0	0	0	0	0	0	0	0	0	0	0	0	0	0	0	0	0	0	0	0	0	0	0	0	0	0	0	0	0	0	0	48.227074	6.4489365	0	0	0	0	0	0	0	0	0	0	0	0	0
genomad_k141_3169495	0	0	0	0	0	0	0	0	0	0	0	0	0	0	0	0	0	0	0	0	0	0	0	0	0	0	0	0	0	0	0	0	0	5.52516	0	0	0	0	0	0	0	0	0	0	0	0	0
genomad_k141_1683162	0	0	0	0	0	0	0	0	0	0	0	0	0	0	0	0	0	0	0	0	0	0	0	0	0	0	0	0	0	0	0	115.837204	0	0	0	0	0	0	0	0	0	0	0	0	0	0	0
genomad_k141_375369	0	0	0	0	0	0	0	0	0	0	0	0	0	0	0	0	0	0	0	0	0	0	0	0	0	0	0	0	0	0	0	0	0	9.848992	0	0	0	0	0	0	0	0	0	0	0	0	0
genomad_k141_1148232	0	0	0	0	0	0	0	0	0	0	0	0	0	0	0	0	0	0	0	0	0	0	0	0	0	0	0	0	0	0	38.76488	28.740168	16.059662	23.131006	0	0	0	0	0	0	0	0	0	0	0	0	0
genomad_k141_1920272	0	0	0	0	0	0	0	0	0	0	0	0	0	0	0	0	0	0	0	0	0	0	0	0	0	0	0	0	0	0	0	0	0	0	0	0	0	0	1620.5771	1923.7042	0	0	0	0	0	0	0
genomad_k141_612634	0	0	0	0	0	0	0	0	0	0	0	0	0	0	0	0	0	0	0	0	0	0	0	0	0	0	0	0	0	0	0	0	19.010584	11.056311	0	0	0	0	0	0	0	0	0	0	0	0	0
genomad_k141_2991483	0	0	0	0	0	0	0	0	0	0	0	0	0	0	0	0	0	0	0	0	0	0	0	0	0	0	0	0	0	0	1872.8419	581.54364	0	0	0	0	0	0	0	0	0	0	0	0	0	0	0
genomad_k141_3110346	0	0	0	0	0	0	0	0	0	0	0	0	0	0	0	0	0	0	0	0	0	0	0	0	0	0	0	0	0	0	572.1006	98.35135	0	0	0	0	0	0	0	0	0	0	0	0	0	0	0
genomad_k141_851332	0	0	0	0	0	0	0	209.46529	0	0	0	0	0	0	0	0	0	0	0	0	0	0	0	0	0	0	0	0	0	0	66.424065	173.52191	0	0	0	0	0	0	0	0	0	0	0	0	0	0	0
genomad_k141_3467382	0	0	0	0	0	0	0	0	0	0	0	0	0	0	0	0	0	0	0	0	0	0	0	0	0	0	0	0	0	0	38.439613	22.965038	0	0	0	0	0	0	0	0	0	0	0	0	0	0	0
genomad_k141_494169	0	0	0	0	0	0	0	0	0	0	0	0	0	0	0	0	0	0	0	0	0	0	0	0	0	0	0	0	0	0	108.563034	50.331715	0	0	0	0	0	0	0	0	0	0	0	0	0	0	0
genomad_k141_2693291	0	0	0	0	0	0	0	0	0	0	0	0	0	0	0	0	0	0	0	0	0	0	0	0	0	0	0	0	0	0	0	0	0	9.500807	0	0	0	0	0	0	0	0	0	0	0	0	0
genomad_k141_2337943	0	0	0	0	0	0	0	0	0	0	0	0	0	0	0	0	0	0	0	0	0	0	0	0	0	0	0	0	34.797867	135.33592	0	0	0	0	0	0	0	0	0	0	0	0	0	0	0	0	0
genomad_k141_2693310	0	0	0	0	0	0	0	0	0	0	0	0	0	0	0	0	0	0	0	0	0	0	0	0	0	0	0	0	0	0	0	0	0	0	0	93.24338	0	0	0	0	0	0	0	0	0	0	0
genomad_k141_1148295	0	0	0	0	0	0	0	0	0	0	0	0	0	0	0	0	0	0	0	0	0	0	0	0	0	0	0	0	0	0	39.051975	92.56144	0	0	0	0	0	0	0	0	0	0	0	0	0	0	0
genomad_k141_3586245	0	0	0	0	0	0	0	0	0	0	0	0	0	0	0	0	0	0	0	0	0	0	0	0	0	0	0	0	0	0	0	0	0	7.764793	0	0	0	0	0	0	0	0	0	0	0	0	0
genomad_k141_3586251	0	0	0	0	0	0	0	0	0	0	0	0	0	0	0	0	0	0	0	0	0	0	0	0	0	0	0	0	0	0	0	0	60.854668	35.48665	0	0	0	0	0	0	0	0	0	0	0	0	0
genomad_k141_1980101	0	0	0	0	0	0	0	0	0	0	0	0	0	0	0	0	0	0	0	0	0	0	0	0	0	0	0	0	0	0	53.290867	79.83531	0	0	0	0	0	0	0	0	0	0	0	0	0	0	0
genomad_k141_435705	0	0	0	0	0	0	0	0	0	0	0	0	0	0	0	0	0	0	0	0	0	0	0	0	0	0	0	0	0	0	0	0	106.991104	194.38159	0	54.484158	0	0	0	0	0	0	0	0	0	0	0
genomad_k141_2753140	0	0	0	0	0	0	0	0	0	0	0	0	22.497965	0	0	0	0	0	0	0	0	0	0	0	0	0	0	0	0	0	0	0	0	0	0	0	0	0	0	0	0	0	0	0	0	0	0
genomad_k141_2871779	0	0	0	0	0	0	0	228.7267	0	0	0	0	0	0	0	0	0	0	0	0	0	0	0	0	0	0	0	0	0	0	24.585827	228.41467	0	0	0	0	0	0	0	0	0	0	0	0	0	0	0
genomad_k141_3765485	0	0	0	0	0	0	0	0	0	0	0	0	51.91721	0	0	0	0	0	0	0	0	0	0	0	0	0	0	0	0	0	0	0	0	0	0	0	0	0	0	0	0	0	0	0	0	0	0
genomad_k141_2338073	0	0	0	0	0	0	0	0	0	0	0	0	0	0	0	0	0	0	0	0	0	2268.7126	0	0	0	0	0	0	0	0	0	0	0	0	0	0	0	0	0	0	0	0	0	0	0	0	0
genomad_k141_137226	0	0	0	0	0	0	0	0	0	0	0	0	0	0	0	0	0	0	0	0	0	0	0	0	0	0	0	0	0	0	0	0	274.56042	299.2738	0	132.05234	0	0	0	0	0	0	0	0	0	0	0
genomad_k141_315579	0	0	0	0	0	0	0	0	0	0	0	0	0	0	0	0	0	0	0	0	0	0	0	0	0	0	0	0	0	0	0	0	0	28.131779	0	0	0	0	0	0	0	0	0	0	0	0	0
genomad_k141_2338079	0	0	0	0	0	0	0	0	0	0	0	0	0	0	0	0	0	0	0	0	0	0	0	0	0	0	0	0	0	0	0	0	0	78.031296	0	0	0	0	0	0	0	0	0	0	0	0	0
genomad_k141_2098802	0	0	0	0	0	0	0	0	0	0	0	0	0	0	0	0	0	0	0	0	0	0	0	0	0	0	0	0	0	0	0	0	0	7.9049087	0	0	0	0	0	0	0	0	0	0	0	0	0
genomad_k141_553052	0	0	0	0	0	0	0	0	0	0	0	0	0	0	0	0	843.09357	854.4263	0	0	0	0	0	0	0	0	0	0	0	0	0	0	0	0	0	0	0	0	0	0	0	0	0	0	0	0	0
genomad_k141_1029056	0	0	0	0	0	0	0	0	0	0	0	0	0	0	0	0	0	0	0	0	0	0	0	0	0	0	0	0	0	0	53.92844	25.340569	0	0	0	0	0	0	0	0	0	0	0	0	0	0	0
genomad_k141_910491	0	0	0	0	0	0	0	0	0	0	0	0	0	0	0	0	0	0	0	0	0	0	0	0	0	0	0	0	0	0	42.71165	52.75226	0	9.757333	0	0	0	0	0	0	0	0	0	0	0	0	0
genomad_k141_3169828	0	0	0	0	0	0	0	0	0	0	0	0	0	0	0	0	0	0	0	0	0	0	0	0	0	0	0	0	492.91876	457.51138	0	0	0	0	0	0	0	0	0	0	0	0	0	0	0	0	0
genomad_k141_790648	971.26166	1117.202	0	0	0	0	0	0	0	0	0	0	0	0	0	0	508.19794	520.0754	0	0	0	0	0	0	0	0	0	0	0	0	0	0	0	0	0	0	0	0	0	0	0	0	0	0	0	0	0
genomad_k141_1326862	0	0	0	0	0	0	0	0	0	0	0	0	0	0	0	0	0	0	0	0	0	0	0	0	0	0	0	0	0	0	0	0	0	4.053128	0	0	0	0	0	0	0	0	0	0	0	0	0
genomad_k141_1445315	0	0	0	0	0	0	0	331.90118	0	0	0	0	0	0	0	0	0	0	0	0	0	0	0	0	0	0	0	0	0	0	0	64.1712	0	0	0	0	0	0	0	0	0	0	0	0	0	0	0
genomad_k141_1386581	0	0	0	0	0	0	0	0	0	0	0	0	0	0	0	0	0	0	0	0	0	0	0	0	0	0	0	0	0	0	0	0	37.409313	22.841246	0	0	0	0	0	0	0	0	0	0	0	0	0
genomad_k141_1980273	0	0	0	0	0	0	0	0	0	0	0	0	0	0	0	0	0	0	0	0	0	0	0	0	0	0	0	0	0	0	0	0	0	7.9499636	0	0	0	0	0	0	0	0	0	0	0	0	0
genomad_k141_2218180	0	0	0	0	0	0	0	0	0	0	0	0	0	0	0	0	0	0	0	0	0	0	0	0	0	0	0	0	0	0	0	0	13.956819	13.768512	0	0	0	0	0	0	0	0	0	0	0	0	0
genomad_k141_1326887	0	0	0	0	0	0	0	0	0	0	0	0	0	0	0	0	0	0	0	0	0	0	0	0	0	0	0	0	0	0	0	0	13.475995	31.774502	0	0	0	0	0	0	0	0	0	0	0	0	0
genomad_k141_1089190	0	0	0	0	0	0	0	0	0	0	0	0	0	0	0	0	0	0	0	0	0	0	0	0	0	0	0	0	0	0	0	0	0	11.264414	0	0	0	0	0	0	0	0	0	0	0	0	0
genomad_k141_196099	3060.3303	3359.8328	0	0	0	0	0	0	0	0	0	0	0	0	0	0	0	0	0	0	0	0	0	0	0	0	0	0	0	0	0	0	0	0	0	0	0	0	0	0	0	0	0	0	0	0	0
genomad_k141_790755	0	0	0	0	0	0	0	0	0	0	0	0	0	0	0	0	0	0	0	0	0	0	0	0	0	0	0	0	0	0	0	0	0	0	0	211.38377	0	0	0	0	0	0	0	0	0	0	0
genomad_k141_1207680	0	0	0	0	0	0	0	0	0	0	0	0	0	0	0	0	0	0	0	0	0	0	0	0	0	0	0	0	0	0	0	0	0	16.338911	0	0	0	0	0	0	0	0	0	0	0	0	0
genomad_k141_196105	0	0	0	0	0	0	0	0	0	0	0	0	0	0	0	0	0	0	0	0	0	0	0	0	0	0	0	0	0	0	0	0	125.446304	157.27734	0	60.136604	0	0	0	0	0	0	0	0	0	0	0
genomad_k141_3765667	0	0	0	0	0	0	0	0	0	0	0	0	0	0	0	0	0	0	0	0	0	0	0	0	0	0	0	0	0	0	0	0	105.59765	0	0	0	0	0	0	0	0	0	0	0	0	0	0
genomad_k141_1505514	0	0	0	0	0	0	0	0	0	0	0	0	0	0	0	0	0	0	0	0	0	0	0	0	0	0	0	0	0	0	0	45.007965	0	14.215131	0	0	0	0	0	0	0	0	0	0	0	0	0
genomad_k141_3646020	0	0	0	0	0	0	0	431.86652	0	0	0	0	0	0	0	0	0	0	0	0	0	0	0	0	0	0	0	0	0	0	152.50984	473.95566	0	0	0	0	0	0	0	0	0	0	0	0	0	0	0
genomad_k141_3586518	0	0	0	0	0	0	0	0	0	0	0	0	0	0	0	0	0	0	0	0	0	0	0	0	0	0	0	0	0	0	0	0	0	35.264214	0	0	0	0	0	0	0	0	0	0	0	0	0
genomad_k141_2218286	0	0	0	0	0	0	0	0	0	0	0	0	0	0	0	0	0	0	0	0	0	0	0	0	0	0	0	0	4675.421	18868.309	0	0	0	0	0	0	0	0	0	0	0	0	0	0	0	0	0
genomad_k141_553258	0	0	0	0	0	0	0	0	0	0	0	0	0	0	0	0	1022.6792	925.9966	0	0	0	0	0	0	0	0	0	0	0	0	0	0	0	0	0	0	0	0	0	0	0	0	0	0	0	0	0
genomad_k141_2516118	0	0	0	0	0	0	0	0	0	0	0	0	0	0	0	0	0	0	0	0	0	0	0	0	0	0	0	0	0	0	0	0	0	13.377721	0	0	0	0	0	0	0	0	0	0	0	0	0
genomad_k141_672840	0	0	0	0	0	0	0	0	0	0	0	0	0	0	0	0	0	0	0	0	0	0	0	0	0	0	0	0	0	0	0	52.676796	0	10.484106	0	0	0	0	0	0	0	0	0	0	0	0	0
genomad_k141_613159	0	0	0	0	0	0	0	0	0	0	0	0	0	0	0	0	0	0	0	0	0	0	0	0	0	0	0	0	0	0	0	0	0	7.470826	0	0	0	0	0	0	0	0	0	0	0	0	0
genomad_k141_613176	0	0	0	0	0	0	0	0	0	0	0	0	189.45367	0	0	0	0	0	0	0	0	0	0	0	0	0	0	0	0	0	0	0	0	0	0	0	0	0	0	0	0	0	0	0	0	0	0
genomad_k141_3705963	0	0	0	0	0	0	0	0	0	0	0	0	0	0	0	0	0	0	0	0	0	0	0	0	0	0	0	0	201.42293	294.70236	0	0	0	0	0	0	0	0	0	0	0	0	0	0	0	0	0
genomad_k141_3407599	0	0	0	0	0	0	0	0	0	0	0	0	0	0	0	0	0	0	0	0	0	0	0	0	0	0	0	0	0	0	0	0	23.49286	132.37604	0	76.28486	0	0	0	0	0	0	0	0	0	0	0
genomad_k141_1505668	0	0	0	0	0	0	0	0	0	0	0	0	0	0	0	0	0	0	0	0	0	0	0	0	0	0	0	0	0	0	30.03826	14.947908	0	0	0	0	0	0	0	0	0	0	0	0	0	0	0
genomad_k141_3110858	0	0	0	0	0	0	0	0	0	0	0	0	0	0	0	0	0	0	0	0	0	0	0	0	0	0	0	0	0	0	0	0	21.847622	5.3317	0	0	0	0	0	0	0	0	0	0	0	0	0
genomad_k141_1802921	0	0	0	0	0	0	0	0	0	0	0	0	0	0	0	0	842.11206	881.46594	0	0	0	0	0	0	0	0	0	0	0	0	0	0	0	0	0	0	0	0	0	0	0	0	0	0	0	0	0
genomad_k141_553355	0	0	0	0	0	0	0	0	0	0	0	0	0	0	0	0	0	0	0	0	0	0	0	0	0	0	0	0	0	0	0	0	23.861544	9.987246	0	0	0	0	0	0	0	0	0	0	0	0	0
genomad_k141_375929	0	0	0	0	0	0	0	0	0	0	0	0	0	0	0	0	0	0	0	0	0	0	0	0	0	0	0	0	0	0	0	0	41.297176	35.246387	0	0	0	0	0	0	0	0	0	0	0	0	0
genomad_k141_2218411	0	0	0	0	0	0	0	0	0	0	0	0	0	0	0	0	0	0	0	0	0	0	0	0	0	0	0	0	0	0	0	0	0	6.0594263	0	0	0	0	0	0	0	0	0	0	0	0	0
genomad_k141_19053	0	0	0	0	0	0	0	0	0	0	0	0	0	0	0	0	0	0	0	0	0	0	0	0	0	0	0	0	0	0	0	0	31.398855	21.936321	0	0	0	0	0	0	0	0	0	0	0	0	0
genomad_k141_3110897	0	0	0	0	0	0	0	0	0	0	0	0	0	0	0	0	0	0	0	0	0	0	0	0	0	0	0	0	0	0	0	25.750685	63.313663	233.44089	0	61.35921	0	0	0	0	0	0	0	0	0	0	0
genomad_k141_851943	0	0	0	0	0	0	0	0	0	0	0	0	0	0	0	0	0	0	0	0	0	0	0	0	0	0	0	0	0	0	0	0	0	0	0	103.02568	0	0	0	0	0	0	0	0	0	0	0
genomad_k141_315845	0	0	0	0	0	0	0	0	0	0	0	0	0	0	0	0	0	0	0	0	0	0	0	0	0	0	0	0	0	0	0	0	17.69541	18.400766	0	0	0	0	0	0	0	0	0	0	0	0	0
genomad_k141_196274	0	0	0	0	0	0	0	0	0	0	0	0	0	0	0	0	0	0	0	0	0	0	0	0	0	0	0	0	0	0	45.18444	40.286343	0	0	0	0	0	0	0	0	0	0	0	0	0	0	0
genomad_k141_1505736	0	0	0	0	0	0	0	0	0	0	0	0	0	0	0	0	0	0	0	0	0	0	0	0	0	0	0	0	625.8952	301.3328	0	0	0	0	0	0	0	0	0	0	0	0	0	0	0	0	0
genomad_k141_2218495	0	0	0	0	0	0	0	0	0	0	0	0	0	0	0	0	0	0	0	0	0	0	0	0	0	0	0	0	0	0	0	0	73.02866	18.340975	0	0	0	0	0	0	0	0	0	0	0	0	0
genomad_k141_137667	0	0	0	0	0	0	0	0	0	0	0	0	0	0	0	0	0	0	0	0	0	0	0	0	0	0	0	0	0	0	442.6574	213.63237	0	0	0	0	0	0	0	0	0	0	0	0	0	0	0
genomad_k141_19113	0	0	0	0	0	0	0	0	0	0	0	0	0	0	0	0	0	0	0	0	0	0	0	0	0	0	0	0	0	0	0	0	0	32.734287	0	0	0	0	0	0	0	0	0	0	0	0	0
genomad_k141_732975	0	0	0	0	0	0	0	0	0	0	0	0	34.390465	0	0	0	0	0	0	0	0	0	0	0	0	0	0	0	0	0	0	0	0	0	0	0	0	0	0	0	0	0	0	0	0	0	0
genomad_k141_910854	0	0	0	0	1991.1123	2171.3384	0	0	0	0	0	0	0	0	0	0	0	0	0	0	0	0	0	0	0	0	0	0	0	0	0	0	0	0	0	0	0	0	0	0	0	0	0	0	0	0	0
genomad_k141_1861806	0	0	0	0	0	0	0	0	0	0	0	0	0	0	0	0	0	0	0	0	0	0	0	0	0	0	0	0	0	0	0	0	0	7.1519117	0	0	0	0	0	0	0	0	0	0	0	0	0
genomad_k141_2516291	0	0	0	0	0	0	0	0	0	0	0	0	0	0	0	0	0	0	0	0	0	0	0	0	0	0	0	0	0	0	0	0	35.61848	40.236797	0	0	0	0	0	0	0	0	0	0	0	0	0
genomad_k141_3526713	0	0	0	0	0	0	0	0	0	0	0	0	0	0	0	0	0	0	0	0	0	0	0	0	0	0	0	0	0	0	0	26.384047	0	0	0	0	0	0	0	0	0	0	0	0	0	0	0
genomad_k141_2575729	0	0	0	0	0	0	0	0	0	0	0	0	0	0	0	0	0	0	0	0	0	0	0	0	0	0	0	0	0	0	45.000095	174.76569	0	0	0	0	0	0	0	0	0	0	0	0	0	0	0
genomad_k141_1920868	0	0	0	0	0	0	0	0	0	0	0	0	76.212875	0	0	0	0	0	0	0	0	0	0	0	0	0	0	0	0	0	0	0	0	0	0	0	0	0	0	0	0	0	0	0	0	0	0
genomad_k141_494852	0	0	0	0	0	0	0	0	0	0	0	0	0	0	0	0	0	0	0	0	0	0	0	0	0	0	0	0	0	0	0	0	0	6.138174	0	0	0	0	0	0	0	0	0	0	0	0	0
genomad_k141_1266360	0	0	0	0	0	0	0	0	0	0	0	0	44.22204	0	0	0	0	0	0	0	0	0	0	0	0	0	0	0	0	0	0	0	0	0	0	0	0	0	0	0	0	0	0	0	0	0	0
genomad_k141_1980662	0	0	0	0	0	0	0	0	0	0	0	0	0	0	0	0	0	0	0	0	0	0	0	0	0	0	0	0	0	0	57.334427	0	0	0	0	0	0	0	0	0	0	0	0	0	0	0	0
genomad_k141_2218561	0	0	0	0	0	0	0	0	0	0	0	0	0	0	0	0	0	0	0	0	0	0	0	0	0	0	0	0	0	0	0	0	0	39.696808	0	0	0	0	0	0	0	0	0	0	0	0	0
genomad_k141_1920896	0	0	0	0	0	0	0	0	0	0	0	0	0	0	0	0	0	0	0	0	0	0	0	0	0	0	0	0	0	0	0	28.370764	0	0	0	0	0	0	0	0	0	0	0	0	0	0	0
genomad_k141_1803071	0	0	0	0	0	0	0	0	0	0	0	0	0	0	0	0	0	0	0	0	0	0	0	0	0	0	0	0	0	0	0	0	0	8.301544	0	0	0	0	0	0	0	0	0	0	0	0	0
genomad_k141_2456667	0	0	0	0	2501.1658	2231.9187	0	0	0	0	0	0	0	0	0	0	0	0	0	0	0	0	0	0	0	0	0	0	0	0	0	0	0	0	0	0	0	0	0	0	0	0	0	0	0	0	0
genomad_k141_970450	0	0	0	0	0	0	0	0	0	0	0	0	0	0	0	0	0	0	0	0	0	0	0	0	0	0	0	0	0	0	0	0	0	35.88651	0	0	0	0	0	0	0	0	0	0	0	0	0
genomad_k141_3170322	0	0	0	0	0	0	0	0	0	0	0	0	41.474815	0	0	0	0	0	0	0	0	0	0	0	0	0	0	0	0	0	0	0	0	0	0	0	0	0	0	0	0	0	0	0	0	0	0
genomad_k141_2218646	0	0	0	0	0	0	0	0	0	0	0	0	0	0	0	0	0	0	0	0	0	0	0	0	0	0	0	0	0	0	0	21.627266	0	14.562201	0	0	0	0	0	0	0	0	0	0	0	0	0
genomad_k141_1387106	0	0	0	0	0	0	0	0	0	0	0	0	0	0	0	0	0	0	0	0	0	0	0	0	0	0	0	0	0	0	0	23.402689	0	0	0	0	0	0	0	0	0	0	0	0	0	0	0
genomad_k141_1505957	0	0	0	0	0	0	0	0	0	0	0	0	187.2344	0	0	0	0	0	0	0	0	0	0	0	0	0	0	0	0	0	0	0	0	0	0	0	0	0	0	0	0	0	0	0	0	0	0
genomad_k141_3111128	0	0	0	0	0	0	0	0	0	0	0	0	0	0	0	0	0	0	0	0	0	0	0	0	0	0	0	0	0	0	0	0	109.21119	23.466667	0	0	0	0	0	0	0	0	0	0	0	0	0
genomad_k141_1920994	0	0	0	0	0	0	0	0	0	0	0	0	0	0	0	0	0	0	0	0	0	0	0	0	0	0	0	0	0	0	0	24.60589	0	0	0	0	0	0	0	0	0	0	0	0	0	0	0
genomad_k141_2872461	0	0	0	0	0	0	0	0	0	0	0	0	0	0	0	0	0	0	0	0	0	0	0	0	0	0	0	0	0	0	73.47875	330.29977	0	0	0	0	0	0	0	0	0	0	0	0	0	0	0
genomad_k141_19361	0	0	0	0	0	0	0	0	0	0	0	0	0	0	0	0	0	0	0	0	0	0	0	0	0	0	0	0	0	0	0	0	0	0	0	154.52853	0	0	0	0	0	0	0	0	0	0	0
genomad_k141_2456781	0	0	0	0	0	0	0	0	0	0	0	0	0	0	0	0	0	0	0	0	0	0	0	0	0	0	0	0	0	0	85.43716	72.71453	92.69275	275.5461	0	36.20493	0	0	0	0	0	0	0	0	0	0	0
genomad_k141_1208227	0	0	0	0	0	0	0	0	0	0	0	0	0	0	0	0	0	0	0	0	0	0	0	0	0	0	0	0	0	0	620.46783	300.3633	0	0	0	0	0	0	0	0	0	0	0	0	0	0	0
genomad_k141_1624756	0	0	0	0	0	0	0	0	0	0	0	0	0	0	0	0	0	0	0	0	0	0	0	0	0	0	0	0	0	0	0	90.832726	110.67098	623.2721	0	229.38808	0	0	0	0	0	0	0	0	0	0	0
genomad_k141_911145	0	0	0	0	0	0	0	0	0	0	0	0	0	0	0	0	0	0	0	0	0	0	0	0	0	0	0	0	0	0	0	0	0	12.783074	0	0	0	0	0	0	0	0	0	0	0	0	0
genomad_k141_3527003	0	0	0	0	0	0	0	0	0	0	0	0	0	0	0	0	0	0	0	0	0	0	0	0	0	0	0	0	0	0	0	0	54.564762	0	0	0	0	0	0	0	0	0	0	0	0	0	0
genomad_k141_733272	0	0	0	0	0	0	0	0	0	0	0	0	0	0	0	0	0	0	0	0	0	0	0	0	0	0	0	0	0	0	56.446915	27.239315	0	0	0	0	0	0	0	0	0	0	0	0	0	0	0
genomad_k141_3111281	0	0	0	0	0	0	0	0	0	0	0	0	0	0	0	0	0	0	0	0	0	0	0	0	0	0	0	0	0	0	0	53.79151	0	0	0	0	0	0	0	0	0	0	0	0	0	0	0
genomad_k141_2933095	0	0	0	0	0	0	0	0	0	0	0	0	0	0	0	0	0	0	0	0	0	0	0	0	0	0	0	0	0	0	100.17734	51.17471	0	0	0	0	0	0	0	0	0	0	0	0	0	0	0
genomad_k141_2516606	0	0	0	0	0	0	0	0	0	0	0	0	0	0	0	0	0	0	0	0	0	0	0	0	0	0	0	0	0	0	0	0	37.542732	179.7645	0	25.625547	0	0	0	0	0	0	0	0	0	0	0
genomad_k141_79204	0	0	0	0	0	0	0	0	0	0	0	0	0	0	0	0	0	0	0	0	0	0	0	0	0	0	0	0	0	0	0	0	0	0	772.9259	51.088425	0	0	0	0	0	0	0	0	0	0	0
genomad_k141_1506199	0	0	0	0	0	0	0	0	0	0	0	0	0	0	0	0	0	0	0	0	0	0	0	0	0	0	0	0	0	0	193.60535	23.487705	0	0	0	0	0	0	0	0	0	0	0	0	0	0	0
genomad_k141_256797	0	0	0	0	0	0	0	0	0	0	0	0	0	0	0	0	0	0	0	0	0	0	0	0	0	0	0	0	0	0	0	0	68.869194	161.01164	0	73.51604	0	0	0	0	0	0	0	0	0	0	0
genomad_k141_2813119	0	0	0	0	0	0	0	0	0	0	0	0	0	0	0	0	0	0	0	0	0	0	0	0	0	0	0	0	0	0	0	0	36.401375	11.506366	0	0	0	0	0	0	0	0	0	0	0	0	0
genomad_k141_3766314	0	0	0	0	0	0	0	0	0	0	0	0	0	0	0	0	0	0	0	0	0	0	0	0	0	0	0	0	0	0	0	0	47.10553	0	0	0	0	0	0	0	0	0	0	0	0	0	0
genomad_k141_1029900	0	0	0	0	0	0	0	0	0	0	0	0	0	0	0	0	0	0	0	0	0	0	0	0	0	0	0	0	0	0	0	0	30.320837	3.5862985	0	0	0	0	0	0	0	0	0	0	0	0	0
genomad_k141_2635903	0	0	0	0	0	0	0	0	0	0	0	0	0	0	0	0	0	0	0	0	0	0	0	0	0	0	0	0	0	0	41.198097	261.1126	43.28122	53.989178	0	0	0	0	0	0	0	0	0	0	0	0	0
genomad_k141_3229864	0	0	0	0	0	0	0	0	0	0	0	0	0	0	0	0	0	0	0	0	0	0	0	0	0	0	0	0	0	0	0	0	37.76819	16.40256	0	0	0	0	0	0	0	0	0	0	0	0	0
genomad_k141_1387388	0	0	0	0	0	0	0	0	0	0	0	0	0	0	0	0	0	0	0	0	0	0	0	0	0	0	0	0	0	0	0	0	27.70621	4.6322703	0	0	0	0	0	0	0	0	0	0	0	0	0
genomad_k141_2933178	0	0	0	0	0	0	0	0	0	0	0	0	0	0	0	0	0	0	0	0	0	0	0	0	0	0	0	0	0	0	0	0	0	20.383568	0	0	0	0	0	0	0	0	0	0	0	0	0
genomad_k141_2992601	0	0	0	0	0	0	0	0	0	0	0	0	0	0	0	0	0	0	0	0	0	0	0	0	0	0	0	0	0	0	0	25.722548	81.22793	111.76417	0	47.94343	0	0	0	0	0	0	0	0	0	0	0
genomad_k141_2576162	0	0	0	0	0	0	0	0	0	0	0	0	0	0	0	0	0	0	0	0	0	0	0	0	0	0	0	0	0	0	0	0	0	27.585432	0	0	0	0	0	0	0	0	0	0	0	0	0
genomad_k141_2218989	0	0	0	0	0	0	0	0	0	0	0	0	0	0	0	0	0	0	0	0	0	0	0	0	0	0	0	0	0	0	0	0	20.260466	33.583054	0	0	0	0	0	0	0	0	0	0	0	0	0
genomad_k141_316343	0	0	0	0	0	0	0	0	0	0	0	0	0	0	0	0	0	0	0	0	0	0	0	0	0	0	0	0	0	0	0	0	26.71224	88.24363	0	0	0	0	0	0	0	0	0	0	0	0	0
genomad_k141_495330	0	0	0	0	0	0	0	0	0	0	0	0	0	0	0	0	0	0	0	0	0	0	0	0	0	0	0	0	0	0	0	0	0	0	0	74.97775	0	0	0	0	0	0	0	0	0	0	0
genomad_k141_2279232	0	0	0	0	0	0	0	0	10573.692	11060.196	0	0	0	0	0	0	0	0	0	0	0	0	0	0	0	0	0	0	0	0	0	0	0	0	0	0	0	0	0	0	0	0	0	0	0	0	0
genomad_k141_2339036	0	0	0	0	0	0	0	0	0	0	0	0	0	0	0	0	0	0	0	0	0	0	0	0	0	0	0	0	0	0	0	0	0	8.509757	0	0	0	0	0	0	0	0	0	0	0	0	0
genomad_k141_2636007	0	0	0	0	0	0	0	0	0	0	0	0	0	0	0	0	0	0	0	0	0	0	0	0	0	0	0	0	0	0	24.263277	31.426546	0	0	0	0	0	0	0	0	0	0	0	0	0	0	0
genomad_k141_1090067	0	0	0	0	0	0	0	0	0	0	0	0	0	0	0	0	0	0	0	0	0	0	0	0	0	0	0	0	0	0	0	0	60.46266	114.33023	0	0	0	0	0	0	0	0	0	0	0	0	0
genomad_k141_2992666	0	0	0	0	0	0	0	0	0	0	0	0	0	0	0	0	0	0	0	0	0	0	0	0	0	0	0	0	0	0	0	0	0	9.33479	0	0	0	0	0	0	0	0	0	0	0	0	0
genomad_k141_2099784	0	0	0	0	0	0	0	0	0	0	0	0	0	0	0	0	0	0	0	0	0	0	0	0	0	0	0	0	0	0	0	0	95.84524	18.966318	0	0	0	0	0	0	0	0	0	0	0	0	0
genomad_k141_673692	0	0	0	0	0	0	0	0	0	0	0	0	0	0	0	0	0	0	0	0	0	0	0	0	0	0	0	0	221.4856	0	0	0	0	0	0	0	0	0	0	0	0	0	0	0	0	0	0
genomad_k141_2636082	0	0	0	0	0	0	0	0	0	0	0	0	0	0	0	0	0	0	0	0	0	0	0	0	0	0	0	0	85.481636	0	0	0	0	0	0	0	0	0	0	0	0	0	0	0	0	0	0
genomad_k141_2992699	0	0	0	0	0	0	0	0	0	0	0	0	0	0	0	0	0	0	0	0	0	0	0	0	0	0	0	0	480.2618	533.7634	0	0	0	0	0	0	0	0	0	0	0	0	0	0	0	0	0
genomad_k141_2339120	0	0	0	0	0	0	0	0	0	0	0	0	0	0	0	0	0	0	0	0	0	0	0	0	0	0	0	0	0	0	0	0	140.84238	0	0	0	0	0	0	0	0	0	0	0	0	0	0
genomad_k141_1625021	0	0	0	0	0	0	0	0	0	0	0	0	0	0	0	0	0	0	0	0	0	0	0	0	0	0	0	0	0	0	0	0	112.468544	72.74408	0	0	0	0	0	0	0	0	0	0	0	0	0
genomad_k141_1266727	0	0	0	0	0	0	0	0	0	0	0	0	0	0	0	0	0	0	0	0	0	0	0	0	0	0	0	0	0	0	0	0	0	45.737804	0	0	0	0	0	0	0	0	0	0	0	0	0
genomad_k141_1208584	0	0	0	0	0	0	0	0	0	0	0	0	0	0	0	0	0	0	0	0	0	0	0	0	0	0	0	0	0	0	0	0	0	0	0	0	0	0	0	0	0	507.94293	503.7571	0	0	0	0
genomad_k141_1625088	0	0	0	0	0	0	0	0	0	0	0	0	0	0	0	0	0	0	0	0	0	0	0	0	0	0	0	0	0	0	0	0	0	11.520991	0	0	0	0	0	0	0	0	0	0	0	0	0
genomad_k141_2933421	0	0	0	0	0	0	0	0	0	0	0	0	0	0	0	0	0	0	0	0	0	0	0	0	0	0	0	0	0	0	0	0	22.614254	23.20081	0	0	0	0	0	0	0	0	0	0	0	0	0
genomad_k141_316565	0	0	0	0	0	0	0	0	0	0	0	0	0	0	0	0	0	0	0	0	0	0	0	0	0	0	0	0	0	0	0	0	0	16.376532	0	0	0	0	0	0	0	0	0	0	0	0	0
genomad_k141_791641	0	0	0	0	0	0	0	0	0	0	0	0	0	0	0	0	0	0	0	0	0	0	0	0	0	0	0	0	0	0	0	0	24.493494	4.988005	0	0	0	0	0	0	0	0	0	0	0	0	0
genomad_k141_2219265	0	0	0	0	0	0	0	0	0	0	0	0	0	0	0	0	0	0	0	0	0	0	0	0	0	0	0	0	0	0	0	0	44.173615	4.012545	0	0	0	0	0	0	0	0	0	0	0	0	0
genomad_k141_3230133	0	0	0	0	0	0	0	0	0	0	0	0	0	0	0	0	0	0	0	0	0	0	0	0	0	0	0	0	0	0	55.39133	64.77259	0	0	0	0	0	0	0	0	0	0	0	0	0	0	0
genomad_k141_1149572	0	0	0	0	0	0	0	0	0	0	0	0	0	0	0	0	0	0	0	0	0	0	0	0	0	0	0	0	0	0	0	0	0	22.40392	0	0	0	0	0	0	0	0	0	0	0	0	0
genomad_k141_3230145	0	0	0	0	618.74896	704.56506	0	0	1653.5574	1427.6713	0	0	0	0	0	0	0	0	0	0	0	0	0	0	0	0	0	0	0	0	0	0	0	0	0	0	0	0	0	0	0	0	0	0	0	0	0
genomad_k141_1981368	0	0	0	0	0	0	0	0	0	0	0	0	0	0	0	0	0	0	0	0	0	0	0	0	0	0	0	0	0	0	0	0	20.735592	111.10634	0	0	0	0	0	0	0	0	0	0	0	0	0
genomad_k141_911638	0	0	0	0	0	0	0	0	0	0	0	0	91.06063	0	0	0	0	0	0	0	0	0	0	0	0	0	0	0	0	0	0	0	0	0	0	0	0	0	0	0	0	0	0	0	0	0	0
genomad_k141_2992862	0	0	0	0	0	0	0	0	0	0	0	0	0	0	0	0	0	0	0	0	0	0	0	0	0	0	0	0	0	0	0	0	125.65511	0	0	0	0	0	0	0	0	0	0	0	0	0	0
genomad_k141_3587499	0	0	0	0	0	0	0	0	0	0	0	0	68.88303	0	0	0	0	0	0	0	0	0	0	0	0	0	0	0	0	0	0	0	0	0	0	0	0	0	0	0	0	0	0	0	0	0	0
genomad_k141_1743933	2545.9336	2564.7925	0	0	0	0	0	0	0	0	0	0	0	0	0	0	0	0	0	0	0	0	0	0	0	0	0	0	0	0	0	0	0	0	0	0	0	0	707.9012	688.8741	0	0	0	0	0	0	0
genomad_k141_1266916	0	0	0	0	0	0	0	0	0	0	0	0	0	0	0	0	0	0	0	0	0	0	0	0	0	0	0	0	0	0	0	0	0	22.195152	0	0	0	0	0	0	0	0	0	0	0	0	0
genomad_k141_1981393	0	0	0	0	0	0	0	0	0	0	0	0	0	0	0	0	0	0	0	0	0	0	0	0	0	0	0	0	0	0	0	44.017548	0	0	0	0	0	0	0	0	0	0	0	0	0	0	0
genomad_k141_2457259	0	0	0	0	0	0	0	0	0	0	0	0	0	0	0	0	0	0	0	0	0	0	0	0	0	0	0	0	1623.0723	3923.9192	0	0	0	0	0	0	0	0	0	0	0	0	0	0	0	0	0
genomad_k141_3230178	0	0	0	0	0	0	0	0	0	0	0	0	0	0	0	0	0	0	0	0	0	0	0	0	0	0	0	0	0	0	22.330982	28.702368	0	0	0	0	0	0	0	0	0	0	0	0	0	0	0
genomad_k141_1506648	0	0	0	0	0	0	0	0	0	0	0	0	0	0	0	0	0	0	0	0	0	0	0	0	0	0	0	0	0	0	0	0	287.07202	403.92612	0	137.67067	0	0	0	0	0	0	0	0	0	0	0
genomad_k141_852919	0	0	0	0	0	0	0	0	0	0	0	0	0	0	0	0	0	0	0	0	0	0	0	0	0	0	0	0	0	0	0	0	22.517645	36.649494	0	0	0	0	0	0	0	0	0	0	0	0	0
genomad_k141_2933615	0	0	0	0	0	0	0	0	0	0	0	0	0	0	0	0	0	0	0	0	0	0	0	0	0	0	0	0	0	0	0	0	0	9.262587	0	0	0	0	0	0	0	0	0	0	0	0	0
genomad_k141_1030273	0	0	0	0	0	0	0	0	0	0	0	0	0	0	0	0	0	0	0	0	0	0	0	0	0	0	0	0	0	0	32.775024	60.644863	0	0	0	0	0	0	0	0	0	0	0	0	0	0	0
genomad_k141_79705	0	0	0	0	0	0	0	0	0	0	0	0	0	0	0	0	0	0	0	0	0	0	0	0	0	0	0	0	0	0	0	0	111.62523	0	0	0	0	0	0	0	0	0	0	0	0	0	0
genomad_k141_1981484	0	0	0	0	2176.9812	2210.2249	0	0	0	0	0	0	0	0	0	0	0	0	0	0	0	0	0	0	0	0	0	0	0	0	0	0	0	0	0	0	0	0	0	0	0	0	0	0	0	0	0
genomad_k141_3290060	0	0	0	0	0	0	0	0	0	0	0	0	0	0	0	0	0	0	0	0	0	0	0	0	0	0	0	0	283.95053	0	0	0	0	0	0	0	0	0	0	0	0	0	0	0	0	0	0
genomad_k141_2279661	0	0	0	0	0	0	0	0	0	0	0	0	0	0	0	0	0	0	0	0	0	0	0	0	0	0	0	0	0	0	0	0	0	6.525052	0	0	0	0	0	0	0	0	0	0	0	0	0
genomad_k141_1565770	0	0	0	0	0	0	0	0	0	0	0	0	0	0	0	0	0	0	0	0	0	0	0	0	0	0	0	0	0	0	0	8.798832	155.4534	151.87921	0	48.462673	0	0	0	0	0	0	0	0	0	0	0
genomad_k141_852981	0	0	0	0	0	0	0	0	0	0	0	0	0	0	0	0	0	0	0	0	0	0	0	0	0	0	0	0	0	0	0	87.843834	0	0	0	0	0	0	0	0	0	0	0	0	0	0	0
genomad_k141_3290102	0	0	0	0	0	0	0	0	0	0	0	0	0	0	0	0	0	0	0	0	0	0	0	0	0	0	0	0	0	0	0	40.80376	0	0	0	0	0	0	0	0	0	0	0	0	0	0	0
genomad_k141_2457341	0	0	0	0	0	0	0	254.13062	0	0	0	0	0	0	0	0	0	0	0	0	0	0	0	0	0	0	0	0	0	0	93.4068	295.39905	0	0	0	0	0	0	0	0	0	0	0	0	0	0	0
genomad_k141_376971	0	0	0	0	0	0	0	0	0	0	0	0	0	0	0	0	0	0	0	0	0	0	0	0	0	0	0	0	0	0	0	0	0	15.048267	0	0	0	0	0	0	0	0	0	0	0	0	0
genomad_k141_3408583	0	0	0	0	0	0	0	0	0	0	0	0	0	0	0	0	0	0	0	0	0	0	0	0	0	0	0	0	0	0	0	0	0	16.311466	0	0	0	0	0	0	0	0	0	0	0	0	0
genomad_k141_1921640	0	0	0	0	0	0	0	0	0	0	0	0	0	0	0	0	0	0	0	0	0	0	0	0	0	0	0	0	0	0	0	0	156.91357	259.04825	0	115.07877	0	0	0	0	0	0	0	0	0	0	0
genomad_k141_2159859	0	0	0	0	0	0	0	0	0	0	0	0	0	0	0	0	0	0	0	0	0	0	0	0	0	0	0	0	0	0	0	0	0	9.420319	0	0	0	0	0	0	0	0	0	0	0	0	0
genomad_k141_2694940	0	0	0	0	0	0	0	0	0	0	0	0	0	0	0	0	0	0	0	0	0	0	0	0	0	0	0	0	0	0	0	0	0	55.382294	0	0	0	0	0	0	0	0	0	0	0	0	0
genomad_k141_2339601	0	0	0	0	0	0	0	0	0	0	0	0	0	0	0	0	0	0	0	0	0	0	0	0	0	0	0	0	0	0	65.432175	344.18576	0	0	0	0	0	0	0	0	0	0	0	0	0	0	0
genomad_k141_1862821	0	0	0	0	0	0	0	0	0	0	0	0	0	0	0	0	0	0	0	0	0	0	0	0	0	0	0	0	0	0	95.922905	62.71592	0	3.1039784	0	0	0	0	0	0	0	0	0	0	0	0	0
genomad_k141_1921771	0	0	0	0	0	0	0	0	0	0	0	0	0	0	0	0	0	0	0	0	0	0	0	0	0	0	0	0	0	0	0	0	0	0	0	132.54855	0	0	0	0	0	0	0	0	0	0	0
genomad_k141_1862833	0	0	0	0	0	0	0	0	0	0	0	0	0	0	0	0	0	0	0	0	0	0	0	0	0	0	0	0	0	0	0	0	43.998547	67.35361	0	0	0	0	0	0	0	0	0	0	0	0	0
genomad_k141_2100235	0	0	0	0	0	0	0	0	0	0	0	0	0	0	0	0	0	0	0	0	0	0	0	0	0	0	0	0	0	0	0	0	16.221928	10.544239	0	0	0	0	0	0	0	0	0	0	0	0	0
genomad_k141_971403	0	0	0	0	0	0	0	0	0	0	0	0	0	0	0	0	0	0	0	0	0	0	0	0	0	0	0	0	0	0	0	17.955517	0	6.067498	0	0	0	0	0	0	0	0	0	0	0	0	0
genomad_k141_2279858	0	0	0	0	0	0	0	732.588	0	0	0	0	0	0	0	0	0	0	0	0	0	0	0	0	0	0	0	0	0	0	1082.7965	792.5902	0	13.20509	0	0	0	0	0	0	0	0	0	0	0	0	0
genomad_k141_3469145	0	0	0	0	0	0	0	0	0	0	0	0	0	0	0	0	0	0	0	0	0	0	0	0	0	0	0	0	0	0	0	0	48.06352	0	0	0	0	0	0	0	0	0	0	0	0	0	0
genomad_k141_3587863	0	0	0	0	0	0	0	0	0	0	0	0	0	0	0	0	0	0	0	0	0	0	0	0	0	0	0	0	0	0	37.758366	259.74097	56.533348	34.681335	0	0	0	0	0	0	0	0	0	0	0	0	0
genomad_k141_2695042	0	0	0	0	0	0	0	0	0	0	0	0	0	0	0	0	0	0	0	0	0	0	0	0	0	0	0	0	0	0	0	0	0	31.11483	0	0	0	0	0	0	0	0	0	0	0	0	0
genomad_k141_1030542	0	0	0	0	0	0	0	0	0	0	0	0	155.6933	0	0	0	0	0	0	0	0	0	0	0	0	0	0	0	0	0	0	0	0	0	0	0	0	0	0	0	0	0	0	0	0	0	0
genomad_k141_2813897	0	0	0	0	0	0	0	0	0	0	0	0	0	0	0	0	0	0	0	0	0	0	0	0	0	0	0	0	0	0	0	40.442265	0	0	0	0	0	0	0	0	0	0	0	0	0	0	0
genomad_k141_554579	0	0	0	0	0	0	0	0	0	0	0	0	0	0	0	0	0	0	0	0	0	0	0	0	0	0	0	0	0	0	30.04016	0	0	10.92274	0	0	0	0	0	0	0	0	0	0	0	0	0
genomad_k141_1625573	0	0	0	0	0	0	0	0	0	0	0	0	0	0	0	0	0	0	0	0	0	0	0	0	0	0	0	0	0	0	0	0	38.81562	21.30304	0	0	0	0	0	0	0	0	0	0	0	0	0
genomad_k141_2576917	0	0	0	0	0	0	0	457.364	0	0	0	0	0	0	0	0	0	0	0	0	0	0	0	0	0	0	0	0	0	0	86.414116	154.58543	0	0	0	0	0	0	0	0	0	0	0	0	0	0	0
genomad_k141_3707222	0	0	0	0	0	0	0	0	0	0	0	0	0	0	0	0	0	0	0	0	0	0	0	0	0	0	0	0	0	0	0	0	0	9.755672	0	0	0	0	0	0	0	0	0	0	0	0	0
genomad_k141_2576921	0	0	0	0	0	0	0	0	0	0	0	0	0	0	0	0	0	0	0	0	0	0	0	0	0	0	0	0	0	0	0	0	343.79236	28.131039	0	0	0	0	0	0	0	0	0	0	0	0	0
genomad_k141_734017	0	0	0	0	0	0	0	0	0	0	0	0	0	0	0	0	0	0	0	0	0	0	0	0	0	0	0	0	327.03085	0	0	0	0	0	0	0	0	0	0	0	0	0	0	0	0	0	0
genomad_k141_1981784	0	0	0	0	0	0	0	0	0	0	0	0	0	0	0	0	0	0	0	0	0	0	0	0	0	0	0	0	0	0	0	0	0	8.452869	0	0	0	0	0	0	0	0	0	0	0	0	0
genomad_k141_138805	0	0	0	0	0	0	0	0	0	0	0	0	0	0	0	0	0	0	0	0	0	0	0	0	0	0	0	0	359.04822	0	0	0	0	0	0	0	0	0	0	0	0	0	0	0	0	0	0
genomad_k141_317008	0	0	0	0	0	0	0	0	0	0	0	0	0	0	0	0	0	0	0	0	0	0	0	0	0	0	0	0	0	0	0	0	56.100643	49.529617	0	26.94136	0	0	0	0	0	0	0	0	0	0	0
genomad_k141_1862999	0	0	0	0	0	0	0	0	0	0	0	0	0	0	0	0	0	0	0	0	0	0	0	0	0	0	0	0	0	0	0	0	0	90.8222	0	58.514797	0	0	0	0	0	0	0	0	0	0	0
genomad_k141_80112	0	0	0	0	0	0	0	0	0	0	0	0	0	0	0	0	0	0	0	0	0	0	0	0	0	0	0	0	0	0	0	18.004395	0	4.3076153	0	0	0	0	0	0	0	0	0	0	0	0	0
genomad_k141_2041761	0	0	0	0	0	0	0	0	0	0	0	0	0	0	0	0	0	0	0	0	0	0	0	0	0	0	0	0	0	0	0	0	27.77387	27.24277	0	0	0	0	0	0	0	0	0	0	0	0	0
genomad_k141_3171458	0	0	0	0	0	0	0	0	0	0	0	0	0	0	0	0	0	0	0	0	0	0	0	0	0	0	0	0	0	0	23.402403	22.603216	0	0	0	0	0	0	0	0	0	0	0	0	0	0	0
genomad_k141_20534	0	0	0	0	0	0	0	0	0	0	0	0	0	0	0	0	0	0	0	0	0	0	0	0	0	0	0	0	0	0	0	0	65.73232	143.7265	0	0	0	0	0	0	0	0	0	0	0	0	0
genomad_k141_317100	0	0	0	0	0	0	0	0	0	0	0	0	0	0	0	0	0	0	0	0	0	0	0	0	0	0	0	0	0	0	0	0	0	23.412909	0	0	0	0	0	0	0	0	0	0	0	0	0
genomad_k141_1507132	0	0	0	0	0	0	0	0	0	0	0	0	0	0	0	0	0	0	0	0	0	0	0	0	0	0	0	0	0	0	0	0	26.169178	12.263901	0	0	0	0	0	0	0	0	0	0	0	0	0
genomad_k141_317107	0	0	0	0	0	0	0	0	0	0	0	0	0	0	0	0	0	0	0	0	0	0	0	0	0	0	0	0	0	0	0	95.22043	239.00522	1307.2932	0	317.40015	0	0	0	0	0	0	0	0	0	0	0
genomad_k141_2457759	0	0	0	0	0	0	0	0	0	0	0	0	0	0	0	0	0	0	0	0	0	0	0	0	0	0	0	0	0	0	0	0	0	26.222845	0	0	0	0	0	0	0	0	0	0	0	0	0
genomad_k141_2100498	0	0	0	0	0	0	0	0	0	0	0	0	0	0	0	0	0	0	0	0	0	0	0	0	0	0	0	0	0	0	0	0	0	22.877527	0	0	0	0	0	0	0	0	0	0	0	0	0
genomad_k141_2934111	0	0	0	0	0	0	0	0	0	0	0	0	86.76011	0	0	0	0	0	0	0	0	0	0	0	0	0	0	0	0	0	0	0	0	0	0	0	0	0	0	0	0	0	0	0	0	0	0
genomad_k141_1981913	0	0	0	0	0	0	0	0	0	0	0	0	0	0	0	0	0	0	0	0	0	0	0	0	0	0	0	0	0	0	179.19046	11.998275	0	0	0	0	0	0	0	0	0	0	0	0	0	0	0
genomad_k141_792314	0	0	0	0	0	0	0	0	0	0	0	0	0	0	0	0	0	0	0	0	0	0	0	0	0	0	0	0	0	0	0	0	37.855762	45.315376	0	0	0	0	0	0	0	0	0	0	0	0	0
genomad_k141_3112297	0	0	0	0	0	0	0	0	0	0	0	0	0	0	0	0	0	0	0	0	0	0	0	0	0	0	0	0	0	0	0	0	0	10.641947	0	0	0	0	0	0	0	0	0	0	0	0	0
genomad_k141_1804327	0	0	0	0	0	0	0	0	0	0	0	0	0	0	0	0	0	0	0	0	0	0	0	0	0	0	0	0	0	0	66.11566	14.465595	25.51606	19.745949	0	0	0	0	0	0	0	0	0	0	0	0	0
genomad_k141_912249	0	0	0	0	0	0	0	0	0	0	0	0	0	0	0	0	0	0	0	0	0	0	0	0	0	0	0	0	0	0	0	0	25.817524	128.23026	0	64.45724	0	0	0	0	0	0	0	0	0	0	0
genomad_k141_3350640	0	0	0	0	0	0	0	0	0	0	0	0	0	0	0	0	0	0	0	0	0	0	0	0	0	0	0	0	0	0	0	0	0	0	0	0	0	0	5190.643	5240.4663	0	0	0	0	0	0	0
genomad_k141_3707538	0	0	0	0	0	0	0	0	0	0	0	0	0	0	0	0	0	0	0	0	0	0	0	0	0	0	0	0	0	0	170.05823	119.36728	0	0	0	0	0	0	0	0	0	0	0	0	0	0	0
genomad_k141_1625785	0	0	0	0	0	0	0	0	0	0	0	0	0	0	0	0	0	0	0	0	0	0	0	0	0	0	0	0	0	0	0	16.585836	100.31465	18.62278	0	0	0	0	0	0	0	0	0	0	0	0	0
genomad_k141_912289	0	0	0	0	0	0	0	0	0	0	0	0	0	0	0	0	0	0	0	0	0	0	0	0	0	0	0	0	1247.813	2048.546	0	0	0	0	0	0	0	0	0	0	0	0	0	0	0	0	0
genomad_k141_2637006	0	0	0	0	0	0	0	487.86633	0	0	0	0	0	0	0	0	0	0	0	0	0	0	0	0	0	0	0	0	0	0	4703.06	1774.3989	0	0	0	0	0	0	0	0	0	0	0	0	0	0	0
genomad_k141_197713	0	0	0	0	0	0	0	0	0	0	0	0	0	0	0	0	0	0	0	0	0	0	0	0	0	0	0	0	0	0	0	0	15.574103	9.1410475	0	0	0	0	0	0	0	0	0	0	0	0	0
genomad_k141_734382	0	0	0	0	0	0	0	0	0	0	0	0	0	0	0	0	0	0	0	0	0	0	0	0	0	0	0	0	0	0	0	75.869286	0	0	0	0	0	0	0	0	0	0	0	0	0	0	0
genomad_k141_2280319	0	0	0	0	0	0	0	0	0	0	0	0	0	0	0	0	0	0	0	0	0	0	0	0	0	0	0	0	0	0	0	23.697794	0	0	0	0	0	0	0	0	0	0	0	0	0	0	0
genomad_k141_139200	0	0	0	0	0	0	0	242.33377	0	0	0	0	0	0	0	0	0	0	0	0	0	0	0	0	0	0	0	0	0	0	78.35436	296.82657	0	0	0	0	0	0	0	0	0	0	0	0	0	0	0
genomad_k141_20797	0	0	0	0	0	0	0	0	0	0	15763.157	0	0	0	0	0	665.1455	523.2991	0	0	0	0	0	0	0	0	0	0	0	0	0	0	0	0	0	0	0	0	0	0	0	0	0	0	0	0	0
genomad_k141_1447296	0	0	0	0	0	0	0	0	0	0	0	0	0	0	0	0	0	0	0	0	0	0	0	0	0	0	0	0	0	0	94.1292	103.620804	0	0	0	0	0	0	0	0	0	0	0	0	0	0	0
genomad_k141_2873800	0	0	0	0	0	0	0	0	0	0	0	0	57.175503	0	0	0	0	0	0	0	0	0	0	0	0	0	0	0	0	0	0	0	0	0	0	0	0	0	0	0	0	0	0	0	0	0	0
genomad_k141_555036	0	0	0	0	0	0	0	0	0	0	0	0	0	0	0	0	0	0	0	0	0	0	0	0	0	0	0	0	0	0	0	0	15.586161	7.93296	0	0	0	0	0	0	0	0	0	0	0	0	0
genomad_k141_2100801	0	0	0	0	0	0	0	0	0	0	0	0	0	0	0	0	0	0	0	0	0	0	0	0	0	0	0	0	0	0	0	0	0	7.3926706	0	0	0	0	0	0	0	0	0	0	0	0	0
genomad_k141_3409337	0	0	0	0	0	0	0	0	0	0	0	0	0	0	0	0	0	0	0	0	0	0	0	0	0	0	0	0	0	0	0	54.268513	0	0	0	0	0	0	0	0	0	0	0	0	0	0	0
genomad_k141_2458029	0	0	0	0	0	0	0	0	0	0	0	0	0	0	0	0	0	0	0	0	0	0	0	0	0	0	0	0	0	0	0	78.49447	26.73071	192.61774	0	74.47861	0	0	0	0	0	0	0	0	0	0	0
genomad_k141_20859	0	0	0	0	0	0	0	0	0	0	0	0	0	0	0	0	0	0	0	0	0	0	0	0	0	0	0	0	0	0	0	0	21.176798	37.1948	0	0	0	0	0	0	0	0	0	0	0	0	0
genomad_k141_1922441	0	0	0	0	0	0	0	0	0	0	0	0	0	0	0	0	0	0	0	0	0	0	0	0	0	0	0	0	0	0	0	0	0	22.300802	0	0	0	0	0	0	0	0	0	0	0	0	0
genomad_k141_2814405	0	0	0	0	0	0	0	0	0	0	0	0	0	0	0	0	0	0	0	0	0	0	0	0	0	0	0	0	0	0	34.49414	11.745539	41.26153	88.00693	0	0	0	0	0	0	0	0	0	0	0	0	0
genomad_k141_197886	0	0	0	0	0	0	0	0	0	0	0	0	0	0	0	0	0	0	0	0	0	0	0	0	0	0	0	0	0	0	0	0	0	4.975997	0	0	0	0	0	0	0	0	0	0	0	0	0
genomad_k141_3767683	0	0	0	0	0	0	0	0	0	0	0	0	0	0	0	0	0	0	0	0	0	0	0	0	0	0	0	0	0	0	0	59.91756	0	9.060594	0	0	0	0	0	0	0	0	0	0	0	0	0
genomad_k141_1329087	0	0	0	0	0	0	0	0	0	0	0	0	0	0	0	0	0	0	0	0	0	0	0	0	0	0	0	0	291.18817	1195.1534	0	0	0	0	0	0	0	0	0	0	0	0	0	0	0	0	0
genomad_k141_3528157	0	0	0	0	0	0	0	0	0	0	0	0	0	0	0	0	0	0	0	0	0	0	0	0	0	0	0	0	0	0	0	0	54.57836	5.087105	0	0	0	0	0	0	0	0	0	0	0	0	0
genomad_k141_853898	0	0	0	0	0	0	0	0	0	0	0	0	0	0	0	0	0	0	0	0	0	0	0	0	0	0	0	0	0	0	0	0	26.96644	146.10739	0	33.911316	0	0	0	0	0	0	0	0	0	0	0
genomad_k141_3588586	0	0	0	0	0	0	0	0	0	0	0	0	0	0	0	0	0	0	0	0	0	0	0	0	0	0	0	0	0	0	0	0	0	9.32449	0	0	0	0	0	0	0	0	0	0	0	0	0
genomad_k141_2340430	0	0	0	0	0	0	0	0	0	0	0	0	0	0	0	0	0	0	0	0	0	0	0	0	0	0	0	0	0	0	0	0	30.902277	5.892136	0	0	0	0	0	0	0	0	0	0	0	0	0
genomad_k141_3707907	0	0	0	0	0	0	0	0	0	0	0	0	0	0	0	0	0	0	0	0	0	0	0	0	0	0	0	0	0	0	0	0	23.218763	14.918141	0	0	0	0	0	0	0	0	0	0	0	0	0
genomad_k141_1685545	0	0	0	0	0	0	0	0	0	0	0	0	0	0	0	0	0	0	0	0	0	0	0	0	0	0	0	0	0	0	0	0	26.416151	6.358274	0	0	0	0	0	0	0	0	0	0	0	0	0
genomad_k141_2160825	0	0	0	0	0	0	0	0	0	0	0	0	0	0	0	0	0	0	0	0	0	0	0	0	0	0	0	0	0	0	0	0	14.487893	13.279757	0	0	0	0	0	0	0	0	0	0	0	0	0
genomad_k141_3528250	0	0	0	0	0	0	0	0	0	0	0	0	0	0	0	0	0	0	0	0	0	0	0	0	0	0	0	0	0	0	0	0	51.925014	39.61607	0	0	0	0	0	0	0	0	0	0	0	0	0
genomad_k141_2042451	0	0	0	0	0	0	0	0	0	0	0	0	0	0	0	0	0	0	0	0	0	0	0	0	0	0	0	0	0	0	0	0	38.64347	38.601566	0	0	0	0	0	0	0	0	0	0	0	0	0
genomad_k141_2160860	0	0	0	0	0	0	0	0	0	0	0	0	0	0	0	0	0	0	0	0	0	0	0	0	0	0	0	0	0	0	0	0	978.0721	540.3035	0	299.14664	0	0	0	0	0	0	0	0	0	0	0
genomad_k141_3767891	0	0	0	0	0	0	0	0	0	0	0	0	0	0	0	0	0	0	0	0	0	0	0	0	0	0	0	0	0	0	0	0	0	11.31023	0	0	0	0	0	0	0	0	0	0	0	0	0
genomad_k141_2637515	0	0	0	0	0	0	0	0	0	0	0	0	0	0	0	0	0	0	0	0	0	0	0	0	0	0	0	0	0	0	0	0	0	15.030097	0	0	0	0	0	0	0	0	0	0	0	0	0
genomad_k141_496943	0	0	0	0	0	0	0	0	0	0	0	0	0	0	0	0	0	0	0	0	0	0	0	0	0	0	0	0	0	0	0	0	0	12.101176	0	0	0	0	0	0	0	0	0	0	0	0	0
genomad_k141_2637533	0	0	0	0	0	0	0	0	0	0	0	0	0	0	0	0	0	0	0	0	0	0	0	0	0	0	0	0	0	0	0	69.01498	0	0	0	0	0	0	0	0	0	0	0	0	0	0	0
genomad_k141_3409704	0	0	0	0	0	0	0	0	0	0	0	0	0	0	0	0	0	0	0	0	0	0	0	0	0	0	0	0	0	0	0	0	97.5458	0	0	0	0	0	0	0	0	0	0	0	0	0	0
genomad_k141_1804812	0	0	0	0	0	0	0	0	0	0	0	0	0	0	0	0	0	0	0	0	0	0	0	0	0	0	0	0	0	0	0	20.101273	0	0	0	0	0	0	0	0	0	0	0	0	0	0	0
genomad_k141_3528357	0	0	0	0	0	0	0	0	0	0	0	0	0	0	0	0	0	0	0	0	0	0	0	0	0	0	0	0	0	0	0	0	0	16.21259	0	0	0	0	0	0	0	0	0	0	0	0	0
genomad_k141_3172331	0	0	0	0	0	0	0	0	0	0	0	0	0	0	0	0	0	0	0	0	0	0	0	0	0	0	0	0	0	0	0	0	0	2.8736787	0	0	0	0	0	0	0	0	0	0	0	0	0
genomad_k141_139744	0	0	0	0	0	0	0	0	0	0	0	0	0	0	0	0	0	0	0	0	0	0	0	0	0	0	0	0	0	0	0	0	41.173767	0	0	0	0	0	0	0	0	0	0	0	0	0	0
genomad_k141_3528375	0	0	0	0	0	0	0	0	0	0	0	0	0	0	0	0	0	0	0	0	0	0	0	0	0	0	0	0	0	0	574.88086	116.38688	0	0	0	0	0	0	0	0	0	0	0	0	0	0	0
genomad_k141_3409769	0	0	0	0	0	0	0	0	0	0	0	0	0	0	0	0	0	0	0	0	0	0	0	0	0	0	0	0	0	0	0	0	0	17.523394	0	0	0	0	0	0	0	0	0	0	0	0	0
genomad_k141_1031529	0	0	0	0	0	0	0	0	0	0	0	0	0	0	0	0	0	0	0	0	0	0	0	0	0	0	0	0	0	0	0	19.658924	0	0	0	0	0	0	0	0	0	0	0	0	0	0	0
genomad_k141_3588803	0	0	0	0	0	0	0	0	6810.541	6822.419	0	0	0	0	0	0	0	0	0	0	0	0	0	0	0	4469.091	0	0	0	0	0	0	0	0	0	0	0	0	0	0	0	0	0	0	0	0	0
genomad_k141_3231423	0	0	0	0	0	0	0	0	0	0	0	0	0	0	0	0	0	0	0	0	0	0	0	0	0	0	0	0	36.922424	0	0	0	0	0	0	0	0	0	0	0	0	0	0	0	0	0	0
genomad_k141_913007	0	0	0	0	0	0	0	0	0	0	0	0	0	0	0	0	0	0	0	0	0	0	0	0	0	0	0	0	0	0	0	0	0	0	0	0	29955.486	29123.66	0	0	0	0	0	0	0	0	0
genomad_k141_1091704	0	0	0	0	0	0	0	0	0	0	0	0	0	0	0	0	0	0	0	0	0	0	0	0	0	0	0	0	0	0	78.06013	62.20616	0	0	0	0	0	0	0	0	0	0	0	0	0	0	0
genomad_k141_555436	0	0	0	0	0	0	0	0	0	0	0	0	0	0	0	0	0	0	0	0	0	0	0	0	0	0	0	0	0	0	0	0	111.1643	123.37057	0	0	0	0	0	0	0	0	0	0	0	0	0
genomad_k141_3291321	0	0	0	0	0	0	0	0	0	0	0	0	66.773865	0	0	0	0	0	0	0	0	0	0	0	0	0	0	0	0	0	0	0	0	0	0	0	0	0	0	0	0	0	0	0	0	0	0
genomad_k141_3470139	0	0	0	0	0	0	0	0	0	0	0	0	0	0	0	0	0	0	0	0	0	0	0	0	0	0	0	0	0	0	0	0	0	37.85222	0	0	0	0	0	0	0	0	0	0	0	0	0
genomad_k141_2637614	0	0	0	0	0	0	0	0	0	0	0	0	0	0	0	0	0	0	0	0	0	0	0	0	0	0	0	0	0	0	0	0	0	6.338868	0	0	0	0	0	0	0	0	0	0	0	0	0
genomad_k141_1329531	0	0	0	0	0	0	0	0	0	0	0	0	0	0	0	0	0	0	0	0	0	0	0	0	0	0	0	0	0	0	0	0	92.24234	0	0	0	0	0	0	0	0	0	0	0	0	0	0
genomad_k141_3588897	0	0	0	0	0	0	0	0	0	0	0	0	0	0	0	0	0	0	0	0	0	0	0	0	0	0	0	0	0	0	0	19.437489	0	0	0	0	0	0	0	0	0	0	0	0	0	0	0
genomad_k141_615523	0	0	0	0	0	0	0	0	0	0	0	0	0	0	0	0	0	0	0	0	0	0	0	0	0	0	0	0	0	0	0	0	0	13.702134	0	0	0	0	0	0	0	0	0	0	0	0	0
genomad_k141_1268343	0	0	0	0	0	0	0	0	0	0	0	0	0	0	0	0	0	0	0	0	0	0	0	0	0	0	0	0	0	0	0	0	181.23552	136.2198	0	0	0	0	0	0	0	0	0	0	0	0	0
genomad_k141_378366	0	0	0	0	0	0	0	246.3325	0	0	0	0	0	0	0	0	0	0	0	0	0	0	0	0	0	0	0	0	0	0	258.2284	184.48555	0	6.6446967	0	0	0	0	0	0	0	0	0	0	0	0	0
genomad_k141_1268358	0	0	0	0	0	0	0	0	0	0	0	0	0	0	0	0	0	0	0	0	0	0	0	0	0	0	0	0	0	0	0	38.032513	370.92126	281.90878	0	90.293144	0	0	0	0	0	0	0	0	0	0	0
genomad_k141_2042825	0	0	0	0	0	0	0	0	0	0	0	0	0	0	0	0	0	0	0	0	0	0	0	0	0	0	0	0	0	0	592.3891	111.96263	0	0	0	0	0	0	0	0	0	0	0	0	0	0	0
genomad_k141_3708303	0	0	0	0	0	0	0	0	0	0	0	0	0	0	0	0	0	0	0	0	0	0	0	0	0	0	0	0	0	0	0	0	152.14192	0	0	0	0	0	0	0	0	0	0	0	0	0	0
genomad_k141_1922880	0	0	0	0	0	0	0	0	0	0	0	0	0	0	0	0	0	0	0	0	0	0	0	0	0	0	0	0	83.913216	0	0	0	0	0	0	0	0	0	0	0	0	0	0	0	0	0	0
genomad_k141_2637840	0	0	0	0	0	0	0	0	0	0	0	0	0	0	0	0	0	0	0	0	0	0	0	0	0	0	0	0	0	0	0	0	0	76.71892	0	0	0	0	0	0	0	0	0	0	0	0	0
genomad_k141_21241	0	0	0	0	0	0	0	0	0	0	0	0	0	0	0	0	0	0	0	0	0	0	0	0	0	0	0	0	0	0	0	0	0	23.629732	0	0	0	0	0	0	0	0	0	0	0	0	0
genomad_k141_1922897	0	0	0	0	0	0	0	0	0	0	0	0	0	0	0	0	0	0	0	0	0	0	0	0	0	0	0	0	0	0	0	0	0	19.591877	0	0	0	0	0	0	0	0	0	0	0	0	0
genomad_k141_2578158	0	0	0	0	0	0	0	0	0	0	0	0	0	0	0	0	0	0	0	0	0	0	0	0	0	0	0	0	0	0	0	16.553043	30.747126	44.374443	0	0	0	0	0	0	0	0	0	0	0	0	0
genomad_k141_2161162	0	0	0	0	0	0	0	0	0	0	0	0	0	0	0	0	0	0	0	0	0	0	0	0	0	0	0	0	0	0	0	0	0	32.900463	0	0	0	0	0	0	0	0	0	0	0	0	0
genomad_k141_81287	0	0	0	0	0	0	0	0	0	0	0	0	0	0	0	0	0	0	0	0	0	0	0	0	0	0	0	0	0	0	0	0	101.616066	0	0	0	0	0	0	0	0	0	0	0	0	0	0
genomad_k141_3648542	0	0	0	0	0	0	0	0	0	0	0	0	0	0	0	0	0	0	0	0	0	0	0	0	0	0	0	0	0	0	51.319096	23.069532	129.96844	103.89954	0	0	0	0	0	0	0	0	0	0	0	0	0
genomad_k141_3113329	0	0	0	0	0	0	0	0	0	0	0	0	0	0	0	0	0	0	0	0	0	0	0	0	0	0	0	0	0	0	0	47.00849	0	14.236276	0	0	0	0	0	0	0	0	0	0	0	0	0
genomad_k141_198518	0	0	0	0	0	0	0	0	0	0	0	0	41.656906	0	0	0	0	0	0	0	0	0	0	0	0	0	0	0	0	0	0	0	0	0	0	0	0	0	0	0	0	0	0	0	0	0	0
genomad_k141_2874616	0	0	0	0	0	0	0	0	0	0	0	0	0	0	0	0	0	0	0	0	0	0	0	0	0	0	0	0	0	0	0	0	0	10.029144	0	0	0	0	0	0	0	0	0	0	0	0	0
genomad_k141_3768292	0	0	0	0	0	0	0	0	0	0	0	0	0	0	0	0	0	0	0	0	0	0	0	0	0	0	0	0	0	0	0	0	0	9.532378	0	0	0	0	0	0	0	0	0	0	0	0	0
genomad_k141_1091948	0	0	0	0	0	0	0	0	0	0	0	0	0	0	0	0	0	0	0	0	0	0	0	0	0	0	0	0	0	0	0	0	0	0	0	99.54625	0	0	0	0	0	0	0	0	0	0	0
genomad_k141_1508129	0	0	0	0	0	0	0	0	0	0	0	0	0	0	0	0	0	0	0	0	0	0	0	0	0	0	0	0	0	0	26.058165	24.472748	0	0	0	0	0	0	0	0	0	0	0	0	0	0	0
genomad_k141_3172710	0	0	0	0	0	0	0	0	0	0	0	0	0	0	0	0	0	0	0	0	0	0	0	0	0	0	0	0	0	0	0	0	0	12.082058	0	0	0	0	0	0	0	0	0	0	0	0	0
genomad_k141_3054154	0	0	0	0	0	0	0	0	0	0	0	0	0	0	0	0	0	0	0	0	0	0	0	0	0	0	0	0	0	0	0	0	88.170815	82.971756	0	0	0	0	0	0	0	0	0	0	0	0	0
genomad_k141_2458783	0	0	0	0	0	0	0	0	0	0	0	0	0	0	0	0	0	0	0	0	0	0	0	0	0	0	0	0	0	0	0	0	0	31.146393	0	0	0	0	0	0	0	0	0	0	0	0	0
genomad_k141_1508139	0	0	0	0	0	0	0	0	0	0	0	0	0	0	0	0	0	0	0	0	0	0	0	0	0	0	0	0	0	0	0	0	0	10.627269	0	0	0	0	0	0	0	0	0	0	0	0	0
genomad_k141_2874660	0	0	0	0	0	0	0	0	0	0	0	0	0	0	0	0	0	0	0	0	0	0	0	0	0	0	0	0	0	0	0	0	18.722939	58.307552	0	0	0	0	0	0	0	0	0	0	0	0	0
genomad_k141_2815246	0	0	0	0	0	0	0	0	0	0	0	0	0	0	0	0	0	0	0	0	0	0	0	0	0	0	0	0	0	0	0	8.852629	0	3.3368852	0	0	0	0	0	0	0	0	0	0	0	0	0
genomad_k141_81392	0	0	0	0	0	0	0	0	0	0	0	0	0	0	0	0	0	0	0	0	0	0	0	0	0	0	0	0	0	0	0	0	24.008589	5.5825224	0	0	0	0	0	0	0	0	0	0	0	0	0
genomad_k141_2578234	0	0	0	0	0	0	0	0	0	0	0	0	0	0	0	0	0	0	0	0	0	0	0	0	0	0	0	0	0	0	0	0	11.914849	5.2230577	0	0	0	0	0	0	0	0	0	0	0	0	0
genomad_k141_3470524	0	0	0	0	0	0	0	0	0	0	0	0	0	0	0	0	0	0	0	0	0	0	0	0	0	0	0	0	0	0	0	0	16.924894	34.57775	0	0	0	0	0	0	0	0	0	0	0	0	0
genomad_k141_198611	0	0	0	0	0	0	0	304.2134	0	0	0	0	0	0	0	0	0	0	0	0	0	0	0	0	0	0	0	0	0	0	61.96181	278.65805	0	52.617107	0	50.76087	0	0	0	0	0	0	0	0	0	0	0
genomad_k141_2696438	0	0	0	0	0	0	0	0	0	0	0	0	0	0	0	0	0	0	0	0	0	0	0	0	0	0	0	0	0	0	0	0	13.243933	14.2286625	0	0	0	0	0	0	0	0	0	0	0	0	0
genomad_k141_438874	0	0	0	0	0	0	0	0	0	0	0	0	0	0	0	0	0	0	0	0	0	0	0	0	0	0	0	0	0	0	0	0	0	22.457996	0	0	0	0	0	0	0	0	0	0	0	0	0
genomad_k141_1448217	0	0	0	0	0	0	0	0	0	0	0	0	0	0	0	0	0	0	0	0	0	0	0	0	0	0	0	0	0	0	0	0	0	15.313952	0	0	0	0	0	0	0	0	0	0	0	0	0
genomad_k141_2043024	0	0	0	0	0	0	0	0	0	0	0	0	0	0	0	0	0	0	0	0	0	0	0	0	0	0	0	0	0	0	0	50.130726	0	0	0	0	0	0	0	0	0	0	0	0	0	0	0
genomad_k141_615880	0	0	0	0	0	0	0	0	0	0	0	0	0	0	0	0	0	0	0	0	0	0	0	0	0	0	0	0	0	0	0	0	0	9.435315	0	0	0	0	0	0	0	0	0	0	0	0	0
genomad_k141_2221060	0	0	0	0	0	0	0	185.29008	0	0	0	0	0	0	0	0	0	0	0	0	0	0	0	0	0	0	0	0	0	0	0	59.230392	0	0	0	0	0	0	0	0	0	0	0	0	0	0	0
genomad_k141_2874734	0	0	0	0	0	0	0	0	0	0	0	0	0	0	0	0	0	0	0	0	0	0	0	0	0	0	0	0	0	0	0	0	0	11.431009	0	0	0	0	0	0	0	0	0	0	0	0	0
genomad_k141_555796	0	0	0	0	0	0	0	0	0	0	0	0	0	0	0	0	0	0	0	0	0	0	0	0	0	0	0	0	0	0	0	0	98.69398	31.99886	0	0	0	0	0	0	0	0	0	0	0	0	0
genomad_k141_3648715	0	0	0	0	0	0	0	0	0	0	0	0	0	0	0	0	0	0	0	0	0	0	0	0	0	0	0	0	0	0	0	0	87.18117	130.69675	0	0	0	0	0	0	0	0	0	0	0	0	0
genomad_k141_1864195	0	0	0	0	0	0	0	0	0	0	0	0	0	0	0	0	0	0	0	0	0	0	0	0	0	0	0	0	0	0	0	0	0	17.930607	0	0	0	0	0	0	0	0	0	0	0	0	0
genomad_k141_318477	0	0	0	0	0	0	0	0	0	0	0	0	0	0	0	0	0	0	0	0	0	0	0	0	0	0	0	0	0	0	36.062584	251.875	86.76921	643.39905	0	182.47748	0	0	0	0	0	0	0	0	0	0	0
genomad_k141_1567395	0	0	0	0	0	0	0	0	0	0	0	0	0	0	0	0	0	0	0	0	0	0	0	0	0	0	0	0	0	0	0	0	95.51876	89.23971	0	0	0	0	0	0	0	0	0	0	0	0	0
genomad_k141_972990	0	0	0	0	0	0	0	0	0	0	0	0	0	0	0	0	0	0	0	0	0	0	0	0	0	0	0	0	0	0	77.0146	13.20976	0	0	0	0	0	0	0	0	0	0	0	0	0	0	0
genomad_k141_1092157	0	0	0	0	0	0	0	0	0	0	0	0	0	0	0	0	0	0	0	0	0	0	0	0	0	0	0	0	0	0	0	0	59.121616	88.65011	0	44.60008	0	0	0	0	0	0	0	0	0	0	0
genomad_k141_1864243	0	0	0	0	0	0	0	0	0	0	0	0	0	0	0	0	0	0	0	0	0	0	0	0	0	0	0	0	0	0	55.26706	39.243114	0	0	0	0	0	0	0	0	0	0	0	0	0	0	0
genomad_k141_2578390	0	0	0	0	0	0	0	0	0	0	0	0	0	0	0	0	0	0	0	0	0	0	0	0	0	0	0	0	0	0	0	0	89.27737	0	0	0	0	0	0	0	0	0	0	0	0	0	0
genomad_k141_1567453	0	0	0	0	0	0	0	0	0	0	0	0	0	0	0	0	0	0	0	0	0	0	0	0	0	0	0	0	0	0	30.138742	92.452866	0	11.903799	0	0	0	0	0	0	0	0	0	0	0	0	0
genomad_k141_3528898	0	0	0	0	0	0	0	0	0	0	0	0	0	0	0	0	0	0	0	0	0	0	0	0	0	0	0	0	0	0	0	0	0	9.115173	0	0	0	0	0	0	0	0	0	0	0	0	0
genomad_k141_735563	0	0	0	0	0	0	0	1034.7191	0	0	0	0	0	0	0	0	0	0	0	0	0	0	0	0	0	0	0	0	0	0	1033.5016	1215.4548	0	13.340462	0	0	0	0	0	0	0	0	0	0	0	0	0
genomad_k141_1092198	0	0	0	0	0	0	0	0	0	0	0	0	0	0	0	0	0	0	0	0	0	0	0	0	0	0	0	0	0	0	0	0	0	56.51587	0	0	0	0	0	0	0	0	0	0	0	0	0
genomad_k141_793543	0	0	0	0	0	0	0	0	0	0	0	0	0	0	0	0	0	0	0	0	0	0	0	0	0	0	0	0	0	0	223.11981	17.149822	0	0	0	0	0	0	0	0	0	0	0	0	0	0	0
genomad_k141_616067	0	0	0	0	0	0	0	0	0	0	0	0	0	0	0	0	0	0	0	0	0	0	0	0	0	0	0	0	0	0	0	0	0	44.343582	0	0	0	0	0	0	0	0	0	0	0	0	0
genomad_k141_2161483	0	0	0	0	0	0	0	0	0	0	0	0	0	0	0	0	0	0	0	0	0	0	0	0	0	0	0	0	0	0	57.670986	28.350035	0	0	0	0	0	0	0	0	0	0	0	0	0	0	0
genomad_k141_2459028	0	0	0	0	0	0	0	0	0	0	0	0	0	0	0	0	0	0	0	0	0	0	0	0	0	0	0	0	0	0	0	0	0	45.566853	0	0	0	0	0	0	0	0	0	0	0	0	0
genomad_k141_2161497	0	0	0	0	0	0	0	0	0	0	0	0	0	0	0	0	0	0	0	0	0	0	0	0	0	0	0	0	0	0	33.51416	35.875435	35.948788	31.484632	0	0	0	0	0	0	0	0	0	0	0	0	0
genomad_k141_1151720	0	0	0	0	0	0	0	0	0	0	0	0	0	0	0	0	0	0	0	0	0	0	0	0	0	0	0	0	0	0	0	0	27.53823	69.9638	0	37.291363	0	0	0	0	0	0	0	0	0	0	0
genomad_k141_2815473	0	0	0	0	0	0	0	0	0	0	0	0	0	0	0	0	0	0	0	0	0	0	0	0	0	0	0	0	0	0	0	36.668484	0	0	0	0	0	0	0	0	0	0	0	0	0	0	0
genomad_k141_378830	0	0	0	0	0	0	0	0	0	0	0	0	0	0	0	0	0	0	0	0	0	0	0	0	0	0	0	0	0	0	0	0	53.283337	17.695436	0	0	0	0	0	0	0	0	0	0	0	0	0
genomad_k141_2994930	0	0	0	0	0	0	0	0	0	0	0	0	0	0	0	0	0	0	0	0	0	0	0	0	0	0	0	0	51.90993	0	0	0	0	0	0	0	0	0	0	0	0	0	0	0	0	0	0
genomad_k141_439178	0	0	0	0	0	0	0	0	0	0	0	0	0	0	0	0	0	0	0	0	0	0	0	0	0	0	0	0	0	0	0	0	77.55403	584.097	0	148.67921	0	0	0	0	0	0	0	0	0	0	0
genomad_k141_3708872	0	0	0	0	0	0	0	0	0	0	0	0	0	0	0	0	0	0	0	0	0	0	0	0	0	0	0	0	0	0	0	25.161448	0	0	0	0	0	0	0	0	0	0	0	0	0	0	0
genomad_k141_378894	0	0	0	0	0	0	0	0	0	0	0	0	0	0	0	0	0	0	0	0	0	0	0	0	0	0	0	0	0	0	0	43.172752	0	29.308725	0	0	0	0	0	0	0	0	0	0	0	0	0
genomad_k141_3352067	0	0	0	0	0	0	0	0	0	0	0	0	0	0	0	0	0	0	0	0	0	0	0	0	0	0	0	0	0	0	29.984951	70.6582	0	0	0	0	0	0	0	0	0	0	0	0	0	0	0
genomad_k141_2756194	0	0	0	0	0	0	0	0	0	0	0	0	0	0	0	0	0	0	0	0	0	0	0	0	0	0	0	0	0	0	0	0	77.476105	127.752144	0	0	0	0	0	0	0	0	0	0	0	0	0
genomad_k141_497819	0	0	0	0	0	0	0	0	0	0	13133.459	0	0	0	0	0	933.9583	973.2874	0	0	0	0	0	0	0	0	0	0	0	0	0	0	0	0	0	0	0	0	1703.7106	1812.3363	0	0	0	0	0	0	0
genomad_k141_1210507	0	0	0	0	0	0	0	0	0	0	0	0	0	0	0	0	0	0	0	0	0	0	0	0	0	0	0	0	0	0	245.19247	137.66591	0	0	0	0	0	0	0	0	0	0	0	0	0	0	0
genomad_k141_318778	0	0	0	0	0	0	0	0	0	0	0	0	0	0	0	0	0	0	0	0	0	0	0	0	0	0	0	0	0	0	0	0	57.68856	97.92211	0	0	0	0	0	0	0	0	0	0	0	0	0
genomad_k141_1627320	0	0	0	0	0	0	0	0	0	0	0	0	0	0	0	0	0	0	0	0	0	0	0	0	0	0	0	0	0	0	0	0	25.634212	54.456272	0	37.822292	0	0	0	0	0	0	0	0	0	0	0
genomad_k141_3649030	0	0	0	0	0	0	0	0	0	0	0	0	0	0	0	0	0	0	0	0	0	0	0	0	0	0	0	0	0	0	28.63353	22.177563	0	0	0	0	0	0	0	0	0	0	0	0	0	0	0
genomad_k141_1567680	0	0	0	0	0	0	0	0	0	0	0	0	0	0	0	0	0	0	0	0	0	0	0	0	0	0	0	0	0	0	0	0	0	52.245743	0	0	0	0	0	0	0	0	0	0	0	0	0
genomad_k141_2995049	0	0	0	0	0	0	0	0	0	0	0	0	60.460438	0	0	0	0	0	0	0	0	0	0	0	0	0	0	0	0	0	0	0	0	0	0	0	0	0	0	0	0	0	0	0	0	0	0
genomad_k141_2815635	0	0	0	0	0	0	0	0	0	0	0	0	0	0	0	0	0	0	0	0	0	0	0	0	0	0	0	0	0	0	123.931816	0	0	0	0	0	0	0	0	0	0	0	0	0	0	0	0
genomad_k141_3768817	0	0	0	0	0	0	0	0	0	0	0	0	0	0	0	0	0	0	0	0	0	0	0	0	0	0	0	0	0	0	0	0	48.788105	0	0	0	0	0	0	0	0	0	0	0	0	0	0
genomad_k141_2875167	0	0	0	0	0	0	0	0	0	0	0	0	0	0	0	0	0	0	0	0	0	0	0	0	0	0	0	0	0	0	0	0	56.709457	9.447725	0	0	0	0	0	0	0	0	0	0	0	0	0
genomad_k141_1805641	0	0	0	0	0	0	0	0	0	0	0	0	0	0	0	0	0	0	0	0	0	0	0	0	0	0	0	0	0	0	0	0	33.615433	109.88797	0	84.64621	0	0	0	0	0	0	0	0	0	0	0
genomad_k141_1864563	0	0	0	0	0	0	0	0	0	0	0	0	0	0	0	0	0	0	0	0	0	0	0	0	0	0	0	0	0	0	0	0	33.70477	12.765639	0	0	0	0	0	0	0	0	0	0	0	0	0
genomad_k141_2221546	0	0	0	0	0	0	0	0	0	0	0	0	0	0	0	0	0	0	0	0	0	0	0	0	0	0	0	0	0	0	0	0	0	0	0	111.9757	0	0	0	0	0	0	0	0	0	0	0
genomad_k141_21830	0	0	0	0	0	0	0	0	0	0	0	0	0	0	0	0	0	0	0	0	0	0	0	0	0	0	0	0	0	0	48.635014	201.23293	0	0	0	0	0	0	0	0	0	0	0	0	0	0	0
genomad_k141_1627457	0	0	0	0	0	0	0	0	0	0	0	0	0	0	0	0	0	0	0	0	0	0	0	0	0	0	0	0	0	0	0	0	0	6.466987	0	0	0	0	0	0	0	0	0	0	0	0	0
genomad_k141_1092646	2092.1294	2202.0437	0	0	0	0	0	0	999.5403	992.95184	0	0	0	0	0	0	369.6033	313.4866	0	0	0	0	0	0	0	0	0	0	0	0	0	0	0	0	0	0	0	0	0	0	0	0	0	0	0	0	0
genomad_k141_1448741	0	0	0	0	0	0	0	0	0	0	0	0	0	0	0	0	0	0	0	0	0	0	0	0	0	0	0	0	0	0	77.171684	44.88296	0	0	0	0	0	0	0	0	0	0	0	0	0	0	0
genomad_k141_439507	0	0	0	0	0	0	0	0	0	0	0	0	0	0	0	0	0	0	0	0	0	0	0	0	0	0	0	0	0	0	0	0	0	8.287909	0	0	0	0	0	0	0	0	0	0	0	0	0
genomad_k141_855355	0	0	0	0	0	0	0	0	0	0	0	0	0	0	0	0	0	0	0	0	0	0	0	0	0	0	0	0	0	0	67.32576	16.309832	0	0	0	0	0	0	0	0	0	0	0	0	0	0	0
genomad_k141_855362	0	0	0	0	0	0	0	0	0	0	0	0	0	0	0	0	0	0	0	0	0	0	0	0	0	0	0	0	0	0	0	0	0	0	0	182.76967	0	0	0	0	0	0	0	0	0	0	0
genomad_k141_1032620	0	0	0	0	0	0	0	0	0	0	0	0	0	0	0	0	0	0	0	0	0	0	0	0	0	0	0	0	0	0	0	0	0	9.244192	0	0	0	0	0	0	0	0	0	0	0	0	0
genomad_k141_140910	0	0	0	0	0	0	0	0	0	0	0	0	0	0	0	0	0	0	0	0	0	0	0	0	0	0	0	0	0	0	0	0	38.92316	202.32971	0	88.820625	0	0	0	0	0	0	0	0	0	0	0
genomad_k141_2161987	0	0	0	0	0	0	0	0	0	0	0	0	0	0	0	0	0	0	0	0	0	0	0	0	0	0	0	0	0	0	0	0	0	21.38603	0	0	0	0	0	0	0	0	0	0	0	0	0
genomad_k141_1746287	0	0	0	0	0	0	0	0	0	0	0	0	0	0	0	0	0	0	0	0	0	0	0	0	0	0	0	0	0	0	0	16.799112	0	9.885558	0	0	0	0	0	0	0	0	0	0	0	0	0
genomad_k141_319224	0	0	0	0	0	0	0	0	0	0	0	0	148.70317	0	0	0	0	0	0	0	0	0	0	0	0	0	0	0	0	0	0	0	0	0	0	0	0	0	0	0	0	0	0	0	0	0	0
genomad_k141_736073	0	0	0	0	0	0	0	0	0	0	0	0	0	0	0	0	0	0	0	0	0	0	0	0	0	0	0	0	0	0	0	0	0	26.595041	0	0	0	0	0	0	0	0	0	0	0	0	0
genomad_k141_140975	0	0	0	0	0	0	0	0	0	0	0	0	0	0	0	0	0	0	0	0	0	0	0	0	0	0	0	0	0	0	0	0	0	0	0	0	0	0	0	0	0	0	0	0	0	0	0
genomad_k141_2459566	0	0	0	0	0	0	0	0	0	0	0	0	0	0	0	0	0	0	0	0	0	0	0	0	0	0	0	0	0	0	0	0	0	7.516766	0	0	0	0	0	0	0	0	0	0	0	0	0
genomad_k141_319231	0	0	0	0	0	0	0	0	0	0	0	0	0	0	0	0	0	0	0	0	0	0	0	0	0	0	0	0	0	0	0	14.333032	0	3.0251737	0	0	0	0	0	0	0	0	0	0	0	0	0
genomad_k141_1983780	0	0	0	0	0	0	0	0	0	0	0	0	0	0	0	0	0	0	0	0	0	0	0	0	0	0	0	0	0	0	0	0	24.968899	21.778479	0	0	0	0	0	0	0	0	0	0	0	0	0
genomad_k141_616750	0	0	0	0	0	0	0	0	0	0	0	0	0	0	0	0	0	0	0	0	0	0	0	0	0	0	0	0	0	0	0	0	40.393528	29.419556	0	0	0	0	0	0	0	0	0	0	0	0	0
genomad_k141_676582	0	0	0	0	0	0	0	0	0	0	0	0	0	0	0	0	0	0	0	0	0	0	0	0	0	0	0	0	0	0	0	0	31.844402	179.62807	0	71.940796	0	0	0	0	0	0	0	0	0	0	0
genomad_k141_1092883	0	0	0	0	0	0	0	0	0	0	0	0	0	0	0	0	0	0	0	0	0	0	0	0	0	0	0	0	0	0	992.53595	662.5653	0	9.920081	0	0	0	0	0	0	0	0	0	0	0	0	0
genomad_k141_2815940	0	0	0	0	0	0	0	0	0	0	0	0	0	0	0	0	0	0	0	0	0	0	0	0	0	0	0	0	0	0	0	0	32.120068	9.164038	0	0	0	0	0	0	0	0	0	0	0	0	0
genomad_k141_1805987	0	0	0	0	0	0	0	0	0	0	0	0	0	0	0	0	0	0	0	0	0	0	0	0	0	0	0	0	782.7317	800.40063	0	0	0	0	0	0	0	0	0	0	0	0	0	0	0	0	0
genomad_k141_3232717	0	0	0	0	0	0	0	0	0	0	0	0	0	0	0	0	0	0	0	0	0	0	0	0	0	0	0	0	0	0	0	0	0	5.3814807	0	0	0	0	0	0	0	0	0	0	0	0	0
genomad_k141_736229	0	0	0	0	0	0	0	0	0	0	0	0	0	0	0	0	0	0	0	0	0	0	0	0	0	0	0	0	0	0	0	0	0	4.866134	0	0	0	0	0	0	0	0	0	0	0	0	0
genomad_k141_82350	0	0	0	0	0	0	0	0	0	0	0	0	49.16754	0	0	0	0	0	0	0	0	0	0	0	0	0	0	0	0	0	0	0	0	0	0	0	0	0	0	0	0	0	0	0	0	0	0
genomad_k141_2162212	0	0	0	0	0	0	0	0	0	0	0	0	0	0	0	0	0	0	0	0	0	0	0	0	0	0	0	0	0	0	0	0	965.62744	945.7491	0	619.93274	0	0	0	0	0	0	0	0	0	0	0
genomad_k141_2519780	0	0	0	0	0	0	0	0	0	0	0	0	0	0	0	0	0	0	0	0	0	0	0	0	0	0	0	0	2434.9763	2201.6433	0	0	0	0	0	0	0	0	0	0	0	0	0	0	0	0	0
genomad_k141_3352755	0	0	0	0	0	0	0	0	0	0	0	0	0	0	0	0	0	0	0	0	0	0	0	0	0	0	0	0	0	0	73.684235	15.55695	0	0	0	0	0	0	0	0	0	0	0	0	0	0	0
genomad_k141_1746542	0	0	0	0	0	0	0	0	0	0	0	0	0	0	0	0	0	0	0	0	0	0	0	0	0	0	0	0	0	0	0	0	31.727509	11.220886	0	0	0	0	0	0	0	0	0	0	0	0	0
genomad_k141_1983974	0	0	0	0	0	0	0	0	0	0	0	0	0	0	0	0	0	0	0	0	0	0	0	0	0	0	0	0	0	0	615.835	720.188	0	0	0	0	0	0	0	0	0	0	0	0	0	0	0
genomad_k141_1269510	0	0	0	0	2232.671	2114.71	0	0	0	0	0	0	0	0	0	0	0	0	0	0	0	0	0	0	0	0	0	0	0	0	0	0	0	0	0	0	0	0	0	0	0	0	0	0	0	0	0
genomad_k141_3411178	0	0	0	0	0	0	0	0	0	0	0	0	0	0	0	0	0	0	0	0	0	0	0	0	0	0	0	0	0	0	0	0	79.00722	30.029606	0	0	0	0	0	0	0	0	0	0	0	0	0
genomad_k141_1568285	0	0	0	0	0	0	0	0	0	0	0	0	0	0	0	0	0	0	0	0	0	0	0	0	0	0	0	0	0	0	0	0	0	0	0	90.42869	0	0	0	0	0	0	0	0	0	0	0
genomad_k141_2401148	0	0	0	0	0	0	0	291.93045	0	0	0	0	0	0	0	0	0	0	0	0	0	0	0	0	0	0	0	0	0	0	112.861015	190.65607	0	0	0	0	0	0	0	0	0	0	0	0	0	0	0
genomad_k141_736287	0	0	0	0	0	0	0	0	0	0	0	0	0	0	0	0	0	0	0	0	0	0	0	0	0	0	0	0	0	0	0	0	0	13.334949	0	0	0	0	0	0	0	0	0	0	0	0	0
genomad_k141_1330972	0	0	0	0	0	0	0	0	0	0	0	0	0	0	0	0	0	0	0	0	0	0	0	0	0	0	0	0	0	0	0	11.441825	0	7.5757017	0	0	0	0	0	0	0	0	0	0	0	0	0
genomad_k141_2579382	0	0	0	0	0	0	0	0	0	0	0	0	57.401413	0	0	0	0	0	0	0	0	0	0	0	0	0	0	0	0	0	0	0	0	0	0	0	0	0	0	0	0	0	0	0	0	0	0
genomad_k141_379647	0	0	0	0	0	0	0	0	0	0	0	0	0	0	0	0	0	0	0	0	0	0	0	0	0	0	0	0	0	0	137.07057	124.59188	57.58929	77.984116	0	0	0	0	0	0	0	0	0	0	0	0	0
genomad_k141_439913	0	0	0	0	0	0	0	0	0	0	0	0	0	0	0	0	0	0	0	0	0	0	0	0	0	0	0	0	0	0	16.689102	0	0	0	0	0	0	0	0	0	0	0	0	0	0	0	0
genomad_k141_973740	0	0	0	0	0	0	0	0	0	0	0	0	0	0	0	0	0	0	0	0	0	0	0	0	0	0	0	0	0	0	0	0	83.4261	39.737076	0	0	0	0	0	0	0	0	0	0	0	0	0
genomad_k141_260249	0	0	0	0	0	0	0	0	0	0	0	0	0	0	0	0	0	0	0	0	0	0	0	0	0	0	0	0	0	0	54.521725	44.52943	0	0	0	0	0	0	0	0	0	0	0	0	0	0	0
genomad_k141_1568364	0	0	0	0	0	0	0	0	0	0	0	0	0	0	0	0	0	0	0	0	0	0	0	0	0	0	0	0	0	0	0	7.102562	0	14.1107435	0	0	0	0	0	0	0	0	0	0	0	0	0
genomad_k141_855753	0	0	0	0	0	0	0	0	0	0	0	0	0	0	0	0	0	0	0	0	0	0	0	0	0	0	0	0	0	0	0	0	0	7.784373	0	0	0	0	0	0	0	0	0	0	0	0	0
genomad_k141_1269653	0	0	0	0	0	0	0	0	0	0	0	0	0	0	0	0	0	0	0	0	0	0	0	0	0	0	0	0	0	0	37.167576	31.263578	0	0	0	0	0	0	0	0	0	0	0	0	0	0	0
genomad_k141_1984164	0	0	0	0	0	0	0	0	0	0	0	0	0	0	0	0	0	0	0	0	0	0	0	0	0	0	0	0	0	0	0	0	72.69947	93.98646	0	0	0	0	0	0	0	0	0	0	0	0	0
genomad_k141_2162396	0	0	0	0	0	0	0	0	0	0	0	0	0	0	0	0	0	0	0	0	0	0	0	0	0	0	0	0	0	0	0	0	413.52585	534.7916	0	290.11966	0	0	0	0	0	0	0	0	0	0	0
genomad_k141_2697706	0	0	0	0	0	0	0	0	0	0	0	0	0	0	0	0	0	0	0	0	0	0	0	0	0	0	0	0	0	0	0	0	37.32476	34.290028	0	0	0	0	0	0	0	0	0	0	0	0	0
genomad_k141_617099	0	0	0	0	0	0	0	0	0	0	0	0	0	0	0	0	0	0	0	0	0	0	0	0	0	0	0	0	0	0	0	0	0	40.194115	0	0	0	0	0	0	0	0	0	0	0	0	0
genomad_k141_2044071	0	0	0	0	0	0	0	0	0	0	0	0	0	0	0	0	0	0	0	0	0	0	0	0	0	0	0	0	0	0	0	46.371655	0	0	0	0	0	0	0	0	0	0	0	0	0	0	0
genomad_k141_1269689	0	0	0	0	0	0	0	0	0	0	0	0	0	0	0	0	0	0	0	0	0	0	0	0	0	0	0	0	0	0	0	0	0	16.836315	0	0	0	0	0	0	0	0	0	0	0	0	0
genomad_k141_2697731	0	0	0	0	0	0	0	0	0	0	0	0	0	0	0	0	0	0	0	0	0	0	0	0	0	0	0	0	0	0	0	30.390997	0	0	0	0	0	0	0	0	0	0	0	0	0	0	0
genomad_k141_973906	0	0	0	0	0	0	0	0	0	0	0	0	0	0	0	0	0	0	0	0	0	0	0	0	0	0	0	0	0	0	0	0	28.429733	37.866047	0	0	0	0	0	0	0	0	0	0	0	0	0
genomad_k141_1152839	0	0	0	0	0	0	0	0	0	0	0	0	0	0	0	0	0	0	0	0	0	0	0	0	0	0	0	0	0	0	0	0	0	71.209595	0	0	0	0	0	0	0	0	0	0	0	0	0
genomad_k141_1390593	0	0	0	0	0	0	0	0	0	0	0	0	0	0	0	0	0	0	0	0	0	0	0	0	0	0	0	0	0	0	0	0	0	16.668102	0	0	0	0	0	0	0	0	0	0	0	0	0
genomad_k141_1093347	0	0	0	0	0	0	0	0	0	0	0	0	0	0	0	0	0	0	0	0	0	0	0	0	0	0	0	0	0	0	0	0	0	16.14409	0	0	0	0	0	0	0	0	0	0	0	0	0
genomad_k141_1746880	0	0	0	0	0	0	0	0	0	0	0	0	0	0	0	0	0	0	0	0	0	0	0	0	0	0	0	0	0	0	0	0	77.52308	56.63131	0	0	0	0	0	0	0	0	0	0	0	0	0
genomad_k141_82652	0	0	0	0	0	0	0	0	0	0	0	0	0	0	0	0	0	0	0	0	0	0	0	0	0	0	0	0	0	0	0	0	21.789455	9.7106085	0	0	0	0	0	0	0	0	0	0	0	0	0
genomad_k141_2401386	0	0	0	0	0	0	0	0	0	0	0	0	0	0	0	0	0	0	0	0	0	0	0	0	0	0	0	0	0	0	0	0	159.73105	116.73899	0	52.879616	0	0	0	0	0	0	0	0	0	0	0
genomad_k141_141558	0	0	0	0	0	0	0	0	0	0	0	0	0	0	0	0	0	0	0	0	0	0	0	0	0	0	0	0	1072.9784	1450.7448	0	0	0	0	0	0	0	0	0	0	0	0	0	0	0	0	0
genomad_k141_736616	0	0	0	0	0	0	0	0	0	0	0	0	0	0	0	0	0	0	0	0	0	0	0	0	0	0	0	0	0	0	0	0	30.062588	19.227201	0	0	0	0	0	0	0	0	0	0	0	0	0
genomad_k141_2579726	0	0	0	0	0	0	0	0	0	0	0	0	0	0	0	0	0	0	0	0	0	0	0	0	0	0	0	0	0	0	0	35.63076	0	0	0	0	0	0	0	0	0	0	0	0	0	0	0
genomad_k141_2757262	0	0	0	0	0	0	0	0	0	0	0	0	0	0	0	0	0	0	0	0	0	0	0	0	0	0	0	0	0	0	0	0	65.00321	4.5276556	0	0	0	0	0	0	0	0	0	0	0	0	0
genomad_k141_1628425	0	0	0	0	0	0	0	0	0	0	0	0	0	0	0	0	0	0	0	0	0	0	0	0	0	0	0	0	0	0	0	0	0	15.414289	0	0	0	0	0	0	0	0	0	0	0	0	0
genomad_k141_677168	0	0	0	0	0	0	0	0	0	0	0	0	0	0	0	0	0	0	0	0	0	0	0	0	0	0	0	0	0	0	0	0	88.73149	26.174406	0	0	0	0	0	0	0	0	0	0	0	0	0
genomad_k141_3353218	0	0	0	0	0	0	0	0	0	0	0	0	0	0	0	0	0	0	0	0	0	0	0	0	0	0	0	0	0	0	0	75.96944	0	24.228664	0	0	0	0	0	0	0	0	0	0	0	0	0
genomad_k141_2816526	0	0	0	0	0	0	0	0	0	0	0	0	0	0	0	0	0	0	0	0	0	0	0	0	0	0	0	0	0	0	0	46.477818	0	0	0	0	0	0	0	0	0	0	0	0	0	0	0
genomad_k141_2103128	0	0	0	0	0	0	0	0	0	0	0	0	0	0	0	0	0	0	0	0	0	0	0	0	0	0	0	0	0	0	1819.8843	653.9195	0	0	0	0	0	0	0	0	0	0	0	0	0	0	0
genomad_k141_1628440	0	0	0	0	0	0	0	0	0	0	0	0	0	0	0	0	0	0	0	0	0	0	0	0	0	0	0	0	0	0	0	0	30.338182	12.797455	0	0	0	0	0	0	0	0	0	0	0	0	0
genomad_k141_3769834	0	0	0	0	0	0	0	0	0	0	0	0	0	0	0	0	0	0	0	0	0	0	0	0	0	0	0	0	0	0	0	24.895351	0	0	0	0	0	0	0	0	0	0	0	0	0	0	0
genomad_k141_2460239	0	0	0	0	0	0	0	0	0	0	0	0	0	0	0	0	0	0	0	0	0	0	0	0	0	0	0	0	0	0	0	0	28.848326	127.758934	0	0	0	0	0	0	0	0	0	0	0	0	0
genomad_k141_3590765	0	0	0	0	0	0	0	0	0	0	0	0	0	0	0	0	0	0	0	0	0	0	0	0	0	0	0	0	339.62033	147.37312	0	0	0	0	0	0	0	0	0	0	0	0	0	0	0	0	0
genomad_k141_499088	0	0	0	0	0	0	0	0	0	0	0	0	0	0	0	0	0	0	0	0	0	0	0	0	0	0	0	0	0	0	25.461325	18.446882	0	0	0	0	0	0	0	0	0	0	0	0	0	0	0
genomad_k141_3292716	0	0	0	0	0	0	0	0	0	0	0	0	0	0	0	0	0	0	0	0	0	0	0	0	0	0	0	0	0	0	53.145607	39.064777	0	0	0	0	0	0	0	0	0	0	0	0	0	0	0
genomad_k141_2698074	0	0	0	0	0	0	0	0	0	0	0	0	0	0	0	0	0	0	0	0	0	0	0	0	0	0	0	0	0	0	0	0	26.106348	5.9354515	0	0	0	0	0	0	0	0	0	0	0	0	0
genomad_k141_2936653	0	0	0	0	0	0	0	0	0	0	0	0	0	0	0	0	0	0	0	0	0	0	0	0	0	0	0	0	0	0	0	0	19.589733	26.273886	0	0	0	0	0	0	0	0	0	0	0	0	0
genomad_k141_1449763	0	0	0	0	2521.0884	2388.0461	0	0	972.74744	1046.76	0	0	0	0	0	0	0	0	0	0	0	0	0	0	0	0	0	0	0	0	0	0	0	0	0	0	0	0	0	0	0	0	0	0	0	0	0
genomad_k141_2757436	0	0	0	0	0	0	0	0	0	0	0	0	0	0	0	0	0	0	0	0	0	0	0	0	0	0	0	0	0	0	0	0	16.201765	3.5022163	0	0	0	0	0	0	0	0	0	0	0	0	0
genomad_k141_1568965	0	0	0	0	0	0	0	0	0	0	0	0	0	0	0	0	0	0	0	0	0	0	0	0	0	0	0	0	0	0	0	17.587996	0	3.4093852	0	0	0	0	0	0	0	0	0	0	0	0	0
genomad_k141_1211774	0	0	0	0	0	0	0	0	0	0	0	0	0	0	0	0	0	0	0	0	0	0	0	0	0	0	0	0	0	0	0	0	0	24.630358	0	0	0	0	0	0	0	0	0	0	0	0	0
genomad_k141_3353407	0	0	0	0	0	0	0	0	0	0	0	0	0	0	0	0	0	0	0	0	0	0	0	0	0	0	0	0	543.738	261.3595	0	0	0	0	0	0	0	0	0	0	0	0	0	0	0	0	0
genomad_k141_1033571	0	0	0	0	0	0	0	0	0	0	0	0	0	0	0	0	0	0	0	0	0	0	0	0	0	0	0	0	0	0	0	31.53678	47.857662	146.19695	0	0	0	0	0	0	0	0	0	0	0	0	0
genomad_k141_974422	0	0	0	0	0	0	0	0	0	0	0	0	0	0	0	0	0	0	0	0	0	0	0	0	0	0	0	0	0	0	0	0	0	13.290498	0	0	0	0	0	0	0	0	0	0	0	0	0
genomad_k141_1211800	0	0	0	0	0	0	0	0	0	0	0	0	0	0	0	0	0	0	0	0	0	0	0	0	0	0	0	0	0	0	0	0	32.555943	16.388115	0	0	0	0	0	0	0	0	0	0	0	0	0
genomad_k141_3650360	0	0	0	0	0	0	0	0	0	0	0	0	0	0	0	0	0	0	0	0	0	0	0	0	0	0	0	0	0	0	0	30.790432	0	0	0	0	0	0	0	0	0	0	0	0	0	0	0
genomad_k141_1628632	0	0	0	0	0	0	0	0	0	0	0	0	0	0	0	0	0	0	0	0	0	0	0	0	0	0	0	0	0	0	0	0	0	14.317756	0	0	0	0	0	0	0	0	0	0	0	0	0
genomad_k141_737025	0	0	0	0	0	0	0	0	0	0	0	0	0	0	0	0	0	0	0	0	0	0	0	0	0	0	0	0	0	0	37.4628	159.54514	0	0	0	0	0	0	0	0	0	0	0	0	0	0	0
genomad_k141_1331633	0	0	0	0	0	0	0	0	0	0	0	0	0	0	0	0	0	0	0	0	0	0	0	0	0	0	0	0	0	0	0	0	66.61935	137.02101	0	0	0	0	0	0	0	0	0	0	0	0	0
genomad_k141_2580137	0	0	0	0	0	0	0	0	0	0	0	0	0	0	0	0	0	0	0	0	0	0	0	0	0	0	0	0	0	0	0	0	77.24299	94.512985	0	0	0	0	0	0	0	0	0	0	0	0	0
genomad_k141_440669	0	0	0	0	0	0	0	0	0	0	0	0	0	0	0	0	0	0	0	0	0	0	0	0	0	0	0	0	0	0	31.470268	100.88117	0	0	0	0	0	0	0	0	0	0	0	0	0	0	0
genomad_k141_1391180	0	0	0	0	0	0	0	0	0	0	0	0	0	0	0	0	0	0	0	0	0	0	0	0	0	0	0	0	0	0	0	0	373.64734	202.0599	0	68.60463	0	0	0	0	0	0	0	0	0	0	0
genomad_k141_1153394	0	0	0	0	0	0	0	0	0	0	0	0	43.455593	0	0	0	0	0	0	0	0	0	0	0	0	0	0	0	0	0	0	0	0	0	0	0	0	0	0	0	0	0	0	0	0	0	0
genomad_k141_1806833	0	0	0	0	0	0	0	0	0	0	0	0	0	0	0	0	0	0	0	0	0	0	0	0	0	0	0	0	0	0	0	0	0	8.659584	0	0	0	0	0	0	0	0	0	0	0	0	0
genomad_k141_2936927	0	0	0	0	0	0	0	0	0	0	0	0	0	0	0	0	0	0	0	0	0	0	0	0	0	0	0	0	0	0	0	0	0	23.135769	0	0	0	0	0	0	0	0	0	0	0	0	0
genomad_k141_1806841	0	0	0	0	0	0	0	0	0	0	0	0	0	0	0	0	0	0	0	0	0	0	0	0	0	0	0	0	0	0	136.61784	97.63415	0	6.2109227	0	0	0	0	0	0	0	0	0	0	0	0	0
genomad_k141_974564	0	0	0	0	0	0	0	0	0	0	0	0	0	0	0	0	0	0	0	0	0	0	0	0	0	0	0	0	0	0	0	0	40.891247	62.85648	0	0	0	0	0	0	0	0	0	0	0	0	0
genomad_k141_2876512	0	0	0	0	0	0	0	0	0	0	0	0	0	0	0	0	0	0	0	0	0	0	0	0	0	0	0	0	48.580803	0	0	0	0	0	0	0	0	0	0	0	0	0	0	0	0	0	0
genomad_k141_1984904	0	0	0	0	0	0	0	0	0	0	0	0	0	0	0	0	0	0	0	0	0	0	0	0	0	0	0	0	0	0	85.72047	7.957236	0	0	0	0	0	0	0	0	0	0	0	0	0	0	0
genomad_k141_2342986	0	0	0	0	0	0	0	0	0	0	0	0	0	0	0	0	0	0	0	0	0	0	0	0	0	0	0	0	0	0	0	0	12.803662	21.908264	0	0	0	0	0	0	0	0	0	0	0	0	0
genomad_k141_3353540	0	0	0	0	0	0	0	0	0	0	0	0	63.182613	0	0	0	0	0	0	0	0	0	0	0	0	0	0	0	0	0	0	0	0	0	0	0	0	0	0	0	0	0	0	0	0	0	0
genomad_k141_915214	0	0	0	0	0	0	0	421.81287	0	0	0	0	0	0	0	0	0	0	0	0	0	0	0	0	0	0	0	0	0	0	356.68048	955.50494	0	0	0	0	0	0	0	0	0	0	0	0	0	0	0
genomad_k141_856543	0	0	0	0	0	0	0	0	0	0	0	0	0	0	0	0	0	0	0	0	0	0	0	0	0	0	0	0	0	0	0	0	0	3.2986844	0	0	0	0	0	0	0	0	0	0	0	0	0
genomad_k141_380516	0	0	0	0	0	0	0	0	0	0	0	0	0	0	0	0	0	0	0	0	0	0	0	0	0	0	0	0	0	0	0	0	0	24.472998	0	0	0	0	0	0	0	0	0	0	0	0	0
genomad_k141_795114	0	0	0	0	0	0	0	0	0	0	0	0	0	0	0	0	0	0	0	0	0	0	0	0	0	0	0	0	0	0	0	0	0	0	0	0	0	0	0	0	0	180.76183	195.17445	0	0	0	0
genomad_k141_200525	0	0	0	0	0	0	0	0	0	0	0	0	0	0	0	0	0	0	0	0	0	0	0	0	0	0	0	0	0	0	0	0	0	3.811181	0	0	0	0	0	0	0	0	0	0	0	0	0
genomad_k141_2222728	0	0	0	0	0	0	0	337.76367	0	0	0	0	0	0	0	0	0	0	0	0	0	0	0	0	0	0	0	0	0	0	0	116.352165	0	0	0	0	0	0	0	0	0	0	0	0	0	0	0
genomad_k141_1569230	0	0	0	0	0	0	0	0	0	0	0	0	0	0	0	0	0	0	0	0	0	0	0	0	0	0	0	0	0	0	0	0	44.62965	9.0365	0	0	0	0	0	0	0	0	0	0	0	0	0
genomad_k141_1331819	0	0	0	0	0	0	0	0	0	0	0	0	0	0	0	0	0	0	0	0	0	0	0	0	0	0	0	0	0	0	0	0	0	23.291307	0	0	0	0	0	0	0	0	0	0	0	0	0
genomad_k141_3055790	0	0	0	0	0	0	0	0	0	0	0	0	0	0	0	0	0	0	0	0	0	0	0	0	0	0	0	0	0	0	0	0	40.88377	130.78082	0	52.43174	0	0	0	0	0	0	0	0	0	0	0
genomad_k141_2580435	0	0	0	0	0	0	0	0	0	0	0	0	0	0	0	0	0	0	0	0	0	0	0	0	0	0	0	0	0	0	0	0	0	26.433645	0	0	0	0	0	0	0	0	0	0	0	0	0
genomad_k141_737422	0	0	0	0	0	0	0	0	0	0	0	0	0	0	0	0	0	0	0	0	0	0	0	0	0	0	0	0	0	0	0	0	0	0	0	0	0	0	3144.815	2949.4146	0	0	0	0	0	0	0
genomad_k141_2996627	0	0	0	0	0	0	0	0	0	0	0	0	0	0	0	0	0	0	0	0	0	0	0	0	0	0	0	0	0	0	0	0	40.422077	50.390484	0	0	0	0	0	0	0	0	0	0	0	0	0
genomad_k141_795312	0	0	0	0	0	0	0	0	0	0	0	0	0	0	0	0	0	0	0	0	0	0	0	0	0	0	0	0	0	0	0	0	0	11.93277	0	0	0	0	0	0	0	0	0	0	0	0	0
genomad_k141_1925028	0	0	0	0	0	0	0	0	0	0	0	0	0	0	0	0	0	0	0	0	0	0	0	0	0	0	0	0	0	0	0	0	0	10.149381	0	0	0	0	0	0	0	0	0	0	0	0	0
genomad_k141_142123	0	0	0	0	0	0	0	0	0	0	0	0	0	0	0	0	0	0	0	0	0	0	0	0	0	0	0	0	0	0	50.924885	66.50738	0	0	0	0	0	0	0	0	0	0	0	0	0	0	0
genomad_k141_2460839	0	0	0	0	0	0	0	0	0	0	0	0	0	0	0	0	0	0	0	0	0	0	0	0	0	0	0	0	0	0	0	0	0	14.770425	0	0	0	0	0	0	0	0	0	0	0	0	0
genomad_k141_1687881	0	0	0	0	0	0	0	0	0	0	0	0	0	0	0	0	0	0	0	0	0	0	0	0	0	0	0	0	0	0	0	0	55.289173	0	0	0	0	0	0	0	0	0	0	0	0	0	0
genomad_k141_2103652	0	0	0	0	0	0	0	0	0	0	0	0	0	0	0	0	0	0	0	0	0	0	0	0	0	0	0	0	169.08003	246.74757	0	0	0	0	0	0	0	0	0	0	0	0	0	0	0	0	0
genomad_k141_1747694	0	0	0	0	0	0	0	0	0	0	0	0	0	0	0	0	0	0	0	0	0	0	0	0	0	0	0	0	0	0	0	0	0	0	287.20688	292.58832	0	0	0	0	0	0	0	0	0	0	0
genomad_k141_1450385	0	0	0	0	0	0	0	0	0	0	0	0	0	0	0	0	0	0	0	0	0	0	0	0	0	0	0	0	0	0	0	0	18.397001	23.501772	0	0	0	0	0	0	0	0	0	0	0	0	0
genomad_k141_677887	0	0	0	0	0	0	0	271.7308	0	0	0	0	0	0	0	0	0	0	0	0	0	0	0	0	0	0	0	0	0	0	496.75333	171.44177	0	0	0	0	0	0	0	0	0	0	0	0	0	0	0
genomad_k141_1450440	0	0	0	0	0	0	0	0	0	0	0	0	0	0	0	0	0	0	0	0	0	0	0	0	0	0	0	0	0	0	133.32878	14.684149	0	0	0	0	0	0	0	0	0	0	0	0	0	0	0
genomad_k141_3353844	0	0	0	0	0	0	0	0	0	0	0	0	0	0	0	0	0	0	0	0	0	0	0	0	0	0	0	0	0	0	0	0	0	43.884647	0	0	0	0	0	0	0	0	0	0	0	0	0
genomad_k141_1270769	0	0	0	0	0	0	0	0	0	0	0	0	0	0	0	0	0	0	0	0	0	0	0	0	0	0	0	0	0	0	0	0	0	21.364483	0	0	0	0	0	0	0	0	0	0	0	0	0
genomad_k141_2402225	0	0	0	0	0	0	0	0	0	0	0	0	0	0	0	0	0	0	0	0	0	0	0	0	0	0	0	0	0	0	28.154007	12.77792	166.58406	166.55011	0	0	0	0	0	0	0	0	0	0	0	0	0
genomad_k141_380859	0	0	0	0	0	0	0	0	0	0	0	0	0	0	0	0	0	0	0	0	0	0	0	0	0	0	0	0	0	0	0	0	0	9.2546425	0	0	0	0	0	0	0	0	0	0	0	0	0
genomad_k141_2758045	0	0	0	0	0	0	0	0	0	0	0	0	0	0	0	0	0	0	0	0	0	0	0	0	0	0	0	0	0	0	0	0	0	10.477816	0	0	0	0	0	0	0	0	0	0	0	0	0
genomad_k141_915611	0	0	0	0	0	0	0	0	0	0	0	0	0	0	0	0	0	0	0	0	0	0	0	0	0	0	0	0	0	0	136.53214	144.65523	0	0	0	0	0	0	0	0	0	0	0	0	0	0	0
genomad_k141_1094166	0	0	0	0	0	0	0	0	0	0	0	0	0	0	0	0	0	0	0	0	0	0	0	0	0	0	0	0	0	0	0	0	36.23647	105.34871	0	0	0	0	0	0	0	0	0	0	0	0	0
genomad_k141_142257	0	0	0	0	0	0	0	0	0	0	0	0	0	0	0	0	0	0	0	0	0	0	0	0	0	0	0	0	0	0	0	98.71209	0	0	0	0	0	0	0	0	0	0	0	0	0	0	0
genomad_k141_3056013	0	0	0	0	0	0	0	0	0	0	0	0	0	0	0	0	0	0	0	0	0	0	0	0	0	0	0	0	0	0	0	0	55.460396	0	0	0	0	0	0	0	0	0	0	0	0	0	0
genomad_k141_558052	0	0	0	0	0	0	0	0	0	0	0	0	0	0	0	0	0	0	0	0	0	0	0	0	0	0	0	0	0	0	0	0	0	23.07716	0	0	0	0	0	0	0	0	0	0	0	0	0
genomad_k141_1153947	0	0	0	0	0	0	0	0	0	0	0	0	0	0	0	0	0	0	0	0	0	0	0	0	0	0	0	0	0	0	34.595936	20.978695	0	0	0	0	0	0	0	0	0	0	0	0	0	0	0
genomad_k141_200979	0	0	0	0	0	0	0	0	0	0	0	0	0	0	0	0	0	0	0	0	0	0	0	0	0	0	0	0	0	0	0	0	0	13.545513	0	0	0	0	0	0	0	0	0	0	0	0	0
genomad_k141_1688013	0	0	0	0	0	0	0	5208.17	0	0	0	417.1056	0	0	0	0	0	0	0	0	0	0	0	0	0	0	0	0	0	0	6251.609	6992.439	403.14063	387.8403	0	152.9025	0	0	0	0	0	312.75748	319.71042	0	0	0	0
genomad_k141_3293494	0	0	0	0	0	0	0	0	0	0	0	0	0	0	0	0	0	0	0	0	0	0	0	0	0	0	0	0	0	0	0	0	0	41.858994	0	0	0	0	0	0	0	0	0	0	0	0	0
genomad_k141_1866291	0	0	0	0	0	0	0	0	0	0	0	0	0	0	0	0	0	0	0	0	0	0	0	0	0	0	0	0	0	0	0	0	0	7.256932	0	0	0	0	0	0	0	0	0	0	0	0	0
genomad_k141_3472873	0	0	0	0	0	0	0	0	0	0	0	0	0	0	0	0	0	0	0	0	0	0	0	0	0	0	0	0	0	0	0	0	0	0	0	0	0	0	0	0	0	0	0	0	0	0	0
genomad_k141_3174913	0	0	0	0	0	0	0	0	0	0	0	0	0	0	0	0	0	0	0	0	0	0	0	0	0	0	0	0	0	0	38.290367	0	0	4.584403	0	0	0	0	0	0	0	0	0	0	0	0	0
genomad_k141_1510626	0	0	0	0	0	0	0	0	0	0	0	0	0	0	0	0	0	0	0	0	0	0	0	0	0	0	0	0	0	0	0	0	33.863148	0	0	0	0	0	0	0	0	0	0	0	0	0	0
genomad_k141_3412443	0	0	0	0	0	0	0	0	0	0	0	0	0	0	0	0	0	0	0	0	0	0	0	0	0	0	0	0	0	0	0	0	0	8.371749	0	0	0	0	0	0	0	0	0	0	0	0	0
genomad_k141_3531141	0	0	0	0	0	0	0	0	0	0	0	0	0	0	0	0	0	0	0	0	0	0	0	0	0	0	0	0	0	0	0	28.181932	0	0	0	0	0	0	0	0	0	0	0	0	0	0	0
genomad_k141_261563	0	0	0	0	0	0	0	1669.6676	0	0	0	0	0	0	0	0	0	0	0	0	0	0	0	0	0	0	0	0	0	0	2943.143	2927.6528	135.73248	110.64336	0	56.309887	0	0	0	0	0	0	0	0	0	0	0
genomad_k141_1212613	0	0	0	0	0	0	0	0	0	0	0	0	0	0	0	0	0	0	0	0	0	0	0	0	0	0	0	0	0	0	0	0	56.33255	11.277951	0	0	0	0	0	0	0	0	0	0	0	0	0
genomad_k141_1034413	0	0	0	0	0	0	0	0	0	0	0	0	0	0	0	0	0	0	0	0	0	0	0	0	0	0	0	0	0	0	62.44359	119.939835	0	13.374717	0	0	0	0	0	0	0	0	0	0	0	0	0
genomad_k141_618552	0	0	0	0	0	0	0	0	0	0	0	0	0	0	0	0	0	0	0	0	0	0	0	0	0	0	0	0	0	0	0	0	0	14.498355	0	0	0	0	0	0	0	0	0	0	0	0	0
genomad_k141_3412524	0	0	0	0	0	0	0	0	0	0	0	0	0	0	0	0	0	0	0	0	0	0	0	0	0	0	0	0	0	0	0	0	0	6.3437405	0	0	0	0	0	0	0	0	0	0	0	0	0
genomad_k141_3234360	0	0	0	0	0	0	0	0	0	0	0	0	0	0	0	0	0	0	0	0	0	0	0	0	0	0	0	0	0	0	0	0	33.95854	20.93501	0	0	0	0	0	0	0	0	0	0	0	0	0
genomad_k141_1629509	0	0	0	0	0	0	0	0	0	0	0	0	0	0	0	0	0	0	0	0	0	0	0	0	0	0	0	0	0	0	0	0	24.790558	20.111944	0	0	0	0	0	0	0	0	0	0	0	0	0
genomad_k141_3412560	0	0	0	0	0	0	0	0	0	0	0	0	0	0	0	0	0	0	0	0	0	0	0	0	0	0	0	0	0	0	98.827065	23.948193	0	0	0	0	0	0	0	0	0	0	0	0	0	0	0
genomad_k141_3412573	0	0	0	0	0	0	0	0	0	0	0	0	0	0	0	0	0	0	0	0	0	0	0	0	0	0	0	0	0	0	0	0	62.02869	12.112975	0	0	0	0	0	0	0	0	0	0	0	0	0
genomad_k141_1450771	0	0	0	0	0	0	0	0	0	0	0	0	0	0	0	0	0	0	0	0	0	0	0	0	0	0	0	0	0	0	0	0	203.29277	0	0	0	0	0	0	0	0	0	0	0	0	0	0
genomad_k141_3531300	0	0	0	0	0	0	0	0	0	0	0	0	0	0	0	0	0	0	0	0	0	0	0	0	0	0	0	0	0	0	33.341457	31.277363	0	0	0	0	0	0	0	0	0	0	0	0	0	0	0
genomad_k141_1985639	0	0	0	0	0	0	0	0	0	0	0	0	0	0	0	0	0	0	0	0	0	0	0	0	0	0	0	0	0	0	0	0	100.18981	2.3446383	0	0	0	0	0	0	0	0	0	0	0	0	0
genomad_k141_3771009	0	0	0	0	0	0	0	0	0	0	0	0	0	0	0	0	0	0	0	0	0	0	0	0	0	0	0	0	0	0	133.15883	7.2099247	0	0	0	0	0	0	0	0	0	0	0	0	0	0	0
genomad_k141_737975	0	0	0	0	0	0	0	0	0	0	0	0	0	0	0	0	0	0	0	0	0	0	0	0	0	0	0	0	0	0	0	0	0	14.488634	0	0	0	0	0	0	0	0	0	0	0	0	0
genomad_k141_2640620	0	0	0	0	0	0	0	0	0	0	0	0	0	0	0	0	0	0	0	0	0	0	0	0	0	0	0	0	0	0	0	0	0	0	233.79166	91.37623	0	0	0	0	0	0	0	0	0	0	0
genomad_k141_142577	0	0	0	0	0	0	0	0	0	0	0	0	0	0	0	0	0	0	0	0	0	0	0	0	0	0	0	0	0	0	0	0	18.018908	49.03099	0	0	0	0	0	0	0	0	0	0	0	0	0
genomad_k141_2402752	0	0	0	0	0	0	0	0	0	0	0	0	0	0	0	0	0	0	0	0	0	0	0	0	0	0	0	0	0	0	19.697542	24.336746	0	0	0	0	0	0	0	0	0	0	0	0	0	0	0
genomad_k141_3771088	0	0	0	0	0	0	0	0	0	0	0	0	0	0	0	0	0	0	0	0	0	0	0	0	0	0	0	0	0	0	0	27.9571	0	0	0	0	0	0	0	0	0	0	0	0	0	0	0
genomad_k141_1866724	0	0	0	0	0	0	0	0	0	0	0	0	0	0	0	0	0	0	0	0	0	0	0	0	0	0	0	0	0	0	188.84642	107.68201	0	0	0	0	0	0	0	0	0	0	0	0	0	0	0
genomad_k141_1094645	0	0	0	0	0	0	0	0	0	0	0	0	0	0	0	0	0	0	0	0	0	0	0	0	0	0	0	0	0	0	0	42.023563	0	6.0229974	0	0	0	0	0	0	0	0	0	0	0	0	0
genomad_k141_2402773	0	0	0	0	0	0	0	0	0	0	0	0	0	0	0	0	0	0	0	0	0	0	0	0	0	0	0	0	0	0	0	0	41.55618	21.321785	0	0	0	0	0	0	0	0	0	0	0	0	0
genomad_k141_3056402	0	0	0	0	0	0	0	0	0	0	0	0	0	0	0	0	0	0	0	0	0	0	0	0	0	0	0	0	0	0	0	31.927807	0	28.027906	0	0	0	0	0	0	0	0	0	0	0	0	0
genomad_k141_618868	0	0	0	0	0	0	0	0	0	0	0	0	0	0	0	0	0	0	0	0	0	0	0	0	0	0	0	0	0	0	0	0	0	0	0	81.994125	0	0	0	0	0	0	0	0	0	0	0
genomad_k141_2045702	0	0	0	0	0	0	0	0	0	0	0	0	0	0	0	0	0	0	0	0	0	2040.4746	0	0	0	0	0	9440.664	0	0	0	0	0	0	0	0	0	0	0	0	0	0	0	0	0	0	0
genomad_k141_142707	0	0	0	0	0	0	0	0	0	0	0	0	0	0	0	0	0	0	0	0	0	0	0	0	0	0	0	0	0	0	0	35.55918	0	0	0	0	0	0	0	0	0	0	0	0	0	0	0
genomad_k141_1154443	0	0	0	0	0	0	0	0	0	0	0	0	0	0	0	0	0	0	0	0	0	0	0	0	0	0	0	0	0	0	0	0	35.331997	12.598942	0	0	0	0	0	0	0	0	0	0	0	0	0
genomad_k141_1094716	0	0	0	0	0	0	0	0	0	0	0	0	0	0	0	0	0	0	0	0	0	0	0	0	0	0	0	0	0	0	33.302704	99.985	0	14.84369	0	0	0	0	0	0	0	0	0	0	0	0	0
genomad_k141_1332741	0	0	0	0	0	0	0	823.47473	0	0	0	0	0	0	0	0	0	0	0	0	0	0	0	0	0	0	0	0	0	0	1141.981	793.70435	0	6.754384	0	0	0	0	0	0	0	0	0	0	0	0	0
genomad_k141_558593	0	0	0	0	0	0	0	0	0	0	0	0	0	0	0	0	0	0	0	0	0	0	0	0	0	0	0	0	0	0	0	0	43.51894	25.748106	0	0	0	0	0	0	0	0	0	0	0	0	0
genomad_k141_3651493	0	0	0	0	0	0	0	0	0	0	0	0	0	0	0	0	0	0	0	0	0	0	0	0	0	0	0	0	0	0	0	0	0	19.180687	0	0	0	0	0	0	0	0	0	0	0	0	0
genomad_k141_3531571	0	0	0	0	0	0	0	0	0	0	0	0	254.8961	0	0	0	0	0	0	0	0	0	0	0	0	0	0	0	0	0	0	0	0	0	0	0	0	0	0	0	0	0	0	0	0	0	0
genomad_k141_1392226	0	0	0	0	0	0	0	0	0	0	0	0	0	0	0	0	0	0	0	0	0	0	0	0	0	0	0	0	0	0	0	118.64341	0	0	0	0	0	0	0	0	0	0	0	0	0	0	0
genomad_k141_381374	0	0	0	0	0	0	0	0	0	0	0	0	0	0	0	0	0	0	0	0	0	0	0	0	0	0	0	0	0	0	0	0	80.47275	87.64098	0	43.751766	0	0	0	0	0	0	0	0	0	0	0
genomad_k141_3771221	0	0	0	0	0	0	0	0	0	0	0	0	0	0	0	0	0	0	0	0	0	0	0	0	0	0	0	0	0	0	0	0	23.740778	16.68222	0	0	0	0	0	0	0	0	0	0	0	0	0
genomad_k141_3412886	0	0	0	0	0	0	0	0	0	0	0	0	0	0	0	0	1214.719	1226.3359	0	0	0	0	0	0	0	0	0	0	0	0	0	0	0	0	0	0	0	0	0	0	0	0	0	0	0	0	0
genomad_k141_857546	0	0	0	0	0	0	0	0	0	0	0	0	0	0	0	0	0	0	0	0	0	0	0	0	0	0	0	0	0	0	0	0	0	5.758677	0	0	0	0	0	0	0	0	0	0	0	0	0
genomad_k141_1332818	0	0	0	0	0	0	0	0	0	0	0	0	0	0	0	0	0	0	0	0	0	0	0	0	0	0	0	0	0	0	0	185.1493	0	4.316035	0	0	0	0	0	0	0	0	0	0	0	0	0
genomad_k141_857568	0	0	0	0	0	0	0	0	0	0	0	0	0	0	0	0	0	0	0	0	0	0	0	0	0	0	0	0	0	0	0	0	0	28.544523	0	0	0	0	0	0	0	0	0	0	0	0	0
genomad_k141_2521721	0	0	0	0	0	0	0	0	0	0	0	0	0	0	0	0	0	0	0	0	0	0	0	0	0	0	0	0	0	0	0	0	0	0	0	0	0	0	0	0	0	0	0	0	0	0	123.776886
genomad_k141_3473363	0	0	0	0	0	0	0	0	0	0	0	0	0	0	0	0	0	0	0	0	0	0	0	0	0	0	0	0	0	0	0	0	73.33426	6.3831916	0	0	0	0	0	0	0	0	0	0	0	0	0
genomad_k141_3116323	0	0	0	0	0	0	0	0	0	0	0	0	0	0	0	0	0	0	0	0	0	0	0	0	0	0	0	0	0	0	0	0	18.50706	7.4860787	0	0	0	0	0	0	0	0	0	0	0	0	0
genomad_k141_2223778	0	0	0	0	0	0	0	0	0	0	0	0	0	0	0	0	0	0	0	0	0	0	0	0	0	0	0	0	0	0	0	0	0	81.864525	0	0	0	0	0	0	0	0	0	0	0	0	0
genomad_k141_2699388	0	0	0	0	0	0	0	0	0	0	0	0	0	0	0	0	0	0	0	0	0	0	0	0	0	0	0	0	0	0	0	0	0	56.291042	0	0	0	0	0	0	0	0	0	0	0	0	0
genomad_k141_1867026	0	0	0	0	0	0	0	0	0	0	0	0	0	0	0	0	0	0	0	0	0	0	0	0	0	0	0	0	0	0	0	0	53.53719	10.365199	0	0	0	0	0	0	0	0	0	0	0	0	0
genomad_k141_1570294	0	0	0	0	0	0	0	0	0	0	0	0	0	0	0	0	0	0	0	0	0	0	0	0	0	0	0	0	0	0	0	0	0	4.5809474	0	0	0	0	0	0	0	0	0	0	0	0	0
genomad_k141_3711500	0	0	0	0	0	0	0	0	0	0	0	0	0	0	0	0	0	0	0	0	0	0	0	0	0	0	0	0	0	0	0	0	0	20.660501	0	0	0	0	0	0	0	0	0	0	0	0	0
genomad_k141_3175522	0	0	0	0	0	0	0	0	0	0	0	0	0	0	0	0	0	0	0	0	0	0	0	0	0	0	0	0	221.35243	0	0	0	0	0	0	0	0	0	0	0	0	0	0	0	0	0	0
genomad_k141_558816	0	0	0	0	0	0	0	0	0	0	0	0	0	0	0	0	0	0	0	0	0	0	0	0	0	0	0	0	0	0	0	0	126.21066	4.546195	0	0	0	0	0	0	0	0	0	0	0	0	0
genomad_k141_1271536	0	0	0	0	0	0	0	0	0	0	0	0	0	0	0	0	0	0	0	0	0	0	0	0	0	0	0	0	0	0	0	0	25.21136	39.038967	0	0	0	0	0	0	0	0	0	0	0	0	0
genomad_k141_2699442	0	0	0	0	0	0	0	0	0	0	0	0	0	0	0	0	0	0	0	0	0	0	0	0	0	0	0	0	0	0	0	0	64.0992	0	0	0	0	0	0	0	0	0	0	0	0	0	0
genomad_k141_3413077	0	0	0	0	0	0	0	0	0	0	0	0	0	0	0	0	0	0	0	0	0	0	0	0	0	0	0	0	0	0	0	0	18.612675	34.620186	0	0	0	0	0	0	0	0	0	0	0	0	0
genomad_k141_2938063	0	0	0	0	0	0	0	0	0	0	0	0	0	0	0	0	0	0	0	0	0	0	0	0	0	0	0	0	0	0	0	0	0	11.096505	0	0	0	0	0	0	0	0	0	0	0	0	0
genomad_k141_2521894	0	0	0	0	0	0	0	0	0	0	0	0	0	0	0	0	0	0	0	0	0	0	0	0	0	0	0	0	0	0	0	0	38.755875	31.15955	0	0	0	0	0	0	0	0	0	0	0	0	0
genomad_k141_2164086	0	0	0	0	0	0	0	0	0	0	0	0	0	0	0	0	0	0	0	0	0	0	0	0	0	0	0	0	0	0	0	0	67.60143	104.77855	0	0	0	0	0	0	0	0	0	0	0	0	0
genomad_k141_796236	0	0	0	0	0	0	0	0	0	0	0	0	0	0	0	0	0	0	0	0	0	0	0	0	0	0	0	0	0	0	0	0	0	18.837524	0	0	0	0	0	0	0	0	0	0	0	0	0
genomad_k141_1748696	0	0	0	0	0	0	0	0	0	0	0	0	0	0	0	0	0	0	0	0	0	0	0	0	0	0	0	0	0	0	0	0	0	21.81547	0	0	0	0	0	0	0	0	0	0	0	0	0
genomad_k141_1154849	0	0	0	0	0	0	0	0	0	0	0	0	0	0	0	0	0	0	0	0	0	0	0	0	0	0	0	0	0	0	0	0	57.186764	123.931915	0	0	0	0	0	0	0	0	0	0	0	0	0
genomad_k141_2284081	0	0	0	0	0	0	0	0	0	0	0	0	0	0	0	0	0	0	0	0	0	0	0	0	0	0	0	0	0	0	0	0	263.84833	73.3568	0	55.019463	0	0	0	0	0	0	0	0	0	0	0
genomad_k141_3592342	0	0	0	0	0	0	0	0	0	0	0	0	0	0	0	0	1115.483	1122.8068	0	0	0	0	0	0	0	0	0	0	0	0	0	0	0	0	0	0	0	0	522.0453	708.6482	0	0	0	0	0	0	0
genomad_k141_2284108	1804.646	1749.5688	0	0	0	0	0	0	0	0	0	0	0	0	0	0	0	0	0	0	0	0	0	0	0	0	0	0	0	0	0	0	0	0	0	0	0	0	7663.057	7965.561	0	0	0	0	0	0	0
genomad_k141_916653	0	0	0	0	0	0	0	0	0	0	0	0	0	0	0	0	0	0	0	0	0	0	0	0	0	0	0	0	63.41357	0	0	0	0	0	0	0	0	0	0	0	0	0	0	0	0	0	0
genomad_k141_1926095	0	0	0	0	0	0	0	0	0	0	0	0	0	0	0	0	0	0	0	0	0	0	0	0	0	0	0	0	0	0	0	0	0	9.744761	0	0	0	0	0	0	0	0	0	0	0	0	0
genomad_k141_1154900	0	0	0	0	0	0	0	0	0	0	0	0	51.072914	0	0	0	0	0	0	0	0	0	0	0	0	0	0	0	0	0	0	0	0	0	0	0	0	0	0	0	0	0	0	0	0	0	0
genomad_k141_442124	0	0	0	0	0	0	0	0	0	0	0	0	0	0	0	0	0	0	0	0	0	0	0	0	0	0	0	0	0	0	0	40.06423	0	0	0	0	0	0	0	0	0	0	0	0	0	0	0
genomad_k141_3771617	0	0	0	0	0	0	0	0	0	0	0	0	0	0	0	0	0	0	0	0	0	0	0	0	0	0	0	0	0	0	0	0	0	11.211033	0	0	0	0	0	0	0	0	0	0	0	0	0
genomad_k141_2758943	0	0	0	0	0	0	0	0	0	0	0	0	0	0	0	0	0	0	0	0	0	0	0	0	0	0	0	0	0	0	0	26.531427	0	0	0	0	0	0	0	0	0	0	0	0	0	0	0
genomad_k141_2461878	0	0	0	0	0	0	0	0	0	0	0	0	0	0	0	0	0	0	0	0	0	0	0	0	0	0	0	0	0	0	0	0	0	16.165129	0	0	0	0	0	0	0	0	0	0	0	0	0
genomad_k141_24467	0	0	0	0	0	0	0	0	0	0	0	0	0	0	0	0	0	0	0	0	0	0	0	0	0	0	0	0	0	0	0	0	0	10.69684	0	0	0	0	0	0	0	0	0	0	0	0	0
genomad_k141_1748811	0	0	0	0	0	0	0	0	0	0	0	0	53.119427	0	0	0	0	0	0	0	0	0	0	0	0	0	0	0	0	0	0	0	0	0	0	0	0	0	0	0	0	0	0	0	0	0	0
genomad_k141_1213505	0	0	0	0	0	0	0	0	0	0	0	0	0	0	0	0	0	0	0	0	0	0	0	0	0	0	0	0	0	0	0	0	0	36.77673	0	0	0	0	0	0	0	0	0	0	0	0	0
genomad_k141_500807	0	0	0	0	0	0	0	0	0	0	0	0	0	0	0	0	0	0	0	0	0	0	0	0	0	0	0	0	0	0	180.18593	383.4004	0	16.511812	0	0	0	0	0	0	0	0	0	0	0	0	0
genomad_k141_381842	0	0	0	0	0	0	0	0	0	0	0	0	0	0	0	0	0	0	0	0	0	0	0	0	0	0	0	0	0	0	52.40046	32.180355	0	0	0	0	0	0	0	0	0	0	0	0	0	0	0
genomad_k141_2046243	0	0	0	0	0	0	0	0	0	0	0	0	0	0	0	0	0	0	0	0	0	0	0	0	0	0	0	0	0	0	0	0	0	0	0	109.34375	0	0	0	0	0	0	0	0	0	0	0
genomad_k141_2224087	0	0	0	0	0	0	0	0	0	0	0	0	0	0	0	0	0	0	0	0	0	0	0	0	0	0	0	0	0	0	0	67.52532	0	0	0	0	0	0	0	0	0	0	0	0	0	0	0
genomad_k141_796367	0	0	0	0	0	0	0	0	0	0	0	0	394.2565	0	0	0	0	0	0	0	0	0	0	0	0	0	0	0	0	0	0	0	0	0	0	0	0	0	0	0	0	0	0	0	0	0	0
genomad_k141_1271725	0	0	0	0	0	0	0	0	0	0	0	0	0	0	0	0	0	0	0	0	0	0	0	0	0	0	0	0	0	0	0	0	64.16579	178.7794	0	0	0	0	0	0	0	0	0	0	0	0	0
genomad_k141_1808277	0	0	0	0	0	0	0	0	0	0	0	0	0	0	0	0	0	0	0	0	0	0	0	0	0	0	0	0	0	0	0	0	0	22.907724	0	0	0	0	0	0	0	0	0	0	0	0	0
genomad_k141_262490	0	0	0	0	0	0	0	0	0	0	0	0	0	0	0	0	0	0	0	0	0	0	0	0	0	0	0	0	0	0	0	0	0	0	0	137.39607	0	0	0	0	0	0	0	0	0	0	0
genomad_k141_2818234	0	0	0	0	0	0	0	0	0	0	0	0	0	0	0	0	0	0	0	0	0	0	0	0	0	0	0	0	0	0	0	14.030581	0	3.753996	0	0	0	0	0	0	0	0	0	0	0	0	0
genomad_k141_2403358	0	0	0	0	0	0	0	0	0	0	0	0	0	0	0	0	0	0	0	0	0	0	0	0	0	0	0	0	0	0	0	0	41.867805	60.03662	0	0	0	0	0	0	0	0	0	0	0	0	0
genomad_k141_2284226	0	0	0	0	0	0	0	0	0	0	0	0	60.418087	0	0	0	0	0	0	0	0	0	0	0	0	0	0	0	0	0	0	0	0	0	0	0	0	0	0	0	0	0	0	0	0	0	0
genomad_k141_1926298	0	0	0	0	0	0	0	0	0	0	0	0	0	0	0	0	1379.2124	1374.5342	0	0	0	0	0	0	0	0	0	0	0	0	0	0	0	0	0	0	0	0	0	0	0	0	0	0	0	0	0
genomad_k141_2998076	0	0	0	0	0	0	0	0	0	0	0	0	0	0	0	0	0	0	0	0	0	0	0	0	0	0	0	0	0	0	0	0	0	8.362429	0	0	0	0	0	0	0	0	0	0	0	0	0
genomad_k141_2462065	0	0	0	0	0	0	0	0	0	0	0	0	0	0	0	0	0	0	0	0	0	0	0	0	0	0	0	0	0	0	0	0	0	0	0	149.35918	0	0	0	0	0	0	0	0	0	0	0
genomad_k141_321806	0	0	0	0	0	0	0	0	0	0	0	0	0	0	0	0	0	0	0	0	0	0	0	0	0	0	0	0	0	0	0	0	0	8.79747	0	0	0	0	0	0	0	0	0	0	0	0	0
genomad_k141_1155134	0	0	0	0	0	0	0	0	0	0	0	0	0	0	0	0	0	0	0	0	0	0	0	0	0	0	0	0	0	0	0	0	0	14.215131	0	0	0	0	0	0	0	0	0	0	0	0	0
genomad_k141_3413428	0	0	0	0	0	0	0	0	0	0	0	0	0	0	0	0	0	0	0	0	0	0	0	0	0	0	0	0	0	0	0	54.123028	0	0	0	0	0	0	0	0	0	0	0	0	0	0	0
genomad_k141_143427	0	0	0	0	0	0	0	0	0	0	0	0	0	0	0	0	0	0	0	0	0	0	0	0	0	0	0	0	0	0	0	0	28.970572	29.469627	0	0	0	0	0	0	0	0	0	0	0	0	0
genomad_k141_2522161	0	0	0	0	0	0	0	0	0	0	0	0	0	0	0	0	0	0	0	0	0	0	0	0	0	0	0	0	0	0	31.14096	37.739098	0	0	0	0	0	0	0	0	0	0	0	0	0	0	0
genomad_k141_3294692	0	0	0	0	0	0	0	0	0	0	0	0	0	0	0	0	0	0	0	0	0	0	0	0	0	0	0	0	0	0	0	41.31256	276.92435	319.15945	0	163.80684	0	0	0	0	0	0	0	0	0	0	0
genomad_k141_442304	0	0	0	0	0	0	0	0	0	0	0	0	0	0	0	0	0	0	0	0	0	0	0	0	0	0	0	0	123.94107	79.22308	0	0	0	0	0	0	0	0	0	0	0	0	0	0	0	0	0
genomad_k141_321858	0	0	0	0	0	0	0	0	0	0	0	0	0	0	0	0	0	0	0	0	0	0	0	0	0	0	0	0	0	0	0	0	106.2581	65.52135	0	90.931274	0	0	0	0	0	0	0	0	0	0	0
genomad_k141_796474	0	0	0	0	0	0	0	0	0	0	0	0	0	0	0	0	0	0	0	0	0	0	0	0	0	0	0	0	0	0	0	0	59.18651	6.045352	0	0	0	0	0	0	0	0	0	0	0	0	0
genomad_k141_321891	691.98425	654.36914	0	0	0	0	0	0	0	0	0	0	0	0	0	0	482.62057	451.47775	0	0	0	0	0	0	0	0	0	0	0	0	0	0	0	0	0	0	0	0	0	0	0	0	0	0	0	0	0
genomad_k141_3176016	0	0	0	0	0	0	0	0	0	0	0	0	29.132803	0	0	0	0	0	0	0	0	0	0	0	0	0	0	0	0	0	0	0	0	0	0	0	0	0	0	0	0	0	0	0	0	0	0
genomad_k141_1749019	0	0	0	0	0	0	0	0	0	0	0	0	0	0	0	0	0	0	0	0	0	0	0	0	0	0	0	0	0	0	0	0	243.3733	57.651146	0	30.80214	0	0	0	0	0	0	0	0	0	0	0
genomad_k141_3176019	0	0	0	0	0	0	0	0	0	0	0	0	0	0	0	0	0	0	0	0	0	0	0	0	0	0	0	0	0	0	19.173883	28.66839	0	0	0	0	0	0	0	0	0	0	0	0	0	0	0
genomad_k141_796485	0	0	0	0	0	0	0	0	0	0	0	0	0	0	0	0	0	0	0	0	0	0	0	0	0	0	0	0	0	0	608.71204	0	0	0	0	0	0	0	0	0	0	0	0	0	0	0	0
genomad_k141_1630517	0	0	0	0	0	0	0	0	0	0	0	0	0	0	0	0	0	0	0	0	0	0	0	0	0	0	0	0	0	0	0	0	54.812546	0	0	0	0	0	0	0	0	0	0	0	0	0	0
genomad_k141_1393001	0	0	0	0	0	0	0	0	0	0	0	0	44.684444	0	0	0	0	0	0	0	0	0	0	0	0	0	0	0	0	0	0	0	0	0	0	0	0	0	0	0	0	0	0	0	0	0	0
genomad_k141_2403595	0	0	0	0	0	0	0	0	0	0	0	0	0	0	0	0	0	0	0	0	0	0	0	0	0	0	0	0	0	0	0	0	13.136279	12.928241	0	0	0	0	0	0	0	0	0	0	0	0	0
genomad_k141_738980	0	0	0	0	0	0	0	0	0	0	0	0	0	0	0	0	0	0	0	0	0	0	0	0	0	0	0	0	0	0	0	62.627506	0	0	0	0	0	0	0	0	0	0	0	0	0	0	0
genomad_k141_2403612	0	0	0	0	0	0	0	0	0	0	0	0	0	0	0	0	0	0	0	0	0	0	0	0	0	0	0	0	0	0	0	0	0	8.776081	0	0	0	0	0	0	0	0	0	0	0	0	0
genomad_k141_202405	0	0	0	0	0	0	0	0	0	0	0	0	0	0	0	0	0	0	0	0	0	2238.4844	0	0	0	0	0	0	0	0	0	0	0	0	0	0	0	0	0	0	0	0	0	0	0	0	0
genomad_k141_738993	0	0	0	0	0	0	0	0	0	0	0	0	0	0	0	0	0	0	0	0	0	0	0	0	0	0	0	0	0	0	88.64947	42.30473	0	0	0	0	0	0	0	0	0	0	0	0	0	0	0
genomad_k141_3176104	0	0	0	0	0	0	0	0	0	0	0	0	0	0	0	0	0	0	0	0	0	0	0	0	0	0	0	0	0	0	0	0	0	14.943751	0	0	0	0	0	0	0	0	0	0	0	0	0
genomad_k141_1630580	0	0	0	0	0	0	0	0	0	0	0	0	0	0	0	0	0	0	0	0	0	0	0	0	0	0	0	0	0	0	0	0	0	11.07988	0	0	0	0	0	0	0	0	0	0	0	0	0
genomad_k141_1570891	0	0	0	0	0	0	0	0	0	0	0	0	0	0	0	0	548.4598	547.0214	0	0	0	0	0	0	0	0	0	0	0	0	0	0	0	0	0	0	0	0	0	0	0	0	0	0	0	0	0
genomad_k141_2582125	0	0	0	0	0	0	0	0	0	0	0	0	0	0	0	0	0	0	0	0	0	0	0	0	0	0	0	0	0	0	0	0	0	19.770775	0	0	0	0	0	0	0	0	0	0	0	0	0
genomad_k141_1095509	0	0	0	0	0	0	0	0	0	0	0	0	0	0	0	0	807.2634	857.3881	0	0	0	0	0	0	0	0	0	0	0	0	0	0	0	0	0	0	0	0	0	0	0	0	0	0	0	0	0
genomad_k141_442516	0	0	0	0	0	0	0	0	0	0	0	0	179.81763	0	0	0	0	0	0	0	0	0	0	0	0	0	0	0	0	0	0	0	0	0	0	0	0	0	0	0	0	0	0	0	0	0	0
genomad_k141_1095518	0	0	0	0	0	0	0	0	0	0	0	0	0	0	0	0	0	0	0	0	0	0	0	0	0	0	0	0	0	0	0	0	22.028736	11.402067	0	0	0	0	0	0	0	0	0	0	0	0	0
genomad_k141_917239	0	0	0	0	0	0	0	0	0	0	0	0	0	0	0	0	0	0	0	0	0	0	0	0	0	0	0	0	0	0	0	0	29.340185	9.25872	0	0	0	0	0	0	0	0	0	0	0	0	0
genomad_k141_3057394	0	0	0	0	0	0	0	0	0	0	0	0	0	0	0	0	0	0	0	0	0	0	0	0	0	0	0	0	0	0	0	0	28.161562	10.60276	0	0	0	0	0	0	0	0	0	0	0	0	0
genomad_k141_2759473	0	0	0	0	0	0	0	0	0	0	0	0	0	0	0	0	0	0	0	0	0	0	0	0	0	0	0	0	0	0	88.87977	16.381384	0	0	0	0	0	0	0	0	0	0	0	0	0	0	0
genomad_k141_2164660	0	0	0	0	0	0	0	0	0	0	0	0	0	0	0	0	0	0	0	0	0	0	0	0	0	0	0	0	0	0	0	0	118.14692	0	0	0	0	0	0	0	0	0	0	0	0	0	0
genomad_k141_2878152	0	0	0	0	0	0	0	0	0	0	0	0	0	0	0	0	0	0	0	0	0	0	0	0	0	0	0	0	0	0	0	0	562.1471	635.0651	0	101.13749	0	0	0	0	0	0	0	0	0	0	0
genomad_k141_2284538	0	0	0	0	0	0	0	0	0	0	0	0	0	0	0	0	0	0	0	0	0	0	0	0	0	0	0	0	0	0	390.78378	100.60053	0	0	0	0	0	0	0	0	0	0	0	0	0	0	0
genomad_k141_1926651	0	0	0	0	0	0	0	0	0	0	0	0	0	0	0	0	0	0	0	0	0	0	0	0	0	0	0	0	0	0	0	0	248.53596	207.70665	0	0	0	0	0	0	0	0	0	0	0	0	0
genomad_k141_382269	0	0	0	0	0	0	0	0	0	0	0	0	0	0	0	0	0	0	0	0	0	0	0	0	0	0	0	0	0	0	0	0	0	20.095947	0	0	0	0	0	0	0	0	0	0	0	0	0
genomad_k141_1571011	0	0	0	0	0	0	0	0	0	0	0	0	0	0	0	0	0	0	0	0	0	0	0	0	0	0	0	0	0	0	34.152092	51.217262	0	0	0	0	0	0	0	0	0	0	0	0	0	0	0
genomad_k141_1986822	0	0	0	0	0	0	0	0	0	0	0	0	0	0	0	0	0	0	0	0	0	0	0	0	0	0	0	0	212.05196	158.36159	0	0	0	0	0	0	0	0	0	0	0	0	0	0	0	0	0
genomad_k141_322277	0	0	0	0	0	0	0	0	0	0	0	0	0	0	0	0	0	0	0	0	0	0	0	0	0	0	0	0	0	0	0	0	0	16.73775	0	0	0	0	0	0	0	0	0	0	0	0	0
genomad_k141_1452113	0	0	0	0	0	0	0	0	0	0	0	0	0	0	0	0	0	0	0	0	0	0	0	0	0	0	0	0	0	0	0	0	0	0	0	408.29495	0	0	0	0	0	0	0	0	0	0	0
genomad_k141_1689486	0	0	0	0	0	0	0	0	0	0	0	0	0	0	0	0	0	0	0	0	0	0	0	0	0	0	0	0	0	0	0	0	0	50.00962	0	0	0	0	0	0	0	0	0	0	0	0	0
genomad_k141_3592965	0	0	0	0	0	0	0	0	0	0	0	0	0	0	0	0	402.137	345.00784	0	0	0	0	0	0	0	0	0	0	0	0	0	0	0	0	0	0	0	0	0	0	0	0	0	0	0	0	0
genomad_k141_2938854	0	0	0	0	0	0	0	0	0	0	0	0	0	0	0	0	0	0	0	0	0	0	0	0	0	0	0	0	0	0	0	0	37.637245	89.019264	0	30.621748	0	0	0	0	0	0	0	0	0	0	0
genomad_k141_143824	0	0	0	0	0	0	0	0	0	0	0	0	0	0	0	0	0	0	0	0	0	0	0	0	0	0	0	0	336.0411	0	0	0	0	0	0	0	0	0	0	0	0	0	0	0	0	0	0
genomad_k141_3593011	0	0	0	0	0	0	0	0	0	0	0	0	0	0	0	0	0	0	0	0	0	0	0	0	0	0	0	0	0	0	0	0	0	27.440166	0	0	0	0	0	0	0	0	0	0	0	0	0
genomad_k141_2284704	0	0	0	0	0	0	0	0	0	0	0	0	0	0	0	0	0	0	0	0	0	0	0	0	0	0	0	0	0	0	0	0	25.405415	43.326214	0	0	0	0	0	0	0	0	0	0	0	0	0
genomad_k141_3712388	0	0	0	0	0	0	0	0	0	0	0	0	0	0	0	0	0	0	0	0	0	0	0	0	0	0	0	0	0	0	0	0	0	7.8314304	0	0	0	0	0	0	0	0	0	0	0	0	0
genomad_k141_1272385	0	0	0	0	0	0	0	0	0	0	0	0	0	0	0	0	0	0	0	0	0	0	0	0	0	0	0	0	0	0	57.647846	54.075912	106.28863	186.65608	0	0	0	0	0	0	0	0	0	0	0	0	0
genomad_k141_2224684	0	0	0	0	0	0	0	0	0	0	0	0	0	0	0	0	0	0	0	0	0	0	0	0	0	0	0	0	0	0	0	0	0	0	0	112.79985	0	0	0	0	0	0	0	0	0	0	0
genomad_k141_739384	0	0	0	0	0	0	0	0	0	0	0	0	0	0	0	0	0	0	0	0	0	0	0	0	0	0	0	0	0	0	0	0	0	12.949005	0	0	0	0	0	0	0	0	0	0	0	0	0
genomad_k141_3474366	0	0	0	0	0	0	0	0	0	0	0	0	0	0	0	0	0	0	0	0	0	0	0	0	0	0	0	0	0	0	0	0	22.327997	28.097898	0	0	0	0	0	0	0	0	0	0	0	0	0
genomad_k141_202818	0	0	0	0	0	0	0	0	0	0	0	0	0	0	0	0	0	0	0	0	0	0	0	0	0	0	0	0	0	0	0	0	0	22.291616	0	0	0	0	0	0	0	0	0	0	0	0	0
genomad_k141_2224710	0	0	0	0	0	0	0	0	0	0	0	0	0	0	0	0	0	0	0	0	0	0	0	0	0	0	0	0	0	0	0	0	37.51277	12.887884	0	0	0	0	0	0	0	0	0	0	0	0	0
genomad_k141_1393489	0	0	0	0	0	0	0	0	0	0	0	0	0	0	0	0	0	0	0	0	0	0	0	0	0	0	0	0	0	0	0	0	43.265976	17.23691	0	0	0	0	0	0	0	0	0	0	0	0	0
genomad_k141_2759739	0	0	0	0	0	0	0	0	0	0	0	0	0	0	0	0	0	0	0	0	0	0	0	0	0	0	0	0	0	0	0	0	0	13.584426	0	0	0	0	0	0	0	0	0	0	0	0	0
genomad_k141_1749645	0	0	0	0	0	0	0	0	0	0	0	0	0	0	0	0	0	0	0	0	0	0	0	0	0	0	0	0	0	0	0	0	0	15.226758	0	0	0	0	0	0	0	0	0	0	0	0	0
genomad_k141_2345001	0	0	0	0	0	0	0	0	0	0	0	0	0	0	0	0	0	0	0	0	0	0	0	0	0	0	0	0	0	0	0	0	0	24.747726	0	0	0	0	0	0	0	0	0	0	0	0	0
genomad_k141_2165004	0	0	0	0	0	0	0	0	0	0	0	0	0	0	0	0	0	0	0	0	0	0	0	0	0	0	0	0	0	0	0	45.418148	0	0	0	0	0	0	0	0	0	0	0	0	0	0	0
genomad_k141_1809051	0	0	0	0	0	0	0	0	0	0	0	0	0	0	0	0	0	0	0	0	0	0	0	0	0	0	0	0	0	0	0	0	0	8.249192	0	0	0	0	0	0	0	0	0	0	0	0	0
genomad_k141_263348	0	0	0	0	0	0	0	0	1383.2307	1393.0143	0	0	0	0	0	0	0	0	0	0	0	0	0	0	0	382.45908	0	0	0	0	0	0	0	0	0	0	0	0	0	0	0	0	0	0	0	0	0
genomad_k141_2818955	0	0	0	0	0	0	0	0	0	0	0	0	0	0	0	0	0	0	0	0	0	0	0	0	0	0	0	0	0	0	0	0	26.689764	30.611568	0	0	0	0	0	0	0	0	0	0	0	0	0
genomad_k141_3772569	0	0	0	0	0	0	0	0	0	0	0	0	0	0	0	0	0	0	0	0	0	0	0	0	0	0	0	0	0	0	0	0	0	0	0	124.20708	0	0	0	0	0	0	0	0	0	0	0
genomad_k141_917729	0	0	0	0	0	0	0	0	0	0	0	0	0	0	0	0	0	0	0	0	0	0	0	0	0	0	0	0	0	0	0	0	0	178.62947	0	0	0	0	0	0	0	0	0	0	0	0	0
genomad_k141_2105624	0	0	0	0	0	0	0	0	0	0	0	0	0	0	0	0	0	0	0	0	0	0	0	0	0	0	0	0	0	0	0	199.99332	0	41.553486	0	0	0	0	0	0	0	0	0	0	0	0	0
genomad_k141_3532606	0	0	0	0	0	0	0	0	0	0	0	0	0	0	0	0	0	0	0	0	0	0	0	0	0	0	0	0	0	0	0	0	0	9.698849	0	0	0	0	0	0	0	0	0	0	0	0	0
genomad_k141_1987062	0	0	0	0	0	0	0	0	0	0	0	0	0	0	0	0	0	0	0	0	0	0	0	0	0	0	0	0	0	0	0	0	18.755987	5.807861	0	0	0	0	0	0	0	0	0	0	0	0	0
genomad_k141_144048	0	0	0	0	1003.60004	946.6584	0	0	0	0	0	0	0	0	0	0	0	0	0	0	0	0	0	0	0	0	0	0	0	0	0	0	0	0	0	0	0	0	0	0	0	0	0	0	0	0	0
genomad_k141_3712620	0	0	0	0	0	0	0	0	0	0	0	0	0	0	0	0	0	0	0	0	0	0	0	0	0	0	0	0	0	0	0	0	18.76125	12.237189	0	0	0	0	0	0	0	0	0	0	0	0	0
genomad_k141_1036214	0	0	0	0	0	0	0	0	0	0	0	0	0	0	0	0	0	0	0	0	0	0	0	0	0	0	0	0	0	0	0	0	0	19.523823	0	0	0	0	0	0	0	0	0	0	0	0	0
genomad_k141_443050	0	0	0	0	0	0	0	0	0	0	0	0	0	0	0	0	0	0	0	0	0	0	0	0	0	0	0	0	45.669968	136.61691	0	0	0	0	0	0	0	0	0	0	0	0	0	0	0	0	0
genomad_k141_2403894	0	0	0	0	0	0	0	0	0	0	0	0	0	0	0	0	0	0	0	0	0	0	0	0	0	0	0	0	0	0	0	0	0	0	0	0	0	0	1408.5056	1341.2162	0	0	0	0	0	0	0
genomad_k141_85660	0	0	0	0	0	0	0	247.72589	0	0	0	0	0	0	0	0	0	0	0	0	0	0	0	0	0	0	0	0	0	0	3381.6987	899.21814	0	0	0	0	0	0	0	0	0	0	0	0	0	0	0
genomad_k141_3235995	0	0	0	0	0	0	0	562.86035	0	0	0	0	0	0	0	0	0	0	0	0	0	0	0	0	0	0	0	0	0	0	141.47623	809.69977	0	62.20552	0	0	0	0	0	0	0	0	0	0	0	0	0
genomad_k141_2165113	0	0	0	0	0	0	0	0	0	0	0	0	0	0	0	0	0	0	0	0	0	0	0	0	0	0	0	0	0	0	0	0	142.7771	86.109314	0	36.38969	0	0	0	0	0	0	0	0	0	0	0
genomad_k141_560005	0	0	0	0	0	0	0	0	0	0	0	0	0	0	0	0	0	0	0	0	0	0	0	0	0	0	0	0	0	0	0	0	0	0	0	442.42148	0	0	0	0	0	0	0	0	0	0	0
genomad_k141_2462895	0	0	0	0	0	0	0	0	0	0	0	0	0	0	0	0	0	0	0	0	0	0	0	0	0	0	0	0	0	0	0	0	0	9.709062	0	0	0	0	0	0	0	0	0	0	0	0	0
genomad_k141_1393664	0	0	0	0	0	0	0	0	0	0	0	0	0	0	0	0	0	0	0	0	0	0	0	0	0	0	0	0	0	0	0	24.194412	248.57309	276.88318	0	170.06645	0	0	0	0	0	0	0	0	0	0	0
genomad_k141_1809163	0	0	0	0	0	0	0	0	0	0	0	0	0	0	0	0	0	0	0	0	0	0	0	0	0	0	0	0	0	0	0	86.09884	0	0	0	0	0	0	0	0	0	0	0	0	0	0	0
genomad_k141_263507	7263.3516	7284.9785	0	0	0	0	0	0	0	0	0	0	0	0	0	0	0	0	0	0	0	0	0	0	0	0	0	0	0	0	0	0	0	0	0	0	0	0	4082.0125	3821.1353	0	0	0	0	0	0	0
genomad_k141_3532699	0	0	0	0	0	0	0	0	0	0	0	0	0	0	0	0	0	0	0	0	0	0	0	0	0	0	0	0	0	0	0	0	0	27.892225	0	0	0	0	0	0	0	0	0	0	0	0	0
genomad_k141_2462940	0	0	0	0	0	0	0	0	0	0	0	0	0	0	0	0	0	0	0	0	0	0	0	0	0	0	0	0	0	0	0	0	35.8773	11.794882	0	0	0	0	0	0	0	0	0	0	0	0	0
genomad_k141_1452478	0	0	0	0	0	0	0	0	0	0	0	0	0	0	0	0	0	0	0	0	0	0	0	0	0	0	0	0	0	0	159.20807	56.9367	0	0	0	0	0	0	0	0	0	0	0	0	0	0	0
genomad_k141_1512418	502.56863	511.4189	0	0	0	0	0	0	0	0	0	0	0	0	0	0	1481.6831	1518.6517	0	0	0	0	0	0	0	0	0	0	0	0	0	0	0	0	0	0	0	0	0	0	0	0	0	0	0	0	0
genomad_k141_501737	0	0	0	0	0	0	0	0	0	0	0	0	0	0	0	0	0	0	0	0	0	0	0	0	0	0	0	0	0	0	0	0	16.858599	8.232101	0	0	0	0	0	0	0	0	0	0	0	0	0
genomad_k141_2345196	0	0	0	0	0	0	0	0	0	0	0	0	0	0	0	0	0	0	0	0	0	0	0	0	0	0	0	0	0	0	0	0	21.40579	10.021897	0	0	0	0	0	0	0	0	0	0	0	0	0
genomad_k141_1272725	0	0	0	0	0	0	0	0	0	0	0	0	0	0	0	0	0	0	0	0	0	0	0	0	0	0	0	0	721.4808	1023.1019	0	0	0	0	0	0	0	0	0	0	0	0	0	0	0	0	0
genomad_k141_3414276	0	0	0	0	0	0	0	0	0	0	0	0	0	0	0	0	0	0	0	0	0	0	0	0	0	0	0	0	0	0	0	57.217117	0	0	0	0	0	0	0	0	0	0	0	0	0	0	0
genomad_k141_560150	0	0	0	0	0	0	0	0	0	0	0	0	0	0	0	0	0	0	0	0	0	0	0	0	0	0	0	0	87.875114	0	0	0	0	0	0	0	0	0	0	0	0	0	0	0	0	0	0
genomad_k141_3058034	0	0	0	0	0	0	0	0	0	0	0	0	0	0	0	0	0	0	0	0	0	0	0	0	0	0	0	0	0	0	0	0	71.97678	40.00903	0	0	0	0	0	0	0	0	0	0	0	0	0
genomad_k141_2285083	0	0	0	0	0	0	0	0	0	0	0	0	0	0	0	0	0	0	0	0	0	0	0	0	0	0	0	0	0	0	0	0	0	72.69306	0	0	0	0	0	0	0	0	0	0	0	0	0
genomad_k141_25615	0	0	0	0	0	0	0	0	0	0	0	0	0	0	0	0	0	0	0	0	0	0	0	0	0	0	0	0	0	0	0	0	0	30.037607	0	0	0	0	0	0	0	0	0	0	0	0	0
genomad_k141_2700791	0	0	0	0	0	0	0	0	0	0	0	0	0	0	0	0	0	0	0	0	0	0	0	0	0	0	0	0	0	0	0	0	19.786234	10.702398	0	0	0	0	0	0	0	0	0	0	0	0	0
genomad_k141_917985	0	0	0	0	0	0	0	0	0	0	0	0	0	0	0	0	0	0	0	0	0	0	0	0	0	0	0	0	0	0	135.48253	74.87677	0	0	0	0	0	0	0	0	0	0	0	0	0	0	0
genomad_k141_739871	0	0	0	0	0	0	0	0	0	0	0	0	0	0	0	0	0	0	0	0	0	0	0	0	0	0	0	0	0	0	0	0	0	15.390902	0	0	0	0	0	0	0	0	0	0	0	0	0
genomad_k141_1512542	0	0	0	0	0	0	0	0	0	0	0	0	0	0	0	0	0	0	0	0	0	0	0	0	0	0	0	0	0	0	0	0	69.07186	91.26644	0	0	0	0	0	0	0	0	0	0	0	0	0
genomad_k141_2878768	0	0	0	0	0	0	0	0	0	0	0	0	0	0	0	0	0	0	0	0	0	0	0	0	0	0	0	0	0	0	0	0	0	0	236.6942	270.34525	0	0	0	0	0	0	0	0	0	0	0
genomad_k141_1393934	0	0	0	0	0	0	0	0	0	0	0	0	0	0	0	0	0	0	0	0	0	0	0	0	0	0	0	0	0	0	0	0	0	20.879257	0	0	0	0	0	0	0	0	0	0	0	0	0
genomad_k141_1452725	0	0	0	0	0	0	0	0	0	0	0	0	0	0	0	0	0	0	0	0	0	2187.1643	0	0	0	0	0	0	0	0	0	0	0	0	0	0	0	0	0	0	0	0	0	0	0	0	0
genomad_k141_3295725	0	0	0	0	0	0	0	0	0	0	0	0	0	0	0	0	0	0	0	0	0	0	0	0	0	0	0	0	0	0	0	0	0	22.448948	0	0	0	0	0	0	0	0	0	0	0	0	0
genomad_k141_1571790	0	0	0	0	0	0	0	0	0	0	0	0	0	0	0	0	0	0	0	0	0	0	0	0	0	0	0	0	0	0	0	0	0	56.016582	0	0	0	0	0	0	0	0	0	0	0	0	0
genomad_k141_1927304	0	0	0	0	0	0	0	0	0	0	0	0	0	0	0	0	0	0	0	0	0	0	0	0	0	0	0	0	0	0	0	0	38.11323	57.706474	0	0	0	0	0	0	0	0	0	0	0	0	0
genomad_k141_2760230	0	0	0	0	0	0	0	0	0	0	0	0	0	0	0	0	0	0	0	0	0	0	0	0	0	0	0	0	0	0	0	0	38.930695	19.66546	0	0	0	0	0	0	0	0	0	0	0	0	0
genomad_k141_203341	0	0	0	0	0	0	0	0	0	0	0	0	0	0	0	0	0	0	0	0	0	0	0	0	0	0	0	0	0	0	0	0	27.341822	10.749096	0	0	0	0	0	0	0	0	0	0	0	0	0
genomad_k141_263767	0	0	0	0	0	0	0	0	0	0	0	0	0	0	0	0	0	0	0	0	0	0	0	0	0	0	0	0	0	0	0	0	98.94431	12.844769	0	0	0	0	0	0	0	0	0	0	0	0	0
genomad_k141_1571808	0	0	0	0	0	0	0	0	0	0	0	0	0	0	0	0	0	0	0	0	0	0	0	0	0	0	0	0	0	0	0	0	43.031002	10.767085	0	0	0	0	0	0	0	0	0	0	0	0	0
genomad_k141_3356087	0	0	0	0	0	0	0	0	0	0	0	0	0	0	0	0	0	0	0	0	0	0	0	0	0	0	0	0	0	0	0	0	31.531425	50.796383	0	0	0	0	0	0	0	0	0	0	0	0	0
genomad_k141_3356092	0	0	0	0	0	0	0	0	0	0	0	0	0	0	0	0	0	0	0	0	0	0	0	0	0	0	0	0	0	0	0	0	0	14.544428	0	0	0	0	0	0	0	0	0	0	0	0	0
genomad_k141_322991	0	0	0	0	0	0	0	0	0	0	0	0	0	0	0	0	0	0	0	0	0	0	0	0	0	0	0	0	0	0	0	0	99.75817	136.97997	0	0	0	0	0	0	0	0	0	0	0	0	0
genomad_k141_1156205	0	0	0	0	0	0	0	0	0	0	0	0	0	0	0	0	0	0	0	0	0	0	0	0	0	0	0	0	0	0	0	0	27.641943	33.399143	0	0	0	0	0	0	0	0	0	0	0	0	0
genomad_k141_2345516	0	0	0	0	0	0	0	0	0	0	0	0	0	0	0	0	0	0	0	0	0	0	0	0	0	0	0	0	0	0	0	0	26.985876	19.990028	0	0	0	0	0	0	0	0	0	0	0	0	0
genomad_k141_2047466	0	0	0	0	0	0	0	0	0	0	0	0	0	0	0	0	0	0	0	0	0	0	0	0	0	0	0	0	0	0	0	0	0	8.17825	0	0	0	0	0	0	0	0	0	0	0	0	0
genomad_k141_383135	0	0	0	0	0	0	0	0	0	0	0	0	0	0	0	0	0	0	0	0	0	0	0	0	0	0	0	0	1341.9795	1599.687	0	0	0	0	0	0	0	0	0	0	0	0	0	0	0	0	0
genomad_k141_2583078	0	0	0	0	0	0	0	0	0	0	0	0	0	0	0	0	1007.8941	1014.3304	0	0	0	0	0	0	0	0	0	0	0	0	0	0	0	0	0	0	0	0	0	0	0	0	0	0	0	0	0
genomad_k141_1927450	0	0	0	0	0	0	0	0	0	0	0	0	112.90871	0	0	0	0	0	0	0	0	0	0	0	0	0	0	0	0	0	0	0	0	0	0	0	0	0	0	0	0	0	0	0	0	0	0
genomad_k141_1096572	0	0	0	0	0	0	0	0	0	0	0	0	0	0	0	0	0	0	0	0	0	0	0	0	0	0	0	0	0	0	29.340387	14.692856	0	0	0	0	0	0	0	0	0	0	0	0	0	0	0
genomad_k141_2878991	0	0	0	0	0	0	0	327.58618	0	0	0	0	0	0	0	0	0	0	0	0	0	0	0	0	0	0	0	0	0	0	42.353195	187.17432	15.177101	19.8358	0	0	0	0	0	0	0	0	0	0	0	0	0
genomad_k141_3356284	0	0	0	0	0	0	0	0	0	0	0	0	0	0	0	0	0	0	0	0	0	0	0	0	0	0	0	0	0	0	0	0	0	22.357632	0	0	0	0	0	0	0	0	0	0	0	0	0
genomad_k141_1156362	0	0	0	0	0	0	0	0	0	0	0	0	52.26388	0	0	0	0	0	0	0	0	0	0	0	0	0	0	0	0	0	0	0	0	0	0	0	0	0	0	0	0	0	0	0	0	0	0
genomad_k141_3533174	0	0	0	0	0	0	0	0	0	0	0	0	0	0	0	0	0	0	0	0	0	0	0	0	0	0	0	0	0	0	0	0	158.88982	8.856479	0	0	0	0	0	0	0	0	0	0	0	0	0
genomad_k141_2225532	0	0	0	0	0	0	0	0	0	0	0	0	0	0	0	0	0	0	0	0	0	0	0	0	0	0	0	0	0	0	0	0	0	14.600937	0	0	0	0	0	0	0	0	0	0	0	0	0
genomad_k141_3773211	0	0	0	0	0	0	0	0	0	0	0	0	0	0	0	0	0	0	0	0	0	0	0	0	0	0	0	0	0	0	0	0	17.466541	26.142803	0	0	0	0	0	0	0	0	0	0	0	0	0
genomad_k141_3533225	0	0	0	0	0	0	0	0	0	0	0	0	0	0	0	0	0	0	0	0	0	0	0	0	0	0	0	0	0	0	839.3956	396.2913	0	0	0	0	0	0	0	0	0	0	0	0	0	0	0
genomad_k141_3177307	0	0	0	0	0	0	0	0	0	0	0	0	0	0	0	0	0	0	0	0	0	0	0	0	0	0	0	0	0	0	0	0	0	7.6933746	0	0	0	0	0	0	0	0	0	0	0	0	0
genomad_k141_383238	0	0	0	0	0	0	0	0	0	0	0	0	0	0	0	0	0	0	0	0	0	0	0	0	0	0	0	0	0	0	0	0	0	13.660436	0	0	0	0	0	0	0	0	0	0	0	0	0
genomad_k141_2463466	0	0	0	0	0	0	0	0	0	0	0	0	0	0	0	0	0	0	0	0	0	0	0	0	0	0	0	0	0	0	0	0	0	26.711344	0	0	0	0	0	0	0	0	0	0	0	0	0
genomad_k141_1868809	0	0	0	0	0	0	0	0	0	0	0	0	0	0	0	0	0	0	0	0	0	0	0	0	0	0	0	0	0	0	0	0	65.07795	26.094141	0	0	0	0	0	0	0	0	0	0	0	0	0
genomad_k141_2939925	0	0	0	0	0	0	0	0	0	0	0	0	0	0	0	0	0	0	0	0	0	0	0	0	0	0	0	0	0	0	0	30.779501	0	34.66694	0	0	0	0	0	0	0	0	0	0	0	0	0
genomad_k141_3653688	0	0	0	0	0	0	0	0	0	0	0	0	0	0	0	0	0	0	0	0	0	0	0	0	0	0	0	0	0	0	0	0	55.588196	100.72718	0	0	0	0	0	0	0	0	0	0	0	0	0
genomad_k141_3118282	0	0	0	0	0	0	0	0	0	0	0	0	0	0	0	0	0	0	0	0	0	0	0	0	0	0	0	0	0	0	28.068264	236.88004	0	45.028458	0	0	0	0	0	0	0	0	0	0	0	0	0
genomad_k141_1273383	0	0	0	0	0	0	0	0	0	0	0	0	0	0	0	0	0	0	0	0	0	0	0	0	0	0	0	0	0	0	0	0	26.057066	12.889942	0	0	0	0	0	0	0	0	0	0	0	0	0
genomad_k141_2819794	0	0	0	0	0	0	0	0	0	0	0	0	0	0	0	0	0	0	0	0	0	0	0	0	0	0	0	0	0	0	0	78.546394	0	0	0	0	0	0	0	0	0	0	0	0	0	0	0
genomad_k141_323399	0	0	0	0	0	0	0	0	0	0	0	0	0	0	0	0	0	0	0	0	0	0	0	0	0	0	0	0	0	0	0	0	0	7.7295914	0	0	0	0	0	0	0	0	0	0	0	0	0
genomad_k141_144911	0	0	0	0	625.2097	658.19977	0	0	1638.597	1642.364	0	0	0	0	0	0	0	0	0	0	0	0	0	0	0	0	0	0	0	0	0	0	0	0	0	0	0	0	0	0	0	0	0	0	0	0	0
genomad_k141_680793	0	0	0	0	0	0	0	0	0	0	0	0	0	0	0	0	0	0	0	0	0	0	0	0	0	0	0	0	3282.841	4600.7124	0	0	0	0	0	0	0	0	0	0	0	0	0	0	0	0	0
genomad_k141_3713549	0	0	0	0	0	0	0	0	0	0	0	0	0	0	0	0	0	0	0	0	0	0	0	0	0	0	0	0	0	0	0	29.621443	0	0	0	0	0	0	0	0	0	0	0	0	0	0	0
genomad_k141_3356581	0	0	0	0	0	0	0	0	0	0	0	0	40.57688	0	0	0	0	0	0	0	0	0	0	0	0	0	0	0	0	0	0	0	0	0	0	0	0	0	0	0	0	0	0	0	0	0	0
genomad_k141_1927822	0	0	0	0	0	0	0	0	0	0	0	0	0	0	0	0	0	0	0	0	0	0	0	0	0	0	0	0	0	0	0	22.109215	0	42.07382	0	0	0	0	0	0	0	0	0	0	0	0	0
genomad_k141_1750554	0	0	0	0	0	0	0	0	0	0	0	0	0	0	0	0	0	0	0	0	0	0	0	0	0	0	0	0	0	0	0	0	90.94458	0	0	0	0	0	0	0	0	0	0	0	0	0	0
genomad_k141_1987882	0	0	0	0	0	0	0	0	0	0	0	0	0	0	0	0	0	0	0	0	0	0	0	0	0	0	0	0	0	0	0	0	13.49711	6.222366	0	0	0	0	0	0	0	0	0	0	0	0	0
genomad_k141_1987886	0	0	0	0	0	0	0	0	0	0	0	0	55.910275	0	0	0	0	0	0	0	0	0	0	0	0	0	0	0	0	0	0	0	0	0	0	0	0	0	0	0	0	0	0	0	0	0	0
genomad_k141_1215172	0	0	0	0	0	0	0	0	0	0	0	0	0	0	0	0	0	0	0	0	0	0	0	0	0	0	0	0	0	0	0	0	0	38.332058	0	0	0	0	0	0	0	0	0	0	0	0	0
genomad_k141_2940088	0	0	0	0	0	0	0	0	0	0	0	0	0	0	0	0	0	0	0	0	0	0	0	0	0	0	0	0	0	0	0	0	59.46846	2.941543	0	0	0	0	0	0	0	0	0	0	0	0	0
genomad_k141_2463682	0	0	0	0	0	0	0	0	0	0	0	0	0	0	0	0	0	0	0	0	0	0	0	0	0	0	0	0	0	0	0	48.01823	0	0	0	0	0	0	0	0	0	0	0	0	0	0	0
genomad_k141_1334942	0	0	0	0	0	0	0	0	0	0	0	0	0	0	0	0	0	0	0	0	0	0	0	0	0	0	0	0	0	0	0	0	0	33.120502	0	0	0	0	0	0	0	0	0	0	0	0	0
genomad_k141_203955	0	0	0	0	0	0	0	0	0	0	0	0	0	0	0	0	0	0	0	0	0	0	0	0	0	0	0	0	0	0	0	0	23.63772	22.36428	0	0	0	0	0	0	0	0	0	0	0	0	0
genomad_k141_502610	0	0	0	0	0	0	0	0	0	0	0	0	0	0	0	0	0	0	0	0	0	0	0	0	0	0	0	0	0	0	27.13831	0	0	7.6465487	0	0	0	0	0	0	0	0	0	0	0	0	0
genomad_k141_2879413	0	0	0	0	0	0	0	0	0	0	0	0	0	0	0	0	0	0	0	0	0	0	0	0	0	0	0	0	0	0	0	0	55.13392	50.11797	0	0	0	0	0	0	0	0	0	0	0	0	0
genomad_k141_3356667	0	0	0	0	0	0	0	0	0	0	0	0	0	0	0	0	0	0	0	0	0	0	0	0	0	0	0	0	0	0	0	0	103.68819	26.096937	0	0	0	0	0	0	0	0	0	0	0	0	0
genomad_k141_2760896	0	0	0	0	0	0	0	0	0	0	0	0	0	0	0	0	0	0	0	0	0	0	0	0	0	0	0	0	0	0	0	0	41.483555	41.798378	0	0	0	0	0	0	0	0	0	0	0	0	0
genomad_k141_383577	0	0	0	0	0	0	0	0	0	0	0	0	0	0	0	0	0	0	0	0	0	0	0	0	0	0	0	0	0	0	0	0	33.516945	8.6275425	0	0	0	0	0	0	0	0	0	0	0	0	0
genomad_k141_2523773	0	0	0	0	0	0	0	0	0	0	0	0	0	0	0	0	0	0	0	0	0	0	0	0	0	0	0	0	0	0	0	0	77.51605	77.75496	0	39.06766	0	0	0	0	0	0	0	0	0	0	0
genomad_k141_3653959	0	0	0	0	0	0	0	0	0	0	0	0	0	0	0	0	0	0	0	0	0	0	0	0	0	0	0	0	0	0	0	0	0	27.591257	0	0	0	0	0	0	0	0	0	0	0	0	0
genomad_k141_1273684	0	0	0	0	0	0	0	0	0	0	0	0	0	0	0	0	0	0	0	0	0	0	0	0	0	0	0	0	0	0	0	0	61.073357	0	0	0	0	0	0	0	0	0	0	0	0	0	0
genomad_k141_444073	0	0	0	0	0	0	0	0	0	0	0	0	0	0	0	0	0	0	0	0	0	0	0	0	0	0	0	0	0	0	0	36.223278	0	7.926653	0	0	0	0	0	0	0	0	0	0	0	0	0
genomad_k141_2820049	0	0	0	0	0	0	0	0	0	0	0	0	0	0	0	0	0	0	0	0	0	0	0	0	0	0	0	0	0	0	0	0	248.38672	112.560265	0	0	0	0	0	0	0	0	0	0	0	0	0
genomad_k141_2701631	0	0	0	0	0	0	0	0	0	0	0	0	0	0	0	0	0	0	0	0	0	0	0	0	0	0	0	0	0	0	0	0	0	28.502806	0	0	0	0	0	0	0	0	0	0	0	0	0
genomad_k141_2583694	0	0	0	0	0	0	0	0	0	0	0	0	0	0	0	0	0	0	0	0	0	0	0	0	0	0	0	0	0	0	0	0	49.698277	10.83579	0	0	0	0	0	0	0	0	0	0	0	0	0
genomad_k141_798237	0	0	0	0	0	0	0	0	0	0	0	0	0	0	0	0	0	0	0	0	0	0	0	0	0	0	0	0	0	0	0	0	77.011955	179.19363	0	0	0	0	0	0	0	0	0	0	0	0	0
genomad_k141_1513373	0	0	0	0	0	0	0	0	0	0	0	0	0	0	0	0	0	0	0	0	0	0	0	0	0	0	0	0	0	0	0	0	22.729065	10.12181	0	0	0	0	0	0	0	0	0	0	0	0	0
genomad_k141_681079	0	0	0	0	0	0	0	0	0	0	0	0	0	0	0	0	0	0	0	0	0	0	0	0	0	0	0	0	0	0	0	0	0	15.499862	0	0	0	0	0	0	0	0	0	0	0	0	0
genomad_k141_3356788	0	0	0	0	0	0	0	0	0	0	0	0	0	0	0	0	0	0	0	0	0	0	0	0	0	0	0	0	0	0	0	0	0	6.3024297	0	0	0	0	0	0	0	0	0	0	0	0	0
genomad_k141_2405002	0	0	0	0	0	0	0	0	0	0	0	0	0	0	0	0	0	0	0	0	0	0	0	0	0	0	0	0	0	0	0	21.12673	104.439224	177.1703	0	44.613636	0	0	0	0	0	0	0	0	0	0	0
genomad_k141_2346322	0	0	0	0	0	0	0	0	0	0	0	0	0	0	0	0	0	0	0	0	0	0	0	0	0	0	0	0	0	0	0	0	0	14.463953	0	0	0	0	0	0	0	0	0	0	0	0	0
genomad_k141_2048105	0	0	0	0	0	0	0	0	0	0	0	0	0	0	0	0	0	0	0	0	0	0	0	0	0	0	0	0	0	0	74.620544	136.53825	0	0	0	0	0	0	0	0	0	0	0	0	0	0	0
genomad_k141_740781	0	0	0	0	0	0	0	0	0	0	0	0	38.793884	0	0	0	0	0	0	0	0	0	0	0	0	0	0	0	0	0	0	0	0	0	0	0	0	0	0	0	0	0	0	0	0	0	0
genomad_k141_323784	0	0	0	0	0	0	0	0	0	0	0	0	0	0	0	0	0	0	0	0	0	0	0	0	0	0	0	0	0	0	0	28.467834	0	22.116125	0	0	0	0	0	0	0	0	0	0	0	0	0
genomad_k141_2346372	0	0	0	0	0	0	0	0	0	0	0	0	0	0	0	0	0	0	0	0	0	0	0	0	0	0	0	0	0	0	60.105145	86.97027	0	0	0	0	0	0	0	0	0	0	0	0	0	0	0
genomad_k141_3773810	0	0	0	0	0	0	0	0	0	0	0	0	0	0	0	0	0	0	0	0	0	0	0	0	0	0	0	0	0	0	0	0	0	0	0	0	0	0	6149.4897	6341.5566	0	0	0	0	0	0	0
genomad_k141_798357	0	0	0	0	0	0	0	0	0	0	0	0	0	0	0	0	0	0	0	0	0	0	0	0	0	0	0	0	0	0	110.26608	0	0	0	0	0	0	0	0	0	0	0	0	0	0	0	0
genomad_k141_264780	0	0	0	0	0	0	0	0	0	0	0	0	0	0	0	0	0	0	0	0	0	0	0	0	0	0	0	0	0	0	0	0	22.035925	5.1926966	0	0	0	0	0	0	0	0	0	0	0	0	0
genomad_k141_1453623	0	0	0	0	0	0	0	0	0	0	0	0	0	0	0	0	0	0	0	0	0	0	0	0	0	0	0	0	0	0	26.624943	86.07724	0	0	0	0	0	0	0	0	0	0	0	0	0	0	0
genomad_k141_3296647	0	0	0	0	0	0	0	0	0	0	0	0	0	0	0	0	0	0	0	0	0	0	0	0	0	0	0	0	0	0	501.43478	221.04237	0	3.8060708	0	0	0	0	0	0	0	0	0	0	0	0	0
genomad_k141_145316	0	0	0	0	0	0	0	0	0	0	0	0	0	0	0	0	0	0	0	0	0	0	0	0	0	0	0	0	0	0	0	227.30939	0	0	0	0	0	0	0	0	0	0	0	0	0	0	0
genomad_k141_2166409	0	0	0	0	0	0	0	0	0	0	0	0	0	0	0	0	0	0	0	0	0	0	0	0	0	0	0	0	0	0	0	0	182.41127	1096.6937	0	213.3314	0	0	0	0	0	0	0	0	0	0	0
genomad_k141_444321	0	0	0	0	0	0	0	0	0	0	0	0	0	0	0	0	0	0	0	0	0	0	0	0	0	0	0	0	0	0	107.276405	16.542543	0	0	0	0	0	0	0	0	0	0	0	0	0	0	0
genomad_k141_383893	0	0	0	0	0	0	0	0	0	0	0	0	141.71376	0	0	0	0	0	0	0	0	0	0	0	0	0	0	0	0	0	0	0	0	0	0	0	0	0	0	0	0	0	0	0	0	0	0
genomad_k141_740906	0	0	0	0	0	0	0	0	0	0	0	0	0	0	0	0	0	0	0	0	0	0	0	0	0	0	0	0	0	0	0	0	0	22.221695	0	0	0	0	0	0	0	0	0	0	0	0	0
genomad_k141_2048224	0	0	0	0	0	0	0	0	0	0	0	0	0	0	0	0	0	0	0	0	0	0	0	0	0	0	0	0	0	0	0	0	14.900645	11.360976	0	0	0	0	0	0	0	0	0	0	0	0	0
genomad_k141_1394927	0	0	0	0	0	0	0	0	0	0	0	0	0	0	0	0	0	0	0	0	0	0	0	0	0	0	0	0	0	0	36.532738	14.141435	0	0	0	0	0	0	0	0	0	0	0	0	0	0	0
genomad_k141_1097404	0	0	0	0	0	0	0	0	0	0	0	0	0	0	0	0	0	0	0	0	0	0	0	0	0	0	0	0	0	0	0	0	0	11.499143	0	0	0	0	0	0	0	0	0	0	0	0	0
genomad_k141_2286153	0	0	0	0	0	0	0	0	0	0	0	0	0	0	0	0	0	0	0	0	0	0	0	0	0	0	0	0	0	0	0	49.120323	0	0	0	0	0	0	0	0	0	0	0	0	0	0	0
genomad_k141_2226289	0	0	0	0	0	0	0	0	0	0	0	0	0	0	0	0	0	0	0	0	0	0	0	0	0	0	0	0	0	0	0	0	0	32.68943	0	0	0	0	0	0	0	0	0	0	0	0	0
genomad_k141_2820283	0	0	0	0	0	0	0	0	0	0	0	0	0	0	0	0	0	0	0	0	0	0	0	0	0	0	0	0	0	0	0	0	0	9.773784	0	0	0	0	0	0	0	0	0	0	0	0	0
genomad_k141_3594589	0	0	0	0	2591.0364	2582.7922	0	0	0	0	0	0	0	0	0	0	0	0	0	0	0	0	0	0	0	0	0	0	0	0	0	0	0	0	0	0	0	0	0	0	0	0	0	0	0	0	0
genomad_k141_2048290	0	0	0	0	0	0	0	0	0	0	0	0	0	0	0	0	0	0	0	0	0	0	0	0	0	0	0	0	0	0	0	0	0	7.314785	0	0	0	0	0	0	0	0	0	0	0	0	0
genomad_k141_444434	0	0	0	0	0	0	0	0	0	0	0	0	0	0	0	0	740.93884	793.9557	0	0	0	0	0	0	0	0	0	0	0	0	0	0	0	0	0	0	0	0	0	0	0	0	0	0	0	0	0
genomad_k141_978269	0	0	0	0	0	0	0	0	0	0	0	0	0	0	0	0	0	0	0	0	0	0	0	0	0	0	0	0	0	0	0	0	0	51.518757	0	0	0	0	0	0	0	0	0	0	0	0	0
genomad_k141_3000286	0	0	0	0	0	0	0	0	0	0	0	0	0	0	0	0	0	0	0	0	0	0	0	0	0	0	0	0	0	0	0	0	0	0	0	0	55258.86	56811.375	0	0	0	0	0	0	0	0	0
genomad_k141_3059252	0	0	0	0	0	0	0	0	0	0	0	0	0	0	0	0	0	0	0	0	0	0	0	0	0	0	0	0	0	0	0	0	15.214208	15.52352	0	0	0	0	0	0	0	0	0	0	0	0	0
genomad_k141_1453769	0	0	0	0	0	0	0	0	0	0	0	0	0	0	0	0	0	0	0	0	0	0	0	0	0	0	0	0	0	0	0	0	28.632053	15.740045	0	0	0	0	0	0	0	0	0	0	0	0	0
genomad_k141_1988419	0	0	0	0	0	0	0	352.9563	0	0	0	0	0	0	0	0	0	0	0	0	0	0	0	0	0	0	0	0	0	0	932.3874	887.3722	0	0	0	0	0	0	0	0	0	0	0	0	0	0	0
genomad_k141_681424	0	0	0	0	0	0	0	0	0	0	0	0	0	0	0	0	0	0	0	0	0	0	0	0	0	0	0	0	0	0	0	0	37.592762	8.138434	0	0	0	0	0	0	0	0	0	0	0	0	0
genomad_k141_798600	0	0	0	0	0	0	0	0	0	0	0	0	0	0	0	0	0	0	0	0	0	0	0	0	0	0	0	0	0	0	0	0	49.487938	42.6257	0	0	0	0	0	0	0	0	0	0	0	0	0
genomad_k141_860250	0	0	0	0	0	0	0	0	0	0	0	0	0	0	0	0	0	0	0	0	0	0	0	0	0	0	0	0	0	0	80.18372	0	0	0	0	0	0	0	0	0	0	0	0	0	0	0	0
genomad_k141_2048409	0	0	0	0	0	0	0	0	0	0	0	0	0	0	0	0	0	0	0	0	0	0	0	0	0	0	0	0	0	0	0	0	0	17.739347	0	0	0	0	0	0	0	0	0	0	0	0	0
genomad_k141_2226440	0	0	0	0	0	0	0	0	0	0	0	0	0	0	0	0	0	0	0	0	0	0	0	0	0	0	0	0	0	0	0	0	42.354786	26.412271	0	0	0	0	0	0	0	0	0	0	0	0	0
genomad_k141_681516	0	0	0	0	0	0	0	0	0	0	0	0	0	0	0	0	0	0	0	0	0	0	0	0	0	0	0	0	346.56525	119.63577	0	0	0	0	0	0	0	0	0	0	0	0	0	0	0	0	0
genomad_k141_3357133	3237.4634	3451.2153	0	0	0	0	0	0	0	0	0	0	0	0	0	0	2589.8088	2557.656	0	0	0	0	0	0	0	0	0	0	0	0	0	0	0	0	0	0	0	0	7111.189	6927.7065	0	0	0	0	0	0	0
genomad_k141_3654402	0	0	0	0	0	0	0	0	0	0	0	0	0	0	0	0	0	0	0	0	0	0	0	0	0	0	0	0	0	0	133.80717	53.889404	0	0	0	0	0	0	0	0	0	0	0	0	0	0	0
genomad_k141_3119142	0	0	0	0	0	0	0	0	0	0	0	0	0	0	0	0	0	0	0	0	0	0	0	0	0	0	0	0	0	0	0	0	36.394344	45.7918	0	0	0	0	0	0	0	0	0	0	0	0	0
genomad_k141_622001	0	0	0	0	0	0	0	0	0	0	0	0	0	0	0	0	0	0	0	0	0	0	0	0	0	0	0	0	0	0	0	0	0	8.293107	0	0	0	0	0	0	0	0	0	0	0	0	0
genomad_k141_1215848	0	0	0	0	0	0	0	0	0	0	0	0	68.22054	0	0	0	0	0	0	0	0	0	0	0	0	0	0	0	0	0	0	0	0	0	0	0	0	0	0	0	0	0	0	0	0	0	0
genomad_k141_1632682	0	0	0	0	0	0	0	0	0	0	0	0	0	0	0	0	0	0	0	0	0	0	0	0	0	0	0	0	0	0	0	0	17.28618	16.176056	0	0	0	0	0	0	0	0	0	0	0	0	0
genomad_k141_145565	0	0	0	0	0	0	0	0	0	0	0	0	0	0	0	0	0	0	0	0	0	0	0	0	0	0	0	0	0	0	0	96.109215	0	8.49362	0	0	0	0	0	0	0	0	0	0	0	0	0
genomad_k141_2820502	0	0	0	0	0	507.86118	0	0	1899.2272	2177.6897	0	0	0	0	0	0	0	0	0	0	0	0	0	0	0	0	0	0	0	0	0	0	0	0	0	0	0	0	0	0	0	0	0	0	0	0	0
genomad_k141_3059400	0	0	0	0	0	0	0	0	0	0	0	0	0	0	0	0	0	0	0	0	0	0	0	0	0	0	0	0	0	0	180.06627	109.19515	0	0	0	0	0	0	0	0	0	0	0	0	0	0	0
genomad_k141_1691001	0	0	0	0	0	0	0	0	0	0	0	0	0	0	0	0	0	0	0	0	0	0	0	0	0	0	0	0	0	0	0	0	0	8.095931	0	0	0	0	0	0	0	0	0	0	0	0	0
genomad_k141_2405429	0	0	0	0	0	0	0	0	0	0	0	0	0	0	0	0	0	0	0	0	0	0	0	0	0	0	0	0	0	0	0	0	29.023874	22.098738	0	0	0	0	0	0	0	0	0	0	0	0	0
genomad_k141_1215908	0	0	0	0	0	0	0	0	0	0	0	0	0	0	0	0	0	0	0	0	0	0	0	0	0	0	0	0	0	0	175.5305	166.67873	0	0	0	0	0	0	0	0	0	0	0	0	0	0	0
genomad_k141_384245	0	0	0	0	0	0	0	0	0	0	0	0	0	0	0	0	0	0	0	0	0	0	0	0	0	0	0	0	0	0	0	0	24.98622	12.5749235	0	0	0	0	0	0	0	0	0	0	0	0	0
genomad_k141_2464451	0	0	0	0	0	0	0	0	0	0	0	0	0	0	0	0	0	0	0	0	0	0	0	0	0	0	0	0	0	0	0	0	41.402092	4.0819354	0	0	0	0	0	0	0	0	0	0	0	0	0
genomad_k141_324187	0	0	0	0	0	0	0	0	0	0	0	0	0	0	0	0	0	0	0	0	0	0	0	0	0	0	0	0	0	0	0	0	0	16.776674	0	0	0	0	0	0	0	0	0	0	0	0	0
genomad_k141_444656	0	0	0	0	0	0	0	0	0	0	0	0	0	0	0	0	0	0	0	0	0	0	0	0	0	0	0	0	0	0	0	0	0	54.144375	0	0	0	0	0	0	0	0	0	0	0	0	0
genomad_k141_2048559	0	0	0	0	0	0	0	0	0	0	0	0	0	0	0	0	0	0	0	0	0	0	0	0	0	0	0	0	37.034058	0	0	0	0	0	0	0	0	0	0	0	0	0	0	0	0	0	0
genomad_k141_2048564	0	0	0	0	0	0	0	0	0	0	0	0	0	0	0	0	0	0	0	0	0	0	0	0	0	0	0	0	0	0	0	0	0	10.967953	0	0	0	0	0	0	0	0	0	0	0	0	0
genomad_k141_2880236	0	0	0	0	0	0	0	0	0	0	0	0	73.996346	0	0	0	0	0	0	0	0	0	0	0	0	0	0	0	0	0	0	0	0	0	0	0	0	0	0	0	0	0	0	0	0	0	0
genomad_k141_1215988	0	0	0	0	0	0	0	0	0	0	0	0	0	0	0	0	0	0	0	0	0	0	0	0	0	0	0	0	0	0	0	0	0	6.187428	0	0	0	0	0	0	0	0	0	0	0	0	0
genomad_k141_2820529	0	0	0	0	0	0	0	0	0	0	0	0	0	0	0	0	0	0	0	0	0	0	0	0	0	0	0	0	0	0	0	0	31.760153	77.72968	0	0	0	0	0	0	0	0	0	0	0	0	0
genomad_k141_919559	0	0	0	0	0	0	0	0	0	0	0	0	0	0	0	0	0	0	0	0	0	0	0	0	0	0	0	0	0	0	0	0	0	0	0	0	0	0	1745.7642	1819.8053	0	0	0	0	0	0	0
genomad_k141_919607	2152.135	2050.637	0	0	0	0	0	0	0	0	0	0	0	0	0	0	677.48444	0	0	0	0	0	0	0	0	0	0	0	0	0	0	0	0	0	0	0	0	0	0	0	0	0	0	0	0	0	0
genomad_k141_1335755	0	0	0	0	0	0	0	0	0	0	0	0	0	0	0	0	0	0	0	0	0	0	0	0	0	0	0	0	114.191475	0	0	0	0	0	0	0	0	0	0	0	0	0	0	0	0	0	0
genomad_k141_3000655	0	0	0	0	624.61127	671.0166	0	0	0	0	0	0	18.6981	0	0	0	0	0	0	0	0	0	0	0	0	0	0	0	0	0	0	0	0	0	0	0	0	0	0	0	0	0	0	0	0	0	0
genomad_k141_3714568	0	0	0	0	0	0	0	0	0	0	0	0	0	0	0	0	0	0	0	0	0	0	0	0	0	0	0	0	0	0	0	40.60414	0	3.6140506	0	0	0	0	0	0	0	0	0	0	0	0	0
genomad_k141_1037964	0	0	0	0	0	0	0	0	0	0	0	0	0	0	0	0	0	0	0	0	0	0	0	0	0	0	0	0	0	0	0	0	0	24.253115	0	0	0	0	0	0	0	0	0	0	0	0	0
genomad_k141_3774445	0	0	0	0	0	0	0	0	0	0	0	0	0	0	0	0	0	0	0	0	0	0	0	0	0	0	0	0	0	0	0	0	0	10.581315	0	0	0	0	0	0	0	0	0	0	0	0	0
genomad_k141_3774449	0	0	0	0	0	0	0	0	0	0	0	0	0	0	0	0	0	0	0	0	0	0	0	0	0	0	0	0	0	0	0	0	38.90087	19.345087	0	0	0	0	0	0	0	0	0	0	0	0	0
genomad_k141_2347039	0	0	0	0	0	0	0	0	0	0	0	0	0	0	0	0	0	0	0	0	0	0	0	0	0	0	0	0	0	0	0	0	0	10.0238085	0	0	0	0	0	0	0	0	0	0	0	0	0
genomad_k141_145877	0	0	0	0	0	0	0	0	0	0	0	0	0	0	0	0	0	0	0	0	0	0	0	0	0	0	0	0	0	0	0	19.429935	0	0	0	0	0	0	0	0	0	0	0	0	0	0	0
genomad_k141_444871	0	0	0	0	0	0	0	0	0	0	0	0	0	0	0	0	0	0	0	0	0	0	0	0	0	0	0	0	0	0	0	0	45.987946	38.564705	0	0	0	0	0	0	0	0	0	0	0	0	0
genomad_k141_3654747	0	0	0	0	0	0	0	0	0	0	0	0	0	0	0	0	0	0	0	0	0	0	0	0	0	0	0	0	0	0	0	0	63.6851	85.52995	0	0	0	0	0	0	0	0	0	0	0	0	0
genomad_k141_1810843	0	0	0	0	0	0	0	0	0	0	0	0	0	0	0	0	0	0	0	0	0	0	0	0	0	0	0	0	0	0	0	0	0	8.84804	0	0	0	0	0	0	0	0	0	0	0	0	0
genomad_k141_3774523	0	0	0	0	0	0	0	0	0	0	0	0	55.125862	0	0	0	0	0	0	0	0	0	0	0	0	0	0	0	0	0	0	0	0	0	0	0	0	0	0	0	0	0	0	0	0	0	0
genomad_k141_561835	0	0	0	0	0	0	0	0	0	0	0	0	0	0	0	0	0	0	0	0	0	0	0	0	0	0	0	0	0	0	0	26.340788	0	0	0	0	0	0	0	0	0	0	0	0	0	0	0
genomad_k141_1633027	0	0	0	0	0	0	0	0	0	0	0	0	0	0	0	0	0	0	0	0	0	0	0	0	0	0	0	0	0	0	0	0	0	14.8899975	0	0	0	0	0	0	0	0	0	0	0	0	0
genomad_k141_2048846	0	0	0	0	0	0	0	0	0	0	0	495.054	0	0	0	0	0	0	0	0	0	0	0	0	0	0	0	0	0	0	0	0	0	0	0	0	0	0	0	0	0	456.84937	495.4106	0	0	0	0
genomad_k141_1335951	0	0	0	0	0	0	0	0	0	0	0	0	0	0	0	0	0	0	0	0	0	0	0	0	0	0	0	0	0	0	0	0	0	11.382288	0	0	0	0	0	0	0	0	0	0	0	0	0
genomad_k141_2820780	0	0	0	0	0	0	0	0	0	0	0	0	0	0	0	0	0	0	0	0	0	0	0	0	0	0	0	0	1997.1003	492.27368	0	0	0	0	0	0	0	0	0	0	0	0	0	0	0	0	0
genomad_k141_1274606	0	0	0	0	0	0	0	0	0	0	0	0	0	0	0	0	0	0	0	0	0	0	0	0	0	0	5115.602	0	0	0	0	0	0	0	0	0	0	0	0	0	0	0	0	0	0	0	0
genomad_k141_978921	0	0	0	0	0	0	0	0	0	0	0	0	0	0	0	0	0	0	0	0	0	0	0	0	0	0	0	0	0	0	0	19.930662	0	0	0	0	0	0	0	0	0	0	0	0	0	0	0
genomad_k141_265593	0	0	0	0	0	0	0	0	0	0	0	0	0	0	0	0	0	0	0	0	0	0	0	0	0	0	0	0	0	0	45.168255	11.025265	0	0	0	0	0	0	0	0	0	0	0	0	0	0	0
genomad_k141_2644048	0	0	0	0	0	0	0	0	0	0	0	0	101.77714	0	0	0	0	0	0	0	0	0	0	0	0	0	0	0	0	0	0	0	0	0	0	0	0	0	0	0	0	0	0	0	0	0	0
genomad_k141_561859	0	0	0	0	0	0	0	0	0	0	0	0	0	0	0	0	0	0	0	0	0	0	0	0	0	0	0	0	0	0	0	28.790129	0	0	0	0	0	0	0	0	0	0	0	0	0	0	0
genomad_k141_2226987	0	0	0	0	0	0	0	0	0	0	0	0	0	0	0	0	0	0	0	0	0	0	0	0	0	0	0	0	0	0	0	0	24.927217	38.516792	0	0	0	0	0	0	0	0	0	0	0	0	0
genomad_k141_1514274	0	0	0	0	0	0	0	0	0	0	0	0	0	0	0	0	0	0	0	0	0	0	0	0	0	0	0	0	0	0	0	0	0	28.935331	0	0	0	0	0	0	0	0	0	0	0	0	0
genomad_k141_3595279	0	0	0	0	0	0	0	0	0	0	0	0	0	0	0	0	955.3028	1026.6616	0	0	0	0	0	0	0	0	0	0	0	0	0	0	0	0	0	0	0	0	0	0	0	0	0	0	0	0	0
genomad_k141_2702508	0	0	0	0	0	0	0	0	0	0	0	0	0	0	0	0	0	0	0	0	0	0	0	0	0	0	0	0	0	0	0	0	43.36966	0	0	0	0	0	0	0	0	0	0	0	0	0	0
genomad_k141_2107765	0	0	0	0	0	0	0	0	0	0	0	0	0	0	0	0	0	0	0	0	0	0	0	0	0	0	0	0	0	0	0	0	0	5.1820135	0	0	0	0	0	0	0	0	0	0	0	0	0
genomad_k141_3297495	0	0	0	0	0	0	0	0	0	0	0	0	0	0	0	0	0	0	0	0	0	0	0	0	0	0	0	0	0	0	0	0	57.44394	26.17742	0	0	0	0	0	0	0	0	0	0	0	0	0
genomad_k141_1216450	0	0	0	0	0	0	0	0	0	0	0	0	0	0	0	0	0	0	0	0	0	0	0	0	0	0	0	0	0	0	0	0	22.544155	42.145515	0	0	0	0	0	0	0	0	0	0	0	0	0
genomad_k141_2820977	0	0	0	0	0	0	0	0	0	0	0	0	0	0	0	0	0	0	0	0	0	0	0	0	0	0	0	0	135.8462	457.49326	0	0	0	0	0	0	0	0	0	0	0	0	0	0	0	0	0
genomad_k141_2347323	0	0	0	0	0	0	0	0	0	0	0	0	0	0	0	0	0	0	0	0	0	0	0	0	0	0	0	0	44.136353	0	0	0	0	0	0	0	0	0	0	0	0	0	0	0	0	0	0
genomad_k141_741800	0	0	0	0	0	0	0	0	0	0	0	0	61.038578	0	0	0	0	0	0	0	0	0	0	0	0	0	0	0	0	0	0	0	0	0	0	0	0	0	0	0	0	0	0	0	0	0	0
genomad_k141_3714950	0	0	0	0	0	0	0	0	0	0	0	0	0	0	0	0	0	0	0	0	0	0	0	0	0	0	0	0	583.39575	0	0	0	0	0	0	0	0	0	0	0	0	0	0	0	0	0	0
genomad_k141_445218	0	0	0	0	0	0	0	0	0	0	0	0	0	0	0	0	0	0	0	0	0	0	0	0	0	0	0	0	34.852943	0	0	0	0	0	0	0	0	0	0	0	0	0	0	0	0	0	0
genomad_k141_146238	0	0	0	0	0	0	0	0	0	0	0	0	0	0	0	0	0	0	0	0	0	0	0	0	0	0	0	0	0	0	0	0	37.54958	9.599016	0	0	0	0	0	0	0	0	0	0	0	0	0
genomad_k141_2941419	0	0	0	0	0	0	0	0	0	0	0	0	0	0	0	0	0	0	0	0	0	0	0	0	0	0	0	0	0	0	0	0	0	13.505197	0	0	0	0	0	0	0	0	0	0	0	0	0
genomad_k141_324832	0	0	0	0	0	0	0	0	0	0	0	0	0	0	0	0	0	0	0	0	0	0	0	0	0	0	0	0	0	0	0	0	245.12527	7.2307463	0	0	0	0	0	0	0	0	0	0	0	0	0
genomad_k141_3119846	0	0	0	0	0	0	0	0	0	0	0	0	0	0	0	0	0	0	0	0	0	0	0	0	0	0	0	0	0	0	0	16.561962	0	7.108523	0	0	0	0	0	0	0	0	0	0	0	0	0
genomad_k141_2227244	0	0	0	0	0	0	0	0	0	0	0	0	0	0	0	0	0	0	0	0	0	0	0	0	0	0	0	0	0	0	51.566036	18.319595	0	0	0	0	0	0	0	0	0	0	0	0	0	0	0
genomad_k141_3178805	0	0	0	0	0	0	0	0	0	0	0	0	0	0	0	0	0	0	0	0	0	0	0	0	0	0	0	0	0	0	0	0	20.98972	15.552125	0	0	0	0	0	0	0	0	0	0	0	0	0
genomad_k141_2406076	0	0	0	0	0	0	0	0	0	0	0	0	0	0	0	0	0	0	0	0	0	0	0	0	0	0	0	0	0	0	54.14857	84.0819	0	0	0	0	0	0	0	0	0	0	0	0	0	0	0
genomad_k141_799327	1589.2334	1891.506	0	0	0	0	0	0	0	0	0	0	0	0	0	0	0	0	0	0	0	0	0	0	0	0	0	0	0	0	0	0	0	0	0	0	0	0	0	0	0	0	0	0	0	0	0
genomad_k141_1811258	0	0	0	0	0	0	0	0	0	0	0	0	0	0	0	0	0	0	0	0	0	0	0	0	0	0	0	0	0	0	0	0	0	18.878849	0	0	0	0	0	0	0	0	0	0	0	0	0
genomad_k141_3595606	0	0	0	0	0	0	0	0	0	0	0	0	0	0	0	0	0	0	0	0	0	0	0	0	0	0	0	0	0	0	0	0	0	0	0	0	0	0	1778.6127	1761.3351	0	0	0	0	0	0	0
genomad_k141_2821132	0	0	0	0	0	0	0	0	0	0	0	0	56.10008	0	0	0	0	0	0	0	0	0	0	0	0	0	0	0	0	0	0	0	0	0	0	0	0	0	0	0	0	0	0	0	0	0	0
genomad_k141_741933	0	0	0	0	0	0	0	0	0	0	0	0	0	0	0	0	0	0	0	0	0	0	0	0	0	0	0	0	0	0	0	13.541835	0	0	0	0	0	0	0	0	0	0	0	0	0	0	0
genomad_k141_799382	0	0	0	0	0	0	0	0	0	0	0	0	0	0	0	0	0	0	0	0	0	0	0	0	0	0	0	0	0	0	0	17.032019	0	8.264611	0	0	0	0	0	0	0	0	0	0	0	0	0
genomad_k141_2465224	0	0	0	0	0	0	0	0	0	0	0	0	0	0	0	0	0	0	0	0	0	0	0	0	0	0	0	0	0	0	208.10562	0	0	0	0	0	0	0	0	0	0	0	0	0	0	0	0
genomad_k141_1514628	0	0	0	0	0	0	0	0	0	0	0	0	0	0	0	0	0	0	0	0	0	0	0	0	0	0	0	0	63.06585	0	0	0	0	0	0	0	0	0	0	0	0	0	0	0	0	0	0
genomad_k141_3238244	0	0	0	0	0	0	0	0	0	0	0	0	0	0	0	0	0	0	0	0	0	0	0	0	0	0	0	0	0	0	0	0	60.15143	0	0	0	0	0	0	0	0	0	0	0	0	0	0
genomad_k141_266072	0	0	0	0	0	0	0	0	0	0	0	0	0	0	0	0	0	0	0	0	0	0	0	0	0	0	0	0	0	0	21.953024	134.20973	0	8.313614	0	0	0	0	0	0	0	0	0	0	0	0	0
genomad_k141_504148	0	0	0	0	0	0	0	0	0	0	0	0	27.354317	0	0	0	0	0	0	0	0	0	0	0	0	0	0	0	0	0	0	0	0	0	0	0	0	0	0	0	0	0	0	0	0	0	0
genomad_k141_1158062	0	0	0	0	0	0	0	0	0	0	0	0	0	0	0	0	0	0	0	0	0	0	0	0	0	0	0	0	0	0	0	0	0	9.589803	0	0	0	0	0	0	0	0	0	0	0	0	0
genomad_k141_562326	0	0	0	0	0	0	0	0	0	0	0	0	0	0	0	0	0	0	0	0	0	0	0	0	0	0	0	0	0	0	0	0	0	0	0	0	0	0	0	0	0	0	0	0	0	0	0
genomad_k141_205492	0	0	0	0	0	0	0	0	0	0	0	0	0	0	0	0	0	0	0	0	0	0	0	0	0	0	0	0	0	0	0	0	78.38404	147.63983	0	69.13208	0	0	0	0	0	0	0	0	0	0	0
genomad_k141_3655247	0	0	0	0	0	0	0	0	0	0	0	0	78.68861	0	0	0	0	0	0	0	0	0	0	0	0	0	0	0	0	0	0	0	0	0	0	0	0	0	0	0	0	0	0	0	0	0	0
genomad_k141_1929536	0	0	0	0	0	0	0	0	0	0	0	0	64.02179	0	0	0	0	0	0	0	0	0	0	0	0	0	0	0	0	0	0	0	0	0	0	0	0	0	0	0	0	0	0	0	0	0	0
genomad_k141_2702790	0	0	0	0	0	0	0	0	0	0	0	0	0	0	0	0	0	0	0	0	0	0	0	0	0	0	0	0	0	0	0	0	40.739502	11.151472	0	0	0	0	0	0	0	0	0	0	0	0	0
genomad_k141_1574047	0	0	0	0	0	0	0	0	0	0	0	0	0	0	0	0	0	0	0	0	0	0	0	0	0	0	0	0	0	0	0	0	31.616415	128.56056	0	53.570126	0	0	0	0	0	0	0	0	0	0	0
genomad_k141_146568	0	0	0	0	0	0	0	0	0	0	0	0	0	0	0	0	0	0	0	0	0	0	0	0	0	0	0	0	0	0	0	0	27.91787	11.2528105	0	0	0	0	0	0	0	0	0	0	0	0	0
genomad_k141_3416122	0	0	0	0	0	0	0	0	0	0	0	0	0	0	0	0	0	0	0	0	0	0	0	0	0	0	0	0	0	0	0	64.659706	0	4.7559056	0	0	0	0	0	0	0	0	0	0	0	0	0
genomad_k141_1454903	0	0	0	0	0	0	0	224.66293	0	0	0	0	0	0	0	0	0	0	0	0	0	0	0	0	0	0	0	0	0	0	44.883358	224.19542	0	0	0	0	0	0	0	0	0	0	0	0	0	0	0
genomad_k141_3535135	0	0	0	0	0	0	0	0	0	0	0	0	0	0	0	0	0	0	0	0	0	0	0	0	0	0	0	0	0	0	0	0	0	15.514578	0	0	0	0	0	0	0	0	0	0	0	0	0
genomad_k141_3595799	0	0	0	0	0	0	0	0	0	0	0	0	0	0	0	0	0	0	0	0	0	0	0	0	0	0	0	0	0	0	0	0	0	28.923151	0	0	0	0	0	0	0	0	0	0	0	0	0
genomad_k141_920491	0	0	0	0	0	0	0	0	0	0	0	0	0	0	0	0	0	0	0	0	0	0	0	0	0	0	0	0	28.808136	0	0	0	0	0	0	0	0	0	0	0	0	0	0	0	0	0	0
genomad_k141_3416200	0	0	0	0	0	0	0	0	0	0	0	0	0	0	0	0	0	0	0	0	0	0	0	0	0	0	0	0	0	0	0	0	0	0	0	104.56473	0	0	0	0	0	0	0	0	0	0	0
genomad_k141_2881190	0	0	0	0	0	0	0	0	0	0	0	0	0	0	0	0	0	0	0	0	0	0	0	0	0	0	0	0	0	0	0	0	0	25.629145	0	0	0	0	0	0	0	0	0	0	0	0	0
genomad_k141_1038730	0	0	0	0	0	0	0	0	0	0	0	0	0	0	0	0	0	0	0	0	0	0	0	0	0	0	0	0	0	0	0	29.133755	0	0	0	0	0	0	0	0	0	0	0	0	0	0	0
genomad_k141_2941850	0	0	0	0	0	0	0	0	0	0	0	0	0	0	0	0	0	0	0	0	0	0	0	0	0	0	0	0	0	0	0	0	0	13.099588	0	0	0	0	0	0	0	0	0	0	0	0	0
genomad_k141_1396414	0	0	0	0	0	0	0	0	0	0	0	0	0	0	0	0	0	0	0	0	0	0	0	0	0	0	0	0	0	0	0	0	0	30.960743	0	0	0	0	0	0	0	0	0	0	0	0	0
genomad_k141_799739	0	0	0	0	0	0	0	0	0	0	0	0	0	0	0	0	0	0	0	0	0	0	0	0	0	0	0	0	0	0	0	0	145.38326	193.09286	0	0	0	0	0	0	0	0	0	0	0	0	0
genomad_k141_1098836	0	0	0	0	0	0	0	0	0	0	0	0	0	0	0	0	0	0	0	0	0	0	0	0	0	0	0	0	0	0	0	0	41.394497	207.87851	0	71.862015	0	0	0	0	0	0	0	0	0	0	0
genomad_k141_562624	0	0	0	0	0	0	0	0	0	0	0	0	0	0	0	0	0	0	0	0	0	0	0	0	0	0	0	0	0	0	0	0	0	8.059887	0	0	0	0	0	0	0	0	0	0	0	0	0
genomad_k141_2941952	0	0	0	0	0	0	0	0	0	0	0	0	0	0	0	0	0	0	0	0	0	0	0	0	0	0	0	0	0	0	0	0	0	6.7226973	0	0	0	0	0	0	0	0	0	0	0	0	0
genomad_k141_146831	0	0	0	0	0	0	0	0	0	0	0	0	0	0	0	0	0	0	0	0	0	0	0	0	0	0	0	0	0	0	0	0	18.334335	14.897097	0	0	0	0	0	0	0	0	0	0	0	0	0
genomad_k141_1217119	0	0	0	0	0	0	0	0	0	0	0	0	0	0	0	0	0	0	0	0	0	0	0	0	0	0	0	0	0	0	0	0	0	10.435422	0	0	0	0	0	0	0	0	0	0	0	0	0
genomad_k141_2049679	0	0	0	0	0	0	0	0	0	0	0	0	0	0	0	0	0	0	0	0	0	0	0	0	0	0	0	0	0	0	0	0	0	20.556107	0	0	0	0	0	0	0	0	0	0	0	0	0
genomad_k141_2108508	0	0	0	0	0	0	0	0	0	0	0	0	0	0	0	0	0	0	0	0	0	0	0	0	0	0	0	0	0	0	0	15.498446	0	0	0	0	0	0	0	0	0	0	0	0	0	0	0
genomad_k141_325417	0	0	0	0	0	0	0	0	0	0	0	0	0	0	0	0	0	0	0	0	0	0	0	0	0	0	0	0	323.40204	0	0	0	0	0	0	0	0	0	0	0	0	0	0	0	0	0	0
genomad_k141_2108510	0	0	0	0	0	0	0	0	0	0	0	0	0	0	0	0	0	0	0	0	0	0	0	0	0	0	0	0	0	0	0	39.79996	0	0	0	0	0	0	0	0	0	0	0	0	0	0	0
genomad_k141_2585240	0	0	0	0	0	0	0	0	0	0	0	0	0	0	0	0	0	0	0	0	0	0	0	0	0	0	0	0	0	0	83.19619	87.06711	0	0	0	0	0	0	0	0	0	0	0	0	0	0	0
genomad_k141_799857	0	0	0	0	0	0	0	0	0	0	0	0	0	0	0	0	0	0	0	0	0	0	0	0	0	0	0	0	0	0	0	0	94.720314	38.662827	0	32.828682	0	0	0	0	0	0	0	0	0	0	0
genomad_k141_1336854	0	0	0	0	0	0	0	0	0	0	0	0	0	0	0	0	0	0	0	0	0	0	0	0	0	0	0	0	759.19775	0	0	0	0	0	0	0	0	0	0	0	0	0	0	0	0	0	0
genomad_k141_682970	0	0	0	0	0	0	0	0	0	0	0	0	0	0	0	0	0	0	0	0	0	1413.7949	0	0	0	0	0	0	0	0	0	0	0	0	0	0	0	0	0	0	0	0	0	0	0	0	0
genomad_k141_3416523	0	0	0	0	0	0	0	0	0	0	0	0	0	0	0	0	0	0	0	0	0	0	0	0	0	0	0	0	0	0	0	0	0	15.95413	0	0	0	0	0	0	0	0	0	0	0	0	0
genomad_k141_979787	0	0	0	0	0	0	0	0	0	0	0	0	0	0	0	0	0	0	0	0	0	0	0	0	0	0	0	0	0	0	0	0	0	144.2587	0	0	0	0	0	0	0	0	0	0	0	0	0
genomad_k141_1692291	0	0	0	0	0	0	0	0	0	0	0	0	0	0	0	0	0	0	0	0	0	0	0	0	0	0	0	0	0	0	0	0	0	12.675218	0	0	0	0	0	0	0	0	0	0	0	0	0
genomad_k141_1871090	0	0	0	0	0	0	0	0	0	0	0	0	0	0	0	0	0	0	0	0	0	0	0	0	0	0	0	0	0	0	0	0	27.907555	4.17775	0	0	0	0	0	0	0	0	0	0	0	0	0
genomad_k141_1811912	0	0	0	0	0	0	0	0	0	0	0	0	0	0	0	0	1143.2626	1297.4484	0	0	0	0	0	0	0	0	0	0	0	0	0	0	0	0	0	0	0	0	0	0	0	0	0	0	0	0	0
genomad_k141_1275566	0	0	0	0	0	0	0	0	0	0	0	0	0	0	0	0	0	0	0	0	0	0	0	0	0	0	0	0	0	0	0	0	0	9.5347595	0	0	0	0	0	0	0	0	0	0	0	0	0
genomad_k141_3298295	0	0	0	0	0	0	0	0	0	0	0	0	0	0	0	0	0	0	0	0	0	0	0	0	0	0	0	0	0	0	0	0	0	10.161053	0	0	0	0	0	0	0	0	0	0	0	0	0
genomad_k141_799980	0	0	0	0	0	0	0	0	0	0	0	0	0	0	0	0	0	0	0	0	0	0	0	0	0	0	0	0	0	0	0	0	0	0	0	78.84132	0	0	0	0	0	0	0	0	0	0	0
genomad_k141_1871127	0	0	0	0	0	0	0	0	0	0	0	0	0	0	0	0	0	0	0	0	0	0	0	0	0	0	0	0	0	0	0	0	84.61241	2.4603112	0	0	0	0	0	0	0	0	0	0	0	0	0
genomad_k141_979878	0	0	0	0	0	0	0	0	0	0	0	0	0	0	0	0	0	0	0	0	0	0	0	0	0	0	0	0	658.8724	892.355	0	0	0	0	0	0	0	0	0	0	0	0	0	0	0	0	0
genomad_k141_3060784	0	0	0	0	0	0	0	0	0	0	0	0	0	0	0	0	0	0	0	0	0	0	0	0	0	0	0	0	0	0	0	0	24.820465	3.170147	0	0	0	0	0	0	0	0	0	0	0	0	0
genomad_k141_325622	0	0	0	0	0	0	0	0	0	0	0	0	0	0	0	0	0	0	0	0	0	0	0	0	0	0	0	0	0	0	0	72.29836	0	0	0	0	0	0	0	0	0	0	0	0	0	0	0
genomad_k141_1396808	0	0	0	0	1103.598	1144.9791	0	0	0	0	0	0	0	0	0	0	0	0	0	0	0	0	0	0	0	0	0	0	0	0	0	0	0	0	0	0	0	0	0	0	0	0	0	0	0	0	0
genomad_k141_3358713	0	0	0	0	0	0	0	0	0	0	0	0	0	0	0	0	0	0	0	0	0	0	0	0	0	0	0	0	0	0	0	0	0	0	0	148.72429	0	0	0	0	0	0	0	0	0	0	0
genomad_k141_2821815	0	0	0	0	0	0	0	0	0	0	0	0	0	0	0	0	0	0	0	0	0	0	0	0	0	0	0	0	0	0	0	0	0	35.139374	0	0	0	0	0	0	0	0	0	0	0	0	0
genomad_k141_3060852	0	0	0	0	0	0	0	0	0	0	0	0	0	0	0	0	0	0	0	0	0	0	0	0	0	0	0	0	0	0	0	52.510803	0	14.66009	0	0	0	0	0	0	0	0	0	0	0	0	0
genomad_k141_3715840	0	0	0	0	0	0	0	0	0	0	0	0	0	0	0	0	0	0	0	0	0	0	0	0	0	0	0	0	0	0	0	0	19.123074	4.683845	0	0	0	0	0	0	0	0	0	0	0	0	0
genomad_k141_325710	0	0	0	0	0	0	0	0	0	0	0	0	0	0	0	0	0	0	0	0	0	0	0	0	0	0	0	0	0	0	0	0	0	17.741255	0	0	0	0	0	0	0	0	0	0	0	0	0
genomad_k141_1396904	0	0	0	0	0	0	0	0	0	0	0	0	0	0	0	0	0	0	0	0	0	0	0	0	0	0	0	0	0	0	0	0	28.840775	12.05219	0	0	0	0	0	0	0	0	0	0	0	0	0
genomad_k141_742754	0	0	0	0	0	0	0	0	0	0	0	0	0	0	0	0	0	0	0	0	0	0	0	0	0	0	0	0	0	0	0	0	24.408257	48.811104	0	0	0	0	0	0	0	0	0	0	0	0	0
genomad_k141_1337073	0	0	0	0	0	0	0	0	0	0	0	0	0	0	0	0	0	0	0	0	0	0	0	0	0	0	0	0	0	0	0	0	40.466686	41.745594	0	0	0	0	0	0	0	0	0	0	0	0	0
genomad_k141_2585566	0	0	0	0	0	0	0	0	0	0	0	0	0	0	0	0	0	0	0	0	0	0	0	0	0	0	0	0	0	0	0	0	0	7.22325	0	0	0	0	0	0	0	0	0	0	0	0	0
genomad_k141_385750	0	0	0	0	0	0	0	0	0	0	0	0	0	0	0	0	0	0	0	0	0	0	0	0	0	0	0	0	0	0	0	0	36.06986	20.40903	0	0	0	0	0	0	0	0	0	0	0	0	0
genomad_k141_325764	0	0	0	0	0	0	0	0	0	0	0	0	0	0	0	0	0	0	0	0	0	0	0	0	0	0	0	0	0	0	0	0	0	12.18096	0	0	0	0	0	0	0	0	0	0	0	0	0
genomad_k141_2821930	0	0	0	0	0	0	0	0	0	0	0	0	0	0	0	0	0	0	0	0	0	0	0	0	0	0	0	0	0	0	0	30.746206	0	32.711205	0	0	0	0	0	0	0	0	0	0	0	0	0
genomad_k141_1574717	0	0	0	0	0	0	0	0	0	0	0	0	0	0	0	0	0	0	0	0	0	0	0	0	0	0	0	0	0	0	990.2198	161.36777	0	0	0	0	0	0	0	0	0	0	0	0	0	0	0
genomad_k141_3358879	0	0	0	0	0	0	0	0	0	0	0	0	101.856064	0	0	0	0	0	0	0	0	0	0	0	0	0	0	0	0	0	0	0	0	0	0	0	0	0	0	0	0	0	0	0	0	0	0
genomad_k141_1099372	0	0	0	0	0	0	0	0	0	0	0	0	0	0	0	0	0	0	0	0	0	0	0	0	0	0	0	0	0	0	0	0	73.575066	250.06694	0	47.08358	0	0	0	0	0	0	0	0	0	0	0
genomad_k141_2881733	0	0	0	0	1204.3756	1160.5817	0	0	0	0	0	0	0	0	0	0	0	0	0	0	0	0	0	0	0	0	0	0	0	0	0	0	11.646642	0	0	0	0	0	0	0	0	0	0	0	0	0	0
genomad_k141_742841	0	0	0	0	0	0	0	0	0	0	0	0	0	0	0	0	0	0	0	0	0	0	0	0	0	0	0	0	0	0	0	0	0	20.756126	0	0	0	0	0	0	0	0	0	0	0	0	0
genomad_k141_1990357	0	0	0	0	0	0	0	0	0	0	0	0	0	0	0	0	0	0	0	0	0	0	0	0	0	0	0	0	0	0	29.701504	92.04518	0	26.816538	0	0	0	0	0	0	0	0	0	0	0	0	0
genomad_k141_1275876	0	0	0	0	0	0	0	0	0	0	0	0	0	0	0	0	0	0	0	0	0	0	0	0	0	0	0	0	0	0	0	8.782885	0	26.930384	0	0	0	0	0	0	0	0	0	0	0	0	0
genomad_k141_1515433	1835.5391	1963.3654	0	0	0	0	0	0	0	0	0	0	0	0	0	0	0	0	0	0	0	0	0	0	0	0	0	0	0	0	0	0	0	0	0	0	0	0	0	0	0	0	0	0	0	0	0
genomad_k141_3001960	0	0	0	0	0	0	0	0	0	0	0	0	0	0	0	0	0	0	0	0	0	0	0	0	0	0	0	0	0	0	0	0	0	14.606904	0	0	0	0	0	0	0	0	0	0	0	0	0
genomad_k141_2881843	0	0	0	0	0	0	0	0	0	0	0	0	0	0	0	0	0	0	0	0	0	0	0	0	0	0	0	0	2499.1135	1301.2113	0	0	0	0	0	0	0	0	0	0	0	0	0	0	0	0	0
genomad_k141_3775896	0	0	0	0	0	0	0	0	0	0	0	0	0	0	0	0	0	0	0	0	0	0	0	0	0	0	0	0	0	0	0	0	0	16.578491	0	0	0	0	0	0	0	0	0	0	0	0	0
genomad_k141_1275939	0	0	0	0	0	0	0	0	0	0	0	0	0	0	0	0	0	0	0	0	0	0	0	0	0	0	0	0	0	0	89.11352	294.19156	0	0	0	0	0	0	0	0	0	0	0	0	0	0	0
genomad_k141_1692751	0	0	0	0	0	0	0	0	0	0	0	0	0	0	0	0	0	0	0	0	0	0	0	0	0	0	0	0	0	0	102.14639	72.45642	0	0	0	0	0	0	0	0	0	0	0	0	0	0	0
genomad_k141_88974	0	0	0	0	0	0	0	0	0	0	0	0	69.98829	0	0	0	0	0	0	0	0	0	0	0	0	0	0	0	0	0	0	0	0	0	0	0	0	0	0	0	0	0	0	0	0	0	0
genomad_k141_1692757	0	0	0	0	0	0	0	0	0	0	0	0	0	0	0	0	0	0	0	0	0	0	0	0	0	0	0	0	0	0	40.27421	0	0	0	0	0	0	0	0	0	0	0	0	0	0	0	0
genomad_k141_3359020	0	0	0	0	0	0	0	0	0	0	0	0	0	0	0	0	0	0	0	0	0	0	0	0	0	0	0	0	0	0	0	0	0	0	0	96.80955	0	0	0	0	0	0	0	0	0	0	0
genomad_k141_3359031	0	0	0	0	0	0	0	0	0	0	0	0	0	0	0	0	0	0	0	0	0	0	0	0	0	0	0	0	0	0	0	0	0	11.995891	0	0	0	0	0	0	0	0	0	0	0	0	0
genomad_k141_563348	0	0	0	0	0	0	0	0	0	0	0	0	0	0	0	0	0	0	0	0	0	0	0	0	0	0	0	0	0	0	0	0	18.646574	24.69706	0	0	0	0	0	0	0	0	0	0	0	0	0
genomad_k141_206537	0	0	0	0	0	0	0	0	0	0	0	0	0	0	0	0	0	0	0	0	0	0	0	0	0	0	0	0	0	0	0	0	0	0	0	140.40385	0	0	0	0	0	0	0	0	0	0	0
genomad_k141_1337322	0	0	0	0	0	0	0	0	0	0	0	0	0	0	0	0	0	0	0	0	0	0	0	0	0	0	0	0	0	0	0	0	19.432327	8.303557	0	0	0	0	0	0	0	0	0	0	0	0	0
genomad_k141_3120894	0	0	0	0	0	0	0	0	0	0	0	0	0	0	0	0	0	0	0	0	0	0	0	0	0	0	0	0	37.666046	0	0	0	0	0	0	0	0	0	0	0	0	0	0	0	0	0	0
genomad_k141_743080	0	0	0	0	0	0	0	0	0	0	0	0	0	0	0	0	0	0	0	0	0	0	0	0	0	0	0	0	0	0	0	0	39.699203	21.11839	0	0	0	0	0	0	0	0	0	0	0	0	0
genomad_k141_2466328	0	0	0	0	0	0	0	0	0	0	0	0	0	0	0	0	0	0	0	0	0	0	0	0	0	0	0	0	0	0	0	0	0	59.201653	0	0	0	0	0	0	0	0	0	0	0	0	0
genomad_k141_3120913	0	0	0	0	0	0	0	0	0	0	0	0	0	0	0	0	0	0	0	0	0	0	0	0	0	0	0	0	0	0	0	0	0	0	0	99.26255	0	0	0	0	0	0	0	0	0	0	0
genomad_k141_267149	0	0	0	0	0	0	0	0	0	0	0	0	23.759241	0	0	0	0	0	0	0	0	0	0	0	0	0	0	0	0	0	0	0	0	0	0	0	0	0	0	0	0	0	0	0	0	0	0
genomad_k141_1397276	0	0	0	0	0	0	0	208.10797	0	0	0	0	0	0	0	0	0	0	0	0	0	0	0	0	0	0	0	0	0	0	0	50.493572	0	0	0	0	0	0	0	0	0	0	0	0	0	0	0
genomad_k141_3596718	0	0	0	0	0	0	0	0	0	0	0	0	0	0	0	0	0	0	0	0	0	0	0	0	0	0	0	0	0	0	0	0	0	12.848821	0	0	0	0	0	0	0	0	0	0	0	0	0
genomad_k141_1990628	0	0	0	0	0	0	0	0	0	0	0	0	0	0	0	0	0	0	0	0	0	0	0	0	0	0	0	0	0	0	0	0	0	0	0	189.5642	0	0	0	0	0	0	0	0	0	0	0
genomad_k141_2822302	0	0	0	0	0	0	0	0	0	0	0	0	73.80225	0	0	0	0	0	0	0	0	0	0	0	0	0	0	0	0	0	0	0	0	0	0	0	0	0	0	0	0	0	0	0	0	0	0
genomad_k141_3359230	0	0	0	0	0	0	0	0	0	0	0	0	0	0	0	0	0	0	0	0	0	0	0	0	0	0	0	0	0	0	0	0	197.90173	76.12037	0	50.59674	0	0	0	0	0	0	0	0	0	0	0
genomad_k141_446614	0	0	0	0	0	0	0	0	0	0	0	0	0	0	0	0	0	0	0	0	0	0	0	0	0	0	0	0	659.08344	797.9098	0	0	0	0	0	0	0	0	0	0	0	0	0	0	0	0	0
genomad_k141_3002213	0	0	0	0	0	0	0	0	0	0	0	0	0	0	0	0	0	0	0	0	0	0	0	0	0	0	0	0	0	0	0	0	102.8644	27.31025	0	0	0	0	0	0	0	0	0	0	0	0	0
genomad_k141_2348841	0	0	0	0	0	0	0	0	0	0	0	0	0	0	0	0	0	0	0	0	0	0	0	0	0	0	0	0	0	0	0	0	0	7.4064217	0	0	0	0	0	0	0	0	0	0	0	0	0
genomad_k141_2050486	0	0	0	0	0	0	0	0	0	0	0	0	0	0	0	0	0	0	0	0	0	0	0	0	0	0	0	0	0	0	0	0	0	13.188573	0	0	0	0	0	0	0	0	0	0	0	0	0
genomad_k141_1397368	0	0	0	0	0	0	0	0	0	0	0	0	0	0	0	0	0	0	0	0	0	0	0	0	0	0	0	0	0	0	0	0	25.16947	13.453606	0	0	0	0	0	0	0	0	0	0	0	0	0
genomad_k141_3776166	0	0	0	0	0	0	0	0	0	0	0	0	0	0	0	0	0	0	0	0	0	0	0	0	0	0	0	0	0	0	0	0	0	7.1133385	0	0	0	0	0	0	0	0	0	0	0	0	0
genomad_k141_2348873	0	0	0	0	0	0	0	0	0	0	0	0	0	0	0	0	0	0	0	0	0	0	0	0	0	0	0	0	0	0	0	0	51.97928	52.253162	0	0	0	0	0	0	0	0	0	0	0	0	0
genomad_k141_3776183	0	0	0	0	1642.2643	1650.523	0	0	0	0	0	0	0	0	0	0	0	0	0	0	0	0	0	0	0	0	0	0	0	0	0	0	0	0	0	0	0	0	0	0	0	0	0	0	0	0	0
genomad_k141_1930795	0	0	0	0	0	0	0	0	0	0	0	0	0	0	0	0	0	0	0	0	0	0	0	0	0	0	0	0	0	0	0	0	44.463146	9.325752	0	0	0	0	0	0	0	0	0	0	0	0	0
genomad_k141_2586034	0	0	0	0	0	0	0	0	0	0	0	0	0	0	0	0	0	0	0	0	0	0	0	0	0	0	0	0	0	0	0	0	25.366638	8.4730425	0	0	0	0	0	0	0	0	0	0	0	0	0
genomad_k141_1871883	0	0	0	0	0	0	0	0	0	0	0	0	0	0	0	0	0	0	0	0	0	0	0	0	0	0	0	0	0	0	0	0	0	11.813664	0	0	0	0	0	0	0	0	0	0	0	0	0
genomad_k141_3417364	0	0	0	0	0	0	0	0	0	0	0	0	0	0	0	0	0	0	0	0	0	0	0	0	0	0	0	0	0	0	0	0	126.81413	74.15792	0	0	0	0	0	0	0	0	0	0	0	0	0
genomad_k141_683889	0	0	0	0	0	0	0	0	0	0	0	0	0	0	0	0	0	0	0	0	0	0	0	0	0	0	0	0	0	0	0	0	37.205868	3.9597068	0	0	0	0	0	0	0	0	0	0	0	0	0
genomad_k141_2763657	0	0	0	0	0	0	0	0	0	0	0	0	0	0	0	0	0	0	0	0	0	0	0	0	0	0	0	0	0	0	0	0	0	12.638098	0	0	0	0	0	0	0	0	0	0	0	0	0
genomad_k141_3180250	0	0	0	0	0	0	0	0	0	0	0	0	0	0	0	0	0	0	0	0	0	0	0	0	0	0	0	0	0	0	0	32.497944	0	5.9448957	0	0	0	0	0	0	0	0	0	0	0	0	0
genomad_k141_3656384	0	0	0	0	0	0	0	0	0	0	0	0	0	0	0	0	0	0	0	0	0	0	0	0	0	0	0	0	0	0	0	0	0	18.206446	0	0	0	0	0	0	0	0	0	0	0	0	0
genomad_k141_28988	0	0	0	0	0	0	0	0	0	0	0	0	0	0	0	0	0	0	0	0	0	0	0	0	0	0	0	0	0	0	66.125	15.117066	0	0	0	0	0	0	0	0	0	0	0	0	0	0	0
genomad_k141_800818	0	0	0	0	0	0	0	0	0	0	0	0	0	0	0	0	0	0	0	0	0	0	0	0	0	0	0	0	0	0	34.262573	28.282825	0	0	0	0	0	0	0	0	0	0	0	0	0	0	0
genomad_k141_2526776	0	0	0	0	0	0	0	0	0	0	0	0	0	0	0	0	0	0	0	0	0	0	0	0	0	0	0	0	0	0	23.038439	81.63691	15.323604	15.099467	0	0	0	0	0	0	0	0	0	0	0	0	0
genomad_k141_2050699	0	0	0	0	0	0	0	0	0	0	0	0	0	0	0	0	0	0	0	0	0	0	0	0	0	0	0	0	0	0	587.3719	27.347662	0	0	0	0	0	0	0	0	0	0	0	0	0	0	0
genomad_k141_386497	0	0	0	0	0	0	0	0	0	0	0	0	0	0	0	0	0	0	0	0	0	0	0	0	0	0	0	0	0	0	0	0	0	36.56528	0	0	0	0	0	0	0	0	0	0	0	0	0
genomad_k141_505740	0	0	0	0	0	0	0	0	0	0	0	0	0	0	0	0	0	0	0	0	0	0	0	0	0	0	0	0	0	0	0	40.339012	0	0	0	0	0	0	0	0	0	0	0	0	0	0	0
genomad_k141_3002554	0	0	0	0	0	0	0	433.62164	0	0	0	0	0	0	0	0	0	0	0	0	0	0	0	0	0	0	0	0	0	0	3923.129	951.6596	0	0	0	0	0	0	0	0	0	0	0	0	0	0	0
genomad_k141_1753716	0	0	0	0	0	0	0	0	0	0	0	0	0	0	0	0	0	0	0	0	0	0	0	0	0	0	0	0	151.83699	0	0	0	0	0	0	0	0	0	0	0	0	0	0	0	0	0	0
genomad_k141_2704143	0	0	0	0	0	0	0	0	0	0	0	0	0	0	0	0	0	0	0	0	0	0	0	0	0	0	0	0	0	0	0	0	0	4.236324	0	0	0	0	0	0	0	0	0	0	0	0	0
genomad_k141_2228925	0	0	0	0	0	0	0	0	0	0	0	0	0	0	0	0	0	0	0	0	0	0	0	0	0	0	0	0	0	0	0	0	24.504486	8.853817	0	0	0	0	0	0	0	0	0	0	0	0	0
genomad_k141_1276594	0	0	0	0	0	0	0	0	0	0	0	0	0	0	0	0	0	0	0	0	0	0	0	0	0	0	0	0	0	0	0	0	19.040823	17.503822	0	0	0	0	0	0	0	0	0	0	0	0	0
genomad_k141_3776500	0	0	0	0	0	0	0	0	0	0	0	0	0	0	0	0	0	0	0	0	0	0	0	0	0	0	0	0	0	0	0	0	0	28.944464	0	0	0	0	0	0	0	0	0	0	0	0	0
genomad_k141_921908	0	0	0	0	0	0	0	0	0	0	0	0	0	0	0	0	0	0	0	0	0	0	0	0	0	0	0	0	0	0	0	0	0	21.992998	0	0	0	0	0	0	0	0	0	0	0	0	0
genomad_k141_3121391	0	0	0	0	0	0	0	0	0	0	0	0	0	0	0	0	0	0	0	0	0	0	0	0	0	0	0	0	568.5547	1667.943	0	0	0	0	0	0	0	0	0	0	0	0	0	0	0	0	0
genomad_k141_2228941	0	0	0	0	0	0	0	0	0	0	0	0	0	0	0	0	0	0	0	0	0	0	0	0	0	0	0	0	0	0	34.75824	192.5561	0	0	0	0	0	0	0	0	0	0	0	0	0	0	0
genomad_k141_1931122	0	0	0	0	0	0	0	0	0	0	0	0	0	0	0	0	0	0	0	0	0	0	0	0	0	0	0	0	0	0	0	0	86.27361	207.0939	0	23.82843	0	0	0	0	0	0	0	0	0	0	0
genomad_k141_447056	0	0	0	0	0	0	0	0	0	0	0	0	0	0	0	0	0	0	0	0	0	0	0	0	0	0	0	0	0	0	0	0	0	11.429842	0	0	0	0	0	0	0	0	0	0	0	0	0
genomad_k141_267628	0	0	0	0	0	0	0	0	0	0	0	0	234.5378	0	0	0	0	0	0	0	0	0	0	0	0	0	0	0	0	0	0	0	0	0	0	0	0	0	0	0	0	0	0	0	0	0	0
genomad_k141_207072	0	0	0	0	0	0	0	0	0	0	0	0	0	0	0	0	629.61176	593.3576	0	0	0	0	0	0	0	0	0	0	0	0	0	0	0	0	0	0	0	0	0	0	0	0	0	0	0	0	0
genomad_k141_800981	0	0	0	0	0	0	0	0	0	0	0	0	0	0	0	0	0	0	0	0	0	0	0	0	0	0	0	0	0	0	0	25.558409	0	30.649988	0	0	0	0	0	0	0	0	0	0	0	0	0
genomad_k141_684126	0	0	0	0	0	0	0	0	0	0	0	0	0	0	0	0	0	0	0	0	0	0	0	0	0	0	0	0	0	0	0	0	0	10.432632	0	0	0	0	0	0	0	0	0	0	0	0	0
genomad_k141_1159677	0	0	0	0	0	0	0	0	0	0	0	0	0	0	0	0	0	0	0	0	0	0	0	0	0	0	0	0	0	0	0	0	87.60513	0	0	0	0	0	0	0	0	0	0	0	0	0	0
genomad_k141_2763889	0	0	0	0	0	0	0	0	0	0	0	0	0	0	0	0	0	0	0	0	0	0	0	0	0	0	0	0	0	0	0	0	59.569546	0	0	0	0	0	0	0	0	0	0	0	0	0	0
genomad_k141_2763890	0	0	0	0	0	0	0	0	0	0	0	0	0	0	0	0	0	0	0	0	0	0	0	0	0	0	0	0	0	0	0	0	14.743684	7.961453	0	0	0	0	0	0	0	0	0	0	0	0	0
genomad_k141_89709	0	0	0	0	0	0	0	0	0	0	0	0	0	0	0	0	0	0	0	0	0	0	0	0	0	0	0	0	0	0	0	0	45.225674	42.241116	0	29.99859	0	0	0	0	0	0	0	0	0	0	0
genomad_k141_1753870	0	0	0	0	0	0	0	0	0	0	0	0	0	0	0	0	0	0	0	0	0	0	0	0	0	0	0	0	159.37218	0	0	0	0	0	0	0	0	0	0	0	0	0	0	0	0	0	0
genomad_k141_1635129	0	0	0	0	0	0	0	0	0	0	0	0	0	0	0	0	0	0	0	0	0	0	0	0	0	0	0	0	0	0	0	0	0	9.236593	0	0	0	0	0	0	0	0	0	0	0	0	0
genomad_k141_1218374	0	0	0	0	0	0	0	0	0	0	0	0	0	0	0	0	0	0	0	0	0	0	0	0	0	0	0	0	0	0	0	0	0	11.740902	0	0	0	0	0	0	0	0	0	0	0	0	0
genomad_k141_386673	0	0	0	0	0	0	0	0	0	0	0	0	0	0	0	0	0	0	0	0	0	0	0	0	0	0	0	0	0	0	0	60.60517	0	13.325592	0	0	0	0	0	0	0	0	0	0	0	0	0
genomad_k141_3002718	0	0	0	0	0	0	0	0	0	0	0	0	0	0	0	0	0	0	0	0	0	0	0	0	0	0	0	0	0	0	0	0	41.29722	74.194664	0	0	0	0	0	0	0	0	0	0	0	0	0
genomad_k141_2169185	0	0	0	0	0	0	0	0	0	0	0	0	0	0	0	0	0	0	0	0	0	0	0	0	0	0	0	0	0	0	0	0	119.94939	0	0	0	0	0	0	0	0	0	0	0	0	0	0
genomad_k141_1456456	0	0	0	0	1040.1884	1141.5563	0	0	547.70386	0	0	0	0	0	0	0	0	0	0	0	0	0	0	0	0	0	0	0	0	0	0	0	0	0	0	0	0	0	0	0	0	0	0	0	0	0	0
genomad_k141_3061853	0	0	0	0	0	0	0	0	0	0	0	0	0	0	0	0	0	0	0	0	0	0	0	0	0	0	0	0	0	0	0	0	27.2592	15.62971	0	0	0	0	0	0	0	0	0	0	0	0	0
genomad_k141_1218430	0	0	0	0	0	0	0	0	0	0	0	0	0	0	0	0	0	0	0	0	0	0	0	0	0	0	0	0	0	0	0	0	19.855976	4.681317	0	0	0	0	0	0	0	0	0	0	0	0	0
genomad_k141_2169203	0	0	0	0	0	0	0	0	0	0	0	0	0	0	0	0	0	0	0	0	0	0	0	0	0	0	0	0	0	0	0	0	119.18162	71.9164	0	38.47633	0	0	0	0	0	0	0	0	0	0	0
genomad_k141_3776693	0	0	0	0	0	0	0	0	0	0	0	0	0	0	0	0	0	0	0	0	0	0	0	0	0	0	0	0	0	0	0	0	41.54527	91.545204	0	26.740952	0	0	0	0	0	0	0	0	0	0	0
genomad_k141_3478301	0	0	0	0	0	0	0	0	0	0	0	0	0	0	0	0	0	0	0	0	0	0	0	0	0	0	0	0	0	0	0	0	150.11223	44.460064	0	0	0	0	0	0	0	0	0	0	0	0	0
genomad_k141_3121619	0	0	0	0	0	0	0	0	0	0	0	0	0	0	0	0	0	0	0	0	0	0	0	0	0	0	0	0	0	0	0	63.44595	0	0	0	0	0	0	0	0	0	0	0	0	0	0	0
genomad_k141_981142	0	0	0	0	0	0	0	0	0	0	0	0	0	0	0	0	0	0	0	0	0	0	0	0	0	0	0	0	0	0	0	0	0	15.709496	0	0	0	0	0	0	0	0	0	0	0	0	0
genomad_k141_1100347	0	0	0	0	0	0	0	0	0	0	0	0	0	0	0	0	0	0	0	0	0	0	0	0	0	0	0	0	276.79227	1106.2975	0	0	0	0	0	0	0	0	0	0	0	0	0	0	0	0	0
genomad_k141_1693612	0	0	0	0	0	0	0	0	0	0	0	0	0	0	0	0	0	0	0	0	0	0	0	0	0	0	0	0	0	0	0	0	0	12.426166	0	0	0	0	0	0	0	0	0	0	0	0	0
genomad_k141_2943513	0	0	0	0	0	0	0	0	0	0	0	0	0	0	0	0	0	0	0	0	0	0	0	0	0	0	0	0	0	0	0	25.733408	0	0	0	0	0	0	0	0	0	0	0	0	0	0	0
genomad_k141_3299507	0	0	0	0	0	0	0	0	0	0	0	0	0	0	0	0	0	0	0	0	0	0	0	0	0	0	0	0	0	0	0	0	42.483883	74.92981	0	33.916813	0	0	0	0	0	0	0	0	0	0	0
genomad_k141_3478340	0	0	0	0	0	0	0	0	0	0	0	0	0	0	0	0	0	0	0	0	0	0	0	0	0	0	0	0	0	0	0	0	0	10.363383	0	0	0	0	0	0	0	0	0	0	0	0	0
genomad_k141_2169284	0	0	0	0	0	0	0	0	0	0	0	0	0	0	0	0	0	0	0	0	0	0	0	0	0	0	0	0	0	0	0	0	62.695816	49.231876	0	0	0	0	0	0	0	0	0	0	0	0	0
genomad_k141_2349550	0	0	0	0	0	0	0	0	0	0	0	0	0	0	0	0	0	0	0	0	0	0	0	0	0	0	0	0	0	0	0	0	0	96.22011	0	0	0	0	0	0	0	0	0	0	0	0	0
genomad_k141_1100391	0	0	0	0	0	0	0	0	0	0	0	0	0	0	0	0	0	0	0	0	0	0	0	0	0	0	0	0	0	0	0	116.065605	0	0	0	0	0	0	0	0	0	0	0	0	0	0	0
genomad_k141_3417950	0	0	0	0	0	0	0	0	0	0	0	0	0	0	0	0	0	0	0	0	0	0	0	0	0	0	0	0	0	0	0	0	41.075314	254.54314	0	62.291164	0	0	0	0	0	0	0	0	0	0	0
genomad_k141_2704472	0	0	0	0	0	0	0	0	0	0	0	0	0	0	0	0	1891.6233	2001.6191	0	0	0	0	0	0	0	0	0	0	0	0	0	0	0	0	0	0	0	0	0	0	0	0	0	0	0	0	0
genomad_k141_386902	0	0	0	0	0	0	0	0	0	0	0	0	0	0	0	0	0	0	0	0	0	0	0	0	0	0	0	0	0	0	88.351906	73.8432	31.605875	28.184435	0	0	0	0	0	0	0	0	0	0	0	0	0
genomad_k141_2289083	0	0	0	0	0	0	0	0	0	0	0	0	0	0	0	0	0	0	0	0	0	0	0	0	0	0	0	0	0	0	0	0	24.587622	64.06381	0	0	0	0	0	0	0	0	0	0	0	0	0
genomad_k141_1040523	0	0	0	0	0	0	0	0	0	0	0	0	0	0	0	0	0	0	0	0	0	2093.0117	0	0	0	0	0	0	0	0	0	0	0	0	0	0	0	0	0	0	0	0	0	0	0	0	0
genomad_k141_1040534	0	0	0	0	0	0	0	1221.6631	0	0	0	0	0	0	0	0	0	0	0	0	0	0	0	0	0	0	0	0	0	0	390.93445	469.58298	0	0	0	0	0	0	0	0	0	0	0	0	0	0	0
genomad_k141_2704533	0	0	0	0	0	0	0	0	0	0	0	0	0	0	0	0	0	0	0	0	0	0	0	0	0	0	0	0	0	0	0	0	25.994955	27.052458	0	0	0	0	0	0	0	0	0	0	0	0	0
genomad_k141_447417	0	0	0	0	0	0	0	0	0	0	0	0	0	0	0	0	0	0	0	0	0	0	0	0	0	0	0	0	0	0	0	0	0	14.045158	0	0	0	0	0	0	0	0	0	0	0	0	0
genomad_k141_2349676	0	0	0	0	0	0	0	0	0	0	0	0	0	0	0	0	0	0	0	0	0	0	0	0	0	0	0	0	0	0	0	0	28.447168	186.91699	0	73.035645	0	0	0	0	0	0	0	0	0	0	0
genomad_k141_2109996	0	0	0	0	0	0	0	0	0	0	0	0	0	0	0	0	0	0	0	0	0	0	0	0	0	0	0	0	0	0	0	27.960852	0	2.140833	0	0	0	0	0	0	0	0	0	0	0	0	0
genomad_k141_2349688	0	0	0	0	0	0	0	0	0	0	0	0	0	0	0	0	0	0	0	0	0	0	0	0	0	0	0	0	0	0	0	0	43.419582	20.044485	0	0	0	0	0	0	0	0	0	0	0	0	0
genomad_k141_744129	0	0	0	0	0	0	0	0	0	0	0	0	0	0	0	0	0	0	0	0	0	0	0	0	0	0	0	0	100.86826	239.13919	0	0	0	0	0	0	0	0	0	0	0	0	0	0	0	0	0
genomad_k141_2110047	0	0	0	0	0	0	0	0	0	0	0	0	0	0	0	0	0	0	0	0	0	0	0	0	0	0	0	0	0	0	0	0	23.105196	9.001537	0	0	0	0	0	0	0	0	0	0	0	0	0
genomad_k141_1635505	0	0	0	0	0	0	0	0	0	0	0	0	0	0	0	0	0	0	0	0	0	0	0	0	0	0	0	0	0	0	0	0	0	0	786.0696	0	0	0	0	0	0	0	0	0	0	0	0
genomad_k141_3299718	0	0	0	0	0	0	0	0	0	0	0	0	0	0	0	0	0	0	0	0	0	0	0	0	0	0	0	0	0	0	0	0	37.80404	3.4113631	0	0	0	0	0	0	0	0	0	0	0	0	0
genomad_k141_2586635	0	0	0	0	0	0	0	0	0	0	0	0	0	0	0	0	0	0	0	0	0	0	0	0	0	0	0	0	0	0	0	0	42.52022	15.622641	0	0	0	0	0	0	0	0	0	0	0	0	0
genomad_k141_1277039	0	0	0	0	0	0	0	0	0	0	0	0	0	0	0	0	0	0	0	0	0	0	0	0	0	0	0	0	0	0	0	0	0	22.472448	0	0	0	0	0	0	0	0	0	0	0	0	0
genomad_k141_2408115	0	0	0	0	0	0	0	0	0	0	0	0	0	0	0	0	0	0	0	0	0	0	0	0	0	0	0	0	0	0	0	0	0	6.8719554	0	0	0	0	0	0	0	0	0	0	0	0	0
genomad_k141_1338346	0	0	0	0	0	0	0	0	0	0	0	0	0	0	0	0	0	0	0	0	0	0	0	0	0	0	0	0	0	0	0	0	0	7.40872	0	0	0	0	0	0	0	0	0	0	0	0	0
genomad_k141_564368	0	0	0	0	0	0	0	0	0	0	0	0	0	0	0	0	0	0	0	0	0	0	0	0	0	0	0	0	0	0	0	0	24.40562	26.790367	0	0	0	0	0	0	0	0	0	0	0	0	0
genomad_k141_90181	0	0	0	0	0	0	0	0	0	0	0	0	0	0	0	0	0	0	0	0	0	0	0	0	0	0	0	0	0	0	0	35.581474	0	0	0	0	0	0	0	0	0	0	0	0	0	0	0
genomad_k141_801470	0	0	0	0	0	0	0	0	0	0	0	0	0	0	0	0	0	0	0	0	0	0	0	0	0	0	0	0	0	0	0	0	37.626675	5.414005	0	0	0	0	0	0	0	0	0	0	0	0	0
genomad_k141_744202	0	0	0	0	0	0	0	0	0	0	0	0	0	0	0	0	0	0	0	0	0	0	0	0	0	0	0	0	0	0	0	0	60.99065	43.228096	0	0	0	0	0	0	0	0	0	0	0	0	0
genomad_k141_3597674	0	0	0	0	0	0	0	0	0	0	0	0	0	0	0	0	0	0	0	0	0	0	0	0	0	0	0	0	0	0	31.561623	23.414448	0	18.721743	0	0	0	0	0	0	0	0	0	0	0	0	0
genomad_k141_1931697	0	0	0	0	0	0	0	0	0	0	0	0	0	0	0	0	0	0	0	0	0	0	0	0	0	0	0	0	0	0	0	0	0	14.912192	0	0	0	0	0	0	0	0	0	0	0	0	0
genomad_k141_2408190	0	0	0	0	0	0	0	0	0	0	0	0	0	0	0	0	0	0	0	0	0	0	0	0	0	0	0	0	0	0	0	25.954412	0	0	0	0	0	0	0	0	0	0	0	0	0	0	0
genomad_k141_3597740	0	0	0	0	0	0	0	0	0	0	0	0	0	0	0	0	0	0	0	0	0	0	0	0	0	0	0	0	0	0	0	0	55.278503	84.029976	0	0	0	0	0	0	0	0	0	0	0	0	0
genomad_k141_387172	0	0	0	0	0	0	0	0	0	0	0	0	0	0	0	0	0	0	0	0	0	0	0	0	0	0	0	0	0	0	0	23.320024	0	0	0	0	0	0	0	0	0	0	0	0	0	0	0
genomad_k141_2229597	0	0	0	0	0	0	0	0	0	0	0	0	0	0	0	0	0	0	0	0	0	0	0	0	0	0	0	0	0	0	0	0	0	22.044455	0	0	0	0	0	0	0	0	0	0	0	0	0
genomad_k141_2289304	0	0	0	0	0	0	0	0	0	0	0	0	0	0	0	0	0	0	0	0	0	0	0	0	0	0	0	0	0	0	0	0	0	6.0973644	0	0	0	0	0	0	0	0	0	0	0	0	0
genomad_k141_2289305	0	0	0	0	0	0	0	0	0	0	0	0	0	0	0	0	0	0	0	0	0	0	0	0	0	0	0	0	0	0	0	0	0	0	0	0	0	0	0	0	0	0	0	0	0	0	0
genomad_k141_2110214	0	0	0	0	0	0	0	0	0	0	0	0	0	0	0	0	0	0	0	0	0	0	0	0	0	0	0	0	0	0	0	0	0	34.292576	0	0	0	0	0	0	0	0	0	0	0	0	0
genomad_k141_2349899	0	0	0	0	0	0	0	0	0	0	0	0	0	0	0	0	0	0	0	0	0	0	0	0	0	0	0	0	0	0	0	0	0	8.219995	0	0	0	0	0	0	0	0	0	0	0	0	0
genomad_k141_2764423	0	0	0	0	0	0	0	0	0	0	0	0	0	0	0	0	0	0	0	0	0	0	0	0	0	0	0	0	0	0	0	0	150.15146	9.611576	0	0	0	0	0	0	0	0	0	0	0	0	0
genomad_k141_564544	0	0	0	0	0	0	0	0	0	0	0	0	0	0	0	0	0	0	0	0	0	0	0	0	0	0	0	0	0	0	0	0	27.615347	121.862076	0	0	0	0	0	0	0	0	0	0	0	0	0
genomad_k141_268166	0	0	0	0	0	0	0	0	0	0	0	0	0	0	0	0	0	0	0	0	0	0	0	0	0	0	0	0	0	0	0	0	0	0	1763.292	404.4282	0	0	0	0	0	0	0	0	0	0	0
genomad_k141_3418198	0	0	0	0	0	0	0	0	0	0	0	0	0	0	0	0	0	0	0	0	0	0	0	0	0	0	0	0	0	0	0	0	59.051025	8.745401	0	0	0	0	0	0	0	0	0	0	0	0	0
genomad_k141_1813621	0	0	0	0	0	0	0	0	0	0	0	0	0	0	0	0	0	0	0	0	0	0	0	0	0	0	0	0	0	0	0	0	0	11.362378	0	0	0	0	0	0	0	0	0	0	0	0	0
genomad_k141_2467580	0	0	0	0	0	0	0	0	0	0	0	0	0	0	0	0	0	0	0	0	0	0	0	0	0	0	0	0	0	0	0	33.9925	0	3.7912738	0	0	0	0	0	0	0	0	0	0	0	0	0
genomad_k141_1160414	0	0	0	0	0	0	0	0	0	0	0	0	0	0	0	0	0	0	0	0	0	0	0	0	0	0	0	0	0	0	0	0	54.94423	28.297506	0	0	0	0	0	0	0	0	0	0	0	0	0
genomad_k141_3003346	0	0	0	0	0	0	0	0	0	0	0	0	0	0	0	0	0	0	0	0	0	0	0	0	0	0	0	0	0	0	0	41.44051	0	4.0346084	0	0	0	0	0	0	0	0	0	0	0	0	0
genomad_k141_1991899	0	0	0	0	0	0	0	0	0	0	0	0	0	0	0	0	0	0	0	0	0	0	0	0	0	0	0	0	0	0	0	0	0	16.349869	0	0	0	0	0	0	0	0	0	0	0	0	0
genomad_k141_922719	0	0	0	0	0	0	0	0	0	0	0	0	0	0	0	0	0	0	0	0	0	0	0	0	0	0	0	0	0	0	0	0	0	5.573747	0	0	0	0	0	0	0	0	0	0	0	0	0
genomad_k141_1576275	0	0	0	0	0	0	0	0	0	0	0	0	0	0	0	0	0	0	0	0	0	0	0	0	0	0	0	0	0	0	51.936848	14.480403	0	0	0	0	0	0	0	0	0	0	0	0	0	0	0
genomad_k141_3777227	0	0	0	0	0	0	0	0	0	0	0	0	0	0	0	0	0	0	0	0	0	0	0	0	0	0	0	0	0	0	0	111.16389	0	63.200253	0	0	0	0	0	0	0	0	0	0	0	0	0
genomad_k141_2527719	0	0	0	0	0	0	0	0	0	0	0	0	0	0	0	0	0	0	0	0	0	0	0	0	0	0	0	0	0	0	0	0	255.86351	541.07745	0	0	0	0	0	0	0	0	0	0	0	0	0
genomad_k141_1338676	0	0	0	0	0	0	0	0	0	0	0	0	0	0	0	0	0	0	0	0	0	0	0	0	0	0	0	0	0	0	0	0	0	10.652321	0	0	0	0	0	0	0	0	0	0	0	0	0
genomad_k141_387335	0	0	0	0	0	0	0	0	0	0	0	0	0	0	0	0	0	0	0	0	0	0	0	0	0	0	0	0	0	0	0	0	0	14.996752	0	0	0	0	0	0	0	0	0	0	0	0	0
genomad_k141_1754492	0	0	0	0	0	0	0	0	0	0	0	0	0	0	0	0	0	0	0	0	0	0	0	0	0	0	0	0	0	0	0	0	0	8.265135	0	0	0	0	0	0	0	0	0	0	0	0	0
genomad_k141_3300108	0	0	0	0	0	0	0	0	0	0	0	0	0	0	0	0	0	0	0	0	0	0	0	0	0	0	0	0	0	0	0	38.79776	0	0	0	0	0	0	0	0	0	0	0	0	0	0	0
genomad_k141_3240773	0	0	0	0	0	0	0	0	0	0	0	0	0	0	0	0	0	0	0	0	0	0	0	0	0	0	0	0	0	0	0	0	45.44646	34.687923	0	0	0	0	0	0	0	0	0	0	0	0	0
genomad_k141_1219206	0	0	0	0	0	0	0	0	0	0	0	0	0	0	0	0	0	0	0	0	0	0	0	0	0	0	0	0	0	0	0	0	33.583	4.0886183	0	0	0	0	0	0	0	0	0	0	0	0	0
genomad_k141_1754520	0	0	0	0	0	0	0	0	0	0	0	0	0	0	0	0	0	0	0	0	0	0	0	0	0	0	0	0	0	0	0	18.819479	0	5.067027	0	0	0	0	0	0	0	0	0	0	0	0	0
genomad_k141_922887	0	0	0	0	0	0	0	0	0	0	0	0	0	0	0	0	0	0	0	0	0	0	0	0	0	0	0	0	0	0	0	0	69.79521	78.57897	0	0	0	0	0	0	0	0	0	0	0	0	0
genomad_k141_2350180	0	0	0	0	0	0	0	0	0	0	0	0	0	0	0	0	0	0	0	0	0	0	0	0	0	0	0	0	0	0	0	31.73997	0	0	0	0	0	0	0	0	0	0	0	0	0	0	0
genomad_k141_447953	0	0	0	0	0	0	0	0	0	0	0	0	0	0	0	0	1755.7119	1825.954	0	0	0	0	0	0	0	0	0	0	0	0	0	0	0	0	0	0	0	0	0	0	0	0	0	0	0	0	0
genomad_k141_2467858	0	0	0	0	0	0	0	0	0	0	0	0	0	0	0	0	0	0	0	0	0	0	0	0	0	0	0	0	0	0	0	0	0	26.9076	0	0	0	0	0	0	0	0	0	0	0	0	0
genomad_k141_744522	0	0	0	0	0	0	0	0	0	0	0	0	0	0	0	0	0	0	0	0	0	0	0	0	0	0	0	0	0	0	30.007954	29.938	0	0	0	0	0	0	0	0	0	0	0	0	0	0	0
genomad_k141_3598097	0	0	0	0	0	0	0	283.9306	0	0	0	0	0	0	0	0	0	0	0	0	0	0	0	0	0	0	0	0	0	0	280.73608	292.0228	0	17.2983	0	0	0	0	0	0	0	0	0	0	0	0	0
genomad_k141_2764852	0	0	0	0	0	0	0	0	0	0	0	0	0	0	0	0	0	0	0	0	0	0	0	0	0	0	0	0	0	0	0	0	81.84624	12.624094	0	0	0	0	0	0	0	0	0	0	0	0	0
genomad_k141_2705138	0	0	0	0	0	0	0	0	0	0	0	0	0	0	0	0	0	0	0	0	0	0	0	0	0	0	0	0	40.75845	0	0	0	0	0	0	0	0	0	0	0	0	0	0	0	0	0	0
genomad_k141_1517239	0	0	0	0	0	0	0	0	0	0	0	0	0	0	0	0	0	0	0	0	0	0	0	0	0	0	0	0	0	0	0	0	0	10.0668545	0	0	0	0	0	0	0	0	0	0	0	0	0
genomad_k141_90789	0	0	0	0	0	0	0	0	3445.8794	3256.7805	0	0	0	0	0	0	0	0	0	0	0	0	0	0	0	2718.4875	0	0	0	0	0	0	0	0	0	0	0	0	0	0	0	0	0	0	0	0	0
genomad_k141_2230020	0	0	0	0	0	0	0	0	0	0	0	0	0	0	0	0	0	0	0	0	0	0	0	0	0	0	0	0	0	0	0	0	0	5.7671037	0	0	0	0	0	0	0	0	0	0	0	0	0
genomad_k141_744655	0	0	0	0	0	0	0	0	0	0	0	0	0	0	0	0	0	0	0	0	0	0	0	0	0	0	0	0	0	0	0	40.231148	114.95199	30.391376	0	0	0	0	0	0	0	0	0	0	0	0	0
genomad_k141_2528111	0	0	0	0	0	0	0	0	0	0	0	0	0	0	0	0	0	0	0	0	0	0	0	0	0	0	0	0	0	0	0	0	0	9.8120575	0	0	0	0	0	0	0	0	0	0	0	0	0
genomad_k141_802296	0	0	0	0	0	0	0	0	0	0	0	0	0	0	0	0	0	0	0	0	0	0	0	0	0	0	0	0	0	0	0	0	0	11.0426235	0	0	0	0	0	0	0	0	0	0	0	0	0
genomad_k141_1517383	0	0	0	0	0	0	0	0	0	0	0	0	0	0	0	0	0	0	0	0	0	0	0	0	0	0	0	0	60.807945	0	0	0	0	0	0	0	0	0	0	0	0	0	0	0	0	0	0
genomad_k141_3300412	0	0	0	0	0	0	0	0	0	0	0	0	0	0	0	0	0	0	0	0	0	0	0	0	0	0	0	0	0	0	2708.1428	695.66223	0	0	0	0	0	0	0	0	0	0	0	0	0	0	0
genomad_k141_2408844	0	0	0	0	0	0	0	0	0	0	0	0	0	0	0	0	0	0	0	0	0	0	0	0	0	0	0	0	0	0	0	0	0	9.996467	0	0	0	0	0	0	0	0	0	0	0	0	0
genomad_k141_1814293	0	0	0	0	0	0	0	0	0	0	0	0	85.29746	0	0	0	0	0	0	0	0	0	0	0	0	0	0	0	0	0	0	0	0	0	0	0	0	0	0	0	0	0	0	0	0	0	0
genomad_k141_387769	0	0	0	0	0	0	0	0	0	0	0	0	0	0	0	0	0	0	0	0	0	0	0	0	0	0	0	0	123.80218	0	0	0	0	0	0	0	0	0	0	0	0	0	0	0	0	0	0
genomad_k141_2705381	0	0	0	0	0	0	0	0	0	0	0	0	0	0	0	0	0	0	0	0	0	0	0	0	0	0	0	0	0	0	0	0	20.945374	5.7976985	0	0	0	0	0	0	0	0	0	0	0	0	0
genomad_k141_1339269	0	0	0	0	0	0	0	0	0	0	0	0	14.168346	0	0	0	0	0	0	0	0	0	0	0	0	0	0	0	0	0	0	0	0	0	0	0	0	0	1089.4746	1063.9568	0	0	0	0	0	0	0
genomad_k141_507276	0	0	0	0	0	0	0	0	0	0	0	0	80.19064	0	0	0	0	0	0	0	0	0	0	0	0	0	0	0	0	0	0	0	0	0	0	0	0	0	0	0	0	0	0	0	0	0	0
genomad_k141_1754988	0	0	0	0	0	0	0	0	0	0	0	0	0	0	0	0	0	0	0	0	0	0	0	0	0	0	0	0	0	0	119.82885	17.9428	0	0	0	0	0	0	0	0	0	0	0	0	0	0	0
genomad_k141_2468246	0	0	0	0	0	0	0	0	0	0	0	0	0	0	0	0	0	0	0	0	0	0	0	0	0	0	0	0	0	0	0	22.594797	0	0	0	0	0	0	0	0	0	0	0	0	0	0	0
genomad_k141_3241275	1438.5427	1545.4497	0	0	0	0	0	0	0	0	0	0	0	0	0	0	400.44827	425.23923	0	0	0	0	0	0	0	0	0	0	0	0	0	0	0	0	0	0	0	0	0	0	0	0	0	0	0	0	0
genomad_k141_982308	0	0	0	0	0	0	0	0	0	0	0	0	69.82191	0	0	0	0	0	0	0	0	0	0	0	0	0	0	0	0	0	0	0	0	0	0	0	0	0	0	0	0	0	0	0	0	0	0
genomad_k141_3598504	0	0	0	0	0	0	0	0	0	0	0	0	0	0	0	0	0	0	0	0	0	0	0	0	0	0	0	0	0	0	0	0	40.504513	81.8874	0	0	0	0	0	0	0	0	0	0	0	0	0
genomad_k141_268993	0	0	0	0	0	0	0	0	0	0	0	0	49.548645	0	0	0	0	0	0	0	0	0	0	0	0	0	0	0	0	0	0	0	0	0	0	0	0	0	0	0	0	0	0	0	0	0	0
genomad_k141_2883840	0	0	0	0	0	0	0	0	0	0	0	0	0	0	0	0	0	0	0	0	0	0	0	0	0	0	0	0	0	0	0	22.34358	19.564423	13.899152	0	0	0	0	0	0	0	0	0	0	0	0	0
genomad_k141_1399128	4226.402	4509.346	0	0	0	0	0	0	0	0	0	0	0	0	0	0	1813.8082	1809.0885	0	0	0	0	0	0	0	0	0	0	0	0	0	0	0	0	0	0	0	0	0	0	0	0	0	0	0	0	0
genomad_k141_149616	0	0	0	0	0	0	0	0	0	0	0	0	0	0	0	0	0	0	0	0	0	0	0	0	0	0	0	0	0	0	0	0	0	8.369887	0	0	0	0	0	0	0	0	0	0	0	0	0
genomad_k141_1339374	0	0	0	0	0	0	0	0	0	0	0	0	0	0	0	0	0	0	0	0	0	0	0	0	0	0	0	0	0	0	0	0	80.2557	35.082726	0	0	0	0	0	0	0	0	0	0	0	0	0
genomad_k141_923413	0	0	0	0	0	0	0	0	0	0	0	0	0	0	0	0	0	0	0	0	0	0	0	0	0	0	0	0	0	0	0	0	0	0	742.93945	159.6673	0	0	0	0	0	0	0	0	0	0	0
genomad_k141_1755107	0	0	0	0	0	0	0	0	0	0	0	0	0	0	0	0	0	0	0	0	0	0	0	0	0	0	0	0	0	0	0	0	0	13.7403345	0	0	0	0	0	0	0	0	0	0	0	0	0
genomad_k141_1814460	0	0	0	0	0	0	0	0	0	0	0	0	0	0	0	0	0	0	0	0	0	0	0	0	0	0	0	0	0	0	0	0	62.0046	0	0	0	0	0	0	0	0	0	0	0	0	0	0
genomad_k141_1041697	0	0	0	0	0	0	0	421.85532	0	0	0	0	0	0	0	0	0	0	0	0	0	0	0	0	0	0	0	0	0	0	178.60786	1126.8085	121.86463	350.43704	0	71.57484	0	0	0	0	0	0	0	0	0	0	0
genomad_k141_565292	0	0	0	0	0	0	0	0	0	0	10252.907	0	0	0	0	0	1729.8911	1610.1119	0	0	0	0	0	0	0	0	0	0	0	0	0	0	0	0	0	0	0	0	1751.2192	1824.2144	0	0	0	0	0	0	0
genomad_k141_685570	0	0	0	0	0	0	0	0	0	0	0	0	0	0	0	0	0	0	0	0	0	0	0	0	0	0	0	0	0	0	0	0	0	0	0	173.45888	0	0	0	0	0	0	0	0	0	0	0
genomad_k141_1278126	0	0	0	0	0	0	0	0	0	0	0	0	0	0	0	0	0	0	0	0	0	0	0	0	0	0	0	0	0	0	0	0	44.02417	61.133045	0	0	0	0	0	0	0	0	0	0	0	0	0
genomad_k141_2528400	0	0	0	0	0	0	0	0	0	0	0	0	0	0	0	0	0	0	0	0	0	0	0	0	0	0	0	0	0	0	0	15.053639	0	0	0	0	0	0	0	0	0	0	0	0	0	0	0
genomad_k141_328007	0	0	0	0	0	0	0	0	0	0	0	0	0	0	0	0	0	0	0	0	0	0	0	0	0	0	0	0	0	0	233.10841	170.7795	0	0	0	0	0	0	0	0	0	0	0	0	0	0	0
genomad_k141_3717962	0	0	0	0	0	0	0	0	0	0	0	0	0	0	0	0	0	0	0	0	0	0	0	0	0	0	0	0	838.22375	1648.6013	0	0	0	0	0	0	0	0	0	0	0	0	0	0	0	0	0
genomad_k141_3361074	0	0	0	0	0	0	0	0	0	0	0	0	0	0	0	0	0	0	0	0	0	0	0	0	0	0	0	0	0	0	29.639957	94.836	0	13.907174	0	0	0	0	0	0	0	0	0	0	0	0	0
genomad_k141_3778010	0	0	0	0	0	0	0	0	0	0	0	0	0	0	0	0	0	0	0	0	0	0	0	0	0	0	0	0	0	0	38.453415	187.823	0	0	0	0	0	0	0	0	0	0	0	0	0	0	0
genomad_k141_1577045	0	0	0	0	0	0	0	0	0	0	0	0	0	0	0	0	0	0	0	0	0	0	0	0	0	0	0	0	0	0	0	0	15.046575	24.439854	0	0	0	0	0	0	0	0	0	0	0	0	0
genomad_k141_2230527	0	0	0	0	0	0	0	0	0	0	0	0	0	0	0	0	0	0	0	0	0	0	0	0	0	0	0	0	40.243572	0	0	0	0	0	0	0	0	0	0	0	0	0	0	0	0	0	0
genomad_k141_2290285	0	0	0	0	0	0	0	0	0	0	0	0	0	0	0	0	0	0	0	0	0	0	0	0	0	0	0	0	0	0	0	0	0	0	0	162.80148	0	0	0	0	0	0	0	0	0	0	0
genomad_k141_208817	0	0	0	0	0	0	0	0	0	0	0	0	0	0	0	0	0	0	0	0	0	0	0	0	0	0	0	0	0	0	0	0	204.30678	0	0	0	0	0	0	0	0	0	0	0	0	0	0
genomad_k141_2409282	0	0	0	0	0	0	0	0	0	0	0	0	0	0	0	0	0	0	0	0	0	0	0	0	0	0	0	0	68.187454	156.45578	0	0	0	0	0	0	0	0	0	0	0	0	0	0	0	0	0
genomad_k141_208863	0	0	0	0	0	0	0	0	0	0	0	0	0	0	0	0	0	0	0	0	0	0	0	0	0	0	0	0	0	0	0	0	95.69469	25.017683	0	0	0	0	0	0	0	0	0	0	0	0	0
genomad_k141_2765560	0	0	0	0	0	0	0	0	0	0	0	0	0	0	0	0	0	0	0	0	0	0	0	0	0	0	0	0	0	0	0	0	55.312824	4.2072086	0	0	0	0	0	0	0	0	0	0	0	0	0
genomad_k141_1457812	0	0	0	0	0	0	0	0	0	0	0	0	0	0	0	0	0	0	0	0	0	0	0	0	0	0	0	0	0	0	0	0	0	0	0	488.0564	0	0	0	0	0	0	0	0	0	0	0
genomad_k141_3004373	0	0	0	0	0	0	0	0	0	0	0	0	0	0	0	0	0	0	0	0	0	0	0	0	0	0	0	0	0	0	0	0	0	7.780827	0	0	0	0	0	0	0	0	0	0	0	0	0
genomad_k141_149938	0	0	0	0	0	0	0	0	0	0	0	0	0	0	0	0	0	0	0	0	0	0	0	0	0	0	0	0	0	0	0	0	20.570084	8.834045	0	0	0	0	0	0	0	0	0	0	0	0	0
genomad_k141_2290378	0	0	0	0	0	0	0	0	0	0	0	0	0	0	0	0	0	0	0	0	0	0	0	0	0	0	0	0	0	0	0	0	97.298416	170.59561	0	95.911	0	0	0	0	0	0	0	0	0	0	0
genomad_k141_2111385	0	0	0	0	0	0	0	0	0	0	0	0	0	0	0	0	0	0	0	0	0	0	0	0	0	0	0	0	0	0	0	0	0	38.22432	0	0	0	0	0	0	0	0	0	0	0	0	0
genomad_k141_1695144	0	0	0	0	0	0	0	0	0	0	0	0	0	0	0	0	0	0	0	0	0	0	0	0	0	0	0	0	0	0	0	0	0	22.524227	0	0	0	0	0	0	0	0	0	0	0	0	0
genomad_k141_1577288	0	0	0	0	0	0	0	0	0	0	0	0	0	0	0	0	0	0	0	0	0	0	0	0	0	0	0	0	0	0	0	0	78.14399	41.088215	0	0	0	0	0	0	0	0	0	0	0	0	0
genomad_k141_2824534	0	0	0	0	0	0	0	0	0	0	0	0	0	0	0	0	0	0	0	0	0	0	0	0	0	0	0	0	0	0	0	63.412827	0	0	0	0	0	0	0	0	0	0	0	0	0	0	0
genomad_k141_3658490	0	0	0	0	0	0	0	0	0	0	0	0	0	0	0	0	0	0	0	0	0	0	0	0	0	0	0	0	0	0	0	0	0	15.376497	0	0	0	0	0	0	0	0	0	0	0	0	0
genomad_k141_2052586	0	0	0	0	0	0	0	0	0	0	0	0	0	0	0	0	0	0	0	0	0	0	0	0	0	0	0	0	0	0	0	0	0	57.402023	0	0	0	0	0	0	0	0	0	0	0	0	0
genomad_k141_864698	0	0	0	0	0	0	0	0	0	0	0	0	0	0	0	0	0	0	0	0	0	0	0	0	0	0	0	0	0	0	0	0	0	0	0	0	0	0	0	0	0	0	0	0	0	0	129.49202
genomad_k141_269597	0	0	0	0	0	0	0	0	0	0	0	0	0	0	0	0	0	0	0	0	0	0	0	0	0	0	0	0	0	0	0	0	76.537895	43.44534	0	0	0	0	0	0	0	0	0	0	0	0	0
genomad_k141_3004599	0	0	0	0	0	0	0	0	0	0	0	0	0	0	0	0	0	0	0	0	0	0	0	0	0	0	0	0	0	0	0	0	111.15112	307.81384	0	25.892916	0	0	0	0	0	0	0	0	0	0	0
genomad_k141_2290608	0	0	0	0	0	0	0	0	0	0	0	0	0	0	0	0	0	0	0	0	0	0	0	0	0	0	0	0	0	0	0	103.36841	0	15.835894	0	0	0	0	0	0	0	0	0	0	0	0	0
genomad_k141_923956	0	0	0	0	0	0	0	0	0	0	0	0	0	0	0	0	0	0	0	0	0	0	0	0	0	0	0	0	0	0	0	72.08871	0	0	0	0	0	0	0	0	0	0	0	0	0	0	0
genomad_k141_209111	0	0	0	0	0	0	0	0	0	0	0	0	0	0	0	0	0	0	0	0	0	0	0	0	0	0	0	0	0	0	0	38.32072	0	0	0	0	0	0	0	0	0	0	0	0	0	0	0
genomad_k141_2647925	0	0	0	0	0	0	0	0	0	0	0	0	0	0	0	0	0	0	0	0	0	0	0	0	0	0	0	0	0	0	0	26.342684	0	0	0	0	0	0	0	0	0	0	0	0	0	0	0
genomad_k141_3538447	0	0	0	0	0	0	0	0	0	0	0	0	0	0	0	0	0	0	0	0	0	0	0	0	0	0	0	0	0	0	134.49387	21.718338	0	0	0	0	0	0	0	0	0	0	0	0	0	0	0
genomad_k141_150174	0	0	0	0	0	0	0	0	0	0	0	0	0	0	0	0	0	0	0	0	0	0	0	0	0	0	0	0	0	0	0	25.97423	0	0	0	0	0	0	0	0	0	0	0	0	0	0	0
genomad_k141_565885	0	0	0	0	0	0	0	0	0	0	0	0	0	0	0	0	0	0	0	0	0	0	0	0	0	0	0	0	0	0	0	0	64.65995	104.44103	0	0	0	0	0	0	0	0	0	0	0	0	0
genomad_k141_3658681	0	0	0	0	0	0	0	581.93176	0	0	0	0	0	0	0	0	0	0	0	0	0	0	0	0	0	0	0	0	0	0	390.72977	451.12527	0	18.648561	0	0	0	0	0	0	0	0	0	0	0	0	0
genomad_k141_924011	0	0	0	0	0	0	0	0	0	0	0	0	0	0	0	0	0	0	0	0	0	0	0	0	0	0	0	0	0	0	0	0	0	25.033943	0	0	0	0	0	0	0	0	0	0	0	0	0
genomad_k141_1102216	0	0	0	0	0	0	0	0	0	0	0	0	0	0	0	0	0	0	0	0	0	0	0	0	0	0	0	0	0	0	0	0	112.78501	188.04654	0	0	0	0	0	0	0	0	0	0	0	0	0
genomad_k141_2052806	0	0	0	0	0	0	0	0	0	0	0	0	0	0	0	0	0	0	0	0	0	0	0	0	0	0	0	0	0	0	0	0	0	9.642222	0	0	0	0	0	0	0	0	0	0	0	0	0
genomad_k141_2231017	0	0	0	0	0	0	0	247.21486	0	0	0	0	0	0	0	0	0	0	0	0	0	0	0	0	0	0	0	0	0	0	354.54025	292.32065	0	0	0	0	0	0	0	0	0	0	0	0	0	0	0
genomad_k141_565989	0	0	0	0	0	0	0	0	0	0	0	0	102.146126	0	0	0	0	0	0	0	0	0	0	0	0	0	0	0	0	0	0	0	0	0	0	0	0	0	0	0	0	0	0	0	0	0	0
genomad_k141_1042380	0	0	0	0	0	0	0	0	0	0	0	0	0	0	0	0	0	0	0	0	0	0	0	0	0	0	0	0	0	0	0	0	0	13.230657	0	0	0	0	0	0	0	0	0	0	0	0	0
genomad_k141_1815226	0	0	0	0	0	0	0	0	0	0	0	0	0	0	0	0	0	0	0	0	0	0	0	0	0	0	0	0	0	0	0	0	0	18.601288	0	0	0	0	0	0	0	0	0	0	0	0	0
genomad_k141_1278808	0	0	0	0	0	0	0	0	0	0	7124.978	0	0	0	0	0	441.7276	394.01343	0	0	0	0	0	0	0	0	0	0	0	0	0	0	0	0	0	0	0	0	0	0	0	0	0	0	0	0	0
genomad_k141_3419657	0	0	0	0	0	0	0	0	0	0	0	0	0	0	0	0	0	0	0	0	0	0	0	0	0	0	0	0	0	0	0	0	158.09567	36.718513	0	0	0	0	0	0	0	0	0	0	0	0	0
genomad_k141_31375	0	0	0	0	0	0	0	0	0	0	0	0	0	0	0	0	0	0	0	0	0	2212.8303	0	0	0	0	0	0	0	0	0	0	0	0	0	0	0	0	0	0	0	0	0	0	0	0	0
genomad_k141_3599352	0	0	0	0	0	0	0	0	0	0	0	0	0	0	0	0	0	0	0	0	0	0	0	0	0	0	0	0	0	0	0	0	0	5.9548397	0	0	0	0	0	0	0	0	0	0	0	0	0
genomad_k141_1340223	0	0	0	0	0	0	0	0	0	0	0	0	0	0	0	0	0	0	0	0	0	0	0	0	0	0	0	0	0	0	0	36.45635	0	0	0	0	0	0	0	0	0	0	0	0	0	0	0
genomad_k141_745887	0	0	0	0	0	0	0	0	0	0	0	0	0	0	0	0	0	0	0	0	0	0	0	0	0	0	0	0	0	0	61.80479	17.616354	0	0	0	0	0	0	0	0	0	0	0	0	0	0	0
genomad_k141_91995	0	0	0	0	0	0	0	0	0	0	0	0	0	0	0	0	0	0	0	0	0	0	0	0	0	0	0	0	0	0	0	0	0	16.657639	0	0	0	0	0	0	0	0	0	0	0	0	0
genomad_k141_3538713	0	0	0	0	0	0	0	0	0	0	0	0	0	0	0	0	0	0	0	0	0	0	0	0	0	0	0	0	1022.5025	3360.791	0	0	0	0	0	0	0	0	0	0	0	0	0	0	0	0	0
genomad_k141_1161975	0	0	0	0	0	0	0	0	0	0	0	0	0	0	0	0	0	0	0	0	0	0	0	0	0	0	0	0	0	0	0	0	17.246859	9.976145	0	0	0	0	0	0	0	0	0	0	0	0	0
genomad_k141_3123685	0	0	0	0	0	0	0	0	0	0	0	0	0	0	0	0	0	0	0	0	0	0	0	0	0	0	0	0	0	0	0	0	0	9.1050005	0	0	0	0	0	0	0	0	0	0	0	0	0
genomad_k141_2231158	0	0	0	0	0	0	0	1497.6007	0	0	0	0	0	0	0	0	0	0	0	0	0	0	0	0	0	0	0	0	0	0	1000.87366	1758.9382	223.60838	249.00586	0	129.08282	0	0	0	0	0	0	0	0	0	0	0
genomad_k141_2945690	0	0	0	0	0	0	0	0	0	0	0	0	0	0	0	0	0	0	0	0	0	0	0	0	0	0	0	0	0	0	0	0	0	15.770217	0	0	0	0	0	0	0	0	0	0	0	0	0
genomad_k141_3480269	0	0	0	0	0	0	0	0	0	0	0	0	0	0	0	0	0	0	0	0	0	0	0	0	0	0	0	0	0	0	0	0	0	7.735076	0	0	0	0	0	0	0	0	0	0	0	0	0
genomad_k141_3538742	0	0	0	0	0	0	0	0	0	0	0	0	0	0	0	0	0	0	0	0	0	0	0	0	0	0	0	0	0	0	0	0	0	39.138763	0	0	0	0	0	0	0	0	0	0	0	0	0
genomad_k141_2588524	0	0	0	0	0	0	0	0	0	0	0	0	0	0	0	0	0	0	0	0	0	0	0	0	0	0	0	0	0	0	0	0	147.96016	92.85348	0	0	0	0	0	0	0	0	0	0	0	0	0
genomad_k141_566242	0	0	0	0	0	0	0	0	0	0	0	0	0	0	0	0	0	0	0	0	0	0	0	0	0	0	0	0	0	0	0	0	0	12.244159	0	0	0	0	0	0	0	0	0	0	0	0	0
genomad_k141_1042630	0	0	0	0	0	0	0	0	0	0	0	0	0	0	0	0	0	0	0	0	0	0	0	0	0	0	0	0	0	0	0	0	0	11.353024	0	0	0	0	0	0	0	0	0	0	0	0	0
genomad_k141_1695713	0	0	0	0	0	0	0	0	0	0	0	0	0	0	0	0	0	0	0	0	0	0	0	0	0	0	0	0	0	0	0	0	16.143614	13.766281	0	0	0	0	0	0	0	0	0	0	0	0	0
genomad_k141_1695715	0	0	0	0	0	0	0	0	0	0	0	0	0	0	0	0	0	0	0	0	0	0	0	0	0	0	0	0	0	0	0	0	103.48758	101.46116	0	0	0	0	0	0	0	0	0	0	0	0	0
genomad_k141_1400134	0	0	0	0	0	0	0	0	0	0	0	0	0	0	0	0	0	0	0	0	0	0	0	0	0	0	0	0	0	0	0	26.451708	0	0	0	0	0	0	0	0	0	0	0	0	0	0	0
genomad_k141_1042640	0	0	0	0	0	0	0	0	0	0	0	0	0	0	0	0	0	0	0	0	0	0	0	0	0	0	0	0	0	0	0	0	69.10178	15.316605	0	0	0	0	0	0	0	0	0	0	0	0	0
genomad_k141_686448	0	0	0	0	0	0	0	0	0	0	0	0	0	0	0	0	0	0	0	0	0	0	0	0	0	0	0	0	0	0	0	0	0	12.0338125	0	0	0	0	0	0	0	0	0	0	0	0	0
genomad_k141_508338	0	0	0	0	0	0	0	0	0	0	0	0	0	0	0	0	0	0	0	0	0	0	0	0	0	0	0	0	0	0	0	0	0	14.303278	0	0	0	0	0	0	0	0	0	0	0	0	0
genomad_k141_3123893	0	0	0	0	0	0	0	0	0	0	0	0	0	0	0	0	0	0	0	0	0	0	0	0	0	0	0	0	0	0	0	0	0	7.222526	0	0	0	0	0	0	0	0	0	0	0	0	0
genomad_k141_1400188	0	0	0	0	0	0	0	0	0	0	0	0	0	0	0	0	0	0	0	0	0	0	0	0	0	0	0	0	0	0	0	0	0	9.537986	0	0	0	0	0	0	0	0	0	0	0	0	0
genomad_k141_3242334	0	0	0	0	0	0	0	0	0	0	0	0	0	0	0	0	0	0	0	0	0	0	0	0	0	0	0	0	0	0	0	0	0	0	0	105.597404	0	0	0	0	0	0	0	0	0	0	0
genomad_k141_2053174	0	0	0	0	0	0	0	0	0	0	0	0	0	0	0	0	0	0	0	0	0	0	0	0	0	0	0	0	0	0	0	0	46.879803	187.3463	0	103.68004	0	0	0	0	0	0	0	0	0	0	0
genomad_k141_1933777	0	0	0	0	0	0	0	0	0	0	0	0	0	0	0	0	0	0	0	0	0	0	0	0	0	0	0	0	0	0	0	0	0	13.739833	0	0	0	0	0	0	0	0	0	0	0	0	0
genomad_k141_983584	0	0	0	0	0	0	0	0	0	0	0	0	0	0	0	0	0	0	0	0	0	0	0	0	0	0	0	0	0	0	0	0	0	28.3492	0	0	0	0	0	0	0	0	0	0	0	0	0
genomad_k141_2410202	0	0	0	0	0	0	0	0	0	0	0	0	0	0	0	0	0	0	0	0	0	0	0	0	0	0	0	0	0	0	0	0	24.885963	13.237426	0	0	0	0	0	0	0	0	0	0	0	0	0
genomad_k141_2171650	0	0	0	0	0	0	0	0	0	0	0	0	0	0	0	0	0	0	0	0	0	0	0	0	0	0	0	0	0	0	0	0	0	11.146366	0	0	0	0	0	0	0	0	0	0	0	0	0
genomad_k141_449894	0	0	0	0	0	0	0	0	0	0	0	0	0	0	0	0	0	0	0	0	0	0	0	0	0	0	0	0	0	0	42.119225	200.796	0	21.788311	0	0	0	0	0	0	0	0	0	0	0	0	0
genomad_k141_2825219	0	0	0	0	0	0	0	0	0	0	0	0	201.1672	0	0	0	0	0	0	0	0	0	0	0	0	0	0	0	0	0	0	0	0	0	0	0	0	0	0	0	0	0	0	0	0	0	0
genomad_k141_3599755	0	0	0	0	0	0	0	0	0	0	0	0	0	0	0	0	0	0	0	0	0	0	0	0	0	0	0	0	0	0	0	0	0	5.0605664	0	0	0	0	0	0	0	0	0	0	0	0	0
genomad_k141_746317	0	0	0	0	0	0	0	0	0	0	0	0	0	0	0	0	0	0	0	0	0	0	0	0	0	0	0	0	0	0	33.548206	129.66003	0	4.740502	0	0	0	0	0	0	0	0	0	0	0	0	0
genomad_k141_2171668	0	0	0	0	0	0	0	0	0	0	0	0	0	0	0	0	0	0	0	0	0	0	0	0	0	0	0	0	0	0	0	0	65.11564	0	0	0	0	0	0	0	0	0	0	0	0	0	0
genomad_k141_3539056	0	0	0	0	0	0	0	0	0	0	0	0	0	0	0	0	0	0	0	0	0	0	0	0	0	0	0	0	0	0	0	0	0	16.17325	0	0	0	0	0	0	0	0	0	0	0	0	0
genomad_k141_2410232	0	0	0	0	0	0	0	0	0	0	0	0	0	0	0	0	0	0	0	0	0	0	0	0	0	0	0	0	0	0	0	0	24.195694	32.890347	0	0	0	0	0	0	0	0	0	0	0	0	0
genomad_k141_2053334	0	0	0	0	0	0	0	0	0	0	0	0	2600.6172	0	0	0	0	0	0	0	0	0	0	0	0	0	0	0	0	0	0	0	0	0	0	0	0	0	0	0	0	0	0	0	0	0	0
genomad_k141_1400470	0	0	0	0	0	0	0	0	0	0	0	0	0	0	0	0	0	0	0	0	0	0	0	0	0	0	0	0	0	0	0	0	46.550755	55.774017	0	0	0	0	0	0	0	0	0	0	0	0	0
genomad_k141_31974	0	0	0	0	0	0	0	0	0	0	0	0	0	0	0	0	0	0	0	0	0	2775.3184	0	0	0	0	0	0	0	0	0	0	0	0	0	0	0	0	0	0	0	0	0	0	0	0	0
genomad_k141_2291112	0	0	0	0	0	0	0	0	0	0	0	0	0	0	0	0	0	0	0	0	0	0	0	0	0	0	0	0	0	0	140.73395	196.06265	0	0	0	0	0	0	0	0	0	0	0	0	0	0	0
genomad_k141_924762	0	0	0	0	0	0	0	0	0	0	0	0	0	0	0	0	0	0	0	0	0	0	0	0	0	0	0	0	0	0	52.728188	10.956386	0	0	0	0	0	0	0	0	0	0	0	0	0	0	0
genomad_k141_270598	0	0	0	0	0	0	0	0	0	0	0	0	0	0	0	0	0	0	0	0	0	0	0	0	0	0	0	0	0	0	25.750834	10.534611	0	0	0	0	0	0	0	0	0	0	0	0	0	0	0
genomad_k141_1102959	0	0	0	0	0	0	0	0	0	0	0	0	0	0	0	0	0	0	0	0	0	0	0	0	0	0	0	0	81.92812	0	0	0	0	0	0	0	0	0	0	0	0	0	0	0	0	0	0
genomad_k141_1458917	0	0	0	0	0	0	0	0	0	0	0	0	0	0	0	0	0	0	0	0	0	0	0	0	0	0	0	0	0	0	0	0	0	35.077705	0	0	0	0	0	0	0	0	0	0	0	0	0
genomad_k141_3719424	0	0	0	0	0	0	0	0	0	0	0	0	0	0	0	0	0	0	0	0	0	0	0	0	0	0	0	0	107.45659	0	0	0	0	0	0	0	0	0	0	0	0	0	0	0	0	0	0
genomad_k141_1103058	0	0	0	0	0	0	0	0	0	0	0	0	51.308636	0	0	0	0	0	0	0	0	0	0	0	0	0	0	0	0	0	0	0	0	0	0	0	0	0	0	0	0	0	0	0	0	0	0
genomad_k141_3183246	0	0	0	0	0	0	0	0	0	0	0	0	0	0	0	0	0	0	0	0	0	0	0	0	0	0	0	0	0	0	0	126.8374	0	0	0	0	0	0	0	0	0	0	0	0	0	0	0
genomad_k141_746623	0	0	0	0	0	0	0	0	0	0	0	0	0	0	0	0	0	0	0	0	0	0	0	0	0	0	0	0	0	0	0	0	28.192268	13.260758	0	0	0	0	0	0	0	0	0	0	0	0	0
genomad_k141_1458943	0	0	0	0	0	0	0	0	0	0	0	0	0	0	0	0	0	0	0	0	0	0	0	0	0	0	0	0	0	0	0	0	0	15.8466215	0	0	0	0	0	0	0	0	0	0	0	0	0
genomad_k141_1696255	0	0	0	0	0	0	0	0	0	0	0	0	0	0	0	0	0	0	0	0	0	0	0	0	0	0	0	0	0	0	0	0	104.00827	3.142608	0	0	0	0	0	0	0	0	0	0	0	0	0
genomad_k141_329346	0	0	0	0	0	0	0	0	0	0	0	0	0	0	0	0	0	0	0	0	0	0	0	0	0	0	0	0	0	0	115.78634	10.245731	0	0	0	0	0	0	0	0	0	0	0	0	0	0	0
genomad_k141_2469818	0	0	0	0	0	0	0	0	0	0	0	0	0	0	0	0	0	0	0	0	0	0	0	0	0	0	0	0	0	0	0	0	0	11.621948	0	0	0	0	0	0	0	0	0	0	0	0	0
genomad_k141_1221398	0	0	0	0	0	0	0	0	0	0	0	0	0	0	0	0	784.332	808.51556	0	0	0	0	0	0	0	0	0	0	0	0	0	0	0	0	0	0	0	0	0	0	0	0	0	0	0	0	0
genomad_k141_2112594	0	0	0	0	0	0	0	0	0	0	0	0	0	0	0	0	0	0	0	0	0	0	0	0	0	0	0	0	0	0	0	125.59161	0	0	0	0	0	0	0	0	0	0	0	0	0	0	0
genomad_k141_1221409	0	0	0	0	0	0	0	0	0	0	0	0	0	0	0	0	0	0	0	0	0	0	0	0	0	0	0	0	0	0	0	0	0	34.23345	0	0	0	0	0	0	0	0	0	0	0	0	0
genomad_k141_1043268	0	0	0	0	0	0	0	0	0	0	0	0	0	0	0	0	0	0	0	0	0	0	0	0	0	0	0	0	0	0	0	0	0	6.267482	0	0	0	0	0	0	0	0	0	0	0	0	0
genomad_k141_3420439	0	0	0	0	0	0	0	0	0	0	0	0	0	0	0	0	0	0	0	0	0	0	0	0	0	0	0	0	0	0	0	0	0	271.91968	0	0	0	0	0	0	0	0	0	0	0	0	0
genomad_k141_1638130	0	0	0	0	0	0	0	0	0	0	0	0	0	0	0	0	0	0	0	0	0	0	0	0	0	0	0	0	0	0	0	0	37.304367	0	0	0	0	0	0	0	0	0	0	0	0	0	0
genomad_k141_1756726	0	0	0	0	1778.8676	1737.318	0	0	7497.022	7349.1543	0	0	0	0	0	0	0	0	0	0	0	0	0	0	0	0	0	0	0	0	0	0	0	0	0	0	0	0	0	0	0	0	0	0	0	0	0
genomad_k141_925029	0	0	0	0	0	0	0	0	0	0	0	0	0	0	0	0	0	0	0	0	0	0	0	0	0	0	0	0	0	0	0	0	74.13051	247.8225	0	43.756855	0	0	0	0	0	0	0	0	0	0	0
genomad_k141_1696345	0	0	0	0	0	0	0	0	0	0	0	0	0	0	0	0	0	0	0	0	0	0	0	0	0	0	0	0	0	0	0	0	50.994553	21.917809	0	0	0	0	0	0	0	0	0	0	0	0	0
genomad_k141_2291382	0	0	0	0	0	0	0	0	0	0	0	0	0	0	0	0	0	0	0	0	0	0	0	0	0	0	0	0	0	0	0	0	42.23715	132.6457	0	0	0	0	0	0	0	0	0	0	0	0	0
genomad_k141_1400882	0	0	0	0	0	0	0	0	0	0	0	0	0	0	0	0	0	0	0	0	0	0	0	0	0	0	0	0	0	0	0	30.434652	0	0	0	0	0	0	0	0	0	0	0	0	0	0	0
genomad_k141_2825751	0	0	0	0	0	0	0	0	0	0	0	0	0	0	0	0	0	0	0	0	0	0	0	0	0	0	0	0	0	0	0	0	0	0	0	302.52548	0	0	0	0	0	0	0	0	0	0	0
genomad_k141_270974	0	0	0	0	0	0	0	0	0	0	0	0	0	0	0	0	0	0	0	0	0	0	0	0	0	0	0	0	0	0	0	0	0	4.778986	0	0	0	0	0	0	0	0	0	0	0	0	0
genomad_k141_925180	0	0	0	0	0	0	0	0	0	0	0	0	0	0	0	0	0	0	0	0	0	0	0	0	0	0	0	0	0	0	0	0	0	19.19316	0	0	0	0	0	0	0	0	0	0	0	0	0
genomad_k141_1400964	0	0	0	0	0	0	0	0	0	0	0	0	0	0	0	0	0	0	0	0	0	0	0	0	0	0	0	0	0	0	0	0	0	29.739288	0	0	0	0	0	0	0	0	0	0	0	0	0
genomad_k141_1459212	0	0	0	0	0	0	0	0	0	0	0	0	0	0	0	0	0	0	0	0	0	0	0	0	0	0	0	0	0	0	0	0	30.468376	7.5187235	0	0	0	0	0	0	0	0	0	0	0	0	0
genomad_k141_450623	0	0	0	0	0	0	0	0	0	0	0	0	0	0	0	0	0	0	0	0	0	0	0	0	0	0	0	0	0	0	0	0	0	21.800644	0	0	0	0	0	0	0	0	0	0	0	0	0
genomad_k141_1816262	0	0	0	0	0	0	0	0	0	0	0	0	0	0	0	0	0	0	0	0	0	0	0	0	0	0	0	0	0	0	0	0	148.75647	62.228558	0	0	0	0	0	0	0	0	0	0	0	0	0
genomad_k141_1400996	0	0	0	0	0	0	0	0	0	0	0	0	0	0	0	0	0	0	0	0	0	0	0	0	0	0	0	0	0	0	0	0	0	20.859076	0	0	0	0	0	0	0	0	0	0	0	0	0
genomad_k141_2232142	0	0	0	0	0	0	0	0	0	0	0	0	0	0	0	0	0	0	0	0	0	0	0	0	0	0	0	0	0	0	0	89.04024	0	0	0	0	0	0	0	0	0	0	0	0	0	0	0
genomad_k141_1934506	0	0	0	0	0	0	0	0	0	0	0	0	0	0	0	0	0	0	0	0	0	0	0	0	0	0	0	0	283.6404	109.52202	0	0	0	0	0	0	0	0	0	0	0	0	0	0	0	0	0
genomad_k141_450742	0	0	0	0	0	0	0	0	0	0	0	0	0	0	0	0	0	0	0	0	0	0	0	0	0	0	0	0	0	0	0	0	43.586605	0	0	0	0	0	0	0	0	0	0	0	0	0	0
genomad_k141_93220	0	0	0	0	0	0	0	0	0	0	0	0	36.533016	0	0	0	0	0	0	0	0	0	0	0	0	0	0	0	0	0	0	0	0	0	0	0	0	0	0	0	0	0	0	0	0	0	0
genomad_k141_32650	0	0	0	0	0	0	0	0	0	0	0	0	0	0	0	0	0	0	0	0	0	0	0	0	0	0	0	0	0	0	0	26.418808	17.289059	28.51801	0	0	0	0	0	0	0	0	0	0	0	0	0
genomad_k141_1221824	2635.9116	2623.685	0	0	0	0	0	0	0	0	0	0	0	0	0	0	5442.5464	5579.724	0	0	0	0	0	0	0	0	0	0	0	0	0	0	0	0	0	0	0	0	0	0	0	0	0	0	0	0	0
genomad_k141_151581	0	0	0	0	0	0	0	0	1777.8011	1641.4751	0	0	0	0	0	0	0	0	0	0	0	0	0	0	0	0	0	0	0	0	0	0	0	0	0	0	0	0	0	0	0	0	0	0	0	0	0
genomad_k141_2946633	0	0	0	0	0	0	0	0	0	0	0	0	0	0	0	0	0	0	0	0	0	0	0	0	0	0	0	0	0	0	0	0	31.8308	27.41086	0	0	0	0	0	0	0	0	0	0	0	0	0
genomad_k141_2172467	0	0	0	0	0	0	0	0	0	0	0	0	0	0	0	0	0	0	0	0	0	0	0	0	0	0	0	0	0	0	0	0	0	18.038868	0	0	0	0	0	0	0	0	0	0	0	0	0
genomad_k141_567297	0	0	0	0	0	0	0	0	0	0	0	0	0	0	0	0	0	0	0	0	0	0	0	0	0	0	0	0	0	0	0	0	40.97093	38.39578	0	0	0	0	0	0	0	0	0	0	0	0	0
genomad_k141_3600279	0	0	865.8863	842.60583	0	0	0	210.66042	0	0	0	656.2101	0	0	0	0	0	0	0	0	0	0	0	0	0	0	0	0	0	0	0	0	0	0	0	0	0	0	0	0	0	487.92584	476.52902	0	0	0	0
genomad_k141_2767159	0	0	0	0	0	0	0	0	0	0	0	0	0	0	0	0	0	0	0	0	0	0	0	0	0	0	0	0	0	0	50.39567	47.099102	0	0	0	0	0	0	0	0	0	0	0	0	0	0	0
genomad_k141_450927	0	0	0	0	0	0	0	0	0	0	0	0	0	0	0	0	0	0	0	0	0	0	0	0	0	0	0	0	0	0	0	0	0	34.089016	0	0	0	0	0	0	0	0	0	0	0	0	0
genomad_k141_984454	0	0	0	0	0	0	0	0	0	0	0	0	113.08	0	0	0	0	0	0	0	0	0	0	0	0	0	0	0	0	0	0	0	0	0	0	0	0	0	0	0	0	0	0	0	0	0	0
genomad_k141_747180	0	0	0	0	0	0	0	0	0	0	0	0	0	0	0	0	0	0	0	0	0	0	0	0	0	0	0	0	0	0	48.646828	14.588146	0	0	0	0	0	0	0	0	0	0	0	0	0	0	0
genomad_k141_271271	0	0	0	0	0	0	0	0	0	0	0	0	0	0	0	0	0	0	0	0	0	0	0	0	0	0	0	0	0	0	0	0	0	25.637236	0	0	0	0	0	0	0	0	0	0	0	0	0
genomad_k141_1875522	0	0	0	0	0	0	0	0	0	0	0	0	0	0	0	0	0	0	0	0	0	0	0	0	0	0	0	0	0	0	0	0	40.208225	5.164284	0	0	0	0	0	0	0	0	0	0	0	0	0
genomad_k141_628046	0	0	0	0	0	0	0	0	0	0	0	0	0	0	0	0	0	0	0	0	0	0	0	0	0	0	0	0	0	0	0	26.038073	0	0	0	0	0	0	0	0	0	0	0	0	0	0	0
genomad_k141_271332	0	0	0	0	0	0	0	0	0	0	0	0	0	0	0	0	0	0	0	0	0	0	0	0	0	0	0	0	0	0	0	0	0	24.65898	0	0	0	0	0	0	0	0	0	0	0	0	0
genomad_k141_93450	0	0	0	0	0	0	0	0	0	0	0	0	0	0	0	0	0	0	0	0	0	0	0	0	0	0	0	0	0	0	0	0	0	12.634248	0	0	0	0	0	0	0	0	0	0	0	0	0
genomad_k141_1459626	0	0	0	0	0	0	0	0	0	0	0	0	0	0	0	0	0	0	0	0	0	0	0	0	0	0	0	0	0	0	0	0	0	28.423027	0	0	0	0	0	0	0	0	0	0	0	0	0
genomad_k141_3421019	0	0	0	0	0	0	0	0	0	0	0	0	0	0	0	0	0	0	0	0	0	0	0	0	0	0	0	0	0	0	0	0	0	10.401652	0	0	0	0	0	0	0	0	0	0	0	0	0
genomad_k141_1163411	0	0	0	0	0	0	0	0	0	0	0	0	42.397358	0	0	0	0	0	0	0	0	0	0	0	0	0	0	0	0	0	0	0	0	0	0	0	0	0	0	0	0	0	0	0	0	0	0
genomad_k141_1341661	0	0	0	0	0	0	0	0	0	0	0	0	42.183407	0	0	0	0	0	0	0	0	0	0	0	0	0	0	0	0	0	0	0	0	0	0	0	0	0	0	0	0	0	0	0	0	0	0
genomad_k141_509516	0	0	0	0	0	0	0	0	0	0	0	0	70.33187	0	0	0	0	0	0	0	0	0	0	0	0	0	0	0	0	0	0	0	0	0	0	0	0	0	0	0	0	0	0	0	0	0	0
genomad_k141_271405	0	0	0	0	0	0	0	0	0	0	0	0	0	0	0	0	0	0	0	0	0	0	0	0	0	0	0	0	0	0	0	0	0	7.727405	0	0	0	0	0	0	0	0	0	0	0	0	0
genomad_k141_509546	0	0	0	0	0	0	0	0	0	0	0	0	0	0	0	0	0	0	0	0	0	0	0	0	0	0	0	0	0	0	0	0	0	9.787363	0	0	0	0	0	0	0	0	0	0	0	0	0
genomad_k141_2707754	0	0	0	0	0	0	0	479.32568	0	0	0	0	0	0	0	0	0	0	0	0	0	0	0	0	0	0	0	0	0	0	51.00852	294.04745	0	0	0	0	0	0	0	0	0	0	0	0	0	0	0
genomad_k141_1341765	0	0	0	0	0	0	0	0	0	0	0	0	0	0	0	0	0	0	0	0	0	0	0	0	0	0	0	0	0	0	0	0	0	0	0	89.524376	0	0	0	0	0	0	0	0	0	0	0
genomad_k141_151907	0	0	0	0	0	0	0	0	0	0	0	0	65.96794	0	0	0	0	0	0	0	0	0	0	0	0	0	0	0	0	0	0	0	0	0	0	0	0	0	0	0	0	0	0	0	0	0	0
genomad_k141_451313	0	0	0	0	0	0	0	0	0	0	0	0	0	0	0	0	0	0	0	0	0	0	0	0	0	0	0	0	0	0	0	0	0	8.30079	0	0	0	0	0	0	0	0	0	0	0	0	0
genomad_k141_3006325	0	0	0	0	0	0	0	0	0	0	0	0	0	0	0	0	0	0	0	0	0	0	0	0	0	0	0	0	0	0	0	0	0	13.361336	0	0	0	0	0	0	0	0	0	0	0	0	0
genomad_k141_151975	0	0	0	0	0	0	0	0	0	0	0	0	0	0	0	0	0	0	0	0	0	0	0	0	0	0	0	0	0	0	42.60529	28.51206	0	0	0	0	0	0	0	0	0	0	0	0	0	0	0
genomad_k141_3303134	0	0	0	0	0	0	0	0	0	0	0	0	0	0	0	0	0	0	0	0	0	0	0	0	0	0	0	0	0	0	0	0	0	0	0	73.04052	0	0	0	0	0	0	0	0	0	0	0
genomad_k141_1103942	0	0	0	0	0	0	0	0	0	0	0	0	0	0	0	0	0	0	0	0	0	0	0	0	0	0	0	0	0	0	28.495329	28.76024	0	0	0	0	0	0	0	0	0	0	0	0	0	0	0
genomad_k141_687802	0	0	0	0	0	0	0	0	0	0	0	0	0	0	0	0	0	0	0	0	0	0	0	0	0	0	0	0	0	0	52.67542	150.15656	0	6.4401746	0	0	0	0	0	0	0	0	0	0	0	0	0
genomad_k141_2826480	0	0	0	0	0	0	0	0	0	0	0	0	0	0	0	0	0	0	0	0	0	0	0	0	0	0	0	0	0	0	0	0	116.87227	115.62305	0	0	0	0	0	0	0	0	0	0	0	0	0
genomad_k141_390233	0	0	0	0	0	0	0	0	0	0	0	0	0	0	0	0	0	0	0	0	0	0	0	0	0	0	0	0	0	0	0	0	281.64456	222.1011	0	85.54297	0	0	0	0	0	0	0	0	0	0	0
genomad_k141_2590231	0	0	0	0	0	0	0	0	0	0	0	0	0	0	0	0	0	0	0	0	0	0	0	0	0	0	0	0	0	0	0	0	20.766844	14.221523	0	0	0	0	0	0	0	0	0	0	0	0	0
genomad_k141_567714	0	0	0	0	0	0	0	0	0	0	0	0	0	0	0	0	0	0	0	0	0	0	0	0	0	0	0	0	0	0	0	0	44.849224	18.186068	0	0	0	0	0	0	0	0	0	0	0	0	0
genomad_k141_925991	0	0	0	0	0	0	0	0	0	0	0	0	0	0	0	0	0	0	0	0	0	3534.1685	0	0	0	0	0	0	0	0	0	0	0	0	0	0	0	0	0	0	0	0	0	0	0	0	0
genomad_k141_984915	0	0	0	0	0	0	0	0	0	0	0	0	0	0	0	0	0	0	0	0	0	0	0	0	0	0	0	0	0	0	0	0	118.68528	69.33218	0	0	0	0	0	0	0	0	0	0	0	0	0
genomad_k141_451417	0	0	0	0	0	0	0	0	0	0	0	0	0	0	0	0	0	0	0	0	0	0	0	0	0	0	0	0	0	0	23.854315	13.401854	0	0	0	0	0	0	0	0	0	0	0	0	0	0	0
genomad_k141_3303160	0	0	0	0	0	0	0	0	0	0	0	0	0	0	0	0	0	0	0	0	0	0	0	0	0	0	0	0	0	0	26.542599	28.11509	0	0	0	0	0	0	0	0	0	0	0	0	0	0	0
genomad_k141_3065461	0	0	0	0	0	0	0	0	0	0	0	0	0	0	0	0	0	0	0	0	0	0	0	0	0	0	0	0	0	0	0	29.04179	36.907944	74.48534	0	49.416416	0	0	0	0	0	0	0	0	0	0	0
genomad_k141_3184220	0	0	0	0	0	0	0	0	0	0	0	0	0	0	0	0	0	0	0	0	0	0	0	0	0	0	0	0	0	0	0	0	55.489197	0	0	0	0	0	0	0	0	0	0	0	0	0	0
genomad_k141_747601	0	0	0	0	2045.5791	2191.4822	0	0	0	0	0	0	0	0	0	0	0	0	0	0	0	0	0	0	0	0	0	0	0	0	0	0	0	0	0	0	0	0	0	0	0	0	0	0	0	0	0
genomad_k141_2411475	0	0	0	0	0	0	0	0	0	0	0	0	0	0	0	0	0	0	0	0	0	0	0	0	0	0	0	0	0	0	0	17.988071	0	6.0233603	0	0	0	0	0	0	0	0	0	0	0	0	0
genomad_k141_93866	0	0	0	0	0	0	0	0	0	0	0	0	0	0	0	0	0	0	0	0	0	0	0	0	0	0	0	0	0	0	0	84.986176	0	6.8315306	0	0	0	0	0	0	0	0	0	0	0	0	0
genomad_k141_2767662	0	0	0	0	0	0	0	0	0	0	0	0	0	0	0	0	0	0	0	0	0	0	0	0	0	0	0	0	0	0	0	0	0	11.621447	0	0	0	0	0	0	0	0	0	0	0	0	0
genomad_k141_3184253	0	0	0	0	0	0	0	0	0	0	0	0	0	0	0	0	0	0	0	0	0	0	0	0	0	0	0	0	0	0	0	0	0	6.5345984	0	0	0	0	0	0	0	0	0	0	0	0	0
genomad_k141_1875946	0	0	0	0	0	0	0	0	0	0	0	0	0	0	0	0	0	0	0	0	0	0	0	0	0	0	0	0	0	0	0	0	0	9.6868105	0	0	0	0	0	0	0	0	0	0	0	0	0
genomad_k141_1697228	0	0	0	0	0	0	0	0	0	0	0	0	0	0	0	0	0	0	0	0	0	0	0	0	0	0	0	0	132.27713	0	0	0	0	0	0	0	0	0	0	0	0	0	0	0	0	0	0
genomad_k141_3243796	0	0	0	0	0	0	0	0	0	0	0	0	92.47276	0	0	0	0	0	0	0	0	0	0	0	0	0	0	0	0	0	0	0	0	0	0	0	0	0	0	0	0	0	0	0	0	0	0
genomad_k141_2947305	0	0	0	0	0	0	0	0	0	0	0	0	0	0	0	0	0	0	0	0	0	0	0	0	0	0	0	0	0	0	0	0	23.732038	70.38431	0	0	0	0	0	0	0	0	0	0	0	0	0
genomad_k141_1876034	0	0	0	0	0	0	0	0	0	0	0	0	0	0	0	0	0	0	0	0	0	0	0	0	0	0	0	0	0	0	0	139.79729	0	0	0	0	0	0	0	0	0	0	0	0	0	0	0
genomad_k141_1697324	0	0	0	0	0	0	0	0	0	0	0	0	0	0	0	0	0	0	0	0	0	0	0	0	0	0	0	0	0	0	0	0	26.416077	6.3935986	0	0	0	0	0	0	0	0	0	0	0	0	0
genomad_k141_390446	0	0	0	0	0	0	0	0	1469.9294	1468.6857	0	0	0	0	0	0	0	0	0	0	0	0	0	0	0	0	0	0	0	0	0	0	0	0	0	0	0	0	0	0	0	0	0	0	0	0	0
genomad_k141_271909	0	0	0	0	0	0	0	0	0	0	0	0	0	0	0	0	0	0	0	0	0	0	0	0	0	0	0	0	0	0	0	0	0	50.984417	0	44.183586	0	0	0	0	0	0	0	0	0	0	0
genomad_k141_2708185	0	0	0	0	0	0	0	0	0	0	0	0	61.365227	0	0	0	0	0	0	0	0	0	0	0	0	0	0	0	0	0	0	0	0	0	0	0	0	0	0	0	0	0	0	0	0	0	0
genomad_k141_2590535	0	0	0	0	0	0	0	0	0	0	0	0	0	0	0	0	0	0	0	0	0	0	0	0	0	0	0	0	0	0	0	110.37779	0	0	0	0	0	0	0	0	0	0	0	0	0	0	0
genomad_k141_1639298	0	0	0	0	0	0	0	0	0	0	0	0	0	0	0	0	0	0	0	0	0	0	0	0	0	0	0	0	754.10657	596.9686	0	0	0	0	0	0	0	0	0	0	0	0	0	0	0	0	0
genomad_k141_451697	0	0	0	0	0	0	0	0	0	0	0	0	0	0	0	0	0	0	0	0	0	0	0	0	0	0	0	0	0	0	0	0	15.661307	42.33128	0	0	0	0	0	0	0	0	0	0	0	0	0
genomad_k141_1876183	0	0	0	0	0	0	0	0	0	0	0	0	0	0	0	0	0	0	0	0	0	0	0	0	0	0	0	0	114.511246	232.50813	0	0	0	0	0	0	0	0	0	0	0	0	0	0	0	0	0
genomad_k141_2947479	0	0	0	0	0	0	0	0	0	0	0	0	0	0	0	0	0	0	0	0	0	1337.162	0	0	0	0	0	0	0	0	0	0	0	0	0	0	0	0	0	0	0	0	0	0	0	0	0
genomad_k141_152379	0	0	0	0	0	0	0	0	0	0	0	0	0	0	0	0	0	0	0	0	0	0	0	0	0	0	0	0	0	0	0	0	26.535206	5.2174916	0	0	0	0	0	0	0	0	0	0	0	0	0
genomad_k141_3660739	0	0	0	0	0	0	0	0	0	0	0	0	0	0	0	0	0	0	0	0	0	0	0	0	0	0	0	0	0	0	229.27817	90.3268	0	0	0	0	0	0	0	0	0	0	0	0	0	0	0
genomad_k141_568052	0	0	0	0	0	0	0	0	0	0	0	0	0	0	0	0	0	0	0	0	0	0	0	0	0	0	0	0	0	0	0	0	0	4.103561	0	0	0	0	0	0	0	0	0	0	0	0	0
genomad_k141_1164015	0	0	0	0	0	0	0	0	0	0	0	0	0	0	0	0	0	0	0	0	0	0	0	0	0	0	0	0	0	0	0	0	0	9.288816	0	0	0	0	0	0	0	0	0	0	0	0	0
genomad_k141_3125745	0	0	0	0	0	0	0	0	0	0	0	0	0	0	0	0	0	0	0	0	0	0	0	0	0	0	0	0	0	0	0	0	0	18.740973	0	0	0	0	0	0	0	0	0	0	0	0	0
genomad_k141_3780260	0	0	0	0	2442.991	2488.8093	0	0	1293.2443	1254.3215	0	0	0	0	0	0	0	0	0	0	0	0	0	0	0	0	0	0	0	0	0	0	0	0	0	0	0	0	0	0	0	0	0	0	0	0	0
genomad_k141_2113829	0	0	0	0	0	0	0	0	0	0	0	0	0	0	0	0	0	0	0	0	0	0	0	0	0	0	0	0	0	0	0	0	0	16.356407	0	0	0	0	0	0	0	0	0	0	0	0	0
genomad_k141_390627	0	0	0	0	0	0	0	0	0	0	0	0	0	0	0	0	0	0	0	0	0	0	0	0	0	0	0	0	0	0	0	0	0	22.307629	0	0	0	0	0	0	0	0	0	0	0	0	0
genomad_k141_3065858	0	0	0	0	0	0	0	0	0	0	0	0	0	0	0	0	0	0	0	0	0	0	0	0	0	0	0	0	0	0	0	29.033268	0	0	0	0	0	0	0	0	0	0	0	0	0	0	0
genomad_k141_1995593	0	0	0	0	0	0	0	0	0	0	0	0	0	0	0	0	0	0	0	0	0	0	0	0	0	0	0	0	0	0	0	0	0	6.300668	0	0	0	0	0	0	0	0	0	0	0	0	0
genomad_k141_1044416	0	0	0	0	0	0	0	0	0	0	0	0	0	0	0	0	0	0	0	0	0	0	0	0	0	0	0	0	0	0	27.300673	22.549099	0	0	0	0	0	0	0	0	0	0	0	0	0	0	0
genomad_k141_2471142	0	0	0	0	0	0	0	0	0	0	0	0	0	0	0	0	0	0	0	0	0	0	0	0	0	0	0	0	0	0	0	0	0	8.385938	0	0	0	0	0	0	0	0	0	0	0	0	0
genomad_k141_510239	0	0	0	0	0	0	0	0	0	0	0	0	0	0	0	0	0	0	0	0	0	0	0	0	0	0	0	0	0	0	0	0	0	0	0	129.18158	0	0	0	0	0	0	0	0	0	0	0
genomad_k141_1044448	0	0	0	0	0	0	0	0	0	0	0	0	0	0	0	0	0	0	0	0	0	0	0	0	0	0	0	0	0	0	0	0	0	0	0	0	0	0	1362.8374	1347.6783	0	0	0	0	0	0	0
genomad_k141_33599	0	0	0	0	0	0	0	0	0	0	0	0	0	0	0	0	0	0	0	0	0	0	0	0	0	0	0	0	0	0	0	0	29.517466	33.87995	0	0	0	0	0	0	0	0	0	0	0	0	0
genomad_k141_390734	0	0	0	0	0	0	0	0	0	0	0	0	0	0	0	0	0	0	0	0	0	0	0	0	0	0	0	0	0	0	58.51379	28.449335	94.100746	0	0	0	0	0	0	0	0	0	0	0	0	0	0
genomad_k141_2292496	0	0	0	0	0	0	0	0	0	0	0	0	98.24872	0	0	0	0	0	0	0	0	0	0	0	0	0	0	0	0	0	0	0	0	0	0	0	0	0	0	0	0	0	0	0	0	0	0
genomad_k141_272145	0	0	0	0	0	0	0	0	0	0	0	0	0	0	0	0	0	0	0	0	0	0	0	0	0	0	0	0	0	0	0	0	32.009678	41.489117	0	0	0	0	0	0	0	0	0	0	0	0	0
genomad_k141_3125902	0	0	0	0	0	0	0	0	0	0	0	0	0	0	0	0	0	0	0	0	0	0	0	0	0	0	0	0	376.6525	0	0	0	0	0	0	0	0	0	0	0	0	0	0	0	0	0	0
genomad_k141_1342301	0	0	0	0	0	0	0	0	0	0	0	0	0	0	0	0	0	0	0	0	0	0	0	0	0	0	0	0	0	0	0	28.72608	0	0	0	0	0	0	0	0	0	0	0	0	0	0	0
genomad_k141_330799	0	0	0	0	0	0	0	0	0	0	0	0	0	0	0	0	0	0	0	0	0	0	0	0	0	0	0	0	0	0	0	0	0	4.656266	0	0	0	0	0	0	0	0	0	0	0	0	0
genomad_k141_3421845	0	0	0	0	0	0	0	0	0	0	0	0	0	0	0	0	0	0	0	0	0	0	0	0	0	0	0	0	0	0	0	145.03616	0	75.55716	0	0	0	0	0	0	0	0	0	0	0	0	0
genomad_k141_2947697	0	0	0	0	0	0	0	0	0	0	0	0	0	0	0	0	0	0	0	0	0	0	0	0	0	0	0	0	0	0	0	0	9.792033	4.719381	0	0	0	0	0	0	0	0	0	0	0	0	0
genomad_k141_3601246	0	0	0	0	0	0	0	0	0	0	0	0	82.32641	0	0	0	0	0	0	0	0	0	0	0	0	0	0	0	0	0	0	0	0	0	0	0	0	0	0	0	0	0	0	0	0	0	0
genomad_k141_3601258	0	0	0	0	0	0	0	0	0	0	0	0	0	0	0	0	0	0	0	0	0	0	0	0	0	0	0	0	0	0	0	87.89947	0	5.852291	0	0	0	0	0	0	0	0	0	0	0	0	0
genomad_k141_748135	0	0	0	0	0	0	0	0	0	0	0	0	0	0	0	0	0	0	0	0	0	0	0	0	0	0	0	0	0	0	0	0	0	24.571632	0	0	0	0	0	0	0	0	0	0	0	0	0
genomad_k141_3482393	0	0	0	0	0	0	0	0	0	0	0	0	0	0	0	0	0	0	0	0	0	0	0	0	0	0	0	0	0	0	0	0	35.78689	205.0106	0	86.65428	0	0	0	0	0	0	0	0	0	0	0
genomad_k141_867321	0	0	0	0	0	0	0	0	0	0	0	0	37.13198	0	0	0	0	0	0	0	0	0	0	0	0	0	0	0	0	0	0	0	0	0	0	0	0	0	0	0	0	0	0	0	0	0	0
genomad_k141_33798	0	0	0	0	0	0	0	0	0	0	0	0	0	0	0	0	0	0	0	0	0	0	0	0	0	0	0	0	0	0	0	0	0	18.918644	0	0	0	0	0	0	0	0	0	0	0	0	0
genomad_k141_2827179	0	0	0	0	0	0	0	0	0	0	0	0	0	0	0	0	0	0	0	0	0	0	0	0	0	0	0	0	0	0	0	0	0	7.026561	0	0	0	0	0	0	0	0	0	0	0	0	0
genomad_k141_568374	0	0	0	0	0	0	0	0	0	0	0	0	0	0	0	0	0	0	0	0	0	0	0	0	0	0	0	0	0	0	0	0	0	14.981159	0	0	0	0	0	0	0	0	0	0	0	0	0
genomad_k141_3720837	0	0	0	0	0	0	0	0	0	0	0	0	0	0	0	0	0	0	0	0	0	0	0	0	0	0	0	0	0	0	0	0	0	12.442483	0	0	0	0	0	0	0	0	0	0	0	0	0
genomad_k141_568396	0	0	0	0	0	0	0	0	0	0	0	0	0	0	0	0	0	0	0	0	0	0	0	0	0	0	0	0	86.978424	0	0	0	0	0	0	0	0	0	0	0	0	0	0	0	0	0	0
genomad_k141_1817659	0	0	0	0	0	0	0	0	0	0	0	0	0	0	0	0	0	0	0	0	0	0	0	0	0	0	0	0	0	0	645.4865	425.2441	0	0	0	0	0	0	0	0	0	0	0	0	0	0	0
genomad_k141_1342462	0	0	0	0	0	0	0	0	0	0	0	0	0	0	0	0	0	0	0	0	0	0	0	0	0	0	0	0	0	0	0	0	0	8.682064	0	0	0	0	0	0	0	0	0	0	0	0	0
genomad_k141_2114148	0	0	0	0	0	0	0	0	0	0	0	0	0	0	0	0	0	0	0	0	0	0	0	0	0	0	0	0	0	0	27.450827	22.547623	0	0	0	0	0	0	0	0	0	0	0	0	0	0	0
genomad_k141_3780641	0	0	0	0	0	0	0	0	0	0	0	0	0	0	0	0	0	0	0	0	0	0	0	0	0	0	0	0	0	0	0	0	0	46.711067	0	0	0	0	0	0	0	0	0	0	0	0	0
genomad_k141_1223154	0	0	0	0	0	0	0	0	0	0	0	0	0	0	0	0	0	0	0	0	0	0	0	0	0	0	0	0	0	0	0	0	18.848404	7.990856	0	0	0	0	0	0	0	0	0	0	0	0	0
genomad_k141_3661146	0	0	0	0	0	0	0	0	0	0	0	0	0	0	0	0	0	0	0	0	0	0	0	0	0	0	0	0	0	0	0	0	0	14.431396	0	0	0	0	0	0	0	0	0	0	0	0	0
genomad_k141_211810	0	0	0	0	0	0	0	0	0	0	0	0	56.646908	0	0	0	0	0	0	0	0	0	0	0	0	0	0	0	0	0	0	0	0	0	0	0	0	0	0	0	0	0	0	0	0	0	0
genomad_k141_1996017	0	0	0	0	0	0	0	0	0	0	0	0	0	0	0	0	0	0	0	0	0	0	0	0	0	0	0	0	0	0	41.314606	189.76457	0	0	0	0	0	0	0	0	0	0	0	0	0	0	0
genomad_k141_2531735	0	0	0	0	0	0	0	0	0	0	0	0	38.664345	0	0	0	0	0	0	0	0	0	0	0	0	0	0	0	0	0	0	0	0	0	0	0	0	0	0	0	0	0	0	0	0	0	0
genomad_k141_3721076	0	0	0	0	0	0	0	0	0	0	0	0	0	0	0	0	0	0	0	0	0	0	0	0	0	0	0	0	206.16942	0	0	0	0	0	0	0	0	0	0	0	0	0	0	0	0	0	0
genomad_k141_3303991	0	0	0	0	1597.1816	1422.6436	0	0	0	0	0	0	0	0	0	0	0	0	0	0	0	0	0	0	0	0	0	0	0	0	42.61881	0	0	0	0	0	0	0	0	0	0	0	0	0	0	0	0
genomad_k141_985743	0	0	0	0	0	0	0	0	0	0	0	0	0	0	0	0	0	0	0	0	0	0	0	0	0	0	0	0	0	0	0	0	129.22597	54.437805	0	0	0	0	0	0	0	0	0	0	0	0	0
genomad_k141_1342754	0	0	0	0	0	0	0	0	0	0	0	0	0	0	0	0	0	0	0	0	0	0	0	0	0	0	0	0	0	0	0	0	27.466236	19.059124	0	0	0	0	0	0	0	0	0	0	0	0	0
genomad_k141_1520358	0	0	0	0	0	0	0	0	0	0	0	0	0	0	0	0	0	0	0	0	0	0	0	0	0	0	0	0	0	0	0	0	0	9.931565	0	0	0	0	0	0	0	0	0	0	0	0	0
genomad_k141_1520374	0	0	0	0	0	0	0	0	0	0	0	0	0	0	0	0	0	0	0	0	0	0	0	0	0	0	0	0	0	0	0	24.384497	0	0	0	0	0	0	0	0	0	0	0	0	0	0	0
genomad_k141_867666	0	0	0	0	0	0	0	0	0	0	0	0	0	0	0	0	0	0	0	0	0	0	0	0	0	0	0	0	0	0	42.75438	31.39462	0	0	0	0	0	0	0	0	0	0	0	0	0	0	0
genomad_k141_212073	0	0	0	0	0	0	0	0	0	0	0	0	46.90716	0	0	0	0	0	0	0	0	0	0	0	0	0	0	0	0	0	0	0	0	0	0	0	0	0	0	0	0	0	0	0	0	0	0
genomad_k141_3661396	0	0	0	0	0	0	0	0	0	0	0	0	0	0	0	0	731.9872	728.90704	0	0	0	0	0	0	0	0	0	0	0	0	0	0	0	0	0	0	0	0	0	0	0	0	0	0	0	0	0
genomad_k141_2114522	0	0	0	0	0	0	0	0	0	0	0	0	213.97961	0	0	0	0	0	0	0	0	0	0	0	0	0	0	0	0	0	0	0	0	0	0	0	0	0	0	0	0	0	0	0	0	0	0
genomad_k141_3541377	0	0	0	0	0	0	0	0	0	0	0	0	0	0	0	0	0	0	0	0	0	0	0	0	0	0	0	0	0	0	0	0	0	6.7012296	0	0	0	0	0	0	0	0	0	0	0	0	0
genomad_k141_629552	0	0	0	0	0	0	0	0	0	0	0	0	0	0	0	0	0	0	0	0	0	0	0	0	0	0	0	0	0	0	0	0	0	9.615084	0	0	0	0	0	0	0	0	0	0	0	0	0
genomad_k141_568855	0	0	0	0	0	0	0	0	0	0	0	0	0	0	0	0	0	0	0	0	0	0	0	0	0	0	0	0	0	0	0	92.32438	0	21.334631	0	0	0	0	0	0	0	0	0	0	0	0	0
genomad_k141_3244853	0	0	0	0	0	0	0	0	0	0	0	0	0	0	0	0	0	0	0	0	0	0	0	0	0	0	0	0	0	0	0	0	94.08244	44.80452	0	57.17531	0	0	0	0	0	0	0	0	0	0	0
genomad_k141_1520489	0	0	0	0	0	0	0	0	0	0	0	0	0	0	0	0	0	0	0	0	0	0	0	0	0	0	0	0	0	0	0	0	44.313377	47.20211	0	17.280474	0	0	0	0	0	0	0	0	0	0	0
genomad_k141_3661512	0	0	0	0	0	0	0	0	0	0	0	0	0	0	0	0	0	0	0	0	0	0	0	0	0	0	0	0	0	0	0	0	366.91266	368.99448	0	172.8672	0	0	0	0	0	0	0	0	0	0	0
genomad_k141_452621	0	0	0	0	0	0	0	0	0	0	0	0	0	0	0	0	0	0	0	0	0	0	0	0	0	0	0	0	0	0	41.68485	30.165913	0	0	0	0	0	0	0	0	0	0	0	0	0	0	0
genomad_k141_3364525	0	0	0	0	0	0	0	0	0	0	0	0	227.0928	0	0	0	0	0	0	0	0	0	0	0	0	0	0	0	0	0	0	0	0	0	0	0	0	0	0	0	0	0	0	0	0	0	0
genomad_k141_1461048	0	0	0	0	0	0	0	0	0	0	0	0	0	0	0	0	0	0	0	0	0	0	0	0	0	0	0	0	0	0	0	0	0	4.7504845	0	0	0	0	0	0	0	0	0	0	0	0	0
genomad_k141_3007713	0	0	0	0	0	0	0	0	0	0	0	0	0	0	0	0	0	0	0	0	0	0	0	0	0	0	0	0	0	0	0	68.93712	0	0	0	0	0	0	0	0	0	0	0	0	0	0	0
genomad_k141_1520618	0	0	0	0	0	0	0	0	0	0	0	0	0	0	0	0	0	0	0	0	0	0	0	0	0	0	0	0	0	0	0	0	0	6.906645	0	0	0	0	0	0	0	0	0	0	0	0	0
genomad_k141_629749	0	0	0	0	0	0	0	0	0	0	0	0	0	0	0	0	0	0	0	0	0	0	0	0	0	0	0	0	0	0	0	0	0	14.76795	0	0	0	0	0	0	0	0	0	0	0	0	0
genomad_k141_3245073	0	0	0	0	0	0	0	0	0	0	0	0	0	0	0	0	0	0	0	0	0	0	0	0	0	0	0	0	0	0	0	0	35.416183	72.751526	0	0	0	0	0	0	0	0	0	0	0	0	0
genomad_k141_3422687	0	0	0	0	0	0	0	0	0	0	0	0	0	0	0	0	0	0	0	0	0	0	0	0	0	0	0	0	380.93958	142.30026	0	0	0	0	0	0	0	0	0	0	0	0	0	0	0	0	0
genomad_k141_3422694	0	0	0	0	0	0	0	0	0	0	0	0	0	0	0	0	0	0	0	0	0	0	0	0	0	0	0	0	0	0	0	0	29.40828	3.721092	0	0	0	0	0	0	0	0	0	0	0	0	0
genomad_k141_2234150	0	0	0	0	0	0	0	0	0	0	0	0	0	0	0	0	0	0	0	0	0	0	0	0	0	0	0	0	0	0	0	28.861502	0	0	0	0	0	0	0	0	0	0	0	0	0	0	0
genomad_k141_2412818	0	0	0	0	0	0	0	0	0	0	0	0	0	0	0	0	0	0	0	0	0	0	0	0	0	0	0	0	0	0	0	0	26.427885	30.195986	0	0	0	0	0	0	0	0	0	0	0	0	0
genomad_k141_1758856	0	0	0	0	0	0	0	0	0	0	0	0	0	0	0	0	0	0	0	0	0	0	0	0	0	0	0	0	0	0	0	0	0	21.167244	0	0	0	0	0	0	0	0	0	0	0	0	0
genomad_k141_1640418	0	0	0	0	0	0	0	0	0	0	0	0	0	0	0	0	0	0	0	0	0	0	0	0	0	0	0	0	0	0	0	0	0	7.4189425	0	0	0	0	0	0	0	0	0	0	0	0	0
genomad_k141_2769035	0	0	0	0	0	0	0	0	0	0	0	0	0	0	0	0	0	0	0	0	0	0	0	0	0	0	0	0	0	0	71.292885	148.15605	0	5.132228	0	0	0	0	0	0	0	0	0	0	0	0	0
genomad_k141_3781240	0	0	0	0	0	0	0	0	0	0	0	0	0	0	0	0	0	0	0	0	0	0	0	0	0	0	0	0	0	0	0	0	14.995006	6.7104425	0	0	0	0	0	0	0	0	0	0	0	0	0
genomad_k141_273208	0	0	0	0	0	0	0	0	0	0	0	0	0	0	0	0	0	0	0	0	0	0	0	0	0	0	0	0	1906.8591	810.26294	0	0	0	0	0	0	0	0	0	0	0	0	0	0	0	0	0
genomad_k141_629924	0	0	0	0	0	0	0	0	0	0	0	0	0	0	0	0	0	0	0	0	0	0	0	0	0	0	0	0	0	0	0	32.31444	0	0	0	0	0	0	0	0	0	0	0	0	0	0	0
genomad_k141_3483279	0	0	0	0	0	0	0	0	0	0	0	0	0	0	0	0	0	0	0	0	0	0	0	0	0	0	0	0	0	0	0	0	0	6.7460465	0	0	0	0	0	0	0	0	0	0	0	0	0
genomad_k141_3661879	0	0	0	0	0	0	0	0	0	0	0	0	0	0	0	0	0	0	0	0	0	0	0	0	0	0	0	0	141.86237	0	0	0	0	0	0	0	0	0	0	0	0	0	0	0	0	0	0
genomad_k141_1403276	0	0	0	0	0	0	0	0	0	0	0	0	0	0	0	0	0	0	0	0	0	0	0	0	0	0	0	0	0	0	0	0	0	12.286053	0	0	0	0	0	0	0	0	0	0	0	0	0
genomad_k141_2651276	0	0	0	0	0	0	0	0	0	0	0	0	0	0	0	0	0	0	0	0	0	0	0	0	0	0	0	0	0	0	0	0	32.051968	10.972654	0	0	0	0	0	0	0	0	0	0	0	0	0
genomad_k141_3721753	0	0	0	0	0	0	0	0	0	0	0	0	0	0	0	0	0	0	0	0	0	0	0	0	0	0	0	0	0	0	0	24.50217	0	0	0	0	0	0	0	0	0	0	0	0	0	0	0
genomad_k141_1877370	0	0	0	0	0	0	0	0	0	0	0	0	0	0	0	0	0	0	0	0	0	0	0	0	0	0	0	0	0	0	0	0	103.782684	176.05266	0	36.336414	0	0	0	0	0	0	0	0	0	0	0
genomad_k141_1282090	0	0	0	0	0	0	0	0	0	0	0	0	0	0	0	0	0	0	0	0	0	0	0	0	0	0	0	0	0	0	0	0	0	43.091015	0	0	0	0	0	0	0	0	0	0	0	0	0
genomad_k141_1877388	0	0	0	0	0	0	0	0	0	0	0	0	0	0	0	0	0	0	0	0	0	0	0	0	0	0	0	0	0	0	0	0	0	7.5017767	0	0	0	0	0	0	0	0	0	0	0	0	0
genomad_k141_2354896	0	0	0	0	0	0	0	0	0	0	0	0	0	0	0	0	0	0	0	0	0	0	0	0	0	0	0	0	0	0	0	0	91.03888	0	0	0	0	0	0	0	0	0	0	0	0	0	0
genomad_k141_2532487	0	0	0	0	0	0	0	0	0	0	0	0	0	0	0	0	0	0	0	0	0	0	0	0	0	0	0	0	0	0	0	0	0	15.85801	0	0	0	0	0	0	0	0	0	0	0	0	0
genomad_k141_3602396	0	0	0	0	0	0	0	0	0	0	0	0	0	0	0	0	0	0	0	0	0	0	0	0	0	0	0	0	0	0	0	0	33.81868	44.02467	0	0	0	0	0	0	0	0	0	0	0	0	0
genomad_k141_95428	0	0	0	0	0	0	0	0	0	0	0	0	0	0	0	0	0	0	0	0	0	0	0	0	0	0	0	0	0	0	0	0	0	33.11833	0	0	0	0	0	0	0	0	0	0	0	0	0
genomad_k141_212712	0	0	0	0	0	0	0	0	0	0	0	0	0	0	0	0	0	0	0	0	0	0	0	0	0	0	0	0	0	0	0	20.340593	0	0	0	0	0	0	0	0	0	0	0	0	0	0	0
genomad_k141_2413140	0	0	0	0	0	0	0	0	0	0	0	0	0	0	0	0	1374.1523	1287.1138	0	0	0	0	0	0	0	0	0	0	0	0	0	0	0	0	0	0	0	0	0	0	0	0	0	0	0	0	0
genomad_k141_34902	0	0	0	0	0	0	0	0	0	0	0	0	0	0	0	0	0	0	0	0	0	0	0	0	0	0	0	0	0	0	0	0	23.99903	7.9914346	0	0	0	0	0	0	0	0	0	0	0	0	0
genomad_k141_3067149	0	0	0	0	0	0	0	0	0	0	0	0	0	0	0	0	0	0	0	0	0	0	0	0	0	0	0	0	0	0	0	0	0	42.534863	0	0	0	0	0	0	0	0	0	0	0	0	0
genomad_k141_2888062	0	0	0	0	0	0	0	0	0	0	0	0	0	0	0	0	0	0	0	0	0	0	0	0	0	0	0	0	0	0	31.70539	61.961864	0	0	0	0	0	0	0	0	0	0	0	0	0	0	0
genomad_k141_569519	0	0	0	0	0	0	0	0	0	0	0	0	0	0	0	0	0	0	0	0	0	0	0	0	0	0	0	0	0	0	0	0	0	0	0	185.98721	0	0	0	0	0	0	0	0	0	0	0
genomad_k141_2709639	0	0	0	0	0	0	0	0	0	0	0	0	0	0	0	0	0	0	0	0	0	0	0	0	0	0	0	0	0	0	70.39808	19.695068	0	0	0	0	0	0	0	0	0	0	0	0	0	0	0
genomad_k141_2115240	0	0	0	0	0	0	0	0	0	0	0	0	0	0	0	0	0	0	0	0	0	0	0	0	0	0	0	0	0	0	0	0	0	10.185692	0	0	0	0	0	0	0	0	0	0	0	0	0
genomad_k141_2355059	0	0	0	0	0	0	0	0	0	0	0	0	0	0	0	0	0	0	0	0	0	0	0	0	0	0	0	0	57.08229	0	0	0	0	0	0	0	0	0	0	0	0	0	0	0	0	0	0
genomad_k141_3127246	0	0	0	0	0	0	0	0	0	0	0	0	0	0	0	0	0	0	0	0	0	0	0	0	0	0	0	0	0	0	0	126.41515	0	16.009077	0	0	0	0	0	0	0	0	0	0	0	0	0
genomad_k141_2293746	0	0	0	0	0	0	0	0	0	0	0	0	0	0	0	0	0	0	0	0	0	0	0	0	0	0	0	0	0	0	0	0	0	51.352043	0	0	0	0	0	0	0	0	0	0	0	0	0
genomad_k141_1877594	0	0	0	0	0	0	0	0	0	0	0	0	0	0	0	0	0	0	0	0	0	0	0	0	0	0	0	0	0	0	55.096386	40.990086	0	35.480133	0	0	0	0	0	0	0	0	0	0	0	0	0
genomad_k141_2115288	0	0	0	0	0	0	0	0	0	0	0	0	0	0	0	0	0	0	0	0	0	0	0	0	0	0	0	0	0	0	0	0	0	16.37631	0	0	0	0	0	0	0	0	0	0	0	0	0
genomad_k141_3185962	0	0	0	0	0	0	0	0	0	0	0	0	0	0	0	0	0	0	0	0	0	0	0	0	0	0	0	0	0	0	0	0	17.527987	60.343395	0	0	0	0	0	0	0	0	0	0	0	0	0
genomad_k141_3245690	0	0	0	0	0	0	0	0	0	0	0	0	0	0	0	0	0	0	0	0	0	0	0	0	0	0	0	0	0	0	0	0	164.14655	31.876488	0	0	0	0	0	0	0	0	0	0	0	0	0
genomad_k141_2174813	0	0	0	0	0	0	0	0	0	0	0	0	0	0	0	0	0	0	0	0	0	0	0	0	0	0	0	0	0	0	0	0	48.473827	95.99153	0	0	0	0	0	0	0	0	0	0	0	0	0
genomad_k141_3602678	0	0	0	0	0	0	0	0	0	0	0	0	0	0	0	0	0	0	0	0	0	0	0	0	0	0	0	0	0	0	0	54.551014	0	6.146191	0	0	0	0	0	0	0	0	0	0	0	0	0
genomad_k141_2949124	0	0	0	0	0	0	0	0	0	0	0	0	0	0	0	0	0	0	0	0	0	0	0	0	0	0	0	0	0	0	0	0	163.33122	45.23529	0	0	0	0	0	0	0	0	0	0	0	0	0
genomad_k141_927874	0	0	0	0	0	0	0	0	0	0	0	0	0	0	0	0	0	0	0	0	0	0	0	0	0	0	0	0	0	0	0	0	0	12.197601	0	0	0	0	0	0	0	0	0	0	0	0	0
genomad_k141_3542268	0	0	0	0	0	0	0	0	0	0	0	0	0	0	0	0	0	0	0	0	0	0	0	0	0	0	0	0	0	0	86.34551	326.42136	0	31.987263	0	0	0	0	0	0	0	0	0	0	0	0	0
genomad_k141_2355219	0	0	0	0	0	0	0	0	0	0	0	0	0	0	0	0	0	0	0	0	0	0	0	0	0	0	0	0	0	0	0	0	0	6.944801	0	0	0	0	0	0	0	0	0	0	0	0	0
genomad_k141_2532852	0	0	0	0	0	0	0	0	0	0	0	0	0	0	0	0	0	0	0	0	0	0	0	0	0	0	0	0	0	0	0	0	0	28.345964	0	0	0	0	0	0	0	0	0	0	0	0	0
genomad_k141_927907	0	0	0	0	0	0	0	0	0	0	0	0	0	0	0	0	0	0	0	0	0	0	0	0	0	0	0	0	0	0	0	0	0	15.628777	0	0	0	0	0	0	0	0	0	0	0	0	0
genomad_k141_1759508	0	0	0	0	0	0	0	0	0	0	0	0	0	0	0	0	0	0	0	0	0	0	0	0	0	0	0	0	0	0	0	0	57.39282	51.182785	0	0	0	0	0	0	0	0	0	0	0	0	0
genomad_k141_807103	0	0	0	0	0	0	0	0	0	0	0	0	178.67885	0	0	0	0	0	0	0	0	0	0	0	0	0	0	0	0	0	0	0	0	0	0	0	0	0	0	0	0	0	0	0	0	0	0
genomad_k141_1282532	0	0	0	0	0	0	0	0	0	0	0	0	0	0	0	0	0	0	0	0	0	0	0	0	0	0	0	0	0	0	0	0	0	0	0	0	0	0	2108.213	1857.4912	0	0	0	0	0	0	0
genomad_k141_2472525	0	0	0	0	0	0	0	0	0	0	0	0	0	0	0	0	0	0	0	0	0	0	0	0	0	0	0	0	0	0	0	0	39.760616	22.534586	0	0	0	0	0	0	0	0	0	0	0	0	0
genomad_k141_2709912	0	0	0	0	0	0	0	0	0	0	0	0	0	0	0	0	0	0	0	0	0	0	0	0	0	0	0	0	0	0	0	21.507946	0	17.390331	0	0	0	0	0	0	0	0	0	0	0	0	0
genomad_k141_986899	0	0	0	0	0	0	0	0	0	0	0	0	0	0	0	0	0	0	0	0	0	0	0	0	0	0	0	0	0	0	0	0	0	0	0	0	0	0	0	0	0	0	0	44698.22	0	0	0
genomad_k141_1343944	0	0	0	0	0	0	0	0	0	0	0	0	28.420856	0	0	0	0	0	0	0	0	0	0	0	0	0	0	0	0	0	0	0	0	0	0	0	0	0	0	0	0	0	0	0	0	0	0
genomad_k141_2888303	0	0	0	0	0	0	0	0	0	0	0	0	0	0	0	0	0	0	0	0	0	0	0	0	0	0	0	0	0	0	0	0	180.46602	25.234428	0	0	0	0	0	0	0	0	0	0	0	0	0
genomad_k141_3067489	0	0	0	0	0	0	0	0	0	0	0	0	0	0	0	0	0	0	0	0	0	0	0	0	0	0	0	0	0	0	0	0	0	55.47546	0	0	0	0	0	0	0	0	0	0	0	0	0
genomad_k141_2413542	0	0	0	0	0	0	0	0	0	0	0	0	0	0	0	0	0	0	0	0	0	0	0	0	0	0	0	0	0	0	0	0	30.10447	50.848415	0	0	0	0	0	0	0	0	0	0	0	0	0
genomad_k141_1699259	0	0	0	0	0	0	0	0	0	0	0	0	0	0	0	0	0	0	0	0	0	0	0	0	0	0	0	0	0	0	204.94403	284.25015	0	0	0	0	0	0	0	0	0	0	0	0	0	0	0
genomad_k141_154179	0	0	0	0	0	0	0	0	0	0	0	0	0	0	0	0	0	0	0	0	0	0	0	0	0	0	0	0	0	0	0	0	61.209957	143.68414	0	43.279713	0	0	0	0	0	0	0	0	0	0	0
genomad_k141_868806	0	0	0	0	0	0	0	0	0	0	0	0	0	0	0	0	0	0	0	0	0	0	0	0	0	0	0	0	0	0	0	0	0	10.293497	0	0	0	0	0	0	0	0	0	0	0	0	0
genomad_k141_569879	0	0	0	0	0	0	0	0	0	0	0	0	0	0	0	0	0	0	0	0	0	0	0	0	0	0	0	0	0	0	0	0	81.53608	323.5225	0	107.836205	0	0	0	0	0	0	0	0	0	0	0
genomad_k141_3423515	0	0	0	0	0	0	0	0	0	0	0	0	0	0	0	0	0	0	0	0	0	0	0	0	0	0	0	0	0	0	20.455305	53.762657	0	0	0	0	0	0	0	0	0	0	0	0	0	0	0
genomad_k141_213258	0	0	0	0	0	0	0	0	0	0	0	0	0	0	0	0	0	0	0	0	0	0	0	0	0	0	0	0	0	0	0	0	46.79124	3.4050286	0	0	0	0	0	0	0	0	0	0	0	0	0
genomad_k141_1759707	0	0	0	0	0	0	0	0	0	0	0	0	0	0	0	0	0	0	0	0	0	0	0	0	0	0	0	0	0	0	0	0	93.92511	40.79723	0	0	0	0	0	0	0	0	0	0	0	0	0
genomad_k141_2710067	0	0	0	0	0	0	0	0	0	0	0	0	0	0	0	0	0	0	0	0	0	0	0	0	0	0	0	0	0	0	0	0	0	0	0	0	0	0	0	0	0	0	0	0	0	0	0
genomad_k141_749941	0	0	0	0	0	0	0	0	0	0	0	0	0	0	0	0	0	0	0	0	0	0	0	0	0	0	0	0	0	0	0	0	20.26196	13.739915	0	0	0	0	0	0	0	0	0	0	0	0	0
genomad_k141_3246099	0	0	0	0	0	0	0	0	0	0	0	0	0	0	0	0	2096.5837	2078.1326	0	0	0	0	0	0	0	0	0	0	0	0	0	0	0	0	0	0	0	0	0	0	0	0	0	0	0	0	0
genomad_k141_1878048	0	0	0	0	0	0	0	0	0	0	0	0	0	0	0	0	0	0	0	0	0	0	0	0	0	0	0	0	0	0	0	0	0	25.902138	0	0	0	0	0	0	0	0	0	0	0	0	0
genomad_k141_1282840	0	0	0	0	0	0	0	0	0	0	0	0	0	0	0	0	0	0	0	0	0	0	0	0	0	0	0	0	0	0	0	0	0	9.769813	0	0	0	0	0	0	0	0	0	0	0	0	0
genomad_k141_2115822	0	0	0	0	1545.1836	1513.2911	0	0	0	0	0	0	0	0	0	0	0	0	0	0	0	0	0	0	0	0	0	0	0	0	0	0	0	0	0	0	0	0	0	0	0	0	0	0	0	0	0
genomad_k141_1641053	0	0	0	0	0	0	0	0	0	0	0	0	0	0	0	0	0	0	0	0	0	0	0	0	0	0	0	0	0	0	0	0	42.466537	36.445965	0	0	0	0	0	0	0	0	0	0	0	0	0
genomad_k141_1165933	0	0	0	0	0	0	0	0	0	0	0	0	0	0	0	0	0	0	0	0	0	0	0	0	0	0	0	0	0	0	0	0	132.54034	12.762285	0	0	0	0	0	0	0	0	0	0	0	0	0
genomad_k141_3423662	0	0	0	0	0	0	0	0	0	0	0	0	0	0	0	0	0	0	0	0	0	0	0	0	0	0	0	0	0	0	0	0	905.4458	101.228714	0	55.980618	0	0	0	0	0	0	0	0	0	0	0
genomad_k141_1819364	0	0	0	0	0	0	0	0	0	0	0	0	0	0	0	0	0	0	0	0	0	0	0	0	0	0	0	0	0	0	0	69.16655	0	11.011113	0	0	0	0	0	0	0	0	0	0	0	0	0
genomad_k141_570071	0	0	0	0	2821.5383	2669.3723	0	0	0	0	0	0	0	0	0	0	0	0	0	0	0	0	0	0	0	0	0	0	0	0	0	0	0	0	0	0	0	0	0	0	0	0	0	0	0	0	0
genomad_k141_807435	0	0	0	0	0	0	0	0	0	0	0	0	0	0	0	0	0	0	0	0	0	0	0	0	0	0	0	0	205.72165	0	0	0	0	0	0	0	0	0	0	0	0	0	0	0	0	0	0
genomad_k141_2056859	0	0	0	0	0	0	0	0	0	0	0	0	0	0	0	0	0	0	0	0	0	0	0	0	0	0	0	0	0	0	0	0	0	5.8162227	0	0	0	0	0	0	0	0	0	0	0	0	0
genomad_k141_2472771	0	0	0	0	0	0	0	0	0	0	0	0	0	0	0	0	0	0	0	0	0	0	0	0	0	0	0	0	0	0	0	0	33.11954	55.54429	0	0	0	0	0	0	0	0	0	0	0	0	0
genomad_k141_35614	0	0	0	0	0	0	0	0	0	0	0	0	0	0	0	0	0	0	0	0	0	0	0	0	0	0	0	0	0	0	0	29.372658	0	4.0607333	0	0	0	0	0	0	0	0	0	0	0	0	0
genomad_k141_570125	0	0	0	0	0	0	0	0	0	0	0	0	0	0	0	0	0	0	0	0	0	0	0	0	0	0	0	0	0	0	0	0	0	13.878092	0	0	0	0	0	0	0	0	0	0	0	0	0
genomad_k141_2056898	0	0	0	0	0	0	0	0	0	0	0	0	0	0	0	0	0	0	0	0	0	0	0	0	0	0	0	0	0	0	35.765816	120.91966	0	13.834762	0	0	0	0	0	0	0	0	0	0	0	0	0
genomad_k141_1462024	0	0	0	0	0	0	0	0	0	0	0	0	0	0	0	0	0	0	0	0	0	0	0	0	0	0	0	0	0	0	0	0	49.96685	34.648323	0	0	0	0	0	0	0	0	0	0	0	0	0
genomad_k141_2413881	0	0	0	0	0	0	0	0	0	0	0	0	0	0	0	0	0	0	0	0	0	0	0	0	0	0	0	0	0	0	0	0	0	8.624283	0	0	0	0	0	0	0	0	0	0	0	0	0
genomad_k141_512322	0	0	0	0	0	0	0	0	0	0	0	0	0	0	0	0	0	0	0	0	0	0	0	0	0	0	0	0	0	0	0	0	0	8.905132	0	0	0	0	0	0	0	0	0	0	0	0	0
genomad_k141_154565	0	0	0	0	0	0	0	0	0	0	0	0	0	0	0	0	0	0	0	0	0	0	0	0	0	0	0	0	0	0	0	0	25.0436	23.583065	0	0	0	0	0	0	0	0	0	0	0	0	0
genomad_k141_1521831	0	0	0	0	0	0	0	0	0	0	0	0	0	0	0	0	0	0	0	0	0	0	0	0	0	0	0	0	0	0	0	20.913988	0	10.207926	0	0	0	0	0	0	0	0	0	0	0	0	0
genomad_k141_392693	0	0	0	0	0	0	0	0	0	0	0	0	0	0	0	0	0	0	0	0	0	0	0	0	0	0	0	0	0	0	0	0	27.115902	61.14575	0	0	0	0	0	0	0	0	0	0	0	0	0
genomad_k141_2115983	0	0	0	0	0	0	0	0	0	0	0	0	0	0	0	0	0	0	0	0	0	0	0	0	0	0	0	0	0	0	0	0	64.385666	44.036118	0	0	0	0	0	0	0	0	0	0	0	0	0
genomad_k141_3365847	0	0	0	0	0	0	0	0	0	0	0	0	0	0	0	0	0	0	0	0	0	0	0	0	0	0	0	0	516.0374	275.5927	0	0	0	0	0	0	0	0	0	0	0	0	0	0	0	0	0
genomad_k141_3603316	0	0	0	0	0	0	0	0	0	0	0	0	0	0	0	0	0	0	0	0	0	0	0	0	0	0	0	0	0	0	520.6508	208.19247	0	0	0	0	0	0	0	0	0	0	0	0	0	0	0
genomad_k141_3008997	0	0	0	0	0	0	0	0	0	0	0	0	0	0	0	0	0	0	0	0	0	0	0	0	0	0	0	0	0	0	0	0	0	11.3276825	0	0	0	0	0	0	0	0	0	0	0	0	0
genomad_k141_631027	0	0	0	0	0	0	0	0	0	0	0	0	0	0	0	0	0	0	0	0	0	0	0	0	0	0	0	0	0	0	0	0	0	12.687989	0	0	0	0	0	0	0	0	0	0	0	0	0
genomad_k141_3305590	0	0	0	0	2809.834	2769.3179	0	0	0	0	0	0	0	0	0	0	0	0	0	0	0	0	0	0	0	0	0	0	0	0	0	0	0	0	0	0	0	0	0	0	0	0	0	0	0	0	0
genomad_k141_2355728	0	0	0	0	1844.4026	2015.5144	0	0	0	0	0	0	0	0	0	0	0	0	0	0	0	0	0	0	0	0	0	0	0	0	0	0	0	0	0	0	0	0	0	0	0	0	0	0	0	0	0
genomad_k141_2710367	0	0	0	0	0	0	0	0	0	0	0	0	0	0	0	0	0	0	0	0	0	0	0	0	0	0	0	0	0	0	0	0	0	21.701712	0	0	0	0	0	0	0	0	0	0	0	0	0
genomad_k141_1106643	0	0	0	0	0	0	0	0	0	0	0	0	0	0	0	0	0	0	0	0	0	0	0	0	0	0	0	0	0	0	0	0	0	0	0	0	0	0	1580.126	1440.3983	0	0	0	0	0	0	0
genomad_k141_690348	0	0	0	0	0	0	0	0	0	0	0	0	0	0	0	0	0	0	0	0	0	0	0	0	0	0	0	0	0	0	0	0	52.808235	29.475428	0	0	0	0	0	0	0	0	0	0	0	0	0
genomad_k141_1878299	0	0	0	0	0	0	0	0	0	0	0	0	0	0	0	0	0	0	0	0	0	0	0	0	0	0	0	0	0	0	0	0	0	17.45305	0	0	0	0	0	0	0	0	0	0	0	0	0
genomad_k141_392846	0	0	0	0	0	0	0	0	0	0	0	0	0	0	0	0	0	0	0	0	0	0	0	0	0	0	0	0	0	0	42.45075	0	25.845936	27.503479	0	0	0	0	0	0	0	0	0	0	0	0	0
genomad_k141_1462216	0	0	0	0	0	0	0	0	0	0	0	0	0	0	0	0	0	0	0	0	0	0	0	0	0	0	0	0	0	0	0	0	0	25.853758	0	0	0	0	0	0	0	0	0	0	0	0	0
genomad_k141_2175535	0	0	0	0	0	0	0	0	0	0	0	0	66.034515	0	0	0	0	0	0	0	0	0	0	0	0	0	0	0	0	0	0	0	0	0	0	0	0	0	0	0	0	0	0	0	0	0	0
genomad_k141_2235534	0	0	0	0	0	0	0	0	0	0	0	0	0	0	0	0	0	0	0	0	0	0	0	0	0	0	0	0	0	0	3043.9646	689.67004	0	0	0	0	0	0	0	0	0	0	0	0	0	0	0
genomad_k141_807742	0	0	0	0	0	0	0	718.5607	0	0	0	0	0	0	0	0	0	0	0	0	0	0	0	0	0	0	0	0	0	0	626.9656	293.66644	22.111107	36.075027	0	30.674469	0	0	0	0	0	0	0	0	0	0	0
genomad_k141_1225145	0	0	0	0	0	0	0	0	0	0	0	0	0	0	0	0	0	0	0	0	0	0	0	0	0	0	0	0	0	0	0	0	0	11.059078	0	0	0	0	0	0	0	0	0	0	0	0	0
genomad_k141_2949900	0	0	0	0	0	0	0	0	0	0	0	0	0	0	0	0	0	0	0	0	0	0	0	0	0	0	0	0	0	0	0	40.955273	154.85603	1032.2537	0	298.6077	0	0	0	0	0	0	0	0	0	0	0
genomad_k141_3246605	0	0	0	0	0	0	0	0	0	0	0	0	0	0	0	0	0	0	0	0	0	0	0	0	0	0	0	0	0	0	64.66466	22.369337	0	0	0	0	0	0	0	0	0	0	0	0	0	0	0
genomad_k141_96626	0	0	0	0	0	0	0	0	0	0	0	0	61.967262	0	0	0	0	0	0	0	0	0	0	0	0	0	0	0	0	0	0	0	0	0	0	0	0	0	0	0	0	0	0	0	0	0	0
genomad_k141_2533733	0	0	0	0	0	0	0	0	0	0	0	0	99.57117	0	0	0	0	0	0	0	0	0	0	0	0	0	0	0	0	0	0	0	0	0	0	0	0	0	0	0	0	0	0	0	0	0	0
genomad_k141_3246654	0	0	0	0	0	0	0	0	0	0	0	0	0	0	0	0	0	0	0	0	0	0	0	0	0	0	0	0	0	0	0	0	0	21.36317	0	0	0	0	0	0	0	0	0	0	0	0	0
genomad_k141_1166484	0	0	0	0	0	0	0	0	0	0	0	0	0	0	0	0	0	0	0	0	0	0	0	0	0	0	0	0	0	0	0	0	0	18.782822	0	0	0	0	0	0	0	0	0	0	0	0	0
genomad_k141_2888865	0	0	0	0	0	0	0	0	0	0	0	0	0	0	0	0	0	0	0	0	0	0	0	0	0	0	0	0	0	0	0	0	0	9.827647	0	0	0	0	0	0	0	0	0	0	0	0	0
genomad_k141_869622	0	0	0	0	0	0	0	0	0	0	0	0	0	0	0	0	0	0	0	0	0	0	0	0	0	0	0	0	0	0	0	0	0	4.7431927	0	0	0	0	0	0	0	0	0	0	0	0	0
genomad_k141_2057314	0	0	0	0	0	0	0	0	0	0	0	0	0	0	0	0	0	0	0	0	0	0	0	0	0	0	0	0	0	0	0	0	153.05417	219.17053	0	50.487114	0	0	0	0	0	0	0	0	0	0	0
genomad_k141_1819895	0	0	0	0	0	0	0	0	0	0	0	0	0	0	0	0	0	0	0	0	0	0	0	0	0	0	0	0	0	0	0	19.80137	0	0	0	0	0	0	0	0	0	0	0	0	0	0	0
genomad_k141_1700095	0	0	0	0	0	0	0	0	0	0	0	0	601.85986	0	0	0	0	0	0	0	0	0	0	0	0	0	0	0	0	0	0	0	0	0	0	0	0	0	0	0	0	0	0	0	0	0	0
genomad_k141_807954	0	0	0	0	998.6639	983.37134	0	0	1184.7661	1158.0281	0	0	0	0	0	0	0	0	0	0	0	0	0	0	0	0	0	0	0	0	0	0	0	0	0	0	0	0	0	0	0	0	0	0	0	0	0
genomad_k141_213663	0	0	0	0	0	0	0	0	0	0	0	0	0	0	0	0	0	0	0	0	0	0	0	0	0	0	0	0	0	0	24.688902	113.47619	0	0	0	0	0	0	0	0	0	0	0	0	0	0	0
genomad_k141_3782606	0	0	0	0	0	0	0	0	0	0	0	0	0	0	0	0	0	0	0	0	0	0	0	0	0	0	0	0	0	0	61.754482	23.879316	0	0	0	0	0	0	0	0	0	0	0	0	0	0	0
genomad_k141_3068372	0	0	0	0	0	0	0	0	0	0	0	0	0	0	0	0	0	0	0	0	0	0	0	0	0	0	0	0	0	0	0	0	0	12.94789	0	0	0	0	0	0	0	0	0	0	0	0	0
genomad_k141_1166600	0	0	0	0	0	0	0	0	0	0	0	0	0	0	0	0	0	0	0	0	0	0	0	0	0	0	0	0	0	0	0	0	28.148863	14.816999	0	0	0	0	0	0	0	0	0	0	0	0	0
genomad_k141_96863	0	0	0	0	0	0	0	0	0	0	0	0	0	0	0	0	0	0	0	0	0	0	0	0	0	0	0	0	0	0	59.63482	324.1248	0	0	0	0	0	0	0	0	0	0	0	0	0	0	0
genomad_k141_2356124	0	0	237.39984	254.07283	0	0	0	0	0	0	0	879.4995	0	0	0	0	0	0	0	0	0	0	0	0	0	0	0	0	0	0	0	0	0	0	0	0	0	0	0	0	0	894.38367	923.93335	0	0	0	0
genomad_k141_3424262	0	0	0	0	0	0	0	0	0	0	0	0	0	0	0	0	0	0	0	0	0	0	0	0	0	0	0	0	0	0	0	0	26.417397	12.758008	0	0	0	0	0	0	0	0	0	0	0	0	0
genomad_k141_1522428	0	0	0	0	0	0	0	0	0	0	0	0	0	0	0	0	0	0	0	0	0	0	0	0	0	0	0	0	0	0	0	0	0	10.897841	0	0	0	0	0	0	0	0	0	0	0	0	0
genomad_k141_2889055	0	0	0	0	0	0	0	0	0	0	0	0	0	0	0	0	0	0	0	0	0	0	0	0	0	0	0	0	0	0	0	0	53.80863	34.4087	0	0	0	0	0	0	0	0	0	0	0	0	0
genomad_k141_1522467	0	0	0	0	2035.0997	2169.6936	0	0	0	0	0	0	0	0	0	0	0	0	0	0	0	0	0	0	0	0	0	0	0	0	0	0	0	0	0	0	0	0	0	0	0	0	0	0	0	0	0
genomad_k141_1878852	0	0	0	0	0	0	0	0	0	0	0	0	0	0	0	0	0	0	0	0	0	0	0	0	0	0	0	0	0	0	0	0	250.23367	78.33978	0	0	0	0	0	0	0	0	0	0	0	0	0
genomad_k141_96980	0	0	0	0	0	0	0	0	0	0	0	0	0	0	0	0	0	0	0	0	0	0	0	0	0	0	0	0	0	0	0	0	56.45415	45.45423	0	0	0	0	0	0	0	0	0	0	0	0	0
genomad_k141_36304	0	0	0	0	0	0	0	0	0	0	0	0	0	0	0	0	0	0	0	0	0	0	0	0	0	0	0	0	0	0	0	0	19.089203	12.081179	0	0	0	0	0	0	0	0	0	0	0	0	0
genomad_k141_1283692	0	0	0	0	0	0	0	0	0	0	0	0	0	0	0	0	0	0	0	0	0	0	0	0	0	0	0	0	0	0	0	0	0	0	0	0	0	0	0	0	0	0	0	0	0	0	0
genomad_k141_36325	0	0	0	0	0	0	0	0	0	0	0	0	0	0	0	0	0	0	0	0	0	0	0	0	0	0	0	0	0	0	0	0	99.60697	62.596455	0	0	0	0	0	0	0	0	0	0	0	0	0
genomad_k141_97053	0	0	0	0	0	0	0	0	0	0	0	0	0	0	0	0	0	0	0	0	0	0	0	0	0	0	0	0	268.41095	0	0	0	0	0	0	0	0	0	0	0	0	0	0	0	0	0	0
genomad_k141_3604019	0	0	0	0	0	0	0	0	0	0	0	0	0	0	0	0	0	0	0	0	0	0	0	0	0	0	0	0	0	0	0	0	0	80.79375	0	0	0	0	0	0	0	0	0	0	0	0	0
genomad_k141_1820317	0	0	0	0	0	0	0	0	0	0	0	0	80.68872	0	0	0	0	0	0	0	0	0	0	0	0	0	0	0	0	0	0	0	0	0	0	0	0	0	0	0	0	0	0	0	0	0	0
genomad_k141_751017	0	0	0	0	0	0	0	0	0	0	0	0	0	0	0	0	0	0	0	0	0	0	0	0	0	0	0	0	0	0	22.221601	16.713202	0	0	0	0	0	0	0	0	0	0	0	0	0	0	0
genomad_k141_454838	0	0	0	0	0	0	0	0	0	0	0	0	0	0	0	0	0	0	0	0	0	0	0	0	0	0	0	0	0	0	0	0	65.40891	79.61646	0	0	0	0	0	0	0	0	0	0	0	0	0
genomad_k141_2711089	0	0	0	0	0	0	0	0	0	0	0	0	0	0	0	0	0	0	0	0	0	0	0	0	0	0	0	0	0	0	0	0	0	10.178252	0	0	0	0	0	0	0	0	0	0	0	0	0
genomad_k141_1582721	0	0	0	0	0	0	0	0	0	0	0	0	0	0	0	0	0	0	0	0	0	0	0	0	0	0	0	0	0	0	0	0	0	17.96109	0	0	0	0	0	0	0	0	0	0	0	0	0
genomad_k141_3782833	0	0	0	0	0	0	0	0	0	0	0	0	0	0	0	0	0	0	0	0	0	0	0	0	0	0	0	0	0	0	0	0	0	11.927497	0	0	0	0	0	0	0	0	0	0	0	0	0
genomad_k141_2236221	0	0	0	0	0	0	0	0	0	0	0	0	0	0	0	0	0	0	0	0	0	0	0	0	0	0	0	0	0	0	0	50.031734	0	0	0	0	0	0	0	0	0	0	0	0	0	0	0
genomad_k141_2116809	0	0	0	0	0	0	0	0	0	0	0	0	0	0	0	0	0	0	0	0	0	0	0	0	0	0	0	0	0	0	0	0	0	0	0	185.31819	0	0	0	0	0	0	0	0	0	0	0
genomad_k141_631846	0	0	0	0	0	0	0	0	0	0	0	0	0	0	0	0	0	0	0	0	0	0	0	0	0	0	0	0	0	0	60.478336	27.04726	0	0	0	0	0	0	0	0	0	0	0	0	0	0	0
genomad_k141_1938771	0	0	0	0	0	0	0	0	0	0	0	0	0	0	0	0	0	0	0	0	0	0	0	0	0	0	0	0	0	0	0	0	0	12.130334	0	0	0	0	0	0	0	0	0	0	0	0	0
genomad_k141_513260	0	0	0	0	0	0	0	0	0	0	0	0	0	0	0	0	0	0	0	0	0	0	0	0	0	0	0	0	0	0	0	32.572834	0	0	0	0	0	0	0	0	0	0	0	0	0	0	0
genomad_k141_2473715	0	0	0	0	0	0	0	0	0	0	0	0	0	0	0	0	0	0	0	0	0	1470.5557	0	0	0	0	0	0	0	0	0	0	0	0	0	0	0	0	0	0	0	0	0	0	0	0	0
genomad_k141_1938870	0	0	0	0	0	0	0	0	0	0	0	0	0	0	0	0	0	0	0	0	0	0	0	0	0	0	0	0	0	0	0	0	233.44174	73.732185	0	60.488743	0	0	0	0	0	0	0	0	0	0	0
genomad_k141_155534	0	0	0	0	0	0	0	0	0	0	0	0	25.165369	0	0	0	0	0	0	0	0	0	0	0	0	0	0	0	0	0	0	0	0	0	0	0	0	0	0	0	0	0	0	0	0	0	0
genomad_k141_214185	0	0	0	0	0	0	0	0	0	0	0	0	0	0	0	0	0	0	0	0	0	0	0	0	0	0	0	0	0	0	0	0	0	8.883207	0	0	0	0	0	0	0	0	0	0	0	0	0
genomad_k141_3663847	0	0	0	0	0	0	0	0	0	0	0	0	0	0	0	0	0	0	0	0	0	0	0	0	0	0	0	0	0	0	0	0	118.23815	67.1221	0	68.018776	0	0	0	0	0	0	0	0	0	0	0
genomad_k141_455125	0	0	0	0	0	0	0	0	0	0	0	0	0	0	0	0	0	0	0	0	0	0	0	0	0	0	0	0	0	0	0	0	21.208397	13.725265	0	0	0	0	0	0	0	0	0	0	0	0	0
genomad_k141_2176313	0	0	0	0	2235.2222	2153.324	0	0	1159.9171	1344.0898	0	0	0	0	0	0	0	0	0	0	0	0	0	0	0	0	0	0	0	0	0	0	0	0	0	0	0	0	0	0	0	0	0	0	0	0	0
genomad_k141_3604299	0	0	0	0	0	0	0	0	0	0	0	0	0	0	0	0	0	0	0	0	0	0	0	0	0	0	0	0	0	0	0	0	0	9.021141	0	0	0	0	0	0	0	0	0	0	0	0	0
genomad_k141_1820542	0	0	0	0	0	0	0	0	0	0	0	0	0	0	0	0	0	0	0	0	0	0	0	0	0	0	0	0	0	0	0	0	20.100298	27.54253	0	0	0	0	0	0	0	0	0	0	0	0	0
genomad_k141_2295596	0	0	0	0	0	0	0	0	0	0	0	0	0	0	0	0	0	0	0	0	0	0	0	0	0	0	0	0	0	0	0	0	0	61.741077	0	55.39706	0	0	0	0	0	0	0	0	0	0	0
genomad_k141_1284076	0	0	0	0	0	0	0	0	0	0	0	0	0	0	0	0	0	0	0	0	0	0	0	0	0	0	0	0	76.0332	0	0	0	0	0	0	0	0	0	0	0	0	0	0	0	0	0	0
genomad_k141_1405127	0	0	0	0	6486.2983	6295.522	0	0	0	0	0	0	0	0	0	0	0	0	0	0	0	0	0	0	0	0	0	0	0	0	0	0	0	0	0	0	0	0	0	0	0	0	0	0	0	0	0
genomad_k141_1522905	0	0	0	0	0	0	0	0	0	0	0	0	0	0	0	0	0	0	0	0	0	0	0	0	0	0	0	0	0	0	94.85851	27.0924	0	0	0	0	0	0	0	0	0	0	0	0	0	0	0
genomad_k141_1761246	0	0	0	0	0	0	0	0	0	0	0	0	0	0	0	0	0	0	0	0	0	0	0	0	0	0	0	0	0	0	0	0	21.859215	14.869749	0	0	0	0	0	0	0	0	0	0	0	0	0
genomad_k141_2771317	0	0	0	0	0	0	0	0	0	0	0	0	0	0	0	0	0	0	0	0	0	0	0	0	0	0	0	0	0	0	0	0	0	10.935877	0	0	0	0	0	0	0	0	0	0	0	0	0
genomad_k141_3366933	0	0	0	0	0	0	0	0	0	0	0	0	0	0	0	0	0	0	0	0	0	0	0	0	0	0	0	0	0	0	402.33463	203.88383	0	0	0	0	0	0	0	0	0	0	0	0	0	0	0
genomad_k141_632187	0	0	0	0	0	0	0	0	0	0	0	0	0	0	0	0	0	0	0	0	0	0	0	0	0	0	0	0	0	0	0	0	24.008558	61.018417	0	0	0	0	0	0	0	0	0	0	0	0	0
genomad_k141_2058127	0	0	0	0	0	0	0	0	0	0	0	0	0	0	0	0	0	0	0	0	0	0	0	0	0	0	0	0	0	0	0	0	0	13.767633	0	0	0	0	0	0	0	0	0	0	0	0	0
genomad_k141_929672	0	0	0	0	0	0	0	0	0	0	0	0	0	0	0	0	0	0	0	0	0	0	0	0	0	0	0	0	0	0	0	0	80.274734	285.96103	0	114.18302	0	0	0	0	0	0	0	0	0	0	0
genomad_k141_571338	0	0	0	0	0	0	0	0	0	0	0	0	0	0	0	0	0	0	0	0	0	0	0	0	0	0	0	0	0	0	23.948751	31.823196	0	0	0	0	0	0	0	0	0	0	0	0	0	0	0
genomad_k141_1583154	0	0	0	0	0	0	0	0	0	0	0	0	0	0	0	0	0	0	0	0	0	0	0	0	0	0	0	0	0	0	0	0	81.98717	8.587788	0	0	0	0	0	0	0	0	0	0	0	0	0
genomad_k141_334214	0	0	0	0	0	0	0	0	0	0	0	0	0	0	0	0	0	0	0	0	0	0	0	0	0	0	0	0	0	0	0	0	0	12.393341	0	0	0	0	0	0	0	0	0	0	0	0	0
genomad_k141_2356907	0	0	0	0	0	0	0	0	0	0	0	0	0	0	0	0	0	0	0	0	0	0	0	0	0	0	0	0	0	0	0	0	14.695094	6.6496167	0	0	0	0	0	0	0	0	0	0	0	0	0
genomad_k141_3664150	0	0	0	0	0	0	0	0	0	0	0	0	0	0	0	0	0	0	0	0	0	0	0	0	0	0	0	0	0	0	0	39.497246	0	0	0	0	0	0	0	0	0	0	0	0	0	0	0
genomad_k141_1820811	0	0	0	0	0	0	0	0	0	0	0	0	0	0	0	0	1095.3972	991.5382	0	0	0	0	0	0	0	0	0	0	0	0	0	0	0	0	0	0	0	0	0	0	0	0	0	0	0	0	0
genomad_k141_275648	0	0	0	0	0	0	0	234.70369	0	0	0	0	0	0	0	0	0	0	0	0	0	0	0	0	0	0	0	0	0	0	0	84.26375	0	0	0	0	0	0	0	0	0	0	0	0	0	0	0
genomad_k141_3187827	0	0	0	0	0	0	0	0	0	0	0	0	0	0	0	0	0	0	0	0	0	0	0	0	0	0	0	0	0	0	0	0	0	13.447938	0	0	0	0	0	0	0	0	0	0	0	0	0
genomad_k141_1345736	0	0	0	0	0	0	0	0	0	0	0	0	0	0	0	0	0	0	0	0	0	0	0	0	0	0	0	0	0	0	0	0	0	53.51406	0	0	0	0	0	0	0	0	0	0	0	0	0
genomad_k141_691664	4261.187	4421.479	0	0	0	0	0	0	1740.9319	1739.9113	0	0	0	0	0	0	623.75256	621.3092	0	0	0	0	0	0	0	0	0	0	0	0	0	0	0	0	0	0	0	0	0	0	0	0	0	0	0	0	0
genomad_k141_3010299	0	0	0	0	0	0	0	0	0	0	0	0	0	0	0	0	0	0	0	0	0	0	0	0	0	0	0	0	0	0	0	0	0	6.725457	0	0	0	0	0	0	0	0	0	0	0	0	0
genomad_k141_1999019	0	0	0	0	0	0	0	0	0	0	0	0	0	0	0	0	0	0	0	0	0	0	0	0	0	0	0	0	0	0	0	0	27.141272	5.0430117	0	0	0	0	0	0	0	0	0	0	0	0	0
genomad_k141_2711796	0	0	0	0	0	0	0	0	0	0	0	0	0	0	0	0	0	0	0	0	0	4209.6777	0	0	0	0	0	0	0	0	0	0	0	0	0	0	0	0	0	0	0	0	0	0	0	0	0
genomad_k141_3724196	0	0	0	0	0	0	0	752.81555	0	0	0	0	0	0	0	0	0	0	0	0	0	0	0	0	0	0	0	0	0	0	197.79286	1051.0669	93.10393	337.49112	0	118.29387	0	0	0	0	0	0	0	0	0	0	0
genomad_k141_571682	0	0	0	0	0	0	0	0	0	0	0	0	0	0	0	0	0	0	0	0	0	0	0	0	0	0	0	0	0	0	0	0	0	11.699478	0	0	0	0	0	0	0	0	0	0	0	0	0
genomad_k141_1226601	0	0	0	0	0	0	0	0	0	0	0	0	0	0	0	0	0	0	0	0	0	0	0	0	0	0	0	0	0	0	0	0	19.296587	45.988575	0	0	0	0	0	0	0	0	0	0	0	0	0
genomad_k141_2357265	0	0	0	0	0	0	0	0	0	0	0	0	0	0	0	0	0	0	0	0	0	0	0	0	0	0	0	0	0	0	0	0	0	7.39546	0	0	0	0	0	0	0	0	0	0	0	0	0
genomad_k141_2415594	0	0	0	0	0	0	0	0	0	0	0	0	0	0	0	0	0	0	0	0	0	0	0	0	0	0	0	0	0	0	0	0	0	4.4087687	0	0	0	0	0	0	0	0	0	0	0	0	0
genomad_k141_2830678	0	0	0	0	0	0	0	0	0	0	0	0	0	0	0	0	0	0	0	0	0	0	0	0	0	0	0	0	0	0	0	0	21.006176	69.396416	0	0	0	0	0	0	0	0	0	0	0	0	0
genomad_k141_3783630	0	0	0	0	0	0	0	0	0	0	0	0	0	0	0	0	0	0	0	0	0	0	0	0	0	0	0	0	0	0	0	0	139.00299	120.11165	0	0	0	0	0	0	0	0	0	0	0	0	0
genomad_k141_1701529	0	0	0	0	0	0	0	0	0	0	0	0	0	0	0	0	0	0	0	0	0	0	0	0	0	0	0	0	0	0	60.227657	18.474888	0	0	0	0	0	0	0	0	0	0	0	0	0	0	0
genomad_k141_2535065	0	0	0	0	0	0	0	206.7246	0	0	0	0	0	0	0	0	0	0	0	0	0	0	0	0	0	0	0	0	0	0	70.48387	113.2941	0	0	0	0	0	0	0	0	0	0	0	0	0	0	0
genomad_k141_1284622	0	0	0	0	0	0	0	0	0	0	0	0	0	0	0	0	0	0	0	0	0	0	0	0	0	0	0	0	0	0	0	0	0	9.27419	0	0	0	0	0	0	0	0	0	0	0	0	0
genomad_k141_1999247	0	0	0	0	0	0	0	0	0	0	0	0	0	0	0	0	0	0	0	0	0	0	0	0	0	0	0	0	0	0	0	30.650505	0	0	0	0	0	0	0	0	0	0	0	0	0	0	0
genomad_k141_455890	0	0	0	0	0	0	0	0	0	0	0	0	0	0	0	0	0	0	0	0	0	0	0	0	0	0	0	0	0	0	0	0	19.641796	5.697095	0	0	0	0	0	0	0	0	0	0	0	0	0
genomad_k141_394621	0	0	0	0	0	0	0	0	0	0	0	0	0	0	0	0	0	0	0	0	0	0	0	0	0	0	0	0	0	0	0	0	0	48.327312	0	0	0	0	0	0	0	0	0	0	0	0	0
genomad_k141_2654106	0	0	0	0	0	0	0	0	670.72424	665.33826	0	0	0	0	0	0	0	0	0	0	0	0	0	0	0	2277.6853	0	0	0	0	0	0	0	0	0	0	0	0	0	0	0	0	0	0	0	0	0
genomad_k141_3129700	0	0	0	0	0	0	0	0	0	0	0	0	0	0	0	0	0	0	0	0	0	0	0	0	0	0	0	0	0	0	0	0	111.7305	47.905457	0	0	0	0	0	0	0	0	0	0	0	0	0
genomad_k141_1701629	0	0	0	0	0	0	0	0	0	0	0	0	0	0	0	0	0	0	0	0	0	0	0	0	0	0	0	0	0	0	0	0	0	17.307821	0	0	0	0	0	0	0	0	0	0	0	0	0
genomad_k141_1048512	0	0	0	0	0	0	0	0	0	0	0	0	0	0	0	0	0	0	0	0	0	0	0	0	0	0	0	0	0	0	0	17.306585	0	0	0	0	0	0	0	0	0	0	0	0	0	0	0
genomad_k141_572003	0	0	0	0	0	0	0	0	0	0	0	0	0	0	0	0	0	0	0	0	0	0	0	0	0	0	0	0	0	0	28.495022	31.776066	0	0	0	0	0	0	0	0	0	0	0	0	0	0	0
genomad_k141_2830852	0	0	0	0	0	0	0	0	0	0	0	0	0	0	0	0	0	0	0	0	0	0	0	0	0	0	0	0	0	0	0	0	52.07124	71.13113	0	0	0	0	0	0	0	0	0	0	0	0	0
genomad_k141_2237218	0	0	0	0	910.951	906.526	0	0	0	0	0	0	0	0	0	0	0	0	0	0	0	0	0	0	0	0	0	0	0	0	0	0	0	0	0	0	0	0	0	0	0	0	0	0	0	0	0
genomad_k141_2771999	0	0	0	0	0	0	0	0	0	0	0	0	0	0	0	0	0	0	0	0	0	0	0	0	0	0	0	0	0	0	0	0	18.486082	9.50244	0	0	0	0	0	0	0	0	0	0	0	0	0
genomad_k141_3425694	0	0	0	0	0	0	0	0	0	0	0	0	0	0	0	0	0	0	0	0	0	0	0	0	0	0	0	0	1156.816	0	0	0	0	0	0	0	0	0	0	0	0	0	0	0	0	0	0
genomad_k141_2594715	0	0	0	0	0	0	0	450.79047	0	0	0	0	0	0	0	0	0	0	0	0	0	0	0	0	0	0	0	0	0	0	641.0954	621.8032	0	0	0	0	0	0	0	0	0	0	0	0	0	0	0
genomad_k141_1939984	0	0	0	0	0	0	0	0	0	0	0	0	0	0	0	0	0	0	0	0	0	0	0	0	0	0	0	0	0	0	0	0	0	5.232931	0	0	0	0	0	0	0	0	0	0	0	0	0
genomad_k141_3783961	0	0	0	0	0	0	0	0	0	0	0	0	0	0	0	0	0	0	0	0	0	0	0	0	0	0	0	0	0	0	0	0	14.170637	10.335825	0	0	0	0	0	0	0	0	0	0	0	0	0
genomad_k141_752332	0	0	0	0	0	0	0	0	0	0	0	0	0	0	0	0	0	0	0	0	0	0	0	0	0	0	0	0	0	0	0	0	24.27547	5.9142094	0	0	0	0	0	0	0	0	0	0	0	0	0
genomad_k141_1762142	0	0	0	0	2366.6455	2375.637	0	0	0	0	0	0	0	0	0	0	0	0	0	0	0	0	0	0	0	0	0	0	0	0	0	0	0	0	0	0	0	0	0	0	0	0	0	0	0	0	0
genomad_k141_3188506	0	0	0	0	0	0	0	0	0	0	0	0	0	0	0	0	0	0	0	0	0	0	0	0	0	0	0	0	0	0	76.947266	180.6971	0	0	0	0	0	0	0	0	0	0	0	0	0	0	0
genomad_k141_1584071	0	0	0	0	0	0	0	0	0	0	0	0	0	0	0	0	0	0	0	0	0	0	0	0	0	0	0	0	0	0	0	0	0	15.845527	0	0	0	0	0	0	0	0	0	0	0	0	0
genomad_k141_3544853	0	0	0	0	0	0	0	0	0	0	0	0	0	0	0	0	0	0	0	0	0	0	0	0	0	0	0	0	54.523293	0	0	0	0	0	0	0	0	0	0	0	0	0	0	0	0	0	0
genomad_k141_1762167	0	0	0	0	0	0	0	0	0	0	0	0	0	0	0	0	0	0	0	0	0	0	0	0	0	0	0	0	0	0	0	22.850922	0	3.558734	0	0	0	0	0	0	0	0	0	0	0	0	0
genomad_k141_3425861	0	0	0	0	0	0	0	0	0	0	0	0	0	0	0	0	0	0	0	0	0	0	0	0	0	0	0	0	0	0	0	29.224117	0	0	0	0	0	0	0	0	0	0	0	0	0	0	0
genomad_k141_2416030	0	0	0	0	0	0	0	0	0	0	0	0	0	0	0	0	0	0	0	0	0	0	0	0	0	0	0	0	0	0	0	0	0	7.2456565	0	0	0	0	0	0	0	0	0	0	0	0	0
genomad_k141_2357823	0	0	0	0	0	0	0	0	0	0	0	0	0	0	0	0	0	0	0	0	0	0	0	0	0	0	0	0	0	0	59.051914	57.233635	0	0	0	0	0	0	0	0	0	0	0	0	0	0	0
genomad_k141_3665068	0	0	0	0	0	0	0	0	0	0	0	0	0	0	0	0	0	0	0	0	0	0	0	0	0	0	0	0	0	0	0	0	0	17.403475	0	0	0	0	0	0	0	0	0	0	0	0	0
genomad_k141_1048936	0	0	0	0	0	0	0	0	0	0	0	0	0	0	0	0	0	0	0	0	0	0	0	0	0	0	0	0	0	0	0	0	28.42571	5.9541597	0	0	0	0	0	0	0	0	0	0	0	0	0
genomad_k141_1880059	0	0	0	0	0	0	0	0	0	0	0	0	0	0	0	0	0	0	0	0	0	0	0	0	0	0	0	0	0	0	46.45296	19.264534	0	0	0	0	0	0	0	0	0	0	0	0	0	0	0
genomad_k141_692537	0	0	0	0	0	0	0	0	0	0	0	0	44.958195	0	0	0	0	0	0	0	0	0	0	0	0	0	0	0	0	0	0	0	0	0	0	0	0	0	0	0	0	0	0	0	0	0	0
genomad_k141_3486474	0	0	0	0	0	0	0	0	0	0	0	0	0	0	0	0	0	0	0	0	0	0	0	0	0	0	0	0	0	0	24.62824	41.680534	0	0	0	0	0	0	0	0	0	0	0	0	0	0	0
genomad_k141_1346739	0	0	0	0	0	0	0	0	0	0	0	0	42.73117	0	0	0	0	0	0	0	0	0	0	0	0	0	0	0	0	0	0	0	0	0	0	0	0	0	0	0	0	0	0	0	0	0	0
genomad_k141_3188751	0	0	0	0	0	0	0	0	0	0	0	0	0	0	0	0	0	0	0	0	0	0	0	0	0	0	0	0	0	0	0	0	0	14.106242	0	0	0	0	0	0	0	0	0	0	0	0	0
genomad_k141_752609	0	0	0	0	0	0	0	0	0	0	0	0	0	0	0	0	0	0	0	0	0	0	0	0	0	0	0	0	0	0	0	0	57.386658	0	0	0	0	0	0	0	0	0	0	0	0	0	0
genomad_k141_2177689	0	0	0	0	0	0	0	0	0	0	0	0	0	0	0	0	0	0	0	0	0	0	0	0	0	0	0	0	0	0	0	0	0	6.6395464	0	0	0	0	0	0	0	0	0	0	0	0	0
genomad_k141_3070252	0	0	0	0	0	0	0	0	0	0	0	0	0	0	0	0	0	0	0	0	0	0	0	0	0	0	0	0	0	0	0	0	0	19.651789	0	0	0	0	0	0	0	0	0	0	0	0	0
genomad_k141_157051	0	0	0	0	0	0	0	0	0	0	0	0	0	0	0	0	0	0	0	0	0	0	0	0	0	0	0	0	0	0	0	0	21.350958	54.43426	0	0	0	0	0	0	0	0	0	0	0	0	0
genomad_k141_3307885	0	0	0	0	0	0	0	0	0	0	0	0	0	0	0	0	0	0	0	0	0	0	0	0	0	0	0	0	0	0	0	0	22.389408	34.10831	0	0	0	0	0	0	0	0	0	0	0	0	0
genomad_k141_98776	0	0	468.11038	447.44116	0	0	0	0	0	0	0	471.56528	0	0	0	0	0	0	0	0	0	0	0	0	0	0	0	0	0	0	0	0	0	0	0	0	0	0	0	0	0	415.67685	418.19907	0	0	0	0
genomad_k141_1406569	0	0	0	0	0	0	0	0	0	0	0	0	0	0	0	0	0	0	0	0	0	0	0	0	0	0	0	0	0	0	0	0	0	108.14038	0	0	0	0	0	0	0	0	0	0	0	0	0
genomad_k141_1999983	0	0	0	0	0	0	0	0	0	0	0	0	0	0	0	0	0	0	0	0	0	0	0	0	0	0	0	0	1042.3424	3325.553	0	0	0	0	0	0	0	0	0	0	0	0	0	0	0	0	0
genomad_k141_3486644	0	0	0	0	0	0	0	0	0	0	0	0	0	0	0	0	0	0	0	0	0	0	0	0	0	0	0	0	0	0	0	76.183624	0	0	0	0	0	0	0	0	0	0	0	0	0	0	0
genomad_k141_752727	0	0	0	0	0	0	0	0	0	0	0	0	0	0	0	0	0	0	0	0	0	0	0	0	0	0	0	0	0	0	61.29738	0	0	0	0	0	0	0	0	0	0	0	0	0	0	0	0
genomad_k141_2000029	0	0	0	0	0	0	0	0	0	0	0	0	0	0	0	0	0	0	0	0	0	0	0	0	0	0	0	0	0	0	0	0	0	9.863481	0	0	0	0	0	0	0	0	0	0	0	0	0
genomad_k141_1643612	0	0	0	0	0	0	0	0	0	0	0	0	52.90299	0	0	0	0	0	0	0	0	0	0	0	0	0	0	0	0	0	0	0	0	0	0	0	0	0	0	0	0	0	0	0	0	0	0
genomad_k141_215818	0	0	0	0	0	0	0	0	0	0	0	0	0	0	0	0	0	0	0	0	0	0	0	0	0	0	0	0	0	0	305.65555	165.5743	0	0	0	0	0	0	0	0	0	0	0	0	0	0	0
genomad_k141_276839	0	0	0	0	0	0	0	0	0	0	0	0	0	0	0	0	0	0	0	0	0	0	0	0	0	0	0	0	0	0	0	0	0	9.224513	0	0	0	0	0	0	0	0	0	0	0	0	0
genomad_k141_215850	0	0	0	0	0	0	0	0	0	0	0	0	0	0	0	0	0	0	0	0	0	0	0	0	0	0	0	0	0	0	0	0	0	15.162985	0	0	0	0	0	0	0	0	0	0	0	0	0
genomad_k141_871724	0	0	0	0	0	0	0	0	0	0	0	0	0	0	0	0	0	0	0	0	0	0	0	0	0	0	0	0	0	0	0	0	0	7.9650145	0	0	0	0	0	0	0	0	0	0	0	0	0
genomad_k141_2118615	0	0	0	0	0	0	0	0	0	0	0	0	0	0	0	0	0	0	0	0	0	0	0	0	0	0	0	0	0	0	0	0	26.939669	7.268779	0	0	0	0	0	0	0	0	0	0	0	0	0
genomad_k141_2595326	0	0	0	0	0	0	0	0	0	0	0	0	0	0	0	0	0	0	0	0	0	0	0	0	0	0	0	0	0	0	0	0	29.895126	22.950182	0	0	0	0	0	0	0	0	0	0	0	0	0
genomad_k141_2177888	0	0	0	0	0	0	0	0	0	0	0	0	0	0	0	0	0	0	0	0	0	0	0	0	0	0	0	0	0	0	0	0	0	0	346.29453	101.068504	0	0	0	0	0	0	0	0	0	0	0
genomad_k141_2831569	0	0	0	0	0	0	0	0	0	0	0	0	0	0	0	0	0	0	0	0	0	0	0	0	0	0	0	0	0	0	0	0	22.983559	6.9634333	0	0	0	0	0	0	0	0	0	0	0	0	0
genomad_k141_633567	0	0	0	0	0	0	0	0	0	0	0	0	0	0	0	0	0	0	0	0	0	0	0	0	0	0	0	0	0	0	0	17.548847	0	4.2796035	0	0	0	0	0	0	0	0	0	0	0	0	0
genomad_k141_3725298	0	0	0	0	0	0	0	0	0	0	0	0	0	0	0	0	0	0	0	0	0	0	0	0	0	0	0	0	0	0	0	0	36.28009	79.86258	0	34.211952	0	0	0	0	0	0	0	0	0	0	0
genomad_k141_3249035	0	0	0	0	0	0	0	0	0	0	0	0	63.442406	0	0	0	0	0	0	0	0	0	0	0	0	0	0	0	0	0	0	0	0	0	0	0	0	0	0	0	0	0	0	0	0	0	0
genomad_k141_1880556	0	0	0	0	0	0	0	0	0	0	0	0	0	0	0	0	0	0	0	0	0	0	0	0	0	0	0	0	0	0	0	0	21.165756	6.7731957	0	0	0	0	0	0	0	0	0	0	0	0	0
genomad_k141_2655109	0	0	0	0	0	0	0	0	0	0	0	0	0	0	0	0	0	0	0	0	0	0	0	0	0	0	0	0	0	0	0	0	28.511679	40.317112	0	0	0	0	0	0	0	0	0	0	0	0	0
genomad_k141_38489	0	0	0	0	0	0	0	0	0	0	0	0	0	0	0	0	0	0	0	0	0	0	0	0	0	0	0	0	0	0	0	0	0	10.747327	0	0	0	0	0	0	0	0	0	0	0	0	0
genomad_k141_2595614	0	0	0	0	0	0	0	0	0	0	0	0	0	0	0	0	0	0	0	0	0	0	0	0	0	0	0	0	0	0	0	0	0	19.399166	0	0	0	0	0	0	0	0	0	0	0	0	0
genomad_k141_1464881	0	0	0	0	0	0	0	0	0	0	0	0	0	0	0	0	0	0	0	0	0	0	0	0	0	0	0	0	0	0	0	0	0	43.270077	0	0	0	0	0	0	0	0	0	0	0	0	0
genomad_k141_1168844	0	0	0	0	0	0	0	0	0	0	0	0	0	0	0	0	0	0	0	0	0	0	0	0	0	0	0	0	0	0	0	0	43.649002	13.2968235	0	0	0	0	0	0	0	0	0	0	0	0	0
genomad_k141_216199	0	0	0	0	0	0	0	0	0	0	0	0	0	0	0	0	0	0	0	0	0	0	0	0	0	0	0	0	0	0	33.262157	25.55324	0	0	0	0	0	0	0	0	0	0	0	0	0	0	0
genomad_k141_1227995	0	0	0	0	0	0	0	0	0	0	0	0	0	0	0	0	0	0	0	0	0	0	0	0	0	0	0	0	0	0	0	0	0	0	916.86926	677.0135	0	0	0	0	0	0	0	0	0	0	0
genomad_k141_3784890	0	0	0	0	0	0	0	0	0	0	0	0	0	0	0	0	0	0	0	0	0	0	0	0	0	0	0	0	0	0	0	0	37.1922	11.258347	0	0	0	0	0	0	0	0	0	0	0	0	0
genomad_k141_753274	0	0	0	0	0	0	0	0	0	0	0	0	0	0	0	0	0	0	0	0	0	0	0	0	0	0	0	0	0	0	0	0	29.70048	7.41772	0	0	0	0	0	0	0	0	0	0	0	0	0
genomad_k141_1822479	0	0	0	0	0	0	0	0	0	0	0	0	0	0	0	0	0	0	0	0	0	0	0	0	0	0	0	0	0	0	0	0	0	7.3735933	0	0	0	0	0	0	0	0	0	0	0	0	0
genomad_k141_1228047	0	0	0	0	0	0	0	0	0	0	0	0	0	0	0	0	0	0	0	0	0	0	0	0	0	0	0	0	0	0	0	0	0	8.22064	0	0	0	0	0	0	0	0	0	0	0	0	0
genomad_k141_634013	0	0	0	0	0	0	0	0	0	0	0	0	0	0	0	0	0	0	0	0	0	0	0	0	0	0	0	0	0	0	0	0	0	0	0	312.91473	0	0	0	0	0	0	0	0	0	0	0
genomad_k141_1347581	0	0	0	0	0	0	0	0	0	0	0	0	32.009434	0	0	0	0	0	0	0	0	0	0	0	0	0	0	0	0	0	0	0	0	0	0	0	0	0	0	0	0	0	0	0	0	0	0
genomad_k141_872209	0	0	0	0	0	0	0	0	0	0	0	0	0	0	0	0	0	0	0	0	0	1425.8849	0	0	0	0	0	3130.8555	0	0	0	0	0	0	0	0	0	0	0	0	0	0	0	0	0	0	0
genomad_k141_336201	0	0	0	0	1866.1195	1954.3657	0	0	0	0	0	0	0	0	0	0	0	0	0	0	0	0	0	0	0	0	0	0	0	0	0	0	0	0	0	0	0	0	0	0	0	0	0	0	0	0	0
genomad_k141_1644206	0	0	0	0	0	0	0	0	0	0	0	0	0	0	0	0	0	0	0	0	0	0	0	0	0	0	0	0	0	0	0	0	0	31.022266	0	0	0	0	0	0	0	0	0	0	0	0	0
genomad_k141_2891629	967.31006	950.32275	0	0	0	0	0	0	0	0	0	0	0	0	0	0	0	0	0	0	0	0	0	0	0	0	0	0	0	0	0	0	0	0	0	0	0	0	0	0	0	0	0	0	0	0	0
genomad_k141_1941079	0	0	0	0	0	0	0	0	0	0	0	0	0	0	0	0	0	0	0	0	0	0	0	0	0	0	0	0	0	0	0	0	21.545094	20.48848	0	0	0	0	0	0	0	0	0	0	0	0	0
genomad_k141_1285718	0	0	0	0	0	0	0	0	0	0	0	0	0	0	0	0	0	0	0	0	0	0	0	0	0	0	0	0	204.70786	0	0	0	0	0	0	0	0	0	0	0	0	0	0	0	0	0	0
genomad_k141_38857	0	0	0	0	0	0	0	0	0	0	0	0	0	0	0	0	0	0	0	0	0	0	0	0	0	0	0	0	0	0	0	56.81227	0	0	0	0	0	0	0	0	0	0	0	0	0	0	0
genomad_k141_3725809	0	0	0	0	0	0	0	0	0	0	0	0	78.73991	0	0	0	0	0	0	0	0	0	0	0	0	0	0	0	0	0	0	0	0	0	0	0	0	0	0	0	0	0	0	0	0	0	0
genomad_k141_99659	0	0	0	0	0	0	0	0	0	0	0	0	0	0	0	0	0	0	0	0	0	0	0	0	0	0	0	0	0	0	0	0	0	7.0440574	0	0	0	0	0	0	0	0	0	0	0	0	0
genomad_k141_1169250	0	0	0	0	0	0	0	0	0	0	0	0	34.776924	0	0	0	0	0	0	0	0	0	0	0	0	0	0	0	0	0	0	0	0	0	0	0	0	0	0	0	0	0	0	0	0	0	0
genomad_k141_3487488	0	0	0	0	0	0	0	0	0	0	0	0	0	0	0	0	0	0	0	0	0	0	0	0	0	0	0	0	0	0	0	0	0	0	518.72516	124.45617	0	0	0	0	0	0	0	0	0	0	0
genomad_k141_2417181	0	0	0	0	0	0	0	0	0	0	0	0	0	0	0	0	0	0	0	0	0	0	0	0	0	0	0	0	0	0	0	0	29.223377	46.204544	0	0	0	0	0	0	0	0	0	0	0	0	0
genomad_k141_216639	0	0	0	0	0	0	0	0	0	0	0	0	0	0	0	0	0	0	0	0	0	0	0	0	0	0	0	0	0	0	0	0	0	21.473602	0	0	0	0	0	0	0	0	0	0	0	0	0
genomad_k141_3606625	0	0	0	0	0	0	0	0	0	0	0	0	0	0	0	0	0	0	0	0	0	0	0	0	0	0	0	0	0	0	0	0	0	16.570234	0	0	0	0	0	0	0	0	0	0	0	0	0
genomad_k141_2655563	0	0	0	0	0	0	0	0	0	0	0	0	0	0	0	0	0	0	0	0	0	0	0	0	0	0	0	0	0	0	0	0	0	32.7167	0	0	0	0	0	0	0	0	0	0	0	0	0
genomad_k141_931570	0	0	0	0	0	0	0	0	0	0	0	0	0	0	0	0	0	0	0	0	0	0	0	0	0	0	0	0	0	0	0	0	24.025743	12.014173	0	0	0	0	0	0	0	0	0	0	0	0	0
genomad_k141_3725899	0	0	0	0	0	0	0	0	0	0	0	0	0	0	0	0	0	0	0	0	0	0	0	0	0	0	0	0	0	0	0	0	0	11.313096	0	0	0	0	0	0	0	0	0	0	0	0	0
genomad_k141_573544	0	0	0	0	0	0	0	0	0	0	0	0	0	0	0	0	0	0	0	0	0	0	0	0	0	0	0	0	0	0	0	0	0	14.591539	0	0	0	0	0	0	0	0	0	0	0	0	0
genomad_k141_2298042	0	0	0	0	898.7364	863.44556	0	0	973.03186	1071.7338	0	0	0	0	0	0	0	0	0	0	0	0	0	0	0	0	0	0	0	0	0	0	0	0	0	0	0	0	0	0	0	0	0	0	0	0	0
genomad_k141_931663	0	0	0	0	0	0	0	0	0	0	0	0	0	0	0	0	0	0	0	0	0	0	0	0	0	0	0	0	0	0	0	0	0	7.615935	0	0	0	0	0	0	0	0	0	0	0	0	0
genomad_k141_39074	0	0	0	0	0	0	0	0	0	0	0	0	0	0	0	0	0	0	0	0	0	0	0	0	0	0	0	0	0	0	0	0	0	9.0375805	0	0	0	0	0	0	0	0	0	0	0	0	0
genomad_k141_3189884	0	0	0	0	0	0	0	0	0	0	0	0	0	0	0	0	0	0	0	0	0	0	0	0	0	0	0	0	0	0	0	0	0	19.119926	0	0	0	0	0	0	0	0	0	0	0	0	0
genomad_k141_1169446	0	0	0	0	0	0	0	0	0	0	0	0	0	0	0	0	0	0	0	0	0	0	0	0	0	0	0	0	0	0	0	0	42.949005	17.996107	0	0	0	0	0	0	0	0	0	0	0	0	0
genomad_k141_2953125	0	0	0	0	0	0	0	0	0	0	0	0	0	0	0	0	0	0	0	0	0	0	0	0	0	0	0	0	0	0	0	47.390896	0	0	0	0	0	0	0	0	0	0	0	0	0	0	0
genomad_k141_1941451	0	0	0	0	0	0	0	0	0	0	0	0	0	0	0	0	0	0	0	0	0	0	0	0	0	0	0	0	0	0	0	0	0	9.156121	0	0	0	0	0	0	0	0	0	0	0	0	0
genomad_k141_2953143	451.1741	443.34152	0	0	0	0	0	0	0	0	0	0	0	0	0	0	1862.1045	1852.3317	0	0	0	0	0	0	0	0	0	0	0	0	0	0	0	0	0	0	0	0	0	0	0	0	0	0	0	0	0
genomad_k141_3012351	0	0	0	0	0	0	0	0	0	0	0	0	0	0	0	0	0	0	0	0	0	0	0	0	0	0	0	0	0	0	0	0	0	8.05013	0	0	0	0	0	0	0	0	0	0	0	0	0
genomad_k141_2359148	0	0	0	0	0	0	0	0	0	0	0	0	0	0	0	0	0	0	0	0	0	0	0	0	0	0	0	0	0	0	0	0	30.050488	60.816845	0	0	0	0	0	0	0	0	0	0	0	0	0
genomad_k141_753909	0	0	0	0	0	0	0	0	0	0	0	0	28.802235	0	0	0	0	0	0	0	0	0	0	0	0	0	0	0	0	0	0	0	0	0	0	0	0	0	0	0	0	0	0	0	0	0	0
genomad_k141_3785476	0	0	0	0	0	0	0	0	0	0	0	0	0	0	0	0	0	0	0	0	0	0	0	0	0	0	0	0	0	0	0	0	0	4.0183425	0	0	0	0	0	0	0	0	0	0	0	0	0
genomad_k141_396233	0	0	0	0	0	0	0	0	0	0	0	0	0	0	0	0	0	0	0	0	0	0	0	0	0	0	0	0	0	0	0	0	62.103134	0	0	0	0	0	0	0	0	0	0	0	0	0	0
genomad_k141_2953196	0	0	0	0	0	0	0	0	0	0	0	0	0	0	0	0	0	0	0	0	0	0	0	0	0	0	0	0	0	0	0	0	0	18.190237	0	0	0	0	0	0	0	0	0	0	0	0	0
genomad_k141_3309128	0	0	0	0	0	0	0	0	0	0	0	0	50.761047	0	0	0	0	0	0	0	0	0	0	0	0	0	0	0	0	0	0	0	0	0	0	0	0	0	0	0	0	0	0	0	0	0	0
genomad_k141_1644718	0	0	0	0	0	0	0	0	0	0	0	0	38.440258	0	0	0	0	0	0	0	0	0	0	0	0	0	0	0	0	0	0	0	0	0	0	0	0	0	0	0	0	0	0	0	0	0	0
genomad_k141_1228716	0	0	0	0	0	0	0	0	0	0	0	0	0	0	0	0	0	0	0	0	0	0	0	0	0	0	0	0	0	0	0	0	0	8.206573	0	0	0	0	0	0	0	0	0	0	0	0	0
genomad_k141_1644753	0	0	0	0	0	0	0	0	0	0	0	0	0	0	0	0	0	0	0	0	0	0	0	0	0	0	0	0	0	0	0	0	176.5117	125.89897	0	0	0	0	0	0	0	0	0	0	0	0	0
genomad_k141_2119632	0	0	0	0	0	0	0	0	0	0	0	0	0	0	0	0	0	0	0	0	0	0	0	0	0	0	0	0	0	0	0	26.868261	0	0	0	0	0	0	0	0	0	0	0	0	0	0	0
genomad_k141_2178962	0	0	0	0	0	0	0	0	0	0	0	0	0	0	0	0	0	0	0	0	0	0	0	0	0	0	0	0	0	0	0	48.102314	0	0	0	0	0	0	0	0	0	0	0	0	0	0	0
genomad_k141_1703306	0	0	0	0	0	0	0	0	0	0	0	0	0	0	0	0	0	0	0	0	0	0	0	0	0	0	0	0	0	0	0	0	0	14.42282	0	0	0	0	0	0	0	0	0	0	0	0	0
genomad_k141_2655899	0	0	0	0	0	0	0	0	0	0	0	0	0	0	0	0	0	0	0	0	0	0	0	0	0	0	0	0	0	0	0	0	0	10.848137	0	0	0	0	0	0	0	0	0	0	0	0	0
genomad_k141_3071591	0	0	0	0	0	0	0	0	0	0	0	0	0	0	0	0	0	0	0	0	0	0	0	0	0	0	0	0	0	0	285.30325	561.07294	0	23.297081	0	0	0	0	0	0	0	0	0	0	0	0	0
genomad_k141_516231	0	0	0	0	0	0	0	0	0	0	0	0	0	0	0	0	0	0	0	0	0	0	0	0	0	0	0	0	0	0	117.33849	33.27601	0	0	0	0	0	0	0	0	0	0	0	0	0	0	0
genomad_k141_3369136	0	0	0	0	2526.252	2517.4304	0	0	0	0	0	0	0	0	0	0	0	0	0	0	0	0	0	0	0	0	0	0	0	0	0	0	0	0	0	0	0	0	0	0	0	0	0	0	0	0	0
genomad_k141_3607022	0	0	0	0	0	0	0	0	0	0	0	0	0	0	0	0	0	0	0	0	0	0	0	0	0	0	0	0	0	0	0	0	0	5.6334734	0	0	0	0	0	0	0	0	0	0	0	0	0
genomad_k141_2476604	0	0	0	0	0	0	0	0	0	0	0	0	0	0	0	0	0	0	0	0	0	0	0	0	0	0	0	0	0	0	0	0	0	10.603785	0	0	0	0	0	0	0	0	0	0	0	0	0
genomad_k141_2953369	0	0	0	0	0	0	0	0	0	0	0	0	0	0	0	0	0	0	0	0	0	0	0	0	0	0	0	0	43.628582	0	0	0	0	0	0	0	0	0	0	0	0	0	0	0	0	0	0
genomad_k141_3546597	0	0	0	0	0	0	0	0	0	0	0	0	0	0	0	0	0	0	0	0	0	0	0	0	0	0	0	0	35.496815	0	0	0	0	0	0	0	0	0	0	0	0	0	0	0	0	0	0
genomad_k141_3726319	0	0	0	0	0	0	0	0	0	0	0	0	0	0	0	0	0	0	0	0	0	0	0	0	0	0	0	0	0	0	35.114388	61.788513	0	0	0	0	0	0	0	0	0	0	0	0	0	0	0
genomad_k141_2773946	0	0	0	0	0	0	0	0	0	0	0	0	0	0	0	0	0	0	0	0	0	0	0	0	0	0	0	0	0	0	0	25.278782	0	0	0	0	0	0	0	0	0	0	0	0	0	0	0
genomad_k141_2060734	0	0	0	0	0	0	0	0	0	0	0	0	0	0	0	0	0	0	0	0	0	0	0	0	0	0	0	0	0	0	20.796577	81.40487	0	0	0	0	0	0	0	0	0	0	0	0	0	0	0
genomad_k141_1525291	0	0	0	0	0	0	0	0	0	0	0	0	0	0	0	0	0	0	0	0	0	0	0	0	0	0	0	0	0	0	140.50081	40.264366	0	0	0	0	0	0	0	0	0	0	0	0	0	0	0
genomad_k141_932069	0	0	0	0	0	0	0	0	0	0	0	0	0	0	0	0	0	0	0	0	0	0	0	0	0	0	0	0	0	0	0	0	0	8.072724	0	0	0	0	0	0	0	0	0	0	0	0	0
genomad_k141_1881651	0	0	0	0	0	0	0	0	0	0	0	0	0	0	0	0	0	0	0	0	0	0	0	0	0	0	0	0	0	0	0	0	0	14.974806	0	0	0	0	0	0	0	0	0	0	0	0	0
genomad_k141_2239210	0	0	0	0	0	0	0	0	0	0	0	0	0	0	0	0	0	0	0	0	0	0	0	0	0	0	0	0	0	0	0	111.92444	0	23.541763	0	0	0	0	0	0	0	0	0	0	0	0	0
genomad_k141_2476736	0	0	0	0	0	0	0	0	0	0	0	0	0	0	0	0	0	0	0	0	0	0	0	0	0	0	0	0	0	0	0	0	0	10.559899	0	0	0	0	0	0	0	0	0	0	0	0	0
genomad_k141_336993	0	0	0	0	0	0	0	0	0	0	0	0	159.30956	0	0	0	0	0	0	0	0	0	0	0	0	0	0	0	0	0	0	0	0	0	0	0	0	0	0	0	0	0	0	0	0	0	0
genomad_k141_2953559	0	0	0	0	0	0	0	0	0	0	0	0	0	0	0	0	0	0	0	0	0	0	0	0	0	0	0	0	0	0	0	28.857775	0	0	0	0	0	0	0	0	0	0	0	0	0	0	0
genomad_k141_2298625	0	0	0	0	0	0	0	0	0	0	0	0	0	0	0	0	0	0	0	0	0	0	0	0	0	0	0	0	32.27062	0	0	0	0	0	0	0	0	0	0	0	0	0	0	0	0	0	0
genomad_k141_2596786	0	0	0	0	0	0	0	0	0	0	0	0	0	0	0	0	0	0	0	0	0	0	0	0	0	0	4044.2244	0	0	0	0	0	0	0	0	0	0	0	0	0	0	0	0	0	0	0	0
genomad_k141_574125	0	0	0	0	0	0	0	0	0	0	0	0	0	0	0	0	0	0	0	0	0	0	0	0	0	0	0	0	0	0	0	0	0	10.607674	0	0	0	0	0	0	0	0	0	0	0	0	0
genomad_k141_1286599	0	0	0	0	0	0	0	0	0	0	0	0	0	0	0	0	0	0	0	0	0	0	0	0	0	0	0	0	0	0	0	0	0	11.368407	0	0	0	0	0	0	0	0	0	0	0	0	0
genomad_k141_2832898	0	0	0	0	0	0	0	0	0	0	0	0	0	0	0	0	0	0	0	0	0	0	0	0	0	0	0	0	0	0	0	0	13.886592	13.330607	0	0	0	0	0	0	0	0	0	0	0	0	0
genomad_k141_3071964	0	0	0	0	0	0	0	0	0	0	0	0	0	0	0	0	0	0	0	0	0	0	0	0	0	0	0	0	0	0	0	0	0	8.475443	0	0	0	0	0	0	0	0	0	0	0	0	0
genomad_k141_3488236	0	0	0	0	0	0	0	0	0	0	0	0	0	0	0	0	0	0	0	0	0	0	0	0	0	0	0	0	0	0	0	31.587214	0	0	0	0	0	0	0	0	0	0	0	0	0	0	0
genomad_k141_3132005	0	0	0	0	0	0	0	0	0	0	0	0	0	0	0	0	0	0	0	0	0	0	0	0	0	0	0	0	0	0	0	0	0	17.00072	0	0	0	0	0	0	0	0	0	0	0	0	0
genomad_k141_2953748	0	0	0	0	0	0	0	0	0	0	0	0	0	0	0	0	0	0	0	0	0	0	0	0	0	0	0	0	0	0	0	0	226.22302	201.24387	0	91.91442	0	0	0	0	0	0	0	0	0	0	0
genomad_k141_1110550	0	0	0	0	0	0	0	0	0	0	0	0	0	0	0	0	0	0	0	0	0	0	0	0	0	0	0	0	0	0	0	0	150.1351	71.44378	0	21.160984	0	0	0	0	0	0	0	0	0	0	0
genomad_k141_811771	0	0	0	0	0	0	0	0	0	0	0	0	0	0	0	0	0	0	0	0	0	0	0	0	0	0	0	0	0	0	0	0	22.85671	7.7537074	0	0	0	0	0	0	0	0	0	0	0	0	0
genomad_k141_635237	0	0	0	0	0	0	0	0	0	0	0	0	0	0	0	0	0	0	0	0	0	0	0	0	0	0	0	0	0	0	0	0	123.80552	0	0	0	0	0	0	0	0	0	0	0	0	0	0
genomad_k141_1170225	0	0	0	0	0	0	0	0	0	0	0	0	0	0	0	0	0	0	0	0	0	0	0	0	0	0	0	0	0	0	0	71.45502	0	0	0	0	0	0	0	0	0	0	0	0	0	0	0
genomad_k141_2061112	0	0	0	0	0	0	0	0	0	0	0	0	0	0	0	0	0	0	0	0	0	0	0	0	0	0	0	0	0	0	0	0	14.8702345	9.330982	0	0	0	0	0	0	0	0	0	0	0	0	0
genomad_k141_1823692	0	0	0	0	0	0	0	0	0	0	0	0	0	0	0	0	0	0	0	0	0	0	0	0	0	0	0	0	0	0	0	0	188.29005	209.08713	0	47.41757	0	0	0	0	0	0	0	0	0	0	0
genomad_k141_3190703	0	0	0	0	2371.003	2291.102	0	0	0	0	0	0	0	0	0	0	0	0	0	0	0	0	0	0	0	0	0	0	0	0	0	0	0	0	0	0	0	0	0	0	0	0	0	0	0	0	0
genomad_k141_2120199	0	0	0	0	0	0	0	0	0	0	0	0	0	0	0	0	0	0	0	0	0	0	0	0	0	0	0	0	0	0	0	0	0	16.691551	0	0	0	0	0	0	0	0	0	0	0	0	0
genomad_k141_2298936	908.41266	903.9821	0	0	0	0	0	0	0	0	16669.656	0	0	0	0	0	1491.8615	1430.369	0	0	0	0	0	0	0	0	0	0	0	0	0	0	0	0	0	0	0	0	0	0	0	0	0	0	0	0	0
genomad_k141_1703900	0	0	0	0	0	0	0	0	0	0	0	0	0	0	0	0	0	0	0	0	0	0	0	0	0	0	0	0	0	0	0	0	44.58922	5.7454686	0	0	0	0	0	0	0	0	0	0	0	0	0
genomad_k141_2597103	0	0	0	0	0	0	0	0	0	0	0	0	0	0	0	0	0	0	0	0	0	0	0	0	0	0	0	0	0	0	0	0	45.328148	3.0406253	0	0	0	0	0	0	0	0	0	0	0	0	0
genomad_k141_1942281	0	0	0	0	0	0	0	0	0	0	0	0	0	0	0	0	0	0	0	0	0	0	0	0	0	0	0	0	0	0	0	0	0	11.599362	0	0	0	0	0	0	0	0	0	0	0	0	0
genomad_k141_2061237	0	0	0	0	0	0	0	0	0	0	0	0	0	0	0	0	0	0	0	0	0	0	0	0	0	0	0	0	0	0	0	73.50668	0	0	0	0	0	0	0	0	0	0	0	0	0	0	0
genomad_k141_3309839	0	0	0	0	0	0	0	0	0	0	0	0	0	0	0	0	0	0	0	0	0	0	0	0	0	0	0	0	0	0	0	0	0	34.714825	0	0	0	0	0	0	0	0	0	0	0	0	0
genomad_k141_1466257	0	0	0	0	0	0	0	0	0	0	0	0	0	0	0	0	0	0	0	0	0	0	0	0	0	0	0	0	0	0	0	0	0	64.95814	0	0	0	0	0	0	0	0	0	0	0	0	0
genomad_k141_3132226	0	0	0	0	0	0	0	0	0	0	0	0	0	0	0	0	0	0	0	0	0	0	0	0	0	0	0	0	0	0	0	0	81.74523	15.023847	0	0	0	0	0	0	0	0	0	0	0	0	0
genomad_k141_39848	0	0	0	0	0	0	0	0	0	0	0	0	0	0	0	0	0	0	0	0	0	0	0	0	0	0	0	0	256.50537	1152.365	0	0	0	0	0	0	0	0	0	0	0	0	0	0	0	0	0
genomad_k141_2833220	0	0	0	0	0	0	0	0	0	0	0	0	0	0	0	0	0	0	0	0	0	0	0	0	0	0	0	0	0	0	0	0	0	16.913202	0	0	0	0	0	0	0	0	0	0	0	0	0
genomad_k141_3309851	0	0	0	0	0	0	0	0	0	0	0	0	0	0	0	0	0	0	0	0	0	0	0	0	0	0	0	0	234.45815	496.75742	0	0	0	0	0	0	0	0	0	0	0	0	0	0	0	0	0
genomad_k141_2774380	0	0	0	0	0	0	0	0	0	0	0	0	0	0	0	0	0	0	0	0	0	0	0	0	0	0	0	0	0	0	0	0	0	13.362135	0	0	0	0	0	0	0	0	0	0	0	0	0
genomad_k141_2061283	0	0	0	0	0	0	0	0	0	0	0	0	0	0	0	0	0	0	0	0	0	0	0	0	0	0	0	0	20.559896	0	0	0	0	0	0	0	0	0	0	0	0	0	0	0	0	0	0
genomad_k141_3072244	0	0	0	0	0	0	0	0	3135.809	3433.1138	0	0	0	0	0	0	0	0	0	0	0	0	0	0	0	0	0	0	0	0	0	0	0	0	0	0	0	0	0	0	0	0	0	0	0	0	0
genomad_k141_1942358	0	0	0	0	0	0	0	0	0	0	0	0	0	0	0	0	0	0	0	0	0	0	0	0	0	0	0	0	0	0	0	0	0	6.748277	0	0	0	0	0	0	0	0	0	0	0	0	0
genomad_k141_1051095	0	0	0	0	0	0	0	0	0	0	0	0	0	0	0	0	0	0	0	0	0	0	0	0	0	0	0	0	0	0	0	0	27.876608	19.703833	0	0	0	0	0	0	0	0	0	0	0	0	0
genomad_k141_3190896	0	0	0	0	0	0	0	0	0	0	0	0	0	0	0	0	0	0	0	0	0	0	0	0	0	0	0	0	0	0	37.733364	16.304848	0	0	0	0	0	0	0	0	0	0	0	0	0	0	0
genomad_k141_3132301	0	0	0	0	0	0	0	0	0	0	0	0	158.6939	0	0	0	0	0	0	0	0	0	0	0	0	0	0	0	0	0	0	0	0	0	0	0	0	0	0	0	0	0	0	0	0	0	0
genomad_k141_3667300	0	0	0	0	0	0	0	0	0	0	0	0	0	0	0	0	0	0	0	0	0	0	0	0	0	0	0	0	0	0	0	0	13.243769	6.0246534	0	0	0	0	0	0	0	0	0	0	0	0	0
genomad_k141_3726982	0	0	0	0	0	0	0	0	0	0	0	0	0	0	0	0	0	0	0	0	0	0	0	0	0	0	0	0	0	0	0	0	157.87764	3.35289	0	0	0	0	0	0	0	0	0	0	0	0	0
genomad_k141_2179783	0	0	0	0	0	0	0	0	0	0	0	0	0	0	0	0	0	0	0	0	0	0	0	0	0	0	0	0	0	0	234.51688	41.524227	0	0	0	0	0	0	0	0	0	0	0	0	0	0	0
genomad_k141_3607805	0	0	0	0	0	0	0	0	0	0	0	0	0	0	0	0	0	0	0	0	0	0	0	0	0	0	0	0	385.08917	0	0	0	0	0	0	0	0	0	0	0	0	0	0	0	0	0	0
genomad_k141_2179798	0	0	0	0	0	0	0	0	0	0	0	0	0	0	0	0	0	0	0	0	0	0	0	0	0	0	0	0	0	0	0	0	0	8.071611	0	0	0	0	0	0	0	0	0	0	0	0	0
genomad_k141_1823982	0	0	0	0	0	0	0	0	0	0	0	0	0	0	0	0	0	0	0	0	0	0	0	0	0	0	0	0	0	0	0	0	0	42.200523	0	0	0	0	0	0	0	0	0	0	0	0	0
genomad_k141_694725	2211.5422	2338.3909	0	0	0	0	0	0	0	0	0	0	0	0	0	0	0	0	0	0	0	0	0	0	0	0	0	0	0	0	0	0	0	0	0	0	0	0	0	0	0	0	0	0	0	0	0
genomad_k141_3250915	0	0	0	0	0	0	0	0	0	0	0	0	0	0	0	0	0	0	0	0	0	0	0	0	0	0	0	0	0	0	0	0	0	8.664056	0	0	0	0	0	0	0	0	0	0	0	0	0
genomad_k141_3369918	0	0	0	0	0	0	0	0	0	0	0	0	0	0	0	0	605.7569	608.74786	0	0	0	0	0	0	0	0	0	0	0	0	0	0	0	0	0	0	0	0	0	0	0	0	0	0	0	0	0
genomad_k141_337668	0	0	0	0	0	0	0	0	0	0	0	0	0	0	0	0	0	0	0	0	0	0	0	0	0	0	0	0	0	0	25.061024	26.141329	0	0	0	0	0	0	0	0	0	0	0	0	0	0	0
genomad_k141_279000	273.34946	296.82605	0	0	0	0	0	0	0	0	0	0	0	0	0	0	909.58453	874.33966	0	0	0	0	0	0	0	0	0	0	0	0	0	0	0	0	0	0	0	0	0	0	0	0	0	0	0	0	0
genomad_k141_1526031	0	0	0	0	0	0	0	0	0	0	0	0	0	0	0	0	0	0	0	0	0	0	0	0	0	0	0	0	0	0	0	163.52397	0	52.798233	0	0	0	0	0	0	0	0	0	0	0	0	0
genomad_k141_337706	0	0	0	0	0	0	0	0	0	0	0	0	0	0	0	0	0	0	0	0	0	0	0	0	0	0	0	0	0	0	0	0	0	22.685064	0	0	0	0	0	0	0	0	0	0	0	0	0
genomad_k141_3191040	0	0	0	0	0	0	0	0	0	0	0	0	0	0	0	0	0	0	0	0	0	0	0	0	0	0	0	0	0	0	0	0	0	15.952909	0	0	0	0	0	0	0	0	0	0	0	0	0
genomad_k141_3727106	0	0	0	0	0	0	0	0	0	0	0	0	0	0	0	0	0	0	0	0	0	0	0	0	0	0	0	0	0	0	0	0	0	21.394156	0	0	0	0	0	0	0	0	0	0	0	0	0
genomad_k141_2892976	0	0	0	0	0	0	0	0	0	0	0	0	0	0	0	0	0	0	0	0	0	0	0	0	0	0	0	0	0	0	0	51.095413	0	0	0	0	0	0	0	0	0	0	0	0	0	0	0
genomad_k141_2418453	0	0	0	0	0	0	0	0	0	0	0	0	0	0	0	0	0	0	0	0	0	0	0	0	0	0	0	0	0	0	0	0	0	8.543176	0	0	0	0	0	0	0	0	0	0	0	0	0
genomad_k141_1408865	0	0	0	0	0	0	0	0	0	0	0	0	0	0	0	0	0	0	0	0	0	0	0	0	0	0	0	0	0	0	0	30.538847	0	0	0	0	0	0	0	0	0	0	0	0	0	0	0
genomad_k141_1051310	0	0	0	0	0	0	0	0	0	0	0	0	0	0	0	0	0	0	0	0	0	0	0	0	0	0	0	0	0	0	0	0	0	7.684483	0	0	0	0	0	0	0	0	0	0	0	0	0
genomad_k141_2477480	0	0	0	0	0	0	0	0	0	0	0	0	0	0	0	0	0	0	0	0	0	0	0	0	0	0	0	0	0	0	0	0	0	6.004241	0	0	0	0	0	0	0	0	0	0	0	0	0
genomad_k141_1229744	0	0	0	0	0	0	0	0	0	0	0	0	0	0	0	0	328.0426	325.55096	0	0	0	0	0	0	0	0	0	0	0	0	0	0	0	0	0	0	0	0	0	0	0	0	0	0	0	0	0
genomad_k141_1349201	0	0	0	0	0	0	0	0	0	0	0	0	0	0	0	0	0	0	0	0	0	0	0	0	0	0	0	0	0	0	0	0	0	10.593287	0	0	0	0	0	0	0	0	0	0	0	0	0
genomad_k141_1466560	0	0	0	0	0	0	0	0	0	0	0	0	0	0	0	0	0	0	0	0	0	0	0	0	0	0	0	0	0	0	0	0	0	6.606208	0	0	0	0	0	0	0	0	0	0	0	0	0
genomad_k141_2120438	0	0	0	0	0	0	0	0	0	0	0	0	0	0	0	0	0	0	0	0	0	0	0	0	0	0	0	0	0	0	0	0	0	0	401.0538	444.6182	0	0	0	0	0	0	0	0	0	0	0
genomad_k141_873680	0	0	0	0	0	0	0	0	0	0	0	0	0	0	0	0	0	0	0	0	0	0	0	0	0	0	0	0	0	0	0	0	0	0	0	0	0	0	3048.787	3039.1125	0	0	0	0	0	0	0
genomad_k141_1586434	0	0	0	0	0	0	0	0	0	0	0	0	0	0	0	0	0	0	0	0	0	0	0	0	0	0	0	0	0	0	0	11.437463	274.728	208.02182	0	143.63194	0	0	0	0	0	0	0	0	0	0	0
genomad_k141_2240062	0	0	0	0	0	0	0	0	0	0	0	0	67.01135	0	0	0	0	0	0	0	0	0	0	0	0	0	0	0	0	0	0	0	0	0	0	0	0	0	0	0	0	0	0	0	0	0	0
genomad_k141_3667581	0	0	0	0	0	0	0	0	0	0	0	0	0	0	0	0	0	0	0	0	0	0	0	0	0	0	0	0	0	0	17.669449	27.397766	0	0	0	0	0	0	0	0	0	0	0	0	0	0	0
genomad_k141_3013549	0	0	0	0	0	0	0	0	0	0	0	0	0	0	0	0	0	0	0	0	0	0	0	0	0	0	0	0	0	0	0	0	0	9.405717	0	0	0	0	0	0	0	0	0	0	0	0	0
genomad_k141_3251106	0	0	0	0	0	0	0	0	0	0	0	0	0	0	0	0	0	0	0	0	0	0	0	0	0	0	0	0	0	0	0	0	692.77997	102.54131	0	57.210087	0	0	0	0	0	0	0	0	0	0	0
genomad_k141_2360288	0	0	0	0	0	0	0	0	0	0	0	0	80.240585	0	0	0	0	0	0	0	0	0	0	0	0	0	0	0	0	0	0	0	0	0	0	0	0	0	0	0	0	0	0	0	0	0	0
genomad_k141_3072610	0	0	0	0	0	0	0	0	0	0	0	0	0	0	0	0	0	0	0	0	0	0	0	0	0	0	0	0	0	0	0	0	0	40.416103	0	0	0	0	0	0	0	0	0	0	0	0	0
genomad_k141_694977	0	0	0	0	0	0	0	0	0	0	0	0	0	0	0	0	0	0	0	0	0	0	0	0	0	0	0	0	0	0	0	0	0	9.171549	0	0	0	0	0	0	0	0	0	0	0	0	0
genomad_k141_1229862	0	0	0	0	0	0	0	0	0	0	0	0	0	0	0	0	0	0	0	0	0	0	0	0	0	0	0	0	0	0	0	0	0	8.307723	0	0	0	0	0	0	0	0	0	0	0	0	0
genomad_k141_2893199	0	0	0	0	0	0	0	0	0	0	0	0	0	0	0	0	0	0	0	0	0	0	0	0	0	0	0	0	0	0	0	16.284548	0	7.2884693	0	0	0	0	0	0	0	0	0	0	0	0	0
genomad_k141_3547324	0	0	0	0	0	0	0	0	0	0	0	0	0	0	0	0	0	0	0	0	0	0	0	0	0	0	0	0	0	0	0	0	0	52.7535	0	0	0	0	0	0	0	0	0	0	0	0	0
genomad_k141_1349338	0	0	0	0	0	0	0	0	0	0	0	0	0	0	0	0	0	0	0	0	0	0	0	0	0	0	0	0	0	0	0	0	0	23.857798	0	0	0	0	0	0	0	0	0	0	0	0	0
genomad_k141_3608153	0	0	0	0	0	0	0	0	0	0	0	0	0	0	0	0	0	0	0	0	0	0	0	0	0	0	0	0	0	0	0	0	0	11.29487	0	0	0	0	0	0	0	0	0	0	0	0	0
genomad_k141_1170865	0	0	0	0	0	0	0	0	0	0	0	0	0	0	0	0	0	0	0	0	0	0	0	0	0	0	0	0	0	0	0	0	18.573063	5.9927716	0	0	0	0	0	0	0	0	0	0	0	0	0
genomad_k141_695088	0	0	0	0	0	0	0	0	0	0	0	0	30.495886	0	0	0	0	0	0	0	0	0	0	0	0	0	0	0	0	0	0	0	0	0	0	0	0	0	0	0	0	0	0	0	0	0	0
genomad_k141_635847	0	0	0	0	0	0	0	0	0	0	0	0	0	0	0	0	0	0	0	0	0	0	0	0	0	0	0	0	0	0	28.020609	19.23462	0	9.114344	0	0	0	0	0	0	0	0	0	0	0	0	0
genomad_k141_2002387	0	0	0	0	0	0	0	0	0	0	0	0	0	0	0	0	0	0	0	0	0	0	0	0	0	0	0	0	0	0	0	7.375177	0	4.4508615	0	0	0	0	0	0	0	0	0	0	0	0	0
genomad_k141_1526422	0	0	0	0	0	0	0	0	0	0	0	0	0	0	0	0	0	0	0	0	0	0	0	0	0	0	0	0	0	0	47.200127	0	0	0	0	0	0	0	0	0	0	0	0	0	0	0	0
genomad_k141_635901	0	0	0	0	0	0	0	0	0	0	0	0	0	0	0	0	0	0	0	0	0	0	0	0	0	0	0	0	0	0	0	0	37.880623	3.8866715	0	0	0	0	0	0	0	0	0	0	0	0	0
genomad_k141_2715195	0	0	0	0	0	0	0	0	0	0	0	0	0	0	0	0	0	0	0	0	0	0	0	0	0	0	0	0	0	0	0	0	0	21.818823	0	0	0	0	0	0	0	0	0	0	0	0	0
genomad_k141_40424	0	0	0	0	0	0	0	0	0	0	0	0	0	0	0	0	0	0	0	0	0	0	0	0	0	0	0	0	0	0	0	0	33.362347	60.371315	0	0	0	0	0	0	0	0	0	0	0	0	0
genomad_k141_2657255	0	0	0	0	0	0	0	0	0	0	0	0	0	0	0	0	0	0	0	0	0	0	0	0	0	0	0	0	0	0	0	0	65.21368	158.3733	0	0	0	0	0	0	0	0	0	0	0	0	0
genomad_k141_3251399	0	0	0	0	0	0	0	0	0	0	0	0	0	0	0	0	0	0	0	0	0	0	0	0	0	0	0	0	0	0	0	0	13.191123	9.436083	0	0	0	0	0	0	0	0	0	0	0	0	0
genomad_k141_1765131	0	0	0	0	0	0	0	0	0	0	0	0	0	0	0	0	0	0	0	0	0	0	0	0	0	0	0	0	136.99976	0	0	0	0	0	0	0	0	0	0	0	0	0	0	0	0	0	0
genomad_k141_3072942	0	0	0	0	0	0	0	0	0	0	0	0	0	0	0	0	0	0	0	0	0	0	0	0	0	0	0	0	532.2413	648.31244	0	0	0	0	0	0	0	0	0	0	0	0	0	0	0	0	0
genomad_k141_2120880	0	0	0	0	0	0	0	0	0	0	0	0	0	0	0	0	0	0	0	0	0	0	0	0	0	0	0	0	0	0	0	0	0	17.44735	0	0	0	0	0	0	0	0	0	0	0	0	0
genomad_k141_3370535	0	0	0	0	0	0	0	0	0	0	0	0	0	0	0	0	0	0	0	0	0	0	0	0	0	0	0	0	0	0	0	0	0	14.916726	0	0	0	0	0	0	0	0	0	0	0	0	0
genomad_k141_1466960	0	0	0	0	0	0	0	0	0	0	0	0	0	0	0	0	0	0	0	0	0	0	0	0	0	0	0	0	0	0	0	0	0	0	174.01897	109.0596	0	0	0	0	0	0	0	0	0	0	0
genomad_k141_3310577	0	0	0	0	0	0	0	0	0	0	0	0	0	0	0	0	0	0	0	0	0	0	0	0	0	0	0	0	0	0	0	0	59.722836	0	0	0	0	0	0	0	0	0	0	0	0	0	0
genomad_k141_3310599	0	0	0	0	0	0	0	0	0	0	0	0	0	0	0	0	0	0	0	0	0	0	0	0	0	0	0	0	0	0	0	0	0	7.7155924	0	0	0	0	0	0	0	0	0	0	0	0	0
genomad_k141_3133014	0	0	0	0	0	0	0	0	0	0	0	0	0	0	0	0	0	0	0	0	0	0	0	0	0	0	0	0	0	0	0	0	0	7.4883657	0	0	0	0	0	0	0	0	0	0	0	0	0
genomad_k141_1171217	0	0	0	0	0	0	0	0	0	0	0	0	0	0	0	0	0	0	0	0	0	0	0	0	0	0	0	0	0	0	0	0	45.47029	134.64714	0	25.809948	0	0	0	0	0	0	0	0	0	0	0
genomad_k141_2775113	0	0	0	0	0	0	0	0	0	0	0	0	0	0	0	0	0	0	0	0	0	0	0	0	0	0	0	0	0	0	0	0	0	6.179095	0	0	0	0	0	0	0	0	0	0	0	0	0
genomad_k141_2833907	0	0	0	0	0	0	0	0	0	0	0	0	0	0	0	0	0	0	0	0	0	0	0	0	0	0	0	0	0	0	0	0	23.180574	15.448134	0	0	0	0	0	0	0	0	0	0	0	0	0
genomad_k141_279691	0	0	0	0	0	0	0	0	0	0	0	0	0	0	0	0	0	0	0	0	0	0	0	0	0	0	0	0	0	0	80.45142	20.843212	0	0	0	0	0	0	0	0	0	0	0	0	0	0	0
genomad_k141_2299848	0	0	0	0	0	0	0	264.6008	0	0	0	0	0	0	0	0	0	0	0	0	0	0	0	0	0	0	0	0	0	0	19.586958	238.92099	0	9.839804	0	0	0	0	0	0	0	0	0	0	0	0	0
genomad_k141_2657458	0	0	0	0	0	0	0	0	0	0	0	0	0	0	0	0	0	0	0	0	0	0	0	0	0	0	0	0	0	0	0	0	33.60507	26.808	0	0	0	0	0	0	0	0	0	0	0	0	0
genomad_k141_459580	0	0	0	0	0	0	0	0	0	0	0	0	0	0	0	0	0	0	0	0	0	0	0	0	0	0	0	0	0	0	0	0	0	15.943185	0	0	0	0	0	0	0	0	0	0	0	0	0
genomad_k141_1765290	0	0	0	0	0	0	0	0	0	0	0	0	0	0	0	0	0	0	0	0	0	0	0	0	0	0	0	0	0	0	0	0	0	8.588778	0	0	0	0	0	0	0	0	0	0	0	0	0
genomad_k141_3370678	0	0	0	0	0	0	0	0	0	0	0	0	0	0	0	0	0	0	0	0	0	0	0	0	0	0	0	0	0	0	0	0	0	7.246025	0	0	0	0	0	0	0	0	0	0	0	0	0
genomad_k141_3251610	0	0	0	0	0	0	0	0	0	0	0	0	130.36943	0	0	0	0	0	0	0	0	0	0	0	0	0	0	0	0	0	0	0	0	0	0	0	0	0	0	0	0	0	0	0	0	0	0
genomad_k141_695515	0	0	0	0	0	0	0	0	0	0	0	0	0	0	0	0	0	0	0	0	0	0	0	0	0	0	0	0	0	0	0	0	0	8.183267	0	0	0	0	0	0	0	0	0	0	0	0	0
genomad_k141_3429089	0	0	0	0	0	0	0	0	0	0	0	0	0	0	0	0	0	0	0	0	0	0	0	0	0	0	0	0	0	0	0	0	0	6.8420925	0	0	0	0	0	0	0	0	0	0	0	0	0
genomad_k141_3547866	0	0	0	0	0	0	0	0	0	0	0	0	0	0	0	0	0	0	0	0	0	0	0	0	0	0	0	0	0	0	0	0	0	51.376736	0	0	0	0	0	0	0	0	0	0	0	0	0
genomad_k141_3608736	0	0	0	0	0	0	0	0	0	0	0	0	0	0	0	0	0	0	0	0	0	0	0	0	0	0	0	0	0	0	0	0	14.659018	71.070625	0	0	0	0	0	0	0	0	0	0	0	0	0
genomad_k141_755868	0	0	0	0	0	0	0	0	0	0	0	0	0	0	0	0	0	0	0	0	0	0	0	0	0	0	0	0	0	0	0	30.96921	0	0	0	0	0	0	0	0	0	0	0	0	0	0	0
genomad_k141_101843	0	0	0	0	0	0	0	0	0	0	0	0	0	0	0	0	0	0	0	0	0	0	0	0	0	0	0	0	0	0	0	37.589916	0	34.527958	0	0	0	0	0	0	0	0	0	0	0	0	0
genomad_k141_3073250	0	0	0	0	0	0	0	0	0	0	0	0	0	0	0	0	0	0	0	0	0	0	0	0	0	0	0	0	0	0	38.07104	0	24.19396	14.645749	0	0	0	0	0	0	0	0	0	0	0	0	0
genomad_k141_3370805	0	0	0	0	0	0	0	0	0	0	0	0	0	0	0	0	0	0	0	0	0	0	0	0	0	0	0	0	0	0	0	0	60.29097	20.48138	0	0	0	0	0	0	0	0	0	0	0	0	0
genomad_k141_1287897	0	0	0	0	0	0	0	0	0	0	0	0	0	0	0	0	0	0	0	0	0	0	0	0	0	0	0	0	0	0	0	8.429859	225.02179	637.0776	0	98.792015	0	0	0	0	0	0	0	0	0	0	0
genomad_k141_1646531	0	0	0	0	0	0	0	0	0	0	0	0	0	0	0	0	0	0	0	0	0	0	0	0	0	0	0	0	0	0	0	0	0	21.964716	0	0	0	0	0	0	0	0	0	0	0	0	0
genomad_k141_1704946	0	0	0	0	0	0	0	0	0	0	0	0	0	0	0	0	0	0	0	0	0	0	0	0	0	0	0	0	0	0	0	22.870789	0	0	0	0	0	0	0	0	0	0	0	0	0	0	0
genomad_k141_3014219	0	0	0	0	0	0	0	0	0	0	0	0	0	0	0	0	0	0	0	0	0	0	0	0	0	0	0	0	0	0	47.35779	20.317642	0	0	0	0	0	0	0	0	0	0	0	0	0	0	0
genomad_k141_3133248	0	0	0	0	0	0	0	0	0	0	0	0	0	0	0	0	0	0	0	0	0	0	0	0	0	0	0	0	0	0	0	0	0	67.09049	0	0	0	0	0	0	0	0	0	0	0	0	0
genomad_k141_755939	0	0	0	0	0	0	0	328.32645	0	0	0	0	0	0	0	0	0	0	0	0	0	0	0	0	0	0	0	0	0	0	34.56111	182.27986	0	15.58787	0	0	0	0	0	0	0	0	0	0	0	0	0
genomad_k141_1527008	0	0	0	0	0	0	0	0	0	0	0	0	0	0	0	0	0	0	0	0	0	0	0	0	0	0	0	0	0	0	0	0	0	8.294218	0	0	0	0	0	0	0	0	0	0	0	0	0
genomad_k141_2478250	0	0	0	0	0	0	0	0	0	0	0	0	0	0	0	0	0	0	0	0	0	0	0	0	0	0	0	0	0	0	0	0	26.118437	35.766926	0	0	0	0	0	0	0	0	0	0	0	0	0
genomad_k141_160244	0	0	0	0	0	0	0	0	0	0	0	0	0	0	0	0	0	0	0	0	0	0	0	0	0	0	0	0	0	0	0	0	44.977425	14.859948	0	0	0	0	0	0	0	0	0	0	0	0	0
genomad_k141_3370884	0	0	0	0	0	0	0	0	0	0	0	0	0	0	0	0	0	0	0	0	0	0	0	0	0	0	0	0	0	0	0	0	17.920828	13.950889	0	0	0	0	0	0	0	0	0	0	0	0	0
genomad_k141_1409838	0	0	0	0	0	0	0	0	0	0	0	0	0	0	0	0	0	0	0	0	0	0	0	0	0	0	0	0	0	0	0	0	18.219116	4.8936234	0	0	0	0	0	0	0	0	0	0	0	0	0
genomad_k141_2240936	0	0	0	0	0	0	0	0	0	0	0	0	0	0	0	0	1459.669	1482.3263	0	0	0	0	0	0	0	0	0	0	0	0	0	0	0	0	0	0	0	0	0	0	0	0	0	0	0	0	0
genomad_k141_1052281	0	0	0	0	0	0	0	0	0	0	0	0	0	0	0	0	0	0	0	0	0	0	0	0	0	0	0	0	0	0	0	0	34.00218	9.037637	0	0	0	0	0	0	0	0	0	0	0	0	0
genomad_k141_1111704	0	0	0	0	0	0	0	0	0	0	0	0	0	0	0	0	0	0	0	0	0	0	0	0	0	0	0	0	0	0	0	0	35.186367	26.962542	0	0	0	0	0	0	0	0	0	0	0	0	0
genomad_k141_1825022	0	0	0	0	0	0	0	0	0	0	0	0	0	0	0	0	0	0	0	0	0	0	0	0	0	0	0	0	0	0	0	0	98.73204	63.53629	0	0	0	0	0	0	0	0	0	0	0	0	0
genomad_k141_3370914	0	0	0	0	0	0	0	0	0	0	0	0	0	0	0	0	852.8916	931.7596	0	0	0	0	0	0	0	0	0	0	0	0	0	0	0	0	0	0	0	0	0	0	0	0	0	0	0	0	0
genomad_k141_1288024	0	0	0	0	0	0	0	0	0	0	0	0	0	0	0	0	0	0	0	0	0	0	0	0	0	0	0	0	0	0	0	72.11464	0	0	0	0	0	0	0	0	0	0	0	0	0	0	0
genomad_k141_160330	0	0	0	0	0	0	0	0	0	0	0	0	0	0	0	0	0	0	0	0	0	0	0	0	0	0	0	0	0	0	0	0	0	6.33807	0	0	0	0	0	0	0	0	0	0	0	0	0
genomad_k141_1171790	0	0	0	0	0	0	0	0	0	0	0	0	41.414307	0	0	0	0	0	0	0	0	0	0	0	0	0	0	0	0	0	0	0	0	0	0	0	0	0	0	0	0	0	0	0	0	0	0
genomad_k141_993219	0	0	0	0	0	0	0	0	0	0	0	0	0	0	0	0	0	0	0	0	0	0	0	0	0	0	0	0	0	0	0	0	0	9.433393	0	0	0	0	0	0	0	0	0	0	0	0	0
genomad_k141_2121512	0	0	0	0	0	0	0	0	0	0	0	0	0	0	0	0	0	0	0	0	0	0	0	0	0	0	0	0	0	0	0	0	188.9749	84.7782	0	0	0	0	0	0	0	0	0	0	0	0	0
genomad_k141_1943683	1579.5055	1519.1569	0	0	0	0	0	0	0	0	0	0	0	0	0	0	0	0	0	0	0	0	0	0	0	0	0	0	0	0	0	0	0	0	0	0	0	0	1984.3972	1610.9203	0	0	0	0	0	0	0
genomad_k141_2834382	0	0	0	0	0	0	0	0	0	0	0	0	0	0	0	0	0	0	0	0	0	0	0	0	0	0	0	0	0	0	0	17.040377	0	17.312984	0	0	0	0	0	0	0	0	0	0	0	0	0
genomad_k141_993270	0	0	0	0	0	0	0	0	0	0	0	0	0	0	0	0	0	0	0	0	0	0	0	0	0	0	0	0	0	0	0	0	0	17.577797	0	0	0	0	0	0	0	0	0	0	0	0	0
genomad_k141_41201	0	0	0	0	0	0	0	0	0	0	0	0	0	0	0	0	0	0	0	0	0	0	0	0	0	0	0	0	0	0	0	0	0	17.664858	0	0	0	0	0	0	0	0	0	0	0	0	0
genomad_k141_1825233	0	0	0	0	0	0	0	0	0	0	0	0	0	0	0	0	0	0	0	0	0	0	0	0	0	0	0	0	0	0	0	0	0	29.87166	0	0	0	0	0	0	0	0	0	0	0	0	0
genomad_k141_2419649	0	0	0	0	0	0	0	0	0	0	0	0	0	0	0	0	0	0	0	0	0	0	0	0	0	0	0	0	0	0	0	0	45.352657	172.1034	0	72.38595	0	0	0	0	0	0	0	0	0	0	0
genomad_k141_1171937	0	0	0	0	0	0	0	0	0	0	0	0	0	0	0	0	0	0	0	0	0	1529.9567	0	0	0	0	0	0	0	0	0	0	0	0	0	0	0	0	0	0	0	0	0	0	0	0	0
genomad_k141_1883686	0	0	0	0	0	0	0	0	0	0	0	0	0	0	0	0	0	0	0	0	0	0	0	0	0	0	0	0	0	0	71.44103	0	0	0	0	0	0	0	0	0	0	0	0	0	0	0	0
genomad_k141_460139	0	0	0	0	0	0	0	0	0	0	0	0	0	0	0	0	0	0	0	0	0	0	0	0	0	0	0	0	0	0	0	0	0	12.555338	0	0	0	0	0	0	0	0	0	0	0	0	0
genomad_k141_2181095	0	0	0	0	0	0	0	0	0	0	0	0	232.29935	0	0	0	0	0	0	0	0	0	0	0	0	0	0	0	0	0	0	0	0	0	0	0	0	0	0	0	0	0	0	0	0	0	0
genomad_k141_636912	0	0	0	0	0	0	0	0	0	0	0	0	0	0	0	0	0	0	0	0	0	0	0	0	0	0	0	0	0	0	0	21.560072	0	0	0	0	0	0	0	0	0	0	0	0	0	0	0
genomad_k141_3073709	0	0	0	0	0	0	0	0	0	0	0	0	0	0	0	0	0	0	0	0	0	0	0	0	0	0	0	0	0	0	0	0	67.84193	2.9517043	0	0	0	0	0	0	0	0	0	0	0	0	0
genomad_k141_1467723	0	0	0	0	0	0	0	0	0	0	0	0	0	0	0	0	0	0	0	0	0	0	0	0	0	0	0	0	0	0	0	0	72.00153	3.4592528	0	0	0	0	0	0	0	0	0	0	0	0	0
genomad_k141_1646959	0	0	0	0	0	0	0	0	0	0	0	0	0	0	0	0	0	0	0	0	0	0	0	0	0	0	0	0	0	0	0	0	0	8.962479	0	0	0	0	0	0	0	0	0	0	0	0	0
genomad_k141_102403	0	0	0	0	0	0	0	0	0	0	0	0	0	0	0	0	0	0	0	0	0	0	0	0	0	0	0	0	0	0	0	68.320366	0	17.383608	0	0	0	0	0	0	0	0	0	0	0	0	0
genomad_k141_3668787	0	0	0	0	0	0	0	0	0	0	0	0	0	0	0	0	0	0	0	0	0	0	0	0	0	0	0	0	90.53723	0	0	0	0	0	0	0	0	0	0	0	0	0	0	0	0	0	0
genomad_k141_2539183	0	0	0	0	0	0	0	0	0	0	0	0	0	0	0	0	0	0	0	0	0	0	0	0	0	0	0	0	0	0	0	0	40.97594	12.951103	0	0	0	0	0	0	0	0	0	0	0	0	0
genomad_k141_696116	0	0	0	0	0	0	0	0	0	0	0	0	0	0	0	0	0	0	0	0	0	0	0	0	0	0	0	0	0	0	0	0	24.625084	36.33278	0	0	0	0	0	0	0	0	0	0	0	0	0
genomad_k141_2419818	0	0	0	0	0	0	0	0	0	0	0	0	0	0	0	0	0	0	0	0	0	0	0	0	0	0	0	0	257.38306	0	0	0	0	0	0	0	0	0	0	0	0	0	0	0	0	0	0
genomad_k141_218954	0	0	0	0	0	0	0	0	0	0	0	0	0	0	0	0	0	0	0	0	0	0	0	0	0	0	0	0	0	0	0	0	41.91907	102.004486	0	0	0	0	0	0	0	0	0	0	0	0	0
genomad_k141_1172099	0	0	0	0	0	0	0	0	0	0	0	0	0	0	0	0	0	0	0	0	0	0	0	0	0	0	0	0	0	0	0	0	0	9.787632	0	0	0	0	0	0	0	0	0	0	0	0	0
genomad_k141_1350369	0	0	0	0	0	0	0	0	0	0	0	0	0	0	0	0	0	0	0	0	0	0	0	0	0	0	0	0	101.318726	0	0	0	0	0	0	0	0	0	0	0	0	0	0	0	0	0	0
genomad_k141_1527495	0	0	0	0	0	0	0	0	0	0	0	0	0	0	0	0	0	0	0	0	0	0	0	0	0	0	0	0	0	0	0	0	0	13.259266	0	0	0	0	0	0	0	0	0	0	0	0	0
genomad_k141_1467856	0	0	0	0	0	0	0	0	0	0	0	0	0	0	0	0	0	0	0	0	0	0	0	0	0	0	0	0	0	0	0	0	81.22754	33.11668	0	0	0	0	0	0	0	0	0	0	0	0	0
genomad_k141_2955647	0	0	0	0	0	0	0	0	0	0	0	0	0	0	0	0	0	0	0	0	0	0	0	0	0	0	0	0	0	0	40.50588	16.449745	0	0	0	0	0	0	0	0	0	0	0	0	0	0	0
genomad_k141_3192527	0	0	0	0	0	0	0	0	0	0	0	0	0	0	0	0	0	0	0	0	0	0	0	0	0	0	0	0	0	0	0	0	0	22.532764	0	0	0	0	0	0	0	0	0	0	0	0	0
genomad_k141_1647127	0	0	0	0	0	0	0	0	0	0	0	0	0	0	0	0	0	0	0	0	0	0	0	0	0	0	0	0	0	0	0	0	0	0	0	0	0	0	0	0	0	211.03578	205.83487	0	0	0	0
genomad_k141_1350434	0	0	0	0	0	0	0	0	0	0	0	0	0	0	0	0	0	0	0	0	0	0	0	0	0	0	0	0	0	0	0	0	0	16.704092	0	0	0	0	0	0	0	0	0	0	0	0	0
genomad_k141_3609365	0	0	0	0	0	0	0	0	0	0	0	0	0	0	0	0	0	0	0	0	0	0	0	0	0	0	0	0	0	0	0	47.4861	0	0	0	0	0	0	0	0	0	0	0	0	0	0	0
genomad_k141_3371453	0	0	0	0	0	0	0	0	0	0	0	0	0	0	0	0	0	0	0	0	0	0	0	0	0	0	0	0	0	0	0	0	24.649273	38.62192	0	0	0	0	0	0	0	0	0	0	0	0	0
genomad_k141_1527607	0	0	0	0	0	0	0	0	0	0	0	0	0	0	0	0	0	0	0	0	0	0	0	0	0	0	0	0	0	0	0	0	0	29.38917	0	0	0	0	0	0	0	0	0	0	0	0	0
genomad_k141_696273	0	0	514.79346	532.3974	0	0	0	0	0	0	0	822.357	0	0	0	0	0	0	0	0	0	0	0	0	0	0	0	0	0	0	0	0	0	0	0	0	0	0	0	0	0	607.9796	620.1605	0	0	0	0
genomad_k141_3490358	0	0	0	0	0	0	0	0	0	0	0	0	0	0	0	0	0	0	0	0	0	0	0	0	0	0	0	0	0	0	0	0	0	25.866447	0	0	0	0	0	0	0	0	0	0	0	0	0
genomad_k141_1825635	0	0	0	0	0	0	0	0	0	0	0	0	76.99422	0	0	0	0	0	0	0	0	0	0	0	0	0	0	0	0	0	0	0	0	0	0	0	0	0	0	0	0	0	0	0	0	0	0
genomad_k141_460505	0	0	0	0	0	0	0	0	0	0	0	0	0	0	0	0	0	0	0	0	0	0	0	0	0	0	0	0	0	0	0	0	26.271965	49.49029	0	0	0	0	0	0	0	0	0	0	0	0	0
genomad_k141_696335	0	0	0	0	0	0	0	0	0	0	0	0	0	0	0	0	0	0	0	0	0	0	0	0	0	0	0	0	0	0	0	0	32.055428	13.072633	0	0	0	0	0	0	0	0	0	0	0	0	0
genomad_k141_3430048	0	0	0	0	0	0	0	0	0	0	0	0	42.470264	0	0	0	0	0	0	0	0	0	0	0	0	0	0	0	0	0	0	0	0	0	0	0	0	0	0	0	0	0	0	0	0	0	0
genomad_k141_1112506	0	0	0	0	0	0	0	0	0	0	0	0	0	0	0	0	0	0	0	0	0	0	0	0	0	0	0	0	0	0	0	0	0	0	0	43.269623	0	0	0	0	0	0	0	0	0	0	0
genomad_k141_2658313	0	0	0	0	0	0	0	0	0	0	0	0	0	0	0	0	0	0	0	0	0	0	0	0	0	0	0	0	0	0	0	0	27.763975	85.51161	0	0	0	0	0	0	0	0	0	0	0	0	0
genomad_k141_1468112	0	0	0	0	0	0	0	0	0	0	0	0	0	0	0	0	0	0	0	0	0	0	0	0	0	0	0	0	0	0	0	0	0	10.230782	0	0	0	0	0	0	0	0	0	0	0	0	0
genomad_k141_576421	0	0	0	0	0	0	0	0	0	0	0	0	0	0	0	0	0	0	0	0	0	0	0	0	0	0	0	0	0	0	0	0	0	16.504112	0	0	0	0	0	0	0	0	0	0	0	0	0
genomad_k141_1825782	0	0	0	0	0	0	0	0	0	0	0	0	0	0	0	0	0	0	0	0	0	0	0	0	0	0	0	0	0	0	0	0	20.788763	17.743816	0	0	0	0	0	0	0	0	0	0	0	0	0
genomad_k141_2776095	0	0	0	0	0	0	0	0	0	0	0	0	0	0	0	0	0	0	0	0	0	0	0	0	0	0	0	0	415.9252	0	0	0	0	0	0	0	0	0	0	0	0	0	0	0	0	0	0
genomad_k141_1705868	0	0	0	0	0	0	0	0	0	0	0	0	0	0	0	0	0	0	0	0	0	0	0	0	0	0	0	0	0	0	0	0	18.749697	7.313534	0	0	0	0	0	0	0	0	0	0	0	0	0
genomad_k141_2539635	0	0	0	0	0	0	0	0	0	0	0	0	0	0	0	0	0	0	0	0	0	0	0	0	0	0	0	0	0	0	0	16.25951	0	0	0	0	0	0	0	0	0	0	0	0	0	0	0
genomad_k141_3728922	0	0	0	0	0	0	0	0	0	0	0	0	0	0	0	0	0	0	0	0	0	0	0	0	0	0	0	0	0	0	104.64043	157.57921	0	0	0	0	0	0	0	0	0	0	0	0	0	0	0
genomad_k141_756876	0	0	0	0	0	0	0	0	0	0	0	0	0	0	0	0	0	0	0	0	0	0	0	0	0	0	0	0	0	0	0	0	56.26326	20.930452	0	0	0	0	0	0	0	0	0	0	0	0	0
genomad_k141_3311974	0	0	0	0	0	0	0	0	0	0	0	0	0	0	0	0	0	0	0	0	0	0	0	0	0	0	0	0	0	0	0	0	0	0	0	0	0	0	0	0	0	0	0	0	0	0	0
genomad_k141_3788319	0	0	0	0	0	0	0	0	0	0	0	0	0	0	0	0	0	0	0	0	0	0	0	0	0	0	0	0	0	0	0	0	0	19.87734	0	0	0	0	0	0	0	0	0	0	0	0	0
genomad_k141_2539681	0	0	0	0	0	0	0	0	0	0	0	0	0	0	0	0	0	0	0	0	0	0	0	0	0	0	0	0	0	0	0	0	60.014534	0	0	0	0	0	0	0	0	0	0	0	0	0	0
genomad_k141_993883	0	0	0	0	0	0	0	0	0	0	0	0	0	0	0	0	0	0	0	0	0	0	0	0	0	0	0	0	0	0	0	0	0	16.781927	0	0	0	0	0	0	0	0	0	0	0	0	0
genomad_k141_3015299	0	0	0	0	0	0	0	0	0	0	0	0	128.90036	0	0	0	0	0	0	0	0	0	0	0	0	0	0	0	0	0	0	0	0	0	0	0	0	0	0	0	0	0	0	0	0	0	0
genomad_k141_696549	0	0	0	0	0	0	0	0	0	0	0	0	0	0	0	0	0	0	0	0	0	0	0	0	0	0	3912.868	0	0	0	0	0	0	0	0	0	0	0	0	0	0	0	0	0	0	0	0
genomad_k141_3430331	0	0	0	0	0	0	0	0	0	0	0	0	0	0	0	0	0	0	0	0	0	0	0	0	0	0	0	0	0	0	0	0	73.914665	0	0	0	0	0	0	0	0	0	0	0	0	0	0
genomad_k141_2420427	0	0	0	0	0	0	0	0	0	0	0	0	0	0	0	0	0	0	0	0	0	0	0	0	0	0	0	0	0	0	0	36.565533	0	0	0	0	0	0	0	0	0	0	0	0	0	0	0
genomad_k141_2835129	0	0	0	0	0	0	0	0	0	0	0	0	0	0	0	0	0	0	0	0	0	0	0	0	0	0	0	0	0	0	0	0	24.694468	25.722399	0	0	0	0	0	0	0	0	0	0	0	0	0
genomad_k141_814216	0	0	0	0	0	0	0	0	0	0	0	0	0	0	0	0	0	0	0	0	0	0	0	0	0	0	0	0	0	0	71.66662	19.902077	0	0	0	0	0	0	0	0	0	0	0	0	0	0	0
genomad_k141_3729089	0	0	0	0	0	0	0	0	0	0	0	0	0	0	0	0	0	0	0	0	0	0	0	0	0	0	0	0	0	0	86.144554	0	0	0	0	0	0	0	0	0	0	0	0	0	0	0	0
genomad_k141_1944582	0	0	0	0	0	0	0	0	0	0	0	0	0	0	0	0	655.5215	689.416	0	0	0	0	0	0	0	0	0	0	0	0	0	0	0	0	0	0	0	0	0	0	0	0	0	0	0	0	0
genomad_k141_3490753	0	0	0	0	0	0	0	0	0	0	0	0	0	0	0	0	0	0	0	0	0	0	0	0	0	0	0	0	0	0	0	0	0	8.913054	0	0	0	0	0	0	0	0	0	0	0	0	0
genomad_k141_460883	0	0	0	0	0	0	0	0	0	0	0	0	0	0	0	0	0	0	0	0	0	0	0	0	0	0	0	0	0	0	0	0	0	95.78499	0	0	0	0	0	0	0	0	0	0	0	0	0
genomad_k141_757043	0	0	0	0	0	0	0	0	0	0	0	0	0	0	0	0	0	0	0	0	0	0	0	0	0	0	0	0	0	0	0	0	42.152454	81.54023	0	0	0	0	0	0	0	0	0	0	0	0	0
genomad_k141_3371969	0	0	0	0	0	0	0	0	0	0	0	0	0	0	0	0	0	0	0	0	0	0	0	0	0	0	0	0	0	0	54.00796	54.803123	0	0	0	0	0	0	0	0	0	0	0	0	0	0	0
genomad_k141_3015422	0	0	0	0	0	0	0	0	0	0	0	0	0	0	0	0	0	0	0	0	0	0	0	0	0	0	0	0	0	0	0	44.429195	0	0	0	0	0	0	0	0	0	0	0	0	0	0	0
genomad_k141_1410932	0	0	0	0	0	0	0	0	0	0	0	0	0	0	0	0	0	0	0	0	0	0	0	0	0	0	0	0	0	0	0	0	0	5.98211	0	0	0	0	0	0	0	0	0	0	0	0	0
genomad_k141_637750	0	0	0	0	0	0	0	0	0	0	0	0	0	0	0	0	0	0	0	0	0	0	0	0	0	0	0	0	0	0	0	0	0	10.173474	0	0	0	0	0	0	0	0	0	0	0	0	0
genomad_k141_3252920	0	0	0	0	0	0	0	0	0	0	0	0	0	0	0	0	0	0	0	0	0	0	0	0	0	0	0	0	0	0	0	0	35.081432	178.24364	0	76.072556	0	0	0	0	0	0	0	0	0	0	0
genomad_k141_1588492	0	0	0	0	0	0	0	0	0	0	0	0	0	0	0	0	0	0	0	0	0	0	0	0	0	0	0	0	0	0	0	0	65.79858	107.93379	0	0	0	0	0	0	0	0	0	0	0	0	0
genomad_k141_2539848	0	0	0	0	0	0	0	0	0	0	0	0	0	0	0	0	0	0	0	0	0	0	0	0	0	0	0	0	0	0	0	0	18.668663	3.7145436	0	0	0	0	0	0	0	0	0	0	0	0	0
genomad_k141_2301323	0	0	0	0	0	0	0	0	0	0	0	0	0	0	0	0	0	0	0	0	0	0	0	0	0	0	0	0	0	0	0	0	172.25348	32.537884	0	0	0	0	0	0	0	0	0	0	0	0	0
genomad_k141_1944678	0	0	0	0	0	0	0	0	0	0	0	0	0	0	0	0	0	0	0	0	0	0	0	0	0	0	0	0	0	0	0	0	0	11.120904	0	0	0	0	0	0	0	0	0	0	0	0	0
genomad_k141_814369	0	0	0	0	0	0	0	0	0	0	0	0	0	0	0	0	0	0	0	0	0	0	0	0	0	0	0	0	0	0	41.88193	25.317171	0	0	0	0	0	0	0	0	0	0	0	0	0	0	0
genomad_k141_3490865	0	0	0	0	0	0	0	0	0	0	0	0	0	0	0	0	0	0	0	0	0	0	0	0	0	0	0	0	0	0	0	0	104.607056	0	0	0	0	0	0	0	0	0	0	0	0	0	0
genomad_k141_3312268	0	0	0	0	0	0	0	0	0	0	0	0	0	0	0	0	0	0	0	0	0	0	0	0	0	0	0	0	0	0	0	0	0	6.8212237	0	0	0	0	0	0	0	0	0	0	0	0	0
genomad_k141_3312303	0	0	0	0	0	0	0	0	0	0	0	0	0	0	0	0	0	0	0	0	0	0	0	0	0	0	0	0	0	0	76.913864	86.9626	0	0	0	0	0	0	0	0	0	0	0	0	0	0	0
genomad_k141_340077	0	0	0	0	0	0	0	0	0	0	0	0	0	0	0	0	0	0	0	0	0	0	0	0	0	0	0	0	0	0	0	33.98452	0	0	0	0	0	0	0	0	0	0	0	0	0	0	0
genomad_k141_2420673	0	0	0	0	0	0	0	0	0	0	0	0	0	0	0	0	0	0	0	0	0	0	0	0	0	0	0	0	0	0	71.32372	0	0	0	0	0	0	0	0	0	0	0	0	0	0	0	0
genomad_k141_1647930	0	0	0	0	0	0	0	0	0	0	0	0	0	0	0	0	0	0	0	0	0	0	0	0	0	0	0	0	0	0	0	0	65.83704	54.314945	0	0	0	0	0	0	0	0	0	0	0	0	0
genomad_k141_2717126	0	0	0	0	0	0	0	0	0	0	0	0	0	0	0	0	0	0	0	0	0	0	0	0	0	0	0	0	0	0	0	0	69.409	0	0	0	0	0	0	0	0	0	0	0	0	0	0
genomad_k141_1113137	0	0	0	0	0	0	0	0	0	0	0	0	0	0	0	0	0	0	0	0	0	0	0	0	0	0	0	0	0	0	0	0	0	0	0	171.73236	0	0	0	0	0	0	0	0	0	0	0
genomad_k141_3312394	0	0	0	0	0	0	0	0	0	0	0	0	0	0	0	0	0	0	0	0	0	0	0	0	0	0	0	0	0	0	0	39.83707	0	0	0	0	0	0	0	0	0	0	0	0	0	0	0
genomad_k141_935344	0	0	0	0	0	0	0	0	0	0	0	0	0	0	0	0	0	0	0	0	0	0	0	0	0	0	0	0	0	0	0	0	0	18.085054	0	0	0	0	0	0	0	0	0	0	0	0	0
genomad_k141_2956536	0	0	0	0	0	0	0	0	0	0	0	0	0	0	0	0	0	0	0	0	0	0	0	0	0	0	0	0	0	0	0	28.108715	0	0	0	0	0	0	0	0	0	0	0	0	0	0	0
genomad_k141_3372245	0	0	0	0	0	0	0	0	0	0	0	0	0	0	0	0	0	0	0	0	0	0	0	0	0	0	0	0	0	0	0	0	0	8.523234	0	0	0	0	0	0	0	0	0	0	0	0	0
genomad_k141_3610155	0	0	0	0	0	0	0	0	0	0	0	0	120.135315	0	0	0	0	0	0	0	0	0	0	0	0	0	0	0	0	0	0	0	0	0	0	0	0	0	0	0	0	0	0	0	0	0	0
genomad_k141_161796	0	0	0	0	0	0	0	0	0	0	0	0	0	0	0	0	0	0	0	0	0	0	0	0	0	0	0	0	0	0	46.512863	39.829933	0	0	0	0	0	0	0	0	0	0	0	0	0	0	0
genomad_k141_2301616	0	0	0	0	0	0	0	0	0	0	0	0	0	0	0	0	0	0	0	0	0	0	0	0	0	0	0	0	0	0	0	0	0	11.850427	0	0	0	0	0	0	0	0	0	0	0	0	0
genomad_k141_519560	0	0	0	0	0	0	0	0	0	0	0	0	0	0	0	0	0	0	0	0	0	0	0	0	0	0	0	0	0	0	0	0	0	0	0	151.98961	0	0	0	0	0	0	0	0	0	0	0
genomad_k141_3788794	0	0	0	0	0	0	0	0	0	0	0	0	176.11887	0	0	0	0	0	0	0	0	0	0	0	0	0	0	0	0	0	0	0	0	0	0	0	0	0	0	0	0	0	0	0	0	0	0
genomad_k141_103628	0	0	0	0	0	0	0	0	0	0	0	0	0	0	0	0	0	0	0	0	0	0	0	0	0	0	0	0	0	0	0	0	0	10.546297	0	0	0	0	0	0	0	0	0	0	0	0	0
genomad_k141_3312565	0	0	0	0	0	0	0	0	0	0	0	0	0	0	0	0	0	0	0	0	0	0	0	0	0	0	0	0	0	0	0	19.408926	0	0	0	0	0	0	0	0	0	0	0	0	0	0	0
genomad_k141_3491210	0	0	0	0	0	0	0	0	0	0	0	0	0	0	0	0	0	0	0	0	0	0	0	0	0	0	0	0	124.20364	0	0	0	0	0	0	0	0	0	0	0	0	0	0	0	0	0	0
genomad_k141_3074878	0	0	0	0	0	0	0	0	0	0	0	0	0	0	0	0	0	0	0	0	0	0	0	0	0	0	0	0	0	0	0	0	0	7.8803916	0	0	0	0	0	0	0	0	0	0	0	0	0
genomad_k141_3193614	0	0	0	0	0	0	0	0	0	0	0	0	0	0	0	0	0	0	0	0	0	0	0	0	0	0	0	0	0	0	0	0	47.300564	4.0957503	0	0	0	0	0	0	0	0	0	0	0	0	0
genomad_k141_2956715	0	0	0	0	0	0	0	0	0	0	0	0	0	0	0	0	0	0	0	0	0	0	0	0	0	0	0	0	0	0	0	0	39.393806	17.99563	0	0	0	0	0	0	0	0	0	0	0	0	0
genomad_k141_1885088	0	0	0	0	0	0	0	0	0	0	0	0	0	0	0	0	0	0	0	0	0	0	0	0	0	0	0	0	0	0	0	0	0	0	0	105.720085	0	0	0	0	0	0	0	0	0	0	0
genomad_k141_994516	0	0	0	0	0	0	0	0	0	0	0	0	0	0	0	0	0	0	0	0	0	0	0	0	0	0	0	0	0	0	0	52.23657	0	8.989655	0	0	0	0	0	0	0	0	0	0	0	0	0
genomad_k141_757683	0	0	0	0	0	0	0	0	0	0	0	0	0	0	0	0	0	0	0	0	0	0	0	0	0	0	0	0	0	0	0	0	16.964876	20.810642	0	0	0	0	0	0	0	0	0	0	0	0	0
genomad_k141_1469058	0	0	0	0	0	0	0	0	0	0	0	0	0	0	0	0	0	0	0	0	0	0	0	0	0	0	0	0	0	0	0	0	0	0	0	0	0	0	6344.631	6212.2896	0	0	0	0	0	0	0
genomad_k141_1469083	0	0	0	0	0	0	0	0	0	0	0	0	0	0	0	0	0	0	0	0	0	0	0	0	0	0	0	0	0	0	0	0	21.179672	7.0966477	0	0	0	0	0	0	0	0	0	0	0	0	0
genomad_k141_103898	0	0	0	0	0	0	0	0	0	0	0	0	0	0	0	0	0	0	0	0	0	0	0	0	0	0	0	0	0	0	0	0	0	0	0	156.95851	0	0	0	0	0	0	0	0	0	0	0
genomad_k141_2421179	0	0	0	0	0	0	0	0	0	0	0	0	0	0	0	0	0	0	0	0	0	0	0	0	0	0	0	0	0	0	0	22.224878	0	0	0	0	0	0	0	0	0	0	0	0	0	0	0
genomad_k141_1589097	0	0	0	0	0	0	0	0	0	0	0	0	0	0	0	0	0	0	0	0	0	0	0	0	0	0	0	0	0	0	165.71947	0	0	0	0	0	0	0	0	0	0	0	0	0	0	0	0
genomad_k141_400137	0	0	0	0	0	0	0	466.3708	0	0	0	0	0	0	0	0	0	0	0	0	0	0	0	0	0	0	0	0	0	0	755.7317	619.3075	0	4.255702	0	0	0	0	0	0	0	0	0	0	0	0	0
genomad_k141_1173413	0	0	0	0	0	0	0	0	0	0	0	0	34.232395	0	0	0	0	0	0	0	0	0	0	0	0	0	0	0	0	0	0	0	0	0	0	0	0	0	0	0	0	0	0	0	0	0	0
genomad_k141_281892	0	0	0	0	0	0	0	0	0	0	0	0	0	0	0	0	0	0	0	0	0	0	0	0	0	0	0	0	0	0	0	0	41.42138	89.327156	0	0	0	0	0	0	0	0	0	0	0	0	0
genomad_k141_1706899	0	0	0	0	0	0	0	0	0	0	0	0	0	0	0	0	0	0	0	0	0	0	0	0	0	0	0	0	0	0	0	0	13.467037	6.8023596	0	0	0	0	0	0	0	0	0	0	0	0	0
genomad_k141_757891	0	0	0	0	0	0	0	0	0	0	0	0	0	0	0	0	0	0	0	0	0	0	0	0	0	0	0	0	0	0	126.499466	90.14667	0	0	0	0	0	0	0	0	0	0	0	0	0	0	0
genomad_k141_3729935	0	0	0	0	0	0	0	0	0	0	0	0	0	0	0	0	0	0	0	0	0	0	0	0	0	0	0	0	0	0	0	0	0	0	0	136.91196	0	0	0	0	0	0	0	0	0	0	0
genomad_k141_3312969	0	0	0	0	0	0	0	0	0	0	0	0	35.356342	0	0	0	0	0	0	0	0	0	0	0	0	0	0	0	0	0	0	0	0	0	0	0	0	0	0	0	0	0	0	0	0	0	0
genomad_k141_1351906	0	0	0	0	0	0	0	0	0	0	0	0	0	0	0	0	0	0	0	0	0	0	0	0	0	0	0	0	0	0	0	30.521427	0	0	0	0	0	0	0	0	0	0	0	0	0	0	0
genomad_k141_1411872	0	0	0	0	0	0	0	0	0	0	0	0	0	0	0	0	0	0	0	0	0	0	0	0	0	0	0	0	0	0	0	21.769386	0	0	0	0	0	0	0	0	0	0	0	0	0	0	0
genomad_k141_281932	0	0	0	0	0	0	0	0	0	0	0	0	0	0	0	0	0	0	0	0	0	0	0	0	0	0	0	0	523.6428	403.99957	0	0	0	0	0	0	0	0	0	0	0	0	0	0	0	0	0
genomad_k141_2004850	0	0	0	0	0	0	0	0	0	0	0	0	0	0	0	0	0	0	0	0	0	0	0	0	0	0	0	0	0	0	0	0	77.57479	101.67404	0	0	0	0	0	0	0	0	0	0	0	0	0
genomad_k141_3253868	0	0	0	0	0	0	0	0	0	0	0	0	0	0	0	0	0	0	0	0	0	0	0	0	0	0	0	0	0	0	0	0	0	18.96703	0	0	0	0	0	0	0	0	0	0	0	0	0
genomad_k141_2302178	0	0	0	0	0	0	0	0	0	0	0	0	0	0	0	0	0	0	0	0	0	0	0	0	0	0	0	0	0	0	0	0	61.00801	31.36441	0	0	0	0	0	0	0	0	0	0	0	0	0
genomad_k141_461867	0	0	0	0	0	0	0	0	0	0	0	0	0	0	0	0	0	0	0	0	0	0	0	0	0	0	0	0	0	0	0	0	284.48416	30.9245	0	0	0	0	0	0	0	0	0	0	0	0	0
genomad_k141_2182818	0	0	0	0	0	0	0	0	0	0	0	0	60.131245	0	0	0	0	0	0	0	0	0	0	0	0	0	0	0	0	0	0	0	0	0	0	0	0	0	0	0	0	0	0	0	0	0	0
genomad_k141_1469307	0	0	0	0	0	0	0	0	0	0	0	0	56.17931	0	0	0	0	0	0	0	0	0	0	0	0	0	0	0	0	0	0	0	0	0	0	0	0	0	0	0	0	0	0	0	0	0	0
genomad_k141_282001	0	0	0	0	0	0	0	0	0	0	0	0	0	0	0	0	0	0	0	0	0	0	0	0	0	0	0	0	30.329294	123.45724	0	0	0	0	0	0	0	0	0	0	0	0	0	0	0	0	0
genomad_k141_1232653	0	0	0	0	0	0	0	0	0	0	0	0	0	0	0	0	0	0	0	0	0	0	0	0	0	0	0	0	0	0	119.20116	58.14968	0	0	0	0	0	0	0	0	0	0	0	0	0	0	0
genomad_k141_1173604	0	0	0	0	0	0	0	0	0	0	0	0	0	0	0	0	0	0	0	0	0	0	0	0	0	0	0	0	165.46742	0	0	0	0	0	0	0	0	0	0	0	0	0	0	0	0	0	0
genomad_k141_3789443	0	0	0	0	0	0	0	0	0	0	0	0	0	0	0	0	0	0	0	0	0	0	0	0	0	0	0	0	0	0	0	0	27.594002	121.66923	0	0	0	0	0	0	0	0	0	0	0	0	0
genomad_k141_520244	0	0	0	0	0	0	0	0	0	0	0	0	0	0	0	0	0	0	0	0	0	0	0	0	0	0	0	0	0	0	0	31.699425	0	0	0	0	0	0	0	0	0	0	0	0	0	0	0
genomad_k141_3549645	0	0	0	0	0	0	0	0	0	0	0	0	0	0	0	0	0	0	0	0	0	0	0	0	0	0	0	0	87.183945	0	0	0	0	0	0	0	0	0	0	0	0	0	0	0	0	0	0
genomad_k141_1232733	0	0	0	0	0	0	0	0	0	0	0	0	34.58356	0	0	0	0	0	0	0	0	0	0	0	0	0	0	0	0	0	0	0	0	0	0	0	0	0	0	0	0	0	0	0	0	0	0
genomad_k141_2480537	0	0	0	0	0	0	0	0	0	0	0	0	0	0	0	0	0	0	0	0	0	0	0	0	0	0	0	0	0	0	0	0	35.772263	3.3144352	0	0	0	0	0	0	0	0	0	0	0	0	0
genomad_k141_2243296	0	0	0	0	0	0	0	0	0	0	0	0	47.121296	0	0	0	0	0	0	0	0	0	0	0	0	0	0	0	0	0	0	0	0	0	0	0	0	0	0	0	0	0	0	0	0	0	0
genomad_k141_1173715	0	0	0	0	0	0	0	0	0	0	0	0	0	0	0	0	0	0	0	0	0	0	0	0	0	0	0	0	0	0	0	0	17.973095	84.94809	0	0	0	0	0	0	0	0	0	0	0	0	0
genomad_k141_1232772	0	0	0	0	0	0	0	0	0	0	0	0	0	0	0	0	0	0	0	0	0	0	0	0	0	0	0	0	0	0	0	0	93.80933	61.84967	0	0	0	0	0	0	0	0	0	0	0	0	0
genomad_k141_1114052	0	0	0	0	0	0	0	0	0	0	0	0	0	0	0	0	0	0	0	0	0	0	0	0	0	0	0	0	0	0	0	0	42.825123	0	0	0	0	0	0	0	0	0	0	0	0	0	0
genomad_k141_3431569	0	0	0	0	0	0	0	0	0	0	0	0	0	0	0	0	0	0	0	0	0	0	0	0	0	0	0	0	0	0	0	0	21.390902	16.572424	0	0	0	0	0	0	0	0	0	0	0	0	0
genomad_k141_638930	0	0	0	0	0	0	0	0	0	0	0	0	0	0	0	0	0	0	0	0	0	0	0	0	0	0	0	0	0	0	0	0	0	13.046627	0	0	0	0	0	0	0	0	0	0	0	0	0
genomad_k141_1827190	0	0	0	0	0	0	0	0	0	0	0	0	0	0	0	0	0	0	0	0	0	0	0	0	0	0	0	0	0	0	0	0	39.06205	0	0	0	0	0	0	0	0	0	0	0	0	0	0
genomad_k141_1412229	0	0	0	0	0	0	0	0	0	0	0	0	0	0	0	0	738.05414	750.7082	0	0	0	0	0	0	0	0	0	0	0	0	0	0	0	0	0	0	0	0	0	0	0	0	0	0	0	0	0
genomad_k141_2243399	0	0	0	0	0	0	0	0	0	0	0	0	39.82784	0	0	0	0	0	0	0	0	0	0	0	0	0	0	0	0	0	0	0	0	0	0	0	0	0	0	0	0	0	0	0	0	0	0
genomad_k141_2777527	0	0	0	0	0	0	0	0	0	0	0	0	0	0	0	0	0	0	0	0	0	0	0	0	0	0	0	0	0	0	0	0	0	6.0284696	0	0	0	0	0	0	0	0	0	0	0	0	0
genomad_k141_2183062	0	0	0	0	0	0	0	0	0	0	0	0	0	0	0	0	0	0	0	0	0	0	0	0	0	0	0	0	0	0	0	0	36.991184	113.0928	0	0	0	0	0	0	0	0	0	0	0	0	0
genomad_k141_2957292	0	0	0	0	0	0	0	0	0	0	0	0	0	0	0	0	0	0	0	0	0	0	0	0	0	0	0	0	0	0	0	0	0	0	0	137.08217	0	0	0	0	0	0	0	0	0	0	0
genomad_k141_2718234	0	0	0	0	0	0	0	0	0	0	0	0	0	0	0	0	0	0	0	0	0	0	0	0	0	0	0	0	0	0	0	0	0	12.973087	0	0	0	0	0	0	0	0	0	0	0	0	0
genomad_k141_2718246	0	0	0	0	0	0	0	0	0	0	0	0	0	0	0	0	0	0	0	0	0	0	0	0	0	0	0	0	0	0	22.20574	37.36992	0	0	0	0	0	0	0	0	0	0	0	0	0	0	0
genomad_k141_2836289	0	0	0	0	0	0	0	0	0	0	0	0	0	0	0	0	0	0	0	0	0	0	0	0	0	0	0	0	0	0	0	0	0	0	0	112.71373	0	0	0	0	0	0	0	0	0	0	0
genomad_k141_282389	0	0	0	0	0	0	0	0	0	0	0	0	0	0	0	0	0	0	0	0	0	0	0	0	0	0	0	0	0	0	0	0	0	18.760008	0	0	0	0	0	0	0	0	0	0	0	0	0
genomad_k141_2659985	0	0	0	0	0	0	0	0	0	0	0	0	0	0	0	0	0	0	0	0	0	0	0	0	0	0	0	0	0	0	0	0	41.759007	84.87093	0	0	0	0	0	0	0	0	0	0	0	0	0
genomad_k141_2243513	0	0	0	0	0	0	0	0	0	0	0	0	0	0	0	0	0	0	0	0	0	0	0	0	0	0	0	0	0	0	0	0	0	0	0	0	0	0	0	0	0	0	0	0	0	0	0
genomad_k141_1649125	0	0	0	0	0	0	0	0	0	0	0	0	0	0	0	0	0	0	0	0	0	0	0	0	0	0	0	0	0	0	0	0	28.542929	51.84623	0	0	0	0	0	0	0	0	0	0	0	0	0
genomad_k141_3313489	0	0	0	0	0	0	0	0	0	0	0	0	0	0	0	0	705.14233	722.61316	0	0	0	0	0	0	0	0	0	0	0	0	0	0	0	0	0	0	0	0	0	0	0	0	0	0	0	0	0
genomad_k141_1589763	0	0	0	0	0	0	0	0	0	0	0	0	0	0	0	0	0	0	0	0	0	0	0	0	0	0	0	0	0	0	0	0	23.250742	7.3920913	0	0	0	0	0	0	0	0	0	0	0	0	0
genomad_k141_3550039	0	0	0	0	0	0	0	0	0	0	0	0	0	0	0	0	0	0	0	0	0	0	0	0	0	0	0	0	0	0	0	0	0	0	571.9075	0	0	0	0	0	0	0	0	0	0	0	0
genomad_k141_2005276	0	0	0	0	0	0	0	0	0	0	0	0	0	0	0	0	0	0	0	0	0	0	0	0	0	0	0	0	0	0	0	0	104.80873	28.471676	0	0	0	0	0	0	0	0	0	0	0	0	0
genomad_k141_639175	0	0	0	0	0	0	0	0	0	0	0	0	0	0	0	0	0	0	0	0	0	0	0	0	0	0	0	0	0	0	0	0	368.24985	0	0	0	0	0	0	0	0	0	0	0	0	0	0
genomad_k141_758463	0	0	0	0	0	0	0	0	0	0	0	0	0	0	0	0	0	0	0	0	0	0	0	0	0	0	0	0	0	0	0	0	0	12.813558	0	0	0	0	0	0	0	0	0	0	0	0	0
genomad_k141_43410	0	0	0	0	0	0	0	0	0	0	0	0	0	0	0	0	0	0	0	0	0	0	0	0	0	0	0	0	0	0	0	0	0	26.252499	0	0	0	0	0	0	0	0	0	0	0	0	0
genomad_k141_3016892	0	0	0	0	0	0	0	0	0	0	0	0	0	0	0	0	2240.7603	2373.31	0	0	0	0	0	0	0	0	0	0	0	0	0	0	0	0	0	0	0	0	0	0	0	0	0	0	0	0	0
genomad_k141_2183248	0	0	0	0	0	0	0	0	0	0	0	0	0	0	0	0	0	0	0	0	0	0	0	0	0	0	0	0	0	0	0	0	15.83928	5.545394	0	0	0	0	0	0	0	0	0	0	0	0	0
genomad_k141_1290676	0	0	0	0	0	0	0	0	0	0	0	0	0	0	0	0	0	0	0	0	0	0	0	0	0	0	0	0	0	0	800.1198	681.37915	0	0	0	0	0	0	0	0	0	0	0	0	0	0	0
genomad_k141_815723	0	0	0	0	0	0	0	0	0	0	0	0	0	0	0	0	0	0	0	0	0	0	0	0	0	0	0	0	0	0	0	0	0	27.797396	0	0	0	0	0	0	0	0	0	0	0	0	0
genomad_k141_3373485	0	0	0	0	0	0	0	0	0	0	0	0	0	0	0	0	0	0	0	0	0	0	0	0	0	0	0	0	0	0	0	0	24.608046	19.614729	0	0	0	0	0	0	0	0	0	0	0	0	0
genomad_k141_698180	0	0	0	0	0	0	0	0	0	0	0	0	0	0	0	0	0	0	0	0	0	0	0	0	0	0	0	0	0	0	0	0	0	8.205533	0	0	0	0	0	0	0	0	0	0	0	0	0
genomad_k141_2541354	0	0	0	0	0	0	0	0	0	0	0	0	0	0	0	0	0	0	0	0	0	0	0	0	0	0	0	0	0	0	48.16207	28.09701	0	0	0	0	0	0	0	0	0	0	0	0	0	0	0
genomad_k141_341506	0	0	0	0	0	0	0	0	0	0	0	0	0	0	0	0	0	0	0	0	0	2524.1367	0	0	0	0	0	0	0	0	0	0	0	0	0	0	0	0	0	0	0	0	0	0	0	0	0
genomad_k141_2957596	0	0	0	0	0	0	0	0	0	0	0	0	59.768307	0	0	0	0	0	0	0	0	0	0	0	0	0	0	0	0	0	0	0	0	0	0	0	0	0	0	0	0	0	0	0	0	0	0
genomad_k141_3611443	0	0	0	0	0	0	0	0	0	0	0	0	38.05341	0	0	0	0	0	0	0	0	0	0	0	0	0	0	0	0	0	0	0	0	0	0	0	0	0	0	0	0	0	0	0	0	0	0
genomad_k141_1529815	0	0	0	0	0	0	0	0	0	0	0	0	0	0	0	0	0	0	0	0	0	0	0	0	0	0	0	0	0	0	0	0	0	15.311223	0	0	0	0	0	0	0	0	0	0	0	0	0
genomad_k141_1590042	0	0	0	0	0	0	0	0	0	0	0	0	0	0	0	0	0	0	0	0	0	0	0	0	0	0	0	0	51.764423	0	0	0	0	0	0	0	0	0	0	0	0	0	0	0	0	0	0
genomad_k141_3017111	0	0	0	0	0	0	0	0	0	0	0	0	0	0	0	0	0	0	0	0	0	0	0	0	0	0	0	0	0	0	0	0	0	7.302804	0	0	0	0	0	0	0	0	0	0	0	0	0
genomad_k141_2422099	0	0	430.754	427.28226	0	0	0	0	0	0	0	621.4421	0	0	0	0	0	0	0	0	0	0	0	0	0	0	0	0	0	0	0	0	0	0	0	0	0	0	0	0	0	546.1812	539.5863	0	0	0	0
genomad_k141_3790112	0	0	0	0	0	0	0	0	0	0	0	0	0	0	0	0	0	0	0	0	0	0	0	0	0	0	0	0	0	0	0	0	0	22.48405	0	0	0	0	0	0	0	0	0	0	0	0	0
genomad_k141_2065411	0	0	0	0	0	0	0	0	0	0	0	0	0	0	0	0	0	0	0	0	0	0	0	0	0	0	0	0	0	0	0	0	9.29594	10.848485	0	0	0	0	0	0	0	0	0	0	0	0	0
genomad_k141_1233420	0	0	0	0	0	0	0	0	0	0	0	0	0	0	0	0	0	0	0	0	0	0	0	0	0	0	0	0	0	0	65.6552	13.668365	0	0	0	0	0	0	0	0	0	0	0	0	0	0	0
genomad_k141_3194861	0	0	0	0	0	0	0	0	0	0	0	0	0	0	0	0	0	0	0	0	0	0	0	0	0	0	0	0	0	0	0	34.51011	0	0	0	0	0	0	0	0	0	0	0	0	0	0	0
genomad_k141_2303051	0	0	0	0	0	0	0	0	0	0	0	0	0	0	0	0	0	0	0	0	0	0	0	0	0	0	0	0	0	0	0	16.049587	0	7.3706746	0	0	0	0	0	0	0	0	0	0	0	0	0
genomad_k141_1649549	0	0	0	0	0	0	0	0	0	0	0	0	0	0	0	0	0	0	0	0	0	0	0	0	0	0	0	0	0	0	0	0	0	9.762719	0	0	0	0	0	0	0	0	0	0	0	0	0
genomad_k141_758836	0	0	0	0	0	0	0	0	0	0	0	0	0	0	0	0	0	0	0	0	0	0	0	0	0	0	0	0	0	0	29.324892	18.766973	0	0	0	0	0	0	0	0	0	0	0	0	0	0	0
genomad_k141_1649567	0	0	0	0	0	0	0	0	0	0	0	0	0	0	0	0	0	0	0	0	0	0	0	0	0	0	0	0	0	0	0	0	0	0	0	142.21216	0	0	0	0	0	0	0	0	0	0	0
genomad_k141_2601260	0	0	0	0	0	0	0	0	0	0	0	0	0	0	0	0	0	0	0	0	0	0	0	0	0	0	0	0	0	0	0	0	24.943846	12.548434	0	0	0	0	0	0	0	0	0	0	0	0	0
genomad_k141_3432304	0	0	0	0	0	0	0	0	0	0	0	0	0	0	0	0	0	0	0	0	0	0	0	0	0	0	0	0	0	0	0	0	0	0	0	116.061584	0	0	0	0	0	0	0	0	0	0	0
genomad_k141_521057	0	0	0	0	0	0	0	0	0	0	0	0	0	0	0	0	0	0	0	0	0	0	0	0	0	0	0	0	0	0	0	0	34.489925	27.192104	0	0	0	0	0	0	0	0	0	0	0	0	0
genomad_k141_1886390	0	0	0	0	0	0	0	0	0	0	0	0	0	0	0	0	0	0	0	0	0	0	0	0	0	0	0	0	0	0	0	0	0	26.882746	0	0	0	0	0	0	0	0	0	0	0	0	0
genomad_k141_3611680	0	0	0	0	0	0	0	0	0	0	0	0	0	0	0	0	0	0	0	0	0	0	0	0	0	0	0	0	0	0	0	0	33.096184	56.373383	0	0	0	0	0	0	0	0	0	0	0	0	0
genomad_k141_462867	0	0	0	0	0	0	0	0	0	0	0	0	0	0	0	0	0	0	0	0	0	0	0	0	0	0	0	0	0	0	54.416183	12.62111	0	0	0	0	0	0	0	0	0	0	0	0	0	0	0
genomad_k141_1827912	0	0	0	0	0	0	0	0	0	0	0	0	0	0	0	0	0	0	0	0	0	0	0	0	0	0	0	0	0	0	0	0	0	13.021222	0	0	0	0	0	0	0	0	0	0	0	0	0
genomad_k141_221594	0	0	0	0	0	0	0	0	0	0	0	0	0	0	0	0	0	0	0	0	0	0	0	0	0	0	0	0	0	0	0	0	65.62571	191.84453	0	73.83887	0	0	0	0	0	0	0	0	0	0	0
genomad_k141_2896799	0	0	0	0	0	0	0	0	0	0	0	0	0	0	0	0	0	0	0	0	0	0	0	0	0	0	0	0	121.49308	0	0	0	0	0	0	0	0	0	0	0	0	0	0	0	0	0	0
genomad_k141_1530093	0	0	0	0	1622.9541	1700.9071	0	0	0	0	0	0	0	0	0	0	0	0	0	0	0	0	0	0	0	0	0	0	0	0	0	0	0	0	0	0	0	0	0	0	0	0	0	0	0	0	0
genomad_k141_2364096	0	0	0	0	0	0	0	0	0	0	0	0	0	0	0	0	0	0	0	0	0	0	0	0	0	0	0	0	0	0	0	0	0	6.998087	0	0	0	0	0	0	0	0	0	0	0	0	0
genomad_k141_3314137	0	0	0	0	0	0	0	0	0	0	0	0	0	0	0	0	0	0	0	0	0	0	0	0	0	0	0	0	0	0	0	0	0	52.7556	0	0	0	0	0	0	0	0	0	0	0	0	0
genomad_k141_1649775	0	0	0	0	0	0	0	0	0	0	0	0	0	0	0	0	0	0	0	0	0	0	0	0	0	0	0	0	0	0	0	0	22.902355	24.722797	0	0	0	0	0	0	0	0	0	0	0	0	0
genomad_k141_3136314	0	0	0	0	0	0	0	0	0	0	0	0	40.67624	0	0	0	0	0	0	0	0	0	0	0	0	0	0	0	0	0	0	0	0	0	0	0	0	0	0	0	0	0	0	0	0	0	0
genomad_k141_1768602	0	0	0	0	0	0	0	0	0	0	0	0	0	0	0	0	0	0	0	0	0	0	0	0	0	0	0	0	0	0	0	0	30.92608	18.844103	0	0	0	0	0	0	0	0	0	0	0	0	0
genomad_k141_639820	0	0	0	0	0	0	0	0	0	0	0	0	0	0	0	0	0	0	0	0	0	0	0	0	0	0	0	0	0	0	0	0	0	0	0	138.28137	0	0	0	0	0	0	0	0	0	0	0
genomad_k141_1174719	0	0	0	0	0	0	0	0	0	0	0	0	0	0	0	0	0	0	0	0	0	0	0	0	0	0	0	0	0	0	0	0	0	6.3047748	0	0	0	0	0	0	0	0	0	0	0	0	0
genomad_k141_3374077	0	0	0	0	0	0	0	0	0	0	0	0	0	0	0	0	0	0	0	0	0	0	0	0	0	0	0	0	0	0	0	0	41.815357	46.651787	0	0	0	0	0	0	0	0	0	0	0	0	0
genomad_k141_2364211	0	0	0	0	0	0	0	0	0	0	0	0	0	0	0	0	0	0	0	0	0	0	0	0	0	0	0	0	0	0	0	0	42.09501	15.804561	0	0	0	0	0	0	0	0	0	0	0	0	0
genomad_k141_698774	0	0	0	0	0	0	0	0	0	0	0	0	0	0	0	0	0	0	0	0	0	0	0	0	0	0	0	0	0	0	0	0	0	14.543782	0	0	0	0	0	0	0	0	0	0	0	0	0
genomad_k141_1886610	0	0	0	0	0	0	0	0	0	0	0	0	0	0	0	0	0	0	0	0	0	0	0	0	0	0	0	0	0	0	0	0	0	11.983947	0	0	0	0	0	0	0	0	0	0	0	0	0
genomad_k141_3195228	0	0	0	0	0	0	0	0	0	0	0	0	29.028801	0	0	0	0	0	0	0	0	0	0	0	0	0	0	0	0	0	0	0	0	0	0	0	0	0	0	0	0	0	0	0	0	0	0
genomad_k141_2958129	0	0	0	0	0	0	0	0	0	0	0	0	0	0	0	0	0	0	0	0	0	0	0	0	0	0	0	0	0	0	0	0	70.17912	0	0	0	0	0	0	0	0	0	0	0	0	0	0
genomad_k141_877910	0	0	0	0	0	0	0	0	0	0	0	0	0	0	0	0	0	0	0	0	0	0	0	0	0	0	0	0	141.0798	0	0	0	0	0	0	0	0	0	0	0	0	0	0	0	0	0	0
genomad_k141_3017562	0	0	0	0	0	0	0	0	0	0	0	0	0	0	0	0	0	0	0	0	0	0	0	0	0	0	0	0	0	0	0	0	0	12.814317	0	0	0	0	0	0	0	0	0	0	0	0	0
genomad_k141_3255111	0	0	0	0	0	0	0	0	0	0	0	0	0	0	0	0	0	0	0	0	0	0	0	0	0	0	0	0	0	0	0	0	0	0	0	314.2532	0	0	0	0	0	0	0	0	0	0	0
genomad_k141_937329	0	0	0	0	0	0	0	0	0	0	0	0	0	0	0	0	0	0	0	0	0	0	0	0	0	0	0	0	0	0	0	0	32.44527	12.154566	0	0	0	0	0	0	0	0	0	0	0	0	0
genomad_k141_1174865	0	0	0	0	0	0	0	0	0	0	0	0	0	0	0	0	0	0	0	0	0	0	0	0	0	0	0	0	0	0	0	0	0	0	0	133.63377	0	0	0	0	0	0	0	0	0	0	0
genomad_k141_1590670	0	0	0	0	0	0	0	0	0	0	0	0	0	0	0	0	0	0	0	0	0	0	0	0	0	0	0	0	0	0	0	0	34.895092	19.466797	0	0	0	0	0	0	0	0	0	0	0	0	0
genomad_k141_463337	0	0	172.4888	184.2416	0	0	0	0	0	0	0	0	0	0	0	0	0	0	0	0	0	0	0	0	0	0	0	0	0	0	0	0	0	0	0	0	0	0	0	0	0	0	0	0	0	0	0
genomad_k141_2719240	0	0	0	0	0	0	0	0	0	0	0	0	0	0	0	0	0	0	0	0	0	0	0	0	0	0	0	0	0	0	0	0	29.79084	17.95465	0	0	0	0	0	0	0	0	0	0	0	0	0
genomad_k141_996304	0	0	0	0	0	0	0	0	0	0	0	0	0	0	0	0	0	0	0	0	0	0	0	0	0	0	0	0	0	0	0	0	16.395012	3.7434506	0	0	0	0	0	0	0	0	0	0	0	0	0
genomad_k141_816446	0	0	0	0	0	0	0	0	0	0	0	0	0	0	0	0	0	0	0	0	0	0	0	0	0	0	0	0	0	0	0	0	33.405334	5.73001	0	0	0	0	0	0	0	0	0	0	0	0	0
genomad_k141_1291588	0	0	0	0	0	0	0	0	0	0	0	0	0	0	0	0	0	0	0	0	0	0	0	0	0	0	0	0	0	0	0	25.649153	0	0	0	0	0	0	0	0	0	0	0	0	0	0	0
genomad_k141_2897258	0	0	0	0	0	0	0	0	0	0	0	0	0	0	0	0	0	0	0	0	0	0	0	0	0	0	0	0	0	0	0	0	0	12.695491	0	0	0	0	0	0	0	0	0	0	0	0	0
genomad_k141_2542278	0	0	0	0	0	0	0	0	0	0	0	0	0	0	0	0	0	0	0	0	0	0	0	0	0	0	0	0	0	0	0	0	0	15.776186	0	0	0	0	0	0	0	0	0	0	0	0	0
genomad_k141_2422918	0	0	0	0	0	0	0	0	0	0	0	0	0	0	0	0	0	0	0	0	0	0	0	0	0	0	0	0	0	0	0	119.9974	0	33.882557	0	0	0	0	0	0	0	0	0	0	0	0	0
genomad_k141_3731600	0	0	0	0	0	0	0	0	0	0	0	0	0	0	0	0	0	0	0	0	0	0	0	0	0	0	0	0	0	0	0	0	23.333204	12.699154	0	0	0	0	0	0	0	0	0	0	0	0	0
genomad_k141_342554	0	0	0	0	0	0	0	0	0	0	0	0	0	0	0	0	0	0	0	0	0	0	0	0	0	0	0	0	0	0	0	0	35.99133	28.319607	0	0	0	0	0	0	0	0	0	0	0	0	0
genomad_k141_3374493	0	0	0	0	0	0	0	0	0	0	0	0	0	0	0	0	0	0	0	0	0	0	0	0	0	0	0	0	55.359406	0	0	0	0	0	0	0	0	0	0	0	0	0	0	0	0	0	0
genomad_k141_3195481	0	0	0	0	0	0	0	197.49481	0	0	0	0	0	0	0	0	0	0	0	0	0	0	0	0	0	0	0	0	0	0	47.475647	249.9197	0	11.8459425	0	0	0	0	0	0	0	0	0	0	0	0	0
genomad_k141_878300	0	0	0	0	0	0	0	0	0	0	0	0	0	0	0	0	0	0	0	0	0	0	0	0	0	0	0	0	0	0	0	0	0	15.3651	0	0	0	0	0	0	0	0	0	0	0	0	0
genomad_k141_2364658	0	0	0	0	0	0	0	0	0	0	0	0	0	0	0	0	0	0	0	0	0	0	0	0	0	0	0	0	0	0	0	0	39.852802	20.887575	0	0	0	0	0	0	0	0	0	0	0	0	0
genomad_k141_3255496	0	0	0	0	0	0	0	0	0	0	0	0	0	0	0	0	0	0	0	0	0	0	0	0	0	0	0	0	0	0	56.52046	71.20866	0	4.592718	0	0	0	0	0	0	0	0	0	0	0	0	0
genomad_k141_2958583	0	0	0	0	0	0	0	0	0	0	0	0	0	0	0	0	0	0	0	0	0	0	0	0	0	0	0	0	0	0	0	0	0	6.8928275	0	0	0	0	0	0	0	0	0	0	0	0	0
genomad_k141_105901	0	0	0	0	0	0	0	0	0	0	0	0	0	0	0	0	0	0	0	0	0	0	0	0	0	0	0	0	0	0	0	0	0	12.262524	0	0	0	0	0	0	0	0	0	0	0	0	0
genomad_k141_699260	0	0	0	0	0	0	0	0	0	0	0	0	0	0	0	0	0	0	0	0	0	0	0	0	0	0	0	0	0	0	0	0	24.926798	13.963152	0	0	0	0	0	0	0	0	0	0	0	0	0
genomad_k141_937745	0	0	0	0	0	0	0	0	0	0	0	0	0	0	0	0	0	0	0	0	0	0	0	0	0	0	0	0	0	0	0	0	0	12.27826	0	0	0	0	0	0	0	0	0	0	0	0	0
genomad_k141_2006464	0	0	0	0	0	0	0	0	0	0	0	0	0	0	0	0	0	0	0	0	0	0	0	0	0	0	0	0	59.235283	0	0	0	0	0	0	0	0	0	0	0	0	0	0	0	0	0	0
genomad_k141_2244973	0	0	0	0	0	0	0	0	0	0	0	0	59.625237	0	0	0	0	0	0	0	0	0	0	0	0	0	0	0	0	0	0	0	0	0	0	0	0	0	0	0	0	0	0	0	0	0	0
genomad_k141_1769227	0	0	0	0	0	0	0	0	0	0	0	0	0	0	0	0	0	0	0	0	0	0	0	0	0	0	0	0	0	0	0	38.666645	0	0	0	0	0	0	0	0	0	0	0	0	0	0	0
genomad_k141_2006525	0	0	0	0	0	0	0	0	0	0	0	0	0	0	0	0	0	0	0	0	0	0	0	0	0	0	0	0	0	0	57.40406	7.669177	0	0	0	0	0	0	0	0	0	0	0	0	0	0	0
genomad_k141_699367	0	0	0	0	0	0	0	0	0	0	0	0	0	0	0	0	0	0	0	0	0	0	0	0	0	0	0	0	0	0	0	0	0	35.652893	0	0	0	0	0	0	0	0	0	0	0	0	0
genomad_k141_2006559	0	0	0	0	0	0	0	0	0	0	0	0	0	0	0	0	0	0	0	0	0	0	0	0	0	0	0	0	0	0	82.85364	10.610065	0	0	0	0	0	0	0	0	0	0	0	0	0	0	0
genomad_k141_3314950	0	0	0	0	0	0	0	0	0	0	0	0	0	0	0	0	0	0	0	0	0	0	0	0	0	0	0	0	0	0	0	0	0	4.895152	0	0	0	0	0	0	0	0	0	0	0	0	0
genomad_k141_699415	0	0	0	0	0	0	0	0	0	0	0	0	0	0	0	0	0	0	0	0	0	0	0	0	0	0	0	0	0	0	0	0	43.521214	2.9909563	0	0	0	0	0	0	0	0	0	0	0	0	0
genomad_k141_1591160	0	0	0	0	0	0	0	0	0	0	0	0	0	0	0	0	0	0	0	0	0	0	0	0	0	0	0	0	0	0	0	0	0	0	0	0	0	0	0	0	0	0	0	0	0	0	173.70752
genomad_k141_1413935	0	0	0	0	0	0	0	0	0	0	0	0	0	0	0	0	0	0	0	0	0	0	0	0	0	0	0	0	0	0	0	0	0	6.2838364	0	0	0	0	0	0	0	0	0	0	0	0	0
genomad_k141_3791009	0	0	0	0	0	0	0	0	0	0	0	0	0	0	0	0	0	0	0	0	0	0	0	0	0	0	0	0	0	0	0	0	16.051388	4.6146007	0	0	0	0	0	0	0	0	0	0	0	0	0
genomad_k141_759798	0	0	0	0	0	0	0	0	0	0	0	0	0	0	0	0	0	0	0	0	0	0	0	0	0	0	0	0	0	0	0	0	13.527421	36.107574	0	0	0	0	0	0	0	0	0	0	0	0	0
genomad_k141_3732011	0	0	0	0	0	0	0	0	0	0	0	0	0	0	0	0	0	0	0	0	0	0	0	0	0	0	0	0	0	0	0	15.099223	0	9.992068	0	0	0	0	0	0	0	0	0	0	0	0	0
genomad_k141_1947571	0	0	0	0	0	0	0	0	0	0	0	0	0	0	0	0	0	0	0	0	0	0	0	0	0	0	0	0	0	0	0	0	265.855	57.545887	0	37.367992	0	0	0	0	0	0	0	0	0	0	0
genomad_k141_2365036	0	0	0	0	0	0	0	0	0	0	0	0	0	0	0	0	521.41284	535.958	0	0	0	0	0	0	0	0	0	0	0	0	0	0	0	0	0	0	0	0	0	0	0	0	0	0	0	0	0
genomad_k141_1234642	0	0	0	0	0	0	0	0	0	0	0	0	0	0	0	0	0	0	0	0	0	0	0	0	0	0	0	0	0	0	59.332043	22.15934	0	0	0	0	0	0	0	0	0	0	0	0	0	0	0
genomad_k141_1471362	0	0	0	0	0	0	0	0	0	0	0	0	0	0	0	0	2259.0422	2099.8418	0	0	0	0	0	0	0	0	0	0	0	0	0	0	0	0	0	0	0	0	0	0	0	0	0	0	0	0	0
genomad_k141_164722	0	0	0	0	0	0	0	0	0	0	0	0	0	0	0	0	0	0	0	0	0	0	0	0	0	0	0	0	0	0	0	0	63.032265	15.3089695	0	0	0	0	0	0	0	0	0	0	0	0	0
genomad_k141_3672505	0	0	0	0	0	0	0	0	0	0	0	0	0	0	0	0	0	0	0	0	0	0	0	0	0	0	0	0	0	0	0	0	0	7.4703507	0	0	0	0	0	0	0	0	0	0	0	0	0
genomad_k141_2602565	0	0	0	0	0	0	0	0	0	0	0	0	0	0	0	0	0	0	0	0	0	0	0	0	0	0	0	0	0	0	0	0	0	10.5366535	0	0	0	0	0	0	0	0	0	0	0	0	0
genomad_k141_2897961	0	0	0	0	1162.6099	1132.2927	0	0	0	0	0	0	0	0	0	0	0	0	0	0	0	0	0	0	0	0	0	0	0	0	0	0	0	0	0	0	0	0	0	0	0	0	0	0	0	0	0
genomad_k141_1829097	0	0	0	0	0	0	0	0	0	0	0	0	0	0	0	0	0	0	0	0	0	0	0	0	0	0	0	0	0	0	88.37345	40.63913	0	0	0	0	0	0	0	0	0	0	0	0	0	0	0
genomad_k141_817018	0	0	0	0	0	0	0	0	0	0	0	0	0	0	0	0	0	0	0	0	0	0	0	0	0	0	0	0	0	0	0	0	35.049477	3.4697194	0	0	0	0	0	0	0	0	0	0	0	0	0
genomad_k141_2125571	0	0	0	0	0	0	0	0	0	0	0	0	0	0	0	0	0	0	0	0	0	0	0	0	0	0	0	0	0	0	0	0	0	18.02365	0	0	0	0	0	0	0	0	0	0	0	0	0
genomad_k141_1175887	0	0	0	0	0	0	0	0	0	0	0	0	0	0	0	0	0	0	0	0	0	0	0	0	0	0	0	0	39.84253	0	0	0	0	0	0	0	0	0	0	0	0	0	0	0	0	0	0
genomad_k141_938299	0	0	0	0	0	0	0	0	0	0	0	0	0	0	0	0	0	0	0	0	0	0	0	0	0	0	0	0	0	0	34.282196	12.539219	0	0	0	0	0	0	0	0	0	0	0	0	0	0	0
genomad_k141_938321	0	0	0	0	0	0	0	0	0	0	0	0	0	0	0	0	0	0	0	0	0	0	0	0	0	0	0	0	0	0	0	0	0	7.5438356	0	0	0	0	0	0	0	0	0	0	0	0	0
genomad_k141_1354287	0	0	0	0	0	0	0	0	0	0	0	0	0	0	0	0	0	0	0	0	0	0	0	0	0	0	0	0	0	0	17.591509	18.344397	0	0	0	0	0	0	0	0	0	0	0	0	0	0	0
genomad_k141_1471754	0	0	0	0	0	0	0	0	0	0	0	0	0	0	0	0	0	0	0	0	0	0	0	0	0	0	0	0	0	0	0	0	0	14.084101	0	0	0	0	0	0	0	0	0	0	0	0	0
genomad_k141_1887805	0	0	0	0	0	0	0	0	0	0	0	0	0	0	0	0	0	0	0	0	0	1968.1165	0	0	0	0	0	0	0	0	0	0	0	0	0	0	0	0	0	0	0	0	0	0	0	0	0
genomad_k141_1829344	0	0	0	0	0	0	0	0	0	0	0	0	0	0	0	0	0	0	0	0	0	0	0	0	0	0	0	0	0	0	0	0	0	16.909534	0	0	0	0	0	0	0	0	0	0	0	0	0
genomad_k141_3077749	0	0	0	0	0	0	0	0	0	0	0	0	0	0	0	0	0	0	0	0	0	0	0	0	0	0	0	0	0	0	0	24.19409	26.055277	14.828644	0	0	0	0	0	0	0	0	0	0	0	0	0
genomad_k141_284576	0	0	0	0	2199.513	2031.0165	0	0	0	0	0	0	0	0	0	0	0	0	0	0	0	0	0	0	0	0	0	0	0	0	0	0	0	0	0	0	0	0	0	0	0	0	0	0	0	0	0
genomad_k141_1651398	0	0	0	0	0	0	0	0	0	0	0	0	0	0	0	0	0	0	0	0	0	0	0	0	0	0	0	0	0	0	0	0	0	20.93933	0	0	0	0	0	0	0	0	0	0	0	0	0
genomad_k141_3791547	0	0	0	0	0	0	0	0	0	0	0	0	0	0	0	0	0	0	0	0	0	0	0	0	0	0	0	0	0	0	0	18.94372	0	0	0	0	0	0	0	0	0	0	0	0	0	0	0
genomad_k141_2482824	0	0	0	0	0	0	0	0	0	0	0	0	0	0	0	0	0	0	0	0	0	0	0	0	0	0	0	0	0	0	0	0	17.52061	26.415924	0	0	0	0	0	0	0	0	0	0	0	0	0
genomad_k141_3732559	0	0	0	0	0	0	0	0	0	0	0	0	0	0	0	0	0	0	0	0	0	0	0	0	0	0	0	0	0	0	76.71838	13.275866	0	0	0	0	0	0	0	0	0	0	0	0	0	0	0
genomad_k141_1531607	0	0	0	0	0	0	0	0	0	0	0	0	0	0	0	0	0	0	0	0	0	0	0	0	0	0	0	0	0	0	0	0	34.031258	18.056232	0	0	0	0	0	0	0	0	0	0	0	0	0
genomad_k141_3077775	0	0	0	0	0	0	0	0	0	0	0	0	0	0	0	0	0	0	0	0	0	0	0	0	0	0	0	0	0	0	143.45705	36.597622	0	0	0	0	0	0	0	0	0	0	0	0	0	0	0
genomad_k141_3375286	0	0	0	0	0	0	0	0	0	0	0	0	0	0	0	0	0	0	0	0	0	0	0	0	0	0	0	0	0	0	0	0	0	12.6597595	0	0	0	0	0	0	0	0	0	0	0	0	0
genomad_k141_2838553	0	0	0	0	0	0	0	0	0	0	0	0	0	0	0	0	0	0	0	0	0	0	0	0	0	0	0	0	0	0	0	0	0	9.01948	0	0	0	0	0	0	0	0	0	0	0	0	0
genomad_k141_938635	0	0	0	0	0	0	0	0	0	0	0	0	0	0	0	0	0	0	0	0	0	0	0	0	0	0	0	0	0	0	0	0	50.501408	34.781406	0	0	0	0	0	0	0	0	0	0	0	0	0
genomad_k141_1948115	0	0	0	0	0	0	0	0	0	0	0	0	0	0	0	0	0	0	0	0	0	0	0	0	0	0	0	0	0	0	0	0	37.138737	37.056892	0	0	0	0	0	0	0	0	0	0	0	0	0
genomad_k141_3791670	0	0	0	0	0	0	0	0	0	0	0	0	0	0	0	0	0	0	0	0	0	0	0	0	0	0	0	0	0	0	0	0	16.3554	4.869431	0	0	0	0	0	0	0	0	0	0	0	0	0
genomad_k141_1591980	0	0	0	0	0	0	0	0	0	0	0	0	0	0	0	0	0	0	0	0	0	0	0	0	0	0	0	0	0	0	43.244457	55.415115	0	0	0	0	0	0	0	0	0	0	0	0	0	0	0
genomad_k141_1472039	0	0	0	0	0	0	0	0	0	0	0	0	0	0	0	0	0	0	0	0	0	0	0	0	0	0	0	0	0	0	0	0	0	8.251818	0	0	0	0	0	0	0	0	0	0	0	0	0
genomad_k141_2603098	0	0	0	0	0	0	0	0	0	0	0	0	0	0	0	0	0	0	0	0	0	0	0	0	0	0	0	0	0	0	0	21.805784	0	0	0	0	0	0	0	0	0	0	0	0	0	0	0
genomad_k141_2304886	0	0	0	0	0	0	0	0	0	0	0	0	0	0	0	0	0	0	0	0	0	0	0	0	0	0	0	0	0	0	0	0	0	9.583354	0	0	0	0	0	0	0	0	0	0	0	0	0
genomad_k141_1888118	0	0	0	0	0	0	0	0	0	0	0	0	0	0	0	0	0	0	0	0	0	0	0	0	0	0	0	0	0	0	3566.0447	733.6551	0	0	0	0	0	0	0	0	0	0	0	0	0	0	0
genomad_k141_223346	0	0	0	0	0	0	0	0	0	0	0	300.8255	0	0	0	0	0	0	0	0	0	0	0	0	0	0	0	0	0	0	0	0	0	0	0	0	0	0	0	0	0	192.0687	180.17558	0	0	0	0
genomad_k141_2067311	0	0	0	0	0	0	0	0	0	0	0	0	0	0	0	0	0	0	0	0	0	0	0	0	0	0	0	0	0	0	0	29.620531	0	7.355771	0	0	0	0	0	0	0	0	0	0	0	0	0
genomad_k141_2483058	0	0	0	0	0	0	0	0	0	0	0	0	0	0	0	0	0	0	0	0	0	0	0	0	0	0	0	0	0	0	0	0	0	5.1717267	0	0	0	0	0	0	0	0	0	0	0	0	0
genomad_k141_464780	0	0	0	0	0	0	0	0	0	0	0	0	0	0	0	0	0	0	0	0	0	0	0	0	0	0	0	0	0	0	117.63116	37.99268	0	0	0	0	0	0	0	0	0	0	0	0	0	0	0
genomad_k141_522942	0	0	0	0	0	0	0	0	0	0	0	0	0	0	0	0	0	0	0	0	0	0	0	0	0	0	0	0	0	0	0	0	45.57993	10.013465	0	0	0	0	0	0	0	0	0	0	0	0	0
genomad_k141_2720607	0	0	0	0	0	0	0	0	0	0	0	0	42.459873	0	0	0	0	0	0	0	0	0	0	0	0	0	0	0	0	0	0	0	0	0	0	0	0	0	0	0	0	0	0	0	0	0	0
genomad_k141_580222	0	0	0	0	0	0	0	0	0	0	0	0	0	0	0	0	0	0	0	0	0	0	0	0	0	0	0	0	0	0	0	0	0	14.179593	0	0	0	0	0	0	0	0	0	0	0	0	0
genomad_k141_2483156	0	0	0	0	0	0	0	0	0	0	0	0	0	0	0	0	0	0	0	0	0	0	0	0	0	0	0	0	0	0	0	0	67.27692	0	0	0	0	0	0	0	0	0	0	0	0	0	0
genomad_k141_580392	0	0	0	0	0	0	0	0	0	0	0	0	46.273434	0	0	0	0	0	0	0	0	0	0	0	0	0	0	0	0	0	0	0	0	0	0	0	0	0	0	0	0	0	0	0	0	0	0
genomad_k141_1057491	0	0	0	0	0	0	0	0	0	0	0	0	0	0	0	0	0	0	0	0	0	0	0	0	0	0	0	0	0	0	0	0	58.109695	77.24392	0	0	0	0	0	0	0	0	0	0	0	0	0
genomad_k141_1117041	0	0	0	0	0	0	0	0	0	0	0	0	0	0	0	0	0	0	0	0	0	0	0	0	0	0	0	0	0	0	0	0	52.966354	0	0	0	0	0	0	0	0	0	0	0	0	0	0
genomad_k141_1057498	0	0	0	0	0	0	0	0	0	0	0	0	0	0	0	0	705.34973	838.10583	0	0	0	0	0	0	0	0	0	0	0	0	0	0	0	0	0	0	0	0	0	0	0	0	0	0	0	0	0
genomad_k141_2720817	0	0	0	0	0	0	0	0	0	0	0	0	0	0	0	0	0	0	0	0	0	0	0	0	0	0	0	0	0	0	0	25.58634	0	9.275742	0	0	0	0	0	0	0	0	0	0	0	0	0
genomad_k141_3552553	0	0	0	0	0	0	0	0	0	0	0	0	0	0	0	0	0	0	0	0	0	0	0	0	0	0	0	0	0	0	0	0	0	13.128896	0	0	0	0	0	0	0	0	0	0	0	0	0
genomad_k141_997900	0	0	0	0	0	0	0	0	0	0	0	0	0	0	0	0	0	0	0	0	0	0	0	0	0	0	0	0	0	0	0	0	36.265724	11.262913	0	0	0	0	0	0	0	0	0	0	0	0	0
genomad_k141_2185760	0	0	0	0	0	0	0	0	0	0	0	0	0	0	0	0	0	0	0	0	0	0	0	0	0	0	0	0	0	0	26.784288	32.038235	0	0	0	0	0	0	0	0	0	0	0	0	0	0	0
genomad_k141_3613959	0	0	0	0	0	0	0	0	0	0	0	0	0	0	0	0	0	0	0	0	0	0	0	0	0	0	0	0	61.014767	0	0	0	0	0	0	0	0	0	0	0	0	0	0	0	0	0	0
genomad_k141_2185796	0	0	0	0	0	0	0	0	0	0	0	0	0	0	0	0	0	0	0	0	0	0	0	0	0	0	0	0	0	0	674.53265	40.131233	0	0	0	0	0	0	0	0	0	0	0	0	0	0	0
genomad_k141_1415237	0	0	0	0	0	0	0	0	0	0	0	0	0	0	0	0	0	0	0	0	0	0	0	0	0	0	0	0	0	0	0	0	0	45.59835	0	0	0	0	0	0	0	0	0	0	0	0	0
genomad_k141_939200	0	0	0	0	0	0	0	199.03516	0	0	0	0	0	0	0	0	0	0	0	0	0	0	0	0	0	0	0	0	0	0	68.663284	65.842834	0	0	0	0	0	0	0	0	0	0	0	0	0	0	0
genomad_k141_523401	0	0	0	0	0	0	0	0	0	0	0	0	0	0	0	0	0	0	0	0	0	0	0	0	0	0	0	0	0	0	0	0	89.34954	12.971544	0	0	0	0	0	0	0	0	0	0	0	0	0
genomad_k141_2424489	0	0	0	0	0	0	0	0	0	0	0	0	0	0	0	0	0	0	0	0	0	0	0	0	0	0	0	0	0	0	0	0	0	10.784363	0	0	0	0	0	0	0	0	0	0	0	0	0
genomad_k141_641891	0	0	0	0	0	0	0	0	0	0	0	0	0	0	0	0	0	0	0	0	0	0	0	0	0	0	0	0	0	0	0	0	0	20.293633	0	0	0	0	0	0	0	0	0	0	0	0	0
genomad_k141_1057781	0	0	0	0	0	0	0	0	0	0	0	0	0	0	0	0	0	0	0	0	0	0	0	0	0	0	0	0	0	0	65.95723	0	0	0	0	0	0	0	0	0	0	0	0	0	0	0	0
genomad_k141_465333	0	0	0	0	0	0	0	0	0	0	0	0	0	0	0	0	0	0	0	0	0	0	0	0	0	0	0	0	0	0	0	0	36.88895	4.312212	0	0	0	0	0	0	0	0	0	0	0	0	0
genomad_k141_3673687	0	0	0	0	0	0	0	0	0	0	0	0	0	0	0	0	0	0	0	0	0	0	0	0	0	0	0	0	0	0	0	0	0	10.79789	0	0	0	0	0	0	0	0	0	0	0	0	0
genomad_k141_880030	0	0	0	0	0	0	0	0	0	0	0	0	0	0	0	0	0	0	0	0	0	0	0	0	0	0	0	0	0	0	0	0	0	7.9403	0	0	0	0	0	0	0	0	0	0	0	0	0
genomad_k141_2008018	0	0	0	0	0	0	0	0	0	0	0	0	0	0	0	0	0	0	0	0	0	2108.9956	0	0	0	0	0	0	0	0	0	0	0	0	0	0	0	0	0	0	0	0	0	0	0	0	0
genomad_k141_2899165	0	0	0	0	0	0	0	0	0	0	0	0	0	0	0	0	0	0	0	0	0	3585.4136	0	0	0	0	0	0	0	0	0	0	0	0	0	0	0	0	0	0	0	0	0	0	0	0	0
genomad_k141_2067943	0	0	0	0	0	0	0	0	0	0	0	0	0	0	0	0	0	0	0	0	0	0	0	0	0	0	0	0	0	0	0	0	0	11.546307	0	0	0	0	0	0	0	0	0	0	0	0	0
genomad_k141_1415364	0	0	0	0	0	0	0	0	0	0	0	0	0	0	0	0	0	0	0	0	0	0	0	0	0	0	0	0	0	0	0	0	0	18.923853	0	0	0	0	0	0	0	0	0	0	0	0	0
genomad_k141_3078589	0	0	0	0	0	0	0	0	0	0	0	0	0	0	0	0	0	0	0	0	0	0	0	0	0	0	0	0	0	0	0	0	82.139366	30.884186	0	0	0	0	0	0	0	0	0	0	0	0	0
genomad_k141_46337	0	0	0	0	0	0	0	0	0	0	0	0	0	0	0	0	0	0	0	0	0	0	0	0	0	0	0	0	0	0	0	0	64.361015	18.851303	0	0	0	0	0	0	0	0	0	0	0	0	0
genomad_k141_2366541	0	0	0	0	0	0	0	0	0	0	0	0	0	0	0	0	0	0	0	0	0	0	0	0	0	0	0	0	0	0	0	0	0	8.382173	0	0	0	0	0	0	0	0	0	0	0	0	0
genomad_k141_224230	0	0	0	0	0	0	0	0	0	0	0	0	0	0	0	0	0	0	0	0	0	0	0	0	0	0	0	0	0	0	0	17.429825	0	0	0	0	0	0	0	0	0	0	0	0	0	0	0
genomad_k141_1415560	0	0	0	0	0	0	0	0	0	0	0	0	0	0	0	0	0	0	0	0	0	0	0	0	0	0	0	0	28.322432	121.14869	0	0	0	0	0	0	0	0	0	0	0	0	0	0	0	0	0
genomad_k141_2186144	0	0	0	0	0	0	0	0	0	0	0	0	0	0	0	0	0	0	0	0	0	0	0	0	0	0	0	0	0	0	125.54214	0	0	0	0	0	0	0	0	0	0	0	0	0	0	0	0
genomad_k141_2899353	0	0	0	0	0	0	0	0	0	0	0	0	0	0	0	0	0	0	0	0	0	0	0	0	0	0	0	0	0	0	0	0	0	10.547136	0	0	0	0	0	0	0	0	0	0	0	0	0
genomad_k141_1710555	0	0	0	0	0	0	0	0	0	0	0	0	0	0	0	0	0	0	0	0	0	0	0	0	0	0	0	0	0	0	28.447548	21.529285	0	0	0	0	0	0	0	0	0	0	0	0	0	0	0
genomad_k141_344770	0	0	0	0	0	0	0	0	0	0	0	0	0	0	0	0	0	0	0	0	0	0	0	0	0	0	0	0	0	0	0	32.128334	0	0	0	0	0	0	0	0	0	0	0	0	0	0	0
genomad_k141_1652489	0	0	0	0	0	0	0	0	0	0	0	0	0	0	0	0	0	0	0	0	0	0	0	0	0	0	0	0	0	0	0	0	32.05988	19.720215	0	0	0	0	0	0	0	0	0	0	0	0	0
genomad_k141_3316670	0	0	0	0	0	0	0	0	0	0	0	0	0	0	0	0	0	0	0	0	0	0	0	0	0	0	0	0	0	0	0	0	0	9.608839	0	0	0	0	0	0	0	0	0	0	0	0	0
genomad_k141_818323	0	0	0	0	0	0	0	0	0	0	0	0	0	0	0	0	0	0	0	0	0	0	0	0	0	0	0	0	0	0	0	0	28.627388	5.524484	0	0	0	0	0	0	0	0	0	0	0	0	0
genomad_k141_3792391	0	0	0	0	0	0	0	0	0	0	0	0	0	0	0	0	0	0	0	0	0	0	0	0	0	0	0	0	0	0	0	0	0	9.61606	0	0	0	0	0	0	0	0	0	0	0	0	0
genomad_k141_2424865	0	0	0	0	0	0	0	0	0	0	0	0	0	0	0	0	0	0	0	0	0	0	0	0	0	0	0	0	0	0	37.3314	43.454094	0	0	0	0	0	0	0	0	0	0	0	0	0	0	0
genomad_k141_1771112	0	0	0	0	0	0	0	0	0	0	0	0	0	0	0	0	0	0	0	0	0	0	0	0	0	0	0	0	0	0	0	0	0	31.55298	0	0	0	0	0	0	0	0	0	0	0	0	0
genomad_k141_2544426	0	0	0	0	0	0	0	0	0	0	0	0	0	0	0	0	0	0	0	0	0	0	0	0	0	0	0	0	0	0	0	0	0	7.3222494	0	0	0	0	0	0	0	0	0	0	0	0	0
genomad_k141_3138909	0	0	0	0	0	0	0	0	0	0	0	0	79.76557	0	0	0	0	0	0	0	0	0	0	0	0	0	0	0	0	0	0	0	0	0	0	0	0	0	0	0	0	0	0	0	0	0	0
genomad_k141_2483948	0	0	0	0	0	0	0	0	0	0	0	0	0	0	0	0	0	0	0	0	0	0	0	0	0	0	0	0	0	0	0	0	21.94863	6.2796445	0	0	0	0	0	0	0	0	0	0	0	0	0
genomad_k141_2899610	0	0	0	0	0	0	0	0	0	0	0	0	0	0	0	0	0	0	0	0	0	0	0	0	0	0	0	0	0	0	0	0	0	8.033597	0	0	0	0	0	0	0	0	0	0	0	0	0
genomad_k141_2604098	0	0	0	0	0	0	0	0	0	0	0	0	0	0	0	0	0	0	0	0	0	0	0	0	0	0	0	0	21.08276	155.81372	0	0	0	0	0	0	0	0	0	0	0	0	0	0	0	0	0
genomad_k141_46701	0	0	0	0	0	0	0	0	0	0	0	0	0	0	0	0	0	0	0	0	0	0	0	0	0	0	0	0	0	0	0	0	0	9.952162	0	0	0	0	0	0	0	0	0	0	0	0	0
genomad_k141_46731	0	0	0	0	0	0	0	0	0	0	0	0	0	0	0	0	0	0	0	0	0	0	0	0	0	0	0	0	0	0	0	0	37.674652	5.4238133	0	0	0	0	0	0	0	0	0	0	0	0	0
genomad_k141_1415886	0	0	0	0	0	0	0	0	0	0	0	0	0	0	0	0	0	0	0	0	0	0	0	0	0	0	0	0	0	0	0	30.613657	0	0	0	0	0	0	0	0	0	0	0	0	0	0	0
genomad_k141_1771271	0	0	0	0	0	0	0	0	0	0	0	0	0	0	0	0	0	0	0	0	0	0	0	0	0	0	0	0	0	0	0	0	0	17.52742	0	0	0	0	0	0	0	0	0	0	0	0	0
genomad_k141_1830711	0	0	0	0	0	0	0	0	0	0	0	0	0	0	0	0	0	0	0	0	0	0	0	0	0	0	0	0	0	0	0	42.248962	0	0	0	0	0	0	0	0	0	0	0	0	0	0	0
genomad_k141_2960779	0	0	0	0	0	0	0	366.1082	0	0	0	0	0	0	0	0	0	0	0	0	0	0	0	0	0	0	0	0	0	0	0	162.54976	0	0	0	0	0	0	0	0	0	0	0	0	0	0	0
genomad_k141_523978	0	0	0	0	0	0	0	0	0	0	0	0	0	0	0	0	0	0	0	0	0	0	0	0	0	0	0	0	0	0	29.262928	21.881498	0	0	0	0	0	0	0	0	0	0	0	0	0	0	0
genomad_k141_1236664	0	0	0	0	0	0	0	0	0	0	0	0	0	0	0	0	0	0	0	0	0	0	0	0	0	0	0	0	0	0	0	0	0	26.977749	0	0	0	0	0	0	0	0	0	0	0	0	0
genomad_k141_1652787	0	0	0	0	0	0	0	0	0	0	0	0	0	0	0	0	0	0	0	0	0	0	0	0	0	0	0	0	0	0	0	0	0	7.4590516	0	0	0	0	0	0	0	0	0	0	0	0	0
genomad_k141_1532981	0	0	0	0	0	0	0	0	0	0	0	0	0	0	0	0	0	0	0	0	0	0	0	0	0	0	0	0	0	0	50.06289	61.62257	0	0	0	0	0	0	0	0	0	0	0	0	0	0	0
genomad_k141_2068549	0	0	0	0	0	0	0	0	0	0	0	0	0	0	0	0	1960.7233	1928.4344	0	0	0	0	0	0	0	0	0	0	0	0	0	0	0	0	0	0	0	0	0	0	0	0	0	0	0	0	0
genomad_k141_286040	0	0	0	0	0	0	0	0	0	0	0	0	0	0	0	0	0	0	0	0	0	0	0	0	0	0	0	0	0	0	0	0	29.521576	15.74703	0	0	0	0	0	0	0	0	0	0	0	0	0
genomad_k141_1058433	0	0	0	0	0	0	0	0	0	0	0	0	0	0	0	0	0	0	0	0	0	0	0	0	0	0	0	0	0	0	0	0	0	19.282696	0	0	0	0	0	0	0	0	0	0	0	0	0
genomad_k141_1710967	0	0	0	0	0	0	0	0	0	0	0	0	165.06642	0	0	0	0	0	0	0	0	0	0	0	0	0	0	0	0	0	0	0	0	0	0	0	0	0	0	0	0	0	0	0	0	0	0
genomad_k141_3139171	0	0	0	0	0	0	0	0	0	0	0	0	0	0	0	0	0	0	0	0	0	0	0	0	0	0	0	0	0	0	0	0	34.369843	102.447105	0	29.098576	0	0	0	0	0	0	0	0	0	0	0
genomad_k141_2306330	0	0	0	0	0	0	0	0	0	0	0	0	31.6419	0	0	0	0	0	0	0	0	0	0	0	0	0	0	0	0	0	0	0	0	0	0	0	0	0	0	0	0	0	0	0	0	0	0
genomad_k141_2127427	0	0	0	0	0	0	0	0	0	0	0	0	0	0	0	0	0	0	0	0	0	0	0	0	0	0	0	0	0	0	0	0	114.43211	124.837906	0	0	0	0	0	0	0	0	0	0	0	0	0
genomad_k141_1356225	0	0	0	0	0	0	0	0	0	0	0	0	0	0	0	0	0	0	0	0	0	0	0	0	0	0	0	0	0	0	0	0	63.738598	0	0	0	0	0	0	0	0	0	0	0	0	0	0
genomad_k141_1711132	0	0	0	0	0	0	0	0	0	0	0	0	29.406868	0	0	0	0	0	0	0	0	0	0	0	0	0	0	0	0	0	0	0	0	0	0	0	0	0	0	0	0	0	0	0	0	0	0
genomad_k141_2721946	0	0	0	0	0	0	0	0	0	0	0	0	0	0	0	0	0	0	0	0	0	0	0	0	0	0	0	0	0	0	0	0	0	0	0	126.28027	0	0	0	0	0	0	0	0	0	0	0
genomad_k141_1831033	0	0	0	0	0	0	0	0	0	0	0	0	0	0	0	0	0	0	0	0	0	0	0	0	0	0	0	0	0	0	0	0	0	8.106177	0	0	0	0	0	0	0	0	0	0	0	0	0
genomad_k141_2186842	0	0	0	0	0	0	0	0	0	0	0	0	0	0	0	0	0	0	0	0	0	0	0	0	0	0	0	0	0	0	0	0	0	18.94846	0	0	0	0	0	0	0	0	0	0	0	0	0
genomad_k141_2127517	0	0	0	0	0	0	0	0	0	0	0	0	0	0	0	0	0	0	0	0	0	0	0	0	0	0	0	0	0	0	0	0	0	17.856329	0	0	0	0	0	0	0	0	0	0	0	0	0
genomad_k141_3258021	0	0	0	0	0	0	0	0	0	0	0	0	0	0	0	0	0	0	0	0	0	0	0	0	0	0	0	0	0	0	0	31.910961	0	0	0	0	0	0	0	0	0	0	0	0	0	0	0
genomad_k141_3734229	0	0	0	0	0	0	0	0	0	0	0	0	0	0	0	0	0	0	0	0	0	0	0	0	0	0	0	0	0	0	0	0	0	5.3885736	0	0	0	0	0	0	0	0	0	0	0	0	0
genomad_k141_47153	0	0	0	0	0	0	0	0	0	0	0	0	0	0	0	0	0	0	0	0	0	0	0	0	0	0	0	0	0	0	0	0	0	23.614685	0	0	0	0	0	0	0	0	0	0	0	0	0
genomad_k141_2484450	0	0	0	0	0	0	0	0	0	0	0	0	0	0	0	0	0	0	0	0	0	0	0	0	0	0	0	0	0	0	0	0	0	5.5264297	0	0	0	0	0	0	0	0	0	0	0	0	0
genomad_k141_2127570	0	0	0	0	0	0	0	0	0	0	0	0	0	0	0	0	0	0	0	0	0	0	0	0	0	0	0	0	0	0	0	0	66.02358	81.169106	0	0	0	0	0	0	0	0	0	0	0	0	0
genomad_k141_3376540	0	0	0	0	0	0	0	0	0	0	0	0	0	0	0	0	0	0	0	0	0	0	0	0	0	0	0	0	92.112465	0	0	0	0	0	0	0	0	0	0	0	0	0	0	0	0	0	0
genomad_k141_524490	0	0	0	0	0	0	0	0	0	0	0	0	0	0	0	0	0	0	0	0	0	0	0	0	0	0	0	0	0	0	0	0	0	8.079885	0	0	0	0	0	0	0	0	0	0	0	0	0
genomad_k141_3020707	0	0	0	0	0	0	0	0	0	0	0	0	0	0	0	0	0	0	0	0	0	0	0	0	0	0	0	0	0	0	47.83562	29.882246	0	0	0	0	0	0	0	0	0	0	0	0	0	0	0
genomad_k141_2127617	0	0	0	0	0	0	0	0	0	0	0	0	0	0	0	0	0	0	0	0	0	0	0	0	0	0	0	0	0	0	0	0	22.143654	18.982746	0	0	0	0	0	0	0	0	0	0	0	0	0
genomad_k141_286419	0	0	0	0	0	0	0	0	0	0	0	0	0	0	0	0	0	0	0	0	0	0	0	0	0	0	0	0	0	0	0	68.95134	0	0	0	0	0	0	0	0	0	0	0	0	0	0	0
genomad_k141_3435599	0	0	0	0	0	0	0	0	0	0	0	0	66.51701	0	0	0	0	0	0	0	0	0	0	0	0	0	0	0	0	0	0	0	0	0	0	0	0	0	0	0	0	0	0	0	0	0	0
genomad_k141_3139501	0	0	0	0	0	0	0	0	0	0	0	0	0	0	0	0	0	0	0	0	0	0	0	0	0	0	0	0	0	0	0	0	0	0	0	121.08202	0	0	0	0	0	0	0	0	0	0	0
genomad_k141_1118368	0	0	0	0	0	0	0	0	0	0	0	0	0	0	0	0	0	0	0	0	0	0	0	0	0	0	0	0	0	0	0	0	11.023248	17.447847	0	0	0	0	0	0	0	0	0	0	0	0	0
genomad_k141_2900143	0	0	0	0	0	0	0	0	0	0	0	0	0	0	0	0	0	0	0	0	0	0	0	0	0	0	0	0	0	0	0	0	0	0	0	0	34864.758	34110.918	0	0	0	0	0	0	0	0	0
genomad_k141_3734513	0	0	0	0	0	0	0	0	0	0	0	0	0	0	0	0	0	0	0	0	0	0	0	0	0	0	0	0	0	0	0	0	0	8.178161	0	0	0	0	0	0	0	0	0	0	0	0	0
genomad_k141_2069131	0	0	0	0	0	0	0	0	0	0	0	0	0	0	0	0	0	0	0	0	0	0	0	0	0	0	0	0	0	0	26.759739	17.341352	0	0	0	0	0	0	0	0	0	0	0	0	0	0	0
genomad_k141_1711500	0	0	0	0	0	0	0	0	0	0	0	0	0	0	0	0	0	0	0	0	0	0	0	0	0	0	0	0	0	0	0	0	23.287592	4.636064	0	0	0	0	0	0	0	0	0	0	0	0	0
genomad_k141_881288	0	0	0	0	0	0	0	0	0	0	0	0	0	0	0	0	1275.8893	1384.8243	0	0	0	0	0	0	0	0	0	0	0	0	0	0	0	0	0	0	0	0	0	0	0	0	0	0	0	0	0
genomad_k141_2069263	0	0	0	0	0	0	0	0	0	0	0	0	0	0	0	0	0	0	0	0	0	0	0	0	0	0	0	0	0	0	0	0	16.87381	11.722868	0	0	0	0	0	0	0	0	0	0	0	0	0
genomad_k141_2722428	0	0	0	0	0	0	0	0	0	0	0	0	0	0	0	0	0	0	0	0	0	0	0	0	0	0	0	0	0	0	0	0	38.077465	24.364286	0	0	0	0	0	0	0	0	0	0	0	0	0
genomad_k141_1831450	0	0	0	0	0	0	0	0	0	0	0	0	0	0	0	0	0	0	0	0	0	0	0	0	0	0	0	0	0	0	0	0	0	24.36937	0	0	0	0	0	0	0	0	0	0	0	0	0
genomad_k141_3734648	0	0	0	0	0	0	0	0	0	0	0	0	0	0	0	0	0	0	0	0	0	0	0	0	0	0	0	0	51.123123	0	0	0	0	0	0	0	0	0	0	0	0	0	0	0	0	0	0
genomad_k141_3554086	0	0	0	0	0	0	0	0	0	0	0	0	0	0	0	0	0	0	0	0	0	0	0	0	0	0	0	0	0	0	0	42.555004	0	60.085308	0	20.131174	0	0	0	0	0	0	0	0	0	0	0
genomad_k141_2781883	0	0	0	0	0	0	0	0	0	0	0	0	0	0	0	0	0	0	0	0	0	0	0	0	0	0	0	0	0	0	0	0	0	10.623596	0	0	0	0	0	0	0	0	0	0	0	0	0
genomad_k141_167422	0	0	0	0	0	0	0	0	0	0	0	0	0	0	0	0	0	0	0	0	0	0	0	0	0	0	0	0	0	0	0	0	14.989774	15.2801	0	0	0	0	0	0	0	0	0	0	0	0	0
genomad_k141_940672	0	0	0	0	0	0	0	0	0	0	0	0	0	0	0	0	0	0	0	0	0	0	0	0	0	0	0	0	0	0	0	0	33.844906	2.3945327	0	0	0	0	0	0	0	0	0	0	0	0	0
genomad_k141_3793561	0	0	0	0	0	0	0	0	0	0	0	0	0	0	0	0	0	0	0	0	0	0	0	0	0	0	0	0	52.0072	0	0	0	0	0	0	0	0	0	0	0	0	0	0	0	0	0	0
genomad_k141_999567	0	0	0	0	0	0	0	0	0	0	0	0	0	0	0	0	0	0	0	0	0	0	0	0	0	0	0	0	0	0	0	0	0	10.223211	0	0	0	0	0	0	0	0	0	0	0	0	0
genomad_k141_3436012	0	0	0	0	0	0	0	175.59673	0	0	0	0	0	0	0	0	0	0	0	0	0	0	0	0	0	0	0	0	0	0	0	139.82362	0	0	0	0	0	0	0	0	0	0	0	0	0	0	0
genomad_k141_3674967	0	0	0	0	0	0	0	0	0	0	0	0	0	0	0	0	0	0	0	0	0	0	0	0	0	0	0	0	0	0	0	17.493853	0	12.837496	0	0	0	0	0	0	0	0	0	0	0	0	0
genomad_k141_3436033	0	0	0	0	0	0	0	0	0	0	0	0	0	0	0	0	0	0	0	0	0	0	0	0	0	0	0	0	0	0	0	0	27.657581	21.605953	0	0	0	0	0	0	0	0	0	0	0	0	0
genomad_k141_3139855	0	0	0	0	0	0	0	0	0	0	0	0	0	0	0	0	0	0	0	0	0	0	0	0	0	0	0	0	0	0	17.811317	19.51334	0	6.1386986	0	0	0	0	0	0	0	0	0	0	0	0	0
genomad_k141_1118790	0	0	0	0	0	0	0	0	0	0	0	0	0	0	0	0	0	0	0	0	0	0	0	0	0	0	0	0	0	0	0	0	0	11.468455	0	0	0	0	0	0	0	0	0	0	0	0	0
genomad_k141_940798	0	0	0	0	0	0	0	0	0	0	0	0	0	0	0	0	0	0	0	0	0	0	0	0	0	0	0	0	0	0	0	0	31.31201	25.001846	0	0	0	0	0	0	0	0	0	0	0	0	0
genomad_k141_1950456	0	0	0	0	0	0	0	0	0	0	0	0	0	0	0	0	0	0	0	0	0	0	0	0	0	0	0	0	0	0	40.317215	146.76797	0	43.87708	0	0	0	0	0	0	0	0	0	0	0	0	0
genomad_k141_47661	0	0	0	0	0	0	0	0	0	0	0	0	0	0	0	0	0	0	0	0	0	0	0	0	0	0	0	0	0	0	0	0	17.79244	0	0	0	0	0	0	0	0	0	0	0	0	0	0
genomad_k141_2307221	0	0	0	0	0	0	0	0	0	0	0	0	30.747108	0	0	0	0	0	0	0	0	0	0	0	0	0	0	0	0	0	0	0	0	0	0	0	0	0	0	0	0	0	0	0	0	0	0
genomad_k141_643622	0	0	0	0	0	0	0	0	0	0	0	0	0	0	0	0	0	0	0	0	0	0	0	0	0	0	0	0	0	0	0	0	34.28972	48.000313	0	0	0	0	0	0	0	0	0	0	0	0	0
genomad_k141_2545562	0	0	0	0	0	0	0	0	0	0	0	0	0	0	0	0	0	0	0	0	0	0	0	0	0	0	0	0	0	0	0	0	49.24945	0	0	0	0	0	0	0	0	0	0	0	0	0	0
genomad_k141_999734	0	0	0	0	0	0	0	0	0	0	0	0	0	0	0	0	0	0	0	0	0	0	0	0	0	0	0	0	0	0	0	0	0	35.121227	0	0	0	0	0	0	0	0	0	0	0	0	0
genomad_k141_819609	0	0	0	0	0	0	0	0	0	0	0	0	0	0	0	0	0	0	0	0	0	1766.5535	0	0	0	0	0	0	0	0	0	0	0	0	0	0	0	0	0	0	0	0	0	0	0	0	0
genomad_k141_2426182	0	0	0	0	0	0	0	0	0	0	0	0	0	0	0	0	0	0	0	0	0	0	0	0	0	0	0	0	0	0	0	0	13.10325	4.4127374	0	0	0	0	0	0	0	0	0	0	0	0	0
genomad_k141_2605321	0	0	0	0	0	0	0	0	0	0	0	0	0	0	0	0	0	0	0	0	0	0	0	0	0	0	0	0	0	0	0	0	31.7087	15.755105	0	0	0	0	0	0	0	0	0	0	0	0	0
genomad_k141_1118982	2656.0225	2582.2344	0	0	0	0	0	0	0	0	0	0	0	0	0	0	2370.8335	2389.1196	0	0	0	0	0	0	0	0	0	0	0	0	0	0	0	0	0	0	0	0	0	0	0	0	0	0	0	0	0
genomad_k141_999843	0	0	0	0	0	0	0	0	0	0	0	0	0	0	0	0	0	0	0	0	0	0	0	0	0	0	0	0	0	0	0	0	0	14.355676	0	0	0	0	0	0	0	0	0	0	0	0	0
genomad_k141_3675322	0	0	0	0	0	0	0	0	0	0	0	0	0	0	0	0	0	0	0	0	0	0	0	0	0	0	0	0	0	0	0	0	0	15.684665	0	0	0	0	0	0	0	0	0	0	0	0	0
genomad_k141_525160	0	0	0	0	0	0	0	0	0	0	0	0	0	0	0	0	0	0	0	0	0	0	0	0	0	0	0	0	0	0	74.4159	20.971233	0	0	0	0	0	0	0	0	0	0	0	0	0	0	0
genomad_k141_3258945	0	0	0	0	0	0	0	0	0	0	0	0	0	0	0	0	0	0	0	0	0	0	0	0	0	0	0	0	0	0	114.80717	40.437145	0	0	0	0	0	0	0	0	0	0	0	0	0	0	0
genomad_k141_3675340	0	0	0	0	0	0	0	0	0	0	0	0	0	0	0	0	0	0	0	0	0	0	0	0	0	0	0	0	0	0	0	49.729206	0	0	0	0	0	0	0	0	0	0	0	0	0	0	0
genomad_k141_3080243	0	0	0	0	0	0	0	0	0	0	0	0	0	0	0	0	0	0	0	0	0	0	0	0	0	0	0	0	230.9447	677.1257	0	0	0	0	0	0	0	0	0	0	0	0	0	0	0	0	0
genomad_k141_1357317	0	0	0	0	0	0	0	0	0	0	0	0	0	0	0	0	0	0	0	0	0	0	0	0	0	0	0	0	0	0	0	0	59.70607	52.420788	0	0	0	0	0	0	0	0	0	0	0	0	0
genomad_k141_3793981	0	0	0	0	0	0	0	0	0	0	0	0	0	0	0	0	0	0	0	0	0	0	0	0	0	0	0	0	0	0	0	18.180853	0	11.114637	0	0	0	0	0	0	0	0	0	0	0	0	0
genomad_k141_1890642	0	0	0	0	0	0	0	0	0	0	0	0	0	0	0	0	0	0	0	0	0	0	0	0	0	0	0	0	0	0	0	0	53.50395	20.593645	0	0	0	0	0	0	0	0	0	0	0	0	0
genomad_k141_1119188	0	0	0	0	0	0	0	0	0	0	0	0	0	0	0	0	0	0	0	0	0	0	0	0	0	0	0	0	0	0	0	0	44.850513	38.62415	0	0	0	0	0	0	0	0	0	0	0	0	0
genomad_k141_3735136	0	0	0	0	0	0	0	0	0	0	0	0	23.365767	0	0	0	0	0	0	0	0	0	0	0	0	0	0	0	0	0	0	0	0	0	0	0	0	0	0	0	0	0	0	0	0	0	0
genomad_k141_48046	0	0	0	0	0	0	0	0	0	0	0	0	0	0	0	0	0	0	0	0	0	0	0	0	0	0	0	0	0	0	0	0	113.107635	0	0	0	0	0	0	0	0	0	0	0	0	0	0
genomad_k141_1594633	0	0	0	0	0	0	0	198.88925	0	0	0	0	0	0	0	0	0	0	0	0	0	0	0	0	0	0	0	0	0	0	28.872168	100.07094	0	0	0	0	0	0	0	0	0	0	0	0	0	0	0
genomad_k141_3616166	0	0	0	0	0	0	0	0	0	0	0	0	0	0	0	0	0	0	0	0	0	0	0	0	0	0	0	0	0	0	0	0	56.527466	270.06653	0	0	0	0	0	0	0	0	0	0	0	0	0
genomad_k141_2069971	0	0	0	0	0	0	0	0	0	0	0	0	0	0	0	0	0	0	0	0	0	0	0	0	0	0	0	0	0	0	0	0	0	109.157936	0	0	0	0	0	0	0	0	0	0	0	0	0
genomad_k141_2485630	0	0	0	0	0	0	0	0	0	0	0	0	0	0	0	0	0	0	0	0	0	0	0	0	0	0	0	0	0	0	0	0	0	12.459763	0	0	0	0	0	0	0	0	0	0	0	0	0
genomad_k141_1594747	0	0	0	0	0	0	0	0	0	0	0	0	0	0	0	0	0	0	0	0	0	0	0	0	0	0	0	0	72.225	0	0	0	0	0	0	0	0	0	0	0	0	0	0	0	0	0	0
genomad_k141_48212	0	0	0	0	0	0	0	0	0	0	0	0	0	0	0	0	0	0	0	0	0	0	0	0	0	0	0	0	0	0	0	0	135.13013	9.822591	0	0	0	0	0	0	0	0	0	0	0	0	0
genomad_k141_1712274	0	0	0	0	0	0	0	0	0	0	0	0	0	0	0	0	0	0	0	0	0	0	0	0	0	0	0	0	0	0	0	0	39.87843	4.239871	0	0	0	0	0	0	0	0	0	0	0	0	0
genomad_k141_1832244	0	0	0	0	0	0	0	0	0	0	0	0	50.7264	0	0	0	0	0	0	0	0	0	0	0	0	0	0	0	0	0	0	0	0	0	0	0	0	0	0	0	0	0	0	0	0	0	0
genomad_k141_2248660	0	0	0	0	0	0	0	0	0	0	0	0	0	0	0	0	0	0	0	0	0	0	0	0	0	0	0	0	0	0	0	0	0	11.294069	0	0	0	0	0	0	0	0	0	0	0	0	0
genomad_k141_3318491	0	0	0	0	0	0	0	0	0	0	0	0	0	0	0	0	0	0	0	0	0	0	0	0	0	0	0	0	0	0	0	0	0	52.907654	0	0	0	0	0	0	0	0	0	0	0	0	0
genomad_k141_3496980	0	0	0	0	0	0	0	0	0	0	0	0	0	0	0	0	0	0	0	0	0	0	0	0	0	0	0	0	0	0	0	0	0	18.738325	0	0	0	0	0	0	0	0	0	0	0	0	0
genomad_k141_582841	0	0	0	0	0	0	0	0	0	0	0	0	0	0	0	0	0	0	0	0	0	0	0	0	0	0	0	0	0	0	0	0	53.57958	0	0	0	0	0	0	0	0	0	0	0	0	0	0
genomad_k141_2962267	0	0	233.51237	222.21747	0	0	0	0	0	0	0	0	0	0	0	0	0	0	0	0	0	0	0	0	0	0	0	0	0	0	0	0	0	0	0	0	0	0	0	0	0	0	0	0	0	0	0
genomad_k141_763617	0	0	0	0	0	0	0	0	0	0	0	0	0	0	0	0	0	0	0	0	0	0	0	0	0	0	0	0	0	0	0	0	0	32.17407	0	0	0	0	0	0	0	0	0	0	0	0	0
genomad_k141_1832372	0	0	0	0	0	0	0	0	0	0	0	0	29.61919	0	0	0	0	0	0	0	0	0	0	0	0	0	0	0	0	0	0	0	0	0	0	0	0	0	0	0	0	0	0	0	0	0	0
genomad_k141_109926	0	0	0	0	0	0	0	0	0	0	0	0	0	0	0	0	0	0	0	0	0	0	0	0	0	0	0	0	0	0	0	0	40.023853	51.57656	0	0	0	0	0	0	0	0	0	0	0	0	0
genomad_k141_882334	0	0	0	0	0	0	0	0	0	0	0	0	30.118216	0	0	0	0	0	0	0	0	0	0	0	0	0	0	0	0	0	0	0	0	0	0	0	0	0	0	0	0	0	0	0	0	0	0
genomad_k141_1890995	0	0	0	0	0	0	0	0	0	0	0	0	0	0	0	0	0	0	0	0	0	0	0	0	0	0	0	0	0	0	0	0	14.22863	4.864011	0	0	0	0	0	0	0	0	0	0	0	0	0
genomad_k141_2307933	0	0	0	0	0	0	0	0	0	0	0	0	0	0	0	0	0	0	0	0	0	0	0	0	0	0	0	0	0	0	0	0	41.847878	4.3338814	0	0	0	0	0	0	0	0	0	0	0	0	0
genomad_k141_2962460	0	0	0	0	0	0	0	0	0	0	0	0	0	0	0	0	0	0	0	0	0	0	0	0	0	0	0	0	0	0	0	37.914757	0	0	0	0	0	0	0	0	0	0	0	0	0	0	0
genomad_k141_48397	0	0	0	0	0	0	0	0	0	0	0	0	0	0	0	0	0	0	0	0	0	0	0	0	0	0	0	0	0	0	0	0	0	7.0330796	0	0	0	0	0	0	0	0	0	0	0	0	0
genomad_k141_467952	0	0	0	0	0	0	0	0	0	0	0	0	0	0	0	0	0	0	0	0	0	0	0	0	0	0	0	0	0	0	0	0	16.853636	7.680301	0	0	0	0	0	0	0	0	0	0	0	0	0
genomad_k141_3140709	0	0	0	0	0	0	0	0	0	0	0	0	0	0	0	0	0	0	0	0	0	0	0	0	0	0	0	0	0	0	0	0	0	0	0	100.08056	0	0	0	0	0	0	0	0	0	0	0
genomad_k141_2841649	0	0	0	0	0	0	0	0	0	0	0	0	0	0	0	0	0	0	0	0	0	0	0	0	0	0	0	0	0	0	0	0	0	11.157873	0	0	0	0	0	0	0	0	0	0	0	0	0
genomad_k141_110077	0	0	0	0	0	0	0	0	0	0	0	0	0	0	0	0	0	0	0	0	0	0	0	0	0	0	0	0	0	0	34.12675	18.18473	0	2.655083	0	0	0	0	0	0	0	0	0	0	0	0	0
genomad_k141_3497255	0	0	0	0	0	0	0	0	0	0	0	0	0	0	0	0	0	0	0	0	0	0	0	0	0	0	0	0	0	0	0	0	23.446575	7.645638	0	0	0	0	0	0	0	0	0	0	0	0	0
genomad_k141_2426995	0	0	0	0	0	0	0	0	0	0	0	0	0	0	0	0	0	0	0	0	0	0	0	0	0	0	0	0	0	0	0	0	0	10.467278	0	0	0	0	0	0	0	0	0	0	0	0	0
genomad_k141_3199459	0	0	0	0	0	0	0	0	0	0	0	0	0	0	0	0	0	0	0	0	0	0	0	0	0	0	0	0	0	0	0	0	24.1571	101.3061	0	45.49329	0	0	0	0	0	0	0	0	0	0	0
genomad_k141_2901454	0	0	0	0	0	0	0	0	0	0	0	0	0	0	0	0	0	0	0	0	0	0	0	0	0	0	0	0	0	0	0	0	30.755003	6.394813	0	0	0	0	0	0	0	0	0	0	0	0	0
genomad_k141_1060291	0	0	0	0	0	0	0	0	0	0	0	0	0	0	0	0	0	0	0	0	0	0	0	0	0	0	0	0	0	0	0	0	0	41.37549	0	0	0	0	0	0	0	0	0	0	0	0	0
genomad_k141_3259655	0	0	0	0	0	0	0	0	0	0	0	0	0	0	0	0	0	0	0	0	0	0	0	0	0	0	0	0	0	0	0	0	0	5.4252424	0	0	0	0	0	0	0	0	0	0	0	0	0
genomad_k141_2486076	0	0	0	0	0	0	0	0	0	0	0	0	0	0	0	0	0	0	0	0	0	0	0	0	0	0	0	0	0	0	0	32.972733	0	0	0	0	0	0	0	0	0	0	0	0	0	0	0
genomad_k141_2723395	0	0	0	0	0	0	0	0	0	0	0	0	0	0	0	0	0	0	0	0	0	0	0	0	0	0	0	0	0	0	43.427006	21.805302	0	0	0	0	0	0	0	0	0	0	0	0	0	0	0
genomad_k141_2962676	0	0	0	0	0	0	0	0	0	0	0	0	0	0	0	0	0	0	0	0	0	0	0	0	0	0	0	0	0	0	0	0	98.99289	546.3901	0	207.78894	0	0	0	0	0	0	0	0	0	0	0
genomad_k141_347045	0	0	0	0	0	0	0	0	0	0	0	0	0	0	0	0	0	0	0	0	0	0	0	0	0	0	0	0	0	0	37.665466	38.067932	0	0	0	0	0	0	0	0	0	0	0	0	0	0	0
genomad_k141_1832674	0	0	0	0	0	0	0	0	0	0	0	0	0	0	0	0	0	0	0	0	0	0	0	0	0	0	0	0	0	0	0	25.41639	0	0	0	0	0	0	0	0	0	0	0	0	0	0	0
genomad_k141_48648	0	0	0	0	0	0	0	0	0	0	0	0	0	0	0	0	0	0	0	0	0	0	0	0	0	0	0	0	39.01316	0	0	0	0	0	0	0	0	0	0	0	0	0	0	0	0	0	0
genomad_k141_3794568	0	0	0	0	0	0	0	0	0	0	0	0	0	0	0	0	0	0	0	0	0	0	0	0	0	0	0	0	0	0	0	0	0	0	0	276.80576	0	0	0	0	0	0	0	0	0	0	0
genomad_k141_1060460	0	0	0	0	0	0	0	0	0	0	0	0	0	0	0	0	0	0	0	0	0	0	0	0	0	0	0	0	0	0	0	0	0	7.0689664	0	0	0	0	0	0	0	0	0	0	0	0	0
genomad_k141_1654918	0	0	0	0	0	0	0	0	0	0	0	0	0	0	0	0	0	0	0	0	0	0	0	0	0	0	0	0	43.254704	0	0	0	0	0	0	0	0	0	0	0	0	0	0	0	0	0	0
genomad_k141_1119960	0	0	0	0	0	0	0	204.61855	0	0	0	0	0	0	0	0	0	0	0	0	0	0	0	0	0	0	0	0	0	0	34.78117	216.63313	0	0	0	0	0	0	0	0	0	0	0	0	0	0	0
genomad_k141_1891367	0	0	0	0	0	0	0	0	0	0	0	0	0	0	0	0	0	0	0	0	0	0	0	0	0	0	0	0	0	0	17.97895	36.3746	0	0	0	0	0	0	0	0	0	0	0	0	0	0	0
genomad_k141_703506	0	0	0	0	0	0	0	0	0	0	0	0	0	0	0	0	0	0	0	63285.83	63648.203	0	0	0	0	0	0	0	0	0	0	0	0	0	0	0	0	0	0	0	0	0	0	0	0	0	0
genomad_k141_525984	0	0	0	0	0	0	0	0	0	0	0	0	0	0	0	0	0	0	0	0	0	0	0	0	0	0	0	0	0	0	0	0	0	13.113258	0	0	0	0	0	0	0	0	0	0	0	0	0
genomad_k141_2665605	0	0	0	0	0	0	0	0	0	0	0	0	0	0	0	0	0	0	0	0	0	0	0	0	0	0	0	0	95.88867	0	0	0	0	0	0	0	0	0	0	0	0	0	0	0	0	0	0
genomad_k141_1773584	0	0	0	0	0	0	0	0	0	0	0	0	76.38053	0	0	0	0	0	0	0	0	0	0	0	0	0	0	0	0	0	0	0	0	0	0	0	0	0	0	0	0	0	0	0	0	0	0
genomad_k141_226866	0	0	0	0	0	0	0	0	0	0	0	0	30.75099	0	0	0	0	0	0	0	0	0	0	0	0	0	0	0	0	0	0	0	0	0	0	0	0	0	0	0	0	0	0	0	0	0	0
genomad_k141_347249	0	0	0	0	0	0	0	0	0	0	0	0	0	0	0	0	0	0	0	0	0	0	0	0	0	0	0	0	0	0	0	0	0	6.157328	0	0	0	0	0	0	0	0	0	0	0	0	0
genomad_k141_1179752	0	0	0	0	0	0	0	0	0	0	0	0	0	0	0	0	0	0	0	0	0	0	0	0	0	0	0	0	0	0	0	0	0	34.016735	0	0	0	0	0	0	0	0	0	0	0	0	0
genomad_k141_583534	0	0	0	0	0	0	0	0	0	0	0	0	0	0	0	0	0	0	0	0	0	0	0	0	0	0	0	0	0	0	0	17.052727	0	5.0877557	0	0	0	0	0	0	0	0	0	0	0	0	0
genomad_k141_3794723	0	0	0	0	0	0	0	0	0	0	0	0	83.54468	0	0	0	0	0	0	0	0	0	0	0	0	0	0	0	0	0	0	0	0	0	0	0	0	0	0	0	0	0	0	0	0	0	0
genomad_k141_2129399	0	0	0	0	0	0	0	0	0	0	0	0	899.65295	0	0	0	0	0	0	0	0	0	0	0	0	0	0	0	0	0	0	0	0	0	0	0	0	0	0	0	0	0	0	0	0	0	0
genomad_k141_3141193	0	0	0	0	0	0	0	0	0	0	0	0	0	0	0	0	0	0	0	0	0	0	0	0	0	0	0	0	0	0	0	0	0	7.9548497	0	0	0	0	0	0	0	0	0	0	0	0	0
genomad_k141_882949	0	0	0	0	0	0	0	0	0	0	0	0	0	0	0	0	0	0	0	0	0	0	0	0	0	0	0	0	0	0	0	0	0	10.625811	0	0	0	0	0	0	0	0	0	0	0	0	0
genomad_k141_3141213	0	0	0	0	0	0	0	0	0	0	0	0	38.915577	0	0	0	0	0	0	0	0	0	0	0	0	0	0	0	0	0	0	0	0	0	0	0	0	0	0	0	0	0	0	0	0	0	0
genomad_k141_2783397	0	0	0	0	2696.1545	2724.5137	0	0	0	0	0	0	0	0	0	0	0	0	0	0	0	0	0	0	0	0	0	0	0	0	0	0	0	0	0	0	0	0	0	0	0	0	0	0	0	0	0
genomad_k141_1179922	0	0	0	0	0	0	0	0	0	0	0	0	0	0	0	0	0	0	0	0	0	0	0	0	0	0	0	0	0	0	0	0	0	13.4487095	0	0	0	0	0	0	0	0	0	0	0	0	0
genomad_k141_2308578	0	0	0	0	0	0	0	0	0	0	0	0	0	0	0	0	2193.454	2005.3959	0	0	0	0	0	0	0	0	0	0	0	0	0	0	0	0	0	0	0	0	0	0	0	0	0	0	0	0	0
genomad_k141_644859	0	0	0	0	0	0	0	0	0	0	0	0	0	0	0	0	0	0	0	0	0	0	0	0	0	0	0	0	0	0	0	0	0	5.5073566	0	0	0	0	0	0	0	0	0	0	0	0	0
genomad_k141_1296643	0	0	0	0	0	0	0	0	0	0	0	0	0	0	0	0	0	0	0	0	0	0	0	0	0	0	0	0	0	0	0	0	17.927979	7.7960052	0	0	0	0	0	0	0	0	0	0	0	0	0
genomad_k141_3199960	0	0	0	0	0	0	0	0	0	0	0	0	0	0	0	0	0	0	0	0	0	0	0	0	0	0	0	0	0	0	0	0	0	46.648346	0	0	0	0	0	0	0	0	0	0	0	0	0
genomad_k141_1060805	0	0	0	0	0	0	0	0	960.2664	817.53375	0	0	0	0	0	0	0	0	0	0	0	0	0	0	0	1090.7605	0	0	0	0	0	0	0	0	0	0	0	0	0	0	0	0	0	0	0	0	0
genomad_k141_288484	0	0	0	0	0	0	0	0	0	0	0	0	0	0	0	0	0	0	0	0	0	0	0	0	0	0	0	0	0	0	0	0	0	10.0555105	0	0	0	0	0	0	0	0	0	0	0	0	0
genomad_k141_821079	0	0	0	0	0	0	0	0	0	0	0	0	0	0	0	0	0	0	0	0	0	0	0	0	0	0	0	0	0	0	0	0	51.88443	0	0	0	0	0	0	0	0	0	0	0	0	0	0
genomad_k141_821100	0	0	0	0	0	0	0	0	0	0	0	0	0	0	0	0	772.8137	864.628	0	0	0	0	0	0	0	0	0	0	0	0	0	0	0	0	0	0	0	0	0	0	0	0	0	0	0	0	0
genomad_k141_3319273	0	0	0	0	0	0	0	0	0	0	0	0	0	0	0	0	0	0	0	0	0	0	0	0	0	0	0	0	0	0	0	0	49.2033	26.27643	0	0	0	0	0	0	0	0	0	0	0	0	0
genomad_k141_1475755	0	0	0	0	0	0	0	0	0	0	0	0	0	0	0	0	0	0	0	0	0	0	0	0	0	0	0	0	0	0	0	0	0	8.093407	0	0	0	0	0	0	0	0	0	0	0	0	0
genomad_k141_1774018	0	0	0	0	0	0	0	0	0	0	0	0	0	0	0	0	0	0	0	0	0	0	0	0	0	0	0	0	0	0	0	0	110.45761	121.36701	0	42.61226	0	0	0	0	0	0	0	0	0	0	0
genomad_k141_2189046	0	0	0	0	0	0	0	0	0	0	0	0	0	0	0	0	0	0	0	0	0	0	0	0	0	0	0	0	0	0	0	0	0	9.157349	0	0	0	0	0	0	0	0	0	0	0	0	0
genomad_k141_645055	0	0	0	0	0	0	0	0	0	0	0	0	0	0	0	0	0	0	0	0	0	0	0	0	0	0	0	0	0	0	0	0	0	8.085996	0	0	0	0	0	0	0	0	0	0	0	0	0
genomad_k141_1535867	0	0	0	0	0	0	0	0	0	0	0	0	0	0	0	0	0	0	0	0	0	0	0	0	0	0	0	0	0	0	0	0	0	12.16648	0	0	0	0	0	0	0	0	0	0	0	0	0
genomad_k141_3022977	0	0	0	0	0	0	0	0	0	0	0	0	0	0	0	0	0	0	0	0	0	0	0	0	0	0	0	0	36.478527	0	0	0	0	0	0	0	0	0	0	0	0	0	0	0	0	0	0
genomad_k141_1774153	0	0	0	0	2279.3591	2233.4067	0	0	0	0	0	0	0	0	0	0	0	0	0	0	0	0	0	0	0	0	0	0	0	0	0	0	0	0	0	0	0	0	0	0	0	0	0	0	0	0	0
genomad_k141_2666118	0	0	0	0	0	0	0	0	0	0	0	0	54.41513	0	0	0	0	0	0	0	0	0	0	0	0	0	0	0	0	0	0	0	0	0	0	0	0	0	0	0	0	0	0	0	0	0	0
genomad_k141_1418858	0	0	0	0	0	0	0	0	0	0	0	0	0	0	0	0	0	0	0	0	0	0	0	0	0	0	0	0	0	0	0	0	0	16.439796	0	0	0	0	0	0	0	0	0	0	0	0	0
genomad_k141_468963	0	0	0	0	0	0	0	0	0	0	0	0	0	0	0	0	0	0	0	0	0	0	0	0	0	0	0	0	0	0	28.705359	12.686681	0	2.498233	0	0	0	0	0	0	0	0	0	0	0	0	0
genomad_k141_645187	0	0	0	0	0	0	0	0	0	0	0	0	0	0	0	0	0	0	0	0	0	0	0	0	0	0	0	0	0	0	0	0	0	8.328406	0	0	0	0	0	0	0	0	0	0	0	0	0
genomad_k141_1475992	0	0	0	0	0	0	0	0	0	0	0	0	0	0	0	0	0	0	0	0	0	0	0	0	0	0	0	0	0	0	0	0	0	12.384085	0	0	0	0	0	0	0	0	0	0	0	0	0
genomad_k141_3617730	0	0	0	0	0	0	0	0	0	0	0	0	0	0	0	0	0	0	0	0	0	0	0	0	0	0	0	0	0	0	0	0	0	9.3866415	0	0	0	0	0	0	0	0	0	0	0	0	0
genomad_k141_3795388	0	0	0	0	0	0	0	0	0	0	0	0	0	0	0	0	0	0	0	0	0	0	0	0	0	0	0	0	0	0	0	0	19.327662	54.43375	0	0	0	0	0	0	0	0	0	0	0	0	0
genomad_k141_1358849	0	0	0	0	0	0	0	0	0	0	0	0	0	0	0	0	0	0	0	0	0	0	0	0	0	0	0	0	0	0	0	22.397242	0	4.7591543	0	0	0	0	0	0	0	0	0	0	0	0	0
genomad_k141_3200447	0	0	0	0	0	0	0	0	0	0	0	0	0	0	0	0	0	0	0	0	0	0	0	0	0	0	0	0	0	0	0	0	0	16.92677	0	0	0	0	0	0	0	0	0	0	0	0	0
genomad_k141_2607356	0	0	0	0	0	0	0	0	0	0	0	0	0	0	0	0	0	0	0	0	0	0	0	0	0	0	0	0	0	0	39.617947	17.442688	0	0	0	0	0	0	0	0	0	0	0	0	0	0	0
genomad_k141_3379142	0	0	0	0	0	0	0	0	0	0	0	0	0	0	0	0	0	0	0	0	0	0	0	0	0	0	0	0	0	0	0	0	24.432444	120.067856	0	35.04739	0	0	0	0	0	0	0	0	0	0	0
genomad_k141_3556216	0	0	766.3214	801.55566	0	0	0	290.57846	0	0	0	2230.0828	0	0	0	0	0	0	0	0	0	0	0	0	0	769.2413	0	0	0	0	0	0	0	0	0	0	0	0	0	0	0	1833.0012	1853.7175	0	0	0	0
genomad_k141_2547685	0	0	0	0	0	0	0	0	0	0	0	0	0	0	0	0	0	0	0	0	0	0	0	0	0	0	0	0	0	0	0	0	49.425053	0	0	0	0	0	0	0	0	0	0	0	0	0	0
genomad_k141_2428085	0	0	0	0	0	0	0	0	0	0	0	0	0	0	0	0	0	0	0	0	0	0	0	0	0	0	0	0	0	0	0	51.078197	0	0	0	0	0	0	0	0	0	0	0	0	0	0	0
genomad_k141_1713840	0	0	0	0	2381.6475	2360.7075	0	0	0	0	0	0	0	0	0	0	0	0	0	0	0	0	0	0	0	0	0	0	0	0	0	0	0	0	0	0	0	0	0	0	0	0	0	0	0	0	0
genomad_k141_289167	0	0	0	0	0	0	0	0	0	0	0	0	0	0	0	0	0	0	0	0	0	0	0	0	0	0	0	0	0	0	21.601576	28.795166	0	9.843129	0	0	0	0	0	0	0	0	0	0	0	0	0
genomad_k141_3141963	0	0	0	0	0	0	0	0	0	0	0	0	0	0	0	0	0	0	0	0	0	0	0	0	0	0	0	0	0	0	0	0	0	16.126904	0	0	0	0	0	0	0	0	0	0	0	0	0
genomad_k141_2250161	0	0	0	0	0	0	0	0	0	0	0	0	0	0	0	0	0	0	0	0	0	0	0	0	0	0	0	0	0	0	0	0	0	14.722015	0	0	0	0	0	0	0	0	0	0	0	0	0
genomad_k141_821877	0	0	0	0	0	0	0	0	0	0	0	0	0	0	0	0	0	0	0	0	0	0	0	0	0	0	0	0	0	0	31.705242	50.421555	0	0	0	0	0	0	0	0	0	0	0	0	0	0	0
genomad_k141_2428299	0	0	0	0	0	0	0	287.51956	0	0	0	0	0	0	0	0	0	0	0	0	0	0	0	0	0	0	0	0	0	0	24.778433	121.070526	0	0	0	0	0	0	0	0	0	0	0	0	0	0	0
genomad_k141_1892578	0	0	0	0	0	0	0	0	0	0	0	0	0	0	0	0	0	0	0	0	0	0	0	0	0	0	0	0	0	0	0	0	15.860393	8.417599	0	0	0	0	0	0	0	0	0	0	0	0	0
genomad_k141_1121154	0	0	0	0	0	0	0	0	0	0	0	0	0	0	0	0	0	0	0	0	0	0	0	0	0	0	0	0	0	0	0	0	109.89877	224.54047	0	0	0	0	0	0	0	0	0	0	0	0	0
genomad_k141_3200844	0	0	0	0	0	0	0	0	0	0	0	0	0	0	0	0	0	0	0	0	0	0	0	0	0	0	0	0	0	0	0	43.301888	0	0	0	0	0	0	0	0	0	0	0	0	0	0	0
genomad_k141_2011897	0	0	0	0	0	0	0	0	0	0	0	0	0	0	0	0	0	0	0	0	0	0	0	0	0	0	0	0	0	0	0	40.72542	0	0	0	0	0	0	0	0	0	0	0	0	0	0	0
genomad_k141_169984	0	0	0	0	0	0	0	0	0	0	0	0	0	0	0	0	0	0	0	0	0	0	0	0	0	0	0	0	0	0	22.025967	25.154198	0	0	0	0	0	0	0	0	0	0	0	0	0	0	0
genomad_k141_2607831	0	0	0	0	0	0	0	0	0	0	0	0	0	0	0	0	0	0	0	0	0	0	0	0	0	0	0	0	0	0	0	0	0	0	0	0	0	0	0	0	0	0	0	0	0	0	0
genomad_k141_1536699	0	0	0	0	0	0	0	0	0	0	0	0	0	0	0	0	0	0	0	0	0	0	0	0	0	0	0	0	0	0	85.103165	34.198322	0	0	0	0	0	0	0	0	0	0	0	0	0	0	0
genomad_k141_469726	0	0	0	0	0	0	0	0	0	0	0	0	0	0	0	0	0	0	0	0	0	0	0	0	0	0	0	0	0	0	0	0	0	8.5709915	0	0	0	0	0	0	0	0	0	0	0	0	0
genomad_k141_884131	0	0	0	0	0	0	0	0	0	0	0	0	0	0	0	0	0	0	0	0	0	0	0	0	0	0	0	0	0	0	0	0	0	4.677699	0	0	0	0	0	0	0	0	0	0	0	0	0
genomad_k141_1002195	0	0	0	0	0	0	0	0	0	0	0	0	0	0	0	0	0	0	0	0	0	0	0	0	0	0	0	0	0	0	0	0	0	26.71233	0	0	0	0	0	0	0	0	0	0	0	0	0
genomad_k141_1181197	0	0	0	0	0	0	0	0	0	0	0	0	0	0	0	0	0	0	0	0	0	0	0	0	0	0	0	0	0	0	0	0	68.37979	0	0	0	0	0	0	0	0	0	0	0	0	0	0
genomad_k141_348592	0	0	0	0	0	0	0	0	0	0	0	0	0	0	0	0	0	0	0	0	0	0	0	0	0	0	0	0	0	0	0	0	0	12.932369	0	0	0	0	0	0	0	0	0	0	0	0	0
genomad_k141_2428561	0	0	0	0	0	0	0	0	0	0	0	0	0	0	0	0	0	0	0	0	0	0	0	0	0	0	0	0	0	0	0	54.587902	0	0	0	0	0	0	0	0	0	0	0	0	0	0	0
genomad_k141_1834174	0	0	0	0	0	0	0	0	0	0	0	0	0	0	0	0	0	0	0	0	0	0	0	0	0	0	0	0	0	0	0	24.276768	0	0	0	0	0	0	0	0	0	0	0	0	0	0	0
genomad_k141_3023819	0	0	0	0	0	0	0	0	0	0	0	0	0	0	0	0	0	0	0	0	0	0	0	0	0	0	0	0	0	0	0	0	58.954136	0	0	0	0	0	0	0	0	0	0	0	0	0	0
genomad_k141_884223	0	0	0	0	0	0	0	0	0	0	0	0	0	0	0	0	0	0	0	0	0	0	0	0	0	0	0	0	0	0	0	0	24.127306	7.945755	0	0	0	0	0	0	0	0	0	0	0	0	0
genomad_k141_111877	0	0	0	0	0	0	0	0	0	0	0	0	0	0	0	0	0	0	0	0	0	0	0	0	0	0	0	0	923.0868	2792.5227	0	0	0	0	0	0	0	0	0	0	0	0	0	0	0	0	0
genomad_k141_2784615	0	0	0	0	0	0	0	0	0	0	0	0	0	0	0	0	0	0	0	0	0	945.4971	0	0	0	0	0	2975.0303	0	0	0	0	0	0	0	0	0	0	0	0	0	0	0	0	0	0	0
genomad_k141_3438702	0	0	0	0	0	0	0	0	0	0	0	0	0	0	0	0	0	0	0	0	0	0	0	0	0	0	0	0	0	0	0	43.960278	0	0	0	0	0	0	0	0	0	0	0	0	0	0	0
genomad_k141_2666925	0	0	0	0	0	0	0	0	0	0	0	0	0	0	0	0	0	0	0	0	0	0	0	0	0	0	0	5523.501	0	0	0	0	0	0	0	0	0	0	0	0	0	0	0	0	0	0	0
genomad_k141_3677717	0	0	0	0	0	0	0	0	0	0	0	0	0	0	0	0	0	0	0	0	0	0	0	0	0	0	0	0	207.66843	0	0	0	0	0	0	0	0	0	0	0	0	0	0	0	0	0	0
genomad_k141_3261476	0	0	0	0	0	0	0	0	0	0	0	0	0	0	0	0	0	0	0	0	0	0	0	0	0	0	0	0	0	0	86.43005	16.385149	0	0	0	0	0	0	0	0	0	0	0	0	0	0	0
genomad_k141_1359722	0	0	0	0	0	0	0	0	0	0	0	0	0	0	0	0	0	0	0	0	0	0	0	0	0	0	0	0	0	0	43.616737	18.22124	0	0	0	0	0	0	0	0	0	0	0	0	0	0	0
genomad_k141_2725026	0	0	0	0	0	0	0	0	0	0	0	0	0	0	0	0	0	0	0	0	0	0	0	0	0	0	0	0	0	0	0	0	0	6.230448	0	0	0	0	0	0	0	0	0	0	0	0	0
genomad_k141_1953349	0	0	0	0	0	0	0	0	0	0	0	0	0	0	0	0	0	0	0	0	0	0	0	0	0	0	0	0	0	0	0	0	0	0	0	152.15944	0	0	0	0	0	0	0	0	0	0	0
genomad_k141_884369	0	0	0	0	0	0	0	0	0	0	0	0	0	0	0	0	0	0	0	0	0	0	0	0	0	0	0	0	0	0	0	0	0	6.8656917	0	0	0	0	0	0	0	0	0	0	0	0	0
genomad_k141_1181555	0	0	0	0	0	0	0	0	0	0	0	0	0	0	0	0	0	0	0	0	0	0	0	0	0	0	0	0	0	0	0	0	25.546942	4.1180053	0	0	0	0	0	0	0	0	0	0	0	0	0
genomad_k141_3439019	0	0	0	0	0	0	0	0	0	0	0	0	0	0	0	0	0	0	0	0	0	0	0	0	0	0	0	0	0	0	0	26.262697	0	327.63452	0	0	0	0	0	0	0	0	0	0	0	0	0
genomad_k141_2548427	0	0	188.89241	207.66222	0	0	0	0	0	0	0	292.04074	0	0	0	0	0	0	0	0	0	0	0	0	0	0	0	0	0	0	0	0	0	0	0	0	0	0	0	0	0	220.08263	227.13748	0	0	0	0
genomad_k141_1062310	0	0	0	0	0	0	0	0	0	0	0	0	0	0	0	0	0	0	0	0	0	0	0	0	0	0	0	0	163.24309	100.28994	0	0	0	0	0	0	0	0	0	0	0	0	0	0	0	0	0
genomad_k141_585292	0	0	0	0	0	0	0	0	0	0	0	0	0	0	0	0	0	0	0	0	0	0	0	0	0	0	0	0	0	0	0	0	0	0	0	153.11876	0	0	0	0	0	0	0	0	0	0	0
genomad_k141_3439100	4506.9	4522.0044	0	0	0	0	0	0	0	0	0	0	0	0	0	0	0	0	0	0	0	0	0	0	0	0	0	0	0	0	0	0	0	0	0	0	0	0	0	0	0	0	0	0	0	0	0
genomad_k141_470293	0	0	0	0	0	0	0	0	0	0	0	0	0	0	0	0	0	0	0	0	0	0	0	0	0	0	0	0	0	0	0	0	0	6.572994	0	0	0	0	0	0	0	0	0	0	0	0	0
genomad_k141_2488050	0	0	0	0	0	0	0	0	0	0	0	0	0	0	0	0	0	0	0	0	0	0	0	0	0	0	0	0	0	0	0	0	0	28.442623	0	0	0	0	0	0	0	0	0	0	0	0	0
genomad_k141_705479	0	0	0	0	0	0	0	0	0	0	0	0	0	0	0	0	0	0	0	0	0	0	0	0	0	0	0	0	0	0	0	86.02145	0	0	0	0	0	0	0	0	0	0	0	0	0	0	0
genomad_k141_585379	0	0	0	0	0	0	0	0	0	0	0	0	0	0	0	0	0	0	0	0	0	0	0	0	0	0	0	0	0	0	0	0	90.45658	47.678722	0	27.51605	0	0	0	0	0	0	0	0	0	0	0
genomad_k141_2548554	0	0	0	0	0	0	0	0	0	0	0	0	0	0	0	0	0	0	0	0	0	0	0	0	0	0	0	0	0	0	0	30.409472	0	7.3637633	0	0	0	0	0	0	0	0	0	0	0	0	0
genomad_k141_349144	0	0	0	0	0	0	0	0	0	0	0	0	0	0	0	0	0	0	0	0	0	0	0	0	0	0	0	0	0	0	0	0	26.855633	8.198592	0	0	0	0	0	0	0	0	0	0	0	0	0
genomad_k141_3737865	0	0	0	0	0	0	0	0	0	0	0	0	0	0	0	0	0	0	0	0	0	0	0	0	0	0	0	0	0	0	0	0	138.79265	63.487686	0	72.35465	0	0	0	0	0	0	0	0	0	0	0
genomad_k141_1420307	0	0	0	0	0	0	0	0	0	0	0	0	0	0	0	0	0	0	0	0	0	0	0	0	0	0	0	0	0	0	0	0	0	13.206624	0	0	0	0	0	0	0	0	0	0	0	0	0
genomad_k141_3439267	0	0	0	0	0	0	0	0	0	0	0	0	0	0	0	0	0	0	0	0	0	0	0	0	0	0	0	0	0	0	0	0	0	0	0	0	17002.268	17469.377	0	0	0	0	0	0	0	0	0
genomad_k141_3024412	0	0	0	0	0	0	0	0	0	0	0	0	0	0	0	0	0	0	0	0	0	0	0	0	0	0	0	0	0	0	0	0	72.466446	36.58168	0	45.774223	0	0	0	0	0	0	0	0	0	0	0
genomad_k141_3439303	0	0	0	0	0	0	0	0	0	0	0	0	0	0	0	0	0	0	0	0	0	0	0	0	0	0	0	0	20.943584	174.75063	0	0	0	0	0	0	0	0	0	0	0	0	0	0	0	0	0
genomad_k141_3082998	0	0	0	0	0	0	0	0	0	0	0	0	0	0	0	0	0	0	0	0	0	0	0	0	0	0	0	0	0	0	0	0	0	22.171408	0	0	0	0	0	0	0	0	0	0	0	0	0
genomad_k141_1122189	0	0	0	0	0	0	0	0	0	0	0	0	0	0	0	0	0	0	0	0	0	0	0	0	0	0	0	0	0	0	0	0	0	8.356732	0	0	0	0	0	0	0	0	0	0	0	0	0
genomad_k141_2429216	0	0	0	0	0	0	0	0	0	0	0	0	0	0	0	0	0	0	0	0	0	0	0	0	0	0	0	0	0	0	0	0	0	8.841253	0	0	0	0	0	0	0	0	0	0	0	0	0
genomad_k141_1714993	0	0	0	0	0	0	0	0	0	0	0	0	0	0	0	0	0	0	0	0	0	0	0	0	0	0	0	0	0	0	0	105.67831	0	0	0	0	0	0	0	0	0	0	0	0	0	0	0
genomad_k141_1360232	0	0	0	0	0	0	0	0	0	0	0	0	0	0	0	0	0	0	0	0	0	0	0	0	0	0	0	0	0	0	32.966854	103.996796	21.609367	35.181126	0	0	0	0	0	0	0	0	0	0	0	0	0
genomad_k141_1360241	0	0	0	0	0	0	0	0	0	0	0	0	0	0	0	0	0	0	0	0	0	0	0	0	0	0	0	0	0	0	0	0	0	9.985874	0	0	0	0	0	0	0	0	0	0	0	0	0
genomad_k141_3678333	0	0	0	0	0	0	0	0	0	0	0	0	0	0	0	0	0	0	0	0	0	0	0	0	0	0	0	0	0	0	0	0	20.86917	4.2496285	0	0	0	0	0	0	0	0	0	0	0	0	0
genomad_k141_1360254	0	0	0	0	2108.642	2041.2012	0	0	0	0	0	0	0	0	0	0	0	0	0	0	0	0	0	0	0	0	0	0	0	0	0	0	0	0	0	0	0	0	0	0	0	0	0	0	0	0	0
genomad_k141_1775758	0	0	0	0	3160.057	3087.503	0	0	0	0	0	0	0	0	0	0	0	0	0	0	0	0	0	0	0	0	0	0	0	0	0	0	0	0	0	0	0	0	0	0	0	0	0	0	0	0	0
genomad_k141_3380548	0	0	0	0	0	0	0	0	0	0	0	0	0	0	0	0	0	0	0	0	0	0	0	0	0	0	0	0	0	0	0	0	0	10.478073	0	0	0	0	0	0	0	0	0	0	0	0	0
genomad_k141_2844390	0	0	0	0	0	0	0	0	0	0	0	0	0	0	0	0	0	0	0	0	0	1840.6373	0	0	0	0	0	0	0	0	0	0	0	0	0	0	0	0	0	0	0	0	0	0	0	0	0
genomad_k141_3678447	0	0	0	0	0	0	0	0	0	0	0	0	0	0	0	0	0	0	0	0	0	0	0	0	0	0	0	0	603.92303	121.88039	0	0	0	0	0	0	0	0	0	0	0	0	0	0	0	0	0
genomad_k141_2072899	0	0	0	0	0	0	0	0	0	0	0	0	0	0	0	0	0	0	0	0	0	0	0	0	0	0	0	0	0	0	0	0	0	0	0	95.39544	0	0	0	0	0	0	0	0	0	0	0
genomad_k141_1062965	0	0	0	0	0	0	0	0	0	0	0	0	0	0	0	0	0	0	0	0	0	0	0	0	0	0	0	0	0	0	0	0	0	8.273723	0	0	0	0	0	0	0	0	0	0	0	0	0
genomad_k141_1597898	0	0	0	0	0	0	0	0	0	0	0	0	0	0	0	0	0	0	0	0	0	0	0	0	0	0	0	0	0	0	0	0	0	30.892164	0	0	0	0	0	0	0	0	0	0	0	0	0
genomad_k141_51196	0	0	0	0	0	0	0	0	0	0	0	0	0	0	0	0	0	0	0	0	0	0	0	0	0	0	0	0	0	0	0	0	0	90.29163	0	0	0	0	0	0	0	0	0	0	0	0	0
genomad_k141_2429486	0	0	0	0	0	0	0	0	0	0	0	0	0	0	0	0	0	0	0	0	0	0	0	0	0	0	0	0	0	0	0	0	74.11414	28.133717	0	0	0	0	0	0	0	0	0	0	0	0	0
genomad_k141_2190866	0	0	0	0	0	0	0	0	0	0	0	0	0	0	0	0	0	0	0	0	0	0	0	0	0	0	0	0	0	0	0	0	0	56.332382	0	0	0	0	0	0	0	0	0	0	0	0	0
genomad_k141_470970	0	0	0	0	0	0	0	0	0	0	0	0	0	0	0	0	0	0	0	0	0	0	0	0	0	0	0	0	0	0	0	0	25.287506	4.6411343	0	0	0	0	0	0	0	0	0	0	0	0	0
genomad_k141_586030	0	0	0	0	0	0	0	0	0	0	0	0	0	0	0	0	0	0	0	0	0	3147.6365	0	0	0	0	0	0	0	0	0	0	0	0	0	0	0	0	0	0	0	0	0	0	0	0	0
genomad_k141_1954305	0	0	0	0	0	0	0	0	0	0	0	0	0	0	0	0	0	0	0	0	0	1783.0255	0	0	0	0	0	3080.7463	0	0	0	0	0	0	0	0	0	0	0	0	0	0	0	0	0	0	0
genomad_k141_1182453	0	0	0	0	0	0	0	0	0	0	0	0	0	0	0	0	0	0	0	0	0	0	0	0	0	0	0	0	0	0	0	0	0	30.749834	0	0	0	0	0	0	0	0	0	0	0	0	0
genomad_k141_3619507	0	0	0	0	737.9315	698.5989	0	0	963.5498	1111.9381	0	0	0	0	0	0	0	0	0	0	0	0	0	0	0	0	0	0	0	0	0	0	0	0	0	0	0	0	0	0	0	0	0	0	0	0	0
genomad_k141_944735	0	0	0	0	0	0	0	0	0	0	0	0	0	0	0	0	0	0	0	0	0	0	0	0	0	0	0	0	43.88416	0	0	0	0	0	0	0	0	0	0	0	0	0	0	0	0	0	0
genomad_k141_1657165	0	0	0	0	0	0	0	0	0	0	0	0	0	0	0	0	0	0	0	0	0	0	0	0	0	0	0	0	0	0	0	38.924026	0	0	0	0	0	0	0	0	0	0	0	0	0	0	0
genomad_k141_51365	0	0	0	0	0	0	0	0	0	0	0	0	0	0	0	0	0	0	0	0	0	0	0	0	0	0	0	0	0	0	0	21.954596	0	3.0492675	0	0	0	0	0	0	0	0	0	0	0	0	0
genomad_k141_1360740	0	0	0	0	0	0	0	0	0	0	0	0	0	0	0	0	0	0	0	0	0	0	0	0	0	0	0	0	28.533485	149.51575	0	0	0	0	0	0	0	0	0	0	0	0	0	0	0	0	0
genomad_k141_349928	0	0	0	0	0	0	0	0	0	0	0	0	0	0	0	0	0	0	0	0	0	0	0	0	0	0	0	0	0	0	0	0	0	0	0	110.12959	0	0	0	0	0	0	0	0	0	0	0
genomad_k141_2371849	0	0	0	0	0	0	0	0	0	0	0	0	0	0	0	0	0	0	0	0	0	0	0	0	0	0	0	0	0	0	176.8381	102.115364	0	0	0	0	0	0	0	0	0	0	0	0	0	0	0
genomad_k141_647386	0	0	0	0	0	0	0	0	0	0	0	0	0	0	0	0	0	0	0	0	0	0	0	0	0	0	0	0	0	0	0	0	57.203472	0	0	0	0	0	0	0	0	0	0	0	0	0	0
genomad_k141_2013384	0	0	0	0	0	0	0	0	0	0	0	0	0	0	0	0	0	0	0	0	0	0	0	0	0	0	0	0	0	0	0	0	0	0	0	0	0	0	0	0	0	0	0	50481.43	0	0	0
genomad_k141_3202384	0	0	0	0	0	0	0	0	0	0	0	0	0	0	0	0	0	0	0	0	0	0	0	0	0	0	0	0	0	0	0	18.49429	0	7.002964	0	0	0	0	0	0	0	0	0	0	0	0	0
genomad_k141_1299022	0	0	0	0	0	0	0	0	0	0	0	0	23.884197	0	0	0	0	0	0	0	0	0	0	0	0	0	0	0	0	0	0	0	0	0	0	0	0	0	0	0	0	0	0	0	0	0	0
genomad_k141_2132109	0	0	0	0	0	0	0	0	0	0	0	0	0	0	0	0	0	0	0	0	0	0	0	0	0	0	0	0	81.328285	0	0	0	0	0	0	0	0	0	0	0	0	0	0	0	0	0	0
genomad_k141_1360982	0	0	0	0	0	0	0	0	0	0	0	0	0	0	0	0	0	0	0	0	0	0	0	0	0	0	0	0	0	0	0	0	24.72634	9.493671	0	0	0	0	0	0	0	0	0	0	0	0	0
genomad_k141_2429914	0	0	0	0	0	0	0	0	0	0	0	0	0	0	0	0	0	0	0	0	0	0	0	0	0	0	0	0	0	0	0	0	0	17.266565	0	0	0	0	0	0	0	0	0	0	0	0	0
genomad_k141_1182719	0	0	0	0	0	0	0	0	0	0	0	0	0	0	0	0	0	0	0	0	0	0	0	0	0	0	0	0	0	0	0	0	0	0	0	211.35616	0	0	0	0	0	0	0	0	0	0	0
genomad_k141_2668259	0	0	0	0	0	0	0	0	0	0	0	0	0	0	0	0	0	0	0	0	0	0	0	0	0	0	0	0	0	0	0	0	20.26702	26.436268	0	0	0	0	0	0	0	0	0	0	0	0	0
genomad_k141_2549612	0	0	0	0	0	0	0	0	0	0	0	0	0	0	0	0	0	0	0	0	0	0	0	0	0	0	0	0	0	0	0	0	0	9.307717	0	0	0	0	0	0	0	0	0	0	0	0	0
genomad_k141_1299183	0	0	0	0	0	0	0	0	0	0	0	0	0	0	0	0	0	0	0	0	0	0	0	0	0	0	0	0	0	0	0	0	0	42.397305	0	0	0	0	0	0	0	0	0	0	0	0	0
genomad_k141_3262921	0	0	0	0	0	0	0	0	0	0	0	0	0	0	0	0	0	0	0	0	0	0	0	0	0	0	0	0	445.20563	698.83514	0	0	0	0	0	0	0	0	0	0	0	0	0	0	0	0	0
genomad_k141_2132235	0	0	0	0	0	0	0	0	0	0	0	0	0	0	0	0	0	0	0	0	0	0	0	0	0	0	0	0	0	0	0	0	0	12.396537	0	0	0	0	0	0	0	0	0	0	0	0	0
genomad_k141_3558331	0	0	0	0	0	0	0	0	0	0	0	0	0	0	0	0	0	0	0	0	0	0	0	0	0	0	0	0	0	0	0	0	0	7.1366954	0	0	0	0	0	0	0	0	0	0	0	0	0
genomad_k141_2489191	0	0	0	0	0	0	0	0	0	0	0	0	0	0	0	0	0	0	0	0	0	0	0	0	0	0	0	0	0	0	0	0	26.544321	14.409039	0	0	0	0	0	0	0	0	0	0	0	0	0
genomad_k141_3083919	0	0	0	0	0	0	0	0	0	0	0	0	0	0	0	0	0	0	0	0	0	0	0	0	0	0	0	0	0	0	0	0	19.852757	9.093773	0	0	0	0	0	0	0	0	0	0	0	0	0
genomad_k141_1063640	0	0	0	0	0	0	0	0	0	0	0	0	114.65291	0	0	0	0	0	0	0	0	0	0	0	0	0	0	0	0	0	0	0	0	0	0	0	0	0	0	0	0	0	0	0	0	0	0
genomad_k141_2252242	0	0	0	0	0	0	0	0	0	0	0	0	0	0	0	0	0	0	0	0	0	0	0	0	0	0	0	0	0	0	68.65275	11.076721	0	0	0	0	0	0	0	0	0	0	0	0	0	0	0
genomad_k141_1776709	0	0	0	0	0	0	0	0	0	0	0	0	0	0	0	0	0	0	0	0	0	0	0	0	0	0	0	0	0	0	0	0	0	0	0	100.53232	0	0	0	0	0	0	0	0	0	0	0
genomad_k141_3025441	0	0	0	0	0	0	0	0	0	0	0	0	0	0	0	0	0	0	0	0	0	0	0	0	0	0	0	0	0	0	0	73.13815	37.6394	14.898357	0	0	0	0	0	0	0	0	0	0	0	0	0
genomad_k141_350363	0	0	0	0	0	0	0	0	0	0	0	0	230.20595	0	0	0	0	0	0	0	0	0	0	0	0	0	0	0	0	0	0	0	0	0	0	0	0	0	0	0	0	0	0	0	0	0	0
genomad_k141_1123159	0	0	0	0	0	0	0	0	0	0	0	0	0	0	0	0	0	0	0	0	0	0	0	0	0	0	0	0	0	0	0	0	0	18.748594	0	0	0	0	0	0	0	0	0	0	0	0	0
genomad_k141_2132360	0	0	0	0	0	0	0	0	0	0	0	0	0	0	0	0	0	0	0	0	0	0	0	0	0	0	0	0	0	0	0	0	0	12.79436	0	0	0	0	0	0	0	0	0	0	0	0	0
genomad_k141_409868	0	0	0	0	0	0	0	0	0	0	0	0	0	0	0	0	0	0	0	0	0	0	0	0	0	0	0	0	0	0	0	0	16.743341	20.318233	0	0	0	0	0	0	0	0	0	0	0	0	0
genomad_k141_647819	0	0	0	0	0	0	0	0	0	0	0	0	0	0	0	0	0	0	0	0	0	0	0	0	0	0	0	0	0	0	0	0	0	12.202145	0	0	0	0	0	0	0	0	0	0	0	0	0
genomad_k141_3202711	0	0	0	0	0	0	0	0	0	0	0	0	0	0	0	0	0	0	0	0	0	0	0	0	0	0	0	0	0	0	0	0	0	5.0097194	0	0	0	0	0	0	0	0	0	0	0	0	0
genomad_k141_1776742	0	0	0	0	0	0	0	0	0	0	0	0	0	0	0	0	0	0	0	0	0	0	0	0	0	0	0	0	0	0	0	0	0	23.323002	0	0	0	0	0	0	0	0	0	0	0	0	0
genomad_k141_1299373	0	0	0	0	0	0	0	0	0	0	0	0	0	0	0	0	0	0	0	0	0	0	0	0	0	0	0	0	0	0	0	0	0	7.079824	0	0	0	0	0	0	0	0	0	0	0	0	0
genomad_k141_3263133	0	0	0	0	0	0	0	0	0	0	0	0	0	0	0	0	0	0	0	0	0	0	0	0	0	0	0	0	0	0	0	10.854946	0	3.6563914	0	0	0	0	0	0	0	0	0	0	0	0	0
genomad_k141_3797514	0	0	0	0	0	0	0	0	0	0	0	0	0	0	0	0	0	0	0	0	0	0	0	0	0	0	0	0	0	0	0	0	24.391361	21.054312	0	0	0	0	0	0	0	0	0	0	0	0	0
genomad_k141_2073798	0	0	0	0	0	0	0	0	0	0	0	0	0	0	0	0	0	0	0	0	0	0	0	0	0	0	0	0	0	0	0	0	21.903778	32.612926	0	0	0	0	0	0	0	0	0	0	0	0	0
genomad_k141_1361382	0	0	0	0	0	0	0	0	0	0	0	0	0	0	0	0	0	0	0	0	0	0	0	0	0	0	0	0	0	0	0	0	0	10.819645	0	0	0	0	0	0	0	0	0	0	0	0	0
genomad_k141_3679384	0	0	0	0	0	0	0	0	0	0	0	0	0	0	0	0	0	0	0	0	0	0	0	0	0	0	0	0	0	0	0	0	0	21.980879	0	0	0	0	0	0	0	0	0	0	0	0	0
genomad_k141_3500547	0	0	0	0	0	0	0	0	0	0	0	0	0	0	0	0	0	0	0	0	0	0	0	0	0	0	0	0	0	0	0	0	25.736706	16.5124	0	0	0	0	0	0	0	0	0	0	0	0	0
genomad_k141_1716075	0	0	0	0	0	0	0	0	0	0	0	0	0	0	0	0	0	0	0	0	0	0	0	0	0	0	0	0	0	0	0	0	0	8.767753	0	0	0	0	0	0	0	0	0	0	0	0	0
genomad_k141_1776863	0	0	0	0	0	0	0	0	0	0	0	0	0	0	0	0	0	0	0	0	0	0	0	0	0	0	0	0	0	0	0	0	18.173445	21.247272	0	0	0	0	0	0	0	0	0	0	0	0	0
genomad_k141_410032	0	0	0	0	0	0	0	0	0	0	0	0	0	0	0	0	0	0	0	0	0	0	0	0	0	0	0	0	0	0	0	27.259106	0	0	0	0	0	0	0	0	0	0	0	0	0	0	0
genomad_k141_3558632	0	0	0	0	0	0	0	0	0	0	0	0	0	0	0	0	0	0	0	0	0	0	0	0	0	0	0	0	0	0	0	0	21.746195	8.680583	0	0	0	0	0	0	0	0	0	0	0	0	0
genomad_k141_1716110	0	0	0	0	0	0	0	0	0	0	0	0	58.24006	0	0	0	0	0	0	0	0	0	0	0	0	0	0	0	0	0	0	0	0	0	0	0	0	0	0	0	0	0	0	0	0	0	0
genomad_k141_3381473	0	0	0	0	0	0	0	0	0	0	0	0	0	0	0	0	0	0	0	0	0	0	0	0	0	0	0	0	0	0	0	0	37.136528	48.453575	0	0	0	0	0	0	0	0	0	0	0	0	0
genomad_k141_3322219	0	0	0	0	0	0	0	0	0	0	0	0	0	0	0	0	0	0	0	0	0	0	0	0	0	0	0	0	0	0	0	50.267574	0	0	0	0	0	0	0	0	0	0	0	0	0	0	0
genomad_k141_1123366	0	0	0	0	0	0	0	0	0	0	0	0	0	0	0	0	0	0	0	0	0	0	0	0	0	0	0	0	60.095387	0	0	0	0	0	0	0	0	0	0	0	0	0	0	0	0	0	0
genomad_k141_2013871	0	0	0	0	0	0	0	0	0	0	0	0	0	0	0	0	0	0	0	0	0	0	0	0	0	0	0	0	595.3712	0	0	0	0	0	0	0	0	0	0	0	0	0	0	0	0	0	0
genomad_k141_2668445	0	0	0	0	0	0	0	0	0	0	0	0	0	0	0	0	0	0	0	0	0	0	0	0	0	0	0	0	0	0	0	0	48.527233	0	0	0	0	0	0	0	0	0	0	0	0	0	0
genomad_k141_1716141	0	0	0	0	0	0	0	0	0	0	0	0	0	0	0	0	0	0	0	0	0	0	0	0	0	0	0	0	0	0	0	0	0	15.922345	0	0	0	0	0	0	0	0	0	0	0	0	0
genomad_k141_2430426	0	0	0	0	0	0	0	0	0	0	0	0	0	0	0	0	0	0	0	0	0	0	0	0	0	0	0	0	0	0	0	0	19.594307	15.848103	0	0	0	0	0	0	0	0	0	0	0	0	0
genomad_k141_3558728	0	0	0	0	0	0	0	0	0	0	0	0	0	0	0	0	0	0	0	0	0	0	0	0	0	0	0	0	0	0	0	0	0	0	0	158.7324	0	0	0	0	0	0	0	0	0	0	0
genomad_k141_1478611	0	0	0	0	0	0	0	0	0	0	0	0	62.82485	0	0	0	0	0	0	0	0	0	0	0	0	0	0	0	0	0	0	0	0	0	0	0	0	0	0	0	0	0	0	0	0	0	0
genomad_k141_3797849	0	0	0	0	0	0	0	0	0	0	0	0	0	0	0	0	0	0	0	0	0	0	0	0	0	0	0	0	0	0	0	0	0	6.1848207	0	0	0	0	0	0	0	0	0	0	0	0	0
genomad_k141_3025889	0	0	0	0	1918.7914	1991.8009	0	0	1090.0736	1039.0137	0	0	0	0	0	0	0	0	0	0	0	0	0	0	0	0	0	0	0	0	0	0	0	0	0	0	0	0	0	0	0	0	0	0	0	0	0
genomad_k141_1955261	0	0	0	0	0	0	0	0	0	0	0	0	0	0	0	0	0	0	0	0	0	0	0	0	0	0	0	0	52.131268	0	0	0	0	0	0	0	0	0	0	0	0	0	0	0	0	0	0
genomad_k141_707240	0	0	0	0	0	0	0	0	0	0	0	0	0	0	0	0	0	0	0	0	0	0	0	0	0	0	0	0	0	0	0	0	0	7.7404127	0	0	0	0	0	0	0	0	0	0	0	0	0
genomad_k141_1064298	0	0	0	0	0	0	0	0	0	0	0	0	0	0	0	0	0	0	0	0	0	0	0	0	0	0	0	0	0	0	0	0	0	0	0	81.44572	0	0	0	0	0	0	0	0	0	0	0
genomad_k141_2430613	0	0	0	0	0	0	0	0	1126.703	1123.7814	0	0	0	0	0	0	0	0	0	0	0	0	0	0	0	1175.2002	0	0	0	0	0	0	0	0	0	0	0	0	0	0	0	0	0	0	0	0	0
genomad_k141_2132907	0	0	0	0	0	0	0	0	0	0	0	0	0	0	0	0	0	0	0	0	0	0	0	0	0	0	0	0	0	0	26.637726	27.097105	0	0	0	0	0	0	0	0	0	0	0	0	0	0	0
genomad_k141_2727067	0	0	0	0	2033.0494	1942.6022	0	0	0	0	0	0	0	0	0	0	0	0	0	0	0	0	0	0	0	0	0	0	0	0	0	0	0	0	0	0	0	0	0	0	0	0	0	0	0	0	0
genomad_k141_291991	0	0	0	0	0	0	0	0	0	0	0	0	0	0	0	0	0	0	0	0	0	0	0	0	0	0	0	0	0	0	0	0	0	13.210069	0	0	0	0	0	0	0	0	0	0	0	0	0
genomad_k141_3559122	0	0	0	0	0	0	0	0	0	0	0	0	0	0	0	0	0	0	0	0	0	0	0	0	0	0	0	0	0	0	100.01533	26.14854	0	0	0	0	0	0	0	0	0	0	0	0	0	0	0
genomad_k141_1064520	0	0	0	0	0	0	0	0	0	0	0	0	0	0	0	0	0	0	0	0	0	0	0	0	0	0	0	0	0	0	0	0	24.285824	0	0	0	0	0	0	0	0	0	0	0	0	0	0
genomad_k141_1478960	0	0	0	0	0	0	0	0	0	0	0	0	0	0	0	0	0	0	0	0	0	0	0	0	0	0	0	0	0	0	0	0	0	10.428739	0	0	0	0	0	0	0	0	0	0	0	0	0
genomad_k141_114374	0	0	0	0	0	0	0	0	0	0	0	0	0	0	0	0	0	0	0	0	0	0	0	0	0	0	0	0	16.003845	211.21661	0	0	0	0	0	0	0	0	0	0	0	0	0	0	0	0	0
genomad_k141_2668997	0	0	0	0	0	0	0	0	0	0	0	0	0	0	0	0	0	0	0	0	0	0	0	0	0	0	0	0	0	0	0	0	0	4.7707605	0	0	0	0	0	0	0	0	0	0	0	0	0
genomad_k141_1123937	0	0	0	0	0	0	0	0	0	0	0	0	0	0	0	0	0	0	0	0	0	0	0	0	0	0	0	0	0	0	20.343767	22.764734	0	0	0	0	0	0	0	0	0	0	0	0	0	0	0
genomad_k141_946077	0	0	0	0	0	0	0	0	0	0	0	0	0	0	0	0	0	0	0	0	0	0	0	0	0	0	0	0	0	0	36.547085	28.27685	0	0	0	0	0	0	0	0	0	0	0	0	0	0	0
genomad_k141_2074507	0	0	0	0	0	0	0	0	0	0	0	0	0	0	0	0	0	0	0	0	0	0	0	0	0	0	0	0	0	0	0	0	27.979357	7.232859	0	0	0	0	0	0	0	0	0	0	0	0	0
genomad_k141_1422276	0	0	0	0	0	0	0	0	0	0	0	0	0	0	0	0	0	0	0	0	0	0	0	0	0	0	0	0	0	0	0	0	0	11.697477	0	0	0	0	0	0	0	0	0	0	0	0	0
genomad_k141_3203599	0	0	0	0	0	0	0	0	0	0	0	0	0	0	0	0	0	0	0	0	0	0	0	0	0	0	0	0	0	0	0	0	38.59893	4.8778157	0	0	0	0	0	0	0	0	0	0	0	0	0
genomad_k141_1362199	0	0	0	0	0	0	0	0	0	0	0	0	0	0	0	0	0	0	0	0	0	0	0	0	0	0	0	0	0	0	0	0	123.93478	241.74197	0	79.73573	0	0	0	0	0	0	0	0	0	0	0
genomad_k141_1658687	0	0	0	0	0	0	0	0	0	0	0	0	0	0	0	0	0	0	0	0	0	0	0	0	0	0	0	0	0	0	0	0	19.804787	5.0293984	0	0	0	0	0	0	0	0	0	0	0	0	0
genomad_k141_2966968	0	0	0	0	0	0	0	0	0	0	0	0	0	0	0	0	0	0	0	0	0	0	0	0	0	0	0	0	0	0	0	0	122.78068	0	0	0	0	0	0	0	0	0	0	0	0	0	0
genomad_k141_2669452	0	0	0	0	0	0	0	0	0	0	0	0	0	0	0	0	0	0	0	0	0	0	0	0	0	0	0	0	0	0	0	0	23.811533	30.143938	0	0	0	0	0	0	0	0	0	0	0	0	0
genomad_k141_3323205	0	0	0	0	0	0	0	0	0	0	0	0	0	0	0	0	0	0	0	0	0	0	0	0	0	0	0	0	0	0	0	0	0	4.365068	0	0	0	0	0	0	0	0	0	0	0	0	0
genomad_k141_3740204	0	0	0	0	0	0	0	0	0	0	0	0	0	0	0	0	0	0	0	0	0	0	0	0	0	0	0	0	0	0	0	41.468166	0	19.82235	0	0	0	0	0	0	0	0	0	0	0	0	0
genomad_k141_53093	0	0	0	0	0	0	0	0	0	0	0	0	0	0	0	0	0	0	0	0	0	0	0	0	0	0	0	0	0	0	0	104.055916	0	0	0	0	0	0	0	0	0	0	0	0	0	0	0
genomad_k141_2669493	0	0	0	0	0	0	0	0	0	0	0	0	0	0	0	0	0	0	0	0	0	0	0	0	0	0	0	0	0	0	0	0	92.61678	214.20581	0	125.797714	0	0	0	0	0	0	0	0	0	0	0
genomad_k141_1717317	0	0	0	0	0	0	0	0	0	0	0	0	0	0	0	0	0	0	0	0	0	0	0	0	0	0	0	0	0	0	0	0	0	10.308463	0	0	0	0	0	0	0	0	0	0	0	0	0
genomad_k141_3621405	0	0	0	0	0	0	0	0	0	0	0	0	0	0	0	0	0	0	0	0	0	0	0	0	0	0	0	0	61.305107	0	0	0	0	0	0	0	0	0	0	0	0	0	0	0	0	0	0
genomad_k141_825217	0	0	0	0	0	0	0	0	0	0	0	0	0	0	0	0	0	0	0	0	0	0	0	0	0	0	0	0	0	0	0	0	0	0	0	0	0	0	0	0	0	0	0	63511.742	0	0	0
genomad_k141_2373569	0	0	0	0	0	0	0	0	0	0	0	0	0	0	0	0	0	0	0	0	0	0	0	0	0	0	0	0	0	0	0	0	84.24439	108.72117	0	58.28915	0	0	0	0	0	0	0	0	0	0	0
genomad_k141_3323399	0	0	0	0	0	0	0	0	0	0	0	0	83.515495	0	0	0	0	0	0	0	0	0	0	0	0	0	0	0	0	0	0	0	0	0	0	0	0	0	0	0	0	0	0	0	0	0	0
genomad_k141_1600053	0	0	0	0	0	0	0	0	0	0	0	0	0	0	0	0	0	0	0	0	0	0	0	0	0	0	0	0	0	0	0	60.777065	0	0	0	0	0	0	0	0	0	0	0	0	0	0	0
genomad_k141_1956107	0	0	0	0	0	0	0	0	0	0	0	0	0	0	0	0	0	0	0	0	0	0	0	0	0	0	0	0	0	0	59.809326	21.341246	0	0	0	0	0	0	0	0	0	0	0	0	0	0	0
genomad_k141_472838	0	0	0	0	0	0	0	0	0	0	0	0	0	0	0	0	0	0	0	0	0	0	0	0	0	0	0	0	0	0	0	0	0	5.5038767	0	0	0	0	0	0	0	0	0	0	0	0	0
genomad_k141_2075150	0	0	0	0	0	0	0	0	0	0	0	0	0	0	0	0	0	0	0	0	0	0	0	0	0	0	0	0	0	0	0	0	0	8.70395	0	0	0	0	0	0	0	0	0	0	0	0	0
genomad_k141_3798882	0	0	0	0	0	0	0	0	0	0	0	0	0	0	0	0	0	0	0	0	0	0	0	0	0	0	0	0	0	0	0	0	0	9.185708	0	0	0	0	0	0	0	0	0	0	0	0	0
genomad_k141_3026862	0	0	0	0	0	0	0	0	0	0	0	0	0	0	0	0	0	0	0	0	0	1653.7937	0	0	0	0	0	0	0	0	0	0	0	0	0	0	0	0	0	0	0	0	0	0	0	0	0
genomad_k141_3680759	0	0	0	0	0	0	0	0	0	0	0	0	0	0	0	0	0	0	0	0	0	0	0	0	0	0	0	0	0	0	0	0	334.60287	176.78119	0	195.58846	0	0	0	0	0	0	0	0	0	0	0
genomad_k141_1659243	0	0	0	0	0	0	0	0	0	0	0	0	0	0	0	0	0	0	0	0	0	0	0	0	0	0	0	0	0	0	0	31.200546	0	0	0	0	0	0	0	0	0	0	0	0	0	0	0
genomad_k141_2075278	0	0	0	0	0	0	0	0	0	0	0	0	0	0	0	0	0	0	0	0	0	0	0	0	0	0	0	0	0	0	0	0	0	14.49435	0	0	0	0	0	0	0	0	0	0	0	0	0
genomad_k141_3323628	0	0	0	0	0	0	0	0	0	0	0	0	0	0	0	0	0	0	0	0	0	0	0	0	0	0	0	0	47.996674	0	0	0	0	0	0	0	0	0	0	0	0	0	0	0	0	0	0
genomad_k141_53439	0	0	0	0	0	0	0	0	0	0	0	0	0	0	0	0	0	0	0	0	0	0	0	0	0	0	0	0	0	0	31.345226	16.656614	0	0	0	0	0	0	0	0	0	0	0	0	0	0	0
genomad_k141_1184609	0	0	0	0	0	0	0	0	0	0	0	0	0	0	0	0	0	0	0	0	0	0	0	0	0	0	0	0	0	0	0	0	0	5.514801	0	0	0	0	0	0	0	0	0	0	0	0	0
genomad_k141_708434	0	0	0	0	0	0	0	0	0	0	0	0	0	0	0	0	0	0	0	0	0	0	0	0	0	0	0	0	0	0	79.72949	0	0	0	0	0	0	0	0	0	0	0	0	0	0	0	0
genomad_k141_3264663	0	0	0	0	0	0	0	0	0	0	0	0	0	0	0	0	0	0	0	0	0	0	0	0	0	0	0	0	0	0	0	0	0	16.759516	0	0	0	0	0	0	0	0	0	0	0	0	0
genomad_k141_3441874	0	0	0	0	0	0	0	0	0	0	0	393.40897	0	0	0	0	0	0	0	0	0	0	0	0	0	0	0	0	0	0	0	0	0	0	0	0	0	0	0	0	0	317.47723	332.21866	0	0	0	0
genomad_k141_825620	0	0	0	0	0	0	0	0	0	0	0	0	0	0	0	0	0	0	0	0	0	0	0	0	0	0	0	0	0	0	0	0	66.10067	0	0	0	0	0	0	0	0	0	0	0	0	0	0
genomad_k141_2611467	0	0	0	0	0	0	0	0	0	0	0	0	0	0	0	0	0	0	0	0	0	0	0	0	0	0	0	0	0	0	0	0	0	0	0	114.22359	0	0	0	0	0	0	0	0	0	0	0
genomad_k141_2374030	0	0	0	0	0	0	0	0	0	0	0	0	0	0	0	0	0	0	0	0	0	0	0	0	0	0	0	0	0	0	0	0	35.987892	52.794327	0	0	0	0	0	0	0	0	0	0	0	0	0
genomad_k141_2193284	0	0	0	0	0	0	0	0	0	0	0	0	0	0	0	0	0	0	0	0	0	0	0	0	0	0	0	0	0	0	0	0	0	5.915827	0	0	0	0	0	0	0	0	0	0	0	0	0
genomad_k141_3621938	0	0	0	0	0	0	0	0	0	0	0	0	0	0	0	0	0	0	0	0	0	0	0	0	0	0	0	0	0	0	0	0	0	7.2063456	0	0	0	0	0	0	0	0	0	0	0	0	0
genomad_k141_3799228	0	0	0	0	0	0	0	0	0	0	0	0	0	0	0	0	0	0	0	0	0	0	0	0	0	0	0	0	0	0	0	0	0	5.982086	0	0	0	0	0	0	0	0	0	0	0	0	0
genomad_k141_1956609	0	0	0	0	0	0	0	0	0	0	0	0	0	0	0	0	0	0	0	0	0	0	0	0	0	0	0	0	0	0	0	0	23.711494	8.021662	0	0	0	0	0	0	0	0	0	0	0	0	0
genomad_k141_1540383	0	0	0	0	0	0	0	0	0	0	0	0	0	0	0	0	0	0	0	0	0	0	0	0	0	0	0	0	0	0	0	0	27.310844	18.6287	0	0	0	0	0	0	0	0	0	0	0	0	0
genomad_k141_1065755	0	0	0	0	0	0	0	0	0	0	0	0	0	0	0	0	0	0	0	0	0	0	0	0	0	0	0	0	0	0	0	0	15.942185	120.354614	0	0	0	0	0	0	0	0	0	0	0	0	0
genomad_k141_2313257	0	0	0	0	0	0	0	0	0	0	0	0	0	0	0	0	0	0	0	0	0	0	0	0	0	0	0	0	0	0	0	0	23.770058	40.06265	0	0	0	0	0	0	0	0	0	0	0	0	0
genomad_k141_173911	0	0	0	0	0	0	0	0	0	0	0	0	0	0	0	0	0	0	0	0	0	0	0	0	0	0	0	0	0	0	0	0	0	0	0	216.14252	0	0	0	0	0	0	0	0	0	0	0
genomad_k141_1005958	0	0	0	0	0	0	0	0	0	0	0	0	0	0	0	0	0	0	0	0	0	0	0	0	0	0	0	0	0	0	155.57841	25.969158	0	0	0	0	0	0	0	0	0	0	0	0	0	0	0
genomad_k141_352613	0	0	0	0	0	0	0	0	0	0	0	0	0	0	0	0	0	0	0	0	0	0	0	0	0	0	0	0	0	0	0	0	0	20.298674	0	0	0	0	0	0	0	0	0	0	0	0	0
genomad_k141_1600737	0	0	0	0	0	0	0	0	0	0	0	0	0	0	0	0	0	0	0	0	0	0	0	0	0	0	0	0	0	0	0	0	0	5.3303013	0	0	0	0	0	0	0	0	0	0	0	0	0
genomad_k141_2075835	0	0	0	0	0	0	0	0	0	0	0	0	0	0	0	0	0	0	0	0	0	0	0	0	0	0	0	0	0	0	0	22.890104	0	7.7656736	0	0	0	0	0	0	0	0	0	0	0	0	0
genomad_k141_231980	0	0	0	0	0	0	0	0	0	0	0	0	0	0	0	0	0	0	0	0	0	0	0	0	0	0	0	0	0	0	0	0	0	13.35141	0	0	0	0	0	0	0	0	0	0	0	0	0
genomad_k141_1540596	0	0	0	0	0	0	0	0	0	0	0	0	0	0	0	0	0	0	0	0	0	0	0	0	0	0	0	0	0	0	0	29.289948	0	0	0	0	0	0	0	0	0	0	0	0	0	0	0
genomad_k141_649972	0	0	0	0	0	0	0	0	0	0	0	0	0	0	0	0	0	0	0	0	0	0	0	0	0	0	0	0	0	0	0	0	0	8.019567	0	0	0	0	0	0	0	0	0	0	0	0	0
genomad_k141_3324185	0	0	0	0	0	0	0	0	0	0	0	0	0	0	0	0	0	0	0	0	0	0	0	0	0	0	0	0	0	0	0	0	50.10032	0	0	0	0	0	0	0	0	0	0	0	0	0	0
genomad_k141_2968048	0	0	0	0	0	0	0	0	0	0	0	0	0	0	0	0	0	0	0	0	0	0	0	0	0	0	0	0	0	0	81.07237	127.18601	0	0	0	0	0	0	0	0	0	0	0	0	0	0	0
genomad_k141_3622263	0	0	0	0	0	0	0	0	0	0	0	0	0	0	0	0	0	0	0	0	0	0	0	0	0	0	0	0	0	0	45.21456	8.667401	0	0	0	0	0	0	0	0	0	0	0	0	0	0	0
genomad_k141_531248	0	0	0	0	0	0	0	0	0	0	0	0	0	0	0	0	0	0	0	0	0	0	0	0	0	0	0	0	0	0	0	33.992012	0	0	0	0	0	0	0	0	0	0	0	0	0	0	0
genomad_k141_293692	0	0	0	0	0	0	0	0	0	0	0	0	0	0	0	0	0	0	0	0	0	0	0	0	0	0	0	0	0	0	0	0	0	0	0	125.62781	0	0	0	0	0	0	0	0	0	0	0
genomad_k141_3560581	0	0	0	0	0	0	0	0	0	0	0	0	0	0	0	0	0	0	0	0	0	0	0	0	0	0	0	0	0	0	0	23.708609	0	10.10511	0	0	0	0	0	0	0	0	0	0	0	0	0
genomad_k141_2134391	0	0	0	0	0	0	0	0	0	0	0	0	0	0	0	0	0	0	0	0	0	0	0	0	0	0	0	0	0	0	0	0	0	6.1680136	0	0	0	0	0	0	0	0	0	0	0	0	0
genomad_k141_3741201	0	0	0	0	0	0	0	0	0	0	0	0	0	0	0	0	0	0	0	0	0	0	0	0	0	0	0	0	0	0	0	0	0	31.443714	0	0	0	0	0	0	0	0	0	0	0	0	0
genomad_k141_1125374	0	0	0	0	0	0	0	0	0	0	0	0	0	0	0	0	0	0	0	0	0	0	0	0	0	0	0	0	0	0	0	0	0	9.180846	0	0	0	0	0	0	0	0	0	0	0	0	0
genomad_k141_2015961	0	0	0	0	0	0	0	0	0	0	0	0	0	0	0	0	0	0	0	0	0	0	0	0	0	0	0	0	0	0	0	0	0	7.095573	0	0	0	0	0	0	0	0	0	0	0	0	0
genomad_k141_1718286	0	0	0	0	0	0	0	0	0	0	0	0	0	0	0	0	0	0	0	0	0	0	0	0	0	0	0	0	0	0	0	0	0	10.059431	0	0	0	0	0	0	0	0	0	0	0	0	0
genomad_k141_1600918	0	0	0	0	0	0	0	0	0	0	0	0	0	0	0	0	0	0	0	0	0	0	0	0	0	0	0	0	0	0	0	0	0	15.098367	0	0	0	0	0	0	0	0	0	0	0	0	0
genomad_k141_2016024	0	0	0	0	0	0	0	0	0	0	0	0	0	0	0	0	0	0	0	0	0	0	0	0	0	0	0	0	0	0	0	0	0	30.06716	0	0	0	0	0	0	0	0	0	0	0	0	0
genomad_k141_54159	0	0	0	0	0	0	0	0	0	0	0	0	0	0	0	0	0	0	0	0	0	0	0	0	0	0	0	0	0	0	0	0	19.2889	14.737472	0	0	0	0	0	0	0	0	0	0	0	0	0
genomad_k141_2374661	0	0	0	0	0	0	0	0	0	0	0	0	0	0	0	0	0	0	0	0	0	0	0	0	0	0	0	0	0	0	0	0	36.811775	15.681478	0	0	0	0	0	0	0	0	0	0	0	0	0
genomad_k141_2193892	0	0	0	0	0	0	0	0	0	0	0	0	0	0	0	0	0	0	0	0	0	0	0	0	0	0	0	0	0	0	0	25.450748	0	0	0	0	0	0	0	0	0	0	0	0	0	0	0
genomad_k141_2728766	0	0	0	0	0	0	0	0	0	0	0	0	0	0	0	0	0	0	0	0	0	0	0	0	0	0	0	0	0	0	0	0	0	4.9777493	0	0	0	0	0	0	0	0	0	0	0	0	0
genomad_k141_1838220	0	0	0	0	0	0	0	0	0	0	0	0	0	0	0	0	0	0	0	0	0	0	0	0	0	0	0	0	0	0	0	0	74.76735	5.3730383	0	0	0	0	0	0	0	0	0	0	0	0	0
genomad_k141_2728815	0	0	0	0	0	0	0	0	0	0	0	0	0	0	0	0	0	0	0	0	0	0	0	0	0	0	0	0	0	0	0	0	0	9.662774	0	0	0	0	0	0	0	0	0	0	0	0	0
genomad_k141_1066316	0	0	0	0	0	0	0	0	0	0	0	0	0	0	0	0	0	0	0	0	0	0	0	0	0	0	0	0	0	0	0	0	0	9.528646	0	0	0	0	0	0	0	0	0	0	0	0	0
genomad_k141_2788412	0	0	0	0	0	0	0	0	0	0	0	0	70.92441	0	0	0	0	0	0	0	0	0	0	0	0	0	0	0	0	0	0	0	0	0	0	0	0	0	0	0	0	0	0	0	0	0	0
genomad_k141_2134666	0	0	0	0	0	0	0	0	0	0	0	0	0	0	0	0	0	0	0	0	0	0	0	0	0	0	0	0	0	0	0	0	0	0	0	134.06042	0	0	0	0	0	0	0	0	0	0	0
genomad_k141_1066409	0	0	0	0	0	0	0	0	0	0	0	0	0	0	0	0	0	0	0	0	0	0	0	0	0	0	0	0	0	0	0	0	113.60359	0	0	0	0	0	0	0	0	0	0	0	0	0	0
genomad_k141_1660200	0	0	0	0	0	0	0	0	0	0	0	0	0	0	0	0	0	0	0	0	0	0	0	0	0	0	0	0	0	0	0	0	36.17945	4.9732075	0	0	0	0	0	0	0	0	0	0	0	0	0
genomad_k141_589102	0	0	0	0	0	0	0	0	0	0	0	0	0	0	0	0	0	0	0	0	0	0	0	0	0	0	0	0	0	0	0	0	13.182664	4.418906	0	0	0	0	0	0	0	0	0	0	0	0	0
genomad_k141_2016317	0	0	0	0	0	0	0	0	0	0	0	0	0	0	0	0	0	0	0	0	0	0	0	0	0	0	0	0	0	0	0	0	0	9.136541	0	0	0	0	0	0	0	0	0	0	0	0	0
genomad_k141_2375048	0	0	0	0	0	0	0	0	0	0	0	0	0	0	0	0	0	0	0	0	0	0	0	0	0	0	0	0	0	0	82.25958	16.155617	0	0	0	0	0	0	0	0	0	0	0	0	0	0	0
genomad_k141_3800062	0	0	0	0	0	0	0	0	0	0	0	0	0	0	0	0	0	0	0	0	0	0	0	0	0	0	4077.0776	0	0	0	0	0	0	0	0	0	0	0	0	0	0	0	0	0	0	0	0
genomad_k141_888578	0	0	0	0	0	0	0	0	0	0	0	0	0	0	0	0	0	0	0	0	0	0	0	0	0	0	0	0	0	0	0	0	137.07716	0	0	0	0	0	0	0	0	0	0	0	0	0	0
genomad_k141_294267	0	0	0	0	0	0	0	0	0	0	0	0	68.39076	0	0	0	0	0	0	0	0	0	0	0	0	0	0	0	0	0	0	0	0	0	0	0	0	0	0	0	0	0	0	0	0	0	0
genomad_k141_2016485	0	0	0	0	0	0	0	0	0	0	0	0	0	0	0	0	0	0	0	0	0	579.8497	0	0	0	0	0	0	0	0	0	0	0	0	0	0	0	0	0	0	0	0	0	0	0	0	0
genomad_k141_3028222	0	0	0	0	0	0	0	0	0	0	0	0	0	0	0	0	0	0	0	0	0	0	0	0	0	0	0	0	53.363148	0	0	0	0	0	0	0	0	0	0	0	0	0	0	0	0	0	0
genomad_k141_1424489	0	0	0	0	0	0	0	0	0	0	0	0	0	0	0	0	0	0	0	0	0	0	0	0	0	0	0	0	0	0	0	0	48.227074	2.948085	0	0	0	0	0	0	0	0	0	0	0	0	0
genomad_k141_2552753	0	0	0	0	0	0	0	0	0	0	0	0	0	0	0	0	0	0	0	0	0	0	0	0	0	0	0	0	0	0	0	0	51.889397	46.678276	0	0	0	0	0	0	0	0	0	0	0	0	0
genomad_k141_294400	0	0	0	0	0	0	0	0	0	0	0	0	0	0	0	0	0	0	0	0	0	0	0	0	0	0	0	0	0	0	0	0	25.834171	23.003912	0	0	0	0	0	0	0	0	0	0	0	0	0
genomad_k141_1541428	0	0	0	0	0	0	0	0	0	0	0	0	0	0	0	0	0	0	0	0	0	0	0	0	0	0	0	0	0	0	0	0	81.43312	47.10757	0	0	0	0	0	0	0	0	0	0	0	0	0
genomad_k141_1897395	0	0	0	0	0	0	0	0	0	0	0	0	0	0	0	0	0	0	0	0	0	0	0	0	0	0	0	4875.14	0	0	0	0	0	0	0	0	0	0	0	0	0	0	0	0	0	0	0
genomad_k141_3800189	0	0	0	0	0	0	0	0	0	0	0	0	0	0	0	0	0	0	0	0	0	0	0	0	0	0	0	0	0	0	0	0	31.743614	66.414955	0	0	0	0	0	0	0	0	0	0	0	0	0
genomad_k141_3800190	0	0	0	0	0	0	0	237.17499	0	0	0	0	0	0	0	0	0	0	0	0	0	0	0	0	0	0	0	0	0	0	92.36675	80.05701	0	0	0	0	0	0	0	0	0	0	0	0	0	0	0
genomad_k141_3623106	0	0	0	0	1274.6367	1243.9357	0	0	0	0	0	0	0	0	0	0	0	0	0	0	0	0	0	0	0	0	0	0	0	0	0	0	0	0	0	0	0	0	0	0	0	0	0	0	0	0	0
genomad_k141_3146969	0	0	0	0	0	0	0	0	0	0	0	0	0	0	0	0	0	0	0	0	0	0	0	0	0	0	0	0	228.67033	0	0	0	0	0	0	0	0	0	0	0	0	0	0	0	0	0	0
genomad_k141_650912	0	0	0	0	0	0	0	0	0	0	0	0	0	0	0	0	0	0	0	0	0	0	0	0	0	0	0	0	0	0	0	0	0	4.146733	0	0	0	0	0	0	0	0	0	0	0	0	0
genomad_k141_3800195	0	0	0	0	0	0	0	0	0	0	0	0	0	0	0	0	0	0	0	0	0	0	0	0	0	0	0	0	0	0	0	0	110.27379	43.99013	0	0	0	0	0	0	0	0	0	0	0	0	0
genomad_k141_3266052	0	0	0	0	0	0	0	0	0	0	0	0	0	0	0	0	0	0	0	0	0	0	0	0	0	0	0	0	0	0	0	0	0	4.8116984	0	0	0	0	0	0	0	0	0	0	0	0	0
genomad_k141_3028418	0	0	0	0	0	0	0	0	0	0	0	0	0	0	0	0	0	0	0	0	0	0	0	0	0	0	0	0	0	0	0	0	36.806408	66.60299	0	0	0	0	0	0	0	0	0	0	0	0	0
genomad_k141_1779948	0	0	0	0	0	0	0	0	0	0	0	0	0	0	0	0	0	0	0	0	0	0	0	0	0	0	0	0	0	0	0	0	25.602276	20.494411	0	0	0	0	0	0	0	0	0	0	0	0	0
genomad_k141_54908	0	0	0	0	0	0	0	0	0	0	0	0	0	0	0	0	0	0	0	0	0	0	0	0	0	0	0	0	0	0	0	0	32.769817	0	0	0	0	0	0	0	0	0	0	0	0	0	0
genomad_k141_3800198	0	0	0	0	0	0	0	0	0	0	0	0	146.15613	0	0	0	0	0	0	0	0	0	0	0	0	0	0	0	0	0	0	0	0	0	0	0	0	0	0	0	0	0	0	0	0	0	0
genomad_k141_1126358	0	0	0	0	0	0	0	0	0	0	0	0	0	0	0	0	0	0	0	0	0	0	0	0	0	0	0	0	0	0	0	0	0	0	0	110.54257	0	0	0	0	0	0	0	0	0	0	0
genomad_k141_3028472	0	0	0	0	0	0	0	0	0	0	0	0	0	0	0	0	0	0	0	0	0	0	0	0	0	0	0	0	0	0	0	0	0	48.48465	0	0	0	0	0	0	0	0	0	0	0	0	0
genomad_k141_116964	0	0	0	0	0	0	0	0	0	0	0	0	0	0	0	0	0	0	0	0	0	0	0	0	0	0	0	0	0	0	0	0	0	8.279733	0	0	0	0	0	0	0	0	0	0	0	0	0
genomad_k141_2194774	0	0	0	0	0	0	0	0	0	0	0	0	0	0	0	0	0	0	0	0	0	0	0	0	0	0	0	0	0	0	0	0	0	9.882963	0	0	0	0	0	0	0	0	0	0	0	0	0
genomad_k141_3325219	0	0	0	0	0	0	0	0	0	0	0	0	0	0	0	0	0	0	0	0	0	0	0	0	0	0	0	0	0	0	39.346836	14.797802	0	0	0	0	0	0	0	0	0	0	0	0	0	0	0
genomad_k141_1302577	0	0	0	0	0	0	0	0	0	0	0	0	0	0	0	0	0	0	0	0	0	0	0	0	0	0	0	0	0	0	0	0	28.96176	5.8403354	0	0	0	0	0	0	0	0	0	0	0	0	0
genomad_k141_1245397	0	0	0	0	0	0	0	0	0	0	0	0	0	0	0	0	0	0	0	0	0	0	0	0	0	0	0	0	0	0	0	0	61.688324	0	0	0	0	0	0	0	0	0	0	0	0	0	0
genomad_k141_2433314	0	0	0	0	0	0	0	0	0	0	0	0	0	0	0	0	0	0	0	0	0	0	0	0	0	0	0	0	0	0	0	0	0	8.2477865	0	0	0	0	0	0	0	0	0	0	0	0	0
genomad_k141_827228	0	0	0	0	1316.818	1249.8304	0	0	0	0	0	0	0	0	0	0	0	0	0	0	0	0	0	0	0	0	0	0	0	0	0	0	0	0	0	0	0	0	0	0	0	0	0	0	0	0	0
genomad_k141_889040	0	0	0	0	0	0	0	0	0	0	0	0	0	0	0	0	0	0	0	0	0	0	0	0	0	0	0	0	0	0	0	37.356422	0	0	0	0	0	0	0	0	0	0	0	0	0	0	0
genomad_k141_3266220	0	0	0	0	0	0	0	0	0	0	0	0	0	0	0	0	1057.8275	1155.7213	0	0	0	0	0	0	0	0	0	0	0	0	0	0	0	0	0	0	0	0	0	0	0	0	0	0	0	0	0
genomad_k141_2194816	0	0	0	0	0	0	0	0	0	0	0	0	0	0	0	0	0	0	0	0	0	0	0	0	0	0	0	0	0	0	0	35.361923	34.988983	52.700985	0	0	0	0	0	0	0	0	0	0	0	0	0
genomad_k141_3800213	0	0	0	0	0	0	0	0	0	0	0	0	0	0	0	0	0	0	0	0	0	0	0	0	0	0	0	0	0	0	0	0	0	0	0	493.30536	0	0	0	0	0	0	0	0	0	0	0
genomad_k141_294699	0	0	0	0	0	0	0	0	0	0	0	0	0	0	0	0	0	0	0	0	0	0	0	0	0	0	0	0	0	0	439.6436	811.0082	0	0	0	0	0	0	0	0	0	0	0	0	0	0	0
genomad_k141_827304	0	0	0	0	0	0	0	0	0	0	0	0	0	0	0	0	0	0	0	0	0	0	0	0	0	0	0	0	0	0	0	0	42.05951	0	0	0	0	0	0	0	0	0	0	0	0	0	0
genomad_k141_1424943	0	0	0	0	0	0	0	0	0	0	0	0	0	0	0	0	0	0	0	0	0	0	0	0	0	0	0	0	384.33234	0	0	0	0	0	0	0	0	0	0	0	0	0	0	0	0	0	0
genomad_k141_3800218	0	0	0	0	0	0	0	0	0	0	0	0	0	0	0	0	0	0	0	0	0	0	0	0	0	0	0	0	0	0	0	0	304.3767	120.00756	0	0	0	0	0	0	0	0	0	0	0	0	0
genomad_k141_1186324	0	0	0	0	0	0	0	0	0	0	0	0	0	0	0	0	0	0	0	0	0	0	0	0	0	0	0	0	0	0	0	0	0	16.523125	0	0	0	0	0	0	0	0	0	0	0	0	0
genomad_k141_474562	0	0	0	0	0	0	0	0	0	0	0	0	0	0	0	0	0	0	0	0	0	0	0	0	0	0	0	0	0	0	0	0	20.84881	16.296368	0	0	0	0	0	0	0	0	0	0	0	0	0
genomad_k141_117163	0	0	0	0	0	0	0	0	0	0	0	0	0	0	0	0	0	0	0	0	0	0	0	0	0	0	0	0	0	0	0	0	0	9.99533	0	0	0	0	0	0	0	0	0	0	0	0	0
genomad_k141_3800219	0	0	0	0	0	0	0	0	0	0	0	0	0	0	0	0	0	0	0	0	0	0	0	0	0	0	0	0	0	0	0	0	0	0	365.22086	476.97324	0	0	0	0	0	0	0	0	0	0	0
genomad_k141_3206111	0	0	0	0	0	0	0	0	0	0	0	0	0	0	0	0	0	0	0	0	0	0	0	0	0	0	0	0	0	0	0	0	0	14.968243	0	0	0	0	0	0	0	0	0	0	0	0	0
genomad_k141_2613198	0	0	0	0	0	0	0	0	0	0	0	0	0	0	0	0	0	0	0	0	0	0	0	0	0	0	0	0	0	0	0	0	0	11.613585	0	0	0	0	0	0	0	0	0	0	0	0	0
genomad_k141_3800223	0	0	0	0	0	0	0	0	0	0	0	0	0	0	0	0	0	0	0	0	0	0	0	0	0	0	0	0	0	0	0	0	0	18.667963	0	0	0	0	0	0	0	0	0	0	0	0	0
genomad_k141_294907	0	0	0	0	0	0	0	0	0	0	0	0	0	0	0	0	0	0	0	0	0	0	0	0	0	0	0	0	0	0	0	0	0	0	0	114.62625	0	0	0	0	0	0	0	0	0	0	0
genomad_k141_354103	0	0	0	0	0	0	0	0	0	0	0	0	0	0	0	0	0	0	0	0	0	0	0	0	0	0	0	0	0	0	0	0	41.643696	0	0	0	0	0	0	0	0	0	0	0	0	0	0
genomad_k141_827521	0	0	0	0	0	0	0	0	0	0	0	0	0	0	0	0	0	0	0	0	0	0	0	0	0	0	0	0	0	0	0	26.23365	0	0	0	0	0	0	0	0	0	0	0	0	0	0	0
genomad_k141_3800227	0	0	0	0	0	0	0	0	0	0	0	0	0	0	0	0	0	0	0	0	0	0	0	0	0	0	0	0	0	0	0	0	47.959297	25.568808	0	0	0	0	0	0	0	0	0	0	0	0	0
genomad_k141_3623610	0	0	0	0	0	0	0	0	0	0	0	0	0	0	0	0	0	0	0	0	0	0	0	0	0	0	0	0	0	0	0	0	20.09794	4.3525357	0	0	0	0	0	0	0	0	0	0	0	0	0
genomad_k141_2848629	0	0	0	0	0	0	0	0	0	0	0	0	0	0	0	0	0	0	0	0	0	0	0	0	0	0	0	0	0	0	0	0	35.171474	14.890951	0	0	0	0	0	0	0	0	0	0	0	0	0
genomad_k141_590000	0	0	0	0	0	0	0	0	0	0	0	0	0	0	0	0	0	0	0	0	0	0	0	0	0	0	0	0	0	0	0	0	0	10.274672	0	0	0	0	0	0	0	0	0	0	0	0	0
genomad_k141_3443631	0	0	0	0	0	0	0	0	0	0	0	0	40.746815	0	0	0	0	0	0	0	0	0	0	0	0	0	0	0	0	0	0	0	0	0	0	0	0	0	0	0	0	0	0	0	0	0	0
genomad_k141_3800244	0	0	0	0	0	0	0	0	0	0	0	0	0	0	0	0	0	0	0	0	0	0	0	0	0	0	0	0	0	0	0	0	160.58437	0	0	0	0	0	0	0	0	0	0	0	0	0	0
genomad_k141_2195182	0	0	0	0	0	0	0	0	0	0	0	0	0	0	0	0	0	0	0	0	0	0	0	0	0	0	0	0	122.92525	0	0	0	0	0	0	0	0	0	0	0	0	0	0	0	0	0	0
genomad_k141_1425251	0	0	0	0	0	0	0	0	0	0	0	0	0	0	0	0	0	0	0	0	0	0	0	0	0	0	0	0	0	0	0	0	39.68133	42.977165	0	0	0	0	0	0	0	0	0	0	0	0	0
genomad_k141_532726	0	0	0	0	0	0	0	0	0	0	0	0	0	0	0	0	0	0	0	0	0	0	0	0	0	0	0	0	0	0	0	0	0	0	0	121.37966	0	0	0	0	0	0	0	0	0	0	0
genomad_k141_2135736	0	0	0	0	0	0	0	0	0	0	0	0	0	0	0	0	0	0	0	0	0	0	0	0	0	0	0	0	0	0	0	0	37.45709	0	0	0	0	0	0	0	0	0	0	0	0	0	0
genomad_k141_2017365	0	0	0	0	0	0	0	0	0	0	0	0	0	0	0	0	0	0	0	0	0	0	0	0	0	0	0	0	58.56675	0	0	26.322971	0	0	0	0	0	0	0	0	0	0	0	0	0	0	0
genomad_k141_3028984	0	0	0	0	0	0	0	0	0	0	0	0	0	0	0	0	0	0	0	0	0	0	0	0	0	0	0	0	0	0	0	0	0	6.5324006	0	0	0	0	0	0	0	0	0	0	0	0	0
genomad_k141_3800249	0	0	0	0	0	0	0	0	0	0	0	0	0	0	0	0	0	0	0	0	0	0	0	0	0	0	0	0	0	0	0	0	0	0	0	520.23413	0	0	0	0	0	0	0	0	0	0	0
genomad_k141_3800250	0	0	0	0	0	0	0	0	0	0	0	0	0	0	0	0	0	0	0	0	0	0	0	0	0	0	0	0	0	0	289.86752	0	0	0	0	0	0	0	0	0	0	0	0	0	0	0	0
genomad_k141_2195314	0	0	0	0	0	0	0	0	0	0	0	0	0	0	0	0	0	0	0	0	0	0	0	0	0	0	0	0	0	0	0	0	0	12.365838	0	0	0	0	0	0	0	0	0	0	0	0	0
genomad_k141_175407	0	0	0	0	0	0	0	0	0	0	0	0	0	0	0	0	0	0	0	0	0	0	0	0	0	0	0	0	0	0	0	0	0	0	3953.9658	1494.9191	0	0	0	0	0	0	0	0	0	0	0
genomad_k141_3266688	0	0	0	0	0	0	0	0	0	0	0	0	0	0	0	0	0	0	0	0	0	0	0	0	0	0	0	0	0	0	0	0	36.887627	10.12838	0	0	0	0	0	0	0	0	0	0	0	0	0
genomad_k141_3029027	0	0	0	0	0	0	0	0	0	0	0	0	45.527725	0	0	0	0	0	0	0	0	0	0	0	0	0	0	0	0	0	0	0	0	0	0	0	0	0	0	0	0	0	0	0	0	0	0
genomad_k141_2135866	0	0	0	0	0	0	0	0	0	0	0	0	0	0	0	0	0	0	0	0	0	0	0	0	0	0	0	0	0	0	0	0	0	0	0	0	0	0	0	0	0	0	0	0	0	0	0
genomad_k141_3800255	0	0	0	0	0	0	0	0	0	0	0	0	0	0	0	0	0	0	0	0	0	0	0	0	0	0	0	0	0	0	0	0	0	23.553844	0	0	0	0	0	0	0	0	0	0	0	0	0
genomad_k141_2256101	0	0	0	0	0	0	0	0	0	0	0	0	0	0	0	0	0	0	0	0	0	0	0	0	0	0	0	0	0	0	687.88684	52.56954	0	0	0	0	0	0	0	0	0	0	0	0	0	0	0
genomad_k141_590249	0	0	0	0	0	0	0	0	0	0	0	0	0	0	0	0	0	0	0	0	0	0	0	0	0	0	0	0	0	0	0	0	0	0	0	0	0	0	0	0	0	0	0	34111.543	0	0	0
genomad_k141_1365357	0	0	0	0	0	0	0	0	0	0	0	0	0	0	0	0	0	0	0	0	0	0	0	0	0	0	0	0	0	0	0	0	108.19642	608.5797	0	92.28916	0	0	0	0	0	0	0	0	0	0	0
genomad_k141_2195462	0	0	0	0	0	0	0	0	0	0	0	0	33.38238	0	0	0	0	0	0	0	0	0	0	0	0	0	0	0	0	0	0	0	0	0	0	0	0	0	0	0	0	0	0	0	0	0	0
genomad_k141_413702	0	0	0	0	0	0	0	0	0	0	0	0	52.351917	0	0	0	0	0	0	0	0	0	0	0	0	0	0	0	0	0	0	0	0	0	0	0	0	0	0	0	0	0	0	0	0	0	0
genomad_k141_1425497	0	0	0	0	0	0	0	0	0	0	0	0	73.565475	0	0	0	0	0	0	0	0	0	0	0	0	0	0	0	0	0	0	0	0	0	0	0	0	0	0	0	0	0	0	0	0	0	0
genomad_k141_3800269	0	0	0	0	0	0	0	0	0	0	0	0	103.4916	0	0	0	0	0	0	0	0	0	0	0	0	0	0	0	0	0	0	0	0	0	0	0	0	0	0	0	0	0	0	0	0	0	0
genomad_k141_2136027	0	0	0	0	0	0	0	0	0	0	0	0	0	0	0	0	0	0	0	0	0	0	0	0	0	0	0	0	0	0	0	0	55.83063	13.278237	0	0	0	0	0	0	0	0	0	0	0	0	0
genomad_k141_1007855	0	0	0	0	1619.6014	1676.7646	0	0	0	0	0	0	0	0	0	0	0	0	0	0	0	0	0	0	0	0	0	0	0	0	0	0	0	0	0	0	0	0	0	0	0	0	0	0	0	0	0
genomad_k141_1425588	0	0	0	0	0	0	0	0	0	0	0	0	0	0	0	0	0	0	0	0	0	0	0	0	0	0	0	0	0	0	0	0	0	4.712419	0	0	0	0	0	0	0	0	0	0	0	0	0
genomad_k141_2789883	0	0	0	0	0	0	0	0	0	0	0	0	37.767113	0	0	0	0	0	0	0	0	0	0	0	0	0	0	0	0	0	0	0	0	0	0	0	0	0	0	0	0	0	0	0	0	0	0
genomad_k141_2849031	0	0	0	0	0	0	0	0	0	0	0	0	0	0	0	0	0	0	0	0	0	0	0	0	0	0	0	0	0	0	0	0	0	16.144234	0	0	0	0	0	0	0	0	0	0	0	0	0
genomad_k141_3266958	0	0	0	0	0	0	0	0	0	0	0	0	0	0	0	0	0	0	0	0	0	0	0	0	0	0	0	0	0	0	0	0	41.507786	5.8043427	0	0	0	0	0	0	0	0	0	0	0	0	0
genomad_k141_2195626	0	0	0	0	0	0	0	0	0	0	0	0	0	0	0	0	0	0	0	0	0	0	0	0	0	0	0	0	0	0	0	0	0	8.681974	0	0	0	0	0	0	0	0	0	0	0	0	0
genomad_k141_2017737	0	0	0	0	0	0	0	0	0	0	0	0	25.323475	0	0	0	0	0	0	0	0	0	0	0	0	0	0	0	0	0	0	0	0	0	0	0	0	0	0	0	0	0	0	0	0	0	0
genomad_k141_3800280	0	0	0	0	0	0	0	0	0	0	0	0	0	0	0	0	0	0	0	0	0	0	0	0	0	0	0	0	0	0	0	0	17.491581	23.657349	0	0	0	0	0	0	0	0	0	0	0	0	0
genomad_k141_3148089	0	0	0	0	0	0	0	0	0	0	0	0	0	0	0	0	0	0	0	0	0	0	0	0	0	0	0	0	0	0	0	0	0	0	0	159.70074	0	0	0	0	0	0	0	0	0	0	0
genomad_k141_949394	0	0	0	0	0	0	0	0	0	0	0	0	0	0	0	0	0	0	0	0	0	0	0	0	0	0	0	0	20.21722	0	0	0	0	0	0	0	0	0	0	0	0	0	0	0	0	0	0
genomad_k141_117962	0	0	0	0	0	0	0	0	0	0	0	0	0	0	0	0	0	0	0	0	0	0	0	0	0	0	0	0	0	0	0	0	0	5.4136987	0	0	0	0	0	0	0	0	0	0	0	0	0
genomad_k141_2790143	0	0	0	0	0	0	0	0	0	0	0	0	0	0	0	0	0	0	0	0	0	0	0	0	0	0	0	0	0	0	0	0	0	15.857667	0	0	0	0	0	0	0	0	0	0	0	0	0
genomad_k141_1781147	0	0	0	0	0	0	0	0	0	0	0	0	0	0	0	0	0	0	0	0	0	0	0	0	0	0	0	0	0	0	0	0	70.45306	8.762403	0	0	0	0	0	0	0	0	0	0	0	0	0
genomad_k141_1246470	0	0	0	0	0	0	0	0	0	0	0	0	0	0	0	0	0	0	0	0	0	0	0	0	0	0	0	0	0	0	51.742916	53.806503	0	0	0	0	0	0	0	0	0	0	0	0	0	0	0
genomad_k141_2849274	0	0	0	0	0	0	0	0	0	0	0	0	0	0	0	0	0	0	0	0	0	0	0	0	0	0	0	0	0	0	0	29.239687	0	3.3175113	0	0	0	0	0	0	0	0	0	0	0	0	0
genomad_k141_2078079	0	0	0	0	0	0	0	0	0	0	0	0	0	0	0	0	0	0	0	0	0	0	0	0	0	0	0	0	0	0	0	0	0	8.28576	0	0	0	0	0	0	0	0	0	0	0	0	0
genomad_k141_3267238	0	0	0	0	0	0	0	0	0	0	0	0	0	0	0	0	0	0	0	0	0	0	0	0	0	0	0	0	0	0	0	0	0	6.9394546	0	0	0	0	0	0	0	0	0	0	0	0	0
genomad_k141_2553980	0	0	0	0	0	0	0	0	0	0	0	0	0	0	0	0	0	0	0	0	0	0	0	0	0	0	0	0	0	0	20.607397	75.25408	0	0	0	0	0	0	0	0	0	0	0	0	0	0	0
genomad_k141_1781226	0	0	0	0	0	0	0	0	0	0	0	0	0	0	0	0	0	0	0	0	0	0	0	0	0	0	0	0	0	0	28.17286	23.866356	0	0	0	0	0	0	0	0	0	0	0	0	0	0	0
genomad_k141_3207087	0	0	0	0	0	0	0	0	0	0	0	0	0	0	0	0	0	0	0	0	0	0	0	0	0	0	0	0	0	0	0	53.663746	0	5.088572	0	0	0	0	0	0	0	0	0	0	0	0	0
genomad_k141_3029530	0	0	0	0	0	0	0	0	0	0	0	0	0	0	0	0	0	0	0	0	0	0	0	0	0	0	0	0	0	0	0	0	19.478157	18.493233	0	0	0	0	0	0	0	0	0	0	0	0	0
genomad_k141_3800285	0	0	0	0	0	0	0	0	0	0	0	0	0	0	0	0	0	0	0	0	0	0	0	0	0	0	0	0	0	0	0	0	0	0	0	552.4765	0	0	0	0	0	0	0	0	0	0	0
genomad_k141_1662246	0	0	0	0	0	0	0	0	0	0	0	0	0	0	0	0	0	0	0	0	0	0	0	0	0	0	0	0	0	0	0	0	0	8.75711	0	0	0	0	0	0	0	0	0	0	0	0	0
genomad_k141_590873	0	0	0	0	0	0	0	0	0	0	0	0	0	0	0	0	0	0	0	0	0	0	0	0	0	0	0	0	0	0	70.237686	24.311207	0	0	0	0	0	0	0	0	0	0	0	0	0	0	0
genomad_k141_3504855	0	0	0	0	0	0	0	0	0	0	0	0	0	0	0	0	0	0	0	0	0	0	0	0	0	0	0	0	0	0	0	0	0	43.02051	0	0	0	0	0	0	0	0	0	0	0	0	0
genomad_k141_3800290	0	0	0	0	0	0	0	0	0	0	0	0	0	0	0	0	0	0	0	0	0	0	0	0	0	0	0	0	0	0	0	0	21.86896	110.19135	0	0	0	0	0	0	0	0	0	0	0	0	0
genomad_k141_1187683	0	0	0	0	0	0	0	0	0	0	0	0	0	0	0	0	0	0	0	0	0	0	0	0	0	0	0	0	0	0	0	0	0	12.03627	0	0	0	0	0	0	0	0	0	0	0	0	0
genomad_k141_1366065	0	0	0	0	0	0	0	0	0	0	0	0	0	0	0	0	0	0	0	0	0	0	0	0	0	0	0	0	0	0	59.22193	42.80412	0	0	0	0	0	0	0	0	0	0	0	0	0	0	0
genomad_k141_2256875	0	0	0	0	0	0	0	0	0	0	0	0	0	0	0	0	0	0	0	0	0	0	0	0	0	0	0	0	0	0	0	34.41586	0	0	0	0	0	0	0	0	0	0	0	0	0	0	0
genomad_k141_296034	0	0	0	0	0	0	0	327.10825	0	0	0	0	0	0	0	0	0	0	0	0	0	0	0	0	0	0	0	0	0	0	173.09506	189.62532	0	0	0	0	0	0	0	0	0	0	0	0	0	0	0
genomad_k141_3800320	0	0	0	0	0	0	0	0	0	0	0	0	0	0	0	0	0	0	0	0	0	0	0	0	0	0	0	0	610.20166	0	0	0	0	0	0	0	0	0	0	0	0	0	0	0	0	0	0
genomad_k141_1899004	0	0	0	0	0	0	0	0	0	0	0	0	0	0	0	0	0	0	0	0	0	0	0	0	0	0	0	0	0	0	0	0	0	0	0	64.89694	0	0	0	0	0	0	0	0	0	0	0
genomad_k141_1246775	0	0	0	0	0	0	0	0	0	0	0	0	0	0	0	0	0	0	0	0	0	0	0	0	0	0	0	0	0	0	43.13534	67.57012	0	0	0	0	0	0	0	0	0	0	0	0	0	0	0
genomad_k141_3743618	0	0	0	0	0	0	0	0	0	0	0	0	0	0	0	0	0	0	0	0	0	0	0	0	0	0	0	0	0	0	0	0	0	0	994.09454	924.94965	0	0	0	0	0	0	0	0	0	0	0
genomad_k141_1543119	0	0	0	0	0	0	0	0	0	0	0	0	0	0	0	0	0	0	0	0	0	0	0	0	0	0	0	0	43.12263	0	0	0	0	0	0	0	0	0	0	0	0	0	0	0	0	0	0
genomad_k141_1720613	0	0	0	0	0	0	0	0	0	0	0	0	0	0	0	0	0	0	0	0	0	0	0	0	0	0	0	0	0	0	0	28.803476	0	49.890694	0	0	0	0	0	0	0	0	0	0	0	0	0
genomad_k141_771825	0	0	0	0	0	0	0	0	0	0	0	0	0	0	0	0	0	0	0	0	0	0	0	0	0	0	0	0	0	0	0	128.35347	0	0	0	0	0	0	0	0	0	0	0	0	0	0	0
genomad_k141_3683874	0	0	0	0	0	0	0	0	0	0	0	0	0	0	0	0	0	0	0	0	0	0	0	0	0	0	0	0	0	0	0	0	39.777588	0	0	0	0	0	0	0	0	0	0	0	0	0	0
genomad_k141_296162	0	0	0	0	0	0	0	0	0	0	0	0	0	0	0	0	0	0	0	0	0	0	0	0	0	0	0	0	0	0	0	0	0	10.833042	0	0	0	0	0	0	0	0	0	0	0	0	0
genomad_k141_234757	0	0	0	0	0	0	0	0	0	0	0	0	0	0	0	0	0	0	0	0	0	0	0	0	0	0	0	0	0	0	0	0	0	0	0	81.576546	0	0	0	0	0	0	0	0	0	0	0
genomad_k141_1304246	0	0	0	0	0	0	0	0	0	0	0	0	0	0	0	0	0	0	0	0	0	0	0	0	0	0	0	0	0	0	0	0	0	0	0	214.73575	0	0	0	0	0	0	0	0	0	0	0
genomad_k141_2731103	0	0	0	0	0	0	0	0	0	0	0	0	0	0	0	0	0	0	0	0	0	0	0	0	0	0	0	0	0	0	497.4183	12.886154	0	0	0	0	0	0	0	0	0	0	0	0	0	0	0
genomad_k141_1426407	0	0	0	0	0	0	0	0	0	0	0	0	0	0	0	0	0	0	0	0	0	0	0	0	0	0	0	0	0	0	0	0	87.70764	93.651115	0	47.26747	0	0	0	0	0	0	0	0	0	0	0
genomad_k141_296248	0	0	0	0	0	0	0	0	0	0	0	0	0	0	0	0	0	0	0	0	0	0	0	0	0	0	0	0	0	0	0	0	417.1578	0	0	0	0	0	0	0	0	0	0	0	0	0	0
genomad_k141_1720822	0	0	0	0	0	0	0	0	0	0	0	0	0	0	0	0	0	0	0	0	0	0	0	0	0	0	0	0	0	0	75.09362	0	0	0	0	0	0	0	0	0	0	0	0	0	0	0	0
genomad_k141_3563166	0	0	0	0	0	0	0	0	0	0	0	0	0	0	0	0	0	0	0	0	0	0	0	0	0	0	0	0	0	0	0	0	40.633465	39.909153	0	0	0	0	0	0	0	0	0	0	0	0	0
genomad_k141_2970758	0	0	0	0	0	0	0	0	0	0	0	0	0	0	0	0	0	0	0	0	0	1121.386	0	0	0	0	0	3460.2952	0	0	0	0	0	0	0	0	0	0	0	0	0	0	0	0	0	0	0
genomad_k141_1720963	0	0	0	0	0	0	0	0	0	0	0	0	0	0	0	0	0	0	0	0	0	0	0	0	0	0	0	0	0	0	0	61.384377	0	0	0	0	0	0	0	0	0	0	0	0	0	0	0
genomad_k141_3207664	0	0	0	0	0	0	0	0	0	0	0	0	44.930965	0	0	0	0	0	0	0	0	0	0	0	0	0	0	0	0	0	0	0	0	0	0	0	0	0	0	0	0	0	0	0	0	0	0
genomad_k141_3625122	0	0	0	0	1639.8298	1553.7494	0	0	0	0	0	0	0	0	0	0	0	0	0	0	0	0	0	0	0	0	0	0	0	0	0	0	0	0	0	0	0	0	0	0	0	0	0	0	0	0	0
genomad_k141_2554620	0	0	0	0	0	0	0	0	0	0	0	0	0	0	0	0	0	0	0	0	0	0	0	0	0	0	0	0	0	0	0	0	0	69.40345	0	0	0	0	0	0	0	0	0	0	0	0	0
genomad_k141_414837	0	0	0	0	0	0	0	0	0	0	0	0	0	0	0	0	0	0	0	0	0	0	0	0	0	0	0	0	0	0	0	18.81922	0	0	0	0	0	0	0	0	0	0	0	0	0	0	0
genomad_k141_1008937	0	0	0	0	0	0	0	0	0	0	0	0	0	0	0	0	0	0	0	0	0	0	0	0	0	0	0	0	0	0	18.891405	17.124973	0	0	0	0	0	0	0	0	0	0	0	0	0	0	0
genomad_k141_2316315	0	0	0	0	0	0	0	0	0	0	0	0	0	0	0	0	0	0	0	0	0	0	0	0	0	0	0	0	38.682285	0	0	0	0	0	0	0	0	0	0	0	0	0	0	0	0	0	0
genomad_k141_1899457	0	0	0	0	0	0	0	0	0	0	0	0	0	0	0	0	0	0	0	0	0	0	0	0	0	0	0	0	0	0	74.3072	165.04866	0	14.38005	0	0	0	0	0	0	0	0	0	0	0	0	0
genomad_k141_3326998	0	0	0	0	0	0	0	0	0	0	0	0	0	0	0	0	0	0	0	0	0	0	0	0	0	0	0	0	0	0	0	0	0	7.709243	0	0	0	0	0	0	0	0	0	0	0	0	0
genomad_k141_2137276	0	0	0	0	0	0	0	0	0	0	0	0	0	0	0	0	0	0	0	0	0	0	0	0	0	0	0	0	0	0	0	56.63603	0	0	0	0	0	0	0	0	0	0	0	0	0	0	0
genomad_k141_2316353	0	0	0	0	0	0	0	0	0	0	0	0	0	0	0	0	0	0	0	0	0	0	0	0	0	0	0	0	0	0	0	0	27.999075	5.0623684	0	0	0	0	0	0	0	0	0	0	0	0	0
genomad_k141_118870	0	0	0	0	0	0	0	0	0	0	0	0	0	0	0	0	0	0	0	0	0	0	0	0	0	0	0	0	0	0	0	0	36.997696	36.849735	0	0	0	0	0	0	0	0	0	0	0	0	0
genomad_k141_2137290	0	0	0	0	0	0	0	0	0	0	0	0	0	0	0	0	0	0	0	0	0	0	0	0	0	0	0	0	0	0	0	59.546074	0	0	0	0	0	0	0	0	0	0	0	0	0	0	0
genomad_k141_772138	0	0	0	0	0	0	0	0	0	0	0	0	16707.328	0	0	0	0	0	0	0	0	0	0	0	0	0	0	0	0	0	0	0	0	0	0	0	0	0	0	0	0	0	0	0	0	0	0
genomad_k141_2850118	0	0	0	0	0	0	0	0	0	0	0	0	0	0	0	0	0	0	0	0	0	0	0	0	0	0	0	0	0	0	0	0	178.42383	24.65468	0	0	0	0	0	0	0	0	0	0	0	0	0
genomad_k141_355598	0	0	0	0	0	0	0	0	0	0	0	0	0	0	0	0	0	0	0	0	0	0	0	0	0	0	0	0	0	0	0	0	108.68982	0	0	0	0	0	0	0	0	0	0	0	0	0	0
genomad_k141_414966	0	0	0	0	0	0	0	0	0	0	0	0	0	0	0	0	0	0	0	0	0	0	0	0	0	0	0	0	0	0	0	0	0	9.867272	0	0	0	0	0	0	0	0	0	0	0	0	0
genomad_k141_355619	0	0	0	0	0	0	0	0	0	0	0	0	0	0	0	0	0	0	0	0	0	0	0	0	0	0	0	0	0	0	0	0	29.864866	15.773077	0	0	0	0	0	0	0	0	0	0	0	0	0
genomad_k141_534067	0	0	0	0	0	0	0	0	0	0	0	0	0	0	0	0	0	0	0	0	0	0	0	0	0	0	0	0	0	0	0	0	41.650715	0	0	0	0	0	0	0	0	0	0	0	0	0	0
genomad_k141_1009086	0	0	0	0	0	0	0	0	0	0	0	0	0	0	0	0	0	0	0	0	0	0	0	0	0	0	0	0	0	0	0	0	16.547026	5.009675	0	0	0	0	0	0	0	0	0	0	0	0	0
genomad_k141_355630	0	0	0	0	0	0	0	0	0	0	0	0	0	0	0	0	0	0	0	0	0	0	0	0	0	0	0	0	0	0	0	0	0	23.817066	0	0	0	0	0	0	0	0	0	0	0	0	0
genomad_k141_2731542	0	0	0	0	0	0	0	0	0	0	0	0	52.127357	0	0	0	0	0	0	0	0	0	0	0	0	0	0	0	0	0	0	0	0	0	0	0	0	0	0	0	0	0	0	0	0	0	0
genomad_k141_176957	0	0	0	0	0	0	0	0	0	0	0	0	0	0	0	0	0	0	0	0	0	0	0	0	0	0	0	0	0	0	0	0	31.068523	21.481445	0	0	0	0	0	0	0	0	0	0	0	0	0
genomad_k141_772286	0	0	0	0	0	0	0	0	0	0	0	0	0	0	0	0	0	0	0	0	0	1590.2413	0	0	0	0	0	1623.2719	0	0	0	0	0	0	0	0	0	0	0	0	0	0	0	0	0	0	0
genomad_k141_3030183	0	0	0	0	3470.6335	3523.8538	0	0	0	0	0	0	0	0	0	0	0	0	0	0	0	0	0	0	0	0	0	0	0	0	0	0	0	0	0	0	0	0	0	0	0	0	0	0	0	0	0
genomad_k141_2494801	0	0	0	0	0	0	0	0	0	0	0	0	0	0	0	0	0	0	0	0	0	0	0	0	0	0	0	0	0	0	0	34.787697	0	0	0	0	0	0	0	0	0	0	0	0	0	0	0
genomad_k141_1304780	0	0	0	0	0	0	0	0	0	0	0	0	0	0	0	0	0	0	0	0	0	0	0	0	0	0	0	0	0	0	0	0	0	7.7684293	0	0	0	0	0	0	0	0	0	0	0	0	0
genomad_k141_296647	0	0	0	0	0	0	0	0	10533.917	11267.359	0	0	0	0	0	0	0	0	0	0	0	0	0	0	0	0	0	0	0	0	0	0	0	0	0	0	0	0	0	0	0	0	0	0	0	0	0
genomad_k141_591847	0	0	0	0	0	0	0	0	0	0	0	0	0	0	0	0	0	0	0	0	0	0	0	0	0	0	0	0	0	0	0	32.301342	0	0	0	0	0	0	0	0	0	0	0	0	0	0	0
genomad_k141_3208039	0	0	0	0	0	0	0	0	0	0	0	0	0	0	0	0	0	0	0	0	0	0	0	0	0	0	0	0	0	0	0	0	0	5.596132	0	0	0	0	0	0	0	0	0	0	0	0	0
genomad_k141_1366827	0	0	0	0	0	0	0	0	0	0	0	0	0	0	0	0	0	0	0	0	0	0	0	0	0	0	0	0	0	0	0	62.493465	0	0	0	0	0	0	0	0	0	0	0	0	0	0	0
genomad_k141_3625505	0	0	0	0	0	0	0	0	0	0	0	0	0	0	0	0	0	0	0	0	0	0	0	0	0	0	0	0	0	0	0	0	19.32532	5.802017	0	0	0	0	0	0	0	0	0	0	0	0	0
genomad_k141_534273	0	0	0	0	0	0	0	0	0	0	0	0	0	0	0	0	0	0	0	0	0	0	0	0	0	0	0	0	0	0	0	0	0	8.573022	0	0	0	0	0	0	0	0	0	0	0	0	0
genomad_k141_772402	0	0	0	0	0	0	0	0	0	0	0	0	0	0	0	0	0	0	0	0	0	0	0	0	0	0	0	0	37.348408	0	0	0	0	0	0	0	0	0	0	0	0	0	0	0	0	0	0
genomad_k141_1128802	0	0	0	0	0	0	0	0	0	0	0	0	0	0	0	0	0	0	0	0	0	0	0	0	0	0	0	0	0	0	0	0	57.454277	0	0	0	0	0	0	0	0	0	0	0	0	0	0
genomad_k141_3800783	0	0	0	0	0	0	0	0	0	0	0	0	0	0	0	0	0	0	0	0	0	0	0	0	0	0	0	0	0	0	434.22958	0	0	0	0	0	0	0	0	0	0	0	0	0	0	0	0
genomad_k141_2494970	0	0	0	0	0	0	0	0	0	0	0	0	0	0	0	0	0	0	0	0	0	0	0	0	0	0	0	0	0	0	0	0	29.440104	3.8543344	0	0	0	0	0	0	0	0	0	0	0	0	0
genomad_k141_415341	0	0	0	0	0	0	0	0	0	0	0	0	0	0	0	0	0	0	0	0	0	0	0	0	0	0	0	0	0	0	74.09	106.83912	0	0	0	0	0	0	0	0	0	0	0	0	0	0	0
genomad_k141_2316956	0	0	0	0	0	0	0	0	0	0	0	0	0	0	0	0	0	0	0	0	0	0	0	0	0	0	0	0	0	0	0	0	0	0	0	0	0	0	0	0	0	1339.6288	1310.0123	0	0	0	0
genomad_k141_296870	0	0	0	0	0	0	0	0	0	0	0	0	0	0	0	0	0	0	0	0	0	0	0	0	0	0	0	0	331.20688	0	0	0	0	0	0	0	0	0	0	0	0	0	0	0	0	0	0
genomad_k141_1188814	0	0	0	0	0	0	0	0	0	0	0	0	0	0	0	0	0	0	0	0	0	0	0	0	0	0	0	0	0	0	0	0	26.054579	5.421892	0	0	0	0	0	0	0	0	0	0	0	0	0
genomad_k141_3801006	0	0	0	0	0	0	0	0	0	0	0	0	0	0	0	0	0	0	0	0	0	0	0	0	0	0	0	0	0	0	0	0	1395.2281	569.2417	0	136.5384	0	0	0	0	0	0	0	0	0	0	0
genomad_k141_2019284	0	0	0	0	0	0	0	0	0	0	0	0	0	0	0	0	0	0	0	0	0	0	0	0	0	0	0	0	0	0	0	0	0	7.9180894	0	0	0	0	0	0	0	0	0	0	0	0	0
genomad_k141_1544123	0	0	0	0	0	0	0	0	0	0	0	0	0	0	0	0	0	0	0	0	0	0	0	0	0	0	4509.934	0	0	0	0	0	0	0	0	0	0	0	0	0	0	0	0	0	0	0	0
genomad_k141_2910252	0	0	0	0	0	0	0	0	0	0	0	0	0	0	0	0	0	0	0	0	0	0	0	0	0	0	0	0	0	0	0	0	0	8.225614	0	0	0	0	0	0	0	0	0	0	0	0	0
genomad_k141_534424	0	0	0	0	0	0	0	0	0	0	0	0	0	0	0	0	0	0	0	0	0	0	0	0	0	0	0	0	158.1084	0	0	0	0	0	0	0	0	0	0	0	0	0	0	0	0	0	0
genomad_k141_177424	0	0	0	0	0	0	0	0	0	0	0	0	0	0	0	0	0	0	0	0	0	0	0	0	0	0	0	0	0	0	0	0	62.546597	39.255253	0	0	0	0	0	0	0	0	0	0	0	0	0
genomad_k141_2495318	0	0	0	0	0	0	0	0	0	0	0	0	0	0	0	0	0	0	0	0	0	0	0	0	0	0	0	0	0	0	0	0	0	0	0	110.71235	0	0	0	0	0	0	0	0	0	0	0
genomad_k141_2495346	0	0	0	0	0	0	0	0	0	0	0	0	0	0	0	0	0	0	0	0	0	0	0	0	0	0	0	0	0	0	31.977512	7.605822	0	7.510726	0	0	0	0	0	0	0	0	0	0	0	0	0
genomad_k141_3268891	0	0	0	0	0	0	0	0	0	0	0	0	0	0	0	0	0	0	0	0	0	0	0	0	0	0	0	0	0	0	0	0	25.132381	14.065921	0	0	0	0	0	0	0	0	0	0	0	0	0
genomad_k141_415668	0	0	0	0	0	0	0	0	0	0	0	0	0	0	0	0	0	0	0	0	0	0	0	0	0	0	0	0	0	0	68.99903	21.049578	19.84015	18.374352	0	0	0	0	0	0	0	0	0	0	0	0	0
genomad_k141_3685067	0	0	0	0	0	0	0	0	0	0	0	0	0	0	0	0	0	0	0	0	0	0	0	0	0	0	0	0	0	0	0	0	0	8.824592	0	0	0	0	0	0	0	0	0	0	0	0	0
genomad_k141_2138112	0	0	0	0	0	0	0	0	0	0	0	0	0	0	0	0	0	0	0	0	0	0	0	0	0	0	0	0	0	0	17.017015	17.218504	0	0	0	0	0	0	0	0	0	0	0	0	0	0	0
genomad_k141_236012	0	0	0	0	0	0	0	0	0	0	0	0	0	0	0	0	0	0	0	0	0	0	0	0	0	0	0	0	0	0	0	73.19103	0	0	0	0	0	0	0	0	0	0	0	0	0	0	0
genomad_k141_1069888	0	0	0	0	0	0	0	0	0	0	0	0	0	0	0	0	0	0	0	0	0	0	0	0	0	0	0	0	0	0	0	0	29.873287	47.21068	0	0	0	0	0	0	0	0	0	0	0	0	0
genomad_k141_2495517	0	0	0	0	0	0	0	0	0	0	0	0	0	0	0	0	0	0	0	0	0	0	0	0	0	0	0	0	0	0	0	0	29.311848	5.991526	0	0	0	0	0	0	0	0	0	0	0	0	0
genomad_k141_415744	0	0	0	0	0	0	0	0	0	0	0	0	49.97405	0	0	0	0	0	0	0	0	0	0	0	0	0	0	0	0	0	0	0	0	0	0	0	0	0	0	0	0	0	0	0	0	0	0
genomad_k141_1842046	0	0	0	0	0	0	0	0	0	0	0	0	0	0	0	0	0	0	0	0	0	0	0	0	0	0	0	0	0	0	0	0	31.899998	7.215484	0	0	0	0	0	0	0	0	0	0	0	0	0
genomad_k141_2317453	0	0	0	0	0	0	0	0	0	0	0	0	0	0	0	0	0	0	0	0	0	0	0	0	0	0	0	0	0	0	0	51.07977	0	0	0	0	0	0	0	0	0	0	0	0	0	0	0
genomad_k141_1069924	0	0	0	0	0	0	0	0	0	0	0	0	0	0	0	0	0	0	0	0	0	0	0	0	0	0	0	0	0	0	0	0	0	15.634192	0	0	0	0	0	0	0	0	0	0	0	0	0
genomad_k141_1783017	0	0	0	0	0	0	0	0	0	0	0	0	0	0	0	0	0	0	0	0	0	0	0	0	0	0	0	0	0	0	0	0	16.505123	21.9649	0	0	0	0	0	0	0	0	0	0	0	0	0
genomad_k141_2971991	0	0	0	0	0	0	0	0	0	0	0	0	0	0	0	0	0	0	0	0	0	0	0	0	0	0	0	0	0	0	0	0	21.67567	5.7329764	0	0	0	0	0	0	0	0	0	0	0	0	0
genomad_k141_3208772	0	0	0	0	0	0	0	0	0	0	0	0	0	0	0	0	0	0	0	0	0	0	0	0	0	0	0	0	0	0	0	0	13.723546	3.927293	0	0	0	0	0	0	0	0	0	0	0	0	0
genomad_k141_2972010	0	0	0	0	0	0	0	0	0	0	0	0	0	0	0	0	0	0	0	0	0	0	0	0	0	0	0	0	0	0	0	0	0	5.2119217	0	0	0	0	0	0	0	0	0	0	0	0	0
genomad_k141_415849	0	0	0	0	0	0	0	0	0	0	0	0	0	0	0	0	0	0	0	0	0	0	0	0	0	0	0	0	0	0	0	0	62.552776	60.217052	0	38.290276	0	0	0	0	0	0	0	0	0	0	0
genomad_k141_1604824	0	0	0	0	0	0	0	0	0	0	0	0	0	0	0	0	0	0	0	0	0	0	0	0	0	0	0	0	0	0	0	0	0	21.00796	0	0	0	0	0	0	0	0	0	0	0	0	0
genomad_k141_1722200	0	0	0	0	0	0	0	0	0	0	0	0	0	0	0	0	0	0	0	0	0	0	0	0	0	0	0	0	0	0	0	0	30.626963	21.51769	0	0	0	0	0	0	0	0	0	0	0	0	0
genomad_k141_1070005	0	0	0	0	0	0	0	0	0	0	0	0	0	0	0	0	0	0	0	0	0	0	0	0	0	0	0	0	0	0	0	0	0	7.7236586	0	0	0	0	0	0	0	0	0	0	0	0	0
genomad_k141_1722229	0	0	0	0	0	0	0	0	0	0	0	0	0	0	0	0	0	0	0	0	0	0	0	0	0	0	0	0	0	0	0	0	0	0	265.41202	98.41091	0	0	0	0	0	0	0	0	0	0	0
genomad_k141_2495690	0	0	0	0	0	0	0	0	0	0	0	0	0	0	0	0	0	0	0	0	0	0	0	0	0	0	0	0	0	0	0	0	0	18.19617	0	0	0	0	0	0	0	0	0	0	0	0	0
genomad_k141_1544615	0	0	0	0	0	0	0	0	0	0	0	0	0	0	0	0	0	0	0	0	0	0	0	0	0	0	0	0	0	0	0	0	0	20.980364	0	0	0	0	0	0	0	0	0	0	0	0	0
genomad_k141_534853	0	0	0	0	0	0	0	0	0	0	0	0	158.74411	0	0	0	0	0	0	0	0	0	0	0	0	0	0	0	0	0	0	0	0	0	0	0	0	0	0	0	0	0	0	0	0	0	0
genomad_k141_3626444	0	0	0	0	0	0	0	0	0	0	0	0	0	0	0	0	0	0	0	0	0	0	0	0	0	0	0	0	0	0	0	0	62.81144	0	0	0	0	0	0	0	0	0	0	0	0	0	0
genomad_k141_1129505	0	0	0	0	0	0	0	0	0	0	0	0	0	0	0	0	0	0	0	0	0	0	0	0	0	0	0	0	0	0	0	0	75.60465	42.09955	0	0	0	0	0	0	0	0	0	0	0	0	0
genomad_k141_1129534	0	0	0	0	0	0	0	0	0	0	0	0	0	0	0	0	0	0	0	0	0	0	0	0	0	0	0	0	0	0	0	0	0	11.762048	0	0	0	0	0	0	0	0	0	0	0	0	0
genomad_k141_2792111	0	0	0	0	0	0	0	0	0	0	0	0	0	0	0	0	0	0	0	0	0	0	0	0	0	0	0	0	0	0	0	0	0	0	0	157.14166	0	0	0	0	0	0	0	0	0	0	0
genomad_k141_3685576	0	0	0	0	0	0	0	0	0	0	0	0	0	0	0	0	0	0	0	0	0	0	0	0	0	0	0	0	0	0	0	0	0	7.088194	0	0	0	0	0	0	0	0	0	0	0	0	0
genomad_k141_2732709	0	0	0	0	0	0	0	0	0	0	0	0	0	0	0	0	0	0	0	0	0	0	0	0	0	0	0	0	0	0	0	0	18.779936	6.7243595	0	0	0	0	0	0	0	0	0	0	0	0	0
genomad_k141_1664334	0	0	0	0	0	0	0	0	0	0	0	0	0	0	0	0	0	0	0	0	0	0	0	0	0	0	0	0	0	0	0	0	25.278973	37.852962	0	0	0	0	0	0	0	0	0	0	0	0	0
genomad_k141_1544761	0	0	0	0	0	0	0	0	0	0	0	0	0	0	0	0	0	0	0	0	0	0	0	0	0	0	0	0	0	0	0	0	0	14.340264	0	0	0	0	0	0	0	0	0	0	0	0	0
genomad_k141_3387658	0	0	0	0	0	0	0	0	0	0	0	0	35.39604	0	0	0	0	0	0	0	0	0	0	0	0	0	0	0	0	0	0	0	0	0	0	0	0	0	0	0	0	0	0	0	0	0	0
genomad_k141_713265	0	0	0	0	0	0	0	0	0	0	0	0	0	0	0	0	0	0	0	0	0	0	0	0	0	0	0	0	0	0	0	62.07901	0	42.26425	0	0	0	0	0	0	0	0	0	0	0	0	0
genomad_k141_1664438	2600.277	2745.8364	0	0	0	0	0	0	0	0	0	0	0	0	0	0	0	0	0	0	0	0	0	0	0	0	0	0	0	0	0	0	0	0	0	0	0	0	0	0	0	0	0	0	0	0	0
genomad_k141_416153	0	0	0	0	0	0	0	0	0	0	0	0	0	0	0	0	0	0	0	0	0	0	0	0	0	0	0	0	0	0	0	0	118.130455	0	0	0	0	0	0	0	0	0	0	0	0	0	0
genomad_k141_713268	0	0	0	0	0	0	0	0	0	0	0	0	0	0	0	0	0	0	0	0	0	0	0	0	0	0	0	0	0	0	541.65137	46.73131	0	0	0	0	0	0	0	0	0	0	0	0	0	0	0
genomad_k141_830614	0	0	0	0	0	0	0	0	0	0	0	0	0	0	0	0	0	0	0	0	0	0	0	0	0	0	0	0	0	0	0	0	79.49526	103.33551	0	0	0	0	0	0	0	0	0	0	0	0	0
genomad_k141_178299	0	0	0	0	0	0	0	0	0	0	0	0	0	0	0	0	0	0	0	0	0	0	0	0	0	0	0	0	0	0	0	82.460106	0	16.316814	0	0	0	0	0	0	0	0	0	0	0	0	0
genomad_k141_593006	0	0	0	0	0	0	0	0	0	0	0	0	61.505383	0	0	0	0	0	0	0	0	0	0	0	0	0	0	0	0	0	0	0	0	0	0	0	0	0	0	0	0	0	0	0	0	0	0
genomad_k141_178334	0	0	0	0	0	0	0	0	0	0	0	0	0	0	0	0	0	0	0	0	0	0	0	0	0	0	0	0	0	0	0	0	0	6.285602	0	0	0	0	0	0	0	0	0	0	0	0	0
genomad_k141_2436622	0	0	0	0	0	0	0	0	0	0	0	0	0	0	0	0	0	0	0	0	0	0	0	0	0	0	0	0	0	0	0	0	0	0	0	500.79663	0	0	0	0	0	0	0	0	0	0	0
genomad_k141_3564926	0	0	0	0	0	0	0	0	0	0	0	0	0	0	0	0	0	0	0	0	0	0	0	0	0	0	0	0	0	0	0	0	0	0	0	94.856384	0	0	0	0	0	0	0	0	0	0	0
genomad_k141_3446808	0	0	0	0	0	0	0	0	0	0	0	0	0	0	0	0	0	0	0	0	0	0	0	0	0	0	0	0	0	0	0	42.77466	0	0	0	0	0	0	0	0	0	0	0	0	0	0	0
genomad_k141_3209499	0	0	0	0	0	0	0	0	0	0	0	0	0	0	0	0	0	0	0	0	0	0	0	0	0	0	0	0	0	0	28.701372	28.143341	0	0	0	0	0	0	0	0	0	0	0	0	0	0	0
genomad_k141_3328761	0	0	0	0	0	0	0	0	0	0	0	0	0	0	0	0	0	0	0	0	0	0	0	0	0	0	0	0	0	0	0	37.833523	0	0	0	0	0	0	0	0	0	0	0	0	0	0	0
genomad_k141_58629	0	0	0	0	0	0	0	0	0	0	0	0	0	0	0	0	0	0	0	0	0	0	0	0	0	0	0	0	0	0	0	0	0	0	918.12384	706.433	0	0	0	0	0	0	0	0	0	0	0
genomad_k141_3446937	0	0	0	0	0	0	0	0	0	0	0	0	0	0	0	0	0	0	0	0	0	0	0	0	0	0	0	0	0	0	34.503372	29.012915	0	0	0	0	0	0	0	0	0	0	0	0	0	0	0
genomad_k141_2733394	0	0	0	0	0	0	0	0	0	0	0	0	0	0	0	0	0	0	0	0	0	1563.0903	0	0	0	0	0	0	0	0	0	0	0	0	0	0	0	0	0	0	0	0	0	0	0	0	0
genomad_k141_2851936	0	0	0	0	0	0	0	0	0	0	0	0	0	0	0	0	0	0	0	0	0	0	0	0	0	0	0	0	0	0	0	0	0	26.4646	0	0	0	0	0	0	0	0	0	0	0	0	0
genomad_k141_2792733	0	0	0	0	0	0	0	0	0	0	0	0	0	0	0	0	0	0	0	0	0	1337.7303	0	0	0	0	0	0	0	0	0	0	0	0	0	0	0	0	0	0	0	0	0	0	0	0	0
genomad_k141_1723009	0	0	0	0	0	0	0	0	0	0	0	0	0	0	0	0	0	0	0	0	0	0	0	0	0	0	0	0	0	0	0	0	0	12.945079	0	0	0	0	0	0	0	0	0	0	0	0	0
genomad_k141_1842863	0	0	0	0	0	0	0	0	0	0	0	0	0	0	0	0	0	0	0	0	0	0	0	0	0	0	0	0	0	0	0	0	48.60399	42.321487	0	0	0	0	0	0	0	0	0	0	0	0	0
genomad_k141_3507320	0	0	0	0	0	0	0	143.06613	0	0	0	0	0	0	0	0	0	0	0	0	0	0	0	0	0	0	0	0	0	0	143.44463	99.76154	0	14.056077	0	0	0	0	0	0	0	0	0	0	0	0	0
genomad_k141_3328980	0	0	0	0	0	0	0	0	0	0	0	0	0	0	0	0	0	0	0	0	0	1428.8384	0	0	0	0	0	0	0	0	0	0	0	0	0	0	0	0	0	0	0	0	0	0	0	0	0
genomad_k141_1545434	0	0	0	0	0	0	0	0	0	0	0	0	0	0	0	0	0	0	0	0	0	0	0	0	0	0	0	0	407.27118	167.39674	0	0	0	0	0	0	0	0	0	0	0	0	0	0	0	0	0
genomad_k141_2911791	0	0	0	0	0	0	0	0	0	0	0	0	0	0	0	0	0	0	0	0	0	0	0	0	0	0	0	0	0	0	0	0	0	29.480661	0	0	0	0	0	0	0	0	0	0	0	0	0
genomad_k141_831157	0	0	0	0	0	0	0	0	0	0	0	0	0	0	0	0	0	0	0	0	0	0	0	0	0	0	0	0	449.52295	118.31141	0	0	0	0	0	0	0	0	0	0	0	0	0	0	0	0	0
genomad_k141_3565394	0	0	0	0	0	0	0	0	0	0	0	0	0	0	0	0	0	0	0	0	0	0	0	0	0	0	0	0	0	0	0	0	0	17.16735	0	0	0	0	0	0	0	0	0	0	0	0	0
genomad_k141_2852149	0	0	0	0	0	0	0	0	0	0	0	0	0	0	0	0	0	0	0	0	0	0	0	0	0	0	0	0	0	0	0	0	0	26.68061	0	0	0	0	0	0	0	0	0	0	0	0	0
genomad_k141_3507435	0	0	0	0	0	0	0	0	0	0	0	0	0	0	0	0	0	0	0	0	0	0	0	0	0	0	0	0	0	0	0	0	0	8.486646	0	0	0	0	0	0	0	0	0	0	0	0	0
genomad_k141_3507465	0	0	0	0	0	0	0	0	0	0	0	0	0	0	0	0	0	0	0	0	0	0	0	0	0	0	0	0	0	0	0	0	29.777008	123.8264	0	0	0	0	0	0	0	0	0	0	0	0	0
genomad_k141_3329162	0	0	0	0	0	0	0	0	0	0	0	0	0	0	0	0	0	0	0	0	0	0	0	0	0	0	0	0	0	0	0	0	48.11056	273.25537	0	79.2726	0	0	0	0	0	0	0	0	0	0	0
genomad_k141_3210042	0	0	0	0	0	0	0	0	0	0	0	0	0	0	0	0	0	0	0	0	0	0	0	0	0	0	0	0	0	0	0	25.36357	0	0	0	0	0	0	0	0	0	0	0	0	0	0	0
genomad_k141_2793107	0	0	0	0	0	0	0	0	0	0	0	0	0	0	0	0	0	0	0	0	0	0	0	0	0	0	0	0	86.159386	0	0	0	0	0	0	0	0	0	0	0	0	0	0	0	0	0	0
genomad_k141_2733888	0	0	0	0	0	0	0	0	0	0	0	0	0	0	0	0	0	0	0	0	0	0	0	0	0	0	0	0	0	0	0	0	0	7.9756083	0	0	0	0	0	0	0	0	0	0	0	0	0
genomad_k141_2852393	0	0	0	0	0	0	0	0	0	0	0	0	0	0	0	0	0	0	0	0	0	0	0	0	0	0	0	0	0	0	0	0	0	21.725683	0	0	0	0	0	0	0	0	0	0	0	0	0
genomad_k141_593607	0	0	0	0	0	0	0	0	0	0	0	0	0	0	0	0	0	0	0	0	0	0	0	0	0	0	0	0	0	0	0	0	41.626762	93.08023	0	0	0	0	0	0	0	0	0	0	0	0	0
genomad_k141_831443	0	0	0	0	0	0	0	0	0	0	0	0	0	0	0	0	0	0	0	0	0	0	0	0	0	0	0	0	0	0	0	0	0	36.27426	0	0	0	0	0	0	0	0	0	0	0	0	0
genomad_k141_593750	0	0	0	0	0	0	0	0	0	0	0	0	0	0	0	0	0	0	0	0	0	0	0	0	0	0	0	0	0	0	0	24.688839	0	0	0	0	0	0	0	0	0	0	0	0	0	0	0
genomad_k141_3565954	0	0	0	0	0	0	0	0	0	0	0	0	0	0	0	0	0	0	0	0	0	0	0	0	0	0	0	0	0	0	0	0	0	16.50111	0	0	0	0	0	0	0	0	0	0	0	0	0
genomad_k141_1902034	0	0	0	0	0	0	0	0	0	0	0	0	0	0	0	0	0	0	0	0	0	0	0	0	0	0	0	0	53.728004	0	0	0	0	0	0	0	0	0	0	0	0	0	0	0	0	0	0
genomad_k141_3447723	0	0	0	0	0	0	0	0	0	0	0	0	0	0	0	0	0	0	0	0	0	0	0	0	0	0	0	0	0	0	0	0	78.93547	481.223	0	98.86409	0	0	0	0	0	0	0	0	0	0	0
genomad_k141_1723746	0	0	0	0	0	0	0	0	0	0	0	0	0	0	0	0	0	0	0	0	0	0	0	0	0	0	0	0	0	0	0	0	16.636082	20.385252	0	0	0	0	0	0	0	0	0	0	0	0	0
genomad_k141_3566104	2052.0132	2089.0222	0	0	0	0	0	0	0	0	0	0	0	0	0	0	0	0	0	0	0	0	0	0	0	0	0	0	0	0	0	0	0	0	0	0	0	0	1046.1577	992.48486	0	0	0	0	0	0	0
genomad_k141_3091126	0	0	0	0	0	0	0	0	0	0	0	0	47.31813	0	0	0	0	0	0	0	0	0	0	0	0	0	0	0	0	0	0	0	0	0	0	0	0	0	0	0	0	0	0	0	0	0	0
genomad_k141_594084	0	0	0	0	0	0	0	0	0	0	0	0	0	0	0	0	0	0	0	0	0	0	0	0	0	0	0	0	0	0	0	0	32.16164	29.722654	0	0	0	0	0	0	0	0	0	0	0	0	0
genomad_k141_594096	0	0	0	0	2306.1543	2593.4744	0	0	0	0	0	0	0	0	0	0	0	0	0	0	0	0	0	0	0	0	0	0	0	0	0	0	0	0	0	0	0	0	0	0	0	0	0	0	0	0	0
genomad_k141_3448050	0	0	0	0	0	0	0	0	0	0	0	0	0	0	0	0	0	0	0	0	0	0	0	0	0	0	0	0	0	0	0	0	0	7.367243	0	0	0	0	0	0	0	0	0	0	0	0	0
genomad_k141_1307523	0	0	0	0	0	0	0	0	0	0	0	0	0	0	0	0	0	0	0	0	0	0	0	0	0	0	0	0	0	0	0	0	0	40.668827	0	0	0	0	0	0	0	0	0	0	0	0	0
genomad_k141_1307599	0	0	0	0	0	0	0	0	0	0	0	0	0	0	0	0	0	0	0	0	0	0	0	0	0	0	0	0	0	0	0	0	26.677853	90.807884	0	0	0	0	0	0	0	0	0	0	0	0	0
genomad_k141_3448185	0	0	0	0	0	0	0	0	0	0	0	0	0	0	0	0	0	0	0	0	0	0	0	0	0	0	0	0	0	0	0	0	45.33375	208.1058	0	98.14548	0	0	0	0	0	0	0	0	0	0	0
genomad_k141_832110	0	0	0	0	0	0	0	0	0	0	0	0	0	0	0	0	0	0	0	0	0	0	0	0	0	0	0	0	1322.6625	1165.6008	0	0	0	0	0	0	0	0	0	0	0	0	0	0	0	0	0
genomad_k141_1307706	0	0	0	0	0	0	0	0	0	0	0	0	0	0	0	0	0	0	0	0	0	0	0	0	0	0	0	0	269.37915	0	0	0	0	0	0	0	0	0	0	0	0	0	0	0	0	0	0
genomad_k141_594407	0	0	0	0	0	0	0	0	0	0	0	0	0	0	0	0	0	0	0	0	0	0	0	0	0	0	0	0	0	0	0	0	19.9838	40.539932	0	0	0	0	0	0	0	0	0	0	0	0	0
genomad_k141_1307875	0	0	0	0	0	0	0	0	0	0	0	0	0	0	0	0	0	0	0	0	0	0	0	0	0	0	0	0	0	0	0	0	22.947327	8.505075	0	0	0	0	0	0	0	0	0	0	0	0	0
virsorter2_k141_2201682||full	0	0	0	0	0	0	0	0	0	0	0	0	0	0	0	0	0	0	0	0	0	0	0	0	0	0	0	0	43.458405	0	0	0	0	0	0	0	0	0	0	0	0	0	0	0	0	0	0
virsorter2_k141_3034960||full	0	0	0	0	0	0	0	0	0	0	0	0	36.439266	0	0	0	0	0	0	0	0	0	0	0	0	0	0	0	0	0	0	0	0	0	0	0	0	0	0	0	0	0	0	0	0	0	0
virsorter2_k141_242071||full	2176.56	2507.607	0	0	0	0	0	0	0	0	0	0	0	0	0	0	0	0	0	0	0	0	0	0	0	0	0	0	0	0	0	0	0	0	0	0	0	0	0	0	0	0	0	0	0	0	0
virsorter2_k141_2918391||full	0	0	0	0	0	0	0	0	0	0	0	0	0	0	0	0	0	0	0	0	0	0	0	0	0	0	0	0	0	0	0	0	31.44887	21.86843	0	0	0	0	0	0	0	0	0	0	0	0	0
virsorter2_k141_1136127||full	0	0	0	0	0	0	0	0	0	0	0	0	0	0	0	0	2884.4314	2875.5996	0	0	0	0	0	0	0	0	0	0	0	0	0	0	0	0	0	0	0	0	0	0	0	0	0	0	0	0	0
virsorter2_k141_541419||full	0	0	0	0	0	0	0	0	0	0	0	0	0	0	0	0	0	0	0	0	0	0	0	0	0	0	0	0	0	0	111.82377	64.61956	0	0	0	0	0	0	0	0	0	0	0	0	0	0	0
virsorter2_k141_363765||full	0	0	0	0	0	0	0	0	0	0	0	0	0	0	0	0	0	0	0	0	0	0	0	0	0	0	0	0	0	0	0	0	14.237852	10.059002	0	0	0	0	0	0	0	0	0	0	0	0	0
virsorter2_k141_899222||full	0	0	0	0	0	0	0	0	0	0	0	0	0	0	0	0	0	0	0	0	0	0	0	0	0	0	0	0	0	0	0	0	0	48.87995	0	0	0	0	0	0	0	0	0	0	0	0	0
virsorter2_k141_1850659||full	0	0	0	0	0	0	0	0	0	0	0	0	59.25271	0	0	0	0	0	0	0	0	0	0	0	0	0	0	0	0	0	0	0	0	0	0	0	0	0	0	0	0	0	0	0	0	0	0
virsorter2_k141_958838||full	0	0	0	0	0	0	0	0	0	0	0	0	0	0	0	0	0	0	0	0	0	0	0	0	0	0	0	0	58.95375	0	0	0	0	0	0	0	0	0	0	0	0	0	0	0	0	0	0
virsorter2_k141_126537||full	7514.145	7710.103	0	0	0	0	0	0	0	0	0	0	0	0	0	0	0	0	0	0	0	0	0	0	0	0	0	0	0	0	0	0	0	0	0	0	0	0	0	0	0	0	0	0	0	0	0
virsorter2_k141_542939||full	0	0	0	0	0	0	0	0	0	0	0	0	38.188877	0	0	0	0	0	0	0	0	0	0	0	0	0	0	0	0	0	0	0	0	0	0	0	0	0	0	0	0	0	0	0	0	0	0
virsorter2_k141_1795409||full	0	0	0	0	0	0	0	0	0	0	0	0	0	0	0	0	0	0	0	0	0	0	0	0	0	0	0	0	0	0	0	0	0	0	0	368.50482	0	0	0	0	0	0	0	0	0	0	0
virsorter2_k141_2508657||full	0	0	0	0	0	0	0	0	0	0	0	0	36.00591	0	0	0	0	0	0	0	0	0	0	0	0	0	0	0	0	0	0	0	0	0	0	0	0	0	0	0	0	0	0	0	0	0	0
virsorter2_k141_2510529||full	1673.7684	1696.0266	0	0	0	0	0	0	0	0	0	0	0	0	0	0	0	246.414	0	0	0	0	0	0	0	0	0	0	0	0	0	0	0	0	0	0	0	0	0	0	0	0	0	0	0	0	0
virsorter2_k141_3762542||full	0	0	0	0	0	0	0	0	0	0	0	0	0	0	0	0	0	0	0	0	0	0	0	0	0	0	0	0	0	0	0	0	23.415342	12.384289	0	0	0	0	0	0	0	0	0	0	0	0	0
virsorter2_k141_1386220||full	0	0	0	0	0	0	0	0	0	0	0	0	0	0	0	0	0	0	0	0	0	0	0	0	0	0	0	0	0	0	0	0	0	17.074627	0	0	0	0	0	0	0	0	0	0	0	0	0
virsorter2_k141_552963||full	0	0	0	0	0	0	0	0	0	0	0	0	60.940968	0	0	0	0	0	0	0	0	0	0	0	0	0	0	0	0	0	0	0	0	0	0	0	0	0	0	0	0	0	0	0	0	0	0
virsorter2_k141_3289697||full	0	0	0	0	0	0	0	0	0	0	0	0	75.570755	0	0	0	0	0	0	0	0	0	0	0	0	0	0	0	0	0	0	0	0	0	0	0	0	0	0	0	0	0	0	0	0	0	0
virsorter2_k141_1805540||full	0	0	0	0	0	0	0	0	0	0	0	0	0	0	0	0	0	0	0	0	0	0	0	0	0	0	0	0	0	0	160.29828	0	0	0	0	0	0	0	0	0	0	0	0	0	0	0	0
virsorter2_k141_1805787||full	0	0	0	0	0	0	0	0	0	0	0	0	0	0	0	0	0	0	0	0	0	0	0	0	0	0	0	0	0	0	0	0	0	0	0	99.68687	0	0	0	0	0	0	0	0	0	0	0
virsorter2_k141_1748071||full	0	0	0	0	0	0	0	0	0	0	0	0	0	0	0	0	0	0	0	0	0	0	0	0	0	0	0	0	0	0	0	0	0	9.323798	0	0	0	0	0	0	0	0	0	0	0	0	0
virsorter2_k141_1930912||full	0	0	0	0	0	0	0	0	0	0	0	0	0	0	0	0	0	0	0	0	0	0	0	0	0	0	0	0	0	0	0	0	48.85543	0	0	0	0	0	0	0	0	0	0	0	0	0	0
virsorter2_k141_3301523||full	0	0	0	0	0	0	0	0	0	0	0	0	77.134605	0	0	0	0	0	0	0	0	0	0	0	0	0	0	0	0	0	0	0	0	0	0	0	0	0	0	0	0	0	0	0	0	0	0
virsorter2_k141_2648312||full	0	0	0	0	0	0	0	0	0	0	0	0	0	0	0	0	0	0	0	0	0	0	0	0	0	0	0	0	0	0	0	0	34.425938	21.60476	0	0	0	0	0	0	0	0	0	0	0	0	0
virsorter2_k141_449709||full	0	0	0	0	0	0	0	0	0	0	0	0	0	0	0	0	0	0	0	0	0	0	0	0	0	0	0	0	0	0	0	0	0	0	0	0	0	0	3118.915	2958.738	0	0	0	0	0	0	0
virsorter2_k141_3363333||full	0	0	0	0	0	0	0	0	0	0	0	0	0	0	0	0	0	0	0	0	0	0	0	0	0	0	0	0	0	0	0	0	0	0	0	92.88315	0	0	0	0	0	0	0	0	0	0	0
virsorter2_k141_2055083||full	0	0	0	0	0	0	0	0	0	0	0	0	0	0	0	0	0	0	0	0	0	0	0	0	0	0	0	0	0	0	0	0	0	0	836.1028	0	0	0	0	0	0	0	0	0	0	0	0
virsorter2_k141_868171||full	0	0	0	0	0	0	0	0	0	0	0	0	63.859264	0	0	0	0	0	0	0	0	0	0	0	0	0	0	0	0	0	0	0	0	0	0	0	0	0	0	0	0	0	0	0	0	0	0
virsorter2_k141_157177||full	0	0	0	0	0	0	0	0	0	0	0	0	79.744194	0	0	0	0	0	0	0	0	0	0	0	0	0	0	0	0	0	0	0	0	0	0	0	0	0	0	0	0	0	0	0	0	0	0
virsorter2_k141_1464799||full	0	0	0	0	0	0	0	0	0	0	0	0	58.640587	0	0	0	0	0	0	0	0	0	0	0	0	0	0	0	0	0	0	0	0	0	0	0	0	0	0	0	0	0	0	0	0	0	0
virsorter2_k141_2772954||full	0	0	0	0	0	0	0	0	0	0	0	0	38.600216	0	0	0	0	0	0	0	0	0	0	0	0	0	0	0	0	0	0	0	0	0	0	0	0	0	0	0	0	0	0	0	0	0	0
virsorter2_k141_1703782||full	0	0	0	0	0	0	0	0	0	0	0	0	88.11853	0	0	0	0	0	0	0	0	0	0	0	0	0	0	0	0	0	0	0	0	0	0	0	0	0	0	0	0	0	0	0	0	0	0
virsorter2_k141_218671||full	0	0	0	0	0	0	0	242.77072	0	0	0	0	0	0	0	0	0	0	0	0	0	0	0	0	0	0	0	0	0	0	50.41991	169.59209	0	0	0	0	0	0	0	0	0	0	0	0	0	0	0
virsorter2_k141_3311706||full	905.6668	937.3686	0	0	0	0	0	0	0	0	0	0	0	0	0	0	2555.8574	2507.7263	0	0	0	0	0	0	0	0	0	0	0	0	0	0	0	0	0	0	0	0	0	0	0	0	0	0	0	0	0
virsorter2_k141_2659082||full	0	0	0	0	0	0	0	0	0	0	0	0	0	0	0	0	0	0	0	0	0	0	0	0	0	0	0	0	270.9326	0	0	0	0	0	0	0	0	0	0	0	0	0	0	0	0	0	0
virsorter2_k141_2363199||full	0	0	0	0	0	0	0	0	0	0	0	0	0	0	0	0	0	0	0	0	0	0	0	0	0	0	0	0	0	0	0	0	0	0	0	111.31854	0	0	0	0	0	0	0	0	0	0	0
virsorter2_k141_2543432||full	0	0	0	0	0	0	0	0	0	0	0	0	35.727776	0	0	0	0	0	0	0	0	0	0	0	0	0	0	0	0	0	0	0	0	0	0	0	0	0	0	0	0	0	0	0	0	0	0
virsorter2_k141_3078389||full	0	0	0	0	0	0	0	0	0	0	0	0	44.74495	0	0	0	0	0	0	0	0	0	0	0	0	0	0	0	0	0	0	0	0	0	0	0	0	0	0	0	0	0	0	0	0	0	0
virsorter2_k141_3019975||full	0	0	0	0	0	0	0	0	0	0	0	0	0	0	0	0	0	0	0	0	0	0	0	0	0	0	0	0	0	0	0	0	0	6.9201155	0	0	0	0	0	0	0	0	0	0	0	0	0
virsorter2_k141_2368654||full	0	0	0	0	0	0	0	0	0	0	0	0	0	0	0	0	0	0	0	0	0	0	0	0	0	0	0	0	0	0	0	15.373261	0	0	0	0	0	0	0	0	0	0	0	0	0	0	0
virsorter2_k141_2129112||full	0	0	0	0	0	0	0	0	0	0	0	0	535.4122	0	0	0	0	0	0	0	0	0	0	0	0	0	0	0	0	0	0	0	0	0	0	0	0	0	0	0	0	0	0	0	0	0	0
virsorter2_k141_2190389||full	0	0	0	0	0	0	0	0	0	0	0	0	53.278828	0	0	0	0	0	0	0	0	0	0	0	0	0	0	0	0	0	0	0	0	0	0	0	0	0	0	0	0	0	0	0	0	0	0
virsorter2_k141_886005||full	0	0	0	0	0	0	0	0	0	0	0	0	0	0	0	0	0	0	0	0	0	0	0	0	0	0	0	0	0	0	0	0	25.823034	8.295365	0	0	0	0	0	0	0	0	0	0	0	0	0
virsorter2_k141_1299866||full	0	0	0	0	0	0	0	0	0	0	0	0	0	0	0	0	0	0	0	0	0	0	0	0	0	0	0	0	0	0	0	0	62.74111	6.656336	0	0	0	0	0	0	0	0	0	0	0	0	0
virsorter2_k141_1779851||full	0	0	0	0	0	0	0	0	0	0	0	0	0	0	0	0	0	0	0	0	0	0	0	0	0	0	0	0	0	0	0	0	0	15.391464	0	0	0	0	0	0	0	0	0	0	0	0	0
virsorter2_k141_2555103||full	0	0	0	0	0	0	0	0	0	0	0	0	42.88537	0	0	0	0	0	0	0	0	0	0	0	0	0	0	0	0	0	0	0	0	0	0	0	0	0	0	0	0	0	0	0	0	0	0
virsorter2_k141_1961633||full	0	0	0	0	0	0	0	0	0	0	0	0	0	0	0	0	0	0	0	0	0	0	0	0	0	0	0	0	0	0	0	172.55484	0	0	0	0	0	0	0	0	0	0	0	0	0	0	0
virsorter2_k141_3801412||full	0	0	0	0	0	0	0	0	0	0	0	0	0	0	0	0	0	0	0	0	0	0	0	0	0	0	0	0	0	0	66.21092	41.640114	0	0	0	0	0	0	0	0	0	0	0	0	0	0	0
genomad_k141_3778048|provirus_3_124007	0	0	0	0	0	0	0	0	0	0	0	0	0	0	0	0	0	0	0	0	0	0	0	0	0	0	0	0	0	0	0	0	0	0	562.4894	656.9367	0	0	0	0	0	0	0	0	0	0	0
genomad_k141_56819|provirus_11582_91450	0	0	0	0	0	0	0	0	0	0	0	0	0	0	0	0	0	0	0	0	0	0	0	0	0	0	0	0	0	0	0	0	23.94399	26.134222	0	0	0	0	0	0	0	0	0	0	0	0	0
virsorter2_k141_1641012||full|provirus_1_58712	0	0	0	0	0	0	0	0	8588.896	8519.974	0	0	0	0	0	0	0	0	0	0	0	0	0	0	0	0	0	0	0	0	0	0	0	0	0	0	0	0	0	0	0	0	0	0	0	0	0
virsorter2_k141_1404113||full|provirus_1_19613	0	0	0	0	0	0	0	0	0	0	0	0	0	0	0	0	0	0	0	0	0	0	0	0	0	0	0	0	0	0	0	0	87.12905	4.2807384	0	0	0	0	0	0	0	0	0	0	0	0	0
virsorter2_k141_1404113||full|provirus_25557_82180	0	0	0	0	0	0	0	0	0	0	0	0	0	0	0	0	0	0	0	0	0	0	0	0	0	0	0	0	0	0	0	0	55.894547	2.6108603	0	0	0	0	0	0	0	0	0	0	0	0	0
