contig_id	contig_length	viral_length	aai_expected_length	aai_completeness	aai_confidence	aai_error	aai_num_hits	aai_top_hit	aai_id	aai_af	hmm_completeness_lower	hmm_completeness_upper	hmm_num_hits	kmer_freq
k141_453222	5685	NA	668031.0	0.8510084112863026	low	18.1585854626757	1	CheckV-050294	28.21	36.05	0.46	3.18	1	1.0
k141_53976	1042	NA	NA	NA	NA	NA	0	NA	NA	NA	1.55	3.03	1	1.0
k141_312965	4235	NA	143855.0	2.943936602829238	low	10.7959242051495	1	CheckV-044766	29.5	59.87	1.61	6.17	1	1.0
k141_561159	4218	NA	222266.9400194269	1.897718122016406	medium	6.92502645511634	4	CheckV-061425	52.53	34.41	0.96	1.47	1	1.0
k141_32384	9883	NA	48068.847015011255	20.560093727469003	medium	7.52860853030347	116	CheckV-058873	43.4	43.62	15.467922954584608	29.214105740019694	9	1.0
k141_86369	2700	NA	60727.36545872838	4.446100995168279	low	11.7003954408002	4	CheckV-000253	29.95	92.04	NA	NA	0	1.0
k141_129532	2594	NA	186165.91717512155	1.393380721542005	high	4.72049567240535	6	CheckV-018433	55.99	95.8	NA	NA	0	1.0
k141_43224	6304	NA	NA	NA	NA	NA	0	NA	NA	NA	NA	NA	0	1.0
k141_302211	1294	NA	NA	NA	NA	NA	0	NA	NA	NA	NA	NA	0	1.0
k141_669108	1243	NA	46602.0	2.6672674992489593	low	19.0715755774068	1	CheckV-003866	29.5	100.0	NA	NA	0	1.0
k141_280636	2549	NA	NA	NA	NA	NA	0	NA	NA	NA	NA	NA	0	1.0
k141_280641	3046	NA	572012.8750317596	0.5325054964594771	low	15.760181986278	11	CheckV-045271	33.0	37.03	0.20928610059491617	1.8056246619794483	2	1.0
k141_442533	12427	NA	48941.004715804	25.39179584105898	low	27.4561384438116	43	CheckV-058070	34.1	10.66	16.358082379992656	44.069165719056805	6	1.0
k141_377796	3743	NA	668031.0	0.5603033392162938	low	19.4362889019378	1	CheckV-050294	34.8	19.08	0.5722367672168469	1.858076266363119	2	1.0
k141_32443	3980	NA	53694.71148551921	7.4122756038522635	low	13.5912336222927	5	CheckV-054581	24.2	51.72	NA	NA	0	1.0
k141_172729	8161	NA	93233.9914532479	8.753245326938861	medium	5.21039935674082	63	CheckV-016032	46.14	93.97	4.634582933844679	12.39744007670182	2	1.0
k141_615225	3206	NA	38914.0	8.238680166521046	low	21.1303462321792	1	CheckV-032419	29.4	41.95	NA	NA	0	1.0
k141_237541	3195	NA	334415.63762261975	0.9553979062442897	low	19.6969102730118	6	CheckV-050298	29.2	57.49	NA	NA	0	1.0
k141_593661	3805	NA	37355.19155370548	10.186000504185769	medium	8.16402444995913	2	CheckV-054009	50.07	46.85	5.64	11.05	1	1.0
k141_334655	8642	NA	56593.0	15.270439807043275	low	21.9565771667288	1	CheckV-060044	54.7	3.05	NA	NA	0	1.0
k141_226750	1288	NA	NA	NA	NA	NA	0	NA	NA	NA	1.5274376417233562	1.7500000000000002	2	1.0
k141_518131	10621	NA	29433.0	36.0853463799137	low	11.4453806865935	1	CheckV-033378	37.36	32.97	14.276679960896546	38.449081670964276	3	1.0
k141_356248	8961	NA	8129.039093753713	100.0	low	13.3435582822086	2	CheckV-044971	36.2	27.25	NA	NA	0	1.02
k141_162049	5399	NA	38059.0	14.185869308179406	medium	7.70338372930166	1	CheckV-054009	49.46	58.49	NA	NA	0	1.0
k141_194409	1377	NA	64293.03401279925	2.1417561344606497	medium	5.34451919204702	291	CheckV-010186	54.5	72.73	1.26	4.28	1	1.0
k141_323892	1328	NA	NA	NA	NA	NA	0	NA	NA	NA	1.97	3.86	1	1.0
k141_237573	1125	NA	NA	NA	NA	NA	0	NA	NA	NA	1.7699999999999998	3.4	1	1.0
k141_485732	3492	NA	143855.0	2.4274443015536478	medium	9.14521112255407	1	CheckV-044766	33.88	93.47	NA	NA	0	1.0
k141_183625	2790	NA	184406.96255598156	1.5129580582690974	low	19.8204252802495	60	CheckV-004950	25.5	88.4	NA	NA	0	1.0
k141_507383	2859	NA	NA	NA	NA	NA	0	NA	NA	NA	NA	NA	0	1.0
k141_572122	1696	NA	44934.008276438704	3.774424016584568	low	10.9454880691546	581	CheckV-002091	39.3	85.19	2.54	5.56	1	1.0
k141_550540	5241	NA	NA	NA	NA	NA	0	NA	NA	NA	NA	NA	0	1.0
k141_162094	2842	NA	60279.0	4.7147431111995886	low	11.9200678430089	1	CheckV-061284	27.9	100.0	NA	NA	0	1.0
k141_291487	4245	NA	NA	NA	NA	NA	0	NA	NA	NA	NA	NA	0	1.0
k141_151269	2344	NA	35709.0	6.564171497381612	low	22.3173989712224	1	CheckV-020794	24.8	80.71	NA	NA	0	1.0
k141_21762	3214	NA	117686.25476216999	2.730990128367254	low	19.7445197918309	3	CheckV-015755	39.3	19.12	NA	NA	0	1.0
k141_75749	1809	NA	48965.26027968918	3.6944560075184043	low	10.8990753492032	38	CheckV-005789	43.9	78.57	NA	NA	0	1.0
k141_421022	3444	NA	56010.93935785061	6.148798858730944	low	21.4175654853621	4	CheckV-007712	29.5	31.61	NA	NA	0	1.0
k141_528975	8860	NA	31702.79861884607	27.94705952153094	low	16.1277892551785	2	CheckV-000211	46.0	14.87	NA	NA	0	1.0
k141_345497	2388	NA	35900.09964257965	6.6517921225145855	low	16.0955816050496	3	CheckV-060046	43.9	18.85	2.4281129943502826	8.477740112994352	2	1.0
k141_561327	3451	NA	157850.7469977943	2.18624242560488	low	13.2625055334219	11	CheckV-061425	72.4	10.08	0.78	1.2	1	1.0
k141_550588	1660	NA	36603.0	4.535147392290249	high	4.45453017313834	1	CheckV-060046	62.03	100.0	0.8018673218673219	2.4202457002457	2	1.0
k141_377945	3085	NA	NA	NA	NA	NA	0	NA	NA	NA	NA	NA	0	1.0
k141_636887	1390	NA	43556.00384930614	3.1912936843542483	high	3.45891855008104	47	CheckV-029781	63.9	75.7	NA	NA	0	1.0
k141_421055	3065	NA	NA	NA	NA	NA	0	NA	NA	NA	0.44	1.68	1	1.0
k141_21811	6947	NA	177873.90090810478	3.905575784043235	medium	5.34106412005457	123	CheckV-014992	45.43	85.44	2.893214867512366	6.573368438819928	4	1.0
k141_529011	3859	NA	148097.0958403843	2.605722940144041	low	15.1657311952622	199	CheckV-012088	38.2	27.09	NA	NA	0	1.0
k141_270011	4579	NA	380432.38498588116	1.2036304428104718	medium	5.63060811237177	24	CheckV-050294	36.5	86.73	0.23	1.15	1	1.0
k141_485819	6929	NA	94921.83674629041	7.299690184588415	low	26.9656238848579	27	CheckV-018433	40.13	11.84	NA	NA	0	1.0
k141_291545	1002	NA	NA	NA	NA	NA	0	NA	NA	NA	1.46	3.2	1	1.0
k141_270024	4422	2892	6422.470785106888	45.0293990703123	medium	7.43465240019771	101	CheckV-009581	36.85	100.0	26.96	65.7	1	1.0
k141_421086	2976	NA	145052.8315656887	2.0516662569612003	medium	6.26853028377806	15	CheckV-061429	58.77	50.59	NA	NA	0	1.0
k141_140556	10893	NA	111717.0	9.750530357958056	low	22.0478038089032	1	CheckV-032045	23.2	23.23	NA	NA	0	1.0
k141_410347	3339	NA	NA	NA	NA	NA	0	NA	NA	NA	NA	NA	0	1.0
k141_572256	1040	NA	199559.0880703755	0.521148903844078	medium	6.53280625218078	42	CheckV-000626	58.2	52.3	0.43653186274509803	2.8800000000000003	2	1.0
k141_658478	1432	NA	35804.0	3.999553122556139	low	19.0715755774068	1	CheckV-028345	28.4	100.0	NA	NA	0	1.0
k141_259252	4419	NA	NA	NA	NA	NA	0	NA	NA	NA	1.8099999999999998	13.41	1	1.0
k141_140573	7357	NA	288051.0	2.554061607145957	low	14.6911520575663	1	CheckV-000035	34.68	36.61	NA	NA	0	1.02
k141_593825	3468	NA	133105.0145583455	2.6054615684519016	low	13.5571486856677	3	CheckV-044766	36.36	55.84	NA	NA	0	1.0
k141_205402	3388	NA	131013.76628947862	2.5859877904083133	low	14.855914629916	70	CheckV-031563	49.6	13.48	1.38	6.9799999999999995	1	1.0
k141_367210	2947	NA	40130.09619624172	7.343615588631441	medium	9.69093101478708	7	CheckV-060045	47.2	50.41	2.6199999999999997	9.87	1	1.0
k141_345606	2360	NA	158252.96045119828	1.4912833183476348	low	23.2068893916046	3	CheckV-012154	27.2	71.87	NA	NA	0	1.0
k141_248537	4201	NA	171304.8404976007	2.452353353120129	low	25.6613586747143	9	CheckV-003415	43.6	11.75	NA	NA	0	1.0
k141_399630	1118	NA	39026.343113473056	2.864731642289162	medium	7.29637658717869	51	CheckV-054009	48.2	100.0	0.99	3.74	1	1.0
k141_637016	2847	NA	NA	NA	NA	NA	0	NA	NA	NA	NA	NA	0	1.0
k141_626212	1369	NA	40203.02765060004	3.4052161740101368	high	2.90887460477086	10	CheckV-012012	76.33	100.0	2.27453125	3.57396875	2	1.0
k141_615446	1096	NA	58809.14857143931	1.8636556158751683	high	3.42478034785727	123	CheckV-003866	67.8	100.0	0.75	2.78	1	1.0
k141_583042	3150	NA	36853.91084139282	8.547261140226256	medium	9.39265536723164	3	CheckV-060046	42.52	59.13	NA	NA	0	1.0
k141_485932	4244	NA	75710.88212180747	5.605535005089545	low	13.5948759007206	2	CheckV-044559	26.1	70.32	NA	NA	0	1.0
k141_485936	2621	NA	43565.244983722994	6.016263654615663	low	12.1929432782492	39	CheckV-021559	40.4	34.31	3.4115910921705686	7.874593196996075	3	1.0
k141_11157	4008	NA	NA	NA	NA	NA	0	NA	NA	NA	NA	NA	0	1.0
k141_572379	5167	NA	43350.63275791587	11.919087845509015	low	20.5151793928243	26	CheckV-033378	26.1	10.76	6.0	20.12	1	1.0
k141_313394	2907	NA	86470.38846210203	3.361844501570698	low	20.2028081123245	8	CheckV-001133	28.6	49.48	NA	NA	0	1.0
k141_162327	1170	NA	351756.55504327436	0.33261640280052845	low	13.92	3	CheckV-000616	34.6	100.0	0.09	0.19	1	1.0
k141_583089	2625	NA	NA	NA	NA	NA	0	NA	NA	NA	NA	NA	0	1.0
k141_216307	4079	NA	51344.516828328975	7.944373132652483	low	10.3161857728861	967	CheckV-027129	30.17	44.19	2.21	11.99	1	1.0
k141_410491	3107	NA	63646.64254247955	4.881640061259007	medium	7.41878841088674	2	CheckV-060036	52.5	34.93	3.87	8.01	1	1.01
k141_21972	1670	NA	180569.15130448068	0.9248534358917155	medium	9.69093101478708	134	CheckV-049748	43.8	48.86	0.7482040816326531	1.9102448979591837	2	1.0
k141_378172	2825	NA	370058.4005907239	0.7633930199910217	medium	9.69093101478708	94	CheckV-049466	43.4	50.96	1.2845196211096075	6.247063599458728	2	1.0
k141_43569	1121	NA	32993.983546784555	3.397589134426442	low	19.0715755774068	3	CheckV-023911	31.9	100.0	1.66	3.26	1	1.0
k141_647906	5508	NA	234380.0	2.3500298660295247	low	NA	1	CheckV-029464	20.9	66.96	NA	NA	0	1.0
k141_604735	2990	NA	63198.48529952223	4.73112604808363	low	16.0955816050496	3	CheckV-060036	45.5	18.96	NA	NA	0	1.0
k141_173051	1054	NA	44526.73881014345	2.367116991195171	medium	7.92314988883452	17	CheckV-004381	55.6	34.75	1.9799999999999998	3.11	1	1.0
k141_453673	2772	NA	105941.37257714273	2.616541519680169	low	10.9394929934521	6	CheckV-002484	37.69	58.26	NA	NA	0	1.0
k141_356596	1398	NA	36850.943968531465	3.7936612999488144	high	4.12714261940423	3	CheckV-054009	65.57	78.48	1.62	5.44	1	1.0
k141_496895	1742	NA	57103.573544460305	3.0505971725984806	low	10.5427046263345	8	CheckV-044789	47.5	67.99	1.43	9.93	1	1.0
k141_388925	4338	NA	37901.0	11.445608295295639	low	26.9656238848579	1	CheckV-015682	40.0	9.19	NA	NA	0	1.0
k141_216381	3459	NA	85203.40277916274	4.059697015816755	low	11.6206370876712	18	CheckV-002460	50.7	25.36	NA	NA	0	1.0
k141_561587	1426	NA	40068.0	3.5589497853648795	low	19.0715755774068	1	CheckV-012989	28.2	100.0	0.62	0.8499999999999999	1	1.03
k141_86783	1425	NA	128439.83275039133	1.109468900328865	low	13.1305637982196	26	CheckV-030113	41.4	28.06	NA	NA	0	1.0
k141_216399	2889	NA	NA	NA	NA	NA	0	NA	NA	NA	NA	NA	0	1.0
k141_11245	2590	NA	44272.17946575379	5.850175056331851	low	21.9381688466112	5	CheckV-000607	29.5	27.04	NA	NA	0	1.0
k141_32765	1265	NA	NA	NA	NA	NA	0	NA	NA	NA	NA	NA	0	1.0
k141_517	3690	NA	210833.0	1.750200395573748	low	18.1585854626757	1	CheckV-020028	30.5	34.13	NA	NA	0	1.07
k141_43650	11438	NA	57020.383721876206	20.05949320823624	low	28.292853557284	423	CheckV-005278	27.1	17.7	8.39	33.12	1	1.0
k141_604816	1929	NA	48592.82638053217	3.96972175459384	low	19.7445197918309	6	CheckV-015508	38.8	18.17	NA	NA	0	1.0
k141_475374	1188	NA	56945.90816295781	2.0861902783258635	high	3.90091512983695	89	CheckV-061437	65.7	100.0	0.81	3.02	1	1.0
k141_108406	3451	NA	57249.58380371119	6.02799142057045	low	18.4248232254532	224	CheckV-019835	29.8	63.78	NA	NA	0	1.0
k141_453731	2660	NA	58441.056414830506	4.551594654823822	low	10.2803738317757	316	CheckV-032921	54.1	26.6	1.95	7.7	1	1.0
k141_537	3378	NA	62242.34038631209	5.427173816142149	low	22.3173989712224	10	CheckV-037637	25.85	78.83	NA	NA	0	1.0
k141_367413	3297	NA	NA	NA	NA	NA	0	NA	NA	NA	NA	NA	0	1.0
k141_291786	16964	NA	1105620.139448019	1.5343425282094878	low	14.353007412968	18	CheckV-053999	36.4	15.95	1.33	1.66	1	1.0
k141_54416	2666	NA	179928.87451197702	1.4816965910730113	high	3.59564862876121	133	CheckV-014992	64.55	74.89	1.1628991200502827	2.2471935889377748	3	1.0
k141_680314	5671	NA	91591.90143118179	6.191595448273279	low	22.6418050767784	171	CheckV-011803	32.0	29.63	NA	NA	0	1.0
k141_432184	5257	NA	36215.058252660216	14.516061145956714	low	12.610489098409	6	CheckV-041940	40.48	41.69	6.693653755403541	18.598075231293933	7	1.0
k141_259497	2503	NA	59362.123462630094	4.216493369843314	low	14.8448260270765	7	CheckV-044789	38.6	32.12	NA	NA	0	1.0
k141_65218	2785	NA	6542.81521780815	42.56577493461565	low	10.9454880691546	28	CheckV-003275	39.4	86.46	25.96	63.27000000000001	1	1.0
k141_227052	3307	NA	54585.10496598828	6.058429313382426	low	13.5571486856677	54	CheckV-005816	33.0	55.9	NA	NA	0	1.0
k141_281108	1133	NA	39048.52249944142	2.901518232901661	medium	9.0304258705784	5	CheckV-060046	44.9	86.75	1.69	3.72	1	1.0
k141_270324	3311	NA	718532.1597507743	0.46080052995100923	low	10.4791830322074	12	CheckV-050294	33.4	84.47	0.17	0.83	1	1.0
k141_11330	3832	NA	52674.271954968244	7.274898841081305	medium	8.89537258399073	1236	CheckV-032520	45.8	50.14	2.95	10.65	1	1.0
k141_432207	2525	NA	NA	NA	NA	NA	0	NA	NA	NA	NA	NA	0	1.0
k141_65246	2634	NA	NA	NA	NA	NA	0	NA	NA	NA	NA	NA	0	1.0
k141_216523	3847	NA	188707.6075284459	2.038603557315569	high	4.82495225970719	124	CheckV-021175	40.04	96.54	NA	NA	0	1.0
k141_572568	2632	NA	NA	NA	NA	NA	0	NA	NA	NA	NA	NA	0	1.0
k141_22147	6322	NA	54190.367042810285	11.666280088130113	low	10.4744923756553	322	CheckV-000642	28.2	50.9	NA	NA	0	1.0
k141_151688	5741	NA	42353.37421202627	13.5550002964577	low	12.4955291822468	69	CheckV-044801	35.08	38.61	9.396605326023442	18.579002981816927	4	1.0
k141_97650	2588	NA	NA	NA	NA	NA	0	NA	NA	NA	NA	NA	0	1.0
k141_11353	2756	NA	NA	NA	NA	NA	0	NA	NA	NA	NA	NA	0	1.04
k141_43733	2641	NA	63301.0	4.172129982148781	low	10.9394929934521	1	CheckV-060036	37.56	62.38	NA	NA	0	1.0
k141_76126	4982	NA	170873.8298547113	2.9156015313966095	medium	5.63301787048028	27	CheckV-020228	46.71	79.47	2.600689655172414	7.3310344827586205	2	1.0
k141_561747	3482	NA	94679.6700084244	3.677663852958274	high	4.93937043075139	26	CheckV-000545	50.8	49.15	1.58	4.58	1	1.0
k141_324415	4238	NA	114046.06233815743	3.716042371926816	low	22.6418050767784	31	CheckV-002479	31.1	28.86	NA	NA	0	1.0
k141_675	3734	NA	NA	NA	NA	NA	0	NA	NA	NA	NA	NA	0	1.0
k141_605013	6557	NA	284688.5162085363	2.303219001358296	low	25.6613586747143	20	CheckV-000689	45.3	9.47	0.6636721925824091	2.246924620275028	3	1.0
k141_594256	1054	NA	45617.92806325375	2.3104951161712677	high	3.90091512983695	14	CheckV-040736	66.6	100.0	1.54	2.92	1	1.0
k141_184085	1308	NA	31104.370873609336	4.2051967722317105	low	10.0651710208396	3	CheckV-025417	49.3	23.55	1.07	7.46	1	1.0
k141_551062	22071	NA	282587.6197846664	7.810320925176497	low	16.7308326916731	15	CheckV-000366	30.51	14.87	2.224580970016307	12.156264851802781	5	1.0
k141_572715	1008	NA	32189.0	3.131504551244214	medium	5.20086681113519	1	CheckV-044737	62.9	38.94	1.95	3.24	1	1.0
k141_173284	2779	NA	74534.73085558356	3.7284631850143977	high	3.62493958434026	20	CheckV-060043	50.6	53.6	3.6760899315738027	9.12	2	1.0
k141_194919	3173	NA	NA	NA	NA	NA	0	NA	NA	NA	NA	NA	0	1.0
k141_194949	1002	NA	71091.56431052688	1.4094499252024884	low	11.4280975286117	6	CheckV-010762	40.6	100.0	1.58	2.49	1	1.0
k141_302911	4756	NA	211622.29877324807	2.2474002161256283	medium	9.04973946797384	72	CheckV-001462	35.6	43.76	NA	NA	0	1.0
k141_54632	3426	NA	NA	NA	NA	NA	0	NA	NA	NA	NA	NA	0	1.0
k141_65378	6977	NA	198106.32516300067	3.5218461572387287	low	25.4390035413359	11	CheckV-010850	41.0	15.13	NA	NA	0	1.0
k141_389179	2875	NA	22371.500588109495	12.851171912571967	low	20.2028081123245	26	CheckV-002154	28.6	52.01	NA	NA	0	1.03
k141_292022	3673	NA	57242.51827242524	6.416559073309238	low	26.9656238848579	3	CheckV-042284	40.4	8.58	NA	NA	0	1.0
k141_356880	27197	NA	391394.8617000685	6.948737109594824	medium	7.57869005803917	4	CheckV-062241	51.29	29.54	12.400566075355858	28.954322286508262	5	1.0
k141_464824	3531	NA	76821.0	4.596399422033038	low	25.7423874966316	1	CheckV-060034	35.6	15.5	NA	NA	0	1.0
k141_626570	1194	NA	NA	NA	NA	NA	0	NA	NA	NA	NA	NA	0	1.0
k141_313803	2854	NA	37001.78571428572	7.713141257661309	low	10.5427046263345	2	CheckV-054009	46.0	70.5	3.66	10.34	1	1.0
k141_486397	1443	NA	39871.52134273601	3.619124506426422	low	14.386066809884	4	CheckV-060045	37.0	86.89	1.28	4.83	1	1.0
k141_378611	1280	NA	53415.101733952746	2.3963260547089464	medium	5.68494985837863	8	CheckV-054129	57.9	74.82	1.4633795013850415	3.1719390581717453	2	1.0
k141_335323	4021	NA	35202.53161299388	11.422473940811056	low	19.9773130997658	109	CheckV-005629	54.3	10.13	NA	NA	0	1.0
k141_626607	5315	NA	114320.81778662336	4.6491969729610405	low	19.6678397952357	23	CheckV-008353	22.0	19.21	2.739411764705882	6.235601023017902	2	1.0
k141_205879	2915	NA	38164.05146301864	7.6380779509865855	medium	9.52100510404397	7	CheckV-060045	43.9	52.7	2.5900000000000003	9.76	1	1.0
k141_453950	2995	NA	NA	NA	NA	NA	0	NA	NA	NA	NA	NA	0	1.0
k141_43965	3549	NA	129646.15409849025	2.7374510448677696	medium	9.04973946797384	2	CheckV-000545	35.1	46.16	3.15	11.1	1	1.0
k141_22377	4114	NA	114110.47111264092	3.6052782535083754	low	11.6380162023316	7	CheckV-038831	47.4	27.77	NA	NA	0	1.0
k141_367757	1687	NA	36603.0	4.608911837827501	medium	9.39323866118144	1	CheckV-060046	68.8	21.49	NA	NA	0	1.0
k141_346146	1792	NA	356971.0782662373	0.5020014530878844	medium	9.38815150534153	15	CheckV-039953	46.7	33.68	0.41	0.53	1	1.0
k141_130274	6245	NA	169063.0	3.6938892602166056	low	20.5151793928243	1	CheckV-002714	27.1	8.97	NA	NA	0	1.0
k141_443347	3328	NA	NA	NA	NA	NA	0	NA	NA	NA	NA	NA	0	1.0
k141_313853	17165	NA	36773.40277913648	46.6777581152719	medium	5.81985226358755	2	CheckV-018775	39.14	62.35	34.670923102566334	49.47684314704408	8	1.0
k141_76379	2892	NA	71468.54509803922	4.046535431822221	medium	9.38815150534153	3	CheckV-001086	44.6	34.92	0.23	0.8429791666666666	2	1.0
k141_108727	1429	NA	84769.15250368539	1.6857547324634081	low	11.3225278032974	42	CheckV-019027	46.9	43.48	0.6650446428571429	1.4654017857142858	2	1.0
k141_637522	12151	NA	88908.34754151024	13.666883184761526	low	25.1029277801869	29	CheckV-044158	44.8	3.83	NA	NA	0	1.0
k141_518831	4136	NA	212751.2657398606	1.9440542389332955	low	20.0646854213706	19	CheckV-029296	63.1	7.71	NA	NA	0	1.0
k141_249078	7676	NA	102751.57113245352	7.470445381419163	medium	8.69377272611692	2	CheckV-044786	46.3	66.09	9.719391304347827	23.550434782608697	2	1.0
k141_119571	8476	NA	879240.3412654689	0.9640140018826596	low	20.6566983698812	29	CheckV-002553	33.9	14.77	0.69	4.65	1	1.0
k141_11615	2584	NA	NA	NA	NA	NA	0	NA	NA	NA	NA	NA	0	1.0
k141_486471	14380	NA	51814.01744557979	27.753107573840033	low	23.7881428775411	347	CheckV-021268	51.5	4.25	13.06	40.14	1	1.0
k141_335381	7659	NA	NA	NA	NA	NA	0	NA	NA	NA	NA	NA	0	1.0
k141_97935	2829	NA	63630.49785488117	4.445981243855668	low	12.3257720688713	88	CheckV-011881	34.86	63.19	2.57	7.9	1	1.0
k141_561986	5456	NA	102568.01738307672	5.319396961357485	medium	5.46581517655898	3	CheckV-044786	54.11	45.02	NA	NA	0	1.0
k141_659125	3427	NA	NA	NA	NA	NA	0	NA	NA	NA	NA	NA	0	1.0
k141_615993	5027	NA	66974.20197137508	7.505875175860328	low	13.1645631304517	71	CheckV-005111	68.9	16.63	NA	NA	0	1.02
k141_281429	2005	NA	43984.99999999999	4.558372172331477	low	33.1585347120968	1	CheckV-016984	24.5	33.13	2.8007508203049603	5.858328508010037	3	1.0
k141_540372	8705	NA	NA	NA	NA	NA	0	NA	NA	NA	NA	NA	0	1.0
k141_410904	4957	NA	NA	NA	NA	NA	0	NA	NA	NA	NA	NA	0	1.0
k141_562004	1346	NA	42435.97436524953	3.171837150279335	medium	5.20086681113519	42	CheckV-017679	62.9	39.19	2.5156090343356974	3.460995256538579	3	1.0
k141_443412	2759	NA	340223.42339512456	0.8109376986650875	low	17.188684785418	3	CheckV-000962	40.3	15.21	1.23	8.04	1	1.0
k141_594577	1906	NA	NA	NA	NA	NA	0	NA	NA	NA	NA	NA	0	1.0
k141_562041	5908	NA	60984.27175984751	9.687743789522253	medium	6.36	33	CheckV-018775	40.48	83.03	NA	NA	0	1.0
k141_389343	5770	NA	111059.6551391697	5.195406011993796	low	25.6613586747143	54	CheckV-057149	45.8	9.9	NA	NA	0	1.0
k141_357082	5455	NA	225827.96695942484	2.4155555547201626	low	11.9081075052972	71	CheckV-061481	53.7	20.1	NA	NA	0	1.0
k141_443447	1257	NA	NA	NA	NA	NA	0	NA	NA	NA	NA	NA	0	1.0
k141_670064	6746	NA	76224.47480319084	8.85017577020761	low	26.9656238848579	10	CheckV-056690	39.2	8.12	NA	NA	0	1.0
k141_65519	3874	NA	101301.15855957467	3.8242405665298698	medium	8.28456428871274	341	CheckV-001592	39.1	50.57	2.07	8.76	1	1.0
k141_421829	3608	NA	NA	NA	NA	NA	0	NA	NA	NA	NA	NA	0	1.0
k141_486545	2590	NA	NA	NA	NA	NA	0	NA	NA	NA	NA	NA	0	1.0
k141_670070	5339	NA	99521.33674596266	5.364678745853552	low	14.6911520575663	3	CheckV-044766	35.3	35.02	3.45	14.48	1	1.0
k141_594626	2938	NA	NA	NA	NA	NA	0	NA	NA	NA	NA	NA	0	1.0
k141_303073	3414	NA	NA	NA	NA	NA	0	NA	NA	NA	NA	NA	0	1.0
k141_540433	3762	NA	NA	NA	NA	NA	0	NA	NA	NA	NA	NA	0	1.0
k141_443475	2526	NA	NA	NA	NA	NA	0	NA	NA	NA	NA	NA	0	1.0
k141_583712	3274	NA	19545.0	16.75108723458685	low	21.1303462321792	1	CheckV-002154	31.5	39.33	NA	NA	0	1.04
k141_378817	4401	NA	50324.46348176338	8.745249716561485	low	10.2654867256637	7	CheckV-000337	47.9	41.38	6.92	10.93	1	1.0
k141_152081	4084	NA	155200.80596707817	2.631429633726461	low	23.3177068073054	2	CheckV-002723	30.2	20.33	NA	NA	0	1.0
k141_648514	5306	NA	87495.14736429065	6.064336320171209	low	10.0351978014638	18	CheckV-016032	37.89	45.28	2.9404255319148938	18.097659574468082	2	1.0
k141_303102	5963	NA	182940.13091635608	3.259536313946558	high	4.90644612587249	132	CheckV-049748	64.11	35.63	3.4898104100223435	4.416382560204725	3	1.0
k141_11742	6218	NA	125418.44025533432	4.957803643021732	high	2.93010461608517	33	CheckV-000545	73.65	73.66	NA	NA	0	1.0
k141_529865	1250	NA	42895.931780617066	2.914029251988004	high	2.66829438437391	172	CheckV-012012	72.1	73.35	2.1904833836858004	3.826253776435045	2	1.0
k141_195226	2833	NA	NA	NA	NA	NA	0	NA	NA	NA	NA	NA	0	1.0
k141_368047	4454	NA	59257.988682735726	7.516286156532397	low	23.0547056367741	6	CheckV-000782	31.9	25.53	4.49	10.67	1	1.0
k141_173586	1349	NA	41623.25377974049	3.2409768038283593	low	10.6198315369057	367	CheckV-020763	45.7	50.0	1.51	3.92	1	1.0
k141_87259	2156	NA	37296.222621423825	5.780746275258297	medium	9.51279933938893	2	CheckV-060046	32.9	100.0	2.77	7.81	1	1.0
k141_508379	1638	NA	NA	NA	NA	NA	0	NA	NA	NA	NA	NA	0	1.0
k141_670155	1342	NA	622370.5247524752	0.21562717812411356	low	13.92	2	CheckV-000689	36.0	100.0	0.10999999999999999	0.21999999999999997	1	1.0
k141_217084	3568	NA	NA	NA	NA	NA	0	NA	NA	NA	NA	NA	0	1.0
k141_486633	1151	NA	36402.04985637389	3.1619098499708898	low	11.4280975286117	16	CheckV-059090	39.3	100.0	1.02	3.85	1	1.0
k141_65641	6755	NA	81341.82944446451	8.304460381742363	low	22.9181591811457	7	CheckV-001779	51.8	12.41	NA	NA	0	1.0
k141_648578	3702	NA	NA	NA	NA	NA	0	NA	NA	NA	NA	NA	0	1.0
k141_583825	2534	NA	NA	NA	NA	NA	0	NA	NA	NA	NA	NA	0	1.0
k141_368094	1783	NA	345305.5068341659	0.5163543484570872	low	15.5486016037551	13	CheckV-062241	47.4	25.71	2.3	5.37	1	1.0
k141_227515	4110	NA	48782.148803783	8.425213117469877	low	15.1657311952622	33	CheckV-001736	38.0	25.08	6.758741258741259	13.076853146853146	2	1.0
k141_238498	2745	NA	44732.71584038694	6.136448343075285	medium	7.44864970773602	2	CheckV-060046	56.9	28.93	3.9	7.51	1	1.0
k141_281568	4062	NA	179634.61435283575	2.261256837739233	medium	8.89537258399073	47	CheckV-015963	45.97	47.64	2.1936112533567282	6.399916833362297	4	1.0
k141_443630	1187	NA	38896.13778947915	3.0517168733422846	medium	7.69344577600237	14	CheckV-040480	52.9	41.67	1.56	3.6100000000000003	1	1.0
k141_227537	2879	NA	183308.70392726015	1.570574630838279	low	13.5571486856677	104	CheckV-014992	36.92	56.23	1.0391187739463603	3.035249042145594	2	1.0
k141_152167	36890	NA	369285.99999999994	9.989547396868554	high	4.88767211530719	2	CheckV-062241	37.94	77.63	8.80794351099285	12.013683292338273	6	1.0
k141_346499	1858	NA	57172.707343630274	3.2498023730670917	medium	6.29534285045635	3	CheckV-054129	52.64	53.81	1.358924117692163	4.611605232156922	3	1.0
k141_249329	4976	NA	NA	NA	NA	NA	0	NA	NA	NA	NA	NA	0	1.0
k141_497742	2546	NA	148129.0863369555	1.7187711495151643	medium	7.36886830689784	161	CheckV-014992	54.1	46.1	NA	NA	0	1.0
k141_486731	1279	NA	NA	NA	NA	NA	0	NA	NA	NA	NA	NA	0	1.0
k141_670255	5325	NA	185403.0	2.8721218103266937	medium	8.56875945487214	1	CheckV-002524	22.8	82.56	NA	NA	0	1.0
k141_562342	2574	NA	NA	NA	NA	NA	0	NA	NA	NA	NA	NA	0	1.0
k141_508523	4409	NA	426584.17657324707	1.0335591993630706	low	23.3876629889669	7	CheckV-050294	27.5	35.77	0.36	2.43	1	1.0
k141_530062	3314	NA	NA	NA	NA	NA	0	NA	NA	NA	NA	NA	0	1.0
k141_238576	2691	NA	120690.63543227954	2.2296676045839043	medium	6.41143235675985	33	CheckV-000545	54.8	48.3	1.45	9.11	1	1.0
k141_184591	2706	NA	NA	NA	NA	NA	0	NA	NA	NA	NA	NA	0	1.0
k141_303268	5540	NA	44207.0	12.531951953310562	low	13.6363636363636	1	CheckV-012250	22.8	62.54	NA	NA	0	1.0
k141_605585	7862	NA	153787.38997521668	5.112252702427024	medium	7.28976077693359	5	CheckV-046604	35.08	63.28	3.505807205714608	6.360100708253998	3	1.0
k141_594845	4287	NA	158181.01992614506	2.710186090595197	low	11.6380162023316	203	CheckV-056160	46.1	28.26	NA	NA	0	1.0
k141_670267	18239	NA	99756.37008096292	18.283544183892324	low	24.0809313623841	8	CheckV-062282	28.7	10.29	11.78	49.47	1	1.0
k141_173726	3991	NA	49119.146973381525	8.125141102639239	low	22.9181591811457	15	CheckV-015682	51.3	9.62	2.5	10.11	1	1.0
k141_400647	2701	NA	36618.93630618986	7.375965203946784	medium	8.74144713788569	3	CheckV-060046	49.88	75.71	NA	NA	0	1.0
k141_357376	12649	NA	190782.87379713915	6.630050039737726	low	18.6356392398109	2	CheckV-059243	40.6	13.15	5.69	24.75	1	1.01
k141_238599	1064	NA	435546.27250457864	0.2442909208891955	medium	5.99083426346975	65	CheckV-000894	54.3	100.0	0.09	0.97	1	1.0
k141_260090	10372	NA	103431.42434576094	10.02790019146158	medium	5.55490348808673	4	CheckV-000545	56.65	48.47	NA	NA	0	1.0
k141_530125	2679	NA	45380.93647477708	5.903359886566024	low	15.760181986278	30	CheckV-012808	37.4	35.3	NA	NA	0	1.0
k141_465271	4299	NA	143855.0	2.988425845469396	medium	7.70338372930166	1	CheckV-044766	47.75	60.4	0.19999999999999998	10.42	1	1.0
k141_637912	2589	NA	47951.79919267577	5.39917175911816	medium	9.51279250664113	36	CheckV-018772	42.06	92.61	4.272930382518011	8.272558611630776	3	1.0
k141_98249	3781	NA	110586.94863796803	3.4190291409323343	low	14.0086581853272	5	CheckV-001831	29.0	42.14	NA	NA	0	1.0
k141_184641	1224	NA	NA	NA	NA	NA	0	NA	NA	NA	NA	NA	0	1.0
k141_281719	3809	NA	267288.1684806368	1.4250537244696397	medium	8.82865440464666	25	CheckV-000102	28.4	72.94	NA	NA	0	1.0
k141_195472	4272	NA	NA	NA	NA	NA	0	NA	NA	NA	NA	NA	0	1.0
k141_270868	4295	NA	NA	NA	NA	NA	0	NA	NA	NA	NA	NA	0	1.0
k141_486858	1293	NA	90711.12368493274	1.4254040160399526	low	13.8078132016165	6	CheckV-044766	35.0	60.58	1.34	3.86	1	1.0
k141_637942	4540	NA	NA	NA	NA	NA	0	NA	NA	NA	NA	NA	0	1.0
k141_270873	2293	NA	61819.0698866776	3.709211420041368	medium	6.29534285045635	424	CheckV-011671	52.6	53.38	2.1	7.12	1	1.0
k141_670350	3066	NA	45040.72104936355	6.807173438985885	high	3.8353196099675	9	CheckV-059090	63.5	69.42	NA	NA	0	1.0
k141_173786	5502	NA	NA	NA	NA	NA	0	NA	NA	NA	NA	NA	0	1.0
k141_152343	4559	NA	NA	NA	NA	NA	0	NA	NA	NA	1.2	10.73	1	1.0
k141_324971	1007	NA	NA	NA	NA	NA	0	NA	NA	NA	NA	NA	0	1.0
k141_497858	1550	NA	59487.75110472524	2.6055784110434796	low	10.9394929934521	4	CheckV-014985	40.8	58.98	1.1412298959318827	4.345175023651845	2	1.0
k141_120024	2749	NA	66775.06474208577	4.116806191978741	low	19.4474773902474	49	CheckV-000267	36.0	26.79	1.3127948051948053	6.883168831168831	2	1.0
k141_400733	4313	NA	36386.0	11.853460122024954	high	3.74055437805018	1	CheckV-018108	68.22	61.56	3.0293165058800926	11.839852090581179	3	1.0
k141_648857	2539	NA	NA	NA	NA	NA	0	NA	NA	NA	NA	NA	0	1.02
k141_508648	5376	NA	NA	NA	NA	NA	0	NA	NA	NA	NA	NA	0	1.0
k141_292592	9929	NA	71560.935546875	13.874888476683129	low	20.455764075067	2	CheckV-060033	25.7	34.52	NA	NA	0	1.0
k141_195531	1423	NA	NA	NA	NA	NA	0	NA	NA	NA	0.62	0.88	1	1.0
k141_670422	3056	NA	NA	NA	NA	NA	0	NA	NA	NA	NA	NA	0	1.0
k141_120075	3588	NA	NA	NA	NA	NA	0	NA	NA	NA	NA	NA	0	1.0
k141_519304	2510	NA	NA	NA	NA	NA	0	NA	NA	NA	NA	NA	0	1.0
k141_98358	3064	NA	104550.231281198	2.930648705844633	medium	8.75658521623847	2	CheckV-000545	49.2	70.94	NA	NA	0	1.0
k141_389716	2801	NA	62434.0	4.486337572476535	low	21.1660950514454	1	CheckV-011851	28.0	46.97	NA	NA	0	1.0
k141_368360	1112	NA	39856.0	2.7900441589723	low	14.1542002301496	1	CheckV-020053	37.8	40.76	1.8848865619546251	3.815322862129145	2	1.0
k141_530295	5502	NA	487171.47789087676	1.1293764618199615	low	15.8221246969266	83	CheckV-001180	54.1	17.42	0.7113043478260869	4.509723320158103	2	1.01
k141_227780	4431	NA	69101.7194101612	6.412286174384881	low	18.4087537011378	436	CheckV-060046	67.9	9.79	3.9543644298161835	10.53904947323567	3	1.0
k141_44477	1210	NA	48748.6633866488	2.4821193360788487	low	13.8078132016165	35	CheckV-061371	33.7	59.7	1.78	3.33	1	1.0
k141_195586	1161	NA	47551.25733412089	2.441575817527148	low	18.6750526161226	3	CheckV-000427	27.0	54.83	0.69	3.09	1	1.0
k141_497989	4387	NA	103257.0	4.248622369427738	low	20.5151793928243	1	CheckV-044786	27.5	11.86	NA	NA	0	1.03
k141_540815	3320	NA	92205.0	3.6006724147280518	low	33.1585347120968	1	CheckV-001210	26.7	37.37	NA	NA	0	1.0
k141_638124	5812	793	147758.2116205556	0.536687600169682	medium	8.30341430665155	106	CheckV-018806	51.13	51.1	0.35	2.2	1	1.0
k141_433151	2654	NA	41189.95793917152	6.443318062910801	low	12.1929432782492	12	CheckV-017013	42.0	36.04	3.013225424148886	7.96127125250659	3	1.0
k141_411493	1452	NA	75465.97750822906	1.924045838857211	low	13.7461268634142	19	CheckV-044734	38.9	47.2	NA	NA	0	1.0
k141_508764	6396	NA	189240.0	3.379835129993659	low	16.0458909824481	1	CheckV-061481	36.42	30.6	NA	NA	0	1.0
k141_271044	1098	NA	56688.1564455653	1.9369125207914506	low	11.4280670985553	16	CheckV-001057	40.6	78.27	1.63	3.19	1	1.0
k141_33624	2640	NA	467652.93106141174	0.5645212132014452	low	10.5427046263345	22	CheckV-044818	43.6	71.11	NA	NA	0	1.0
k141_44522	3397	NA	31903.70602558064	10.647665814361062	low	18.4248232254532	34	CheckV-026709	31.3	64.91	NA	NA	0	1.0
k141_422367	2911	NA	32254.17391304348	9.025188516214955	low	10.8819485366333	2	CheckV-000211	41.0	51.71	NA	NA	0	1.0
k141_227843	1884	NA	46124.807318702784	4.084569908297637	low	13.957011667213	2	CheckV-012004	34.7	52.07	NA	NA	0	1.0
k141_1267	2529	NA	131491.20682733227	1.923322525528994	low	24.3312955035068	7	CheckV-047990	25.8	73.71	NA	NA	0	1.0
k141_389771	3326	NA	NA	NA	NA	NA	0	NA	NA	NA	NA	NA	0	1.0
k141_87635	11026	NA	61478.74692147615	17.934653115300122	low	23.7881428775411	237	CheckV-009218	50.4	5.8	12.930240963855423	31.723373493975902	2	1.0
k141_357632	1839	NA	57185.75416324694	3.2158358788978223	medium	8.63813229571984	3	CheckV-054129	46.49	93.14	1.3721064487675958	4.413407186865723	3	1.0
k141_1312	19766	NA	135741.90896502204	14.561457217382511	medium	8.49620178479239	35	CheckV-048570	37.27	29.04	15.09632760816957	39.534047741246376	8	1.0
k141_649044	13824	NA	58504.25821340643	23.629049272916323	low	17.4785801713586	13	CheckV-001551	34.36	20.65	3.8520380206877274	34.13354487000279	2	1.0
k141_368494	2374	NA	37225.09777777778	6.377417768442246	medium	5.80669068180352	2	CheckV-060046	54.26	63.25	4.164259818731118	7.262537764350453	2	1.0
k141_98510	4311	NA	NA	NA	NA	NA	0	NA	NA	NA	NA	NA	0	1.0
k141_519523	1042	NA	44894.320288492236	2.321006295014775	high	3.90091512983695	56	CheckV-061590	64.8	100.0	1.56	3.42	1	1.0
k141_44596	14398	NA	48966.153291619594	29.403984246530907	low	27.4561384438116	7	CheckV-060038	35.06	11.18	NA	NA	0	1.0
k141_649063	3154	NA	72563.55503118153	4.346534563590061	low	28.6070582969958	2	CheckV-007156	26.9	38.23	2.18	8.93	1	1.0
k141_357679	6339	NA	NA	NA	NA	NA	0	NA	NA	NA	NA	NA	0	1.0
k141_422445	2057	NA	58498.0	3.5163595336592706	low	20.2028081123245	1	CheckV-042284	31.5	52.42	2.5091232227488147	6.403578199052133	2	1.0
k141_379272	5734	NA	38994.049606957145	14.704807676546027	medium	8.40200644930133	5	CheckV-044737	38.82	52.69	6.349999999999999	16.38	1	1.0
k141_314515	2545	NA	41982.34272184679	6.0620723737640105	medium	9.38815150534153	3	CheckV-043375	44.3	36.88	NA	NA	0	1.0
k141_357691	1716	NA	50643.78412009916	3.388372393205439	low	10.9454880691546	52	CheckV-014723	40.21	84.53	2.4340298507462688	4.375189437428244	2	1.0
k141_389867	10031	NA	NA	NA	NA	NA	0	NA	NA	NA	NA	NA	0	1.0
k141_1387	3712	NA	NA	NA	NA	NA	0	NA	NA	NA	NA	NA	0	1.08
k141_541011	4130	NA	143855.0	2.870946439122728	medium	5.8050418842338	1	CheckV-044766	48.68	78.01	5.14	10.65	1	1.0
k141_120269	6926	NA	58063.468750000015	11.928326276579881	low	25.7423874966316	50	CheckV-021982	34.9	15.36	4.55925855513308	9.588288973384032	2	1.0
k141_552134	1221	NA	143855.0	0.8487713322442737	high	3.42478034785727	1	CheckV-044766	69.12	100.0	0.59	2.8800000000000003	1	1.0
k141_584322	2551	NA	NA	NA	NA	NA	0	NA	NA	NA	NA	NA	0	1.0
k141_120278	4146	NA	215382.50000000003	1.924947477162722	low	26.2236590521136	4	CheckV-036243	26.1	32.19	NA	NA	0	1.0
k141_12351	1887	560	58164.56853064672	0.9627854450685692	low	11.8649517684887	61	CheckV-032389	35.1	70.05	0.51	1.56	1	1.0
k141_163491	2770	NA	76348.86544112624	3.6280827278775853	low	15.760181986278	3	CheckV-002882	34.6	35.25	NA	NA	0	1.0
k141_12353	2524	NA	NA	NA	NA	NA	0	NA	NA	NA	NA	NA	0	1.0
k141_271205	3512	NA	668031.0	0.5257241056178531	low	13.5912336222927	1	CheckV-050294	24.9	49.48	0.284819587628866	2.0033762886597937	2	1.0
k141_314580	1214	NA	520054.0782054327	0.23343726179192534	low	11.4280670985553	21	CheckV-000152	40.9	77.78	NA	NA	0	1.0
k141_12366	1332	NA	NA	NA	NA	NA	0	NA	NA	NA	NA	NA	0	1.0
k141_552183	3287	NA	93393.25593124989	3.519526080576608	low	17.188684785418	8	CheckV-004257	41.1	15.52	NA	NA	0	1.0
k141_120311	7745	NA	237039.97342038163	3.2673813991130216	medium	9.48837978822797	93	CheckV-002553	46.9	27.05	NA	NA	0	1.0
k141_584367	2963	NA	148200.2196485221	1.9993222729542346	low	21.9381688466112	3	CheckV-040127	32.5	26.59	NA	NA	0	1.0
k141_530573	1220	NA	36262.57408683666	3.3643502446310363	medium	7.77307717469525	3	CheckV-044817	69.2	23.81	NA	NA	0	1.0
k141_649174	3899	NA	NA	NA	NA	NA	0	NA	NA	NA	NA	NA	0	1.0
k141_249722	5711	NA	48702.97145873731	11.726183904073572	low	26.9656238848579	25	CheckV-029959	37.8	9.74	NA	NA	0	1.0
k141_314606	19245	NA	141694.097104768	13.582076030852809	medium	8.34098931386297	72	CheckV-054129	44.47	28.95	27.158378947451475	47.90663743451529	5	1.0
k141_66151	4200	NA	63571.035242155165	6.606782450531654	low	10.2654867256637	2	CheckV-060036	52.34	40.47	NA	NA	0	1.0
k141_249730	6036	NA	47992.6040321045	12.576937888100918	low	27.3298538986542	23	CheckV-004050	36.8	9.18	NA	NA	0	1.0
k141_206597	3301	NA	44636.19552694339	7.395343534615185	medium	7.60627655447017	1019	CheckV-026186	52.6	39.04	6.04	9.82	1	1.0
k141_541116	1067	NA	344246.0349775925	0.30995273484252406	high	4.7385831317676	11	CheckV-061735	59.34	100.0	0.23999999999999996	0.32	2	1.0
k141_389961	1046	NA	NA	NA	NA	NA	0	NA	NA	NA	NA	NA	0	1.0
k141_346978	1150	NA	43577.13807217838	2.6389984539489806	medium	7.76410691557064	61	CheckV-021486	47.7	56.77	0.8	3.92	1	1.0
k141_519645	4126	NA	269210.23333099636	1.5326311889960909	low	25.6613586747143	22	CheckV-001195	47.0	9.74	NA	NA	0	1.0
k141_422605	5322	NA	38875.26855357055	13.689937582466408	medium	8.30341430665155	6	CheckV-044789	49.59	50.19	5.011952326901249	15.345085130533485	2	1.0
k141_670784	2959	NA	111248.41482840781	2.6598131798678044	low	16.7547169811321	13	CheckV-002047	35.9	28.07	NA	NA	0	1.0
k141_249778	1177	NA	41832.703387457455	2.813588185058333	medium	5.81978340506243	234	CheckV-041297	57.3	71.46	2.48	3.42	1	1.0
k141_649225	3424	NA	143855.0	2.3801744812484795	low	12.1929432782492	1	CheckV-044766	42.4	35.31	NA	NA	0	1.0
k141_303760	4014	NA	74687.56827820186	5.374388392253382	low	13.0126738159548	2	CheckV-000545	45.1	26.82	1.7603173374613001	9.061787925696594	2	1.0
k141_454933	1751	NA	57716.47894740988	3.0337956021112737	low	11.3661940130542	27	CheckV-021771	42.1	52.69	2.6	5.09	1	1.0
k141_368676	3539	NA	NA	NA	NA	NA	0	NA	NA	NA	NA	NA	0	1.0
k141_271274	4957	NA	668031.0	0.7420314326730346	low	19.4362889019378	1	CheckV-050294	32.6	20.51	0.25	2.8500000000000005	1	1.0
k141_498345	10008	NA	164236.9447495225	6.093635031547369	low	26.9204150716114	35	CheckV-029497	41.3	7.66	4.003278791692888	8.562611705475142	2	1.0
k141_411721	6039	NA	216609.91164179103	2.7879610652289664	low	25.7423874966316	2	CheckV-001180	35.0	16.03	0.49	5.53	1	1.0
k141_465752	5923	NA	61284.0	9.664839109718686	low	19.6393904741643	1	CheckV-041177	49.2	5.52	NA	NA	0	1.01
k141_357867	2820	NA	130790.58387847489	2.1561185189143472	medium	7.56667930805488	13	CheckV-044766	46.21	100.0	1.21	1.82	1	1.0
k141_87848	3523	NA	NA	NA	NA	NA	0	NA	NA	NA	NA	NA	0	1.02
k141_584500	2275	NA	48917.007067653976	4.650734246381004	low	10.9394929934521	16	CheckV-018465	41.63	59.97	2.44	7.42	1	1.0
k141_185109	1036	NA	105653.46750673238	0.9805641257670835	low	18.9819526322458	9	CheckV-000545	30.2	71.22	0.34	3.12	1	1.0
k141_163653	1495	NA	106233.0	1.4072839889676465	medium	5.68494985837863	1	CheckV-000545	62.1	75.56	2.24	4.9	1	1.0
k141_433468	6608	3297	1018081.0365887235	0.3238445547563908	medium	9.11498034181176	23	CheckV-000689	28.06	69.03	0.27	1.17	1	1.01
k141_239119	4981	NA	75284.11928812877	6.61626920404903	low	13.1821249631444	19	CheckV-044784	40.8	33.73	NA	NA	0	1.0
k141_411736	4203	NA	145359.84907945487	2.8914449393123722	low	14.6911520575663	289	CheckV-029378	37.0	35.46	NA	NA	0	1.0
k141_271333	1478	NA	49336.334536928494	2.995763698038227	medium	9.40391650527222	37	CheckV-019949	43.6	64.77	2.21	4.85	1	1.0
k141_174244	3630	NA	82734.56443673525	4.387525364656699	low	19.4362889019378	3	CheckV-001110	36.6	22.19	1.46	2.67	1	1.0
k141_66224	7282	NA	358977.1037692219	2.0285416321931855	low	10.3161857728861	18	CheckV-001180	30.0	44.53	0.9144028103044496	4.662148711943795	2	1.0
k141_55658	2889	NA	112610.35178871434	2.5654835049449973	medium	6.29534285045635	380	CheckV-044766	53.7	56.78	NA	NA	0	1.0
k141_465811	4426	NA	22484.375878296527	19.68478032904743	medium	8.51611620017901	8	CheckV-001158	25.9	88.43	0.95	9.64	1	1.0
k141_595466	23362	NA	354822.32878380636	6.58414031610578	medium	7.87414630858449	23	CheckV-062241	54.0	65.79	6.515026560979498	11.545194855806841	15	1.0
k141_659992	2658	NA	183617.6176108936	1.4475735142324966	low	16.0809671071127	45	CheckV-061723	48.7	12.1	1.14	6.21	1	1.0
k141_422734	2577	NA	161988.6848098034	1.590851856736627	medium	7.41878841088674	3	CheckV-000545	52.0	35.35	NA	NA	0	1.0
k141_573985	2372	NA	53239.6338213049	4.455327412584113	high	3.64336673972188	3	CheckV-044735	65.83	100.0	NA	NA	0	1.0
k141_325377	1491	NA	86908.79151670952	1.7155916840856462	low	18.9871240422095	2	CheckV-044786	31.9	42.26	1.8639735099337746	4.129668874172185	2	1.0
k141_141795	1587	NA	40592.00971018636	3.9096364317279675	low	10.8990753492032	10	CheckV-060046	47.5	81.47	1.41	5.32	1	1.0
k141_530702	1088	NA	38605.272340187716	2.8182679049964956	low	11.0823071937784	47	CheckV-040654	40.2	70.14	1.3844140624999999	3.3963281249999993	2	1.0
k141_422743	2082	NA	NA	NA	NA	NA	0	NA	NA	NA	NA	NA	0	1.0
k141_282218	4163	NA	185162.0	2.248301487346216	low	23.3177068073054	3	CheckV-040127	30.0	22.27	NA	NA	0	1.0
k141_303885	4815	NA	72317.12484798988	6.658173994224879	medium	6.92502645511634	12	CheckV-060044	54.64	36.83	4.559271523178809	13.331258278145697	2	1.0
k141_368793	3609	NA	36753.52044869593	9.819467512065373	medium	8.79473845212603	6	CheckV-014675	33.6	56.82	7.92671875	9.968385416666665	2	1.0
k141_87904	6256	NA	143855.0	4.3488234680754925	medium	6.00604023021255	1	CheckV-044766	48.27	67.2	5.54045847739199	19.044990620069147	3	1.0
k141_1664	7635	NA	NA	NA	NA	NA	0	NA	NA	NA	NA	NA	0	1.01
k141_627628	5213	NA	NA	NA	NA	NA	0	NA	NA	NA	NA	NA	0	1.0
k141_293086	1278	NA	35270.0	3.6234760419620073	low	13.92	1	CheckV-060045	35.5	100.0	1.15	4.49	1	1.0
k141_12569	1864	NA	350114.63288136123	0.5323970565467995	high	3.96835057821059	24	CheckV-061425	62.07	83.95	0.75	2.32	1	1.0
k141_12572	1183	NA	64356.19521173782	1.8382068674318315	low	11.4280975286117	226	CheckV-001581	39.6	100.0	0.81	3.01	1	1.0
k141_163720	2512	NA	106233.0	2.364613632298815	high	4.38108484005563	1	CheckV-000545	57.7	72.18	3.7600000000000002	8.24	1	1.0
k141_249894	3677	2417	NA	NA	NA	NA	0	NA	NA	NA	0.97	1.78	1	1.0
k141_541308	8521	NA	140754.05145477617	6.053822189791653	low	12.3244307299425	95	CheckV-008531	53.8	13.29	NA	NA	0	1.0
k141_98896	11373	NA	407662.56537705834	2.7898072979746864	low	27.4561384438116	3	CheckV-000587	33.5	10.13	2.43	8.95	1	1.0
k141_390155	4687	NA	NA	NA	NA	NA	0	NA	NA	NA	NA	NA	0	1.0
k141_55785	6005	NA	NA	NA	NA	NA	0	NA	NA	NA	NA	NA	0	1.0
k141_509158	8988	NA	70676.95556320678	12.717016357562239	low	17.7188662440404	21	CheckV-018292	29.4	24.41	13.492686694142542	26.129769290931247	3	1.0
k141_293179	3236	NA	151624.18079859923	2.1342242266082505	high	1.52060170045782	78	CheckV-000545	77.98	100.0	NA	NA	0	1.0
k141_98908	7630	NA	NA	NA	NA	NA	0	NA	NA	NA	NA	NA	0	1.0
k141_444314	3926	NA	55438.91597078853	7.081668050776209	low	29.1005291005291	4	CheckV-014769	24.9	25.98	6.995403481012659	9.480174050632913	2	1.0
k141_304000	1259	NA	NA	NA	NA	NA	0	NA	NA	NA	NA	NA	0	1.0
k141_120626	6106	NA	NA	NA	NA	NA	0	NA	NA	NA	14.53	40.9	1	1.0
k141_422850	2949	NA	51838.85744270616	5.68878278858542	medium	9.51279933938893	242	CheckV-002905	36.15	100.0	3.5617764471057884	7.5595009980039904	2	1.0
k141_271484	2726	NA	NA	NA	NA	NA	0	NA	NA	NA	NA	NA	0	1.0
k141_368869	1610	NA	44957.19645115153	3.5811841642513307	high	4.08059193313848	33	CheckV-046116	58.47	77.46	2.5355355975899383	4.2442179942221525	3	1.0
k141_12700	4769	NA	573298.0	0.8318535909771183	medium	9.14599722775549	1	CheckV-002553	29.1	79.72	NA	NA	0	1.0
k141_465971	2949	NA	168819.55585186958	1.7468355399463287	medium	6.27705627705628	14	CheckV-018806	66.7	38.07	NA	NA	0	1.0
k141_304031	1411	NA	36075.43334426691	3.911248928141387	low	19.838337182448	2	CheckV-015868	32.0	85.61	NA	NA	0	1.0
k141_422872	3338	NA	48180.485950282775	6.928116091324747	low	14.7807123818755	15	CheckV-012808	35.0	46.52	NA	NA	0	1.0
k141_660144	10452	NA	80003.63623526857	13.06440618431837	low	17.7188662440404	10	CheckV-038784	29.4	25.48	NA	NA	0	1.0
k141_530855	4030	NA	NA	NA	NA	NA	0	NA	NA	NA	NA	NA	0	1.0
k141_584796	5918	NA	392667.41307467624	1.5071278651978521	medium	8.73964953649821	16	CheckV-050294	29.08	86.16	0.5	4.23	1	1.0
k141_88036	21181	NA	38808.0	54.57895279323851	low	24.0809313623841	1	CheckV-030913	30.6	9.85	25.544025806451614	65.1947870967742	2	1.0
k141_174439	4328	NA	106233.0	4.074063614884264	high	4.95140329802337	1	CheckV-000545	56.85	96.56	6.47	14.2	1	1.0
k141_141945	1300	NA	259896.27228913538	0.5001995559804514	low	11.4280975286117	69	CheckV-015155	41.8	100.0	0.63	3.06	1	1.0
k141_401373	1188	NA	32308.96433602397	3.6769980852509074	medium	6.22276417638962	2	CheckV-000211	47.9	89.3	NA	NA	0	1.0
k141_606461	13563	NA	332202.0030339446	4.082756839552869	low	13.3435582822086	16	CheckV-001528	35.9	26.14	1.1064111498257838	7.4591637630662015	2	1.0
k141_141968	1472	NA	38613.44244827159	3.812143923639964	high	3.13206364758168	2	CheckV-044789	76.9	64.4	2.09	4.03	1	1.0
k141_552611	3334	NA	102945.0	3.238622565447569	low	NA	1	CheckV-010629	20.5	100.0	NA	NA	0	1.0
k141_358205	13003	NA	156446.62508418423	8.311460853184311	low	11.4453806865935	7	CheckV-038551	36.86	37.37	6.983127853881279	16.552899543378995	2	1.0
k141_530906	4005	NA	NA	NA	NA	NA	0	NA	NA	NA	1.11	6.37	1	1.02
k141_520045	3773	NA	156036.9437993275	2.418017110648037	low	13.9757982883961	185	CheckV-012088	37.8	30.67	NA	NA	0	1.0
k141_509310	4440	NA	55904.45451664506	7.942122033724574	high	2.06588253619052	24	CheckV-017191	72.52	85.48	5.19216606498195	13.229277978339352	2	1.0
k141_660196	1625	NA	69884.7235886331	2.325257819670778	medium	7.90591497421755	64	CheckV-011971	50.0	40.0	1.2136233371478784	3.90189029848544	3	1.0
k141_239414	15956	NA	941865.4560906517	1.6940848501045656	low	10.232210936042	10	CheckV-038835	24.05	23.83	1.35	24.16	1	1.0
k141_304131	2950	NA	NA	NA	NA	NA	0	NA	NA	NA	NA	NA	0	1.0
k141_681704	4223	NA	6927.662463167058	60.95851266502682	medium	9.11672823021493	46	CheckV-008529	43.1	53.19	39.37	95.93	1	1.01
k141_185446	1399	NA	453786.15906432754	0.3082949913863903	low	17.3716005451868	2	CheckV-000846	35.3	44.97	NA	NA	0	1.0
k141_476966	2816	NA	NA	NA	NA	NA	0	NA	NA	NA	NA	NA	0	1.0
k141_487656	2530	NA	NA	NA	NA	NA	0	NA	NA	NA	NA	NA	0	1.0
k141_401448	1084	NA	NA	NA	NA	NA	0	NA	NA	NA	0.64	2.88	1	1.0
k141_109812	2723	NA	94297.10029066504	2.887681584700398	medium	7.41878841088674	67	CheckV-019949	52.1	32.87	1.6	6.5600000000000005	1	1.0
k141_131368	2912	NA	53410.40341897841	5.452121335157851	low	NA	2	CheckV-044736	51.7	7.04	NA	NA	0	1.0
k141_88147	1572	NA	NA	NA	NA	NA	0	NA	NA	NA	2.02	5.69	1	1.0
k141_142002	2665	NA	NA	NA	NA	NA	0	NA	NA	NA	NA	NA	0	1.0
k141_12845	1261	NA	NA	NA	NA	NA	0	NA	NA	NA	NA	NA	0	1.0
k141_379870	3293	NA	NA	NA	NA	NA	0	NA	NA	NA	NA	NA	0	1.0
k141_520125	3890	NA	NA	NA	NA	NA	0	NA	NA	NA	1.4720395421436006	7.910020811654526	2	1.0
k141_239449	3843	NA	37396.0	10.276500160444968	low	25.7423874966316	1	CheckV-029014	33.1	14.85	NA	NA	0	1.0
k141_433858	3546	NA	NA	NA	NA	NA	0	NA	NA	NA	NA	NA	0	1.0
k141_476980	18969	NA	297972.42100233975	6.366025397985088	medium	8.22449070565684	11	CheckV-050294	31.98	24.3	1.4840260914798236	9.4584026518201	7	1.0
k141_66525	4102	NA	68009.58952057952	6.03150236446986	low	10.7645695954375	17	CheckV-018494	42.9	39.21	NA	NA	0	1.0
k141_228426	8114	NA	69606.14885675459	11.65701613042569	low	13.3435582822086	174	CheckV-013537	35.4	24.2	4.1	22.63	1	1.0
k141_185511	5953	NA	NA	NA	NA	NA	0	NA	NA	NA	NA	NA	0	1.0
k141_77461	2122	NA	197384.33962899484	1.0750599586514957	medium	8.47685945009496	57	CheckV-029296	41.6	100.0	0.8813720316622691	1.771899736147757	2	1.0
k141_120780	2828	NA	42810.0	6.605933193179164	low	18.8068221050936	1	CheckV-032581	38.8	26.46	NA	NA	0	1.0
k141_109865	2600	NA	NA	NA	NA	NA	0	NA	NA	NA	NA	NA	0	1.0
k141_649660	1735	NA	NA	NA	NA	NA	0	NA	NA	NA	NA	NA	0	1.0
k141_66544	2544	NA	103522.04368896033	2.457447621149788	low	19.6969102730118	3	CheckV-000545	27.8	55.9	NA	NA	0	1.0
k141_185534	5700	NA	NA	NA	NA	NA	0	NA	NA	NA	NA	NA	0	1.0
k141_282526	3576	NA	85787.0	4.168463753249327	low	23.3177068073054	1	CheckV-000330	28.9	18.06	NA	NA	0	1.0
k141_1945	1545	NA	123896.56491218746	1.247007938513089	low	16.4303586321935	21	CheckV-009965	24.6	100.0	NA	NA	0	1.0
k141_77508	3273	NA	NA	NA	NA	NA	0	NA	NA	NA	3.3	8.14	1	1.0
k141_347453	1322	NA	NA	NA	NA	NA	0	NA	NA	NA	1.98	4.34	1	1.0
k141_174628	3916	NA	94024.91517599538	4.164853531290137	medium	5.39638386648122	29	CheckV-044766	33.8	87.66	1.68	2.53	1	1.0
k141_585008	4283	NA	101222.92399999898	4.231254967501278	medium	5.51537070524412	166	CheckV-009947	53.4	38.33	NA	NA	0	1.0
k141_369158	2096	NA	NA	NA	NA	NA	0	NA	NA	NA	4.31	6.75	1	1.0
k141_401550	1356	NA	NA	NA	NA	NA	0	NA	NA	NA	0.07	8.5	1	1.0
k141_487723	3195	NA	50959.27000158007	6.269713047107884	medium	7.52853380158033	79	CheckV-056181	47.53	96.49	4.8861240310077525	7.674806201550388	3	1.0
k141_207057	52254	NA	102609.7487545246	50.92498581690158	medium	7.78352135796864	3	CheckV-044786	44.98	31.33	71.69655234149492	100.0	5	1.0
k141_120849	1056	NA	57791.0	1.8272741430326522	low	19.0715755774068	1	CheckV-000145	30.1	100.0	NA	NA	0	1.0
k141_77522	4561	NA	NA	NA	NA	NA	0	NA	NA	NA	NA	NA	0	1.0
k141_606638	1687	NA	NA	NA	NA	NA	0	NA	NA	NA	2.5	4.9	1	1.0
k141_153239	3255	NA	102563.77088325916	3.173635263181702	medium	9.38815150534153	3	CheckV-044637	45.1	32.72	NA	NA	0	1.0
k141_358355	1095	NA	NA	NA	NA	NA	0	NA	NA	NA	1.6200000000000003	3.18	1	1.0
k141_347482	4148	NA	NA	NA	NA	NA	0	NA	NA	NA	NA	NA	0	1.0
k141_563462	3242	NA	NA	NA	NA	NA	0	NA	NA	NA	NA	NA	0	1.0
k141_574468	1589	NA	103060.40974299629	1.5418141689544216	medium	9.43309616708745	4	CheckV-044786	51.2	86.41	0.9499999999999998	4.23	1	1.0
k141_541624	12105	NA	90000.0	13.45	low	28.292853557284	1	CheckV-049710	24.3	18.85	NA	NA	0	1.0
k141_585056	3654	NA	35630.0	10.25540275049116	low	26.2236590521136	1	CheckV-027159	23.3	32.08	NA	NA	0	1.0
k141_2027	3906	NA	177155.0404361325	2.2048483579038676	low	16.0736975857687	98	CheckV-012033	44.6	21.37	NA	NA	0	1.0
k141_379977	4044	NA	NA	NA	NA	NA	0	NA	NA	NA	NA	NA	0	1.0
k141_681838	3159	NA	38815.0	8.138606208939843	low	18.6274767169097	1	CheckV-040240	27.0	28.56	NA	NA	0	1.0
k141_444552	3411	NA	NA	NA	NA	NA	0	NA	NA	NA	NA	NA	0	1.02
k141_164146	6444	NA	NA	NA	NA	NA	0	NA	NA	NA	NA	NA	0	1.0
k141_509556	6410	NA	163142.82198895162	3.9290726504866385	medium	9.60676095205243	7	CheckV-044766	55.8	22.9	2.63624	9.887622857142857	2	1.02
k141_585094	9380	NA	NA	NA	NA	NA	0	NA	NA	NA	NA	NA	0	1.0
k141_23928	3735	NA	NA	NA	NA	NA	0	NA	NA	NA	NA	NA	0	1.0
k141_66642	1396	NA	43985.0	3.1738092531544844	low	NA	1	CheckV-016984	22.3	58.61	2.93	4.51	1	1.0
k141_99243	4549	NA	161019.4881181223	2.825123873616403	low	16.7746825248758	139	CheckV-001070	36.1	26.44	NA	NA	0	1.0
k141_477133	2615	NA	38526.46198021495	6.787542550216314	low	16.0955816050496	35	CheckV-061567	46.3	18.81	3.5216453985888	7.639483561026872	3	1.0
k141_271786	2615	NA	161321.66774195232	1.620984977779249	low	13.957011667213	80	CheckV-062241	36.0	48.15	NA	NA	0	1.0
k141_45377	1340	NA	58393.98782234958	2.294756789134945	low	12.2511878772313	7	CheckV-000352	33.9	29.61	1.38	3.72	1	1.0
k141_13036	3777	NA	140423.65582677873	2.6897177528686216	low	16.354663036079	10	CheckV-045663	37.8	21.28	1.9657100078613048	2.841484706461272	3	1.0
k141_358451	1643	NA	NA	NA	NA	NA	0	NA	NA	NA	1.91	6.4	1	1.0
k141_380047	1291	NA	NA	NA	NA	NA	0	NA	NA	NA	1.15	4.32	1	1.0
k141_520317	7128	NA	140663.96231278023	5.0673960002279665	low	18.1585854626757	5	CheckV-042388	28.1	35.0	NA	NA	0	1.0
k141_606738	3089	NA	162787.13047795888	1.897570152462541	medium	7.41878841088674	646	CheckV-000116	49.8	35.86	NA	NA	0	1.0
k141_347584	4209	NA	NA	NA	NA	NA	0	NA	NA	NA	NA	NA	0	1.0
k141_2080	2551	NA	NA	NA	NA	NA	0	NA	NA	NA	NA	NA	0	1.0
k141_261231	2404	NA	35722.0	6.729746374783047	high	4.94487136652188	1	CheckV-044817	82.6	25.94	3.08	8.71	1	1.0
k141_380083	3212	NA	67112.82488790614	4.785970498730725	low	19.2245446878348	2	CheckV-059090	37.4	18.22	NA	NA	0	1.0
k141_24005	4521	4026	103473.94188742466	3.8908346648087693	medium	8.38293115600352	3	CheckV-000545	55.8	27.51	4.245894736842105	11.031305263157897	2	1.01
k141_585160	3384	NA	46885.619047619046	7.217564935130886	low	19.6969102730118	2	CheckV-007849	31.0	53.92	NA	NA	0	1.0
k141_563582	2837	NA	153122.52501761078	1.8527646403908986	low	14.7561633975166	50	CheckV-000283	30.49	80.98	NA	NA	0	1.0
k141_99298	1154	NA	NA	NA	NA	NA	0	NA	NA	NA	NA	NA	0	1.0
k141_207235	4920	NA	84615.79402856721	5.814517320890418	medium	5.64074565166524	28	CheckV-060042	43.61	76.64	2.11	3.18	1	1.0
k141_315302	8179	NA	36278.617814730125	22.544960344875925	high	3.71484524843028	4	CheckV-018108	57.55	41.61	13.029015797374187	24.03475796328238	4	1.0
k141_628073	17698	NA	714557.781924668	2.4767766089301095	high	4.59458209346428	34	CheckV-002553	30.75	44.76	1.308835616438356	15.88189497716895	2	1.0
k141_24056	3693	NA	267467.73517560726	1.3807272856949802	high	4.65404134175022	239	CheckV-050294	46.2	96.53	0.9110761589403974	2.7803476821192055	2	1.0
k141_541731	28759	NA	140051.84530580323	20.53453843268164	low	27.441312952095	28	CheckV-043415	26.77	11.75	10.39004662004662	63.915407925407926	2	1.0
k141_271858	3897	NA	52813.558337924296	7.378787043783881	medium	5.8050418842338	31	CheckV-001534	51.94	78.35	5.833290129611167	16.680797607178466	2	1.0
k141_681967	4307	NA	145744.0531527415	2.9551806106875684	low	10.738170664253	171	CheckV-003052	27.73	52.55	NA	NA	0	1.0
k141_499104	2014	NA	NA	NA	NA	NA	0	NA	NA	NA	NA	NA	0	1.0
k141_239728	9385	NA	143982.30017688926	6.5181622938861725	low	16.4293487069065	65	CheckV-010535	27.23	27.54	9.36	21.289999999999996	1	1.0
k141_477277	5125	NA	36091.5339899887	14.200006021970708	high	3.6774616816053	3	CheckV-060046	63.1	54.33	NA	NA	0	1.0
k141_315377	1448	NA	NA	NA	NA	NA	0	NA	NA	NA	NA	NA	0	1.0
k141_34508	12931	NA	511144.15788279334	2.52981469133119	low	14.6579797588075	67	CheckV-049466	50.2	14.61	4.5014607754734	18.562705139765555	2	1.0
k141_207337	1544	NA	62673.09193560217	2.4635771944784377	low	14.8448260270765	39	CheckV-046511	41.8	31.66	NA	NA	0	1.0
k141_423280	2873	NA	36676.426978549134	7.8333693783211915	high	4.72049567240535	3	CheckV-044817	53.33	96.7	2.838370191337096	8.259026277011436	3	1.0
k141_153483	3734	NA	83174.17012695364	4.489374518916841	low	12.4955291822468	48	CheckV-021044	34.0	38.44	2.7925537560427505	9.44679690094919	3	1.0
k141_2178	1269	NA	38778.24822941024	3.272453135305797	low	19.0715755774068	9	CheckV-006335	28.2	100.0	1.9	4.16	1	1.0
k141_153501	1455	NA	104182.44712721984	1.3965884274375533	low	28.2796463774007	27	CheckV-001792	24.9	100.0	NA	NA	0	1.0
k141_207354	5589	NA	6073.5	92.02272165966906	low	12.2245323052055	2	CheckV-014737	24.6	53.52	52.11	100.0	1	1.0
k141_444709	1745	NA	162221.7013386867	1.0756883854625507	low	18.8068221050936	15	CheckV-032913	42.2	26.98	NA	NA	0	1.0
k141_261360	3671	NA	NA	NA	NA	NA	0	NA	NA	NA	2.54	10.39	1	1.0
k141_185854	3572	NA	NA	NA	NA	NA	0	NA	NA	NA	7.108421052631579	10.811052631578947	2	1.0
k141_434195	3751	NA	73545.77966465597	5.100224672446602	low	12.4955291822468	7	CheckV-000469	37.2	38.0	3.571797056408014	14.26786883526638	3	1.0
k141_531264	5711	NA	139191.39728385344	4.102983454037422	low	16.0736975857687	151	CheckV-001062	43.9	19.04	NA	NA	0	1.0
k141_239774	11016	NA	283009.47352387296	3.8924492042033205	low	22.555739773824	24	CheckV-056621	27.8	19.6	1.76	17.2	1	1.0
k141_261366	3135	NA	388793.1289747399	0.8063414104737644	low	11.7390330599321	7	CheckV-050294	38.7	39.25	0.25	0.74	1	1.0
k141_358621	2907	NA	NA	NA	NA	NA	0	NA	NA	NA	NA	NA	0	1.0
k141_358623	2547	NA	NA	NA	NA	NA	0	NA	NA	NA	NA	NA	0	1.0
k141_444722	3510	NA	198539.84341708766	1.767907105993973	medium	9.11455548855628	2	CheckV-061481	28.6	91.86	NA	NA	0	1.0
k141_434213	1538	NA	73465.96551753182	2.093486404439854	medium	6.50440235702245	100	CheckV-054007	49.1	44.96	1.37	4.81	1	1.0
k141_347700	8635	NA	106233.0	8.128359361027176	high	4.93210735010565	1	CheckV-000545	55.09	43.41	NA	NA	0	1.0
k141_185870	3078	NA	202232.4116123756	1.5220112223651305	low	18.8069420012078	2	CheckV-023878	30.7	60.45	NA	NA	0	1.0
k141_88420	1738	NA	NA	NA	NA	NA	0	NA	NA	NA	NA	NA	0	1.0
k141_585316	1170	NA	69999.36420353266	1.6714437528290487	low	12.3950755456072	12	CheckV-000211	41.8	56.33	1.3482515337423313	3.8844631901840487	2	1.0
k141_358630	2637	NA	12469.325649075368	21.14789583826083	low	10.6944003686965	2	CheckV-054117	37.8	65.68	NA	NA	0	1.0
k141_606891	3385	NA	NA	NA	NA	NA	0	NA	NA	NA	NA	NA	0	1.12
k141_390723	4722	NA	57858.45676202788	8.161296142794837	medium	8.40200644930133	86	CheckV-040210	38.49	52.96	7.405891847100764	12.909981288266499	5	1.0
k141_142340	2223	NA	74578.78259128443	2.9807405306985912	medium	5.86385453857612	20	CheckV-044765	50.49	100.0	1.9045643693107932	4.962171651495449	2	1.0
k141_520493	1208	NA	36940.29368220205	3.2701418412978622	high	2.90887460477086	2	CheckV-054009	73.4	100.0	1.07	4.05	1	1.0
k141_423310	4598	NA	54872.26972924419	8.379460194899675	low	23.0547056367741	14	CheckV-002024	32.2	27.13	2.991750405186386	14.221085899513776	2	1.01
k141_2245	11771	NA	61443.742971880034	19.157361564686976	low	11.4453806865935	144	CheckV-041785	37.25	36.69	15.338309744589946	40.00542906504704	6	1.0
k141_390737	3550	NA	NA	NA	NA	NA	0	NA	NA	NA	NA	NA	0	1.0
k141_509812	3530	NA	NA	NA	NA	NA	0	NA	NA	NA	NA	NA	0	1.0
k141_142373	1292	NA	35311.030828516385	3.6589132905081043	medium	7.29637658717869	3	CheckV-044817	51.5	100.0	1.66	4.68	1	1.0
k141_88498	1121	NA	60868.91047384152	1.8416626669894987	high	3.90091512983695	304	CheckV-011671	63.6	100.0	1.03	3.48	1	1.0
k141_434288	3022	2383	49808.531472147224	4.784320937734464	low	11.3595528049511	42	CheckV-061247	44.45	85.13	2.0216835016835017	5.350280583613917	2	1.0
k141_390759	2713	NA	NA	NA	NA	NA	0	NA	NA	NA	NA	NA	0	1.0
k141_196742	3321	NA	231078.02902056443	1.4371768766058035	medium	9.89099717400081	11	CheckV-062293	47.49	41.14	NA	NA	0	1.0
k141_131753	7468	NA	54305.44777699687	13.751843149635816	low	12.4955291822468	3	CheckV-001704	32.56	39.45	6.12	42.57	1	1.0
k141_77868	3706	NA	38059.0	9.737512809059618	low	15.1657311952622	1	CheckV-054009	38.73	22.57	4.3	14.430000000000001	1	1.0
k141_639312	1659	NA	43395.40552334454	3.822985359838478	high	3.62493958434026	74	CheckV-019199	48.6	56.64	2.617125097125097	4.783512043512043	2	1.0
k141_671568	2022	NA	38273.97932181332	5.28296256576491	low	10.6944003686965	2	CheckV-018383	41.72	62.54	3.6397368151711427	6.888907051891276	3	1.0
k141_434293	1024	NA	NA	NA	NA	NA	0	NA	NA	NA	0.91	3.43	1	1.0
k141_639321	2294	NA	37941.594421409725	6.04613494762766	low	19.6969102730118	2	CheckV-060045	29.6	55.04	2.9201822916666664	7.161302083333334	2	1.0
k141_196765	3182	NA	68577.57010258916	4.640001089627209	low	18.6274767169097	2	CheckV-001133	25.5	32.43	5.539999999999999	19.090000000000003	1	1.0
k141_347782	3984	NA	NA	NA	NA	NA	0	NA	NA	NA	NA	NA	0	1.0
k141_164498	3829	NA	54291.00000000001	7.052734339024884	low	25.4390035413359	1	CheckV-044736	41.9	16.33	NA	NA	0	1.0
k141_369628	1115	NA	350381.74370005034	0.3182243424630345	low	10.6764514907398	12	CheckV-051503	46.51	100.0	0.3085434173669468	0.4501680672268908	2	1.0
k141_466580	5135	NA	153699.05236380338	3.3409444762518974	low	22.6418050767784	16	CheckV-041509	29.1	29.42	NA	NA	0	1.0
k141_228915	2861	NA	131351.91855562848	2.1781181664189746	low	10.7907508297973	113	CheckV-012506	45.4	30.1	NA	NA	0	1.0
k141_142437	1000	NA	49374.1665158391	2.0253506450163625	low	11.4280975286117	199	CheckV-003846	39.2	100.0	1.5699999999999998	2.48	1	1.0
k141_585423	3137	NA	NA	NA	NA	NA	0	NA	NA	NA	NA	NA	0	1.0
k141_682164	3595	NA	155356.9173532496	2.314026347359681	low	10.7959242051495	111	CheckV-003052	29.35	61.07	NA	NA	0	1.0
k141_358675	18081	NA	106233.0	17.02013498630369	medium	7.87414630858449	1	CheckV-000545	57.25	64.01	15.185957563394902	58.03951341887225	5	1.0
k141_164527	8794	NA	NA	NA	NA	NA	0	NA	NA	NA	NA	NA	0	1.01
k141_164532	1547	NA	56527.02410969913	2.736744104904259	medium	9.69093101478708	2	CheckV-054129	44.5	51.67	1.24	3.6699999999999995	1	1.0
k141_121302	5690	NA	6467.980889369864	87.9718121825549	medium	5.63301787048028	243	CheckV-033089	44.4	79.61	53.05	100.0	1	1.0
k141_326095	4218	NA	106233.0	3.9705176357628984	medium	6.71526254676816	1	CheckV-000545	41.71	65.0	NA	NA	0	1.0
k141_380388	5724	4616	119760.9355072827	3.854345309217545	low	16.7746825248758	47	CheckV-042212	36.7	23.52	4.5	12.03	1	1.0
k141_499323	3248	NA	179089.62335405572	1.813617081308382	low	20.4541717367711	11	CheckV-026440	31.0	34.7	NA	NA	0	1.0
k141_196832	2312	NA	35722.0	6.472202004367056	medium	9.89099717400081	1	CheckV-044817	43.26	38.47	2.68	9.0	1	1.0
k141_412539	2625	NA	107408.82437150837	2.443933275836428	low	11.1946870712599	2	CheckV-030959	28.7	95.21	NA	NA	0	1.0
k141_682215	5505	NA	NA	NA	NA	NA	0	NA	NA	NA	NA	NA	0	1.0
k141_24407	4308	NA	12718.318495462385	33.872402248276764	low	13.9757982883961	2	CheckV-054117	38.1	30.09	NA	NA	0	1.0
k141_682249	1139	NA	51034.18236103735	2.2318374612964957	medium	7.75308368376917	10	CheckV-032920	61.0	37.47	1.01	3.81	1	1.0
k141_2362	3243	NA	NA	NA	NA	NA	0	NA	NA	NA	NA	NA	0	1.04
k141_423394	9037	NA	538135.5965612275	1.6793165250074285	medium	6.91190561181355	2	CheckV-050294	31.58	52.85	1.5884826325411339	7.054972577696527	2	1.0
k141_34715	2427	NA	384432.35863122676	0.6313204249094289	low	13.957011667213	4	CheckV-061291	37.4	50.61	1.08	1.42	1	1.0
k141_153691	10810	NA	556255.9849882371	1.9433498769866886	low	20.6566983698812	2	CheckV-000689	35.8	14.55	NA	NA	0	1.0
k141_660780	3186	NA	125676.51530264433	2.5350798375716614	low	20.2028081123245	7	CheckV-009996	31.0	47.55	NA	NA	0	1.0
k141_617779	4145	NA	NA	NA	NA	NA	0	NA	NA	NA	NA	NA	0	1.0
k141_261552	5043	NA	NA	NA	NA	NA	0	NA	NA	NA	NA	NA	0	1.0
k141_639450	3035	NA	NA	NA	NA	NA	0	NA	NA	NA	NA	NA	0	1.0
k141_596336	3676	NA	NA	NA	NA	NA	0	NA	NA	NA	NA	NA	0	1.0
k141_650208	21652	NA	NA	NA	NA	NA	0	NA	NA	NA	NA	NA	0	1.0
k141_121412	7625	NA	57198.135272400155	13.330854168036655	medium	8.10096094157376	3	CheckV-052246	47.33	53.11	9.110923557778609	12.024057083828005	4	1.0
k141_283013	5251	NA	NA	NA	NA	NA	0	NA	NA	NA	12.49	35.17	1	1.01
k141_660812	1433	NA	NA	NA	NA	NA	0	NA	NA	NA	NA	NA	0	1.0
k141_250722	2652	NA	60651.145030425956	4.372547292667947	low	12.9948120840075	2	CheckV-000267	51.3	18.36	NA	NA	0	1.0
k141_639513	1671	NA	NA	NA	NA	NA	0	NA	NA	NA	2.495072463768116	8.291782608695653	2	1.0
k141_24478	2961	NA	23416.828306319232	12.644752573946784	low	16.0119781574775	23	CheckV-032828	30.0	69.16	NA	NA	0	1.0
k141_67074	4278	NA	37302.05954086148	11.468535659039915	low	13.5912336222927	17	CheckV-039733	27.2	51.93	8.13	13.93	1	1.0
k141_682308	3585	NA	84210.58974837128	4.257184293225233	medium	8.38293115600352	75	CheckV-060479	53.4	29.06	NA	NA	0	1.0
k141_358787	1273	NA	51263.00000000001	2.4832725357470298	low	30.2620342487303	1	CheckV-000338	25.7	65.87	NA	NA	0	1.0
k141_639519	3619	NA	85977.51018540995	4.209240291089669	medium	8.50356765363445	2	CheckV-003291	33.3	49.1	NA	NA	0	1.0
k141_34746	2945	NA	NA	NA	NA	NA	0	NA	NA	NA	NA	NA	0	1.01
k141_283050	3444	NA	106233.0	3.241930473581655	low	13.2625055334219	1	CheckV-000545	68.1	9.46	NA	NA	0	1.0
k141_682328	3010	NA	63301.0	4.755059161782595	low	19.6969102730118	1	CheckV-060036	31.87	55.88	1.94	8.16	1	1.0
k141_294050	16277	NA	199944.24546029398	8.140769424260512	medium	8.76635998444991	3	CheckV-046604	39.54	25.43	7.956616842845473	17.017535268198014	5	1.0
k141_434429	3513	NA	35925.98862874158	9.778436541589068	low	22.9181591811457	35	CheckV-049025	48.2	8.26	4.297730496453901	10.308581560283688	2	1.01
k141_304822	26398	NA	497477.0211512548	5.306375747549121	medium	8.49620178479239	4	CheckV-050294	35.03	28.37	4.300044080608148	17.5651985175933	4	1.0
k141_67105	2914	NA	NA	NA	NA	NA	0	NA	NA	NA	NA	NA	0	1.0
k141_13541	4588	NA	89968.46328081696	5.099564706000988	low	13.9757982883961	6	CheckV-004443	38.0	31.72	1.8569230769230767	8.783846153846154	2	1.0
k141_563897	3057	NA	NA	NA	NA	NA	0	NA	NA	NA	NA	NA	0	1.0
k141_315770	2766	NA	1164456.343604573	0.23753574062191551	low	23.7617171740707	14	CheckV-002065	25.9	58.33	NA	NA	0	1.0
k141_650260	8014	NA	52933.547667016486	15.139737185976706	low	15.7472323702244	52	CheckV-000645	40.9	21.47	12.42070287539936	21.778210862619808	2	1.0
k141_660859	5196	NA	NA	NA	NA	NA	0	NA	NA	NA	NA	NA	0	1.0
k141_261646	1690	NA	35411.538116934265	4.772455786640399	medium	5.86385453857612	44	CheckV-019853	49.11	100.0	1.17	5.76	1	1.0
k141_196940	7985	NA	148689.6651142542	5.3702454665321016	high	3.6651377210874	24	CheckV-018433	61.27	62.91	3.3898555956678695	9.872454873646207	2	1.0
k141_34789	1559	NA	63187.84114860699	2.467246817838734	low	11.3595528049511	10	CheckV-044789	46.4	86.92	1.28	8.89	1	1.0
k141_99727	2648	NA	NA	NA	NA	NA	0	NA	NA	NA	NA	NA	0	1.0
k141_304850	3049	NA	52493.14031258837	5.80837797442425	medium	9.82267274135623	14	CheckV-018494	45.5	44.28	NA	NA	0	1.0
k141_585625	1763	NA	143855.0	1.225539605853116	high	4.72049567240535	1	CheckV-044766	56.65	93.22	0.86	4.15	1	1.0
k141_164745	1112	NA	NA	NA	NA	NA	0	NA	NA	NA	1.29	4.33	1	1.0
k141_67157	1337	NA	111869.51320104222	1.1951424134627806	low	13.92	11	CheckV-016032	36.05	100.0	NA	NA	0	1.0
k141_380618	1534	NA	NA	NA	NA	NA	0	NA	NA	NA	0.87	3.63	1	1.0
k141_358848	3400	NA	348240.3438091081	0.9763371936778666	low	18.6274767169097	3	CheckV-043516	26.4	28.27	NA	NA	0	1.0
k141_671857	1098	NA	143855.0	0.7632685690452191	low	10.6764514907398	1	CheckV-044766	45.29	100.0	NA	NA	0	1.0
k141_34818	4497	NA	68152.98014259676	6.5983908415903585	low	11.9081075052972	18	CheckV-016435	53.0	19.13	NA	NA	0	1.0
k141_542140	2132	NA	103257.0	2.0647510580396484	low	15.760181986278	1	CheckV-044786	33.3	35.87	2.73	7.72	1	1.0
k141_78139	3908	NA	12533.86463884562	31.179529320016098	low	13.9757982883961	2	CheckV-054117	38.0	28.94	NA	NA	0	1.0
k141_444980	1809	NA	198558.25729607753	0.91106762550929	low	18.8069420012078	17	CheckV-056620	29.5	59.92	0.15	1.66	1	1.0
k141_369905	3981	NA	43996.0247060148	9.048544786946962	medium	8.73964953649821	19	CheckV-000253	29.23	82.75	NA	NA	0	1.0
k141_186194	3186	NA	NA	NA	NA	NA	0	NA	NA	NA	NA	NA	0	1.0
k141_326271	3813	NA	42243.52582862125	9.026235204582708	medium	5.46581517655898	84	CheckV-044735	56.8	45.77	2.9813055303717135	10.987053490480509	2	1.0
k141_315900	4653	NA	110523.50325864667	4.209964272586499	medium	7.70338372930166	15	CheckV-044818	51.6	61.14	2.0	3.01	1	1.0
k141_423556	2553	NA	NA	NA	NA	NA	0	NA	NA	NA	NA	NA	0	1.0
k141_315906	1031	NA	NA	NA	NA	NA	0	NA	NA	NA	NA	NA	0	1.0
k141_78171	5413	NA	55074.137552952896	9.828569707143371	low	13.9757982883961	2	CheckV-054202	38.1	30.74	NA	NA	0	1.0
k141_164819	5289	NA	NA	NA	NA	NA	0	NA	NA	NA	NA	NA	0	1.0
k141_380688	2284	NA	103009.55333486134	2.217270074529126	medium	9.89099717400081	4	CheckV-044786	44.0	41.53	1.36	6.08	1	1.0
k141_488326	4169	NA	169915.91642816257	2.453566497852236	low	19.6393904741643	9	CheckV-061481	47.9	6.85	NA	NA	0	1.0
k141_121591	1107	NA	37088.55548290067	2.9847482210796046	low	11.4280975286117	2	CheckV-060046	41.1	100.0	1.29	4.31	1	1.0
k141_24643	11859	NA	79304.79952588008	14.95369772182574	low	17.4785801713586	283	CheckV-001297	33.9	18.08	20.115570184822502	39.08375536939813	3	1.0
k141_682447	3432	NA	283919.3524401502	1.2087939657876827	low	19.2245446878348	37	CheckV-022016	36.4	19.62	2.62	9.58	1	1.01
k141_596527	2682	NA	NA	NA	NA	NA	0	NA	NA	NA	NA	NA	0	1.0
k141_24646	2132	NA	NA	NA	NA	NA	0	NA	NA	NA	3.43	7.01	1	1.0
k141_628513	5508	NA	37855.47303749043	14.55007574346017	high	2.0052171709053	3	CheckV-018108	80.55	96.86	7.454857935234782	16.04747899616629	3	1.0
k141_197076	2986	NA	NA	NA	NA	NA	0	NA	NA	NA	NA	NA	0	1.0
k141_261783	2786	NA	277826.9410209771	1.0027825198527616	low	19.4474773902474	66	CheckV-041909	35.8	25.52	NA	NA	0	1.0
k141_380725	2539	NA	191537.12401471366	1.3255915859971652	low	12.9948120840075	5	CheckV-018895	48.1	21.55	NA	NA	0	1.0
k141_219090	1001	NA	38908.013691552565	2.5727347788441075	high	2.63714253922332	2	CheckV-060045	78.6	41.0	1.753716012084592	3.0596676737160124	2	1.0
k141_423627	2740	NA	47625.99999999999	5.75316003863436	low	18.9139941690962	1	CheckV-018399	28.4	21.77	NA	NA	0	1.0
k141_412822	2645	NA	NA	NA	NA	NA	0	NA	NA	NA	NA	NA	0	1.0
k141_337148	4999	NA	162236.1281557243	3.081311207822742	low	13.9757982883961	578	CheckV-059043	41.79	31.76	NA	NA	0	1.0
k141_391094	2559	NA	NA	NA	NA	NA	0	NA	NA	NA	NA	NA	0	1.0
k141_88934	1614	NA	31188.0	5.175067333589842	low	21.9381688466112	1	CheckV-036750	31.7	26.17	2.39	4.69	1	1.0
k141_466894	2584	NA	NA	NA	NA	NA	0	NA	NA	NA	NA	NA	0	1.0
k141_142728	1021	NA	103257.0	0.9887949485264922	low	13.92	1	CheckV-044786	35.1	100.0	1.31	3.7	1	1.0
k141_553523	4628	NA	70744.14981702376	6.541883692107535	low	22.6418050767784	3	CheckV-060033	29.4	29.68	NA	NA	0	1.0
k141_110615	2921	NA	41191.80642914844	7.091216077217291	low	18.8069420012078	3	CheckV-017179	28.6	59.62	2.5839068825910934	11.220607287449393	2	1.0
k141_46044	3149	NA	143855.0	2.1890097667790482	low	20.2028081123245	1	CheckV-044766	29.9	50.29	NA	NA	0	1.0
k141_423661	1844	NA	NA	NA	NA	NA	0	NA	NA	NA	NA	NA	0	1.0
k141_283293	1249	NA	139100.0534506407	0.8979148239099739	low	19.9248772031205	22	CheckV-055198	28.4	73.48	NA	NA	0	1.0
k141_153965	14315	NA	168328.27087456814	8.504216151942176	medium	6.89081578481685	22	CheckV-018806	46.27	51.91	6.805352535044285	20.292561545435525	3	1.0
k141_499657	2766	NA	342290.83144704625	0.8080847472036105	low	16.0955816050496	13	CheckV-054208	44.5	18.73	1.21	1.64	1	1.0
k141_499664	6679	NA	NA	NA	NA	NA	0	NA	NA	NA	NA	NA	0	1.0
k141_531836	2631	NA	NA	NA	NA	NA	0	NA	NA	NA	NA	NA	0	1.0
k141_542258	3529	NA	68362.24299020688	5.162206278845387	low	13.5948759007206	4	CheckV-015435	27.5	69.36	NA	NA	0	1.0
k141_305056	2306	NA	41291.462043795626	5.584689632820824	low	23.7617171740707	15	CheckV-016098	27.5	59.64	3.45	7.56	1	1.0
k141_207863	2984	NA	12690.075803260153	23.514437945543186	low	10.6944003686965	2	CheckV-054117	39.1	63.86	NA	NA	0	1.0
k141_661102	9220	NA	365058.32672431285	2.5256238044839394	high	3.52755734318948	36	CheckV-062241	63.97	59.39	2.445827429846804	5.208848237429635	7	1.0
k141_13782	8203	NA	171012.68582261098	4.796720173443071	low	26.2150433075829	12	CheckV-019855	40.0	5.03	7.076274509803921	13.345098039215685	2	1.0
k141_370047	11988	NA	NA	NA	NA	NA	0	NA	NA	NA	NA	NA	0	1.0
k141_391167	3434	NA	165977.99610563467	2.0689489453857925	low	15.5486016037551	2	CheckV-044766	46.3	25.93	2.04	8.0	1	1.0
k141_682530	1469	NA	39009.55256577325	3.7657442943575106	medium	9.28434547078065	4	CheckV-059090	46.6	78.22	1.3099999999999998	4.92	1	1.0
k141_142776	1639	NA	45349.33877544421	3.614165154900752	medium	6.29534285045635	157	CheckV-017202	56.1	54.04	2.3438961038961037	4.195887445887446	2	1.0
k141_650433	9112	NA	177089.84905869458	5.145410676238096	medium	8.63432559025156	185	CheckV-013183	33.89	44.52	4.896913587764756	7.202272191597282	8	1.0
k141_628577	8835	NA	5621.0	100.0	low	27.4561384438116	1	CheckV-064380	33.7	8.82	NA	NA	0	1.0
k141_197175	7747	NA	43029.831613402974	18.00378878914078	low	10.7181110029211	7	CheckV-044737	38.3	30.95	6.856659919028341	29.758340080971664	2	1.0
k141_89040	5274	NA	NA	NA	NA	NA	0	NA	NA	NA	NA	NA	0	1.0
k141_186408	1717	624	NA	NA	NA	NA	0	NA	NA	NA	0.55	2.09	1	1.0
k141_650458	8807	NA	NA	NA	NA	NA	0	NA	NA	NA	NA	NA	0	1.0
k141_89066	1188	NA	47488.629514569104	2.501651473508057	medium	5.28180719139367	663	CheckV-017410	54.6	59.09	NA	NA	0	1.0
k141_596680	3533	NA	NA	NA	NA	NA	0	NA	NA	NA	0.74	2.13	1	1.0
k141_261888	12475	NA	58923.664885760896	21.17145975931077	low	17.7188662440404	3	CheckV-004526	32.03	24.54	16.6915310455641	31.983391483989447	3	1.0
k141_672078	2813	NA	184288.0	1.526415176245876	low	16.7547169811321	1	CheckV-039937	34.0	29.38	NA	NA	0	1.0
k141_251072	4917	NA	148633.4190983529	3.308138929877102	high	3.1679071702649	73	CheckV-000545	72.79	70.23	NA	NA	0	1.0
k141_78352	1614	NA	36815.91394404618	4.383973741499398	low	10.9394929934521	3	CheckV-060046	39.12	59.57	1.8699999999999999	6.28	1	1.0
k141_380929	5308	NA	86032.89904184247	6.169732810489661	low	22.9181591811457	5	CheckV-044637	47.6	10.09	NA	NA	0	1.0
k141_553637	14775	NA	36756.10820432425	40.19740043713813	medium	7.75586858715155	3	CheckV-060046	40.84	52.13	NA	NA	0	1.0
k141_142818	11877	NA	989454.4180804064	1.20035847866969	high	4.26956702519942	15	CheckV-054001	22.47	70.49	0.9761812844358864	7.069528270068275	3	1.0
k141_542349	2574	NA	171529.55172413794	1.5006160595228688	low	11.8649517684887	3	CheckV-030942	34.4	70.53	NA	NA	0	1.0
k141_434818	1042	NA	49618.64018317543	2.1000172438286993	high	1.97923426346528	9	CheckV-012012	79.3	100.0	0.93	3.1000000000000005	1	1.0
k141_553644	3851	NA	50030.368602393195	7.6973248600366855	low	14.6911520575663	32	CheckV-049988	36.9	37.27	NA	NA	0	1.0
k141_456254	2781	NA	58530.26683474066	4.751387872281724	low	10.8990753492032	14	CheckV-002409	42.6	81.53	NA	NA	0	1.0
k141_154114	2551	NA	55716.69015085264	4.578520355558058	low	29.5168603908545	2	CheckV-057236	26.2	47.13	NA	NA	0	1.0
k141_596700	1677	NA	38059.0	4.406316508578786	low	17.188684785418	1	CheckV-054009	39.4	15.96	NA	NA	0	1.0
k141_305189	3386	NA	71151.5560702576	4.758855866281466	low	12.1929432782492	994	CheckV-003305	42.32	33.33	1.89	9.86	1	1.0
k141_337316	3673	NA	331950.0	1.1064919415574634	low	22.6418050767784	1	CheckV-003751	27.9	29.5	NA	NA	0	1.0
k141_639862	4414	NA	NA	NA	NA	NA	0	NA	NA	NA	NA	NA	0	1.0
k141_2759	1420	422	NA	NA	NA	NA	0	NA	NA	NA	0.63	1.23	1	1.02
k141_110769	9423	NA	668031.0	1.41056328224289	low	27.4561384438116	1	CheckV-050294	34.1	8.09	2.02	7.42	1	1.0
k141_24932	5853	NA	268396.1846269453	2.1807314467362198	low	13.9757982883961	40	CheckV-001528	38.2	31.7	0.4755097728473322	4.546941362916007	2	1.01
k141_165034	4069	NA	NA	NA	NA	NA	0	NA	NA	NA	NA	NA	0	1.0
k141_326536	2398	NA	184714.08396607795	1.2982226089702957	medium	7.59381898454746	22	CheckV-061481	57.7	30.95	1.53	5.08	1	1.0
k141_467110	3111	NA	NA	NA	NA	NA	0	NA	NA	NA	NA	NA	0	1.03
k141_682663	2675	NA	NA	NA	NA	NA	0	NA	NA	NA	2.51	8.15	1	1.0
k141_154163	2617	NA	60560.42381778254	4.32130397216864	low	19.6969102730118	15	CheckV-002476	28.6	55.33	NA	NA	0	1.0
k141_628705	2780	NA	48278.5195877709	5.758254444703774	medium	8.76990056085545	10	CheckV-054009	49.5	77.7	NA	NA	0	1.0
k141_391328	1021	NA	36603.0	2.7893888479086413	medium	5.99083426346975	1	CheckV-060046	56.9	100.0	0.91	3.42	1	1.0
k141_13936	17574	NA	55802.76060505208	31.493065592903562	high	3.8339939599849	19	CheckV-017191	61.99	56.11	20.447977745104208	44.75335424160539	4	1.0
k141_35158	2265	NA	NA	NA	NA	NA	0	NA	NA	NA	NA	NA	0	1.0
k141_585936	3506	NA	246814.4609743043	1.42050023574794	low	16.0458909824481	10	CheckV-050294	35.5	28.68	NA	NA	0	1.0
k141_251153	2886	NA	NA	NA	NA	NA	0	NA	NA	NA	NA	NA	0	1.0
k141_186540	20284	NA	45915.57802698074	44.176727968187166	low	16.7308326916731	232	CheckV-011296	27.8	14.43	20.89979299651373	65.71253489972341	7	1.0
k141_381003	1958	NA	38904.0	5.032901501130989	high	3.24606390889902	1	CheckV-012012	65.49	89.41	3.090798004987531	5.069364089775561	2	1.0
k141_532033	1056	NA	73353.40723311834	1.4396059294751156	low	17.3716005451868	5	CheckV-016331	36.7	45.48	0.94	3.54	1	1.0
k141_359201	2654	NA	NA	NA	NA	NA	0	NA	NA	NA	NA	NA	0	1.0
k141_2819	2709	NA	NA	NA	NA	NA	0	NA	NA	NA	NA	NA	0	1.0
k141_186583	1723	NA	46217.106445920785	3.728056844095387	medium	5.38031390760123	129	CheckV-003474	65.3	42.67	2.322496607869742	5.279755766621438	2	1.0
k141_370260	2752	NA	NA	NA	NA	NA	0	NA	NA	NA	NA	NA	0	1.0
k141_13986	9358	NA	NA	NA	NA	NA	0	NA	NA	NA	NA	NA	0	1.01
k141_132313	8987	NA	287807.705006937	3.1225710235184247	low	11.2846398807507	13	CheckV-000616	33.61	38.64	0.72	4.409899726526892	2	1.0
k141_682724	3197	NA	42103.168871472044	7.593252683092459	low	11.3595528049511	5	CheckV-060046	44.3	84.04	NA	NA	0	1.0
k141_456408	5389	NA	125143.90504501571	4.306242479856701	low	18.451911776551	90	CheckV-062204	51.7	12.94	NA	NA	0	1.02
k141_316181	3888	NA	168397.83246463802	2.308818316183757	low	13.1821249631444	10	CheckV-049748	41.7	35.21	1.8518545134672961	3.2010228397426124	5	1.0
k141_67545	4678	NA	30356.504151573426	15.410206579262955	low	13.1821249631444	4	CheckV-043138	39.37	36.69	NA	NA	0	1.01
k141_14019	3642	NA	NA	NA	NA	NA	0	NA	NA	NA	NA	NA	0	1.01
k141_197325	1669	NA	36083.41102882305	4.625394197535317	low	11.6206370876712	2	CheckV-044817	48.3	23.37	1.94	6.5	1	1.0
k141_499953	1809	NA	86693.25587720756	2.086667505673417	low	11.7003954408002	237	CheckV-007681	28.7	91.25	NA	NA	0	1.0
k141_575510	2703	NA	44777.14720150285	6.03656143576132	low	11.9200678430089	90	CheckV-002098	31.0	100.0	NA	NA	0	1.0
k141_424015	8613	NA	NA	NA	NA	NA	0	NA	NA	NA	NA	NA	0	1.01
k141_488666	1605	NA	103022.37320880863	1.5579140239246296	medium	9.53752329324072	4	CheckV-044818	51.1	87.75	0.9499999999999998	4.27	1	1.0
k141_607634	5765	NA	NA	NA	NA	NA	0	NA	NA	NA	NA	NA	0	1.0
k141_305345	4907	NA	209606.0	2.341058939152505	low	12.2245323052055	1	CheckV-000929	23.0	52.68	NA	NA	0	1.0
k141_14062	8035	NA	109694.84284525637	7.32486577453305	low	11.345462708111	41	CheckV-008039	36.57	29.22	4.696811654374739	18.4620517467255	3	1.0
k141_251296	2731	NA	57411.446486433	4.756891120388976	low	12.9831144465291	3	CheckV-044817	35.67	60.81	2.0897333333333337	7.542715151515152	2	1.0
k141_359325	7558	NA	NA	NA	NA	NA	0	NA	NA	NA	NA	NA	0	1.0
k141_272744	5258	NA	NA	NA	NA	NA	0	NA	NA	NA	NA	NA	0	1.0
k141_326702	1322	NA	61581.23742953775	2.1467577710055825	low	16.0413971539457	8	CheckV-000545	36.6	47.62	1.98	4.34	1	1.0
k141_348345	3491	NA	467258.6241455054	0.7471237168461324	low	19.2245446878348	17	CheckV-056621	36.5	20.89	0.23885805763073645	2.023543223052295	2	1.0
k141_532176	11236	NA	36386.0	30.880008794591326	high	2.49623412954594	1	CheckV-018108	70.53	67.71	10.965118992726977	31.669340994467422	8	1.0
k141_682846	2983	NA	143855.0	2.0736157936811375	medium	6.50440235702245	1	CheckV-044766	52.21	45.65	1.3	5.83	1	1.0
k141_370384	2751	NA	135401.0759001699	2.0317416104051413	low	11.9200678430089	3	CheckV-009962	28.8	100.0	NA	NA	0	1.0
k141_456540	16626	NA	827185.5053260248	2.009948178848597	medium	8.40707262595249	24	CheckV-050294	36.69	35.55	2.2848596762278723	15.773588059513198	5	1.0
k141_132431	3224	NA	57184.38670771597	5.637902556302105	low	10.6162263507551	404	CheckV-032921	61.2	25.23	2.37	9.34	1	1.0
k141_370405	1347	NA	201106.94670170738	0.6697928749313383	medium	7.29637658717869	40	CheckV-053867	48.9	100.0	0.72	3.02	1	1.0
k141_219592	2850	NA	51097.134965522586	5.577612134071737	low	21.9381688466112	2	CheckV-019760	29.6	24.56	NA	NA	0	1.0
k141_326736	1584	NA	61259.2705557578	2.5857310830337967	medium	9.69093101478708	25	CheckV-001325	44.0	51.63	2.21	5.33	1	1.0
k141_57236	2565	NA	NA	NA	NA	NA	0	NA	NA	NA	NA	NA	0	1.0
k141_154455	2606	NA	NA	NA	NA	NA	0	NA	NA	NA	NA	NA	0	1.0
k141_132476	4405	NA	79279.09975010152	5.556319400554695	medium	8.06270996640538	25	CheckV-059738	33.85	61.49	NA	NA	0	1.0
k141_262227	3472	NA	NA	NA	NA	NA	0	NA	NA	NA	NA	NA	0	1.0
k141_391480	3439	NA	NA	NA	NA	NA	0	NA	NA	NA	NA	NA	0	1.0
k141_682916	2698	NA	135206.69410858335	1.9954633295251336	low	11.7390330599321	41	CheckV-056690	41.4	40.07	NA	NA	0	1.0
k141_532214	2570	NA	11914.732630103928	21.56993429719608	medium	9.14521112255407	2	CheckV-044210	37.36	93.49	NA	NA	0	1.0
k141_370451	1002	NA	75426.07678158951	1.3284530267979877	low	13.1305637982196	19	CheckV-060043	39.0	32.27	NA	NA	0	1.0
k141_467430	2142	NA	369286.0	0.5800382359472063	low	12.1929432782492	2	CheckV-062241	39.94	34.03	1.7071162001696352	5.618083121289229	2	1.0
k141_122127	1275	NA	NA	NA	NA	NA	0	NA	NA	NA	NA	NA	0	1.0
k141_78686	1214	NA	34695.30204120169	3.4990328043789307	medium	7.92314988883452	34	CheckV-018777	57.3	36.64	2.6690217391304345	3.369239130434782	2	1.0
k141_607809	7974	NA	35047.19678949925	22.752176294993014	medium	7.87303233103968	2	CheckV-060046	36.31	62.18	13.42	22.27	1	1.0
k141_435126	5438	NA	NA	NA	NA	NA	0	NA	NA	NA	NA	NA	0	1.0
k141_186815	1132	NA	34769.20062473378	3.2557550350890976	high	1.93591455273698	2	CheckV-018383	85.4	71.09	2.1	3.53	1	1.0
k141_596987	1366	NA	54391.39374466031	2.5114267275677276	low	13.9180409795102	7	CheckV-021809	34.7	64.25	2.1154817987152033	3.7910278372591004	2	1.0
k141_456630	2092	NA	38059.0	5.496728763236028	medium	9.39265536723164	1	CheckV-054009	42.8	59.84	2.68	7.58	1	1.0
k141_348432	3951	NA	134943.07857100252	2.9279011875522882	low	18.1585854626757	4	CheckV-009331	29.3	34.75	2.44	13.45	1	1.02
k141_251423	2268	NA	56876.6464373618	3.987576873924426	low	11.5402298850575	41	CheckV-041416	37.2	82.0	3.34	7.38	1	1.0
k141_402895	2709	NA	6221.182533373537	43.544776020757595	low	11.8649517684887	13	CheckV-010017	35.4	68.93	NA	NA	0	1.0
k141_272907	1102	NA	43714.2452016023	2.520917368966964	high	4.8687629098159	19	CheckV-011626	68.3	36.56	1.9304229607250754	3.3696374622356493	2	1.0
k141_35388	13327	NA	59516.0	22.392297869480476	low	29.17924392698	1	CheckV-007647	27.0	12.87	NA	NA	0	1.0
k141_682963	2894	NA	57279.14630467573	5.05244960287364	low	16.0809671071127	3	CheckV-042284	47.9	10.22	NA	NA	0	1.03
k141_348448	3156	NA	143855.0	2.1938757776928157	medium	8.76990056085545	1	CheckV-044766	50.55	81.05	NA	NA	0	1.0
k141_305595	5487	NA	189735.74714397546	2.891916827795423	low	22.9181591811457	36	CheckV-028066	51.2	8.67	1.7841007194244605	11.031079136690646	2	1.0
k141_402915	1460	NA	32188.999999999996	4.535710957159279	low	11.4280975286117	1	CheckV-044737	42.0	100.0	1.2	8.32	1	1.0
k141_283732	1926	NA	103257.0	1.865248845114617	low	15.760181986278	1	CheckV-044786	34.4	33.82	2.0122275204359674	5.459264305177112	2	1.0
k141_46497	5940	NA	NA	NA	NA	NA	0	NA	NA	NA	NA	NA	0	1.0
k141_57352	3117	NA	NA	NA	NA	NA	0	NA	NA	NA	NA	NA	0	1.0
k141_586238	2018	NA	106965.458766583	1.8865903285691716	low	21.1303462321792	12	CheckV-039850	31.1	38.43	NA	NA	0	1.0
k141_25312	4933	NA	NA	NA	NA	NA	0	NA	NA	NA	NA	NA	0	1.0
k141_564641	6514	NA	160026.93405830066	4.070564769819832	low	10.4744923756553	61	CheckV-044600	30.4	48.69	1.216340564879247	4.275530085959886	2	1.0
k141_316417	2579	NA	NA	NA	NA	NA	0	NA	NA	NA	NA	NA	0	1.0
k141_100503	3453	NA	NA	NA	NA	NA	0	NA	NA	NA	NA	NA	0	1.0
k141_262405	9433	NA	49009.25628807549	19.24738450335382	low	20.6566983698812	282	CheckV-032700	35.72	16.74	14.265406071976269	32.550200870571686	7	1.0
k141_607929	12767	NA	45844.5841232282	27.848436721953618	low	20.6566983698812	188	CheckV-005688	36.37	13.64	8.0209341117598	34.95175145954963	2	1.0
k141_262411	2834	NA	36446.54000676237	7.775772403839085	high	2.22410360618904	128	CheckV-018108	78.63	69.63	4.665340050377835	8.38874055415617	2	1.0
k141_186937	1037	NA	50328.780336309945	2.0604512826865613	low	12.972234865726	10	CheckV-004361	40.5	50.58	1.7649582637729548	2.90440734557596	2	1.0
k141_683060	4936	NA	49368.75059336442	9.998227503580859	low	16.0458909824481	25	CheckV-054162	35.66	31.41	3.532692920964194	12.100735117617585	6	1.0
k141_132700	2561	NA	NA	NA	NA	NA	0	NA	NA	NA	1.0943004587155964	1.9494954128440365	2	1.0
k141_78824	7812	NA	161450.85553102125	4.838624096667607	low	21.4177677577695	30	CheckV-029296	65.6	4.2	NA	NA	0	1.0
k141_316500	4226	NA	172782.2403846601	2.445853225766594	low	14.0086581853272	93	CheckV-017688	32.42	38.83	2.27	4.43	1	1.0
k141_57450	1279	NA	NA	NA	NA	NA	0	NA	NA	NA	1.9	3.72	1	1.0
k141_478481	1467	NA	NA	NA	NA	NA	0	NA	NA	NA	1.2	8.36	1	1.0
k141_370673	1882	NA	44814.0	4.199580488240282	high	3.62493958434026	1	CheckV-011671	50.0	54.43	NA	NA	0	1.0
k141_445560	3272	NA	36774.18163454619	8.897546742212848	high	2.82660201664004	3	CheckV-044817	83.13	54.12	4.2	11.85	1	1.0
k141_542833	1257	NA	36173.56475655044	3.4749132645888263	high	3.23699421965318	2	CheckV-060046	73.07	68.0	1.46	4.89	1	1.0
k141_283808	2743	NA	NA	NA	NA	NA	0	NA	NA	NA	NA	NA	0	1.0
k141_111177	2530	NA	NA	NA	NA	NA	0	NA	NA	NA	NA	NA	0	1.0
k141_57476	3662	NA	23456.98003216023	15.611557817669993	low	10.4744923756553	5	CheckV-000371	29.6	47.98	NA	NA	0	1.05
k141_370706	4942	NA	67993.0	7.268395275984292	low	25.7423874966316	1	CheckV-032919	35.9	13.09	NA	NA	0	1.0
k141_46603	5791	NA	146828.56622952368	3.9440554033248945	high	2.30374449781511	79	CheckV-000545	83.42	71.56	NA	NA	0	1.01
k141_640366	3174	NA	NA	NA	NA	NA	0	NA	NA	NA	NA	NA	0	1.0
k141_154723	1342	NA	61046.59761442447	2.1983207130988474	medium	6.50135470901849	432	CheckV-011671	55.2	89.73	1.23	4.17	1	1.0
k141_359626	1133	NA	36603.0	3.095374696063164	medium	5.99083426346975	1	CheckV-060046	55.7	100.0	1.01	3.79	1	1.0
k141_14417	1001	NA	NA	NA	NA	NA	0	NA	NA	NA	0.89	3.35	1	1.0
k141_208453	3671	NA	332664.74784311955	1.1035133791005702	high	4.96212977617002	4	CheckV-062163	26.5	100.0	NA	NA	0	1.0
k141_629178	10573	NA	106233.0	9.95265124772905	high	4.24175920436021	1	CheckV-000545	61.67	80.14	8.93876872500754	34.19463709467498	4	1.0
k141_67945	2628	NA	225232.7565402834	1.1667929835640831	low	11.3595528049511	14	CheckV-062163	45.74	82.72	1.2370143884892086	4.0850359712230215	2	1.0
k141_521555	1216	NA	NA	NA	NA	NA	0	NA	NA	NA	0.26	4.08	1	1.0
k141_294945	21836	NA	145330.372841929	15.025076708328747	medium	8.24118776929866	81	CheckV-000545	82.18	16.96	NA	NA	0	1.0
k141_413585	9585	NA	106233.0	9.022620089802604	medium	5.65610859728507	1	CheckV-000545	55.64	63.48	NA	NA	0	1.0
k141_521579	1323	NA	45265.79856115108	2.9227364634089357	medium	9.32935933119225	2	CheckV-011971	35.5	22.68	2.062240432070025	3.529603082223671	3	1.0
k141_14445	14536	NA	173208.5164856694	8.392197043730615	medium	5.08558533193814	89	CheckV-041987	64.47	25.54	5.691706887465982	15.381425209525942	4	1.0
k141_542929	2671	NA	NA	NA	NA	NA	0	NA	NA	NA	NA	NA	0	1.0
k141_294961	1078	NA	66023.35787908449	1.6327554893137284	medium	7.29637658717869	244	CheckV-011671	51.7	100.0	NA	NA	0	1.0
k141_445626	6759	NA	89576.6386664366	7.545494116126647	low	18.1585854626757	500	CheckV-042244	31.55	35.17	NA	NA	0	1.0
k141_3371	5130	NA	77485.22786015784	6.6206167829285	low	18.1585854626757	29	CheckV-012837	31.9	33.39	4.541518218623482	19.704777327935226	2	1.0
k141_89702	2622	NA	143855.0	1.8226686594139934	low	18.6274767169097	1	CheckV-044766	25.3	31.01	NA	NA	0	1.0
k141_132848	1227	NA	49886.28407734544	2.459593899793411	low	14.1542002301496	3	CheckV-031449	41.5	39.8	1.84	4.02	1	1.0
k141_46689	2678	NA	NA	NA	NA	NA	0	NA	NA	NA	NA	NA	0	1.0
k141_359710	2825	NA	49309.2986973256	5.7291425240919525	low	18.8068221050936	140	CheckV-044861	40.9	24.65	2.4043219597550305	8.167585301837269	2	1.0
k141_154827	1795	NA	104760.46713487717	1.7134326040079324	low	10.7907508297973	5	CheckV-044766	42.7	30.69	1.9909302325581397	6.326025369978859	2	1.0
k141_57541	1127	NA	NA	NA	NA	NA	0	NA	NA	NA	2.12	3.32	1	1.0
k141_597282	2374	NA	NA	NA	NA	NA	0	NA	NA	NA	NA	NA	0	1.0
k141_403143	8747	NA	74452.98581249564	11.74835354760476	medium	7.75586858715155	20	CheckV-042212	41.65	48.77	8.52	22.799999999999997	1	1.0
k141_165576	1098	NA	52182.76849285389	2.1041428649964486	medium	8.38252894195698	15	CheckV-013023	51.1	43.75	0.63	3.6000000000000005	1	1.0
k141_176286	26458	NA	168312.95165097568	15.71952707172825	low	18.5642512859947	59	CheckV-021247	41.07	9.7	11.986551224651041	57.03188490913879	3	1.0
k141_25567	2657	NA	70888.99924496753	3.748113287392222	low	10.7617896009674	303	CheckV-000524	60.2	17.56	NA	NA	0	1.0
k141_25570	1304	NA	86846.85980111474	1.5014935519675086	low	28.2796463774007	139	CheckV-046011	27.0	100.0	NA	NA	0	1.0
k141_618692	2939	NA	47821.172055801886	6.1458133994928446	low	15.7078342823483	2	CheckV-020340	33.8	17.21	2.63	7.7	1	1.0
k141_510938	2824	NA	66718.19183078044	4.232728619448507	low	29.5168603908545	3	CheckV-000253	26.0	47.08	NA	NA	0	1.0
k141_489168	5520	NA	42103.97033570924	13.1104025487078	high	3.9743921078897	3	CheckV-043375	71.7	51.47	5.204483541430193	15.921101021566404	2	1.0
k141_165592	1813	NA	45901.03672550166	3.9498018548952185	medium	8.20276497695852	678	CheckV-028180	50.58	64.39	2.3535311572700297	5.904480712166172	2	1.0
k141_240692	22222	NA	92266.46252997027	24.084590858549262	low	13.3626373626374	2	CheckV-038784	27.54	18.22	NA	NA	0	1.0
k141_348721	1201	NA	39797.33371042386	3.017790108098196	medium	9.40391650527222	6	CheckV-000338	42.9	66.32	1.07	4.02	1	1.0
k141_608187	1440	NA	165441.0	0.870400928427657	low	12.2511878772313	1	CheckV-061690	34.5	30.89	NA	NA	0	1.0
k141_510962	2609	NA	158696.44996063862	1.6440191325307583	low	11.7390330599321	107	CheckV-002224	38.3	40.5	NA	NA	0	1.0
k141_220030	3908	NA	426128.2711290125	0.9170947493452818	medium	9.41844440769528	4	CheckV-001225	30.71	67.08	0.3120669577874818	1.6147743813682673	2	1.0
k141_240728	15168	NA	91350.15939137244	16.604240322138445	low	28.6374455909989	57	CheckV-014479	30.8	6.13	17.212590448625182	38.16842257597684	2	1.0
k141_391808	2770	NA	56593.0	4.89459827187108	low	NA	1	CheckV-060044	50.0	7.4	NA	NA	0	1.0
k141_46798	2910	NA	47534.22316986498	6.121905031667453	low	17.188684785418	10	CheckV-015555	41.5	16.27	NA	NA	0	1.0
k141_111358	1522	NA	76813.0	1.981435434106206	low	16.4303586321935	1	CheckV-000662	25.7	100.0	0.44	1.55	1	1.0
k141_132954	5225	NA	102615.57363005185	5.091819706467843	low	12.610489098409	3	CheckV-044637	39.6	38.32	2.84	15.36	1	1.0
k141_521700	2687	NA	NA	NA	NA	NA	0	NA	NA	NA	NA	NA	0	1.04
k141_359827	1698	NA	54311.21556220012	3.126426065819424	low	14.0347901471891	3	CheckV-014966	31.3	83.07	1.5200000000000002	5.05	1	1.0
k141_14545	44359	NA	678666.7128194278	6.53619798379629	medium	6.12966984700227	28	CheckV-001458	32.73	27.61	6.791345433657429	32.78595131994018	15	1.0
k141_68113	3552	NA	47706.02469974635	7.445600471545654	medium	9.41844440769528	22	CheckV-020498	31.8	66.97	NA	NA	0	1.0
k141_35756	2557	NA	1238324.0	0.20648877030567123	low	15.760181986278	2	CheckV-049678	34.2	32.58	NA	NA	0	1.0
k141_262765	3815	NA	36784.281951975216	10.37127761520745	low	13.0126738159548	3	CheckV-044817	44.5	23.37	NA	NA	0	1.0
k141_608307	2742	NA	NA	NA	NA	NA	0	NA	NA	NA	NA	NA	0	1.0
k141_295147	4904	NA	161333.6646801111	3.0396631786202497	medium	5.70526590293573	31	CheckV-017637	38.0	77.22	2.73	11.62	1	1.0
k141_359880	1130	NA	63920.0	1.7678347934918648	low	19.9248772031205	1	CheckV-000336	31.8	75.47	1.23	3.71	1	1.0
k141_143507	3657	NA	NA	NA	NA	NA	0	NA	NA	NA	NA	NA	0	1.0
k141_187285	1339	NA	42264.28217540341	3.16815980558463	low	11.4280975286117	13	CheckV-002919	40.07	100.0	1.7700000000000002	4.43	1	1.0
k141_46890	4018	NA	147500.0561764888	2.724066759128774	high	2.14789309722905	78	CheckV-000545	77.63	80.83	NA	NA	0	1.0
k141_316844	1390	783	37091.43955118392	2.110999221045352	low	10.6764514907398	256	CheckV-014720	42.88	100.0	1.17	2.57	1	1.0
k141_489308	14362	NA	38904.0	36.91651244088011	high	3.52755734318948	1	CheckV-012012	63.88	61.93	23.359577774997387	39.39098379144657	15	1.0
k141_208697	3759	NA	348209.9140874652	1.0795212450659273	medium	9.11455548855628	16	CheckV-039953	31.63	92.22	1.5172293213410888	3.039867514010754	3	1.0
k141_661984	4951	NA	327147.0	1.5133869483748896	low	23.3177068073054	1	CheckV-046719	32.5	17.94	NA	NA	0	1.0
k141_262804	8035	NA	79486.56281356477	10.10862681135935	low	26.9204150716114	28	CheckV-004505	39.3	8.06	NA	NA	0	1.0
k141_608337	1971	NA	NA	NA	NA	NA	0	NA	NA	NA	NA	NA	0	1.0
k141_576100	4810	NA	NA	NA	NA	NA	0	NA	NA	NA	NA	NA	0	1.0
k141_316864	1132	NA	40043.22468616101	2.8269451545724804	high	4.7385831317676	52	CheckV-016204	62.2	100.0	1.5321428571428573	3.7984	2	1.0
k141_284049	2712	NA	NA	NA	NA	NA	0	NA	NA	NA	NA	NA	0	1.0
k141_111430	2743	NA	312999.1430675512	0.8763602267780037	low	13.5571486856677	5	CheckV-038333	34.1	56.62	NA	NA	0	1.0
k141_295178	1058	NA	NA	NA	NA	NA	0	NA	NA	NA	0.52	0.63	1	1.0
k141_543173	3301	NA	NA	NA	NA	NA	0	NA	NA	NA	NA	NA	0	1.0
k141_435670	15087	NA	409488.94342683716	3.684348562318527	low	21.1704738531244	32	CheckV-044838	24.8	16.7	1.1718014059753952	6.071673989455183	2	1.0
k141_391902	3445	NA	NA	NA	NA	NA	0	NA	NA	NA	NA	NA	0	1.0
k141_306141	1104	NA	49158.0	2.245819602099353	low	NA	1	CheckV-029132	19.5	100.0	1.74	3.34	1	1.0
k141_57763	5130	NA	244077.0	2.101795744785457	low	26.2236590521136	1	CheckV-000715	24.0	29.58	NA	NA	0	1.03
k141_57770	1206	NA	53286.65789457413	2.263230699110518	low	11.4280975286117	178	CheckV-007239	41.8	100.0	1.72	3.11	1	1.0
k141_651341	4034	NA	129658.48411964878	3.1112503183960003	medium	6.36	163	CheckV-000484	37.8	85.12	NA	NA	0	1.0
k141_262891	3851	NA	35762.62015581974	10.768226665778338	low	13.5912336222927	2	CheckV-008155	25.4	49.29	4.968960573476703	13.628781362007167	2	1.0
k141_500693	5067	NA	328807.9025954199	1.5410213562399275	low	18.1585854626757	7	CheckV-049466	29.26	35.8	1.6171677572895446	2.9450358099224956	3	1.0
k141_381950	2698	NA	57364.578322728245	4.703250819384187	medium	9.97120230381569	3	CheckV-042284	45.09	63.09	3.12	7.91	1	1.0
k141_424807	3703	NA	60589.17320670843	6.111652963750963	low	13.1821249631444	292	CheckV-017329	41.7	32.77	3.39	11.5	1	1.0
k141_122668	1658	NA	57418.471557297824	2.8875725093892193	medium	9.43309616708745	37	CheckV-000457	47.62	86.54	0.8	20.48	1	1.0
k141_187382	3118	NA	NA	NA	NA	NA	0	NA	NA	NA	NA	NA	0	1.05
k141_111513	4565	NA	155048.84647302903	2.9442334489048188	medium	8.72970391595033	2	CheckV-061429	49.35	55.4	2.45	12.45	1	1.02
k141_478937	1272	NA	37893.71304380229	3.356757355843339	low	10.6764514907398	13	CheckV-057132	45.83	100.0	1.67	3.55	1	1.0
k141_629544	5263	NA	NA	NA	NA	NA	0	NA	NA	NA	NA	NA	0	1.02
k141_608392	9352	NA	8770.0	100.0	medium	7.37677077586998	1	CheckV-044210	51.58	65.84	NA	NA	0	1.0
k141_155117	8452	NA	NA	NA	NA	NA	0	NA	NA	NA	NA	NA	0	1.0
k141_262935	3695	NA	36582.93323333958	10.10033825454048	low	10.3521671826625	3	CheckV-044817	50.55	36.89	NA	NA	0	1.0
k141_133115	3781	NA	34918.25131439227	10.828148196646902	low	25.7555927270877	17	CheckV-023770	29.6	13.95	3.9565049751243775	13.70057213930348	2	1.0
k141_445931	1456	NA	36719.8356396362	3.9651593604312367	high	1.49376822199765	89	CheckV-018108	88.08	79.43	2.5	4.46	1	1.0
k141_306170	50427	NA	94625.14084379938	53.29133415319444	low	33.4305729197674	56	CheckV-043516	29.0	5.49	6.588448608759835	44.53503324735676	3	1.01
k141_554424	2015	NA	339764.46064672095	0.5930579072821713	medium	5.30687183073964	6	CheckV-061425	55.62	91.46	0.9268249258160237	1.259881305637982	2	1.0
k141_360027	2577	NA	6336.732734023036	40.667645428118384	medium	7.56667930805488	224	CheckV-033082	45.3	100.0	24.03	58.54	1	1.0
k141_565154	4122	NA	502027.0	0.8210713766391051	low	11.6380162023316	1	CheckV-001225	47.2	29.74	NA	NA	0	1.0
k141_273482	2549	NA	11853.349282390209	21.504470502585225	medium	9.51279250664113	2	CheckV-044210	38.06	93.44	NA	NA	0	1.0
k141_155202	2635	NA	NA	NA	NA	NA	0	NA	NA	NA	NA	NA	0	1.0
k141_543337	1174	NA	47549.67770000875	2.468996756206791	medium	9.21794557489581	42	CheckV-020390	44.6	62.26	2.02953095684803	3.816078799249531	2	1.0
k141_424896	17194	NA	584139.8260155346	2.943473331938635	medium	8.49620178479239	63	CheckV-000940	34.24	30.83	1.678608695652174	17.175847826086954	2	1.01
k141_295329	2978	NA	NA	NA	NA	NA	0	NA	NA	NA	NA	NA	0	1.0
k141_263003	4290	NA	102949.94231830686	4.167073728643692	medium	6.46233739979285	4	CheckV-044637	33.9	72.48	2.55	11.41	1	1.0
k141_241026	1342	NA	NA	NA	NA	NA	0	NA	NA	NA	1.72	4.860000000000001	1	1.0
k141_25954	4242	NA	NA	NA	NA	NA	0	NA	NA	NA	NA	NA	0	1.07
k141_295349	1841	NA	43165.683097994035	4.264962043622921	medium	5.50798426290211	697	CheckV-049980	53.3	73.42	2.4974285714285713	6.178914285714286	2	1.0
k141_360085	7568	NA	241424.29175931026	3.134730123820752	medium	7.46177901320361	31	CheckV-049880	29.1	50.24	1.21	20.16	1	1.0
k141_143739	2570	NA	NA	NA	NA	NA	0	NA	NA	NA	NA	NA	0	1.0
k141_629679	2763	2624	40023.0	6.556230167653599	low	10.7907508297973	1	CheckV-031134	43.5	28.39	0.93	5.32	1	1.0
k141_424949	1902	NA	44467.059280322486	4.277323553171574	low	15.1381313075547	8	CheckV-036639	34.1	38.88	NA	NA	0	1.0
k141_295373	3466	NA	NA	NA	NA	NA	0	NA	NA	NA	2.2	8.43	1	1.01
k141_273560	1360	NA	45978.473006993	2.957905974374472	medium	6.28980688067528	15	CheckV-040577	47.8	77.59	1.01	3.9899999999999998	1	1.0
k141_468203	4262	NA	NA	NA	NA	NA	0	NA	NA	NA	NA	NA	0	1.0
k141_532978	5401	NA	114694.99999999999	4.709010854875976	low	10.7959242051495	1	CheckV-009962	29.6	61.11	NA	NA	0	1.0
k141_317098	12897	NA	51975.09584606885	24.81380705520232	low	11.2846398807507	66	CheckV-039705	37.44	40.51	8.23	31.55	1	1.0
k141_414039	1223	NA	46949.32861476238	2.6049360791401166	low	18.9871240422095	2	CheckV-029014	32.0	42.05	1.42	4.76	1	1.0
k141_122842	1039	NA	57228.061490766624	1.8155428874130848	low	13.9180409795102	13	CheckV-000711	32.7	64.65	NA	NA	0	1.0
k141_651528	2827	NA	NA	NA	NA	NA	0	NA	NA	NA	NA	NA	0	1.0
k141_511322	2330	NA	169810.38114075025	1.3721187034311757	medium	7.44864970773602	6	CheckV-015475	53.1	31.05	0.83	3.8199999999999994	1	1.0
k141_608537	3634	NA	180427.38971866271	2.014106619658153	high	4.58676850661108	143	CheckV-014992	52.91	89.48	1.5753190384490554	2.6478087716641063	3	1.0
k141_252121	4053	NA	38861.76659047035	10.429273693887794	medium	5.25388435047253	6	CheckV-060046	51.55	73.51	3.95	10.57	1	1.0
k141_327452	2866	NA	39926.266060817434	7.178231983011844	low	14.7561633975166	20	CheckV-002776	28.41	77.72	3.2986689454314746	10.434017299916556	3	1.0
k141_586842	3240	NA	104662.9074739314	3.095652584280628	medium	8.47685945009496	44	CheckV-044818	41.8	100.0	NA	NA	0	1.0
k141_479070	19712	NA	106233.0	18.555439458548662	high	2.25611249493709	1	CheckV-000545	62.05	78.58	8.46	12.74	1	1.0
k141_371256	1432	NA	48369.21772890183	2.960560594603836	low	10.7012750455373	80	CheckV-016676	41.3	65.42	2.25	3.56	1	1.0
k141_392133	6622	NA	51263.0	12.917698925150694	low	15.8221246969266	1	CheckV-000338	54.21	13.87	NA	NA	0	1.0
k141_479077	3873	NA	NA	NA	NA	NA	0	NA	NA	NA	8.65	10.06	1	1.0
k141_263162	1003	NA	61155.91854169334	1.640070207295145	high	4.7385831317676	281	CheckV-000211	58.7	100.0	0.92	3.12	1	1.0
k141_641039	1011	NA	NA	NA	NA	NA	0	NA	NA	NA	NA	NA	0	1.0
k141_629764	2651	NA	NA	NA	NA	NA	0	NA	NA	NA	NA	NA	0	1.0
k141_327491	1903	NA	NA	NA	NA	NA	0	NA	NA	NA	2.4400000000000004	6.89	1	1.0
k141_457352	1078	NA	NA	NA	NA	NA	0	NA	NA	NA	NA	NA	0	1.0
k141_522094	3739	NA	NA	NA	NA	NA	0	NA	NA	NA	NA	NA	0	1.0
k141_198220	2565	NA	NA	NA	NA	NA	0	NA	NA	NA	NA	NA	0	1.0
k141_3913	1000	NA	104166.0	0.9600061440393218	low	19.9248772031205	1	CheckV-039850	28.4	75.3	NA	NA	0	1.0
k141_511384	1243	NA	167940.25207039333	0.7401441790613652	low	10.9098357507713	9	CheckV-003831	39.7	73.05	0.56	3.38	1	1.0
k141_479123	1328	NA	51752.33231322169	2.5660679251372067	medium	5.99083426346975	1049	CheckV-059307	56.2	100.0	NA	NA	0	1.0
k141_111723	3591	NA	NA	NA	NA	NA	0	NA	NA	NA	NA	NA	0	1.04
k141_565377	2552	NA	49107.0	5.196815118007616	medium	9.51279250664113	1	CheckV-044785	41.6	93.53	NA	NA	0	1.0
k141_479127	3887	NA	40148.556891310676	9.681543499864278	medium	8.28456428871274	5	CheckV-044737	40.1	50.05	3.46	13.02	1	1.0
k141_576359	2784	NA	NA	NA	NA	NA	0	NA	NA	NA	NA	NA	0	1.0
k141_220534	2879	NA	NA	NA	NA	NA	0	NA	NA	NA	NA	NA	0	1.07
k141_317216	1678	NA	51662.534358442914	3.2480017111777135	medium	9.39265536723164	153	CheckV-045011	47.5	60.34	2.39	4.33	1	1.0
k141_543515	6268	NA	180787.53849614173	3.467053123317882	low	19.4362889019378	7	CheckV-000267	36.3	18.31	3.08	8.41	1	1.0
k141_47259	6907	NA	6837.000000000001	100.0	high	2.16478190630048	1	CheckV-003271	71.73	100.0	64.39	100.0	1	1.0
k141_533112	5449	NA	143855.0	3.787841924159744	medium	8.79473845212603	1	CheckV-044766	33.02	52.62	3.52	14.78	1	1.0
k141_586880	3065	NA	NA	NA	NA	NA	0	NA	NA	NA	1.94	7.31	1	1.0
k141_143862	2804	NA	207275.19520055866	1.3527909103097746	low	11.7390330599321	32	CheckV-002649	39.9	38.22	NA	NA	0	1.0
k141_489650	2546	NA	NA	NA	NA	NA	0	NA	NA	NA	NA	NA	0	1.0
k141_241173	2577	NA	11975.478208232444	21.51897364923985	low	10.7660094224394	2	CheckV-044210	41.16	92.13	NA	NA	0	1.0
k141_403627	1035	NA	NA	NA	NA	NA	0	NA	NA	NA	1.33	3.75	1	1.0
k141_673226	2605	NA	NA	NA	NA	NA	0	NA	NA	NA	NA	NA	0	1.0
k141_3962	2928	NA	46883.90272761374	6.245213878654907	low	15.5486016037551	11	CheckV-031582	46.45	27.49	2.9541887709012906	8.59671335261515	3	1.0
k141_198271	12067	NA	379153.0169713143	3.182620066270752	low	11.8293142109682	16	CheckV-050294	31.58	39.63	1.3456331277924374	4.513279549752133	4	1.0
k141_501038	1411	NA	59274.06314995077	2.380467821870875	low	10.6764514907398	112	CheckV-015630	43.87	100.0	1.28	3.94	1	1.0
k141_436063	3283	NA	NA	NA	NA	NA	0	NA	NA	NA	NA	NA	0	1.0
k141_619177	2202	NA	NA	NA	NA	NA	0	NA	NA	NA	NA	NA	0	1.0
k141_209118	1340	NA	62614.43169243025	2.1400817092491455	high	4.7385831317676	360	CheckV-011671	60.0	100.0	1.23	4.16	1	1.0
k141_651700	5417	NA	550632.5457074218	0.983777664838271	low	25.8572281138783	5	CheckV-002553	41.8	4.41	0.434989010989011	1.15	2	1.0
k141_608703	2859	NA	6647.079387083352	43.01137136342357	low	12.3257720688713	22	CheckV-018757	35.8	66.88	26.65	64.95	1	1.0
k141_166107	1450	NA	58296.60541107696	2.4872803309478546	low	19.0715755774068	2	CheckV-042284	30.0	100.0	1.08	4.25	1	1.0
k141_123054	1401	NA	106233.0	1.3187992431730253	medium	7.76410691557064	1	CheckV-000545	48.62	55.79	1.63	5.45	1	1.0
k141_111788	11329	NA	55519.2539200618	20.405533576355	low	17.48999801379	210	CheckV-000359	52.6	9.61	NA	NA	0	1.0
k141_90125	5416	NA	198278.89039647748	2.7315061069638795	low	14.9479361225252	17	CheckV-002264	62.3	5.58	NA	NA	0	1.0
k141_425183	4089	NA	36078.9231205924	11.33348682922901	low	13.1821249631444	157	CheckV-044766	40.9	34.66	3.64	13.7	1	1.0
k141_68640	2150	NA	NA	NA	NA	NA	0	NA	NA	NA	1.12	6.19	1	1.0
k141_414223	2015	NA	42536.16972606608	4.737144912145703	medium	9.69093101478708	3	CheckV-043375	45.1	51.12	2.03	5.55	1	1.0
k141_436093	4131	NA	60011.62354052983	6.883666457065708	low	11.5125421190565	2	CheckV-054009	46.69	36.9	5.3	14.96	1	1.0
k141_58200	5698	NA	NA	NA	NA	NA	0	NA	NA	NA	NA	NA	0	1.0
k141_629882	2908	NA	44424.00796282043	6.5460099917904255	low	10.9394929934521	2	CheckV-059090	41.8	58.89	NA	NA	0	1.0
k141_4035	6859	NA	514706.9296404574	1.3326030027983644	medium	6.04248823304923	52	CheckV-001189	44.14	69.96	0.5541457133156812	3.103717774340967	4	1.0
k141_176941	5284	2098	143855.0	1.4584129852976957	low	23.3177068073054	1	CheckV-044766	31.7	18.61	2.61	5.41	1	1.0
k141_252282	3246	NA	103235.38171029746	3.1442708364357412	medium	6.41143235675985	16	CheckV-044786	53.1	50.62	NA	NA	0	1.0
k141_489756	1124	NA	74356.7210722626	1.5116320136113255	medium	5.42268862289476	20	CheckV-060044	59.3	88.83	0.43	1.64	1	1.0
k141_522276	3033	NA	46355.40038332	6.5429269835222055	low	18.8068221050936	11	CheckV-013178	38.5	25.55	NA	NA	0	1.0
k141_586960	1096	NA	49835.800329030666	2.1992222313354746	low	10.6764514907398	300	CheckV-010431	44.3	100.0	0.8999999999999999	6.25	1	1.0
k141_425261	4445	NA	NA	NA	NA	NA	0	NA	NA	NA	NA	NA	0	1.0
k141_198376	1729	NA	143855.0	1.2019046957005317	high	2.94652600945798	1	CheckV-044766	67.79	84.04	0.84	4.07	1	1.0
k141_565555	3103	NA	182696.4789919328	1.6984454309800996	low	16.7547169811321	7	CheckV-003031	37.3	29.21	NA	NA	0	1.0
k141_446232	5354	NA	143855.0	3.721803204615759	medium	6.04248823304923	1	CheckV-044766	44.23	71.28	NA	NA	0	1.0
k141_36301	3462	NA	38994.922251691154	8.878078991040578	low	20.4541717367711	4	CheckV-017304	30.5	35.02	NA	NA	0	1.0
k141_284488	5533	NA	NA	NA	NA	NA	0	NA	NA	NA	NA	NA	0	1.0
k141_629965	1620	NA	36603.0	4.425866732235063	high	3.23415977961433	1	CheckV-060046	75.0	57.17	2.5911917098445594	4.965233160621762	2	1.0
k141_101493	2809	NA	106232.99999999999	2.6441877759265013	high	1.52060170045782	1	CheckV-000545	78.6	100.0	NA	NA	0	1.0
k141_284515	4979	NA	108568.9612121212	4.586025273164462	medium	9.11498034181176	2	CheckV-021257	27.7	72.37	NA	NA	0	1.0
k141_511615	2075	NA	NA	NA	NA	NA	0	NA	NA	NA	3.08	6.03	1	1.0
k141_327745	9915	NA	92365.32444908145	10.734547904355466	low	29.17924392698	60	CheckV-016808	27.0	15.62	NA	NA	0	1.0
k141_209256	2741	NA	60144.0	4.557395583931897	medium	9.34141098299785	1	CheckV-062009	32.3	16.12	3.15	8.98	1	1.0
k141_662519	3941	NA	NA	NA	NA	NA	0	NA	NA	NA	NA	NA	0	1.0
k141_349401	8837	NA	106233.0	8.31850743177732	medium	6.22813407630282	1	CheckV-000545	54.41	68.04	NA	NA	0	1.0
k141_522351	2514	NA	NA	NA	NA	NA	0	NA	NA	NA	NA	NA	0	1.0
k141_4178	1184	NA	NA	NA	NA	NA	0	NA	NA	NA	1.32	3.23	1	1.0
k141_36358	2992	NA	6057.533572969086	49.393040318445614	medium	9.51279933938893	2	CheckV-006048	32.6	100.0	27.89	67.97	1	1.0
k141_252366	1032	NA	NA	NA	NA	NA	0	NA	NA	NA	NA	NA	0	1.0
k141_68798	2906	NA	NA	NA	NA	NA	0	NA	NA	NA	NA	NA	0	1.01
k141_630041	4748	NA	NA	NA	NA	NA	0	NA	NA	NA	NA	NA	0	1.0
k141_252386	2714	NA	NA	NA	NA	NA	0	NA	NA	NA	NA	NA	0	1.0
k141_371556	3117	NA	56459.83734569553	5.5207385400617675	medium	9.38815150534153	221	CheckV-058011	43.76	32.83	0.8799999999999999	3.25	1	1.0
k141_501288	6040	NA	142110.58566883492	4.250211179957569	low	19.9773130997658	552	CheckV-018806	54.5	10.28	2.57	9.56	1	1.0
k141_252407	2066	NA	92503.60754051883	2.233426408905233	medium	9.53752329324072	5	CheckV-056400	51.47	89.6	2.681605711147721	5.998537347961723	3	1.0
k141_630066	2653	NA	156053.32493227939	1.7000599001343233	medium	7.60627655447017	113	CheckV-014992	55.9	39.33	NA	NA	0	1.0
k141_166310	3015	NA	74571.5905652578	4.0430946653358095	low	10.5990783410138	20	CheckV-042212	44.24	89.04	2.94	7.860000000000001	1	1.0
k141_177118	11129	NA	47446.91531293513	23.455687111794127	low	17.4785801713586	3	CheckV-019949	35.91	19.52	13.885132700183398	37.006162523612865	4	1.01
k141_15249	3158	NA	167146.45716092584	1.8893610152679037	medium	9.97120230381569	27	CheckV-061309	43.83	66.77	1.3724861003141855	4.32863037005408	4	1.0
k141_565694	1856	NA	32189.0	5.765944888005219	medium	9.51279933938893	1	CheckV-044737	34.9	100.0	1.52	10.58	1	1.0
k141_371614	8339	NA	43482.04242040521	19.17803197783249	low	11.9600418915653	2	CheckV-043375	37.69	25.95	9.540000000000001	24.31	1	1.0
k141_284631	1311	NA	102211.86827084499	1.2826299158587544	low	13.1305637982196	2	CheckV-044818	38.9	28.97	NA	NA	0	1.0
k141_382493	2908	NA	119725.32993286646	2.428892868059417	medium	8.47685945009496	98	CheckV-017637	41.3	100.0	NA	NA	0	1.0
k141_598119	9980	NA	986464.6889361584	1.0116935874068453	low	18.6356392398109	14	CheckV-000748	37.8	14.31	NA	NA	0	1.0
k141_414482	5704	NA	535263.4374151253	1.0656434946398634	low	18.451911776551	34	CheckV-000940	48.6	17.37	0.41818183254534874	3.218684289635151	3	1.0
k141_284641	6647	NA	187750.9839565882	3.540327650978873	medium	7.70338372930166	21	CheckV-061481	51.21	58.22	2.63	4.3	1	1.0
k141_360626	2251	NA	NA	NA	NA	NA	0	NA	NA	NA	2.0	7.54	1	1.0
k141_403971	1273	NA	103277.48152621856	1.232601706768798	low	12.972234865726	3	CheckV-000336	39.0	50.26	1.13	4.26	1	1.0
k141_187978	2933	NA	NA	NA	NA	NA	0	NA	NA	NA	3.76	10.62	1	1.0
k141_349556	3528	NA	8770.0	40.22805017103763	high	4.95185694635488	1	CheckV-044210	44.24	89.26	NA	NA	0	1.0
k141_4274	7025	NA	NA	NA	NA	NA	0	NA	NA	NA	NA	NA	0	1.02
k141_327885	1054	NA	48699.699540907255	2.1642843999779724	medium	7.29637658717869	41	CheckV-018383	51.1	100.0	1.95	3.28	1	1.0
k141_338667	6331	NA	69212.01509310491	9.147255706228833	low	11.6380162023316	13	CheckV-011671	43.8	27.56	7.24	18.45	1	1.0
k141_177176	2510	NA	601093.3287169199	0.41757242679065976	low	10.0451710045171	57	CheckV-001225	39.8	73.41	NA	NA	0	1.0
k141_565764	3292	NA	378927.1260151836	0.8687686296356861	low	16.0809671071127	6	CheckV-014375	49.2	8.75	NA	NA	0	1.0
k141_230827	3798	NA	56056.66394049283	6.775287241552194	high	2.64850315395837	21	CheckV-017129	63.11	94.21	5.901965442764579	11.226695464362853	2	1.0
k141_263597	9670	NA	143855.0	6.7220465051614475	medium	7.74876976618096	1	CheckV-044766	44.68	69.77	10.82735017626322	30.877573443008224	2	1.0
k141_576683	3734	NA	NA	NA	NA	NA	0	NA	NA	NA	NA	NA	0	1.0
k141_652050	3376	NA	NA	NA	NA	NA	0	NA	NA	NA	NA	NA	0	1.0
k141_468686	3340	NA	186036.98457392296	1.7953419357175346	medium	9.85301735896608	117	CheckV-061481	65.3	18.3	1.17	2.5	1	1.0
k141_133681	2547	NA	NA	NA	NA	NA	0	NA	NA	NA	1.63	6.75	1	1.0
k141_436386	2527	NA	NA	NA	NA	NA	0	NA	NA	NA	NA	NA	0	1.0
k141_652072	3164	NA	NA	NA	NA	NA	0	NA	NA	NA	NA	NA	0	1.0
k141_619505	2752	NA	NA	NA	NA	NA	0	NA	NA	NA	NA	NA	0	1.0
k141_555025	2556	NA	62434.00000000001	4.093923182881122	low	21.1303462321792	1	CheckV-011851	30.4	38.45	NA	NA	0	1.0
k141_684109	2870	NA	98670.84526307404	2.908660600147966	low	19.7445197918309	4	CheckV-044766	41.6	22.35	NA	NA	0	1.0
k141_392548	3262	NA	81844.68542199492	3.9855978224865547	low	13.812679693972	16	CheckV-030932	61.0	10.07	1.46	11.09	1	1.0
k141_284720	3281	NA	NA	NA	NA	NA	0	NA	NA	NA	NA	NA	0	1.0
k141_371719	1661	NA	58755.44002080354	2.8269722759490694	medium	6.26853028377806	102	CheckV-012576	58.9	51.1	2.436150812488588	4.254473616943582	3	1.0
k141_425556	6313	NA	40950.053894844685	15.416341126707922	low	14.8948266060262	2	CheckV-015673	50.42	20.36	3.46	12.89	1	1.0
k141_630188	3922	NA	51967.334597755646	7.547048603430553	medium	8.72970391595033	4	CheckV-032419	47.8	54.47	NA	NA	0	1.0
k141_123435	1013	NA	45026.222702049476	2.2498000925000774	medium	7.29637658717869	140	CheckV-040923	51.5	100.0	0.78	2.81	1	1.0
k141_641515	2090	NA	38834.02817399307	5.381877951563266	medium	9.82267274135623	364	CheckV-031569	45.8	44.73	1.86	7.0	1	1.0
k141_123442	4094	1740	57671.81334703724	3.0170717704498684	medium	8.50356765363445	23	CheckV-004164	34.6	51.88	NA	NA	0	1.0
k141_382625	4248	NA	56376.0	7.535121328224776	low	10.3161857728861	1	CheckV-018382	28.5	44.51	NA	NA	0	1.0
k141_263671	2790	NA	NA	NA	NA	NA	0	NA	NA	NA	NA	NA	0	1.0
k141_576764	3049	NA	NA	NA	NA	NA	0	NA	NA	NA	NA	NA	0	1.0
k141_565877	3432	NA	58320.100737695	5.88476349764214	medium	7.36886830689784	2	CheckV-042284	53.51	47.41	3.3221549230937355	9.836661197312285	4	1.0
k141_673662	1264	NA	43699.4570535668	2.8924844499797526	medium	5.99083426346975	233	CheckV-002919	55.63	100.0	1.288322580645161	3.7694562211981566	2	1.0
k141_101750	1075	NA	45901.513922681246	2.341970684912011	medium	7.04111901661928	169	CheckV-039963	50.7	60.45	1.721849315068493	2.9504794520547946	2	1.0
k141_662804	3236	NA	143855.0	2.2494873309930137	low	15.1381313075547	1	CheckV-044766	33.0	42.47	3.776527777777778	9.32871913580247	2	1.0
k141_155822	1159	NA	55076.50603986826	2.104345542836421	medium	8.84353741496599	69	CheckV-000338	44.6	72.57	NA	NA	0	1.0
k141_47737	6955	NA	333811.227330023	2.083512905071922	medium	7.95841548664635	98	CheckV-050294	38.6	57.84	0.35	1.75	1	1.0
k141_317716	1066	NA	36331.43097967863	2.9340985787106733	medium	6.22276417638962	7	CheckV-060046	52.5	89.34	1.59	3.5	1	1.0
k141_382649	9749	NA	153394.82420781406	6.355494750456761	low	26.9204150716114	196	CheckV-031651	42.0	7.86	NA	NA	0	1.0
k141_90485	2830	NA	145255.95672281124	1.9482849886840972	high	2.00580746035291	86	CheckV-000545	81.78	89.17	NA	NA	0	1.0
k141_576804	20977	NA	159073.61828665534	13.186976084367949	low	25.0168993387215	220	CheckV-029378	45.1	3.16	NA	NA	0	1.0
k141_641585	1470	NA	NA	NA	NA	NA	0	NA	NA	NA	NA	NA	0	1.0
k141_360824	3026	NA	36677.98482108667	8.250180632225769	medium	8.76990056085545	3	CheckV-044817	50.94	78.02	2.5419413919413922	8.933384615384616	2	1.0
k141_533613	32189	NA	48168.78325539519	66.8254371909937	low	14.353007412968	55	CheckV-012677	35.86	14.65	10.78	92.46	1	1.01
k141_230974	4686	NA	181465.3127162331	2.5823116990560866	low	22.9181591811457	20	CheckV-017258	52.2	12.13	4.2989772727272735	8.96846590909091	2	1.0
k141_133821	4820	NA	NA	NA	NA	NA	0	NA	NA	NA	NA	NA	0	1.0
k141_511960	3418	NA	NA	NA	NA	NA	0	NA	NA	NA	NA	NA	0	1.0
k141_328054	7435	NA	1057702.8589003389	0.7029384422511574	low	14.0086581853272	20	CheckV-000616	28.9	41.14	NA	NA	0	1.0
k141_133833	3236	NA	56929.08852350566	5.68426455425134	low	11.6206370876712	4	CheckV-042284	49.5	27.38	5.66	8.3	1	1.0
k141_155905	7951	NA	43429.11991208875	18.30799246241873	medium	7.74876976618096	238	CheckV-002922	44.04	71.15	11.020710701480253	28.29629932735025	5	1.0
k141_230998	3006	NA	172792.76941486876	1.7396561269197035	high	3.52719593630501	18	CheckV-018433	58.57	77.88	1.24910290237467	2.5103430079155675	2	1.0
k141_328084	9279	NA	218138.5825073354	4.253717931667578	medium	8.1899920076474	15	CheckV-061481	45.17	60.78	4.83	11.93	1	1.0
k141_209697	2870	NA	79108.8372264175	3.6279132656011233	low	15.760181986278	3	CheckV-000072	35.2	36.81	NA	NA	0	1.0
k141_112335	2925	NA	NA	NA	NA	NA	0	NA	NA	NA	NA	NA	0	1.0
k141_90573	6913	NA	85863.85015495434	8.051118121915618	low	25.6613586747143	2	CheckV-000545	42.7	7.91	NA	NA	0	1.0
k141_252714	4603	NA	174372.03858954928	2.639758092657795	medium	5.63301787048028	10	CheckV-062024	45.2	79.63	NA	NA	0	1.0
k141_338911	3032	NA	NA	NA	NA	NA	0	NA	NA	NA	NA	NA	0	1.0
k141_274276	1747	NA	41036.3823216772	4.257197884320224	low	10.4791830322074	266	CheckV-004957	34.3	83.26	1.3135450516986709	5.540162481536189	2	1.0
k141_457974	1267	NA	46989.58552854025	2.6963421484755536	low	13.8001033911972	4	CheckV-061437	37.9	34.91	NA	NA	0	1.0
k141_360926	2075	NA	NA	NA	NA	NA	0	NA	NA	NA	NA	NA	0	1.0
k141_652269	1123	NA	63263.826612331206	1.775106028412622	low	11.4280975286117	385	CheckV-017329	40.9	100.0	1.03	3.49	1	1.0
k141_112358	3266	NA	NA	NA	NA	NA	0	NA	NA	NA	NA	NA	0	1.0
k141_133906	3015	NA	136745.36050499527	2.2048280021097044	low	19.7445197918309	7	CheckV-044766	37.6	18.45	NA	NA	0	1.0
k141_177484	7145	NA	NA	NA	NA	NA	0	NA	NA	NA	NA	NA	0	1.0
k141_641716	2555	NA	NA	NA	NA	NA	0	NA	NA	NA	NA	NA	0	1.0
k141_263898	2755	NA	106233.0	2.59335611344874	low	10.7660094224394	1	CheckV-000545	41.5	91.88	1.9	7.799999999999999	1	1.0
k141_371942	2748	NA	80196.94662917683	3.42656437121789	low	16.7547169811321	161	CheckV-044637	35.4	27.78	NA	NA	0	1.0
k141_576917	6618	NA	6837.0	96.79684071961387	high	2.16478190630048	1	CheckV-003271	71.53	100.0	61.699999999999996	100.0	1	1.0
k141_360975	1037	NA	57791.0	1.7943970514439964	low	19.0715755774068	1	CheckV-000145	30.2	100.0	NA	NA	0	1.0
k141_446689	2815	NA	42897.68672128281	6.562125408509256	low	13.5571486856677	207	CheckV-033378	37.0	55.47	4.21	9.23	1	1.0
k141_587397	13081	NA	429398.5235427813	3.0463542100877135	low	22.0478038089032	7	CheckV-002553	27.27	25.66	1.0545781364636833	7.060594277329421	2	1.0
k141_90632	3245	NA	NA	NA	NA	NA	0	NA	NA	NA	NA	NA	0	1.0
k141_69226	2936	NA	NA	NA	NA	NA	0	NA	NA	NA	NA	NA	0	1.0
k141_382874	1002	NA	NA	NA	NA	NA	0	NA	NA	NA	1.29	3.6300000000000003	1	1.0
k141_166701	1697	NA	NA	NA	NA	NA	0	NA	NA	NA	2.7658443708609273	5.514536423841059	2	1.0
k141_522771	3455	NA	50453.67529051988	6.847865849426406	low	16.0955816050496	4	CheckV-032921	45.4	20.27	NA	NA	0	1.0
k141_641793	2590	NA	39355.732887947364	6.58099801463279	low	10.9454880691546	12	CheckV-060046	41.18	87.45	2.3	8.67	1	1.0
k141_684406	6007	NA	169210.70272497184	3.5500118510609417	low	11.1328258931633	10	CheckV-019443	51.6	22.72	NA	NA	0	1.0
k141_80188	4653	NA	NA	NA	NA	NA	0	NA	NA	NA	NA	NA	0	1.0
k141_252830	2083	NA	261597.819474074	0.7962604597346189	low	10.3754165273183	90	CheckV-039953	40.0	78.77	0.8342164781906299	1.4467528271405492	2	1.0
k141_209742	2818	NA	NA	NA	NA	NA	0	NA	NA	NA	5.43	9.05	1	1.0
k141_382901	3032	NA	74299.79648734475	4.0807648786984645	low	13.2625055334219	220	CheckV-000545	71.2	11.96	NA	NA	0	1.0
k141_58878	9895	NA	554091.9513956346	1.785804680085443	low	12.3818071879646	4	CheckV-000616	43.47	17.95	0.7622718217280641	3.65117719059768	4	1.0
k141_26908	3160	NA	NA	NA	NA	NA	0	NA	NA	NA	NA	NA	0	1.0
k141_263958	17469	NA	132802.1890689745	13.154150637477061	medium	7.29954696912625	20	CheckV-010366	28.16	30.29	12.94425236807218	16.752711212931487	10	1.0
k141_446736	21567	NA	347413.8163015324	6.207870553219812	low	23.4841469330158	43	CheckV-008158	50.1	5.45	NA	NA	0	1.0
k141_112475	1157	NA	101655.31367516339	1.1381598837982636	high	3.30243918760665	40	CheckV-001838	65.5	88.17	NA	NA	0	1.0
k141_296152	2533	NA	NA	NA	NA	NA	0	NA	NA	NA	3.89	13.800000000000002	1	1.0
k141_673995	6973	NA	143855.0	4.847242014528518	high	4.56709794829606	1	CheckV-044766	55.26	75.8	2.92247491638796	12.44571906354515	2	1.0
k141_231173	4028	NA	NA	NA	NA	NA	0	NA	NA	NA	NA	NA	0	1.0
k141_36889	2358	NA	50049.6044943406	4.71132594118028	low	10.6944003686965	77	CheckV-044789	40.1	66.54	3.53	7.730000000000001	1	1.0
k141_392847	1828	NA	36603.0	4.994126164522034	medium	9.39265536723164	1	CheckV-060046	43.2	59.93	2.73	6.0	1	1.0
k141_372107	1222	NA	105526.82479303454	1.1579994019498443	low	15.3725496558318	3	CheckV-002002	35.0	32.69	1.0	6.97	1	1.0
k141_674022	5690	NA	217444.4509568381	2.6167602690994602	high	4.01766558873086	26	CheckV-061481	57.67	58.43	2.3593403693931396	4.748627968337731	2	1.0
k141_263991	3081	NA	NA	NA	NA	NA	0	NA	NA	NA	4.276998191681735	16.270867992766725	2	1.0
k141_619922	14076	NA	83098.11685940354	16.93901201613949	low	26.2150433075829	2	CheckV-044789	40.7	4.97	NA	NA	0	1.0
k141_446770	2712	NA	76186.11814238326	3.5597036128439803	low	19.6969102730118	14	CheckV-044765	29.5	52.69	NA	NA	0	1.0
k141_684465	2983	NA	NA	NA	NA	NA	0	NA	NA	NA	NA	NA	0	1.0
k141_544193	2599	NA	135917.72229417207	1.912186252190779	low	11.6206370876712	14	CheckV-044766	50.7	24.94	2.7179233226837063	7.630937167199147	2	1.0
k141_339095	6031	NA	36762.0381800347	16.405510408493644	medium	6.71526254676816	2	CheckV-044817	42.34	64.37	6.8847936200535935	15.636732807569594	4	1.0
k141_630607	3207	NA	NA	NA	NA	NA	0	NA	NA	NA	4.19	4.36	1	1.0
k141_522865	6194	NA	NA	NA	NA	NA	0	NA	NA	NA	NA	NA	0	1.0
k141_144629	3480	NA	35270.0	9.866742273887157	medium	8.97110139919369	1	CheckV-060045	63.2	24.38	6.36	10.889999999999999	1	1.0
k141_414911	1023	NA	102556.63117870722	0.9974976637223971	medium	5.99083426346975	3	CheckV-044637	53.1	100.0	NA	NA	0	1.0
k141_598509	4451	NA	8770.0	50.752565564424174	high	3.86427920674238	1	CheckV-044210	52.19	100.0	NA	NA	0	1.0
k141_674127	4309	NA	NA	NA	NA	NA	0	NA	NA	NA	0.44	5.67	1	1.0
k141_404551	2582	NA	41431.0	6.232048466124399	low	18.9139941690962	1	CheckV-060458	32.2	20.15	NA	NA	0	1.0
k141_4777	21703	NA	434029.9676759208	5.000345970627789	medium	8.49620178479239	21	CheckV-000689	36.17	31.0	1.7399780219780219	4.594989010989011	2	1.0
k141_609483	3490	NA	250359.62114117897	1.393994760054367	low	12.9831144465291	16	CheckV-000642	35.71	59.13	NA	NA	0	1.0
k141_555595	2954	NA	NA	NA	NA	NA	0	NA	NA	NA	NA	NA	0	1.0
k141_69378	1864	NA	137847.51368377567	1.3522188033627105	low	18.4248232254532	3	CheckV-002905	30.6	62.85	1.72	5.09	1	1.0
k141_501953	1097	NA	36873.0	2.975076614324845	low	10.7012750455373	1	CheckV-061533	38.3	63.56	NA	NA	0	1.0
k141_285168	3557	NA	52557.601851851854	6.767812599262784	medium	8.79473845212603	2	CheckV-011671	37.0	54.21	NA	NA	0	1.0
k141_4823	4143	NA	1019046.9672076167	0.4065563348225854	low	12.610489098409	19	CheckV-023751	41.5	40.55	NA	NA	0	1.0
k141_436920	1082	NA	NA	NA	NA	NA	0	NA	NA	NA	NA	NA	0	1.0
k141_684588	4772	NA	248110.18075489177	1.923339052626084	low	19.4362889019378	78	CheckV-046700	32.8	20.31	NA	NA	0	1.0
k141_134120	7824	NA	53969.7431530434	14.497011738249858	medium	9.48837978822797	94	CheckV-041175	45.92	22.51	NA	NA	0	1.0
k141_264146	4162	NA	60279.0	6.904560460525224	low	NA	1	CheckV-061284	22.3	75.61	NA	NA	0	1.0
k141_458235	3483	NA	NA	NA	NA	NA	0	NA	NA	NA	NA	NA	0	1.0
k141_328484	2981	NA	58969.84561466092	5.05512600368564	high	3.98556948977839	13	CheckV-060045	78.44	29.25	NA	NA	0	1.0
k141_372268	1256	NA	NA	NA	NA	NA	0	NA	NA	NA	0.43	0.59	1	1.0
k141_102274	5230	NA	NA	NA	NA	NA	0	NA	NA	NA	0.26	15.66	1	1.0
k141_144741	1663	NA	32189.000000000004	5.1663611792848485	medium	7.36886830689784	1	CheckV-044737	56.8	44.3	NA	NA	0	1.0
k141_642047	4753	NA	NA	NA	NA	NA	0	NA	NA	NA	NA	NA	0	1.0
k141_144745	1110	NA	NA	NA	NA	NA	0	NA	NA	NA	1.040975935828877	2.770681818181818	2	1.0
k141_177930	1870	NA	52277.37323115341	3.577073376911026	low	11.3595528049511	1207	CheckV-002307	46.7	85.82	2.66	4.83	1	1.0
k141_285242	2757	NA	102715.57773034504	2.6841108826139672	medium	6.41143235675985	3	CheckV-044786	56.13	49.12	NA	NA	0	1.0
k141_502024	1446	NA	106233.0	1.361158961904493	high	3.30243918760665	1	CheckV-000545	64.74	89.03	1.5	4.31	1	1.0
k141_523009	1429	NA	56312.54072780338	2.537623025938972	medium	6.03013749241285	58	CheckV-011613	49.01	75.43	2.256244556784624	3.376107913308974	3	1.0
k141_156301	1834	NA	54712.256837508365	3.3520825241167693	low	10.6944003686965	35	CheckV-044789	39.7	66.77	2.74	6.02	1	1.0
k141_37126	1256	NA	43396.63969826758	2.8942333063869468	high	4.7385831317676	193	CheckV-056129	57.9	100.0	1.8800000000000001	4.12	1	1.0
k141_415086	1090	NA	220262.65851074128	0.49486372650262245	high	3.43229860600155	14	CheckV-061346	64.5	61.45	NA	NA	0	1.0
k141_328548	1050	NA	40769.54437478738	2.5754518871918983	low	11.4280975286117	248	CheckV-045998	39.64	100.0	2.2951851851851854	2.7300000000000004	2	1.0
k141_144830	2918	NA	159112.83864996984	1.833918635830053	low	18.8069420012078	37	CheckV-002069	29.6	60.91	NA	NA	0	1.0
k141_188640	2830	NA	NA	NA	NA	NA	0	NA	NA	NA	NA	NA	0	1.0
k141_372375	2683	NA	126574.51803061526	2.119699953628145	low	16.7547169811321	2	CheckV-001805	34.3	28.25	NA	NA	0	1.0
k141_684707	3455	NA	NA	NA	NA	NA	0	NA	NA	NA	NA	NA	0	1.0
k141_4981	3470	NA	NA	NA	NA	NA	0	NA	NA	NA	NA	NA	0	1.0
k141_221853	2140	NA	36618.166253254334	5.844093844567691	low	10.5427046263345	3	CheckV-060046	45.5	68.05	2.374735729386892	7.540517970401692	2	1.0
k141_620217	1992	NA	88259.75795264667	2.25697423855247	low	18.4248232254532	6	CheckV-032581	32.43	63.19	2.212832980972516	7.023150105708245	2	1.0
k141_90973	2658	NA	NA	NA	NA	NA	0	NA	NA	NA	NA	NA	0	1.0
k141_188661	1430	NA	34873.33128402177	4.100554628273199	low	19.9248772031205	16	CheckV-029147	30.9	72.71	1.1102061855670102	3.816082474226804	2	1.0
k141_4996	6754	NA	NA	NA	NA	NA	0	NA	NA	NA	NA	NA	0	1.0
k141_383215	5178	NA	NA	NA	NA	NA	0	NA	NA	NA	NA	NA	0	1.0
k141_37218	1146	NA	63236.62035167559	1.812241061629781	low	10.6764514907398	10	CheckV-044789	47.0	100.0	0.94	6.53	1	1.0
k141_178047	13766	NA	318092.64176075073	4.327670053541798	medium	7.94642646608031	93	CheckV-000689	28.12	46.91	1.104989010989011	2.914989010989011	2	1.0
k141_534160	4438	NA	61506.34831157031	7.215515344072446	low	13.1821249631444	120	CheckV-017072	41.8	34.41	3.5202138579982893	13.08054747647562	2	1.0
k141_37223	5778	NA	143855.0	4.016544437106809	medium	8.72970391595033	1	CheckV-044766	51.77	55.77	NA	NA	0	1.0
k141_112786	9654	NA	NA	NA	NA	NA	0	NA	NA	NA	NA	NA	0	1.01
k141_555832	3182	NA	70946.04772148235	4.4850983278050816	low	11.993614049092	289	CheckV-013041	60.7	15.51	NA	NA	0	1.0
k141_372460	3774	NA	62960.956382488606	5.994191030188459	low	13.9757982883961	90	CheckV-001313	40.6	29.4	2.4	7.78	1	1.0
k141_566429	1690	NA	57127.09475187812	2.9583160273425935	medium	5.52296238786106	3	CheckV-052246	53.55	69.8	1.09	4.58	1	1.0
k141_339405	2778	NA	NA	NA	NA	NA	0	NA	NA	NA	NA	NA	0	1.0
k141_5060	2562	NA	202390.72574633508	1.265868280551088	low	10.8819485366333	17	CheckV-058914	38.9	51.42	1.271495327102804	1.5506542056074768	2	1.0
k141_663403	4166	NA	46869.44445159864	8.888520119546467	low	10.738170664253	106	CheckV-015046	28.3	55.26	NA	NA	0	1.0
k141_167079	8111	NA	36278.24890134869	22.357749465957447	low	11.4453806865935	2	CheckV-060046	35.16	35.37	7.501686851211073	29.665	2	1.0
k141_124094	2235	NA	NA	NA	NA	NA	0	NA	NA	NA	NA	NA	0	1.0
k141_480314	3309	NA	NA	NA	NA	NA	0	NA	NA	NA	NA	NA	0	1.0
k141_350343	10773	NA	1081241.9228808144	0.996354263743019	medium	7.94642646608031	20	CheckV-049678	32.35	45.6	1.8199999999999998	10.57	1	1.0
k141_642234	14215	NA	713357.2950347104	1.9926900725545014	low	26.9204150716114	34	CheckV-019878	39.9	9.38	NA	NA	0	1.0
k141_274838	9287	NA	74594.5710900474	12.449967691065787	medium	7.05604599257647	2	CheckV-058400	33.86	70.74	NA	NA	0	1.0
k141_221982	7632	NA	NA	NA	NA	NA	0	NA	NA	NA	NA	NA	0	1.0
k141_663482	4492	NA	143855.0	3.1225887178061242	low	25.7555927270877	1	CheckV-044766	32.3	14.08	NA	NA	0	1.0
k141_102527	5803	NA	102213.08080808082	5.677355534264674	low	23.0547056367741	2	CheckV-044637	30.0	26.82	NA	NA	0	1.0
k141_512678	1710	NA	39504.013790771074	4.328674066024881	high	3.42478034785727	5	CheckV-044737	68.3	73.69	1.52	5.73	1	1.0
k141_663525	1080	NA	NA	NA	NA	NA	0	NA	NA	NA	1.2	2.93	1	1.0
k141_253353	5011	NA	NA	NA	NA	NA	0	NA	NA	NA	NA	NA	0	1.0
k141_242141	3649	NA	6909.0	52.815168620639746	high	1.48247660798039	1	CheckV-003275	99.9	100.0	NA	NA	0	1.0
k141_674578	3886	NA	103257.0	3.763425239935307	low	25.7555927270877	1	CheckV-044786	27.9	12.65	1.59	11.79	1	1.0
k141_102552	15838	NA	241892.18617453918	6.547545106964294	medium	8.76635998444991	6	CheckV-061346	40.5	26.81	7.425037015888597	32.08855435242996	5	1.0
k141_426340	2806	NA	NA	NA	NA	NA	0	NA	NA	NA	NA	NA	0	1.0
k141_80644	4014	NA	109717.0706245181	3.658500885187692	low	25.7423874966316	21	CheckV-003035	32.8	13.95	NA	NA	0	1.0
k141_577577	1150	NA	25898.165457849842	4.440468966312169	low	11.4280975286117	55	CheckV-044766	37.6	100.0	1.72	3.77	1	1.0
k141_480413	3644	NA	NA	NA	NA	NA	0	NA	NA	NA	NA	NA	0	1.0
k141_307544	2841	NA	NA	NA	NA	NA	0	NA	NA	NA	NA	NA	0	1.0
k141_27539	3158	NA	150334.08051864032	2.1006547478157698	low	19.2245446878348	6	CheckV-000892	32.8	21.09	NA	NA	0	1.0
k141_80674	3144	NA	23194.973661030283	13.554660789644323	low	33.1585347120968	16	CheckV-000374	27.5	34.67	NA	NA	0	1.0
k141_437334	1046	NA	NA	NA	NA	NA	0	NA	NA	NA	1.21	4.07	1	1.0
k141_80682	1331	NA	170793.48252344414	0.7793037417673704	medium	9.12158367084226	2	CheckV-018806	46.9	69.61	NA	NA	0	1.0
k141_620427	5108	NA	51820.96055803083	9.857015279135732	low	26.9656238848579	3	CheckV-003291	40.9	7.94	4.58	17.96	1	1.0
k141_469560	2402	NA	102212.0	2.350017610456698	low	20.2028081123245	2	CheckV-044818	30.1	52.16	NA	NA	0	1.0
k141_350486	9736	NA	58737.706851494346	16.575383211018742	low	28.292853557284	173	CheckV-017101	27.3	19.54	8.64	30.46	1	1.0
k141_523258	4372	NA	80838.16623351487	5.408336437730082	medium	6.05636618029182	171	CheckV-044786	55.7	62.41	NA	NA	0	1.0
k141_404979	1572	NA	54296.72976364894	2.895201988854284	medium	7.56667930805488	12	CheckV-059123	45.88	100.0	1.176897856531562	3.7743742232918978	3	1.0
k141_556051	5281	NA	155618.25878344695	3.393560653669091	medium	8.06270996640538	61	CheckV-016031	34.11	58.42	2.81	14.34	1	1.0
k141_534366	2681	NA	116091.64492968417	2.309382386324064	low	19.2245446878348	7	CheckV-006494	36.5	18.74	NA	NA	0	1.0
k141_534369	3629	NA	NA	NA	NA	NA	0	NA	NA	NA	NA	NA	0	1.0
k141_544647	1722	NA	32189.0	5.349653608375532	medium	5.52296238786106	1	CheckV-044737	53.8	71.32	NA	NA	0	1.0
k141_231711	2805	NA	NA	NA	NA	NA	0	NA	NA	NA	NA	NA	0	1.0
k141_296720	1284	NA	42144.76750905119	3.046641554551802	medium	5.55941234566949	41	CheckV-042003	59.06	69.63	2.582452830188679	3.3299999999999996	2	1.0
k141_415384	1858	NA	NA	NA	NA	NA	0	NA	NA	NA	NA	NA	0	1.0
k141_642390	3272	NA	63218.1916272235	5.175725397673328	low	10.0451710045171	11	CheckV-002409	42.5	75.1	NA	NA	0	1.0
k141_490864	5487	NA	116246.36337294245	4.720147659498444	low	25.7555927270877	5	CheckV-011947	29.7	16.51	NA	NA	0	1.0
k141_383494	2644	NA	162015.4536214266	1.6319430899339409	low	12.9831144465291	147	CheckV-002519	34.72	58.66	NA	NA	0	1.0
k141_642420	9888	NA	NA	NA	NA	NA	0	NA	NA	NA	100.0	100.0	1	1.02
k141_124339	2665	NA	NA	NA	NA	NA	0	NA	NA	NA	NA	NA	0	1.01
k141_577697	2700	NA	56040.376507995905	4.817954782325135	low	17.1259981821213	78	CheckV-019137	44.7	17.02	NA	NA	0	1.0
k141_113067	2505	NA	214615.99999999997	1.1672009542624968	low	21.1303462321792	1	CheckV-001458	31.3	38.44	0.2	1.27	1	1.0
k141_48646	3395	NA	114568.17558398897	2.9633010936018214	low	21.1660950514454	6	CheckV-044637	31.4	44.31	NA	NA	0	1.0
k141_274996	5794	NA	NA	NA	NA	NA	0	NA	NA	NA	6.73	22.56	1	1.0
k141_447270	4403	NA	52756.561965030036	8.345881225009604	low	14.6911520575663	14	CheckV-021491	34.4	34.39	1.170885684860968	7.220792996910401	2	1.0
k141_102714	3522	NA	143855.0	2.448298634041222	low	26.2236590521136	1	CheckV-044766	26.6	28.47	NA	NA	0	1.0
k141_663663	1114	NA	50905.0876666625	2.1883863697371715	low	11.4280975286117	303	CheckV-038889	39.53	100.0	2.297921568627451	3.239411764705882	2	1.0
k141_318743	6913	NA	157135.4398071546	4.399389474763949	low	25.4390035413359	209	CheckV-044600	41.2	16.5	NA	NA	0	1.0
k141_242330	3594	NA	NA	NA	NA	NA	0	NA	NA	NA	NA	NA	0	1.0
k141_502396	8072	NA	86590.05531914895	9.32208666485852	low	17.4785801713586	2	CheckV-003291	34.31	22.4	11.971510791366905	38.06091127098321	2	1.0
k141_653187	2518	NA	76818.44579045635	3.277858558696364	medium	9.89099717400081	13	CheckV-009766	46.4	41.95	NA	NA	0	1.0
k141_653193	2566	NA	NA	NA	NA	NA	0	NA	NA	NA	NA	NA	0	1.0
k141_5417	2728	NA	NA	NA	NA	NA	0	NA	NA	NA	NA	NA	0	1.0
k141_264674	1317	NA	136289.35413696305	0.9663263930919284	low	11.3225278032974	45	CheckV-012158	45.5	45.22	NA	NA	0	1.0
k141_178493	2564	NA	NA	NA	NA	NA	0	NA	NA	NA	NA	NA	0	1.0
k141_458696	1593	NA	38556.22674960395	4.131628362768573	low	23.2068893916046	5	CheckV-011296	26.8	67.93	NA	NA	0	1.0
k141_178511	2675	NA	79114.0	3.3811967540511163	low	18.4248232254532	1	CheckV-044681	28.4	67.36	NA	NA	0	1.0
k141_285787	1250	NA	36791.41254634803	3.397531960550063	low	10.6764514907398	3	CheckV-060046	46.7	100.0	1.6	4.53	1	1.0
k141_490986	8023	NA	228079.98794984154	3.5176255804452192	low	16.4293487069065	4	CheckV-054213	24.2	30.57	1.8294675540765388	11.265432612312813	2	1.0
k141_556229	15376	NA	244096.9224258232	6.299137181736692	low	22.2765314016457	11	CheckV-043516	27.32	20.33	1.209008404728463	9.390662838415542	4	1.0
k141_328941	2513	NA	42858.41000383327	5.863493302190251	low	11.1946870712599	165	CheckV-037166	31.3	92.51	4.23	6.15	1	1.0
k141_458713	3107	NA	36949.2079609105	8.408840598929682	medium	6.3231850117096	3	CheckV-054009	56.87	62.16	2.76	10.41	1	1.0
k141_48763	2712	NA	179401.96547621101	1.511689123807072	medium	6.3231850117096	130	CheckV-014992	53.95	61.0	1.1913587161554313	2.54699933254012	3	1.0
k141_27786	1005	NA	NA	NA	NA	NA	0	NA	NA	NA	1.54	5.48	1	1.09
k141_491011	1822	NA	34727.131094739045	5.246618256571221	medium	5.43936183472517	193	CheckV-018775	53.7	79.64	3.84	5.29	1	1.0
k141_350713	3088	NA	NA	NA	NA	NA	0	NA	NA	NA	NA	NA	0	1.0
k141_620628	11770	NA	51263.0	22.96002965101535	medium	6.22813407630282	1	CheckV-000338	54.21	69.72	10.98	32.55	1	1.0
k141_566807	2213	NA	35742.20058237205	6.191560575292181	low	11.993614049092	2	CheckV-060045	60.7	14.87	2.84	8.01	1	1.0
k141_102805	1360	NA	36844.48367553012	3.6911902796000633	low	14.1542002301496	2	CheckV-044817	40.9	39.32	1.58	5.3	1	1.0
k141_534632	2947	NA	98821.18682194657	2.9821540246322154	low	16.4303586321935	3	CheckV-000334	23.8	100.0	NA	NA	0	1.0
k141_447415	1000	NA	44488.705483875405	2.247761514127316	low	10.6198315369057	19	CheckV-030938	46.5	52.16	0.57	3.2800000000000002	1	1.0
k141_458790	11892	NA	NA	NA	NA	NA	0	NA	NA	NA	NA	NA	0	1.0
k141_16476	7197	NA	164699.41098935882	4.369778833310458	low	18.451911776551	777	CheckV-059527	47.7	14.15	0.8114342179559572	5.0607340485601355	2	1.0
k141_620692	2518	NA	42017.21755545068	5.992781403663776	low	21.1303462321792	13	CheckV-051530	28.9	40.82	NA	NA	0	1.0
k141_102852	1508	NA	NA	NA	NA	NA	0	NA	NA	NA	NA	NA	0	1.0
k141_156873	1043	NA	38059.0	2.7404818833915763	low	10.6764514907398	1	CheckV-054009	44.1	100.0	1.34	3.7800000000000002	1	1.0
k141_134689	2183	NA	56553.426896977166	3.8600667011333374	medium	7.52853380158033	2	CheckV-054129	50.19	96.9	1.6348311161971718	5.242440150439547	3	1.0
k141_523535	1067	NA	62022.69717238385	1.7203379547239217	medium	6.52300524170064	101	CheckV-011671	52.5	70.87	NA	NA	0	1.0
k141_253693	6204	NA	166826.31386206977	3.718837787862052	medium	5.39638386648122	76	CheckV-061890	36.9	91.6	2.7770604395604397	5.836895604395604	2	1.0
k141_16526	6821	NA	170890.81501502087	3.9914374563667754	medium	6.04248823304923	3	CheckV-018806	45.92	69.71	3.3118089171974523	12.585057324840767	2	1.0
k141_59859	2296	NA	300066.863961839	0.7651627939471497	low	13.5571486856677	32	CheckV-044104	37.1	55.69	1.0008499999999998	1.4103249999999998	2	1.0
k141_285936	1031	NA	NA	NA	NA	NA	0	NA	NA	NA	NA	NA	0	1.0
k141_339923	2616	NA	85192.11308315632	3.070706788839142	low	16.0119781574775	228	CheckV-007681	28.2	71.96	NA	NA	0	1.0
k141_458874	1103	NA	84197.28733989336	1.3100184517196312	low	10.6764514907398	3	CheckV-044818	43.1	100.0	NA	NA	0	1.0
k141_523573	1211	NA	55433.39254632401	2.1846037999352177	low	19.0715755774068	44	CheckV-001855	30.9	100.0	1.9	3.0100000000000002	1	1.0
k141_199726	1264	NA	NA	NA	NA	NA	0	NA	NA	NA	0.94	3.71	1	1.0
k141_383779	1609	NA	36602.99999999999	4.395814550719887	medium	5.74880233284732	1	CheckV-060046	54.7	82.54	1.43	5.39	1	1.0
k141_297056	5510	NA	119975.72978924192	4.592595527178093	low	19.4362889019378	10	CheckV-024901	34.3	22.38	NA	NA	0	1.0
k141_297059	3520	NA	113099.96435643565	3.1122909896829722	low	25.7423874966316	2	CheckV-000337	35.8	17.38	1.34	4.16	1	1.0
k141_437712	9550	NA	46102.447012091434	20.714735592007276	medium	7.28976077693359	45	CheckV-000427	37.49	62.65	11.84	22.26	1	1.0
k141_297062	1364	NA	81104.83859529202	1.6817738912055211	medium	5.99083426346975	57	CheckV-009881	54.2	100.0	NA	NA	0	1.0
k141_242555	2514	NA	NA	NA	NA	NA	0	NA	NA	NA	NA	NA	0	1.0
k141_599355	8603	NA	534725.003400153	1.6088643593054655	medium	7.52860853030347	52	CheckV-000894	42.72	42.55	0.6959771872695557	4.309905619178935	5	1.0
k141_37847	5534	NA	41566.063434079726	13.313745740624338	low	22.9181591811457	88	CheckV-040019	47.6	8.92	3.357448275862069	15.34141379310345	2	1.0
k141_210732	2651	NA	NA	NA	NA	NA	0	NA	NA	NA	NA	NA	0	1.0
k141_48963	1215	NA	183086.10761794678	0.663622169812791	low	11.7908597461902	30	CheckV-014992	43.9	37.62	0.5591493167346354	0.9818938255705802	3	1.0
k141_189294	2649	NA	65362.33812501342	4.052792595842372	low	12.9831144465291	22	CheckV-012837	33.1	59.98	2.45	7.23	1	1.0
k141_480858	1631	NA	67993.14203387855	2.3987713337138192	high	3.96835057821059	43	CheckV-044637	59.6	82.87	2.44	5.35	1	1.0
k141_437739	1116	NA	46708.52489323862	2.389285473156847	low	19.0715755774068	8	CheckV-007033	31.9	100.0	NA	NA	0	1.0
k141_319068	1967	NA	57230.43162953373	3.4369826401674923	low	13.957011667213	31	CheckV-031110	36.0	48.32	NA	NA	0	1.0
k141_599397	1664	NA	92539.21713334027	1.7981565562655812	low	11.7003954408002	156	CheckV-032716	28.2	89.93	NA	NA	0	1.0
k141_620797	6187	NA	57725.731334711694	10.717923977655397	low	25.6613586747143	4	CheckV-000545	42.6	8.7	7.045961995249406	19.57313539192399	2	1.0
k141_167593	2414	NA	106232.99999999999	2.272363578172508	low	14.7807123818755	1	CheckV-000545	34.5	45.15	1.54	5.95	1	1.0
k141_513167	3068	NA	155370.9976822258	1.9746284993772518	medium	9.89099717400081	22	CheckV-039937	45.13	40.81	0.86	3.2	1	1.0
k141_383871	1305	NA	36603.0	3.565281534300467	high	3.80705863737027	1	CheckV-060046	64.0	65.66	1.52	5.08	1	1.0
k141_523657	2794	NA	60279.0	4.635113389405929	low	16.4303586321935	1	CheckV-061284	26.8	100.0	NA	NA	0	1.0
k141_502693	2663	NA	185053.51092667328	1.4390432187234767	low	20.4541717367711	3	CheckV-040127	29.0	36.41	NA	NA	0	1.0
k141_437801	2977	NA	164852.15930454383	1.8058604828465505	low	17.188684785418	16	CheckV-032913	42.2	14.86	NA	NA	0	1.0
k141_556478	3267	NA	175901.84178470256	1.8572858401327537	low	15.760181986278	94	CheckV-002597	34.2	37.04	NA	NA	0	1.0
k141_393714	9634	NA	268211.6580559038	3.5919393175638805	low	10.2824914415191	225	CheckV-014469	48.9	19.81	NA	NA	0	1.0
k141_189363	4793	NA	67730.64832866426	7.0765600481806645	low	16.354663036079	25	CheckV-058873	38.9	21.28	3.198401522359658	10.859571836346339	2	1.0
k141_567039	2556	NA	40156.0	6.365175814324136	low	29.192375253277	1	CheckV-011235	27.0	52.29	NA	NA	0	1.0
k141_361971	1009	NA	51125.0	1.9735941320293398	low	28.2796463774007	1	CheckV-001039	23.4	100.0	0.7	2.86	1	1.0
k141_307917	4485	NA	41710.72648413439	10.752629786263661	low	12.610489098409	3	CheckV-044737	38.53	37.88	NA	NA	0	1.0
k141_534863	3428	NA	106233.0	3.2268692402549113	high	3.42478034785727	1	CheckV-000545	76.7	61.64	NA	NA	0	1.0
k141_567044	2774	NA	12508.508097829652	22.176905337586312	low	10.6944003686965	2	CheckV-054117	38.2	66.74	NA	NA	0	1.0
k141_631608	2930	NA	53875.3819851373	5.4384765212584565	low	15.760181986278	9	CheckV-019036	36.1	36.11	1.75	9.53	1	1.0
k141_37951	1240	NA	102569.68601200588	1.2089341872947303	medium	6.03013749241285	3	CheckV-044786	47.9	75.78	1.84	3.5999999999999996	1	1.0
k141_610368	3965	NA	61516.17445007716	6.445459320975423	low	14.0086581853272	100	CheckV-011997	28.0	42.47	NA	NA	0	1.0
k141_653509	4616	NA	NA	NA	NA	NA	0	NA	NA	NA	2.5	10.3	1	1.0
k141_189396	2894	NA	45371.4584026148	6.378459282307786	low	14.7807123818755	14	CheckV-017950	34.3	43.87	3.44	8.989999999999998	1	1.01
k141_675191	2105	NA	NA	NA	NA	NA	0	NA	NA	NA	NA	NA	0	1.0
k141_620883	2627	NA	12504.316976037797	21.008744460286458	low	11.8649517684887	2	CheckV-054117	37.5	69.65	NA	NA	0	1.0
k141_275454	1662	NA	NA	NA	NA	NA	0	NA	NA	NA	2.33	4.46	1	1.0
k141_49086	2066	NA	NA	NA	NA	NA	0	NA	NA	NA	3.32	6.79	1	1.01
k141_275471	1430	NA	55744.33459224108	2.5652831098625013	low	13.92	16	CheckV-029790	35.37	100.0	2.45	4.38	1	1.0
k141_60104	9220	NA	63847.0	14.440772471690135	low	32.8609121902687	1	CheckV-001040	23.5	11.8	17.138271631627305	37.186248175971464	3	1.0
k141_340097	3961	NA	75456.05478315894	5.249413067490585	low	16.354663036079	19	CheckV-060041	38.6	17.99	NA	NA	0	1.0
k141_631680	2422	NA	97800.7207475662	2.476464367017737	low	19.7445197918309	9	CheckV-004094	40.7	21.03	NA	NA	0	1.0
k141_534928	1281	NA	108265.90764710553	1.1831979501575327	low	19.0715755774068	2	CheckV-001057	29.1	100.0	NA	NA	0	1.0
k141_275482	6394	NA	NA	NA	NA	NA	0	NA	NA	NA	NA	NA	0	1.0
k141_437922	3668	NA	30390.375203915173	12.069610774425232	low	26.9656238848579	4	CheckV-046432	37.6	11.92	NA	NA	0	1.0
k141_631704	2646	NA	56151.99999999999	4.71220971648383	low	16.0119781574775	1	CheckV-000094	30.3	70.19	NA	NA	0	1.0
k141_513244	60222	NA	226009.61827683507	26.64576864433936	low	35.9439843853632	36	CheckV-050294	40.35	2.9	9.805256276948935	48.861464585539	7	1.0
k141_393849	1323	NA	354198.0188860672	0.3735198757352626	high	4.12714261940423	29	CheckV-061425	66.4	78.14	0.3677871148459384	0.5348179271708683	2	1.0
k141_167757	4842	NA	NA	NA	NA	NA	0	NA	NA	NA	NA	NA	0	1.01
k141_373235	4402	NA	NA	NA	NA	NA	0	NA	NA	NA	NA	NA	0	1.0
k141_578189	2670	NA	NA	NA	NA	NA	0	NA	NA	NA	NA	NA	0	1.0
k141_49168	3116	NA	142861.1628911694	2.181138622239654	high	2.5492837895334	81	CheckV-000545	77.07	78.04	NA	NA	0	1.0
k141_685516	1663	NA	181350.49764344195	0.9170087877396778	high	3.95717835977825	110	CheckV-049641	59.55	94.14	0.9499999999999998	5.45	1	1.0
k141_167762	16972	NA	115392.0	14.708125346644481	low	27.4427620025844	1	CheckV-020767	34.0	3.3	NA	NA	0	1.0
k141_502867	20066	NA	87462.60801031394	22.942375555087196	low	13.3626373626374	3	CheckV-017380	29.39	22.31	5.71	26.89	1	1.03
k141_481084	4619	NA	52543.8577333662	8.790751572598865	low	18.451911776551	7	CheckV-032921	48.1	15.01	NA	NA	0	1.0
k141_556678	5356	NA	36769.24422332231	14.56652186667125	medium	8.72970391595033	3	CheckV-044817	49.67	56.02	9.78	16.76	1	1.0
k141_340163	2804	1804	159152.15861459373	1.133506460549244	low	10.9970674486804	42	CheckV-009165	39.2	45.31	2.36	2.45	1	1.0
k141_685549	3519	NA	70903.0	4.963118626856409	low	15.1657311952622	1	CheckV-018197	39.7	27.16	NA	NA	0	1.0
k141_70323	2827	NA	NA	NA	NA	NA	0	NA	NA	NA	1.9499999999999997	8.0	1	1.0
k141_362076	6912	NA	47191.52191059634	14.64669864450374	low	16.354663036079	5	CheckV-044737	41.3	17.63	13.39	22.24	1	1.0
k141_81227	5415	NA	266529.3452416064	2.0316712199519165	low	26.9656238848579	15	CheckV-008933	38.5	11.08	NA	NA	0	1.0
k141_253974	5762	NA	264484.8977002379	2.1785742967186503	low	19.4362889019378	3	CheckV-001900	34.7	20.0	2.464708520179372	20.924170403587443	2	1.0
k141_362089	1405	NA	NA	NA	NA	NA	0	NA	NA	NA	NA	NA	0	1.0
k141_113609	1078	NA	54291.0	1.9855961393232764	low	20.0089325591782	1	CheckV-044736	28.3	81.27	NA	NA	0	1.0
k141_470134	3826	NA	NA	NA	NA	NA	0	NA	NA	NA	0.61	1.78	1	1.01
k141_438018	7266	NA	179054.6989813279	4.057977836570326	high	4.54554919312858	123	CheckV-041987	54.04	71.76	3.2210107454484844	4.5012148557165546	4	1.0
k141_567218	4308	NA	207377.6673594359	2.07736930155222	low	22.6418050767784	8	CheckV-024148	32.1	29.21	NA	NA	0	1.0
k141_113615	5308	NA	NA	NA	NA	NA	0	NA	NA	NA	NA	NA	0	1.0
k141_265160	2266	NA	333626.3573782889	0.6792029316288852	low	10.9394929934521	49	CheckV-044737	40.57	61.63	3.39	7.430000000000001	1	1.0
k141_103120	3281	NA	NA	NA	NA	NA	0	NA	NA	NA	NA	NA	0	1.0
k141_664206	3876	NA	36586.976744186046	10.593933538430246	high	2.66137504377262	2	CheckV-018108	81.22	67.78	3.45	12.98	1	1.0
k141_113641	1058	NA	56932.05981511691	1.8583553861142297	low	13.8078132016165	2	CheckV-027548	35.0	61.27	0.94	3.54	1	1.0
k141_373345	3113	NA	NA	NA	NA	NA	0	NA	NA	NA	NA	NA	0	1.0
k141_685618	1439	NA	NA	NA	NA	NA	0	NA	NA	NA	0.86	3.8299999999999996	1	1.0
k141_103157	1513	NA	NA	NA	NA	NA	0	NA	NA	NA	NA	NA	0	1.0
k141_91743	1096	NA	NA	NA	NA	NA	0	NA	NA	NA	NA	NA	0	1.0
k141_113653	2661	NA	NA	NA	NA	NA	0	NA	NA	NA	NA	NA	0	1.0
k141_329504	1381	NA	NA	NA	NA	NA	0	NA	NA	NA	NA	NA	0	1.0
k141_6076	2670	NA	109962.8118585557	2.428093602621221	low	11.1946870712599	2	CheckV-000334	27.8	93.83	NA	NA	0	1.0
k141_416020	1270	NA	45490.8823451084	2.7917682281151928	low	13.92	163	CheckV-021828	35.85	100.0	2.1759560439560444	5.40243956043956	2	1.0
k141_653733	1618	NA	49954.65335401318	3.2389374990428506	low	21.9381688466112	2	CheckV-003255	32.0	24.5	2.4	4.7	1	1.0
k141_588551	1281	NA	63583.71740281451	2.0146667296670153	medium	6.56994077002317	233	CheckV-019873	47.7	63.38	1.17	3.9799999999999995	1	1.0
k141_167889	5070	NA	95628.86492852501	5.301746500692466	low	12.4955291822468	2	CheckV-001983	34.7	40.6	NA	NA	0	1.0
k141_157260	2718	NA	450975.36375475896	0.6026936765171172	medium	9.97120230381569	78	CheckV-049466	47.3	65.81	0.23	2.14	1	1.0
k141_610599	8806	NA	45526.0	19.342793129200896	medium	6.96671056590088	1	CheckV-005629	47.66	79.17	9.150918727915194	23.328091872791518	2	1.0
k141_503009	3021	NA	NA	NA	NA	NA	0	NA	NA	NA	0.25	2.62	1	1.01
k141_481214	1162	NA	92913.82270346092	1.2506212382506108	low	13.92	5	CheckV-044473	33.4	100.0	NA	NA	0	1.0
k141_17008	1537	NA	NA	NA	NA	NA	0	NA	NA	NA	NA	NA	0	1.0
k141_481223	3453	NA	143855.0	2.400333669319801	medium	5.70841889117043	1	CheckV-044766	60.9	53.33	NA	NA	0	1.0
k141_28415	5178	NA	NA	NA	NA	NA	0	NA	NA	NA	NA	NA	0	1.0
k141_286374	1086	NA	NA	NA	NA	NA	0	NA	NA	NA	1.8300000000000003	3.03	1	1.0
k141_210985	1813	NA	NA	NA	NA	NA	0	NA	NA	NA	NA	NA	0	1.0
k141_103226	1335	NA	55657.52481284249	2.3985975022948924	medium	8.35028413344106	5	CheckV-032920	51.9	49.66	1.19	4.47	1	1.0
k141_545396	2025	NA	57788.49960408751	3.504157425566327	high	4.50195005338972	201	CheckV-005709	55.1	100.0	2.65	5.65	1	1.0
k141_49399	3793	NA	491810.2612254178	0.7712323835109055	low	25.6613586747143	2	CheckV-045085	44.0	11.48	NA	NA	0	1.0
k141_49403	2295	NA	NA	NA	NA	NA	0	NA	NA	NA	NA	NA	0	1.0
k141_513475	2093	NA	39534.86967781523	5.2940607040232015	low	10.586319218241	10	CheckV-060045	41.4	69.85	1.86	7.009999999999999	1	1.0
k141_340302	2862	NA	30115.81766369466	9.50331162168713	low	10.7907508297973	4	CheckV-044276	46.15	30.73	NA	NA	0	1.0
k141_81424	3388	NA	NA	NA	NA	NA	0	NA	NA	NA	NA	NA	0	1.0
k141_685764	9262	NA	48527.35201553749	19.086143412553177	low	17.4785801713586	11	CheckV-056071	34.8	18.2	NA	NA	0	1.0
k141_308259	3319	NA	NA	NA	NA	NA	0	NA	NA	NA	NA	NA	0	1.0
k141_70493	3342	NA	102230.56560828944	3.269081003430359	low	12.1929432782492	5	CheckV-000529	40.9	34.13	NA	NA	0	1.0
k141_610724	2723	NA	123252.2406199388	2.2092904650688303	low	16.4303586321935	14	CheckV-002220	27.3	100.0	NA	NA	0	1.0
k141_481315	6805	NA	NA	NA	NA	NA	0	NA	NA	NA	NA	NA	0	1.01
k141_545413	5197	NA	42982.0	12.091107905634917	low	23.3177068073054	1	CheckV-015330	30.6	18.79	NA	NA	0	1.02
k141_503150	4183	NA	413580.29138494044	1.0114118315436522	low	10.7959242051495	51	CheckV-054001	30.7	57.99	0.67	11.14	1	1.0
k141_588721	2963	NA	159619.9927201418	1.8562837583854312	low	10.6944003686965	131	CheckV-019835	38.1	65.25	NA	NA	0	1.0
k141_685830	1373	NA	NA	NA	NA	NA	0	NA	NA	NA	2.05	4.13	1	1.01
k141_438210	15128	NA	48389.0	31.263303643390028	low	18.5642512859947	1	CheckV-029996	39.0	8.83	1.22	1.48	1	1.01
k141_416205	1031	NA	80804.79705629438	1.2759143486020166	high	4.1478960989169	45	CheckV-020387	63.3	71.47	0.56	3.05	1	1.0
k141_265374	4164	NA	NA	NA	NA	NA	0	NA	NA	NA	NA	NA	0	1.0
k141_17129	8064	NA	NA	NA	NA	NA	0	NA	NA	NA	13.221045534864757	19.204289248334923	3	1.0
k141_113860	5065	NA	NA	NA	NA	NA	0	NA	NA	NA	2.49	6.8	1	1.0
k141_135186	1613	NA	NA	NA	NA	NA	0	NA	NA	NA	NA	NA	0	1.0
k141_70564	2101	NA	135156.2025819265	1.5544976552048761	low	16.4303586321935	2	CheckV-020112	23.9	100.0	NA	NA	0	1.0
k141_685831	29846	NA	135135.54385645367	22.085973200140153	low	25.0168993387215	196	CheckV-020789	46.0	4.92	19.585975952453456	69.47604303271343	4	1.0
k141_254253	3034	NA	NA	NA	NA	NA	0	NA	NA	NA	NA	NA	0	1.0
k141_384376	4262	NA	66962.30204637417	6.36477520896517	low	10.6438896189225	48	CheckV-060033	51.5	28.95	NA	NA	0	1.0
k141_125134	3749	NA	86326.84156414126	4.342797595825946	medium	5.63301787048028	24	CheckV-041981	45.15	78.05	3.4402139037433153	4.518342245989304	2	1.0
k141_675687	1253	NA	48255.427017510796	2.596599133907394	medium	5.42268862289476	71	CheckV-017126	61.5	89.05	1.03	7.139999999999999	1	1.0
k141_427299	6162	NA	NA	NA	NA	NA	0	NA	NA	NA	NA	NA	0	1.0
k141_599925	3692	NA	NA	NA	NA	NA	0	NA	NA	NA	NA	NA	0	1.0
k141_103378	5810	NA	37950.0	15.30961791831357	low	27.3188716901985	1	CheckV-052005	24.8	21.95	NA	NA	0	1.0
k141_17183	2732	NA	106233.00000000001	2.571705590541545	high	4.93937043075139	1	CheckV-000545	48.2	52.17	1.8900000000000001	7.73	1	1.0
k141_223275	3021	NA	NA	NA	NA	NA	0	NA	NA	NA	NA	NA	0	1.0
k141_200338	2787	NA	30930.0	9.01066925315228	low	18.6121193371706	1	CheckV-017471	19.3	74.24	NA	NA	0	1.0
k141_70603	2857	NA	NA	NA	NA	NA	0	NA	NA	NA	2.67	7.900000000000001	1	1.01
k141_524159	4446	NA	145344.0	3.0589498018494057	low	18.1585854626757	1	CheckV-003408	27.8	33.61	NA	NA	0	1.0
k141_81543	3661	NA	NA	NA	NA	NA	0	NA	NA	NA	NA	NA	0	1.0
k141_179286	5378	NA	63905.74489715504	8.415518837398636	low	23.0547056367741	7	CheckV-043375	31.8	23.31	NA	NA	0	1.0
k141_125201	3926	NA	NA	NA	NA	NA	0	NA	NA	NA	NA	NA	0	1.0
k141_179295	2238	NA	64686.47176312503	3.4597651394488134	low	11.7390330599321	25	CheckV-000211	40.3	40.98	2.560277008310249	5.540941828254848	2	1.01
k141_643314	2921	NA	NA	NA	NA	NA	0	NA	NA	NA	NA	NA	0	1.0
k141_145894	3402	NA	164014.3168022671	2.0742091704722303	low	21.9381688466112	3	CheckV-040127	31.2	23.19	NA	NA	0	1.0
k141_513636	6705	NA	NA	NA	NA	NA	0	NA	NA	NA	3.5199999999999996	19.6	1	1.01
k141_438287	1252	NA	NA	NA	NA	NA	0	NA	NA	NA	NA	NA	0	1.0
k141_491676	3410	NA	36776.656363779235	9.27218604722983	low	10.513691784929	3	CheckV-044817	47.2	77.41	NA	NA	0	1.0
k141_524190	2946	NA	NA	NA	NA	NA	0	NA	NA	NA	NA	NA	0	1.0
k141_232655	4468	NA	NA	NA	NA	NA	0	NA	NA	NA	NA	NA	0	1.0
k141_632123	1089	NA	56428.0	1.9298929609413766	low	13.8001033911972	1	CheckV-001700	40.9	32.6	1.26	4.24	1	1.0
k141_179328	1075	NA	NA	NA	NA	NA	0	NA	NA	NA	NA	NA	0	1.0
k141_405955	1292	NA	103257.0	1.2512468888307815	low	16.0413971539457	1	CheckV-044786	35.4	47.95	1.66	4.68	1	1.0
k141_394303	4432	NA	NA	NA	NA	NA	0	NA	NA	NA	NA	NA	0	1.01
k141_664565	1132	NA	104671.70444017013	1.0814766092273256	low	13.8001033911972	19	CheckV-019855	40.5	37.05	NA	NA	0	1.0
k141_545599	1014	NA	164002.3893812285	0.6182836749060566	low	13.8001033911972	29	CheckV-030113	42.2	34.08	NA	NA	0	1.0
k141_481503	3190	NA	115268.79021146016	2.7674446779114774	low	18.8069420012078	9	CheckV-062282	29.4	57.55	NA	NA	0	1.0
k141_675839	6396	1742	178387.22710712563	0.9765273154640657	low	25.6613586747143	165	CheckV-059806	47.1	8.86	0.45999999999999996	4.1	1	1.0
k141_286673	5910	NA	43620.7724486506	13.548590885127311	low	15.1657311952622	153	CheckV-001005	39.68	25.07	8.915349974561556	18.469734503240865	5	1.0
k141_664597	4395	NA	NA	NA	NA	NA	0	NA	NA	NA	NA	NA	0	1.0
k141_49687	4801	NA	57088.0	8.409823430493274	medium	9.04973946797384	1	CheckV-000337	33.98	42.79	5.523006134969324	15.929110429447853	2	1.0
k141_459558	8074	NA	177910.49745349123	4.538236987455267	medium	7.27685416164118	242	CheckV-014992	57.37	85.43	3.471758790860269	6.397743762155903	9	1.0
k141_588954	3508	NA	NA	NA	NA	NA	0	NA	NA	NA	NA	NA	0	1.0
k141_125313	6375	4814	106233.0	4.531548577184114	low	14.0086581853272	1	CheckV-000545	28.2	39.08	7.74	15.82	1	1.0
k141_60625	1066	NA	NA	NA	NA	NA	0	NA	NA	NA	NA	NA	0	1.0
k141_265513	25480	NA	106212.4975689739	23.98964395263694	low	25.0168993387215	18	CheckV-018383	47.5	4.37	18.848044760003447	53.94437406567145	5	1.0
k141_92189	2272	NA	185359.56466876972	1.2257257962706025	low	21.1660950514454	3	CheckV-000283	31.9	47.06	NA	NA	0	1.0
k141_675874	2987	NA	NA	NA	NA	NA	0	NA	NA	NA	NA	NA	0	1.0
k141_211365	2796	NA	61971.80488262664	4.511729173122468	medium	8.22784810126582	34	CheckV-044737	49.34	58.8	2.49	9.36	1	1.0
k141_319813	2729	NA	94412.19545336184	2.8905164072241956	low	10.4791830322074	4	CheckV-044766	35.7	83.6	NA	NA	0	1.01
k141_114051	3345	NA	143855.0	2.3252580723645337	low	14.7807123818755	1	CheckV-044766	34.47	46.79	4.17	8.63	1	1.0
k141_632252	8758	NA	36667.562390830106	23.884871065741248	medium	7.52355836258882	3	CheckV-060046	47.79	40.76	10.07624678558447	26.461536601025216	4	1.0
k141_38670	2967	NA	NA	NA	NA	NA	0	NA	NA	NA	NA	NA	0	1.0
k141_28811	18550	NA	330629.10660066246	5.610516324687922	low	10.8174014826375	26	CheckV-061337	48.57	13.44	6.9898878496435195	37.55406642513209	4	1.03
k141_384651	1014	NA	59225.11601717237	1.7121114624849192	low	14.4123550401427	8	CheckV-058171	34.0	53.5	0.44	0.6	1	1.0
k141_114112	5344	NA	44813.99999999999	11.924844914535639	low	14.0086581853272	1	CheckV-011671	28.9	40.93	NA	NA	0	1.0
k141_459634	3520	NA	38542.46314817742	9.132784239728727	medium	7.95841548664635	7	CheckV-044737	40.0	60.78	2.89	20.07	1	1.0
k141_254515	1087	NA	36640.781252718574	2.9666398008894794	high	4.1478960989169	3	CheckV-012012	64.43	70.73	1.6789954659949624	2.7603304785894207	3	1.0
k141_589037	1479	NA	160626.20929297688	0.9207712779315815	low	10.8503425550577	23	CheckV-032913	41.0	26.98	0.67	1.11	1	1.0
k141_632282	4379	NA	NA	NA	NA	NA	0	NA	NA	NA	NA	NA	0	1.0
k141_308538	2689	NA	NA	NA	NA	NA	0	NA	NA	NA	NA	NA	0	1.0
k141_60762	1520	NA	NA	NA	NA	NA	0	NA	NA	NA	NA	NA	0	1.0
k141_632285	9486	NA	80291.99971627432	11.814377563792686	medium	6.55942526940497	3	CheckV-000253	27.34	71.3	NA	NA	0	1.0
k141_384717	1366	NA	NA	NA	NA	NA	0	NA	NA	NA	NA	NA	0	1.0
k141_125480	1689	NA	130969.9592084333	1.2896087089040214	low	16.4303586321935	3	CheckV-000715	24.7	100.0	NA	NA	0	1.0
k141_103646	5027	NA	310433.7903680338	1.6193469126026054	low	11.8740654837217	28	CheckV-061481	61.4	20.13	NA	NA	0	1.0
k141_459685	6039	NA	NA	NA	NA	NA	0	NA	NA	NA	NA	NA	0	1.01
k141_135507	11484	NA	106526.75450677321	10.780390384717691	low	11.4453806865935	326	CheckV-046604	35.16	36.32	NA	NA	0	1.0
k141_448304	2841	NA	NA	NA	NA	NA	0	NA	NA	NA	NA	NA	0	1.0
k141_448305	1788	NA	37232.0	4.802320584443489	high	4.62276493676406	1	CheckV-018383	62.66	54.81	3.2178188825832295	5.2189633091560195	3	1.0
k141_81796	2624	NA	NA	NA	NA	NA	0	NA	NA	NA	NA	NA	0	1.01
k141_664748	4640	NA	46474.0	9.984077118388777	low	23.3177068073054	1	CheckV-059090	28.8	17.52	NA	NA	0	1.0
k141_427610	1268	NA	40315.737737232965	3.1451737489326868	medium	6.8503937007874	11	CheckV-054009	59.8	78.69	1.13	4.25	1	1.0
k141_600238	2593	NA	77006.61303450752	3.3672432766755342	high	4.50195005338972	149	CheckV-044786	55.4	100.0	NA	NA	0	1.0
k141_6551	1532	NA	36355.65746299962	4.213924618360068	medium	9.97120230381569	164	CheckV-044766	47.0	63.53	0.74	3.61	1	1.0
k141_664767	2659	NA	NA	NA	NA	NA	0	NA	NA	NA	NA	NA	0	1.0
k141_168415	1450	NA	105116.84065466175	1.3794174092081553	low	10.7012750455373	3	CheckV-044766	41.0	67.08	0.94	3.93	1	1.0
k141_254588	2606	NA	NA	NA	NA	NA	0	NA	NA	NA	NA	NA	0	1.0
k141_286883	1977	NA	114126.98332441949	1.7322809579397564	low	10.7660094224394	86	CheckV-007342	39.3	90.09	1.1	4.69	1	1.0
k141_254600	1784	NA	46474.0	3.8387055127598226	medium	6.27705627705628	1	CheckV-059090	66.0	40.8	1.6499999999999997	4.87	1	1.0
k141_146116	12528	NA	326904.0115065492	3.8323176097669314	low	10.7181110029211	156	CheckV-000616	42.32	32.12	9.88366851945427	74.12122283981809	2	1.0
k141_92343	1089	NA	38023.12137555666	2.864046823625766	medium	9.0304258705784	3	CheckV-059090	45.1	83.24	0.97	3.65	1	1.0
k141_632374	3164	NA	NA	NA	NA	NA	0	NA	NA	NA	NA	NA	0	1.0
k141_81864	1785	NA	357493.10506787966	0.49931032926105523	high	4.45453017313834	14	CheckV-061425	58.82	100.0	0.82	2.3	1	1.0
k141_232931	34545	NA	355629.5372901866	9.713760072693841	medium	8.49858683739978	17	CheckV-062241	45.28	36.54	13.608847270728107	27.620022192239407	10	1.0
k141_243410	1008	NA	NA	NA	NA	NA	0	NA	NA	NA	0.9	3.38	1	1.0
k141_427725	3178	NA	NA	NA	NA	NA	0	NA	NA	NA	NA	NA	0	1.01
k141_308657	3723	NA	181138.12744839705	2.0553375771539955	low	25.7423874966316	2	CheckV-014205	32.8	14.47	NA	NA	0	1.0
k141_17591	2410	NA	48752.128748580384	4.943373883074135	low	14.8448260270765	10	CheckV-009894	39.28	31.51	3.944818577648766	7.164571843251089	2	1.0
k141_351788	1394	NA	NA	NA	NA	NA	0	NA	NA	NA	0.59	0.78	1	1.0
k141_340792	2197	NA	46487.956406091136	4.7259552147405985	low	14.7807123818755	71	CheckV-038939	34.7	46.98	NA	NA	0	1.0
k141_557367	30254	NA	122924.75495516034	24.611804197645828	medium	7.15095474400731	53	CheckV-061513	40.85	46.55	22.390881062290116	28.08699049788709	15	1.0
k141_611269	1093	NA	84857.28115681374	1.2880450387989315	low	13.7461268634142	35	CheckV-043491	41.3	43.04	NA	NA	0	1.0
k141_190288	3711	NA	NA	NA	NA	NA	0	NA	NA	NA	NA	NA	0	1.0
k141_92461	1079	NA	200088.32199879747	0.5392618565747604	low	11.2165417334718	14	CheckV-044645	38.4	58.73	0.5376635514018693	0.6553271028037384	2	1.0
k141_265824	5269	NA	56756.378850615925	9.283538003487022	low	11.6380162023316	376	CheckV-005346	47.5	31.93	5.20816479400749	15.641797752808985	2	1.0
k141_503583	2180	NA	56917.98254224745	3.83007250543691	low	10.5990783410138	3	CheckV-054129	45.44	88.15	3.260124094599272	5.088961262891143	3	1.0
k141_340833	1619	NA	244077.0	0.6633152652646501	low	NA	1	CheckV-000715	21.6	100.0	NA	NA	0	1.0
k141_135672	2745	NA	NA	NA	NA	NA	0	NA	NA	NA	1.5900000000000003	6.62	1	1.0
k141_233016	1419	NA	40653.65158371041	3.4904613601022296	medium	9.71165752697683	2	CheckV-044737	48.0	29.86	2.75	4.57	1	1.0
k141_448432	3801	NA	54792.931602134406	6.9370261616955275	medium	8.40200644930133	53	CheckV-000645	40.0	53.07	NA	NA	0	1.0
k141_664929	2510	NA	127940.47743372218	1.9618497994899788	low	11.9200678430089	4	CheckV-008446	32.4	100.0	NA	NA	0	1.0
k141_243502	5227	NA	75022.35944312734	6.967256213745802	low	10.6438896189225	19	CheckV-060033	52.1	28.67	5.09	13.630000000000003	1	1.0
k141_600357	2174	NA	38059.0	5.712183714758664	medium	9.52100510404397	1	CheckV-054009	46.0	55.81	2.79	7.87	1	1.0
k141_320130	4573	NA	48423.08224402304	9.443843283157497	low	19.4362889019378	4	CheckV-007936	34.0	21.06	8.031670423189153	16.960933155449503	4	1.0
k141_676180	8868	NA	52236.48720306226	16.976639270414285	low	20.6566983698812	27	CheckV-056600	34.1	15.21	4.919525729590828	23.66906750811252	3	1.0
k141_276353	7649	NA	NA	NA	NA	NA	0	NA	NA	NA	1.74	7.65	1	1.01
k141_406393	2820	NA	103702.29052296541	2.7193227707689798	high	3.42478034785727	121	CheckV-018108	75.84	62.41	2.414403048264183	7.545419136325148	2	1.0
k141_6760	1966	NA	NA	NA	NA	NA	0	NA	NA	NA	1.25	4.85	1	1.0
k141_514094	1054	NA	187306.25399839022	0.5627147932866451	low	14.602903501281	24	CheckV-062295	34.51	74.15	0.4853194533877084	0.853871360091579	3	1.0
k141_243555	1281	NA	49571.98684880847	2.5841207533338775	medium	7.75308368376917	21	CheckV-018112	57.9	35.19	0.73	4.2	1	1.0
k141_330318	2576	NA	NA	NA	NA	NA	0	NA	NA	NA	0.2	0.28	1	1.0
k141_545992	2775	NA	63301.0	4.383817001311196	medium	6.50440235702245	1	CheckV-060036	48.6	43.16	NA	NA	0	1.0
k141_535742	3021	NA	180922.95286701532	1.669771553098926	medium	9.53752329324072	10	CheckV-014992	51.67	88.67	1.3357025616737033	2.666659290048098	3	1.0
k141_340887	4490	NA	8770.0	51.19726339794755	high	3.77496440527956	1	CheckV-044210	51.73	95.53	NA	NA	0	1.0
k141_568101	7237	NA	746290.6591173346	0.9697294092571741	low	10.7959242051495	24	CheckV-001458	28.5	60.78	0.5886766304763946	4.962492024358248	3	1.0
k141_492128	17055	NA	40968.839473713335	41.629199701746316	low	23.4841469330158	45	CheckV-017973	49.2	1.88	19.8	66.41	1	1.0
k141_61079	2583	NA	NA	NA	NA	NA	0	NA	NA	NA	NA	NA	0	1.01
k141_50043	3080	NA	178531.0	1.7251905831480248	low	14.7561633975166	1	CheckV-053374	31.3	80.53	NA	NA	0	1.0
k141_125783	1215	NA	46049.30117709323	2.6384765217770334	medium	5.75210558051383	19	CheckV-015214	51.14	86.62	1.5584919653893696	3.1669592088998764	2	1.0
k141_385029	1755	NA	236900.83462688382	0.7408163009489205	low	12.3257720688713	244	CheckV-058472	33.8	63.06	NA	NA	0	1.04
k141_265927	6491	NA	52583.50318972986	12.344175656344943	low	14.0086581853272	2	CheckV-032581	29.15	37.87	8.441111142680956	11.628318606152744	4	1.0
k141_676264	2424	NA	33714.58423624814	7.189766846935764	medium	8.22784810126582	30	CheckV-018775	50.61	57.62	5.159509381514941	7.085956914523976	3	1.0
k141_6842	8343	NA	106233.0	7.853491852814098	high	3.6651377210874	1	CheckV-000545	59.15	63.0	8.902996158770806	24.769475032010238	2	1.0
k141_427918	2792	NA	NA	NA	NA	NA	0	NA	NA	NA	NA	NA	0	1.0
k141_557514	2982	NA	NA	NA	NA	NA	0	NA	NA	NA	NA	NA	0	1.0
k141_254894	2690	NA	60279.0	4.462582325519667	low	16.4303586321935	1	CheckV-061284	26.3	100.0	NA	NA	0	1.0
k141_190423	2465	NA	73636.0	3.3475473952957793	low	28.6070582969958	1	CheckV-007525	26.0	42.47	3.66	7.16	1	1.0
k141_82119	3992	NA	112643.94250661536	3.543910050702955	low	19.4362889019378	2	CheckV-014492	35.8	21.4	NA	NA	0	1.0
k141_114517	5549	NA	44306.9825988468	12.52398532809234	low	14.0086581853272	102	CheckV-020498	31.2	41.69	NA	NA	0	1.0
k141_557525	1160	NA	NA	NA	NA	NA	0	NA	NA	NA	NA	NA	0	1.0
k141_676312	4160	NA	52093.4555070615	7.9856480233608105	medium	8.16402444995913	125	CheckV-015653	52.27	44.75	5.984159050607012	9.79881939708089	3	1.0
k141_71186	8790	NA	163639.11104119231	5.371576479529593	low	13.4916850450021	10	CheckV-012028	24.8	37.96	NA	NA	0	1.0
k141_125867	3156	NA	88851.42967591781	3.5519968688307992	low	14.7561633975166	4	CheckV-000334	29.7	80.49	NA	NA	0	1.0
k141_470945	1448	NA	42873.06080462759	3.377412232353859	medium	9.12158367084226	504	CheckV-024576	43.1	69.01	1.29	4.85	1	1.0
k141_39102	3919	NA	6837.0	57.32046219101945	high	4.90644612587249	1	CheckV-003271	63.7	36.84	NA	NA	0	1.0
k141_492282	1126	NA	38356.059475999224	2.9356508864122994	medium	8.68542326048555	5	CheckV-044737	52.3	37.5	1.8346026490066225	3.6593874172185434	2	1.0
k141_114569	3203	NA	136206.82826390542	2.351570799221664	low	33.1585347120968	4	CheckV-003052	25.1	36.12	NA	NA	0	1.0
k141_546145	1126	NA	50163.33795068063	2.2446672131488854	low	10.6764514907398	10	CheckV-016853	43.0	100.0	2.02	3.09	1	1.0
k141_103955	1119	NA	119523.8886761016	0.9362145194525789	low	11.4280975286117	23	CheckV-020229	38.21	100.0	0.8325866666666666	1.6254400000000002	2	1.0
k141_243679	3851	NA	94076.58272652021	4.093473517415936	medium	8.10410146598583	5	CheckV-044818	45.02	57.92	5.76	12.63	1	1.0
k141_146426	5104	NA	45573.59359087121	11.199467932724918	low	11.9081075052972	13	CheckV-018383	55.7	20.82	6.491417043288863	16.218359270351208	3	1.0
k141_632683	4050	NA	229685.0	1.7632844983346758	low	14.6911520575663	1	CheckV-021244	32.8	33.09	NA	NA	0	1.0
k141_394849	2625	NA	12379.969044414534	21.2036071381319	low	10.586319218241	2	CheckV-044210	38.0	68.76	NA	NA	0	1.0
k141_611497	8090	NA	NA	NA	NA	NA	0	NA	NA	NA	NA	NA	0	1.0
k141_611521	5545	NA	NA	NA	NA	NA	0	NA	NA	NA	NA	NA	0	1.0
k141_61218	12374	NA	54247.89034090909	22.81010362290272	low	27.4561384438116	3	CheckV-001704	33.2	12.25	11.009640718562874	48.13904191616766	2	1.01
k141_460061	12047	NA	75917.7961672273	15.86847960320604	low	12.3818071879646	17	CheckV-059154	42.81	21.64	12.558810551365303	30.89548510556295	3	1.0
k141_104034	3643	NA	69793.76781154764	5.21966375255249	low	19.4362889019378	3	CheckV-017919	37.2	22.42	NA	NA	0	1.0
k141_546194	1708	NA	190645.3345084925	0.8959044313376131	low	12.2982618713685	34	CheckV-002553	35.66	77.08	0.6427884615384616	1.7074475524475523	2	1.0
k141_352073	3622	NA	8770.0	41.29988597491448	high	4.65404134175022	1	CheckV-044210	46.46	97.09	NA	NA	0	1.0
k141_320373	8293	NA	NA	NA	NA	NA	0	NA	NA	NA	NA	NA	0	1.0
k141_7013	4462	NA	45890.6742286204	9.723108398388288	low	10.6438896189225	1050	CheckV-036138	48.9	29.23	8.16	13.28	1	1.0
k141_29394	3359	NA	NA	NA	NA	NA	0	NA	NA	NA	0.7199999999999999	1.1	1	1.0
k141_146513	4502	NA	32752.967250290625	13.745319517455483	medium	8.56875945487214	114	CheckV-019281	26.77	84.21	12.29	15.71	1	1.0
k141_255063	2859	NA	NA	NA	NA	NA	0	NA	NA	NA	NA	NA	0	1.0
k141_514312	3469	NA	143855.0	2.411455979979841	low	12.9948120840075	1	CheckV-044766	52.1	18.49	4.32	8.95	1	1.0
k141_82273	3499	NA	46474.0	7.5289409131987775	high	4.50257385887133	1	CheckV-059090	68.53	45.4	NA	NA	0	1.0
k141_665257	2804	NA	NA	NA	NA	NA	0	NA	NA	NA	NA	NA	0	1.0
k141_341139	3300	NA	306988.17034876056	1.074959988279341	low	28.6070582969958	4	CheckV-046719	26.0	41.15	NA	NA	0	1.0
k141_7060	2946	NA	44011.94449823774	6.69363745134678	low	14.7807123818755	2	CheckV-000338	35.8	44.1	3.06	8.78	1	1.0
k141_320418	12119	NA	149765.2005540363	8.091999980748119	low	20.6566983698812	40	CheckV-041754	33.4	14.9	NA	NA	0	1.0
k141_492363	3326	NA	NA	NA	NA	NA	0	NA	NA	NA	NA	NA	0	1.0
k141_330613	2500	NA	NA	NA	NA	NA	0	NA	NA	NA	NA	NA	0	1.0
k141_114692	15986	NA	95744.33125822012	16.69654985305203	low	23.4841469330158	29	CheckV-016498	49.4	2.48	11.27	39.28	1	1.0
k141_168781	3525	NA	NA	NA	NA	NA	0	NA	NA	NA	NA	NA	0	1.0
k141_18081	3004	NA	NA	NA	NA	NA	0	NA	NA	NA	NA	NA	0	1.0
k141_385369	1244	NA	43443.0	2.8635223165987616	low	11.0823071937784	1	CheckV-032923	41.15	70.5	2.113247933045232	4.318368948667128	3	1.0
k141_589574	3605	NA	NA	NA	NA	NA	0	NA	NA	NA	NA	NA	0	1.0
k141_287390	4904	NA	NA	NA	NA	NA	0	NA	NA	NA	NA	NA	0	1.0
k141_439093	2888	NA	91884.11441199506	3.1430895519661064	low	15.1381313075547	13	CheckV-002484	34.7	38.31	NA	NA	0	1.0
k141_676539	2309	NA	44261.32155688623	5.216744369081685	low	10.586319218241	4	CheckV-059090	41.1	70.44	2.05	7.73	1	1.0
k141_568471	1358	NA	48353.295294158146	2.808495246784283	low	12.2511878772313	6	CheckV-015508	36.9	30.4	NA	NA	0	1.0
k141_622008	4184	NA	NA	NA	NA	NA	0	NA	NA	NA	NA	NA	0	1.0
k141_600839	2601	NA	NA	NA	NA	NA	0	NA	NA	NA	NA	NA	0	1.04
k141_243912	2584	NA	5951.377515396796	43.41851938168834	low	13.5571486856677	22	CheckV-018507	36.8	57.22	24.09	58.70000000000001	1	1.0
k141_611720	1110	NA	NA	NA	NA	NA	0	NA	NA	NA	NA	NA	0	1.0
k141_201196	3672	NA	56697.99245472836	6.476419783173067	low	22.9181591811457	2	CheckV-000251	51.6	8.33	NA	NA	0	1.0
k141_374600	1171	NA	50258.73474284858	2.3299432546232652	medium	7.29637658717869	171	CheckV-044637	52.4	100.0	1.75	3.84	1	1.0
k141_622058	3023	NA	49493.06587389566	6.107926325886458	low	16.0809671071127	4	CheckV-018399	51.2	11.44	NA	NA	0	1.0
k141_126144	6011	NA	NA	NA	NA	NA	0	NA	NA	NA	NA	NA	0	1.0
k141_50422	2734	NA	68975.88481675393	3.963704136979659	medium	8.41622724100411	2	CheckV-017267	48.0	28.09	NA	NA	0	1.0
k141_287458	1559	NA	46212.87601234883	3.3735186695227752	high	3.96835057821059	21	CheckV-018106	57.93	83.88	2.216027554535017	3.9779908151549948	2	1.0
k141_395084	1004	NA	38084.75053378862	2.6362257489628447	low	11.4280670985553	15	CheckV-011593	41.21	81.01	1.1399214659685866	3.4337565445026184	2	1.0
k141_71422	5791	NA	60758.881326310744	9.53111688956046	medium	9.04973946797384	2	CheckV-004526	34.46	47.1	5.692652248150256	28.77509960159362	2	1.0
k141_524986	5924	NA	52255.58295987985	11.336587718384571	medium	6.78473434771764	57	CheckV-002058	33.32	64.67	10.27577727372503	16.405615424014048	3	1.0
k141_622077	11104	NA	127814.82839276988	8.687567897738633	low	22.555739773824	12	CheckV-013377	28.34	18.79	0.8900000000000001	3.07	1	1.0
k141_363248	6191	NA	90000.0	6.878888888888889	low	16.7746825248758	1	CheckV-049710	33.5	25.05	NA	NA	0	1.01
k141_492550	3929	2609	57359.13620713062	4.548534326909304	low	22.1130987526063	160	CheckV-035334	45.8	15.6	2.32	8.16	1	1.0
k141_471246	1821	NA	55841.2465046895	3.2610303565610304	high	4.70588235294118	3	CheckV-052246	61.2	67.32	1.68	4.97	1	1.0
k141_514533	1181	NA	58163.18661935416	2.030493975044715	medium	5.99083426346975	53	CheckV-044637	53.2	100.0	1.77	3.8700000000000006	1	1.0
k141_655038	1516	NA	52865.151280038655	2.8676736248599863	high	1.52060170045782	104	CheckV-003762	80.81	100.0	NA	NA	0	1.0
k141_632972	1376	NA	NA	NA	NA	NA	0	NA	NA	NA	NA	NA	0	1.0
k141_557869	1623	NA	54746.840736303784	2.96455462666315	low	12.9831144465291	76	CheckV-012075	36.0	58.98	NA	NA	0	1.0
k141_632989	2530	NA	NA	NA	NA	NA	0	NA	NA	NA	NA	NA	0	1.0
k141_114870	1996	NA	NA	NA	NA	NA	0	NA	NA	NA	NA	NA	0	1.0
k141_363318	1268	NA	36603.0	3.4641969237494195	high	2.90887460477086	1	CheckV-060046	76.19	100.0	1.9	4.16	1	1.0
k141_579572	11654	NA	337038.6323487238	3.457763853000078	low	27.4561384438116	2	CheckV-001900	34.4	9.12	1.8849127921421827	21.803224334177074	3	1.0
k141_320662	1264	NA	52224.9755859332	2.4202979241611335	low	11.4280975286117	172	CheckV-056181	39.4	100.0	1.99	3.1399999999999997	1	1.0
k141_7313	4876	NA	49006.34197884301	9.949732632778558	low	26.2236590521136	68	CheckV-024579	25.8	31.58	NA	NA	0	1.0
k141_632995	6873	NA	NA	NA	NA	NA	0	NA	NA	NA	NA	NA	0	1.0
k141_126243	3207	NA	NA	NA	NA	NA	0	NA	NA	NA	NA	NA	0	1.01
k141_255288	9503	NA	NA	NA	NA	NA	0	NA	NA	NA	NA	NA	0	1.0
k141_460413	9395	NA	36386.0	25.82037047215962	high	2.5380130330399	1	CheckV-018108	74.92	64.71	8.350712522787799	29.87278433436006	6	1.0
k141_482298	3015	NA	NA	NA	NA	NA	0	NA	NA	NA	NA	NA	0	1.0
k141_298374	1222	NA	47845.42392959708	2.5540582560165666	medium	9.83914388195859	20	CheckV-061142	47.2	52.7	1.8	3.9799999999999995	1	1.0
k141_536265	2652	NA	NA	NA	NA	NA	0	NA	NA	NA	NA	NA	0	1.0
k141_611879	2564	NA	121905.11720960311	2.1032751197732495	low	19.4474773902474	2	CheckV-044818	33.7	25.73	NA	NA	0	1.0
k141_374739	3998	NA	340335.0	1.174724903403999	low	23.0547056367741	1	CheckV-002229	29.8	23.48	NA	NA	0	1.0
k141_136199	2010	NA	274004.2671621762	0.733565218095794	medium	9.39265536723164	110	CheckV-039953	46.3	59.62	0.5647619047619048	0.8156862745098039	2	1.0
k141_233557	3423	NA	NA	NA	NA	NA	0	NA	NA	NA	NA	NA	0	1.0
k141_644261	2704	NA	38336.65294719264	7.053302237221029	high	3.59564862876121	6	CheckV-044817	65.7	75.94	2.63	7.05	1	1.0
k141_320725	6568	NA	NA	NA	NA	NA	0	NA	NA	NA	1.03	3.83	1	1.0
k141_546551	2709	NA	36758.21328839673	7.369781492766776	low	10.8990753492032	3	CheckV-044817	46.3	80.11	NA	NA	0	1.0
k141_460445	19657	NA	101582.93902530741	19.350690370459592	low	18.5642512859947	45	CheckV-002964	41.4	10.01	5.60604352900859	25.64027075695861	3	1.0
k141_568694	7507	NA	66932.70900463384	11.215742066379354	low	17.48999801379	19	CheckV-052246	52.6	8.23	NA	NA	0	1.0
k141_589841	1612	NA	93779.68662544436	1.7189223572886532	high	4.45453017313834	93	CheckV-040761	59.0	100.0	0.87	2.18	1	1.0
k141_126357	3569	NA	NA	NA	NA	NA	0	NA	NA	NA	NA	NA	0	1.0
k141_395261	2903	NA	136534.6864100166	2.126199631998442	low	11.9200678430089	145	CheckV-051943	32.46	100.0	NA	NA	0	1.0
k141_601100	4964	NA	66376.21469701634	7.478582535414053	low	15.8221246969266	32	CheckV-026422	56.0	14.25	7.58	14.880000000000003	1	1.0
k141_385710	4784	2752	80939.61706964248	3.400065505168019	low	26.9656238848579	2	CheckV-000545	41.9	8.37	1.9122536418166236	8.670514138817481	2	1.0
k141_676861	4022	NA	71560.34173966653	5.6204315158693126	medium	5.63060811237177	2	CheckV-060038	35.6	85.16	NA	NA	0	1.0
k141_525176	6160	NA	148311.41052052495	4.153422840751361	low	13.9757982883961	145	CheckV-056690	40.9	31.5	2.8	8.1	1	1.0
k141_330974	2872	NA	NA	NA	NA	NA	0	NA	NA	NA	NA	NA	0	1.0
k141_266449	2882	NA	NA	NA	NA	NA	0	NA	NA	NA	NA	NA	0	1.0
k141_492715	2637	NA	NA	NA	NA	NA	0	NA	NA	NA	NA	NA	0	1.0
k141_146937	5452	NA	57051.00857032076	9.556360416100086	low	10.0351978014638	3	CheckV-054129	42.18	42.61	6.8233574773401005	8.617424765719683	3	1.0
k141_61662	1466	NA	112797.40888476883	1.29967524475463	low	13.1305637982196	18	CheckV-032913	41.0	28.3	NA	NA	0	1.0
k141_601168	1486	NA	35270.0	4.21321236178055	medium	6.8503937007874	1	CheckV-060045	58.72	77.76	2.6072507552870094	4.542839879154078	2	1.0
k141_39549	4563	NA	87503.50531136073	5.21464824039178	low	22.9181591811457	18	CheckV-041356	47.9	9.94	NA	NA	0	1.0
k141_93216	2659	NA	203380.67239182623	1.3074005355225014	low	12.2982618713685	71	CheckV-000283	36.4	76.44	NA	NA	0	1.0
k141_7484	3724	NA	38581.32240194576	9.652338925044695	medium	5.8050418842338	6	CheckV-044817	50.31	79.55	3.63	9.71	1	1.0
k141_395322	1006	NA	NA	NA	NA	NA	0	NA	NA	NA	NA	NA	0	1.0
k141_655288	4257	NA	58224.057806602454	7.311410712973817	low	10.3161857728861	129	CheckV-041421	27.7	42.97	3.7799999999999994	13.319999999999999	1	1.0
k141_352528	1517	NA	483103.0446365971	0.31401168277486796	medium	5.80669068180352	88	CheckV-000366	53.5	63.68	0.12	1.39	1	1.0
k141_525274	5123	NA	181216.44573556245	2.8270061137142406	low	25.0788091068301	20	CheckV-059090	31.5	11.96	NA	NA	0	1.0
k141_449099	3771	NA	NA	NA	NA	NA	0	NA	NA	NA	NA	NA	0	1.0
k141_320864	1634	NA	36797.04895442558	4.440573487357003	low	10.8990753492032	3	CheckV-060046	43.6	79.14	2.1	5.92	1	1.0
k141_546653	7410	NA	NA	NA	NA	NA	0	NA	NA	NA	3.15	4.13	1	1.0
k141_71726	1159	NA	102530.28118811881	1.1303977581740063	low	13.9604954804151	3	CheckV-044818	36.6	89.93	NA	NA	0	1.0
k141_644461	1753	NA	42151.078696592805	4.158849676465575	low	10.8990753492032	468	CheckV-061469	43.22	78.8	2.62	5.75	1	1.0
k141_224647	3802	NA	95615.55095997285	3.9763406285151417	high	4.80727376725394	135	CheckV-044766	54.2	65.22	5.75	9.99	1	1.0
k141_169240	2699	NA	45438.42049296928	5.9399071770499114	low	12.9831144465291	31	CheckV-031556	32.6	57.6	4.893693086003373	8.038279932546375	2	1.0
k141_579787	3234	NA	75981.65960838455	4.256290289878229	low	10.0451710045171	11	CheckV-002409	42.4	73.49	NA	NA	0	1.0
k141_255496	5270	NA	NA	NA	NA	NA	0	NA	NA	NA	NA	NA	0	1.0
k141_309469	10534	NA	183628.55946865957	5.73658042653102	medium	8.47654632777342	204	CheckV-023449	42.56	34.16	NA	NA	0	1.0
k141_482526	2722	NA	77557.36153807951	3.509660393312295	medium	7.56667930805488	2	CheckV-060042	44.7	100.0	NA	NA	0	1.0
k141_601290	2901	NA	NA	NA	NA	NA	0	NA	NA	NA	NA	NA	0	1.0
k141_180567	1027	NA	NA	NA	NA	NA	0	NA	NA	NA	NA	NA	0	1.0
k141_169286	1510	NA	63693.35105741628	2.3707341110672804	low	10.0451710045171	410	CheckV-017329	42.1	74.73	1.38	4.69	1	1.0
k141_266616	5474	NA	6350.011938062399	86.20456234402451	medium	5.34578042222887	191	CheckV-009874	39.3	81.28	51.03	100.0	1	1.0
k141_212379	4929	NA	55033.17766834177	8.956415400369371	low	12.4955291822468	26	CheckV-018399	37.1	38.96	NA	NA	0	1.0
k141_158581	1196	NA	38975.32306811052	3.0686083035410765	low	14.4123550401427	13	CheckV-024576	36.2	55.9	1.06	4.01	1	1.0
k141_590020	1070	NA	36855.63794683776	2.903219316250654	low	14.602903501281	4	CheckV-060045	36.7	73.45	0.9499999999999998	3.5800000000000005	1	1.0
k141_460687	2513	NA	NA	NA	NA	NA	0	NA	NA	NA	1.38	2.77	1	1.0
k141_212400	3233	NA	78413.06764883352	4.123037265266454	low	18.8068221050936	128	CheckV-020987	41.0	24.58	NA	NA	0	1.0
k141_201638	2966	NA	39239.98529206879	7.558616492650647	medium	5.80669068180352	6	CheckV-032581	54.5	66.91	NA	NA	0	1.0
k141_492872	2655	NA	NA	NA	NA	NA	0	NA	NA	NA	NA	NA	0	1.0
k141_331168	4376	NA	30080.19570582428	14.547777689999194	low	18.451911776551	3	CheckV-044753	50.0	13.23	NA	NA	0	1.0
k141_568950	2228	NA	47056.432	4.734740619518284	low	18.9139941690962	2	CheckV-002350	32.1	21.61	2.2284099378881987	7.699416149068323	2	1.0
k141_104624	3496	NA	66920.0	5.224148236700538	low	29.3640478385857	1	CheckV-001702	26.0	18.62	NA	NA	0	1.0
k141_277207	10652	NA	1149526.639601052	0.9266422919695728	low	28.292853557284	15	CheckV-049876	26.1	20.88	1.105727916949977	6.222559006893686	5	1.01
k141_504456	2518	NA	NA	NA	NA	NA	0	NA	NA	NA	NA	NA	0	1.0
k141_428568	2625	NA	NA	NA	NA	NA	0	NA	NA	NA	NA	NA	0	1.0
k141_644533	3471	NA	158184.71747241792	2.1942701263826105	low	14.7807123818755	151	CheckV-019835	35.5	45.22	NA	NA	0	1.0
k141_341811	1021	NA	52299.89318204538	1.95220283996777	medium	7.28226900171001	3	CheckV-060046	52.9	46.63	1.19	3.9799999999999995	1	1.0
k141_50803	5403	NA	452758.5317771305	1.193351338690977	medium	8.82865440464666	86	CheckV-054001	31.48	76.54	0.5461527306626615	2.3027495662532047	3	1.0
k141_212485	2238	NA	38454.868482687314	5.819809268123138	low	18.8068221050936	5	CheckV-044817	40.7	22.75	2.6	8.71	1	1.0
k141_525458	4727	NA	143855.0	3.2859476556254563	medium	6.04248823304923	1	CheckV-044766	44.89	71.23	2.81	11.01	1	1.0
k141_30069	13061	4482	657526.2288373936	0.6816458117457699	low	11.1417515456122	59	CheckV-056621	60.9	15.68	0.36	2.25	1	1.0
k141_665967	3030	NA	74842.28005462547	4.048513751569942	low	16.7547169811321	304	CheckV-044766	32.9	28.59	NA	NA	0	1.0
k141_569025	3118	NA	NA	NA	NA	NA	0	NA	NA	NA	NA	NA	0	1.0
k141_212498	2579	NA	NA	NA	NA	NA	0	NA	NA	NA	NA	NA	0	1.0
k141_158662	4898	NA	52435.9118716896	9.340926523763676	low	10.2654867256637	4	CheckV-032419	51.1	41.5	NA	NA	0	1.0
k141_255626	4918	NA	55033.71066943934	8.936340908466136	low	23.3177068073054	3	CheckV-002697	30.9	21.64	NA	NA	0	1.0
k141_180721	2418	NA	36317.735059872444	6.657904178258225	high	4.72049567240535	54	CheckV-018108	54.87	94.7	4.48	7.27	1	1.0
k141_331235	3109	NA	44401.85277463194	7.001960066351694	low	15.5486016037551	2	CheckV-059090	43.5	23.84	NA	NA	0	1.0
k141_39751	4944	NA	151015.2237610679	3.2738421179458435	medium	5.64074565166524	5	CheckV-051428	43.64	72.89	2.32	6.72	1	1.0
k141_633353	2872	NA	11829.122405827746	24.279062313067943	medium	8.47685945009496	2	CheckV-044210	42.28	100.0	NA	NA	0	1.0
k141_136511	6585	NA	66920.0	9.840107591153616	low	23.0547056367741	1	CheckV-001702	30.8	22.7	8.6	8.96	1	1.0
k141_428627	3302	NA	NA	NA	NA	NA	0	NA	NA	NA	3.66	9.43	1	1.0
k141_50831	1104	NA	NA	NA	NA	NA	0	NA	NA	NA	1.86	3.08	1	1.0
k141_30150	2779	NA	NA	NA	NA	NA	0	NA	NA	NA	NA	NA	0	1.0
k141_298811	17124	NA	56921.30863230455	30.083637237886016	low	16.7308326916731	23	CheckV-013796	30.55	17.03	27.96	55.9	1	1.0
k141_298817	9277	NA	71985.73224590087	12.887276006737107	low	17.7188662440404	19	CheckV-018292	30.1	25.53	9.04	24.18	1	1.0
k141_50873	2494	NA	368051.413613967	0.6776227200191784	medium	7.56667930805488	23	CheckV-062254	47.4	100.0	0.8340147867700183	2.0624445156134716	4	1.0
k141_460836	2858	NA	NA	NA	NA	NA	0	NA	NA	NA	NA	NA	0	1.0
k141_18728	1530	NA	51830.32800041964	2.9519396442708454	low	12.3257720688713	2	CheckV-000336	33.0	64.5	2.6421804511278193	3.7883458646616543	2	1.0
k141_158720	1613	NA	NA	NA	NA	NA	0	NA	NA	NA	NA	NA	0	1.0
k141_7900	1011	NA	103257.0	0.9791103750835295	low	20.4534537419541	1	CheckV-044786	31.4	93.77	1.3	3.66	1	1.0
k141_449321	4719	NA	51263.0	9.205469832042604	medium	9.60676095205243	1	CheckV-000338	55.61	26.82	NA	NA	0	1.0
k141_666102	1863	NA	NA	NA	NA	NA	0	NA	NA	NA	NA	NA	0	1.0
k141_147293	2579	NA	41149.16229893592	6.2674422902327	low	23.2068893916046	8	CheckV-037675	25.4	67.6	NA	NA	0	1.0
k141_633468	3437	NA	NA	NA	NA	NA	0	NA	NA	NA	6.62	11.04	1	1.0
k141_266834	3958	NA	265748.0	1.4893809172599606	low	22.1130987526063	1	CheckV-003296	45.7	14.16	NA	NA	0	1.0
k141_536742	1624	NA	NA	NA	NA	NA	0	NA	NA	NA	NA	NA	0	1.0
k141_546970	1245	NA	60754.88153581008	2.0492180521596004	low	28.2796463774007	6	CheckV-040031	27.4	100.0	NA	NA	0	1.0
k141_375311	8811	NA	147273.48068726083	5.982747171373232	high	3.31887596654067	75	CheckV-000545	82.41	38.52	NA	NA	0	1.0
k141_386143	7604	NA	58412.22125470997	13.017823730486647	medium	8.0540426260206	26	CheckV-018775	39.55	69.74	11.56	22.86	1	1.0
k141_126864	1531	NA	NA	NA	NA	NA	0	NA	NA	NA	2.27	4.45	1	1.0
k141_546988	2823	NA	68259.0	4.1357183668087725	low	28.6070582969958	1	CheckV-008999	24.7	38.96	NA	NA	0	1.0
k141_341969	1104	NA	NA	NA	NA	NA	0	NA	NA	NA	NA	NA	0	1.0
k141_407613	2675	NA	NA	NA	NA	NA	0	NA	NA	NA	NA	NA	0	1.0
k141_277437	1604	NA	45720.375198580754	3.5082826705450816	high	4.08059193313848	75	CheckV-047960	59.9	74.48	2.71	4.45	1	1.0
k141_309844	3603	NA	46548.79840069566	7.740264246963148	medium	9.04973946797384	88	CheckV-020926	36.94	43.45	NA	NA	0	1.0
k141_590299	5694	NA	NA	NA	NA	NA	0	NA	NA	NA	NA	NA	0	1.0
k141_386197	2826	NA	12510.891229062123	22.588318835634627	low	12.3257720688713	2	CheckV-054117	36.3	63.11	NA	NA	0	1.0
k141_536819	1779	NA	39784.0	4.471646893223406	low	14.1004862236629	1	CheckV-044789	64.1	8.1	1.3814882032667875	7.380871143375681	2	1.0
k141_460935	3031	NA	106797.73465071061	2.83807518007109	medium	6.29534285045635	18	CheckV-044786	56.9	56.84	NA	NA	0	1.0
k141_580194	5376	NA	44127.247332222694	12.18294891481782	medium	9.41844440769528	60	CheckV-025187	29.7	63.97	NA	NA	0	1.0
k141_428819	2892	NA	161714.22805704852	1.7883398602253964	low	10.5427046263345	101	CheckV-058472	46.3	68.17	NA	NA	0	1.0
k141_386232	6608	4274	41509.58001655255	10.29641831667697	low	25.0788091068301	2	CheckV-012919	31.7	10.9	1.7099999999999997	3.1400000000000006	1	1.0
k141_147418	3253	NA	NA	NA	NA	NA	0	NA	NA	NA	NA	NA	0	1.0
k141_212746	2465	NA	31964.952868719596	7.711570888666038	low	10.9970674486804	57	CheckV-011840	42.2	47.26	3.2259946949602116	6.044350132625994	2	1.0
k141_493204	1031	NA	NA	NA	NA	NA	0	NA	NA	NA	NA	NA	0	1.0
k141_191572	5972	NA	NA	NA	NA	NA	0	NA	NA	NA	NA	NA	0	1.0
k141_201968	6174	NA	91806.68085909272	6.725000775788873	low	15.2023692003949	5	CheckV-005187	27.3	45.21	3.290893442622951	13.87994262295082	2	1.0
k141_93801	4369	NA	66920.0	6.528690974297668	low	24.9335613192971	1	CheckV-001702	26.6	15.1	6.54	14.330000000000002	1	1.0
k141_363991	1730	NA	37985.92712309329	4.554318219992209	medium	8.74144713788569	3	CheckV-060046	51.7	75.39	1.54	5.79	1	1.0
k141_234235	2056	NA	36021.38326475124	5.707720841503333	high	2.27923627684964	161	CheckV-018108	75.6	95.46	2.6899999999999995	5.74	1	1.0
k141_622827	2739	NA	NA	NA	NA	NA	0	NA	NA	NA	NA	NA	0	1.0
k141_428909	1806	NA	38837.231952014976	4.650176928755861	low	15.1381313075547	36	CheckV-010290	34.6	39.23	1.61	6.05	1	1.0
k141_62171	1947	NA	60838.41708466834	3.2002805025159935	low	21.1660950514454	20	CheckV-058161	29.5	44.98	NA	NA	0	1.0
k141_40054	3028	NA	114060.87583323233	2.654722732821392	low	10.8990753492032	4	CheckV-010889	47.01	78.96	NA	NA	0	1.0
k141_612661	2626	NA	38382.66586325453	6.841630045593027	medium	7.59381898454746	2	CheckV-018098	59.34	29.56	4.695917613334748	7.26447881940758	3	1.0
k141_687472	3021	NA	113209.29178267876	2.668508876284852	low	15.1659419618674	10	CheckV-000251	54.0	10.57	NA	NA	0	1.0
k141_428951	4104	NA	NA	NA	NA	NA	0	NA	NA	NA	NA	NA	0	1.0
k141_62219	7312	NA	145895.1791406961	5.011817417865856	high	2.60922330097087	78	CheckV-000545	83.11	53.74	NA	NA	0	1.0
k141_440009	3510	NA	184940.80915736535	1.8979045328029012	medium	6.64055213579556	38	CheckV-061306	44.69	62.64	1.8300000000000003	4.51	1	1.0
k141_655938	6942	NA	123472.62320177606	5.622298951772934	medium	7.70338372930166	65	CheckV-049858	48.03	61.29	5.45684692535259	13.4438491794079	4	1.0
k141_493285	1662	NA	103199.04805273321	1.610479971821777	medium	6.3231850117096	4	CheckV-000545	55.9	59.93	0.99	4.42	1	1.0
k141_267098	2597	NA	102556.53006639269	2.532261961592073	low	10.513691784929	3	CheckV-044818	46.1	75.58	1.93	7.62	1	1.0
k141_191692	3456	NA	102637.10677886399	3.3672032547118644	medium	8.47685945009496	40	CheckV-044786	41.0	100.0	NA	NA	0	1.0
k141_633765	1319	NA	38105.4865248227	3.461443797970605	medium	8.38252894195698	14	CheckV-018775	49.7	44.93	2.65	4.0	1	1.0
k141_169905	11238	NA	55957.00000000001	20.083278231499186	low	26.2150433075829	1	CheckV-014670	38.6	2.66	17.72	33.96	1	1.0
k141_472026	2679	NA	79583.67406663633	3.366268309951162	medium	6.3231850117096	65	CheckV-002728	53.7	61.42	2.057931034482759	8.059540229885059	2	1.0
k141_159012	8766	NA	98003.15624999999	8.944609883418934	low	13.4916850450021	2	CheckV-002669	27.2	37.63	NA	NA	0	1.0
k141_612716	5855	NA	357932.59553261	1.6357828465685436	low	16.7746825248758	12	CheckV-000366	36.63	24.43	0.47190777576853526	1.9783092224231464	2	1.0
k141_181110	5775	NA	NA	NA	NA	NA	0	NA	NA	NA	0.29	1.67	1	1.0
k141_364081	5140	NA	NA	NA	NA	NA	0	NA	NA	NA	2.82	5.67	1	1.0
k141_645008	4135	NA	134000.20535790222	3.0858161664422794	low	13.9757982883961	4	CheckV-051428	42.31	32.09	1.859142857142857	4.731510204081633	2	1.0
k141_19019	5939	NA	60481.30121390851	9.819563866516557	low	23.3177068073054	8	CheckV-001017	29.4	20.33	7.856370757180158	14.622637075718018	2	1.0
k141_169929	3489	NA	129841.58694853561	2.6871205766938986	low	11.2581598019399	125	CheckV-013800	55.8	19.9	1.42	7.19	1	1.02
k141_277647	3091	NA	136146.22142330385	2.2703531303961113	low	12.9948120840075	14	CheckV-044766	50.7	21.49	3.231395101171459	9.076187433439829	2	1.0
k141_288260	2761	NA	NA	NA	NA	NA	0	NA	NA	NA	NA	NA	0	1.0
k141_105123	2063	NA	143855.0	1.434082930728859	low	10.0451710045171	1	CheckV-044766	41.17	73.34	2.14	6.15	1	1.0
k141_590514	1963	NA	61262.16363636365	3.204261624927027	low	16.0955816050496	6	CheckV-039629	44.2	21.7	3.1	5.93	1	1.0
k141_277676	2476	NA	102490.90379477353	2.4158241447045	medium	5.86385453857612	3	CheckV-044818	49.71	100.0	3.7	8.12	1	1.0
k141_417974	1287	NA	36907.97803500069	3.4870509535350545	high	3.42744338112238	3	CheckV-060046	69.08	50.12	1.49	5.01	1	1.0
k141_440166	2719	NA	NA	NA	NA	NA	0	NA	NA	NA	NA	NA	0	1.0
k141_136931	6009	5100	NA	NA	NA	NA	0	NA	NA	NA	0.42	4.43	1	1.0
k141_612822	2979	NA	77554.64677265393	3.8411624886033353	low	20.2028081123245	36	CheckV-014012	30.3	50.68	NA	NA	0	1.0
k141_191838	2665	NA	NA	NA	NA	NA	0	NA	NA	NA	NA	NA	0	1.0
k141_396019	3595	NA	NA	NA	NA	NA	0	NA	NA	NA	2.95	20.49	1	1.0
k141_202219	5963	NA	16159.0	36.90203601708026	low	19.4362889019378	1	CheckV-054117	36.6	21.12	NA	NA	0	1.0
k141_321522	3330	NA	NA	NA	NA	NA	0	NA	NA	NA	NA	NA	0	1.0
k141_515484	1999	NA	73810.75552530502	2.7082773855561872	medium	9.69093101478708	258	CheckV-000652	44.5	49.67	NA	NA	0	1.0
k141_136965	2758	NA	NA	NA	NA	NA	0	NA	NA	NA	NA	NA	0	1.0
k141_461202	5986	NA	77299.16358590573	7.743938902194605	low	16.0458909824481	8	CheckV-044735	34.0	28.11	NA	NA	0	1.0
k141_288385	3052	NA	88088.03366926072	3.464715776786636	low	11.7003954408002	4	CheckV-030959	29.1	90.53	NA	NA	0	1.0
k141_602045	1446	NA	NA	NA	NA	NA	0	NA	NA	NA	NA	NA	0	1.0
k141_677817	7946	NA	89200.51663684945	8.90802015457996	medium	5.93639422692371	240	CheckV-044818	53.6	36.75	NA	NA	0	1.0
k141_407993	5678	4430	169648.13822327743	2.6112871301714997	medium	7.70338372930166	137	CheckV-000133	48.41	59.82	1.8000000000000003	9.12	1	1.0
k141_505075	1012	NA	42810.0	2.363933660359729	medium	7.75308368376917	1	CheckV-032581	59.0	36.29	0.93	2.76	1	1.0
k141_62381	12420	NA	74261.89121503156	16.724594266037265	medium	8.09239400932085	20	CheckV-060044	48.56	52.7	13.81676387079036	27.821720891602634	4	1.0
k141_105284	3874	NA	95741.58259585463	4.046308714524773	low	10.7645695954375	64	CheckV-018806	47.4	37.72	4.07	10.09	1	1.01
k141_602086	1451	NA	34328.001079955124	4.226870060451236	medium	7.15726505784103	157	CheckV-018775	54.9	77.68	3.06	4.21	1	1.0
k141_493499	1660	NA	39172.33141074434	4.237684968489491	high	3.42478034785727	5	CheckV-044737	77.3	58.68	1.48	5.56	1	1.0
k141_569644	5603	NA	NA	NA	NA	NA	0	NA	NA	NA	NA	NA	0	1.0
k141_602101	2728	NA	NA	NA	NA	NA	0	NA	NA	NA	0.13	0.44000000000000006	1	1.08
k141_558913	3772	NA	NA	NA	NA	NA	0	NA	NA	NA	NA	NA	0	1.0
k141_483227	11782	NA	174239.71237316797	6.761948719684852	low	26.9204150716114	15	CheckV-045085	40.6	8.75	4.72	8.66	1	1.0
k141_225542	1004	NA	NA	NA	NA	NA	0	NA	NA	NA	NA	NA	0	1.01
k141_8357	9371	NA	389809.63344988355	2.4039939488065003	low	11.8293142109682	12	CheckV-050294	29.9	38.07	0.9576584570485112	9.093290510868897	3	1.0
k141_202343	4863	NA	NA	NA	NA	NA	0	NA	NA	NA	NA	NA	0	1.01
k141_137061	2561	NA	NA	NA	NA	NA	0	NA	NA	NA	NA	NA	0	1.0
k141_8359	3331	NA	NA	NA	NA	NA	0	NA	NA	NA	NA	NA	0	1.0
k141_8371	2622	NA	74808.32807552982	3.5049573589623764	low	18.4248232254532	8	CheckV-018292	31.9	63.91	2.42	7.150000000000001	1	1.0
k141_623117	1618	NA	65434.0	2.4727206039673564	low	21.9381688466112	1	CheckV-028452	28.8	23.77	NA	NA	0	1.0
k141_321669	3380	NA	NA	NA	NA	NA	0	NA	NA	NA	NA	NA	0	1.0
k141_461321	7528	NA	195651.49309565983	3.8476578332675118	high	4.24175920436021	14	CheckV-018806	57.99	79.86	6.29714503068899	12.529557271705615	3	1.0
k141_440333	1926	NA	38462.49746775689	5.007475142805185	medium	9.38815150534153	94	CheckV-001309	43.4	36.06	3.0435483870967746	6.4379838709677415	2	1.0
k141_429302	2244	NA	58862.3453966119	3.812284381262803	high	4.04716205100082	142	CheckV-005709	74.3	46.84	3.85	6.88	1	1.0
k141_558960	4715	NA	NA	NA	NA	NA	0	NA	NA	NA	NA	NA	0	1.0
k141_687722	3473	NA	6909.0	50.26776668114054	low	10.9454880691546	1	CheckV-003275	40.9	86.62	NA	NA	0	1.0
k141_449762	7911	NA	103487.97970688278	7.644366063002634	medium	7.17902053223105	3	CheckV-000545	51.69	51.11	5.957411764705881	22.78539037433155	2	1.0
k141_83621	2738	NA	90500.94238346729	3.0253828610962374	high	4.50195005338972	60	CheckV-044818	54.3	100.0	NA	NA	0	1.0
k141_526117	7851	NA	183795.3117635391	4.271599707668639	medium	7.69849888214628	3	CheckV-039937	51.97	85.56	3.7173214424195424	7.202626109671232	3	1.0
k141_396191	3838	NA	34855.0	11.011332663893272	low	13.5912336222927	1	CheckV-006170	24.7	48.84	0.8	2.31	1	1.0
k141_396195	4692	1823	135689.76638822618	1.3435058873814834	low	18.4087537011378	58	CheckV-019287	70.0	12.15	0.09	0.53	1	1.0
k141_590771	3887	NA	134333.33912740365	2.893548262292143	low	16.0736975857687	133	CheckV-009555	44.8	18.72	NA	NA	0	1.0
k141_602260	3117	NA	NA	NA	NA	NA	0	NA	NA	NA	NA	NA	0	1.0
k141_580636	1310	NA	175173.70558417705	0.7478291308797481	low	15.1046859421735	14	CheckV-048943	37.1	82.48	0.57	0.78	1	1.0
k141_623200	7241	NA	59723.44455252918	12.124216970826671	low	18.451911776551	6	CheckV-018399	51.1	13.62	NA	NA	0	1.0
k141_666736	1547	NA	38077.80829548376	4.062733831724981	medium	8.74144713788569	4	CheckV-060046	49.9	73.0	2.138055172413793	3.841213793103449	2	1.0
k141_418213	3205	NA	133089.92623419574	2.408146199104675	low	11.8649517684887	10	CheckV-018806	34.68	71.63	1.375224820143885	8.452580935251799	2	1.0
k141_569784	7997	NA	66265.30979909192	12.068154550617658	low	26.9204150716114	54	CheckV-031667	39.1	7.66	7.1	25.02	1	1.0
k141_192084	1014	NA	NA	NA	NA	NA	0	NA	NA	NA	0.38999999999999996	1.2	1	1.0
k141_288555	5998	NA	26390.0	22.728306176582038	low	15.2023692003949	1	CheckV-002763	23.1	44.64	1.29	13.07	1	1.01
k141_408144	3031	NA	33933.0	8.932307782984116	low	19.7445197918309	1	CheckV-030881	38.4	22.01	NA	NA	0	1.0
k141_526162	3101	NA	NA	NA	NA	NA	0	NA	NA	NA	NA	NA	0	1.0
k141_72555	1219	NA	NA	NA	NA	NA	0	NA	NA	NA	NA	NA	0	1.0
k141_288588	2544	NA	124302.03156130914	2.0466278531781117	low	12.1929432782492	74	CheckV-044766	39.8	34.46	NA	NA	0	1.0
k141_440417	3815	NA	110886.55226209087	3.440453258013547	low	10.0351978014638	422	CheckV-044766	39.8	45.59	NA	NA	0	1.0
k141_376007	1253	NA	210706.78075589056	0.5946652478410906	low	15.1180229826029	38	CheckV-049466	35.6	92.55	0.1	0.98	1	1.0
k141_505318	2327	NA	65783.38957816377	3.537367130094536	low	13.5571486856677	2	CheckV-044817	34.94	56.29	2.98	8.43	1	1.0
k141_440422	2879	NA	41290.621175686996	6.972527702477944	low	19.7445197918309	60	CheckV-005789	38.9	20.33	NA	NA	0	1.0
k141_483405	3338	NA	NA	NA	NA	NA	0	NA	NA	NA	NA	NA	0	1.0
k141_321819	7738	NA	NA	NA	NA	NA	0	NA	NA	NA	NA	NA	0	1.0
k141_526225	1093	NA	NA	NA	NA	NA	0	NA	NA	NA	0.97	3.66	1	1.0
k141_418302	2551	NA	38694.995723208514	6.592583749712006	medium	6.5549443838636	16	CheckV-018108	66.4	31.01	NA	NA	0	1.0
k141_332127	2630	NA	NA	NA	NA	NA	0	NA	NA	NA	NA	NA	0	1.0
k141_656416	12330	NA	181774.1154758724	6.783143995898916	low	25.5595308871383	44	CheckV-001625	30.44	16.21	5.20435331230284	25.039337539432175	2	1.0
k141_505349	1750	NA	44227.74084727804	3.956792652021028	low	11.3595528049511	137	CheckV-030128	47.3	84.52	2.83	5.56	1	1.0
k141_645382	1804	NA	152816.96633630389	1.180497194290549	low	18.4248232254532	23	CheckV-046280	30.7	66.22	NA	NA	0	1.0
k141_256434	3014	NA	75334.60509039923	4.000817415028979	low	10.9394929934521	465	CheckV-059699	42.5	57.83	NA	NA	0	1.0
k141_418325	4867	NA	NA	NA	NA	NA	0	NA	NA	NA	NA	NA	0	1.0
k141_569858	3795	NA	NA	NA	NA	NA	0	NA	NA	NA	2.3	9.75	1	1.0
k141_159482	3345	NA	50356.52283467844	6.642634978951401	low	19.7445197918309	25	CheckV-027065	38.3	17.69	NA	NA	0	1.0
k141_256441	1066	NA	40258.26584789797	2.647903424423483	medium	6.03013749241285	2	CheckV-044737	51.3	77.29	NA	NA	0	1.0
k141_429508	4201	NA	NA	NA	NA	NA	0	NA	NA	NA	NA	NA	0	1.01
k141_288679	2729	NA	51433.58368920876	5.305871775317436	low	18.4248232254532	56	CheckV-055382	28.81	66.59	2.59	6.06	1	1.0
k141_687890	3539	NA	NA	NA	NA	NA	0	NA	NA	NA	NA	NA	0	1.0
k141_634187	1330	NA	144865.28790872404	0.918094333846214	low	13.8001033911972	5	CheckV-018806	41.6	36.93	NA	NA	0	1.0
k141_364533	1473	NA	38145.377583052155	3.8615425861047137	low	13.7461268634142	10	CheckV-040398	40.2	43.21	2.2	4.83	1	1.0
k141_449937	3951	NA	NA	NA	NA	NA	0	NA	NA	NA	NA	NA	0	1.0
k141_234761	2628	NA	NA	NA	NA	NA	0	NA	NA	NA	NA	NA	0	1.0
k141_602464	1222	NA	143855.0	0.8494664766605262	low	14.4123550401427	1	CheckV-044766	35.2	53.51	NA	NA	0	1.0
k141_181625	1268	NA	102211.63038798499	1.2405633245324437	medium	9.83914388195859	2	CheckV-044818	43.2	56.86	0.1	0.12	1	1.0
k141_202597	4227	NA	98529.24267773122	4.290096914502472	low	22.9181591811457	54	CheckV-031563	49.6	11.85	1.72	8.71	1	1.01
k141_461572	2915	NA	5933.445301883128	49.1282863781495	medium	9.51279933938893	14	CheckV-003275	33.2	100.0	NA	NA	0	1.0
k141_483546	1174	NA	47652.93996068275	2.463646526255543	medium	7.76410691557064	184	CheckV-023220	51.2	53.27	0.9823505976095618	3.532430278884462	2	1.0
k141_505464	2768	NA	NA	NA	NA	NA	0	NA	NA	NA	NA	NA	0	1.0
k141_278111	2013	NA	46474.0	4.331454146404441	low	13.812679693972	1	CheckV-059090	58.2	11.18	1.28	4.96	1	1.0
k141_321956	1386	NA	174534.3518385577	0.7941130129397302	high	4.7385831317676	388	CheckV-014992	61.9	100.0	0.55	1.0	1	1.0
k141_623417	1217	NA	50515.31325739832	2.4091704505499862	low	11.4280975286117	645	CheckV-022838	37.8	100.0	NA	NA	0	1.0
k141_19620	1021	NA	NA	NA	NA	NA	0	NA	NA	NA	1.6	2.72	1	1.0
k141_687961	3339	NA	NA	NA	NA	NA	0	NA	NA	NA	NA	NA	0	1.0
k141_321965	1010	NA	143855.0	0.7020958604150013	low	15.1180229826029	1	CheckV-044766	33.8	93.43	0.38	1.1900000000000002	1	1.0
k141_580882	3333	NA	NA	NA	NA	NA	0	NA	NA	NA	NA	NA	0	1.0
k141_8741	4081	NA	NA	NA	NA	NA	0	NA	NA	NA	NA	NA	0	1.0
k141_137398	5043	NA	NA	NA	NA	NA	0	NA	NA	NA	NA	NA	0	1.0
k141_278140	5414	NA	97102.40319540062	5.575557166289002	low	12.610489098409	703	CheckV-024515	41.4	39.3	NA	NA	0	1.0
k141_559345	3723	2712	160630.37715832965	1.6883481493209995	high	4.80727376725394	73	CheckV-020228	53.2	65.08	1.0619105466593044	6.770839315295417	2	1.0
k141_256610	2634	NA	NA	NA	NA	NA	0	NA	NA	NA	NA	NA	0	1.0
k141_408454	2536	NA	34573.07731958763	7.335187367203817	low	19.2245446878348	3	CheckV-010016	34.5	20.03	NA	NA	0	1.0
k141_288832	1550	NA	106233.0	1.4590569785283292	medium	5.86385453857612	1	CheckV-000545	51.33	100.0	NA	NA	0	1.0
k141_376305	1128	NA	106233.00000000001	1.061816949535455	high	3.90091512983695	1	CheckV-000545	63.26	100.0	1.31	4.39	1	1.0
k141_537697	1311	NA	43445.76291992314	3.0175554804190314	high	3.38891877353416	164	CheckV-000253	76.6	87.0	0.79	3.9	1	1.0
k141_376309	3834	NA	63987.48428198431	5.991796744350932	low	16.0458909824481	23	CheckV-060376	32.6	27.51	NA	NA	0	1.0
k141_278189	4998	NA	403512.7708554818	1.2386225073877613	medium	5.63060811237177	65	CheckV-000616	35.2	85.81	NA	NA	0	1.0
k141_40754	2605	NA	NA	NA	NA	NA	0	NA	NA	NA	NA	NA	0	1.0
k141_580977	1600	NA	99461.11889503409	1.608668812270807	high	4.50195005338972	8	CheckV-044786	52.6	100.0	NA	NA	0	1.0
k141_94551	1551	NA	NA	NA	NA	NA	0	NA	NA	NA	NA	NA	0	1.0
k141_342594	1164	NA	43333.22905027933	2.686160310484632	low	13.9180409795102	8	CheckV-017456	32.6	65.79	1.74	3.82	1	1.0
k141_666982	52863	NA	345922.2976140427	15.281755574768138	high	4.64752998365506	22	CheckV-062241	52.95	39.66	16.36936683833446	40.049887654089716	12	1.0
k141_472664	12498	NA	48848.381765619146	25.58528972355117	low	24.8647961961453	2	CheckV-054009	27.9	7.14	NA	NA	0	1.0
k141_62892	3730	NA	NA	NA	NA	NA	0	NA	NA	NA	NA	NA	0	1.0
k141_72829	5374	NA	30208.77887194922	17.78953072806959	low	16.0458909824481	4	CheckV-046432	32.96	31.9	NA	NA	0	1.0
k141_40784	1092	NA	NA	NA	NA	NA	0	NA	NA	NA	NA	NA	0	1.0
k141_396537	4369	NA	60690.89406638017	7.19877350170759	low	16.0736975857687	25	CheckV-021771	43.2	19.67	6.480000000000001	12.69	1	1.0
k141_353748	3411	NA	75419.49548499855	4.522703285224801	low	18.9139941690962	4	CheckV-060033	28.8	20.31	NA	NA	0	1.0
k141_72849	2725	NA	NA	NA	NA	NA	0	NA	NA	NA	NA	NA	0	1.0
k141_580987	37847	NA	NA	NA	NA	NA	0	NA	NA	NA	5.337084917617236	40.68934727503168	2	1.0
k141_202755	6875	NA	48904.174913332594	14.0581044710064	low	13.1821249631444	83	CheckV-001154	38.09	33.1	10.28	22.55	1	1.0
k141_137544	2486	NA	177366.04293731332	1.4016211665040246	medium	5.74880233284732	54	CheckV-014992	57.3	83.5	1.0189213295765884	1.626937734138165	4	1.0
k141_396564	1024	NA	NA	NA	NA	NA	0	NA	NA	NA	1.31	3.71	1	1.0
k141_526512	4144	NA	460046.180938233	0.9007791329880389	medium	8.28456428871274	7	CheckV-000616	39.79	52.01	0.33214695189242144	1.8032224552977956	3	1.01
k141_570221	6242	NA	106233.0	5.87576365159602	low	16.7746825248758	1	CheckV-000545	33.5	25.52	NA	NA	0	1.0
k141_494004	1640	NA	46432.023752172616	3.532045057422814	high	3.94930684093227	569	CheckV-056447	71.3	60.61	NA	NA	0	1.0
k141_408622	2837	NA	NA	NA	NA	NA	0	NA	NA	NA	NA	NA	0	1.0
k141_613528	2542	NA	80229.60904476688	3.168406315655363	high	4.38108484005563	54	CheckV-044818	60.9	70.06	NA	NA	0	1.0
k141_602760	2850	NA	307655.69056757755	0.9263602421077235	low	10.8819485366333	6	CheckV-062204	38.9	52.36	0.65	0.85	1	1.0
k141_31509	5628	NA	57075.133738848825	9.860686486958224	low	25.6613586747143	207	CheckV-035334	43.8	11.93	5.0	17.61	1	1.0
k141_387259	4164	NA	49133.89855115316	8.474800744062415	medium	8.89537258399073	17	CheckV-044766	46.09	50.04	2.02	9.81	1	1.0
k141_289020	17553	NA	756672.0836942567	2.3197631283424642	low	18.5642512859947	16	CheckV-049677	40.1	9.39	13.689012785320992	19.714044552376706	3	1.0
k141_19953	8502	NA	178768.70031052004	4.75586609134154	medium	6.96671056590088	4	CheckV-018102	47.71	78.74	3.95431916090456	9.448748995923506	3	1.0
k141_353907	1533	NA	67985.03271324659	2.254908086116581	high	4.50195005338972	25	CheckV-019994	55.96	100.0	NA	NA	0	1.0
k141_299746	2139	NA	51063.5	4.188902053325761	medium	5.70841889117043	2	CheckV-003291	58.6	54.55	1.98	5.84	1	1.0
k141_192604	4768	NA	NA	NA	NA	NA	0	NA	NA	NA	NA	NA	0	1.0
k141_128079	1900	NA	53854.008231022555	3.5280568009894324	high	4.50195005338972	9	CheckV-056712	55.46	100.0	1.2958103975535167	4.8593374108053	2	1.0
k141_667175	2851	NA	112009.10254952138	2.545328848375977	low	21.9381688466112	2	CheckV-059885	32.4	24.06	NA	NA	0	1.0
k141_342776	2560	NA	56678.99657870853	4.516664292821416	high	3.65868382270181	90	CheckV-016989	71.41	100.0	NA	NA	0	1.0
k141_9092	1010	NA	57791.0	1.7476769739232751	low	19.0715755774068	1	CheckV-000145	30.0	100.0	NA	NA	0	1.0
k141_213680	4136	NA	47520.97714990656	8.70352473383038	low	13.9757982883961	5	CheckV-044737	39.8	28.58	NA	NA	0	1.0
k141_128113	3865	NA	NA	NA	NA	NA	0	NA	NA	NA	NA	NA	0	1.0
k141_591284	2854	NA	171914.184130081	1.6601306136790235	high	3.62493958434026	73	CheckV-049748	48.75	53.46	1.4093155666875392	2.2478794740137764	3	1.0
k141_429955	3443	NA	162662.5357559236	2.116652112915692	medium	9.82267274135623	12	CheckV-061284	43.0	47.15	NA	NA	0	1.0
k141_63158	4674	NA	94822.33753925368	4.929218284737075	low	19.5078163840247	117	CheckV-060778	26.7	41.22	NA	NA	0	1.0
k141_450314	3440	NA	84600.13151179234	4.066187532486875	low	11.6206370876712	73	CheckV-060033	49.4	23.74	NA	NA	0	1.0
k141_440982	1016	NA	43391.8793722804	2.3414519368548974	low	14.386066809884	75	CheckV-061763	33.6	86.22	1.52	3.33	1	1.0
k141_192673	5271	NA	165726.84136767357	3.180534882883584	low	13.6363636363636	2	CheckV-052281	25.8	65.75	NA	NA	0	1.0
k141_494165	1929	NA	55330.361175667895	3.486331842070639	low	10.9970674486804	18	CheckV-054129	41.9	45.34	2.86	5.6000000000000005	1	1.0
k141_613694	2592	NA	60741.53858003598	4.267261022018163	high	4.66262623586707	372	CheckV-011671	62.8	50.5	2.6644802867383515	7.370430107526882	2	1.0
k141_548106	2824	NA	103264.0018428221	2.734738098082238	low	10.513691784929	5	CheckV-044818	45.91	74.39	NA	NA	0	1.0
k141_148468	8090	NA	56208.81668038825	14.392759851183047	medium	8.23376929421468	521	CheckV-032657	54.2	18.68	12.1	26.54	1	1.01
k141_396674	7197	NA	88742.41268715276	8.109989104501674	low	19.4362889019378	33	CheckV-024259	33.0	21.61	NA	NA	0	1.0
k141_94854	1006	NA	44160.755947586586	2.278040713782162	medium	8.84353741496599	5	CheckV-061441	43.7	76.06	0.73	2.42	1	1.0
k141_570430	3272	NA	55537.450151522935	5.8915200303092705	low	14.855914629916	3	CheckV-017191	48.9	13.99	5.36	9.77	1	1.0
k141_516283	1032	NA	35270.0	2.9259994329458463	low	13.92	1	CheckV-060045	34.3	100.0	0.93	3.63	1	1.0
k141_461980	3383	NA	NA	NA	NA	NA	0	NA	NA	NA	NA	NA	0	1.0
k141_116644	5802	NA	NA	NA	NA	NA	0	NA	NA	NA	NA	NA	0	1.0
k141_84289	3264	NA	74565.75465868492	4.377344553059963	medium	7.41878841088674	412	CheckV-000545	48.9	34.11	NA	NA	0	1.0
k141_505894	2551	NA	NA	NA	NA	NA	0	NA	NA	NA	NA	NA	0	1.0
k141_73108	2501	NA	231863.04357678516	1.078654002560677	low	14.855914629916	19	CheckV-037959	49.4	16.04	0.85	1.96	1	1.0
k141_52125	4546	NA	334125.0463222088	1.3605684608319153	low	25.6613586747143	3	CheckV-045085	47.2	12.01	NA	NA	0	1.0
k141_256926	3177	NA	63655.329552419964	4.990941092188912	high	3.95717835977825	2	CheckV-060036	58.98	95.23	4.148256880733945	7.941284403669724	2	1.0
k141_278528	6076	NA	NA	NA	NA	NA	0	NA	NA	NA	NA	NA	0	1.0
k141_148531	2721	NA	NA	NA	NA	NA	0	NA	NA	NA	NA	NA	0	1.0
k141_322455	2400	NA	181786.8238697348	1.320227697976503	medium	7.90591497421755	2	CheckV-044766	50.9	38.27	NA	NA	0	1.0
k141_278538	1691	NA	37232.0	4.541792006875806	medium	5.43936183472517	1	CheckV-018383	53.25	80.53	2.738793840889649	5.182959794696322	3	1.0
k141_310969	1335	NA	40976.620357199296	3.2579553617711916	medium	5.99083426346975	6	CheckV-038784	55.6	100.0	NA	NA	0	1.0
k141_667323	2868	NA	NA	NA	NA	NA	0	NA	NA	NA	NA	NA	0	1.0
k141_192773	4063	NA	74782.67393678553	5.433076655475693	medium	8.50356765363445	20	CheckV-060040	36.77	51.19	NA	NA	0	1.0
k141_192778	6319	NA	57331.165990465124	11.021928284261525	low	13.1821249631444	68	CheckV-057299	37.96	33.02	3.8522347418207095	16.48408322039657	3	1.0
k141_332732	5668	NA	NA	NA	NA	NA	0	NA	NA	NA	NA	NA	0	1.0
k141_278556	3950	NA	197509.5521108033	1.99990327444216	medium	8.28456428871274	81	CheckV-000283	41.0	50.58	NA	NA	0	1.0
k141_505975	2532	NA	64959.84541127446	3.8977925270132263	low	11.9200678430089	3	CheckV-000253	29.95	100.0	NA	NA	0	1.0
k141_603007	3651	NA	NA	NA	NA	NA	0	NA	NA	NA	NA	NA	0	1.0
k141_171023	1376	NA	117297.0	1.1730905308746173	medium	7.92314988883452	1	CheckV-001167	55.4	34.4	0.11	1.08	1	1.0
k141_299973	3529	NA	NA	NA	NA	NA	0	NA	NA	NA	NA	NA	0	1.0
k141_365126	1663	NA	106233.0	1.565426938898459	high	4.50195005338972	1	CheckV-000545	53.64	100.0	1.9300000000000002	6.48	1	1.0
k141_559757	3035	NA	310648.54185587395	0.9769883295985644	low	12.9948120840075	22	CheckV-006786	48.0	21.37	NA	NA	0	1.0
k141_226445	4738	NA	283765.64103921095	1.6696876981471127	medium	6.64055213579556	234	CheckV-050294	47.3	66.75	0.37	0.51	1	1.0
k141_430167	7036	NA	64777.13704571103	10.861857008337577	low	13.9757982883961	39	CheckV-021784	39.17	29.66	5.6933503494644455	16.032033321106844	3	1.0
k141_603041	3905	NA	44814.0	8.713794796269022	low	23.3177068073054	1	CheckV-011671	29.5	22.07	NA	NA	0	1.0
k141_581390	3242	NA	36512.59813582601	8.879127110976425	high	3.54623096917935	2	CheckV-018112	67.93	68.01	6.895624048161277	8.927540481276214	6	1.0
k141_192884	1058	NA	NA	NA	NA	NA	0	NA	NA	NA	0.67	2.61	1	1.0
k141_667448	1250	NA	NA	NA	NA	NA	0	NA	NA	NA	NA	NA	0	1.0
k141_526821	3254	NA	143855.0	2.2619999304855583	medium	9.85301735896608	1	CheckV-044766	64.1	18.2	NA	NA	0	1.0
k141_678853	1851	NA	NA	NA	NA	NA	0	NA	NA	NA	2.1855068493150682	3.9912602739726024	2	1.0
k141_462125	1366	NA	62798.53211093498	2.175210079093777	medium	7.29637658717869	462	CheckV-011671	48.1	100.0	1.25	4.24	1	1.0
k141_192911	4210	NA	49095.92171648702	8.575050335772044	high	4.02098899218616	209	CheckV-017414	71.8	30.01	3.78	11.67	1	1.0
k141_581437	3139	NA	63871.76277673546	4.91453478585273	low	21.1303462321792	5	CheckV-007277	31.1	37.74	NA	NA	0	1.0
k141_52300	2811	NA	54521.62027649769	5.155752866008864	low	16.0809671071127	2	CheckV-018399	51.2	11.6	NA	NA	0	1.0
k141_322627	10866	NA	176839.0	6.144572181475806	low	32.8609121902687	1	CheckV-018806	23.5	11.34	NA	NA	0	1.0
k141_450561	4797	NA	36603.0	13.105483157118268	medium	8.38293115600352	1	CheckV-060046	54.1	32.42	4.883696037847428	16.494364281490242	2	1.0
k141_213981	1045	NA	36743.268799335274	2.8440583381599005	low	14.602903501281	2	CheckV-018777	35.0	74.74	NA	NA	0	1.0
k141_9450	1248	NA	NA	NA	NA	NA	0	NA	NA	NA	1.6	4.52	1	1.0
k141_657183	2570	NA	NA	NA	NA	NA	0	NA	NA	NA	NA	NA	0	1.0
k141_462187	1003	NA	238068.33699256481	0.42130760128396455	low	13.8001033911972	6	CheckV-059582	38.8	37.16	NA	NA	0	1.0
k141_591610	10386	NA	36905.0	28.142528112721852	low	28.292853557284	1	CheckV-012216	24.1	18.24	NA	NA	0	1.0
k141_322682	2841	NA	120866.64738431272	2.3505243683699075	low	10.0451710045171	32	CheckV-005225	38.37	77.06	NA	NA	0	1.0
k141_538252	4992	NA	528268.0380219911	0.9449748310898547	low	13.1821249631444	75	CheckV-000616	39.2	35.14	0.42	3.8499999999999996	1	1.0
k141_106208	2748	NA	167912.28357341065	1.6365687735993324	low	12.1929432782492	190	CheckV-004961	38.4	36.59	NA	NA	0	1.0
k141_41289	1235	NA	NA	NA	NA	NA	0	NA	NA	NA	NA	NA	0	1.0
k141_235434	2555	NA	351329.47487590817	0.7272375882787638	medium	8.76990056085545	11	CheckV-061425	48.37	79.74	NA	NA	0	1.0
k141_570664	3279	NA	NA	NA	NA	NA	0	NA	NA	NA	NA	NA	0	1.0
k141_116890	2163	NA	55693.839442080294	3.88373296161319	medium	9.39265536723164	189	CheckV-041358	44.6	59.42	3.7299999999999995	6.329999999999999	1	1.0
k141_203226	2825	NA	NA	NA	NA	NA	0	NA	NA	NA	NA	NA	0	1.01
k141_214035	3004	1949	53537.12122652721	3.6404647006576183	low	17.188684785418	2	CheckV-008827	40.8	14.52	2.737640501625638	6.260902616504102	3	1.0
k141_376854	7797	NA	583456.0941869022	1.3363473409024567	low	22.0478038089032	3	CheckV-000616	23.5	24.64	0.63	4.44	1	1.0
k141_322733	3049	NA	46763.20436098927	6.520083560705545	low	14.7561633975166	110	CheckV-037166	30.0	81.6	5.13	7.47	1	1.0
k141_257233	6327	NA	106233.0	5.955776453644348	high	4.88617161428684	1	CheckV-000545	55.0	82.01	NA	NA	0	1.0
k141_84566	17536	NA	51263.0	34.20790823791038	high	2.68855386238662	1	CheckV-000338	64.42	63.4	15.024410256410256	78.18682051282052	2	1.0
k141_624119	3609	NA	44406.24310747332	8.127235603483479	low	15.8221246969266	121	CheckV-054973	54.1	13.64	2.34	11.53	1	1.0
k141_116933	1628	NA	NA	NA	NA	NA	0	NA	NA	NA	NA	NA	0	1.0
k141_387820	3840	NA	74029.31113408081	5.187134583820519	medium	5.33054029793532	20	CheckV-060044	49.39	86.48	1.65	2.48	1	1.0
k141_257248	1070	NA	56796.55674548983	1.8839170212285234	low	11.3225278032974	2	CheckV-054129	44.4	44.66	1.41	2.56	1	1.0
k141_257249	2358	NA	39307.30011375439	5.99888568580392	low	20.4541717367711	7	CheckV-013597	31.9	33.29	NA	NA	0	1.02
k141_634869	2198	NA	173505.68686359134	1.2668172667608575	low	13.957011667213	3	CheckV-040976	35.7	48.7	0.9231479545612933	1.6411246621909386	3	1.0
k141_581606	1209	NA	82805.30107276113	1.4600514512200735	medium	6.52300524170064	19	CheckV-032413	48.5	69.31	0.84	4.12	1	1.0
k141_667606	1821	NA	84346.91787235042	2.158940772152314	low	14.7807123818755	5	CheckV-000336	36.4	46.7	NA	NA	0	1.0
k141_289437	2515	NA	36905.0	6.814794743259721	low	25.0908173089957	1	CheckV-012216	26.9	56.75	NA	NA	0	1.0
k141_214117	1031	NA	42319.535833980786	2.4362270986255736	high	3.43229860600155	25	CheckV-022950	65.6	59.25	0.79	2.86	1	1.0
k141_387849	2858	NA	NA	NA	NA	NA	0	NA	NA	NA	NA	NA	0	1.0
k141_322805	1989	NA	NA	NA	NA	NA	0	NA	NA	NA	2.9500000000000006	5.78	1	1.0
k141_343162	7022	NA	6837.000000000001	100.0	high	2.16478190630048	1	CheckV-003271	72.04	100.0	65.47	100.0	1	1.02
k141_84622	3025	NA	NA	NA	NA	NA	0	NA	NA	NA	NA	NA	0	1.0
k141_516671	24143	NA	30273.81392414192	79.74878903760161	low	17.6215217642305	4	CheckV-044276	43.05	12.21	NA	NA	0	1.01
k141_73447	7836	NA	NA	NA	NA	NA	0	NA	NA	NA	5.13	19.25	1	1.0
k141_95208	6966	NA	87239.2350311897	7.984939342383643	low	16.7746825248758	61	CheckV-044407	36.05	22.95	NA	NA	0	1.0
k141_634931	1104	NA	NA	NA	NA	NA	0	NA	NA	NA	0.47	1.14	1	1.0
k141_462349	2605	NA	NA	NA	NA	NA	0	NA	NA	NA	NA	NA	0	1.0
k141_494629	2692	NA	111160.8979102331	2.4217148751118387	low	10.9394929934521	30	CheckV-000642	39.4	57.94	NA	NA	0	1.0
k141_473413	6515	NA	NA	NA	NA	NA	0	NA	NA	NA	NA	NA	0	1.01
k141_473414	1006	NA	44284.418046742	2.271679395082423	high	4.65983116385467	11	CheckV-056841	67.0	51.78	1.360326530612245	2.5150204081632657	2	1.0
k141_354334	3841	NA	57004.238424586445	6.73809545772888	medium	5.63301787048028	3	CheckV-054129	44.55	81.22	3.7374451612903226	10.398941935483869	2	1.0
k141_63645	1147	NA	62719.75205446768	1.8287699846196959	medium	7.15726505784103	222	CheckV-031123	56.0	78.96	NA	NA	0	1.0
k141_343184	1748	NA	75725.3324245153	2.3083424582420227	low	10.5427046263345	13	CheckV-020408	45.45	67.69	1.2301966189705218	4.441130996659812	3	1.0
k141_268496	4669	NA	76821.0	6.0777651944129865	low	25.0788091068301	1	CheckV-060034	29.8	12.18	NA	NA	0	1.0
k141_20506	3024	NA	148279.36956970298	2.039393618124659	low	15.760181986278	194	CheckV-005253	37.2	32.56	NA	NA	0	1.0
k141_581687	1743	NA	61304.00000000001	2.8432076210361474	low	14.7807123818755	1	CheckV-000211	35.0	42.94	NA	NA	0	1.0
k141_235564	7971	NA	32535.0	24.49976947902259	low	13.3435582822086	1	CheckV-003255	33.2	23.57	NA	NA	0	1.0
k141_203345	3390	NA	480386.3843178079	0.7056819490864851	low	19.2245446878348	18	CheckV-049880	35.8	21.72	0.25416321370374845	1.2125627192833364	3	1.0
k141_117028	3876	NA	43221.66631652174	8.967724593529555	low	12.2245323052055	12	CheckV-003958	27.21	52.81	4.460198675496689	11.37135761589404	2	1.0
k141_300313	2562	NA	NA	NA	NA	NA	0	NA	NA	NA	NA	NA	0	1.0
k141_462395	3298	NA	133590.33153122527	2.468741534060142	low	16.7547169811321	21	CheckV-002484	34.2	30.22	NA	NA	0	1.0
k141_581711	13541	NA	369286.0	3.666805673651316	low	26.9204150716114	2	CheckV-062241	38.36	10.14	7.380511790043488	11.559398849360656	4	1.0
k141_614216	16867	NA	963372.7032056758	1.7508281004718242	low	13.3626373626374	25	CheckV-002553	28.19	18.77	1.904375975039002	7.601567862714508	2	1.0
k141_430517	1109	NA	NA	NA	NA	NA	0	NA	NA	NA	1.74	2.75	1	1.0
k141_506384	1648	NA	106233.0	1.5513070326546365	high	2.87283640536197	1	CheckV-000545	76.5	70.99	NA	NA	0	1.0
k141_278928	1057	NA	102682.58284630568	1.0293858711969757	low	13.92	2	CheckV-044786	36.8	100.0	1.57	3.07	1	1.0
k141_20570	3579	NA	8126.917615658363	44.03883697681688	low	22.1130987526063	2	CheckV-043820	44.8	14.22	NA	NA	0	1.0
k141_289568	1168	NA	106233.0	1.0994700328523153	high	3.80705863737027	1	CheckV-000545	67.07	63.14	1.21	3.48	1	1.0
k141_128699	1574	NA	269702.4667753518	0.58360608222062	low	13.957011667213	21	CheckV-061367	34.3	51.81	0.7	0.9200000000000002	1	1.0
k141_160463	2982	NA	NA	NA	NA	NA	0	NA	NA	NA	NA	NA	0	1.0
k141_63743	2910	NA	668031.0	0.4356085271491892	low	20.4541717367711	1	CheckV-050294	30.9	37.13	0.23	1.4800000000000002	1	1.01
k141_160476	2710	NA	NA	NA	NA	NA	0	NA	NA	NA	NA	NA	0	1.0
k141_278967	2780	NA	NA	NA	NA	NA	0	NA	NA	NA	NA	NA	0	1.01
k141_300364	2651	NA	NA	NA	NA	NA	0	NA	NA	NA	NA	NA	0	1.0
k141_214239	5084	NA	423740.0989490002	1.1997920453149966	medium	7.63288009888752	78	CheckV-001189	29.21	97.5	0.44537875581887426	1.9550444350402032	2	1.01
k141_20607	3095	NA	43114.682173960966	7.178529085549469	low	17.188684785418	2	CheckV-008392	39.8	15.22	NA	NA	0	1.0
k141_268594	3329	NA	NA	NA	NA	NA	0	NA	NA	NA	0.27	3.87	1	1.01
k141_32239	15705	NA	105624.59125233782	14.868696592141744	medium	9.52095613801761	325	CheckV-023344	46.71	20.27	10.62680418691514	40.373984499817574	3	1.0
k141_32256	5311	NA	102553.97289768349	5.178736474011302	medium	9.11672823021493	3	CheckV-044637	45.01	55.84	NA	NA	0	1.0
k141_688782	3210	1913	154654.58886372126	1.236950040768399	low	10.9394929934521	17	CheckV-061481	38.09	60.5	0.85	5.31	1	1.0
k141_246310	3001	NA	202274.75337824496	1.4836255884036407	low	12.3257720688713	52	CheckV-039953	35.19	66.42	1.21	3.7400000000000007	1	1.0
k141_624324	1379	NA	88848.00047984645	1.552088952539569	medium	7.92314988883452	7	CheckV-028362	52.6	33.78	1.23	4.619999999999999	1	1.0
k141_214284	3635	NA	NA	NA	NA	NA	0	NA	NA	NA	NA	NA	0	1.0
k141_84823	3563	NA	39784.0	8.9558616529258	medium	9.60676095205243	1	CheckV-044789	53.43	22.88	NA	NA	0	1.0
k141_506531	1825	NA	39738.10097719869	4.592569738164303	low	10.5427046263345	6	CheckV-043375	47.0	70.83	1.6199999999999999	6.11	1	1.0
k141_20708	10253	NA	122292.01634668128	8.384030541236752	low	25.5595308871383	3	CheckV-007342	29.5	13.16	2.18	7.05	1	1.0
k141_300469	4239	NA	NA	NA	NA	NA	0	NA	NA	NA	NA	NA	0	1.0
k141_268701	1193	NA	35914.812883033155	3.3217491732042297	medium	5.99083426346975	2	CheckV-060046	53.1	100.0	1.78	3.91	1	1.0
k141_571040	1309	NA	103257.0	1.267710663683818	low	18.9819526322458	1	CheckV-044786	31.8	68.96	1.68	4.74	1	1.0
k141_354541	13855	NA	50120.691335768235	27.643273926895116	low	10.7181110029211	84	CheckV-056256	39.37	28.84	8.352871376811596	21.229728260869567	2	1.01
k141_624396	4037	NA	NA	NA	NA	NA	0	NA	NA	NA	NA	NA	0	1.0
k141_571056	1415	NA	36603.0	3.865803349452231	high	4.1478960989169	1	CheckV-060046	62.89	70.49	2.01	3.87	1	1.0
k141_9879	4079	NA	41660.85006428227	9.790966803860565	low	10.4744923756553	33	CheckV-021673	31.4	51.11	NA	NA	0	1.0
k141_32297	4165	NA	756048.5733410756	0.5508905309607729	medium	8.72970391595033	8	CheckV-000545	50.61	53.46	NA	NA	0	1.0
k141_462567	1695	NA	NA	NA	NA	NA	0	NA	NA	NA	NA	NA	0	1.0
k141_235755	2524	NA	67914.54353550244	3.7164351972425096	low	10.9394929934521	244	CheckV-054202	39.2	62.37	2.31	7.84	1	1.0
k141_235764	3281	NA	NA	NA	NA	NA	0	NA	NA	NA	0.16	1.91	1	1.01
k141_397340	3106	NA	NA	NA	NA	NA	0	NA	NA	NA	NA	NA	0	1.0
k141_117283	6141	NA	828571.3240701155	0.7411552658899809	low	23.3177068073054	2	CheckV-049880	29.4	19.49	NA	NA	0	1.0
k141_268759	4092	NA	33781.016181229774	12.11331233509102	low	16.0736975857687	2	CheckV-060045	44.8	22.31	3.64	13.71	1	1.0
k141_73804	6384	NA	56593.0	11.280547064124539	low	22.5747580936448	1	CheckV-060044	45.8	6.49	NA	NA	0	1.0
k141_667938	1155	NA	95299.18984757976	1.2119725276230484	low	13.8001033911972	29	CheckV-030113	41.4	35.66	0.52	0.87	1	1.0
k141_52879	6620	NA	NA	NA	NA	NA	0	NA	NA	NA	NA	NA	0	1.0
k141_451007	3463	NA	NA	NA	NA	NA	0	NA	NA	NA	NA	NA	0	1.0
k141_300555	6038	NA	93799.42927783313	6.437139379724257	low	27.3188716901985	10	CheckV-016101	26.8	19.15	NA	NA	0	1.0
k141_128892	6798	NA	75313.2302394803	9.026302521328303	low	25.7555927270877	50	CheckV-013718	30.9	13.89	2.96	15.51	1	1.02
k141_171584	9243	NA	70718.52672772689	13.070125224167123	low	26.2150433075829	3	CheckV-044784	38.0	6.98	NA	NA	0	1.0
k141_516978	2592	NA	152147.91856850087	1.7036052969945925	medium	9.39265536723164	6	CheckV-017472	46.9	58.85	NA	NA	0	1.04
k141_506660	6590	NA	61304.0	10.749706381312802	low	16.354663036079	1	CheckV-000211	40.4	20.16	9.96	17.31	1	1.0
k141_279175	5634	NA	195245.54651421445	2.885597188046401	high	4.80727376725394	22	CheckV-003408	52.91	65.33	2.27	6.201086092715232	2	1.0
k141_52891	6046	NA	143855.0	4.202843140662472	low	15.4714335542146	1	CheckV-044766	61.7	13.14	NA	NA	0	1.0
k141_203614	3747	NA	43401.97532320479	8.633247616259238	low	13.1821249631444	500	CheckV-031569	40.4	36.84	3.33	12.550000000000002	1	1.0
k141_246498	5982	NA	119020.85151240365	5.0260100847762725	medium	7.02632877950927	481	CheckV-007573	58.4	31.62	5.45	11.92	1	1.0
k141_279183	3579	NA	63006.45887197165	5.680370019322121	low	22.9181591811457	2	CheckV-044784	48.8	10.42	2.31	9.71	1	1.0
k141_679387	12725	NA	174173.83194395076	7.305919527621642	medium	7.17902053223105	19	CheckV-061481	49.22	52.31	5.613525835866262	8.11	2	1.0
k141_171627	1784	NA	NA	NA	NA	NA	0	NA	NA	NA	2.2900000000000005	6.46	1	1.0
k141_365696	2802	NA	61347.12999612778	4.567450832951536	low	14.8448260270765	102	CheckV-024193	39.3	28.33	1.56	8.16	1	1.01
k141_560341	2575	NA	NA	NA	NA	NA	0	NA	NA	NA	NA	NA	0	1.0
k141_484748	6062	NA	346173.22644221294	1.7511464021357341	medium	8.30341430665155	26	CheckV-062241	49.96	47.75	2.4032985822902484	13.408693183704637	3	1.0
k141_246530	3465	NA	86850.38520549156	3.9896196105540214	medium	6.29946185501741	11	CheckV-040408	79.2	8.06	2.29	10.380000000000003	1	1.0
k141_473703	6312	NA	NA	NA	NA	NA	0	NA	NA	NA	NA	NA	0	1.0
k141_117364	3773	NA	75860.37103994844	4.973611318105892	high	4.96212977617002	6	CheckV-060037	25.1	100.0	NA	NA	0	1.0
k141_388232	7685	NA	55882.709470937596	13.75201752520011	low	20.6566983698812	93	CheckV-011587	36.3	16.42	2.5700000000000003	22.07	1	1.0
k141_20907	2682	NA	NA	NA	NA	NA	0	NA	NA	NA	NA	NA	0	1.0
k141_268842	2747	NA	50111.67674943567	5.481756305492083	low	20.4541717367711	8	CheckV-031519	29.4	32.53	NA	NA	0	1.0
k141_635311	1285	NA	NA	NA	NA	NA	0	NA	NA	NA	1.65	4.65	1	1.0
k141_377291	7456	NA	33967.64488364267	21.95030013279043	low	12.4955291822468	3	CheckV-020393	33.04	38.3	13.678083832335329	23.805089820359278	2	1.0
k141_203666	2509	NA	49686.54034067277	5.049657276995324	low	15.1381313075547	57	CheckV-012075	37.1	37.69	NA	NA	0	1.0
k141_279242	6604	NA	406760.0	1.6235618054872651	low	26.9656238848579	1	CheckV-001180	41.3	11.71	1.1	3.9199999999999995	1	1.0
k141_246569	3855	NA	NA	NA	NA	NA	0	NA	NA	NA	NA	NA	0	1.0
k141_473771	1133	NA	NA	NA	NA	NA	0	NA	NA	NA	NA	NA	0	1.0
k141_592088	2234	NA	102997.76662467382	2.16897906936249	medium	9.69093101478708	4	CheckV-044786	45.2	48.51	1.33	5.94	1	1.0
k141_646715	2748	NA	NA	NA	NA	NA	0	NA	NA	NA	NA	NA	0	1.0
k141_279286	3461	NA	16282.0	21.25660238299963	low	18.6274767169097	1	CheckV-016293	27.2	27.61	NA	NA	0	1.0
k141_343571	2766	NA	46623.14473388884	5.932675746750916	medium	8.41622724100411	234	CheckV-004223	48.4	27.63	3.6600000000000006	9.16	1	1.0
k141_388307	3607	NA	NA	NA	NA	NA	0	NA	NA	NA	NA	NA	0	1.0
k141_257765	1104	NA	175319.75000957886	0.62970657894486	high	3.30243918760665	290	CheckV-044104	65.1	88.93	0.43999999999999995	1.05	1	1.0
k141_138523	1494	NA	55921.08408272056	2.6716220268369963	medium	8.35028413344106	225	CheckV-002330	51.4	49.46	1.0414690265486726	4.200106194690266	2	1.0
k141_268950	3284	NA	NA	NA	NA	NA	0	NA	NA	NA	NA	NA	0	1.0
k141_171769	1323	NA	83350.06316303286	1.58728134064183	low	19.9248772031205	3	CheckV-039928	27.7	73.3	1.22	3.61	1	1.0
k141_517189	1430	NA	87366.0	1.6367923448481103	medium	9.83914388195859	1	CheckV-003080	43.9	52.84	NA	NA	0	1.0
k141_95651	1259	NA	40667.390947000575	3.09584650178513	medium	9.40391650527222	65	CheckV-016714	44.3	64.56	1.6050260416666666	3.9357161458333327	2	1.0
k141_462770	2571	NA	NA	NA	NA	NA	0	NA	NA	NA	NA	NA	0	1.0
k141_571310	1016	NA	NA	NA	NA	NA	0	NA	NA	NA	0.94	2.77	1	1.0
k141_21052	17050	NA	1150998.9020610065	1.4813220038237966	low	21.1704738531244	10	CheckV-049878	26.1	16.9	2.4835593220338983	8.948271186440678	2	1.0
k141_129151	1171	NA	75908.23565188544	1.5426521113864333	low	17.9409267776344	2	CheckV-021091	29.2	49.68	NA	NA	0	1.0
k141_409887	1073	NA	127011.89270336606	0.8448027796152694	low	12.3950755456072	32	CheckV-049673	38.4	56.79	0.57	2.41	1	1.0
k141_679581	3385	NA	66707.09786765816	5.074422525044612	low	NA	28	CheckV-022254	52.8	6.06	NA	NA	0	1.0
k141_495111	3857	NA	544301.2528316631	0.708614940703225	medium	7.95841548664635	56	CheckV-049873	41.94	62.11	0.8753165063691327	4.975782926003101	3	1.0
k141_603875	4069	NA	NA	NA	NA	NA	0	NA	NA	NA	NA	NA	0	1.0
k141_462793	10018	5525	353896.64304431155	1.561190282132236	high	3.6651377210874	21	CheckV-062241	60.96	63.87	1.3392183500830985	2.113370125462155	8	1.0
k141_21079	2722	NA	67741.60145401921	4.018210289651337	low	14.7561633975166	3	CheckV-004142	31.27	80.87	NA	NA	0	1.0
k141_235988	4394	NA	NA	NA	NA	NA	0	NA	NA	NA	NA	NA	0	1.0
k141_517254	2697	NA	158119.4125780104	1.705672918984187	low	14.7561633975166	125	CheckV-000283	29.19	77.79	NA	NA	0	1.0
k141_106855	6678	NA	123389.99999999999	5.412107950401167	low	25.8572281138783	1	CheckV-001909	41.4	3.86	NA	NA	0	1.0
k141_657975	3512	NA	NA	NA	NA	NA	0	NA	NA	NA	NA	NA	0	1.0
k141_343656	4028	NA	NA	NA	NA	NA	0	NA	NA	NA	NA	NA	0	1.0
k141_149322	3940	NA	125152.16248934013	3.1481677356838245	low	25.6613586747143	69	CheckV-001053	46.8	11.36	1.04	9.27	1	1.0
k141_571377	2990	NA	60427.606066990105	4.948069590387683	medium	6.55782341160443	43	CheckV-041792	54.5	35.65	NA	NA	0	1.0
k141_517263	2560	NA	6122.498352986882	41.81299613990251	medium	9.51279933938893	18	CheckV-006001	36.5	100.0	23.87	58.16	1	1.0
k141_560592	3163	NA	556333.745296265	0.5685436173417099	low	12.3257720688713	2	CheckV-000689	33.4	62.73	NA	NA	0	1.0
k141_646873	3176	NA	NA	NA	NA	NA	0	NA	NA	NA	NA	NA	0	1.0
k141_603949	16197	NA	303190.02112908795	5.342194291118793	medium	8.40707262595249	16	CheckV-001458	37.22	35.71	1.4173987274565536	3.5446457117077914	4	1.0
k141_117649	3467	NA	NA	NA	NA	NA	0	NA	NA	NA	NA	NA	0	1.0
k141_106948	5611	NA	NA	NA	NA	NA	0	NA	NA	NA	NA	NA	0	1.0
k141_64277	3028	NA	NA	NA	NA	NA	0	NA	NA	NA	NA	NA	0	1.0
k141_279482	3911	NA	52092.64807921578	7.507777285678884	medium	6.23139655881712	221	CheckV-004985	57.1	55.34	2.12	11.5	1	1.0
k141_257950	3602	NA	89161.97541571288	4.039838712865961	medium	5.34106412005457	9	CheckV-044818	46.3	87.34	NA	NA	0	1.0
k141_42009	14745	NA	478682.6471723885	3.0803289166840986	low	22.555739773824	4	CheckV-000616	32.4	21.51	1.145966624602853	5.961192782324254	5	1.0
k141_592269	4037	NA	99005.05757239257	4.0775694686588535	low	27.3188716901985	2	CheckV-027942	27.2	19.82	NA	NA	0	1.0
k141_485074	3689	NA	195164.5112487865	1.890200209246771	medium	5.9815914629818	24	CheckV-061481	52.66	52.45	1.5	2.46	1	1.0
k141_193815	1232	NA	NA	NA	NA	NA	0	NA	NA	NA	NA	NA	0	1.0
k141_279509	8154	NA	444396.11506436777	1.8348495235650177	low	11.9600418915653	81	CheckV-019878	41.9	24.75	NA	NA	0	1.0
k141_646943	5210	NA	273382.5275427029	1.9057545655276698	low	14.8948266060262	9	CheckV-043516	51.0	19.13	NA	NA	0	1.01
k141_410035	1170	NA	103377.95535488556	1.131769337073377	high	3.46099789177793	326	CheckV-016562	68.7	42.97	0.78	2.76	1	1.0
k141_333735	6783	NA	159363.0	4.256320475894656	low	27.3298538986542	1	CheckV-059137	35.4	9.08	7.4399999999999995	16.95	1	1.0
k141_172032	1171	NA	NA	NA	NA	NA	0	NA	NA	NA	NA	NA	0	1.0
k141_377625	4010	NA	NA	NA	NA	NA	0	NA	NA	NA	NA	NA	0	1.0
k141_431119	1354	NA	32189.000000000004	4.206405915064152	medium	7.92314988883452	1	CheckV-044737	55.5	33.25	2.62	4.36	1	1.0
k141_451401	1577	NA	43344.524162652626	3.6382911808703304	medium	9.43309616708745	2	CheckV-048318	50.2	84.0	0.43	4.2	1	1.0
k141_258037	4827	NA	NA	NA	NA	NA	0	NA	NA	NA	NA	NA	0	1.0
k141_21257	2822	NA	6424.577907063369	43.92506466296269	low	10.513691784929	88	CheckV-004439	43.8	75.96	NA	NA	0	1.0
k141_53294	2935	NA	NA	NA	NA	NA	0	NA	NA	NA	NA	NA	0	1.03
k141_582359	2923	NA	NA	NA	NA	NA	0	NA	NA	NA	NA	NA	0	1.0
k141_193894	2813	NA	166505.88119404874	1.689429814627198	low	10.9970674486804	181	CheckV-001070	38.4	43.62	NA	NA	0	1.0
k141_495299	3462	NA	50720.485599150314	6.825644429670043	low	16.0809671071127	5	CheckV-015524	51.9	11.56	NA	NA	0	1.02
k141_42115	1773	NA	NA	NA	NA	NA	0	NA	NA	NA	0.83	1.66	1	1.0
k141_290159	3359	NA	73253.0	4.585477727874626	low	15.7159037542474	1	CheckV-001133	30.5	73.0	NA	NA	0	1.0
k141_74199	5125	NA	47537.565486434556	10.780947546551333	low	16.0736975857687	401	CheckV-009337	43.7	20.99	6.791584302325582	15.157238372093024	2	1.0
k141_527743	2878	NA	98273.32059450797	2.928566962619596	low	16.4303586321935	2	CheckV-009962	26.4	100.0	NA	NA	0	1.0
k141_658203	1719	NA	32802.029279800176	5.240529435959554	medium	7.56667930805488	2	CheckV-000211	47.3	100.0	NA	NA	0	1.0
k141_246919	2282	NA	50331.804890738815	4.533912513079565	low	11.3661940130542	5	CheckV-044785	42.2	56.31	2.94	6.64	1	1.0
k141_193913	7620	NA	147170.67749768554	5.177661834246727	low	21.4177677577695	828	CheckV-045235	63.2	6.55	1.7109422936449965	11.712030679327976	2	1.0
k141_117807	2937	NA	52731.78242716149	5.569696044424221	medium	5.80669068180352	146	CheckV-005709	54.88	63.15	4.324288617886179	7.822032520325203	2	1.0
k141_463078	1191	NA	62415.684288534074	1.9081742250782145	medium	7.29637658717869	7	CheckV-044789	48.0	100.0	1.46	3.89	1	1.0
k141_419960	2700	NA	134401.22163108632	2.008910311404122	medium	9.85301735896608	775	CheckV-046398	63.0	20.56	1.18	1.8000000000000003	1	1.0
k141_689372	2757	NA	6864.029379760609	40.165911995209925	high	1.89164987687486	2	CheckV-003271	76.2	100.0	25.7	62.63	1	1.0
k141_193940	3311	NA	1084776.184601064	0.30522425243117307	medium	9.39265536723164	19	CheckV-049880	42.9	59.88	NA	NA	0	1.0
k141_355171	7686	NA	123917.21220340364	6.202528174523351	medium	8.42881601475043	2	CheckV-044766	36.6	49.34	8.77779357728398	22.30504109806446	3	1.0
k141_42181	5782	NA	36894.0	15.671924974250556	medium	5.34578042222887	1	CheckV-018775	42.43	80.47	12.165273849426368	16.983071396668095	5	1.0
k141_311995	12209	NA	69322.94453998074	17.611773534747478	low	26.9204150716114	24	CheckV-060044	39.9	11.88	15.79307254623044	53.66193456614509	2	1.0
k141_604205	1522	NA	NA	NA	NA	NA	0	NA	NA	NA	NA	NA	0	1.0
k141_539190	3673	NA	NA	NA	NA	NA	0	NA	NA	NA	NA	NA	0	1.0
k141_647116	1372	NA	98464.73523682478	1.393392260386525	low	19.0715755774068	138	CheckV-000715	28.9	100.0	NA	NA	0	1.0
k141_442266	3170	1847	NA	NA	NA	NA	0	NA	NA	NA	1.73	5.63	1	1.0
k141_582477	2484	NA	89461.6653144016	2.776608272683388	low	15.760181986278	7	CheckV-008076	34.4	34.61	1.757112676056338	11.143985915492959	2	1.0
k141_604215	2280	NA	32913.16520259348	6.927319162303908	medium	9.69093101478708	38	CheckV-018532	44.58	51.93	3.3711352418558738	8.289062191510366	2	1.0
k141_624997	10865	NA	102586.37173341743	10.59107541909559	medium	7.81059947871416	3	CheckV-044637	38.65	53.8	6.46	28.9	1	1.0
k141_635749	4131	NA	NA	NA	NA	NA	0	NA	NA	NA	NA	NA	0	1.0
k141_344042	1784	NA	56608.5	3.151470185572838	medium	5.50798426290211	2	CheckV-054129	55.5	76.23	1.23	5.13	1	1.0
k141_258250	2781	NA	287514.8985423029	0.9672542237288004	medium	8.74144713788569	2	CheckV-041701	48.78	76.96	NA	NA	0	1.0
k141_269445	2788	NA	NA	NA	NA	NA	0	NA	NA	NA	NA	NA	0	1.0
k141_689455	2529	NA	31894.000000000004	7.929391108045399	low	18.8068221050936	1	CheckV-008392	38.7	23.22	NA	NA	0	1.0
k141_96142	2842	NA	NA	NA	NA	NA	0	NA	NA	NA	NA	NA	0	1.0
k141_64606	4669	NA	NA	NA	NA	NA	0	NA	NA	NA	NA	NA	0	1.0
k141_42314	5677	NA	46506.510938051244	12.206892939274715	low	10.4744923756553	78	CheckV-009333	29.7	49.58	NA	NA	0	1.0
k141_420118	1637	NA	NA	NA	NA	NA	0	NA	NA	NA	NA	NA	0	1.0
k141_269490	2772	NA	668031.0	0.4149508031812895	low	20.4541717367711	1	CheckV-050294	30.0	35.45	NA	NA	0	1.0
k141_333981	3406	NA	65565.78232812892	5.194782825825849	low	30.4660239344517	9	CheckV-022811	27.1	27.35	NA	NA	0	1.0
k141_161328	12722	NA	63462.58776232391	20.04645642192473	medium	5.0442578302315	3	CheckV-002964	55.33	37.99	15.34701062215478	35.95004552352049	2	1.0
k141_247101	8457	NA	58901.659243390495	14.357829827941531	low	17.7188662440404	118	CheckV-061440	28.1	25.5	10.940918511158202	24.260832834822107	3	1.0
k141_344126	5678	NA	106233.0	5.344855176828292	low	16.0736975857687	1	CheckV-000545	45.34	21.75	NA	NA	0	1.0
k141_118046	1150	NA	35105.0	3.2758866258367756	high	3.90091512983695	1	CheckV-054719	62.7	100.0	1.5945675675675675	3.5908108108108108	2	1.0
k141_64663	2553	NA	NA	NA	NA	NA	0	NA	NA	NA	NA	NA	0	1.0
k141_269555	2718	NA	NA	NA	NA	NA	0	NA	NA	NA	NA	NA	0	1.0
k141_301248	2547	NA	74873.57953253911	3.401733984005808	low	10.7907508297973	237	CheckV-001345	47.4	32.29	NA	NA	0	1.0
k141_258403	13572	NA	355599.58317666297	3.8166523927721783	low	13.3435582822086	10	CheckV-000467	32.82	23.67	NA	NA	0	1.0
k141_344181	11744	NA	85377.41147258904	13.755394778829158	low	22.555739773824	154	CheckV-021473	31.25	19.33	6.723576730619414	24.822605739885308	5	1.0
k141_592578	2439	NA	198484.00000000003	1.2288144132524534	low	18.4248232254532	2	CheckV-000105	29.0	64.5	3.69	6.41	1	1.0
k141_485458	2746	NA	50133.64973160534	5.477359048664797	medium	9.38815150534153	67	CheckV-026389	42.8	35.16	3.499418386491557	7.803771106941838	2	1.0
k141_398142	3614	NA	54474.263278451035	6.634325610842411	low	10.4744923756553	9	CheckV-039742	31.32	51.35	NA	NA	0	1.0
k141_290444	3204	NA	NA	NA	NA	NA	0	NA	NA	NA	NA	NA	0	1.0
k141_290481	5418	NA	60651.145030425956	8.933054763075013	low	22.9181591811457	2	CheckV-000267	51.3	8.38	NA	NA	0	1.0
k141_301325	1183	NA	103257.0	1.145685038302488	medium	7.16053999452028	1	CheckV-044786	59.5	26.61	NA	NA	0	1.0
k141_647438	1398	NA	94499.03029220364	1.4793802599637236	low	14.4123550401427	5	CheckV-016031	32.6	53.62	NA	NA	0	1.0
k141_334144	3279	NA	NA	NA	NA	NA	0	NA	NA	NA	1.47	6.42	1	1.0
k141_42497	1298	NA	NA	NA	NA	NA	0	NA	NA	NA	0.28	1.02	1	1.0
k141_107379	2791	NA	123923.13622258909	2.252202522527224	high	2.5492837895334	2	CheckV-000545	76.66	79.54	NA	NA	0	1.0
k141_539454	1454	NA	42271.0	3.4397104397814102	low	13.8001033911972	1	CheckV-043375	40.4	36.85	1.46	4.0	1	1.0
k141_561102	3389	NA	73846.22413292853	4.589266465269173	low	11.3661940130542	15	CheckV-060044	38.24	54.72	NA	NA	0	1.0
k141_139138	2510	NA	NA	NA	NA	NA	0	NA	NA	NA	3.31	7.42	1	1.02
k141_451732	8012	NA	167650.34884813213	4.77899393293703	low	11.9600418915653	10	CheckV-051428	39.67	25.29	3.6100000000000003	6.04	1	1.0
k141_355483	1124	NA	NA	NA	NA	NA	0	NA	NA	NA	1.44	4.07	1	1.0
k141_204516	1154	NA	52995.22723070161	2.177554584257836	low	10.7012750455373	8	CheckV-014769	40.6	64.23	1.81	2.87	1	1.0
k141_689695	1116	NA	43593.27039178132	2.560028164829773	low	12.3950755456072	44	CheckV-010597	40.6	53.95	1.83	3.6	1	1.0
k141_236565	45166	NA	121325.23034407829	37.2272114150612	low	32.8837114381832	78	CheckV-002885	26.67	4.81	22.82	100.00000000000001	1	1.0
k141_172484	10542	NA	561247.8499978556	1.8783145449983065	medium	7.87303233103968	57	CheckV-002553	33.81	61.91	1.3897290640394087	6.47179802955665	2	1.0
k141_149842	6206	NA	NA	NA	NA	NA	0	NA	NA	NA	NA	NA	0	1.0
k141_301406	1919	NA	33111.637702540414	5.795545412882943	low	10.5427046263345	62	CheckV-018532	46.35	69.43	4.04	7.12	1	1.0
k141_53866	8253	NA	332647.2324689052	2.481006662447271	medium	8.54613302114583	162	CheckV-050294	45.13	41.41	3.4502492668621696	9.181715542521994	2	1.0
k141_258638	2620	NA	46862.96688736186	5.590768519409661	medium	9.97120230381569	13	CheckV-032382	45.1	65.54	2.7415259259259255	7.813866666666667	2	1.0
k141_355579	1084	NA	80209.02560525235	1.3514688550573992	low	19.0715755774068	35	CheckV-043156	31.6	100.0	NA	NA	0	1.0
k141_161647	2950	NA	95294.17798294897	3.095677052304124	low	16.0119781574775	11	CheckV-013623	28.4	68.62	NA	NA	0	1.01
k141_463591	2072	NA	52348.55660392918	3.958084299585979	low	10.9454880691546	389	CheckV-018384	38.3	82.99	1.59	5.76	1	1.0
k141_215440	4228	NA	53053.98041484911	7.969241830565155	low	13.5948759007206	2	CheckV-000253	24.1	70.24	NA	NA	0	1.0
k141_161688	3108	977	207730.61176339866	0.47032066757343644	medium	5.52296238786106	12	CheckV-061979	55.78	68.5	0.5894385679414158	2.2830756712774614	2	1.0
k141_236748	1303	NA	43093.61790322304	3.023649587570475	high	2.69320843091335	186	CheckV-012012	69.3	71.2	1.7668857142857142	4.371028571428571	2	1.0
k141_42714	5139	NA	NA	NA	NA	NA	0	NA	NA	NA	NA	NA	0	1.0
k141_139356	1969	NA	73253.0	2.687944521043507	low	NA	1	CheckV-001133	22.3	51.85	3.43	11.81	1	1.0
k141_312486	1403	NA	80639.07209350826	1.7398513692879491	medium	9.83914388195859	8	CheckV-044818	45.6	53.56	2.1	4.6	1	1.0
k141_398479	3301	NA	38975.92830775858	8.469330028357273	low	18.8068221050936	33	CheckV-016188	40.6	26.55	NA	NA	0	1.0
k141_451897	5839	NA	188785.48272568348	3.0929285004845495	low	29.1005291005291	13	CheckV-062348	26.2	25.29	0.47	1.27	1	1.0
k141_334433	3539	NA	NA	NA	NA	NA	0	NA	NA	NA	NA	NA	0	1.0
k141_236777	3385	NA	NA	NA	NA	NA	0	NA	NA	NA	NA	NA	0	1.0
k141_215532	3856	NA	46939.29474670583	8.21486564893609	medium	6.36	95	CheckV-006244	41.73	83.21	4.786943005181347	9.567841105354058	2	1.0
k141_74774	10487	NA	573118.5055946036	1.829813537275308	low	20.6566983698812	5	CheckV-000616	34.5	14.57	0.8155051964220776	5.280311078213853	6	1.0
k141_118474	3023	NA	NA	NA	NA	NA	0	NA	NA	NA	NA	NA	0	1.0
k141_118494	4177	NA	78123.9895688108	5.346629150730893	low	14.0086581853272	27	CheckV-012191	28.8	38.3	3.6952226720647774	16.041214574898788	2	1.0
k141_215583	3411	NA	73697.77473251028	4.628362270611824	low	20.4541717367711	3	CheckV-020994	29.2	36.36	NA	NA	0	1.0
k141_549875	6583	NA	56079.54632807744	11.738682694556818	medium	5.25388435047253	4	CheckV-014985	48.34	72.51	8.299704142011834	14.318106508875738	3	1.0
k141_139475	1226	NA	NA	NA	NA	NA	0	NA	NA	NA	0.5460396039603962	0.7420792079207921	2	1.0
k141_592963	5520	NA	59758.0	9.237256936309782	low	26.2236590521136	1	CheckV-005091	22.7	29.41	NA	NA	0	1.0
k141_420636	4816	NA	NA	NA	NA	NA	0	NA	NA	NA	NA	NA	0	1.0
k141_592972	1824	NA	47085.86841586411	3.8737737273747728	low	10.7660094224394	3	CheckV-052246	40.73	92.49	1.5	10.4	1	1.0
k141_236884	6817	NA	184950.46100788895	3.6858518561406695	low	27.3188716901985	2	CheckV-000436	25.3	18.17	NA	NA	0	1.0
k141_74892	4904	NA	106269.41017478776	4.61468638240684	low	10.6438896189225	16	CheckV-044818	52.18	31.65	7.41	12.88	1	1.0
k141_215720	1225	NA	32188.999999999996	3.805647892137066	medium	6.03013749241285	1	CheckV-044737	51.3	76.24	2.37	3.94	1	1.0
k141_625642	1673	NA	44182.79448261264	3.7865418418891084	low	21.1660950514454	18	CheckV-013535	28.9	42.73	2.5	5.49	1	1.0
k141_690188	1820	NA	62631.216333667515	2.905899177023736	low	18.4248232254532	19	CheckV-041611	31.1	62.87	0.38999999999999996	1.43	1	1.08
k141_452149	5901	NA	22823.346697547524	25.85510389076327	low	25.7555927270877	17	CheckV-000525	28.4	16.37	NA	NA	0	1.0
k141_593105	2055	NA	31898.12213205603	6.442385515650236	medium	8.41622724100411	156	CheckV-061276	50.3	27.9	4.32	7.630000000000001	1	1.0
k141_74984	1567	NA	NA	NA	NA	NA	0	NA	NA	NA	NA	NA	0	1.0
k141_344807	1157	NA	36603.0	3.1609430920962764	medium	5.68494985837863	1	CheckV-060046	61.7	75.77	1.03	3.88	1	1.0
k141_528613	1094	NA	NA	NA	NA	NA	0	NA	NA	NA	NA	NA	0	1.0
k141_550102	1926	NA	63097.542084659406	3.0524168396541373	high	4.93937043075139	255	CheckV-020142	49.7	51.61	2.388454224166947	4.670516661056883	3	1.0
k141_528641	1567	NA	106233.0	1.4750595389379948	high	1.80948758354616	1	CheckV-000545	84.29	87.88	NA	NA	0	1.0
k141_247879	3478	NA	58072.0	5.989116958258713	low	10.5990783410138	1	CheckV-052246	44.97	90.82	3.004350000000001	10.750940000000002	2	1.0
k141_291140	2682	NA	307447.5832971985	0.8723438223963553	high	3.52719593630501	14	CheckV-019141	60.7	78.68	1.4	3.45	1	1.0
k141_625784	1077	NA	37612.13200098691	2.8634377864348144	low	18.3455780942327	21	CheckV-003826	32.4	66.48	1.7250777202072538	3.302538860103627	2	1.0
k141_237137	2107	NA	NA	NA	NA	NA	0	NA	NA	NA	NA	NA	0	1.0
k141_248045	4493	NA	NA	NA	NA	NA	0	NA	NA	NA	NA	NA	0	1.01
k141_399021	4926	NA	143855.0	3.424281394459699	low	25.0788091068301	1	CheckV-044766	32.1	10.34	NA	NA	0	1.0
k141_345032	1047	NA	244077.0	0.4289629911872073	low	19.0715755774068	1	CheckV-000715	31.2	100.0	NA	NA	0	1.0
k141_139915	2830	NA	347512.0796507964	0.8143601807579681	low	20.2028081123245	3	CheckV-043415	28.3	47.93	NA	NA	0	1.0
k141_75277	7170	NA	59472.11909289174	12.056069481568173	low	29.1005291005291	35	CheckV-026871	25.5	23.79	NA	NA	0	1.0
k141_248185	1042	NA	NA	NA	NA	NA	0	NA	NA	NA	NA	NA	0	1.0
k141_75315	2760	NA	50318.94826903603	5.4850113027866625	low	20.2028081123245	89	CheckV-058655	30.4	51.0	NA	NA	0	1.0
k141_237255	2567	NA	358334.9085470841	0.7163689439045273	medium	7.44985673352436	7	CheckV-000962	57.93	38.41	0.7292462311557789	2.0110887772194306	2	1.0
k141_150719	3497	NA	NA	NA	NA	NA	0	NA	NA	NA	1.04	3.4	1	1.0
k141_150746	1157	NA	167057.9090502039	0.6925742136831731	medium	7.29637658717869	98	CheckV-041987	51.11	100.0	0.4943243243243243	0.7517567567567568	2	1.0
k141_452887	4733	NA	134199.00583324878	3.526851760646475	low	13.0126738159548	14	CheckV-053374	43.7	26.36	NA	NA	0	1.0
k141_452979	6586	NA	NA	NA	NA	NA	0	NA	NA	NA	12.54	16.66	1	1.0
k141_453166	1028	NA	60427.57680595233	1.7012100341225966	medium	5.28180719139367	7	CheckV-008847	54.4	57.61	1.5328205128205128	2.438974358974359	2	1.0
