seq_name	length	topology	coordinates	n_genes	genetic_code	virus_score	fdr	n_hallmarks	marker_enrichment	taxonomy
k141_1877496	6168	No terminal repeats	NA	7	11	0.9837	NA	1	10.4227	Viruses;Duplodnaviria;Heunggongvirae;Uroviricota;Caudoviricetes;;
k141_966118	6277	No terminal repeats	NA	7	11	0.9837	NA	2	11.2705	Viruses;Duplodnaviria;Heunggongvirae;Uroviricota;Caudoviricetes;;
k141_1292492	6209	No terminal repeats	NA	7	11	0.9836	NA	1	11.7462	Viruses;Duplodnaviria;Heunggongvirae;Uroviricota;Caudoviricetes;;
k141_985635	3586	No terminal repeats	NA	9	11	0.9836	NA	1	15.2772	Viruses;Duplodnaviria;Heunggongvirae;Uroviricota;Caudoviricetes;;
k141_1602612	6745	No terminal repeats	NA	17	11	0.9836	NA	1	27.0781	Viruses;Duplodnaviria;Heunggongvirae;Uroviricota;Caudoviricetes;;
k141_1566154	4348	No terminal repeats	NA	5	11	0.9836	NA	3	8.5856	Viruses;Duplodnaviria;Heunggongvirae;Uroviricota;Caudoviricetes;;
k141_556064	4860	No terminal repeats	NA	10	11	0.9835	NA	2	16.9854	Viruses;Duplodnaviria;Heunggongvirae;Uroviricota;Caudoviricetes;;
k141_1480698	4073	No terminal repeats	NA	11	11	0.9835	NA	2	16.3452	Viruses;Duplodnaviria;Heunggongvirae;Uroviricota;Caudoviricetes;;Stanwilliamsviridae
k141_138809	9140	No terminal repeats	NA	11	11	0.9835	NA	0	18.6203	Viruses;Duplodnaviria;Heunggongvirae;Uroviricota;Caudoviricetes;;
k141_721056	6221	No terminal repeats	NA	8	11	0.9835	NA	1	13.5556	Viruses;Duplodnaviria;Heunggongvirae;Uroviricota;Caudoviricetes;;
k141_516103	7974	No terminal repeats	NA	7	11	0.9834	NA	1	12.0177	Viruses;Duplodnaviria;Heunggongvirae;Uroviricota;Caudoviricetes;;Kyanoviridae
k141_1369057	7930	No terminal repeats	NA	9	11	0.9834	NA	5	15.3224	Viruses;Duplodnaviria;Heunggongvirae;Uroviricota;Caudoviricetes;;Kyanoviridae
k141_376476	4109	No terminal repeats	NA	8	11	0.9834	NA	1	13.1367	Viruses;Duplodnaviria;Heunggongvirae;Uroviricota;Caudoviricetes;;
k141_936761	7036	No terminal repeats	NA	8	11	0.9834	NA	0	12.9407	Viruses;Duplodnaviria;Heunggongvirae;Uroviricota;Caudoviricetes;;
k141_690053	4949	No terminal repeats	NA	8	11	0.9834	NA	0	13.2554	Viruses;Duplodnaviria;Heunggongvirae;Uroviricota;Caudoviricetes;;
k141_484398	7570	No terminal repeats	NA	11	11	0.9834	NA	3	17.0276	Viruses;Duplodnaviria;Heunggongvirae;Uroviricota;Caudoviricetes;;
k141_987684	5752	No terminal repeats	NA	9	11	0.9834	NA	3	14.6762	Viruses;Duplodnaviria;Heunggongvirae;Uroviricota;Caudoviricetes;;
k141_76912	5657	No terminal repeats	NA	9	11	0.9833	NA	4	15.1697	Viruses;Duplodnaviria;Heunggongvirae;Uroviricota;Caudoviricetes;;
k141_884162	6337	No terminal repeats	NA	7	11	0.9833	NA	2	11.9569	Viruses;Duplodnaviria;Heunggongvirae;Uroviricota;Caudoviricetes;;
k141_778686	7324	No terminal repeats	NA	7	11	0.9833	NA	1	10.3056	Viruses;Duplodnaviria;Heunggongvirae;Uroviricota;Caudoviricetes;;
k141_756901	5682	No terminal repeats	NA	9	11	0.9833	NA	1	15.4024	Viruses;Duplodnaviria;Heunggongvirae;Uroviricota;Caudoviricetes;;
k141_771540	5585	No terminal repeats	NA	7	11	0.9833	NA	1	11.4709	Viruses;Duplodnaviria;Heunggongvirae;Uroviricota;Caudoviricetes;;
k141_332487	5542	No terminal repeats	NA	5	11	0.9833	NA	2	8.5756	Viruses;Duplodnaviria;Heunggongvirae;Uroviricota;Caudoviricetes;;
k141_1176286	3856	No terminal repeats	NA	6	11	0.9833	NA	2	10.3097	Viruses;Duplodnaviria;Heunggongvirae;Uroviricota;Caudoviricetes;;Stanwilliamsviridae
k141_1559009	9820	No terminal repeats	NA	14	11	0.9833	NA	1	21.0283	Viruses;Duplodnaviria;Heunggongvirae;Uroviricota;Caudoviricetes;;
k141_1724618	5941	No terminal repeats	NA	7	11	0.9833	NA	2	11.8389	Viruses;Duplodnaviria;Heunggongvirae;Uroviricota;Caudoviricetes;;
k141_1289382	4284	No terminal repeats	NA	8	11	0.9833	NA	1	13.7337	Viruses;Duplodnaviria;Heunggongvirae;Uroviricota;Caudoviricetes;;
k141_521437	7458	No terminal repeats	NA	9	11	0.9833	NA	0	13.4636	Viruses;Duplodnaviria;Heunggongvirae;Uroviricota;Caudoviricetes;;
k141_628959	7504	No terminal repeats	NA	6	11	0.9832	NA	0	10.1440	Viruses;Duplodnaviria;Heunggongvirae;Uroviricota;Caudoviricetes;;
k141_727213	3794	No terminal repeats	NA	5	11	0.9832	NA	4	8.5901	Viruses;Duplodnaviria;Heunggongvirae;Uroviricota;Caudoviricetes;;
k141_431589	9129	No terminal repeats	NA	12	11	0.9832	NA	5	17.7796	Viruses;Duplodnaviria;Heunggongvirae;Uroviricota;Caudoviricetes;;
k141_1171783	6011	No terminal repeats	NA	5	11	0.9832	NA	0	8.5914	Viruses;Duplodnaviria;Heunggongvirae;Uroviricota;Caudoviricetes;;
k141_1798031	7715	No terminal repeats	NA	12	11	0.9832	NA	1	18.1689	Viruses;Duplodnaviria;Heunggongvirae;Uroviricota;Caudoviricetes;;
k141_1119255	7995	No terminal repeats	NA	9	11	0.9832	NA	4	13.7451	Viruses;Duplodnaviria;Heunggongvirae;Uroviricota;Caudoviricetes;;Straboviridae
k141_1402383	9243	No terminal repeats	NA	13	11	0.9832	NA	4	22.1292	Viruses;Duplodnaviria;Heunggongvirae;Uroviricota;Caudoviricetes;;
k141_865715	3864	No terminal repeats	NA	6	11	0.9832	NA	3	10.0244	Viruses;Duplodnaviria;Heunggongvirae;Uroviricota;Caudoviricetes;;
k141_1543231	5903	No terminal repeats	NA	11	11	0.9832	NA	0	18.7144	Viruses;Duplodnaviria;Heunggongvirae;Uroviricota;Caudoviricetes;;
k141_697637	4245	No terminal repeats	NA	5	11	0.9832	NA	0	8.3366	Viruses;Duplodnaviria;Heunggongvirae;Uroviricota;Caudoviricetes;;Stanwilliamsviridae
k141_1866656	5519	No terminal repeats	NA	10	11	0.9832	NA	1	14.8155	Viruses;Duplodnaviria;Heunggongvirae;Uroviricota;Caudoviricetes;;
k141_418544	5568	No terminal repeats	NA	10	11	0.9832	NA	1	14.3702	Viruses;Duplodnaviria;Heunggongvirae;Uroviricota;Caudoviricetes;;
k141_1193759	6980	No terminal repeats	NA	9	11	0.9832	NA	1	12.9930	Viruses;Duplodnaviria;Heunggongvirae;Uroviricota;Caudoviricetes;;
k141_1021078	4569	No terminal repeats	NA	11	11	0.9832	NA	0	15.2156	Viruses;Duplodnaviria;Heunggongvirae;Uroviricota;Caudoviricetes;;Kyanoviridae
k141_808945	4773	No terminal repeats	NA	10	11	0.9832	NA	1	16.1931	Viruses;Duplodnaviria;Heunggongvirae;Uroviricota;Caudoviricetes;;
k141_1628212	4122	No terminal repeats	NA	8	11	0.9832	NA	1	13.5589	Viruses;Duplodnaviria;Heunggongvirae;Uroviricota;Caudoviricetes;;
k141_85627	9046	No terminal repeats	NA	11	11	0.9832	NA	2	16.9955	Viruses;Duplodnaviria;Heunggongvirae;Uroviricota;Caudoviricetes;;
k141_39420	6038	No terminal repeats	NA	7	11	0.9832	NA	4	12.0280	Viruses;Duplodnaviria;Heunggongvirae;Uroviricota;Caudoviricetes;;Kyanoviridae
k141_801069	4558	No terminal repeats	NA	14	11	0.9832	NA	0	17.2406	Viruses;Duplodnaviria;Heunggongvirae;Uroviricota;Caudoviricetes;;
k141_418342	5792	No terminal repeats	NA	10	11	0.9831	NA	1	14.3702	Viruses;Duplodnaviria;Heunggongvirae;Uroviricota;Caudoviricetes;;
k141_327967	6657	No terminal repeats	NA	18	11	0.9831	NA	0	27.4925	Viruses;Duplodnaviria;Heunggongvirae;Uroviricota;Caudoviricetes;;Kyanoviridae
k141_1575478	4640	No terminal repeats	NA	9	11	0.9831	NA	0	14.3414	Viruses;Duplodnaviria;Heunggongvirae;Uroviricota;Caudoviricetes;;
k141_1932215	6815	No terminal repeats	NA	6	11	0.9831	NA	2	10.3035	Viruses;Duplodnaviria;Heunggongvirae;Uroviricota;Caudoviricetes;;
k141_1040615	6891	No terminal repeats	NA	10	11	0.9831	NA	0	16.3697	Viruses;Duplodnaviria;Heunggongvirae;Uroviricota;Caudoviricetes;;
k141_552262	4144	No terminal repeats	NA	5	11	0.9831	NA	2	8.1083	Viruses;Duplodnaviria;Heunggongvirae;Uroviricota;Caudoviricetes;;
k141_251141	6637	No terminal repeats	NA	14	11	0.9831	NA	2	22.2420	Viruses;Duplodnaviria;Heunggongvirae;Uroviricota;Caudoviricetes;;
k141_489667	3645	No terminal repeats	NA	9	11	0.9831	NA	1	14.9447	Viruses;Duplodnaviria;Heunggongvirae;Uroviricota;Caudoviricetes;;
k141_1438666	4910	No terminal repeats	NA	6	11	0.9831	NA	0	10.0549	Viruses;Duplodnaviria;Heunggongvirae;Uroviricota;Caudoviricetes;;Stanwilliamsviridae
k141_667598	6677	No terminal repeats	NA	10	11	0.9831	NA	2	15.2238	Viruses;Duplodnaviria;Heunggongvirae;Uroviricota;Caudoviricetes;;
k141_1190039	3945	No terminal repeats	NA	7	11	0.9831	NA	3	10.3097	Viruses;Duplodnaviria;Heunggongvirae;Uroviricota;Caudoviricetes;;
k141_1074401	3657	No terminal repeats	NA	7	11	0.9831	NA	0	11.6582	Viruses;Duplodnaviria;Heunggongvirae;Uroviricota;Caudoviricetes;;
k141_224744	5320	No terminal repeats	NA	5	11	0.9831	NA	4	8.5760	Viruses;Duplodnaviria;Heunggongvirae;Uroviricota;Caudoviricetes;;Autographiviridae
k141_949571	4461	No terminal repeats	NA	12	11	0.9831	NA	0	15.4622	Viruses;Duplodnaviria;Heunggongvirae;Uroviricota;Caudoviricetes;;
k141_1725164	6408	No terminal repeats	NA	11	11	0.9831	NA	0	14.5715	Viruses;Duplodnaviria;Heunggongvirae;Uroviricota;Caudoviricetes;;
k141_923081	5073	No terminal repeats	NA	10	11	0.9831	NA	0	16.7396	Viruses;Duplodnaviria;Heunggongvirae;Uroviricota;Caudoviricetes;;
k141_770081	7107	No terminal repeats	NA	8	11	0.9831	NA	1	12.9394	Viruses;Duplodnaviria;Heunggongvirae;Uroviricota;Caudoviricetes;;Kyanoviridae
k141_1045448	5189	No terminal repeats	NA	8	11	0.9831	NA	1	11.9295	Viruses;Duplodnaviria;Heunggongvirae;Uroviricota;Caudoviricetes;;
k141_386244	4036	No terminal repeats	NA	7	11	0.9831	NA	1	11.4198	Viruses;Duplodnaviria;Heunggongvirae;Uroviricota;Caudoviricetes;;
k141_661429	4180	No terminal repeats	NA	5	11	0.9831	NA	0	8.5827	Viruses;Duplodnaviria;Heunggongvirae;Uroviricota;Caudoviricetes;;
k141_960716	5521	No terminal repeats	NA	6	11	0.9830	NA	0	10.3097	Viruses;Duplodnaviria;Heunggongvirae;Uroviricota;Caudoviricetes;;
k141_1371226	9158	No terminal repeats	NA	10	11	0.9830	NA	7	17.1828	Viruses;Duplodnaviria;Heunggongvirae;Uroviricota;Caudoviricetes;;
k141_1474916	9347	No terminal repeats	NA	17	11	0.9830	NA	2	23.1912	Viruses;Duplodnaviria;Heunggongvirae;Uroviricota;Caudoviricetes;;
k141_1527734	3821	No terminal repeats	NA	8	11	0.9830	NA	0	13.7463	Viruses;Duplodnaviria;Heunggongvirae;Uroviricota;Caudoviricetes;;
k141_815778	8344	No terminal repeats	NA	10	11	0.9830	NA	4	17.1766	Viruses;Duplodnaviria;Heunggongvirae;Uroviricota;Caudoviricetes;;
k141_169128	6048	No terminal repeats	NA	8	11	0.9830	NA	4	11.9332	Viruses;Duplodnaviria;Heunggongvirae;Uroviricota;Caudoviricetes;;
k141_1598605	4938	No terminal repeats	NA	8	11	0.9830	NA	2	13.5572	Viruses;Duplodnaviria;Heunggongvirae;Uroviricota;Caudoviricetes;;Kyanoviridae
k141_1745816	3771	No terminal repeats	NA	11	11	0.9830	NA	0	16.4021	Viruses;Duplodnaviria;Heunggongvirae;Uroviricota;Caudoviricetes;;
k141_1307567	3877	No terminal repeats	NA	9	11	0.9830	NA	1	13.0867	Viruses;Duplodnaviria;Heunggongvirae;Uroviricota;Caudoviricetes;;
k141_1269515	3754	No terminal repeats	NA	9	11	0.9830	NA	1	14.8802	Viruses;Duplodnaviria;Heunggongvirae;Uroviricota;Caudoviricetes;;
k141_1831711	5848	No terminal repeats	NA	10	11	0.9830	NA	1	13.7438	Viruses;Duplodnaviria;Heunggongvirae;Uroviricota;Caudoviricetes;;
k141_1540974	6945	No terminal repeats	NA	14	11	0.9830	NA	2	16.6537	Viruses;Duplodnaviria;Heunggongvirae;Uroviricota;Caudoviricetes;Crassvirales;
k141_1134828	5278	No terminal repeats	NA	13	11	0.9830	NA	0	20.5843	Viruses;Duplodnaviria;Heunggongvirae;Uroviricota;Caudoviricetes;;
k141_1188911	4530	No terminal repeats	NA	6	11	0.9830	NA	2	10.2706	Viruses;Duplodnaviria;Heunggongvirae;Uroviricota;Caudoviricetes;;
k141_397255	7832	No terminal repeats	NA	7	11	0.9830	NA	6	9.7630	Viruses;Duplodnaviria;Heunggongvirae;Uroviricota;Caudoviricetes;;
k141_110997	5096	No terminal repeats	NA	11	11	0.9830	NA	0	13.5287	Viruses;Duplodnaviria;Heunggongvirae;Uroviricota;Caudoviricetes;;
k141_711045	6111	No terminal repeats	NA	6	11	0.9830	NA	3	10.3097	Viruses;Duplodnaviria;Heunggongvirae;Uroviricota;Caudoviricetes;;Kyanoviridae
k141_998369	8986	No terminal repeats	NA	12	11	0.9830	NA	1	19.9432	Viruses;Duplodnaviria;Heunggongvirae;Uroviricota;Caudoviricetes;;Kyanoviridae
k141_43069	4246	No terminal repeats	NA	6	11	0.9830	NA	0	10.0247	Viruses;Duplodnaviria;Heunggongvirae;Uroviricota;Caudoviricetes;;
k141_149539	4330	No terminal repeats	NA	7	11	0.9830	NA	0	10.2116	Viruses;Duplodnaviria;Heunggongvirae;Uroviricota;Caudoviricetes;;Stanwilliamsviridae
k141_1504393	6046	No terminal repeats	NA	12	11	0.9829	NA	1	16.3189	Viruses;Duplodnaviria;Heunggongvirae;Uroviricota;Caudoviricetes;;
k141_1686047	6620	No terminal repeats	NA	21	11	0.9829	NA	0	30.9486	Viruses;Duplodnaviria;Heunggongvirae;Uroviricota;Caudoviricetes;;Kyanoviridae
k141_1813750	4814	No terminal repeats	NA	9	11	0.9829	NA	0	14.4209	Viruses;Duplodnaviria;Heunggongvirae;Uroviricota;Caudoviricetes;;
k141_330764	5836	No terminal repeats	NA	7	11	0.9829	NA	2	10.8464	Viruses;Duplodnaviria;Heunggongvirae;Uroviricota;Caudoviricetes;;
k141_555355	7486	No terminal repeats	NA	10	11	0.9829	NA	2	16.3432	Viruses;Duplodnaviria;Heunggongvirae;Uroviricota;Caudoviricetes;;Stanwilliamsviridae
k141_788671	5827	No terminal repeats	NA	7	11	0.9829	NA	0	11.3035	Viruses;Duplodnaviria;Heunggongvirae;Uroviricota;Caudoviricetes;;
k141_159654	3771	No terminal repeats	NA	7	11	0.9829	NA	0	9.8030	Viruses;Duplodnaviria;Heunggongvirae;Uroviricota;Caudoviricetes;;
k141_834139	3543	No terminal repeats	NA	8	11	0.9829	NA	2	12.0130	Viruses;Duplodnaviria;Heunggongvirae;Uroviricota;Caudoviricetes;;
k141_149761	7146	No terminal repeats	NA	17	11	0.9829	NA	1	22.3377	Viruses;Duplodnaviria;Heunggongvirae;Uroviricota;Caudoviricetes;;
k141_1396149	3989	No terminal repeats	NA	13	11	0.9829	NA	0	14.7368	Viruses;Duplodnaviria;Heunggongvirae;Uroviricota;Caudoviricetes;;
k141_705428	4882	No terminal repeats	NA	15	11	0.9829	NA	0	22.0477	Viruses;Duplodnaviria;Heunggongvirae;Uroviricota;Caudoviricetes;;
k141_191772	7266	No terminal repeats	NA	10	11	0.9829	NA	0	15.3519	Viruses;Duplodnaviria;Heunggongvirae;Uroviricota;Caudoviricetes;;
k141_619758	4906	No terminal repeats	NA	16	11	0.9829	NA	0	21.7735	Viruses;Duplodnaviria;Heunggongvirae;Uroviricota;Caudoviricetes;;
k141_492467	5807	No terminal repeats	NA	5	11	0.9829	NA	0	8.5842	Viruses;Duplodnaviria;Heunggongvirae;Uroviricota;Caudoviricetes;;
k141_347226	4082	No terminal repeats	NA	6	11	0.9829	NA	2	10.3097	Viruses;Duplodnaviria;Heunggongvirae;Uroviricota;Caudoviricetes;;
k141_1685042	5631	No terminal repeats	NA	9	11	0.9829	NA	1	11.4166	Viruses;Duplodnaviria;Heunggongvirae;Uroviricota;Caudoviricetes;;
k141_1115406	3920	No terminal repeats	NA	7	11	0.9829	NA	0	9.9046	Viruses;Duplodnaviria;Heunggongvirae;Uroviricota;Caudoviricetes;;
k141_393534	9821	No terminal repeats	NA	11	11	0.9829	NA	6	18.9011	Viruses;Duplodnaviria;Heunggongvirae;Uroviricota;Caudoviricetes;;Kyanoviridae
k141_1514567	3822	No terminal repeats	NA	7	11	0.9829	NA	1	11.6999	Viruses;Duplodnaviria;Heunggongvirae;Uroviricota;Caudoviricetes;;
k141_536826	5281	No terminal repeats	NA	8	11	0.9829	NA	0	12.0280	Viruses;Duplodnaviria;Heunggongvirae;Uroviricota;Caudoviricetes;;
k141_1869713	5482	No terminal repeats	NA	5	11	0.9829	NA	1	8.3106	Viruses;Duplodnaviria;Heunggongvirae;Uroviricota;Caudoviricetes;;
k141_271338	4142	No terminal repeats	NA	7	11	0.9829	NA	1	10.3097	Viruses;Duplodnaviria;Heunggongvirae;Uroviricota;Caudoviricetes;;Stanwilliamsviridae
k141_1811550	4837	No terminal repeats	NA	13	11	0.9829	NA	0	16.3967	Viruses;Duplodnaviria;Heunggongvirae;Uroviricota;Caudoviricetes;;
k141_917188	4639	No terminal repeats	NA	9	11	0.9829	NA	0	12.3410	Viruses;Duplodnaviria;Heunggongvirae;Uroviricota;Caudoviricetes;;
k141_1869811	6625	No terminal repeats	NA	6	11	0.9829	NA	2	10.3097	Viruses;Duplodnaviria;Heunggongvirae;Uroviricota;Caudoviricetes;;
k141_260179	6581	No terminal repeats	NA	11	11	0.9829	NA	1	18.3007	Viruses;Duplodnaviria;Heunggongvirae;Uroviricota;Caudoviricetes;;Kyanoviridae
k141_995966	4041	No terminal repeats	NA	5	11	0.9829	NA	3	8.5914	Viruses;Duplodnaviria;Heunggongvirae;Uroviricota;Caudoviricetes;;
k141_253639	7884	No terminal repeats	NA	17	11	0.9828	NA	0	21.1143	Viruses;Duplodnaviria;Heunggongvirae;Uroviricota;Caudoviricetes;;
k141_1132930	5326	No terminal repeats	NA	5	11	0.9828	NA	1	8.3763	Viruses;Duplodnaviria;Heunggongvirae;Uroviricota;Caudoviricetes;;Stanwilliamsviridae
k141_181607	5399	No terminal repeats	NA	9	11	0.9828	NA	2	14.7912	Viruses;Duplodnaviria;Heunggongvirae;Uroviricota;Caudoviricetes;;
k141_130468	6249	No terminal repeats	NA	9	11	0.9828	NA	0	13.5587	Viruses;Duplodnaviria;Heunggongvirae;Uroviricota;Caudoviricetes;;
k141_1491106	6262	No terminal repeats	NA	11	11	0.9828	NA	2	11.2730	Viruses;Duplodnaviria;Heunggongvirae;Uroviricota;Caudoviricetes;;
k141_865893	9912	No terminal repeats	NA	21	11	0.9828	NA	2	26.9573	Viruses;Duplodnaviria;Heunggongvirae;Uroviricota;Caudoviricetes;;
k141_1811922	8600	No terminal repeats	NA	8	11	0.9828	NA	5	13.7442	Viruses;Duplodnaviria;Heunggongvirae;Uroviricota;Caudoviricetes;;Kyanoviridae
k141_493267	4701	No terminal repeats	NA	7	11	0.9828	NA	3	11.6818	Viruses;Duplodnaviria;Heunggongvirae;Uroviricota;Caudoviricetes;;
k141_1066752	6536	No terminal repeats	NA	8	11	0.9828	NA	0	11.1040	Viruses;Duplodnaviria;Heunggongvirae;Uroviricota;Caudoviricetes;;
k141_449179	4648	No terminal repeats	NA	6	11	0.9828	NA	4	9.3364	Viruses;Monodnaviria;Sangervirae;Phixviricota;Malgrandaviricetes;Petitvirales;Microviridae
k141_1171342	6191	No terminal repeats	NA	18	11	0.9828	NA	0	20.5671	Viruses;Duplodnaviria;Heunggongvirae;Uroviricota;Caudoviricetes;;
k141_1190055	4449	No terminal repeats	NA	7	11	0.9828	NA	0	11.5680	Viruses;Duplodnaviria;Heunggongvirae;Uroviricota;Caudoviricetes;;
k141_1653792	7213	No terminal repeats	NA	8	11	0.9828	NA	4	13.4215	Viruses;Duplodnaviria;Heunggongvirae;Uroviricota;Caudoviricetes;;Autographiviridae
k141_1932486	4872	No terminal repeats	NA	6	11	0.9828	NA	2	8.5698	Viruses;Duplodnaviria;Heunggongvirae;Uroviricota;Caudoviricetes;;
k141_386828	6478	No terminal repeats	NA	6	11	0.9828	NA	0	9.8660	Viruses;Duplodnaviria;Heunggongvirae;Uroviricota;Caudoviricetes;;Stanwilliamsviridae
k141_1369446	4980	No terminal repeats	NA	8	11	0.9828	NA	0	11.7021	Viruses;Duplodnaviria;Heunggongvirae;Uroviricota;Caudoviricetes;;
k141_584776	5442	No terminal repeats	NA	6	11	0.9828	NA	3	10.3097	Viruses;Duplodnaviria;Heunggongvirae;Uroviricota;Caudoviricetes;;Kyanoviridae
k141_949003	9314	No terminal repeats	NA	16	11	0.9828	NA	4	20.9266	Viruses;Duplodnaviria;Heunggongvirae;Uroviricota;Caudoviricetes;;
k141_1485161	6880	No terminal repeats	NA	8	11	0.9828	NA	0	10.3097	Viruses;Duplodnaviria;Heunggongvirae;Uroviricota;Caudoviricetes;Crassvirales;
k141_1796567	3519	No terminal repeats	NA	7	11	0.9828	NA	0	12.0280	Viruses;Duplodnaviria;Heunggongvirae;Uroviricota;Caudoviricetes;;
k141_1801700	4486	No terminal repeats	NA	7	11	0.9828	NA	2	10.3047	Viruses;Duplodnaviria;Heunggongvirae;Uroviricota;Caudoviricetes;;Kyanoviridae
k141_992868	7350	No terminal repeats	NA	16	11	0.9827	NA	1	23.3491	Viruses;Duplodnaviria;Heunggongvirae;Uroviricota;Caudoviricetes;;Stanwilliamsviridae
k141_1261282	8214	No terminal repeats	NA	5	11	0.9827	NA	0	8.2027	Viruses;Duplodnaviria;Heunggongvirae;Uroviricota;Caudoviricetes;;
k141_150849	7645	No terminal repeats	NA	6	11	0.9827	NA	1	8.0358	Viruses;Duplodnaviria;Heunggongvirae;Uroviricota;Caudoviricetes;;
k141_753326	6262	No terminal repeats	NA	6	11	0.9827	NA	2	8.1647	Viruses;Duplodnaviria;Heunggongvirae;Uroviricota;Caudoviricetes;;Stanwilliamsviridae
k141_599676	3879	No terminal repeats	NA	7	11	0.9827	NA	2	10.3097	Viruses;Duplodnaviria;Heunggongvirae;Uroviricota;Caudoviricetes;;
k141_942950	4339	No terminal repeats	NA	11	11	0.9827	NA	1	17.1530	Viruses;Duplodnaviria;Heunggongvirae;Uroviricota;Caudoviricetes;;
k141_1055439	3852	No terminal repeats	NA	11	11	0.9827	NA	0	12.0280	Viruses;Duplodnaviria;Heunggongvirae;Uroviricota;Caudoviricetes;;
k141_565828	5233	No terminal repeats	NA	9	11	0.9827	NA	0	13.7306	Viruses;Duplodnaviria;Heunggongvirae;Uroviricota;Caudoviricetes;;
k141_1137515	7846	No terminal repeats	NA	11	11	0.9827	NA	1	12.7951	Viruses;Duplodnaviria;Heunggongvirae;Uroviricota;Caudoviricetes;;Kyanoviridae
k141_1803193	4768	No terminal repeats	NA	11	11	0.9827	NA	0	12.0280	Viruses;Duplodnaviria;Heunggongvirae;Uroviricota;Caudoviricetes;;
k141_867823	8105	No terminal repeats	NA	21	11	0.9827	NA	0	23.1759	Viruses;Duplodnaviria;Heunggongvirae;Uroviricota;Caudoviricetes;;
k141_263562	5060	No terminal repeats	NA	9	11	0.9827	NA	0	10.5895	Viruses;Duplodnaviria;Heunggongvirae;Uroviricota;Caudoviricetes;;
k141_1918126	3595	No terminal repeats	NA	9	11	0.9827	NA	0	13.6942	Viruses;Duplodnaviria;Heunggongvirae;Uroviricota;Caudoviricetes;;
k141_1755342	7092	No terminal repeats	NA	21	11	0.9827	NA	1	22.5684	Viruses;Duplodnaviria;Heunggongvirae;Uroviricota;Caudoviricetes;;
k141_976472	5650	No terminal repeats	NA	9	11	0.9827	NA	2	10.3097	Viruses;Duplodnaviria;Heunggongvirae;Uroviricota;Caudoviricetes;;
k141_758697	4527	No terminal repeats	NA	7	11	0.9827	NA	1	10.2893	Viruses;Duplodnaviria;Heunggongvirae;Uroviricota;Caudoviricetes;;Kyanoviridae
k141_1244737	4700	No terminal repeats	NA	12	11	0.9827	NA	1	16.9213	Viruses;Duplodnaviria;Heunggongvirae;Uroviricota;Caudoviricetes;;Kyanoviridae
k141_187826	8248	No terminal repeats	NA	16	11	0.9827	NA	1	16.6835	Viruses;Duplodnaviria;Heunggongvirae;Uroviricota;Caudoviricetes;;
k141_935184	6656	No terminal repeats	NA	9	11	0.9827	NA	0	11.5621	Viruses;Duplodnaviria;Heunggongvirae;Uroviricota;Caudoviricetes;;
k141_1684857	4278	No terminal repeats	NA	10	11	0.9827	NA	0	13.7220	Viruses;Duplodnaviria;Heunggongvirae;Uroviricota;Caudoviricetes;;Kyanoviridae
k141_1603744	5042	No terminal repeats	NA	8	11	0.9827	NA	1	11.5924	Viruses;Duplodnaviria;Heunggongvirae;Uroviricota;Caudoviricetes;;
k141_476482	4752	No terminal repeats	NA	8	11	0.9827	NA	0	13.5019	Viruses;Duplodnaviria;Heunggongvirae;Uroviricota;Caudoviricetes;;Kyanoviridae
k141_1530806	6811	No terminal repeats	NA	8	11	0.9826	NA	3	12.1948	Viruses;Duplodnaviria;Heunggongvirae;Uroviricota;Caudoviricetes;;Stanwilliamsviridae
k141_1022298	3778	No terminal repeats	NA	11	11	0.9826	NA	2	17.9606	Viruses;Duplodnaviria;Heunggongvirae;Uroviricota;Caudoviricetes;;
k141_1829230	4552	No terminal repeats	NA	7	11	0.9826	NA	3	11.7031	Viruses;Duplodnaviria;Heunggongvirae;Uroviricota;Caudoviricetes;;
k141_1165320	7841	No terminal repeats	NA	11	11	0.9826	NA	4	15.4611	Viruses;Duplodnaviria;Heunggongvirae;Uroviricota;Caudoviricetes;;Autographiviridae
k141_69529	5421	No terminal repeats	NA	13	11	0.9826	NA	0	17.1671	Viruses;Duplodnaviria;Heunggongvirae;Uroviricota;Caudoviricetes;;
k141_512422	9042	No terminal repeats	NA	10	11	0.9826	NA	2	17.1766	Viruses;Duplodnaviria;Heunggongvirae;Uroviricota;Caudoviricetes;;
k141_669183	6345	No terminal repeats	NA	5	11	0.9826	NA	1	6.8731	Viruses;Duplodnaviria;Heunggongvirae;Uroviricota;Caudoviricetes;;
k141_253367	7115	No terminal repeats	NA	9	11	0.9826	NA	1	14.0446	Viruses;Duplodnaviria;Heunggongvirae;Uroviricota;Caudoviricetes;;Kyanoviridae
k141_958298	4124	No terminal repeats	NA	10	11	0.9826	NA	2	15.0057	Viruses;Duplodnaviria;Heunggongvirae;Uroviricota;Caudoviricetes;;
k141_454346	3868	No terminal repeats	NA	5	11	0.9826	NA	1	8.5318	Viruses;Duplodnaviria;Heunggongvirae;Uroviricota;Caudoviricetes;;
k141_55514	3784	No terminal repeats	NA	7	11	0.9826	NA	1	12.0280	Viruses;Duplodnaviria;Heunggongvirae;Uroviricota;Caudoviricetes;;
k141_1883677	4021	No terminal repeats	NA	6	11	0.9826	NA	2	10.3035	Viruses;Duplodnaviria;Heunggongvirae;Uroviricota;Caudoviricetes;;
k141_1607802	4486	No terminal repeats	NA	8	11	0.9826	NA	0	11.6957	Viruses;Duplodnaviria;Heunggongvirae;Uroviricota;Caudoviricetes;;
k141_826660	5625	No terminal repeats	NA	6	11	0.9826	NA	1	10.3060	Viruses;Duplodnaviria;Heunggongvirae;Uroviricota;Caudoviricetes;;
k141_805757	3601	No terminal repeats	NA	5	11	0.9826	NA	1	6.8731	Viruses;Varidnaviria;Bamfordvirae;Nucleocytoviricota;Megaviricetes;Algavirales;Phycodnaviridae
k141_27173	6379	No terminal repeats	NA	9	11	0.9826	NA	1	10.3097	Viruses;Duplodnaviria;Heunggongvirae;Uroviricota;Caudoviricetes;;
k141_447463	3593	No terminal repeats	NA	6	11	0.9826	NA	0	9.7846	Viruses;Duplodnaviria;Heunggongvirae;Uroviricota;Caudoviricetes;;
k141_716432	7174	No terminal repeats	NA	10	11	0.9826	NA	0	11.5522	Viruses;Duplodnaviria;Heunggongvirae;Uroviricota;Caudoviricetes;;Stanwilliamsviridae
k141_1180554	3890	No terminal repeats	NA	13	11	0.9826	NA	0	16.8840	Viruses;Duplodnaviria;Heunggongvirae;Uroviricota;Caudoviricetes;;
k141_398209	4481	No terminal repeats	NA	14	11	0.9826	NA	0	18.0120	Viruses;Duplodnaviria;Heunggongvirae;Uroviricota;Caudoviricetes;;
k141_1378897	4628	No terminal repeats	NA	7	11	0.9826	NA	0	9.1596	Viruses;Duplodnaviria;Heunggongvirae;Uroviricota;Caudoviricetes;;
k141_1616754	7032	No terminal repeats	NA	11	11	0.9826	NA	1	18.5415	Viruses;Duplodnaviria;Heunggongvirae;Uroviricota;Caudoviricetes;;Kyanoviridae
k141_1249459	5809	No terminal repeats	NA	6	11	0.9826	NA	2	8.5914	Viruses;Duplodnaviria;Heunggongvirae;Uroviricota;Caudoviricetes;;
k141_1433397	7163	No terminal repeats	NA	7	11	0.9826	NA	0	11.7081	Viruses;Duplodnaviria;Heunggongvirae;Uroviricota;Caudoviricetes;;
k141_130002	3998	No terminal repeats	NA	8	11	0.9825	NA	1	9.8813	Viruses;Duplodnaviria;Heunggongvirae;Uroviricota;Caudoviricetes;;
k141_1050444	5351	No terminal repeats	NA	10	11	0.9825	NA	2	13.1838	Viruses;Duplodnaviria;Heunggongvirae;Uroviricota;Caudoviricetes;;
k141_688459	6154	No terminal repeats	NA	9	11	0.9825	NA	0	10.9882	Viruses;Duplodnaviria;Heunggongvirae;Uroviricota;Caudoviricetes;;Kyanoviridae
k141_692886	4112	No terminal repeats	NA	6	15	0.9825	NA	0	10.2795	Viruses;Duplodnaviria;Heunggongvirae;Uroviricota;Caudoviricetes;;Kyanoviridae
k141_352827	6527	No terminal repeats	NA	10	11	0.9825	NA	1	13.4911	Viruses;Duplodnaviria;Heunggongvirae;Uroviricota;Caudoviricetes;;
k141_1753533	38354	No terminal repeats	NA	47	11	0.9825	NA	4	64.3785	Viruses;Duplodnaviria;Heunggongvirae;Uroviricota;Caudoviricetes;;
k141_571007	8264	No terminal repeats	NA	9	11	0.9825	NA	2	11.9919	Viruses;Duplodnaviria;Heunggongvirae;Uroviricota;Caudoviricetes;;
k141_752883	3928	No terminal repeats	NA	7	11	0.9825	NA	0	9.9029	Viruses;Duplodnaviria;Heunggongvirae;Uroviricota;Caudoviricetes;;
k141_1438758	6198	No terminal repeats	NA	9	11	0.9825	NA	1	15.0126	Viruses;Duplodnaviria;Heunggongvirae;Uroviricota;Caudoviricetes;;
k141_180673	3670	No terminal repeats	NA	7	11	0.9825	NA	0	10.9547	Viruses;Duplodnaviria;Heunggongvirae;Uroviricota;Caudoviricetes;;
k141_702620	37932	DTR	NA	61	11	0.9825	NA	4	55.9079	Viruses;Duplodnaviria;Heunggongvirae;Uroviricota;Caudoviricetes;;
k141_1044356	3639	No terminal repeats	NA	9	11	0.9825	NA	0	13.6597	Viruses;Duplodnaviria;Heunggongvirae;Uroviricota;Caudoviricetes;;
k141_422941	4530	No terminal repeats	NA	12	11	0.9825	NA	1	18.3798	Viruses;Duplodnaviria;Heunggongvirae;Uroviricota;Caudoviricetes;;
k141_1672878	6256	No terminal repeats	NA	7	11	0.9825	NA	0	8.5914	Viruses;Duplodnaviria;Heunggongvirae;Uroviricota;Caudoviricetes;;Stanwilliamsviridae
k141_1307842	9940	No terminal repeats	NA	20	11	0.9825	NA	2	22.1531	Viruses;Duplodnaviria;Heunggongvirae;Uroviricota;Caudoviricetes;;
k141_512661	3619	No terminal repeats	NA	7	11	0.9825	NA	2	10.8535	Viruses;Duplodnaviria;Heunggongvirae;Uroviricota;Caudoviricetes;;Kyanoviridae
k141_598774	6092	No terminal repeats	NA	10	11	0.9825	NA	1	14.9255	Viruses;Duplodnaviria;Heunggongvirae;Uroviricota;Caudoviricetes;;
k141_575634	3559	No terminal repeats	NA	7	11	0.9825	NA	1	8.5884	Viruses;Duplodnaviria;Heunggongvirae;Uroviricota;Caudoviricetes;;
k141_1007789	9187	No terminal repeats	NA	29	11	0.9825	NA	0	34.7888	Viruses;Duplodnaviria;Heunggongvirae;Uroviricota;Caudoviricetes;;
k141_704677	7831	No terminal repeats	NA	9	11	0.9825	NA	0	13.6981	Viruses;Duplodnaviria;Heunggongvirae;Uroviricota;Caudoviricetes;;
k141_257767	6245	No terminal repeats	NA	7	11	0.9825	NA	2	10.3097	Viruses;Duplodnaviria;Heunggongvirae;Uroviricota;Caudoviricetes;;
k141_884492	7435	No terminal repeats	NA	8	11	0.9825	NA	1	13.3639	Viruses;Duplodnaviria;Heunggongvirae;Uroviricota;Caudoviricetes;;
k141_1849966	6239	No terminal repeats	NA	7	11	0.9825	NA	4	12.0280	Viruses;Duplodnaviria;Heunggongvirae;Uroviricota;Caudoviricetes;;
k141_1051118	5971	No terminal repeats	NA	10	11	0.9824	NA	0	11.8422	Viruses;Duplodnaviria;Heunggongvirae;Uroviricota;Caudoviricetes;;
k141_1700967	4689	No terminal repeats	NA	5	11	0.9824	NA	1	8.5814	Viruses;Duplodnaviria;Heunggongvirae;Uroviricota;Caudoviricetes;;
k141_610842	8768	No terminal repeats	NA	17	11	0.9824	NA	0	23.2534	Viruses;Duplodnaviria;Heunggongvirae;Uroviricota;Caudoviricetes;;
k141_261251	4732	No terminal repeats	NA	8	11	0.9824	NA	0	11.8530	Viruses;Duplodnaviria;Heunggongvirae;Uroviricota;Caudoviricetes;;Kyanoviridae
k141_865644	6096	No terminal repeats	NA	9	11	0.9824	NA	1	14.3437	Viruses;Duplodnaviria;Heunggongvirae;Uroviricota;Caudoviricetes;;
k141_154807	3637	No terminal repeats	NA	7	11	0.9824	NA	1	11.9664	Viruses;Duplodnaviria;Heunggongvirae;Uroviricota;Caudoviricetes;;
k141_811671	6892	No terminal repeats	NA	9	11	0.9824	NA	0	11.9712	Viruses;Duplodnaviria;Heunggongvirae;Uroviricota;Caudoviricetes;;
k141_840338	5227	No terminal repeats	NA	17	11	0.9824	NA	0	21.5109	Viruses;Duplodnaviria;Heunggongvirae;Uroviricota;Caudoviricetes;;
k141_421269	3681	No terminal repeats	NA	8	11	0.9824	NA	0	8.5496	Viruses;Duplodnaviria;Heunggongvirae;Uroviricota;Caudoviricetes;;
k141_1561512	4777	No terminal repeats	NA	9	11	0.9824	NA	1	15.3572	Viruses;Duplodnaviria;Heunggongvirae;Uroviricota;Caudoviricetes;;
k141_252107	5688	No terminal repeats	NA	7	11	0.9824	NA	4	11.8670	Viruses;Duplodnaviria;Heunggongvirae;Uroviricota;Caudoviricetes;;
k141_1119595	4506	No terminal repeats	NA	9	11	0.9824	NA	2	13.1348	Viruses;Duplodnaviria;Heunggongvirae;Uroviricota;Caudoviricetes;;Autographiviridae
k141_1477814	4995	No terminal repeats	NA	11	11	0.9824	NA	0	13.0580	Viruses;Duplodnaviria;Heunggongvirae;Uroviricota;Caudoviricetes;;
k141_1672478	4996	No terminal repeats	NA	5	11	0.9824	NA	0	8.5914	Viruses;Duplodnaviria;Heunggongvirae;Uroviricota;Caudoviricetes;;
k141_1435967	4320	No terminal repeats	NA	12	11	0.9824	NA	0	18.2913	Viruses;Duplodnaviria;Heunggongvirae;Uroviricota;Caudoviricetes;;
k141_1771257	6342	No terminal repeats	NA	8	11	0.9823	NA	4	11.5102	Viruses;Duplodnaviria;Heunggongvirae;Uroviricota;Caudoviricetes;;Kyanoviridae
k141_1275105	5112	No terminal repeats	NA	7	11	0.9823	NA	1	8.5914	Viruses;Duplodnaviria;Heunggongvirae;Uroviricota;Caudoviricetes;;
k141_190925	6755	No terminal repeats	NA	5	11	0.9823	NA	0	7.8323	Viruses;Duplodnaviria;Heunggongvirae;Uroviricota;Caudoviricetes;;
k141_1417641	4663	No terminal repeats	NA	5	11	0.9823	NA	2	6.8731	Viruses;Duplodnaviria;Heunggongvirae;Uroviricota;Caudoviricetes;;
k141_1060163	5318	No terminal repeats	NA	6	11	0.9823	NA	2	8.5914	Viruses;Duplodnaviria;Heunggongvirae;Uroviricota;Caudoviricetes;;
k141_1630565	7264	No terminal repeats	NA	7	11	0.9823	NA	4	8.3991	Viruses;Duplodnaviria;Heunggongvirae;Uroviricota;Caudoviricetes;;
k141_345244	9687	No terminal repeats	NA	14	11	0.9823	NA	0	16.0150	Viruses;Duplodnaviria;Heunggongvirae;Uroviricota;Caudoviricetes;;
k141_1756994	6150	No terminal repeats	NA	8	11	0.9823	NA	0	10.0129	Viruses;Duplodnaviria;Heunggongvirae;Uroviricota;Caudoviricetes;;
k141_1907349	4430	No terminal repeats	NA	5	11	0.9823	NA	2	6.8150	Viruses;Duplodnaviria;Heunggongvirae;Uroviricota;Caudoviricetes;;
k141_1494747	2680	No terminal repeats	NA	7	11	0.9823	NA	0	12.0109	Viruses;Duplodnaviria;Heunggongvirae;Uroviricota;Caudoviricetes;;
k141_259577	4059	No terminal repeats	NA	9	11	0.9823	NA	1	11.4144	Viruses;Duplodnaviria;Heunggongvirae;Uroviricota;Caudoviricetes;;Kyanoviridae
k141_865162	5310	No terminal repeats	NA	12	11	0.9823	NA	0	13.6649	Viruses;Duplodnaviria;Heunggongvirae;Uroviricota;Caudoviricetes;;
k141_936253	5170	No terminal repeats	NA	6	11	0.9823	NA	0	8.5914	Viruses;Varidnaviria;Bamfordvirae;Nucleocytoviricota;Megaviricetes;Algavirales;Phycodnaviridae
k141_224327	7033	No terminal repeats	NA	11	11	0.9823	NA	8	15.4645	Viruses;Duplodnaviria;Heunggongvirae;Uroviricota;Caudoviricetes;;
k141_927224	5253	No terminal repeats	NA	6	11	0.9823	NA	2	8.5904	Viruses;Duplodnaviria;Heunggongvirae;Uroviricota;Caudoviricetes;;
k141_1779720	4479	No terminal repeats	NA	10	11	0.9823	NA	0	14.9828	Viruses;Duplodnaviria;Heunggongvirae;Uroviricota;Caudoviricetes;;Stanwilliamsviridae
k141_1587480	5356	No terminal repeats	NA	9	11	0.9823	NA	1	11.5256	Viruses;Duplodnaviria;Heunggongvirae;Uroviricota;Caudoviricetes;;
k141_186546	6117	No terminal repeats	NA	10	11	0.9823	NA	3	13.7463	Viruses;Duplodnaviria;Heunggongvirae;Uroviricota;Caudoviricetes;;
k141_117966	5776	No terminal repeats	NA	12	11	0.9822	NA	0	15.2569	Viruses;Duplodnaviria;Heunggongvirae;Uroviricota;Caudoviricetes;;
k141_1266135	5746	No terminal repeats	NA	10	11	0.9822	NA	2	14.3359	Viruses;Duplodnaviria;Heunggongvirae;Uroviricota;Caudoviricetes;;
k141_952216	3887	No terminal repeats	NA	8	11	0.9822	NA	0	12.0280	Viruses;Duplodnaviria;Heunggongvirae;Uroviricota;Caudoviricetes;;
k141_686875	7170	No terminal repeats	NA	14	11	0.9822	NA	1	19.3914	Viruses;Duplodnaviria;Heunggongvirae;Uroviricota;Caudoviricetes;;
k141_1933967	33106	No terminal repeats	NA	44	11	0.9822	NA	5	26.2991	Viruses;Duplodnaviria;Heunggongvirae;Uroviricota;Caudoviricetes;;
k141_1559899	8445	No terminal repeats	NA	19	11	0.9822	NA	4	16.2243	Viruses;Duplodnaviria;Heunggongvirae;Uroviricota;Caudoviricetes;;
k141_1922560	8728	No terminal repeats	NA	9	11	0.9822	NA	1	9.7326	Viruses;Duplodnaviria;Heunggongvirae;Uroviricota;Caudoviricetes;;
k141_1270169	6839	No terminal repeats	NA	9	11	0.9822	NA	0	10.8658	Viruses;Duplodnaviria;Heunggongvirae;Uroviricota;Caudoviricetes;;
k141_1674015	7117	No terminal repeats	NA	8	11	0.9822	NA	2	11.9031	Viruses;Duplodnaviria;Heunggongvirae;Uroviricota;Caudoviricetes;;
k141_1948492	6749	No terminal repeats	NA	12	11	0.9822	NA	0	17.0238	Viruses;Duplodnaviria;Heunggongvirae;Uroviricota;Caudoviricetes;;Kyanoviridae
k141_129542	3888	No terminal repeats	NA	6	11	0.9822	NA	1	9.8785	Viruses;Duplodnaviria;Heunggongvirae;Uroviricota;Caudoviricetes;;Autographiviridae
k141_421555	5099	No terminal repeats	NA	6	11	0.9822	NA	0	8.4007	Viruses;Duplodnaviria;Heunggongvirae;Uroviricota;Caudoviricetes;;
k141_933362	4374	No terminal repeats	NA	5	11	0.9822	NA	0	6.8638	Viruses;Duplodnaviria;Heunggongvirae;Uroviricota;Caudoviricetes;;Autographiviridae
k141_394562	6215	No terminal repeats	NA	9	11	0.9822	NA	0	8.0245	Viruses;Varidnaviria;Bamfordvirae;Nucleocytoviricota;Megaviricetes;;
k141_381570	9421	No terminal repeats	NA	7	11	0.9822	NA	1	8.5914	Viruses;Duplodnaviria;Heunggongvirae;Uroviricota;Caudoviricetes;;
k141_1369797	4148	No terminal repeats	NA	13	11	0.9822	NA	0	13.1899	Viruses;Duplodnaviria;Heunggongvirae;Uroviricota;Caudoviricetes;;
k141_1762733	8427	No terminal repeats	NA	6	15	0.9822	NA	2	6.8731	Viruses;Duplodnaviria;Heunggongvirae;Uroviricota;Caudoviricetes;;
k141_599284	4126	No terminal repeats	NA	8	11	0.9822	NA	1	11.9954	Viruses;Duplodnaviria;Heunggongvirae;Uroviricota;Caudoviricetes;;
k141_863369	7589	No terminal repeats	NA	7	11	0.9822	NA	2	12.0119	Viruses;Duplodnaviria;Heunggongvirae;Uroviricota;Caudoviricetes;;
k141_964045	7153	No terminal repeats	NA	8	11	0.9822	NA	0	12.0280	Viruses;Duplodnaviria;Heunggongvirae;Uroviricota;Caudoviricetes;;
k141_370247	2896	No terminal repeats	NA	7	11	0.9822	NA	0	10.3070	Viruses;Duplodnaviria;Heunggongvirae;Uroviricota;Caudoviricetes;;Kyanoviridae
k141_1801932	7103	No terminal repeats	NA	14	11	0.9822	NA	1	14.3784	Viruses;Duplodnaviria;Heunggongvirae;Uroviricota;Caudoviricetes;;
k141_1678243	5558	No terminal repeats	NA	7	11	0.9822	NA	2	10.3097	Viruses;Duplodnaviria;Heunggongvirae;Uroviricota;Caudoviricetes;;
k141_785601	4140	No terminal repeats	NA	8	11	0.9822	NA	0	9.8148	Viruses;Duplodnaviria;Heunggongvirae;Uroviricota;Caudoviricetes;;
k141_451807	4319	No terminal repeats	NA	5	11	0.9822	NA	0	8.5914	Viruses;Duplodnaviria;Heunggongvirae;Uroviricota;Caudoviricetes;;Kyanoviridae
k141_736681	9805	No terminal repeats	NA	7	11	0.9822	NA	0	10.3097	Viruses;Duplodnaviria;Heunggongvirae;Uroviricota;Caudoviricetes;;
k141_532189	4240	No terminal repeats	NA	8	11	0.9821	NA	3	11.3230	Viruses;Duplodnaviria;Heunggongvirae;Uroviricota;Caudoviricetes;;Kyanoviridae
k141_1517651	6409	No terminal repeats	NA	6	11	0.9821	NA	3	9.3613	Viruses;Duplodnaviria;Heunggongvirae;Uroviricota;Caudoviricetes;;
k141_402422	3508	No terminal repeats	NA	7	11	0.9821	NA	0	11.0946	Viruses;Duplodnaviria;Heunggongvirae;Uroviricota;Caudoviricetes;;Stanwilliamsviridae
k141_1856337	9278	No terminal repeats	NA	14	11	0.9821	NA	2	17.1791	Viruses;Duplodnaviria;Heunggongvirae;Uroviricota;Caudoviricetes;;
k141_1075173	6150	No terminal repeats	NA	15	11	0.9821	NA	2	13.1693	Viruses;Duplodnaviria;Heunggongvirae;Uroviricota;Caudoviricetes;;
k141_713176	8361	No terminal repeats	NA	11	11	0.9821	NA	1	13.7217	Viruses;Duplodnaviria;Heunggongvirae;Uroviricota;Caudoviricetes;;
k141_952862	3505	No terminal repeats	NA	10	11	0.9821	NA	0	13.7463	Viruses;Duplodnaviria;Heunggongvirae;Uroviricota;Caudoviricetes;;
k141_637081	3955	No terminal repeats	NA	5	11	0.9821	NA	4	7.3321	Viruses;Duplodnaviria;Heunggongvirae;Uroviricota;Caudoviricetes;;
k141_959478	4596	No terminal repeats	NA	5	11	0.9821	NA	1	8.4572	Viruses;Duplodnaviria;Heunggongvirae;Uroviricota;Caudoviricetes;;
k141_41550	7410	No terminal repeats	NA	19	11	0.9821	NA	0	19.7353	Viruses;Duplodnaviria;Heunggongvirae;Uroviricota;Caudoviricetes;;
k141_1600756	3646	No terminal repeats	NA	9	11	0.9821	NA	0	10.1352	Viruses;Duplodnaviria;Heunggongvirae;Uroviricota;Caudoviricetes;;
k141_1441778	8483	No terminal repeats	NA	6	11	0.9821	NA	3	10.0218	Viruses;Duplodnaviria;Heunggongvirae;Uroviricota;Caudoviricetes;;
k141_956865	4741	No terminal repeats	NA	5	11	0.9821	NA	1	6.4604	Viruses;Duplodnaviria;Heunggongvirae;Uroviricota;Caudoviricetes;;
k141_72697	4826	No terminal repeats	NA	12	11	0.9821	NA	1	13.6031	Viruses;Duplodnaviria;Heunggongvirae;Uroviricota;Caudoviricetes;;
k141_1617638	3562	No terminal repeats	NA	10	11	0.9821	NA	0	11.3690	Viruses;Duplodnaviria;Heunggongvirae;Uroviricota;Caudoviricetes;;
k141_307670	4796	No terminal repeats	NA	10	11	0.9821	NA	1	15.3896	Viruses;Duplodnaviria;Heunggongvirae;Uroviricota;Caudoviricetes;;
k141_1296366	4693	No terminal repeats	NA	6	11	0.9820	NA	5	10.3097	Viruses;Duplodnaviria;Heunggongvirae;Uroviricota;Caudoviricetes;;
k141_16743	5858	No terminal repeats	NA	14	11	0.9820	NA	0	16.8638	Viruses;Duplodnaviria;Heunggongvirae;Uroviricota;Caudoviricetes;;Kyanoviridae
k141_1099885	5318	No terminal repeats	NA	8	11	0.9820	NA	1	11.9668	Viruses;Duplodnaviria;Heunggongvirae;Uroviricota;Caudoviricetes;;
k141_94301	6183	No terminal repeats	NA	12	11	0.9820	NA	1	12.9044	Viruses;Duplodnaviria;Heunggongvirae;Uroviricota;Caudoviricetes;;
k141_377123	3542	No terminal repeats	NA	6	11	0.9820	NA	1	6.6749	Viruses;Duplodnaviria;Heunggongvirae;Uroviricota;Caudoviricetes;;Autographiviridae
k141_940617	37024	DTR	NA	55	11	0.9820	NA	12	73.4082	Viruses;Duplodnaviria;Heunggongvirae;Uroviricota;Caudoviricetes;;
k141_679114	4943	No terminal repeats	NA	17	11	0.9820	NA	0	14.7595	Viruses;Duplodnaviria;Heunggongvirae;Uroviricota;Caudoviricetes;;
k141_585723	5871	No terminal repeats	NA	7	11	0.9820	NA	0	11.8024	Viruses;Duplodnaviria;Heunggongvirae;Uroviricota;Caudoviricetes;;
k141_1044201	6548	No terminal repeats	NA	17	11	0.9820	NA	1	14.6833	Viruses;Duplodnaviria;Heunggongvirae;Uroviricota;Caudoviricetes;;
k141_1931177	5254	No terminal repeats	NA	7	11	0.9820	NA	3	8.4247	Viruses;Duplodnaviria;Heunggongvirae;Uroviricota;Caudoviricetes;;Kyanoviridae
k141_1006066	3921	No terminal repeats	NA	6	11	0.9820	NA	0	8.2467	Viruses;Duplodnaviria;Heunggongvirae;Uroviricota;Caudoviricetes;;
k141_570675	6693	No terminal repeats	NA	16	11	0.9820	NA	1	21.8097	Viruses;Duplodnaviria;Heunggongvirae;Uroviricota;Caudoviricetes;;
k141_385601	4071	No terminal repeats	NA	8	11	0.9820	NA	1	9.6943	Viruses;Duplodnaviria;Heunggongvirae;Uroviricota;Caudoviricetes;;
k141_1788992	5572	No terminal repeats	NA	6	11	0.9820	NA	2	8.5882	Viruses;Duplodnaviria;Heunggongvirae;Uroviricota;Caudoviricetes;;
k141_260775	4285	No terminal repeats	NA	5	11	0.9820	NA	2	8.5914	Viruses;Duplodnaviria;Heunggongvirae;Uroviricota;Caudoviricetes;;
k141_1607795	5218	No terminal repeats	NA	9	11	0.9820	NA	1	11.3953	Viruses;Duplodnaviria;Heunggongvirae;Uroviricota;Caudoviricetes;;
k141_935355	5626	No terminal repeats	NA	14	11	0.9820	NA	1	15.9214	Viruses;Duplodnaviria;Heunggongvirae;Uroviricota;Caudoviricetes;;Stanwilliamsviridae
k141_690294	6116	No terminal repeats	NA	8	11	0.9820	NA	1	9.6323	Viruses;Duplodnaviria;Heunggongvirae;Uroviricota;Caudoviricetes;;
k141_1176081	9992	No terminal repeats	NA	31	11	0.9820	NA	1	33.7079	Viruses;Duplodnaviria;Heunggongvirae;Uroviricota;Caudoviricetes;;Kyanoviridae
k141_1690251	7944	No terminal repeats	NA	8	11	0.9820	NA	2	13.7463	Viruses;Duplodnaviria;Heunggongvirae;Uroviricota;Caudoviricetes;;
k141_1290672	5568	No terminal repeats	NA	9	11	0.9820	NA	1	13.7463	Viruses;Duplodnaviria;Heunggongvirae;Uroviricota;Caudoviricetes;;
k141_1471168	4656	No terminal repeats	NA	11	11	0.9819	NA	3	16.7377	Viruses;Duplodnaviria;Heunggongvirae;Uroviricota;Caudoviricetes;;
k141_901107	6262	No terminal repeats	NA	16	11	0.9819	NA	0	16.9666	Viruses;Duplodnaviria;Heunggongvirae;Uroviricota;Caudoviricetes;;
k141_1698903	7032	No terminal repeats	NA	16	11	0.9819	NA	0	19.0768	Viruses;Duplodnaviria;Heunggongvirae;Uroviricota;Caudoviricetes;;
k141_186937	4948	No terminal repeats	NA	13	11	0.9819	NA	0	14.6644	Viruses;Duplodnaviria;Heunggongvirae;Uroviricota;Caudoviricetes;;
k141_1445687	3632	No terminal repeats	NA	8	11	0.9819	NA	0	8.5221	Viruses;Duplodnaviria;Heunggongvirae;Uroviricota;Caudoviricetes;;
k141_50685	4669	No terminal repeats	NA	5	11	0.9819	NA	0	6.8687	Viruses;Duplodnaviria;Heunggongvirae;Uroviricota;Caudoviricetes;;
k141_998915	3892	No terminal repeats	NA	8	11	0.9819	NA	0	10.0915	Viruses;Duplodnaviria;Heunggongvirae;Uroviricota;Caudoviricetes;;
k141_553097	6714	No terminal repeats	NA	5	11	0.9819	NA	2	6.4999	Viruses;Duplodnaviria;Heunggongvirae;Uroviricota;Caudoviricetes;;
k141_1443661	5887	No terminal repeats	NA	9	11	0.9819	NA	1	11.4935	Viruses;Duplodnaviria;Heunggongvirae;Uroviricota;Caudoviricetes;;Kyanoviridae
k141_1563389	5349	No terminal repeats	NA	10	11	0.9819	NA	0	8.5757	Viruses;Duplodnaviria;Heunggongvirae;Uroviricota;Caudoviricetes;;Kyanoviridae
k141_1114630	4729	No terminal repeats	NA	5	11	0.9819	NA	3	6.8731	Viruses;Duplodnaviria;Heunggongvirae;Uroviricota;Caudoviricetes;;
k141_815776	5882	No terminal repeats	NA	8	11	0.9818	NA	1	13.7463	Viruses;Duplodnaviria;Heunggongvirae;Uroviricota;Caudoviricetes;;Kyanoviridae
k141_865795	9489	No terminal repeats	NA	16	11	0.9818	NA	5	21.3846	Viruses;Duplodnaviria;Heunggongvirae;Uroviricota;Caudoviricetes;;
k141_818597	9165	No terminal repeats	NA	11	11	0.9818	NA	5	16.6399	Viruses;Duplodnaviria;Heunggongvirae;Uroviricota;Caudoviricetes;;
k141_717171	4750	No terminal repeats	NA	7	11	0.9818	NA	0	8.1316	Viruses;Duplodnaviria;Heunggongvirae;Uroviricota;Caudoviricetes;;
k141_1624937	4208	No terminal repeats	NA	11	11	0.9818	NA	0	15.4111	Viruses;Duplodnaviria;Heunggongvirae;Uroviricota;Caudoviricetes;;Kyanoviridae
k141_145285	8155	No terminal repeats	NA	14	11	0.9818	NA	2	14.9111	Viruses;Duplodnaviria;Heunggongvirae;Uroviricota;Caudoviricetes;;
k141_1129880	7688	No terminal repeats	NA	6	11	0.9818	NA	0	8.5914	Viruses;Duplodnaviria;Heunggongvirae;Uroviricota;Caudoviricetes;;Kyanoviridae
k141_1852019	9559	No terminal repeats	NA	18	11	0.9818	NA	0	20.9431	Viruses;Duplodnaviria;Heunggongvirae;Uroviricota;Caudoviricetes;;
k141_802747	5036	No terminal repeats	NA	6	11	0.9818	NA	2	9.0289	Viruses;Duplodnaviria;Heunggongvirae;Uroviricota;Caudoviricetes;;
k141_373114	3876	No terminal repeats	NA	9	11	0.9818	NA	3	15.1397	Viruses;Duplodnaviria;Heunggongvirae;Uroviricota;Caudoviricetes;;Kyanoviridae
k141_191062	7972	No terminal repeats	NA	6	11	0.9818	NA	2	10.3043	Viruses;Duplodnaviria;Heunggongvirae;Uroviricota;Caudoviricetes;;
k141_1644929	9816	No terminal repeats	NA	8	11	0.9818	NA	1	11.9527	Viruses;Duplodnaviria;Heunggongvirae;Uroviricota;Caudoviricetes;;
k141_1575203	4316	No terminal repeats	NA	5	11	0.9818	NA	1	6.8038	Viruses;Duplodnaviria;Heunggongvirae;Uroviricota;Caudoviricetes;;
k141_1179219	5649	No terminal repeats	NA	7	11	0.9818	NA	0	11.7006	Viruses;Duplodnaviria;Heunggongvirae;Uroviricota;Caudoviricetes;;
k141_743787	8239	No terminal repeats	NA	17	11	0.9818	NA	0	15.5267	Viruses;Duplodnaviria;Heunggongvirae;Uroviricota;Caudoviricetes;;
k141_1674573	3757	No terminal repeats	NA	7	11	0.9818	NA	0	9.8297	Viruses;Duplodnaviria;Heunggongvirae;Uroviricota;Caudoviricetes;;Stanwilliamsviridae
k141_1354637	6341	No terminal repeats	NA	9	11	0.9818	NA	4	15.1410	Viruses;Duplodnaviria;Heunggongvirae;Uroviricota;Caudoviricetes;;
k141_1316228	3743	No terminal repeats	NA	8	11	0.9818	NA	0	9.7660	Viruses;Duplodnaviria;Heunggongvirae;Uroviricota;Caudoviricetes;;
k141_432524	4994	No terminal repeats	NA	9	11	0.9818	NA	1	8.4042	Viruses;Duplodnaviria;Heunggongvirae;Uroviricota;Caudoviricetes;;
k141_739337	7184	No terminal repeats	NA	17	11	0.9817	NA	0	13.7417	Viruses;Duplodnaviria;Heunggongvirae;Uroviricota;Caudoviricetes;;
k141_1507823	4948	No terminal repeats	NA	16	11	0.9817	NA	0	9.1092	Viruses;Duplodnaviria;Heunggongvirae;Uroviricota;Caudoviricetes;;
k141_673818	6957	No terminal repeats	NA	11	11	0.9817	NA	0	9.4415	Viruses;Duplodnaviria;Heunggongvirae;Uroviricota;Caudoviricetes;;
k141_381112	4874	No terminal repeats	NA	6	11	0.9817	NA	0	9.2149	Viruses;Duplodnaviria;Heunggongvirae;Uroviricota;Caudoviricetes;;
k141_602594	3579	No terminal repeats	NA	7	11	0.9817	NA	1	12.0280	Viruses;Duplodnaviria;Heunggongvirae;Uroviricota;Caudoviricetes;;
k141_1570662	4284	No terminal repeats	NA	6	11	0.9817	NA	1	8.5914	Viruses;Duplodnaviria;Heunggongvirae;Uroviricota;Caudoviricetes;;
k141_604519	3540	No terminal repeats	NA	7	11	0.9817	NA	0	9.4304	Viruses;Duplodnaviria;Heunggongvirae;Uroviricota;Caudoviricetes;;
k141_995081	4832	No terminal repeats	NA	5	11	0.9817	NA	0	7.8506	Viruses;Duplodnaviria;Heunggongvirae;Uroviricota;Caudoviricetes;;
k141_1960971	6491	No terminal repeats	NA	6	11	0.9817	NA	2	6.6628	Viruses;Duplodnaviria;Heunggongvirae;Uroviricota;Caudoviricetes;;
k141_760594	6206	No terminal repeats	NA	10	11	0.9817	NA	1	12.1937	Viruses;Duplodnaviria;Heunggongvirae;Uroviricota;Caudoviricetes;;
k141_1031847	3554	No terminal repeats	NA	6	11	0.9817	NA	3	8.5914	Viruses;Duplodnaviria;Heunggongvirae;Uroviricota;Caudoviricetes;;
k141_1029706	5402	No terminal repeats	NA	6	11	0.9817	NA	1	8.5914	Viruses;Duplodnaviria;Heunggongvirae;Uroviricota;Caudoviricetes;;
k141_1854657	5430	No terminal repeats	NA	14	11	0.9817	NA	0	14.8210	Viruses;Duplodnaviria;Heunggongvirae;Uroviricota;Caudoviricetes;;
k141_683464	4058	No terminal repeats	NA	10	11	0.9817	NA	0	11.9677	Viruses;Duplodnaviria;Heunggongvirae;Uroviricota;Caudoviricetes;;
k141_1693546	4105	No terminal repeats	NA	5	11	0.9817	NA	0	6.1071	Viruses;Duplodnaviria;Heunggongvirae;Uroviricota;Caudoviricetes;;Kyanoviridae
k141_1485108	7026	No terminal repeats	NA	5	11	0.9816	NA	1	8.1766	Viruses;Duplodnaviria;Heunggongvirae;Uroviricota;Caudoviricetes;;
k141_1406567	4551	No terminal repeats	NA	5	11	0.9816	NA	0	8.5646	Viruses;Duplodnaviria;Heunggongvirae;Uroviricota;Caudoviricetes;;Kyanoviridae
k141_1352429	6686	No terminal repeats	NA	11	11	0.9816	NA	1	13.1784	Viruses;Duplodnaviria;Heunggongvirae;Uroviricota;Caudoviricetes;;
k141_419237	4513	No terminal repeats	NA	8	11	0.9816	NA	2	7.7569	Viruses;Duplodnaviria;Heunggongvirae;Uroviricota;Caudoviricetes;;
k141_1958521	4418	No terminal repeats	NA	5	11	0.9816	NA	2	6.8731	Viruses;Duplodnaviria;Heunggongvirae;Uroviricota;Caudoviricetes;;
k141_1774326	6515	No terminal repeats	NA	8	11	0.9816	NA	1	11.6920	Viruses;Duplodnaviria;Heunggongvirae;Uroviricota;Caudoviricetes;;
k141_1092171	5638	No terminal repeats	NA	10	11	0.9816	NA	4	13.7722	Viruses;Duplodnaviria;Heunggongvirae;Uroviricota;Caudoviricetes;;Kyanoviridae
k141_1240463	6328	No terminal repeats	NA	5	11	0.9816	NA	1	8.5914	Viruses;Duplodnaviria;Heunggongvirae;Uroviricota;Caudoviricetes;;
k141_1957629	5641	No terminal repeats	NA	12	11	0.9816	NA	1	13.9161	Viruses;Duplodnaviria;Heunggongvirae;Uroviricota;Caudoviricetes;;
k141_1176998	4235	No terminal repeats	NA	5	11	0.9816	NA	0	8.2469	Viruses;Duplodnaviria;Heunggongvirae;Uroviricota;Caudoviricetes;;
k141_762944	7414	No terminal repeats	NA	10	11	0.9816	NA	2	15.4193	Viruses;Duplodnaviria;Heunggongvirae;Uroviricota;Caudoviricetes;;Kyanoviridae
k141_816815	7001	No terminal repeats	NA	11	11	0.9816	NA	0	14.0121	Viruses;Duplodnaviria;Heunggongvirae;Uroviricota;Caudoviricetes;;
k141_900271	30260	No terminal repeats	NA	37	11	0.9816	NA	2	35.2576	Viruses;Duplodnaviria;Heunggongvirae;Uroviricota;Caudoviricetes;;
k141_1067339	4394	No terminal repeats	NA	5	11	0.9815	NA	1	7.4521	Viruses;Duplodnaviria;Heunggongvirae;Uroviricota;Caudoviricetes;;
k141_11823	7351	No terminal repeats	NA	11	15	0.9815	NA	0	6.7312	Viruses;Duplodnaviria;Heunggongvirae;Uroviricota;Caudoviricetes;;
k141_767154	3668	No terminal repeats	NA	5	11	0.9815	NA	0	6.3783	Viruses;Duplodnaviria;Heunggongvirae;Uroviricota;Caudoviricetes;;
k141_431147	5624	No terminal repeats	NA	5	11	0.9815	NA	0	5.1548	Viruses;Duplodnaviria;Heunggongvirae;Uroviricota;Caudoviricetes;;Stanwilliamsviridae
k141_379516	8102	No terminal repeats	NA	12	11	0.9815	NA	3	13.2464	Viruses;Duplodnaviria;Heunggongvirae;Uroviricota;Caudoviricetes;;
k141_552947	4477	No terminal repeats	NA	12	11	0.9815	NA	0	14.2924	Viruses;Duplodnaviria;Heunggongvirae;Uroviricota;Caudoviricetes;;
k141_833399	7014	No terminal repeats	NA	12	11	0.9815	NA	1	17.6054	Viruses;Duplodnaviria;Heunggongvirae;Uroviricota;Caudoviricetes;;Stanwilliamsviridae
k141_1009918	4107	No terminal repeats	NA	11	11	0.9815	NA	0	18.4931	Viruses;Duplodnaviria;Heunggongvirae;Uroviricota;Caudoviricetes;;
k141_1343121	5167	No terminal repeats	NA	5	11	0.9815	NA	0	5.1525	Viruses;Varidnaviria;Bamfordvirae;Nucleocytoviricota;Megaviricetes;Algavirales;Phycodnaviridae
k141_1238744	3881	No terminal repeats	NA	5	11	0.9815	NA	0	8.5914	Viruses;Duplodnaviria;Heunggongvirae;Uroviricota;Caudoviricetes;;
k141_1281335	4390	No terminal repeats	NA	6	11	0.9815	NA	1	9.9342	Viruses;Duplodnaviria;Heunggongvirae;Uroviricota;Caudoviricetes;;
k141_86327	5181	No terminal repeats	NA	10	11	0.9815	NA	0	12.0280	Viruses;Duplodnaviria;Heunggongvirae;Uroviricota;Caudoviricetes;;Kyanoviridae
k141_962032	6900	No terminal repeats	NA	7	11	0.9815	NA	5	11.8953	Viruses;Duplodnaviria;Heunggongvirae;Uroviricota;Caudoviricetes;;
k141_1058981	4996	No terminal repeats	NA	7	11	0.9815	NA	0	6.6210	Viruses;Duplodnaviria;Heunggongvirae;Uroviricota;Caudoviricetes;;
k141_73790	5196	No terminal repeats	NA	6	11	0.9815	NA	2	6.8731	Viruses;Duplodnaviria;Heunggongvirae;Uroviricota;Caudoviricetes;;
k141_1498663	4988	No terminal repeats	NA	5	11	0.9815	NA	0	4.8874	Viruses;Duplodnaviria;Heunggongvirae;Uroviricota;Caudoviricetes;;Stanwilliamsviridae
k141_598521	4780	No terminal repeats	NA	7	11	0.9815	NA	1	7.7569	Viruses;Duplodnaviria;Heunggongvirae;Uroviricota;Caudoviricetes;;
k141_1957405	4175	No terminal repeats	NA	9	11	0.9815	NA	0	11.5776	Viruses;Duplodnaviria;Heunggongvirae;Uroviricota;Caudoviricetes;;
k141_96488	3614	No terminal repeats	NA	5	11	0.9815	NA	1	6.9094	Viruses;Duplodnaviria;Heunggongvirae;Uroviricota;Caudoviricetes;;
k141_1535594	5388	No terminal repeats	NA	7	11	0.9815	NA	0	10.2418	Viruses;Duplodnaviria;Heunggongvirae;Uroviricota;Caudoviricetes;;
k141_141957	4195	No terminal repeats	NA	7	11	0.9815	NA	2	8.5914	Viruses;Duplodnaviria;Heunggongvirae;Uroviricota;Caudoviricetes;;Kyanoviridae
k141_704512	3890	No terminal repeats	NA	10	11	0.9815	NA	1	6.3427	Viruses;Duplodnaviria;Heunggongvirae;Uroviricota;Caudoviricetes;;
k141_839532	5367	No terminal repeats	NA	14	11	0.9814	NA	0	13.3539	Viruses;Duplodnaviria;Heunggongvirae;Uroviricota;Caudoviricetes;;Kyanoviridae
k141_1338754	3802	No terminal repeats	NA	7	11	0.9814	NA	0	10.2727	Viruses;Duplodnaviria;Heunggongvirae;Uroviricota;Caudoviricetes;;
k141_1794189	4298	No terminal repeats	NA	8	11	0.9814	NA	0	8.2265	Viruses;Duplodnaviria;Heunggongvirae;Uroviricota;Caudoviricetes;;Straboviridae
k141_1395681	7435	No terminal repeats	NA	16	11	0.9814	NA	1	9.4958	Viruses;Duplodnaviria;Heunggongvirae;Uroviricota;Caudoviricetes;;Autographiviridae
k141_148474	9292	No terminal repeats	NA	17	11	0.9814	NA	0	20.9487	Viruses;Duplodnaviria;Heunggongvirae;Uroviricota;Caudoviricetes;;
k141_813426	5408	No terminal repeats	NA	8	11	0.9814	NA	0	10.6318	Viruses;Duplodnaviria;Heunggongvirae;Uroviricota;Caudoviricetes;;
k141_1603307	4049	No terminal repeats	NA	8	11	0.9814	NA	1	8.1824	Viruses;Duplodnaviria;Heunggongvirae;Uroviricota;Caudoviricetes;;
k141_262120	4572	No terminal repeats	NA	10	11	0.9814	NA	0	10.3097	Viruses;Duplodnaviria;Heunggongvirae;Uroviricota;Caudoviricetes;;
k141_967407	6619	No terminal repeats	NA	11	11	0.9814	NA	1	9.8941	Viruses;Duplodnaviria;Heunggongvirae;Uroviricota;Caudoviricetes;;
k141_1711666	5784	No terminal repeats	NA	8	11	0.9814	NA	0	11.6103	Viruses;Duplodnaviria;Heunggongvirae;Uroviricota;Caudoviricetes;;
k141_1053219	3727	No terminal repeats	NA	5	11	0.9814	NA	0	8.0812	Viruses;Duplodnaviria;Heunggongvirae;Uroviricota;Caudoviricetes;;
k141_751585	4174	No terminal repeats	NA	7	11	0.9814	NA	1	11.5387	Viruses;Duplodnaviria;Heunggongvirae;Uroviricota;Caudoviricetes;;
k141_1096025	3867	No terminal repeats	NA	5	11	0.9814	NA	1	7.9411	Viruses;Duplodnaviria;Heunggongvirae;Uroviricota;Caudoviricetes;;
k141_188198	4020	No terminal repeats	NA	6	11	0.9814	NA	0	8.1628	Viruses;Duplodnaviria;Heunggongvirae;Uroviricota;Caudoviricetes;;
k141_416291	8873	No terminal repeats	NA	28	11	0.9814	NA	3	27.3134	Viruses;Duplodnaviria;Heunggongvirae;Uroviricota;Caudoviricetes;;
k141_116331	5121	No terminal repeats	NA	11	11	0.9814	NA	0	12.8265	Viruses;Duplodnaviria;Heunggongvirae;Uroviricota;Caudoviricetes;;
k141_1036075	9630	No terminal repeats	NA	17	11	0.9814	NA	0	26.0470	Viruses;Duplodnaviria;Heunggongvirae;Uroviricota;Caudoviricetes;;
k141_1113336	15991	No terminal repeats	NA	24	11	0.9813	NA	7	18.0288	Viruses;Duplodnaviria;Heunggongvirae;Uroviricota;Caudoviricetes;;
k141_1394532	5804	No terminal repeats	NA	6	11	0.9813	NA	0	10.0125	Viruses;Duplodnaviria;Heunggongvirae;Uroviricota;Caudoviricetes;;Kyanoviridae
k141_357991	4645	No terminal repeats	NA	10	11	0.9813	NA	1	13.6652	Viruses;Duplodnaviria;Heunggongvirae;Uroviricota;Caudoviricetes;;
k141_1802317	9181	No terminal repeats	NA	11	11	0.9813	NA	1	17.1814	Viruses;Duplodnaviria;Heunggongvirae;Uroviricota;Caudoviricetes;;
k141_1317932	5250	No terminal repeats	NA	7	11	0.9813	NA	4	7.6889	Viruses;Duplodnaviria;Heunggongvirae;Uroviricota;Caudoviricetes;;
k141_82844	8023	No terminal repeats	NA	15	11	0.9813	NA	0	9.6642	Viruses;Duplodnaviria;Heunggongvirae;Uroviricota;Caudoviricetes;;
k141_1477505	4897	No terminal repeats	NA	5	11	0.9813	NA	0	8.3624	Viruses;Duplodnaviria;Heunggongvirae;Uroviricota;Caudoviricetes;;
k141_577317	8140	No terminal repeats	NA	10	11	0.9813	NA	3	13.2285	Viruses;Duplodnaviria;Heunggongvirae;Uroviricota;Caudoviricetes;;Kyanoviridae
k141_34860	3622	No terminal repeats	NA	6	11	0.9813	NA	0	6.6006	Viruses;Duplodnaviria;Heunggongvirae;Uroviricota;Caudoviricetes;;
k141_1056829	4116	No terminal repeats	NA	5	11	0.9813	NA	0	6.8731	Viruses;Duplodnaviria;Heunggongvirae;Uroviricota;Caudoviricetes;;
k141_515359	5613	No terminal repeats	NA	9	11	0.9813	NA	6	12.1390	Viruses;Duplodnaviria;Heunggongvirae;Uroviricota;Caudoviricetes;;
k141_548716	4219	No terminal repeats	NA	8	11	0.9813	NA	0	8.5836	Viruses;Duplodnaviria;Heunggongvirae;Uroviricota;Caudoviricetes;;
k141_3401	5269	No terminal repeats	NA	6	11	0.9813	NA	0	8.0443	Viruses;Duplodnaviria;Heunggongvirae;Uroviricota;Caudoviricetes;;
k141_297969	3964	No terminal repeats	NA	6	11	0.9813	NA	2	10.2563	Viruses;Duplodnaviria;Heunggongvirae;Uroviricota;Caudoviricetes;;
k141_154002	6598	No terminal repeats	NA	8	11	0.9813	NA	0	11.1518	Viruses;Duplodnaviria;Heunggongvirae;Uroviricota;Caudoviricetes;;
k141_125697	6492	No terminal repeats	NA	7	11	0.9813	NA	2	10.0996	Viruses;Duplodnaviria;Heunggongvirae;Uroviricota;Caudoviricetes;;
k141_216940	3632	No terminal repeats	NA	6	11	0.9813	NA	0	8.2467	Viruses;Duplodnaviria;Heunggongvirae;Uroviricota;Caudoviricetes;;
k141_861674	4884	No terminal repeats	NA	5	11	0.9812	NA	1	4.9626	Viruses;Duplodnaviria;Heunggongvirae;Uroviricota;Caudoviricetes;;
k141_40936	6610	No terminal repeats	NA	11	11	0.9812	NA	1	9.8054	Viruses;Duplodnaviria;Heunggongvirae;Uroviricota;Caudoviricetes;;
k141_818060	4820	No terminal repeats	NA	11	11	0.9812	NA	0	11.9917	Viruses;Duplodnaviria;Heunggongvirae;Uroviricota;Caudoviricetes;;Stanwilliamsviridae
k141_1383398	9812	No terminal repeats	NA	11	11	0.9812	NA	3	18.3721	Viruses;Duplodnaviria;Heunggongvirae;Uroviricota;Caudoviricetes;;Kyanoviridae
k141_1197599	4740	No terminal repeats	NA	5	11	0.9812	NA	1	6.7952	Viruses;Duplodnaviria;Heunggongvirae;Uroviricota;Caudoviricetes;;
k141_1588119	4755	No terminal repeats	NA	5	11	0.9812	NA	0	7.7963	Viruses;Duplodnaviria;Heunggongvirae;Uroviricota;Caudoviricetes;;
k141_1505313	7859	No terminal repeats	NA	6	11	0.9812	NA	3	10.3035	Viruses;Duplodnaviria;Heunggongvirae;Uroviricota;Caudoviricetes;;
k141_1406012	4148	No terminal repeats	NA	12	11	0.9812	NA	1	14.0303	Viruses;Duplodnaviria;Heunggongvirae;Uroviricota;Caudoviricetes;;Kyanoviridae
k141_1084886	4870	No terminal repeats	NA	10	11	0.9812	NA	0	12.9241	Viruses;Duplodnaviria;Heunggongvirae;Uroviricota;Caudoviricetes;;
k141_1112827	3914	No terminal repeats	NA	5	11	0.9812	NA	0	6.7863	Viruses;Duplodnaviria;Heunggongvirae;Uroviricota;Caudoviricetes;;
k141_919679	4657	No terminal repeats	NA	5	11	0.9812	NA	2	5.1548	Viruses;Varidnaviria;Bamfordvirae;Nucleocytoviricota;Megaviricetes;Algavirales;Phycodnaviridae
k141_1768419	7125	No terminal repeats	NA	7	15	0.9812	NA	0	10.9540	Viruses;Duplodnaviria;Heunggongvirae;Uroviricota;Caudoviricetes;;Kyanoviridae
k141_210532	3826	No terminal repeats	NA	7	11	0.9812	NA	1	9.8815	Viruses;Duplodnaviria;Heunggongvirae;Uroviricota;Caudoviricetes;;
k141_359504	4226	No terminal repeats	NA	5	11	0.9812	NA	0	7.8971	Viruses;Duplodnaviria;Heunggongvirae;Uroviricota;Caudoviricetes;;
k141_1896824	5294	No terminal repeats	NA	8	11	0.9812	NA	1	9.9918	Viruses;Duplodnaviria;Heunggongvirae;Uroviricota;Caudoviricetes;;
k141_1815995	25724	No terminal repeats	NA	18	11	0.9812	NA	2	12.3844	Viruses;Duplodnaviria;Heunggongvirae;Uroviricota;Caudoviricetes;;
k141_1095937	7150	No terminal repeats	NA	16	11	0.9812	NA	0	8.4606	Viruses;Duplodnaviria;Heunggongvirae;Uroviricota;Caudoviricetes;;
k141_637429	6653	No terminal repeats	NA	10	11	0.9812	NA	3	11.1657	Viruses;Duplodnaviria;Heunggongvirae;Uroviricota;Caudoviricetes;;
k141_558782	4047	No terminal repeats	NA	10	11	0.9812	NA	1	12.5477	Viruses;Duplodnaviria;Heunggongvirae;Uroviricota;Caudoviricetes;;
k141_1532901	3669	No terminal repeats	NA	9	11	0.9812	NA	0	8.5914	Viruses;Duplodnaviria;Heunggongvirae;Uroviricota;Caudoviricetes;;
k141_1242758	4260	No terminal repeats	NA	6	11	0.9812	NA	1	10.2743	Viruses;Duplodnaviria;Heunggongvirae;Uroviricota;Caudoviricetes;;
k141_1454220	5161	No terminal repeats	NA	8	11	0.9812	NA	0	10.0519	Viruses;Duplodnaviria;Heunggongvirae;Uroviricota;Caudoviricetes;;
k141_808265	4961	No terminal repeats	NA	7	11	0.9812	NA	1	8.0044	Viruses;Duplodnaviria;Heunggongvirae;Uroviricota;Caudoviricetes;;
k141_1312342	5262	No terminal repeats	NA	6	11	0.9811	NA	0	8.0478	Viruses;Duplodnaviria;Heunggongvirae;Uroviricota;Caudoviricetes;;Kyanoviridae
k141_298670	4000	No terminal repeats	NA	7	11	0.9811	NA	0	8.7390	Viruses;Duplodnaviria;Heunggongvirae;Uroviricota;Caudoviricetes;;
k141_478519	5830	No terminal repeats	NA	8	11	0.9811	NA	1	11.6053	Viruses;Duplodnaviria;Heunggongvirae;Uroviricota;Caudoviricetes;;
k141_265333	9701	No terminal repeats	NA	14	11	0.9811	NA	0	22.1838	Viruses;Duplodnaviria;Heunggongvirae;Uroviricota;Caudoviricetes;;Kyanoviridae
k141_28925	7891	No terminal repeats	NA	13	11	0.9811	NA	1	18.8078	Viruses;Duplodnaviria;Heunggongvirae;Uroviricota;Caudoviricetes;;Stanwilliamsviridae
k141_918254	4349	No terminal repeats	NA	7	11	0.9811	NA	2	9.8628	Viruses;Duplodnaviria;Heunggongvirae;Uroviricota;Caudoviricetes;;
k141_1208687	5429	No terminal repeats	NA	7	11	0.9811	NA	0	9.9981	Viruses;Duplodnaviria;Heunggongvirae;Uroviricota;Caudoviricetes;;
k141_1040857	6690	No terminal repeats	NA	6	11	0.9811	NA	1	7.0306	Viruses;Duplodnaviria;Heunggongvirae;Uroviricota;Caudoviricetes;;
k141_1872049	4041	No terminal repeats	NA	6	11	0.9811	NA	0	6.5284	Viruses;Duplodnaviria;Heunggongvirae;Uroviricota;Caudoviricetes;;
k141_1272480	39724	No terminal repeats	NA	38	11	0.9811	NA	9	45.2795	Viruses;Duplodnaviria;Heunggongvirae;Uroviricota;Caudoviricetes;;Autographiviridae
k141_1014147	3945	No terminal repeats	NA	11	11	0.9811	NA	0	15.4559	Viruses;Duplodnaviria;Heunggongvirae;Uroviricota;Caudoviricetes;;
k141_388281	5325	No terminal repeats	NA	12	11	0.9811	NA	2	15.4645	Viruses;Duplodnaviria;Heunggongvirae;Uroviricota;Caudoviricetes;;Kyanoviridae
k141_1053097	4739	No terminal repeats	NA	7	11	0.9811	NA	0	9.0855	Viruses;Duplodnaviria;Heunggongvirae;Uroviricota;Caudoviricetes;;
k141_1677058	5114	No terminal repeats	NA	10	11	0.9811	NA	0	8.8727	Viruses;Duplodnaviria;Heunggongvirae;Uroviricota;Caudoviricetes;;
k141_940846	4505	No terminal repeats	NA	8	11	0.9811	NA	0	6.8609	Viruses;Duplodnaviria;Heunggongvirae;Uroviricota;Caudoviricetes;;
k141_332517	4980	No terminal repeats	NA	11	11	0.9811	NA	0	9.6905	Viruses;Duplodnaviria;Heunggongvirae;Uroviricota;Caudoviricetes;;
k141_895165	6427	No terminal repeats	NA	10	11	0.9811	NA	3	15.3224	Viruses;Duplodnaviria;Heunggongvirae;Uroviricota;Caudoviricetes;;
k141_103630	4812	No terminal repeats	NA	17	11	0.9811	NA	0	26.0431	Viruses;Duplodnaviria;Heunggongvirae;Uroviricota;Caudoviricetes;;Kyanoviridae
k141_604093	4059	No terminal repeats	NA	8	11	0.9810	NA	0	8.5484	Viruses;Duplodnaviria;Heunggongvirae;Uroviricota;Caudoviricetes;;
k141_1048633	9276	No terminal repeats	NA	6	11	0.9810	NA	3	10.2879	Viruses;Duplodnaviria;Heunggongvirae;Uroviricota;Caudoviricetes;;
k141_244855	3591	No terminal repeats	NA	5	11	0.9810	NA	0	8.2272	Viruses;Duplodnaviria;Heunggongvirae;Uroviricota;Caudoviricetes;;
k141_108204	3600	No terminal repeats	NA	5	11	0.9810	NA	0	8.1826	Viruses;Duplodnaviria;Heunggongvirae;Uroviricota;Caudoviricetes;;
k141_125513	3844	No terminal repeats	NA	10	11	0.9810	NA	0	10.9318	Viruses;Duplodnaviria;Heunggongvirae;Uroviricota;Caudoviricetes;;
k141_309202	6048	No terminal repeats	NA	10	11	0.9810	NA	1	11.3755	Viruses;Duplodnaviria;Heunggongvirae;Uroviricota;Caudoviricetes;;Kyanoviridae
k141_1182498	3905	No terminal repeats	NA	5	11	0.9810	NA	0	8.5914	Viruses;Varidnaviria;Bamfordvirae;Nucleocytoviricota;Megaviricetes;Imitervirales;
k141_560984	7252	No terminal repeats	NA	10	11	0.9810	NA	3	8.2066	Viruses;Duplodnaviria;Heunggongvirae;Uroviricota;Caudoviricetes;;
k141_1164833	3784	No terminal repeats	NA	8	11	0.9809	NA	0	8.2564	Viruses;Duplodnaviria;Heunggongvirae;Uroviricota;Caudoviricetes;;Stanwilliamsviridae
k141_790779	6447	No terminal repeats	NA	11	11	0.9809	NA	1	11.7613	Viruses;Duplodnaviria;Heunggongvirae;Uroviricota;Caudoviricetes;;
k141_1458598	4753	No terminal repeats	NA	9	11	0.9809	NA	2	11.4391	Viruses;Duplodnaviria;Heunggongvirae;Uroviricota;Caudoviricetes;;Kyanoviridae
k141_1056460	5383	No terminal repeats	NA	18	11	0.9809	NA	0	25.4338	Viruses;Duplodnaviria;Heunggongvirae;Uroviricota;Caudoviricetes;;Kyanoviridae
k141_521398	5236	No terminal repeats	NA	6	11	0.9809	NA	0	8.5914	Viruses;Varidnaviria;Bamfordvirae;Nucleocytoviricota;Megaviricetes;Imitervirales;Mimiviridae
k141_1250255	5664	No terminal repeats	NA	15	11	0.9809	NA	1	12.1452	Viruses;Duplodnaviria;Heunggongvirae;Uroviricota;Caudoviricetes;;
k141_1853215	9350	No terminal repeats	NA	10	11	0.9809	NA	8	15.9354	Viruses;Duplodnaviria;Heunggongvirae;Uroviricota;Caudoviricetes;;
k141_765962	6452	No terminal repeats	NA	12	15	0.9809	NA	0	8.0748	Viruses;Duplodnaviria;Heunggongvirae;Uroviricota;Caudoviricetes;;
k141_874044	4006	No terminal repeats	NA	6	11	0.9809	NA	4	10.3081	Viruses;Duplodnaviria;Heunggongvirae;Uroviricota;Caudoviricetes;;
k141_302922	6638	No terminal repeats	NA	7	11	0.9809	NA	0	8.2562	Viruses;Duplodnaviria;Heunggongvirae;Uroviricota;Caudoviricetes;;
k141_1706224	4467	No terminal repeats	NA	8	11	0.9809	NA	1	6.4447	Viruses;Duplodnaviria;Heunggongvirae;Uroviricota;Caudoviricetes;;
k141_1116641	7651	No terminal repeats	NA	6	11	0.9809	NA	1	8.3727	Viruses;Duplodnaviria;Heunggongvirae;Uroviricota;Caudoviricetes;;
k141_1508092	5702	No terminal repeats	NA	5	11	0.9809	NA	3	8.5605	Viruses;Duplodnaviria;Heunggongvirae;Uroviricota;Caudoviricetes;;Kyanoviridae
k141_123469	3771	No terminal repeats	NA	6	11	0.9809	NA	2	10.3097	Viruses;Duplodnaviria;Heunggongvirae;Uroviricota;Caudoviricetes;;
k141_927670	7422	No terminal repeats	NA	13	11	0.9809	NA	1	14.5628	Viruses;Duplodnaviria;Heunggongvirae;Uroviricota;Caudoviricetes;;
k141_1603525	3894	No terminal repeats	NA	13	11	0.9809	NA	0	21.0866	Viruses;Duplodnaviria;Heunggongvirae;Uroviricota;Caudoviricetes;;Kyanoviridae
k141_142975	8560	No terminal repeats	NA	9	11	0.9809	NA	2	12.0280	Viruses;Duplodnaviria;Heunggongvirae;Uroviricota;Caudoviricetes;;
k141_378936	3197	No terminal repeats	NA	4	11	0.9808	NA	1	5.1528	Viruses;Duplodnaviria;Heunggongvirae;Uroviricota;Caudoviricetes;;Stanwilliamsviridae
k141_627404	8839	No terminal repeats	NA	5	11	0.9808	NA	0	6.8479	Viruses;Duplodnaviria;Heunggongvirae;Uroviricota;Caudoviricetes;;
k141_1036144	5810	No terminal repeats	NA	9	11	0.9808	NA	3	15.0937	Viruses;Duplodnaviria;Heunggongvirae;Uroviricota;Caudoviricetes;;Kyanoviridae
k141_1546108	4862	No terminal repeats	NA	14	11	0.9808	NA	0	6.1794	Viruses;Duplodnaviria;Heunggongvirae;Uroviricota;Caudoviricetes;;
k141_512294	6003	No terminal repeats	NA	22	11	0.9808	NA	2	23.0478	Viruses;Duplodnaviria;Heunggongvirae;Uroviricota;Caudoviricetes;;Kyanoviridae
k141_700783	8677	No terminal repeats	NA	8	11	0.9808	NA	2	10.4270	Viruses;Duplodnaviria;Heunggongvirae;Uroviricota;Caudoviricetes;;Stanwilliamsviridae
k141_628958	5643	No terminal repeats	NA	16	11	0.9808	NA	1	13.2681	Viruses;Duplodnaviria;Heunggongvirae;Uroviricota;Caudoviricetes;;
k141_1872640	5702	No terminal repeats	NA	7	11	0.9808	NA	1	9.1049	Viruses;Duplodnaviria;Heunggongvirae;Uroviricota;Caudoviricetes;;
k141_877733	7867	No terminal repeats	NA	9	11	0.9808	NA	0	13.4482	Viruses;Duplodnaviria;Heunggongvirae;Uroviricota;Caudoviricetes;;Kyanoviridae
k141_1966370	40909	DTR	NA	65	11	0.9808	NA	4	49.9139	Viruses;Duplodnaviria;Heunggongvirae;Uroviricota;Caudoviricetes;;
k141_612357	8047	No terminal repeats	NA	7	11	0.9808	NA	1	11.1328	Viruses;Duplodnaviria;Heunggongvirae;Uroviricota;Caudoviricetes;;
k141_1802151	4107	No terminal repeats	NA	8	11	0.9808	NA	0	12.3501	Viruses;Duplodnaviria;Heunggongvirae;Uroviricota;Caudoviricetes;;
k141_516537	8980	No terminal repeats	NA	12	11	0.9808	NA	2	14.1419	Viruses;Duplodnaviria;Heunggongvirae;Uroviricota;Caudoviricetes;;Autographiviridae
k141_72404	5039	No terminal repeats	NA	5	11	0.9808	NA	1	7.9314	Viruses;Duplodnaviria;Heunggongvirae;Uroviricota;Caudoviricetes;;
k141_1716029	5081	No terminal repeats	NA	8	11	0.9807	NA	2	9.8096	Viruses;Duplodnaviria;Heunggongvirae;Uroviricota;Caudoviricetes;Crassvirales;
k141_1578628	6906	No terminal repeats	NA	15	11	0.9807	NA	3	11.3049	Viruses;Duplodnaviria;Heunggongvirae;Uroviricota;Caudoviricetes;;
k141_1633421	4150	No terminal repeats	NA	11	11	0.9807	NA	0	7.5804	Viruses;Duplodnaviria;Heunggongvirae;Uroviricota;Caudoviricetes;;
k141_1577189	3595	No terminal repeats	NA	7	11	0.9807	NA	0	6.6773	Viruses;Varidnaviria;Bamfordvirae;Nucleocytoviricota;Megaviricetes;;
k141_317139	5449	No terminal repeats	NA	10	11	0.9807	NA	0	14.6147	Viruses;Duplodnaviria;Heunggongvirae;Uroviricota;Caudoviricetes;;Kyanoviridae
k141_474921	7296	No terminal repeats	NA	10	11	0.9807	NA	0	14.2471	Viruses;Duplodnaviria;Heunggongvirae;Uroviricota;Caudoviricetes;;
k141_625722	3922	No terminal repeats	NA	6	11	0.9807	NA	0	6.3531	Viruses;Duplodnaviria;Heunggongvirae;Uroviricota;Caudoviricetes;;
k141_499720	5159	No terminal repeats	NA	9	11	0.9807	NA	0	11.3114	Viruses;Duplodnaviria;Heunggongvirae;Uroviricota;Caudoviricetes;;
k141_1004907	6559	No terminal repeats	NA	10	11	0.9807	NA	0	11.6662	Viruses;Duplodnaviria;Heunggongvirae;Uroviricota;Caudoviricetes;;
k141_587531	7182	No terminal repeats	NA	16	11	0.9807	NA	0	11.9956	Viruses;Duplodnaviria;Heunggongvirae;Uroviricota;Caudoviricetes;;
k141_134621	4765	No terminal repeats	NA	9	11	0.9807	NA	0	12.9921	Viruses;Duplodnaviria;Heunggongvirae;Uroviricota;Caudoviricetes;;
k141_1494633	3535	No terminal repeats	NA	8	11	0.9807	NA	0	13.7169	Viruses;Duplodnaviria;Heunggongvirae;Uroviricota;Caudoviricetes;;
k141_1175911	4691	No terminal repeats	NA	7	11	0.9807	NA	2	10.0528	Viruses;Duplodnaviria;Heunggongvirae;Uroviricota;Caudoviricetes;;Kyanoviridae
k141_1435770	6353	No terminal repeats	NA	9	11	0.9807	NA	0	6.8636	Viruses;Varidnaviria;Bamfordvirae;Nucleocytoviricota;Megaviricetes;Algavirales;Phycodnaviridae
k141_993810	5137	No terminal repeats	NA	7	11	0.9807	NA	2	9.8660	Viruses;Duplodnaviria;Heunggongvirae;Uroviricota;Caudoviricetes;;
k141_1268516	6293	No terminal repeats	NA	9	11	0.9807	NA	0	8.5887	Viruses;Varidnaviria;Bamfordvirae;Nucleocytoviricota;Megaviricetes;Imitervirales;
k141_1363836	8773	No terminal repeats	NA	25	11	0.9806	NA	0	28.5638	Viruses;Duplodnaviria;Heunggongvirae;Uroviricota;Caudoviricetes;;Kyanoviridae
k141_388734	6359	No terminal repeats	NA	8	11	0.9806	NA	0	12.4317	Viruses;Duplodnaviria;Heunggongvirae;Uroviricota;Caudoviricetes;;
k141_1125331	8292	No terminal repeats	NA	26	11	0.9806	NA	1	25.7571	Viruses;Duplodnaviria;Heunggongvirae;Uroviricota;Caudoviricetes;;Kyanoviridae
k141_1242033	7185	No terminal repeats	NA	13	11	0.9806	NA	1	21.1003	Viruses;Duplodnaviria;Heunggongvirae;Uroviricota;Caudoviricetes;;
k141_1395438	7926	No terminal repeats	NA	18	11	0.9806	NA	1	10.0285	Viruses;Duplodnaviria;Heunggongvirae;Uroviricota;Caudoviricetes;;Autographiviridae
k141_595937	9116	No terminal repeats	NA	13	11	0.9806	NA	1	11.5306	Viruses;Duplodnaviria;Heunggongvirae;Uroviricota;Caudoviricetes;;
k141_628589	5240	No terminal repeats	NA	6	11	0.9806	NA	0	6.8731	Viruses;Duplodnaviria;Heunggongvirae;Uroviricota;Caudoviricetes;;
k141_819241	8834	No terminal repeats	NA	18	11	0.9806	NA	0	20.5507	Viruses;Duplodnaviria;Heunggongvirae;Uroviricota;Caudoviricetes;;
k141_993042	4433	No terminal repeats	NA	14	11	0.9806	NA	0	12.0280	Viruses;Duplodnaviria;Heunggongvirae;Uroviricota;Caudoviricetes;;Kyanoviridae
k141_73103	7643	No terminal repeats	NA	12	11	0.9806	NA	3	16.8579	Viruses;Duplodnaviria;Heunggongvirae;Uroviricota;Caudoviricetes;;Kyanoviridae
k141_460695	4786	No terminal repeats	NA	8	11	0.9806	NA	3	10.1771	Viruses;Duplodnaviria;Heunggongvirae;Uroviricota;Caudoviricetes;;
k141_382905	4193	No terminal repeats	NA	9	11	0.9806	NA	0	7.6199	Viruses;Duplodnaviria;Heunggongvirae;Uroviricota;Caudoviricetes;;
k141_430955	3539	No terminal repeats	NA	8	11	0.9806	NA	1	8.8794	Viruses;Duplodnaviria;Heunggongvirae;Uroviricota;Caudoviricetes;;
k141_602312	3544	No terminal repeats	NA	8	11	0.9806	NA	0	9.6678	Viruses;Duplodnaviria;Heunggongvirae;Uroviricota;Caudoviricetes;;
k141_1511808	3824	No terminal repeats	NA	6	11	0.9806	NA	1	8.0038	Viruses;Duplodnaviria;Heunggongvirae;Uroviricota;Caudoviricetes;;
k141_575748	5192	No terminal repeats	NA	6	11	0.9806	NA	0	7.8212	Viruses;Duplodnaviria;Heunggongvirae;Uroviricota;Caudoviricetes;;
k141_1876534	4392	No terminal repeats	NA	5	11	0.9805	NA	0	7.9798	Viruses;Duplodnaviria;Heunggongvirae;Uroviricota;Caudoviricetes;;
k141_1940219	8140	No terminal repeats	NA	11	11	0.9805	NA	1	16.9060	Viruses;Duplodnaviria;Heunggongvirae;Uroviricota;Caudoviricetes;;
k141_1008076	4769	No terminal repeats	NA	7	11	0.9805	NA	0	9.9239	Viruses;Duplodnaviria;Heunggongvirae;Uroviricota;Caudoviricetes;;Kyanoviridae
k141_296492	7795	No terminal repeats	NA	9	11	0.9805	NA	6	13.0348	Viruses;Duplodnaviria;Heunggongvirae;Uroviricota;Caudoviricetes;;
k141_1430938	5362	No terminal repeats	NA	11	11	0.9805	NA	0	8.0477	Viruses;Duplodnaviria;Heunggongvirae;Uroviricota;Caudoviricetes;;
k141_406011	7229	No terminal repeats	NA	15	11	0.9805	NA	0	6.4396	Viruses;Duplodnaviria;Heunggongvirae;Uroviricota;Caudoviricetes;;
k141_100898	5819	No terminal repeats	NA	8	11	0.9805	NA	0	9.9896	Viruses;Duplodnaviria;Heunggongvirae;Uroviricota;Caudoviricetes;;
k141_878932	5848	No terminal repeats	NA	6	11	0.9805	NA	0	8.1346	Viruses;Duplodnaviria;Heunggongvirae;Uroviricota;Caudoviricetes;;
k141_1856726	4484	No terminal repeats	NA	6	11	0.9805	NA	0	10.3097	Viruses;Duplodnaviria;Heunggongvirae;Uroviricota;Caudoviricetes;;Kyanoviridae
k141_264383	9088	No terminal repeats	NA	18	11	0.9805	NA	0	17.8646	Viruses;Duplodnaviria;Heunggongvirae;Uroviricota;Caudoviricetes;;
k141_265070	7421	No terminal repeats	NA	16	11	0.9805	NA	0	8.5874	Viruses;Duplodnaviria;Heunggongvirae;Uroviricota;Caudoviricetes;;
k141_831071	8810	No terminal repeats	NA	19	11	0.9805	NA	0	17.4993	Viruses;Duplodnaviria;Heunggongvirae;Uroviricota;Caudoviricetes;;
k141_1504193	4604	No terminal repeats	NA	14	11	0.9804	NA	0	13.0586	Viruses;Duplodnaviria;Heunggongvirae;Uroviricota;Caudoviricetes;;
k141_700817	3717	No terminal repeats	NA	6	11	0.9804	NA	4	7.5100	Viruses;Duplodnaviria;Heunggongvirae;Uroviricota;Caudoviricetes;;
k141_959988	8913	No terminal repeats	NA	10	11	0.9804	NA	1	9.8179	Viruses;Duplodnaviria;Heunggongvirae;Uroviricota;Caudoviricetes;;
k141_387686	8309	No terminal repeats	NA	8	11	0.9804	NA	4	11.9419	Viruses;Duplodnaviria;Heunggongvirae;Uroviricota;Caudoviricetes;;
k141_1051584	4712	No terminal repeats	NA	7	11	0.9804	NA	0	9.8895	Viruses;Duplodnaviria;Heunggongvirae;Uroviricota;Caudoviricetes;;
k141_1823270	6428	No terminal repeats	NA	6	11	0.9804	NA	0	6.1707	Unclassified
k141_125923	6507	No terminal repeats	NA	6	11	0.9804	NA	0	8.2272	Viruses;Duplodnaviria;Heunggongvirae;Uroviricota;Caudoviricetes;;
k141_187393	4025	No terminal repeats	NA	6	11	0.9804	NA	0	8.2467	Viruses;Duplodnaviria;Heunggongvirae;Uroviricota;Caudoviricetes;;
k141_380446	8364	No terminal repeats	NA	14	11	0.9804	NA	9	14.7226	Viruses;Duplodnaviria;Heunggongvirae;Uroviricota;Caudoviricetes;;
k141_1633990	6376	No terminal repeats	NA	13	11	0.9804	NA	3	21.4981	Viruses;Duplodnaviria;Heunggongvirae;Uroviricota;Caudoviricetes;;Stanwilliamsviridae
k141_1565558	6379	No terminal repeats	NA	17	11	0.9804	NA	0	11.1264	Viruses;Duplodnaviria;Heunggongvirae;Uroviricota;Caudoviricetes;;
k141_118223	8103	No terminal repeats	NA	11	11	0.9804	NA	2	11.9119	Viruses;Duplodnaviria;Heunggongvirae;Uroviricota;Caudoviricetes;;
k141_1203816	4769	No terminal repeats	NA	13	11	0.9803	NA	0	10.9636	Viruses;Duplodnaviria;Heunggongvirae;Uroviricota;Caudoviricetes;;
k141_690976	7499	No terminal repeats	NA	23	11	0.9803	NA	0	28.8477	Viruses;Duplodnaviria;Heunggongvirae;Uroviricota;Caudoviricetes;;
k141_997913	7232	No terminal repeats	NA	19	11	0.9803	NA	0	12.2345	Viruses;Duplodnaviria;Heunggongvirae;Uroviricota;Caudoviricetes;;
k141_1510203	5013	No terminal repeats	NA	7	11	0.9803	NA	0	9.9455	Viruses;Duplodnaviria;Heunggongvirae;Uroviricota;Caudoviricetes;;
k141_424401	4199	No terminal repeats	NA	6	11	0.9803	NA	0	10.2078	Viruses;Duplodnaviria;Heunggongvirae;Uroviricota;Caudoviricetes;;
k141_1966517	15756	DTR	NA	23	11	0.9803	NA	8	31.9318	Viruses;Duplodnaviria;Heunggongvirae;Uroviricota;Caudoviricetes;;
k141_1716915	4609	No terminal repeats	NA	5	11	0.9803	NA	1	6.8731	Viruses;Duplodnaviria;Heunggongvirae;Uroviricota;Caudoviricetes;;
k141_1502469	4550	No terminal repeats	NA	15	11	0.9803	NA	0	8.7255	Viruses;Duplodnaviria;Heunggongvirae;Uroviricota;Caudoviricetes;;
k141_1050839	5550	No terminal repeats	NA	11	11	0.9803	NA	0	10.9944	Viruses;Duplodnaviria;Heunggongvirae;Uroviricota;Caudoviricetes;;
k141_1694751	6539	No terminal repeats	NA	5	11	0.9803	NA	0	6.6353	Viruses;Duplodnaviria;Heunggongvirae;Uroviricota;Caudoviricetes;;
k141_480265	9490	No terminal repeats	NA	22	11	0.9803	NA	2	20.8428	Viruses;Duplodnaviria;Heunggongvirae;Uroviricota;Caudoviricetes;;
k141_171431	18988	No terminal repeats	NA	24	11	0.9803	NA	3	25.8564	Viruses;Duplodnaviria;Heunggongvirae;Uroviricota;Caudoviricetes;;
k141_1363250	5232	No terminal repeats	NA	6	11	0.9803	NA	0	5.1548	Viruses;Duplodnaviria;Heunggongvirae;Uroviricota;Caudoviricetes;;
k141_819963	1544	No terminal repeats	NA	3	11	0.9803	NA	3	5.1548	Viruses;Duplodnaviria;Heunggongvirae;Uroviricota;Caudoviricetes;;
k141_1259892	5131	No terminal repeats	NA	5	11	0.9803	NA	1	6.8711	Viruses;Duplodnaviria;Heunggongvirae;Uroviricota;Caudoviricetes;;
k141_12660	5471	No terminal repeats	NA	10	11	0.9803	NA	1	11.5355	Viruses;Duplodnaviria;Heunggongvirae;Uroviricota;Caudoviricetes;;
k141_1257806	7831	No terminal repeats	NA	8	11	0.9803	NA	1	10.9780	Viruses;Duplodnaviria;Heunggongvirae;Uroviricota;Caudoviricetes;;
k141_918683	5935	No terminal repeats	NA	13	11	0.9802	NA	4	14.8100	Viruses;Duplodnaviria;Heunggongvirae;Uroviricota;Caudoviricetes;;
k141_1202423	4046	No terminal repeats	NA	5	11	0.9802	NA	0	6.7984	Viruses;Duplodnaviria;Heunggongvirae;Uroviricota;Caudoviricetes;;Kyanoviridae
k141_1649874	3603	No terminal repeats	NA	4	11	0.9802	NA	1	6.8731	Viruses;Duplodnaviria;Heunggongvirae;Uroviricota;Caudoviricetes;;
k141_24205	5343	No terminal repeats	NA	5	11	0.9802	NA	2	7.5860	Viruses;Duplodnaviria;Heunggongvirae;Uroviricota;Caudoviricetes;;
k141_1648973	8153	No terminal repeats	NA	6	11	0.9802	NA	0	8.5904	Viruses;Duplodnaviria;Heunggongvirae;Uroviricota;Caudoviricetes;;
k141_238648	9327	No terminal repeats	NA	5	11	0.9802	NA	1	6.6928	Viruses;Duplodnaviria;Heunggongvirae;Uroviricota;Caudoviricetes;;
k141_374777	8840	No terminal repeats	NA	12	11	0.9802	NA	3	19.0983	Viruses;Duplodnaviria;Heunggongvirae;Uroviricota;Caudoviricetes;;
k141_51471	5363	No terminal repeats	NA	6	11	0.9802	NA	0	8.2997	Viruses;Duplodnaviria;Heunggongvirae;Uroviricota;Caudoviricetes;;Stanwilliamsviridae
k141_1068382	4919	No terminal repeats	NA	5	11	0.9802	NA	0	6.8731	Viruses;Duplodnaviria;Heunggongvirae;Uroviricota;Caudoviricetes;;
k141_1743160	4751	No terminal repeats	NA	5	11	0.9802	NA	0	6.1095	Viruses;Duplodnaviria;Heunggongvirae;Uroviricota;Caudoviricetes;;
k141_1619637	5360	No terminal repeats	NA	5	11	0.9802	NA	0	6.7412	Viruses;Duplodnaviria;Heunggongvirae;Uroviricota;Caudoviricetes;;
k141_490233	5633	No terminal repeats	NA	5	11	0.9802	NA	0	6.7434	Viruses;Duplodnaviria;Heunggongvirae;Uroviricota;Caudoviricetes;;
k141_254813	9421	No terminal repeats	NA	17	11	0.9801	NA	6	15.9499	Viruses;Duplodnaviria;Heunggongvirae;Uroviricota;Caudoviricetes;;
k141_1613007	4916	No terminal repeats	NA	6	11	0.9801	NA	4	10.0020	Viruses;Duplodnaviria;Heunggongvirae;Uroviricota;Caudoviricetes;;
k141_1168579	5688	No terminal repeats	NA	8	11	0.9801	NA	3	12.0099	Viruses;Duplodnaviria;Heunggongvirae;Uroviricota;Caudoviricetes;;
k141_1263312	3944	No terminal repeats	NA	5	11	0.9801	NA	3	6.8731	Viruses;Duplodnaviria;Heunggongvirae;Uroviricota;Caudoviricetes;;Kyanoviridae
k141_1078650	4307	No terminal repeats	NA	6	11	0.9801	NA	2	8.1127	Viruses;Duplodnaviria;Heunggongvirae;Uroviricota;Caudoviricetes;;
k141_1781584	9340	No terminal repeats	NA	10	11	0.9801	NA	5	15.2749	Viruses;Duplodnaviria;Heunggongvirae;Uroviricota;Caudoviricetes;;
k141_360731	7515	No terminal repeats	NA	12	11	0.9801	NA	3	20.2079	Viruses;Duplodnaviria;Heunggongvirae;Uroviricota;Caudoviricetes;;
k141_732304	4203	No terminal repeats	NA	7	11	0.9801	NA	1	7.2837	Viruses;Duplodnaviria;Heunggongvirae;Uroviricota;Caudoviricetes;;
k141_1869542	5184	No terminal repeats	NA	6	11	0.9801	NA	0	9.9276	Viruses;Varidnaviria;Bamfordvirae;Nucleocytoviricota;Megaviricetes;Imitervirales;
k141_59759	5253	No terminal repeats	NA	15	11	0.9801	NA	0	7.6872	Viruses;Duplodnaviria;Heunggongvirae;Uroviricota;Caudoviricetes;;
k141_67122	2783	No terminal repeats	NA	4	11	0.9801	NA	1	5.1344	Viruses;Duplodnaviria;Heunggongvirae;Uroviricota;Caudoviricetes;;
k141_550525	7120	No terminal repeats	NA	16	11	0.9801	NA	0	17.8743	Viruses;Duplodnaviria;Heunggongvirae;Uroviricota;Caudoviricetes;;
k141_1926228	4980	No terminal repeats	NA	14	11	0.9800	NA	1	22.0556	Viruses;Duplodnaviria;Heunggongvirae;Uroviricota;Caudoviricetes;;Kyanoviridae
k141_1298239	5315	No terminal repeats	NA	14	11	0.9800	NA	0	13.7463	Viruses;Duplodnaviria;Heunggongvirae;Uroviricota;Caudoviricetes;;Kyanoviridae
k141_1434250	3646	No terminal repeats	NA	10	11	0.9800	NA	2	14.6789	Viruses;Duplodnaviria;Heunggongvirae;Uroviricota;Caudoviricetes;;
k141_377396	6414	No terminal repeats	NA	14	11	0.9800	NA	0	10.3089	Viruses;Duplodnaviria;Heunggongvirae;Uroviricota;Caudoviricetes;;
k141_1510036	4036	No terminal repeats	NA	5	11	0.9800	NA	1	8.5914	Viruses;Duplodnaviria;Heunggongvirae;Uroviricota;Caudoviricetes;;Kyanoviridae
k141_1881493	6563	No terminal repeats	NA	24	11	0.9800	NA	1	16.3642	Viruses;Duplodnaviria;Heunggongvirae;Uroviricota;Caudoviricetes;;Kyanoviridae
k141_74964	3595	No terminal repeats	NA	4	11	0.9800	NA	0	6.5675	Viruses;Duplodnaviria;Heunggongvirae;Uroviricota;Caudoviricetes;;
k141_998741	5619	No terminal repeats	NA	8	11	0.9800	NA	2	11.2198	Viruses;Duplodnaviria;Heunggongvirae;Uroviricota;Caudoviricetes;;
k141_1540986	5582	No terminal repeats	NA	18	11	0.9800	NA	1	20.4363	Viruses;Duplodnaviria;Heunggongvirae;Uroviricota;Caudoviricetes;;
k141_1333351	4001	No terminal repeats	NA	11	11	0.9800	NA	0	6.2474	Viruses;Duplodnaviria;Heunggongvirae;Uroviricota;Caudoviricetes;;
k141_1128475	7247	No terminal repeats	NA	15	11	0.9799	NA	1	11.4608	Viruses;Duplodnaviria;Heunggongvirae;Uroviricota;Caudoviricetes;;
k141_704333	6005	No terminal repeats	NA	7	11	0.9799	NA	2	9.8261	Viruses;Duplodnaviria;Heunggongvirae;Uroviricota;Caudoviricetes;;
k141_329497	5331	No terminal repeats	NA	15	11	0.9799	NA	0	19.8772	Viruses;Duplodnaviria;Heunggongvirae;Uroviricota;Caudoviricetes;;
k141_1713328	4007	No terminal repeats	NA	6	11	0.9799	NA	2	9.8704	Viruses;Duplodnaviria;Heunggongvirae;Uroviricota;Caudoviricetes;;Kyanoviridae
k141_1498281	5441	No terminal repeats	NA	8	11	0.9799	NA	0	6.0795	Viruses;Duplodnaviria;Heunggongvirae;Uroviricota;Caudoviricetes;;Kyanoviridae
k141_1045108	3790	No terminal repeats	NA	6	11	0.9799	NA	0	8.1738	Viruses;Duplodnaviria;Heunggongvirae;Uroviricota;Caudoviricetes;;
k141_1531677	5325	No terminal repeats	NA	5	11	0.9799	NA	0	5.7017	Viruses;Duplodnaviria;Heunggongvirae;Uroviricota;Caudoviricetes;;
k141_906520	8035	No terminal repeats	NA	18	11	0.9799	NA	0	18.6706	Viruses;Duplodnaviria;Heunggongvirae;Uroviricota;Caudoviricetes;;
k141_205986	5452	No terminal repeats	NA	7	11	0.9799	NA	3	11.7687	Viruses;Duplodnaviria;Heunggongvirae;Uroviricota;Caudoviricetes;;Kyanoviridae
k141_1531129	9822	No terminal repeats	NA	13	11	0.9798	NA	0	12.7230	Viruses;Duplodnaviria;Heunggongvirae;Uroviricota;Caudoviricetes;;Kyanoviridae
k141_779718	4307	No terminal repeats	NA	6	15	0.9798	NA	0	8.5675	Viruses;Duplodnaviria;Heunggongvirae;Uroviricota;Caudoviricetes;;Kyanoviridae
k141_1905430	42011	No terminal repeats	NA	52	11	0.9798	NA	10	50.1684	Viruses;Duplodnaviria;Heunggongvirae;Uroviricota;Caudoviricetes;;Autographiviridae
k141_1747933	30182	No terminal repeats	NA	42	11	0.9798	NA	9	53.2792	Viruses;Duplodnaviria;Heunggongvirae;Uroviricota;Caudoviricetes;;
k141_369498	5304	No terminal repeats	NA	5	11	0.9798	NA	2	6.8573	Viruses;Duplodnaviria;Heunggongvirae;Uroviricota;Caudoviricetes;;
k141_1110800	7843	No terminal repeats	NA	8	11	0.9798	NA	2	12.0280	Viruses;Duplodnaviria;Heunggongvirae;Uroviricota;Caudoviricetes;;
k141_1117500	5649	No terminal repeats	NA	7	11	0.9798	NA	2	7.8469	Viruses;Varidnaviria;Bamfordvirae;Nucleocytoviricota;Megaviricetes;;
k141_834047	4020	No terminal repeats	NA	6	11	0.9798	NA	1	5.1548	Viruses;Varidnaviria;Bamfordvirae;Nucleocytoviricota;Megaviricetes;Algavirales;Phycodnaviridae
k141_234975	5737	No terminal repeats	NA	8	11	0.9798	NA	0	7.9226	Viruses;Duplodnaviria;Heunggongvirae;Uroviricota;Caudoviricetes;;
k141_336380	5264	No terminal repeats	NA	6	11	0.9798	NA	2	8.5821	Viruses;Duplodnaviria;Heunggongvirae;Uroviricota;Caudoviricetes;;Autographiviridae
k141_1683978	4037	No terminal repeats	NA	8	11	0.9797	NA	1	12.5161	Viruses;Duplodnaviria;Heunggongvirae;Uroviricota;Caudoviricetes;;
k141_618392	36967	No terminal repeats	NA	54	11	0.9797	NA	10	57.9744	Viruses;Duplodnaviria;Heunggongvirae;Uroviricota;Caudoviricetes;;
k141_1380331	6488	No terminal repeats	NA	11	11	0.9797	NA	0	10.2734	Viruses;Duplodnaviria;Heunggongvirae;Uroviricota;Caudoviricetes;;Stanwilliamsviridae
k141_298445	4651	No terminal repeats	NA	6	11	0.9797	NA	0	8.5914	Viruses;Duplodnaviria;Heunggongvirae;Uroviricota;Caudoviricetes;;
k141_270447	9475	No terminal repeats	NA	10	11	0.9797	NA	0	12.0280	Viruses;Varidnaviria;Bamfordvirae;Nucleocytoviricota;Megaviricetes;Imitervirales;
k141_83281	9517	No terminal repeats	NA	13	11	0.9797	NA	1	18.2800	Viruses;Duplodnaviria;Heunggongvirae;Uroviricota;Caudoviricetes;;
k141_1864022	6990	No terminal repeats	NA	18	11	0.9797	NA	0	8.3061	Viruses;Duplodnaviria;Heunggongvirae;Uroviricota;Caudoviricetes;;
k141_1862679	3568	No terminal repeats	NA	7	11	0.9797	NA	1	11.6243	Viruses;Duplodnaviria;Heunggongvirae;Uroviricota;Caudoviricetes;;
k141_847895	4853	No terminal repeats	NA	7	11	0.9797	NA	0	6.2487	Viruses;Duplodnaviria;Heunggongvirae;Uroviricota;Caudoviricetes;;
k141_1316747	3046	No terminal repeats	NA	3	11	0.9797	NA	0	4.6890	Viruses;Duplodnaviria;Heunggongvirae;Uroviricota;Caudoviricetes;;
k141_697213	5146	No terminal repeats	NA	5	11	0.9797	NA	0	8.4982	Viruses;Duplodnaviria;Heunggongvirae;Uroviricota;Caudoviricetes;;
k141_919933	4364	No terminal repeats	NA	7	11	0.9796	NA	0	10.3808	Viruses;Duplodnaviria;Heunggongvirae;Uroviricota;Caudoviricetes;;
k141_370551	9718	No terminal repeats	NA	11	11	0.9796	NA	3	18.4727	Viruses;Duplodnaviria;Heunggongvirae;Uroviricota;Caudoviricetes;;
k141_1479845	6078	No terminal repeats	NA	18	11	0.9796	NA	0	23.3719	Viruses;Duplodnaviria;Heunggongvirae;Uroviricota;Caudoviricetes;;Kyanoviridae
k141_944502	4750	No terminal repeats	NA	12	11	0.9796	NA	0	15.0158	Viruses;Duplodnaviria;Heunggongvirae;Uroviricota;Caudoviricetes;;
k141_1128249	7303	No terminal repeats	NA	6	11	0.9796	NA	0	7.2800	Viruses;Duplodnaviria;Heunggongvirae;Uroviricota;Caudoviricetes;;
k141_1400599	8310	No terminal repeats	NA	21	11	0.9796	NA	0	25.0260	Viruses;Duplodnaviria;Heunggongvirae;Uroviricota;Caudoviricetes;;Kyanoviridae
k141_764438	3613	No terminal repeats	NA	5	11	0.9796	NA	1	8.5914	Viruses;Duplodnaviria;Heunggongvirae;Uroviricota;Caudoviricetes;;
k141_1177525	5613	No terminal repeats	NA	15	11	0.9796	NA	1	18.9011	Viruses;Duplodnaviria;Heunggongvirae;Uroviricota;Caudoviricetes;;Kyanoviridae
k141_1800735	33560	No terminal repeats	NA	43	11	0.9796	NA	8	51.5818	Viruses;Duplodnaviria;Heunggongvirae;Uroviricota;Caudoviricetes;;Autographiviridae
k141_1592371	4031	No terminal repeats	NA	5	11	0.9796	NA	1	6.2051	Viruses;Duplodnaviria;Heunggongvirae;Uroviricota;Caudoviricetes;;
k141_1504115	4828	No terminal repeats	NA	5	11	0.9796	NA	1	6.6202	Viruses;Duplodnaviria;Heunggongvirae;Uroviricota;Caudoviricetes;;
k141_1631078	5944	No terminal repeats	NA	5	11	0.9796	NA	1	8.1193	Viruses;Duplodnaviria;Heunggongvirae;Uroviricota;Caudoviricetes;;
k141_637830	5763	No terminal repeats	NA	5	11	0.9796	NA	0	5.7832	Viruses;Duplodnaviria;Heunggongvirae;Uroviricota;Caudoviricetes;;
k141_832766	4314	No terminal repeats	NA	6	11	0.9796	NA	0	7.9035	Viruses;Duplodnaviria;Heunggongvirae;Uroviricota;Caudoviricetes;;
k141_909169	9288	No terminal repeats	NA	5	11	0.9795	NA	1	8.0235	Viruses;Duplodnaviria;Heunggongvirae;Uroviricota;Caudoviricetes;;
k141_1922522	3969	No terminal repeats	NA	7	11	0.9795	NA	0	8.2368	Viruses;Duplodnaviria;Heunggongvirae;Uroviricota;Caudoviricetes;;
k141_410385	7908	No terminal repeats	NA	7	11	0.9794	NA	0	6.8707	Viruses;Varidnaviria;Bamfordvirae;Nucleocytoviricota;Megaviricetes;Imitervirales;Allomimiviridae
k141_364812	3948	No terminal repeats	NA	7	11	0.9794	NA	1	9.1427	Viruses;Duplodnaviria;Heunggongvirae;Uroviricota;Caudoviricetes;;
k141_115232	8661	No terminal repeats	NA	9	11	0.9794	NA	6	15.1780	Viruses;Duplodnaviria;Heunggongvirae;Uroviricota;Caudoviricetes;;Kyanoviridae
k141_941381	5329	No terminal repeats	NA	6	11	0.9794	NA	0	6.8066	Viruses;Duplodnaviria;Heunggongvirae;Uroviricota;Caudoviricetes;;Kyanoviridae
k141_29428	5833	No terminal repeats	NA	9	11	0.9794	NA	0	15.1997	Viruses;Duplodnaviria;Heunggongvirae;Uroviricota;Caudoviricetes;;
k141_154817	5789	No terminal repeats	NA	8	11	0.9794	NA	0	11.4120	Viruses;Duplodnaviria;Heunggongvirae;Uroviricota;Caudoviricetes;;
k141_1262568	5923	No terminal repeats	NA	5	11	0.9793	NA	0	5.1504	Viruses;Varidnaviria;Bamfordvirae;Nucleocytoviricota;Megaviricetes;Pimascovirales;Iridoviridae
k141_1485309	6743	No terminal repeats	NA	7	11	0.9793	NA	1	8.5544	Viruses;Duplodnaviria;Heunggongvirae;Uroviricota;Caudoviricetes;;Stanwilliamsviridae
k141_1126839	7384	No terminal repeats	NA	5	11	0.9793	NA	1	8.2278	Viruses;Duplodnaviria;Heunggongvirae;Uroviricota;Caudoviricetes;;
k141_1808342	9336	No terminal repeats	NA	9	11	0.9793	NA	0	11.8291	Viruses;Duplodnaviria;Heunggongvirae;Uroviricota;Caudoviricetes;;Kyanoviridae
k141_501152	3889	No terminal repeats	NA	5	11	0.9793	NA	2	8.5852	Viruses;Duplodnaviria;Heunggongvirae;Uroviricota;Caudoviricetes;;
k141_1400902	3692	No terminal repeats	NA	8	11	0.9793	NA	0	9.5035	Viruses;Duplodnaviria;Heunggongvirae;Uroviricota;Caudoviricetes;;
k141_1346766	8452	No terminal repeats	NA	5	11	0.9792	NA	0	8.1167	Viruses;Duplodnaviria;Heunggongvirae;Uroviricota;Caudoviricetes;;Kyanoviridae
k141_102904	3923	No terminal repeats	NA	5	11	0.9792	NA	1	6.6350	Viruses;Duplodnaviria;Heunggongvirae;Uroviricota;Caudoviricetes;;
k141_1366784	9738	No terminal repeats	NA	16	11	0.9792	NA	3	19.7626	Viruses;Duplodnaviria;Heunggongvirae;Uroviricota;Caudoviricetes;;
k141_1966782	4370	DTR	NA	7	11	0.9792	NA	2	6.0860	Viruses;Monodnaviria;Sangervirae;Phixviricota;Malgrandaviricetes;Petitvirales;Microviridae
k141_994734	20678	No terminal repeats	NA	23	11	0.9792	NA	0	22.6991	Viruses;Duplodnaviria;Heunggongvirae;Uroviricota;Caudoviricetes;;
k141_1366069	4366	No terminal repeats	NA	7	11	0.9792	NA	0	8.4680	Viruses;Duplodnaviria;Heunggongvirae;Uroviricota;Caudoviricetes;;Kyanoviridae
k141_988286	5624	No terminal repeats	NA	7	11	0.9792	NA	0	8.8350	Viruses;Duplodnaviria;Heunggongvirae;Uroviricota;Caudoviricetes;;Kyanoviridae
k141_1634471	6066	No terminal repeats	NA	5	11	0.9792	NA	0	6.3242	Viruses;Duplodnaviria;Heunggongvirae;Uroviricota;Caudoviricetes;;
k141_1813057	6419	No terminal repeats	NA	14	11	0.9792	NA	0	8.1379	Viruses;Duplodnaviria;Heunggongvirae;Uroviricota;Caudoviricetes;;
k141_1275457	4487	No terminal repeats	NA	7	11	0.9791	NA	1	10.0340	Viruses;Duplodnaviria;Heunggongvirae;Uroviricota;Caudoviricetes;;
k141_1738842	9025	No terminal repeats	NA	13	11	0.9791	NA	2	13.3453	Viruses;Varidnaviria;Bamfordvirae;Nucleocytoviricota;Megaviricetes;Imitervirales;Mimiviridae
k141_1232867	3651	No terminal repeats	NA	7	11	0.9791	NA	1	8.2382	Viruses;Duplodnaviria;Heunggongvirae;Uroviricota;Caudoviricetes;;
k141_110274	4449	No terminal repeats	NA	7	11	0.9791	NA	1	8.1678	Viruses;Duplodnaviria;Heunggongvirae;Uroviricota;Caudoviricetes;;
k141_435140	7160	No terminal repeats	NA	13	11	0.9791	NA	0	8.6764	Viruses;Duplodnaviria;Heunggongvirae;Uroviricota;Caudoviricetes;;
k141_919589	3974	No terminal repeats	NA	6	11	0.9791	NA	0	10.2989	Viruses;Duplodnaviria;Heunggongvirae;Uroviricota;Caudoviricetes;;Kyanoviridae
k141_1441145	7107	No terminal repeats	NA	8	11	0.9791	NA	0	6.4602	Viruses;Duplodnaviria;Heunggongvirae;Uroviricota;Caudoviricetes;;
k141_1005928	4075	No terminal repeats	NA	5	11	0.9791	NA	0	4.7144	Viruses;Duplodnaviria;Heunggongvirae;Uroviricota;Caudoviricetes;;
k141_1591549	4180	No terminal repeats	NA	6	11	0.9791	NA	0	6.2182	Viruses;Duplodnaviria;Heunggongvirae;Uroviricota;Caudoviricetes;;
k141_224193	4579	No terminal repeats	NA	7	11	0.9791	NA	2	8.5476	Viruses;Duplodnaviria;Heunggongvirae;Uroviricota;Caudoviricetes;;Ackermannviridae
k141_560257	8964	No terminal repeats	NA	10	11	0.9790	NA	3	14.5347	Viruses;Duplodnaviria;Heunggongvirae;Uroviricota;Caudoviricetes;;
k141_770217	5607	No terminal repeats	NA	8	11	0.9790	NA	0	10.6734	Viruses;Duplodnaviria;Heunggongvirae;Uroviricota;Caudoviricetes;;
k141_381329	3960	No terminal repeats	NA	7	11	0.9790	NA	0	10.3289	Viruses;Duplodnaviria;Heunggongvirae;Uroviricota;Caudoviricetes;;
k141_1876975	8249	No terminal repeats	NA	5	11	0.9790	NA	1	5.1548	Viruses;Duplodnaviria;Heunggongvirae;Uroviricota;Caudoviricetes;;
k141_137084	5736	No terminal repeats	NA	16	11	0.9790	NA	2	9.3065	Viruses;Duplodnaviria;Heunggongvirae;Uroviricota;Caudoviricetes;;
k141_241793	3786	No terminal repeats	NA	5	11	0.9790	NA	3	8.5914	Viruses;Duplodnaviria;Heunggongvirae;Uroviricota;Caudoviricetes;;Autographiviridae
k141_1032015	3631	No terminal repeats	NA	7	11	0.9790	NA	1	6.4798	Viruses;Varidnaviria;Bamfordvirae;Nucleocytoviricota;Megaviricetes;Imitervirales;
k141_1304039	7884	No terminal repeats	NA	11	11	0.9790	NA	4	15.4228	Viruses;Duplodnaviria;Heunggongvirae;Uroviricota;Caudoviricetes;;
k141_1519918	4841	No terminal repeats	NA	7	11	0.9790	NA	0	7.5668	Viruses;Duplodnaviria;Heunggongvirae;Uroviricota;Caudoviricetes;;
k141_497205	3636	No terminal repeats	NA	11	11	0.9790	NA	0	12.0813	Viruses;Duplodnaviria;Heunggongvirae;Uroviricota;Caudoviricetes;;
k141_797136	6283	No terminal repeats	NA	9	11	0.9790	NA	2	8.5914	Viruses;Duplodnaviria;Heunggongvirae;Uroviricota;Caudoviricetes;;
k141_1871238	6188	No terminal repeats	NA	13	11	0.9790	NA	0	9.9947	Viruses;Duplodnaviria;Heunggongvirae;Uroviricota;Caudoviricetes;;
k141_659790	2894	No terminal repeats	NA	7	11	0.9789	NA	1	8.4356	Viruses;Duplodnaviria;Heunggongvirae;Uroviricota;Caudoviricetes;;
k141_395516	4477	No terminal repeats	NA	6	11	0.9789	NA	0	7.6193	Viruses;Duplodnaviria;Heunggongvirae;Uroviricota;Caudoviricetes;;Kyanoviridae
k141_695219	7228	No terminal repeats	NA	12	11	0.9789	NA	2	11.6573	Viruses;Duplodnaviria;Heunggongvirae;Uroviricota;Caudoviricetes;;
k141_1850513	3839	No terminal repeats	NA	9	11	0.9789	NA	0	6.4950	Viruses;Duplodnaviria;Heunggongvirae;Uroviricota;Caudoviricetes;;
k141_1706769	5503	No terminal repeats	NA	5	11	0.9789	NA	0	8.1463	Viruses;Duplodnaviria;Heunggongvirae;Uroviricota;Caudoviricetes;;
k141_93951	4083	No terminal repeats	NA	6	11	0.9789	NA	1	8.3366	Viruses;Duplodnaviria;Heunggongvirae;Uroviricota;Caudoviricetes;;Stanwilliamsviridae
k141_1146984	3980	No terminal repeats	NA	6	11	0.9789	NA	1	10.3097	Viruses;Duplodnaviria;Heunggongvirae;Uroviricota;Caudoviricetes;;
k141_1527386	3667	No terminal repeats	NA	6	11	0.9789	NA	0	6.8731	Viruses;Duplodnaviria;Heunggongvirae;Uroviricota;Caudoviricetes;;
k141_1830538	5716	No terminal repeats	NA	19	11	0.9788	NA	0	13.7463	Viruses;Duplodnaviria;Heunggongvirae;Uroviricota;Caudoviricetes;;Kyanoviridae
k141_1703981	4999	No terminal repeats	NA	14	11	0.9788	NA	0	13.3558	Viruses;Duplodnaviria;Heunggongvirae;Uroviricota;Caudoviricetes;;
k141_64335	4413	No terminal repeats	NA	5	15	0.9788	NA	0	6.2817	Viruses;Duplodnaviria;Heunggongvirae;Uroviricota;Caudoviricetes;;
k141_103565	6009	No terminal repeats	NA	16	11	0.9787	NA	1	14.1572	Viruses;Duplodnaviria;Heunggongvirae;Uroviricota;Caudoviricetes;;
k141_1774696	8811	No terminal repeats	NA	16	11	0.9787	NA	2	22.1173	Viruses;Duplodnaviria;Heunggongvirae;Uroviricota;Caudoviricetes;;
k141_872751	8554	No terminal repeats	NA	6	11	0.9787	NA	0	8.1845	Viruses;Duplodnaviria;Heunggongvirae;Uroviricota;Caudoviricetes;;Kyanoviridae
k141_136643	5979	No terminal repeats	NA	7	11	0.9787	NA	0	6.4334	Viruses;Varidnaviria;Bamfordvirae;Nucleocytoviricota;Megaviricetes;Algavirales;Phycodnaviridae
k141_839218	8824	No terminal repeats	NA	13	11	0.9787	NA	0	13.3545	Viruses;Duplodnaviria;Heunggongvirae;Uroviricota;Caudoviricetes;;
k141_53521	5157	No terminal repeats	NA	7	11	0.9787	NA	2	5.2753	Viruses;Duplodnaviria;Heunggongvirae;Uroviricota;Caudoviricetes;;
k141_1600947	3866	No terminal repeats	NA	8	11	0.9787	NA	2	6.8731	Viruses;Duplodnaviria;Heunggongvirae;Uroviricota;Caudoviricetes;;Kyanoviridae
k141_114615	6855	No terminal repeats	NA	12	11	0.9786	NA	2	13.6412	Viruses;Duplodnaviria;Heunggongvirae;Uroviricota;Caudoviricetes;;
k141_565483	3650	No terminal repeats	NA	11	11	0.9786	NA	0	15.4637	Viruses;Duplodnaviria;Heunggongvirae;Uroviricota;Caudoviricetes;;
k141_1687802	3919	No terminal repeats	NA	6	11	0.9786	NA	1	9.9997	Viruses;Duplodnaviria;Heunggongvirae;Uroviricota;Caudoviricetes;;Kyanoviridae
k141_1837073	3674	No terminal repeats	NA	9	11	0.9786	NA	2	10.2749	Viruses;Duplodnaviria;Heunggongvirae;Uroviricota;Caudoviricetes;;
k141_1776956	4480	No terminal repeats	NA	6	11	0.9786	NA	1	3.7099	Viruses;Duplodnaviria;Heunggongvirae;Uroviricota;Caudoviricetes;;
k141_166946	5192	No terminal repeats	NA	12	11	0.9786	NA	0	14.7416	Viruses;Duplodnaviria;Heunggongvirae;Uroviricota;Caudoviricetes;;
k141_779827	3710	No terminal repeats	NA	5	15	0.9786	NA	0	6.8731	Viruses;Duplodnaviria;Heunggongvirae;Uroviricota;Caudoviricetes;;Kyanoviridae
k141_1458861	8553	No terminal repeats	NA	12	11	0.9786	NA	0	12.1919	Viruses;;;;;;
k141_1378785	3790	No terminal repeats	NA	8	11	0.9785	NA	0	9.6232	Viruses;Duplodnaviria;Heunggongvirae;Uroviricota;Caudoviricetes;;
k141_452132	5369	No terminal repeats	NA	7	11	0.9785	NA	0	9.6092	Viruses;Duplodnaviria;Heunggongvirae;Uroviricota;Caudoviricetes;;Kyanoviridae
k141_1966640	4264	DTR	NA	6	11	0.9785	NA	1	6.0023	Viruses;Monodnaviria;Sangervirae;Phixviricota;Malgrandaviricetes;Petitvirales;Microviridae
k141_930993	4008	No terminal repeats	NA	11	11	0.9785	NA	1	8.4932	Viruses;Duplodnaviria;Heunggongvirae;Uroviricota;Caudoviricetes;;
k141_804079	6202	No terminal repeats	NA	6	11	0.9785	NA	1	6.8006	Viruses;Duplodnaviria;Heunggongvirae;Uroviricota;Caudoviricetes;;
k141_1731585	4196	No terminal repeats	NA	6	11	0.9785	NA	2	6.0325	Viruses;Duplodnaviria;Heunggongvirae;Uroviricota;Caudoviricetes;;
k141_136805	5879	No terminal repeats	NA	6	11	0.9785	NA	0	4.7269	Viruses;Varidnaviria;Bamfordvirae;Nucleocytoviricota;Megaviricetes;Algavirales;Phycodnaviridae
k141_544441	5101	No terminal repeats	NA	6	11	0.9785	NA	1	6.8711	Viruses;Duplodnaviria;Heunggongvirae;Uroviricota;Caudoviricetes;;
k141_798393	3921	No terminal repeats	NA	7	11	0.9785	NA	0	6.8200	Viruses;Duplodnaviria;Heunggongvirae;Uroviricota;Caudoviricetes;;
k141_690464	4382	No terminal repeats	NA	5	11	0.9784	NA	2	6.8550	Viruses;Duplodnaviria;Heunggongvirae;Uroviricota;Caudoviricetes;;
k141_1374416	3702	No terminal repeats	NA	5	11	0.9784	NA	2	6.2033	Viruses;Duplodnaviria;Heunggongvirae;Uroviricota;Caudoviricetes;;Stanwilliamsviridae
k141_759221	8784	No terminal repeats	NA	13	11	0.9783	NA	1	11.5661	Viruses;Varidnaviria;Bamfordvirae;Nucleocytoviricota;Megaviricetes;Imitervirales;Mimiviridae
k141_1416009	5152	No terminal repeats	NA	7	11	0.9783	NA	1	5.1548	Viruses;Duplodnaviria;Heunggongvirae;Uroviricota;Caudoviricetes;;Kyanoviridae
k141_883762	7340	No terminal repeats	NA	11	11	0.9783	NA	0	10.7148	Viruses;Duplodnaviria;Heunggongvirae;Uroviricota;Caudoviricetes;;
k141_732853	3960	No terminal repeats	NA	5	11	0.9783	NA	1	4.9162	Viruses;Duplodnaviria;Heunggongvirae;Uroviricota;Caudoviricetes;;
k141_409530	7416	No terminal repeats	NA	10	11	0.9783	NA	0	10.1172	Viruses;Duplodnaviria;Heunggongvirae;Uroviricota;Caudoviricetes;;
k141_85944	4785	No terminal repeats	NA	14	11	0.9783	NA	1	10.2310	Viruses;Duplodnaviria;Heunggongvirae;Uroviricota;Caudoviricetes;;
k141_204484	8049	No terminal repeats	NA	6	11	0.9782	NA	1	4.9544	Viruses;Duplodnaviria;Heunggongvirae;Uroviricota;Caudoviricetes;;Pootjesviridae
k141_496413	9517	No terminal repeats	NA	10	11	0.9782	NA	3	16.8932	Viruses;Duplodnaviria;Heunggongvirae;Uroviricota;Caudoviricetes;;
k141_1020004	6579	No terminal repeats	NA	9	11	0.9782	NA	1	11.1265	Viruses;Duplodnaviria;Heunggongvirae;Uroviricota;Caudoviricetes;;
k141_1940703	3616	No terminal repeats	NA	5	11	0.9782	NA	0	7.0353	Viruses;Duplodnaviria;Heunggongvirae;Uroviricota;Caudoviricetes;;Kyanoviridae
k141_1706596	4637	No terminal repeats	NA	9	11	0.9782	NA	1	5.1355	Viruses;Duplodnaviria;Heunggongvirae;Uroviricota;Caudoviricetes;;Kyanoviridae
k141_420095	8190	No terminal repeats	NA	20	11	0.9782	NA	0	14.7541	Viruses;Duplodnaviria;Heunggongvirae;Uroviricota;Caudoviricetes;;
k141_434901	4203	No terminal repeats	NA	10	11	0.9782	NA	0	7.3921	Viruses;Duplodnaviria;Heunggongvirae;Uroviricota;Caudoviricetes;;
k141_1300622	6194	No terminal repeats	NA	16	11	0.9782	NA	0	14.7752	Viruses;Duplodnaviria;Heunggongvirae;Uroviricota;Caudoviricetes;;
k141_739296	47916	No terminal repeats	NA	49	11	0.9782	NA	5	41.1234	Viruses;Duplodnaviria;Heunggongvirae;Uroviricota;Caudoviricetes;;
k141_1550247	4304	No terminal repeats	NA	5	11	0.9782	NA	4	8.5914	Viruses;Duplodnaviria;Heunggongvirae;Uroviricota;Caudoviricetes;;
k141_1595341	3588	No terminal repeats	NA	6	11	0.9782	NA	2	10.0735	Viruses;Duplodnaviria;Heunggongvirae;Uroviricota;Caudoviricetes;;Kyanoviridae
k141_748521	6290	No terminal repeats	NA	14	11	0.9782	NA	1	8.6858	Viruses;Duplodnaviria;Heunggongvirae;Uroviricota;Caudoviricetes;;
k141_449446	9210	No terminal repeats	NA	14	11	0.9782	NA	0	12.9960	Viruses;Duplodnaviria;Heunggongvirae;Uroviricota;Caudoviricetes;;
k141_381163	2824	No terminal repeats	NA	5	11	0.9781	NA	0	6.3828	Viruses;Duplodnaviria;Heunggongvirae;Uroviricota;Caudoviricetes;;Kyanoviridae
k141_595159	3866	No terminal repeats	NA	9	11	0.9781	NA	0	6.0895	Viruses;Duplodnaviria;Heunggongvirae;Uroviricota;Caudoviricetes;;
k141_348574	9101	No terminal repeats	NA	13	11	0.9781	NA	0	11.0444	Viruses;Duplodnaviria;Heunggongvirae;Uroviricota;Caudoviricetes;;Kyanoviridae
k141_53596	4809	No terminal repeats	NA	6	11	0.9781	NA	1	6.7712	Viruses;Duplodnaviria;Heunggongvirae;Uroviricota;Caudoviricetes;;
k141_312011	6232	No terminal repeats	NA	8	11	0.9780	NA	1	11.6472	Viruses;Duplodnaviria;Heunggongvirae;Uroviricota;Caudoviricetes;;
k141_673082	4069	No terminal repeats	NA	5	11	0.9780	NA	0	5.7895	Viruses;Duplodnaviria;Heunggongvirae;Uroviricota;Caudoviricetes;;
k141_935147	6741	No terminal repeats	NA	10	11	0.9780	NA	0	12.5023	Viruses;Duplodnaviria;Heunggongvirae;Uroviricota;Caudoviricetes;;
k141_968583	3769	No terminal repeats	NA	5	11	0.9780	NA	0	6.5284	Viruses;Duplodnaviria;Heunggongvirae;Uroviricota;Caudoviricetes;;
k141_268392	3935	No terminal repeats	NA	7	11	0.9780	NA	0	9.0188	Viruses;Duplodnaviria;Heunggongvirae;Uroviricota;Caudoviricetes;;
k141_1860127	5606	No terminal repeats	NA	14	11	0.9780	NA	0	15.4602	Viruses;Duplodnaviria;Heunggongvirae;Uroviricota;Caudoviricetes;;
k141_77201	3801	No terminal repeats	NA	6	11	0.9780	NA	0	4.6369	Viruses;Duplodnaviria;Heunggongvirae;Uroviricota;Caudoviricetes;;
k141_1107406	3579	No terminal repeats	NA	6	11	0.9779	NA	1	10.3097	Viruses;Duplodnaviria;Heunggongvirae;Uroviricota;Caudoviricetes;;
k141_1192887	7291	No terminal repeats	NA	10	15	0.9779	NA	1	13.0379	Viruses;Duplodnaviria;Heunggongvirae;Uroviricota;Caudoviricetes;;
k141_1311228	9520	No terminal repeats	NA	21	11	0.9779	NA	1	20.5794	Viruses;Duplodnaviria;Heunggongvirae;Uroviricota;Caudoviricetes;;
k141_344615	6012	No terminal repeats	NA	11	11	0.9779	NA	0	13.3393	Viruses;Duplodnaviria;Heunggongvirae;Uroviricota;Caudoviricetes;;
k141_69174	4709	No terminal repeats	NA	6	11	0.9779	NA	3	8.5756	Viruses;Duplodnaviria;Heunggongvirae;Uroviricota;Caudoviricetes;;
k141_258083	3604	No terminal repeats	NA	9	11	0.9779	NA	0	13.0405	Viruses;Duplodnaviria;Heunggongvirae;Uroviricota;Caudoviricetes;;
k141_971967	3850	No terminal repeats	NA	5	11	0.9778	NA	0	6.8731	Viruses;Duplodnaviria;Heunggongvirae;Uroviricota;Caudoviricetes;;
k141_1590937	5137	No terminal repeats	NA	6	11	0.9778	NA	1	8.0959	Viruses;Duplodnaviria;Heunggongvirae;Uroviricota;Caudoviricetes;;Kyanoviridae
k141_1496350	8287	No terminal repeats	NA	16	11	0.9778	NA	0	6.7122	Viruses;Duplodnaviria;Heunggongvirae;Uroviricota;Caudoviricetes;;
k141_666772	3501	No terminal repeats	NA	5	11	0.9778	NA	0	5.0850	Viruses;Duplodnaviria;Heunggongvirae;Uroviricota;Caudoviricetes;;Kyanoviridae
k141_1089922	4348	No terminal repeats	NA	12	11	0.9778	NA	0	15.0116	Viruses;Duplodnaviria;Heunggongvirae;Uroviricota;Caudoviricetes;;Kyanoviridae
k141_1100538	8184	No terminal repeats	NA	13	11	0.9778	NA	2	11.4807	Viruses;Duplodnaviria;Heunggongvirae;Uroviricota;Caudoviricetes;;
k141_508067	4046	No terminal repeats	NA	5	11	0.9778	NA	0	6.8731	Viruses;Varidnaviria;Bamfordvirae;Nucleocytoviricota;Megaviricetes;Algavirales;Phycodnaviridae
k141_1204180	7751	No terminal repeats	NA	8	11	0.9778	NA	0	6.6332	Viruses;Varidnaviria;Bamfordvirae;Nucleocytoviricota;Megaviricetes;Imitervirales;Mimiviridae
k141_1627093	5220	No terminal repeats	NA	8	11	0.9777	NA	2	8.5100	Viruses;Duplodnaviria;Heunggongvirae;Uroviricota;Caudoviricetes;;
k141_263505	4756	No terminal repeats	NA	9	11	0.9777	NA	0	7.0568	Viruses;Duplodnaviria;Heunggongvirae;Uroviricota;Caudoviricetes;;Kyanoviridae
k141_1725840	5342	No terminal repeats	NA	6	11	0.9777	NA	1	3.4366	Viruses;Varidnaviria;Bamfordvirae;Nucleocytoviricota;Megaviricetes;Imitervirales;
k141_1111321	6148	No terminal repeats	NA	5	11	0.9777	NA	0	7.8687	Viruses;Duplodnaviria;Heunggongvirae;Uroviricota;Caudoviricetes;;
k141_1174315	3593	No terminal repeats	NA	10	11	0.9777	NA	2	11.3755	Viruses;Duplodnaviria;Heunggongvirae;Uroviricota;Caudoviricetes;;Kyanoviridae
k141_1665421	6036	No terminal repeats	NA	13	11	0.9777	NA	1	9.4122	Viruses;Duplodnaviria;Heunggongvirae;Uroviricota;Caudoviricetes;;
k141_1416779	6292	No terminal repeats	NA	9	11	0.9777	NA	2	6.2035	Viruses;Duplodnaviria;Heunggongvirae;Uroviricota;Caudoviricetes;;
k141_622212	9159	No terminal repeats	NA	10	11	0.9777	NA	1	15.0782	Viruses;Duplodnaviria;Heunggongvirae;Uroviricota;Caudoviricetes;;Autographiviridae
k141_1696554	5465	No terminal repeats	NA	5	11	0.9777	NA	1	8.5905	Viruses;Duplodnaviria;Heunggongvirae;Uroviricota;Caudoviricetes;;
k141_1749590	3594	No terminal repeats	NA	10	11	0.9777	NA	0	13.5128	Viruses;Duplodnaviria;Heunggongvirae;Uroviricota;Caudoviricetes;;Kyanoviridae
k141_377969	4856	No terminal repeats	NA	6	11	0.9776	NA	0	6.8731	Viruses;Varidnaviria;Bamfordvirae;Nucleocytoviricota;Megaviricetes;Imitervirales;Allomimiviridae
k141_565074	9416	No terminal repeats	NA	18	11	0.9776	NA	1	13.3629	Viruses;Duplodnaviria;Heunggongvirae;Uroviricota;Caudoviricetes;;
k141_717357	7339	No terminal repeats	NA	23	11	0.9776	NA	0	9.2406	Viruses;Duplodnaviria;Heunggongvirae;Uroviricota;Caudoviricetes;;
k141_948889	4762	No terminal repeats	NA	9	11	0.9776	NA	1	7.8039	Viruses;Duplodnaviria;Heunggongvirae;Uroviricota;Caudoviricetes;;
k141_403571	7757	No terminal repeats	NA	7	11	0.9776	NA	1	7.5060	Viruses;Duplodnaviria;Heunggongvirae;Uroviricota;Caudoviricetes;;
k141_1603941	4848	No terminal repeats	NA	7	11	0.9776	NA	1	6.8731	Viruses;Duplodnaviria;Heunggongvirae;Uroviricota;Caudoviricetes;;
k141_1374391	5028	No terminal repeats	NA	20	11	0.9776	NA	1	17.8998	Viruses;Duplodnaviria;Heunggongvirae;Uroviricota;Caudoviricetes;;
k141_726982	6534	No terminal repeats	NA	6	11	0.9775	NA	0	4.6708	Viruses;Duplodnaviria;Heunggongvirae;Uroviricota;Caudoviricetes;;
k141_250503	5772	No terminal repeats	NA	8	11	0.9775	NA	1	11.9977	Viruses;Duplodnaviria;Heunggongvirae;Uroviricota;Caudoviricetes;;
k141_60029	5134	No terminal repeats	NA	7	11	0.9775	NA	0	10.3097	Viruses;Duplodnaviria;Heunggongvirae;Uroviricota;Caudoviricetes;;
k141_1929934	3722	No terminal repeats	NA	6	11	0.9775	NA	0	4.9007	Viruses;Duplodnaviria;Heunggongvirae;Uroviricota;Caudoviricetes;;
k141_1730807	4140	No terminal repeats	NA	6	11	0.9775	NA	0	5.8121	Viruses;Duplodnaviria;Heunggongvirae;Uroviricota;Caudoviricetes;;
k141_389379	3679	No terminal repeats	NA	6	11	0.9775	NA	1	6.8731	Viruses;Duplodnaviria;Heunggongvirae;Uroviricota;Caudoviricetes;;
k141_273522	4632	No terminal repeats	NA	5	11	0.9775	NA	2	4.9574	Viruses;Duplodnaviria;Heunggongvirae;Uroviricota;Caudoviricetes;;
k141_1954839	6146	No terminal repeats	NA	10	11	0.9775	NA	1	8.1201	Viruses;Duplodnaviria;Heunggongvirae;Uroviricota;Caudoviricetes;;Autographiviridae
k141_813850	4683	No terminal repeats	NA	10	11	0.9775	NA	1	10.0663	Viruses;Duplodnaviria;Heunggongvirae;Uroviricota;Caudoviricetes;;
k141_600698	6186	No terminal repeats	NA	10	11	0.9775	NA	0	15.9091	Viruses;Duplodnaviria;Heunggongvirae;Uroviricota;Caudoviricetes;;
k141_1326173	3631	No terminal repeats	NA	9	11	0.9775	NA	3	8.5914	Viruses;Duplodnaviria;Heunggongvirae;Uroviricota;Caudoviricetes;;
k141_1346969	7195	No terminal repeats	NA	10	11	0.9775	NA	0	9.8660	Viruses;Duplodnaviria;Heunggongvirae;Uroviricota;Caudoviricetes;;
k141_994454	3795	No terminal repeats	NA	7	11	0.9774	NA	0	5.4101	Viruses;Duplodnaviria;Heunggongvirae;Uroviricota;Caudoviricetes;;
k141_621987	6623	No terminal repeats	NA	13	11	0.9774	NA	2	12.0339	Viruses;Duplodnaviria;Heunggongvirae;Uroviricota;Caudoviricetes;;
k141_1426704	3704	No terminal repeats	NA	8	11	0.9774	NA	0	7.1518	Viruses;Duplodnaviria;Heunggongvirae;Uroviricota;Caudoviricetes;;
k141_1485804	3868	No terminal repeats	NA	8	11	0.9774	NA	0	5.0598	Viruses;Duplodnaviria;Heunggongvirae;Uroviricota;Caudoviricetes;;
k141_1236765	7818	No terminal repeats	NA	8	11	0.9774	NA	0	9.1143	Viruses;Duplodnaviria;Heunggongvirae;Uroviricota;Caudoviricetes;;
k141_1664445	4301	No terminal repeats	NA	8	11	0.9774	NA	0	8.9465	Viruses;Duplodnaviria;Heunggongvirae;Uroviricota;Caudoviricetes;;
k141_447721	8371	No terminal repeats	NA	12	11	0.9774	NA	3	10.8580	Viruses;Duplodnaviria;Heunggongvirae;Uroviricota;Caudoviricetes;;
k141_571271	2741	No terminal repeats	NA	5	11	0.9774	NA	1	8.3299	Viruses;Duplodnaviria;Heunggongvirae;Uroviricota;Caudoviricetes;;
k141_549353	7782	No terminal repeats	NA	11	11	0.9773	NA	3	5.9803	Viruses;Duplodnaviria;Heunggongvirae;Uroviricota;Caudoviricetes;;
k141_897934	65849	DTR	NA	80	11	0.9773	NA	5	86.8615	Viruses;Duplodnaviria;Heunggongvirae;Uroviricota;Caudoviricetes;;
k141_1619338	6278	No terminal repeats	NA	6	11	0.9773	NA	0	6.3086	Viruses;Duplodnaviria;Heunggongvirae;Uroviricota;Caudoviricetes;;
k141_1433675	6516	No terminal repeats	NA	5	11	0.9773	NA	1	7.5911	Viruses;Duplodnaviria;Heunggongvirae;Uroviricota;Caudoviricetes;;Kyanoviridae
k141_243926	3563	No terminal repeats	NA	6	11	0.9773	NA	1	6.8699	Viruses;Duplodnaviria;Heunggongvirae;Uroviricota;Caudoviricetes;;
k141_1219366	3551	No terminal repeats	NA	13	11	0.9773	NA	0	17.1751	Viruses;Duplodnaviria;Heunggongvirae;Uroviricota;Caudoviricetes;;Kyanoviridae
k141_1261135	4191	No terminal repeats	NA	6	11	0.9773	NA	0	4.5072	Viruses;Duplodnaviria;Heunggongvirae;Uroviricota;Caudoviricetes;;
k141_334880	6718	No terminal repeats	NA	11	11	0.9773	NA	0	13.2782	Viruses;Duplodnaviria;Heunggongvirae;Uroviricota;Caudoviricetes;;
k141_1498202	9730	No terminal repeats	NA	17	11	0.9773	NA	0	16.6075	Viruses;Duplodnaviria;Heunggongvirae;Uroviricota;Caudoviricetes;;
k141_866942	4259	No terminal repeats	NA	6	11	0.9773	NA	1	4.8572	Viruses;Duplodnaviria;Heunggongvirae;Uroviricota;Caudoviricetes;;
k141_1793685	5985	No terminal repeats	NA	11	11	0.9772	NA	2	17.1828	Viruses;Duplodnaviria;Heunggongvirae;Uroviricota;Caudoviricetes;;
k141_1089459	4792	No terminal repeats	NA	9	11	0.9772	NA	1	10.0001	Viruses;Duplodnaviria;Heunggongvirae;Uroviricota;Caudoviricetes;;
k141_1191782	8539	No terminal repeats	NA	11	11	0.9772	NA	2	18.2863	Viruses;Duplodnaviria;Heunggongvirae;Uroviricota;Caudoviricetes;;
k141_1950615	4845	No terminal repeats	NA	9	11	0.9772	NA	0	6.1924	Viruses;Duplodnaviria;Heunggongvirae;Uroviricota;Caudoviricetes;;
k141_1737593	4050	No terminal repeats	NA	5	11	0.9771	NA	2	6.4342	Viruses;Duplodnaviria;Heunggongvirae;Uroviricota;Caudoviricetes;;
k141_1128026	4345	No terminal repeats	NA	6	11	0.9771	NA	0	8.2685	Viruses;Duplodnaviria;Heunggongvirae;Uroviricota;Caudoviricetes;;
k141_391559	6260	No terminal repeats	NA	11	11	0.9771	NA	2	6.5337	Viruses;Duplodnaviria;Heunggongvirae;Uroviricota;Caudoviricetes;;Autographiviridae
k141_95640	7061	No terminal repeats	NA	18	11	0.9771	NA	0	7.2093	Viruses;Duplodnaviria;Heunggongvirae;Uroviricota;Caudoviricetes;;
k141_234727	3621	No terminal repeats	NA	9	11	0.9771	NA	0	11.7082	Viruses;Duplodnaviria;Heunggongvirae;Uroviricota;Caudoviricetes;;
k141_583266	4375	No terminal repeats	NA	10	11	0.9771	NA	0	9.5751	Viruses;Duplodnaviria;Heunggongvirae;Uroviricota;Caudoviricetes;;
k141_1703742	4648	No terminal repeats	NA	6	11	0.9771	NA	0	5.1548	Viruses;Varidnaviria;Bamfordvirae;Nucleocytoviricota;Megaviricetes;Pimascovirales;Iridoviridae
k141_1086180	7079	No terminal repeats	NA	19	11	0.9771	NA	0	5.8670	Viruses;Duplodnaviria;Heunggongvirae;Uroviricota;Caudoviricetes;;
k141_93415	3392	No terminal repeats	NA	4	11	0.9771	NA	0	6.5018	Viruses;Duplodnaviria;Heunggongvirae;Uroviricota;Caudoviricetes;;
k141_1510239	6212	No terminal repeats	NA	9	11	0.9770	NA	2	13.1397	Viruses;Duplodnaviria;Heunggongvirae;Uroviricota;Caudoviricetes;;
k141_1519227	8945	No terminal repeats	NA	11	11	0.9770	NA	2	8.5672	Viruses;Duplodnaviria;Heunggongvirae;Uroviricota;Caudoviricetes;;
k141_1312481	4277	No terminal repeats	NA	5	11	0.9770	NA	3	8.5914	Viruses;Duplodnaviria;Heunggongvirae;Uroviricota;Caudoviricetes;;Kyanoviridae
k141_124847	5071	No terminal repeats	NA	5	11	0.9770	NA	0	4.4451	Viruses;Varidnaviria;Bamfordvirae;Nucleocytoviricota;Megaviricetes;Imitervirales;
k141_700233	4068	No terminal repeats	NA	6	11	0.9770	NA	1	7.9818	Viruses;Duplodnaviria;Heunggongvirae;Uroviricota;Caudoviricetes;;
k141_1891300	4068	No terminal repeats	NA	10	11	0.9770	NA	1	11.4144	Viruses;Duplodnaviria;Heunggongvirae;Uroviricota;Caudoviricetes;;Kyanoviridae
k141_6441	8341	No terminal repeats	NA	6	11	0.9770	NA	0	7.7795	Viruses;Duplodnaviria;Heunggongvirae;Uroviricota;Caudoviricetes;;Kyanoviridae
k141_1714013	6493	No terminal repeats	NA	6	15	0.9770	NA	0	6.5430	Viruses;Duplodnaviria;Heunggongvirae;Uroviricota;Caudoviricetes;;
k141_1805494	7357	No terminal repeats	NA	17	11	0.9770	NA	1	13.6974	Viruses;Duplodnaviria;Heunggongvirae;Uroviricota;Caudoviricetes;;
k141_1674970	4103	No terminal repeats	NA	8	11	0.9770	NA	0	6.8090	Viruses;Duplodnaviria;Heunggongvirae;Uroviricota;Caudoviricetes;;Kyanoviridae
k141_1106865	5079	No terminal repeats	NA	5	11	0.9770	NA	0	7.8070	Viruses;Duplodnaviria;Heunggongvirae;Uroviricota;Caudoviricetes;;
k141_1491210	6989	No terminal repeats	NA	7	11	0.9769	NA	2	11.6992	Viruses;Duplodnaviria;Heunggongvirae;Uroviricota;Caudoviricetes;;
k141_1935571	7879	No terminal repeats	NA	10	11	0.9769	NA	1	10.3081	Viruses;Varidnaviria;Bamfordvirae;Nucleocytoviricota;Megaviricetes;Imitervirales;Allomimiviridae
k141_1134480	5197	No terminal repeats	NA	7	11	0.9769	NA	1	4.6269	Viruses;Duplodnaviria;Heunggongvirae;Uroviricota;Caudoviricetes;;
k141_259845	3763	No terminal repeats	NA	5	11	0.9769	NA	0	6.8687	Viruses;Duplodnaviria;Heunggongvirae;Uroviricota;Caudoviricetes;;Kyanoviridae
k141_1474180	7812	No terminal repeats	NA	12	11	0.9769	NA	0	13.1981	Viruses;Duplodnaviria;Heunggongvirae;Uroviricota;Caudoviricetes;;
k141_730940	5228	No terminal repeats	NA	12	11	0.9769	NA	0	6.8731	Viruses;Duplodnaviria;Heunggongvirae;Uroviricota;Caudoviricetes;;
k141_1050592	9188	No terminal repeats	NA	17	11	0.9768	NA	1	19.7140	Viruses;Duplodnaviria;Heunggongvirae;Uroviricota;Caudoviricetes;;
k141_618985	7919	No terminal repeats	NA	20	11	0.9768	NA	0	11.4989	Viruses;Duplodnaviria;Heunggongvirae;Uroviricota;Caudoviricetes;;
k141_1038384	34860	No terminal repeats	NA	59	11	0.9768	NA	4	44.9356	Viruses;Duplodnaviria;Heunggongvirae;Uroviricota;Caudoviricetes;;
k141_1743266	4095	No terminal repeats	NA	8	11	0.9768	NA	2	11.9615	Viruses;Duplodnaviria;Heunggongvirae;Uroviricota;Caudoviricetes;;
k141_78470	5858	No terminal repeats	NA	14	11	0.9768	NA	0	5.1530	Viruses;Duplodnaviria;Heunggongvirae;Uroviricota;Caudoviricetes;;
k141_547689	43015	No terminal repeats	NA	72	11	0.9768	NA	2	36.2409	Viruses;Duplodnaviria;Heunggongvirae;Uroviricota;Caudoviricetes;;
k141_660895	4605	No terminal repeats	NA	5	11	0.9768	NA	0	4.6571	Viruses;Duplodnaviria;Heunggongvirae;Uroviricota;Caudoviricetes;;
k141_1529130	4306	No terminal repeats	NA	5	11	0.9767	NA	0	4.7716	Viruses;Duplodnaviria;Heunggongvirae;Uroviricota;Caudoviricetes;;
k141_1913387	6198	No terminal repeats	NA	7	11	0.9767	NA	0	7.1738	Viruses;Duplodnaviria;Heunggongvirae;Uroviricota;Caudoviricetes;;
k141_1858601	6426	No terminal repeats	NA	15	11	0.9767	NA	1	11.2258	Viruses;Duplodnaviria;Heunggongvirae;Uroviricota;Caudoviricetes;;
k141_321967	6753	No terminal repeats	NA	12	11	0.9767	NA	0	4.9956	Viruses;Duplodnaviria;Heunggongvirae;Uroviricota;Caudoviricetes;;
k141_559061	4843	No terminal repeats	NA	6	11	0.9766	NA	1	5.1548	Viruses;Duplodnaviria;Heunggongvirae;Uroviricota;Caudoviricetes;;
k141_1899511	5806	No terminal repeats	NA	10	11	0.9766	NA	1	11.4601	Viruses;Duplodnaviria;Heunggongvirae;Uroviricota;Caudoviricetes;;
k141_193228	9131	No terminal repeats	NA	13	11	0.9766	NA	1	10.9580	Viruses;Duplodnaviria;Heunggongvirae;Uroviricota;Caudoviricetes;;
k141_854921	4273	No terminal repeats	NA	5	11	0.9766	NA	1	8.5914	Viruses;Duplodnaviria;Heunggongvirae;Uroviricota;Caudoviricetes;;
k141_716104	8212	No terminal repeats	NA	3	11	0.9766	NA	0	4.3528	Viruses;Duplodnaviria;Heunggongvirae;Uroviricota;Caudoviricetes;;
k141_1480370	8200	No terminal repeats	NA	11	11	0.9766	NA	1	12.6591	Viruses;Duplodnaviria;Heunggongvirae;Uroviricota;Caudoviricetes;;
k141_1193237	5897	No terminal repeats	NA	6	11	0.9765	NA	1	3.2038	Viruses;Varidnaviria;Bamfordvirae;Nucleocytoviricota;Megaviricetes;Algavirales;Phycodnaviridae
k141_1793965	7913	No terminal repeats	NA	21	11	0.9765	NA	0	15.0885	Viruses;Duplodnaviria;Heunggongvirae;Uroviricota;Caudoviricetes;;
k141_1786050	3694	No terminal repeats	NA	5	11	0.9765	NA	1	8.5914	Viruses;Duplodnaviria;Heunggongvirae;Uroviricota;Caudoviricetes;;
k141_376175	5063	No terminal repeats	NA	6	11	0.9765	NA	0	3.4366	Viruses;Duplodnaviria;Heunggongvirae;Uroviricota;Caudoviricetes;;
k141_1253922	8895	No terminal repeats	NA	5	11	0.9765	NA	0	3.0558	Viruses;Duplodnaviria;Heunggongvirae;Uroviricota;Caudoviricetes;;
k141_1016826	4038	No terminal repeats	NA	8	11	0.9765	NA	1	6.8721	Viruses;Duplodnaviria;Heunggongvirae;Uroviricota;Caudoviricetes;;
k141_510202	5321	No terminal repeats	NA	14	11	0.9765	NA	2	23.8266	Viruses;Duplodnaviria;Heunggongvirae;Uroviricota;Caudoviricetes;;
k141_1875614	5717	No terminal repeats	NA	12	11	0.9765	NA	0	5.1219	Viruses;Duplodnaviria;Heunggongvirae;Uroviricota;Caudoviricetes;;
k141_1629040	5675	No terminal repeats	NA	6	11	0.9765	NA	1	7.8730	Viruses;Duplodnaviria;Heunggongvirae;Uroviricota;Caudoviricetes;;
k141_949791	9257	No terminal repeats	NA	15	11	0.9765	NA	1	18.0626	Viruses;Duplodnaviria;Heunggongvirae;Uroviricota;Caudoviricetes;;
k141_327228	4050	No terminal repeats	NA	5	11	0.9765	NA	0	3.2088	Viruses;Duplodnaviria;Heunggongvirae;Uroviricota;Caudoviricetes;;
k141_1575244	3649	No terminal repeats	NA	5	11	0.9764	NA	0	4.8101	Viruses;Duplodnaviria;Heunggongvirae;Uroviricota;Caudoviricetes;;
k141_1420435	3942	No terminal repeats	NA	6	11	0.9764	NA	1	7.0694	Viruses;Duplodnaviria;Heunggongvirae;Uroviricota;Caudoviricetes;;
k141_1509074	6040	No terminal repeats	NA	6	11	0.9764	NA	0	4.0368	Viruses;Varidnaviria;Bamfordvirae;Nucleocytoviricota;Megaviricetes;Imitervirales;Mimiviridae
k141_508772	5716	No terminal repeats	NA	7	11	0.9764	NA	1	6.4512	Viruses;Duplodnaviria;Heunggongvirae;Uroviricota;Caudoviricetes;;
k141_615876	4129	No terminal repeats	NA	5	11	0.9764	NA	1	6.8594	Viruses;Duplodnaviria;Heunggongvirae;Uroviricota;Caudoviricetes;;
k141_811544	5347	No terminal repeats	NA	6	11	0.9763	NA	1	7.1317	Viruses;Duplodnaviria;Heunggongvirae;Uroviricota;Caudoviricetes;;
k141_648536	8019	No terminal repeats	NA	12	11	0.9763	NA	2	13.9654	Viruses;Duplodnaviria;Heunggongvirae;Uroviricota;Caudoviricetes;;
k141_1956302	5137	No terminal repeats	NA	9	11	0.9763	NA	0	7.0933	Viruses;Duplodnaviria;Heunggongvirae;Uroviricota;Caudoviricetes;;
k141_564800	3873	No terminal repeats	NA	10	11	0.9763	NA	0	8.2939	Viruses;Duplodnaviria;Heunggongvirae;Uroviricota;Caudoviricetes;;
k141_59821	5000	No terminal repeats	NA	7	11	0.9762	NA	1	11.3177	Viruses;Duplodnaviria;Heunggongvirae;Uroviricota;Caudoviricetes;;
k141_1781318	4057	No terminal repeats	NA	15	11	0.9762	NA	0	4.8116	Viruses;Duplodnaviria;Heunggongvirae;Uroviricota;Caudoviricetes;;
k141_1667322	41610	DTR	NA	49	11	0.9762	NA	3	38.3924	Viruses;Duplodnaviria;Heunggongvirae;Uroviricota;Caudoviricetes;;
k141_1488240	5194	No terminal repeats	NA	5	11	0.9762	NA	1	6.5777	Viruses;Duplodnaviria;Heunggongvirae;Uroviricota;Caudoviricetes;;
k141_1181752	3790	No terminal repeats	NA	5	11	0.9762	NA	0	8.0526	Viruses;Duplodnaviria;Heunggongvirae;Uroviricota;Caudoviricetes;;
k141_951432	7412	No terminal repeats	NA	18	11	0.9761	NA	0	6.6595	Viruses;Duplodnaviria;Heunggongvirae;Uroviricota;Caudoviricetes;;
k141_936725	5467	No terminal repeats	NA	11	11	0.9761	NA	0	11.4887	Viruses;Duplodnaviria;Heunggongvirae;Uroviricota;Caudoviricetes;;
k141_128670	3920	No terminal repeats	NA	8	11	0.9761	NA	0	6.8731	Viruses;Duplodnaviria;Heunggongvirae;Uroviricota;Caudoviricetes;;
k141_542188	4641	No terminal repeats	NA	6	11	0.9761	NA	0	7.7351	Viruses;Duplodnaviria;Heunggongvirae;Uroviricota;Caudoviricetes;;
k141_838701	3621	No terminal repeats	NA	5	11	0.9760	NA	0	8.3948	Viruses;Duplodnaviria;Heunggongvirae;Uroviricota;Caudoviricetes;;
k141_146211	6042	No terminal repeats	NA	7	11	0.9760	NA	1	10.6090	Viruses;Duplodnaviria;Heunggongvirae;Uroviricota;Caudoviricetes;;
k141_1356954	2535	No terminal repeats	NA	3	11	0.9760	NA	0	4.9115	Viruses;Duplodnaviria;Heunggongvirae;Uroviricota;Caudoviricetes;;
k141_1055461	8245	No terminal repeats	NA	12	11	0.9759	NA	0	4.1654	Viruses;Varidnaviria;Bamfordvirae;Nucleocytoviricota;Megaviricetes;Algavirales;Phycodnaviridae
k141_1733754	3862	No terminal repeats	NA	5	11	0.9759	NA	0	4.8401	Viruses;Duplodnaviria;Heunggongvirae;Uroviricota;Caudoviricetes;;
k141_1838546	6790	No terminal repeats	NA	9	11	0.9759	NA	0	6.4272	Viruses;Duplodnaviria;Heunggongvirae;Uroviricota;Caudoviricetes;;Straboviridae
k141_1856137	5320	No terminal repeats	NA	6	11	0.9759	NA	0	10.0988	Viruses;Duplodnaviria;Heunggongvirae;Uroviricota;Caudoviricetes;;
k141_1484827	4928	No terminal repeats	NA	10	11	0.9759	NA	0	9.7673	Viruses;Duplodnaviria;Heunggongvirae;Uroviricota;Caudoviricetes;;
k141_379887	7179	No terminal repeats	NA	17	11	0.9759	NA	1	13.0841	Viruses;Duplodnaviria;Heunggongvirae;Uroviricota;Caudoviricetes;;
k141_1879818	5871	No terminal repeats	NA	13	11	0.9759	NA	1	12.4864	Viruses;Duplodnaviria;Heunggongvirae;Uroviricota;Caudoviricetes;;
k141_493396	4671	No terminal repeats	NA	7	11	0.9759	NA	1	6.7486	Viruses;Duplodnaviria;Heunggongvirae;Uroviricota;Caudoviricetes;;
k141_305159	4337	No terminal repeats	NA	6	11	0.9758	NA	3	5.4362	Viruses;Duplodnaviria;Heunggongvirae;Uroviricota;Caudoviricetes;;
k141_704431	29210	No terminal repeats	NA	42	11	0.9758	NA	7	57.9803	Viruses;Duplodnaviria;Heunggongvirae;Uroviricota;Caudoviricetes;;
k141_1178983	4989	No terminal repeats	NA	5	11	0.9758	NA	0	4.5851	Viruses;Duplodnaviria;Heunggongvirae;Uroviricota;Caudoviricetes;;Kyanoviridae
k141_1428298	9564	No terminal repeats	NA	28	11	0.9758	NA	2	29.9271	Viruses;Duplodnaviria;Heunggongvirae;Uroviricota;Caudoviricetes;;
k141_105619	4600	No terminal repeats	NA	4	11	0.9758	NA	0	5.0590	Viruses;Duplodnaviria;Heunggongvirae;Uroviricota;Caudoviricetes;;
k141_396756	8614	No terminal repeats	NA	11	11	0.9758	NA	1	16.0963	Viruses;Duplodnaviria;Heunggongvirae;Uroviricota;Caudoviricetes;;
k141_1439458	3627	No terminal repeats	NA	7	11	0.9758	NA	0	10.0586	Viruses;Duplodnaviria;Heunggongvirae;Uroviricota;Caudoviricetes;;
k141_1827168	6110	No terminal repeats	NA	17	11	0.9758	NA	0	12.4506	Viruses;Duplodnaviria;Heunggongvirae;Uroviricota;Caudoviricetes;;Kyanoviridae
k141_1741921	8975	No terminal repeats	NA	12	11	0.9758	NA	1	19.1973	Viruses;Duplodnaviria;Heunggongvirae;Uroviricota;Caudoviricetes;;Kyanoviridae
k141_674147	4017	No terminal repeats	NA	7	11	0.9758	NA	0	8.1068	Viruses;Duplodnaviria;Heunggongvirae;Uroviricota;Caudoviricetes;;
k141_693567	5568	No terminal repeats	NA	7	11	0.9757	NA	2	10.9344	Viruses;Duplodnaviria;Heunggongvirae;Uroviricota;Caudoviricetes;;
k141_1120424	5983	No terminal repeats	NA	6	11	0.9757	NA	0	9.8051	Viruses;Duplodnaviria;Heunggongvirae;Uroviricota;Caudoviricetes;;Kyanoviridae
k141_1540747	3691	No terminal repeats	NA	14	11	0.9757	NA	1	15.0761	Viruses;Duplodnaviria;Heunggongvirae;Uroviricota;Caudoviricetes;;
k141_693924	3822	No terminal repeats	NA	5	11	0.9757	NA	4	5.5011	Viruses;Duplodnaviria;Heunggongvirae;Uroviricota;Caudoviricetes;;
k141_1159971	3616	No terminal repeats	NA	7	11	0.9756	NA	0	4.6673	Viruses;Duplodnaviria;Heunggongvirae;Uroviricota;Caudoviricetes;;
k141_1251913	9501	No terminal repeats	NA	23	11	0.9756	NA	0	26.8450	Viruses;Duplodnaviria;Heunggongvirae;Uroviricota;Caudoviricetes;;
k141_1631155	5059	No terminal repeats	NA	11	11	0.9756	NA	3	14.6865	Viruses;Duplodnaviria;Heunggongvirae;Uroviricota;Caudoviricetes;;Kyanoviridae
k141_741789	4368	No terminal repeats	NA	14	11	0.9755	NA	0	4.8721	Viruses;Duplodnaviria;Heunggongvirae;Uroviricota;Caudoviricetes;;
k141_1498193	8828	No terminal repeats	NA	10	11	0.9755	NA	0	7.6621	Viruses;Duplodnaviria;Heunggongvirae;Uroviricota;Caudoviricetes;;
k141_1455485	8521	No terminal repeats	NA	16	11	0.9755	NA	1	11.7653	Viruses;Duplodnaviria;Heunggongvirae;Uroviricota;Caudoviricetes;;
k141_1927695	5484	No terminal repeats	NA	10	11	0.9755	NA	0	9.7523	Viruses;Duplodnaviria;Heunggongvirae;Uroviricota;Caudoviricetes;;
k141_702927	6409	No terminal repeats	NA	21	11	0.9755	NA	0	5.4919	Viruses;Duplodnaviria;Heunggongvirae;Uroviricota;Caudoviricetes;;
k141_1812227	4232	No terminal repeats	NA	8	11	0.9755	NA	0	5.1548	Viruses;Duplodnaviria;Heunggongvirae;Uroviricota;Caudoviricetes;;
k141_812940	4340	No terminal repeats	NA	8	11	0.9755	NA	1	6.8662	Viruses;Varidnaviria;Bamfordvirae;Nucleocytoviricota;Megaviricetes;Pimascovirales;Iridoviridae
k141_537703	3884	No terminal repeats	NA	5	4	0.9754	NA	2	8.5462	Viruses;Duplodnaviria;Heunggongvirae;Uroviricota;Caudoviricetes;;Kyanoviridae
k141_224849	7410	No terminal repeats	NA	17	11	0.9754	NA	2	4.6230	Viruses;Duplodnaviria;Heunggongvirae;Uroviricota;Caudoviricetes;;
k141_142536	3651	No terminal repeats	NA	5	11	0.9754	NA	0	5.1916	Viruses;Duplodnaviria;Heunggongvirae;Uroviricota;Caudoviricetes;;Kyanoviridae
k141_1287014	4213	No terminal repeats	NA	5	11	0.9753	NA	0	4.6522	Viruses;Varidnaviria;Bamfordvirae;Nucleocytoviricota;Megaviricetes;Imitervirales;Allomimiviridae
k141_464469	3687	No terminal repeats	NA	6	11	0.9753	NA	0	6.1280	Viruses;Duplodnaviria;Heunggongvirae;Uroviricota;Caudoviricetes;;
k141_615577	3638	No terminal repeats	NA	7	11	0.9753	NA	0	4.7539	Viruses;Varidnaviria;Bamfordvirae;Nucleocytoviricota;Megaviricetes;Algavirales;Phycodnaviridae
k141_1741032	5557	No terminal repeats	NA	12	11	0.9753	NA	0	9.5767	Viruses;Duplodnaviria;Heunggongvirae;Uroviricota;Caudoviricetes;;
k141_1019235	5740	No terminal repeats	NA	6	11	0.9752	NA	1	5.0652	Viruses;Varidnaviria;Bamfordvirae;Nucleocytoviricota;Megaviricetes;Algavirales;Phycodnaviridae
k141_590037	4070	No terminal repeats	NA	8	11	0.9752	NA	0	7.1231	Viruses;Duplodnaviria;Heunggongvirae;Uroviricota;Caudoviricetes;;
k141_1604401	3982	No terminal repeats	NA	6	11	0.9752	NA	0	2.6966	Viruses;Duplodnaviria;Heunggongvirae;Uroviricota;Caudoviricetes;;
k141_1720362	5363	No terminal repeats	NA	6	11	0.9751	NA	0	6.0982	Viruses;Duplodnaviria;Heunggongvirae;Uroviricota;Caudoviricetes;;
k141_1852880	3678	No terminal repeats	NA	7	11	0.9751	NA	0	8.5656	Viruses;Duplodnaviria;Heunggongvirae;Uroviricota;Caudoviricetes;;
k141_1896601	3725	No terminal repeats	NA	9	11	0.9751	NA	0	5.1477	Viruses;Duplodnaviria;Heunggongvirae;Uroviricota;Caudoviricetes;;
k141_246101	5030	No terminal repeats	NA	8	11	0.9751	NA	0	9.5320	Viruses;Duplodnaviria;Heunggongvirae;Uroviricota;Caudoviricetes;;Kyanoviridae
k141_252210	4886	No terminal repeats	NA	6	11	0.9750	NA	1	6.7307	Viruses;Duplodnaviria;Heunggongvirae;Uroviricota;Caudoviricetes;;Kyanoviridae
k141_1190441	7384	No terminal repeats	NA	6	11	0.9750	NA	0	5.0685	Viruses;Varidnaviria;Bamfordvirae;Nucleocytoviricota;Megaviricetes;;
k141_262943	4437	No terminal repeats	NA	9	11	0.9750	NA	1	9.0404	Viruses;Duplodnaviria;Heunggongvirae;Uroviricota;Caudoviricetes;;
k141_1497887	5997	No terminal repeats	NA	6	11	0.9750	NA	0	10.2902	Viruses;Duplodnaviria;Heunggongvirae;Uroviricota;Caudoviricetes;;
k141_1485156	3773	No terminal repeats	NA	11	11	0.9749	NA	0	3.1263	Viruses;Duplodnaviria;Heunggongvirae;Uroviricota;Caudoviricetes;;
k141_221694	3560	No terminal repeats	NA	11	11	0.9749	NA	0	4.1645	Viruses;Duplodnaviria;Heunggongvirae;Uroviricota;Caudoviricetes;;
k141_44160	3709	No terminal repeats	NA	8	11	0.9748	NA	1	5.5084	Viruses;Duplodnaviria;Heunggongvirae;Uroviricota;Caudoviricetes;;
k141_426192	5101	No terminal repeats	NA	10	11	0.9748	NA	0	13.6540	Viruses;Duplodnaviria;Heunggongvirae;Uroviricota;Caudoviricetes;;Kyanoviridae
k141_590733	5784	No terminal repeats	NA	9	11	0.9748	NA	0	8.5914	Viruses;Duplodnaviria;Heunggongvirae;Uroviricota;Caudoviricetes;;
k141_1178859	4082	No terminal repeats	NA	10	11	0.9748	NA	0	14.7085	Viruses;Duplodnaviria;Heunggongvirae;Uroviricota;Caudoviricetes;;Kyanoviridae
k141_438642	5020	No terminal repeats	NA	9	11	0.9748	NA	4	13.4182	Viruses;Duplodnaviria;Heunggongvirae;Uroviricota;Caudoviricetes;;Kyanoviridae
k141_1235062	7516	No terminal repeats	NA	12	11	0.9748	NA	0	5.8516	Viruses;Duplodnaviria;Heunggongvirae;Uroviricota;Caudoviricetes;;
k141_1857650	3670	No terminal repeats	NA	9	11	0.9748	NA	2	8.0264	Viruses;Duplodnaviria;Heunggongvirae;Uroviricota;Caudoviricetes;;Kyanoviridae
k141_150171	6002	No terminal repeats	NA	7	11	0.9748	NA	0	4.7159	Viruses;Duplodnaviria;Heunggongvirae;Uroviricota;Caudoviricetes;;Kyanoviridae
k141_1825426	3615	No terminal repeats	NA	7	11	0.9747	NA	0	3.2298	Viruses;Varidnaviria;Bamfordvirae;Nucleocytoviricota;Megaviricetes;Algavirales;Phycodnaviridae
k141_1701345	5041	No terminal repeats	NA	6	11	0.9747	NA	1	4.4590	Unclassified
k141_1708772	4296	No terminal repeats	NA	8	11	0.9747	NA	1	8.5805	Viruses;Duplodnaviria;Heunggongvirae;Uroviricota;Caudoviricetes;;
k141_1847460	5322	No terminal repeats	NA	7	11	0.9747	NA	0	6.6125	Viruses;Duplodnaviria;Heunggongvirae;Uroviricota;Caudoviricetes;;
k141_582733	7170	No terminal repeats	NA	12	11	0.9746	NA	0	10.4438	Viruses;Duplodnaviria;Heunggongvirae;Uroviricota;Caudoviricetes;;
k141_1140726	4507	No terminal repeats	NA	5	11	0.9746	NA	0	8.1554	Viruses;Duplodnaviria;Heunggongvirae;Uroviricota;Caudoviricetes;;
k141_1149945	3542	No terminal repeats	NA	6	11	0.9745	NA	0	5.4192	Viruses;Duplodnaviria;Heunggongvirae;Uroviricota;Caudoviricetes;;
k141_1790512	3788	No terminal repeats	NA	11	11	0.9745	NA	2	16.3392	Viruses;Duplodnaviria;Heunggongvirae;Uroviricota;Caudoviricetes;;Kyanoviridae
k141_106052	3535	No terminal repeats	NA	5	11	0.9745	NA	1	8.5894	Viruses;Duplodnaviria;Heunggongvirae;Uroviricota;Caudoviricetes;;
k141_1216978	9538	No terminal repeats	NA	10	11	0.9745	NA	0	14.2207	Viruses;Duplodnaviria;Heunggongvirae;Uroviricota;Caudoviricetes;;
k141_236414	5603	No terminal repeats	NA	7	11	0.9745	NA	0	7.0281	Viruses;Duplodnaviria;Heunggongvirae;Uroviricota;Caudoviricetes;;
k141_224970	7541	No terminal repeats	NA	9	11	0.9745	NA	3	14.1900	Viruses;Duplodnaviria;Heunggongvirae;Uroviricota;Caudoviricetes;;
k141_13945	837	No terminal repeats	NA	3	11	0.9744	NA	1	4.8771	Viruses;Duplodnaviria;Heunggongvirae;Uroviricota;Caudoviricetes;;
k141_1813803	7833	No terminal repeats	NA	11	11	0.9744	NA	0	6.8372	Viruses;Duplodnaviria;Heunggongvirae;Uroviricota;Caudoviricetes;;
k141_538182	3616	No terminal repeats	NA	7	11	0.9744	NA	0	5.9510	Viruses;Duplodnaviria;Heunggongvirae;Uroviricota;Caudoviricetes;;
k141_806417	3968	No terminal repeats	NA	7	11	0.9744	NA	3	10.0358	Viruses;Duplodnaviria;Heunggongvirae;Uroviricota;Caudoviricetes;;
k141_1674395	3531	No terminal repeats	NA	9	11	0.9744	NA	0	5.1426	Viruses;Duplodnaviria;Heunggongvirae;Uroviricota;Caudoviricetes;;
k141_233984	3558	No terminal repeats	NA	8	11	0.9744	NA	1	9.7705	Viruses;Duplodnaviria;Heunggongvirae;Uroviricota;Caudoviricetes;;
k141_785023	6140	No terminal repeats	NA	15	11	0.9744	NA	1	11.5880	Viruses;Duplodnaviria;Heunggongvirae;Uroviricota;Caudoviricetes;;
k141_1391349	4128	No terminal repeats	NA	5	11	0.9743	NA	0	5.1548	Viruses;Duplodnaviria;Heunggongvirae;Uroviricota;Caudoviricetes;;
k141_1536684	4761	No terminal repeats	NA	13	11	0.9743	NA	0	8.3330	Viruses;Duplodnaviria;Heunggongvirae;Uroviricota;Caudoviricetes;;
k141_882060	5032	No terminal repeats	NA	5	11	0.9743	NA	0	3.3162	Viruses;Varidnaviria;Bamfordvirae;Nucleocytoviricota;Megaviricetes;Imitervirales;Mimiviridae
k141_1860509	4281	No terminal repeats	NA	7	11	0.9743	NA	0	4.2564	Viruses;Duplodnaviria;Heunggongvirae;Uroviricota;Caudoviricetes;;
k141_816897	4464	No terminal repeats	NA	5	11	0.9743	NA	0	6.0347	Viruses;Duplodnaviria;Heunggongvirae;Uroviricota;Caudoviricetes;;
k141_963548	5825	No terminal repeats	NA	9	11	0.9742	NA	0	4.8323	Viruses;Duplodnaviria;Heunggongvirae;Uroviricota;Caudoviricetes;;
k141_303567	47424	No terminal repeats	NA	52	11	0.9742	NA	15	53.0643	Viruses;Duplodnaviria;Heunggongvirae;Uroviricota;Caudoviricetes;;
k141_1543280	7796	No terminal repeats	NA	12	11	0.9742	NA	1	7.9145	Viruses;Duplodnaviria;Heunggongvirae;Uroviricota;Caudoviricetes;;
k141_319414	6016	No terminal repeats	NA	8	11	0.9742	NA	1	4.6541	Viruses;Varidnaviria;Bamfordvirae;Nucleocytoviricota;Megaviricetes;Algavirales;Phycodnaviridae
k141_1614702	8983	No terminal repeats	NA	11	11	0.9742	NA	0	17.1019	Viruses;Duplodnaviria;Heunggongvirae;Uroviricota;Caudoviricetes;;
k141_131621	7645	No terminal repeats	NA	25	11	0.9742	NA	0	4.5990	Viruses;Duplodnaviria;Heunggongvirae;Uroviricota;Caudoviricetes;;
k141_210072	8755	No terminal repeats	NA	7	11	0.9742	NA	0	6.8731	Viruses;Varidnaviria;Bamfordvirae;Nucleocytoviricota;Megaviricetes;Pimascovirales;Iridoviridae
k141_20633	3681	No terminal repeats	NA	6	11	0.9742	NA	0	4.1027	Viruses;Duplodnaviria;Heunggongvirae;Uroviricota;Caudoviricetes;;
k141_1435772	5247	No terminal repeats	NA	8	11	0.9742	NA	2	9.9103	Viruses;Duplodnaviria;Heunggongvirae;Uroviricota;Caudoviricetes;;
k141_971549	4943	No terminal repeats	NA	5	11	0.9742	NA	0	3.4344	Viruses;Varidnaviria;Bamfordvirae;Nucleocytoviricota;Megaviricetes;Pimascovirales;Iridoviridae
k141_1912370	6340	No terminal repeats	NA	11	11	0.9741	NA	0	5.8470	Viruses;Duplodnaviria;Heunggongvirae;Uroviricota;Caudoviricetes;;
k141_1494958	5316	No terminal repeats	NA	7	11	0.9741	NA	0	10.3097	Viruses;Duplodnaviria;Heunggongvirae;Uroviricota;Caudoviricetes;;
k141_1182229	4866	No terminal repeats	NA	11	11	0.9741	NA	1	9.4879	Viruses;Duplodnaviria;Heunggongvirae;Uroviricota;Caudoviricetes;;
k141_444561	5208	No terminal repeats	NA	6	11	0.9741	NA	2	6.2849	Viruses;Duplodnaviria;Heunggongvirae;Uroviricota;Caudoviricetes;;
k141_235203	4755	No terminal repeats	NA	5	11	0.9741	NA	1	8.0357	Viruses;Duplodnaviria;Heunggongvirae;Uroviricota;Caudoviricetes;;
k141_330027	3584	No terminal repeats	NA	5	11	0.9741	NA	1	6.8711	Viruses;Duplodnaviria;Heunggongvirae;Uroviricota;Caudoviricetes;;Stanwilliamsviridae
k141_1300459	5375	No terminal repeats	NA	11	11	0.9740	NA	0	4.5907	Viruses;Duplodnaviria;Heunggongvirae;Uroviricota;Caudoviricetes;;
k141_220055	6974	No terminal repeats	NA	14	11	0.9740	NA	0	4.9652	Viruses;Duplodnaviria;Heunggongvirae;Uroviricota;Caudoviricetes;;
k141_1804896	7549	No terminal repeats	NA	9	11	0.9740	NA	3	9.8557	Viruses;Duplodnaviria;Heunggongvirae;Uroviricota;Caudoviricetes;;
k141_803278	4278	No terminal repeats	NA	6	11	0.9740	NA	1	8.5914	Viruses;Duplodnaviria;Heunggongvirae;Uroviricota;Caudoviricetes;;
k141_352921	6440	No terminal repeats	NA	9	11	0.9739	NA	3	13.2285	Viruses;Duplodnaviria;Heunggongvirae;Uroviricota;Caudoviricetes;;Kyanoviridae
k141_849593	4857	No terminal repeats	NA	6	11	0.9739	NA	0	6.3191	Viruses;Duplodnaviria;Heunggongvirae;Uroviricota;Caudoviricetes;;
k141_739881	9697	No terminal repeats	NA	11	11	0.9739	NA	0	10.6969	Viruses;Duplodnaviria;Heunggongvirae;Uroviricota;Caudoviricetes;;
k141_1039743	5201	No terminal repeats	NA	11	11	0.9739	NA	0	3.3983	Viruses;Duplodnaviria;Heunggongvirae;Uroviricota;Caudoviricetes;;
k141_289759	3570	No terminal repeats	NA	8	11	0.9739	NA	1	10.3097	Viruses;Duplodnaviria;Heunggongvirae;Uroviricota;Caudoviricetes;;
k141_383687	5721	No terminal repeats	NA	12	11	0.9738	NA	0	15.0181	Viruses;Duplodnaviria;Heunggongvirae;Uroviricota;Caudoviricetes;;
k141_446326	6253	No terminal repeats	NA	8	11	0.9738	NA	2	6.2024	Viruses;Duplodnaviria;Heunggongvirae;Uroviricota;Caudoviricetes;;
k141_1729962	6966	No terminal repeats	NA	14	11	0.9738	NA	0	15.8053	Viruses;Duplodnaviria;Heunggongvirae;Uroviricota;Caudoviricetes;;
k141_601483	3858	No terminal repeats	NA	6	11	0.9738	NA	0	10.2528	Viruses;Duplodnaviria;Heunggongvirae;Uroviricota;Caudoviricetes;;
k141_708334	4081	No terminal repeats	NA	6	11	0.9738	NA	2	5.9913	Viruses;Duplodnaviria;Heunggongvirae;Uroviricota;Caudoviricetes;;
k141_1263034	5126	No terminal repeats	NA	13	11	0.9737	NA	1	6.7308	Viruses;Duplodnaviria;Heunggongvirae;Uroviricota;Caudoviricetes;;
k141_1150102	3717	No terminal repeats	NA	5	11	0.9737	NA	1	4.2779	Viruses;Duplodnaviria;Heunggongvirae;Uroviricota;Caudoviricetes;;
k141_204486	4507	No terminal repeats	NA	7	11	0.9737	NA	1	6.4535	Viruses;Duplodnaviria;Heunggongvirae;Uroviricota;Caudoviricetes;;
k141_1770164	4027	No terminal repeats	NA	5	11	0.9737	NA	0	6.5400	Viruses;Duplodnaviria;Heunggongvirae;Uroviricota;Caudoviricetes;;
k141_1702914	7825	No terminal repeats	NA	5	11	0.9737	NA	0	3.4323	Viruses;Varidnaviria;Bamfordvirae;Nucleocytoviricota;Megaviricetes;Imitervirales;Mimiviridae
k141_248886	6983	No terminal repeats	NA	14	11	0.9737	NA	0	11.8720	Viruses;Duplodnaviria;Heunggongvirae;Uroviricota;Caudoviricetes;;
k141_87494	4310	No terminal repeats	NA	5	11	0.9736	NA	0	6.8731	Viruses;Varidnaviria;Bamfordvirae;Nucleocytoviricota;Megaviricetes;Imitervirales;Schizomimiviridae
k141_481268	3918	No terminal repeats	NA	5	11	0.9736	NA	1	6.8711	Viruses;Duplodnaviria;Heunggongvirae;Uroviricota;Caudoviricetes;;
k141_1708889	4228	No terminal repeats	NA	4	11	0.9736	NA	0	3.4366	Viruses;Varidnaviria;Bamfordvirae;Nucleocytoviricota;Megaviricetes;Algavirales;Phycodnaviridae
k141_1603651	4065	No terminal repeats	NA	6	11	0.9736	NA	1	8.4507	Viruses;Duplodnaviria;Heunggongvirae;Uroviricota;Caudoviricetes;;Kyanoviridae
k141_1031484	7606	No terminal repeats	NA	8	11	0.9735	NA	0	7.2245	Viruses;Duplodnaviria;Heunggongvirae;Uroviricota;Caudoviricetes;;
k141_222287	5860	No terminal repeats	NA	14	11	0.9735	NA	2	8.7103	Viruses;Duplodnaviria;Heunggongvirae;Uroviricota;Caudoviricetes;;
k141_182443	8004	No terminal repeats	NA	15	11	0.9735	NA	3	16.1774	Viruses;Duplodnaviria;Heunggongvirae;Uroviricota;Caudoviricetes;;
k141_1840456	6227	No terminal repeats	NA	15	11	0.9735	NA	4	14.6151	Viruses;Duplodnaviria;Heunggongvirae;Uroviricota;Caudoviricetes;;
k141_713209	8135	No terminal repeats	NA	20	11	0.9735	NA	1	6.1973	Viruses;Duplodnaviria;Heunggongvirae;Uroviricota;Caudoviricetes;;
k141_1054098	5520	No terminal repeats	NA	6	11	0.9735	NA	0	3.4366	Viruses;Varidnaviria;Bamfordvirae;Nucleocytoviricota;Megaviricetes;Imitervirales;Mimiviridae
k141_1391681	3686	No terminal repeats	NA	7	11	0.9734	NA	0	8.0116	Viruses;Duplodnaviria;Heunggongvirae;Uroviricota;Caudoviricetes;;
k141_386587	4340	No terminal repeats	NA	6	11	0.9734	NA	2	8.0949	Viruses;Duplodnaviria;Heunggongvirae;Uroviricota;Caudoviricetes;;
k141_227274	5464	No terminal repeats	NA	9	11	0.9733	NA	1	8.4046	Viruses;Duplodnaviria;Heunggongvirae;Uroviricota;Caudoviricetes;;
k141_355260	5303	No terminal repeats	NA	6	11	0.9733	NA	2	6.7838	Viruses;Duplodnaviria;Heunggongvirae;Uroviricota;Caudoviricetes;;
k141_238254	6777	No terminal repeats	NA	8	11	0.9733	NA	0	10.0666	Viruses;Duplodnaviria;Heunggongvirae;Uroviricota;Caudoviricetes;;
k141_1939869	3586	No terminal repeats	NA	5	11	0.9733	NA	0	6.8731	Viruses;Duplodnaviria;Heunggongvirae;Uroviricota;Caudoviricetes;;
k141_1497199	5764	No terminal repeats	NA	9	11	0.9732	NA	0	13.5610	Viruses;Duplodnaviria;Heunggongvirae;Uroviricota;Caudoviricetes;;Kyanoviridae
k141_719401	5027	No terminal repeats	NA	16	11	0.9732	NA	0	8.5906	Viruses;Duplodnaviria;Heunggongvirae;Uroviricota;Caudoviricetes;;
k141_323264	4161	No terminal repeats	NA	8	11	0.9731	NA	0	5.0959	Viruses;Duplodnaviria;Heunggongvirae;Uroviricota;Caudoviricetes;;
k141_85973	4629	No terminal repeats	NA	6	11	0.9731	NA	0	3.4340	Viruses;Duplodnaviria;Heunggongvirae;Uroviricota;Caudoviricetes;;
k141_684834	9516	No terminal repeats	NA	6	11	0.9731	NA	1	9.7139	Viruses;Duplodnaviria;Heunggongvirae;Uroviricota;Caudoviricetes;;
k141_1242245	4656	No terminal repeats	NA	5	11	0.9731	NA	0	3.0926	Viruses;Duplodnaviria;Heunggongvirae;Uroviricota;Caudoviricetes;;
k141_1262443	3576	No terminal repeats	NA	6	11	0.9730	NA	1	10.3097	Viruses;Duplodnaviria;Heunggongvirae;Uroviricota;Caudoviricetes;;
k141_152747	3542	No terminal repeats	NA	8	11	0.9730	NA	3	11.1874	Viruses;Duplodnaviria;Heunggongvirae;Uroviricota;Caudoviricetes;;Kyanoviridae
k141_1396751	6013	No terminal repeats	NA	5	11	0.9730	NA	0	5.6714	Viruses;Duplodnaviria;Heunggongvirae;Uroviricota;Caudoviricetes;;
k141_469330	9551	No terminal repeats	NA	13	11	0.9730	NA	0	17.4610	Viruses;Duplodnaviria;Heunggongvirae;Uroviricota;Caudoviricetes;;Kyanoviridae
k141_1911587	4295	No terminal repeats	NA	9	11	0.9730	NA	1	5.1548	Viruses;Duplodnaviria;Heunggongvirae;Uroviricota;Caudoviricetes;;
k141_841785	5681	No terminal repeats	NA	7	11	0.9729	NA	0	4.8114	Viruses;Duplodnaviria;Heunggongvirae;Uroviricota;Caudoviricetes;;
k141_1068913	6581	No terminal repeats	NA	6	11	0.9729	NA	0	10.2247	Viruses;Duplodnaviria;Heunggongvirae;Uroviricota;Caudoviricetes;;
k141_612957	9899	No terminal repeats	NA	11	11	0.9729	NA	3	16.8998	Viruses;Duplodnaviria;Heunggongvirae;Uroviricota;Caudoviricetes;;Kyanoviridae
k141_811685	5029	No terminal repeats	NA	8	11	0.9728	NA	1	7.6449	Viruses;Duplodnaviria;Heunggongvirae;Uroviricota;Caudoviricetes;;
k141_1196290	3924	No terminal repeats	NA	5	11	0.9728	NA	1	8.2358	Viruses;Duplodnaviria;Heunggongvirae;Uroviricota;Caudoviricetes;;
k141_1325293	4916	No terminal repeats	NA	11	11	0.9728	NA	0	4.3623	Viruses;Duplodnaviria;Heunggongvirae;Uroviricota;Caudoviricetes;;
k141_199202	3978	No terminal repeats	NA	5	11	0.9728	NA	1	8.5861	Viruses;Duplodnaviria;Heunggongvirae;Uroviricota;Caudoviricetes;;
k141_627742	4138	No terminal repeats	NA	9	11	0.9728	NA	0	9.0373	Viruses;Duplodnaviria;Heunggongvirae;Uroviricota;Caudoviricetes;;
k141_1247281	5347	No terminal repeats	NA	5	11	0.9728	NA	0	3.0703	Viruses;;;;;;
k141_91611	3544	No terminal repeats	NA	7	11	0.9727	NA	2	10.0339	Viruses;Duplodnaviria;Heunggongvirae;Uroviricota;Caudoviricetes;;
k141_1745943	4521	No terminal repeats	NA	7	11	0.9727	NA	1	3.0711	Viruses;Duplodnaviria;Heunggongvirae;Uroviricota;Caudoviricetes;;
k141_950716	4554	No terminal repeats	NA	5	11	0.9726	NA	0	2.8798	Viruses;Duplodnaviria;Heunggongvirae;Uroviricota;Caudoviricetes;;
k141_1682386	6912	No terminal repeats	NA	9	11	0.9726	NA	2	15.4193	Viruses;Duplodnaviria;Heunggongvirae;Uroviricota;Caudoviricetes;;Kyanoviridae
k141_1815165	3833	No terminal repeats	NA	5	11	0.9726	NA	1	5.0202	Viruses;Duplodnaviria;Heunggongvirae;Uroviricota;Caudoviricetes;;Zobellviridae
k141_1211181	4031	No terminal repeats	NA	11	11	0.9726	NA	0	3.9913	Viruses;Duplodnaviria;Heunggongvirae;Uroviricota;Caudoviricetes;;
k141_628545	3794	No terminal repeats	NA	8	11	0.9726	NA	0	8.2918	Viruses;Duplodnaviria;Heunggongvirae;Uroviricota;Caudoviricetes;;
k141_1827284	3566	No terminal repeats	NA	8	11	0.9725	NA	0	10.1680	Viruses;Duplodnaviria;Heunggongvirae;Uroviricota;Caudoviricetes;;
k141_1330945	5270	No terminal repeats	NA	5	11	0.9725	NA	0	3.4366	Viruses;Varidnaviria;Bamfordvirae;Nucleocytoviricota;Megaviricetes;Algavirales;Phycodnaviridae
k141_604709	4418	No terminal repeats	NA	8	11	0.9724	NA	1	12.8737	Viruses;Duplodnaviria;Heunggongvirae;Uroviricota;Caudoviricetes;;
k141_1216415	8373	No terminal repeats	NA	13	11	0.9724	NA	1	6.5169	Viruses;Duplodnaviria;Heunggongvirae;Uroviricota;Caudoviricetes;;
k141_194837	4346	No terminal repeats	NA	5	11	0.9724	NA	1	5.0769	Viruses;Varidnaviria;Bamfordvirae;Nucleocytoviricota;Megaviricetes;;
k141_860518	8879	No terminal repeats	NA	11	11	0.9724	NA	3	11.6964	Viruses;Duplodnaviria;Heunggongvirae;Uroviricota;Caudoviricetes;;
k141_1568189	3756	No terminal repeats	NA	5	11	0.9723	NA	1	6.8490	Viruses;Duplodnaviria;Heunggongvirae;Uroviricota;Caudoviricetes;;
k141_265086	6773	No terminal repeats	NA	8	11	0.9723	NA	0	8.1477	Viruses;Duplodnaviria;Heunggongvirae;Uroviricota;Caudoviricetes;;
k141_1624486	8473	No terminal repeats	NA	10	11	0.9723	NA	2	6.8731	Viruses;Varidnaviria;Bamfordvirae;Nucleocytoviricota;Megaviricetes;Algavirales;Phycodnaviridae
k141_407000	4911	No terminal repeats	NA	7	11	0.9723	NA	0	5.0677	Viruses;Varidnaviria;Bamfordvirae;Nucleocytoviricota;Megaviricetes;Imitervirales;Mimiviridae
k141_87343	4113	No terminal repeats	NA	5	11	0.9722	NA	2	5.0490	Viruses;Duplodnaviria;Heunggongvirae;Uroviricota;Caudoviricetes;;
k141_1825413	6602	No terminal repeats	NA	10	11	0.9722	NA	0	10.8479	Viruses;Duplodnaviria;Heunggongvirae;Uroviricota;Caudoviricetes;;
k141_612534	6019	No terminal repeats	NA	11	11	0.9722	NA	1	7.6919	Viruses;Duplodnaviria;Heunggongvirae;Uroviricota;Caudoviricetes;;
k141_634874	5571	No terminal repeats	NA	6	11	0.9722	NA	0	6.0247	Viruses;Duplodnaviria;Heunggongvirae;Uroviricota;Caudoviricetes;;
k141_1087171	6369	No terminal repeats	NA	7	11	0.9721	NA	2	9.9765	Viruses;Duplodnaviria;Heunggongvirae;Uroviricota;Caudoviricetes;;
k141_1865033	4033	No terminal repeats	NA	8	11	0.9721	NA	0	3.1490	Viruses;Varidnaviria;Bamfordvirae;Nucleocytoviricota;Megaviricetes;Imitervirales;Mimiviridae
k141_1641224	3816	No terminal repeats	NA	7	11	0.9720	NA	2	9.2298	Viruses;Duplodnaviria;Heunggongvirae;Uroviricota;Caudoviricetes;;
k141_1486582	3856	No terminal repeats	NA	8	11	0.9720	NA	0	11.0245	Viruses;Duplodnaviria;Heunggongvirae;Uroviricota;Caudoviricetes;;
k141_1617241	3708	No terminal repeats	NA	5	11	0.9720	NA	1	3.8278	Viruses;Duplodnaviria;Heunggongvirae;Uroviricota;Caudoviricetes;;
k141_1305536	3960	No terminal repeats	NA	5	11	0.9720	NA	0	8.4217	Viruses;Varidnaviria;Bamfordvirae;Nucleocytoviricota;Megaviricetes;Imitervirales;Mimiviridae
k141_438122	5508	No terminal repeats	NA	8	11	0.9719	NA	0	4.7729	Viruses;Duplodnaviria;Heunggongvirae;Uroviricota;Caudoviricetes;;
k141_1029993	5073	No terminal repeats	NA	6	11	0.9719	NA	3	10.1607	Viruses;Duplodnaviria;Heunggongvirae;Uroviricota;Caudoviricetes;;Kyanoviridae
k141_1451382	5398	No terminal repeats	NA	7	11	0.9719	NA	0	7.5644	Viruses;Duplodnaviria;Heunggongvirae;Uroviricota;Caudoviricetes;;
k141_1068603	3515	No terminal repeats	NA	7	11	0.9718	NA	1	8.2860	Viruses;Duplodnaviria;Heunggongvirae;Uroviricota;Caudoviricetes;;
k141_158702	5437	No terminal repeats	NA	6	11	0.9717	NA	0	3.4366	Viruses;Duplodnaviria;Heunggongvirae;Uroviricota;Caudoviricetes;;
k141_76680	8148	No terminal repeats	NA	12	11	0.9717	NA	0	4.2078	Viruses;Duplodnaviria;Heunggongvirae;Uroviricota;Caudoviricetes;;
k141_965573	9965	No terminal repeats	NA	31	11	0.9716	NA	0	16.6480	Viruses;Duplodnaviria;Heunggongvirae;Uroviricota;Caudoviricetes;;
k141_1545149	4819	No terminal repeats	NA	7	11	0.9716	NA	0	5.9959	Viruses;Duplodnaviria;Heunggongvirae;Uroviricota;Caudoviricetes;;
k141_890553	5654	No terminal repeats	NA	9	11	0.9716	NA	0	10.5942	Viruses;Duplodnaviria;Heunggongvirae;Uroviricota;Caudoviricetes;;
k141_1034024	3736	No terminal repeats	NA	6	11	0.9716	NA	1	6.5014	Viruses;Duplodnaviria;Heunggongvirae;Uroviricota;Caudoviricetes;;
k141_786002	4281	No terminal repeats	NA	3	11	0.9716	NA	1	3.6540	Viruses;Duplodnaviria;Heunggongvirae;Uroviricota;Caudoviricetes;;
k141_197317	3604	No terminal repeats	NA	6	11	0.9715	NA	1	9.8967	Viruses;Duplodnaviria;Heunggongvirae;Uroviricota;Caudoviricetes;;
k141_625236	3670	No terminal repeats	NA	6	11	0.9714	NA	0	7.4977	Viruses;Duplodnaviria;Heunggongvirae;Uroviricota;Caudoviricetes;;
k141_1869159	4863	No terminal repeats	NA	5	11	0.9714	NA	0	4.4082	Viruses;Varidnaviria;Bamfordvirae;Nucleocytoviricota;Megaviricetes;;
k141_270071	7568	No terminal repeats	NA	18	11	0.9714	NA	0	6.4710	Viruses;Duplodnaviria;Heunggongvirae;Uroviricota;Caudoviricetes;;
k141_1932778	6457	No terminal repeats	NA	12	11	0.9713	NA	0	4.7461	Viruses;Duplodnaviria;Heunggongvirae;Uroviricota;Caudoviricetes;;Straboviridae
k141_442127	9301	No terminal repeats	NA	12	11	0.9712	NA	1	14.5007	Viruses;Duplodnaviria;Heunggongvirae;Uroviricota;Caudoviricetes;;
k141_1265118	6775	No terminal repeats	NA	8	11	0.9712	NA	1	8.5898	Viruses;Varidnaviria;Bamfordvirae;Nucleocytoviricota;Megaviricetes;Imitervirales;Allomimiviridae
k141_1144915	4846	No terminal repeats	NA	12	11	0.9711	NA	1	6.4245	Viruses;Duplodnaviria;Heunggongvirae;Uroviricota;Caudoviricetes;;
k141_746558	3539	No terminal repeats	NA	6	11	0.9711	NA	0	4.7790	Viruses;Duplodnaviria;Heunggongvirae;Uroviricota;Caudoviricetes;;
k141_1479831	4361	No terminal repeats	NA	6	15	0.9711	NA	0	4.3716	Viruses;Duplodnaviria;Heunggongvirae;Uroviricota;Caudoviricetes;;
k141_734956	6400	No terminal repeats	NA	5	11	0.9710	NA	0	8.1229	Viruses;Duplodnaviria;Heunggongvirae;Uroviricota;Caudoviricetes;;Kyanoviridae
k141_52568	8977	No terminal repeats	NA	7	11	0.9710	NA	0	5.1548	Viruses;Duplodnaviria;Heunggongvirae;Uroviricota;Caudoviricetes;;Stanwilliamsviridae
k141_89178	3597	No terminal repeats	NA	7	11	0.9710	NA	0	8.6848	Viruses;Duplodnaviria;Heunggongvirae;Uroviricota;Caudoviricetes;;
k141_940810	8595	No terminal repeats	NA	14	11	0.9709	NA	0	11.0029	Viruses;Duplodnaviria;Heunggongvirae;Uroviricota;Caudoviricetes;;
k141_1663371	3795	No terminal repeats	NA	9	11	0.9709	NA	0	4.7433	Viruses;Duplodnaviria;Heunggongvirae;Uroviricota;Caudoviricetes;;
k141_867349	4981	No terminal repeats	NA	5	11	0.9708	NA	1	6.4492	Viruses;Duplodnaviria;Heunggongvirae;Uroviricota;Caudoviricetes;;
k141_1703091	3707	No terminal repeats	NA	5	11	0.9708	NA	0	4.8898	Viruses;Varidnaviria;Bamfordvirae;Nucleocytoviricota;Megaviricetes;Imitervirales;Mimiviridae
k141_1563665	5643	No terminal repeats	NA	13	11	0.9707	NA	0	5.8555	Viruses;Duplodnaviria;Heunggongvirae;Uroviricota;Caudoviricetes;;
k141_1359965	8646	No terminal repeats	NA	15	11	0.9707	NA	0	6.8731	Viruses;Duplodnaviria;Heunggongvirae;Uroviricota;Caudoviricetes;;
k141_435838	7193	No terminal repeats	NA	12	11	0.9707	NA	1	15.4250	Viruses;Duplodnaviria;Heunggongvirae;Uroviricota;Caudoviricetes;;Kyanoviridae
k141_233766	4355	No terminal repeats	NA	13	11	0.9707	NA	1	12.8225	Viruses;Duplodnaviria;Heunggongvirae;Uroviricota;Caudoviricetes;;
k141_138468	5083	No terminal repeats	NA	10	11	0.9707	NA	2	10.0419	Viruses;Duplodnaviria;Heunggongvirae;Uroviricota;Caudoviricetes;;
k141_1547160	4155	No terminal repeats	NA	8	11	0.9706	NA	1	5.7163	Viruses;Duplodnaviria;Heunggongvirae;Uroviricota;Caudoviricetes;;
k141_642576	5761	No terminal repeats	NA	9	11	0.9706	NA	0	4.3648	Viruses;Duplodnaviria;Heunggongvirae;Uroviricota;Caudoviricetes;;
k141_359173	4354	No terminal repeats	NA	6	11	0.9706	NA	0	2.9410	Viruses;Duplodnaviria;Heunggongvirae;Uroviricota;Caudoviricetes;;
k141_1405583	5995	No terminal repeats	NA	10	11	0.9706	NA	0	8.0474	Viruses;Duplodnaviria;Heunggongvirae;Uroviricota;Caudoviricetes;;
k141_897554	4207	No terminal repeats	NA	10	11	0.9705	NA	0	5.1548	Viruses;Duplodnaviria;Heunggongvirae;Uroviricota;Caudoviricetes;;Kyanoviridae
k141_1306632	7860	No terminal repeats	NA	10	11	0.9705	NA	0	9.4567	Viruses;Duplodnaviria;Heunggongvirae;Uroviricota;Caudoviricetes;;
k141_994460	6795	No terminal repeats	NA	9	15	0.9705	NA	0	10.8903	Viruses;Duplodnaviria;Heunggongvirae;Uroviricota;Caudoviricetes;;
k141_176608	9093	No terminal repeats	NA	13	11	0.9705	NA	3	19.5810	Viruses;Duplodnaviria;Heunggongvirae;Uroviricota;Caudoviricetes;;
k141_1683840	4678	No terminal repeats	NA	9	11	0.9705	NA	1	10.4869	Viruses;Duplodnaviria;Heunggongvirae;Uroviricota;Caudoviricetes;;
k141_1668761	5940	No terminal repeats	NA	9	11	0.9704	NA	0	13.2015	Viruses;Duplodnaviria;Heunggongvirae;Uroviricota;Caudoviricetes;;
k141_136186	6874	No terminal repeats	NA	11	11	0.9704	NA	0	3.4366	Viruses;Varidnaviria;Bamfordvirae;Nucleocytoviricota;Megaviricetes;Algavirales;Phycodnaviridae
k141_1726698	5896	No terminal repeats	NA	9	11	0.9704	NA	0	8.0481	Viruses;Duplodnaviria;Heunggongvirae;Uroviricota;Caudoviricetes;;
k141_1710855	6513	No terminal repeats	NA	5	11	0.9703	NA	1	6.5252	Viruses;Duplodnaviria;Heunggongvirae;Uroviricota;Caudoviricetes;;
k141_1485640	6673	No terminal repeats	NA	21	11	0.9703	NA	1	23.9246	Viruses;Duplodnaviria;Heunggongvirae;Uroviricota;Caudoviricetes;;
k141_214379	6282	No terminal repeats	NA	9	11	0.9703	NA	0	6.8433	Viruses;Duplodnaviria;Heunggongvirae;Uroviricota;Caudoviricetes;;
k141_430964	8073	No terminal repeats	NA	15	11	0.9703	NA	1	12.4816	Viruses;Duplodnaviria;Heunggongvirae;Uroviricota;Caudoviricetes;;
k141_1966359	46150	DTR	NA	69	11	0.9703	NA	13	60.9872	Viruses;Duplodnaviria;Heunggongvirae;Uroviricota;Caudoviricetes;;
k141_979538	2989	No terminal repeats	NA	5	11	0.9702	NA	0	7.8023	Viruses;Duplodnaviria;Heunggongvirae;Uroviricota;Caudoviricetes;;Kyanoviridae
k141_550346	5309	No terminal repeats	NA	16	11	0.9702	NA	0	4.9034	Viruses;Duplodnaviria;Heunggongvirae;Uroviricota;Caudoviricetes;;
k141_384953	8774	No terminal repeats	NA	9	11	0.9701	NA	3	13.7259	Viruses;Duplodnaviria;Heunggongvirae;Uroviricota;Caudoviricetes;;
k141_938672	4309	No terminal repeats	NA	7	11	0.9700	NA	0	7.9705	Viruses;Duplodnaviria;Heunggongvirae;Uroviricota;Caudoviricetes;;
k141_271265	4628	No terminal repeats	NA	12	11	0.9700	NA	1	3.8742	Viruses;Duplodnaviria;Heunggongvirae;Uroviricota;Caudoviricetes;;
k141_1487528	3829	No terminal repeats	NA	17	11	0.9700	NA	0	16.4267	Viruses;Duplodnaviria;Heunggongvirae;Uroviricota;Caudoviricetes;;Kyanoviridae
k141_213321	6745	No terminal repeats	NA	17	11	0.9699	NA	1	17.1828	Viruses;Duplodnaviria;Heunggongvirae;Uroviricota;Caudoviricetes;;Kyanoviridae
k141_1451979	2480	No terminal repeats	NA	4	11	0.9699	NA	1	5.1548	Viruses;Duplodnaviria;Heunggongvirae;Uroviricota;Caudoviricetes;;
k141_1262509	3741	No terminal repeats	NA	6	11	0.9699	NA	0	2.2793	Unclassified
k141_1885087	2880	No terminal repeats	NA	5	11	0.9698	NA	0	4.8480	Viruses;Varidnaviria;Bamfordvirae;Nucleocytoviricota;Megaviricetes;Imitervirales;Mimiviridae
k141_1344720	4728	No terminal repeats	NA	6	11	0.9698	NA	0	7.5668	Viruses;Duplodnaviria;Heunggongvirae;Uroviricota;Caudoviricetes;;
k141_1321612	5381	No terminal repeats	NA	6	11	0.9698	NA	0	6.3682	Viruses;Duplodnaviria;Heunggongvirae;Uroviricota;Caudoviricetes;;Kyanoviridae
k141_1936312	4356	No terminal repeats	NA	6	11	0.9697	NA	1	8.5914	Viruses;Duplodnaviria;Heunggongvirae;Uroviricota;Caudoviricetes;;
k141_652221	5773	No terminal repeats	NA	16	11	0.9697	NA	0	8.8117	Viruses;Duplodnaviria;Heunggongvirae;Uroviricota;Caudoviricetes;;
k141_561952	8766	No terminal repeats	NA	11	11	0.9697	NA	0	13.0707	Viruses;Duplodnaviria;Heunggongvirae;Uroviricota;Caudoviricetes;;
k141_443328	4103	No terminal repeats	NA	8	11	0.9697	NA	1	10.2326	Viruses;Duplodnaviria;Heunggongvirae;Uroviricota;Caudoviricetes;;
k141_1121664	9349	No terminal repeats	NA	8	11	0.9696	NA	0	3.1911	Viruses;Varidnaviria;Bamfordvirae;Nucleocytoviricota;Megaviricetes;Algavirales;Phycodnaviridae
k141_244582	8891	No terminal repeats	NA	13	11	0.9696	NA	1	8.5914	Viruses;Varidnaviria;Bamfordvirae;Nucleocytoviricota;Megaviricetes;Imitervirales;
k141_1731578	5090	No terminal repeats	NA	22	11	0.9695	NA	0	16.1104	Viruses;Duplodnaviria;Heunggongvirae;Uroviricota;Caudoviricetes;;Kyanoviridae
k141_905989	3530	No terminal repeats	NA	7	11	0.9695	NA	0	4.9767	Viruses;Duplodnaviria;Heunggongvirae;Uroviricota;Caudoviricetes;;Kyanoviridae
k141_799766	7078	No terminal repeats	NA	10	11	0.9694	NA	2	11.2155	Viruses;Duplodnaviria;Heunggongvirae;Uroviricota;Caudoviricetes;;
k141_1297959	4051	No terminal repeats	NA	7	11	0.9694	NA	0	10.8660	Viruses;Duplodnaviria;Heunggongvirae;Uroviricota;Caudoviricetes;;
k141_599229	4087	No terminal repeats	NA	10	11	0.9693	NA	0	10.1986	Viruses;Duplodnaviria;Heunggongvirae;Uroviricota;Caudoviricetes;;
k141_1841160	4240	No terminal repeats	NA	6	11	0.9692	NA	1	7.9310	Viruses;Duplodnaviria;Heunggongvirae;Uroviricota;Caudoviricetes;;
k141_861965	4378	No terminal repeats	NA	7	11	0.9692	NA	1	9.5325	Viruses;Duplodnaviria;Heunggongvirae;Uroviricota;Caudoviricetes;;
k141_1961073	3665	No terminal repeats	NA	11	11	0.9692	NA	0	10.2880	Viruses;Duplodnaviria;Heunggongvirae;Uroviricota;Caudoviricetes;;
k141_1396124	3653	No terminal repeats	NA	5	11	0.9691	NA	0	8.3961	Viruses;Duplodnaviria;Heunggongvirae;Uroviricota;Caudoviricetes;;
k141_155813	6054	No terminal repeats	NA	7	4	0.9690	NA	0	8.5827	Viruses;Varidnaviria;Bamfordvirae;Nucleocytoviricota;Megaviricetes;Imitervirales;Mimiviridae
k141_654554	7085	No terminal repeats	NA	9	11	0.9690	NA	2	13.1230	Viruses;Duplodnaviria;Heunggongvirae;Uroviricota;Caudoviricetes;;
k141_1726305	3511	No terminal repeats	NA	6	11	0.9688	NA	0	8.4912	Viruses;Duplodnaviria;Heunggongvirae;Uroviricota;Caudoviricetes;;
k141_190820	9445	No terminal repeats	NA	9	11	0.9688	NA	1	12.2256	Viruses;Duplodnaviria;Heunggongvirae;Uroviricota;Caudoviricetes;;
k141_1365512	56960	DTR	NA	69	11	0.9688	NA	0	44.1279	Viruses;Duplodnaviria;Heunggongvirae;Uroviricota;Caudoviricetes;;
k141_5173	4151	No terminal repeats	NA	12	11	0.9688	NA	0	3.2707	Viruses;Duplodnaviria;Heunggongvirae;Uroviricota;Caudoviricetes;;
k141_703154	2569	No terminal repeats	NA	6	11	0.9687	NA	0	9.0038	Viruses;Duplodnaviria;Heunggongvirae;Uroviricota;Caudoviricetes;;
k141_1664296	6400	No terminal repeats	NA	6	11	0.9687	NA	0	3.4366	Viruses;Varidnaviria;Bamfordvirae;Nucleocytoviricota;Megaviricetes;Algavirales;Phycodnaviridae
k141_1651426	3576	No terminal repeats	NA	11	11	0.9686	NA	0	3.4078	Viruses;Duplodnaviria;Heunggongvirae;Uroviricota;Caudoviricetes;;Kyanoviridae
k141_1875497	4712	No terminal repeats	NA	10	11	0.9686	NA	0	12.1465	Viruses;Duplodnaviria;Heunggongvirae;Uroviricota;Caudoviricetes;;
k141_1670865	8690	No terminal repeats	NA	18	11	0.9685	NA	0	20.7445	Viruses;Duplodnaviria;Heunggongvirae;Uroviricota;Caudoviricetes;;
k141_375620	9372	No terminal repeats	NA	17	11	0.9685	NA	0	6.9480	Viruses;Duplodnaviria;Heunggongvirae;Uroviricota;Caudoviricetes;;
k141_1713040	6867	No terminal repeats	NA	11	11	0.9685	NA	1	4.4122	Viruses;Duplodnaviria;Heunggongvirae;Uroviricota;Caudoviricetes;;
k141_1054264	4613	No terminal repeats	NA	15	11	0.9685	NA	0	4.8258	Viruses;Duplodnaviria;Heunggongvirae;Uroviricota;Caudoviricetes;;
k141_1049996	5280	No terminal repeats	NA	12	11	0.9684	NA	0	5.0720	Viruses;Duplodnaviria;Heunggongvirae;Uroviricota;Caudoviricetes;;
k141_500450	3897	No terminal repeats	NA	6	11	0.9684	NA	0	3.0641	Viruses;Varidnaviria;Bamfordvirae;Nucleocytoviricota;Megaviricetes;Pimascovirales;Marseilleviridae
k141_362513	6644	No terminal repeats	NA	17	11	0.9684	NA	0	1.7183	Viruses;Duplodnaviria;Heunggongvirae;Uroviricota;Caudoviricetes;;
k141_296079	4601	No terminal repeats	NA	5	11	0.9684	NA	2	5.1548	Viruses;Duplodnaviria;Heunggongvirae;Uroviricota;Caudoviricetes;;
k141_903072	3777	No terminal repeats	NA	5	11	0.9683	NA	0	8.2895	Viruses;Duplodnaviria;Heunggongvirae;Uroviricota;Caudoviricetes;;
k141_1222752	5217	No terminal repeats	NA	13	11	0.9683	NA	0	15.4552	Viruses;Duplodnaviria;Heunggongvirae;Uroviricota;Caudoviricetes;;
k141_207130	8093	No terminal repeats	NA	5	11	0.9681	NA	0	3.0277	Viruses;Varidnaviria;Bamfordvirae;Nucleocytoviricota;Megaviricetes;;
k141_1456471	5684	No terminal repeats	NA	5	11	0.9681	NA	0	3.4366	Viruses;Duplodnaviria;Heunggongvirae;Uroviricota;Caudoviricetes;;
k141_1803094	9619	No terminal repeats	NA	10	11	0.9681	NA	5	16.9932	Viruses;Duplodnaviria;Heunggongvirae;Uroviricota;Caudoviricetes;;Straboviridae
k141_273471	3656	No terminal repeats	NA	5	11	0.9679	NA	0	8.5424	Viruses;Duplodnaviria;Heunggongvirae;Uroviricota;Caudoviricetes;;
k141_236793	76691	No terminal repeats	NA	78	11	0.9678	NA	4	51.2078	Viruses;Duplodnaviria;Heunggongvirae;Uroviricota;Caudoviricetes;;
k141_1555258	4197	No terminal repeats	NA	6	11	0.9678	NA	1	5.1548	Viruses;Varidnaviria;Bamfordvirae;Nucleocytoviricota;Megaviricetes;Imitervirales;Mimiviridae
k141_1940330	6050	No terminal repeats	NA	10	11	0.9678	NA	0	9.5348	Viruses;Duplodnaviria;Heunggongvirae;Uroviricota;Caudoviricetes;;
k141_1067683	4365	No terminal repeats	NA	5	11	0.9677	NA	3	7.7692	Viruses;Duplodnaviria;Heunggongvirae;Uroviricota;Caudoviricetes;;
k141_1257228	4380	No terminal repeats	NA	7	11	0.9677	NA	1	7.7082	Viruses;Duplodnaviria;Heunggongvirae;Uroviricota;Caudoviricetes;;
k141_1822537	6236	No terminal repeats	NA	15	11	0.9676	NA	0	4.6857	Viruses;Duplodnaviria;Heunggongvirae;Uroviricota;Caudoviricetes;;
k141_1372214	9619	No terminal repeats	NA	9	11	0.9676	NA	0	5.1548	Viruses;Duplodnaviria;Heunggongvirae;Uroviricota;Caudoviricetes;;
k141_408060|provirus_2_9573	9572	No terminal repeats	NA	15	11	0.9676	NA	1	13.7362	Viruses;Duplodnaviria;Heunggongvirae;Uroviricota;Caudoviricetes;;
k141_66442	6393	No terminal repeats	NA	12	11	0.9676	NA	1	7.1183	Viruses;Duplodnaviria;Heunggongvirae;Uroviricota;Caudoviricetes;;
k141_1233862	5266	No terminal repeats	NA	6	11	0.9676	NA	0	9.8448	Viruses;Duplodnaviria;Heunggongvirae;Uroviricota;Caudoviricetes;;
k141_1811934	8709	No terminal repeats	NA	22	11	0.9676	NA	2	12.7254	Viruses;Duplodnaviria;Heunggongvirae;Uroviricota;Caudoviricetes;;
k141_741887	6068	No terminal repeats	NA	14	11	0.9675	NA	1	10.3097	Viruses;Duplodnaviria;Heunggongvirae;Uroviricota;Caudoviricetes;Crassvirales;
k141_970973	4105	No terminal repeats	NA	5	11	0.9674	NA	2	7.8113	Viruses;Duplodnaviria;Heunggongvirae;Uroviricota;Caudoviricetes;;
k141_463296	4429	No terminal repeats	NA	8	11	0.9674	NA	0	5.6370	Viruses;Duplodnaviria;Heunggongvirae;Uroviricota;Caudoviricetes;;
k141_1041120	4953	No terminal repeats	NA	12	11	0.9673	NA	0	7.7367	Viruses;Duplodnaviria;Heunggongvirae;Uroviricota;Caudoviricetes;;
k141_164355	739	No terminal repeats	NA	2	11	0.9673	NA	1	3.2196	Viruses;Duplodnaviria;Heunggongvirae;Uroviricota;Caudoviricetes;;
k141_1127697	7145	No terminal repeats	NA	8	11	0.9672	NA	2	3.0590	Viruses;Duplodnaviria;Heunggongvirae;Uroviricota;Caudoviricetes;;
k141_1430858	8526	No terminal repeats	NA	7	11	0.9671	NA	0	8.4457	Viruses;Duplodnaviria;Heunggongvirae;Uroviricota;Caudoviricetes;;Kyanoviridae
k141_629358	3558	No terminal repeats	NA	6	11	0.9671	NA	1	8.3299	Viruses;Duplodnaviria;Heunggongvirae;Uroviricota;Caudoviricetes;;
k141_719368	3576	No terminal repeats	NA	7	11	0.9671	NA	0	6.8731	Viruses;Duplodnaviria;Heunggongvirae;Uroviricota;Caudoviricetes;;Kyanoviridae
k141_1302356	5577	No terminal repeats	NA	6	11	0.9671	NA	1	3.3807	Viruses;Duplodnaviria;Heunggongvirae;Uroviricota;Caudoviricetes;;
k141_1801785	7091	No terminal repeats	NA	5	11	0.9671	NA	1	2.8668	Viruses;Varidnaviria;Bamfordvirae;Nucleocytoviricota;Megaviricetes;Imitervirales;Mimiviridae
k141_625761	6609	No terminal repeats	NA	9	11	0.9671	NA	2	10.3038	Viruses;Duplodnaviria;Heunggongvirae;Uroviricota;Caudoviricetes;;
k141_1466191	3878	No terminal repeats	NA	7	11	0.9671	NA	0	3.3349	Viruses;Duplodnaviria;Heunggongvirae;Uroviricota;Caudoviricetes;;
k141_1788877	3440	No terminal repeats	NA	3	11	0.9671	NA	0	4.3979	Viruses;Duplodnaviria;Heunggongvirae;Uroviricota;Caudoviricetes;;
k141_799463	6343	No terminal repeats	NA	8	11	0.9668	NA	2	7.3449	Viruses;Duplodnaviria;Heunggongvirae;Uroviricota;Caudoviricetes;;
k141_1313195	5538	No terminal repeats	NA	7	11	0.9668	NA	2	12.0031	Viruses;Duplodnaviria;Heunggongvirae;Uroviricota;Caudoviricetes;;
k141_514342	4673	No terminal repeats	NA	5	11	0.9667	NA	3	6.4997	Viruses;Duplodnaviria;Heunggongvirae;Uroviricota;Caudoviricetes;;
k141_494061	8969	No terminal repeats	NA	11	11	0.9666	NA	1	11.1274	Viruses;Duplodnaviria;Heunggongvirae;Uroviricota;Caudoviricetes;;
k141_1536676	4557	No terminal repeats	NA	8	11	0.9666	NA	0	6.9260	Viruses;Duplodnaviria;Heunggongvirae;Uroviricota;Caudoviricetes;;
k141_1940297	3450	No terminal repeats	NA	7	11	0.9666	NA	0	3.2059	Viruses;Duplodnaviria;Heunggongvirae;Uroviricota;Caudoviricetes;;
k141_1424213	4252	No terminal repeats	NA	15	11	0.9664	NA	0	12.0280	Viruses;Duplodnaviria;Heunggongvirae;Uroviricota;Caudoviricetes;;Kyanoviridae
k141_1549046	3680	No terminal repeats	NA	8	11	0.9664	NA	0	5.1129	Viruses;Duplodnaviria;Heunggongvirae;Uroviricota;Caudoviricetes;;
k141_1436393	9325	No terminal repeats	NA	13	11	0.9664	NA	1	18.8339	Viruses;Duplodnaviria;Heunggongvirae;Uroviricota;Caudoviricetes;;
k141_1592244	9396	No terminal repeats	NA	10	11	0.9663	NA	4	15.4247	Viruses;Duplodnaviria;Heunggongvirae;Uroviricota;Caudoviricetes;;
k141_92774	3685	No terminal repeats	NA	5	11	0.9663	NA	0	3.1734	Viruses;Varidnaviria;Bamfordvirae;Nucleocytoviricota;Megaviricetes;Imitervirales;Mimiviridae
k141_931494	5416	No terminal repeats	NA	5	11	0.9662	NA	0	3.3162	Viruses;Varidnaviria;Bamfordvirae;Nucleocytoviricota;Megaviricetes;Algavirales;Phycodnaviridae
k141_631044	4922	No terminal repeats	NA	6	11	0.9661	NA	0	5.2538	Viruses;Duplodnaviria;Heunggongvirae;Uroviricota;Caudoviricetes;;
k141_856607	5182	No terminal repeats	NA	13	11	0.9661	NA	2	14.0850	Viruses;Duplodnaviria;Heunggongvirae;Uroviricota;Caudoviricetes;;Kyanoviridae
k141_1369065	9484	No terminal repeats	NA	8	11	0.9660	NA	3	12.4582	Viruses;Duplodnaviria;Heunggongvirae;Uroviricota;Caudoviricetes;;
k141_1905525	4238	No terminal repeats	NA	7	11	0.9660	NA	0	5.1548	Viruses;Duplodnaviria;Heunggongvirae;Uroviricota;Caudoviricetes;;
k141_1280245	5319	No terminal repeats	NA	15	11	0.9660	NA	0	10.3097	Viruses;Duplodnaviria;Heunggongvirae;Uroviricota;Caudoviricetes;;Kyanoviridae
k141_91209	3643	No terminal repeats	NA	6	11	0.9660	NA	0	5.8730	Viruses;Duplodnaviria;Heunggongvirae;Uroviricota;Caudoviricetes;;
k141_1941768	6379	No terminal repeats	NA	13	11	0.9659	NA	0	5.0161	Viruses;Duplodnaviria;Heunggongvirae;Uroviricota;Caudoviricetes;;
k141_56859	9989	No terminal repeats	NA	16	11	0.9659	NA	0	9.6541	Viruses;Duplodnaviria;Heunggongvirae;Uroviricota;Caudoviricetes;;
k141_1750717	8250	No terminal repeats	NA	5	11	0.9658	NA	0	3.3562	Viruses;Duplodnaviria;Heunggongvirae;Uroviricota;Caudoviricetes;;
k141_35399	3625	No terminal repeats	NA	8	11	0.9658	NA	2	11.9295	Viruses;Duplodnaviria;Heunggongvirae;Uroviricota;Caudoviricetes;;
k141_1402435	4130	No terminal repeats	NA	5	11	0.9658	NA	0	6.8731	Viruses;Duplodnaviria;Heunggongvirae;Uroviricota;Caudoviricetes;;
k141_267001	4293	No terminal repeats	NA	5	11	0.9658	NA	3	5.8033	Viruses;Duplodnaviria;Heunggongvirae;Uroviricota;Caudoviricetes;;
k141_1328542	6952	No terminal repeats	NA	14	11	0.9657	NA	0	12.4551	Viruses;Duplodnaviria;Heunggongvirae;Uroviricota;Caudoviricetes;;Autographiviridae
k141_1357308	6120	No terminal repeats	NA	13	11	0.9656	NA	0	3.6870	Viruses;Duplodnaviria;Heunggongvirae;Uroviricota;Caudoviricetes;;
k141_601663	4095	No terminal repeats	NA	7	11	0.9656	NA	1	3.7180	Viruses;Duplodnaviria;Heunggongvirae;Uroviricota;Caudoviricetes;;
k141_337343	3568	No terminal repeats	NA	7	11	0.9655	NA	0	5.1548	Viruses;Duplodnaviria;Heunggongvirae;Uroviricota;Caudoviricetes;;
k141_1175187	3949	No terminal repeats	NA	12	11	0.9655	NA	0	13.6821	Viruses;Duplodnaviria;Heunggongvirae;Uroviricota;Caudoviricetes;;
k141_1587497	746	No terminal repeats	NA	2	11	0.9654	NA	1	3.4366	Viruses;Duplodnaviria;Heunggongvirae;Uroviricota;Caudoviricetes;;Ackermannviridae
k141_1289454	7417	No terminal repeats	NA	10	11	0.9653	NA	0	4.8195	Viruses;Duplodnaviria;Heunggongvirae;Uroviricota;Caudoviricetes;;
k141_1128642	6297	No terminal repeats	NA	11	11	0.9653	NA	1	9.3236	Viruses;Duplodnaviria;Heunggongvirae;Uroviricota;Caudoviricetes;;
k141_518882	5745	No terminal repeats	NA	5	11	0.9652	NA	0	6.1535	Viruses;Duplodnaviria;Heunggongvirae;Uroviricota;Caudoviricetes;;
k141_135550	735	No terminal repeats	NA	2	11	0.9652	NA	1	3.1750	Viruses;Duplodnaviria;Heunggongvirae;Uroviricota;Caudoviricetes;;Stanwilliamsviridae
k141_214460	4797	No terminal repeats	NA	7	11	0.9652	NA	1	4.4934	Viruses;Duplodnaviria;Heunggongvirae;Uroviricota;Caudoviricetes;;
k141_907283	4491	No terminal repeats	NA	6	11	0.9652	NA	0	3.4366	Viruses;Varidnaviria;Bamfordvirae;Nucleocytoviricota;Megaviricetes;Algavirales;Phycodnaviridae
k141_1140681	4114	No terminal repeats	NA	9	11	0.9651	NA	0	7.8813	Viruses;Duplodnaviria;Heunggongvirae;Uroviricota;Caudoviricetes;;
k141_1697723	6082	No terminal repeats	NA	14	11	0.9651	NA	0	3.0696	Viruses;Duplodnaviria;Heunggongvirae;Uroviricota;Caudoviricetes;;
k141_79143	6611	No terminal repeats	NA	6	11	0.9651	NA	0	4.8133	Viruses;Varidnaviria;Bamfordvirae;Nucleocytoviricota;Megaviricetes;Imitervirales;
k141_1674162	9523	No terminal repeats	NA	17	11	0.9650	NA	0	19.1974	Viruses;Duplodnaviria;Heunggongvirae;Uroviricota;Caudoviricetes;;
k141_1655020	4518	No terminal repeats	NA	7	11	0.9649	NA	0	3.4366	Viruses;Duplodnaviria;Heunggongvirae;Uroviricota;Caudoviricetes;;
k141_442900	3811	No terminal repeats	NA	11	11	0.9649	NA	0	4.5040	Viruses;Duplodnaviria;Heunggongvirae;Uroviricota;Caudoviricetes;;
k141_1918005	6747	No terminal repeats	NA	7	11	0.9648	NA	0	3.2875	Viruses;Duplodnaviria;Heunggongvirae;Uroviricota;Caudoviricetes;;
k141_1793246	2572	No terminal repeats	NA	7	11	0.9648	NA	0	6.4678	Viruses;Duplodnaviria;Heunggongvirae;Uroviricota;Caudoviricetes;;
k141_995697	1669	No terminal repeats	NA	5	11	0.9647	NA	1	3.1600	Viruses;Duplodnaviria;Heunggongvirae;Uroviricota;Caudoviricetes;;
k141_506454	5113	No terminal repeats	NA	9	11	0.9646	NA	0	5.1394	Viruses;Varidnaviria;Bamfordvirae;Nucleocytoviricota;Megaviricetes;Pimascovirales;
k141_1092667	3920	No terminal repeats	NA	5	11	0.9645	NA	0	3.4120	Viruses;Duplodnaviria;Heunggongvirae;Uroviricota;Caudoviricetes;;
k141_161714	7716	No terminal repeats	NA	8	11	0.9645	NA	1	8.2931	Viruses;Varidnaviria;Bamfordvirae;Nucleocytoviricota;Megaviricetes;;
k141_1266518	5123	No terminal repeats	NA	15	11	0.9645	NA	1	5.9655	Viruses;Duplodnaviria;Heunggongvirae;Uroviricota;Caudoviricetes;;
k141_740655	4663	No terminal repeats	NA	7	11	0.9644	NA	0	6.5759	Viruses;Duplodnaviria;Heunggongvirae;Uroviricota;Caudoviricetes;;Autographiviridae
k141_70708	8087	No terminal repeats	NA	11	11	0.9642	NA	1	3.3947	Viruses;Varidnaviria;Bamfordvirae;Nucleocytoviricota;Megaviricetes;;
k141_741952	7407	No terminal repeats	NA	13	11	0.9641	NA	5	15.3291	Viruses;Duplodnaviria;Heunggongvirae;Uroviricota;Caudoviricetes;;
k141_1068761	5704	No terminal repeats	NA	11	11	0.9640	NA	0	7.8336	Viruses;Duplodnaviria;Heunggongvirae;Uroviricota;Caudoviricetes;;
k141_1887903	5442	No terminal repeats	NA	7	11	0.9639	NA	0	9.5298	Viruses;Duplodnaviria;Heunggongvirae;Uroviricota;Caudoviricetes;;Kyanoviridae
k141_409710	108959	No terminal repeats	NA	88	11	0.9638	NA	6	105.4087	Viruses;Duplodnaviria;Heunggongvirae;Uroviricota;Caudoviricetes;;
k141_31212	4734	No terminal repeats	NA	6	11	0.9638	NA	3	8.0566	Viruses;Duplodnaviria;Heunggongvirae;Uroviricota;Caudoviricetes;;
k141_1561305	4473	No terminal repeats	NA	6	11	0.9637	NA	0	4.7460	Viruses;Varidnaviria;Bamfordvirae;Nucleocytoviricota;Megaviricetes;Imitervirales;
k141_316752	3809	No terminal repeats	NA	6	11	0.9636	NA	2	10.3097	Viruses;Duplodnaviria;Heunggongvirae;Uroviricota;Caudoviricetes;;Kyanoviridae
k141_1932499	6003	No terminal repeats	NA	6	11	0.9632	NA	0	3.4366	Viruses;Varidnaviria;Bamfordvirae;Nucleocytoviricota;Megaviricetes;Imitervirales;
k141_1261925	3645	No terminal repeats	NA	7	11	0.9631	NA	0	4.5287	Viruses;Duplodnaviria;Heunggongvirae;Uroviricota;Caudoviricetes;;
k141_1319073	7540	No terminal repeats	NA	6	11	0.9631	NA	0	8.8822	Viruses;Duplodnaviria;Heunggongvirae;Uroviricota;Caudoviricetes;;Kyanoviridae
k141_1477635	4234	No terminal repeats	NA	7	11	0.9631	NA	1	5.1482	Viruses;Duplodnaviria;Heunggongvirae;Uroviricota;Caudoviricetes;;
k141_537711	7931	No terminal repeats	NA	8	11	0.9629	NA	0	9.8334	Viruses;Duplodnaviria;Heunggongvirae;Uroviricota;Caudoviricetes;;
k141_1194425	9175	No terminal repeats	NA	24	11	0.9628	NA	1	15.5970	Viruses;Duplodnaviria;Heunggongvirae;Uroviricota;Caudoviricetes;;
k141_1756282	8088	No terminal repeats	NA	11	11	0.9628	NA	0	4.7309	Viruses;;;;;;
k141_1711271	3845	No terminal repeats	NA	6	11	0.9627	NA	0	5.1062	Viruses;Duplodnaviria;Heunggongvirae;Uroviricota;Caudoviricetes;;Kyanoviridae
k141_168341	4496	No terminal repeats	NA	5	11	0.9625	NA	0	2.9612	Viruses;;;;;;
k141_931278	5834	No terminal repeats	NA	6	11	0.9624	NA	0	5.0882	Viruses;Varidnaviria;Bamfordvirae;Nucleocytoviricota;Megaviricetes;Pimascovirales;Iridoviridae
k141_451312	5907	No terminal repeats	NA	6	11	0.9620	NA	0	4.2949	Viruses;Varidnaviria;Bamfordvirae;Nucleocytoviricota;Megaviricetes;Algavirales;Phycodnaviridae
k141_260268	3928	No terminal repeats	NA	11	11	0.9620	NA	0	5.1272	Viruses;Duplodnaviria;Heunggongvirae;Uroviricota;Caudoviricetes;;
k141_1492022	4527	No terminal repeats	NA	8	11	0.9620	NA	0	5.9893	Viruses;Duplodnaviria;Heunggongvirae;Uroviricota;Caudoviricetes;;
k141_1196820	5623	No terminal repeats	NA	6	11	0.9620	NA	0	10.1190	Viruses;Duplodnaviria;Heunggongvirae;Uroviricota;Caudoviricetes;;Kyanoviridae
k141_426197	5169	No terminal repeats	NA	11	11	0.9619	NA	1	5.8967	Viruses;Duplodnaviria;Heunggongvirae;Uroviricota;Caudoviricetes;;
k141_1731625	7701	No terminal repeats	NA	11	11	0.9618	NA	0	12.0859	Viruses;Duplodnaviria;Heunggongvirae;Uroviricota;Caudoviricetes;;
k141_449206	5218	No terminal repeats	NA	11	11	0.9617	NA	0	13.3158	Viruses;Duplodnaviria;Heunggongvirae;Uroviricota;Caudoviricetes;;
k141_183917	5634	No terminal repeats	NA	6	11	0.9617	NA	0	8.0646	Viruses;Duplodnaviria;Heunggongvirae;Uroviricota;Caudoviricetes;;
k141_122472	5936	No terminal repeats	NA	6	11	0.9616	NA	1	8.5914	Viruses;Duplodnaviria;Heunggongvirae;Uroviricota;Caudoviricetes;;
k141_1525620	3029	No terminal repeats	NA	7	11	0.9616	NA	0	8.3276	Viruses;Duplodnaviria;Heunggongvirae;Uroviricota;Caudoviricetes;;
k141_1067885	3307	No terminal repeats	NA	5	11	0.9615	NA	0	6.8306	Viruses;Duplodnaviria;Heunggongvirae;Uroviricota;Caudoviricetes;;Kyanoviridae
k141_1081941	4501	No terminal repeats	NA	11	11	0.9613	NA	0	5.0340	Viruses;Duplodnaviria;Heunggongvirae;Uroviricota;Caudoviricetes;;
k141_1188341	4024	No terminal repeats	NA	11	11	0.9613	NA	0	4.1454	Viruses;Duplodnaviria;Heunggongvirae;Uroviricota;Caudoviricetes;;
k141_627717	3711	No terminal repeats	NA	9	11	0.9612	NA	0	2.4527	Viruses;Duplodnaviria;Heunggongvirae;Uroviricota;Caudoviricetes;;
k141_452728	6237	No terminal repeats	NA	16	11	0.9611	NA	0	2.8710	Viruses;Duplodnaviria;Heunggongvirae;Uroviricota;Caudoviricetes;;Straboviridae
k141_1419549	4679	No terminal repeats	NA	9	11	0.9610	NA	0	3.3046	Unclassified
k141_1245775	5060	No terminal repeats	NA	6	11	0.9609	NA	0	4.3233	Viruses;Duplodnaviria;Heunggongvirae;Uroviricota;Caudoviricetes;;
k141_553095	5465	No terminal repeats	NA	5	11	0.9609	NA	1	3.3762	Viruses;Varidnaviria;Bamfordvirae;Nucleocytoviricota;Megaviricetes;Imitervirales;
k141_1245358	4643	No terminal repeats	NA	5	11	0.9609	NA	0	3.4366	Viruses;Varidnaviria;Bamfordvirae;Nucleocytoviricota;Megaviricetes;Algavirales;Phycodnaviridae
k141_668259	7062	No terminal repeats	NA	11	11	0.9608	NA	0	4.6672	Viruses;Duplodnaviria;Heunggongvirae;Uroviricota;Caudoviricetes;;
k141_1322399	6294	No terminal repeats	NA	6	11	0.9607	NA	0	3.0853	Viruses;Varidnaviria;Bamfordvirae;Nucleocytoviricota;Megaviricetes;Imitervirales;
k141_487934	3888	No terminal repeats	NA	5	11	0.9607	NA	0	3.3947	Viruses;Duplodnaviria;Heunggongvirae;Uroviricota;Caudoviricetes;;
k141_1511410	4582	No terminal repeats	NA	11	11	0.9607	NA	0	4.8420	Viruses;Duplodnaviria;Heunggongvirae;Uroviricota;Caudoviricetes;;
k141_831590	4039	No terminal repeats	NA	9	11	0.9607	NA	0	5.9349	Viruses;Duplodnaviria;Heunggongvirae;Uroviricota;Caudoviricetes;;
k141_1884929	5811	No terminal repeats	NA	5	11	0.9601	NA	0	7.3531	Viruses;Duplodnaviria;Heunggongvirae;Uroviricota;Caudoviricetes;;
k141_1261712	4137	No terminal repeats	NA	6	11	0.9600	NA	0	3.4353	Viruses;Varidnaviria;Bamfordvirae;Nucleocytoviricota;Megaviricetes;Imitervirales;Mimiviridae
k141_1350722	3779	No terminal repeats	NA	6	11	0.9599	NA	0	7.8329	Viruses;Duplodnaviria;Heunggongvirae;Uroviricota;Caudoviricetes;;
k141_1403935	4482	No terminal repeats	NA	6	11	0.9598	NA	1	4.0803	Viruses;Duplodnaviria;Heunggongvirae;Uroviricota;Caudoviricetes;;
k141_1847040	3755	No terminal repeats	NA	11	11	0.9598	NA	1	3.1694	Viruses;Duplodnaviria;Heunggongvirae;Uroviricota;Caudoviricetes;;
k141_56662	4975	No terminal repeats	NA	7	11	0.9597	NA	0	5.1422	Viruses;Duplodnaviria;Heunggongvirae;Uroviricota;Caudoviricetes;;
k141_913840	3501	No terminal repeats	NA	6	11	0.9597	NA	0	9.3458	Viruses;Duplodnaviria;Heunggongvirae;Uroviricota;Caudoviricetes;;Kyanoviridae
k141_1794485	6228	No terminal repeats	NA	16	11	0.9596	NA	0	6.4432	Viruses;Duplodnaviria;Heunggongvirae;Uroviricota;Caudoviricetes;Crassvirales;
k141_1360888	4793	No terminal repeats	NA	9	11	0.9594	NA	1	7.3712	Viruses;Duplodnaviria;Heunggongvirae;Uroviricota;Caudoviricetes;;
k141_628601	7397	No terminal repeats	NA	17	11	0.9592	NA	1	22.9104	Viruses;Duplodnaviria;Heunggongvirae;Uroviricota;Caudoviricetes;;
k141_1679152	4641	No terminal repeats	NA	7	11	0.9588	NA	0	7.2676	Viruses;Duplodnaviria;Heunggongvirae;Uroviricota;Caudoviricetes;;
k141_556433	4095	No terminal repeats	NA	8	11	0.9586	NA	3	13.1776	Viruses;Duplodnaviria;Heunggongvirae;Uroviricota;Caudoviricetes;;Kyanoviridae
k141_527339	4685	No terminal repeats	NA	5	11	0.9585	NA	0	4.4561	Viruses;Duplodnaviria;Heunggongvirae;Uroviricota;Caudoviricetes;;
k141_533647	3853	No terminal repeats	NA	6	11	0.9585	NA	1	3.9971	Viruses;Duplodnaviria;Heunggongvirae;Uroviricota;Caudoviricetes;;
k141_70367	48887	No terminal repeats	NA	79	11	0.9584	NA	0	51.2312	Viruses;Duplodnaviria;Heunggongvirae;Uroviricota;Caudoviricetes;;
k141_384591	3812	No terminal repeats	NA	5	11	0.9583	NA	0	2.2968	Viruses;Duplodnaviria;Heunggongvirae;Uroviricota;Caudoviricetes;;
k141_797515	4882	No terminal repeats	NA	20	11	0.9582	NA	0	7.9073	Viruses;Duplodnaviria;Heunggongvirae;Uroviricota;Caudoviricetes;;
k141_545445	5338	No terminal repeats	NA	9	11	0.9581	NA	2	4.4656	Viruses;Duplodnaviria;Heunggongvirae;Uroviricota;Caudoviricetes;;
k141_126644	4325	No terminal repeats	NA	7	11	0.9581	NA	0	5.0343	Viruses;Varidnaviria;Bamfordvirae;Nucleocytoviricota;Megaviricetes;Algavirales;Phycodnaviridae
k141_618440	3825	No terminal repeats	NA	5	11	0.9577	NA	0	3.2811	Viruses;Duplodnaviria;Heunggongvirae;Uroviricota;Caudoviricetes;;
k141_1607759	6307	No terminal repeats	NA	12	11	0.9576	NA	0	9.8512	Viruses;Duplodnaviria;Heunggongvirae;Uroviricota;Caudoviricetes;;
k141_961511	3743	No terminal repeats	NA	6	11	0.9573	NA	0	6.7559	Viruses;Duplodnaviria;Heunggongvirae;Uroviricota;Caudoviricetes;;
k141_1541023	5708	No terminal repeats	NA	8	11	0.9573	NA	0	3.4366	Viruses;Varidnaviria;Bamfordvirae;Nucleocytoviricota;Megaviricetes;Imitervirales;
k141_199975	5048	No terminal repeats	NA	9	11	0.9573	NA	0	4.7220	Viruses;Duplodnaviria;Heunggongvirae;Uroviricota;Caudoviricetes;;
k141_315815	3684	No terminal repeats	NA	5	11	0.9572	NA	3	4.0559	Viruses;Duplodnaviria;Heunggongvirae;Uroviricota;Caudoviricetes;;
k141_504462	4009	No terminal repeats	NA	7	11	0.9572	NA	1	10.1845	Viruses;Duplodnaviria;Heunggongvirae;Uroviricota;Caudoviricetes;;
k141_1307865	5758	No terminal repeats	NA	5	11	0.9572	NA	0	3.4366	Viruses;Duplodnaviria;Heunggongvirae;Uroviricota;Caudoviricetes;;
k141_1205233	4150	No terminal repeats	NA	5	11	0.9571	NA	0	3.4366	Viruses;Varidnaviria;Bamfordvirae;Nucleocytoviricota;Megaviricetes;Algavirales;Phycodnaviridae
k141_472495	7374	No terminal repeats	NA	16	11	0.9571	NA	0	8.3387	Viruses;Duplodnaviria;Heunggongvirae;Uroviricota;Caudoviricetes;;
k141_1753005	9128	No terminal repeats	NA	13	11	0.9570	NA	0	9.4251	Viruses;Varidnaviria;Bamfordvirae;Nucleocytoviricota;Megaviricetes;Algavirales;Phycodnaviridae
k141_674180	3568	No terminal repeats	NA	7	11	0.9569	NA	0	5.0233	Viruses;Duplodnaviria;Heunggongvirae;Uroviricota;Caudoviricetes;;
k141_927411	5739	No terminal repeats	NA	7	11	0.9569	NA	0	10.3097	Viruses;Varidnaviria;Bamfordvirae;Nucleocytoviricota;Megaviricetes;Imitervirales;Allomimiviridae
k141_1685003	4916	No terminal repeats	NA	5	11	0.9569	NA	1	7.7223	Viruses;Duplodnaviria;Heunggongvirae;Uroviricota;Caudoviricetes;;
k141_329111	6747	No terminal repeats	NA	12	11	0.9568	NA	0	4.2783	Viruses;Duplodnaviria;Heunggongvirae;Uroviricota;Caudoviricetes;;
k141_112962	9127	No terminal repeats	NA	10	11	0.9567	NA	0	10.3097	Viruses;Duplodnaviria;Heunggongvirae;Uroviricota;Caudoviricetes;;
k141_1063484	4950	No terminal repeats	NA	8	11	0.9566	NA	0	2.6916	Viruses;Duplodnaviria;Heunggongvirae;Uroviricota;Caudoviricetes;;
k141_1598786	9168	No terminal repeats	NA	14	11	0.9565	NA	0	4.9957	Viruses;Duplodnaviria;Heunggongvirae;Uroviricota;Caudoviricetes;;
k141_751302	4402	No terminal repeats	NA	6	4	0.9564	NA	2	3.4366	Viruses;Varidnaviria;Bamfordvirae;Nucleocytoviricota;Megaviricetes;;
k141_170798	7166	No terminal repeats	NA	9	11	0.9564	NA	0	3.4114	Viruses;Varidnaviria;Bamfordvirae;Nucleocytoviricota;Pokkesviricetes;Chitovirales;Poxviridae
k141_1060067	7111	No terminal repeats	NA	8	11	0.9559	NA	4	13.6734	Viruses;Duplodnaviria;Heunggongvirae;Uroviricota;Caudoviricetes;;Kyanoviridae
k141_750457	3580	No terminal repeats	NA	7	11	0.9556	NA	0	6.7809	Viruses;Duplodnaviria;Heunggongvirae;Uroviricota;Caudoviricetes;;
k141_759965	6368	No terminal repeats	NA	5	11	0.9556	NA	0	1.1190	Viruses;Varidnaviria;Bamfordvirae;Nucleocytoviricota;Megaviricetes;Imitervirales;Mimiviridae
k141_860834	5491	No terminal repeats	NA	5	11	0.9556	NA	0	3.4345	Viruses;Varidnaviria;Bamfordvirae;Nucleocytoviricota;Megaviricetes;Imitervirales;Mimiviridae
k141_18134	3628	No terminal repeats	NA	5	11	0.9555	NA	1	5.0601	Viruses;Duplodnaviria;Heunggongvirae;Uroviricota;Caudoviricetes;;
k141_142657	4950	No terminal repeats	NA	7	11	0.9555	NA	1	9.2766	Viruses;Duplodnaviria;Heunggongvirae;Uroviricota;Caudoviricetes;;
k141_216161	3742	No terminal repeats	NA	5	11	0.9555	NA	0	3.2765	Viruses;Duplodnaviria;Heunggongvirae;Uroviricota;Caudoviricetes;;
k141_1382986	5886	No terminal repeats	NA	7	11	0.9552	NA	0	2.4478	Unclassified
k141_1327754	3924	No terminal repeats	NA	6	11	0.9548	NA	1	5.1548	Viruses;Varidnaviria;Bamfordvirae;Nucleocytoviricota;Megaviricetes;Algavirales;Phycodnaviridae
k141_508082	8201	No terminal repeats	NA	10	11	0.9548	NA	0	5.7870	Viruses;Duplodnaviria;Heunggongvirae;Uroviricota;Caudoviricetes;;
k141_649526	6250	No terminal repeats	NA	7	11	0.9547	NA	0	3.4366	Viruses;Varidnaviria;Bamfordvirae;Preplasmiviricota;Maveriviricetes;Priklausovirales;
k141_1965362	3943	No terminal repeats	NA	11	11	0.9541	NA	2	7.8775	Viruses;Duplodnaviria;Heunggongvirae;Uroviricota;Caudoviricetes;;
k141_1572274	3815	No terminal repeats	NA	5	11	0.9540	NA	1	1.7183	Viruses;Varidnaviria;Bamfordvirae;Nucleocytoviricota;Megaviricetes;Imitervirales;Mimiviridae
k141_1820101	5818	No terminal repeats	NA	16	11	0.9540	NA	1	12.2272	Viruses;Duplodnaviria;Heunggongvirae;Uroviricota;Caudoviricetes;;
k141_1744678	8700	No terminal repeats	NA	7	11	0.9539	NA	1	11.7961	Viruses;Duplodnaviria;Heunggongvirae;Uroviricota;Caudoviricetes;;Kyanoviridae
k141_1489201	8922	No terminal repeats	NA	6	11	0.9539	NA	0	1.7183	Unclassified
k141_1807762	8212	No terminal repeats	NA	6	11	0.9538	NA	1	8.3476	Viruses;Duplodnaviria;Heunggongvirae;Uroviricota;Caudoviricetes;;Kyanoviridae
k141_1749072	9542	No terminal repeats	NA	9	11	0.9537	NA	2	7.8110	Viruses;Duplodnaviria;Heunggongvirae;Uroviricota;Caudoviricetes;;
k141_607544	8146	No terminal repeats	NA	7	11	0.9537	NA	1	3.4366	Viruses;Varidnaviria;Bamfordvirae;Nucleocytoviricota;Megaviricetes;Imitervirales;Mimiviridae
k141_449734	5566	No terminal repeats	NA	7	11	0.9535	NA	0	3.4366	Viruses;Varidnaviria;Bamfordvirae;Nucleocytoviricota;Megaviricetes;;
k141_763012	4410	No terminal repeats	NA	9	11	0.9534	NA	0	7.1611	Viruses;Duplodnaviria;Heunggongvirae;Uroviricota;Caudoviricetes;;
k141_1776477	8266	No terminal repeats	NA	15	11	0.9533	NA	1	5.0223	Viruses;Duplodnaviria;Heunggongvirae;Uroviricota;Caudoviricetes;;
k141_1152996	3776	No terminal repeats	NA	7	11	0.9532	NA	0	3.4307	Viruses;Duplodnaviria;Heunggongvirae;Uroviricota;Caudoviricetes;;
k141_1258816	4561	No terminal repeats	NA	7	11	0.9531	NA	1	12.0280	Viruses;Duplodnaviria;Heunggongvirae;Uroviricota;Caudoviricetes;;
k141_1302492	8584	No terminal repeats	NA	8	11	0.9530	NA	0	3.0246	Viruses;Varidnaviria;Bamfordvirae;Nucleocytoviricota;Megaviricetes;Imitervirales;Mimiviridae
k141_1773456	4049	No terminal repeats	NA	8	11	0.9529	NA	0	6.4182	Viruses;Duplodnaviria;Heunggongvirae;Uroviricota;Caudoviricetes;;
k141_573341	3812	No terminal repeats	NA	10	11	0.9528	NA	0	10.5148	Viruses;Duplodnaviria;Heunggongvirae;Uroviricota;Caudoviricetes;;
k141_615601	9202	No terminal repeats	NA	13	11	0.9524	NA	0	10.9698	Viruses;Duplodnaviria;Heunggongvirae;Uroviricota;Caudoviricetes;;
k141_605860	3257	No terminal repeats	NA	6	11	0.9523	NA	0	8.2111	Viruses;Duplodnaviria;Heunggongvirae;Uroviricota;Caudoviricetes;;
k141_1270806	3761	No terminal repeats	NA	7	11	0.9523	NA	0	1.4798	Viruses;Duplodnaviria;Heunggongvirae;Uroviricota;Caudoviricetes;;
k141_271210	5466	No terminal repeats	NA	6	11	0.9522	NA	0	4.9921	Viruses;Duplodnaviria;Heunggongvirae;Uroviricota;Caudoviricetes;;
k141_243627	5071	No terminal repeats	NA	6	11	0.9521	NA	0	3.1298	Viruses;Varidnaviria;Bamfordvirae;Nucleocytoviricota;Megaviricetes;Imitervirales;Mimiviridae
k141_972729	3938	No terminal repeats	NA	6	11	0.9518	NA	0	2.9829	Viruses;Varidnaviria;Bamfordvirae;Nucleocytoviricota;Megaviricetes;Imitervirales;Mimiviridae
k141_1077461	3759	No terminal repeats	NA	9	11	0.9518	NA	0	11.9341	Viruses;Duplodnaviria;Heunggongvirae;Uroviricota;Caudoviricetes;;
k141_921921	4317	No terminal repeats	NA	5	11	0.9517	NA	1	4.7769	Viruses;Varidnaviria;Bamfordvirae;Nucleocytoviricota;Megaviricetes;Imitervirales;Mimiviridae
k141_1058067	3915	No terminal repeats	NA	7	11	0.9513	NA	0	5.1155	Viruses;Duplodnaviria;Heunggongvirae;Uroviricota;Caudoviricetes;;
k141_885537	9247	No terminal repeats	NA	9	11	0.9512	NA	0	7.4907	Viruses;;;;;;
k141_1019243	8301	No terminal repeats	NA	11	11	0.9510	NA	0	12.5493	Viruses;Duplodnaviria;Heunggongvirae;Uroviricota;Caudoviricetes;;
k141_1484597	7441	No terminal repeats	NA	9	11	0.9507	NA	0	6.4837	Viruses;Varidnaviria;Bamfordvirae;Nucleocytoviricota;Megaviricetes;;
k141_1433144	4448	No terminal repeats	NA	5	11	0.9504	NA	0	6.7359	Viruses;Duplodnaviria;Heunggongvirae;Uroviricota;Caudoviricetes;;Kyanoviridae
k141_151576	6782	No terminal repeats	NA	5	11	0.9503	NA	0	3.0277	Viruses;Varidnaviria;Bamfordvirae;Nucleocytoviricota;Megaviricetes;;
k141_1142208	3928	No terminal repeats	NA	5	11	0.9500	NA	0	2.8373	Viruses;Varidnaviria;Bamfordvirae;Nucleocytoviricota;Megaviricetes;Imitervirales;Mimiviridae
k141_465384	5581	No terminal repeats	NA	7	11	0.9500	NA	0	8.6372	Viruses;Duplodnaviria;Heunggongvirae;Uroviricota;Caudoviricetes;;
k141_446961	8766	No terminal repeats	NA	11	11	0.9494	NA	0	2.8998	Viruses;Duplodnaviria;Heunggongvirae;Uroviricota;Caudoviricetes;;
k141_1563309	3769	No terminal repeats	NA	6	11	0.9493	NA	0	3.0693	Viruses;Duplodnaviria;Heunggongvirae;Uroviricota;Caudoviricetes;;
k141_522889	4856	No terminal repeats	NA	8	11	0.9493	NA	1	13.5567	Viruses;Duplodnaviria;Heunggongvirae;Uroviricota;Caudoviricetes;;
k141_1335943	9039	No terminal repeats	NA	14	11	0.9492	NA	1	1.7183	Viruses;Varidnaviria;Bamfordvirae;Nucleocytoviricota;Megaviricetes;Imitervirales;
k141_883101	3696	No terminal repeats	NA	5	11	0.9490	NA	1	6.2607	Viruses;Duplodnaviria;Heunggongvirae;Uroviricota;Caudoviricetes;;
k141_369616	4065	No terminal repeats	NA	5	11	0.9486	NA	0	3.3908	Viruses;Duplodnaviria;Heunggongvirae;Uroviricota;Caudoviricetes;;
k141_1475679	8527	No terminal repeats	NA	10	11	0.9485	NA	0	14.5155	Viruses;Duplodnaviria;Heunggongvirae;Uroviricota;Caudoviricetes;;Kyanoviridae
k141_385225	4678	No terminal repeats	NA	5	11	0.9484	NA	1	8.5891	Viruses;Duplodnaviria;Heunggongvirae;Uroviricota;Caudoviricetes;;
k141_699739	4814	No terminal repeats	NA	11	11	0.9484	NA	1	6.3098	Viruses;Duplodnaviria;Heunggongvirae;Uroviricota;Caudoviricetes;;
k141_203511	7264	No terminal repeats	NA	12	11	0.9483	NA	0	3.1280	Viruses;Duplodnaviria;Heunggongvirae;Uroviricota;Caudoviricetes;;
k141_1851114	6552	No terminal repeats	NA	6	11	0.9482	NA	1	9.5181	Viruses;Duplodnaviria;Heunggongvirae;Uroviricota;Caudoviricetes;;Kyanoviridae
k141_453927	5642	No terminal repeats	NA	5	11	0.9480	NA	1	5.1527	Viruses;Varidnaviria;Bamfordvirae;Nucleocytoviricota;Megaviricetes;Imitervirales;Mimiviridae
k141_465801	5051	No terminal repeats	NA	5	11	0.9475	NA	1	3.2823	Viruses;Duplodnaviria;Heunggongvirae;Uroviricota;Caudoviricetes;;
k141_913297	9113	No terminal repeats	NA	13	11	0.9471	NA	1	16.6014	Viruses;Duplodnaviria;Heunggongvirae;Uroviricota;Caudoviricetes;;
k141_1899227	6832	No terminal repeats	NA	8	11	0.9468	NA	0	6.8731	Viruses;Varidnaviria;Bamfordvirae;Nucleocytoviricota;Megaviricetes;Algavirales;Phycodnaviridae
k141_1937543	6182	No terminal repeats	NA	8	15	0.9468	NA	0	3.2946	Viruses;Duplodnaviria;Heunggongvirae;Uroviricota;Caudoviricetes;;
k141_1877843	4724	No terminal repeats	NA	10	11	0.9468	NA	1	3.9897	Viruses;Duplodnaviria;Heunggongvirae;Uroviricota;Caudoviricetes;;
k141_721549	5843	No terminal repeats	NA	9	11	0.9466	NA	0	13.7463	Viruses;Duplodnaviria;Heunggongvirae;Uroviricota;Caudoviricetes;;Kyanoviridae
k141_1128688	9342	No terminal repeats	NA	11	11	0.9463	NA	1	14.7901	Viruses;Duplodnaviria;Heunggongvirae;Uroviricota;Caudoviricetes;;Kyanoviridae
k141_838812	4014	No terminal repeats	NA	5	11	0.9461	NA	0	3.3711	Viruses;Duplodnaviria;Heunggongvirae;Uroviricota;Caudoviricetes;;Kyanoviridae
k141_717847	4404	No terminal repeats	NA	5	11	0.9454	NA	0	1.5242	Unclassified
k141_1073450	6565	No terminal repeats	NA	7	11	0.9453	NA	1	11.9671	Viruses;Duplodnaviria;Heunggongvirae;Uroviricota;Caudoviricetes;;
k141_1573646	6385	No terminal repeats	NA	9	11	0.9451	NA	0	1.7183	Unclassified
k141_520252	5265	No terminal repeats	NA	11	11	0.9447	NA	0	4.4634	Viruses;Duplodnaviria;Heunggongvirae;Uroviricota;Caudoviricetes;;
k141_1217734	4203	No terminal repeats	NA	6	11	0.9447	NA	0	3.1838	Viruses;Duplodnaviria;Heunggongvirae;Uroviricota;Caudoviricetes;;
k141_456644	4304	No terminal repeats	NA	6	11	0.9444	NA	1	3.4296	Viruses;Varidnaviria;Bamfordvirae;Nucleocytoviricota;Megaviricetes;Imitervirales;Schizomimiviridae
k141_1767220	3131	No terminal repeats	NA	6	11	0.9444	NA	1	6.5907	Viruses;Duplodnaviria;Heunggongvirae;Uroviricota;Caudoviricetes;;
k141_642485	4552	No terminal repeats	NA	5	11	0.9443	NA	0	3.4366	Viruses;Varidnaviria;Bamfordvirae;Nucleocytoviricota;Megaviricetes;Algavirales;Phycodnaviridae
k141_1551992	3903	No terminal repeats	NA	7	11	0.9442	NA	0	6.5655	Viruses;Duplodnaviria;Heunggongvirae;Uroviricota;Caudoviricetes;;
k141_250821	9091	No terminal repeats	NA	9	11	0.9437	NA	1	4.6277	Viruses;Duplodnaviria;Heunggongvirae;Uroviricota;Caudoviricetes;;
k141_106263	6775	No terminal repeats	NA	5	11	0.9430	NA	0	6.4189	Viruses;Duplodnaviria;Heunggongvirae;Uroviricota;Caudoviricetes;;Kyanoviridae
k141_707593	4085	No terminal repeats	NA	6	11	0.9429	NA	0	7.5319	Viruses;Duplodnaviria;Heunggongvirae;Uroviricota;Caudoviricetes;;
k141_1177976	3523	No terminal repeats	NA	6	11	0.9422	NA	0	8.3863	Viruses;Duplodnaviria;Heunggongvirae;Uroviricota;Caudoviricetes;;
k141_443924	5777	No terminal repeats	NA	10	11	0.9422	NA	1	11.5332	Viruses;Duplodnaviria;Heunggongvirae;Uroviricota;Caudoviricetes;;
k141_1356603	3003	No terminal repeats	NA	5	11	0.9420	NA	0	6.0701	Viruses;Duplodnaviria;Heunggongvirae;Uroviricota;Caudoviricetes;;
k141_1122874	9105	No terminal repeats	NA	25	11	0.9416	NA	1	8.4208	Unclassified
k141_1666711	8366	No terminal repeats	NA	10	11	0.9416	NA	0	1.5455	Viruses;Varidnaviria;Bamfordvirae;Nucleocytoviricota;Megaviricetes;Imitervirales;
k141_1121628	9745	No terminal repeats	NA	12	11	0.9414	NA	0	5.0732	Viruses;Varidnaviria;Bamfordvirae;Nucleocytoviricota;Megaviricetes;Imitervirales;Mimiviridae
k141_1337022	5822	No terminal repeats	NA	14	11	0.9413	NA	0	5.5133	Viruses;Duplodnaviria;Heunggongvirae;Uroviricota;Caudoviricetes;;
k141_577320	9253	No terminal repeats	NA	14	11	0.9413	NA	0	11.3409	Viruses;Duplodnaviria;Heunggongvirae;Uroviricota;Caudoviricetes;;Kyanoviridae
k141_1675035	5208	No terminal repeats	NA	6	11	0.9405	NA	0	1.8972	Viruses;Duplodnaviria;Heunggongvirae;Uroviricota;Caudoviricetes;;
k141_927809	5744	No terminal repeats	NA	11	11	0.9401	NA	0	3.4147	Viruses;Duplodnaviria;Heunggongvirae;Uroviricota;Caudoviricetes;;
k141_246334	6430	No terminal repeats	NA	5	11	0.9400	NA	0	1.1165	Viruses;Duplodnaviria;Heunggongvirae;Uroviricota;Caudoviricetes;;Casjensviridae
k141_500125	7086	No terminal repeats	NA	21	11	0.9399	NA	0	8.1667	Viruses;Duplodnaviria;Heunggongvirae;Uroviricota;Caudoviricetes;;
k141_825101	5267	No terminal repeats	NA	11	11	0.9397	NA	0	2.7022	Unclassified
k141_562479	3556	No terminal repeats	NA	6	11	0.9395	NA	2	6.4971	Viruses;Duplodnaviria;Heunggongvirae;Uroviricota;Caudoviricetes;;Autographiviridae
k141_1446597	6236	No terminal repeats	NA	9	11	0.9393	NA	0	3.4366	Viruses;Duplodnaviria;Heunggongvirae;Uroviricota;Caudoviricetes;;
k141_124431	3770	No terminal repeats	NA	5	11	0.9388	NA	1	6.8731	Viruses;Duplodnaviria;Heunggongvirae;Uroviricota;Caudoviricetes;;Kyanoviridae
k141_1877337	3938	No terminal repeats	NA	6	11	0.9386	NA	2	7.4814	Viruses;Duplodnaviria;Heunggongvirae;Uroviricota;Caudoviricetes;;
k141_1680277	4387	No terminal repeats	NA	13	11	0.9385	NA	0	10.3097	Viruses;Duplodnaviria;Heunggongvirae;Uroviricota;Caudoviricetes;;
k141_757528	4794	No terminal repeats	NA	10	11	0.9384	NA	0	8.3411	Viruses;Duplodnaviria;Heunggongvirae;Uroviricota;Caudoviricetes;;
k141_637432	9964	No terminal repeats	NA	21	11	0.9383	NA	0	8.4921	Viruses;Duplodnaviria;Heunggongvirae;Uroviricota;Caudoviricetes;;
k141_1693	9644	No terminal repeats	NA	10	11	0.9380	NA	1	5.1548	Viruses;Duplodnaviria;Heunggongvirae;Uroviricota;Caudoviricetes;;
k141_826438	4676	No terminal repeats	NA	7	11	0.9378	NA	0	5.8730	Viruses;Duplodnaviria;Heunggongvirae;Uroviricota;Caudoviricetes;;
k141_1140357	4201	No terminal repeats	NA	6	11	0.9378	NA	0	6.9326	Viruses;Duplodnaviria;Heunggongvirae;Uroviricota;Caudoviricetes;;
k141_720217	3640	No terminal repeats	NA	11	11	0.9378	NA	0	4.3224	Viruses;Duplodnaviria;Heunggongvirae;Uroviricota;Caudoviricetes;;
k141_1483784	5529	No terminal repeats	NA	6	11	0.9373	NA	0	1.7183	Unclassified
k141_927131	9655	No terminal repeats	NA	26	11	0.9370	NA	0	7.6520	Viruses;Duplodnaviria;Heunggongvirae;Uroviricota;Caudoviricetes;;
k141_1355957	3513	No terminal repeats	NA	5	11	0.9364	NA	0	1.7162	Viruses;Varidnaviria;Bamfordvirae;Nucleocytoviricota;Megaviricetes;Imitervirales;Mimiviridae
k141_1430978	5988	No terminal repeats	NA	9	11	0.9363	NA	0	1.7183	Viruses;Varidnaviria;Bamfordvirae;Nucleocytoviricota;Megaviricetes;Imitervirales;Mimiviridae
k141_230196	6061	No terminal repeats	NA	6	11	0.9359	NA	1	1.7183	Unclassified
k141_1675816	4180	No terminal repeats	NA	6	11	0.9359	NA	0	4.3743	Viruses;Duplodnaviria;Heunggongvirae;Uroviricota;Caudoviricetes;;
k141_977825	7216	No terminal repeats	NA	11	11	0.9353	NA	0	2.8930	Viruses;Duplodnaviria;Heunggongvirae;Uroviricota;Caudoviricetes;;Kyanoviridae
k141_1358936	4342	No terminal repeats	NA	8	11	0.9347	NA	0	4.9842	Viruses;Duplodnaviria;Heunggongvirae;Uroviricota;Caudoviricetes;;
k141_1122462	5721	No terminal repeats	NA	5	11	0.9345	NA	0	2.8930	Viruses;Duplodnaviria;Heunggongvirae;Uroviricota;Caudoviricetes;;Kyanoviridae
k141_1842226	3778	No terminal repeats	NA	5	11	0.9345	NA	2	4.6870	Viruses;Duplodnaviria;Heunggongvirae;Uroviricota;Caudoviricetes;;
k141_1061274	6215	No terminal repeats	NA	5	11	0.9341	NA	0	1.7130	Viruses;Duplodnaviria;Heunggongvirae;Uroviricota;Caudoviricetes;;
k141_1016137	4970	No terminal repeats	NA	19	11	0.9338	NA	1	17.1828	Viruses;Duplodnaviria;Heunggongvirae;Uroviricota;Caudoviricetes;;Kyanoviridae
k141_628769	4648	No terminal repeats	NA	5	11	0.9337	NA	0	1.7183	Unclassified
k141_915681	4033	No terminal repeats	NA	7	11	0.9336	NA	0	3.4366	Viruses;Duplodnaviria;Heunggongvirae;Uroviricota;Caudoviricetes;;
k141_1759958	7599	No terminal repeats	NA	8	11	0.9334	NA	1	4.3458	Viruses;Duplodnaviria;Heunggongvirae;Uroviricota;Caudoviricetes;;
k141_1114086	4864	No terminal repeats	NA	6	11	0.9332	NA	0	8.5914	Viruses;Duplodnaviria;Heunggongvirae;Uroviricota;Caudoviricetes;;
k141_260093	4743	No terminal repeats	NA	7	11	0.9329	NA	7	9.7384	Viruses;Duplodnaviria;Heunggongvirae;Uroviricota;Caudoviricetes;;
k141_1937360	9956	No terminal repeats	NA	14	11	0.9328	NA	5	11.1151	Viruses;Duplodnaviria;Heunggongvirae;Uroviricota;Caudoviricetes;;
k141_966783	5633	No terminal repeats	NA	10	11	0.9323	NA	0	4.3839	Viruses;Duplodnaviria;Heunggongvirae;Uroviricota;Caudoviricetes;;
k141_1709678	5031	No terminal repeats	NA	8	11	0.9322	NA	0	3.4366	Viruses;Varidnaviria;Bamfordvirae;Nucleocytoviricota;Megaviricetes;Imitervirales;
k141_915109	5985	No terminal repeats	NA	15	11	0.9321	NA	0	0.6955	Viruses;Duplodnaviria;Heunggongvirae;Uroviricota;Caudoviricetes;;
k141_1007784	3953	No terminal repeats	NA	8	11	0.9320	NA	0	3.3777	Viruses;Duplodnaviria;Heunggongvirae;Uroviricota;Caudoviricetes;;
k141_255574	6291	No terminal repeats	NA	6	11	0.9320	NA	1	10.3097	Viruses;Duplodnaviria;Heunggongvirae;Uroviricota;Caudoviricetes;;
k141_1555494	4345	No terminal repeats	NA	5	11	0.9316	NA	0	3.4225	Viruses;Duplodnaviria;Heunggongvirae;Uroviricota;Caudoviricetes;;
k141_838878	4333	No terminal repeats	NA	8	11	0.9314	NA	0	5.1548	Viruses;Duplodnaviria;Heunggongvirae;Uroviricota;Caudoviricetes;;
k141_1576921	4570	No terminal repeats	NA	12	11	0.9312	NA	0	1.7163	Viruses;Duplodnaviria;Heunggongvirae;Uroviricota;Caudoviricetes;;
k141_460744	3577	No terminal repeats	NA	6	11	0.9312	NA	0	1.7183	Viruses;Duplodnaviria;Heunggongvirae;Uroviricota;Caudoviricetes;;
k141_591843	3791	No terminal repeats	NA	5	11	0.9309	NA	0	3.9434	Viruses;Duplodnaviria;Heunggongvirae;Uroviricota;Caudoviricetes;;
k141_1010501	5375	No terminal repeats	NA	5	11	0.9308	NA	0	1.7183	Viruses;Varidnaviria;Bamfordvirae;Preplasmiviricota;Maveriviricetes;Priklausovirales;
k141_1613704	5142	No terminal repeats	NA	6	11	0.9301	NA	0	5.0780	Viruses;Duplodnaviria;Heunggongvirae;Uroviricota;Caudoviricetes;;
k141_644497	4261	No terminal repeats	NA	8	11	0.9297	NA	0	1.2289	Viruses;Duplodnaviria;Heunggongvirae;Uroviricota;Caudoviricetes;;
k141_121628	8542	No terminal repeats	NA	10	11	0.9295	NA	0	4.5529	Viruses;Duplodnaviria;Heunggongvirae;Uroviricota;Caudoviricetes;;
k141_494977	9041	No terminal repeats	NA	12	11	0.9294	NA	0	11.7641	Viruses;Duplodnaviria;Heunggongvirae;Uroviricota;Caudoviricetes;;
k141_406170	5551	No terminal repeats	NA	8	11	0.9287	NA	1	5.1548	Unclassified
k141_1271459	7082	No terminal repeats	NA	14	11	0.9283	NA	0	4.4799	Viruses;Duplodnaviria;Heunggongvirae;Uroviricota;Caudoviricetes;;
k141_945077	6648	No terminal repeats	NA	16	11	0.9279	NA	1	13.4792	Viruses;Duplodnaviria;Heunggongvirae;Uroviricota;Caudoviricetes;;
k141_645438	4743	No terminal repeats	NA	5	11	0.9275	NA	1	6.6629	Viruses;Duplodnaviria;Heunggongvirae;Uroviricota;Caudoviricetes;;
k141_1101890	3681	No terminal repeats	NA	5	11	0.9275	NA	0	4.7279	Viruses;Duplodnaviria;Heunggongvirae;Uroviricota;Caudoviricetes;;
k141_75274	4281	No terminal repeats	NA	8	11	0.9275	NA	0	3.3822	Viruses;Duplodnaviria;Heunggongvirae;Uroviricota;Caudoviricetes;;
k141_852093	5736	No terminal repeats	NA	6	11	0.9266	NA	0	6.5672	Viruses;Duplodnaviria;Heunggongvirae;Uroviricota;Caudoviricetes;;
k141_972451	9403	No terminal repeats	NA	11	11	0.9264	NA	0	0.0000	Unclassified
k141_560515	5133	No terminal repeats	NA	14	11	0.9263	NA	0	5.4063	Viruses;Duplodnaviria;Heunggongvirae;Uroviricota;Caudoviricetes;;
k141_1048078	5296	No terminal repeats	NA	6	11	0.9259	NA	0	1.7183	Viruses;Duplodnaviria;Heunggongvirae;Uroviricota;Caudoviricetes;;
k141_114355	4284	No terminal repeats	NA	7	11	0.9253	NA	0	1.7183	Viruses;Varidnaviria;Bamfordvirae;Nucleocytoviricota;Megaviricetes;Imitervirales;Mimiviridae
k141_1244211|provirus_2_5560	5559	No terminal repeats	NA	8	11	0.9252	NA	1	8.1236	Viruses;Duplodnaviria;Heunggongvirae;Uroviricota;Caudoviricetes;;
k141_304615	4576	No terminal repeats	NA	6	11	0.9246	NA	3	10.3097	Viruses;Duplodnaviria;Heunggongvirae;Uroviricota;Caudoviricetes;;
k141_1806086	4241	No terminal repeats	NA	7	11	0.9246	NA	1	5.5020	Viruses;Duplodnaviria;Heunggongvirae;Uroviricota;Caudoviricetes;;
k141_1254823	4805	No terminal repeats	NA	13	11	0.9243	NA	0	9.7257	Viruses;Duplodnaviria;Heunggongvirae;Uroviricota;Caudoviricetes;;
k141_15930	4803	No terminal repeats	NA	7	11	0.9243	NA	0	1.4542	Viruses;Duplodnaviria;Heunggongvirae;Uroviricota;Caudoviricetes;;
k141_227591	5524	No terminal repeats	NA	8	11	0.9242	NA	0	4.3648	Viruses;Duplodnaviria;Heunggongvirae;Uroviricota;Caudoviricetes;;
k141_1486521	3746	No terminal repeats	NA	10	11	0.9242	NA	1	11.1957	Viruses;Varidnaviria;Bamfordvirae;Nucleocytoviricota;Megaviricetes;Algavirales;Phycodnaviridae
k141_1617563	2410	No terminal repeats	NA	3	11	0.9241	NA	1	2.7140	Viruses;Duplodnaviria;Heunggongvirae;Uroviricota;Caudoviricetes;;
k141_936580	7082	No terminal repeats	NA	10	11	0.9240	NA	0	3.1928	Viruses;Duplodnaviria;Heunggongvirae;Uroviricota;Caudoviricetes;;
k141_1470192	4831	No terminal repeats	NA	7	11	0.9236	NA	1	6.7239	Viruses;Duplodnaviria;Heunggongvirae;Uroviricota;Caudoviricetes;;
k141_744111	7370	No terminal repeats	NA	12	11	0.9233	NA	0	4.6954	Viruses;Duplodnaviria;Heunggongvirae;Uroviricota;Caudoviricetes;;
k141_1093420	4761	No terminal repeats	NA	5	11	0.9233	NA	0	3.4366	Viruses;Varidnaviria;Bamfordvirae;Nucleocytoviricota;Megaviricetes;Imitervirales;
k141_1003549	3572	No terminal repeats	NA	6	11	0.9231	NA	0	4.0716	Viruses;Duplodnaviria;Heunggongvirae;Uroviricota;Caudoviricetes;;
k141_632383	3865	No terminal repeats	NA	9	11	0.9231	NA	0	5.0048	Viruses;Duplodnaviria;Heunggongvirae;Uroviricota;Caudoviricetes;;Kyanoviridae
k141_128405	6672	No terminal repeats	NA	5	11	0.9225	NA	0	1.7183	Viruses;Varidnaviria;Bamfordvirae;Nucleocytoviricota;Megaviricetes;Imitervirales;Mimiviridae
k141_215457	7141	No terminal repeats	NA	12	11	0.9225	NA	2	10.2697	Viruses;Duplodnaviria;Heunggongvirae;Uroviricota;Caudoviricetes;;
k141_1732151	3715	No terminal repeats	NA	13	11	0.9220	NA	0	1.8439	Viruses;Duplodnaviria;Heunggongvirae;Uroviricota;Caudoviricetes;;Herelleviridae
k141_1680157	3830	No terminal repeats	NA	12	11	0.9218	NA	1	9.4766	Viruses;Duplodnaviria;Heunggongvirae;Uroviricota;Caudoviricetes;;
k141_708265	9562	No terminal repeats	NA	19	11	0.9217	NA	0	8.1385	Viruses;Duplodnaviria;Heunggongvirae;Uroviricota;Caudoviricetes;;
k141_860715	5921	No terminal repeats	NA	7	11	0.9216	NA	0	2.9929	Viruses;Duplodnaviria;Heunggongvirae;Uroviricota;Caudoviricetes;;
k141_1664305	3598	No terminal repeats	NA	7	11	0.9205	NA	0	3.9757	Viruses;Duplodnaviria;Heunggongvirae;Uroviricota;Caudoviricetes;;
k141_909075	3858	No terminal repeats	NA	8	11	0.9200	NA	0	1.7129	Viruses;Duplodnaviria;Heunggongvirae;Uroviricota;Caudoviricetes;;
k141_781386	1980	No terminal repeats	NA	2	11	0.9190	NA	2	2.4531	Viruses;Duplodnaviria;Heunggongvirae;Uroviricota;Caudoviricetes;;
k141_1194362	4141	No terminal repeats	NA	7	11	0.9188	NA	1	2.6825	Viruses;Duplodnaviria;Heunggongvirae;Uroviricota;Caudoviricetes;;
k141_1594736	6825	No terminal repeats	NA	13	11	0.9187	NA	1	10.8512	Viruses;Duplodnaviria;Heunggongvirae;Uroviricota;Caudoviricetes;;
k141_1903433	4208	No terminal repeats	NA	6	11	0.9182	NA	1	3.3561	Viruses;Duplodnaviria;Heunggongvirae;Uroviricota;Caudoviricetes;;
k141_284837	7480	No terminal repeats	NA	9	11	0.9178	NA	0	3.4366	Viruses;Duplodnaviria;Heunggongvirae;Uroviricota;Caudoviricetes;;
k141_1923135	4141	No terminal repeats	NA	9	11	0.9158	NA	1	3.8859	Viruses;Duplodnaviria;Heunggongvirae;Uroviricota;Caudoviricetes;;
k141_1038376	7439	No terminal repeats	NA	8	11	0.9153	NA	0	11.8657	Viruses;Duplodnaviria;Heunggongvirae;Uroviricota;Caudoviricetes;;
k141_718463	7832	No terminal repeats	NA	20	11	0.9152	NA	0	5.3691	Viruses;Duplodnaviria;Heunggongvirae;Uroviricota;Caudoviricetes;;
k141_242596	8228	No terminal repeats	NA	21	11	0.9149	NA	0	2.3393	Viruses;Duplodnaviria;Heunggongvirae;Uroviricota;Caudoviricetes;;
k141_1694939	3626	No terminal repeats	NA	5	11	0.9149	NA	1	5.1514	Viruses;Duplodnaviria;Heunggongvirae;Uroviricota;Caudoviricetes;;
k141_1673201	5170	No terminal repeats	NA	7	11	0.9141	NA	0	1.7183	Viruses;Duplodnaviria;Heunggongvirae;Uroviricota;Caudoviricetes;;
k141_654071	3946	No terminal repeats	NA	8	11	0.9136	NA	0	8.0785	Viruses;Duplodnaviria;Heunggongvirae;Uroviricota;Caudoviricetes;;
k141_1763488	1503	No terminal repeats	NA	1	11	0.9135	NA	1	1.2334	Viruses;Duplodnaviria;Heunggongvirae;Uroviricota;Caudoviricetes;;
k141_1290892	3980	No terminal repeats	NA	11	11	0.9134	NA	0	2.2483	Viruses;Duplodnaviria;Heunggongvirae;Uroviricota;Caudoviricetes;;
k141_461045	4289	No terminal repeats	NA	7	11	0.9134	NA	0	11.7336	Viruses;Duplodnaviria;Heunggongvirae;Uroviricota;Caudoviricetes;;Kyanoviridae
k141_1238063	3937	No terminal repeats	NA	8	11	0.9130	NA	0	6.4940	Viruses;Duplodnaviria;Heunggongvirae;Uroviricota;Caudoviricetes;;
k141_1284889	4147	No terminal repeats	NA	11	11	0.9128	NA	0	4.5020	Viruses;Duplodnaviria;Heunggongvirae;Uroviricota;Caudoviricetes;;
k141_865026	7026	No terminal repeats	NA	9	11	0.9126	NA	3	11.8731	Viruses;Duplodnaviria;Heunggongvirae;Uroviricota;Caudoviricetes;;
k141_1198520	3524	No terminal repeats	NA	7	11	0.9120	NA	0	12.0280	Viruses;Duplodnaviria;Heunggongvirae;Uroviricota;Caudoviricetes;;Kyanoviridae
k141_1515036	7660	No terminal repeats	NA	16	11	0.9120	NA	0	4.7330	Viruses;Duplodnaviria;Heunggongvirae;Uroviricota;Caudoviricetes;;
k141_839096	4397	No terminal repeats	NA	5	11	0.9119	NA	2	5.0820	Viruses;Duplodnaviria;Heunggongvirae;Uroviricota;Caudoviricetes;;Kyanoviridae
k141_1235833	161729	No terminal repeats	NA	193	11	0.9084	NA	22	204.5931	Viruses;Duplodnaviria;Heunggongvirae;Uroviricota;Caudoviricetes;;
k141_1334159	5559	No terminal repeats	NA	9	11	0.9083	NA	1	5.6955	Viruses;Duplodnaviria;Heunggongvirae;Uroviricota;Caudoviricetes;;
k141_1111504	5626	No terminal repeats	NA	6	11	0.9079	NA	1	1.7062	Viruses;Duplodnaviria;Heunggongvirae;Uroviricota;Caudoviricetes;;
k141_45912	3775	No terminal repeats	NA	8	11	0.9077	NA	0	3.4366	Viruses;Duplodnaviria;Heunggongvirae;Uroviricota;Caudoviricetes;;
k141_713694	7205	No terminal repeats	NA	13	11	0.9073	NA	1	11.7083	Viruses;Duplodnaviria;Heunggongvirae;Uroviricota;Caudoviricetes;;
k141_44102	4503	No terminal repeats	NA	9	11	0.9068	NA	0	3.0032	Viruses;Duplodnaviria;Heunggongvirae;Uroviricota;Caudoviricetes;;Vilmaviridae
k141_211699	9489	No terminal repeats	NA	22	11	0.9049	NA	0	5.2574	Viruses;Duplodnaviria;Heunggongvirae;Uroviricota;Caudoviricetes;;
k141_400347	7772	No terminal repeats	NA	16	11	0.9034	NA	3	22.3377	Viruses;Duplodnaviria;Heunggongvirae;Uroviricota;Caudoviricetes;;
k141_1123490	4442	No terminal repeats	NA	7	11	0.9021	NA	0	12.0280	Viruses;Duplodnaviria;Heunggongvirae;Uroviricota;Caudoviricetes;;Kyanoviridae
k141_1937660	6793	No terminal repeats	NA	14	11	0.9009	NA	0	8.3468	Viruses;Duplodnaviria;Heunggongvirae;Uroviricota;Caudoviricetes;;Straboviridae
k141_1227212	7301	No terminal repeats	NA	9	11	0.8993	NA	0	6.8731	Viruses;Varidnaviria;Bamfordvirae;Nucleocytoviricota;Megaviricetes;Imitervirales;
k141_1507288	3708	No terminal repeats	NA	3	11	0.8988	NA	0	1.7183	Viruses;Varidnaviria;Bamfordvirae;Nucleocytoviricota;Megaviricetes;Pimascovirales;Iridoviridae
k141_1656341	3724	No terminal repeats	NA	5	11	0.8986	NA	0	6.3918	Viruses;Varidnaviria;Bamfordvirae;Nucleocytoviricota;Megaviricetes;Algavirales;Phycodnaviridae
k141_959371	3755	No terminal repeats	NA	5	11	0.8965	NA	0	1.7151	Viruses;Duplodnaviria;Heunggongvirae;Uroviricota;Caudoviricetes;;
k141_1679142	6452	No terminal repeats	NA	10	11	0.8962	NA	2	9.6321	Viruses;Varidnaviria;Bamfordvirae;Nucleocytoviricota;Megaviricetes;Imitervirales;Allomimiviridae
k141_1073382	4498	No terminal repeats	NA	9	11	0.8955	NA	0	1.7183	Viruses;Duplodnaviria;Heunggongvirae;Uroviricota;Caudoviricetes;;
k141_27019	5675	No terminal repeats	NA	6	11	0.8955	NA	0	0.0000	Unclassified
k141_625693	4140	No terminal repeats	NA	5	11	0.8947	NA	0	3.4366	Viruses;Duplodnaviria;Heunggongvirae;Uroviricota;Caudoviricetes;;
k141_307380	6093	No terminal repeats	NA	5	11	0.8941	NA	0	1.5269	Viruses;Varidnaviria;Bamfordvirae;Nucleocytoviricota;Pokkesviricetes;Chitovirales;Poxviridae
k141_990666	3532	No terminal repeats	NA	7	11	0.8939	NA	2	5.1548	Viruses;Varidnaviria;Bamfordvirae;Nucleocytoviricota;Megaviricetes;Imitervirales;
k141_929717	4206	No terminal repeats	NA	8	11	0.8933	NA	0	3.0356	Viruses;Varidnaviria;Bamfordvirae;Nucleocytoviricota;Megaviricetes;Algavirales;Phycodnaviridae
k141_1189428	4355	No terminal repeats	NA	11	11	0.8927	NA	0	6.7944	Viruses;Duplodnaviria;Heunggongvirae;Uroviricota;Caudoviricetes;;
k141_1421050	4053	No terminal repeats	NA	5	11	0.8922	NA	0	0.0000	Unclassified
k141_1505605	7793	No terminal repeats	NA	7	11	0.8889	NA	0	1.7183	Unclassified
k141_1131823	9305	No terminal repeats	NA	10	11	0.8883	NA	2	8.8243	Viruses;Duplodnaviria;Heunggongvirae;Uroviricota;Caudoviricetes;;
k141_565817	3918	No terminal repeats	NA	6	11	0.8871	NA	0	2.2989	Viruses;Duplodnaviria;Heunggongvirae;Uroviricota;Caudoviricetes;;
k141_1528578	5466	No terminal repeats	NA	6	11	0.8871	NA	0	3.4366	Viruses;Varidnaviria;Bamfordvirae;Nucleocytoviricota;Pokkesviricetes;Chitovirales;Poxviridae
k141_1125880	3687	No terminal repeats	NA	7	11	0.8844	NA	1	10.2880	Viruses;Duplodnaviria;Heunggongvirae;Uroviricota;Caudoviricetes;;
k141_1461556	9319	No terminal repeats	NA	8	11	0.8836	NA	1	1.7183	Viruses;Varidnaviria;Bamfordvirae;Nucleocytoviricota;Megaviricetes;Imitervirales;
k141_1661418	3954	No terminal repeats	NA	6	11	0.8835	NA	1	8.5745	Viruses;Duplodnaviria;Heunggongvirae;Uroviricota;Caudoviricetes;;
k141_764355	8867	No terminal repeats	NA	16	11	0.8831	NA	0	1.0133	Viruses;Duplodnaviria;Heunggongvirae;Uroviricota;Caudoviricetes;;
k141_1217416	3025	No terminal repeats	NA	3	11	0.8827	NA	1	1.7133	Viruses;Duplodnaviria;Heunggongvirae;Uroviricota;Caudoviricetes;Crassvirales;
k141_294711	6345	No terminal repeats	NA	13	11	0.8804	NA	0	5.1382	Viruses;Duplodnaviria;Heunggongvirae;Uroviricota;Caudoviricetes;;
k141_1522011	4757	No terminal repeats	NA	7	11	0.8791	NA	0	1.7183	Viruses;Varidnaviria;Bamfordvirae;Nucleocytoviricota;Megaviricetes;Imitervirales;Mimiviridae
k141_1594680	3554	No terminal repeats	NA	10	11	0.8788	NA	0	3.4366	Viruses;Duplodnaviria;Heunggongvirae;Uroviricota;Caudoviricetes;;
k141_428586	4367	No terminal repeats	NA	7	11	0.8782	NA	2	8.4970	Viruses;Duplodnaviria;Heunggongvirae;Uroviricota;Caudoviricetes;;
k141_1317386	5883	No terminal repeats	NA	10	11	0.8767	NA	0	1.7183	Viruses;Duplodnaviria;Heunggongvirae;Uroviricota;Caudoviricetes;;
k141_459702	4624	No terminal repeats	NA	5	11	0.8763	NA	1	3.4366	Viruses;Varidnaviria;Bamfordvirae;Nucleocytoviricota;Megaviricetes;Algavirales;Phycodnaviridae
k141_276364	8096	No terminal repeats	NA	16	11	0.8755	NA	0	6.2782	Viruses;Duplodnaviria;Heunggongvirae;Uroviricota;Caudoviricetes;;
k141_1879644	6343	No terminal repeats	NA	6	11	0.8749	NA	2	4.5669	Viruses;Duplodnaviria;Heunggongvirae;Uroviricota;Caudoviricetes;;
k141_1650336	9779	No terminal repeats	NA	15	11	0.8740	NA	0	5.0990	Viruses;Duplodnaviria;Heunggongvirae;Uroviricota;Caudoviricetes;;
k141_784997	5463	No terminal repeats	NA	12	11	0.8732	NA	0	3.4351	Viruses;Duplodnaviria;Heunggongvirae;Uroviricota;Caudoviricetes;;
k141_1061487	4101	No terminal repeats	NA	4	11	0.8729	NA	0	1.7130	Viruses;Duplodnaviria;Heunggongvirae;Uroviricota;Caudoviricetes;;
k141_135269	7472	No terminal repeats	NA	5	11	0.8716	NA	4	6.0255	Viruses;Duplodnaviria;Heunggongvirae;Uroviricota;Caudoviricetes;;
k141_1285605	4357	No terminal repeats	NA	7	11	0.8712	NA	0	1.4551	Viruses;Varidnaviria;Bamfordvirae;Nucleocytoviricota;Megaviricetes;Algavirales;Phycodnaviridae
k141_292079	4394	No terminal repeats	NA	7	11	0.8707	NA	0	4.7519	Viruses;Varidnaviria;Bamfordvirae;Nucleocytoviricota;Megaviricetes;Algavirales;Phycodnaviridae
k141_1698705	3893	No terminal repeats	NA	5	11	0.8681	NA	0	1.7121	Viruses;Varidnaviria;Bamfordvirae;Nucleocytoviricota;Megaviricetes;Imitervirales;Mimiviridae
k141_78614	3845	No terminal repeats	NA	7	11	0.8660	NA	0	1.7183	Viruses;Duplodnaviria;Heunggongvirae;Uroviricota;Caudoviricetes;;
k141_711444	3803	No terminal repeats	NA	5	11	0.8644	NA	0	0.0000	Unclassified
k141_794040	4679	No terminal repeats	NA	6	11	0.8641	NA	0	1.7183	Unclassified
k141_1093761	3830	No terminal repeats	NA	6	11	0.8635	NA	1	1.5046	Viruses;Varidnaviria;Bamfordvirae;Nucleocytoviricota;Megaviricetes;Imitervirales;
k141_263619	3963	No terminal repeats	NA	6	11	0.8625	NA	0	1.4551	Viruses;Varidnaviria;Bamfordvirae;Nucleocytoviricota;Megaviricetes;Algavirales;Phycodnaviridae
k141_1717993	4134	No terminal repeats	NA	7	11	0.8613	NA	0	0.0000	Unclassified
k141_1121164	3978	No terminal repeats	NA	7	11	0.8594	NA	1	9.2477	Viruses;Duplodnaviria;Heunggongvirae;Uroviricota;Caudoviricetes;;
k141_13323	6861	No terminal repeats	NA	8	11	0.8592	NA	0	1.7183	Viruses;Varidnaviria;Bamfordvirae;Nucleocytoviricota;Megaviricetes;Algavirales;Phycodnaviridae
k141_1258422	6342	No terminal repeats	NA	8	11	0.8581	NA	0	0.0000	Unclassified
k141_1856466	9702	No terminal repeats	NA	8	11	0.8577	NA	0	0.0000	Unclassified
k141_94996	3736	No terminal repeats	NA	7	11	0.8566	NA	0	4.3566	Viruses;Duplodnaviria;Heunggongvirae;Uroviricota;Caudoviricetes;;
k141_1254347	6697	No terminal repeats	NA	14	11	0.8559	NA	1	7.9417	Viruses;Duplodnaviria;Heunggongvirae;Uroviricota;Caudoviricetes;;
k141_355032	4496	No terminal repeats	NA	8	11	0.8528	NA	1	2.7962	Viruses;Duplodnaviria;Heunggongvirae;Uroviricota;Caudoviricetes;;
k141_833895	5044	No terminal repeats	NA	13	11	0.8528	NA	0	3.9553	Viruses;Duplodnaviria;Heunggongvirae;Uroviricota;Caudoviricetes;;
k141_1229829	3592	No terminal repeats	NA	3	11	0.8513	NA	0	1.7183	Viruses;Varidnaviria;Bamfordvirae;Nucleocytoviricota;Megaviricetes;Algavirales;Phycodnaviridae
k141_1696775	6839	No terminal repeats	NA	16	11	0.8511	NA	0	9.2313	Viruses;Duplodnaviria;Heunggongvirae;Uroviricota;Caudoviricetes;Crassvirales;
k141_1307344	5534	No terminal repeats	NA	5	11	0.8502	NA	1	1.7183	Viruses;Varidnaviria;Bamfordvirae;Nucleocytoviricota;Megaviricetes;Imitervirales;Mimiviridae
k141_1113836	5180	No terminal repeats	NA	6	11	0.8490	NA	1	2.9925	Viruses;Duplodnaviria;Heunggongvirae;Uroviricota;Caudoviricetes;;
k141_154524	4079	No terminal repeats	NA	5	11	0.8481	NA	0	2.5208	Viruses;Duplodnaviria;Heunggongvirae;Uroviricota;Caudoviricetes;;Kyanoviridae
k141_1364346	4299	No terminal repeats	NA	5	11	0.8479	NA	0	0.0000	Unclassified
k141_931825	4231	No terminal repeats	NA	7	11	0.8464	NA	0	3.1467	Viruses;Duplodnaviria;Heunggongvirae;Uroviricota;Caudoviricetes;;Kyanoviridae
k141_999693	6915	No terminal repeats	NA	7	11	0.8459	NA	0	1.7183	Unclassified
k141_1850403	4166	No terminal repeats	NA	6	11	0.8447	NA	0	1.7183	Viruses;Varidnaviria;Bamfordvirae;Nucleocytoviricota;Megaviricetes;;
k141_949570	3710	No terminal repeats	NA	5	11	0.8425	NA	0	1.7162	Viruses;Varidnaviria;Bamfordvirae;Nucleocytoviricota;Megaviricetes;Imitervirales;Mimiviridae
k141_1784415	5210	No terminal repeats	NA	8	11	0.8420	NA	3	6.3005	Viruses;Duplodnaviria;Heunggongvirae;Uroviricota;Caudoviricetes;;
k141_59688	3923	No terminal repeats	NA	5	11	0.8412	NA	0	0.0000	Unclassified
k141_527344	4169	No terminal repeats	NA	6	11	0.8403	NA	0	4.7939	Viruses;Varidnaviria;Bamfordvirae;Nucleocytoviricota;Megaviricetes;Algavirales;Phycodnaviridae
k141_1234405	5040	No terminal repeats	NA	5	11	0.8346	NA	0	1.2905	Viruses;Duplodnaviria;Heunggongvirae;Uroviricota;Caudoviricetes;;
k141_1925498	3640	No terminal repeats	NA	9	11	0.8340	NA	0	1.3796	Viruses;Duplodnaviria;Heunggongvirae;Uroviricota;Caudoviricetes;;
k141_1196874	4851	No terminal repeats	NA	6	11	0.8323	NA	0	1.7183	Unclassified
k141_1966398	6787	DTR	NA	13	11	0.8311	NA	1	4.6072	Viruses;Duplodnaviria;Heunggongvirae;Uroviricota;Caudoviricetes;;
k141_1288558	5497	No terminal repeats	NA	7	11	0.8299	NA	0	4.5396	Viruses;Duplodnaviria;Heunggongvirae;Uroviricota;Caudoviricetes;;Autographiviridae
k141_552078	3672	No terminal repeats	NA	6	11	0.8246	NA	0	3.3718	Viruses;Duplodnaviria;Heunggongvirae;Uroviricota;Caudoviricetes;;
k141_1211150	3804	No terminal repeats	NA	9	11	0.8243	NA	0	2.9798	Viruses;Duplodnaviria;Heunggongvirae;Uroviricota;Caudoviricetes;;
k141_881926	4529	No terminal repeats	NA	12	11	0.8236	NA	1	2.6573	Viruses;Duplodnaviria;Heunggongvirae;Uroviricota;Caudoviricetes;;
k141_342507	5968	No terminal repeats	NA	11	11	0.8236	NA	2	15.3034	Viruses;Duplodnaviria;Heunggongvirae;Uroviricota;Caudoviricetes;;Kyanoviridae
k141_1598546	9182	No terminal repeats	NA	19	11	0.8175	NA	1	1.4822	Viruses;Duplodnaviria;Heunggongvirae;Uroviricota;Caudoviricetes;;
k141_1517841	4420	No terminal repeats	NA	13	11	0.8170	NA	0	3.0455	Viruses;Duplodnaviria;Heunggongvirae;Uroviricota;Caudoviricetes;;
k141_626526	6520	DTR	NA	7	11	0.8164	NA	0	2.5837	Viruses;Duplodnaviria;Heunggongvirae;Uroviricota;Caudoviricetes;;
k141_1538487	7048	No terminal repeats	NA	6	11	0.8162	NA	0	0.0000	Unclassified
k141_1966118	4190	No terminal repeats	NA	6	11	0.8158	NA	0	0.8042	Unclassified
k141_108580	6351	No terminal repeats	NA	5	11	0.8151	NA	0	2.9849	Viruses;Duplodnaviria;Heunggongvirae;Uroviricota;Caudoviricetes;;
k141_1807557	5297	No terminal repeats	NA	6	11	0.8143	NA	0	1.7183	Viruses;Varidnaviria;Bamfordvirae;Nucleocytoviricota;Megaviricetes;Imitervirales;Mimiviridae
k141_1698874	5586	No terminal repeats	NA	5	11	0.8078	NA	0	3.4114	Viruses;Varidnaviria;Bamfordvirae;Nucleocytoviricota;Pokkesviricetes;Chitovirales;Poxviridae
k141_541273	4854	No terminal repeats	NA	5	11	0.8043	NA	0	1.7183	Viruses;Varidnaviria;Bamfordvirae;Nucleocytoviricota;Megaviricetes;Algavirales;Phycodnaviridae
k141_1020261	3706	No terminal repeats	NA	8	11	0.8013	NA	0	0.0000	Unclassified
k141_781893	5782	No terminal repeats	NA	6	11	0.7964	NA	0	4.9109	Viruses;Duplodnaviria;Heunggongvirae;Uroviricota;Caudoviricetes;;
k141_1532988	5596	No terminal repeats	NA	8	11	0.7846	NA	2	13.7463	Viruses;Duplodnaviria;Heunggongvirae;Uroviricota;Caudoviricetes;;
k141_235380	9156	No terminal repeats	NA	14	11	0.7817	NA	0	5.9285	Viruses;Duplodnaviria;Heunggongvirae;Uroviricota;Caudoviricetes;;
k141_1878352	5181	No terminal repeats	NA	5	11	0.7814	NA	0	1.7052	Unclassified
k141_1363578	8331	No terminal repeats	NA	9	11	0.7811	NA	0	6.2588	Viruses;Varidnaviria;Bamfordvirae;Nucleocytoviricota;;;
k141_122686	7428	No terminal repeats	NA	11	11	0.7810	NA	0	0.0000	Unclassified
k141_1243099	5798	No terminal repeats	NA	7	11	0.7762	NA	1	2.6632	Viruses;Duplodnaviria;Heunggongvirae;Uroviricota;Caudoviricetes;;
k141_552194	4037	No terminal repeats	NA	5	11	0.7752	NA	1	2.3238	Viruses;Duplodnaviria;Heunggongvirae;Uroviricota;Caudoviricetes;;
k141_4682	4709	No terminal repeats	NA	7	11	0.7746	NA	0	2.3228	Viruses;Duplodnaviria;Heunggongvirae;Uroviricota;Caudoviricetes;;
k141_968489	3812	No terminal repeats	NA	5	11	0.7711	NA	0	1.7183	Viruses;Varidnaviria;Bamfordvirae;Nucleocytoviricota;Megaviricetes;Imitervirales;
k141_647626	4860	No terminal repeats	NA	11	11	0.7655	NA	0	11.3272	Viruses;Duplodnaviria;Heunggongvirae;Uroviricota;Caudoviricetes;;
k141_865663	4922	No terminal repeats	NA	9	11	0.7610	NA	0	4.4032	Viruses;Duplodnaviria;Heunggongvirae;Uroviricota;Caudoviricetes;;
k141_1131329	4219	No terminal repeats	NA	5	11	0.7606	NA	0	2.3300	Viruses;Duplodnaviria;Heunggongvirae;Uroviricota;Caudoviricetes;;
k141_519733	3509	No terminal repeats	NA	7	11	0.7602	NA	1	5.4541	Viruses;Duplodnaviria;Heunggongvirae;Uroviricota;Caudoviricetes;;
k141_1561551	3658	No terminal repeats	NA	6	11	0.7520	NA	1	1.2352	Viruses;Duplodnaviria;Heunggongvirae;Uroviricota;Caudoviricetes;;
k141_1873703	4171	No terminal repeats	NA	10	11	0.7518	NA	0	3.4215	Viruses;Duplodnaviria;Heunggongvirae;Uroviricota;Caudoviricetes;;
k141_809800	3917	No terminal repeats	NA	5	11	0.7473	NA	0	0.7239	Viruses;Duplodnaviria;Heunggongvirae;Uroviricota;Caudoviricetes;;
k141_1457375	4450	No terminal repeats	NA	5	11	0.7448	NA	0	1.6931	Viruses;Duplodnaviria;Heunggongvirae;Uroviricota;Caudoviricetes;;
k141_501508	7173	No terminal repeats	NA	5	11	0.7392	NA	0	1.3392	Viruses;Duplodnaviria;Heunggongvirae;Uroviricota;Caudoviricetes;;Straboviridae
k141_1336530	7573	No terminal repeats	NA	7	11	0.7364	NA	1	3.0236	Viruses;Varidnaviria;Bamfordvirae;Nucleocytoviricota;Megaviricetes;Imitervirales;Mimiviridae
k141_1091300	4440	No terminal repeats	NA	8	11	0.7340	NA	0	4.9614	Viruses;Duplodnaviria;Heunggongvirae;Uroviricota;Caudoviricetes;;
k141_437956	5124	No terminal repeats	NA	10	11	0.7330	NA	0	2.2707	Viruses;Duplodnaviria;Heunggongvirae;Uroviricota;Caudoviricetes;;
k141_1132488	6382	No terminal repeats	NA	7	11	0.7234	NA	0	4.1247	Viruses;Duplodnaviria;Heunggongvirae;Uroviricota;Caudoviricetes;;
k141_1335039	7189	No terminal repeats	NA	7	11	0.7159	NA	0	4.8267	Viruses;Varidnaviria;Bamfordvirae;Nucleocytoviricota;Megaviricetes;Imitervirales;
k141_1173939	4653	No terminal repeats	NA	9	11	0.7064	NA	1	4.7837	Viruses;Duplodnaviria;Heunggongvirae;Uroviricota;Caudoviricetes;;Kyanoviridae
k141_280084	3564	No terminal repeats	NA	4	11	0.7060	NA	0	1.2596	Viruses;Duplodnaviria;Heunggongvirae;Uroviricota;Caudoviricetes;;Kyanoviridae
k141_193035	4662	No terminal repeats	NA	5	11	0.7005	NA	1	1.0259	Viruses;Duplodnaviria;Heunggongvirae;Uroviricota;Caudoviricetes;;
