Virus,Host genome,Host taxonomy,Main method,Confidence score,Additional methods
WATLvirus_00000026,RS_GCF_014873705.1,d__Bacteria;p__Actinomycetota;c__Actinomycetia;o__Mycobacteriales;f__Mycobacteriaceae;g__Mycobacterium;s__Mycobacterium sp014873705,iPHoP-RF,90.80,None
WATLvirus_00000027,GB_GCA_913055845.1,d__Bacteria;p__Bacteroidota;c__Rhodothermia;o__Rhodothermales;f__Salinibacteraceae;g__Salinibacter;s__Salinibacter sp913055845,blast,92.80,iPHoP-RF;69.50
WATLvirus_00000027,GB_GCA_002894665.1,d__Bacteria;p__Bacteroidota;c__Rhodothermia;o__Rhodothermales;f__Salinibacteraceae;g__Salinibacter;s__Salinibacter iranicus,blast,92.10,iPHoP-RF;66.30
WATLvirus_00000027,GB_GCA_002894685.1,d__Bacteria;p__Bacteroidota;c__Rhodothermia;o__Rhodothermales;f__Salinibacteraceae;g__Salinibacter;s__Salinibacter luteus,blast,91.80,iPHoP-RF;68.90
WATLvirus_00000027,RS_GCF_000013045.1,d__Bacteria;p__Bacteroidota;c__Rhodothermia;o__Rhodothermales;f__Salinibacteraceae;g__Salinibacter;s__Salinibacter ruber,blast,90.70,iPHoP-RF;63.00
WATLvirus_00000027,GB_GCA_018609755.1,d__Bacteria;p__Bacteroidota;c__Rhodothermia;o__Rhodothermales;f__Salinibacteraceae;g__Salinibacter;s__Salinibacter sp018609755,blast,90.40,iPHoP-RF;60.90
WATLvirus_00000051,RS_GCF_024218775.1,d__Archaea;p__Halobacteriota;c__Halobacteria;o__Halobacteriales;f__Haloarculaceae;g__Halomicroarcula;s__Halomicroarcula sp024218775,blast,91.10,iPHoP-RF;71.90
WATLvirus_00002631,GB_GCA_903914175.1,d__Bacteria;p__Pseudomonadota;c__Gammaproteobacteria;o__Burkholderiales;f__Burkholderiaceae_B;g__Rhodoferax;s__Rhodoferax sp903914175,iPHoP-RF,95.10,None
WATLvirus_00002631,GB_GCA_903896425.1,d__Bacteria;p__Pseudomonadota;c__Gammaproteobacteria;o__Burkholderiales;f__Burkholderiaceae_B;g__Rhodoferax;s__Rhodoferax sp903896425,iPHoP-RF,94.10,None
WATLvirus_00002631,GB_GCA_003133245.1,d__Bacteria;p__Pseudomonadota;c__Gammaproteobacteria;o__Burkholderiales;f__Burkholderiaceae_B;g__Rhodoferax;s__Rhodoferax sp003133245,iPHoP-RF,92.10,None
WATLvirus_00002631,GB_GCA_903906695.1,d__Bacteria;p__Pseudomonadota;c__Gammaproteobacteria;o__Burkholderiales;f__Burkholderiaceae_B;g__Rhodoferax;s__Rhodoferax sp903906695,iPHoP-RF,92.10,None
WATLvirus_00002631,GB_GCA_903875275.1,d__Bacteria;p__Pseudomonadota;c__Gammaproteobacteria;o__Burkholderiales;f__Burkholderiaceae_B;g__Rhodoferax;s__Rhodoferax sp903875275,iPHoP-RF,91.40,None
WATLvirus_00002651,GB_GCA_012999515.1,d__Bacteria;p__Pseudomonadota;c__Gammaproteobacteria;o__Nevskiales;f__Salinisphaeraceae;g__Salifodinibacter;s__Salifodinibacter halophilus,blast,97.80,iPHoP-RF;66.30
WATLvirus_00004241,RS_GCF_000590475.1,d__Bacteria;p__Pseudomonadota;c__Gammaproteobacteria;o__Pseudomonadales;f__Pseudomonadaceae;g__Stutzerimonas;s__Stutzerimonas stutzeri_D,iPHoP-RF,90.80,None
WATLvirus_00004241,RS_GCF_002890895.1,d__Bacteria;p__Pseudomonadota;c__Gammaproteobacteria;o__Pseudomonadales;f__Pseudomonadaceae;g__Stutzerimonas;s__Stutzerimonas stutzeri_AB,iPHoP-RF,90.50,None
WATLvirus_00004241,RS_GCF_003325755.1,d__Bacteria;p__Pseudomonadota;c__Gammaproteobacteria;o__Pseudomonadales;f__Pseudomonadaceae;g__Stutzerimonas;s__Stutzerimonas sp003325755,iPHoP-RF,90.10,None
WATLvirus_00006144,GB_GCA_003158855.1,d__Bacteria;p__Actinomycetota;c__Acidimicrobiia;o__Acidimicrobiales;f__RAAP-2;g__RAAP-2;s__RAAP-2 sp003158855,iPHoP-RF,93.10,None
WATLvirus_00006144,GB_GCA_003132165.1,d__Bacteria;p__Actinomycetota;c__Acidimicrobiia;o__Acidimicrobiales;f__RAAP-2;g__RAAP-2;s__RAAP-2 sp003132165,iPHoP-RF,92.80,None
WATLvirus_00007570,GB_GCA_004213835.1,d__Bacteria;p__Pseudomonadota;c__Gammaproteobacteria;o__Pseudomonadales;f__HTCC2089;g__UBA4421;s__UBA4421 sp004213835,iPHoP-RF,91.80,None
WATLvirus_00007606,GB_GCA_904378095.1,d__Bacteria;p__Bacillota_A;c__Clostridia;o__TANB77;f__CAG-508;g__CAG-273;s__CAG-273 sp904378095,iPHoP-RF,90.10,None
WATLvirus_00007639,GB_GCA_021199255.1,d__Bacteria;p__Bacillota_A;c__Clostridia;o__Lachnospirales;f__Lachnospiraceae;g__UBA3282;s__UBA3282 sp021199255,iPHoP-RF,90.10,None
WATLvirus_00007662,GB_GCA_020638295.1,d__Bacteria;p__Pseudomonadota;c__Alphaproteobacteria;o__Micavibrionales;f__Micavibrionaceae;g__TMED27;s__TMED27 sp020638295,blast,92.30,None
WATLvirus_00007702,GB_GCA_002425415.1,d__Bacteria;p__Pseudomonadota;c__Alphaproteobacteria;o__Micavibrionales;f__Micavibrionaceae;g__UBA1573;s__UBA1573 sp002425415,blast,93.20,iPHoP-RF;67.30
WATLvirus_00007702,GB_GCA_023898765.1,d__Bacteria;p__Pseudomonadota;c__Alphaproteobacteria;o__Micavibrionales;f__Micavibrionaceae;g__G023898765;s__G023898765 sp023898765,blast,92.00,iPHoP-RF;68.90
WATLvirus_00012545,GB_GCA_024742835.1,d__Bacteria;p__Pseudomonadota;c__Alphaproteobacteria;o__Rhodobacterales;f__Rhodobacteraceae;g__Roseovarius;s__Roseovarius sp024742835,blast,92.60,iPHoP-RF;73.90
WATLvirus_00012545,GB_GCA_002421985.1,d__Bacteria;p__Pseudomonadota;c__Alphaproteobacteria;o__Rhodobacterales;f__Rhodobacteraceae;g__Roseovarius;s__Roseovarius sp002421985,blast,92.00,iPHoP-RF;61.70
WATLvirus_00012545,GB_GCA_002720475.1,d__Bacteria;p__Pseudomonadota;c__Alphaproteobacteria;o__Rhodobacterales;f__Rhodobacteraceae;g__Roseovarius;s__Roseovarius sp002720475,blast,92.00,iPHoP-RF;68.60
WATLvirus_00012545,GB_GCA_002783205.1,d__Bacteria;p__Pseudomonadota;c__Alphaproteobacteria;o__Rhodobacterales;f__Rhodobacteraceae;g__Roseovarius;s__Roseovarius sp002783205,blast,92.00,iPHoP-RF;78.00
WATLvirus_00012545,RS_GCF_000152845.1,d__Bacteria;p__Pseudomonadota;c__Alphaproteobacteria;o__Rhodobacterales;f__Rhodobacteraceae;g__Roseovarius;s__Roseovarius sp000152845,blast,92.00,iPHoP-RF;69.30
WATLvirus_00012545,RS_GCF_003072125.1,d__Bacteria;p__Pseudomonadota;c__Alphaproteobacteria;o__Rhodobacterales;f__Rhodobacteraceae;g__Roseovarius;s__Roseovarius sediminicola,blast,92.00,None
WATLvirus_00012545,RS_GCF_900110775.1,d__Bacteria;p__Pseudomonadota;c__Alphaproteobacteria;o__Rhodobacterales;f__Rhodobacteraceae;g__Litorimicrobium;s__Litorimicrobium taeanense,blast,92.00,iPHoP-RF;53.80
WATLvirus_00012545,RS_GCF_900156535.1,d__Bacteria;p__Pseudomonadota;c__Alphaproteobacteria;o__Rhodobacterales;f__Rhodobacteraceae;g__Roseovarius;s__Roseovarius nanhaiticus,blast,92.00,None
WATLvirus_00012545,GB_GCA_024742655.1,d__Bacteria;p__Pseudomonadota;c__Alphaproteobacteria;o__Rhodobacterales;f__Rhodobacteraceae;g__Roseovarius;s__Roseovarius sp024742655,blast,91.90,iPHoP-RF;88.50
WATLvirus_00012545,GB_GCA_913055965.1,d__Bacteria;p__Pseudomonadota;c__Alphaproteobacteria;o__Rhodobacterales;f__Rhodobacteraceae;g__Roseovarius;s__Roseovarius sp913055965,blast,91.90,None
WATLvirus_00012545,RS_GCF_001441615.1,d__Bacteria;p__Pseudomonadota;c__Alphaproteobacteria;o__Rhodobacterales;f__Rhodobacteraceae;g__Roseovarius;s__Roseovarius atlanticus,blast,91.90,None
WATLvirus_00012545,RS_GCF_003344785.1,d__Bacteria;p__Pseudomonadota;c__Alphaproteobacteria;o__Rhodobacterales;f__Rhodobacteraceae;g__Puniceibacterium;s__Puniceibacterium profundi,blast,91.90,None
WATLvirus_00012545,RS_GCF_004799325.1,d__Bacteria;p__Pseudomonadota;c__Alphaproteobacteria;o__Rhodobacterales;f__Rhodobacteraceae;g__Thalassobius;s__Thalassobius vesicularis,blast,91.90,None
WATLvirus_00012545,GB_GCA_023260815.1,d__Bacteria;p__Pseudomonadota;c__Alphaproteobacteria;o__Rhodobacterales;f__Rhodobacteraceae;g__Roseovarius;s__Roseovarius sp023260815,blast,91.70,iPHoP-RF;64.30
WATLvirus_00012545,RS_GCF_003260265.1,d__Bacteria;p__Pseudomonadota;c__Alphaproteobacteria;o__Rhodobacterales;f__Rhodobacteraceae;g__Roseovarius;s__Roseovarius amoyensis,blast,91.70,None
WATLvirus_00012545,RS_GCF_011601345.1,d__Bacteria;p__Pseudomonadota;c__Alphaproteobacteria;o__Rhodobacterales;f__Rhodobacteraceae;g__Roseovarius;s__Roseovarius gahaiensis,blast,91.70,iPHoP-RF;78.30
WATLvirus_00012545,RS_GCF_900109455.1,d__Bacteria;p__Pseudomonadota;c__Alphaproteobacteria;o__Rhodobacterales;f__Rhodobacteraceae;g__Roseovarius;s__Roseovarius azorensis,blast,91.70,iPHoP-RF;61.40
WATLvirus_00012545,RS_GCF_004761875.1,d__Bacteria;p__Pseudomonadota;c__Alphaproteobacteria;o__Rhodobacterales;f__Rhodobacteraceae;g__Roseovarius;s__Roseovarius aestuariivivens,blast,91.40,iPHoP-RF;71.70
WATLvirus_00012598,RS_GCF_001404675.1,d__Bacteria;p__Bacillota_A;c__Clostridia;o__Lachnospirales;f__Lachnospiraceae;g__Coprococcus;s__Coprococcus eutactus_A,CRISPR,94.70,None
WATLvirus_00012598,RS_GCF_003461625.1,d__Bacteria;p__Bacillota_A;c__Clostridia;o__Lachnospirales;f__Lachnospiraceae;g__Coprococcus;s__Coprococcus sp900066115,CRISPR,92.20,None
WATLvirus_00012623,RS_GCF_023703375.1,d__Bacteria;p__Pseudomonadota;c__Alphaproteobacteria;o__Rhodobacterales;f__Rhodobacteraceae;g__Lutimaribacter;s__Lutimaribacter sp023703375,blast,96.00,iPHoP-RF;74.60
WATLvirus_00012637,GB_GCA_018401055.1,d__Bacteria;p__Pseudomonadota;c__Alphaproteobacteria;o__Rhodobacterales;f__Rhodobacteraceae;g__Roseicyclus;s__Roseicyclus sp018401055,blast,93.10,None
WATLvirus_00012648,GB_GCA_024637375.1,d__Bacteria;p__Pseudomonadota;c__Alphaproteobacteria;o__Rhodobacterales;f__Rhodobacteraceae;g__Sediminimonas;s__Sediminimonas sp024637375,blast,91.70,iPHoP-RF;59.00
WATLvirus_00012650,RS_GCF_004022265.1,d__Bacteria;p__Pseudomonadota;c__Alphaproteobacteria;o__Rhodobacterales;f__Rhodobacteraceae;g__Paenirhodobacter;s__Paenirhodobacter ferrireducens,blast,93.70,iPHoP-RF;74.60
WATLvirus_00012650,RS_GCF_004343505.1,d__Bacteria;p__Pseudomonadota;c__Alphaproteobacteria;o__Rhodobacterales;f__Rhodobacteraceae;g__Rhodovulum;s__Rhodovulum bhavnagarense,blast,91.20,iPHoP-RF;78.30
WATLvirus_00012656,RS_GCF_001612615.1,d__Bacteria;p__Actinomycetota;c__Actinomycetia;o__Mycobacteriales;f__Mycobacteriaceae;g__Nocardia;s__Nocardia amikacinitolerans,iPHoP-RF,91.10,None
WATLvirus_00012656,RS_GCF_001613365.1,d__Bacteria;p__Actinomycetota;c__Actinomycetia;o__Mycobacteriales;f__Mycobacteriaceae;g__Nocardia;s__Nocardia xishanensis,iPHoP-RF,90.80,None
WATLvirus_00012656,RS_GCF_006716565.1,d__Bacteria;p__Actinomycetota;c__Actinomycetia;o__Mycobacteriales;f__Mycobacteriaceae;g__Nocardia;s__Nocardia bhagyanarayanae,iPHoP-RF,90.10,None
WATLvirus_00012657,RS_GCF_003148775.1,d__Bacteria;p__Pseudomonadota;c__Alphaproteobacteria;o__Rhodobacterales;f__Rhodobacteraceae;g__Roseicyclus;s__Roseicyclus mahoneyensis,blast,93.00,None
WATLvirus_00012658,GB_GCA_913061505.1,d__Bacteria;p__Pseudomonadota;c__Alphaproteobacteria;o__Rhodobacterales;f__Rhodobacteraceae;g__CAJXSO01;s__CAJXSO01 sp913061505,blast,94.10,iPHoP-RF;71.10
WATLvirus_00012668,GB_GCA_024644865.1,d__Bacteria;p__Actinomycetota;c__Actinomycetia;o__Actinomycetales;f__Microbacteriaceae;g__CAIOLM01;s__CAIOLM01 sp024644865,iPHoP-RF,90.80,None
WATLvirus_00012673,RS_GCF_900172355.1,d__Bacteria;p__Pseudomonadota;c__Alphaproteobacteria;o__Rhodobacterales;f__Rhodobacteraceae;g__Oceanicola;s__Oceanicola antarcticus_A,blast,92.00,None
WATLvirus_00012697,GB_GCA_016278285.1,d__Bacteria;p__Pseudomonadota;c__Alphaproteobacteria;o__Rhodobacterales;f__Rhodobacteraceae;g__JADQCB01;s__JADQCB01 sp016278285,blast,96.50,iPHoP-RF;69.50
WATLvirus_00017563,3300026986_6,d__Archaea;p__Halobacteriota;c__Halobacteria;o__Halobacteriales;f__Haloferacaceae;g__Haloplanus;s__,blast,91.10,iPHoP-RF;57.30
WATLvirus_00017584,GB_GCA_025150425.1,d__Bacteria;p__Bacillota_A;c__Clostridia;o__Oscillospirales;f__Ruminococcaceae;g__Ruminiclostridium_E;s__Ruminiclostridium_E siraeum,CRISPR,98.00,None
WATLvirus_00017590,GB_GCA_913055765.1,d__Bacteria;p__Pseudomonadota;c__Gammaproteobacteria;o__Nitrococcales;f__Halorhodospiraceae;g__Halorhodospira;s__Halorhodospira sp913055765,blast,91.10,iPHoP-RF;68.00
WATLvirus_00017618,RS_GCF_900100655.1,d__Bacteria;p__Pseudomonadota;c__Alphaproteobacteria;o__Kiloniellales;f__Rhodovibrionaceae;g__Limimonas;s__Limimonas halophila,blast,93.20,None
WATLvirus_00017624,RS_GCF_012933505.1,d__Bacteria;p__Actinomycetota;c__Actinomycetia;o__Mycobacteriales;f__Mycobacteriaceae;g__Gordonia;s__Gordonia asplenii,iPHoP-RF,93.70,None
WATLvirus_00017624,RS_GCF_000248075.1,d__Bacteria;p__Actinomycetota;c__Actinomycetia;o__Mycobacteriales;f__Mycobacteriaceae;g__Gordonia;s__Gordonia otitidis,iPHoP-RF,90.50,None
WATLvirus_00017650,GB_GCA_913055765.1,d__Bacteria;p__Pseudomonadota;c__Gammaproteobacteria;o__Nitrococcales;f__Halorhodospiraceae;g__Halorhodospira;s__Halorhodospira sp913055765,blast,93.80,None
WATLvirus_00019942,GB_GCA_002842265.1,d__Bacteria;p__Pseudomonadota;c__Gammaproteobacteria;o__Burkholderiales;f__Burkholderiaceae_B;g__Rhodoferax;s__Rhodoferax sp002842265,iPHoP-RF,90.80,None
WATLvirus_00019942,GB_GCA_002413825.1,d__Bacteria;p__Pseudomonadota;c__Gammaproteobacteria;o__Burkholderiales;f__Burkholderiaceae_B;g__Rhodoferax;s__Rhodoferax sp002413825,iPHoP-RF,90.10,None
WATLvirus_00020004,RS_GCF_003324675.1,d__Bacteria;p__Pseudomonadota;c__Alphaproteobacteria;o__Rhodobacterales;f__Rhodobacteraceae;g__Paracoccus;s__Paracoccus suum,blast,91.50,iPHoP-RF;53.00
WATLvirus_00020011,RS_GCF_002706375.1,d__Bacteria;p__Bacillota;c__Bacilli;o__Lactobacillales;f__Lactobacillaceae;g__Lactobacillus;s__Lactobacillus amylovorus,iPHoP-RF,96.10,None
WATLvirus_00020011,RS_GCF_001436305.1,d__Bacteria;p__Bacillota;c__Bacilli;o__Lactobacillales;f__Lactobacillaceae;g__Lactobacillus;s__Lactobacillus ultunensis,iPHoP-RF,95.40,None
WATLvirus_00020011,GB_GCA_018883635.1,d__Bacteria;p__Bacillota;c__Bacilli;o__Lactobacillales;f__Lactobacillaceae;g__Lactobacillus;s__Lactobacillus pullistercoris,iPHoP-RF,94.70,None
WATLvirus_00020011,RS_GCF_000178475.1,d__Bacteria;p__Bacillota;c__Bacilli;o__Lactobacillales;f__Lactobacillaceae;g__Lactobacillus;s__Lactobacillus amylolyticus,iPHoP-RF,94.70,None
WATLvirus_00020011,RS_GCF_000615285.1,d__Bacteria;p__Bacillota;c__Bacilli;o__Lactobacillales;f__Lactobacillaceae;g__Lactobacillus;s__Lactobacillus kitasatonis,iPHoP-RF,94.70,None
WATLvirus_00020011,RS_GCF_001434975.1,d__Bacteria;p__Bacillota;c__Bacilli;o__Lactobacillales;f__Lactobacillaceae;g__Lactobacillus;s__Lactobacillus gallinarum,iPHoP-RF,94.40,None
WATLvirus_00020020,RS_GCF_900101865.1,d__Bacteria;p__Pseudomonadota;c__Alphaproteobacteria;o__Rhodobacterales;f__Rhodobacteraceae;g__Paracoccus;s__Paracoccus isoporae,blast,92.10,None
WATLvirus_00020020,GB_GCA_022763305.1,d__Bacteria;p__Pseudomonadota;c__Alphaproteobacteria;o__Rhodobacterales;f__Rhodobacteraceae;g__Marivita;s__Marivita sp022763305,blast,90.90,iPHoP-RF;76.40
WATLvirus_00020020,RS_GCF_002072155.1,d__Bacteria;p__Pseudomonadota;c__Alphaproteobacteria;o__Rhodobacterales;f__Rhodobacteraceae;g__Roseovarius;s__Roseovarius sp002072155,blast,90.00,None
WATLvirus_00020020,RS_GCF_900182725.1,d__Bacteria;p__Pseudomonadota;c__Alphaproteobacteria;o__Rhodobacterales;f__Rhodobacteraceae;g__Thalassobius;s__Thalassobius litoralis,blast,90.00,None
WATLvirus_00020031,RS_GCF_002094885.1,d__Bacteria;p__Pseudomonadota;c__Alphaproteobacteria;o__Rhodobacterales;f__Rhodobacteraceae;g__Salibaculum;s__Salibaculum halophilum,blast,91.70,None
WATLvirus_00020031,GB_GCA_002783205.1,d__Bacteria;p__Pseudomonadota;c__Alphaproteobacteria;o__Rhodobacterales;f__Rhodobacteraceae;g__Roseovarius;s__Roseovarius sp002783205,blast,91.10,None
WATLvirus_00020033,RS_GCF_021405525.1,d__Bacteria;p__Pseudomonadota;c__Alphaproteobacteria;o__Rhodobacterales;f__Rhodobacteraceae;g__Ruegeria_B;s__Ruegeria_B pomeroyi_A,blast,92.80,iPHoP-RF;71.70
WATLvirus_00020033,GB_GCA_021404545.1,d__Bacteria;p__Pseudomonadota;c__Alphaproteobacteria;o__Rhodobacterales;f__Rhodobacteraceae;g__Aestuariivita;s__Aestuariivita sp021404545,blast,92.30,iPHoP-RF;67.30
WATLvirus_00020033,GB_GCA_001314705.1,d__Bacteria;p__Pseudomonadota;c__Alphaproteobacteria;o__Rhodobacterales;f__Rhodobacteraceae;g__Aquicoccus;s__Aquicoccus sp001314705,blast,92.00,None
WATLvirus_00020033,RS_GCF_900109145.1,d__Bacteria;p__Pseudomonadota;c__Alphaproteobacteria;o__Rhodobacterales;f__Rhodobacteraceae;g__Marinovum;s__Marinovum algicola,blast,91.90,iPHoP-RF;52.20
WATLvirus_00020033,RS_GCF_002222635.1,d__Bacteria;p__Pseudomonadota;c__Alphaproteobacteria;o__Rhodobacterales;f__Rhodobacteraceae;g__Pseudosulfitobacter;s__Pseudosulfitobacter pseudonitzschiae_A,blast,90.90,iPHoP-RF;57.90
WATLvirus_00020047,RS_GCF_023757625.1,d__Bacteria;p__Pseudomonadota;c__Gammaproteobacteria;o__Pseudomonadales;f__Halomonadaceae;g__Halomonas;s__Halomonas sp023757625,iPHoP-RF,95.10,None
WATLvirus_00020047,RS_GCF_013415105.1,d__Bacteria;p__Pseudomonadota;c__Gammaproteobacteria;o__Pseudomonadales;f__Halomonadaceae;g__Halomonas;s__Halomonas salicampi,iPHoP-RF,91.40,None
WATLvirus_00020062,RS_GCF_001050475.1,d__Bacteria;p__Bacillota;c__Bacilli;o__Lactobacillales;f__Lactobacillaceae;g__Companilactobacillus;s__Companilactobacillus ginsenosidimutans,iPHoP-RF,94.70,None
WATLvirus_00020062,RS_GCF_003946015.1,d__Bacteria;p__Bacillota;c__Bacilli;o__Lactobacillales;f__Lactobacillaceae;g__Companilactobacillus;s__Companilactobacillus insicii,iPHoP-RF,94.40,None
WATLvirus_00020062,RS_GCF_022835675.1,d__Bacteria;p__Bacillota;c__Bacilli;o__Lactobacillales;f__Lactobacillaceae;g__BQUT01;s__BQUT01 sp022835675,iPHoP-RF,94.40,None
WATLvirus_00020062,RS_GCF_003946575.1,d__Bacteria;p__Bacillota;c__Bacilli;o__Lactobacillales;f__Lactobacillaceae;g__Companilactobacillus;s__Companilactobacillus jidongensis,iPHoP-RF,94.10,None
WATLvirus_00020062,GB_GCA_022484265.1,d__Bacteria;p__Bacillota;c__Bacilli;o__Lactobacillales;f__Lactobacillaceae;g__Companilactobacillus;s__Companilactobacillus sp022484265,iPHoP-RF,92.80,None
WATLvirus_00020063,RS_GCF_018224955.1,d__Bacteria;p__Pseudomonadota;c__Alphaproteobacteria;o__Rhodobacterales;f__Rhodobacteraceae;g__Aestuariicoccus;s__Aestuariicoccus sp018224955,blast,93.60,iPHoP-RF;70.90
WATLvirus_00020063,RS_GCF_900107235.1,d__Bacteria;p__Pseudomonadota;c__Alphaproteobacteria;o__Rhodobacterales;f__Rhodobacteraceae;g__Citreimonas;s__Citreimonas salinaria,blast,93.10,iPHoP-RF;78.00
WATLvirus_00020063,RS_GCF_003667315.2,d__Bacteria;p__Pseudomonadota;c__Alphaproteobacteria;o__Rhodobacterales;f__Rhodobacteraceae;g__Tropicibacter;s__Tropicibacter sp003667315,blast,92.10,iPHoP-RF;76.40
WATLvirus_00020063,RS_GCF_900184945.1,d__Bacteria;p__Pseudomonadota;c__Alphaproteobacteria;o__Rhodobacterales;f__Rhodobacteraceae;g__Maliponia;s__Maliponia aquimaris,blast,92.10,iPHoP-RF;72.60
WATLvirus_00020063,RS_GCF_900188425.1,d__Bacteria;p__Pseudomonadota;c__Alphaproteobacteria;o__Rhodobacterales;f__Rhodobacteraceae;g__Antarctobacter;s__Antarctobacter heliothermus,blast,92.10,iPHoP-RF;72.40
WATLvirus_00020063,GB_GCA_017255395.1,d__Bacteria;p__Pseudomonadota;c__Alphaproteobacteria;o__Rhodobacterales;f__Rhodobacteraceae;g__AWRV01;s__AWRV01 sp017255395,blast,92.00,iPHoP-RF;77.50
WATLvirus_00020063,RS_GCF_016806125.1,d__Bacteria;p__Pseudomonadota;c__Alphaproteobacteria;o__Rhodobacterales;f__Rhodobacteraceae;g__AWRV01;s__AWRV01 sp000504185,blast,91.80,iPHoP-RF;78.00
WATLvirus_00020063,RS_GCF_001482405.1,d__Bacteria;p__Pseudomonadota;c__Alphaproteobacteria;o__Rhodobacterales;f__Rhodobacteraceae;g__Ponticoccus;s__Ponticoccus marisrubri,blast,91.70,iPHoP-RF;78.50
WATLvirus_00020063,RS_GCF_003054175.1,d__Bacteria;p__Pseudomonadota;c__Alphaproteobacteria;o__Rhodobacterales;f__Rhodobacteraceae;g__Allosediminivita;s__Allosediminivita pacifica,blast,91.70,iPHoP-RF;68.40
WATLvirus_00020063,RS_GCF_019104745.1,d__Bacteria;p__Pseudomonadota;c__Alphaproteobacteria;o__Rhodobacterales;f__Rhodobacteraceae;g__CAU-1522;s__CAU-1522 sp019104745,blast,91.60,iPHoP-RF;57.30
WATLvirus_00020063,RS_GCF_020667845.1,d__Bacteria;p__Pseudomonadota;c__Alphaproteobacteria;o__Rhodobacterales;f__Rhodobacteraceae;g__JAFMPQ01;s__JAFMPQ01 sp020667845,blast,91.60,iPHoP-RF;64.80
WATLvirus_00020063,RS_GCF_019966535.1,d__Bacteria;p__Pseudomonadota;c__Alphaproteobacteria;o__Rhodobacterales;f__Rhodobacteraceae;g__Mesobacterium;s__Mesobacterium pallidum,blast,90.40,None
WATLvirus_00020077,RS_GCF_900473965.1,d__Bacteria;p__Cyanobacteriota;c__Cyanobacteriia;o__PCC-6307;f__Cyanobiaceae;g__Synechococcus_C;s__Synechococcus_C sp900473965,iPHoP-RF,94.70,None
WATLvirus_00020077,GB_GCA_003210775.1,d__Bacteria;p__Cyanobacteriota;c__Cyanobacteriia;o__PCC-6307;f__Cyanobiaceae;g__Synechococcus_C;s__Synechococcus_C sp003210775,iPHoP-RF,94.40,None
WATLvirus_00020077,RS_GCF_014279975.1,d__Bacteria;p__Cyanobacteriota;c__Cyanobacteriia;o__PCC-6307;f__Cyanobiaceae;g__Synechococcus_C;s__Synechococcus_C sp014279975,iPHoP-RF,94.10,None
WATLvirus_00020077,GB_GCA_003211205.1,d__Bacteria;p__Cyanobacteriota;c__Cyanobacteriia;o__PCC-6307;f__Cyanobiaceae;g__Synechococcus_C;s__Synechococcus_C sp003211205,iPHoP-RF,91.80,None
WATLvirus_00020077,RS_GCF_014304815.1,d__Bacteria;p__Cyanobacteriota;c__Cyanobacteriia;o__PCC-6307;f__Cyanobiaceae;g__Synechococcus_C;s__Synechococcus_C sp001632165,iPHoP-RF,91.80,None
WATLvirus_00020077,GB_GCA_003211275.1,d__Bacteria;p__Cyanobacteriota;c__Cyanobacteriia;o__PCC-6307;f__Cyanobiaceae;g__Synechococcus_C;s__Synechococcus_C sp003209155,iPHoP-RF,91.40,None
WATLvirus_00020077,RS_GCF_014279995.1,d__Bacteria;p__Cyanobacteriota;c__Cyanobacteriia;o__PCC-6307;f__Cyanobiaceae;g__Synechococcus_C;s__Synechococcus_C sp001631935,iPHoP-RF,90.50,None
WATLvirus_00020079,GB_GCA_017643305.1,d__Bacteria;p__Pseudomonadota;c__Alphaproteobacteria;o__Rhodobacterales;f__Rhodobacteraceae;g__HXMU1420-2;s__HXMU1420-2 sp017643305,blast,92.50,None
WATLvirus_00020079,GB_GCA_003149565.1,d__Bacteria;p__Pseudomonadota;c__Alphaproteobacteria;o__Rhodobacterales;f__Rhodobacteraceae;g__Marivita;s__Marivita sp003149565,blast,91.80,iPHoP-RF;68.60
WATLvirus_00020079,GB_GCA_017643905.1,d__Bacteria;p__Pseudomonadota;c__Alphaproteobacteria;o__Rhodobacterales;f__Rhodobacteraceae;g__Marivita;s__Marivita sp017643905,blast,91.70,None
WATLvirus_00020079,GB_GCA_024742575.1,d__Bacteria;p__Pseudomonadota;c__Alphaproteobacteria;o__Rhodobacterales;f__Rhodobacteraceae;g__Marivita;s__Marivita sp024742575,blast,91.70,iPHoP-RF;72.60
WATLvirus_00020079,RS_GCF_001458255.1,d__Bacteria;p__Pseudomonadota;c__Alphaproteobacteria;o__Rhodobacterales;f__Rhodobacteraceae;g__Thalassobius;s__Thalassobius autumnalis,blast,91.00,None
WATLvirus_00020096,GB_GCA_024742575.1,d__Bacteria;p__Pseudomonadota;c__Alphaproteobacteria;o__Rhodobacterales;f__Rhodobacteraceae;g__Marivita;s__Marivita sp024742575,blast,91.10,iPHoP-RF;55.20
WATLvirus_00020128,RS_GCF_003335585.1,d__Bacteria;p__Pseudomonadota;c__Alphaproteobacteria;o__Rhodobacterales;f__Rhodobacteraceae;g__Sulfitobacter;s__Sulfitobacter sp003335585,blast,93.60,iPHoP-RF;78.00
WATLvirus_00020131,RS_GCF_001308265.1,d__Bacteria;p__Pseudomonadota;c__Alphaproteobacteria;o__Rhodobacterales;f__Rhodobacteraceae;g__Celeribacter_A;s__Celeribacter_A marinus,blast,91.10,None
WATLvirus_00020147,GB_GCA_903922325.1,d__Bacteria;p__Actinomycetota;c__Actinomycetia;o__Nanopelagicales;f__Nanopelagicaceae;g__Planktophila;s__Planktophila sp903922325,blast,92.20,iPHoP-RF;55.20
WATLvirus_00020152,RS_GCF_001294625.1,d__Bacteria;p__Actinomycetota;c__Actinomycetia;o__Actinomycetales;f__Micrococcaceae;g__Specibacter;s__Specibacter alpinus_A,iPHoP-RF,91.80,None
WATLvirus_00020230,GB_GCA_903954045.1,d__Bacteria;p__Pseudomonadota;c__Gammaproteobacteria;o__Burkholderiales;f__Burkholderiaceae_B;g__Rhodoferax_C;s__Rhodoferax_C sp903954045,iPHoP-RF,93.40,None
WATLvirus_00020230,GB_GCA_945881795.1,d__Bacteria;p__Pseudomonadota;c__Gammaproteobacteria;o__Burkholderiales;f__Burkholderiaceae_B;g__Rhodoferax_C;s__Rhodoferax_C sp945881795,iPHoP-RF,93.10,None
WATLvirus_00020230,GB_GCA_903859265.1,d__Bacteria;p__Pseudomonadota;c__Gammaproteobacteria;o__Burkholderiales;f__Burkholderiaceae_B;g__Rhodoferax_C;s__Rhodoferax_C sp903859265,iPHoP-RF,90.50,None
WATLvirus_00023771,RS_GCF_001458255.1,d__Bacteria;p__Pseudomonadota;c__Alphaproteobacteria;o__Rhodobacterales;f__Rhodobacteraceae;g__Thalassobius;s__Thalassobius autumnalis,blast,93.70,None
WATLvirus_00024525,GB_GCA_001781095.1,d__Bacteria;p__Patescibacteria;c__Paceibacteria;o__UBA9983_A;f__UBA2103;g__C7867-001;s__C7867-001 sp001781095,iPHoP-RF,93.40,None
WATLvirus_00024525,GB_GCA_001781205.1,d__Bacteria;p__Patescibacteria;c__Paceibacteria;o__UBA9983_A;f__UBA918;g__HO2-49-34;s__HO2-49-34 sp001781205,iPHoP-RF,91.10,None
WATLvirus_00024525,GB_GCA_001783515.1,d__Bacteria;p__Patescibacteria;c__Paceibacteria;o__UBA9983_A;f__UBA918;g__HO2-49-34;s__HO2-49-34 sp001783515,iPHoP-RF,90.80,None
WATLvirus_00024525,GB_GCA_013815345.1,d__Bacteria;p__Patescibacteria;c__Paceibacteria;o__UBA9983_A;f__UBA2103;g__C7867-001;s__C7867-001 sp013815345,iPHoP-RF,90.80,None
WATLvirus_00024525,GB_GCA_021811365.1,d__Bacteria;p__Patescibacteria;c__Paceibacteria;o__UBA9983_A;f__UBA2103;g__C7867-001;s__C7867-001 sp021811365,iPHoP-RF,90.80,None
WATLvirus_00024548,GB_GCA_903914615.1,d__Bacteria;p__Pseudomonadota;c__Gammaproteobacteria;o__Burkholderiales;f__Burkholderiaceae_B;g__Rubrivivax;s__Rubrivivax sp903914615,blast,93.80,iPHoP-RF;63.30
WATLvirus_00024671,RS_GCF_003732545.1,d__Bacteria;p__Pseudomonadota;c__Gammaproteobacteria;o__Nevskiales;f__Salinisphaeraceae;g__Salinisphaera;s__Salinisphaera halophila,blast,95.30,iPHoP-RF;55.20
WATLvirus_00024685,RS_GCF_003732545.1,d__Bacteria;p__Pseudomonadota;c__Gammaproteobacteria;o__Nevskiales;f__Salinisphaeraceae;g__Salinisphaera;s__Salinisphaera halophila,blast,91.20,iPHoP-RF;51.70
WATLvirus_00024835,RS_GCF_016586165.1,d__Bacteria;p__Pseudomonadota;c__Gammaproteobacteria;o__Xanthomonadales;f__Rhodanobacteraceae;g__Dyella;s__Dyella sp016586165,iPHoP-RF,92.40,None
WATLvirus_00024835,RS_GCF_003332825.1,d__Bacteria;p__Pseudomonadota;c__Gammaproteobacteria;o__Xanthomonadales;f__Rhodanobacteraceae;g__Dyella;s__Dyella sp003332825,iPHoP-RF,91.80,None
WATLvirus_00024850,GB_GCA_021805025.1,d__Bacteria;p__Acidobacteriota;c__Terriglobia;o__Terriglobales;f__Acidobacteriaceae;g__Terracidiphilus;s__Terracidiphilus sp021805025,iPHoP-RF,95.40,None
WATLvirus_00024850,GB_GCA_021836865.1,d__Bacteria;p__Acidobacteriota;c__Terriglobia;o__Terriglobales;f__Acidobacteriaceae;g__Terracidiphilus;s__Terracidiphilus sp021836865,iPHoP-RF,94.70,None
WATLvirus_00024850,GB_GCA_021781795.1,d__Bacteria;p__Acidobacteriota;c__Terriglobia;o__Terriglobales;f__Acidobacteriaceae;g__Terracidiphilus;s__Terracidiphilus sp021781795,iPHoP-RF,92.40,None
WATLvirus_00024850,GB_GCA_021813745.1,d__Bacteria;p__Acidobacteriota;c__Terriglobia;o__Terriglobales;f__Acidobacteriaceae;g__Terracidiphilus;s__Terracidiphilus sp021813745,iPHoP-RF,92.10,None
WATLvirus_00024873,GB_GCA_003165455.1,d__Bacteria;p__Acidobacteriota;c__Terriglobia;o__Terriglobales;f__SbA1;g__Sulfotelmatobacter;s__Sulfotelmatobacter sp003165455,iPHoP-RF,93.10,None
WATLvirus_00024936,GB_GCA_903909375.1,d__Bacteria;p__Pseudomonadota;c__Alphaproteobacteria;o__Caulobacterales;f__Caulobacteraceae;g__Phenylobacterium;s__Phenylobacterium sp903909375,iPHoP-RF,94.10,None
WATLvirus_00024936,GB_GCA_945883235.1,d__Bacteria;p__Pseudomonadota;c__Alphaproteobacteria;o__Caulobacterales;f__Caulobacteraceae;g__Phenylobacterium;s__Phenylobacterium deserti_A,iPHoP-RF,91.10,None
WATLvirus_00030638,RS_GCF_024128855.1,d__Bacteria;p__Pseudomonadota;c__Alphaproteobacteria;o__Rhodobacterales;f__Rhodobacteraceae;g__Rhodovulum;s__Rhodovulum tesquicola,blast,93.50,None
WATLvirus_00030697,RS_GCF_023273855.1,d__Bacteria;p__Bacteroidota;c__Bacteroidia;o__Flavobacteriales;f__Flavobacteriaceae;g__Seonamhaeicola;s__Seonamhaeicola sp023273855,iPHoP-RF,93.40,None
WATLvirus_00030697,RS_GCF_003386195.1,d__Bacteria;p__Bacteroidota;c__Bacteroidia;o__Flavobacteriales;f__Flavobacteriaceae;g__Seonamhaeicola;s__Seonamhaeicola aphaedonensis,iPHoP-RF,90.10,None
WATLvirus_00030699,RS_GCF_003340565.1,d__Bacteria;p__Pseudomonadota;c__Alphaproteobacteria;o__Rhodobacterales;f__Rhodobacteraceae;g__HLUCCA09;s__HLUCCA09 sp003340565,blast,92.60,None
WATLvirus_00030744,GB_GCA_002707795.1,d__Bacteria;p__Pseudomonadota;c__Alphaproteobacteria;o__Caulobacterales;f__Maricaulaceae;g__Maricaulis;s__Maricaulis sp002707795,blast,93.70,iPHoP-RF;73.00
WATLvirus_00030744,GB_GCA_017642925.1,d__Bacteria;p__Pseudomonadota;c__Alphaproteobacteria;o__Caulobacterales;f__Maricaulaceae;g__Maricaulis;s__Maricaulis sp017642925,blast,91.70,iPHoP-RF;71.30
WATLvirus_00030749,RS_GCF_000152845.1,d__Bacteria;p__Pseudomonadota;c__Alphaproteobacteria;o__Rhodobacterales;f__Rhodobacteraceae;g__Roseovarius;s__Roseovarius sp000152845,blast,94.60,iPHoP-RF;84.50
WATLvirus_00030756,RS_GCF_900184945.1,d__Bacteria;p__Pseudomonadota;c__Alphaproteobacteria;o__Rhodobacterales;f__Rhodobacteraceae;g__Maliponia;s__Maliponia aquimaris,blast,91.90,None
WATLvirus_00030756,RS_GCF_014638275.1,d__Bacteria;p__Pseudomonadota;c__Alphaproteobacteria;o__Rhodobacterales;f__Rhodobacteraceae;g__Pseudooceanicola;s__Pseudooceanicola flagellatus_A,blast,91.40,None
WATLvirus_00030768,RS_GCF_003344765.1,d__Bacteria;p__Pseudomonadota;c__Alphaproteobacteria;o__Kiloniellales;f__Rhodovibrionaceae;g__Ferruginivarius;s__Ferruginivarius sediminum,blast,92.10,None
WATLvirus_00030768,RS_GCF_014192915.1,d__Bacteria;p__Pseudomonadota;c__Alphaproteobacteria;o__Azospirillales;f__Azospirillaceae;g__Azospirillum;s__Azospirillum sp014192915,blast,91.00,None
WATLvirus_00030768,RS_GCF_007827795.1,d__Bacteria;p__Pseudomonadota;c__Alphaproteobacteria;o__Azospirillales;f__Azospirillaceae;g__Azospirillum;s__Azospirillum brasilense_E,blast,90.80,None
WATLvirus_00030768,RS_GCF_001315015.1,d__Bacteria;p__Pseudomonadota;c__Alphaproteobacteria;o__Azospirillales;f__Azospirillaceae;g__Azospirillum;s__Azospirillum brasilense,blast,90.70,None
WATLvirus_00030768,RS_GCF_003119115.1,d__Bacteria;p__Pseudomonadota;c__Alphaproteobacteria;o__Azospirillales;f__Azospirillaceae;g__Azospirillum;s__Azospirillum sp003119115,blast,90.70,None
WATLvirus_00030768,RS_GCF_014596085.1,d__Bacteria;p__Pseudomonadota;c__Alphaproteobacteria;o__Azospirillales;f__Azospirillaceae;g__Azospirillum;s__Azospirillum tabaci,blast,90.70,None
WATLvirus_00030768,RS_GCF_003119195.2,d__Bacteria;p__Pseudomonadota;c__Alphaproteobacteria;o__Azospirillales;f__Azospirillaceae;g__Azospirillum;s__Azospirillum baldaniorum,blast,90.50,None
WATLvirus_00030768,RS_GCF_007827815.1,d__Bacteria;p__Pseudomonadota;c__Alphaproteobacteria;o__Azospirillales;f__Azospirillaceae;g__Azospirillum;s__Azospirillum brasilense_C,blast,90.50,None
WATLvirus_00030768,RS_GCF_003349955.1,d__Bacteria;p__Pseudomonadota;c__Alphaproteobacteria;o__Azospirillales;f__Azospirillaceae;g__Azospirillum;s__Azospirillum brasilense_B,blast,90.40,None
WATLvirus_00030768,RS_GCF_000515255.1,d__Bacteria;p__Pseudomonadota;c__Alphaproteobacteria;o__Kiloniellales;f__Rhodovibrionaceae;g__Rhodovibrio;s__Rhodovibrio salinarum,blast,90.30,None
WATLvirus_00030768,RS_GCF_017876155.1,d__Bacteria;p__Pseudomonadota;c__Alphaproteobacteria;o__Azospirillales;f__Azospirillaceae;g__Azospirillum;s__Azospirillum rugosum,blast,90.00,None
WATLvirus_00030779,RS_GCF_003269035.1,d__Bacteria;p__Pseudomonadota;c__Gammaproteobacteria;o__Burkholderiales;f__Burkholderiaceae;g__Paraburkholderia;s__Paraburkholderia bryophila,iPHoP-RF,91.40,None
WATLvirus_00030807,RS_GCF_003367175.1,d__Bacteria;p__Pseudomonadota;c__Gammaproteobacteria;o__Burkholderiales;f__Burkholderiaceae;g__Trinickia;s__Trinickia dinghuensis,iPHoP-RF,90.80,None
WATLvirus_00036420,GB_GCA_002280675.1,d__Bacteria;p__Pseudomonadota;c__Alphaproteobacteria;o__Sphingomonadales;f__Sphingomonadaceae;g__Novosphingobium;s__Novosphingobium sp002280675,iPHoP-RF,90.80,None
WATLvirus_00036423,RS_GCF_900102015.1,d__Bacteria;p__Pseudomonadota;c__Alphaproteobacteria;o__Rhodobacterales;f__Rhodobacteraceae;g__Limimaricola;s__Limimaricola pyoseonensis,blast,91.80,None
WATLvirus_00036427,RS_GCF_023555005.1,d__Bacteria;p__Pseudomonadota;c__Gammaproteobacteria;o__Pseudomonadales;f__Halomonadaceae;g__Halomonas;s__Halomonas sp023555005,iPHoP-RF,93.70,None
WATLvirus_00036427,RS_GCF_013415105.1,d__Bacteria;p__Pseudomonadota;c__Gammaproteobacteria;o__Pseudomonadales;f__Halomonadaceae;g__Halomonas;s__Halomonas salicampi,iPHoP-RF,90.50,None
WATLvirus_00036467,RS_GCF_019711635.1,d__Bacteria;p__Pseudomonadota;c__Alphaproteobacteria;o__Sphingomonadales;f__Sphingomonadaceae;g__Qipengyuania;s__Qipengyuania huizhouensis,blast,93.90,iPHoP-RF;71.70
WATLvirus_00036467,RS_GCF_019711565.1,d__Bacteria;p__Pseudomonadota;c__Alphaproteobacteria;o__Sphingomonadales;f__Sphingomonadaceae;g__Qipengyuania;s__Qipengyuania proteolytica,blast,92.60,iPHoP-RF;72.40
WATLvirus_00036493,RS_GCF_002806975.1,d__Bacteria;p__Pseudomonadota;c__Gammaproteobacteria;o__Pseudomonadales;f__Oleiphilaceae;g__Marinobacter;s__Marinobacter aromaticivorans,iPHoP-RF,91.40,None
WATLvirus_00036493,RS_GCF_001854125.1,d__Bacteria;p__Pseudomonadota;c__Gammaproteobacteria;o__Pseudomonadales;f__Oleiphilaceae;g__Marinobacter;s__Marinobacter salinus,iPHoP-RF,90.50,None
WATLvirus_00036518,GB_GCA_003417655.1,d__Bacteria;p__Pseudomonadota;c__Alphaproteobacteria;o__Rhodobacterales;f__Rhodobacteraceae;g__Lentibacter;s__Lentibacter sp003417655,blast,92.00,None
WATLvirus_00036527,GB_GCA_900078405.1,d__Bacteria;p__Pseudomonadota;c__Gammaproteobacteria;o__Xanthomonadales;f__Xanthomonadaceae;g__Stenotrophomonas;s__Stenotrophomonas sp900078405,CRISPR,93.60,None
WATLvirus_00036534,RS_GCF_001045555.1,d__Bacteria;p__Pseudomonadota;c__Gammaproteobacteria;o__Pseudomonadales;f__Oleiphilaceae;g__Marinobacter;s__Marinobacter subterrani,blast,93.40,iPHoP-RF;53.30
WATLvirus_00036534,RS_GCF_023016065.1,d__Bacteria;p__Pseudomonadota;c__Gammaproteobacteria;o__Pseudomonadales;f__Oleiphilaceae;g__Marinobacter;s__Marinobacter sp023016065,blast,93.20,iPHoP-RF;83.10
WATLvirus_00036534,RS_GCF_001854125.1,d__Bacteria;p__Pseudomonadota;c__Gammaproteobacteria;o__Pseudomonadales;f__Oleiphilaceae;g__Marinobacter;s__Marinobacter salinus,blast,92.60,iPHoP-RF;63.00
WATLvirus_00036539,RS_GCF_021021475.1,d__Bacteria;p__Pseudomonadota;c__Alphaproteobacteria;o__Sphingomonadales;f__Sphingomonadaceae;g__Alteriqipengyuania;s__Alteriqipengyuania bathyomarina,blast,94.40,iPHoP-RF;80.30
WATLvirus_00036615,RS_GCF_000153725.1,d__Bacteria;p__Pseudomonadota;c__Alphaproteobacteria;o__Rhodobacterales;f__Rhodobacteraceae;g__Salipiger;s__Salipiger bermudensis,iPHoP-RF,92.10,None
WATLvirus_00036615,RS_GCF_001969385.1,d__Bacteria;p__Pseudomonadota;c__Alphaproteobacteria;o__Rhodobacterales;f__Rhodobacteraceae;g__Salipiger;s__Salipiger profundus,iPHoP-RF,92.10,None
WATLvirus_00045143,GB_GCA_024742835.1,d__Bacteria;p__Pseudomonadota;c__Alphaproteobacteria;o__Rhodobacterales;f__Rhodobacteraceae;g__Roseovarius;s__Roseovarius sp024742835,blast,92.80,iPHoP-RF;58.20
WATLvirus_00045143,RS_GCF_004761875.1,d__Bacteria;p__Pseudomonadota;c__Alphaproteobacteria;o__Rhodobacterales;f__Rhodobacteraceae;g__Roseovarius;s__Roseovarius aestuariivivens,blast,91.80,iPHoP-RF;59.00
WATLvirus_00045143,GB_GCA_002166865.1,d__Bacteria;p__Pseudomonadota;c__Alphaproteobacteria;o__Rhodobacterales;f__Rhodobacteraceae;g__Roseovarius;s__Roseovarius sp002166865,blast,91.70,None
WATLvirus_00045144,GB_GCA_024742835.1,d__Bacteria;p__Pseudomonadota;c__Alphaproteobacteria;o__Rhodobacterales;f__Rhodobacteraceae;g__Roseovarius;s__Roseovarius sp024742835,blast,93.80,iPHoP-RF;66.50
WATLvirus_00045144,GB_GCA_024742655.1,d__Bacteria;p__Pseudomonadota;c__Alphaproteobacteria;o__Rhodobacterales;f__Rhodobacteraceae;g__Roseovarius;s__Roseovarius sp024742655,blast,93.30,iPHoP-RF;66.80
WATLvirus_00045144,bin.116,d__Bacteria;p__Pseudomonadota;c__Alphaproteobacteria;o__Rhodobacterales;f__Rhodobacteraceae;g__Roseovarius;s__,blast,93.30,None
WATLvirus_00045144,RS_GCF_004761875.1,d__Bacteria;p__Pseudomonadota;c__Alphaproteobacteria;o__Rhodobacterales;f__Rhodobacteraceae;g__Roseovarius;s__Roseovarius aestuariivivens,blast,92.10,iPHoP-RF;53.60
WATLvirus_00045930,RS_GCF_002925845.1,d__Bacteria;p__Pseudomonadota;c__Alphaproteobacteria;o__Rhodobacterales;f__Rhodobacteraceae;g__Roseovarius;s__Roseovarius nitratireducens,blast,91.10,iPHoP-RF;61.40
WATLvirus_00045974,GB_GCA_900539195.1,d__Bacteria;p__Bacillota_A;c__Clostridia;o__Oscillospirales;f__Ruminococcaceae;g__Ruminiclostridium_E;s__Ruminiclostridium_E sp900539195,CRISPR,99.00,iPHoP-RF;83.60
WATLvirus_00045974,GB_GCA_003512525.1,d__Bacteria;p__Bacillota_A;c__Clostridia;o__Oscillospirales;f__Ruminococcaceae;g__Ruminiclostridium_E;s__Ruminiclostridium_E sp003512525,CRISPR,98.90,iPHoP-RF;77.10
WATLvirus_00045974,GB_GCA_025150425.1,d__Bacteria;p__Bacillota_A;c__Clostridia;o__Oscillospirales;f__Ruminococcaceae;g__Ruminiclostridium_E;s__Ruminiclostridium_E siraeum,CRISPR,98.90,iPHoP-RF;70.00
WATLvirus_00046125,GB_GCA_014359905.1,d__Bacteria;p__Pseudomonadota;c__Alphaproteobacteria;o__Rhizobiales;f__Rhizobiaceae;g__Hoeflea;s__Hoeflea sp014359905,blast,92.90,iPHoP-RF;64.00
WATLvirus_00046154,GB_GCA_020201155.1,d__Bacteria;p__Pseudomonadota;c__Alphaproteobacteria;o__Rhodobacterales;f__Rhodobacteraceae;g__JAIVHI01;s__JAIVHI01 sp020201155,blast,93.90,iPHoP-RF;66.50
WATLvirus_00046154,GB_GCA_020832515.1,d__Bacteria;p__Pseudomonadota;c__Alphaproteobacteria;o__Rhodobacterales;f__Rhodobacteraceae;g__JAFIEN01;s__JAFIEN01 sp020832515,blast,91.80,iPHoP-RF;70.90
WATLvirus_00046170,RS_GCF_000220565.1,d__Bacteria;p__Pseudomonadota;c__Alphaproteobacteria;o__Rhodobacterales;f__Rhodobacteraceae;g__Pseudooceanicola;s__Pseudooceanicola sp000220565,blast,93.40,iPHoP-RF;74.10
WATLvirus_00046170,GB_GCA_018222585.1,d__Bacteria;p__Pseudomonadota;c__Alphaproteobacteria;o__Rhodobacterales;f__Rhodobacteraceae;g__Pseudooceanicola;s__Pseudooceanicola sp018222585,blast,93.00,iPHoP-RF;75.90
WATLvirus_00046170,RS_GCF_002760615.1,d__Bacteria;p__Pseudomonadota;c__Alphaproteobacteria;o__Rhodobacterales;f__Rhodobacteraceae;g__Puniceibacterium;s__Puniceibacterium antarcticum,blast,91.10,iPHoP-RF;72.40
WATLvirus_00046182,GB_GCA_003511785.1,d__Bacteria;p__Pseudomonadota;c__Alphaproteobacteria;o__Rhodobacterales;f__Rhodobacteraceae;g__UBA7951;s__UBA7951 sp003511785,blast,93.50,iPHoP-RF;71.90
WATLvirus_00046205,RS_GCF_000156335.1,d__Bacteria;p__Pseudomonadota;c__Alphaproteobacteria;o__Rhodobacterales;f__Rhodobacteraceae;g__Sulfitobacter;s__Sulfitobacter sp000156335,blast,93.60,iPHoP-RF;69.30
WATLvirus_00046213,GB_GCA_003511785.1,d__Bacteria;p__Pseudomonadota;c__Alphaproteobacteria;o__Rhodobacterales;f__Rhodobacteraceae;g__UBA7951;s__UBA7951 sp003511785,blast,96.10,iPHoP-RF;70.90
WATLvirus_00046220,RS_GCF_900172365.1,d__Bacteria;p__Pseudomonadota;c__Alphaproteobacteria;o__Rhodobacterales;f__Rhodobacteraceae;g__Roseovarius;s__Roseovarius gaetbuli,iPHoP-RF,93.40,None
WATLvirus_00046220,RS_GCF_900142625.1,d__Bacteria;p__Pseudomonadota;c__Alphaproteobacteria;o__Rhodobacterales;f__Rhodobacteraceae;g__Roseovarius;s__Roseovarius marisflavi,iPHoP-RF,93.10,None
WATLvirus_00046233,GB_GCA_016778085.1,d__Bacteria;p__Pseudomonadota;c__Gammaproteobacteria;o__Pseudomonadales;f__Halieaceae;g__Luminiphilus;s__Luminiphilus sp016778085,iPHoP-RF,92.80,None
WATLvirus_00046233,GB_GCA_024638905.1,d__Bacteria;p__Pseudomonadota;c__Gammaproteobacteria;o__Pseudomonadales;f__Halieaceae;g__Luminiphilus;s__Luminiphilus sp024638905,iPHoP-RF,92.80,None
WATLvirus_00046233,GB_GCA_902623175.1,d__Bacteria;p__Pseudomonadota;c__Gammaproteobacteria;o__Pseudomonadales;f__Halieaceae;g__Luminiphilus;s__Luminiphilus sp902623175,iPHoP-RF,92.80,None
WATLvirus_00046233,GB_GCA_011523115.1,d__Bacteria;p__Pseudomonadota;c__Gammaproteobacteria;o__Pseudomonadales;f__Halieaceae;g__Luminiphilus;s__Luminiphilus sp011523115,iPHoP-RF,91.10,None
WATLvirus_00046233,GB_GCA_018222695.1,d__Bacteria;p__Pseudomonadota;c__Gammaproteobacteria;o__Pseudomonadales;f__Halieaceae;g__Luminiphilus;s__Luminiphilus sp018222695,iPHoP-RF,90.80,None
WATLvirus_00046233,GB_GCA_902631395.1,d__Bacteria;p__Pseudomonadota;c__Gammaproteobacteria;o__Pseudomonadales;f__Halieaceae;g__Luminiphilus;s__Luminiphilus sp902631395,iPHoP-RF,90.50,None
WATLvirus_00046233,GB_GCA_002705465.1,d__Bacteria;p__Pseudomonadota;c__Gammaproteobacteria;o__Pseudomonadales;f__Halieaceae;g__Luminiphilus;s__Luminiphilus sp002705465,iPHoP-RF,90.10,None
WATLvirus_00046233,GB_GCA_002721785.1,d__Bacteria;p__Pseudomonadota;c__Gammaproteobacteria;o__Pseudomonadales;f__Halieaceae;g__Luminiphilus;s__Luminiphilus sp002721785,iPHoP-RF,90.10,None
WATLvirus_00046258,RS_GCF_004364975.1,d__Bacteria;p__Bacteroidota;c__Bacteroidia;o__Flavobacteriales;f__Flavobacteriaceae;g__Gelidibacter;s__Gelidibacter sediminis,iPHoP-RF,90.50,None
WATLvirus_00046258,RS_GCF_009709615.1,d__Bacteria;p__Bacteroidota;c__Bacteroidia;o__Flavobacteriales;f__Flavobacteriaceae;g__Winogradskyella;s__Winogradskyella ouciana,iPHoP-RF,90.10,None
WATLvirus_00046304,RS_GCF_014637725.1,d__Bacteria;p__Pseudomonadota;c__Alphaproteobacteria;o__Rhodobacterales;f__Rhodobacteraceae;g__Marivita;s__Marivita lacus,blast,93.00,None
WATLvirus_00046304,GB_GCA_017643905.1,d__Bacteria;p__Pseudomonadota;c__Alphaproteobacteria;o__Rhodobacterales;f__Rhodobacteraceae;g__Marivita;s__Marivita sp017643905,blast,92.10,None
WATLvirus_00046304,RS_GCF_900176475.1,d__Bacteria;p__Pseudomonadota;c__Alphaproteobacteria;o__Rhodobacterales;f__Rhodobacteraceae;g__Tropicibacter;s__Tropicibacter naphthalenivorans,blast,92.10,None
WATLvirus_00046304,RS_GCF_900188425.1,d__Bacteria;p__Pseudomonadota;c__Alphaproteobacteria;o__Rhodobacterales;f__Rhodobacteraceae;g__Antarctobacter;s__Antarctobacter heliothermus,blast,91.70,None
WATLvirus_00046318,GB_GCA_003165935.1,d__Bacteria;p__Acidobacteriota;c__Terriglobia;o__Terriglobales;f__Acidobacteriaceae;g__Terracidiphilus;s__Terracidiphilus sp003165935,iPHoP-RF,95.10,None
WATLvirus_00046318,GB_GCA_021836865.1,d__Bacteria;p__Acidobacteriota;c__Terriglobia;o__Terriglobales;f__Acidobacteriaceae;g__Terracidiphilus;s__Terracidiphilus sp021836865,iPHoP-RF,95.10,None
WATLvirus_00046318,GB_GCA_021813745.1,d__Bacteria;p__Acidobacteriota;c__Terriglobia;o__Terriglobales;f__Acidobacteriaceae;g__Terracidiphilus;s__Terracidiphilus sp021813745,iPHoP-RF,94.40,None
WATLvirus_00046318,GB_GCA_903849645.1,d__Bacteria;p__Acidobacteriota;c__Terriglobia;o__Terriglobales;f__Acidobacteriaceae;g__Terracidiphilus;s__Terracidiphilus sp903849645,iPHoP-RF,94.10,None
WATLvirus_00046318,GB_GCA_021781795.1,d__Bacteria;p__Acidobacteriota;c__Terriglobia;o__Terriglobales;f__Acidobacteriaceae;g__Terracidiphilus;s__Terracidiphilus sp021781795,iPHoP-RF,93.10,None
WATLvirus_00046318,GB_GCA_021805025.1,d__Bacteria;p__Acidobacteriota;c__Terriglobia;o__Terriglobales;f__Acidobacteriaceae;g__Terracidiphilus;s__Terracidiphilus sp021805025,iPHoP-RF,93.10,None
WATLvirus_00046318,GB_GCA_021779695.1,d__Bacteria;p__Acidobacteriota;c__Terriglobia;o__Terriglobales;f__Acidobacteriaceae;g__Terracidiphilus;s__Terracidiphilus sp021779695,iPHoP-RF,92.80,None
WATLvirus_00046318,GB_GCA_021780075.1,d__Bacteria;p__Acidobacteriota;c__Terriglobia;o__Terriglobales;f__Acidobacteriaceae;g__Terracidiphilus;s__Terracidiphilus sp021780075,iPHoP-RF,92.40,None
WATLvirus_00046322,RS_GCF_000021305.1,d__Bacteria;p__Bacillota;c__Bacilli;o__Bacillales;f__Bacillaceae_G;g__Bacillus_A;s__Bacillus_A thuringiensis_S,iPHoP-RF,95.70,None
WATLvirus_00046322,RS_GCF_002574955.1,d__Bacteria;p__Bacillota;c__Bacilli;o__Bacillales;f__Bacillaceae_G;g__Bacillus_A;s__Bacillus_A cereus_AT,iPHoP-RF,95.70,None
WATLvirus_00046322,RS_GCF_001595725.1,d__Bacteria;p__Bacillota;c__Bacilli;o__Bacillales;f__Bacillaceae_G;g__Bacillus_A;s__Bacillus_A thuringiensis_K,iPHoP-RF,95.40,None
WATLvirus_00046322,RS_GCF_001884185.1,d__Bacteria;p__Bacillota;c__Bacilli;o__Bacillales;f__Bacillaceae_G;g__Bacillus_A;s__Bacillus_A albus,iPHoP-RF,95.40,None
WATLvirus_00046322,RS_GCF_002119445.1,d__Bacteria;p__Bacillota;c__Bacilli;o__Bacillales;f__Bacillaceae_G;g__Bacillus_A;s__Bacillus_A thuringiensis,iPHoP-RF,95.40,None
WATLvirus_00046322,RS_GCF_002564555.1,d__Bacteria;p__Bacillota;c__Bacilli;o__Bacillales;f__Bacillaceae_G;g__Bacillus_A;s__Bacillus_A cereus_K,iPHoP-RF,95.40,None
WATLvirus_00046322,RS_GCF_000496285.1,d__Bacteria;p__Bacillota;c__Bacilli;o__Bacillales;f__Bacillaceae_G;g__Bacillus_A;s__Bacillus_A toyonensis,iPHoP-RF,95.10,None
WATLvirus_00046322,RS_GCF_002200015.1,d__Bacteria;p__Bacillota;c__Bacilli;o__Bacillales;f__Bacillaceae_G;g__Bacillus_A;s__Bacillus_A cereus_AZ,iPHoP-RF,95.10,None
WATLvirus_00046322,RS_GCF_002567495.1,d__Bacteria;p__Bacillota;c__Bacilli;o__Bacillales;f__Bacillaceae_G;g__Bacillus_A;s__Bacillus_A cereus_AQ,iPHoP-RF,95.10,None
WATLvirus_00046322,RS_GCF_002577405.1,d__Bacteria;p__Bacillota;c__Bacilli;o__Bacillales;f__Bacillaceae_G;g__Bacillus_A;s__Bacillus_A cereus_AU,iPHoP-RF,95.10,None
WATLvirus_00046322,RS_GCF_018966865.1,d__Bacteria;p__Bacillota;c__Bacilli;o__Bacillales;f__Bacillaceae_G;g__Bacillus_A;s__Bacillus_A sp018966865,iPHoP-RF,95.10,None
WATLvirus_00046322,RS_GCF_000007825.1,d__Bacteria;p__Bacillota;c__Bacilli;o__Bacillales;f__Bacillaceae_G;g__Bacillus_A;s__Bacillus_A cereus,iPHoP-RF,94.70,None
WATLvirus_00046322,RS_GCF_000742895.1,d__Bacteria;p__Bacillota;c__Bacilli;o__Bacillales;f__Bacillaceae_G;g__Bacillus_A;s__Bacillus_A anthracis,iPHoP-RF,94.70,None
WATLvirus_00046322,RS_GCF_001883995.1,d__Bacteria;p__Bacillota;c__Bacilli;o__Bacillales;f__Bacillaceae_G;g__Bacillus_A;s__Bacillus_A paranthracis,iPHoP-RF,94.70,None
WATLvirus_00046322,RS_GCF_006384875.1,d__Bacteria;p__Bacillota;c__Bacilli;o__Bacillales;f__Bacillaceae_G;g__Bacillus_A;s__Bacillus_A bombysepticus,iPHoP-RF,94.70,None
WATLvirus_00046322,RS_GCF_018742245.1,d__Bacteria;p__Bacillota;c__Bacilli;o__Bacillales;f__Bacillaceae_G;g__Bacillus_A;s__Bacillus_A cereus_U,iPHoP-RF,94.70,None
WATLvirus_00046322,RS_GCF_000832605.1,d__Bacteria;p__Bacillota;c__Bacilli;o__Bacillales;f__Bacillaceae_G;g__Bacillus_A;s__Bacillus_A mycoides,iPHoP-RF,94.40,None
WATLvirus_00046322,RS_GCF_001884065.1,d__Bacteria;p__Bacillota;c__Bacilli;o__Bacillales;f__Bacillaceae_G;g__Bacillus_A;s__Bacillus_A proteolyticus,iPHoP-RF,94.40,None
WATLvirus_00046322,RS_GCF_001884135.1,d__Bacteria;p__Bacillota;c__Bacilli;o__Bacillales;f__Bacillaceae_G;g__Bacillus_A;s__Bacillus_A nitratireducens,iPHoP-RF,94.40,None
WATLvirus_00046322,RS_GCF_002746455.1,d__Bacteria;p__Bacillota;c__Bacilli;o__Bacillales;f__Bacillaceae_G;g__Bacillus_A;s__Bacillus_A fungorum,iPHoP-RF,94.40,None
WATLvirus_00046322,RS_GCF_015071065.1,d__Bacteria;p__Bacillota;c__Bacilli;o__Bacillales;f__Bacillaceae_G;g__Bacillus_A;s__Bacillus_A cereus_BA,iPHoP-RF,94.40,None
WATLvirus_00046322,RS_GCF_002571225.1,d__Bacteria;p__Bacillota;c__Bacilli;o__Bacillales;f__Bacillaceae_G;g__Bacillus_A;s__Bacillus_A sp002571225,iPHoP-RF,94.10,None
WATLvirus_00046322,RS_GCF_001884045.1,d__Bacteria;p__Bacillota;c__Bacilli;o__Bacillales;f__Bacillaceae_G;g__Bacillus_A;s__Bacillus_A mobilis,iPHoP-RF,93.70,None
WATLvirus_00046322,RS_GCF_018332475.1,d__Bacteria;p__Bacillota;c__Bacilli;o__Bacillales;f__Bacillaceae_G;g__Bacillus_A;s__Bacillus_A sanguinis,iPHoP-RF,93.40,None
WATLvirus_00046322,RS_GCF_900094905.1,d__Bacteria;p__Bacillota;c__Bacilli;o__Bacillales;f__Bacillaceae_G;g__Bacillus_A;s__Bacillus_A cereus_AG,iPHoP-RF,93.40,None
WATLvirus_00046322,RS_GCF_001884105.1,d__Bacteria;p__Bacillota;c__Bacilli;o__Bacillales;f__Bacillaceae_G;g__Bacillus_A;s__Bacillus_A luti,iPHoP-RF,92.40,None
WATLvirus_00046322,RS_GCF_001455345.1,d__Bacteria;p__Bacillota;c__Bacilli;o__Bacillales;f__Bacillaceae_G;g__Bacillus_A;s__Bacillus_A thuringiensis_N,iPHoP-RF,92.10,None
WATLvirus_00046322,RS_GCF_002584985.1,d__Bacteria;p__Bacillota;c__Bacilli;o__Bacillales;f__Bacillaceae_G;g__Bacillus_A;s__Bacillus_A sp002584985,iPHoP-RF,92.10,None
WATLvirus_00046323,GB_GCA_002415925.1,d__Bacteria;p__Actinomycetota;c__Actinomycetia;o__Mycobacteriales;f__Mycobacteriaceae;g__Dietzia;s__Dietzia sp002415925,iPHoP-RF,96.40,None
WATLvirus_00046323,GB_GCA_019119875.1,d__Bacteria;p__Actinomycetota;c__Actinomycetia;o__Mycobacteriales;f__Mycobacteriaceae;g__Dietzia;s__Dietzia intestinigallinarum,iPHoP-RF,96.40,None
WATLvirus_00046323,GB_GCA_024732245.1,d__Bacteria;p__Actinomycetota;c__Actinomycetia;o__Mycobacteriales;f__Mycobacteriaceae;g__Dietzia;s__Dietzia sp024732245,iPHoP-RF,96.40,None
WATLvirus_00046323,RS_GCF_001571065.1,d__Bacteria;p__Actinomycetota;c__Actinomycetia;o__Mycobacteriales;f__Mycobacteriaceae;g__Dietzia;s__Dietzia cinnamea,iPHoP-RF,96.40,None
WATLvirus_00046323,RS_GCF_003096075.1,d__Bacteria;p__Actinomycetota;c__Actinomycetia;o__Mycobacteriales;f__Mycobacteriaceae;g__Dietzia;s__Dietzia lutea,iPHoP-RF,96.40,None
WATLvirus_00046323,RS_GCF_018390595.1,d__Bacteria;p__Actinomycetota;c__Actinomycetia;o__Mycobacteriales;f__Mycobacteriaceae;g__Dietzia;s__Dietzia massiliensis,iPHoP-RF,96.40,None
WATLvirus_00046323,RS_GCF_021033825.1,d__Bacteria;p__Actinomycetota;c__Actinomycetia;o__Mycobacteriales;f__Mycobacteriaceae;g__Dietzia;s__Dietzia aurantiaca,iPHoP-RF,96.10,None
WATLvirus_00046323,GB_GCA_019119635.1,d__Bacteria;p__Actinomycetota;c__Actinomycetia;o__Mycobacteriales;f__Mycobacteriaceae;g__Dietzia;s__Dietzia intestinipullorum,iPHoP-RF,95.70,None
WATLvirus_00046323,RS_GCF_003096095.1,d__Bacteria;p__Actinomycetota;c__Actinomycetia;o__Mycobacteriales;f__Mycobacteriaceae;g__Dietzia;s__Dietzia psychralcaliphila,iPHoP-RF,95.70,None
WATLvirus_00046323,RS_GCF_014145095.1,d__Bacteria;p__Actinomycetota;c__Actinomycetia;o__Mycobacteriales;f__Mycobacteriaceae;g__Dietzia;s__Dietzia sp014145095,iPHoP-RF,95.70,None
WATLvirus_00046323,RS_GCF_014145145.1,d__Bacteria;p__Actinomycetota;c__Actinomycetia;o__Mycobacteriales;f__Mycobacteriaceae;g__Dietzia;s__Dietzia cercidiphylli,iPHoP-RF,95.40,None
WATLvirus_00046323,RS_GCF_002289575.1,d__Bacteria;p__Actinomycetota;c__Actinomycetia;o__Mycobacteriales;f__Mycobacteriaceae;g__Dietzia;s__Dietzia natronolimnaea_A,iPHoP-RF,95.10,None
WATLvirus_00046323,RS_GCF_003052165.1,d__Bacteria;p__Actinomycetota;c__Actinomycetia;o__Mycobacteriales;f__Mycobacteriaceae;g__Dietzia;s__Dietzia sp003052165,iPHoP-RF,95.10,None
WATLvirus_00046323,RS_GCF_014144855.1,d__Bacteria;p__Actinomycetota;c__Actinomycetia;o__Mycobacteriales;f__Mycobacteriaceae;g__Dietzia;s__Dietzia maris,iPHoP-RF,95.10,None
WATLvirus_00046329,RS_GCF_017813235.1,d__Bacteria;p__Pseudomonadota;c__Alphaproteobacteria;o__Rhodobacterales;f__Rhodobacteraceae;g__Sagittula;s__Sagittula salina,iPHoP-RF,92.80,None
WATLvirus_00046329,RS_GCF_000877395.1,d__Bacteria;p__Pseudomonadota;c__Alphaproteobacteria;o__Rhodobacterales;f__Rhodobacteraceae;g__Jannaschia;s__Jannaschia aquimarina,iPHoP-RF,90.50,None
WATLvirus_00046372,RS_GCF_001997295.1,d__Bacteria;p__Actinomycetota;c__Actinomycetia;o__Propionibacteriales;f__Propionibacteriaceae;g__Arachnia;s__Arachnia flava,iPHoP-RF,90.10,None
WATLvirus_00046377,GB_GCA_003514305.1,d__Bacteria;p__Pseudomonadota;c__Gammaproteobacteria;o__Pseudomonadales;f__Pseudohongiellaceae;g__UBA9145;s__UBA9145 sp003514305,blast,91.10,iPHoP-RF;66.80
WATLvirus_00046418,RS_GCF_018069895.1,d__Bacteria;p__Pseudomonadota;c__Alphaproteobacteria;o__Rhodobacterales;f__Rhodobacteraceae;g__Roseovarius;s__Roseovarius sp018069895,blast,90.60,iPHoP-RF;81.10
WATLvirus_00046430,GB_GCA_003511785.1,d__Bacteria;p__Pseudomonadota;c__Alphaproteobacteria;o__Rhodobacterales;f__Rhodobacteraceae;g__UBA7951;s__UBA7951 sp003511785,blast,95.80,iPHoP-RF;85.10
WATLvirus_00046443,GB_GCA_009781725.1,d__Bacteria;p__Bacillota_A;c__Clostridia;o__Lachnospirales;f__WQUN01;g__WRAN01;s__WRAN01 sp009781725,iPHoP-RF,91.10,None
WATLvirus_00046471,GB_GCA_021531775.1,d__Bacteria;p__Bacteroidota;c__Bacteroidia;o__Bacteroidales;f__Tannerellaceae;g__Parabacteroides;s__Parabacteroides sp004562445,iPHoP-RF,94.40,None
WATLvirus_00046472,RS_GCF_000012825.1,d__Bacteria;p__Bacteroidota;c__Bacteroidia;o__Bacteroidales;f__Bacteroidaceae;g__Phocaeicola;s__Phocaeicola vulgatus,CRISPR,96.50,iPHoP-RF;76.40
WATLvirus_00046472,RS_GCF_000382445.1,d__Bacteria;p__Bacteroidota;c__Bacteroidia;o__Bacteroidales;f__Bacteroidaceae;g__Phocaeicola;s__Phocaeicola massiliensis,CRISPR,96.50,iPHoP-RF;70.40
WATLvirus_00046472,RS_GCF_000025985.1,d__Bacteria;p__Bacteroidota;c__Bacteroidia;o__Bacteroidales;f__Bacteroidaceae;g__Bacteroides;s__Bacteroides fragilis,CRISPR,94.90,iPHoP-RF;62.70
WATLvirus_00046473,GB_GCA_018222805.1,d__Bacteria;p__Pseudomonadota;c__Gammaproteobacteria;o__Enterobacterales_A;f__Vibrionaceae;g__Vibrio;s__Vibrio sp018222805,iPHoP-RF,92.10,None
WATLvirus_00046473,RS_GCF_000417905.1,d__Bacteria;p__Pseudomonadota;c__Gammaproteobacteria;o__Enterobacterales_A;f__Vibrionaceae;g__Vibrio;s__Vibrio natriegens,iPHoP-RF,90.80,None
WATLvirus_00046476,GB_GCA_014359905.1,d__Bacteria;p__Pseudomonadota;c__Alphaproteobacteria;o__Rhizobiales;f__Rhizobiaceae;g__Hoeflea;s__Hoeflea sp014359905,iPHoP-RF,96.40,None
WATLvirus_00046476,GB_GCA_019084245.1,d__Bacteria;p__Pseudomonadota;c__Alphaproteobacteria;o__Rhizobiales;f__Rhizobiaceae;g__Hoeflea;s__Hoeflea sp019084245,iPHoP-RF,95.10,None
WATLvirus_00046476,RS_GCF_001011155.1,d__Bacteria;p__Pseudomonadota;c__Alphaproteobacteria;o__Rhizobiales;f__Rhizobiaceae;g__Hoeflea;s__Hoeflea sp001011155,iPHoP-RF,94.70,None
WATLvirus_00046476,GB_GCA_020637795.1,d__Bacteria;p__Pseudomonadota;c__Alphaproteobacteria;o__Rhizobiales;f__Rhizobiaceae;g__Hoeflea;s__Hoeflea sp020637795,iPHoP-RF,94.40,None
WATLvirus_00046476,GB_GCA_002733955.1,d__Bacteria;p__Pseudomonadota;c__Alphaproteobacteria;o__Rhizobiales;f__Rhizobiaceae;g__Hoeflea;s__Hoeflea sp002733955,iPHoP-RF,91.40,None
WATLvirus_00046483,RS_GCF_000164675.2,d__Bacteria;p__Bacillota;c__Bacilli;o__Lactobacillales;f__Streptococcaceae;g__Streptococcus;s__Streptococcus parasanguinis,iPHoP-RF,93.40,None
WATLvirus_00046483,RS_GCF_000187505.1,d__Bacteria;p__Bacillota;c__Bacilli;o__Lactobacillales;f__Streptococcaceae;g__Streptococcus;s__Streptococcus parasanguinis_M,iPHoP-RF,93.10,None
WATLvirus_00046483,RS_GCF_000507765.1,d__Bacteria;p__Bacillota;c__Bacilli;o__Lactobacillales;f__Streptococcaceae;g__Streptococcus;s__Streptococcus parasanguinis_J,iPHoP-RF,93.10,None
WATLvirus_00046483,RS_GCF_001073155.1,d__Bacteria;p__Bacillota;c__Bacilli;o__Lactobacillales;f__Streptococcaceae;g__Streptococcus;s__Streptococcus parasanguinis_D,iPHoP-RF,93.10,None
WATLvirus_00046483,RS_GCF_943193075.1,d__Bacteria;p__Bacillota;c__Bacilli;o__Lactobacillales;f__Streptococcaceae;g__Streptococcus;s__Streptococcus parasanguinis_E,iPHoP-RF,92.80,None
WATLvirus_00046483,RS_GCF_023109675.1,d__Bacteria;p__Bacillota;c__Bacilli;o__Lactobacillales;f__Streptococcaceae;g__Streptococcus;s__Streptococcus parasanguinis_I,iPHoP-RF,92.40,None
WATLvirus_00046483,RS_GCF_001813295.1,d__Bacteria;p__Bacillota;c__Bacilli;o__Lactobacillales;f__Streptococcaceae;g__Streptococcus;s__Streptococcus sp001813295,iPHoP-RF,91.40,None
WATLvirus_00046483,RS_GCF_008727815.1,d__Bacteria;p__Bacillota;c__Bacilli;o__Lactobacillales;f__Streptococcaceae;g__Streptococcus;s__Streptococcus sp008727815,iPHoP-RF,91.40,None
WATLvirus_00046483,RS_GCF_024295625.1,d__Bacteria;p__Bacillota;c__Bacilli;o__Lactobacillales;f__Streptococcaceae;g__Streptococcus;s__Streptococcus sp024295625,iPHoP-RF,91.40,None
WATLvirus_00046483,RS_GCF_000314795.2,d__Bacteria;p__Bacillota;c__Bacilli;o__Lactobacillales;f__Streptococcaceae;g__Streptococcus;s__Streptococcus sp000314795,iPHoP-RF,91.10,None
WATLvirus_00046483,RS_GCF_019929185.1,d__Bacteria;p__Bacillota;c__Bacilli;o__Lactobacillales;f__Streptococcaceae;g__Streptococcus;s__Streptococcus parasanguinis_O,iPHoP-RF,90.80,None
WATLvirus_00046483,GB_GCA_018365265.1,d__Bacteria;p__Bacillota;c__Bacilli;o__Lactobacillales;f__Streptococcaceae;g__Streptococcus;s__Streptococcus parasanguinis_G,iPHoP-RF,90.10,None
WATLvirus_00046483,RS_GCF_000963275.1,d__Bacteria;p__Bacillota;c__Bacilli;o__Lactobacillales;f__Streptococcaceae;g__Streptococcus;s__Streptococcus parasanguinis_B,iPHoP-RF,90.10,None
WATLvirus_00046536,RS_GCF_014903745.1,d__Bacteria;p__Pseudomonadota;c__Alphaproteobacteria;o__Rhodobacterales;f__Rhodobacteraceae;g__Mangrovicoccus;s__Mangrovicoccus algicola,blast,92.30,None
WATLvirus_00046536,RS_GCF_003298775.1,d__Bacteria;p__Pseudomonadota;c__Alphaproteobacteria;o__Rhodobacterales;f__Rhodobacteraceae;g__Rhodosalinus;s__Rhodosalinus halophilus,blast,92.00,None
WATLvirus_00046536,RS_GCF_003993775.1,d__Bacteria;p__Pseudomonadota;c__Alphaproteobacteria;o__Rhodobacterales;f__Rhodobacteraceae;g__Frigidibacter;s__Frigidibacter oleivorans,blast,91.70,None
WATLvirus_00046537,RS_GCF_022348185.1,d__Bacteria;p__Pseudomonadota;c__Alphaproteobacteria;o__Rhodobacterales;f__Rhodobacteraceae;g__Epibacterium;s__Epibacterium sp022348185,iPHoP-RF,91.10,None
WATLvirus_00046541,GB_GCA_009838975.1,d__Bacteria;p__Gemmatimonadota;c__Gemmatimonadetes;o__Longimicrobiales;f__UBA6960;g__Bin94;s__Bin94 sp009838975,iPHoP-RF,93.10,None
WATLvirus_00046541,GB_GCA_009841165.1,d__Bacteria;p__Gemmatimonadota;c__Gemmatimonadetes;o__Longimicrobiales;f__UBA6960;g__Bin94;s__Bin94 sp009841165,iPHoP-RF,92.80,None
WATLvirus_00046541,GB_GCA_022827345.1,d__Bacteria;p__Gemmatimonadota;c__Gemmatimonadetes;o__Longimicrobiales;f__UBA6960;g__Bin94;s__Bin94 sp022827345,iPHoP-RF,91.80,None
WATLvirus_00046541,GB_GCA_022822445.1,d__Bacteria;p__Gemmatimonadota;c__Gemmatimonadetes;o__Longimicrobiales;f__UBA6960;g__Bin94;s__Bin94 sp022822445,iPHoP-RF,90.80,None
WATLvirus_00046541,GB_GCA_022823145.1,d__Bacteria;p__Gemmatimonadota;c__Gemmatimonadetes;o__Longimicrobiales;f__UBA6960;g__Bin94;s__Bin94 sp022823145,iPHoP-RF,90.50,None
WATLvirus_00046541,GB_GCA_022823225.1,d__Bacteria;p__Gemmatimonadota;c__Gemmatimonadetes;o__Longimicrobiales;f__UBA6960;g__Bin94;s__Bin94 sp022823225,iPHoP-RF,90.50,None
WATLvirus_00046541,GB_GCA_022826005.1,d__Bacteria;p__Gemmatimonadota;c__Gemmatimonadetes;o__Longimicrobiales;f__UBA6960;g__Bin94;s__Bin94 sp022826005,iPHoP-RF,90.10,None
WATLvirus_00046577,RS_GCF_014637725.1,d__Bacteria;p__Pseudomonadota;c__Alphaproteobacteria;o__Rhodobacterales;f__Rhodobacteraceae;g__Marivita;s__Marivita lacus,blast,92.30,iPHoP-RF;67.50
WATLvirus_00046577,GB_GCA_003149565.1,d__Bacteria;p__Pseudomonadota;c__Alphaproteobacteria;o__Rhodobacterales;f__Rhodobacteraceae;g__Marivita;s__Marivita sp003149565,blast,91.20,iPHoP-RF;73.20
WATLvirus_00046577,GB_GCA_022763305.1,d__Bacteria;p__Pseudomonadota;c__Alphaproteobacteria;o__Rhodobacterales;f__Rhodobacteraceae;g__Marivita;s__Marivita sp022763305,blast,90.30,iPHoP-RF;59.20
WATLvirus_00046577,GB_GCA_020055635.1,d__Bacteria;p__Pseudomonadota;c__Alphaproteobacteria;o__Rhodobacterales;f__Rhodobacteraceae;g__Marivita;s__Marivita sp020055635,blast,90.00,iPHoP-RF;73.20
WATLvirus_00046585,RS_GCF_018139985.1,d__Bacteria;p__Pseudomonadota;c__Alphaproteobacteria;o__Rhodobacterales;f__Rhodobacteraceae;g__JAGSOU01;s__JAGSOU01 sp018139985,blast,91.90,iPHoP-RF;51.70
WATLvirus_00046585,RS_GCF_008728195.1,d__Bacteria;p__Pseudomonadota;c__Alphaproteobacteria;o__Rhodobacterales;f__Rhodobacteraceae;g__Roseovarius;s__Roseovarius indicus,blast,91.70,iPHoP-RF;55.70
WATLvirus_00046586,RS_GCF_010587385.1,d__Bacteria;p__Pseudomonadota;c__Gammaproteobacteria;o__Enterobacterales_A;f__Vibrionaceae;g__Vibrio;s__Vibrio astriarenae,iPHoP-RF,97.10,None
WATLvirus_00046586,RS_GCF_003569005.1,d__Bacteria;p__Pseudomonadota;c__Gammaproteobacteria;o__Enterobacterales_A;f__Vibrionaceae;g__Vibrio;s__Vibrio superstes,iPHoP-RF,95.70,None
WATLvirus_00046586,GB_GCA_024346935.1,d__Bacteria;p__Pseudomonadota;c__Gammaproteobacteria;o__Enterobacterales_A;f__Vibrionaceae;g__Vibrio;s__Vibrio inusitatus,iPHoP-RF,95.40,None
WATLvirus_00046586,RS_GCF_001677275.1,d__Bacteria;p__Pseudomonadota;c__Gammaproteobacteria;o__Enterobacterales_A;f__Vibrionaceae;g__Vibrio;s__Vibrio breoganii,iPHoP-RF,95.10,None
WATLvirus_00046586,GB_GCA_024346835.1,d__Bacteria;p__Pseudomonadota;c__Gammaproteobacteria;o__Enterobacterales_A;f__Vibrionaceae;g__Vibrio;s__Vibrio comitans,iPHoP-RF,94.10,None
WATLvirus_00046586,RS_GCF_013114595.1,d__Bacteria;p__Pseudomonadota;c__Gammaproteobacteria;o__Enterobacterales_A;f__Vibrionaceae;g__Vibrio;s__Vibrio sp013114595,iPHoP-RF,94.10,None
WATLvirus_00046586,GB_GCA_000775715.1,d__Bacteria;p__Pseudomonadota;c__Gammaproteobacteria;o__Enterobacterales_A;f__Vibrionaceae;g__Vibrio;s__Vibrio tubiashii_A,iPHoP-RF,90.50,None
WATLvirus_00046616,RS_GCF_021729845.1,d__Bacteria;p__Pseudomonadota;c__Alphaproteobacteria;o__Rhizobiales;f__Rhizobiaceae;g__Allorhizobium;s__Allorhizobium sp021729845,iPHoP-RF,93.40,None
WATLvirus_00046616,GB_GCA_900473805.1,d__Bacteria;p__Pseudomonadota;c__Alphaproteobacteria;o__Rhizobiales;f__Rhizobiaceae;g__Allorhizobium;s__Allorhizobium sp900473805,iPHoP-RF,93.10,None
WATLvirus_00046661,RS_GCF_021310995.1,d__Bacteria;p__Pseudomonadota;c__Alphaproteobacteria;o__Rhizobiales;f__Rhizobiaceae;g__Agrobacterium;s__Agrobacterium vaccinii,iPHoP-RF,93.70,None
WATLvirus_00046673,GB_GCA_905182555.1,d__Bacteria;p__Actinomycetota;c__Acidimicrobiia;o__Acidimicrobiales;f__Ilumatobacteraceae;g__Ilumatobacter_A;s__Ilumatobacter_A sp905182555,iPHoP-RF,93.70,None
WATLvirus_00046698,GB_GCA_017854415.1,d__Bacteria;p__Pseudomonadota;c__Alphaproteobacteria;o__Rhodobacterales;f__Rhodobacteraceae;g__Yoonia;s__Yoonia sp017854415,iPHoP-RF,90.80,None
WATLvirus_00046704,GB_GCA_014359765.1,d__Bacteria;p__Pseudomonadota;c__Alphaproteobacteria;o__Rhodobacterales;f__Rhodobacteraceae;g__Roseovarius;s__Roseovarius sp014359765,blast,92.00,iPHoP-RF;77.10
WATLvirus_00056091,RS_GCF_024204665.1,d__Archaea;p__Halobacteriota;c__Halobacteria;o__Halobacteriales;f__Natrialbaceae;g__Tc-Br11;s__Tc-Br11 sp024204665,blast,95.00,None
WATLvirus_00056133,GB_GCA_012999515.1,d__Bacteria;p__Pseudomonadota;c__Gammaproteobacteria;o__Nevskiales;f__Salinisphaeraceae;g__Salifodinibacter;s__Salifodinibacter halophilus,blast,91.30,iPHoP-RF;59.00
WATLvirus_00056186,bin.252,d__Bacteria;p__Pseudomonadota;c__Gammaproteobacteria;o__Nevskiales;f__Salinisphaeraceae;g__Salifodinibacter;s__,blast,92.80,None
WATLvirus_00057362,RS_GCF_000230715.2,d__Archaea;p__Halobacteriota;c__Halobacteria;o__Halobacteriales;f__Natrialbaceae;g__Natronobacterium;s__Natronobacterium gregoryi,blast,93.50,iPHoP-RF;64.50
WATLvirus_00057362,RS_GCF_900110865.1,d__Archaea;p__Halobacteriota;c__Halobacteria;o__Halobacteriales;f__Natrialbaceae;g__Natrinema;s__Natrinema salaciae,blast,93.10,iPHoP-RF;60.90
WATLvirus_00057449,RS_GCF_000520515.1,d__Bacteria;p__Actinomycetota;c__Actinomycetia;o__Actinomycetales;f__Micrococcaceae;g__Arthrobacter_D;s__Arthrobacter_D sp000520515,iPHoP-RF,92.40,None
WATLvirus_00057481,RS_GCF_001011115.1,d__Archaea;p__Halobacteriota;c__Halobacteria;o__Halobacteriales;f__Halobacteriaceae;g__Halanaeroarchaeum;s__Halanaeroarchaeum sulfurireducens,blast,93.00,iPHoP-RF;53.80
WATLvirus_00057524,RS_GCF_001011115.1,d__Archaea;p__Halobacteriota;c__Halobacteria;o__Halobacteriales;f__Halobacteriaceae;g__Halanaeroarchaeum;s__Halanaeroarchaeum sulfurireducens,blast,93.30,None
WATLvirus_00057544,RS_GCF_004803505.1,d__Bacteria;p__Actinomycetota;c__Actinomycetia;o__Actinomycetales;f__Micrococcaceae;g__Arthrobacter_D;s__Arthrobacter_D echini,iPHoP-RF,95.70,None
WATLvirus_00060613,RS_GCF_000423645.1,d__Bacteria;p__Pseudomonadota;c__Alphaproteobacteria;o__Rhodobacterales;f__Rhodobacteraceae;g__Sediminimonas;s__Sediminimonas qiaohouensis,blast,93.20,iPHoP-RF;74.10
WATLvirus_00060613,GB_GCA_024637375.1,d__Bacteria;p__Pseudomonadota;c__Alphaproteobacteria;o__Rhodobacterales;f__Rhodobacteraceae;g__Sediminimonas;s__Sediminimonas sp024637375,blast,92.30,iPHoP-RF;76.10
WATLvirus_00060613,GB_GCA_002166865.1,d__Bacteria;p__Pseudomonadota;c__Alphaproteobacteria;o__Rhodobacterales;f__Rhodobacteraceae;g__Roseovarius;s__Roseovarius sp002166865,blast,91.30,iPHoP-RF;50.90
WATLvirus_00060621,RS_GCF_900240945.1,d__Bacteria;p__Actinomycetota;c__Actinomycetia;o__Mycobacteriales;f__Mycobacteriaceae;g__Mycobacterium;s__Mycobacterium sp900240945,iPHoP-RF,93.70,None
WATLvirus_00060623,GB_GCA_013334825.1,d__Bacteria;p__Patescibacteria;c__Paceibacteria;o__UBA9983_A;f__JACNGX01;g__JACNGX01;s__JACNGX01 sp013334825,iPHoP-RF,94.10,None
WATLvirus_00060623,GB_GCA_903894565.1,d__Bacteria;p__Patescibacteria;c__Paceibacteria;o__UBA9983_A;f__UBA9973;g__CAITQP01;s__CAITQP01 sp903894565,iPHoP-RF,91.80,None
WATLvirus_00060646,GB_GCA_002771015.1,d__Bacteria;p__Patescibacteria;c__Paceibacteria;o__UBA9983_A;f__UBA1539_A;g__UBA1550;s__UBA1550 sp002771015,iPHoP-RF,90.50,None
WATLvirus_00060651,RS_GCF_003003255.1,d__Bacteria;p__Pseudomonadota;c__Alphaproteobacteria;o__Rhodobacterales;f__Rhodobacteraceae;g__Tropicimonas;s__Tropicimonas haliotis,blast,93.60,None
WATLvirus_00060709,GB_GCA_913045115.1,d__Bacteria;p__Pseudomonadota;c__Gammaproteobacteria;o__GCA-002705445;f__GCA-002716945;g__CACLCV01;s__CACLCV01 sp913045115,iPHoP-RF,93.70,None
WATLvirus_00060712,RS_GCF_010723735.1,d__Bacteria;p__Actinomycetota;c__Actinomycetia;o__Mycobacteriales;f__Mycobacteriaceae;g__Mycobacterium;s__Mycobacterium hippocampi_B,iPHoP-RF,95.70,None
WATLvirus_00060712,RS_GCF_013390125.1,d__Bacteria;p__Actinomycetota;c__Actinomycetia;o__Mycobacteriales;f__Mycobacteriaceae;g__Mycobacterium;s__Mycobacterium hippocampi_A,iPHoP-RF,95.10,None
WATLvirus_00060712,RS_GCF_014190915.1,d__Bacteria;p__Actinomycetota;c__Actinomycetia;o__Mycobacteriales;f__Mycobacteriaceae;g__Mycobacterium;s__Mycobacterium iranicum_B,iPHoP-RF,94.40,None
WATLvirus_00060712,RS_GCF_001650495.1,d__Bacteria;p__Actinomycetota;c__Actinomycetia;o__Mycobacteriales;f__Mycobacteriaceae;g__Mycobacterium;s__Mycobacterium iranicum_A,iPHoP-RF,92.40,None
WATLvirus_00060712,GB_GCA_902826815.1,d__Bacteria;p__Actinomycetota;c__Actinomycetia;o__Mycobacteriales;f__Mycobacteriaceae;g__Mycobacterium;s__Mycobacterium sp902826815,iPHoP-RF,91.40,None
WATLvirus_00060712,RS_GCF_002968285.1,d__Bacteria;p__Actinomycetota;c__Actinomycetia;o__Mycobacteriales;f__Mycobacteriaceae;g__Mycobacterium;s__Mycobacterium sp002968285,iPHoP-RF,91.10,None
WATLvirus_00060712,GB_GCA_023415515.1,d__Bacteria;p__Actinomycetota;c__Actinomycetia;o__Mycobacteriales;f__Mycobacteriaceae;g__Mycobacterium;s__Mycobacterium sp023415515,iPHoP-RF,90.80,None
WATLvirus_00060712,RS_GCF_002101705.1,d__Bacteria;p__Actinomycetota;c__Actinomycetia;o__Mycobacteriales;f__Mycobacteriaceae;g__Mycobacterium;s__Mycobacterium iranicum,iPHoP-RF,90.80,None
WATLvirus_00060712,RS_GCF_900637195.1,d__Bacteria;p__Actinomycetota;c__Actinomycetia;o__Mycobacteriales;f__Mycobacteriaceae;g__Mycobacterium;s__Mycobacterium aurum,iPHoP-RF,90.50,None
WATLvirus_00060712,RS_GCF_900454025.1,d__Bacteria;p__Actinomycetota;c__Actinomycetia;o__Mycobacteriales;f__Mycobacteriaceae;g__Mycobacterium;s__Mycobacterium gilvum,iPHoP-RF,90.10,None
WATLvirus_00060712,RS_GCF_902705885.1,d__Bacteria;p__Actinomycetota;c__Actinomycetia;o__Mycobacteriales;f__Mycobacteriaceae;g__Mycobacterium;s__Mycobacterium vanbaalenii_A,iPHoP-RF,90.10,None
WATLvirus_00060717,RS_GCF_000423645.1,d__Bacteria;p__Pseudomonadota;c__Alphaproteobacteria;o__Rhodobacterales;f__Rhodobacteraceae;g__Sediminimonas;s__Sediminimonas qiaohouensis,blast,93.40,None
WATLvirus_00060717,GB_GCA_024637375.1,d__Bacteria;p__Pseudomonadota;c__Alphaproteobacteria;o__Rhodobacterales;f__Rhodobacteraceae;g__Sediminimonas;s__Sediminimonas sp024637375,blast,92.00,None
WATLvirus_00060761,GB_GCA_024637315.1,d__Bacteria;p__Pseudomonadota;c__Alphaproteobacteria;o__Rhodobacterales;f__Rhodobacteraceae;g__JAHEAO01;s__JAHEAO01 sp024637315,blast,93.90,iPHoP-RF;55.40
WATLvirus_00060774,RS_GCF_013155465.1,d__Bacteria;p__Pseudomonadota;c__Alphaproteobacteria;o__Rhodobacterales;f__Rhodobacteraceae;g__Alterinioella;s__Alterinioella nitratireducens,blast,93.70,iPHoP-RF;58.20
WATLvirus_00060784,RS_GCF_900109705.1,d__Bacteria;p__Pseudomonadota;c__Alphaproteobacteria;o__Rhodobacterales;f__Rhodobacteraceae;g__Roseivivax;s__Roseivivax marinus,blast,93.30,None
WATLvirus_00060784,RS_GCF_003667315.2,d__Bacteria;p__Pseudomonadota;c__Alphaproteobacteria;o__Rhodobacterales;f__Rhodobacteraceae;g__Tropicibacter;s__Tropicibacter sp003667315,blast,91.90,None
WATLvirus_00060784,RS_GCF_900109145.1,d__Bacteria;p__Pseudomonadota;c__Alphaproteobacteria;o__Rhodobacterales;f__Rhodobacteraceae;g__Marinovum;s__Marinovum algicola,blast,91.50,None
WATLvirus_00060787,RS_GCF_007752345.1,d__Bacteria;p__Planctomycetota;c__Planctomycetia;o__Planctomycetales;f__Planctomycetaceae;g__Planctopirus;s__Planctopirus ephydatiae,iPHoP-RF,91.80,None
WATLvirus_00060801,RS_GCF_900188425.1,d__Bacteria;p__Pseudomonadota;c__Alphaproteobacteria;o__Rhodobacterales;f__Rhodobacteraceae;g__Antarctobacter;s__Antarctobacter heliothermus,blast,91.80,iPHoP-RF;70.60
WATLvirus_00060849,GB_GCA_903823545.1,d__Bacteria;p__Planctomycetota;c__Planctomycetia;o__Planctomycetales;f__Planctomycetaceae;g__SXKJ01;s__SXKJ01 sp903823545,iPHoP-RF,90.10,None
WATLvirus_00060930,GB_GCA_024637375.1,d__Bacteria;p__Pseudomonadota;c__Alphaproteobacteria;o__Rhodobacterales;f__Rhodobacteraceae;g__Sediminimonas;s__Sediminimonas sp024637375,blast,93.60,iPHoP-RF;58.20
WATLvirus_00060930,RS_GCF_000423645.1,d__Bacteria;p__Pseudomonadota;c__Alphaproteobacteria;o__Rhodobacterales;f__Rhodobacteraceae;g__Sediminimonas;s__Sediminimonas qiaohouensis,blast,91.90,iPHoP-RF;59.00
WATLvirus_00060930,GB_GCA_003417655.1,d__Bacteria;p__Pseudomonadota;c__Alphaproteobacteria;o__Rhodobacterales;f__Rhodobacteraceae;g__Lentibacter;s__Lentibacter sp003417655,blast,90.30,None
WATLvirus_00067634,RS_GCF_000152845.1,d__Bacteria;p__Pseudomonadota;c__Alphaproteobacteria;o__Rhodobacterales;f__Rhodobacteraceae;g__Roseovarius;s__Roseovarius sp000152845,blast,96.40,iPHoP-RF;79.80
WATLvirus_00067634,RS_GCF_000768555.3,d__Bacteria;p__Pseudomonadota;c__Alphaproteobacteria;o__Rhodobacterales;f__Rhodobacteraceae;g__Roseovarius;s__Roseovarius mucosus,blast,96.00,iPHoP-RF;83.90
WATLvirus_00067634,RS_GCF_900115165.1,d__Bacteria;p__Pseudomonadota;c__Alphaproteobacteria;o__Rhodobacterales;f__Rhodobacteraceae;g__Roseovarius;s__Roseovarius lutimaris,iPHoP-RF,93.10,None
WATLvirus_00067634,RS_GCF_002080415.1,d__Bacteria;p__Pseudomonadota;c__Alphaproteobacteria;o__Rhodobacterales;f__Rhodobacteraceae;g__Roseovarius;s__Roseovarius mucosus_A,blast,92.30,iPHoP-RF;87.00
WATLvirus_00067634,GB_GCA_001314705.1,d__Bacteria;p__Pseudomonadota;c__Alphaproteobacteria;o__Rhodobacterales;f__Rhodobacteraceae;g__Aquicoccus;s__Aquicoccus sp001314705,blast,91.80,None
WATLvirus_00067634,RS_GCF_900142625.1,d__Bacteria;p__Pseudomonadota;c__Alphaproteobacteria;o__Rhodobacterales;f__Rhodobacteraceae;g__Roseovarius;s__Roseovarius marisflavi,blast,91.70,iPHoP-RF;91.40
WATLvirus_00067634,RS_GCF_900109455.1,d__Bacteria;p__Pseudomonadota;c__Alphaproteobacteria;o__Rhodobacterales;f__Rhodobacteraceae;g__Roseovarius;s__Roseovarius azorensis,blast,91.30,iPHoP-RF;83.10
WATLvirus_00067635,GB_GCA_023257655.1,d__Bacteria;p__Pseudomonadota;c__Gammaproteobacteria;o__Pseudomonadales;f__Pseudohongiellaceae;g__UBA9145;s__UBA9145 sp023257655,blast,93.90,None
WATLvirus_00067691,GB_GCA_017643905.1,d__Bacteria;p__Pseudomonadota;c__Alphaproteobacteria;o__Rhodobacterales;f__Rhodobacteraceae;g__Marivita;s__Marivita sp017643905,blast,93.40,iPHoP-RF;51.70
WATLvirus_00067691,RS_GCF_005434965.1,d__Bacteria;p__Pseudomonadota;c__Alphaproteobacteria;o__Rhodobacterales;f__Rhodobacteraceae;g__Marimonas;s__Marimonas lutisalis,blast,91.60,None
WATLvirus_00067691,RS_GCF_900110425.1,d__Bacteria;p__Pseudomonadota;c__Alphaproteobacteria;o__Rhodobacterales;f__Rhodobacteraceae;g__Salinihabitans;s__Salinihabitans flavidus,blast,91.60,None
WATLvirus_00067691,RS_GCF_001458255.1,d__Bacteria;p__Pseudomonadota;c__Alphaproteobacteria;o__Rhodobacterales;f__Rhodobacteraceae;g__Thalassobius;s__Thalassobius autumnalis,blast,90.60,None
WATLvirus_00067691,RS_GCF_001049735.1,d__Bacteria;p__Pseudomonadota;c__Alphaproteobacteria;o__Rhodobacterales;f__Rhodobacteraceae;g__Nereida;s__Nereida ignava,blast,90.40,None
WATLvirus_00067691,RS_GCF_004799325.1,d__Bacteria;p__Pseudomonadota;c__Alphaproteobacteria;o__Rhodobacterales;f__Rhodobacteraceae;g__Thalassobius;s__Thalassobius vesicularis,blast,90.30,None
WATLvirus_00067695,RS_GCF_003063355.1,d__Bacteria;p__Pseudomonadota;c__Gammaproteobacteria;o__Burkholderiales;f__Burkholderiaceae_B;g__Limnohabitans_A;s__Limnohabitans_A sp003063355,blast,91.90,iPHoP-RF;50.70
WATLvirus_00067696,RS_GCF_022662195.1,d__Bacteria;p__Bacteroidota;c__Bacteroidia;o__Flavobacteriales;f__Flavobacteriaceae;g__Aestuariivivens;s__Aestuariivivens insulae,iPHoP-RF,95.70,None
WATLvirus_00067696,RS_GCF_022662175.1,d__Bacteria;p__Bacteroidota;c__Bacteroidia;o__Flavobacteriales;f__Flavobacteriaceae;g__Aestuariivivens;s__Aestuariivivens marinum,iPHoP-RF,95.10,None
WATLvirus_00067696,RS_GCF_016428595.1,d__Bacteria;p__Bacteroidota;c__Bacteroidia;o__Flavobacteriales;f__Flavobacteriaceae;g__Snuella;s__Snuella sedimenti,iPHoP-RF,94.10,None
WATLvirus_00067698,GB_GCA_002387205.1,d__Bacteria;p__Pseudomonadota;c__Gammaproteobacteria;o__Pseudomonadales;f__Pseudomonadaceae;g__Stutzerimonas;s__Stutzerimonas stutzeri_N,iPHoP-RF,93.70,None
WATLvirus_00067698,GB_GCA_022448005.1,d__Bacteria;p__Pseudomonadota;c__Gammaproteobacteria;o__Pseudomonadales;f__Pseudomonadaceae;g__Stutzerimonas;s__Stutzerimonas sp022448005,iPHoP-RF,93.70,None
WATLvirus_00067698,RS_GCF_024448895.1,d__Bacteria;p__Pseudomonadota;c__Gammaproteobacteria;o__Pseudomonadales;f__Pseudomonadaceae;g__Stutzerimonas;s__Stutzerimonas stutzeri_Q,iPHoP-RF,93.70,None
WATLvirus_00067698,RS_GCF_003052515.2,d__Bacteria;p__Pseudomonadota;c__Gammaproteobacteria;o__Pseudomonadales;f__Pseudomonadaceae;g__Pseudomonas_E;s__Pseudomonas_E sp003052515,iPHoP-RF,90.50,None
WATLvirus_00067706,RS_GCF_003063355.1,d__Bacteria;p__Pseudomonadota;c__Gammaproteobacteria;o__Burkholderiales;f__Burkholderiaceae_B;g__Limnohabitans_A;s__Limnohabitans_A sp003063355,blast,93.60,iPHoP-RF;73.20
WATLvirus_00067713,GB_GCA_002842265.1,d__Bacteria;p__Pseudomonadota;c__Gammaproteobacteria;o__Burkholderiales;f__Burkholderiaceae_B;g__Rhodoferax;s__Rhodoferax sp002842265,iPHoP-RF,96.10,None
WATLvirus_00067713,GB_GCA_903830985.1,d__Bacteria;p__Pseudomonadota;c__Gammaproteobacteria;o__Burkholderiales;f__Burkholderiaceae_B;g__CAIKVZ01;s__CAIKVZ01 sp903830985,iPHoP-RF,95.40,None
WATLvirus_00067713,GB_GCA_903914175.1,d__Bacteria;p__Pseudomonadota;c__Gammaproteobacteria;o__Burkholderiales;f__Burkholderiaceae_B;g__Rhodoferax;s__Rhodoferax sp903914175,iPHoP-RF,95.10,None
WATLvirus_00067713,GB_GCA_903896425.1,d__Bacteria;p__Pseudomonadota;c__Gammaproteobacteria;o__Burkholderiales;f__Burkholderiaceae_B;g__Rhodoferax;s__Rhodoferax sp903896425,iPHoP-RF,94.40,None
WATLvirus_00067713,GB_GCA_903938955.1,d__Bacteria;p__Pseudomonadota;c__Gammaproteobacteria;o__Burkholderiales;f__Burkholderiaceae_B;g__Rhodoferax;s__Rhodoferax sp903938955,iPHoP-RF,94.10,None
WATLvirus_00067713,RS_GCF_001938565.1,d__Bacteria;p__Pseudomonadota;c__Gammaproteobacteria;o__Burkholderiales;f__Burkholderiaceae_B;g__Rhodoferax;s__Rhodoferax antarcticus,iPHoP-RF,94.10,None
WATLvirus_00067713,GB_GCA_003133245.1,d__Bacteria;p__Pseudomonadota;c__Gammaproteobacteria;o__Burkholderiales;f__Burkholderiaceae_B;g__Rhodoferax;s__Rhodoferax sp003133245,iPHoP-RF,93.10,None
WATLvirus_00067713,GB_GCA_903905735.1,d__Bacteria;p__Pseudomonadota;c__Gammaproteobacteria;o__Burkholderiales;f__Burkholderiaceae_B;g__Rhodoferax;s__Rhodoferax sp903905735,iPHoP-RF,92.80,None
WATLvirus_00067713,GB_GCA_013791765.1,d__Bacteria;p__Pseudomonadota;c__Gammaproteobacteria;o__Burkholderiales;f__Burkholderiaceae_B;g__Rhodoferax;s__Rhodoferax sp013791765,iPHoP-RF,92.40,None
WATLvirus_00067713,GB_GCA_903856025.1,d__Bacteria;p__Pseudomonadota;c__Gammaproteobacteria;o__Burkholderiales;f__Burkholderiaceae_B;g__Rhodoferax;s__Rhodoferax sp903856025,iPHoP-RF,92.10,None
WATLvirus_00067713,GB_GCA_018063565.1,d__Bacteria;p__Pseudomonadota;c__Gammaproteobacteria;o__Burkholderiales;f__Burkholderiaceae_B;g__Rhodoferax;s__Rhodoferax sp018063565,iPHoP-RF,91.80,None
WATLvirus_00067713,GB_GCA_021812315.1,d__Bacteria;p__Pseudomonadota;c__Gammaproteobacteria;o__Burkholderiales;f__Burkholderiaceae_B;g__Rhodoferax;s__Rhodoferax sp021812315,iPHoP-RF,91.80,None
WATLvirus_00067713,GB_GCA_002784245.1,d__Bacteria;p__Pseudomonadota;c__Gammaproteobacteria;o__Burkholderiales;f__Burkholderiaceae_B;g__Rhodoferax;s__Rhodoferax sp002784245,iPHoP-RF,91.10,None
WATLvirus_00067713,GB_GCA_002786915.1,d__Bacteria;p__Pseudomonadota;c__Gammaproteobacteria;o__Burkholderiales;f__Burkholderiaceae_B;g__Rhodoferax;s__Rhodoferax sp002786915,iPHoP-RF,90.80,None
WATLvirus_00067713,GB_GCA_002413825.1,d__Bacteria;p__Pseudomonadota;c__Gammaproteobacteria;o__Burkholderiales;f__Burkholderiaceae_B;g__Rhodoferax;s__Rhodoferax sp002413825,iPHoP-RF,90.50,None
WATLvirus_00067715,RS_GCF_000423285.1,d__Bacteria;p__Pseudomonadota;c__Gammaproteobacteria;o__Burkholderiales;f__Aquaspirillaceae;g__Laribacter;s__Laribacter hongkongensis,blast,92.10,None
WATLvirus_00067720,RS_GCF_024448935.1,d__Bacteria;p__Pseudomonadota;c__Gammaproteobacteria;o__Pseudomonadales;f__Pseudomonadaceae;g__Stutzerimonas;s__Stutzerimonas stutzeri_AO,iPHoP-RF,95.10,None
WATLvirus_00067720,RS_GCF_003052605.1,d__Bacteria;p__Pseudomonadota;c__Gammaproteobacteria;o__Pseudomonadales;f__Pseudomonadaceae;g__Pseudomonas_E;s__Pseudomonas_E indoloxydans,iPHoP-RF,94.10,None
WATLvirus_00067720,RS_GCF_002197815.1,d__Bacteria;p__Pseudomonadota;c__Gammaproteobacteria;o__Pseudomonadales;f__Pseudomonadaceae;g__Pseudomonas_E;s__Pseudomonas_E oleovorans,iPHoP-RF,93.70,None
WATLvirus_00067720,RS_GCF_021495345.1,d__Bacteria;p__Pseudomonadota;c__Gammaproteobacteria;o__Pseudomonadales;f__Pseudomonadaceae;g__Pseudomonas_E;s__Pseudomonas_E hydrolytica,iPHoP-RF,93.70,None
WATLvirus_00067720,RS_GCF_000418555.1,d__Bacteria;p__Pseudomonadota;c__Gammaproteobacteria;o__Pseudomonadales;f__Pseudomonadaceae;g__Pseudomonas_E;s__Pseudomonas_E sp000418555,iPHoP-RF,92.40,None
WATLvirus_00067720,RS_GCF_009932725.1,d__Bacteria;p__Pseudomonadota;c__Gammaproteobacteria;o__Pseudomonadales;f__Pseudomonadaceae;g__Pseudomonas_E;s__Pseudomonas_E yangonensis,iPHoP-RF,92.40,None
WATLvirus_00067720,RS_GCF_900099645.1,d__Bacteria;p__Pseudomonadota;c__Gammaproteobacteria;o__Pseudomonadales;f__Pseudomonadaceae;g__Pseudomonas_E;s__Pseudomonas_E peli,iPHoP-RF,91.10,None
WATLvirus_00067720,RS_GCF_900105355.1,d__Bacteria;p__Pseudomonadota;c__Gammaproteobacteria;o__Pseudomonadales;f__Pseudomonadaceae;g__Pseudomonas_E;s__Pseudomonas_E anguilliseptica,iPHoP-RF,91.10,None
WATLvirus_00067735,GB_GCA_016708345.1,d__Bacteria;p__Pseudomonadota;c__Gammaproteobacteria;o__Burkholderiales;f__Burkholderiaceae_B;g__Rhodoferax;s__Rhodoferax sp016708345,iPHoP-RF,92.80,None
WATLvirus_00067735,GB_GCA_013791765.1,d__Bacteria;p__Pseudomonadota;c__Gammaproteobacteria;o__Burkholderiales;f__Burkholderiaceae_B;g__Rhodoferax;s__Rhodoferax sp013791765,iPHoP-RF,91.80,None
WATLvirus_00067735,GB_GCA_016718155.1,d__Bacteria;p__Pseudomonadota;c__Gammaproteobacteria;o__Burkholderiales;f__Burkholderiaceae_B;g__Rhodoferax;s__Rhodoferax sp016718155,iPHoP-RF,91.40,None
WATLvirus_00067735,GB_GCA_016718405.1,d__Bacteria;p__Pseudomonadota;c__Gammaproteobacteria;o__Burkholderiales;f__Burkholderiaceae_B;g__Rhodoferax;s__Rhodoferax sp016718405,iPHoP-RF,91.40,None
WATLvirus_00067735,GB_GCA_010365055.1,d__Bacteria;p__Pseudomonadota;c__Gammaproteobacteria;o__Burkholderiales;f__Burkholderiaceae_B;g__Rhodoferax;s__Rhodoferax sp010365055,iPHoP-RF,90.50,None
WATLvirus_00067743,GB_GCA_016936395.1,d__Bacteria;p__Pseudomonadota;c__Alphaproteobacteria;o__Rhodobacterales;f__Rhodobacteraceae;g__Pseudotabrizicola;s__Pseudotabrizicola sp016936395,blast,92.40,iPHoP-RF;72.20
WATLvirus_00067743,GB_GCA_021741245.1,d__Bacteria;p__Pseudomonadota;c__Alphaproteobacteria;o__Rhodobacterales;f__Rhodobacteraceae;g__Pseudotabrizicola;s__Pseudotabrizicola sp021741245,blast,91.80,iPHoP-RF;67.30
WATLvirus_00067743,GB_GCA_020721445.1,d__Bacteria;p__Pseudomonadota;c__Alphaproteobacteria;o__Rhodobacterales;f__Rhodobacteraceae;g__Pseudotabrizicola;s__Pseudotabrizicola nectariphilus_A,blast,91.70,iPHoP-RF;74.10
WATLvirus_00067746,RS_GCF_001308265.1,d__Bacteria;p__Pseudomonadota;c__Alphaproteobacteria;o__Rhodobacterales;f__Rhodobacteraceae;g__Celeribacter_A;s__Celeribacter_A marinus,blast,92.60,None
WATLvirus_00067751,GB_GCA_018402565.1,d__Bacteria;p__Planctomycetota;c__Planctomycetia;o__Pirellulales;f__Pirellulaceae;g__M30B19;s__M30B19 sp018402565,blast,93.30,None
WATLvirus_00067774,RS_GCF_003991405.1,d__Bacteria;p__Pseudomonadota;c__Alphaproteobacteria;o__Rhodobacterales;f__Rhodobacteraceae;g__Pseudorhodobacter;s__Pseudorhodobacter sp003991405,blast,91.90,iPHoP-RF;59.00
WATLvirus_00067774,RS_GCF_000420745.1,d__Bacteria;p__Pseudomonadota;c__Alphaproteobacteria;o__Rhodobacterales;f__Rhodobacteraceae;g__Pseudorhodobacter;s__Pseudorhodobacter ferrugineus,blast,91.80,iPHoP-RF;63.80
WATLvirus_00067774,GB_GCA_014763725.1,d__Bacteria;p__Pseudomonadota;c__Alphaproteobacteria;o__Rhodobacterales;f__Rhodobacteraceae;g__JACXUX01;s__JACXUX01 sp014763725,blast,90.30,None
WATLvirus_00067774,RS_GCF_004799285.1,d__Bacteria;p__Pseudomonadota;c__Alphaproteobacteria;o__Rhodobacterales;f__Rhodobacteraceae;g__Gemmobacter_D;s__Gemmobacter_D aestuarii,blast,90.20,iPHoP-RF;51.50
WATLvirus_00067775,GB_GCA_903932865.1,d__Bacteria;p__Pseudomonadota;c__Gammaproteobacteria;o__Burkholderiales;f__Burkholderiaceae_B;g__Limnohabitans_A;s__Limnohabitans_A sp903932865,blast,93.60,None
WATLvirus_00067775,RS_GCF_014837235.1,d__Bacteria;p__Pseudomonadota;c__Gammaproteobacteria;o__Burkholderiales;f__Burkholderiaceae_B;g__Limnohabitans_A;s__Limnohabitans_A radicicola,blast,91.90,None
WATLvirus_00067775,GB_GCA_919902775.1,d__Bacteria;p__Pseudomonadota;c__Gammaproteobacteria;o__Burkholderiales;f__Burkholderiaceae_B;g__Limnohabitans_A;s__Limnohabitans_A sp919902775,blast,90.90,None
WATLvirus_00067775,RS_GCF_003063455.1,d__Bacteria;p__Pseudomonadota;c__Gammaproteobacteria;o__Burkholderiales;f__Burkholderiaceae_B;g__Limnohabitans_A;s__Limnohabitans_A parvus,blast,90.90,iPHoP-RF;51.20
WATLvirus_00067778,GB_GCA_018500075.1,d__Bacteria;p__Pseudomonadota;c__Alphaproteobacteria;o__Rhodobacterales;f__Rhodobacteraceae;g__Lentibacter;s__Lentibacter sp018500075,blast,92.00,iPHoP-RF;58.20
WATLvirus_00067778,RS_GCF_900107355.1,d__Bacteria;p__Pseudomonadota;c__Alphaproteobacteria;o__Rhodobacterales;f__Rhodobacteraceae;g__Lentibacter;s__Lentibacter algarum,blast,91.80,iPHoP-RF;61.10
WATLvirus_00067779,GB_GCA_002423245.1,d__Bacteria;p__Pseudomonadota;c__Alphaproteobacteria;o__Rhodobacterales;f__Rhodobacteraceae;g__Frigidibacter;s__Frigidibacter sp002423245,blast,92.00,iPHoP-RF;77.10
WATLvirus_00067779,GB_GCA_017303485.1,d__Bacteria;p__Pseudomonadota;c__Alphaproteobacteria;o__Rhodobacterales;f__Rhodobacteraceae;g__Tabrizicola;s__Tabrizicola sp017303485,blast,91.30,iPHoP-RF;65.60
WATLvirus_00067780,GB_GCA_018401115.1,d__Bacteria;p__Bacteroidota;c__Bacteroidia;o__Flavobacteriales;f__Flavobacteriaceae;g__MAG-120531;s__MAG-120531 sp018401115,blast,94.10,iPHoP-RF;55.70
WATLvirus_00067780,GB_GCA_905182295.1,d__Bacteria;p__Bacteroidota;c__Bacteroidia;o__Flavobacteriales;f__Flavobacteriaceae;g__MAG-120531;s__MAG-120531 sp905182295,blast,93.90,iPHoP-RF;56.80
WATLvirus_00067780,GB_GCA_000173115.1,d__Bacteria;p__Bacteroidota;c__Bacteroidia;o__Flavobacteriales;f__Flavobacteriaceae;g__MAG-120531;s__MAG-120531 sp000173115,blast,93.60,None
WATLvirus_00067780,GB_GCA_024643325.1,d__Bacteria;p__Bacteroidota;c__Bacteroidia;o__Flavobacteriales;f__Flavobacteriaceae;g__MAG-120531;s__MAG-120531 sp024643325,blast,93.60,iPHoP-RF;57.90
WATLvirus_00067780,GB_GCA_022239325.1,d__Bacteria;p__Bacteroidota;c__Bacteroidia;o__Flavobacteriales;f__Flavobacteriaceae;g__MAG-120531;s__MAG-120531 sp022239325,blast,93.30,None
WATLvirus_00067780,bin.43,d__Bacteria;p__Bacteroidota;c__Bacteroidia;o__Flavobacteriales;f__Flavobacteriaceae;g__MAG-120531;s__,blast,93.20,None
WATLvirus_00067780,GB_GCA_018500065.1,d__Bacteria;p__Bacteroidota;c__Bacteroidia;o__Flavobacteriales;f__Flavobacteriaceae;g__MAG-120531;s__MAG-120531 sp018500065,blast,90.20,None
WATLvirus_00067793,GB_GCA_017643905.1,d__Bacteria;p__Pseudomonadota;c__Alphaproteobacteria;o__Rhodobacterales;f__Rhodobacteraceae;g__Marivita;s__Marivita sp017643905,blast,92.10,iPHoP-RF;68.90
WATLvirus_00067803,GB_GCA_002413395.1,d__Bacteria;p__Pseudomonadota;c__Gammaproteobacteria;o__Burkholderiales;f__Burkholderiaceae_B;g__Polaromonas;s__Polaromonas sp002413395,iPHoP-RF,90.50,None
WATLvirus_00067811,GB_GCA_010021145.1,d__Bacteria;p__Pseudomonadota;c__Alphaproteobacteria;o__Pelagibacterales;f__Pelagibacteraceae;g__Fonsibacter;s__Fonsibacter lacus,blast,93.20,None
WATLvirus_00067815,RS_GCF_000763805.1,d__Bacteria;p__Pseudomonadota;c__Alphaproteobacteria;o__Rhodobacterales;f__Rhodobacteraceae;g__Paracoccus;s__Paracoccus sphaerophysae,blast,93.20,None
WATLvirus_00067822,GB_GCA_003240735.1,d__Bacteria;p__Pseudomonadota;c__Alphaproteobacteria;o__Rhodobacterales;f__Rhodobacteraceae;g__Paracoccus;s__Paracoccus denitrificans_A,blast,93.60,iPHoP-RF;57.60
WATLvirus_00067822,RS_GCF_000622145.1,d__Bacteria;p__Pseudomonadota;c__Alphaproteobacteria;o__Rhodobacterales;f__Rhodobacteraceae;g__Paracoccus;s__Paracoccus yeei,blast,90.40,None
WATLvirus_00067843,GB_GCA_002841115.1,d__Bacteria;p__Pseudomonadota;c__Alphaproteobacteria;o__Rhodobacterales;f__Rhodobacteraceae;g__Albidovulum;s__Albidovulum sp002841115,blast,91.20,None
WATLvirus_00067847,RS_GCF_004310345.1,d__Bacteria;p__Pseudomonadota;c__Alphaproteobacteria;o__Rhodobacterales;f__Rhodobacteraceae;g__Paracoccus;s__Paracoccus subflavus,blast,91.40,None
WATLvirus_00067851,RS_GCF_002553505.1,d__Bacteria;p__Actinomycetota;c__Actinomycetia;o__Mycobacteriales;f__Mycobacteriaceae;g__Mycobacterium;s__Mycobacterium agri,iPHoP-RF,95.10,None
WATLvirus_00067851,RS_GCF_001667505.1,d__Bacteria;p__Actinomycetota;c__Actinomycetia;o__Mycobacteriales;f__Mycobacteriaceae;g__Mycobacterium;s__Mycobacterium sp001667505,iPHoP-RF,91.40,None
WATLvirus_00067851,RS_GCF_900240945.1,d__Bacteria;p__Actinomycetota;c__Actinomycetia;o__Mycobacteriales;f__Mycobacteriaceae;g__Mycobacterium;s__Mycobacterium sp900240945,iPHoP-RF,90.50,None
WATLvirus_00067853,GB_GCA_018500075.1,d__Bacteria;p__Pseudomonadota;c__Alphaproteobacteria;o__Rhodobacterales;f__Rhodobacteraceae;g__Lentibacter;s__Lentibacter sp018500075,blast,93.50,iPHoP-RF;70.00
WATLvirus_00067853,RS_GCF_900107355.1,d__Bacteria;p__Pseudomonadota;c__Alphaproteobacteria;o__Rhodobacterales;f__Rhodobacteraceae;g__Lentibacter;s__Lentibacter algarum,blast,91.30,iPHoP-RF;61.10
WATLvirus_00067855,RS_GCF_019195455.1,d__Bacteria;p__Pseudomonadota;c__Alphaproteobacteria;o__Rhodobacterales;f__Rhodobacteraceae;g__Gymnodinialimonas;s__Gymnodinialimonas sp001650845,blast,93.80,None
WATLvirus_00067859,RS_GCF_900187275.1,d__Bacteria;p__Pseudomonadota;c__Gammaproteobacteria;o__Enterobacterales_A;f__Pasteurellaceae;g__Pasteurella;s__Pasteurella multocida,blast,91.00,None
WATLvirus_00067859,RS_GCF_011455875.1,d__Bacteria;p__Pseudomonadota;c__Gammaproteobacteria;o__Enterobacterales_A;f__Pasteurellaceae;g__Basfia;s__Basfia succiniciproducens,blast,90.50,None
WATLvirus_00067871,RS_GCF_014643635.1,d__Bacteria;p__Pseudomonadota;c__Alphaproteobacteria;o__Rhodobacterales;f__Rhodobacteraceae;g__Salipiger;s__Salipiger pallidus,iPHoP-RF,93.40,None
WATLvirus_00067871,RS_GCF_015220045.1,d__Bacteria;p__Pseudomonadota;c__Alphaproteobacteria;o__Rhodobacterales;f__Rhodobacteraceae;g__Marivivens;s__Marivivens aquimaris,iPHoP-RF,92.40,None
WATLvirus_00067871,RS_GCF_900109705.1,d__Bacteria;p__Pseudomonadota;c__Alphaproteobacteria;o__Rhodobacterales;f__Rhodobacteraceae;g__Roseivivax;s__Roseivivax marinus,iPHoP-RF,92.40,None
WATLvirus_00067871,RS_GCF_003054175.1,d__Bacteria;p__Pseudomonadota;c__Alphaproteobacteria;o__Rhodobacterales;f__Rhodobacteraceae;g__Allosediminivita;s__Allosediminivita pacifica,iPHoP-RF,91.40,None
WATLvirus_00067871,RS_GCF_014196795.1,d__Bacteria;p__Pseudomonadota;c__Alphaproteobacteria;o__Rhodobacterales;f__Rhodobacteraceae;g__Sagittula;s__Sagittula marina,iPHoP-RF,91.10,None
WATLvirus_00067874,RS_GCF_001308265.1,d__Bacteria;p__Pseudomonadota;c__Alphaproteobacteria;o__Rhodobacterales;f__Rhodobacteraceae;g__Celeribacter_A;s__Celeribacter_A marinus,blast,93.70,iPHoP-RF;50.40
WATLvirus_00067874,RS_GCF_900107355.1,d__Bacteria;p__Pseudomonadota;c__Alphaproteobacteria;o__Rhodobacterales;f__Rhodobacteraceae;g__Lentibacter;s__Lentibacter algarum,blast,90.90,iPHoP-RF;56.20
WATLvirus_00067883,RS_GCF_900107355.1,d__Bacteria;p__Pseudomonadota;c__Alphaproteobacteria;o__Rhodobacterales;f__Rhodobacteraceae;g__Lentibacter;s__Lentibacter algarum,blast,92.30,None
WATLvirus_00067883,GB_GCA_003149565.1,d__Bacteria;p__Pseudomonadota;c__Alphaproteobacteria;o__Rhodobacterales;f__Rhodobacteraceae;g__Marivita;s__Marivita sp003149565,blast,91.70,iPHoP-RF;50.40
WATLvirus_00067889,RS_GCF_003063355.1,d__Bacteria;p__Pseudomonadota;c__Gammaproteobacteria;o__Burkholderiales;f__Burkholderiaceae_B;g__Limnohabitans_A;s__Limnohabitans_A sp003063355,blast,91.90,None
WATLvirus_00067893,GB_GCA_002724735.1,d__Bacteria;p__Marinisomatota;c__Marinisomatia;o__Marinisomatales;f__TCS55;g__TMED108;s__TMED108 sp002724735,blast,93.70,iPHoP-RF;55.40
WATLvirus_00067908,RS_GCF_011601345.1,d__Bacteria;p__Pseudomonadota;c__Alphaproteobacteria;o__Rhodobacterales;f__Rhodobacteraceae;g__Roseovarius;s__Roseovarius gahaiensis,blast,93.90,iPHoP-RF;68.00
WATLvirus_00067919,GB_GCA_010021145.1,d__Bacteria;p__Pseudomonadota;c__Alphaproteobacteria;o__Pelagibacterales;f__Pelagibacteraceae;g__Fonsibacter;s__Fonsibacter lacus,blast,94.00,None
WATLvirus_00067921,GB_GCA_009923505.1,d__Bacteria;p__Pseudomonadota;c__Gammaproteobacteria;o__Burkholderiales;f__Burkholderiaceae_B;g__Limnohabitans;s__Limnohabitans sp009923505,blast,90.60,None
WATLvirus_00067921,GB_GCA_903953985.1,d__Bacteria;p__Pseudomonadota;c__Gammaproteobacteria;o__Burkholderiales;f__Burkholderiaceae_B;g__Limnohabitans_A;s__Limnohabitans_A sp903953985,blast,90.50,None
WATLvirus_00067925,RS_GCF_001458315.1,d__Bacteria;p__Pseudomonadota;c__Alphaproteobacteria;o__Rhodobacterales;f__Rhodobacteraceae;g__Thalassobacter;s__Thalassobacter stenotrophicus,blast,94.70,None
WATLvirus_00113170,GB_GCA_001724135.1,d__Bacteria;p__Pseudomonadota;c__Gammaproteobacteria;o__Burkholderiales;f__Burkholderiaceae_B;g__Comamonas_C;s__Comamonas_C sp001724135,blast,91.90,iPHoP-RF;56.00
WATLvirus_00114210,RS_GCF_002760615.1,d__Bacteria;p__Pseudomonadota;c__Alphaproteobacteria;o__Rhodobacterales;f__Rhodobacteraceae;g__Puniceibacterium;s__Puniceibacterium antarcticum,blast,93.80,None
WATLvirus_00114210,GB_GCA_903930735.1,d__Bacteria;p__Pseudomonadota;c__Alphaproteobacteria;o__Rhodobacterales;f__Rhodobacteraceae;g__CAIYZT01;s__CAIYZT01 sp903930735,blast,90.20,None
WATLvirus_00114212,RS_GCF_000735435.1,d__Bacteria;p__Pseudomonadota;c__Gammaproteobacteria;o__Enterobacterales;f__Enterobacteriaceae;g__Klebsiella;s__Klebsiella planticola,CRISPR,96.30,None
WATLvirus_00114212,RS_GCF_006711645.1,d__Bacteria;p__Pseudomonadota;c__Gammaproteobacteria;o__Enterobacterales;f__Enterobacteriaceae;g__Klebsiella;s__Klebsiella electrica,CRISPR,96.10,None
WATLvirus_00114280,GB_GCA_009922405.1,d__Bacteria;p__Pseudomonadota;c__Gammaproteobacteria;o__Burkholderiales;f__Burkholderiaceae_A;g__RFPW01;s__RFPW01 sp009922405,blast,95.40,iPHoP-RF;75.20
WATLvirus_00114294,GB_GCA_002413825.1,d__Bacteria;p__Pseudomonadota;c__Gammaproteobacteria;o__Burkholderiales;f__Burkholderiaceae_B;g__Rhodoferax;s__Rhodoferax sp002413825,iPHoP-RF,96.10,None
WATLvirus_00114294,GB_GCA_016718405.1,d__Bacteria;p__Pseudomonadota;c__Gammaproteobacteria;o__Burkholderiales;f__Burkholderiaceae_B;g__Rhodoferax;s__Rhodoferax sp016718405,iPHoP-RF,95.40,None
WATLvirus_00114294,GB_GCA_016718155.1,d__Bacteria;p__Pseudomonadota;c__Gammaproteobacteria;o__Burkholderiales;f__Burkholderiaceae_B;g__Rhodoferax;s__Rhodoferax sp016718155,iPHoP-RF,95.10,None
WATLvirus_00114294,GB_GCA_010365055.1,d__Bacteria;p__Pseudomonadota;c__Gammaproteobacteria;o__Burkholderiales;f__Burkholderiaceae_B;g__Rhodoferax;s__Rhodoferax sp010365055,iPHoP-RF,94.10,None
WATLvirus_00114294,GB_GCA_012927445.1,d__Bacteria;p__Pseudomonadota;c__Gammaproteobacteria;o__Burkholderiales;f__Burkholderiaceae_B;g__Rhodoferax;s__Rhodoferax sp012927445,iPHoP-RF,94.10,None
WATLvirus_00114294,GB_GCA_017880985.1,d__Bacteria;p__Pseudomonadota;c__Gammaproteobacteria;o__Burkholderiales;f__Burkholderiaceae_B;g__Rhodoferax;s__Rhodoferax sp017880985,iPHoP-RF,94.10,None
WATLvirus_00114297,GB_GCA_000281065.1,d__Bacteria;p__Actinomycetota;c__Actinomycetia;o__Actinomycetales;f__Micrococcaceae;g__Paenarthrobacter;s__Paenarthrobacter sp000281065,iPHoP-RF,91.40,None
WATLvirus_00114297,RS_GCF_000014925.1,d__Bacteria;p__Actinomycetota;c__Actinomycetia;o__Actinomycetales;f__Micrococcaceae;g__Paenarthrobacter;s__Paenarthrobacter aurescens_A,iPHoP-RF,91.40,None
WATLvirus_00114298,RS_GCF_000732535.1,d__Bacteria;p__Pseudomonadota;c__Gammaproteobacteria;o__Nevskiales;f__Salinisphaeraceae;g__Salinisphaera;s__Salinisphaera hydrothermalis,blast,91.30,iPHoP-RF;71.70
WATLvirus_00114302,RS_GCF_003602005.1,d__Bacteria;p__Pseudomonadota;c__Gammaproteobacteria;o__Nevskiales;f__Salinisphaeraceae;g__Salinisphaera;s__Salinisphaera sp003602005,blast,93.80,iPHoP-RF;51.50
WATLvirus_00114306,GB_GCA_903856805.1,d__Bacteria;p__Cyanobacteriota;c__Cyanobacteriia;o__PCC-6307;f__Cyanobiaceae;g__Cyanobium;s__Cyanobium sp903856805,blast,93.00,iPHoP-RF;72.40
WATLvirus_00114306,GB_GCA_903935205.1,d__Bacteria;p__Cyanobacteriota;c__Cyanobacteriia;o__PCC-6307;f__Cyanobiaceae;g__Cyanobium;s__Cyanobium sp903935205,blast,91.30,iPHoP-RF;54.60
WATLvirus_00114306,RS_GCF_001039265.1,d__Bacteria;p__Cyanobacteriota;c__Cyanobacteriia;o__PCC-6307;f__Cyanobiaceae;g__NIES-981;s__NIES-981 sp001039265,blast,91.10,iPHoP-RF;80.80
WATLvirus_00114306,GB_GCA_945860085.1,d__Bacteria;p__Cyanobacteriota;c__Cyanobacteriia;o__PCC-6307;f__Cyanobiaceae;g__BAIKAL-G1;s__BAIKAL-G1 sp945860085,blast,91.00,iPHoP-RF;59.50
WATLvirus_00114306,GB_GCA_025127975.1,d__Bacteria;p__Cyanobacteriota;c__Cyanobacteriia;o__PCC-6307;f__Cyanobiaceae;g__Cyanobium_A;s__Cyanobium_A sp013205255,blast,90.40,iPHoP-RF;77.80
WATLvirus_00114306,RS_GCF_024346055.1,d__Bacteria;p__Cyanobacteriota;c__Cyanobacteriia;o__PCC-6307;f__Cyanobiaceae;g__Cyanobium;s__Cyanobium sp024346055,blast,90.40,None
WATLvirus_00114320,GB_GCA_903856805.1,d__Bacteria;p__Cyanobacteriota;c__Cyanobacteriia;o__PCC-6307;f__Cyanobiaceae;g__Cyanobium;s__Cyanobium sp903856805,blast,94.30,None
WATLvirus_00114320,GB_GCA_025127975.1,d__Bacteria;p__Cyanobacteriota;c__Cyanobacteriia;o__PCC-6307;f__Cyanobiaceae;g__Cyanobium_A;s__Cyanobium_A sp013205255,blast,92.30,iPHoP-RF;76.40
WATLvirus_00114320,GB_GCA_903934375.1,d__Bacteria;p__Cyanobacteriota;c__Cyanobacteriia;o__PCC-6307;f__Cyanobiaceae;g__Vulcanococcus;s__Vulcanococcus sp903934375,blast,91.90,iPHoP-RF;66.00
WATLvirus_00114320,GB_GCA_903823115.1,d__Bacteria;p__Cyanobacteriota;c__Cyanobacteriia;o__PCC-6307;f__Cyanobiaceae;g__Cyanobium;s__Cyanobium sp903823115,blast,91.70,None
WATLvirus_00114320,GB_GCA_018399015.1,d__Bacteria;p__Cyanobacteriota;c__Cyanobacteriia;o__PCC-6307;f__Cyanobiaceae;g__NIES-981;s__NIES-981 sp018399015,blast,91.00,None
WATLvirus_00114320,RS_GCF_024345835.1,d__Bacteria;p__Cyanobacteriota;c__Cyanobacteriia;o__PCC-6307;f__Cyanobiaceae;g__Vulcanococcus;s__Vulcanococcus sp024345835,blast,91.00,iPHoP-RF;60.30
WATLvirus_00114320,RS_GCF_002252705.1,d__Bacteria;p__Cyanobacteriota;c__Cyanobacteriia;o__PCC-6307;f__Cyanobiaceae;g__Vulcanococcus;s__Vulcanococcus limneticus,blast,90.70,None
WATLvirus_00114333,RS_GCF_012932495.1,d__Bacteria;p__Pseudomonadota;c__Alphaproteobacteria;o__Sphingomonadales;f__Sphingomonadaceae;g__Novosphingobium;s__Novosphingobium sp012932495,iPHoP-RF,97.10,None
WATLvirus_00114333,RS_GCF_900176395.1,d__Bacteria;p__Pseudomonadota;c__Alphaproteobacteria;o__Sphingomonadales;f__Sphingomonadaceae;g__Novosphingobium;s__Novosphingobium sp900176395,iPHoP-RF,97.10,None
WATLvirus_00114333,RS_GCF_001598375.1,d__Bacteria;p__Pseudomonadota;c__Alphaproteobacteria;o__Sphingomonadales;f__Sphingomonadaceae;g__Novosphingobium;s__Novosphingobium capsulatum,iPHoP-RF,96.70,None
WATLvirus_00114333,RS_GCF_014652855.1,d__Bacteria;p__Pseudomonadota;c__Alphaproteobacteria;o__Sphingomonadales;f__Sphingomonadaceae;g__Novosphingobium;s__Novosphingobium pokkalii,iPHoP-RF,96.70,None
WATLvirus_00114333,RS_GCF_000807925.1,d__Bacteria;p__Pseudomonadota;c__Alphaproteobacteria;o__Sphingomonadales;f__Sphingomonadaceae;g__Novosphingobium;s__Novosphingobium subterraneum,iPHoP-RF,96.40,None
WATLvirus_00114333,RS_GCF_920987055.1,d__Bacteria;p__Pseudomonadota;c__Alphaproteobacteria;o__Sphingomonadales;f__Sphingomonadaceae;g__Novosphingobium;s__Novosphingobium sp920987055,iPHoP-RF,96.40,None
WATLvirus_00114333,RS_GCF_001295795.1,d__Bacteria;p__Pseudomonadota;c__Alphaproteobacteria;o__Sphingomonadales;f__Sphingomonadaceae;g__Novosphingobium;s__Novosphingobium sp001295795,iPHoP-RF,95.70,None
WATLvirus_00114333,RS_GCF_014196055.1,d__Bacteria;p__Pseudomonadota;c__Alphaproteobacteria;o__Sphingomonadales;f__Sphingomonadaceae;g__Novosphingobium;s__Novosphingobium hassiacum,iPHoP-RF,95.10,None
WATLvirus_00114333,GB_GCA_002280675.1,d__Bacteria;p__Pseudomonadota;c__Alphaproteobacteria;o__Sphingomonadales;f__Sphingomonadaceae;g__Novosphingobium;s__Novosphingobium sp002280675,iPHoP-RF,94.40,None
WATLvirus_00114333,GB_GCA_019748365.1,d__Bacteria;p__Pseudomonadota;c__Alphaproteobacteria;o__Sphingomonadales;f__Sphingomonadaceae;g__Novosphingobium;s__Novosphingobium sp019748365,iPHoP-RF,94.40,None
WATLvirus_00114333,GB_GCA_002256985.1,d__Bacteria;p__Pseudomonadota;c__Alphaproteobacteria;o__Sphingomonadales;f__Sphingomonadaceae;g__Novosphingobium;s__Novosphingobium sp002256985,blast,93.90,iPHoP-RF;92.10
WATLvirus_00114333,RS_GCF_001519075.1,d__Bacteria;p__Pseudomonadota;c__Alphaproteobacteria;o__Sphingomonadales;f__Sphingomonadaceae;g__Novosphingobium;s__Novosphingobium fuchskuhlense,iPHoP-RF,93.40,None
WATLvirus_00114333,RS_GCF_003454795.1,d__Bacteria;p__Pseudomonadota;c__Alphaproteobacteria;o__Sphingomonadales;f__Sphingomonadaceae;g__Novosphingobium;s__Novosphingobium sp003454795,iPHoP-RF,93.40,None
WATLvirus_00114333,GB_GCA_002256775.1,d__Bacteria;p__Pseudomonadota;c__Alphaproteobacteria;o__Sphingomonadales;f__Sphingomonadaceae;g__Novosphingobium;s__Novosphingobium sp002256775,iPHoP-RF,92.80,None
WATLvirus_00114333,RS_GCF_012641335.1,d__Bacteria;p__Pseudomonadota;c__Alphaproteobacteria;o__Sphingomonadales;f__Sphingomonadaceae;g__Novosphingobium;s__Novosphingobium sp012641335,blast,91.70,iPHoP-RF;85.70
WATLvirus_00114333,GB_GCA_903828025.1,d__Bacteria;p__Pseudomonadota;c__Alphaproteobacteria;o__Sphingomonadales;f__Sphingomonadaceae;g__Novosphingobium;s__Novosphingobium sp903828025,iPHoP-RF,90.80,None
WATLvirus_00114341,GB_GCA_016806145.1,d__Bacteria;p__Pseudomonadota;c__Gammaproteobacteria;o__Burkholderiales;f__Burkholderiaceae_B;g__Variovorax;s__Variovorax sp900115375,blast,93.90,iPHoP-RF;68.40
WATLvirus_00114360,GB_GCA_018402255.1,d__Bacteria;p__Pseudomonadota;c__Gammaproteobacteria;o__Pseudomonadales;f__Oleiphilaceae;g__Marinobacter;s__Marinobacter sp018402255,iPHoP-RF,96.40,None
WATLvirus_00114360,GB_GCA_014859525.1,d__Bacteria;p__Pseudomonadota;c__Gammaproteobacteria;o__Pseudomonadales;f__Oleiphilaceae;g__Marinobacter;s__Marinobacter sp014859525,iPHoP-RF,94.40,None
WATLvirus_00114360,GB_GCA_001314845.1,d__Bacteria;p__Pseudomonadota;c__Gammaproteobacteria;o__Pseudomonadales;f__Oleiphilaceae;g__Marinobacter;s__Marinobacter excellens_B,iPHoP-RF,93.70,None
WATLvirus_00114360,RS_GCF_002407605.1,d__Bacteria;p__Pseudomonadota;c__Gammaproteobacteria;o__Pseudomonadales;f__Oleiphilaceae;g__Marinobacter;s__Marinobacter sp002407605,iPHoP-RF,91.40,None
WATLvirus_00114360,RS_GCF_002933275.1,d__Bacteria;p__Pseudomonadota;c__Gammaproteobacteria;o__Pseudomonadales;f__Oleiphilaceae;g__Marinobacter;s__Marinobacter maroccanus,iPHoP-RF,91.40,None
WATLvirus_00114362,GB_GCA_002280675.1,d__Bacteria;p__Pseudomonadota;c__Alphaproteobacteria;o__Sphingomonadales;f__Sphingomonadaceae;g__Novosphingobium;s__Novosphingobium sp002280675,iPHoP-RF,96.10,None
WATLvirus_00114362,RS_GCF_001295795.1,d__Bacteria;p__Pseudomonadota;c__Alphaproteobacteria;o__Sphingomonadales;f__Sphingomonadaceae;g__Novosphingobium;s__Novosphingobium sp001295795,iPHoP-RF,95.70,None
WATLvirus_00114362,RS_GCF_920987055.1,d__Bacteria;p__Pseudomonadota;c__Alphaproteobacteria;o__Sphingomonadales;f__Sphingomonadaceae;g__Novosphingobium;s__Novosphingobium sp920987055,iPHoP-RF,95.10,None
WATLvirus_00114362,RS_GCF_000807925.1,d__Bacteria;p__Pseudomonadota;c__Alphaproteobacteria;o__Sphingomonadales;f__Sphingomonadaceae;g__Novosphingobium;s__Novosphingobium subterraneum,iPHoP-RF,94.10,None
WATLvirus_00114362,GB_GCA_002256985.1,d__Bacteria;p__Pseudomonadota;c__Alphaproteobacteria;o__Sphingomonadales;f__Sphingomonadaceae;g__Novosphingobium;s__Novosphingobium sp002256985,blast,93.80,iPHoP-RF;88.20
WATLvirus_00114362,RS_GCF_001519075.1,d__Bacteria;p__Pseudomonadota;c__Alphaproteobacteria;o__Sphingomonadales;f__Sphingomonadaceae;g__Novosphingobium;s__Novosphingobium fuchskuhlense,iPHoP-RF,93.70,None
WATLvirus_00114362,RS_GCF_900117425.1,d__Bacteria;p__Pseudomonadota;c__Alphaproteobacteria;o__Sphingomonadales;f__Sphingomonadaceae;g__Novosphingobium;s__Novosphingobium sp900117425,iPHoP-RF,93.10,None
WATLvirus_00114362,RS_GCF_015694345.1,d__Bacteria;p__Pseudomonadota;c__Alphaproteobacteria;o__Sphingomonadales;f__Sphingomonadaceae;g__Novosphingobium;s__Novosphingobium jiangmenense,iPHoP-RF,92.10,None
WATLvirus_00114362,RS_GCF_003454795.1,d__Bacteria;p__Pseudomonadota;c__Alphaproteobacteria;o__Sphingomonadales;f__Sphingomonadaceae;g__Novosphingobium;s__Novosphingobium sp003454795,iPHoP-RF,91.80,None
WATLvirus_00114362,RS_GCF_007830315.1,d__Bacteria;p__Pseudomonadota;c__Alphaproteobacteria;o__Sphingomonadales;f__Sphingomonadaceae;g__Novosphingobium;s__Novosphingobium taihuense,iPHoP-RF,91.40,None
WATLvirus_00114362,RS_GCF_012641335.1,d__Bacteria;p__Pseudomonadota;c__Alphaproteobacteria;o__Sphingomonadales;f__Sphingomonadaceae;g__Novosphingobium;s__Novosphingobium sp012641335,blast,91.30,iPHoP-RF;84.50
WATLvirus_00114366,RS_GCF_018687275.1,d__Bacteria;p__Pseudomonadota;c__Gammaproteobacteria;o__Burkholderiales;f__Burkholderiaceae;g__Polynucleobacter;s__Polynucleobacter sp018687275,blast,92.10,None
WATLvirus_00114372,GB_GCA_002256985.1,d__Bacteria;p__Pseudomonadota;c__Alphaproteobacteria;o__Sphingomonadales;f__Sphingomonadaceae;g__Novosphingobium;s__Novosphingobium sp002256985,blast,93.40,iPHoP-RF;60.30
WATLvirus_00114372,RS_GCF_003171715.1,d__Bacteria;p__Pseudomonadota;c__Alphaproteobacteria;o__Sphingomonadales;f__Sphingomonadaceae;g__Novosphingobium;s__Novosphingobium meiothermophilum,blast,91.90,iPHoP-RF;69.80
WATLvirus_00114372,RS_GCF_015694345.1,d__Bacteria;p__Pseudomonadota;c__Alphaproteobacteria;o__Sphingomonadales;f__Sphingomonadaceae;g__Novosphingobium;s__Novosphingobium jiangmenense,blast,91.00,iPHoP-RF;63.30
WATLvirus_00114372,RS_GCF_000807925.1,d__Bacteria;p__Pseudomonadota;c__Alphaproteobacteria;o__Sphingomonadales;f__Sphingomonadaceae;g__Novosphingobium;s__Novosphingobium subterraneum,blast,90.50,iPHoP-RF;69.80
WATLvirus_00114377,RS_GCF_014651495.1,d__Bacteria;p__Bacteroidota;c__Bacteroidia;o__Flavobacteriales;f__Flavobacteriaceae;g__Algibacter_E;s__Algibacter_E mikhailovii,iPHoP-RF,92.40,None
WATLvirus_00114377,RS_GCF_012910715.1,d__Bacteria;p__Bacteroidota;c__Bacteroidia;o__Flavobacteriales;f__Flavobacteriaceae;g__Flavivirga;s__Flavivirga algicola,iPHoP-RF,92.10,None
WATLvirus_00114377,RS_GCF_004804355.1,d__Bacteria;p__Bacteroidota;c__Bacteroidia;o__Flavobacteriales;f__Flavobacteriaceae;g__Tamlana_C;s__Tamlana_C onchidii,iPHoP-RF,91.40,None
WATLvirus_00114377,RS_GCF_006265225.1,d__Bacteria;p__Bacteroidota;c__Bacteroidia;o__Flavobacteriales;f__Flavobacteriaceae;g__Tamlana_C;s__Tamlana_C fucoidanivorans,iPHoP-RF,91.40,None
WATLvirus_00114382,RS_GCF_013346665.1,d__Bacteria;p__Pseudomonadota;c__Alphaproteobacteria;o__Rhodobacterales;f__Rhodobacteraceae;g__Sulfitobacter;s__Sulfitobacter maritimus,iPHoP-RF,96.10,None
WATLvirus_00114382,RS_GCF_003352085.1,d__Bacteria;p__Pseudomonadota;c__Alphaproteobacteria;o__Rhodobacterales;f__Rhodobacteraceae;g__Sulfitobacter;s__Sulfitobacter sp003352085,iPHoP-RF,95.10,None
WATLvirus_00114382,RS_GCF_014196805.1,d__Bacteria;p__Pseudomonadota;c__Alphaproteobacteria;o__Rhodobacterales;f__Rhodobacteraceae;g__Sulfitobacter;s__Sulfitobacter undariae,iPHoP-RF,94.70,None
WATLvirus_00114382,RS_GCF_900112755.1,d__Bacteria;p__Pseudomonadota;c__Alphaproteobacteria;o__Rhodobacterales;f__Rhodobacteraceae;g__Sulfitobacter;s__Sulfitobacter brevis,iPHoP-RF,94.70,None
WATLvirus_00114382,RS_GCF_003610455.1,d__Bacteria;p__Pseudomonadota;c__Alphaproteobacteria;o__Rhodobacterales;f__Rhodobacteraceae;g__Sulfitobacter;s__Sulfitobacter guttiformis,iPHoP-RF,91.40,None
WATLvirus_00114382,RS_GCF_022788655.1,d__Bacteria;p__Pseudomonadota;c__Alphaproteobacteria;o__Rhodobacterales;f__Rhodobacteraceae;g__Sulfitobacter;s__Sulfitobacter indolifex,iPHoP-RF,90.80,None
WATLvirus_00114382,RS_GCF_900185015.1,d__Bacteria;p__Pseudomonadota;c__Alphaproteobacteria;o__Rhodobacterales;f__Rhodobacteraceae;g__Octadecabacter;s__Octadecabacter ascidiaceicola,iPHoP-RF,90.80,None
WATLvirus_00114386,GB_GCA_002737305.1,d__Bacteria;p__Cyanobacteriota;c__Cyanobacteriia;o__PCC-6307;f__Cyanobiaceae;g__BAIKAL-G1;s__BAIKAL-G1 sp002737305,blast,92.50,iPHoP-RF;66.00
WATLvirus_00114386,RS_GCF_024345975.1,d__Bacteria;p__Cyanobacteriota;c__Cyanobacteriia;o__PCC-6307;f__Cyanobiaceae;g__Cyanobium;s__Cyanobium sp024345975,blast,91.60,iPHoP-RF;65.30
WATLvirus_00114386,GB_GCA_016882305.1,d__Bacteria;p__Cyanobacteriota;c__Cyanobacteriia;o__PCC-6307;f__Cyanobiaceae;g__Cyanobium;s__Cyanobium sp016882305,blast,91.50,iPHoP-RF;56.50
WATLvirus_00114414,GB_GCA_021044545.1,d__Bacteria;p__Pseudomonadota;c__Gammaproteobacteria;o__Burkholderiales;f__Burkholderiaceae_B;g__RS62;s__RS62 sp021044545,blast,92.90,None
WATLvirus_00114414,GB_GCA_903932865.1,d__Bacteria;p__Pseudomonadota;c__Gammaproteobacteria;o__Burkholderiales;f__Burkholderiaceae_B;g__Limnohabitans_A;s__Limnohabitans_A sp903932865,blast,90.20,None
WATLvirus_00114418,RS_GCF_002287505.1,d__Bacteria;p__Actinomycetota;c__Actinomycetia;o__Mycobacteriales;f__Mycobacteriaceae;g__Corynebacterium;s__Corynebacterium glaucum,iPHoP-RF,94.70,None
WATLvirus_00114418,RS_GCF_021496665.1,d__Bacteria;p__Actinomycetota;c__Actinomycetia;o__Mycobacteriales;f__Mycobacteriaceae;g__Corynebacterium;s__Corynebacterium sp021496665,iPHoP-RF,94.70,None
WATLvirus_00114418,RS_GCF_001806875.1,d__Bacteria;p__Actinomycetota;c__Actinomycetia;o__Mycobacteriales;f__Mycobacteriaceae;g__Corynebacterium;s__Corynebacterium sp001806875,iPHoP-RF,93.10,None
WATLvirus_00114418,RS_GCF_014490555.1,d__Bacteria;p__Actinomycetota;c__Actinomycetia;o__Mycobacteriales;f__Mycobacteriaceae;g__Corynebacterium;s__Corynebacterium lujinxingii,iPHoP-RF,93.10,None
WATLvirus_00114418,RS_GCF_016728505.1,d__Bacteria;p__Actinomycetota;c__Actinomycetia;o__Mycobacteriales;f__Mycobacteriaceae;g__Corynebacterium;s__Corynebacterium riegelii,iPHoP-RF,93.10,None
WATLvirus_00114418,GB_GCA_014490595.1,d__Bacteria;p__Actinomycetota;c__Actinomycetia;o__Mycobacteriales;f__Mycobacteriaceae;g__Corynebacterium;s__Corynebacterium wankanglinii,iPHoP-RF,92.80,None
WATLvirus_00114418,RS_GCF_900105505.1,d__Bacteria;p__Actinomycetota;c__Actinomycetia;o__Mycobacteriales;f__Mycobacteriaceae;g__Corynebacterium;s__Corynebacterium coyleae,iPHoP-RF,92.80,None
WATLvirus_00114418,RS_GCF_013978595.1,d__Bacteria;p__Actinomycetota;c__Actinomycetia;o__Mycobacteriales;f__Mycobacteriaceae;g__Corynebacterium;s__Corynebacterium haemomassiliense,iPHoP-RF,92.10,None
WATLvirus_00114418,GB_GCA_900156035.1,d__Bacteria;p__Actinomycetota;c__Actinomycetia;o__Mycobacteriales;f__Mycobacteriaceae;g__Corynebacterium;s__Corynebacterium afermentans,iPHoP-RF,91.10,None
WATLvirus_00114418,RS_GCF_015351335.1,d__Bacteria;p__Actinomycetota;c__Actinomycetia;o__Mycobacteriales;f__Mycobacteriaceae;g__Corynebacterium;s__Corynebacterium lipophilum,iPHoP-RF,91.10,None
WATLvirus_00114418,RS_GCF_900176865.1,d__Bacteria;p__Actinomycetota;c__Actinomycetia;o__Mycobacteriales;f__Mycobacteriaceae;g__Corynebacterium;s__Corynebacterium fournieri,iPHoP-RF,90.50,None
WATLvirus_00114418,RS_GCF_001807265.1,d__Bacteria;p__Actinomycetota;c__Actinomycetia;o__Mycobacteriales;f__Mycobacteriaceae;g__Corynebacterium;s__Corynebacterium sp001807265,iPHoP-RF,90.10,None
WATLvirus_00114418,RS_GCF_012396315.1,d__Bacteria;p__Actinomycetota;c__Actinomycetia;o__Mycobacteriales;f__Mycobacteriaceae;g__Corynebacterium;s__Corynebacterium mucifaciens,iPHoP-RF,90.10,None
WATLvirus_00114432,GB_GCA_016880225.1,d__Bacteria;p__Gemmatimonadota;c__Gemmatimonadetes;o__Gemmatimonadales;f__GWC2-71-9;g__AG41;s__AG41 sp016880225,iPHoP-RF,91.10,None
WATLvirus_00114438,RS_GCF_003336675.1,d__Bacteria;p__Pseudomonadota;c__Gammaproteobacteria;o__Pseudomonadales;f__Halomonadaceae;g__Halomonas;s__Halomonas montanilacus,iPHoP-RF,94.40,blast;90.10
WATLvirus_00114438,RS_GCF_010994375.1,d__Bacteria;p__Pseudomonadota;c__Gammaproteobacteria;o__Pseudomonadales;f__Halomonadaceae;g__Halomonas;s__Halomonas sp010994375,blast,93.90,iPHoP-RF;71.90
WATLvirus_00114438,RS_GCF_012427705.1,d__Bacteria;p__Pseudomonadota;c__Gammaproteobacteria;o__Pseudomonadales;f__Halomonadaceae;g__Halomonas;s__Halomonas piezotolerans,blast,93.00,None
WATLvirus_00114438,RS_GCF_003339685.1,d__Bacteria;p__Pseudomonadota;c__Gammaproteobacteria;o__Pseudomonadales;f__Halomonadaceae;g__Halomonas;s__Halomonas sp003339685,blast,92.10,iPHoP-RF;88.90
WATLvirus_00114438,RS_GCF_014192215.1,d__Bacteria;p__Pseudomonadota;c__Gammaproteobacteria;o__Pseudomonadales;f__Halomonadaceae;g__Halomonas;s__Halomonas cerina,blast,92.00,iPHoP-RF;64.50
WATLvirus_00114438,RS_GCF_013697085.1,d__Bacteria;p__Pseudomonadota;c__Gammaproteobacteria;o__Pseudomonadales;f__Halomonadaceae;g__Halomonas;s__Halomonas kenyensis,blast,91.60,iPHoP-RF;86.00
WATLvirus_00114438,RS_GCF_002879615.1,d__Bacteria;p__Pseudomonadota;c__Gammaproteobacteria;o__Pseudomonadales;f__Halomonadaceae;g__Halomonas;s__Halomonas endophytica,iPHoP-RF,91.40,None
WATLvirus_00114438,RS_GCF_018448785.1,d__Bacteria;p__Pseudomonadota;c__Gammaproteobacteria;o__Pseudomonadales;f__Halomonadaceae;g__Halomonas;s__Halomonas sp018448785,blast,90.70,None
WATLvirus_00114438,RS_GCF_021412585.1,d__Bacteria;p__Pseudomonadota;c__Gammaproteobacteria;o__Pseudomonadales;f__Halomonadaceae;g__Halomonas;s__Halomonas alkalisoli,iPHoP-RF,90.50,blast;90.10
WATLvirus_00114438,RS_GCF_014779595.1,d__Bacteria;p__Pseudomonadota;c__Gammaproteobacteria;o__Pseudomonadales;f__Halomonadaceae;g__Halomonas_B;s__Halomonas_B sp014779595,blast,90.20,None
WATLvirus_00114438,GB_GCA_007129225.1,d__Bacteria;p__Pseudomonadota;c__Gammaproteobacteria;o__Pseudomonadales;f__Halomonadaceae;g__Halomonas;s__Halomonas sp007129225,iPHoP-RF,90.10,None
WATLvirus_00114438,GB_GCA_000761475.1,d__Bacteria;p__Pseudomonadota;c__Gammaproteobacteria;o__Pseudomonadales;f__Halomonadaceae;g__Chromohalobacter;s__Chromohalobacter israelensis,blast,90.00,None
WATLvirus_00114438,RS_GCF_009363755.1,d__Bacteria;p__Pseudomonadota;c__Gammaproteobacteria;o__Pseudomonadales;f__Halomonadaceae;g__Halomonas;s__Halomonas sp009363755,blast,90.00,iPHoP-RF;73.90
WATLvirus_00114438,RS_GCF_014192055.1,d__Bacteria;p__Pseudomonadota;c__Gammaproteobacteria;o__Pseudomonadales;f__Halomonadaceae;g__Halomonas;s__Halomonas organivorans,blast,90.00,iPHoP-RF;56.50
WATLvirus_00114438,RS_GCF_900109725.1,d__Bacteria;p__Pseudomonadota;c__Gammaproteobacteria;o__Pseudomonadales;f__Halomonadaceae;g__Halomonas;s__Halomonas daqiaonensis,blast,90.00,iPHoP-RF;78.70
WATLvirus_00114438,RS_GCF_900116405.1,d__Bacteria;p__Pseudomonadota;c__Gammaproteobacteria;o__Pseudomonadales;f__Halomonadaceae;g__Halomonas;s__Halomonas saccharevitans,blast,90.00,iPHoP-RF;73.50
WATLvirus_00114438,RS_GCF_900116705.1,d__Bacteria;p__Pseudomonadota;c__Gammaproteobacteria;o__Pseudomonadales;f__Halomonadaceae;g__Halomonas;s__Halomonas korlensis,blast,90.00,iPHoP-RF;50.90
WATLvirus_00114438,RS_GCF_900128925.1,d__Bacteria;p__Pseudomonadota;c__Gammaproteobacteria;o__Pseudomonadales;f__Halomonadaceae;g__Modicisalibacter;s__Modicisalibacter ilicicola,blast,90.00,None
WATLvirus_00114449,GB_GCA_016875095.1,d__Bacteria;p__Desulfobacterota;c__Desulfomonilia;o__Desulfomonilales;f__Desulfomonilaceae;g__VGSG01;s__VGSG01 sp016875095,blast,95.70,iPHoP-RF;54.90
WATLvirus_00114457,GB_GCA_913056305.1,d__Bacteria;p__Pseudomonadota;c__Gammaproteobacteria;o__Burkholderiales;f__Burkholderiaceae;g__Ralstonia;s__Ralstonia sp913056305,iPHoP-RF,93.10,None
WATLvirus_00114512,GB_GCA_016713245.1,d__Bacteria;p__Verrucomicrobiota;c__Verrucomicrobiae;o__Verrucomicrobiales;f__Verrucomicrobiaceae;g__Prosthecobacter;s__Prosthecobacter sp016713245,iPHoP-RF,93.70,None
WATLvirus_00114512,GB_GCA_021298725.1,d__Bacteria;p__Verrucomicrobiota;c__Verrucomicrobiae;o__Verrucomicrobiales;f__Verrucomicrobiaceae;g__Prosthecobacter;s__Prosthecobacter sp021298725,iPHoP-RF,92.10,None
WATLvirus_00114516,GB_GCA_009925925.1,d__Bacteria;p__Pseudomonadota;c__Gammaproteobacteria;o__Burkholderiales;f__Burkholderiaceae_B;g__Rhodoferax_C;s__Rhodoferax_C sp009925925,blast,93.80,iPHoP-RF;69.30
WATLvirus_00114550,RS_GCF_011758805.1,d__Bacteria;p__Actinomycetota;c__Actinomycetia;o__Mycobacteriales;f__Mycobacteriaceae;g__Mycobacterium;s__Mycobacterium fluoranthenivorans,iPHoP-RF,93.10,None
WATLvirus_00114551,RS_GCF_012932495.1,d__Bacteria;p__Pseudomonadota;c__Alphaproteobacteria;o__Sphingomonadales;f__Sphingomonadaceae;g__Novosphingobium;s__Novosphingobium sp012932495,iPHoP-RF,96.70,None
WATLvirus_00114551,RS_GCF_920987055.1,d__Bacteria;p__Pseudomonadota;c__Alphaproteobacteria;o__Sphingomonadales;f__Sphingomonadaceae;g__Novosphingobium;s__Novosphingobium sp920987055,iPHoP-RF,96.70,None
WATLvirus_00114551,GB_GCA_002280675.1,d__Bacteria;p__Pseudomonadota;c__Alphaproteobacteria;o__Sphingomonadales;f__Sphingomonadaceae;g__Novosphingobium;s__Novosphingobium sp002280675,iPHoP-RF,96.10,None
WATLvirus_00114551,RS_GCF_000807925.1,d__Bacteria;p__Pseudomonadota;c__Alphaproteobacteria;o__Sphingomonadales;f__Sphingomonadaceae;g__Novosphingobium;s__Novosphingobium subterraneum,iPHoP-RF,96.10,None
WATLvirus_00114551,RS_GCF_001295795.1,d__Bacteria;p__Pseudomonadota;c__Alphaproteobacteria;o__Sphingomonadales;f__Sphingomonadaceae;g__Novosphingobium;s__Novosphingobium sp001295795,iPHoP-RF,96.10,None
WATLvirus_00114551,RS_GCF_007830315.1,d__Bacteria;p__Pseudomonadota;c__Alphaproteobacteria;o__Sphingomonadales;f__Sphingomonadaceae;g__Novosphingobium;s__Novosphingobium taihuense,iPHoP-RF,96.10,None
WATLvirus_00114551,GB_GCA_020853995.1,d__Bacteria;p__Pseudomonadota;c__Alphaproteobacteria;o__Sphingomonadales;f__Sphingomonadaceae;g__Novosphingobium;s__Novosphingobium sp020853995,iPHoP-RF,95.70,None
WATLvirus_00114551,GB_GCA_903834285.1,d__Bacteria;p__Pseudomonadota;c__Alphaproteobacteria;o__Sphingomonadales;f__Sphingomonadaceae;g__Novosphingobium;s__Novosphingobium sp903834285,iPHoP-RF,95.70,None
WATLvirus_00114551,RS_GCF_014196055.1,d__Bacteria;p__Pseudomonadota;c__Alphaproteobacteria;o__Sphingomonadales;f__Sphingomonadaceae;g__Novosphingobium;s__Novosphingobium hassiacum,iPHoP-RF,95.40,None
WATLvirus_00114551,RS_GCF_003171715.1,d__Bacteria;p__Pseudomonadota;c__Alphaproteobacteria;o__Sphingomonadales;f__Sphingomonadaceae;g__Novosphingobium;s__Novosphingobium meiothermophilum,iPHoP-RF,95.10,None
WATLvirus_00114551,RS_GCF_001598375.1,d__Bacteria;p__Pseudomonadota;c__Alphaproteobacteria;o__Sphingomonadales;f__Sphingomonadaceae;g__Novosphingobium;s__Novosphingobium capsulatum,iPHoP-RF,94.70,None
WATLvirus_00114551,RS_GCF_015694345.1,d__Bacteria;p__Pseudomonadota;c__Alphaproteobacteria;o__Sphingomonadales;f__Sphingomonadaceae;g__Novosphingobium;s__Novosphingobium jiangmenense,iPHoP-RF,94.70,None
WATLvirus_00114551,RS_GCF_014652855.1,d__Bacteria;p__Pseudomonadota;c__Alphaproteobacteria;o__Sphingomonadales;f__Sphingomonadaceae;g__Novosphingobium;s__Novosphingobium pokkalii,iPHoP-RF,94.40,None
WATLvirus_00114551,RS_GCF_001519075.1,d__Bacteria;p__Pseudomonadota;c__Alphaproteobacteria;o__Sphingomonadales;f__Sphingomonadaceae;g__Novosphingobium;s__Novosphingobium fuchskuhlense,iPHoP-RF,93.40,None
WATLvirus_00114551,RS_GCF_012641335.1,d__Bacteria;p__Pseudomonadota;c__Alphaproteobacteria;o__Sphingomonadales;f__Sphingomonadaceae;g__Novosphingobium;s__Novosphingobium sp012641335,blast,93.20,iPHoP-RF;91.40
WATLvirus_00114551,GB_GCA_002256985.1,d__Bacteria;p__Pseudomonadota;c__Alphaproteobacteria;o__Sphingomonadales;f__Sphingomonadaceae;g__Novosphingobium;s__Novosphingobium sp002256985,iPHoP-RF,91.80,blast;91.10
WATLvirus_00114551,GB_GCA_903828025.1,d__Bacteria;p__Pseudomonadota;c__Alphaproteobacteria;o__Sphingomonadales;f__Sphingomonadaceae;g__Novosphingobium;s__Novosphingobium sp903828025,iPHoP-RF,91.80,None
WATLvirus_00114551,RS_GCF_012927405.1,d__Bacteria;p__Pseudomonadota;c__Alphaproteobacteria;o__Sphingomonadales;f__Sphingomonadaceae;g__Novosphingobium;s__Novosphingobium olei,iPHoP-RF,91.80,None
WATLvirus_00114551,RS_GCF_900176395.1,d__Bacteria;p__Pseudomonadota;c__Alphaproteobacteria;o__Sphingomonadales;f__Sphingomonadaceae;g__Novosphingobium;s__Novosphingobium sp900176395,iPHoP-RF,91.80,None
WATLvirus_00114551,RS_GCF_003454795.1,d__Bacteria;p__Pseudomonadota;c__Alphaproteobacteria;o__Sphingomonadales;f__Sphingomonadaceae;g__Novosphingobium;s__Novosphingobium sp003454795,iPHoP-RF,91.40,None
WATLvirus_00114551,GB_GCA_903832325.1,d__Bacteria;p__Pseudomonadota;c__Alphaproteobacteria;o__Sphingomonadales;f__Sphingomonadaceae;g__Novosphingobium;s__Novosphingobium sp903832325,iPHoP-RF,90.50,None
WATLvirus_00114561,GB_GCA_903952885.1,d__Bacteria;p__Pseudomonadota;c__Gammaproteobacteria;o__Burkholderiales;f__Burkholderiaceae_B;g__Limnohabitans;s__Limnohabitans sp903952885,blast,92.40,iPHoP-RF;68.90
WATLvirus_00114561,RS_GCF_003063475.1,d__Bacteria;p__Pseudomonadota;c__Gammaproteobacteria;o__Burkholderiales;f__Burkholderiaceae_B;g__Limnohabitans;s__Limnohabitans curvus,blast,91.70,iPHoP-RF;67.50
WATLvirus_00114561,GB_GCA_002282445.1,d__Bacteria;p__Pseudomonadota;c__Gammaproteobacteria;o__Burkholderiales;f__Burkholderiaceae_B;g__Limnohabitans;s__Limnohabitans sp002282445,blast,90.90,iPHoP-RF;67.70
WATLvirus_00114561,GB_GCA_903906635.1,d__Bacteria;p__Pseudomonadota;c__Gammaproteobacteria;o__Burkholderiales;f__Burkholderiaceae_B;g__Limnohabitans;s__Limnohabitans sp903906635,blast,90.90,iPHoP-RF;66.00
WATLvirus_00114561,RS_GCF_002778315.1,d__Bacteria;p__Pseudomonadota;c__Gammaproteobacteria;o__Burkholderiales;f__Burkholderiaceae_B;g__Limnohabitans;s__Limnohabitans sp002778315,blast,90.30,iPHoP-RF;67.50
WATLvirus_00114600,GB_GCA_018882835.1,d__Bacteria;p__Pseudomonadota;c__Gammaproteobacteria;o__Burkholderiales;f__Burkholderiaceae_B;g__Limnohabitans;s__Limnohabitans sp018882835,blast,93.80,iPHoP-RF;64.30
WATLvirus_00114608,RS_GCF_003063575.1,d__Bacteria;p__Pseudomonadota;c__Gammaproteobacteria;o__Burkholderiales;f__Burkholderiaceae_B;g__Limnohabitans_A;s__Limnohabitans_A sp003063575,blast,94.00,iPHoP-RF;65.80
WATLvirus_00154245,RS_GCF_005048265.1,d__Bacteria;p__Pseudomonadota;c__Alphaproteobacteria;o__Rhodobacterales;f__Rhodobacteraceae;g__Paracoccus;s__Paracoccus hibiscisoli,blast,93.70,None
WATLvirus_00154247,GB_GCA_002356635.1,d__Bacteria;p__Pseudomonadota;c__Alphaproteobacteria;o__Rhodobacterales;f__Rhodobacteraceae;g__QY30;s__QY30 sp002356635,blast,92.20,None
WATLvirus_00154247,RS_GCF_003054195.1,d__Bacteria;p__Pseudomonadota;c__Alphaproteobacteria;o__Rhodobacterales;f__Rhodobacteraceae;g__Gemmobacter;s__Gemmobacter caeni,blast,90.30,iPHoP-RF;66.50
WATLvirus_00154249,GB_GCA_009923505.1,d__Bacteria;p__Pseudomonadota;c__Gammaproteobacteria;o__Burkholderiales;f__Burkholderiaceae_B;g__Limnohabitans;s__Limnohabitans sp009923505,blast,92.80,None
WATLvirus_00154249,GB_GCA_018882835.1,d__Bacteria;p__Pseudomonadota;c__Gammaproteobacteria;o__Burkholderiales;f__Burkholderiaceae_B;g__Limnohabitans;s__Limnohabitans sp018882835,blast,91.80,iPHoP-RF;79.00
WATLvirus_00154250,GB_GCA_903932865.1,d__Bacteria;p__Pseudomonadota;c__Gammaproteobacteria;o__Burkholderiales;f__Burkholderiaceae_B;g__Limnohabitans_A;s__Limnohabitans_A sp903932865,blast,91.20,iPHoP-RF;73.20
WATLvirus_00154250,GB_GCA_919902775.1,d__Bacteria;p__Pseudomonadota;c__Gammaproteobacteria;o__Burkholderiales;f__Burkholderiaceae_B;g__Limnohabitans_A;s__Limnohabitans_A sp919902775,blast,91.00,iPHoP-RF;65.60
WATLvirus_00154250,RS_GCF_003063455.1,d__Bacteria;p__Pseudomonadota;c__Gammaproteobacteria;o__Burkholderiales;f__Burkholderiaceae_B;g__Limnohabitans_A;s__Limnohabitans_A parvus,blast,90.30,iPHoP-RF;73.00
WATLvirus_00154250,RS_GCF_003063335.1,d__Bacteria;p__Pseudomonadota;c__Gammaproteobacteria;o__Burkholderiales;f__Burkholderiaceae_B;g__Limnohabitans_A;s__Limnohabitans_A sp003063335,blast,90.20,iPHoP-RF;72.20
WATLvirus_00154256,RS_GCF_000741535.1,d__Bacteria;p__Actinomycetota;c__Actinomycetia;o__Actinomycetales;f__Bifidobacteriaceae;g__Bifidobacterium;s__Bifidobacterium boum,iPHoP-RF,92.80,None
WATLvirus_00154300,GB_GCA_025127975.1,d__Bacteria;p__Cyanobacteriota;c__Cyanobacteriia;o__PCC-6307;f__Cyanobiaceae;g__Cyanobium_A;s__Cyanobium_A sp013205255,iPHoP-RF,95.10,blast;92.20
WATLvirus_00154300,GB_GCA_025128025.1,d__Bacteria;p__Cyanobacteriota;c__Cyanobacteriia;o__PCC-6307;f__Cyanobiaceae;g__Cyanobium_A;s__Cyanobium_A sp025128025,iPHoP-RF,95.10,None
WATLvirus_00154300,RS_GCF_003011885.1,d__Bacteria;p__Cyanobacteriota;c__Cyanobacteriia;o__PCC-6307;f__Cyanobiaceae;g__Cyanobium_A;s__Cyanobium_A usitatum,iPHoP-RF,95.10,None
WATLvirus_00154300,RS_GCF_024345395.1,d__Bacteria;p__Cyanobacteriota;c__Cyanobacteriia;o__PCC-6307;f__Cyanobiaceae;g__Cyanobium_A;s__Cyanobium_A sp024345395,iPHoP-RF,95.10,blast;89.60
WATLvirus_00154300,GB_GCA_903862155.1,d__Bacteria;p__Cyanobacteriota;c__Cyanobacteriia;o__PCC-6307;f__Cyanobiaceae;g__UBA5018;s__UBA5018 sp903862155,iPHoP-RF,93.40,None
WATLvirus_00154300,GB_GCA_016882525.1,d__Bacteria;p__Cyanobacteriota;c__Cyanobacteriia;o__PCC-6307;f__Cyanobiaceae;g__NIES-981;s__NIES-981 sp016882525,iPHoP-RF,92.80,None
WATLvirus_00154300,GB_GCA_903823115.1,d__Bacteria;p__Cyanobacteriota;c__Cyanobacteriia;o__PCC-6307;f__Cyanobiaceae;g__Cyanobium;s__Cyanobium sp903823115,blast,92.00,iPHoP-RF;71.30
WATLvirus_00154300,GB_GCA_016882555.1,d__Bacteria;p__Cyanobacteriota;c__Cyanobacteriia;o__PCC-6307;f__Cyanobiaceae;g__RGUW01;s__RGUW01 sp016882555,iPHoP-RF,91.80,None
WATLvirus_00154300,GB_GCA_016882345.1,d__Bacteria;p__Cyanobacteriota;c__Cyanobacteriia;o__PCC-6307;f__Cyanobiaceae;g__RGUW01;s__RGUW01 sp016882345,iPHoP-RF,91.10,None
WATLvirus_00154300,RS_GCF_024345835.1,d__Bacteria;p__Cyanobacteriota;c__Cyanobacteriia;o__PCC-6307;f__Cyanobiaceae;g__Vulcanococcus;s__Vulcanococcus sp024345835,iPHoP-RF,91.10,blast;90.30
WATLvirus_00154300,RS_GCF_002252665.1,d__Bacteria;p__Cyanobacteriota;c__Cyanobacteriia;o__PCC-6307;f__Cyanobiaceae;g__Cyanobium_A;s__Cyanobium_A sp002252665,iPHoP-RF,90.50,None
WATLvirus_00154300,GB_GCA_903935205.1,d__Bacteria;p__Cyanobacteriota;c__Cyanobacteriia;o__PCC-6307;f__Cyanobiaceae;g__Cyanobium;s__Cyanobium sp903935205,blast,90.20,iPHoP-RF;61.40
WATLvirus_00154300,RS_GCF_015840335.1,d__Bacteria;p__Cyanobacteriota;c__Cyanobacteriia;o__PCC-6307;f__Cyanobiaceae;g__Cyanobium_A;s__Cyanobium_A sp015840335,iPHoP-RF,90.10,None
WATLvirus_00154300,GB_GCA_903856805.1,d__Bacteria;p__Cyanobacteriota;c__Cyanobacteriia;o__PCC-6307;f__Cyanobiaceae;g__Cyanobium;s__Cyanobium sp903856805,blast,90.00,iPHoP-RF;78.50
WATLvirus_00154303,RS_GCF_000011485.1,d__Bacteria;p__Cyanobacteriota;c__Cyanobacteriia;o__PCC-6307;f__Cyanobiaceae;g__Prochlorococcus_C;s__Prochlorococcus_C marinus_B,iPHoP-RF,90.80,None
WATLvirus_00154324,RS_GCF_019931195.1,d__Bacteria;p__Pseudomonadota;c__Gammaproteobacteria;o__Pseudomonadales;f__Oleiphilaceae;g__Marinobacter;s__Marinobacter sp019931195,iPHoP-RF,95.10,None
WATLvirus_00154324,RS_GCF_000830985.1,d__Bacteria;p__Pseudomonadota;c__Gammaproteobacteria;o__Pseudomonadales;f__Oleiphilaceae;g__Marinobacter;s__Marinobacter similis,iPHoP-RF,93.40,None
WATLvirus_00154324,RS_GCF_017301335.1,d__Bacteria;p__Pseudomonadota;c__Gammaproteobacteria;o__Pseudomonadales;f__Oleiphilaceae;g__Marinobacter;s__Marinobacter sp017301335,iPHoP-RF,93.10,None
WATLvirus_00154324,RS_GCF_016820575.1,d__Bacteria;p__Pseudomonadota;c__Gammaproteobacteria;o__Pseudomonadales;f__Oleiphilaceae;g__Marinobacter;s__Marinobacter sediminum,iPHoP-RF,90.50,None
WATLvirus_00154326,GB_GCA_021044545.1,d__Bacteria;p__Pseudomonadota;c__Gammaproteobacteria;o__Burkholderiales;f__Burkholderiaceae_B;g__RS62;s__RS62 sp021044545,blast,93.00,None
WATLvirus_00154326,RS_GCF_003063455.1,d__Bacteria;p__Pseudomonadota;c__Gammaproteobacteria;o__Burkholderiales;f__Burkholderiaceae_B;g__Limnohabitans_A;s__Limnohabitans_A parvus,blast,91.80,None
WATLvirus_00154326,RS_GCF_014837235.1,d__Bacteria;p__Pseudomonadota;c__Gammaproteobacteria;o__Burkholderiales;f__Burkholderiaceae_B;g__Limnohabitans_A;s__Limnohabitans_A radicicola,blast,91.70,None
WATLvirus_00154326,GB_GCA_903932865.1,d__Bacteria;p__Pseudomonadota;c__Gammaproteobacteria;o__Burkholderiales;f__Burkholderiaceae_B;g__Limnohabitans_A;s__Limnohabitans_A sp903932865,blast,91.30,None
WATLvirus_00154326,GB_GCA_919902775.1,d__Bacteria;p__Pseudomonadota;c__Gammaproteobacteria;o__Burkholderiales;f__Burkholderiaceae_B;g__Limnohabitans_A;s__Limnohabitans_A sp919902775,blast,91.00,None
WATLvirus_00154326,GB_GCA_009923505.1,d__Bacteria;p__Pseudomonadota;c__Gammaproteobacteria;o__Burkholderiales;f__Burkholderiaceae_B;g__Limnohabitans;s__Limnohabitans sp009923505,blast,90.80,None
WATLvirus_00154337,RS_GCF_015840915.1,d__Bacteria;p__Cyanobacteriota;c__Cyanobacteriia;o__PCC-6307;f__Cyanobiaceae;g__CBW1002;s__CBW1002 sp015840915,blast,93.80,iPHoP-RF;56.20
WATLvirus_00154337,RS_GCF_015840715.1,d__Bacteria;p__Cyanobacteriota;c__Cyanobacteriia;o__PCC-6307;f__Cyanobiaceae;g__Cyanobium;s__Cyanobium sp015840715,blast,92.10,iPHoP-RF;62.70
WATLvirus_00154338,RS_GCF_024345975.1,d__Bacteria;p__Cyanobacteriota;c__Cyanobacteriia;o__PCC-6307;f__Cyanobiaceae;g__Cyanobium;s__Cyanobium sp024345975,blast,93.40,iPHoP-RF;59.50
WATLvirus_00154338,GB_GCA_014191755.1,d__Bacteria;p__Cyanobacteriota;c__Cyanobacteriia;o__PCC-6307;f__Cyanobiaceae;g__Cyanobium;s__Cyanobium sp014191755,blast,92.10,iPHoP-RF;56.20
WATLvirus_00154338,GB_GCA_024958715.1,d__Bacteria;p__Cyanobacteriota;c__Cyanobacteriia;o__PCC-6307;f__Cyanobiaceae;g__Cyanobium;s__Cyanobium sp024958715,blast,91.20,iPHoP-RF;63.00
WATLvirus_00154338,RS_GCF_014698445.1,d__Bacteria;p__Cyanobacteriota;c__Cyanobacteriia;o__PCC-6307;f__Cyanobiaceae;g__Cyanobium;s__Cyanobium elabens,blast,90.50,None
WATLvirus_00154343,GB_GCA_016718155.1,d__Bacteria;p__Pseudomonadota;c__Gammaproteobacteria;o__Burkholderiales;f__Burkholderiaceae_B;g__Rhodoferax;s__Rhodoferax sp016718155,iPHoP-RF,92.10,None
WATLvirus_00154345,GB_GCA_903894475.1,d__Bacteria;p__Pseudomonadota;c__Gammaproteobacteria;o__Burkholderiales;f__Burkholderiaceae_B;g__Rhodoferax;s__Rhodoferax sp903894475,iPHoP-RF,96.10,None
WATLvirus_00154345,GB_GCA_903925725.1,d__Bacteria;p__Pseudomonadota;c__Gammaproteobacteria;o__Burkholderiales;f__Burkholderiaceae_B;g__Rhodoferax;s__Rhodoferax sp903925725,iPHoP-RF,95.10,None
WATLvirus_00154345,GB_GCA_007280205.1,d__Bacteria;p__Pseudomonadota;c__Gammaproteobacteria;o__Burkholderiales;f__Burkholderiaceae_B;g__Rhodoferax;s__Rhodoferax sp007280205,iPHoP-RF,94.70,None
WATLvirus_00154345,GB_GCA_903897005.1,d__Bacteria;p__Pseudomonadota;c__Gammaproteobacteria;o__Burkholderiales;f__Burkholderiaceae_B;g__Rhodoferax;s__Rhodoferax sp903897005,iPHoP-RF,94.40,None
WATLvirus_00154345,GB_GCA_903896425.1,d__Bacteria;p__Pseudomonadota;c__Gammaproteobacteria;o__Burkholderiales;f__Burkholderiaceae_B;g__Rhodoferax;s__Rhodoferax sp903896425,iPHoP-RF,93.40,None
WATLvirus_00154345,GB_GCA_903927295.1,d__Bacteria;p__Pseudomonadota;c__Gammaproteobacteria;o__Burkholderiales;f__Burkholderiaceae_B;g__Rhodoferax;s__Rhodoferax sp903927295,iPHoP-RF,93.40,None
WATLvirus_00154348,GB_GCA_018402255.1,d__Bacteria;p__Pseudomonadota;c__Gammaproteobacteria;o__Pseudomonadales;f__Oleiphilaceae;g__Marinobacter;s__Marinobacter sp018402255,iPHoP-RF,94.40,None
WATLvirus_00154365,RS_GCF_900100795.1,d__Bacteria;p__Pseudomonadota;c__Gammaproteobacteria;o__Pseudomonadales;f__Pseudomonadaceae;g__Pseudomonas_E;s__Pseudomonas_E abietaniphila,iPHoP-RF,90.10,None
WATLvirus_00154424,GB_GCA_010021145.1,d__Bacteria;p__Pseudomonadota;c__Alphaproteobacteria;o__Pelagibacterales;f__Pelagibacteraceae;g__Fonsibacter;s__Fonsibacter lacus,blast,94.00,None
WATLvirus_00154426,RS_GCF_004310425.1,d__Bacteria;p__Pseudomonadota;c__Alphaproteobacteria;o__Rhizobiales;f__Methylopilaceae;g__Hansschlegelia;s__Hansschlegelia quercus,iPHoP-RF,92.40,None
WATLvirus_00178322,GB_GCA_002720475.1,d__Bacteria;p__Pseudomonadota;c__Alphaproteobacteria;o__Rhodobacterales;f__Rhodobacteraceae;g__Roseovarius;s__Roseovarius sp002720475,blast,91.80,None
WATLvirus_00178357,RS_GCF_003789055.1,d__Bacteria;p__Pseudomonadota;c__Alphaproteobacteria;o__Rhodobacterales;f__Rhodobacteraceae;g__Oceanicola;s__Oceanicola lentulus,blast,91.10,None
WATLvirus_00178364,GB_GCA_024347655.1,d__Bacteria;p__Pseudomonadota;c__Gammaproteobacteria;o__Enterobacterales_A;f__Vibrionaceae;g__Vibrio;s__Vibrio toranzoniae,iPHoP-RF,95.40,None
WATLvirus_00182662,RS_GCF_019392335.1,d__Bacteria;p__Pseudomonadota;c__Alphaproteobacteria;o__Rhodobacterales;f__Rhodobacteraceae;g__Mameliella;s__Mameliella sp019392335,blast,91.70,iPHoP-RF;68.20
WATLvirus_00182690,GB_GCA_022844565.1,d__Bacteria;p__Bacteroidota;c__Bacteroidia;o__Chitinophagales;f__Saprospiraceae;g__JADKBO01;s__JADKBO01 sp022844565,iPHoP-RF,95.10,None
WATLvirus_00182690,GB_GCA_016714765.1,d__Bacteria;p__Bacteroidota;c__Bacteroidia;o__Chitinophagales;f__Saprospiraceae;g__OLB9;s__OLB9 sp016714765,iPHoP-RF,94.10,None
WATLvirus_00182690,GB_GCA_016714785.1,d__Bacteria;p__Bacteroidota;c__Bacteroidia;o__Chitinophagales;f__Saprospiraceae;g__OLB9;s__OLB9 sp016714785,iPHoP-RF,93.70,None
WATLvirus_00182690,GB_GCA_016717105.1,d__Bacteria;p__Bacteroidota;c__Bacteroidia;o__Chitinophagales;f__Saprospiraceae;g__OLB9;s__OLB9 sp016717105,iPHoP-RF,93.70,None
WATLvirus_00182690,GB_GCA_001567255.1,d__Bacteria;p__Bacteroidota;c__Bacteroidia;o__Chitinophagales;f__Saprospiraceae;g__OLB9;s__OLB9 sp001567255,iPHoP-RF,93.40,None
WATLvirus_00182690,GB_GCA_013001975.1,d__Bacteria;p__Bacteroidota;c__Bacteroidia;o__Chitinophagales;f__Saprospiraceae;g__RFSX01;s__RFSX01 sp013001975,iPHoP-RF,90.50,None
WATLvirus_00182693,GB_GCA_021775255.1,d__Bacteria;p__Pseudomonadota;c__Alphaproteobacteria;o__Rhodobacterales;f__Rhodobacteraceae;g__Roseovarius;s__Roseovarius sp021775255,blast,92.00,None
WATLvirus_00182693,RS_GCF_900129345.1,d__Bacteria;p__Pseudomonadota;c__Alphaproteobacteria;o__Rhodobacterales;f__Rhodobacteraceae;g__Ruegeria;s__Ruegeria intermedia,blast,90.00,iPHoP-RF;53.80
WATLvirus_00182701,GB_GCA_024347595.1,d__Bacteria;p__Pseudomonadota;c__Gammaproteobacteria;o__Enterobacterales_A;f__Vibrionaceae;g__Vibrio;s__Vibrio pomeroyi,iPHoP-RF,93.70,None
WATLvirus_00182701,RS_GCF_023206395.1,d__Bacteria;p__Pseudomonadota;c__Gammaproteobacteria;o__Enterobacterales_A;f__Vibrionaceae;g__Vibrio;s__Vibrio sp000316985,iPHoP-RF,92.40,None
WATLvirus_00182701,RS_GCF_022397955.1,d__Bacteria;p__Pseudomonadota;c__Gammaproteobacteria;o__Enterobacterales_A;f__Vibrionaceae;g__Vibrio;s__Vibrio sp022397955,iPHoP-RF,91.40,None
WATLvirus_00182731,RS_GCF_001458255.1,d__Bacteria;p__Pseudomonadota;c__Alphaproteobacteria;o__Rhodobacterales;f__Rhodobacteraceae;g__Thalassobius;s__Thalassobius autumnalis,blast,91.90,None
WATLvirus_00182731,RS_GCF_001049735.1,d__Bacteria;p__Pseudomonadota;c__Alphaproteobacteria;o__Rhodobacterales;f__Rhodobacteraceae;g__Nereida;s__Nereida ignava,blast,91.10,None
WATLvirus_00182762,bin.33,d__Bacteria;p__Pseudomonadota;c__Alphaproteobacteria;o__Rhodobacterales;f__Rhodobacteraceae;g__;s__,blast,93.10,iPHoP-RF;57.90
WATLvirus_00182762,RS_GCF_004000435.1,d__Bacteria;p__Pseudomonadota;c__Alphaproteobacteria;o__Rhodobacterales;f__Rhodobacteraceae;g__Alexandriicola;s__Alexandriicola marinus,blast,91.10,iPHoP-RF;64.50
WATLvirus_00182786,RS_GCF_000768555.3,d__Bacteria;p__Pseudomonadota;c__Alphaproteobacteria;o__Rhodobacterales;f__Rhodobacteraceae;g__Roseovarius;s__Roseovarius mucosus,blast,95.70,iPHoP-RF;71.50
WATLvirus_00182801,RS_GCF_015529805.1,d__Bacteria;p__Pseudomonadota;c__Alphaproteobacteria;o__Sphingomonadales;f__Sphingomonadaceae;g__Qipengyuania;s__Qipengyuania soli,iPHoP-RF,91.10,None
WATLvirus_00182809,GB_GCA_018830285.1,d__Bacteria;p__Pseudomonadota;c__Alphaproteobacteria;o__Caulobacterales;f__Hyphomonadaceae;g__Hyphomonas;s__Hyphomonas sp018830285,blast,93.70,None
WATLvirus_00182818,GB_GCA_003551805.1,d__Bacteria;p__Pseudomonadota;c__Alphaproteobacteria;o__Rhodobacterales;f__Rhodobacteraceae;g__Yoonia;s__Yoonia sp003551805,blast,94.50,iPHoP-RF;52.80
WATLvirus_00182818,RS_GCF_000152785.1,d__Bacteria;p__Pseudomonadota;c__Alphaproteobacteria;o__Rhodobacterales;f__Rhodobacteraceae;g__Yoonia;s__Yoonia vestfoldensis_A,blast,94.20,iPHoP-RF;60.90
WATLvirus_00182818,RS_GCF_002158905.1,d__Bacteria;p__Pseudomonadota;c__Alphaproteobacteria;o__Rhodobacterales;f__Rhodobacteraceae;g__Yoonia;s__Yoonia vestfoldensis_B,blast,94.20,iPHoP-RF;60.10
WATLvirus_00182818,GB_GCA_017390475.1,d__Bacteria;p__Pseudomonadota;c__Alphaproteobacteria;o__Rhodobacterales;f__Rhodobacteraceae;g__Yoonia;s__Yoonia sp017390475,blast,94.00,None
WATLvirus_00182818,GB_GCA_018402175.1,d__Bacteria;p__Pseudomonadota;c__Alphaproteobacteria;o__Rhodobacterales;f__Rhodobacteraceae;g__Yoonia;s__Yoonia sp018402175,blast,93.10,iPHoP-RF;57.30
WATLvirus_00182818,RS_GCF_000382265.1,d__Bacteria;p__Pseudomonadota;c__Alphaproteobacteria;o__Rhodobacterales;f__Rhodobacteraceae;g__Yoonia;s__Yoonia vestfoldensis,blast,93.00,iPHoP-RF;56.80
WATLvirus_00182818,GB_GCA_014859355.1,d__Bacteria;p__Pseudomonadota;c__Alphaproteobacteria;o__Rhodobacterales;f__Rhodobacteraceae;g__Yoonia;s__Yoonia sp014859355,blast,90.10,None
WATLvirus_00182818,RS_GCF_900156505.1,d__Bacteria;p__Pseudomonadota;c__Alphaproteobacteria;o__Rhodobacterales;f__Rhodobacteraceae;g__Yoonia;s__Yoonia rosea,blast,90.00,None
WATLvirus_00182897,GB_GCA_024763335.1,d__Bacteria;p__Pseudomonadota;c__Alphaproteobacteria;o__Rhodobacterales;f__Rhodobacteraceae;g__Muriiphilus;s__Muriiphilus sp024763335,iPHoP-RF,95.70,None
WATLvirus_00182897,RS_GCF_900177545.1,d__Bacteria;p__Pseudomonadota;c__Alphaproteobacteria;o__Rhodobacterales;f__Rhodobacteraceae;g__Muriiphilus;s__Muriiphilus sp900177545,iPHoP-RF,95.10,None
WATLvirus_00182897,GB_GCA_011389685.1,d__Bacteria;p__Pseudomonadota;c__Alphaproteobacteria;o__Rhodobacterales;f__Rhodobacteraceae;g__Aquicoccus;s__Aquicoccus sp011389685,iPHoP-RF,94.40,None
WATLvirus_00182897,GB_GCA_020055675.1,d__Bacteria;p__Pseudomonadota;c__Alphaproteobacteria;o__Rhodobacterales;f__Rhodobacteraceae;g__Marivita;s__Marivita sp020055675,iPHoP-RF,93.70,None
WATLvirus_00182897,RS_GCF_008369105.1,d__Bacteria;p__Pseudomonadota;c__Alphaproteobacteria;o__Rhodobacterales;f__Rhodobacteraceae;g__Aquicoccus;s__Aquicoccus porphyridii,iPHoP-RF,93.70,None
WATLvirus_00182897,GB_GCA_001314705.1,d__Bacteria;p__Pseudomonadota;c__Alphaproteobacteria;o__Rhodobacterales;f__Rhodobacteraceae;g__Aquicoccus;s__Aquicoccus sp001314705,iPHoP-RF,93.40,None
WATLvirus_00182897,GB_GCA_024742655.1,d__Bacteria;p__Pseudomonadota;c__Alphaproteobacteria;o__Rhodobacterales;f__Rhodobacteraceae;g__Roseovarius;s__Roseovarius sp024742655,iPHoP-RF,93.40,None
WATLvirus_00182897,RS_GCF_022814865.1,d__Bacteria;p__Pseudomonadota;c__Alphaproteobacteria;o__Rhodobacterales;f__Rhodobacteraceae;g__Shimia;s__Shimia aestuarii_A,iPHoP-RF,93.10,None
WATLvirus_00182897,GB_GCA_001873585.1,d__Bacteria;p__Pseudomonadota;c__Alphaproteobacteria;o__Rhodobacterales;f__Rhodobacteraceae;g__Muriiphilus;s__Muriiphilus sp001873585,iPHoP-RF,90.80,None
WATLvirus_00182897,GB_GCA_018223085.1,d__Bacteria;p__Pseudomonadota;c__Alphaproteobacteria;o__Rhodobacterales;f__Rhodobacteraceae;g__Shimia;s__Shimia sp018223085,iPHoP-RF,90.80,None
WATLvirus_00182897,RS_GCF_023370775.1,d__Bacteria;p__Pseudomonadota;c__Alphaproteobacteria;o__Rhodobacterales;f__Rhodobacteraceae;g__Marivita;s__Marivita sp023370775,iPHoP-RF,90.50,None
WATLvirus_00182927,RS_GCF_002925845.1,d__Bacteria;p__Pseudomonadota;c__Alphaproteobacteria;o__Rhodobacterales;f__Rhodobacteraceae;g__Roseovarius;s__Roseovarius nitratireducens,blast,93.10,iPHoP-RF;69.50
WATLvirus_00188441,GB_GCA_017995835.1,d__Bacteria;p__Pseudomonadota;c__Alphaproteobacteria;o__Rhodobacterales;f__Rhodobacteraceae;g__Amaricoccus;s__Amaricoccus sp017995835,blast,92.10,None
WATLvirus_00188507,GB_GCA_024742835.1,d__Bacteria;p__Pseudomonadota;c__Alphaproteobacteria;o__Rhodobacterales;f__Rhodobacteraceae;g__Roseovarius;s__Roseovarius sp024742835,blast,93.10,iPHoP-RF;57.90
WATLvirus_00188507,bin.116,d__Bacteria;p__Pseudomonadota;c__Alphaproteobacteria;o__Rhodobacterales;f__Rhodobacteraceae;g__Roseovarius;s__,blast,92.00,iPHoP-RF;52.50
WATLvirus_00188507,RS_GCF_004761875.1,d__Bacteria;p__Pseudomonadota;c__Alphaproteobacteria;o__Rhodobacterales;f__Rhodobacteraceae;g__Roseovarius;s__Roseovarius aestuariivivens,blast,91.80,None
WATLvirus_00188507,RS_GCF_002072155.1,d__Bacteria;p__Pseudomonadota;c__Alphaproteobacteria;o__Rhodobacterales;f__Rhodobacteraceae;g__Roseovarius;s__Roseovarius sp002072155,blast,91.00,iPHoP-RF;74.30
WATLvirus_00188507,RS_GCF_018069895.1,d__Bacteria;p__Pseudomonadota;c__Alphaproteobacteria;o__Rhodobacterales;f__Rhodobacteraceae;g__Roseovarius;s__Roseovarius sp018069895,blast,90.30,iPHoP-RF;74.80
WATLvirus_00188507,GB_GCA_002428225.1,d__Bacteria;p__Pseudomonadota;c__Alphaproteobacteria;o__Rhodobacterales;f__Rhodobacteraceae;g__Roseovarius;s__Roseovarius sp002428225,blast,90.20,iPHoP-RF;80.80
WATLvirus_00188509,GB_GCA_004566265.1,d__Bacteria;p__Pseudomonadota;c__Alphaproteobacteria;o__Rhodobacterales;f__Rhodobacteraceae;g__Epibacterium;s__Epibacterium sp004566265,iPHoP-RF,96.10,None
WATLvirus_00188509,RS_GCF_900313025.1,d__Bacteria;p__Pseudomonadota;c__Alphaproteobacteria;o__Rhodobacterales;f__Rhodobacteraceae;g__Pseudophaeobacter;s__Pseudophaeobacter sp900313025,iPHoP-RF,91.80,None
WATLvirus_00188520,RS_GCF_001458315.1,d__Bacteria;p__Pseudomonadota;c__Alphaproteobacteria;o__Rhodobacterales;f__Rhodobacteraceae;g__Thalassobacter;s__Thalassobacter stenotrophicus,blast,94.30,iPHoP-RF;57.90
WATLvirus_00188555,GB_GCA_905181945.1,d__Bacteria;p__Pseudomonadota;c__Gammaproteobacteria;o__Pseudomonadales;f__Porticoccaceae;g__Porticoccus;s__Porticoccus sp905181945,iPHoP-RF,90.50,None
WATLvirus_00188565,RS_GCF_000264055.1,d__Bacteria;p__Bacteroidota;c__Bacteroidia;o__Flavobacteriales;f__Flavobacteriaceae;g__Flavobacterium;s__Flavobacterium sp000264055,iPHoP-RF,95.40,None
WATLvirus_00188565,RS_GCF_004349145.1,d__Bacteria;p__Bacteroidota;c__Bacteroidia;o__Flavobacteriales;f__Flavobacteriaceae;g__Flavobacterium;s__Flavobacterium hiemivividum,iPHoP-RF,95.10,None
WATLvirus_00188565,RS_GCF_013294025.1,d__Bacteria;p__Bacteroidota;c__Bacteroidia;o__Flavobacteriales;f__Flavobacteriaceae;g__Flavobacterium;s__Flavobacterium sp013294025,iPHoP-RF,95.10,None
WATLvirus_00188565,RS_GCF_900107635.1,d__Bacteria;p__Bacteroidota;c__Bacteroidia;o__Flavobacteriales;f__Flavobacteriaceae;g__Flavobacterium;s__Flavobacterium gillisiae,iPHoP-RF,95.10,None
WATLvirus_00188565,RS_GCF_000425505.1,d__Bacteria;p__Bacteroidota;c__Bacteroidia;o__Flavobacteriales;f__Flavobacteriaceae;g__Flavobacterium;s__Flavobacterium frigidarium,iPHoP-RF,94.70,None
WATLvirus_00188565,RS_GCF_013294005.1,d__Bacteria;p__Bacteroidota;c__Bacteroidia;o__Flavobacteriales;f__Flavobacteriaceae;g__Flavobacterium;s__Flavobacterium sp013294005,iPHoP-RF,94.70,None
WATLvirus_00188565,RS_GCF_000252125.1,d__Bacteria;p__Bacteroidota;c__Bacteroidia;o__Flavobacteriales;f__Flavobacteriaceae;g__Flavobacterium;s__Flavobacterium frigoris_A,iPHoP-RF,94.40,None
WATLvirus_00188604,GB_GCA_913061325.1,d__Bacteria;p__Bacteroidota;c__Bacteroidia;o__Chitinophagales;f__Saprospiraceae;g__CAJXUU01;s__CAJXUU01 sp913061325,iPHoP-RF,92.40,None
WATLvirus_00188623,GB_GCA_903856025.1,d__Bacteria;p__Pseudomonadota;c__Gammaproteobacteria;o__Burkholderiales;f__Burkholderiaceae_B;g__Rhodoferax;s__Rhodoferax sp903856025,iPHoP-RF,97.10,None
WATLvirus_00188623,GB_GCA_002381045.1,d__Bacteria;p__Pseudomonadota;c__Gammaproteobacteria;o__Burkholderiales;f__Burkholderiaceae_B;g__Rhodoferax;s__Rhodoferax sp002381045,iPHoP-RF,95.70,None
WATLvirus_00188623,RS_GCF_000013605.1,d__Bacteria;p__Pseudomonadota;c__Gammaproteobacteria;o__Burkholderiales;f__Burkholderiaceae_B;g__Rhodoferax;s__Rhodoferax ferrireducens,iPHoP-RF,95.70,None
WATLvirus_00188623,GB_GCA_003133245.1,d__Bacteria;p__Pseudomonadota;c__Gammaproteobacteria;o__Burkholderiales;f__Burkholderiaceae_B;g__Rhodoferax;s__Rhodoferax sp003133245,iPHoP-RF,95.40,None
WATLvirus_00188623,GB_GCA_010365055.1,d__Bacteria;p__Pseudomonadota;c__Gammaproteobacteria;o__Burkholderiales;f__Burkholderiaceae_B;g__Rhodoferax;s__Rhodoferax sp010365055,iPHoP-RF,95.10,None
WATLvirus_00188623,GB_GCA_018780565.1,d__Bacteria;p__Pseudomonadota;c__Gammaproteobacteria;o__Burkholderiales;f__Burkholderiaceae_B;g__Rhodoferax;s__Rhodoferax sp018780565,iPHoP-RF,95.10,None
WATLvirus_00188623,GB_GCA_017880985.1,d__Bacteria;p__Pseudomonadota;c__Gammaproteobacteria;o__Burkholderiales;f__Burkholderiaceae_B;g__Rhodoferax;s__Rhodoferax sp017880985,iPHoP-RF,94.70,None
WATLvirus_00188623,GB_GCA_903875275.1,d__Bacteria;p__Pseudomonadota;c__Gammaproteobacteria;o__Burkholderiales;f__Burkholderiaceae_B;g__Rhodoferax;s__Rhodoferax sp903875275,iPHoP-RF,94.40,None
WATLvirus_00188623,GB_GCA_903925725.1,d__Bacteria;p__Pseudomonadota;c__Gammaproteobacteria;o__Burkholderiales;f__Burkholderiaceae_B;g__Rhodoferax;s__Rhodoferax sp903925725,iPHoP-RF,94.40,None
WATLvirus_00188623,GB_GCA_021812315.1,d__Bacteria;p__Pseudomonadota;c__Gammaproteobacteria;o__Burkholderiales;f__Burkholderiaceae_B;g__Rhodoferax;s__Rhodoferax sp021812315,iPHoP-RF,93.10,None
WATLvirus_00188623,GB_GCA_002842265.1,d__Bacteria;p__Pseudomonadota;c__Gammaproteobacteria;o__Burkholderiales;f__Burkholderiaceae_B;g__Rhodoferax;s__Rhodoferax sp002842265,iPHoP-RF,92.80,None
WATLvirus_00188623,GB_GCA_018061265.1,d__Bacteria;p__Pseudomonadota;c__Gammaproteobacteria;o__Burkholderiales;f__Burkholderiaceae_B;g__Rhodoferax;s__Rhodoferax sp018061265,iPHoP-RF,91.80,None
WATLvirus_00188623,GB_GCA_018063565.1,d__Bacteria;p__Pseudomonadota;c__Gammaproteobacteria;o__Burkholderiales;f__Burkholderiaceae_B;g__Rhodoferax;s__Rhodoferax sp018063565,iPHoP-RF,91.80,None
WATLvirus_00188623,GB_GCA_903906695.1,d__Bacteria;p__Pseudomonadota;c__Gammaproteobacteria;o__Burkholderiales;f__Burkholderiaceae_B;g__Rhodoferax;s__Rhodoferax sp903906695,iPHoP-RF,91.40,None
WATLvirus_00188623,GB_GCA_903927295.1,d__Bacteria;p__Pseudomonadota;c__Gammaproteobacteria;o__Burkholderiales;f__Burkholderiaceae_B;g__Rhodoferax;s__Rhodoferax sp903927295,iPHoP-RF,91.40,None
WATLvirus_00188623,GB_GCA_903894475.1,d__Bacteria;p__Pseudomonadota;c__Gammaproteobacteria;o__Burkholderiales;f__Burkholderiaceae_B;g__Rhodoferax;s__Rhodoferax sp903894475,iPHoP-RF,90.80,None
WATLvirus_00188623,GB_GCA_021737865.1,d__Bacteria;p__Pseudomonadota;c__Gammaproteobacteria;o__Burkholderiales;f__Burkholderiaceae_B;g__Rhodoferax_C;s__Rhodoferax_C sp021737865,iPHoP-RF,90.50,None
WATLvirus_00188660,RS_GCF_002158905.1,d__Bacteria;p__Pseudomonadota;c__Alphaproteobacteria;o__Rhodobacterales;f__Rhodobacteraceae;g__Yoonia;s__Yoonia vestfoldensis_B,blast,92.90,iPHoP-RF;68.40
WATLvirus_00188660,RS_GCF_000382265.1,d__Bacteria;p__Pseudomonadota;c__Alphaproteobacteria;o__Rhodobacterales;f__Rhodobacteraceae;g__Yoonia;s__Yoonia vestfoldensis,blast,90.90,iPHoP-RF;70.90
WATLvirus_00188660,RS_GCF_000152785.1,d__Bacteria;p__Pseudomonadota;c__Alphaproteobacteria;o__Rhodobacterales;f__Rhodobacteraceae;g__Yoonia;s__Yoonia vestfoldensis_A,blast,90.50,iPHoP-RF;64.50
WATLvirus_00188660,GB_GCA_018402175.1,d__Bacteria;p__Pseudomonadota;c__Alphaproteobacteria;o__Rhodobacterales;f__Rhodobacteraceae;g__Yoonia;s__Yoonia sp018402175,blast,90.20,iPHoP-RF;66.00
WATLvirus_00188661,GB_GCA_900473335.1,d__Bacteria;p__Pseudomonadota;c__Alphaproteobacteria;o__Rhizobiales;f__Rhizobiaceae;g__Phyllobacterium;s__Phyllobacterium sp900473335,iPHoP-RF,95.10,None
WATLvirus_00188703,RS_GCF_002158905.1,d__Bacteria;p__Pseudomonadota;c__Alphaproteobacteria;o__Rhodobacterales;f__Rhodobacteraceae;g__Yoonia;s__Yoonia vestfoldensis_B,blast,93.50,iPHoP-RF;88.50
WATLvirus_00188703,GB_GCA_018402175.1,d__Bacteria;p__Pseudomonadota;c__Alphaproteobacteria;o__Rhodobacterales;f__Rhodobacteraceae;g__Yoonia;s__Yoonia sp018402175,blast,91.90,iPHoP-RF;81.60
WATLvirus_00188703,RS_GCF_000152785.1,d__Bacteria;p__Pseudomonadota;c__Alphaproteobacteria;o__Rhodobacterales;f__Rhodobacteraceae;g__Yoonia;s__Yoonia vestfoldensis_A,blast,91.00,iPHoP-RF;78.50
WATLvirus_00188703,RS_GCF_000382265.1,d__Bacteria;p__Pseudomonadota;c__Alphaproteobacteria;o__Rhodobacterales;f__Rhodobacteraceae;g__Yoonia;s__Yoonia vestfoldensis,blast,90.60,iPHoP-RF;81.10
WATLvirus_00188703,GB_GCA_003551805.1,d__Bacteria;p__Pseudomonadota;c__Alphaproteobacteria;o__Rhodobacterales;f__Rhodobacteraceae;g__Yoonia;s__Yoonia sp003551805,blast,90.40,iPHoP-RF;83.30
WATLvirus_00188712,GB_GCA_017550685.1,d__Bacteria;p__Spirochaetota;c__Spirochaetia;o__Treponematales;f__Treponemataceae;g__Treponema_D;s__Treponema_D sp017550685,iPHoP-RF,94.70,None
WATLvirus_00188712,GB_GCA_017963165.1,d__Bacteria;p__Spirochaetota;c__Spirochaetia;o__Treponematales;f__Treponemataceae;g__Treponema_D;s__Treponema_D sp017963165,iPHoP-RF,91.80,None
WATLvirus_00188717,GB_GCA_902563885.1,d__Bacteria;p__Pseudomonadota;c__Gammaproteobacteria;o__SAR86;f__TMED112;g__TMED112;s__TMED112 sp902563885,iPHoP-RF,94.40,None
WATLvirus_00188717,GB_GCA_023703535.1,d__Bacteria;p__Pseudomonadota;c__Gammaproteobacteria;o__SAR86;f__TMED112;g__TMED112;s__TMED112 sp003280455,iPHoP-RF,93.70,None
WATLvirus_00188717,GB_GCA_902526535.1,d__Bacteria;p__Pseudomonadota;c__Gammaproteobacteria;o__SAR86;f__TMED112;g__TMED112;s__TMED112 sp902526535,iPHoP-RF,93.70,None
WATLvirus_00188717,GB_GCA_000252525.1,d__Bacteria;p__Pseudomonadota;c__Gammaproteobacteria;o__SAR86;f__D2472;g__SAR86A;s__SAR86A sp000252525,iPHoP-RF,92.10,None
WATLvirus_00188729,bin.33,d__Bacteria;p__Pseudomonadota;c__Alphaproteobacteria;o__Rhodobacterales;f__Rhodobacteraceae;g__;s__,blast,93.90,None
WATLvirus_00188729,RS_GCF_004000435.1,d__Bacteria;p__Pseudomonadota;c__Alphaproteobacteria;o__Rhodobacterales;f__Rhodobacteraceae;g__Alexandriicola;s__Alexandriicola marinus,blast,91.30,iPHoP-RF;52.20
WATLvirus_00188731,GB_GCA_014075275.1,d__Bacteria;p__Pseudomonadota;c__Alphaproteobacteria;o__Rhodobacterales;f__Rhodobacteraceae;g__Boseongicola;s__Boseongicola sp014075275,blast,93.50,None
WATLvirus_00188805,GB_GCA_017643905.1,d__Bacteria;p__Pseudomonadota;c__Alphaproteobacteria;o__Rhodobacterales;f__Rhodobacteraceae;g__Marivita;s__Marivita sp017643905,iPHoP-RF,92.10,None
WATLvirus_00188805,RS_GCF_013032855.1,d__Bacteria;p__Pseudomonadota;c__Alphaproteobacteria;o__Rhodobacterales;f__Rhodobacteraceae;g__Ruegeria;s__Ruegeria arenilitoris,iPHoP-RF,90.50,None
WATLvirus_00188812,RS_GCF_002158905.1,d__Bacteria;p__Pseudomonadota;c__Alphaproteobacteria;o__Rhodobacterales;f__Rhodobacteraceae;g__Yoonia;s__Yoonia vestfoldensis_B,blast,93.80,iPHoP-RF;65.80
WATLvirus_00188812,GB_GCA_018402175.1,d__Bacteria;p__Pseudomonadota;c__Alphaproteobacteria;o__Rhodobacterales;f__Rhodobacteraceae;g__Yoonia;s__Yoonia sp018402175,blast,92.10,iPHoP-RF;60.60
WATLvirus_00188812,GB_GCA_003551805.1,d__Bacteria;p__Pseudomonadota;c__Alphaproteobacteria;o__Rhodobacterales;f__Rhodobacteraceae;g__Yoonia;s__Yoonia sp003551805,blast,91.20,iPHoP-RF;62.50
WATLvirus_00188812,RS_GCF_000152785.1,d__Bacteria;p__Pseudomonadota;c__Alphaproteobacteria;o__Rhodobacterales;f__Rhodobacteraceae;g__Yoonia;s__Yoonia vestfoldensis_A,blast,90.50,iPHoP-RF;60.10
WATLvirus_00188812,RS_GCF_000382265.1,d__Bacteria;p__Pseudomonadota;c__Alphaproteobacteria;o__Rhodobacterales;f__Rhodobacteraceae;g__Yoonia;s__Yoonia vestfoldensis,blast,90.00,iPHoP-RF;57.30
WATLvirus_00188847,RS_GCF_010726085.1,d__Bacteria;p__Actinomycetota;c__Actinomycetia;o__Mycobacteriales;f__Mycobacteriaceae;g__Mycobacterium;s__Mycobacterium moriokaense,iPHoP-RF,91.40,None
WATLvirus_00188847,RS_GCF_014873705.1,d__Bacteria;p__Actinomycetota;c__Actinomycetia;o__Mycobacteriales;f__Mycobacteriaceae;g__Mycobacterium;s__Mycobacterium sp014873705,iPHoP-RF,90.10,None
WATLvirus_00188859,RS_GCF_011601345.1,d__Bacteria;p__Pseudomonadota;c__Alphaproteobacteria;o__Rhodobacterales;f__Rhodobacteraceae;g__Roseovarius;s__Roseovarius gahaiensis,blast,93.10,None
WATLvirus_00194444,RS_GCF_002910915.1,d__Bacteria;p__Actinomycetota;c__Actinomycetia;o__Streptomycetales;f__Streptomycetaceae;g__Streptomyces;s__Streptomyces sp002910915,iPHoP-RF,90.10,None
WATLvirus_00194490,GB_GCA_002720475.1,d__Bacteria;p__Pseudomonadota;c__Alphaproteobacteria;o__Rhodobacterales;f__Rhodobacteraceae;g__Roseovarius;s__Roseovarius sp002720475,blast,91.30,iPHoP-RF;87.00
WATLvirus_00194499,RS_GCF_003340555.1,d__Bacteria;p__Pseudomonadota;c__Alphaproteobacteria;o__Rhodobacterales;f__Rhodobacteraceae;g__Jannaschia;s__Jannaschia formosa,blast,93.80,iPHoP-RF;79.00
WATLvirus_00194589,GB_GCA_013042895.1,d__Bacteria;p__Pseudomonadota;c__Alphaproteobacteria;o__Rhodobacterales;f__Rhodobacteraceae;g__Boseongicola;s__Boseongicola sp013042895,iPHoP-RF,91.40,None
WATLvirus_00194589,GB_GCA_024742575.1,d__Bacteria;p__Pseudomonadota;c__Alphaproteobacteria;o__Rhodobacterales;f__Rhodobacteraceae;g__Marivita;s__Marivita sp024742575,iPHoP-RF,91.10,None
WATLvirus_00194596,RS_GCF_002149015.1,d__Bacteria;p__Actinomycetota;c__Actinomycetia;o__Mycobacteriales;f__Mycobacteriaceae;g__Gordonia;s__Gordonia lacunae,iPHoP-RF,92.40,None
WATLvirus_00194596,RS_GCF_000143885.2,d__Bacteria;p__Actinomycetota;c__Actinomycetia;o__Mycobacteriales;f__Mycobacteriaceae;g__Gordonia;s__Gordonia sp000143885,iPHoP-RF,92.10,None
WATLvirus_00194636,RS_GCF_010587385.1,d__Bacteria;p__Pseudomonadota;c__Gammaproteobacteria;o__Enterobacterales_A;f__Vibrionaceae;g__Vibrio;s__Vibrio astriarenae,iPHoP-RF,95.10,None
WATLvirus_00194636,RS_GCF_000176235.1,d__Bacteria;p__Pseudomonadota;c__Gammaproteobacteria;o__Enterobacterales_A;f__Vibrionaceae;g__Vibrio;s__Vibrio orientalis,iPHoP-RF,90.80,None
WATLvirus_00194636,RS_GCF_000772105.1,d__Bacteria;p__Pseudomonadota;c__Gammaproteobacteria;o__Enterobacterales_A;f__Vibrionaceae;g__Vibrio;s__Vibrio tubiashii,iPHoP-RF,90.50,None
WATLvirus_00194694,RS_GCF_005222675.1,d__Bacteria;p__Actinomycetota;c__Actinomycetia;o__Mycobacteriales;f__Mycobacteriaceae;g__Mycobacterium;s__Mycobacterium sp005222675,iPHoP-RF,91.10,None
WATLvirus_00194694,RS_GCF_002101705.1,d__Bacteria;p__Actinomycetota;c__Actinomycetia;o__Mycobacteriales;f__Mycobacteriaceae;g__Mycobacterium;s__Mycobacterium iranicum,iPHoP-RF,90.80,None
WATLvirus_00194694,RS_GCF_003254575.1,d__Bacteria;p__Actinomycetota;c__Actinomycetia;o__Mycobacteriales;f__Mycobacteriaceae;g__Mycobacterium;s__Mycobacterium kyogaense,iPHoP-RF,90.10,None
WATLvirus_00194749,RS_GCF_900156455.1,d__Bacteria;p__Actinomycetota;c__Actinomycetia;o__Actinomycetales;f__Microbacteriaceae;g__Microbacterium;s__Microbacterium sp900156455,iPHoP-RF,91.10,None
WATLvirus_00194749,GB_GCA_913774665.1,d__Bacteria;p__Actinomycetota;c__Actinomycetia;o__Actinomycetales;f__Microbacteriaceae;g__Microbacterium;s__Microbacterium sp913774665,iPHoP-RF,90.80,None
WATLvirus_00194749,GB_GCA_913774845.1,d__Bacteria;p__Actinomycetota;c__Actinomycetia;o__Actinomycetales;f__Microbacteriaceae;g__Microbacterium;s__Microbacterium sp913774845,iPHoP-RF,90.80,None
WATLvirus_00194749,RS_GCF_003075375.1,d__Bacteria;p__Actinomycetota;c__Actinomycetia;o__Actinomycetales;f__Microbacteriaceae;g__Microbacterium;s__Microbacterium testaceum_E,iPHoP-RF,90.10,None
WATLvirus_00194749,RS_GCF_020781835.1,d__Bacteria;p__Actinomycetota;c__Actinomycetia;o__Actinomycetales;f__Microbacteriaceae;g__Microbacterium;s__Microbacterium testaceum_H,iPHoP-RF,90.10,None
WATLvirus_00194749,RS_GCF_022815605.1,d__Bacteria;p__Actinomycetota;c__Actinomycetia;o__Actinomycetales;f__Microbacteriaceae;g__Microbacterium;s__Microbacterium sp022815605,iPHoP-RF,90.10,None
WATLvirus_00194779,GB_GCA_022842145.1,d__Bacteria;p__Pseudomonadota;c__Alphaproteobacteria;o__Rhodobacterales;f__Rhodobacteraceae;g__Tabrizicola;s__Tabrizicola sp022842145,iPHoP-RF,92.10,None
WATLvirus_00194808,GB_GCA_001314845.1,d__Bacteria;p__Pseudomonadota;c__Gammaproteobacteria;o__Pseudomonadales;f__Oleiphilaceae;g__Marinobacter;s__Marinobacter excellens_B,iPHoP-RF,96.70,None
WATLvirus_00194808,GB_GCA_014859525.1,d__Bacteria;p__Pseudomonadota;c__Gammaproteobacteria;o__Pseudomonadales;f__Oleiphilaceae;g__Marinobacter;s__Marinobacter sp014859525,iPHoP-RF,96.40,None
WATLvirus_00194808,GB_GCA_018402255.1,d__Bacteria;p__Pseudomonadota;c__Gammaproteobacteria;o__Pseudomonadales;f__Oleiphilaceae;g__Marinobacter;s__Marinobacter sp018402255,iPHoP-RF,95.40,None
WATLvirus_00194808,GB_GCA_011049865.1,d__Bacteria;p__Pseudomonadota;c__Gammaproteobacteria;o__Pseudomonadales;f__Oleiphilaceae;g__Marinobacter;s__Marinobacter antarcticus_A,iPHoP-RF,94.10,None
WATLvirus_00194808,GB_GCA_002726615.1,d__Bacteria;p__Pseudomonadota;c__Gammaproteobacteria;o__Pseudomonadales;f__Oleiphilaceae;g__Marinobacter;s__Marinobacter sp002726615,iPHoP-RF,93.40,None
WATLvirus_00194808,RS_GCF_000169375.1,d__Bacteria;p__Pseudomonadota;c__Gammaproteobacteria;o__Pseudomonadales;f__Oleiphilaceae;g__Marinobacter;s__Marinobacter sp000169375,iPHoP-RF,90.50,None
WATLvirus_00194918,GB_GCA_002432125.1,d__Bacteria;p__Pseudomonadota;c__Alphaproteobacteria;o__Caulobacterales;f__Caulobacteraceae;g__Brevundimonas;s__Brevundimonas sp002432125,iPHoP-RF,92.40,None
WATLvirus_00194918,RS_GCF_022750635.1,d__Bacteria;p__Pseudomonadota;c__Alphaproteobacteria;o__Caulobacterales;f__Caulobacteraceae;g__Brevundimonas;s__Brevundimonas pishanensis,iPHoP-RF,92.40,None
WATLvirus_00194918,GB_GCA_002419815.1,d__Bacteria;p__Pseudomonadota;c__Alphaproteobacteria;o__Caulobacterales;f__Caulobacteraceae;g__Brevundimonas;s__Brevundimonas sp002419815,iPHoP-RF,91.80,None
WATLvirus_00194918,GB_GCA_023436945.1,d__Bacteria;p__Pseudomonadota;c__Alphaproteobacteria;o__Caulobacterales;f__Caulobacteraceae;g__Brevundimonas;s__Brevundimonas sp023436945,iPHoP-RF,91.80,None
WATLvirus_00194918,RS_GCF_004346865.1,d__Bacteria;p__Pseudomonadota;c__Alphaproteobacteria;o__Rhodobacterales;f__Rhodobacteraceae;g__Shimia;s__Shimia isoporae,iPHoP-RF,90.80,None
WATLvirus_00209936,GB_GCA_003554145.1,d__Bacteria;p__Bacillota_F;c__Halanaerobiia;o__B1SED10-174;f__B1SED10-174;g__T1SED10-26;s__T1SED10-26 sp003554145,blast,93.50,None
WATLvirus_00210089,RS_GCF_900176205.1,d__Bacteria;p__Pseudomonadota;c__Alphaproteobacteria;o__Rhizobiales;f__Xanthobacteraceae;g__Bradyrhizobium;s__Bradyrhizobium sp900176205,iPHoP-RF,90.50,None
WATLvirus_00212432,bin.228,d__Bacteria;p__Pseudomonadota;c__Alphaproteobacteria;o__Rhodobacterales;f__Rhodobacteraceae;g__;s__,blast,91.30,iPHoP-RF;67.50
WATLvirus_00212437,RS_GCF_003003255.1,d__Bacteria;p__Pseudomonadota;c__Alphaproteobacteria;o__Rhodobacterales;f__Rhodobacteraceae;g__Tropicimonas;s__Tropicimonas haliotis,blast,92.80,None
WATLvirus_00212460,RS_GCF_000236865.1,d__Bacteria;p__Actinomycetota;c__Coriobacteriia;o__Coriobacteriales;f__Eggerthellaceae;g__Senegalimassilia;s__Senegalimassilia anaerobia,iPHoP-RF,91.40,None
WATLvirus_00212490,RS_GCF_003034995.1,d__Bacteria;p__Pseudomonadota;c__Alphaproteobacteria;o__Rhodobacterales;f__Rhodobacteraceae;g__Phaeovulum;s__Phaeovulum veldkampii,blast,93.70,iPHoP-RF;69.10
WATLvirus_00212491,GB_GCA_015548865.1,d__Bacteria;p__Pseudomonadota;c__Gammaproteobacteria;o__Enterobacterales;f__Enterobacteriaceae;g__Symbiopectobacterium;s__Symbiopectobacterium marcescens_A,iPHoP-RF,90.80,None
WATLvirus_00212491,RS_GCF_002847015.1,d__Bacteria;p__Pseudomonadota;c__Gammaproteobacteria;o__Enterobacterales;f__Enterobacteriaceae;g__ATCC-39006;s__ATCC-39006 sp002847015,iPHoP-RF,90.80,None
WATLvirus_00212496,GB_GCA_900318885.1,d__Bacteria;p__Bacteroidota;c__Bacteroidia;o__Bacteroidales;f__Bacteroidaceae;g__Prevotella;s__Prevotella sp900318885,iPHoP-RF,96.40,None
WATLvirus_00212496,GB_GCA_017458125.1,d__Bacteria;p__Bacteroidota;c__Bacteroidia;o__Bacteroidales;f__Bacteroidaceae;g__Prevotella;s__Prevotella sp017458125,iPHoP-RF,94.10,None
WATLvirus_00212496,GB_GCA_902765585.1,d__Bacteria;p__Bacteroidota;c__Bacteroidia;o__Bacteroidales;f__Bacteroidaceae;g__Prevotella;s__Prevotella sp902765585,iPHoP-RF,91.40,None
WATLvirus_00212496,RS_GCF_900107705.1,d__Bacteria;p__Bacteroidota;c__Bacteroidia;o__Bacteroidales;f__Bacteroidaceae;g__Prevotella;s__Prevotella sp900107705,iPHoP-RF,90.80,None
WATLvirus_00212498,RS_GCF_000423645.1,d__Bacteria;p__Pseudomonadota;c__Alphaproteobacteria;o__Rhodobacterales;f__Rhodobacteraceae;g__Sediminimonas;s__Sediminimonas qiaohouensis,blast,93.80,iPHoP-RF;60.10
WATLvirus_00212498,GB_GCA_024637375.1,d__Bacteria;p__Pseudomonadota;c__Alphaproteobacteria;o__Rhodobacterales;f__Rhodobacteraceae;g__Sediminimonas;s__Sediminimonas sp024637375,blast,92.10,iPHoP-RF;64.80
WATLvirus_00212521,GB_GCA_007280205.1,d__Bacteria;p__Pseudomonadota;c__Gammaproteobacteria;o__Burkholderiales;f__Burkholderiaceae_B;g__Rhodoferax;s__Rhodoferax sp007280205,iPHoP-RF,93.10,None
WATLvirus_00212521,GB_GCA_903925725.1,d__Bacteria;p__Pseudomonadota;c__Gammaproteobacteria;o__Burkholderiales;f__Burkholderiaceae_B;g__Rhodoferax;s__Rhodoferax sp903925725,iPHoP-RF,92.80,None
WATLvirus_00212521,GB_GCA_017880985.1,d__Bacteria;p__Pseudomonadota;c__Gammaproteobacteria;o__Burkholderiales;f__Burkholderiaceae_B;g__Rhodoferax;s__Rhodoferax sp017880985,iPHoP-RF,90.80,None
WATLvirus_00212538,bin.184,d__Bacteria;p__Pseudomonadota;c__Gammaproteobacteria;o__Nitrococcales;f__Nitrococcaceae;g__Spiribacter;s__,blast,93.40,iPHoP-RF;58.70
WATLvirus_00212539,bin.184,d__Bacteria;p__Pseudomonadota;c__Gammaproteobacteria;o__Nitrococcales;f__Nitrococcaceae;g__Spiribacter;s__,blast,92.60,iPHoP-RF;61.40
WATLvirus_00212541,RS_GCF_014235845.1,d__Bacteria;p__Pseudomonadota;c__Alphaproteobacteria;o__Rhodobacterales;f__Rhodobacteraceae;g__Pontibrevibacter;s__Pontibrevibacter nitratireducens,blast,92.50,None
WATLvirus_00212545,RS_GCF_900110425.1,d__Bacteria;p__Pseudomonadota;c__Alphaproteobacteria;o__Rhodobacterales;f__Rhodobacteraceae;g__Salinihabitans;s__Salinihabitans flavidus,blast,91.70,iPHoP-RF;62.50
WATLvirus_00212566,GB_GCA_003552585.1,d__Archaea;p__Thermoplasmatota;c__Thermoplasmata;o__PWKY01;f__PWKY01;g__PUNK01;s__PUNK01 sp003552585,blast,93.50,iPHoP-RF;61.70
WATLvirus_00212581,RS_GCF_016411865.1,d__Bacteria;p__Pseudomonadota;c__Alphaproteobacteria;o__Rhizobiales;f__Amorphaceae;g__Acuticoccus;s__Acuticoccus mangrovi,blast,91.30,iPHoP-RF;54.40
WATLvirus_00212599,RS_GCF_000423645.1,d__Bacteria;p__Pseudomonadota;c__Alphaproteobacteria;o__Rhodobacterales;f__Rhodobacteraceae;g__Sediminimonas;s__Sediminimonas qiaohouensis,blast,91.40,None
WATLvirus_00212600,RS_GCF_003129565.1,d__Bacteria;p__Pseudomonadota;c__Alphaproteobacteria;o__Rhodobacterales;f__Rhodobacteraceae;g__Salibaculum;s__Salibaculum griseiflavum,blast,92.00,iPHoP-RF;66.50
WATLvirus_00216228,RS_GCF_016888515.1,d__Bacteria;p__Pseudomonadota;c__Alphaproteobacteria;o__Rhodobacterales;f__Rhodobacteraceae;g__Shimia_A;s__Shimia_A biformata,iPHoP-RF,94.70,None
WATLvirus_00216228,RS_GCF_002080415.1,d__Bacteria;p__Pseudomonadota;c__Alphaproteobacteria;o__Rhodobacterales;f__Rhodobacteraceae;g__Roseovarius;s__Roseovarius mucosus_A,iPHoP-RF,92.40,None
WATLvirus_00216228,RS_GCF_000152845.1,d__Bacteria;p__Pseudomonadota;c__Alphaproteobacteria;o__Rhodobacterales;f__Rhodobacteraceae;g__Roseovarius;s__Roseovarius sp000152845,iPHoP-RF,91.80,None
WATLvirus_00216228,RS_GCF_009669325.1,d__Bacteria;p__Pseudomonadota;c__Alphaproteobacteria;o__Rhodobacterales;f__Rhodobacteraceae;g__Roseovarius;s__Roseovarius bejariae,iPHoP-RF,91.40,None
WATLvirus_00216228,RS_GCF_900142665.1,d__Bacteria;p__Pseudomonadota;c__Alphaproteobacteria;o__Rhodobacterales;f__Rhodobacteraceae;g__Roseovarius;s__Roseovarius pacificus,iPHoP-RF,91.40,None
WATLvirus_00216508,GB_GCA_024643255.1,d__Bacteria;p__Actinomycetota;c__Acidimicrobiia;o__Acidimicrobiales;f__Ilumatobacteraceae;g__Sva-07;s__Sva-07 sp024643255,iPHoP-RF,90.10,None
WATLvirus_00216582,GB_GCA_019244115.1,d__Bacteria;p__Pseudomonadota;c__Alphaproteobacteria;o__Rhizobiales;f__Xanthobacteraceae;g__Bradyrhizobium;s__Bradyrhizobium sp019244115,iPHoP-RF,95.10,None
WATLvirus_00216582,RS_GCF_003062295.1,d__Bacteria;p__Pseudomonadota;c__Alphaproteobacteria;o__Rhizobiales;f__Xanthobacteraceae;g__Bradyrhizobium;s__Bradyrhizobium algeriense,iPHoP-RF,93.40,None
WATLvirus_00216582,GB_GCA_018971625.1,d__Bacteria;p__Pseudomonadota;c__Alphaproteobacteria;o__Rhizobiales;f__Xanthobacteraceae;g__Bradyrhizobium;s__Bradyrhizobium sp018971625,iPHoP-RF,91.10,None
WATLvirus_00216582,GB_GCA_019750915.1,d__Bacteria;p__Pseudomonadota;c__Alphaproteobacteria;o__Rhizobiales;f__Xanthobacteraceae;g__Afipia;s__Afipia sp019750915,iPHoP-RF,90.10,None
WATLvirus_00216582,RS_GCF_018398895.1,d__Bacteria;p__Pseudomonadota;c__Alphaproteobacteria;o__Rhizobiales;f__Xanthobacteraceae;g__Bradyrhizobium;s__Bradyrhizobium sp018398895,iPHoP-RF,90.10,None
WATLvirus_00216643,GB_GCA_003511785.1,d__Bacteria;p__Pseudomonadota;c__Alphaproteobacteria;o__Rhodobacterales;f__Rhodobacteraceae;g__UBA7951;s__UBA7951 sp003511785,blast,91.10,iPHoP-RF;85.70
WATLvirus_00216677,GB_GCA_003511785.1,d__Bacteria;p__Pseudomonadota;c__Alphaproteobacteria;o__Rhodobacterales;f__Rhodobacteraceae;g__UBA7951;s__UBA7951 sp003511785,blast,93.80,iPHoP-RF;84.80
WATLvirus_00226630,GB_GCA_003554145.1,d__Bacteria;p__Bacillota_F;c__Halanaerobiia;o__B1SED10-174;f__B1SED10-174;g__T1SED10-26;s__T1SED10-26 sp003554145,blast,93.50,None
WATLvirus_00226673,RS_GCF_001011115.1,d__Archaea;p__Halobacteriota;c__Halobacteria;o__Halobacteriales;f__Halobacteriaceae;g__Halanaeroarchaeum;s__Halanaeroarchaeum sulfurireducens,blast,91.10,None
WATLvirus_00226714,RS_GCF_001011115.1,d__Archaea;p__Halobacteriota;c__Halobacteria;o__Halobacteriales;f__Halobacteriaceae;g__Halanaeroarchaeum;s__Halanaeroarchaeum sulfurireducens,blast,93.00,iPHoP-RF;56.20
WATLvirus_00229135,GB_GCA_002683585.1,d__Bacteria;p__Bacteroidota;c__Bacteroidia;o__Flavobacteriales;f__Crocinitomicaceae;g__UBA952;s__UBA952 sp002683585,iPHoP-RF,90.10,None
WATLvirus_00229138,GB_GCA_009930445.1,d__Bacteria;p__Bacteroidota;c__Bacteroidia;o__Bacteroidales;f__BM520;g__BM520;s__BM520 sp009930445,blast,91.40,iPHoP-RF;61.10
WATLvirus_00229143,RS_GCF_000799465.1,d__Bacteria;p__Bacteroidota;c__Bacteroidia;o__Flavobacteriales;f__Flavobacteriaceae;g__Psychroserpens;s__Psychroserpens sp000799465,iPHoP-RF,91.10,None
WATLvirus_00229188,GB_GCA_913057115.1,d__Bacteria;p__Pseudomonadota;c__Alphaproteobacteria;o__Rhodobacterales;f__Rhodobacteraceae;g__Roseovarius;s__Roseovarius sp913057115,blast,92.30,iPHoP-RF;66.30
WATLvirus_00229188,RS_GCF_009669325.1,d__Bacteria;p__Pseudomonadota;c__Alphaproteobacteria;o__Rhodobacterales;f__Rhodobacteraceae;g__Roseovarius;s__Roseovarius bejariae,blast,92.30,iPHoP-RF;76.40
WATLvirus_00229189,GB_GCA_013285685.1,d__Bacteria;p__Bacteroidota;c__Bacteroidia;o__Sphingobacteriales;f__Sphingobacteriaceae;g__Mucilaginibacter;s__Mucilaginibacter sp013285685,iPHoP-RF,94.70,None
WATLvirus_00229189,GB_GCA_013286235.1,d__Bacteria;p__Bacteroidota;c__Bacteroidia;o__Sphingobacteriales;f__Sphingobacteriaceae;g__Mucilaginibacter;s__Mucilaginibacter sp013286235,iPHoP-RF,94.70,None
WATLvirus_00229189,GB_GCA_002413785.1,d__Bacteria;p__Bacteroidota;c__Bacteroidia;o__Sphingobacteriales;f__Sphingobacteriaceae;g__Mucilaginibacter;s__Mucilaginibacter sp002413785,iPHoP-RF,90.50,None
WATLvirus_00229192,RS_GCF_017168235.1,d__Bacteria;p__Actinomycetota;c__Actinomycetia;o__Mycobacteriales;f__Mycobacteriaceae;g__Rhodococcus;s__Rhodococcus sp001942265,iPHoP-RF,96.70,None
WATLvirus_00229192,RS_GCF_004795915.1,d__Bacteria;p__Actinomycetota;c__Actinomycetia;o__Mycobacteriales;f__Mycobacteriaceae;g__Rhodococcus;s__Rhodococcus sp004795915,iPHoP-RF,96.10,None
WATLvirus_00229192,RS_GCF_001040705.1,d__Bacteria;p__Actinomycetota;c__Actinomycetia;o__Mycobacteriales;f__Mycobacteriaceae;g__Rhodococcus;s__Rhodococcus sp001040705,iPHoP-RF,92.80,None
WATLvirus_00229192,RS_GCF_002091985.1,d__Bacteria;p__Actinomycetota;c__Actinomycetia;o__Mycobacteriales;f__Mycobacteriaceae;g__Rhodococcus;s__Rhodococcus sp002091985,iPHoP-RF,91.40,None
WATLvirus_00229192,RS_GCF_014281965.1,d__Bacteria;p__Actinomycetota;c__Actinomycetia;o__Mycobacteriales;f__Mycobacteriaceae;g__Rhodococcus;s__Rhodococcus sp014281965,iPHoP-RF,91.40,None
WATLvirus_00229192,RS_GCF_002091955.1,d__Bacteria;p__Actinomycetota;c__Actinomycetia;o__Mycobacteriales;f__Mycobacteriaceae;g__Rhodococcus;s__Rhodococcus sp002091955,iPHoP-RF,91.10,None
WATLvirus_00229192,RS_GCF_900169065.1,d__Bacteria;p__Actinomycetota;c__Actinomycetia;o__Actinomycetales;f__Brevibacteriaceae;g__Brevibacterium;s__Brevibacterium aurantiacum,iPHoP-RF,90.50,None
WATLvirus_00229194,RS_GCF_003325955.1,d__Bacteria;p__Actinomycetota;c__Actinomycetia;o__Actinomycetales;f__Microbacteriaceae;g__Aurantimicrobium;s__Aurantimicrobium sp003325955,iPHoP-RF,90.50,None
WATLvirus_00229194,RS_GCF_014137865.1,d__Bacteria;p__Actinomycetota;c__Actinomycetia;o__Actinomycetales;f__Microbacteriaceae;g__Alpinimonas;s__Alpinimonas psychrophila,iPHoP-RF,90.10,None
WATLvirus_00229224,GB_GCA_009923455.1,d__Bacteria;p__Actinomycetota;c__Actinomycetia;o__Actinomycetales;f__Microbacteriaceae;g__Aquiluna;s__Aquiluna sp009923455,blast,93.60,None
WATLvirus_00229275,GB_GCA_000695745.1,d__Bacteria;p__Pseudomonadota;c__Gammaproteobacteria;o__Enterobacterales_A;f__Vibrionaceae;g__Vibrio;s__Vibrio madracius,iPHoP-RF,90.80,None
WATLvirus_00229275,RS_GCF_900107935.1,d__Bacteria;p__Pseudomonadota;c__Gammaproteobacteria;o__Enterobacterales_A;f__Vibrionaceae;g__Vibrio;s__Vibrio hangzhouensis,iPHoP-RF,90.50,None
WATLvirus_00229291,RS_GCF_018917525.1,d__Bacteria;p__Bacillota;c__Bacilli;o__Lactobacillales;f__Enterococcaceae;g__Enterococcus_A;s__Enterococcus_A raffinosus_A,iPHoP-RF,94.10,None
WATLvirus_00229291,RS_GCF_005405365.1,d__Bacteria;p__Bacillota;c__Bacilli;o__Lactobacillales;f__Enterococcaceae;g__Enterococcus_A;s__Enterococcus_A xiangfangensis,iPHoP-RF,91.80,None
WATLvirus_00229299,RS_GCF_002072155.1,d__Bacteria;p__Pseudomonadota;c__Alphaproteobacteria;o__Rhodobacterales;f__Rhodobacteraceae;g__Roseovarius;s__Roseovarius sp002072155,blast,93.00,iPHoP-RF;56.50
WATLvirus_00229299,RS_GCF_900109455.1,d__Bacteria;p__Pseudomonadota;c__Alphaproteobacteria;o__Rhodobacterales;f__Rhodobacteraceae;g__Roseovarius;s__Roseovarius azorensis,blast,93.00,iPHoP-RF;66.50
WATLvirus_00229299,RS_GCF_900109855.1,d__Bacteria;p__Pseudomonadota;c__Alphaproteobacteria;o__Rhodobacterales;f__Rhodobacteraceae;g__Roseovarius;s__Roseovarius tolerans,blast,92.10,iPHoP-RF;65.30
WATLvirus_00229324,GB_GCA_024998815.1,d__Bacteria;p__Verrucomicrobiota;c__Verrucomicrobiae;o__Opitutales;f__Opitutaceae;g__Rariglobus;s__Rariglobus sp024998815,iPHoP-RF,90.10,None
WATLvirus_00229337,GB_GCA_014359905.1,d__Bacteria;p__Pseudomonadota;c__Alphaproteobacteria;o__Rhizobiales;f__Rhizobiaceae;g__Hoeflea;s__Hoeflea sp014359905,blast,91.70,None
WATLvirus_00229383,GB_GCA_913056335.1,d__Bacteria;p__Bacteroidota;c__Rhodothermia;o__Rhodothermales;f__Salinibacteraceae;g__Longimonas;s__Longimonas sp913056335,blast,95.10,iPHoP-RF;74.10
WATLvirus_00229398,GB_GCA_024347295.1,d__Bacteria;p__Pseudomonadota;c__Gammaproteobacteria;o__Enterobacterales_A;f__Vibrionaceae;g__Vibrio;s__Vibrio artabrorum,iPHoP-RF,96.40,None
WATLvirus_00229398,GB_GCA_024347375.1,d__Bacteria;p__Pseudomonadota;c__Gammaproteobacteria;o__Enterobacterales_A;f__Vibrionaceae;g__Vibrio;s__Vibrio coralliirubri,iPHoP-RF,96.40,None
WATLvirus_00229398,GB_GCA_024347655.1,d__Bacteria;p__Pseudomonadota;c__Gammaproteobacteria;o__Enterobacterales_A;f__Vibrionaceae;g__Vibrio;s__Vibrio toranzoniae,iPHoP-RF,96.40,None
WATLvirus_00229398,RS_GCF_001557875.1,d__Bacteria;p__Pseudomonadota;c__Gammaproteobacteria;o__Enterobacterales_A;f__Vibrionaceae;g__Vibrio;s__Vibrio splendidus_F,iPHoP-RF,96.40,None
WATLvirus_00229398,RS_GCF_023206055.1,d__Bacteria;p__Pseudomonadota;c__Gammaproteobacteria;o__Enterobacterales_A;f__Vibrionaceae;g__Vibrio;s__Vibrio cyclitrophicus_A,iPHoP-RF,96.40,None
WATLvirus_00229398,GB_GCA_024347355.1,d__Bacteria;p__Pseudomonadota;c__Gammaproteobacteria;o__Enterobacterales_A;f__Vibrionaceae;g__Vibrio;s__Vibrio chagasii,iPHoP-RF,96.10,None
WATLvirus_00229398,RS_GCF_000272105.2,d__Bacteria;p__Pseudomonadota;c__Gammaproteobacteria;o__Enterobacterales_A;f__Vibrionaceae;g__Vibrio;s__Vibrio splendidus_I,iPHoP-RF,96.10,None
WATLvirus_00229398,GB_GCA_000169995.1,d__Bacteria;p__Pseudomonadota;c__Gammaproteobacteria;o__Enterobacterales_A;f__Vibrionaceae;g__Vibrio;s__Vibrio sp000169995,iPHoP-RF,95.70,None
WATLvirus_00229398,RS_GCF_000287055.2,d__Bacteria;p__Pseudomonadota;c__Gammaproteobacteria;o__Enterobacterales_A;f__Vibrionaceae;g__Vibrio;s__Vibrio sp000287055,iPHoP-RF,95.40,None
WATLvirus_00229398,RS_GCF_022397955.1,d__Bacteria;p__Pseudomonadota;c__Gammaproteobacteria;o__Enterobacterales_A;f__Vibrionaceae;g__Vibrio;s__Vibrio sp022397955,iPHoP-RF,95.40,None
WATLvirus_00229398,GB_GCA_024347455.1,d__Bacteria;p__Pseudomonadota;c__Gammaproteobacteria;o__Enterobacterales_A;f__Vibrionaceae;g__Vibrio;s__Vibrio echinoideorum,iPHoP-RF,94.40,None
WATLvirus_00229398,RS_GCF_014879975.1,d__Bacteria;p__Pseudomonadota;c__Gammaproteobacteria;o__Enterobacterales_A;f__Vibrionaceae;g__Vibrio;s__Vibrio bathopelagicus,iPHoP-RF,92.80,None
WATLvirus_00229398,RS_GCF_013114625.1,d__Bacteria;p__Pseudomonadota;c__Gammaproteobacteria;o__Enterobacterales_A;f__Vibrionaceae;g__Vibrio;s__Vibrio sp013114625,iPHoP-RF,92.40,None
WATLvirus_00229398,RS_GCF_021728395.1,d__Bacteria;p__Pseudomonadota;c__Gammaproteobacteria;o__Enterobacterales_A;f__Vibrionaceae;g__Vibrio;s__Vibrio sp018223135,iPHoP-RF,92.10,None
WATLvirus_00229398,GB_GCA_024347315.1,d__Bacteria;p__Pseudomonadota;c__Gammaproteobacteria;o__Enterobacterales_A;f__Vibrionaceae;g__Vibrio;s__Vibrio atlanticus,iPHoP-RF,91.40,None
WATLvirus_00229398,GB_GCA_024347595.1,d__Bacteria;p__Pseudomonadota;c__Gammaproteobacteria;o__Enterobacterales_A;f__Vibrionaceae;g__Vibrio;s__Vibrio pomeroyi,iPHoP-RF,90.10,None
WATLvirus_00229417,GB_GCA_903896425.1,d__Bacteria;p__Pseudomonadota;c__Gammaproteobacteria;o__Burkholderiales;f__Burkholderiaceae_B;g__Rhodoferax;s__Rhodoferax sp903896425,iPHoP-RF,92.80,None
WATLvirus_00229417,GB_GCA_903914175.1,d__Bacteria;p__Pseudomonadota;c__Gammaproteobacteria;o__Burkholderiales;f__Burkholderiaceae_B;g__Rhodoferax;s__Rhodoferax sp903914175,iPHoP-RF,91.80,None
WATLvirus_00229434,RS_GCF_000222685.1,d__Bacteria;p__Pseudomonadota;c__Gammaproteobacteria;o__Enterobacterales_A;f__Vibrionaceae;g__Vibrio;s__Vibrio nigripulchritudo,iPHoP-RF,96.70,None
WATLvirus_00229434,RS_GCF_013074385.2,d__Bacteria;p__Pseudomonadota;c__Gammaproteobacteria;o__Enterobacterales_A;f__Vibrionaceae;g__Vibrio;s__Vibrio ostreicida,iPHoP-RF,90.50,None
WATLvirus_00229441,RS_GCF_900109855.1,d__Bacteria;p__Pseudomonadota;c__Alphaproteobacteria;o__Rhodobacterales;f__Rhodobacteraceae;g__Roseovarius;s__Roseovarius tolerans,blast,93.60,iPHoP-RF;83.60
WATLvirus_00229441,GB_GCA_913055965.1,d__Bacteria;p__Pseudomonadota;c__Alphaproteobacteria;o__Rhodobacterales;f__Rhodobacteraceae;g__Roseovarius;s__Roseovarius sp913055965,blast,93.50,iPHoP-RF;75.00
WATLvirus_00229441,RS_GCF_002072155.1,d__Bacteria;p__Pseudomonadota;c__Alphaproteobacteria;o__Rhodobacterales;f__Rhodobacteraceae;g__Roseovarius;s__Roseovarius sp002072155,blast,92.40,iPHoP-RF;74.60
WATLvirus_00229441,RS_GCF_000152845.1,d__Bacteria;p__Pseudomonadota;c__Alphaproteobacteria;o__Rhodobacterales;f__Rhodobacteraceae;g__Roseovarius;s__Roseovarius sp000152845,blast,92.10,iPHoP-RF;87.60
WATLvirus_00229441,GB_GCA_024742835.1,d__Bacteria;p__Pseudomonadota;c__Alphaproteobacteria;o__Rhodobacterales;f__Rhodobacteraceae;g__Roseovarius;s__Roseovarius sp024742835,blast,91.90,iPHoP-RF;80.30
WATLvirus_00229441,RS_GCF_900109455.1,d__Bacteria;p__Pseudomonadota;c__Alphaproteobacteria;o__Rhodobacterales;f__Rhodobacteraceae;g__Roseovarius;s__Roseovarius azorensis,blast,91.90,iPHoP-RF;88.50
WATLvirus_00229441,bin.116,d__Bacteria;p__Pseudomonadota;c__Alphaproteobacteria;o__Rhodobacterales;f__Rhodobacteraceae;g__Roseovarius;s__,blast,91.90,iPHoP-RF;73.00
WATLvirus_00229441,GB_GCA_024742655.1,d__Bacteria;p__Pseudomonadota;c__Alphaproteobacteria;o__Rhodobacterales;f__Rhodobacteraceae;g__Roseovarius;s__Roseovarius sp024742655,blast,91.80,iPHoP-RF;75.20
WATLvirus_00229509,GB_GCA_002723195.1,d__Bacteria;p__Pseudomonadota;c__Gammaproteobacteria;o__Pseudomonadales;f__Pseudohongiellaceae;g__UBA9145;s__UBA9145 sp002723195,iPHoP-RF,91.80,None
WATLvirus_00229552,GB_GCA_017507105.1,d__Bacteria;p__Bacteroidota;c__Bacteroidia;o__Bacteroidales;f__Bacteroidaceae;g__HGM04593;s__HGM04593 sp017507105,iPHoP-RF,90.10,None
WATLvirus_00229559,GB_GCA_020428685.1,d__Bacteria;p__Patescibacteria;c__Paceibacteria;o__UBA9983_A;f__UBA918;g__OLB19;s__OLB19 sp020428685,iPHoP-RF,94.70,None
WATLvirus_00229559,GB_GCA_021731405.1,d__Bacteria;p__Patescibacteria;c__Paceibacteria;o__UBA9983_A;f__UBA918;g__OLB19;s__OLB19 sp021731405,iPHoP-RF,92.80,None
WATLvirus_00229559,GB_GCA_023898525.1,d__Bacteria;p__Patescibacteria;c__Paceibacteria;o__UBA9983_A;f__UBA918;g__OLB19;s__OLB19 sp023898525,iPHoP-RF,92.40,None
WATLvirus_00229591,GB_GCA_003533975.1,d__Bacteria;p__Pseudomonadota;c__Alphaproteobacteria;o__Rhodobacterales;f__Rhodobacteraceae;g__Octadecabacter;s__Octadecabacter sp003533975,iPHoP-RF,93.40,None
WATLvirus_00229591,GB_GCA_018500005.1,d__Bacteria;p__Pseudomonadota;c__Alphaproteobacteria;o__Rhodobacterales;f__Rhodobacteraceae;g__Octadecabacter;s__Octadecabacter sp018500005,iPHoP-RF,91.80,None
WATLvirus_00229624,RS_GCF_022788655.1,d__Bacteria;p__Pseudomonadota;c__Alphaproteobacteria;o__Rhodobacterales;f__Rhodobacteraceae;g__Sulfitobacter;s__Sulfitobacter indolifex,iPHoP-RF,93.70,None
WATLvirus_00229624,RS_GCF_022788715.1,d__Bacteria;p__Pseudomonadota;c__Alphaproteobacteria;o__Rhodobacterales;f__Rhodobacteraceae;g__Sulfitobacter;s__Sulfitobacter sp022788715,iPHoP-RF,93.10,None
WATLvirus_00229624,RS_GCF_900113435.1,d__Bacteria;p__Pseudomonadota;c__Alphaproteobacteria;o__Rhodobacterales;f__Rhodobacteraceae;g__Sulfitobacter;s__Sulfitobacter dubius,iPHoP-RF,93.10,None
WATLvirus_00229624,RS_GCF_003611275.1,d__Bacteria;p__Pseudomonadota;c__Alphaproteobacteria;o__Rhodobacterales;f__Rhodobacteraceae;g__Sulfitobacter;s__Sulfitobacter sp001634775,iPHoP-RF,91.80,None
WATLvirus_00229624,RS_GCF_017743885.1,d__Bacteria;p__Pseudomonadota;c__Alphaproteobacteria;o__Rhodobacterales;f__Rhodobacteraceae;g__Sulfitobacter;s__Sulfitobacter sp001635605,iPHoP-RF,91.40,None
WATLvirus_00229624,GB_GCA_025143985.1,d__Bacteria;p__Pseudomonadota;c__Alphaproteobacteria;o__Rhodobacterales;f__Rhodobacteraceae;g__Sulfitobacter;s__Sulfitobacter sp025143985,iPHoP-RF,91.10,None
WATLvirus_00229640,RS_GCF_002925845.1,d__Bacteria;p__Pseudomonadota;c__Alphaproteobacteria;o__Rhodobacterales;f__Rhodobacteraceae;g__Roseovarius;s__Roseovarius nitratireducens,blast,91.20,iPHoP-RF;80.80
WATLvirus_00229644,RS_GCF_005221325.1,d__Bacteria;p__Pseudomonadota;c__Alphaproteobacteria;o__Rhizobiales;f__Rhizobiaceae;g__Agrobacterium;s__Agrobacterium sp900012625,iPHoP-RF,93.70,None
WATLvirus_00229805,RS_GCF_003071065.1,d__Bacteria;p__Bacteroidota;c__Bacteroidia;o__Sphingobacteriales;f__Sphingobacteriaceae;g__Sphingobacterium;s__Sphingobacterium athyrii,iPHoP-RF,91.10,None
WATLvirus_00229836,RS_GCF_000368625.1,d__Bacteria;p__Pseudomonadota;c__Gammaproteobacteria;o__Pseudomonadales;f__Moraxellaceae;g__Acinetobacter;s__Acinetobacter schindleri,iPHoP-RF,90.80,None
WATLvirus_00229836,RS_GCF_011058205.1,d__Bacteria;p__Pseudomonadota;c__Gammaproteobacteria;o__Pseudomonadales;f__Moraxellaceae;g__Acinetobacter;s__Acinetobacter fasciculus,iPHoP-RF,90.10,None
WATLvirus_00229836,RS_GCF_013343215.1,d__Bacteria;p__Pseudomonadota;c__Gammaproteobacteria;o__Pseudomonadales;f__Moraxellaceae;g__Acinetobacter;s__Acinetobacter lwoffii_C,iPHoP-RF,90.10,None
WATLvirus_00229836,RS_GCF_024129735.1,d__Bacteria;p__Pseudomonadota;c__Gammaproteobacteria;o__Pseudomonadales;f__Moraxellaceae;g__Acinetobacter;s__Acinetobacter lwoffii_H,iPHoP-RF,90.10,None
WATLvirus_00229878,GB_GCA_903840825.1,d__Bacteria;p__Pseudomonadota;c__Gammaproteobacteria;o__Burkholderiales;f__Burkholderiaceae_B;g__Rhodoferax;s__Rhodoferax sp903840825,iPHoP-RF,95.40,None
WATLvirus_00229878,GB_GCA_903823025.1,d__Bacteria;p__Pseudomonadota;c__Gammaproteobacteria;o__Burkholderiales;f__Burkholderiaceae_B;g__Rhodoferax;s__Rhodoferax sp903823025,iPHoP-RF,93.70,None
WATLvirus_00229878,GB_GCA_903938955.1,d__Bacteria;p__Pseudomonadota;c__Gammaproteobacteria;o__Burkholderiales;f__Burkholderiaceae_B;g__Rhodoferax;s__Rhodoferax sp903938955,iPHoP-RF,92.80,None
WATLvirus_00229878,GB_GCA_002083775.1,d__Bacteria;p__Pseudomonadota;c__Gammaproteobacteria;o__Burkholderiales;f__Burkholderiaceae_B;g__Rhodoferax;s__Rhodoferax ferrireducens_A,iPHoP-RF,92.40,None
WATLvirus_00229932,GB_GCA_945887835.1,d__Bacteria;p__Pseudomonadota;c__Gammaproteobacteria;o__Burkholderiales;f__Burkholderiaceae_C;g__Zwartia;s__Zwartia parapertussis_B,iPHoP-RF,97.10,None
WATLvirus_00229932,GB_GCA_002737415.1,d__Bacteria;p__Pseudomonadota;c__Gammaproteobacteria;o__Burkholderiales;f__Burkholderiaceae_C;g__Zwartia;s__Zwartia sp002737415,iPHoP-RF,95.70,None
WATLvirus_00229932,GB_GCA_903903735.1,d__Bacteria;p__Pseudomonadota;c__Gammaproteobacteria;o__Burkholderiales;f__Burkholderiaceae_C;g__Zwartia;s__Zwartia sp903903735,iPHoP-RF,95.70,None
WATLvirus_00229932,GB_GCA_945872285.1,d__Bacteria;p__Pseudomonadota;c__Gammaproteobacteria;o__Burkholderiales;f__Burkholderiaceae_C;g__Zwartia;s__Zwartia parapertussis_D,iPHoP-RF,95.70,None
WATLvirus_00229932,GB_GCA_903932425.1,d__Bacteria;p__Pseudomonadota;c__Gammaproteobacteria;o__Burkholderiales;f__Burkholderiaceae_C;g__Zwartia;s__Zwartia sp903932425,iPHoP-RF,95.40,None
WATLvirus_00229932,GB_GCA_945865935.1,d__Bacteria;p__Pseudomonadota;c__Gammaproteobacteria;o__Burkholderiales;f__Burkholderiaceae_C;g__Zwartia;s__Zwartia parapertussis_E,iPHoP-RF,95.40,None
WATLvirus_00229932,GB_GCA_021738045.1,d__Bacteria;p__Pseudomonadota;c__Gammaproteobacteria;o__Burkholderiales;f__Burkholderiaceae_C;g__Zwartia;s__Zwartia sp021738045,iPHoP-RF,95.10,None
WATLvirus_00229932,GB_GCA_945869355.1,d__Bacteria;p__Pseudomonadota;c__Gammaproteobacteria;o__Burkholderiales;f__Burkholderiaceae_C;g__Zwartia;s__Zwartia parapertussis_F,iPHoP-RF,91.80,None
WATLvirus_00229938,GB_GCA_913056335.1,d__Bacteria;p__Bacteroidota;c__Rhodothermia;o__Rhodothermales;f__Salinibacteraceae;g__Longimonas;s__Longimonas sp913056335,blast,93.70,None
WATLvirus_00229954,RS_GCF_000380065.1,d__Bacteria;p__Bacillota;c__Bacilli;o__Lactobacillales;f__Streptococcaceae;g__Streptococcus;s__Streptococcus massiliensis,iPHoP-RF,93.10,None
WATLvirus_00230020,GB_GCA_003533975.1,d__Bacteria;p__Pseudomonadota;c__Alphaproteobacteria;o__Rhodobacterales;f__Rhodobacteraceae;g__Octadecabacter;s__Octadecabacter sp003533975,iPHoP-RF,91.80,None
WATLvirus_00230020,RS_GCF_001187845.1,d__Bacteria;p__Pseudomonadota;c__Alphaproteobacteria;o__Rhodobacterales;f__Rhodobacteraceae;g__Octadecabacter;s__Octadecabacter temperatus,iPHoP-RF,91.10,None
WATLvirus_00242546,RS_GCF_001011115.1,d__Archaea;p__Halobacteriota;c__Halobacteria;o__Halobacteriales;f__Halobacteriaceae;g__Halanaeroarchaeum;s__Halanaeroarchaeum sulfurireducens,blast,93.00,None
WATLvirus_00242553,3300026989_4,d__Archaea;p__Halobacteriota;c__Halobacteria;o__Halobacteriales;f__Haloarculaceae;g__Haloarcula;s__,iPHoP-RF,91.40,None
WATLvirus_00242553,GB_GCA_000336895.1,d__Archaea;p__Halobacteriota;c__Halobacteria;o__Halobacteriales;f__Haloarculaceae;g__Haloarcula;s__Haloarcula argentinensis,iPHoP-RF,91.40,None
WATLvirus_00242553,RS_GCF_014647415.1,d__Archaea;p__Halobacteriota;c__Halobacteria;o__Halobacteriales;f__Haloarculaceae;g__Haloarcula;s__Haloarcula sebkhae,iPHoP-RF,90.80,None
WATLvirus_00242553,RS_GCF_000336635.1,d__Archaea;p__Halobacteriota;c__Halobacteria;o__Halobacteriales;f__Haloarculaceae;g__Haloarcula;s__Haloarcula japonica,iPHoP-RF,90.10,None
WATLvirus_00242558,GB_GCA_003022655.1,d__Bacteria;p__Bacteroidota;c__Rhodothermia;o__Rhodothermales;f__Salinibacteraceae;g__Salinibacter;s__Salinibacter sp003022655,iPHoP-RF,93.10,None
WATLvirus_00242558,GB_GCA_003023105.1,d__Bacteria;p__Bacteroidota;c__Rhodothermia;o__Rhodothermales;f__Salinibacteraceae;g__Salinibacter;s__Salinibacter sp003023105,iPHoP-RF,91.80,None
WATLvirus_00242580,RS_GCF_013839515.1,d__Archaea;p__Halobacteriota;c__Halobacteria;o__Halobacteriales;f__Haloarculaceae;g__Natronomonas;s__Natronomonas sp013839515,blast,92.40,iPHoP-RF;73.20
WATLvirus_00242580,RS_GCF_002252755.1,d__Archaea;p__Halobacteriota;c__Halobacteria;o__Halobacteriales;f__Haloferacaceae;g__Halorubrum;s__Halorubrum sp002252755,blast,90.70,iPHoP-RF;73.90
WATLvirus_00242616,RS_GCF_900111935.1,d__Archaea;p__Halobacteriota;c__Halobacteria;o__Halobacteriales;f__Haloferacaceae;g__Halorubrum;s__Halorubrum sodomense,blast,93.70,iPHoP-RF;65.80
WATLvirus_00242616,RS_GCF_000337335.1,d__Archaea;p__Halobacteriota;c__Halobacteria;o__Halobacteriales;f__Haloferacaceae;g__Halorubrum;s__Halorubrum distributum,blast,93.30,iPHoP-RF;66.00
WATLvirus_00242616,RS_GCF_003666015.1,d__Archaea;p__Halobacteriota;c__Halobacteria;o__Halobacteriales;f__Haloferacaceae;g__Halorubrum;s__Halorubrum sp003666015,blast,92.80,iPHoP-RF;55.70
WATLvirus_00242616,RS_GCF_002114285.1,d__Archaea;p__Halobacteriota;c__Halobacteria;o__Halobacteriales;f__Haloferacaceae;g__Halorubrum;s__Halorubrum ezzemoulense,blast,92.40,iPHoP-RF;68.20
WATLvirus_00242616,RS_GCF_000337035.1,d__Archaea;p__Halobacteriota;c__Halobacteria;o__Halobacteriales;f__Haloferacaceae;g__Halorubrum;s__Halorubrum coriense,blast,92.00,iPHoP-RF;51.50
WATLvirus_00242616,RS_GCF_900102375.1,d__Archaea;p__Halobacteriota;c__Halobacteria;o__Halobacteriales;f__Haloferacaceae;g__Halorubrum;s__Halorubrum xinjiangense,blast,91.90,iPHoP-RF;63.80
WATLvirus_00242616,RS_GCF_018228765.1,d__Archaea;p__Halobacteriota;c__Halobacteria;o__Halobacteriales;f__Haloferacaceae;g__Halorubrum;s__Halorubrum sp000296615,blast,90.70,None
WATLvirus_00242616,RS_GCF_001261915.1,d__Archaea;p__Halobacteriota;c__Halobacteria;o__Halobacteriales;f__Haloferacaceae;g__Halorubrum;s__Halorubrum sp001261915,blast,90.60,None
WATLvirus_00242616,RS_GCF_002252985.1,d__Archaea;p__Halobacteriota;c__Halobacteria;o__Halobacteriales;f__Haloferacaceae;g__Halorubrum;s__Halorubrum halodurans,blast,90.30,None
WATLvirus_00242638,3300027580_13,d__Archaea;p__Halobacteriota;c__Halobacteria;o__Halobacteriales;f__Haloarculaceae;g__Natronomonas;s__,blast,94.40,iPHoP-RF;75.70
WATLvirus_00244403,RS_GCF_019880365.1,d__Bacteria;p__Pseudomonadota;c__Gammaproteobacteria;o__Pseudomonadales;f__Pseudomonadaceae;g__Stutzerimonas;s__Stutzerimonas stutzeri_P,iPHoP-RF,96.10,None
WATLvirus_00244403,RS_GCF_000235745.1,d__Bacteria;p__Pseudomonadota;c__Gammaproteobacteria;o__Pseudomonadales;f__Pseudomonadaceae;g__Stutzerimonas;s__Stutzerimonas stutzeri_H,iPHoP-RF,92.80,None
WATLvirus_00244403,RS_GCF_003696365.1,d__Bacteria;p__Pseudomonadota;c__Gammaproteobacteria;o__Pseudomonadales;f__Pseudomonadaceae;g__Stutzerimonas;s__Stutzerimonas zhaodongensis,iPHoP-RF,92.40,None
WATLvirus_00244403,RS_GCF_024448695.1,d__Bacteria;p__Pseudomonadota;c__Gammaproteobacteria;o__Pseudomonadales;f__Pseudomonadaceae;g__Stutzerimonas;s__Stutzerimonas stutzeri_T,iPHoP-RF,92.40,None
WATLvirus_00244403,RS_GCF_900129835.1,d__Bacteria;p__Pseudomonadota;c__Gammaproteobacteria;o__Pseudomonadales;f__Pseudomonadaceae;g__Stutzerimonas;s__Stutzerimonas xanthomarina,iPHoP-RF,92.40,None
WATLvirus_00244404,RS_GCF_002251695.1,d__Bacteria;p__Pseudomonadota;c__Gammaproteobacteria;o__Burkholderiales;f__Burkholderiaceae;g__Ralstonia;s__Ralstonia solanacearum,iPHoP-RF,92.10,None
WATLvirus_00244413,RS_GCF_003129565.1,d__Bacteria;p__Pseudomonadota;c__Alphaproteobacteria;o__Rhodobacterales;f__Rhodobacteraceae;g__Salibaculum;s__Salibaculum griseiflavum,blast,92.40,iPHoP-RF;52.20
WATLvirus_00244413,RS_GCF_001408515.1,d__Bacteria;p__Pseudomonadota;c__Alphaproteobacteria;o__Rhodobacterales;f__Rhodobacteraceae;g__Jannaschia;s__Jannaschia seosinensis,blast,91.00,None
WATLvirus_00244413,RS_GCF_019966495.1,d__Bacteria;p__Pseudomonadota;c__Alphaproteobacteria;o__Rhodobacterales;f__Rhodobacteraceae;g__Tateyamaria;s__Tateyamaria pelophila,blast,90.80,None
WATLvirus_00244453,RS_GCF_900115165.1,d__Bacteria;p__Pseudomonadota;c__Alphaproteobacteria;o__Rhodobacterales;f__Rhodobacteraceae;g__Roseovarius;s__Roseovarius lutimaris,blast,91.70,iPHoP-RF;68.40
WATLvirus_00244462,RS_GCF_002251695.1,d__Bacteria;p__Pseudomonadota;c__Gammaproteobacteria;o__Burkholderiales;f__Burkholderiaceae;g__Ralstonia;s__Ralstonia solanacearum,iPHoP-RF,93.10,None
WATLvirus_00244473,RS_GCF_000235745.1,d__Bacteria;p__Pseudomonadota;c__Gammaproteobacteria;o__Pseudomonadales;f__Pseudomonadaceae;g__Stutzerimonas;s__Stutzerimonas stutzeri_H,iPHoP-RF,94.70,None
WATLvirus_00244473,RS_GCF_900129835.1,d__Bacteria;p__Pseudomonadota;c__Gammaproteobacteria;o__Pseudomonadales;f__Pseudomonadaceae;g__Stutzerimonas;s__Stutzerimonas xanthomarina,iPHoP-RF,94.40,None
WATLvirus_00244473,GB_GCA_022448005.1,d__Bacteria;p__Pseudomonadota;c__Gammaproteobacteria;o__Pseudomonadales;f__Pseudomonadaceae;g__Stutzerimonas;s__Stutzerimonas sp022448005,iPHoP-RF,93.10,None
WATLvirus_00244473,RS_GCF_003696365.1,d__Bacteria;p__Pseudomonadota;c__Gammaproteobacteria;o__Pseudomonadales;f__Pseudomonadaceae;g__Stutzerimonas;s__Stutzerimonas zhaodongensis,iPHoP-RF,90.80,None
WATLvirus_00244483,RS_GCF_003298505.1,d__Bacteria;p__Pseudomonadota;c__Alphaproteobacteria;o__Rhodobacterales;f__Rhodobacteraceae;g__Roseovarius;s__Roseovarius sp003298505,blast,93.50,iPHoP-RF;56.20
WATLvirus_00244483,GB_GCA_011389895.1,d__Bacteria;p__Pseudomonadota;c__Alphaproteobacteria;o__Rhodobacterales;f__Rhodobacteraceae;g__Maritimibacter;s__Maritimibacter sp011389895,blast,90.80,None
WATLvirus_00244512,GB_GCA_902606175.1,d__Bacteria;p__Pseudomonadota;c__Gammaproteobacteria;o__SAR86;f__SAR86;g__GCA-2707915;s__GCA-2707915 sp902606175,iPHoP-RF,92.80,None
WATLvirus_00244517,RS_GCF_020428305.1,d__Bacteria;p__Pseudomonadota;c__Gammaproteobacteria;o__Pseudomonadales;f__Halomonadaceae;g__Halomonas;s__Halomonas sp020428305,iPHoP-RF,96.40,None
WATLvirus_00244517,GB_GCA_004295565.1,d__Bacteria;p__Pseudomonadota;c__Gammaproteobacteria;o__Pseudomonadales;f__Halomonadaceae;g__Halomonas;s__Halomonas olivaria,iPHoP-RF,95.70,None
WATLvirus_00244517,RS_GCF_013371085.1,d__Bacteria;p__Pseudomonadota;c__Gammaproteobacteria;o__Pseudomonadales;f__Halomonadaceae;g__Halomonas;s__Halomonas maris,iPHoP-RF,94.10,None
WATLvirus_00244517,GB_GCA_007182875.1,d__Bacteria;p__Pseudomonadota;c__Gammaproteobacteria;o__Pseudomonadales;f__Halomonadaceae;g__Halomonas;s__Halomonas sulfidaeris,iPHoP-RF,92.80,None
WATLvirus_00244517,RS_GCF_001651035.1,d__Bacteria;p__Pseudomonadota;c__Gammaproteobacteria;o__Pseudomonadales;f__Halomonadaceae;g__Halomonas;s__Halomonas sp001651035,iPHoP-RF,91.80,None
WATLvirus_00244546,RS_GCF_002072155.1,d__Bacteria;p__Pseudomonadota;c__Alphaproteobacteria;o__Rhodobacterales;f__Rhodobacteraceae;g__Roseovarius;s__Roseovarius sp002072155,blast,93.80,iPHoP-RF;86.70
WATLvirus_00244546,RS_GCF_900109855.1,d__Bacteria;p__Pseudomonadota;c__Alphaproteobacteria;o__Rhodobacterales;f__Rhodobacteraceae;g__Roseovarius;s__Roseovarius tolerans,blast,93.80,iPHoP-RF;88.20
WATLvirus_00244546,RS_GCF_000152845.1,d__Bacteria;p__Pseudomonadota;c__Alphaproteobacteria;o__Rhodobacterales;f__Rhodobacteraceae;g__Roseovarius;s__Roseovarius sp000152845,blast,92.90,iPHoP-RF;76.40
WATLvirus_00244546,RS_GCF_000768555.3,d__Bacteria;p__Pseudomonadota;c__Alphaproteobacteria;o__Rhodobacterales;f__Rhodobacteraceae;g__Roseovarius;s__Roseovarius mucosus,blast,92.90,iPHoP-RF;82.20
WATLvirus_00244546,RS_GCF_003072125.1,d__Bacteria;p__Pseudomonadota;c__Alphaproteobacteria;o__Rhodobacterales;f__Rhodobacteraceae;g__Roseovarius;s__Roseovarius sediminicola,blast,92.10,iPHoP-RF;74.60
WATLvirus_00244546,RS_GCF_900109455.1,d__Bacteria;p__Pseudomonadota;c__Alphaproteobacteria;o__Rhodobacterales;f__Rhodobacteraceae;g__Roseovarius;s__Roseovarius azorensis,blast,91.80,iPHoP-RF;76.10
WATLvirus_00244644,RS_GCF_003034995.1,d__Bacteria;p__Pseudomonadota;c__Alphaproteobacteria;o__Rhodobacterales;f__Rhodobacteraceae;g__Phaeovulum;s__Phaeovulum veldkampii,blast,93.20,None
WATLvirus_00244648,RS_GCF_009936175.1,d__Bacteria;p__Pseudomonadota;c__Alphaproteobacteria;o__Rhizobiales;f__Rhizobiaceae;g__Bartonella;s__Bartonella quintana,iPHoP-RF,90.80,None
WATLvirus_00244656,RS_GCF_017872975.1,d__Bacteria;p__Pseudomonadota;c__Alphaproteobacteria;o__Rhodobacterales;f__Rhodobacteraceae;g__Rubellimicrobium;s__Rubellimicrobium aerolatum,iPHoP-RF,93.10,None
WATLvirus_00244656,RS_GCF_023015695.1,d__Bacteria;p__Pseudomonadota;c__Alphaproteobacteria;o__Rhodobacterales;f__Rhodobacteraceae;g__Jannaschia;s__Jannaschia sp023015695,iPHoP-RF,93.10,None
WATLvirus_00244656,RS_GCF_001403735.1,d__Bacteria;p__Pseudomonadota;c__Alphaproteobacteria;o__Rhodobacterales;f__Rhodobacteraceae;g__Jannaschia;s__Jannaschia rubra,iPHoP-RF,92.10,None
WATLvirus_00244656,RS_GCF_006152115.1,d__Bacteria;p__Pseudomonadota;c__Alphaproteobacteria;o__Rhodobacterales;f__Rhodobacteraceae;g__Rubellimicrobium;s__Rubellimicrobium rubrum,iPHoP-RF,92.10,None
WATLvirus_00244656,GB_GCA_902805995.1,d__Bacteria;p__Pseudomonadota;c__Alphaproteobacteria;o__Rhodobacterales;f__Rhodobacteraceae;g__Rubellimicrobium;s__Rubellimicrobium sp902805995,iPHoP-RF,91.10,None
WATLvirus_00244656,RS_GCF_017916275.1,d__Bacteria;p__Pseudomonadota;c__Alphaproteobacteria;o__Rhodobacterales;f__Rhodobacteraceae;g__Rubellimicrobium;s__Rubellimicrobium sp017916275,iPHoP-RF,91.10,None
WATLvirus_00244656,RS_GCF_006152145.1,d__Bacteria;p__Pseudomonadota;c__Alphaproteobacteria;o__Rhodobacterales;f__Rhodobacteraceae;g__Rubellimicrobium;s__Rubellimicrobium roseum,iPHoP-RF,90.50,None
WATLvirus_00244659,RS_GCF_000196875.2,d__Bacteria;p__Pseudomonadota;c__Gammaproteobacteria;o__Pseudomonadales;f__Halomonadaceae;g__Halomonas;s__Halomonas elongata,blast,91.10,iPHoP-RF;55.20
WATLvirus_00244665,GB_GCA_010365055.1,d__Bacteria;p__Pseudomonadota;c__Gammaproteobacteria;o__Burkholderiales;f__Burkholderiaceae_B;g__Rhodoferax;s__Rhodoferax sp010365055,iPHoP-RF,93.10,None
WATLvirus_00244687,GB_GCA_002784245.1,d__Bacteria;p__Pseudomonadota;c__Gammaproteobacteria;o__Burkholderiales;f__Burkholderiaceae_B;g__Rhodoferax;s__Rhodoferax sp002784245,iPHoP-RF,92.80,None
WATLvirus_00244687,GB_GCA_903856025.1,d__Bacteria;p__Pseudomonadota;c__Gammaproteobacteria;o__Burkholderiales;f__Burkholderiaceae_B;g__Rhodoferax;s__Rhodoferax sp903856025,iPHoP-RF,91.40,None
WATLvirus_00244698,RS_GCF_008728195.1,d__Bacteria;p__Pseudomonadota;c__Alphaproteobacteria;o__Rhodobacterales;f__Rhodobacteraceae;g__Roseovarius;s__Roseovarius indicus,blast,91.60,iPHoP-RF;51.50
WATLvirus_00244711,RS_GCF_001441615.1,d__Bacteria;p__Pseudomonadota;c__Alphaproteobacteria;o__Rhodobacterales;f__Rhodobacteraceae;g__Roseovarius;s__Roseovarius atlanticus,iPHoP-RF,93.70,None
WATLvirus_00244717,GB_GCA_001314805.1,d__Bacteria;p__Pseudomonadota;c__Alphaproteobacteria;o__Rhodobacterales;f__Rhodobacteraceae;g__Roseibacterium;s__Roseibacterium sp001314805,iPHoP-RF,90.80,None
WATLvirus_00255146,RS_GCF_000315015.1,d__Bacteria;p__Pseudomonadota;c__Gammaproteobacteria;o__Enterobacterales_A;f__Alteromonadaceae;g__Paraglaciecola;s__Paraglaciecola mesophila,blast,94.00,None
WATLvirus_00255294,GB_GCA_024644595.1,d__Bacteria;p__Pseudomonadota;c__Gammaproteobacteria;o__Pseudomonadales;f__Porticoccaceae;g__HTCC2207;s__HTCC2207 sp024644595,iPHoP-RF,94.10,None
WATLvirus_00255294,GB_GCA_023255165.1,d__Bacteria;p__Pseudomonadota;c__Gammaproteobacteria;o__Pseudomonadales;f__Porticoccaceae;g__HTCC2207;s__HTCC2207 sp023255165,iPHoP-RF,93.70,None
WATLvirus_00255299,bin.184,d__Bacteria;p__Pseudomonadota;c__Gammaproteobacteria;o__Nitrococcales;f__Nitrococcaceae;g__Spiribacter;s__,blast,91.10,iPHoP-RF;57.60
WATLvirus_00255314,RS_GCF_900172335.1,d__Bacteria;p__Pseudomonadota;c__Alphaproteobacteria;o__Rhodobacterales;f__Rhodobacteraceae;g__Roseovarius;s__Roseovarius albus,iPHoP-RF,94.70,None
WATLvirus_00255347,RS_GCF_003003255.1,d__Bacteria;p__Pseudomonadota;c__Alphaproteobacteria;o__Rhodobacterales;f__Rhodobacteraceae;g__Tropicimonas;s__Tropicimonas haliotis,blast,91.70,None
WATLvirus_00255349,GB_GCA_015689705.1,d__Bacteria;p__Pseudomonadota;c__Alphaproteobacteria;o__Rhodobacterales;f__Rhodobacteraceae;g__HKCCE3408;s__HKCCE3408 sp015689705,blast,93.90,iPHoP-RF;84.80
WATLvirus_00255361,GB_GCA_913056145.1,d__Bacteria;p__Pseudomonadota;c__Gammaproteobacteria;o__Nitrococcales;f__Nitrococcaceae;g__Spiribacter;s__Spiribacter sp913056145,blast,92.40,None
WATLvirus_00255369,GB_GCA_022711995.1,d__Bacteria;p__Bacillota;c__Bacilli;o__Lactobacillales;f__Enterococcaceae;g__Enterococcus_D;s__Enterococcus_D sp022711995,iPHoP-RF,95.70,None
WATLvirus_00255369,RS_GCF_001544275.1,d__Bacteria;p__Bacillota;c__Bacilli;o__Lactobacillales;f__Enterococcaceae;g__Enterococcus_D;s__Enterococcus_D gallinarum,iPHoP-RF,95.70,None
WATLvirus_00255369,RS_GCF_001544215.1,d__Bacteria;p__Bacillota;c__Bacilli;o__Lactobacillales;f__Enterococcaceae;g__Enterococcus_B;s__Enterococcus_B durans,iPHoP-RF,95.10,None
WATLvirus_00255369,GB_GCA_018982785.1,d__Bacteria;p__Bacillota;c__Bacilli;o__Lactobacillales;f__Enterococcaceae;g__Enterococcus_D;s__Enterococcus_D innesii,iPHoP-RF,94.40,None
WATLvirus_00255369,RS_GCF_001544255.1,d__Bacteria;p__Bacillota;c__Bacilli;o__Lactobacillales;f__Enterococcaceae;g__Enterococcus_B;s__Enterococcus_B faecium,iPHoP-RF,94.10,None
WATLvirus_00255369,RS_GCF_015751045.1,d__Bacteria;p__Bacillota;c__Bacilli;o__Lactobacillales;f__Enterococcaceae;g__Enterococcus_B;s__Enterococcus_B lactis,iPHoP-RF,94.10,None
WATLvirus_00255369,RS_GCF_001544095.1,d__Bacteria;p__Bacillota;c__Bacilli;o__Lactobacillales;f__Enterococcaceae;g__Enterococcus_D;s__Enterococcus_D casseliflavus,iPHoP-RF,93.70,None
WATLvirus_00255369,RS_GCF_005405265.1,d__Bacteria;p__Bacillota;c__Bacilli;o__Lactobacillales;f__Enterococcaceae;g__Enterococcus_C;s__Enterococcus_C songbeiensis,iPHoP-RF,93.40,None
WATLvirus_00255369,RS_GCF_004309355.1,d__Bacteria;p__Bacillota;c__Bacilli;o__Lactobacillales;f__Enterococcaceae;g__Enterococcus_A;s__Enterococcus_A florum,iPHoP-RF,93.10,None
WATLvirus_00255369,RS_GCF_001297065.1,d__Bacteria;p__Bacillota;c__Bacilli;o__Lactobacillales;f__Enterococcaceae;g__Enterococcus_D;s__Enterococcus_D sp001297065,iPHoP-RF,92.40,None
WATLvirus_00255369,RS_GCF_002140915.1,d__Bacteria;p__Bacillota;c__Bacilli;o__Lactobacillales;f__Enterococcaceae;g__Enterococcus_D;s__Enterococcus_D sp002140915,iPHoP-RF,92.40,None
WATLvirus_00255369,RS_GCF_900604485.1,d__Bacteria;p__Bacillota;c__Bacilli;o__Lactobacillales;f__Enterococcaceae;g__Enterococcus_C;s__Enterococcus_C mediterraneensis,iPHoP-RF,91.80,None
WATLvirus_00255369,RS_GCF_009933135.1,d__Bacteria;p__Bacillota;c__Bacilli;o__Lactobacillales;f__Enterococcaceae;g__Enterococcus_C;s__Enterococcus_C sp009933135,iPHoP-RF,91.10,None
WATLvirus_00255371,RS_GCF_004761875.1,d__Bacteria;p__Pseudomonadota;c__Alphaproteobacteria;o__Rhodobacterales;f__Rhodobacteraceae;g__Roseovarius;s__Roseovarius aestuariivivens,iPHoP-RF,93.10,None
WATLvirus_00255378,RS_GCF_001507595.1,d__Bacteria;p__Pseudomonadota;c__Alphaproteobacteria;o__Rhodobacterales;f__Rhodobacteraceae;g__Ruegeria;s__Ruegeria marisrubri,iPHoP-RF,96.10,None
WATLvirus_00255378,RS_GCF_005938215.1,d__Bacteria;p__Pseudomonadota;c__Alphaproteobacteria;o__Rhodobacterales;f__Rhodobacteraceae;g__Ruegeria;s__Ruegeria sediminis,iPHoP-RF,95.70,None
WATLvirus_00255378,RS_GCF_013031405.1,d__Bacteria;p__Pseudomonadota;c__Alphaproteobacteria;o__Rhodobacterales;f__Rhodobacteraceae;g__Ruegeria;s__Ruegeria sp013031405,iPHoP-RF,95.70,None
WATLvirus_00255378,RS_GCF_013031355.1,d__Bacteria;p__Pseudomonadota;c__Alphaproteobacteria;o__Rhodobacterales;f__Rhodobacteraceae;g__Ruegeria;s__Ruegeria arenilitoris_C,iPHoP-RF,94.70,None
WATLvirus_00255378,RS_GCF_013032445.1,d__Bacteria;p__Pseudomonadota;c__Alphaproteobacteria;o__Rhodobacterales;f__Rhodobacteraceae;g__Ruegeria;s__Ruegeria arenilitoris_F,iPHoP-RF,94.70,None
WATLvirus_00255378,GB_GCA_013032095.1,d__Bacteria;p__Pseudomonadota;c__Alphaproteobacteria;o__Rhodobacterales;f__Rhodobacteraceae;g__Ruegeria;s__Ruegeria atlantica_E,iPHoP-RF,94.40,None
WATLvirus_00255378,RS_GCF_010500245.1,d__Bacteria;p__Pseudomonadota;c__Alphaproteobacteria;o__Rhodobacterales;f__Rhodobacteraceae;g__Ruegeria_B;s__Ruegeria_B sp010500245,iPHoP-RF,93.70,None
WATLvirus_00255378,RS_GCF_013030985.1,d__Bacteria;p__Pseudomonadota;c__Alphaproteobacteria;o__Rhodobacterales;f__Rhodobacteraceae;g__Ruegeria;s__Ruegeria arenilitoris_B,iPHoP-RF,93.70,None
WATLvirus_00255378,RS_GCF_900101475.1,d__Bacteria;p__Pseudomonadota;c__Alphaproteobacteria;o__Rhodobacterales;f__Rhodobacteraceae;g__Ruegeria_B;s__Ruegeria_B marina,iPHoP-RF,93.10,None
WATLvirus_00255403,RS_GCF_015291885.1,d__Bacteria;p__Pseudomonadota;c__Gammaproteobacteria;o__Pseudomonadales;f__Pseudomonadaceae;g__Stutzerimonas;s__Stutzerimonas stutzeri_AC,iPHoP-RF,96.10,None
WATLvirus_00255403,RS_GCF_003696365.1,d__Bacteria;p__Pseudomonadota;c__Gammaproteobacteria;o__Pseudomonadales;f__Pseudomonadaceae;g__Stutzerimonas;s__Stutzerimonas zhaodongensis,iPHoP-RF,92.80,None
WATLvirus_00255403,RS_GCF_019880365.1,d__Bacteria;p__Pseudomonadota;c__Gammaproteobacteria;o__Pseudomonadales;f__Pseudomonadaceae;g__Stutzerimonas;s__Stutzerimonas stutzeri_P,iPHoP-RF,92.10,None
WATLvirus_00255403,RS_GCF_000495915.1,d__Bacteria;p__Pseudomonadota;c__Gammaproteobacteria;o__Pseudomonadales;f__Pseudomonadaceae;g__Stutzerimonas;s__Stutzerimonas chloritidismutans,iPHoP-RF,91.80,None
WATLvirus_00255419,RS_GCF_000768555.3,d__Bacteria;p__Pseudomonadota;c__Alphaproteobacteria;o__Rhodobacterales;f__Rhodobacteraceae;g__Roseovarius;s__Roseovarius mucosus,blast,91.50,iPHoP-RF;67.50
WATLvirus_00255451,GB_GCA_017476885.1,d__Bacteria;p__Bacillota;c__Bacilli;o__RF39;f__UBA660;g__Ventrenecus;s__Ventrenecus sp017476885,iPHoP-RF,90.50,None
WATLvirus_00255454,RS_GCF_000176235.1,d__Bacteria;p__Pseudomonadota;c__Gammaproteobacteria;o__Enterobacterales_A;f__Vibrionaceae;g__Vibrio;s__Vibrio orientalis,iPHoP-RF,97.10,None
WATLvirus_00255454,RS_GCF_000830505.1,d__Bacteria;p__Pseudomonadota;c__Gammaproteobacteria;o__Enterobacterales_A;f__Vibrionaceae;g__Vibrio;s__Vibrio mytili,iPHoP-RF,97.10,None
WATLvirus_00255454,RS_GCF_002741985.1,d__Bacteria;p__Pseudomonadota;c__Gammaproteobacteria;o__Enterobacterales_A;f__Vibrionaceae;g__Vibrio;s__Vibrio rotiferianus,iPHoP-RF,97.10,None
WATLvirus_00255454,RS_GCF_013114545.1,d__Bacteria;p__Pseudomonadota;c__Gammaproteobacteria;o__Enterobacterales_A;f__Vibrionaceae;g__Vibrio;s__Vibrio sp013114545,iPHoP-RF,97.10,None
WATLvirus_00255454,RS_GCF_905175385.1,d__Bacteria;p__Pseudomonadota;c__Gammaproteobacteria;o__Enterobacterales_A;f__Vibrionaceae;g__Vibrio;s__Vibrio sp903986855,iPHoP-RF,97.10,None
WATLvirus_00255454,RS_GCF_003970385.1,d__Bacteria;p__Pseudomonadota;c__Gammaproteobacteria;o__Enterobacterales_A;f__Vibrionaceae;g__Vibrio;s__Vibrio aquaticus,iPHoP-RF,96.70,None
WATLvirus_00255454,RS_GCF_004551525.1,d__Bacteria;p__Pseudomonadota;c__Gammaproteobacteria;o__Enterobacterales_A;f__Vibrionaceae;g__Vibrio;s__Vibrio ouci,iPHoP-RF,96.70,None
WATLvirus_00255454,RS_GCF_021728395.1,d__Bacteria;p__Pseudomonadota;c__Gammaproteobacteria;o__Enterobacterales_A;f__Vibrionaceae;g__Vibrio;s__Vibrio sp018223135,iPHoP-RF,96.70,None
WATLvirus_00255454,RS_GCF_006124995.1,d__Bacteria;p__Pseudomonadota;c__Gammaproteobacteria;o__Enterobacterales_A;f__Vibrionaceae;g__Vibrio;s__Vibrio sp006124995,iPHoP-RF,96.40,None
WATLvirus_00255454,GB_GCA_001048675.1,d__Bacteria;p__Pseudomonadota;c__Gammaproteobacteria;o__Enterobacterales_A;f__Vibrionaceae;g__Vibrio;s__Vibrio diabolicus,iPHoP-RF,96.10,None
WATLvirus_00255454,RS_GCF_000354175.2,d__Bacteria;p__Pseudomonadota;c__Gammaproteobacteria;o__Enterobacterales_A;f__Vibrionaceae;g__Vibrio;s__Vibrio alginolyticus,iPHoP-RF,96.10,None
WATLvirus_00255454,RS_GCF_001695575.1,d__Bacteria;p__Pseudomonadota;c__Gammaproteobacteria;o__Enterobacterales_A;f__Vibrionaceae;g__Vibrio;s__Vibrio europaeus,iPHoP-RF,96.10,None
WATLvirus_00255454,RS_GCF_002163755.1,d__Bacteria;p__Pseudomonadota;c__Gammaproteobacteria;o__Enterobacterales_A;f__Vibrionaceae;g__Vibrio;s__Vibrio campbellii,iPHoP-RF,96.10,None
WATLvirus_00255454,RS_GCF_000772105.1,d__Bacteria;p__Pseudomonadota;c__Gammaproteobacteria;o__Enterobacterales_A;f__Vibrionaceae;g__Vibrio;s__Vibrio tubiashii,iPHoP-RF,94.40,None
WATLvirus_00255454,RS_GCF_011806575.1,d__Bacteria;p__Pseudomonadota;c__Gammaproteobacteria;o__Enterobacterales_A;f__Vibrionaceae;g__Vibrio;s__Vibrio hepatarius_A,iPHoP-RF,94.40,None
WATLvirus_00255454,RS_GCF_001274785.1,d__Bacteria;p__Pseudomonadota;c__Gammaproteobacteria;o__Enterobacterales_A;f__Vibrionaceae;g__Vibrio;s__Vibrio hepatarius,iPHoP-RF,93.10,None
WATLvirus_00255454,RS_GCF_001591145.1,d__Bacteria;p__Pseudomonadota;c__Gammaproteobacteria;o__Enterobacterales_A;f__Vibrionaceae;g__Vibrio;s__Vibrio harveyi,iPHoP-RF,93.10,None
WATLvirus_00255461,GB_GCA_000695745.1,d__Bacteria;p__Pseudomonadota;c__Gammaproteobacteria;o__Enterobacterales_A;f__Vibrionaceae;g__Vibrio;s__Vibrio madracius,iPHoP-RF,96.70,None
WATLvirus_00255461,RS_GCF_002873395.1,d__Bacteria;p__Pseudomonadota;c__Gammaproteobacteria;o__Enterobacterales_A;f__Vibrionaceae;g__Vibrio;s__Vibrio sp002873395,iPHoP-RF,96.70,None
WATLvirus_00255461,RS_GCF_021728395.1,d__Bacteria;p__Pseudomonadota;c__Gammaproteobacteria;o__Enterobacterales_A;f__Vibrionaceae;g__Vibrio;s__Vibrio sp018223135,iPHoP-RF,95.70,None
WATLvirus_00255475,RS_GCF_021088345.1,d__Bacteria;p__Pseudomonadota;c__Alphaproteobacteria;o__Rhizobiales;f__Xanthobacteraceae;g__Bradyrhizobium;s__Bradyrhizobium sp021088345,iPHoP-RF,97.10,None
WATLvirus_00255523,RS_GCF_000740795.1,d__Bacteria;p__Pseudomonadota;c__Alphaproteobacteria;o__Rhodobacterales;f__Rhodobacteraceae;g__Haematobacter;s__Haematobacter massiliensis,blast,93.00,iPHoP-RF;61.10
WATLvirus_00255523,RS_GCF_018139985.1,d__Bacteria;p__Pseudomonadota;c__Alphaproteobacteria;o__Rhodobacterales;f__Rhodobacteraceae;g__JAGSOU01;s__JAGSOU01 sp018139985,blast,92.10,iPHoP-RF;50.20
WATLvirus_00255621,RS_GCF_000430645.1,d__Bacteria;p__Bacteroidota;c__Bacteroidia;o__Flavobacteriales;f__Flavobacteriaceae;g__Aquimarina;s__Aquimarina latercula,iPHoP-RF,95.70,None
WATLvirus_00255621,RS_GCF_943733665.1,d__Bacteria;p__Bacteroidota;c__Bacteroidia;o__Flavobacteriales;f__Flavobacteriaceae;g__Aquimarina;s__Aquimarina sp900299505,iPHoP-RF,95.40,None
WATLvirus_00255621,RS_GCF_003443675.1,d__Bacteria;p__Bacteroidota;c__Bacteroidia;o__Flavobacteriales;f__Flavobacteriaceae;g__Aquimarina;s__Aquimarina sp003443675,iPHoP-RF,90.50,None
WATLvirus_00255629,RS_GCF_021043365.1,d__Bacteria;p__Pseudomonadota;c__Alphaproteobacteria;o__Sphingomonadales;f__Sphingomonadaceae;g__Sphingomonas;s__Sphingomonas sp021043365,iPHoP-RF,90.50,None
WATLvirus_00255658,RS_GCF_002873335.1,d__Bacteria;p__Pseudomonadota;c__Gammaproteobacteria;o__Enterobacterales_A;f__Vibrionaceae;g__Vibrio;s__Vibrio sp002873335,iPHoP-RF,91.80,None
WATLvirus_00255670,GB_GCA_024637315.1,d__Bacteria;p__Pseudomonadota;c__Alphaproteobacteria;o__Rhodobacterales;f__Rhodobacteraceae;g__JAHEAO01;s__JAHEAO01 sp024637315,blast,91.90,None
WATLvirus_00255670,RS_GCF_000473225.1,d__Bacteria;p__Pseudomonadota;c__Alphaproteobacteria;o__Rhodobacterales;f__Rhodobacteraceae;g__Sedimentitalea;s__Sedimentitalea nanhaiensis,blast,91.00,None
WATLvirus_00255679,RS_GCF_000423645.1,d__Bacteria;p__Pseudomonadota;c__Alphaproteobacteria;o__Rhodobacterales;f__Rhodobacteraceae;g__Sediminimonas;s__Sediminimonas qiaohouensis,blast,91.40,iPHoP-RF;69.10
WATLvirus_00255688,GB_GCA_913054395.1,d__Bacteria;p__Pseudomonadota;c__Alphaproteobacteria;o__Rhodobacterales;f__Rhodobacteraceae;g__Roseovarius;s__Roseovarius sp913054395,iPHoP-RF,91.80,None
WATLvirus_00255735,GB_GCA_903840825.1,d__Bacteria;p__Pseudomonadota;c__Gammaproteobacteria;o__Burkholderiales;f__Burkholderiaceae_B;g__Rhodoferax;s__Rhodoferax sp903840825,iPHoP-RF,92.40,None
WATLvirus_00255746,RS_GCF_019431455.1,d__Bacteria;p__Pseudomonadota;c__Alphaproteobacteria;o__Rhodobacterales;f__Rhodobacteraceae;g__Paracoccus;s__Paracoccus bogoriensis,blast,94.50,iPHoP-RF;73.00
WATLvirus_00255761,GB_GCA_009391275.1,d__Bacteria;p__Chloroflexota;c__Dehalococcoidia;o__UBA3495;f__GCA-2712585;g__VEXF01;s__VEXF01 sp009391275,iPHoP-RF,95.40,None
WATLvirus_00255788,GB_GCA_002720475.1,d__Bacteria;p__Pseudomonadota;c__Alphaproteobacteria;o__Rhodobacterales;f__Rhodobacteraceae;g__Roseovarius;s__Roseovarius sp002720475,blast,92.80,None
WATLvirus_00255887,RS_GCF_014637725.1,d__Bacteria;p__Pseudomonadota;c__Alphaproteobacteria;o__Rhodobacterales;f__Rhodobacteraceae;g__Marivita;s__Marivita lacus,iPHoP-RF,94.40,None
WATLvirus_00255887,RS_GCF_900129875.1,d__Bacteria;p__Pseudomonadota;c__Alphaproteobacteria;o__Rhodobacterales;f__Rhodobacteraceae;g__Marivita;s__Marivita hallyeonensis,iPHoP-RF,91.80,None
WATLvirus_00255887,GB_GCA_017643905.1,d__Bacteria;p__Pseudomonadota;c__Alphaproteobacteria;o__Rhodobacterales;f__Rhodobacteraceae;g__Marivita;s__Marivita sp017643905,iPHoP-RF,91.40,None
WATLvirus_00255887,RS_GCF_001687105.1,d__Bacteria;p__Pseudomonadota;c__Alphaproteobacteria;o__Rhodobacterales;f__Rhodobacteraceae;g__Salipiger;s__Salipiger sp001687105,iPHoP-RF,90.80,None
WATLvirus_00255916,RS_GCF_002563885.1,d__Bacteria;p__Pseudomonadota;c__Gammaproteobacteria;o__Pseudomonadales;f__Oleiphilaceae;g__Marinobacter;s__Marinobacter sp002563885,iPHoP-RF,91.80,None
WATLvirus_00255925,RS_GCF_004127445.1,d__Bacteria;p__Actinomycetota;c__Actinomycetia;o__Streptomycetales;f__Streptomycetaceae;g__Streptomyces;s__Streptomyces alfalfae,iPHoP-RF,95.70,None
WATLvirus_00255925,RS_GCF_008704395.1,d__Bacteria;p__Actinomycetota;c__Actinomycetia;o__Streptomycetales;f__Streptomycetaceae;g__Streptomyces;s__Streptomyces alboniger,iPHoP-RF,95.70,None
WATLvirus_00255925,RS_GCF_008642335.1,d__Bacteria;p__Actinomycetota;c__Actinomycetia;o__Streptomycetales;f__Streptomycetaceae;g__Streptomyces;s__Streptomyces venezuelae_F,iPHoP-RF,93.40,None
WATLvirus_00255925,RS_GCF_020026305.1,d__Bacteria;p__Actinomycetota;c__Actinomycetia;o__Streptomycetales;f__Streptomycetaceae;g__Streptomyces;s__Streptomyces sp020026305,iPHoP-RF,93.40,None
WATLvirus_00255925,RS_GCF_016905445.1,d__Bacteria;p__Actinomycetota;c__Actinomycetia;o__Streptomycetales;f__Streptomycetaceae;g__Streptomyces;s__Streptomyces sp016905445,iPHoP-RF,92.40,None
WATLvirus_00255925,GB_GCA_004010275.1,d__Bacteria;p__Actinomycetota;c__Actinomycetia;o__Streptomycetales;f__Streptomycetaceae;g__Streptomyces;s__Streptomyces huasconensis,iPHoP-RF,92.10,None
WATLvirus_00255925,RS_GCF_008642315.1,d__Bacteria;p__Actinomycetota;c__Actinomycetia;o__Streptomycetales;f__Streptomycetaceae;g__Streptomyces;s__Streptomyces venezuelae_D,iPHoP-RF,91.40,None
WATLvirus_00255925,RS_GCF_008704495.1,d__Bacteria;p__Actinomycetota;c__Actinomycetia;o__Streptomycetales;f__Streptomycetaceae;g__Streptomyces;s__Streptomyces kanamyceticus,iPHoP-RF,90.10,None
WATLvirus_00269999,RS_GCF_900109855.1,d__Bacteria;p__Pseudomonadota;c__Alphaproteobacteria;o__Rhodobacterales;f__Rhodobacteraceae;g__Roseovarius;s__Roseovarius tolerans,blast,92.70,iPHoP-RF;85.10
WATLvirus_00269999,GB_GCA_018066915.1,d__Bacteria;p__Pseudomonadota;c__Alphaproteobacteria;o__Rhodobacterales;f__Rhodobacteraceae;g__Roseovarius;s__Roseovarius sp018066915,blast,91.80,iPHoP-RF;81.40
WATLvirus_00269999,RS_GCF_000152845.1,d__Bacteria;p__Pseudomonadota;c__Alphaproteobacteria;o__Rhodobacterales;f__Rhodobacteraceae;g__Roseovarius;s__Roseovarius sp000152845,blast,91.70,iPHoP-RF;84.80
WATLvirus_00269999,RS_GCF_000768555.3,d__Bacteria;p__Pseudomonadota;c__Alphaproteobacteria;o__Rhodobacterales;f__Rhodobacteraceae;g__Roseovarius;s__Roseovarius mucosus,blast,91.70,iPHoP-RF;79.80
WATLvirus_00269999,RS_GCF_002072155.1,d__Bacteria;p__Pseudomonadota;c__Alphaproteobacteria;o__Rhodobacterales;f__Rhodobacteraceae;g__Roseovarius;s__Roseovarius sp002072155,blast,91.70,iPHoP-RF;82.20
WATLvirus_00269999,GB_GCA_016278295.1,d__Bacteria;p__Pseudomonadota;c__Alphaproteobacteria;o__Rhodobacterales;f__Rhodobacteraceae;g__Roseovarius;s__Roseovarius sp016278295,iPHoP-RF,90.80,None
WATLvirus_00269999,GB_GCA_913055965.1,d__Bacteria;p__Pseudomonadota;c__Alphaproteobacteria;o__Rhodobacterales;f__Rhodobacteraceae;g__Roseovarius;s__Roseovarius sp913055965,iPHoP-RF,90.80,None
WATLvirus_00271572,GB_GCA_001873585.1,d__Bacteria;p__Pseudomonadota;c__Alphaproteobacteria;o__Rhodobacterales;f__Rhodobacteraceae;g__Muriiphilus;s__Muriiphilus sp001873585,iPHoP-RF,92.10,None
WATLvirus_00271572,RS_GCF_001455965.1,d__Bacteria;p__Pseudomonadota;c__Alphaproteobacteria;o__Rhizobiales;f__Beijerinckiaceae;g__Methylobacterium;s__Methylobacterium sp001455965,iPHoP-RF,90.10,None
WATLvirus_00271572,RS_GCF_022179445.1,d__Bacteria;p__Pseudomonadota;c__Alphaproteobacteria;o__Rhizobiales;f__Beijerinckiaceae;g__Methylobacterium;s__Methylobacterium mesophilicum,iPHoP-RF,90.10,None
WATLvirus_00271577,RS_GCF_001427385.1,d__Bacteria;p__Pseudomonadota;c__Alphaproteobacteria;o__Rhizobiales;f__Rhizobiaceae;g__Mesorhizobium;s__Mesorhizobium sp001427385,blast,91.20,iPHoP-RF;51.50
WATLvirus_00271577,GB_GCA_023391905.1,d__Bacteria;p__Pseudomonadota;c__Alphaproteobacteria;o__Rhizobiales;f__Kaistiaceae;g__Kaistia;s__Kaistia sp023391905,blast,91.00,None
WATLvirus_00271592,RS_GCF_018424695.1,d__Bacteria;p__Pseudomonadota;c__Alphaproteobacteria;o__Rhodobacterales;f__Rhodobacteraceae;g__Vannielia;s__Vannielia litorea_A,blast,93.50,iPHoP-RF;57.60
WATLvirus_00271592,RS_GCF_017743735.1,d__Bacteria;p__Pseudomonadota;c__Alphaproteobacteria;o__Rhodobacterales;f__Rhodobacteraceae;g__Shimia;s__Shimia sp017743735,blast,90.70,iPHoP-RF;62.70
WATLvirus_00271599,GB_GCA_022705575.1,d__Bacteria;p__Patescibacteria;c__Paceibacteria;o__RBG-13-40-8-A;f__RBG-13-40-8-A;g__JAKJED01;s__JAKJED01 sp022705575,blast,91.90,iPHoP-RF;63.80
WATLvirus_00271599,GB_GCA_007132145.1,d__Bacteria;p__Bacillota;c__Bacilli;o__Izemoplasmatales;f__Izemoplasmataceae;g__SLPE01;s__SLPE01 sp007132145,blast,90.60,iPHoP-RF;71.10
WATLvirus_00271801,RS_GCF_014041935.1,d__Bacteria;p__Actinomycetota;c__Actinomycetia;o__Mycobacteriales;f__Mycobacteriaceae;g__Gordonia;s__Gordonia jinghuaiqii,iPHoP-RF,90.10,None
WATLvirus_00272033,GB_GCA_020353055.1,d__Bacteria;p__WOR-3;c__WOR-3;o__SM23-42;f__SM23-42;g__SM23-42;s__SM23-42 sp020353055,blast,95.90,iPHoP-RF;81.90
WATLvirus_00272035,RS_GCF_000768555.3,d__Bacteria;p__Pseudomonadota;c__Alphaproteobacteria;o__Rhodobacterales;f__Rhodobacteraceae;g__Roseovarius;s__Roseovarius mucosus,blast,95.30,iPHoP-RF;88.90
WATLvirus_00272035,GB_GCA_002783205.1,d__Bacteria;p__Pseudomonadota;c__Alphaproteobacteria;o__Rhodobacterales;f__Rhodobacteraceae;g__Roseovarius;s__Roseovarius sp002783205,iPHoP-RF,94.70,None
WATLvirus_00272035,RS_GCF_000152845.1,d__Bacteria;p__Pseudomonadota;c__Alphaproteobacteria;o__Rhodobacterales;f__Rhodobacteraceae;g__Roseovarius;s__Roseovarius sp000152845,blast,94.50,iPHoP-RF;83.60
WATLvirus_00272060,GB_GCA_018402035.1,d__Bacteria;p__Pseudomonadota;c__Alphaproteobacteria;o__Rhodobacterales;f__Rhodobacteraceae;g__Roseicyclus;s__Roseicyclus sp018402035,blast,95.40,iPHoP-RF;74.80
WATLvirus_00272060,GB_GCA_015689735.1,d__Bacteria;p__Pseudomonadota;c__Alphaproteobacteria;o__Rhodobacterales;f__Rhodobacteraceae;g__Roseicyclus;s__Roseicyclus sp015689735,blast,94.30,iPHoP-RF;65.60
WATLvirus_00272060,RS_GCF_003148775.1,d__Bacteria;p__Pseudomonadota;c__Alphaproteobacteria;o__Rhodobacterales;f__Rhodobacteraceae;g__Roseicyclus;s__Roseicyclus mahoneyensis,blast,90.50,iPHoP-RF;59.80
WATLvirus_00272063,GB_GCA_019911965.1,d__Bacteria;p__Pseudomonadota;c__Alphaproteobacteria;o__Rhodobacterales;f__Rhodobacteraceae;g__UBA5972;s__UBA5972 sp019911965,blast,93.30,None
WATLvirus_00272063,GB_GCA_020425085.1,d__Bacteria;p__Pseudomonadota;c__Alphaproteobacteria;o__Rhodobacterales;f__Rhodobacteraceae;g__UBA5972;s__UBA5972 sp020425085,blast,91.50,None
WATLvirus_00272064,GB_GCA_018830285.1,d__Bacteria;p__Pseudomonadota;c__Alphaproteobacteria;o__Caulobacterales;f__Hyphomonadaceae;g__Hyphomonas;s__Hyphomonas sp018830285,blast,93.30,iPHoP-RF;61.40
WATLvirus_00272078,GB_GCA_902566785.1,d__Bacteria;p__Pseudomonadota;c__Alphaproteobacteria;o__Pelagibacterales;f__Pelagibacteraceae;g__Pelagibacter;s__Pelagibacter sp902566785,blast,91.10,iPHoP-RF;86.70
WATLvirus_00272114,GB_GCA_002692855.1,d__Bacteria;p__Pseudomonadota;c__Alphaproteobacteria;o__Caulobacterales;f__Maricaulaceae;g__Hyphobacterium;s__Hyphobacterium sp002692855,blast,93.10,None
WATLvirus_00272117,GB_GCA_017450165.1,d__Bacteria;p__Bacteroidota;c__Bacteroidia;o__Bacteroidales;f__UBA932;g__Bact-11;s__Bact-11 sp017450165,iPHoP-RF,91.80,None
WATLvirus_00272117,GB_GCA_017544005.1,d__Bacteria;p__Bacteroidota;c__Bacteroidia;o__Bacteroidales;f__UBA932;g__Bact-11;s__Bact-11 sp017544005,iPHoP-RF,90.10,None
WATLvirus_00272120,GB_GCA_016703335.1,d__Bacteria;p__Pseudomonadota;c__Alphaproteobacteria;o__Caulobacterales;f__TH1-2;g__Vitreimonas;s__Vitreimonas sp016703335,iPHoP-RF,93.70,None
WATLvirus_00272121,RS_GCF_010731815.2,d__Bacteria;p__Actinomycetota;c__Actinomycetia;o__Mycobacteriales;f__Mycobacteriaceae;g__Mycobacterium;s__Mycobacterium arabiense,iPHoP-RF,96.40,None
WATLvirus_00272121,RS_GCF_021916785.1,d__Bacteria;p__Actinomycetota;c__Actinomycetia;o__Mycobacteriales;f__Mycobacteriaceae;g__Mycobacterium;s__Mycobacterium lacusdiani,iPHoP-RF,96.40,None
WATLvirus_00272121,RS_GCF_008329645.1,d__Bacteria;p__Actinomycetota;c__Actinomycetia;o__Mycobacteriales;f__Mycobacteriaceae;g__Mycobacterium;s__Mycobacterium grossiae,iPHoP-RF,96.10,None
WATLvirus_00272121,RS_GCF_010731735.1,d__Bacteria;p__Actinomycetota;c__Actinomycetia;o__Mycobacteriales;f__Mycobacteriaceae;g__Mycobacterium;s__Mycobacterium sediminis,iPHoP-RF,94.70,None
WATLvirus_00272121,RS_GCF_010729665.1,d__Bacteria;p__Actinomycetota;c__Actinomycetia;o__Mycobacteriales;f__Mycobacteriaceae;g__Mycobacterium;s__Mycobacterium madagascariense,iPHoP-RF,93.70,None
WATLvirus_00272121,RS_GCF_000620625.1,d__Bacteria;p__Actinomycetota;c__Actinomycetia;o__Mycobacteriales;f__Mycobacteriaceae;g__Mycobacterium;s__Mycobacterium sp000620625,iPHoP-RF,91.40,None
WATLvirus_00272127,GB_GCA_023257515.1,d__Bacteria;p__Actinomycetota;c__Actinomycetia;o__Propionibacteriales;f__Nocardioidaceae;g__Aeromicrobium;s__Aeromicrobium sp023257515,blast,92.70,iPHoP-RF;62.20
WATLvirus_00272139,GB_GCA_905478565.1,d__Bacteria;p__Pseudomonadota;c__Alphaproteobacteria;o__Pelagibacterales;f__Pelagibacteraceae;g__Pelagibacter;s__Pelagibacter sp905478565,blast,95.20,None
WATLvirus_00272149,GB_GCA_902517795.1,d__Bacteria;p__Pseudomonadota;c__Gammaproteobacteria;o__Woeseiales;f__Woeseiaceae;g__SP4260;s__SP4260 sp902517795,iPHoP-RF,92.80,None
WATLvirus_00272174,GB_GCA_023260815.1,d__Bacteria;p__Pseudomonadota;c__Alphaproteobacteria;o__Rhodobacterales;f__Rhodobacteraceae;g__Roseovarius;s__Roseovarius sp023260815,blast,93.50,None
WATLvirus_00272174,RS_GCF_900142765.1,d__Bacteria;p__Pseudomonadota;c__Alphaproteobacteria;o__Rhodobacterales;f__Rhodobacteraceae;g__Roseovarius;s__Roseovarius litoreus,blast,91.90,None
WATLvirus_00272175,GB_GCA_020343875.1,d__Bacteria;p__Chloroflexota;c__Anaerolineae;o__4572-78;f__NAK82;g__G020343875;s__G020343875 sp020343875,blast,94.60,iPHoP-RF;70.60
WATLvirus_00272186,RS_GCF_900102465.1,d__Bacteria;p__Pseudomonadota;c__Alphaproteobacteria;o__Thalassobaculales;f__Thalassobaculaceae;g__Thalassobaculum;s__Thalassobaculum litoreum,blast,93.10,iPHoP-RF;54.40
WATLvirus_00272196,RS_GCF_900182725.1,d__Bacteria;p__Pseudomonadota;c__Alphaproteobacteria;o__Rhodobacterales;f__Rhodobacteraceae;g__Thalassobius;s__Thalassobius litoralis,blast,92.10,iPHoP-RF;54.60
WATLvirus_00272196,GB_GCA_017643905.1,d__Bacteria;p__Pseudomonadota;c__Alphaproteobacteria;o__Rhodobacterales;f__Rhodobacteraceae;g__Marivita;s__Marivita sp017643905,blast,91.90,None
WATLvirus_00272208,RS_GCF_000184745.1,d__Bacteria;p__Pseudomonadota;c__Gammaproteobacteria;o__Burkholderiales;f__Burkholderiaceae_B;g__Variovorax;s__Variovorax paradoxus_C,iPHoP-RF,91.10,None
WATLvirus_00272208,RS_GCF_016405905.1,d__Bacteria;p__Pseudomonadota;c__Gammaproteobacteria;o__Burkholderiales;f__Burkholderiaceae_B;g__Variovorax;s__Variovorax sp016405905,iPHoP-RF,91.10,None
WATLvirus_00272208,RS_GCF_017161115.1,d__Bacteria;p__Pseudomonadota;c__Gammaproteobacteria;o__Burkholderiales;f__Burkholderiaceae_B;g__Variovorax;s__Variovorax sp017161115,iPHoP-RF,90.50,None
WATLvirus_00272208,RS_GCF_024701975.1,d__Bacteria;p__Pseudomonadota;c__Gammaproteobacteria;o__Burkholderiales;f__Burkholderiaceae_B;g__Variovorax;s__Variovorax sp024701975,iPHoP-RF,90.50,None
WATLvirus_00272211,GB_GCA_003280495.1,d__Bacteria;p__Pseudomonadota;c__Alphaproteobacteria;o__Pelagibacterales;f__Pelagibacteraceae;g__GCA-002704185;s__GCA-002704185 sp003280495,blast,92.90,iPHoP-RF;73.70
WATLvirus_00272226,GB_GCA_002333405.1,d__Bacteria;p__Actinomycetota;c__Actinomycetia;o__Actinomycetales;f__Microbacteriaceae;g__Aquiluna;s__Aquiluna sp002333405,iPHoP-RF,90.50,None
WATLvirus_00272226,GB_GCA_017854485.1,d__Bacteria;p__Actinomycetota;c__Actinomycetia;o__Actinomycetales;f__Microbacteriaceae;g__Aquiluna;s__Aquiluna sp017854485,iPHoP-RF,90.50,None
WATLvirus_00272230,RS_GCF_006124995.1,d__Bacteria;p__Pseudomonadota;c__Gammaproteobacteria;o__Enterobacterales_A;f__Vibrionaceae;g__Vibrio;s__Vibrio sp006124995,iPHoP-RF,93.40,None
WATLvirus_00272230,RS_GCF_014050145.1,d__Bacteria;p__Pseudomonadota;c__Gammaproteobacteria;o__Enterobacterales_A;f__Vibrionaceae;g__Vibrio;s__Vibrio marinisediminis,iPHoP-RF,90.80,None
WATLvirus_00272230,RS_GCF_010587385.1,d__Bacteria;p__Pseudomonadota;c__Gammaproteobacteria;o__Enterobacterales_A;f__Vibrionaceae;g__Vibrio;s__Vibrio astriarenae,iPHoP-RF,90.10,None
WATLvirus_00272231,GB_GCA_900470195.1,d__Bacteria;p__Pseudomonadota;c__Alphaproteobacteria;o__Rhizobiales;f__Rhizobiaceae;g__Ochrobactrum;s__Ochrobactrum sp900470195,iPHoP-RF,91.10,None
WATLvirus_00272231,RS_GCF_008932435.1,d__Bacteria;p__Pseudomonadota;c__Alphaproteobacteria;o__Rhizobiales;f__Rhizobiaceae;g__Ochrobactrum;s__Ochrobactrum pseudintermedium,iPHoP-RF,90.10,None
WATLvirus_00272233,GB_GCA_020832515.1,d__Bacteria;p__Pseudomonadota;c__Alphaproteobacteria;o__Rhodobacterales;f__Rhodobacteraceae;g__JAFIEN01;s__JAFIEN01 sp020832515,blast,93.70,iPHoP-RF;53.00
WATLvirus_00272233,GB_GCA_020832705.1,d__Bacteria;p__Pseudomonadota;c__Alphaproteobacteria;o__Rhodobacterales;f__Rhodobacteraceae;g__Rhabdonatronobacter;s__Rhabdonatronobacter sp020832705,blast,90.70,None
WATLvirus_00272237,RS_GCF_021735925.1,d__Bacteria;p__Pseudomonadota;c__Alphaproteobacteria;o__Rhodobacterales;f__Rhodobacteraceae;g__Loktanella;s__Loktanella sp021735925,iPHoP-RF,95.70,None
WATLvirus_00272237,RS_GCF_900128995.1,d__Bacteria;p__Pseudomonadota;c__Alphaproteobacteria;o__Rhodobacterales;f__Rhodobacteraceae;g__Loktanella;s__Loktanella atrilutea,iPHoP-RF,94.40,None
WATLvirus_00272237,RS_GCF_900110065.1,d__Bacteria;p__Pseudomonadota;c__Alphaproteobacteria;o__Rhodobacterales;f__Rhodobacteraceae;g__Loktanella;s__Loktanella fryxellensis,iPHoP-RF,94.10,None
WATLvirus_00272242,RS_GCF_900167365.1,d__Bacteria;p__Pseudomonadota;c__Alphaproteobacteria;o__Rhizobiales;f__Rhizobiaceae;g__Consotaella;s__Consotaella salsifontis,blast,96.90,iPHoP-RF;54.40
WATLvirus_00272248,RS_GCF_900141915.1,d__Bacteria;p__Actinomycetota;c__Actinomycetia;o__Propionibacteriales;f__Propionibacteriaceae;g__Arachnia;s__Arachnia bendigoensis,iPHoP-RF,94.70,None
WATLvirus_00272248,RS_GCF_019316905.1,d__Bacteria;p__Actinomycetota;c__Actinomycetia;o__Propionibacteriales;f__Propionibacteriaceae;g__Arachnia;s__Arachnia sp019316905,iPHoP-RF,92.80,None
WATLvirus_00272248,RS_GCF_014489575.1,d__Bacteria;p__Actinomycetota;c__Actinomycetia;o__Propionibacteriales;f__Propionibacteriaceae;g__Arachnia;s__Arachnia defluvii,iPHoP-RF,92.40,None
WATLvirus_00272248,RS_GCF_001997345.1,d__Bacteria;p__Actinomycetota;c__Actinomycetia;o__Propionibacteriales;f__Propionibacteriaceae;g__Arachnia;s__Arachnia aquimaris,iPHoP-RF,92.10,None
WATLvirus_00272248,RS_GCF_001998865.1,d__Bacteria;p__Actinomycetota;c__Actinomycetia;o__Propionibacteriales;f__Propionibacteriaceae;g__Arachnia;s__Arachnia flavescens,iPHoP-RF,90.50,None
WATLvirus_00272254,GB_GCA_002692855.1,d__Bacteria;p__Pseudomonadota;c__Alphaproteobacteria;o__Caulobacterales;f__Maricaulaceae;g__Hyphobacterium;s__Hyphobacterium sp002692855,blast,93.90,None
WATLvirus_00272259,GB_GCA_019637615.1,d__Bacteria;p__Chloroflexota;c__Anaerolineae;o__Aggregatilineales;f__UBA2796;g__JAHBVK01;s__JAHBVK01 sp019637615,iPHoP-RF,90.10,None
WATLvirus_00272268,GB_GCA_009927065.1,d__Bacteria;p__Pseudomonadota;c__Gammaproteobacteria;o__LLD-282;f__LLD-282;g__LLD-282;s__LLD-282 sp009927065,blast,94.60,iPHoP-RF;60.10
WATLvirus_00272289,GB_GCA_014192425.1,d__Bacteria;p__Planctomycetota;c__Planctomycetia;o__Pirellulales;f__UBA1268;g__QWPN01;s__QWPN01 sp014192425,blast,93.80,iPHoP-RF;73.70
WATLvirus_00272289,GB_GCA_009924545.1,d__Bacteria;p__Planctomycetota;c__Planctomycetia;o__Pirellulales;f__UBA1268;g__F1-20-MAGs016;s__F1-20-MAGs016 sp009924545,blast,93.00,iPHoP-RF;75.00
WATLvirus_00272322,RS_GCF_003148645.1,d__Bacteria;p__Bacteroidota;c__Bacteroidia;o__Flavobacteriales;f__Flavobacteriaceae;g__Xanthomarina;s__Xanthomarina spongicola,iPHoP-RF,91.40,None
WATLvirus_00272323,RS_GCF_900114085.1,d__Bacteria;p__Bacteroidota;c__Bacteroidia;o__Flavobacteriales;f__Flavobacteriaceae;g__Flavobacterium;s__Flavobacterium guanonis,iPHoP-RF,95.70,None
WATLvirus_00272330,GB_GCA_019454225.1,d__Bacteria;p__Pseudomonadota;c__Alphaproteobacteria;o__Rhodobacterales;f__Rhodobacteraceae;g__G019454225;s__G019454225 sp019454225,blast,95.10,iPHoP-RF;70.00
WATLvirus_00272343,RS_GCF_000230895.2,d__Bacteria;p__Actinomycetota;c__Actinomycetia;o__Mycobacteriales;f__Mycobacteriaceae;g__Mycobacterium;s__Mycobacterium rhodesiae_A,iPHoP-RF,92.80,None
WATLvirus_00272343,GB_GCA_019749805.1,d__Bacteria;p__Actinomycetota;c__Actinomycetia;o__Mycobacteriales;f__Mycobacteriaceae;g__Mycobacterium;s__Mycobacterium sp019749805,iPHoP-RF,90.80,None
WATLvirus_00272351,GB_GCA_017391525.1,d__Bacteria;p__Bacteroidota;c__Bacteroidia;o__Bacteroidales;f__Paludibacteraceae;g__RF16;s__RF16 sp017391525,iPHoP-RF,94.10,None
WATLvirus_00272351,GB_GCA_017625155.1,d__Bacteria;p__Bacteroidota;c__Bacteroidia;o__Bacteroidales;f__Paludibacteraceae;g__RF16;s__RF16 sp017625155,iPHoP-RF,93.70,None
WATLvirus_00272351,GB_GCA_017461505.1,d__Bacteria;p__Bacteroidota;c__Bacteroidia;o__Bacteroidales;f__Paludibacteraceae;g__RF16;s__RF16 sp017461505,iPHoP-RF,93.10,None
WATLvirus_00272351,GB_GCA_017384225.1,d__Bacteria;p__Bacteroidota;c__Bacteroidia;o__Bacteroidales;f__Paludibacteraceae;g__RF16;s__RF16 sp017384225,iPHoP-RF,92.40,None
WATLvirus_00272351,GB_GCA_017559385.1,d__Bacteria;p__Bacteroidota;c__Bacteroidia;o__Bacteroidales;f__Paludibacteraceae;g__RF16;s__RF16 sp017559385,iPHoP-RF,92.10,None
WATLvirus_00272351,GB_GCA_902771935.1,d__Bacteria;p__Bacteroidota;c__Bacteroidia;o__Bacteroidales;f__Paludibacteraceae;g__RF16;s__RF16 sp902771935,iPHoP-RF,92.10,None
WATLvirus_00272351,GB_GCA_017457295.1,d__Bacteria;p__Bacteroidota;c__Bacteroidia;o__Bacteroidales;f__Paludibacteraceae;g__RF16;s__RF16 sp017457295,iPHoP-RF,91.10,None
WATLvirus_00272386,GB_GCA_018500075.1,d__Bacteria;p__Pseudomonadota;c__Alphaproteobacteria;o__Rhodobacterales;f__Rhodobacteraceae;g__Lentibacter;s__Lentibacter sp018500075,blast,93.60,iPHoP-RF;63.80
WATLvirus_00272386,RS_GCF_900107355.1,d__Bacteria;p__Pseudomonadota;c__Alphaproteobacteria;o__Rhodobacterales;f__Rhodobacteraceae;g__Lentibacter;s__Lentibacter algarum,blast,91.20,iPHoP-RF;68.40
WATLvirus_00272470,RS_GCF_001420005.1,d__Bacteria;p__Pseudomonadota;c__Alphaproteobacteria;o__Rhodobacterales;f__Rhodobacteraceae;g__Loktanella;s__Loktanella sp001420005,iPHoP-RF,90.10,None
WATLvirus_00272473,RS_GCF_006716865.1,d__Bacteria;p__Pseudomonadota;c__Alphaproteobacteria;o__Rhodobacterales;f__Rhodobacteraceae;g__Roseinatronobacter;s__Roseinatronobacter monicus,blast,95.00,iPHoP-RF;60.30
WATLvirus_00272517,GB_GCA_002389055.1,d__Bacteria;p__Pseudomonadota;c__Gammaproteobacteria;o__Pseudomonadales;f__Alcanivoracaceae;g__Alcanivorax;s__Alcanivorax sp002389055,iPHoP-RF,95.70,None
WATLvirus_00272517,RS_GCF_016906305.1,d__Bacteria;p__Pseudomonadota;c__Gammaproteobacteria;o__Pseudomonadales;f__Alcanivoracaceae;g__Alcanivorax;s__Alcanivorax marinus,iPHoP-RF,95.70,None
WATLvirus_00272517,GB_GCA_017794945.1,d__Bacteria;p__Pseudomonadota;c__Gammaproteobacteria;o__Pseudomonadales;f__Alcanivoracaceae;g__Alcanivorax;s__Alcanivorax sp009711585,iPHoP-RF,95.10,None
WATLvirus_00272517,RS_GCF_015356855.1,d__Bacteria;p__Pseudomonadota;c__Gammaproteobacteria;o__Pseudomonadales;f__Alcanivoracaceae;g__Alcanivorax;s__Alcanivorax venustensis,iPHoP-RF,95.10,None
WATLvirus_00272517,RS_GCF_015265435.1,d__Bacteria;p__Pseudomonadota;c__Gammaproteobacteria;o__Pseudomonadales;f__Alcanivoracaceae;g__Alcanivorax;s__Alcanivorax profundimaris,iPHoP-RF,94.10,None
WATLvirus_00272517,RS_GCF_002864685.1,d__Bacteria;p__Pseudomonadota;c__Gammaproteobacteria;o__Pseudomonadales;f__Alcanivoracaceae;g__Alcanivorax;s__Alcanivorax mobilis,iPHoP-RF,93.70,None
WATLvirus_00272517,RS_GCF_005938655.1,d__Bacteria;p__Pseudomonadota;c__Gammaproteobacteria;o__Pseudomonadales;f__Alcanivoracaceae;g__Alcanivorax;s__Alcanivorax gelatiniphagus,iPHoP-RF,90.50,None
WATLvirus_00272517,GB_GCA_022449455.1,d__Bacteria;p__Pseudomonadota;c__Gammaproteobacteria;o__Pseudomonadales;f__Alcanivoracaceae;g__Alcanivorax;s__Alcanivorax sp022449455,iPHoP-RF,90.10,None
WATLvirus_00272530,GB_GCA_902532675.1,d__Bacteria;p__Pseudomonadota;c__Gammaproteobacteria;o__SAR86;f__SAR86;g__GCA-2730855;s__GCA-2730855 sp902532675,iPHoP-RF,93.40,None
WATLvirus_00272560,RS_GCF_000384965.1,d__Bacteria;p__Pseudomonadota;c__Alphaproteobacteria;o__Rhizobiales;f__Rhizobiaceae;g__Bartonella;s__Bartonella bovis,iPHoP-RF,91.40,None
WATLvirus_00272560,RS_GCF_002022415.1,d__Bacteria;p__Pseudomonadota;c__Alphaproteobacteria;o__Rhizobiales;f__Rhizobiaceae;g__Bartonella;s__Bartonella sp002022415,iPHoP-RF,90.50,None
WATLvirus_00272571,RS_GCF_001667505.1,d__Bacteria;p__Actinomycetota;c__Actinomycetia;o__Mycobacteriales;f__Mycobacteriaceae;g__Mycobacterium;s__Mycobacterium sp001667505,iPHoP-RF,94.10,None
WATLvirus_00272571,RS_GCF_900240945.1,d__Bacteria;p__Actinomycetota;c__Actinomycetia;o__Mycobacteriales;f__Mycobacteriaceae;g__Mycobacterium;s__Mycobacterium sp900240945,iPHoP-RF,94.10,None
WATLvirus_00272571,RS_GCF_000328565.1,d__Bacteria;p__Actinomycetota;c__Actinomycetia;o__Mycobacteriales;f__Mycobacteriaceae;g__Mycobacterium;s__Mycobacterium sp000328565,iPHoP-RF,90.10,None
WATLvirus_00272580,RS_GCF_900088415.1,d__Bacteria;p__Pseudomonadota;c__Gammaproteobacteria;o__Enterobacterales_A;f__Vibrionaceae;g__Vibrio;s__Vibrio mediterranei,iPHoP-RF,91.40,None
WATLvirus_00272580,RS_GCF_002954585.1,d__Bacteria;p__Pseudomonadota;c__Gammaproteobacteria;o__Enterobacterales_A;f__Vibrionaceae;g__Vibrio;s__Vibrio chagasii_A,iPHoP-RF,91.10,None
WATLvirus_00272580,GB_GCA_000953695.1,d__Bacteria;p__Pseudomonadota;c__Gammaproteobacteria;o__Enterobacterales_A;f__Vibrionaceae;g__Aliivibrio;s__Aliivibrio wodanis,iPHoP-RF,90.80,None
WATLvirus_00272580,RS_GCF_001690985.1,d__Bacteria;p__Pseudomonadota;c__Gammaproteobacteria;o__Enterobacterales_A;f__Vibrionaceae;g__Aliivibrio;s__Aliivibrio sp001690985,iPHoP-RF,90.80,None
WATLvirus_00272590,GB_GCA_013001975.1,d__Bacteria;p__Bacteroidota;c__Bacteroidia;o__Chitinophagales;f__Saprospiraceae;g__RFSX01;s__RFSX01 sp013001975,blast,93.50,iPHoP-RF;64.00
WATLvirus_00272598,GB_GCA_003513495.1,d__Bacteria;p__Bacillota_B;c__Desulfitobacteriia;o__Desulfitobacteriales;f__Desulfitobacteriaceae;g__Desulfosporosinus;s__Desulfosporosinus sp003513495,iPHoP-RF,93.40,None
WATLvirus_00272617,GB_GCA_024232495.1,d__Bacteria;p__Bacteroidota;c__Bacteroidia;o__Flavobacteriales;f__Flavobacteriaceae;g__GCA-002733185;s__GCA-002733185 sp024232495,blast,92.40,iPHoP-RF;66.80
WATLvirus_00272628,GB_GCA_018500105.1,d__Bacteria;p__Pseudomonadota;c__Gammaproteobacteria;o__Burkholderiales;f__Burkholderiaceae;g__Polynucleobacter;s__Polynucleobacter sp018500105,iPHoP-RF,96.40,None
WATLvirus_00272628,GB_GCA_023253245.1,d__Bacteria;p__Pseudomonadota;c__Gammaproteobacteria;o__Burkholderiales;f__Burkholderiaceae;g__Polynucleobacter;s__Polynucleobacter sp023253245,iPHoP-RF,96.10,None
WATLvirus_00272628,RS_GCF_900095195.1,d__Bacteria;p__Pseudomonadota;c__Gammaproteobacteria;o__Burkholderiales;f__Burkholderiaceae;g__Polynucleobacter;s__Polynucleobacter necessarius_G,iPHoP-RF,96.10,None
WATLvirus_00272628,GB_GCA_903846025.1,d__Bacteria;p__Pseudomonadota;c__Gammaproteobacteria;o__Burkholderiales;f__Burkholderiaceae;g__Polynucleobacter;s__Polynucleobacter sp903846025,iPHoP-RF,94.70,None
WATLvirus_00272628,RS_GCF_001595985.1,d__Bacteria;p__Pseudomonadota;c__Gammaproteobacteria;o__Burkholderiales;f__Burkholderiaceae;g__Polynucleobacter;s__Polynucleobacter sinensis,iPHoP-RF,94.70,None
WATLvirus_00272628,RS_GCF_018881925.1,d__Bacteria;p__Pseudomonadota;c__Gammaproteobacteria;o__Burkholderiales;f__Burkholderiaceae;g__Polynucleobacter;s__Polynucleobacter sp903880555,iPHoP-RF,93.70,None
WATLvirus_00272628,GB_GCA_903935355.1,d__Bacteria;p__Pseudomonadota;c__Gammaproteobacteria;o__Burkholderiales;f__Burkholderiaceae;g__Polynucleobacter;s__Polynucleobacter sp903935355,iPHoP-RF,93.10,None
WATLvirus_00272628,GB_GCA_903843235.1,d__Bacteria;p__Pseudomonadota;c__Gammaproteobacteria;o__Burkholderiales;f__Burkholderiaceae;g__Polynucleobacter;s__Polynucleobacter sp903843235,iPHoP-RF,92.80,None
WATLvirus_00272628,RS_GCF_018882325.1,d__Bacteria;p__Pseudomonadota;c__Gammaproteobacteria;o__Burkholderiales;f__Burkholderiaceae;g__Polynucleobacter;s__Polynucleobacter sp018882325,iPHoP-RF,92.40,None
WATLvirus_00272628,RS_GCF_018881905.1,d__Bacteria;p__Pseudomonadota;c__Gammaproteobacteria;o__Burkholderiales;f__Burkholderiaceae;g__Polynucleobacter;s__Polynucleobacter sp018881905,iPHoP-RF,92.10,None
WATLvirus_00272628,RS_GCF_002206635.1,d__Bacteria;p__Pseudomonadota;c__Gammaproteobacteria;o__Burkholderiales;f__Burkholderiaceae;g__Polynucleobacter;s__Polynucleobacter aenigmaticus,iPHoP-RF,91.80,None
WATLvirus_00272628,RS_GCF_013307205.1,d__Bacteria;p__Pseudomonadota;c__Gammaproteobacteria;o__Burkholderiales;f__Burkholderiaceae;g__Polynucleobacter;s__Polynucleobacter arcticus,iPHoP-RF,91.80,None
WATLvirus_00272628,RS_GCF_018882095.1,d__Bacteria;p__Pseudomonadota;c__Gammaproteobacteria;o__Burkholderiales;f__Burkholderiaceae;g__Polynucleobacter;s__Polynucleobacter sp018882095,iPHoP-RF,91.80,None
WATLvirus_00272628,RS_GCF_900095185.1,d__Bacteria;p__Pseudomonadota;c__Gammaproteobacteria;o__Burkholderiales;f__Burkholderiaceae;g__Polynucleobacter;s__Polynucleobacter sp003482545,iPHoP-RF,91.80,None
WATLvirus_00272628,RS_GCF_018687755.1,d__Bacteria;p__Pseudomonadota;c__Gammaproteobacteria;o__Burkholderiales;f__Burkholderiaceae;g__Polynucleobacter;s__Polynucleobacter sp018687755,iPHoP-RF,91.40,None
WATLvirus_00272628,GB_GCA_001830325.1,d__Bacteria;p__Pseudomonadota;c__Gammaproteobacteria;o__Burkholderiales;f__Burkholderiaceae;g__Polynucleobacter;s__Polynucleobacter sp001830325,iPHoP-RF,91.10,None
WATLvirus_00272628,GB_GCA_903858445.1,d__Bacteria;p__Pseudomonadota;c__Gammaproteobacteria;o__Burkholderiales;f__Burkholderiaceae;g__Polynucleobacter;s__Polynucleobacter sp903858445,iPHoP-RF,91.10,None
WATLvirus_00272628,GB_GCA_903892315.1,d__Bacteria;p__Pseudomonadota;c__Gammaproteobacteria;o__Burkholderiales;f__Burkholderiaceae;g__Polynucleobacter;s__Polynucleobacter sp903892315,iPHoP-RF,91.10,None
WATLvirus_00272628,RS_GCF_018687555.1,d__Bacteria;p__Pseudomonadota;c__Gammaproteobacteria;o__Burkholderiales;f__Burkholderiaceae;g__Polynucleobacter;s__Polynucleobacter sp018687555,iPHoP-RF,91.10,None
WATLvirus_00272628,RS_GCF_018882405.1,d__Bacteria;p__Pseudomonadota;c__Gammaproteobacteria;o__Burkholderiales;f__Burkholderiaceae;g__Polynucleobacter;s__Polynucleobacter sp018882405,iPHoP-RF,91.10,None
WATLvirus_00272628,RS_GCF_018882335.1,d__Bacteria;p__Pseudomonadota;c__Gammaproteobacteria;o__Burkholderiales;f__Burkholderiaceae;g__Polynucleobacter;s__Polynucleobacter sp018882335,iPHoP-RF,90.50,None
WATLvirus_00272630,GB_GCA_000383355.1,d__Bacteria;p__Bacteroidota;c__Bacteroidia;o__Flavobacteriales;f__Flavobacteriaceae;g__SCGC-AAA160-P02;s__SCGC-AAA160-P02 sp000383355,blast,96.10,iPHoP-RF;67.30
WATLvirus_00272648,GB_GCA_002364005.1,d__Bacteria;p__Planctomycetota;c__Phycisphaerae;o__Phycisphaerales;f__UBA1924;g__UBA1924;s__UBA1924 sp002364005,blast,91.10,iPHoP-RF;84.20
WATLvirus_00272657,RS_GCF_014863585.1,d__Bacteria;p__Pseudomonadota;c__Gammaproteobacteria;o__Pseudomonadales;f__Pseudomonadaceae;g__Pseudomonas_E;s__Pseudomonas_E gozinkensis,iPHoP-RF,96.10,None
WATLvirus_00272657,RS_GCF_003352875.1,d__Bacteria;p__Pseudomonadota;c__Gammaproteobacteria;o__Pseudomonadales;f__Pseudomonadaceae;g__Pseudomonas_E;s__Pseudomonas_E fluorescens_BF,iPHoP-RF,95.40,None
WATLvirus_00272657,RS_GCF_020544405.1,d__Bacteria;p__Pseudomonadota;c__Gammaproteobacteria;o__Pseudomonadales;f__Pseudomonadaceae;g__Pseudomonas_E;s__Pseudomonas_E sp002113045,iPHoP-RF,95.40,None
WATLvirus_00272657,RS_GCF_021601625.1,d__Bacteria;p__Pseudomonadota;c__Gammaproteobacteria;o__Pseudomonadales;f__Pseudomonadaceae;g__Pseudomonas_E;s__Pseudomonas_E paraglycinae,iPHoP-RF,95.40,None
WATLvirus_00272657,RS_GCF_001594225.2,d__Bacteria;p__Pseudomonadota;c__Gammaproteobacteria;o__Pseudomonadales;f__Pseudomonadaceae;g__Pseudomonas_E;s__Pseudomonas_E glycinae,iPHoP-RF,95.10,None
WATLvirus_00272657,RS_GCF_002112385.1,d__Bacteria;p__Pseudomonadota;c__Gammaproteobacteria;o__Pseudomonadales;f__Pseudomonadaceae;g__Pseudomonas_E;s__Pseudomonas_E sp002112385,iPHoP-RF,94.10,None
WATLvirus_00272657,RS_GCF_023634765.1,d__Bacteria;p__Pseudomonadota;c__Gammaproteobacteria;o__Pseudomonadales;f__Pseudomonadaceae;g__Pseudomonas_E;s__Pseudomonas_E sp023634765,iPHoP-RF,93.70,None
WATLvirus_00272657,GB_GCA_902825215.1,d__Bacteria;p__Pseudomonadota;c__Gammaproteobacteria;o__Pseudomonadales;f__Pseudomonadaceae;g__Pseudomonas_E;s__Pseudomonas_E fluorescens_G,iPHoP-RF,93.40,None
WATLvirus_00272657,RS_GCF_021603585.1,d__Bacteria;p__Pseudomonadota;c__Gammaproteobacteria;o__Pseudomonadales;f__Pseudomonadaceae;g__Pseudomonas_E;s__Pseudomonas_E sputi,iPHoP-RF,93.40,None
WATLvirus_00272657,RS_GCF_021602345.1,d__Bacteria;p__Pseudomonadota;c__Gammaproteobacteria;o__Pseudomonadales;f__Pseudomonadaceae;g__Pseudomonas_E;s__Pseudomonas_E pharyngis,iPHoP-RF,93.10,None
WATLvirus_00272657,RS_GCF_023375815.1,d__Bacteria;p__Pseudomonadota;c__Gammaproteobacteria;o__Pseudomonadales;f__Pseudomonadaceae;g__Pseudomonas_E;s__Pseudomonas_E sp023375815,iPHoP-RF,93.10,None
WATLvirus_00272657,RS_GCF_021602155.1,d__Bacteria;p__Pseudomonadota;c__Gammaproteobacteria;o__Pseudomonadales;f__Pseudomonadaceae;g__Pseudomonas_E;s__Pseudomonas_E parakoreensis,iPHoP-RF,92.40,None
WATLvirus_00272657,RS_GCF_000282275.2,d__Bacteria;p__Pseudomonadota;c__Gammaproteobacteria;o__Pseudomonadales;f__Pseudomonadaceae;g__Pseudomonas_E;s__Pseudomonas_E sp000282275,iPHoP-RF,92.10,None
WATLvirus_00272657,RS_GCF_012974785.1,d__Bacteria;p__Pseudomonadota;c__Gammaproteobacteria;o__Pseudomonadales;f__Pseudomonadaceae;g__Pseudomonas_E;s__Pseudomonas_E fluorescens_BT,iPHoP-RF,92.10,None
WATLvirus_00272657,RS_GCF_900105485.1,d__Bacteria;p__Pseudomonadota;c__Gammaproteobacteria;o__Pseudomonadales;f__Pseudomonadaceae;g__Pseudomonas_E;s__Pseudomonas_E granadensis,iPHoP-RF,91.80,None
WATLvirus_00272657,RS_GCF_012986595.1,d__Bacteria;p__Pseudomonadota;c__Gammaproteobacteria;o__Pseudomonadales;f__Pseudomonadaceae;g__Pseudomonas_E;s__Pseudomonas_E koreensis,iPHoP-RF,91.10,None
WATLvirus_00272657,RS_GCF_014863605.1,d__Bacteria;p__Pseudomonadota;c__Gammaproteobacteria;o__Pseudomonadales;f__Pseudomonadaceae;g__Pseudomonas_E;s__Pseudomonas_E allokribbensis,iPHoP-RF,91.10,None
WATLvirus_00272657,RS_GCF_021018765.1,d__Bacteria;p__Pseudomonadota;c__Gammaproteobacteria;o__Pseudomonadales;f__Pseudomonadaceae;g__Pseudomonas_E;s__Pseudomonas_E sp021018765,iPHoP-RF,91.10,None
WATLvirus_00272666,GB_GCA_002478865.1,d__Bacteria;p__Bacillota_A;c__Clostridia;o__Lachnospirales;f__Lachnospiraceae;g__Lacrimispora;s__Lacrimispora sp002478865,CRISPR,95.70,None
WATLvirus_00272687,GB_GCA_903840825.1,d__Bacteria;p__Pseudomonadota;c__Gammaproteobacteria;o__Burkholderiales;f__Burkholderiaceae_B;g__Rhodoferax;s__Rhodoferax sp903840825,iPHoP-RF,91.80,None
WATLvirus_00272699,RS_GCF_013403925.1,d__Bacteria;p__Bacteroidota;c__Bacteroidia;o__Flavobacteriales;f__Flavobacteriaceae;g__Winogradskyella;s__Winogradskyella wichelsiae,iPHoP-RF,93.40,None
WATLvirus_00272699,RS_GCF_013249065.1,d__Bacteria;p__Bacteroidota;c__Bacteroidia;o__Flavobacteriales;f__Flavobacteriaceae;g__Winogradskyella;s__Winogradskyella litoriviva,iPHoP-RF,93.10,None
WATLvirus_00272699,GB_GCA_013213835.1,d__Bacteria;p__Bacteroidota;c__Bacteroidia;o__Flavobacteriales;f__Flavobacteriaceae;g__Winogradskyella;s__Winogradskyella sp013213835,iPHoP-RF,92.10,None
WATLvirus_00272699,RS_GCF_003386165.1,d__Bacteria;p__Bacteroidota;c__Bacteroidia;o__Flavobacteriales;f__Flavobacteriaceae;g__Winogradskyella;s__Winogradskyella eximia,iPHoP-RF,90.10,None
WATLvirus_00272736,RS_GCF_000373765.1,d__Bacteria;p__Pseudomonadota;c__Gammaproteobacteria;o__Legionellales;f__Legionellaceae;g__Legionella;s__Legionella shakespearei,iPHoP-RF,91.40,None
WATLvirus_00272736,RS_GCF_001467955.1,d__Bacteria;p__Pseudomonadota;c__Gammaproteobacteria;o__Legionellales;f__Legionellaceae;g__Legionella;s__Legionella quateirensis,iPHoP-RF,91.40,None
WATLvirus_00272736,RS_GCF_016786215.1,d__Bacteria;p__Pseudomonadota;c__Gammaproteobacteria;o__Legionellales;f__Legionellaceae;g__Legionella;s__Legionella sp016786215,iPHoP-RF,91.40,None
WATLvirus_00272736,RS_GCF_011764505.1,d__Bacteria;p__Pseudomonadota;c__Gammaproteobacteria;o__Legionellales;f__Legionellaceae;g__Legionella;s__Legionella antarctica,iPHoP-RF,91.10,None
WATLvirus_00272743,RS_GCF_900114085.1,d__Bacteria;p__Bacteroidota;c__Bacteroidia;o__Flavobacteriales;f__Flavobacteriaceae;g__Flavobacterium;s__Flavobacterium guanonis,iPHoP-RF,91.40,None
WATLvirus_00272743,GB_GCA_021151785.1,d__Bacteria;p__Bacteroidota;c__Bacteroidia;o__Flavobacteriales;f__Flavobacteriaceae;g__Flavobacterium;s__Flavobacterium sp021151785,iPHoP-RF,90.50,None
WATLvirus_00272746,GB_GCA_015689735.1,d__Bacteria;p__Pseudomonadota;c__Alphaproteobacteria;o__Rhodobacterales;f__Rhodobacteraceae;g__Roseicyclus;s__Roseicyclus sp015689735,blast,92.90,iPHoP-RF;74.80
WATLvirus_00272746,GB_GCA_018402035.1,d__Bacteria;p__Pseudomonadota;c__Alphaproteobacteria;o__Rhodobacterales;f__Rhodobacteraceae;g__Roseicyclus;s__Roseicyclus sp018402035,blast,91.60,iPHoP-RF;72.40
WATLvirus_00272765,RS_GCF_000010285.1,d__Bacteria;p__Actinomycetota;c__Actinomycetia;o__Actinomycetales;f__Micrococcaceae;g__Kocuria;s__Kocuria rhizophila_A,iPHoP-RF,94.10,None
WATLvirus_00272765,RS_GCF_003226895.2,d__Bacteria;p__Actinomycetota;c__Actinomycetia;o__Actinomycetales;f__Micrococcaceae;g__Kocuria;s__Kocuria tytonis,iPHoP-RF,92.40,None
WATLvirus_00272801,RS_GCF_017052585.1,d__Bacteria;p__Bacillota;c__Bacilli;o__Paenibacillales;f__Paenibacillaceae;g__Paenibacillus_B;s__Paenibacillus_B apiarius,CRISPR,97.60,None
WATLvirus_00272803,GB_GCA_002689905.1,d__Bacteria;p__Pseudomonadota;c__Alphaproteobacteria;o__TMED109_A;f__TMED131;g__TMED131;s__TMED131 sp002689905,blast,94.10,iPHoP-RF;69.30
WATLvirus_00272831,GB_GCA_003820635.1,d__Bacteria;p__Verrucomicrobiota;c__Verrucomicrobiae;o__Verrucomicrobiales;f__Akkermansiaceae;g__Luteolibacter;s__Luteolibacter sp003820635,blast,94.50,iPHoP-RF;67.00
WATLvirus_00272837,GB_GCA_022567855.1,d__Bacteria;p__Planctomycetota;c__Phycisphaerae;o__Phycisphaerales;f__SM1A02;g__JADFNO01;s__JADFNO01 sp022567855,iPHoP-RF,96.10,None
WATLvirus_00272837,GB_GCA_022571635.1,d__Bacteria;p__Planctomycetota;c__Phycisphaerae;o__Phycisphaerales;f__SM1A02;g__JADFNO01;s__JADFNO01 sp022571635,iPHoP-RF,95.70,None
WATLvirus_00272837,GB_GCA_016872975.1,d__Bacteria;p__Planctomycetota;c__Phycisphaerae;o__Sedimentisphaerales;f__SG8-4;g__PLanc-01;s__PLanc-01 sp016872975,iPHoP-RF,95.10,None
WATLvirus_00272837,GB_GCA_023481165.1,d__Bacteria;p__Planctomycetota;c__Phycisphaerae;o__Sedimentisphaerales;f__SG8-4;g__PLanc-01;s__PLanc-01 sp023481165,iPHoP-RF,94.70,None
WATLvirus_00272837,GB_GCA_022568135.1,d__Bacteria;p__Planctomycetota;c__Phycisphaerae;o__Phycisphaerales;f__SM1A02;g__JADFFQ01;s__JADFFQ01 sp022568135,iPHoP-RF,94.40,None
WATLvirus_00272837,GB_GCA_018055905.1,d__Bacteria;p__Planctomycetota;c__Phycisphaerae;o__Sedimentisphaerales;f__SG8-4;g__PLanc-01;s__PLanc-01 sp018055905,iPHoP-RF,94.10,None
WATLvirus_00272837,RS_GCF_014207595.1,d__Bacteria;p__Planctomycetota;c__Phycisphaerae;o__Phycisphaerales;f__Phycisphaeraceae;g__Algisphaera;s__Algisphaera agarilytica,iPHoP-RF,93.10,None
WATLvirus_00272837,GB_GCA_022566725.1,d__Bacteria;p__Planctomycetota;c__Phycisphaerae;o__Phycisphaerales;f__SM1A02;g__JADFFQ01;s__JADFFQ01 sp022566725,iPHoP-RF,92.40,None
WATLvirus_00272837,GB_GCA_022566535.1,d__Bacteria;p__Planctomycetota;c__Phycisphaerae;o__Phycisphaerales;f__SM1A02;g__JADFFQ01;s__JADFFQ01 sp022566535,iPHoP-RF,91.40,None
WATLvirus_00272840,RS_GCF_900292015.1,d__Bacteria;p__Actinomycetota;c__Actinomycetia;o__Mycobacteriales;f__Mycobacteriaceae;g__Mycobacterium;s__Mycobacterium basiliense,iPHoP-RF,96.10,None
WATLvirus_00272840,RS_GCF_900566075.1,d__Bacteria;p__Actinomycetota;c__Actinomycetia;o__Mycobacteriales;f__Mycobacteriaceae;g__Mycobacterium;s__Mycobacterium pseudokansasii,iPHoP-RF,95.40,None
WATLvirus_00272840,RS_GCF_000195955.2,d__Bacteria;p__Actinomycetota;c__Actinomycetia;o__Mycobacteriales;f__Mycobacteriaceae;g__Mycobacterium;s__Mycobacterium tuberculosis,iPHoP-RF,94.70,None
WATLvirus_00272840,RS_GCF_002101595.1,d__Bacteria;p__Actinomycetota;c__Actinomycetia;o__Mycobacteriales;f__Mycobacteriaceae;g__Mycobacterium;s__Mycobacterium celatum,iPHoP-RF,94.70,None
WATLvirus_00272840,RS_GCF_002101735.1,d__Bacteria;p__Actinomycetota;c__Actinomycetia;o__Mycobacteriales;f__Mycobacteriaceae;g__Mycobacterium;s__Mycobacterium kyorinense,iPHoP-RF,94.70,None
WATLvirus_00272840,RS_GCF_003402475.1,d__Bacteria;p__Actinomycetota;c__Actinomycetia;o__Mycobacteriales;f__Mycobacteriaceae;g__Mycobacterium;s__Mycobacterium sp003402475,iPHoP-RF,94.10,None
WATLvirus_00272840,RS_GCF_010728725.1,d__Bacteria;p__Actinomycetota;c__Actinomycetia;o__Mycobacteriales;f__Mycobacteriaceae;g__Mycobacterium;s__Mycobacterium branderi,iPHoP-RF,94.10,None
WATLvirus_00272840,RS_GCF_000340435.2,d__Bacteria;p__Actinomycetota;c__Actinomycetia;o__Mycobacteriales;f__Mycobacteriaceae;g__Mycobacterium;s__Mycobacterium haemophilum,iPHoP-RF,93.40,None
WATLvirus_00272840,RS_GCF_010731635.1,d__Bacteria;p__Actinomycetota;c__Actinomycetia;o__Mycobacteriales;f__Mycobacteriaceae;g__Mycobacterium;s__Mycobacterium noviomagense,iPHoP-RF,93.40,None
WATLvirus_00272840,GB_GCA_002863225.1,d__Bacteria;p__Actinomycetota;c__Actinomycetia;o__Mycobacteriales;f__Mycobacteriaceae;g__Mycobacterium;s__Mycobacterium sp002863225,iPHoP-RF,93.10,None
WATLvirus_00272840,GB_GCA_019236925.1,d__Bacteria;p__Actinomycetota;c__Actinomycetia;o__Mycobacteriales;f__Mycobacteriaceae;g__Mycobacterium;s__Mycobacterium sp019236925,iPHoP-RF,93.10,None
WATLvirus_00272840,GB_GCA_002101905.1,d__Bacteria;p__Actinomycetota;c__Actinomycetia;o__Mycobacteriales;f__Mycobacteriaceae;g__Mycobacterium;s__Mycobacterium shimoidei,iPHoP-RF,92.40,None
WATLvirus_00272840,RS_GCF_009936235.1,d__Bacteria;p__Actinomycetota;c__Actinomycetia;o__Mycobacteriales;f__Mycobacteriaceae;g__Mycobacterium;s__Mycobacterium xenopi,iPHoP-RF,92.40,None
WATLvirus_00272840,RS_GCF_008370645.1,d__Bacteria;p__Actinomycetota;c__Actinomycetia;o__Mycobacteriales;f__Mycobacteriaceae;g__Mycobacterium;s__Mycobacterium simiae_A,iPHoP-RF,91.80,None
WATLvirus_00272840,RS_GCF_016592155.1,d__Bacteria;p__Actinomycetota;c__Actinomycetia;o__Mycobacteriales;f__Mycobacteriaceae;g__Mycobacterium;s__Mycobacterium heckeshornense,iPHoP-RF,91.80,None
WATLvirus_00272840,RS_GCF_001672775.1,d__Bacteria;p__Actinomycetota;c__Actinomycetia;o__Mycobacteriales;f__Mycobacteriaceae;g__Mycobacterium;s__Mycobacterium kyorinense_A,iPHoP-RF,91.40,None
WATLvirus_00272840,RS_GCF_003391395.1,d__Bacteria;p__Actinomycetota;c__Actinomycetia;o__Mycobacteriales;f__Mycobacteriaceae;g__Mycobacterium;s__Mycobacterium marinum,iPHoP-RF,91.40,None
WATLvirus_00272860,RS_GCF_000632455.1,d__Bacteria;p__Pseudomonadota;c__Gammaproteobacteria;o__Pseudomonadales;f__Moraxellaceae;g__Acinetobacter;s__Acinetobacter sp000632455,iPHoP-RF,93.70,None
WATLvirus_00272860,RS_GCF_000368765.1,d__Bacteria;p__Pseudomonadota;c__Gammaproteobacteria;o__Pseudomonadales;f__Moraxellaceae;g__Acinetobacter;s__Acinetobacter junii,iPHoP-RF,91.80,None
WATLvirus_00272867,GB_GCA_017857855.1,d__Bacteria;p__Bacteroidota;c__Bacteroidia;o__NS11-12g;f__UBA9320;g__UBA9320;s__UBA9320 sp003516975,blast,93.30,iPHoP-RF;64.30
WATLvirus_00272900,RS_GCF_009711045.1,d__Bacteria;p__Bacteroidota;c__Bacteroidia;o__Flavobacteriales;f__Flavobacteriaceae;g__Flavobacterium;s__Flavobacterium album_A,iPHoP-RF,93.70,None
WATLvirus_00272912,GB_GCA_002684055.1,d__Bacteria;p__Pseudomonadota;c__Gammaproteobacteria;o__SAR86;f__TMED112;g__TMED112;s__TMED112 sp002684055,blast,90.90,iPHoP-RF;68.60
WATLvirus_00272913,GB_GCA_020343875.1,d__Bacteria;p__Chloroflexota;c__Anaerolineae;o__4572-78;f__NAK82;g__G020343875;s__G020343875 sp020343875,blast,91.20,iPHoP-RF;50.90
WATLvirus_00272950,GB_GCA_001048675.1,d__Bacteria;p__Pseudomonadota;c__Gammaproteobacteria;o__Enterobacterales_A;f__Vibrionaceae;g__Vibrio;s__Vibrio diabolicus,iPHoP-RF,96.10,None
WATLvirus_00272950,RS_GCF_000354175.2,d__Bacteria;p__Pseudomonadota;c__Gammaproteobacteria;o__Enterobacterales_A;f__Vibrionaceae;g__Vibrio;s__Vibrio alginolyticus,iPHoP-RF,96.10,None
WATLvirus_00272950,RS_GCF_011806575.1,d__Bacteria;p__Pseudomonadota;c__Gammaproteobacteria;o__Enterobacterales_A;f__Vibrionaceae;g__Vibrio;s__Vibrio hepatarius_A,iPHoP-RF,96.10,None
WATLvirus_00272950,RS_GCF_000400365.1,d__Bacteria;p__Pseudomonadota;c__Gammaproteobacteria;o__Enterobacterales_A;f__Vibrionaceae;g__Vibrio;s__Vibrio jasicida,iPHoP-RF,95.70,None
WATLvirus_00272950,RS_GCF_000417905.1,d__Bacteria;p__Pseudomonadota;c__Gammaproteobacteria;o__Enterobacterales_A;f__Vibrionaceae;g__Vibrio;s__Vibrio natriegens,iPHoP-RF,95.70,None
WATLvirus_00272950,RS_GCF_002163755.1,d__Bacteria;p__Pseudomonadota;c__Gammaproteobacteria;o__Enterobacterales_A;f__Vibrionaceae;g__Vibrio;s__Vibrio campbellii,iPHoP-RF,95.70,None
WATLvirus_00272950,RS_GCF_002608565.1,d__Bacteria;p__Pseudomonadota;c__Gammaproteobacteria;o__Enterobacterales_A;f__Vibrionaceae;g__Vibrio;s__Vibrio sp002608565,iPHoP-RF,95.70,None
WATLvirus_00272950,RS_GCF_002906655.1,d__Bacteria;p__Pseudomonadota;c__Gammaproteobacteria;o__Enterobacterales_A;f__Vibrionaceae;g__Vibrio;s__Vibrio hyugaensis,iPHoP-RF,95.70,None
WATLvirus_00272950,RS_GCF_003544875.1,d__Bacteria;p__Pseudomonadota;c__Gammaproteobacteria;o__Enterobacterales_A;f__Vibrionaceae;g__Vibrio;s__Vibrio alfacsensis,iPHoP-RF,95.70,None
WATLvirus_00272950,RS_GCF_021728395.1,d__Bacteria;p__Pseudomonadota;c__Gammaproteobacteria;o__Enterobacterales_A;f__Vibrionaceae;g__Vibrio;s__Vibrio sp018223135,iPHoP-RF,95.70,None
WATLvirus_00272950,RS_GCF_002741985.1,d__Bacteria;p__Pseudomonadota;c__Gammaproteobacteria;o__Enterobacterales_A;f__Vibrionaceae;g__Vibrio;s__Vibrio rotiferianus,iPHoP-RF,95.40,None
WATLvirus_00272950,RS_GCF_900460535.1,d__Bacteria;p__Pseudomonadota;c__Gammaproteobacteria;o__Enterobacterales_A;f__Vibrionaceae;g__Vibrio;s__Vibrio parahaemolyticus,iPHoP-RF,95.40,None
WATLvirus_00272950,RS_GCF_000817815.1,d__Bacteria;p__Pseudomonadota;c__Gammaproteobacteria;o__Enterobacterales_A;f__Vibrionaceae;g__Vibrio;s__Vibrio owensii,iPHoP-RF,95.10,None
WATLvirus_00272950,RS_GCF_000830505.1,d__Bacteria;p__Pseudomonadota;c__Gammaproteobacteria;o__Enterobacterales_A;f__Vibrionaceae;g__Vibrio;s__Vibrio mytili,iPHoP-RF,95.10,None
WATLvirus_00272950,RS_GCF_001591145.1,d__Bacteria;p__Pseudomonadota;c__Gammaproteobacteria;o__Enterobacterales_A;f__Vibrionaceae;g__Vibrio;s__Vibrio harveyi,iPHoP-RF,95.10,None
WATLvirus_00272950,GB_GCA_018222805.1,d__Bacteria;p__Pseudomonadota;c__Gammaproteobacteria;o__Enterobacterales_A;f__Vibrionaceae;g__Vibrio;s__Vibrio sp018222805,iPHoP-RF,93.70,None
WATLvirus_00272950,RS_GCF_024582835.1,d__Bacteria;p__Pseudomonadota;c__Gammaproteobacteria;o__Enterobacterales_A;f__Vibrionaceae;g__Vibrio;s__Vibrio japonicus,iPHoP-RF,91.80,None
WATLvirus_00272950,RS_GCF_022836845.1,d__Bacteria;p__Pseudomonadota;c__Gammaproteobacteria;o__Enterobacterales_A;f__Vibrionaceae;g__Vibrio;s__Vibrio sp022836845,iPHoP-RF,91.40,None
WATLvirus_00272950,RS_GCF_001591105.1,d__Bacteria;p__Pseudomonadota;c__Gammaproteobacteria;o__Enterobacterales_A;f__Vibrionaceae;g__Vibrio;s__Vibrio nereis,iPHoP-RF,91.10,None
WATLvirus_00272953,RS_GCF_019429565.1,d__Bacteria;p__Actinomycetota;c__Actinomycetia;o__Actinomycetales;f__Actinomycetaceae;g__Pauljensenia;s__Pauljensenia sp018382595,iPHoP-RF,94.10,None
WATLvirus_00272953,GB_GCA_001072465.1,d__Bacteria;p__Actinomycetota;c__Actinomycetia;o__Actinomycetales;f__Actinomycetaceae;g__Pauljensenia;s__Pauljensenia sp001072465,iPHoP-RF,93.40,None
WATLvirus_00272953,GB_GCA_001064145.1,d__Bacteria;p__Actinomycetota;c__Actinomycetia;o__Actinomycetales;f__Actinomycetaceae;g__Pauljensenia;s__Pauljensenia sp001064145,iPHoP-RF,91.80,None
WATLvirus_00272953,GB_GCA_902373435.1,d__Bacteria;p__Actinomycetota;c__Actinomycetia;o__Actinomycetales;f__Actinomycetaceae;g__Pauljensenia;s__Pauljensenia sp902373435,iPHoP-RF,91.40,None
WATLvirus_00272953,GB_GCA_916438945.1,d__Bacteria;p__Actinomycetota;c__Actinomycetia;o__Actinomycetales;f__Actinomycetaceae;g__Pauljensenia;s__Pauljensenia sp916438945,iPHoP-RF,91.10,None
WATLvirus_00272954,RS_GCF_017813235.1,d__Bacteria;p__Pseudomonadota;c__Alphaproteobacteria;o__Rhodobacterales;f__Rhodobacteraceae;g__Sagittula;s__Sagittula salina,iPHoP-RF,92.80,None
WATLvirus_00272962,GB_GCA_021297985.1,d__Bacteria;p__Pseudomonadota;c__Gammaproteobacteria;o__Burkholderiales;f__Burkholderiaceae_B;g__Rubrivivax;s__Rubrivivax sp021297985,blast,94.20,iPHoP-RF;77.30
WATLvirus_00272964,RS_GCF_013284035.1,d__Bacteria;p__Bacteroidota;c__Bacteroidia;o__Flavobacteriales;f__Flavobacteriaceae;g__Flavobacterium;s__Flavobacterium sp003096795,iPHoP-RF,95.70,None
WATLvirus_00272964,GB_GCA_017997335.1,d__Bacteria;p__Bacteroidota;c__Bacteroidia;o__Flavobacteriales;f__Flavobacteriaceae;g__Flavobacterium;s__Flavobacterium sp017997335,iPHoP-RF,94.40,None
WATLvirus_00272964,GB_GCA_016718685.1,d__Bacteria;p__Bacteroidota;c__Bacteroidia;o__Chitinophagales;f__Saprospiraceae;g__Haliscomenobacter;s__Haliscomenobacter sp016718685,iPHoP-RF,93.70,None
WATLvirus_00272964,GB_GCA_013298445.1,d__Bacteria;p__Bacteroidota;c__Bacteroidia;o__Chitinophagales;f__Saprospiraceae;g__Haliscomenobacter;s__Haliscomenobacter sp013298445,iPHoP-RF,92.40,None
WATLvirus_00272964,RS_GCF_902506345.1,d__Bacteria;p__Bacteroidota;c__Bacteroidia;o__Flavobacteriales;f__Flavobacteriaceae;g__Flavobacterium;s__Flavobacterium sp902506345,iPHoP-RF,92.40,None
WATLvirus_00272964,RS_GCF_000611675.1,d__Bacteria;p__Bacteroidota;c__Bacteroidia;o__Flavobacteriales;f__Flavobacteriaceae;g__Flavobacterium;s__Flavobacterium succinicans,iPHoP-RF,91.80,None
WATLvirus_00272964,RS_GCF_000212735.1,d__Bacteria;p__Bacteroidota;c__Bacteroidia;o__Chitinophagales;f__Saprospiraceae;g__Haliscomenobacter;s__Haliscomenobacter hydrossis,iPHoP-RF,91.40,None
WATLvirus_00272964,RS_GCF_001662485.1,d__Bacteria;p__Bacteroidota;c__Bacteroidia;o__Flavobacteriales;f__Flavobacteriaceae;g__Flavobacterium;s__Flavobacterium succinicans_A,iPHoP-RF,90.10,None
WATLvirus_00272971,GB_GCA_900078385.1,d__Bacteria;p__Actinomycetota;c__Actinomycetia;o__Actinomycetales;f__Microbacteriaceae;g__Microbacterium;s__Microbacterium sp900078385,iPHoP-RF,91.80,None
WATLvirus_00272992,RS_GCF_013328815.1,d__Bacteria;p__Pseudomonadota;c__Alphaproteobacteria;o__Rhodobacterales;f__Rhodobacteraceae;g__Fuscibacter;s__Fuscibacter sp013328815,blast,91.90,None
WATLvirus_00272994,RS_GCF_002886045.1,d__Bacteria;p__Bacteroidota;c__Bacteroidia;o__Flavobacteriales;f__Flavobacteriaceae;g__Flavivirga;s__Flavivirga eckloniae,iPHoP-RF,96.70,None
WATLvirus_00272994,RS_GCF_001310225.1,d__Bacteria;p__Bacteroidota;c__Bacteroidia;o__Flavobacteriales;f__Flavobacteriaceae;g__Algibacter_A;s__Algibacter_A alginicilyticus,iPHoP-RF,94.40,None
WATLvirus_00273001,GB_GCA_945904015.1,d__Bacteria;p__Planctomycetota;c__Planctomycetia;o__Planctomycetales;f__Planctomycetaceae;g__SXKJ01;s__SXKJ01 sp945904015,iPHoP-RF,93.10,None
WATLvirus_00273001,GB_GCA_945905295.1,d__Bacteria;p__Planctomycetota;c__Planctomycetia;o__Planctomycetales;f__Planctomycetaceae;g__SXKJ01;s__SXKJ01 sp945905295,iPHoP-RF,92.80,None
WATLvirus_00273001,GB_GCA_003669125.1,d__Bacteria;p__Planctomycetota;c__Planctomycetia;o__Planctomycetales;f__Planctomycetaceae;g__SXKJ01;s__SXKJ01 sp003669125,iPHoP-RF,91.10,None
WATLvirus_00273024,RS_GCF_000963275.1,d__Bacteria;p__Bacillota;c__Bacilli;o__Lactobacillales;f__Streptococcaceae;g__Streptococcus;s__Streptococcus parasanguinis_B,iPHoP-RF,90.80,None
WATLvirus_00273024,RS_GCF_001074805.1,d__Bacteria;p__Bacillota;c__Bacilli;o__Lactobacillales;f__Streptococcaceae;g__Streptococcus;s__Streptococcus parasanguinis_A,iPHoP-RF,90.80,None
WATLvirus_00273026,GB_GCA_014379595.1,d__Bacteria;p__Chloroflexota;c__Anaerolineae;o__Anaerolineales;f__EnvOPS12;g__OLB14;s__OLB14 sp014379595,iPHoP-RF,94.40,None
WATLvirus_00273026,GB_GCA_016932715.1,d__Bacteria;p__Chloroflexota;c__Anaerolineae;o__Anaerolineales;f__EnvOPS12;g__UBA12294;s__UBA12294 sp016932715,iPHoP-RF,92.10,None
WATLvirus_00273034,RS_GCF_000429145.1,d__Bacteria;p__Pseudomonadota;c__Gammaproteobacteria;o__Enterobacterales_A;f__Alteromonadaceae;g__Aestuariibacter;s__Aestuariibacter salexigens,iPHoP-RF,90.80,None
WATLvirus_00273050,RS_GCF_001308265.1,d__Bacteria;p__Pseudomonadota;c__Alphaproteobacteria;o__Rhodobacterales;f__Rhodobacteraceae;g__Celeribacter_A;s__Celeribacter_A marinus,blast,92.10,iPHoP-RF;54.40
WATLvirus_00273052,RS_GCF_020886055.1,d__Bacteria;p__Bacteroidota;c__Bacteroidia;o__Flavobacteriales;f__Flavobacteriaceae;g__Flavobacterium;s__Flavobacterium sp020886055,iPHoP-RF,96.40,None
WATLvirus_00273052,GB_GCA_001800905.1,d__Bacteria;p__Bacteroidota;c__Bacteroidia;o__Flavobacteriales;f__Flavobacteriaceae;g__Flavobacterium;s__Flavobacterium sp001800905,iPHoP-RF,92.40,None
WATLvirus_00273052,GB_GCA_024642105.1,d__Bacteria;p__Bacteroidota;c__Bacteroidia;o__Flavobacteriales;f__Flavobacteriaceae;g__Flavobacterium;s__Flavobacterium sp024642105,iPHoP-RF,90.80,None
WATLvirus_00273083,RS_GCF_023515995.1,d__Bacteria;p__Actinomycetota;c__Actinomycetia;o__Mycobacteriales;f__Mycobacteriaceae;g__Mycobacterium;s__Mycobacterium sp023515995,iPHoP-RF,94.70,None
WATLvirus_00273083,GB_GCA_019749805.1,d__Bacteria;p__Actinomycetota;c__Actinomycetia;o__Mycobacteriales;f__Mycobacteriaceae;g__Mycobacterium;s__Mycobacterium sp019749805,iPHoP-RF,94.10,None
WATLvirus_00273083,RS_GCF_002086795.1,d__Bacteria;p__Actinomycetota;c__Actinomycetia;o__Mycobacteriales;f__Mycobacteriaceae;g__Mycobacterium;s__Mycobacterium tusciae,iPHoP-RF,94.10,None
WATLvirus_00273083,RS_GCF_001668615.1,d__Bacteria;p__Actinomycetota;c__Actinomycetia;o__Mycobacteriales;f__Mycobacteriaceae;g__Mycobacterium;s__Mycobacterium sp001668615,iPHoP-RF,93.70,None
WATLvirus_00273083,RS_GCF_002245535.1,d__Bacteria;p__Actinomycetota;c__Actinomycetia;o__Mycobacteriales;f__Mycobacteriaceae;g__Mycobacterium;s__Mycobacterium lehmannii,iPHoP-RF,93.70,None
WATLvirus_00273083,GB_GCA_010726765.1,d__Bacteria;p__Actinomycetota;c__Actinomycetia;o__Mycobacteriales;f__Mycobacteriaceae;g__Mycobacterium;s__Mycobacterium gallinarum,iPHoP-RF,93.40,None
WATLvirus_00273083,RS_GCF_010728925.1,d__Bacteria;p__Actinomycetota;c__Actinomycetia;o__Mycobacteriales;f__Mycobacteriaceae;g__Mycobacterium;s__Mycobacterium gadium,iPHoP-RF,93.40,None
WATLvirus_00273083,RS_GCF_001499905.1,d__Bacteria;p__Actinomycetota;c__Actinomycetia;o__Mycobacteriales;f__Mycobacteriaceae;g__Mycobacterium;s__Mycobacterium sp001499905,iPHoP-RF,92.80,None
WATLvirus_00273083,RS_GCF_002591975.1,d__Bacteria;p__Actinomycetota;c__Actinomycetia;o__Mycobacteriales;f__Mycobacteriaceae;g__Mycobacterium;s__Mycobacterium neglectum,iPHoP-RF,92.80,None
WATLvirus_00273083,RS_GCF_003719305.1,d__Bacteria;p__Actinomycetota;c__Actinomycetia;o__Mycobacteriales;f__Mycobacteriaceae;g__Mycobacterium;s__Mycobacterium stellerae,iPHoP-RF,92.80,None
WATLvirus_00273083,RS_GCF_016592155.1,d__Bacteria;p__Actinomycetota;c__Actinomycetia;o__Mycobacteriales;f__Mycobacteriaceae;g__Mycobacterium;s__Mycobacterium heckeshornense,iPHoP-RF,92.80,None
WATLvirus_00273083,GB_GCA_001665685.1,d__Bacteria;p__Actinomycetota;c__Actinomycetia;o__Mycobacteriales;f__Mycobacteriaceae;g__Mycobacterium;s__Mycobacterium sp001665685,iPHoP-RF,92.40,None
WATLvirus_00273083,GB_GCA_002101905.1,d__Bacteria;p__Actinomycetota;c__Actinomycetia;o__Mycobacteriales;f__Mycobacteriaceae;g__Mycobacterium;s__Mycobacterium shimoidei,iPHoP-RF,92.40,None
WATLvirus_00273083,RS_GCF_000243415.2,d__Bacteria;p__Actinomycetota;c__Actinomycetia;o__Mycobacteriales;f__Mycobacteriaceae;g__Mycobacterium;s__Mycobacterium tusciae_A,iPHoP-RF,92.40,None
WATLvirus_00273083,GB_GCA_902826815.1,d__Bacteria;p__Actinomycetota;c__Actinomycetia;o__Mycobacteriales;f__Mycobacteriaceae;g__Mycobacterium;s__Mycobacterium sp902826815,iPHoP-RF,92.10,None
WATLvirus_00273083,RS_GCF_002086485.1,d__Bacteria;p__Actinomycetota;c__Actinomycetia;o__Mycobacteriales;f__Mycobacteriaceae;g__Mycobacterium;s__Mycobacterium aquaticum,iPHoP-RF,92.10,None
WATLvirus_00273083,RS_GCF_002838065.1,d__Bacteria;p__Actinomycetota;c__Actinomycetia;o__Mycobacteriales;f__Mycobacteriaceae;g__Mycobacterium;s__Mycobacterium sp002838065,iPHoP-RF,92.10,None
WATLvirus_00273083,RS_GCF_001667505.1,d__Bacteria;p__Actinomycetota;c__Actinomycetia;o__Mycobacteriales;f__Mycobacteriaceae;g__Mycobacterium;s__Mycobacterium sp001667505,iPHoP-RF,91.80,None
WATLvirus_00273083,RS_GCF_014873705.1,d__Bacteria;p__Actinomycetota;c__Actinomycetia;o__Mycobacteriales;f__Mycobacteriaceae;g__Mycobacterium;s__Mycobacterium sp014873705,iPHoP-RF,91.80,None
WATLvirus_00273083,GB_GCA_019236925.1,d__Bacteria;p__Actinomycetota;c__Actinomycetia;o__Mycobacteriales;f__Mycobacteriaceae;g__Mycobacterium;s__Mycobacterium sp019236925,iPHoP-RF,91.40,None
WATLvirus_00273083,RS_GCF_002968285.1,d__Bacteria;p__Actinomycetota;c__Actinomycetia;o__Mycobacteriales;f__Mycobacteriaceae;g__Mycobacterium;s__Mycobacterium sp002968285,iPHoP-RF,91.40,None
WATLvirus_00273083,RS_GCF_010726085.1,d__Bacteria;p__Actinomycetota;c__Actinomycetia;o__Mycobacteriales;f__Mycobacteriaceae;g__Mycobacterium;s__Mycobacterium moriokaense,iPHoP-RF,91.40,None
WATLvirus_00273083,GB_GCA_019246375.1,d__Bacteria;p__Actinomycetota;c__Actinomycetia;o__Mycobacteriales;f__Mycobacteriaceae;g__Mycobacterium;s__Mycobacterium sp019246375,iPHoP-RF,90.80,None
WATLvirus_00273083,RS_GCF_002553505.1,d__Bacteria;p__Actinomycetota;c__Actinomycetia;o__Mycobacteriales;f__Mycobacteriaceae;g__Mycobacterium;s__Mycobacterium agri,iPHoP-RF,90.80,None
WATLvirus_00273083,GB_GCA_021154745.1,d__Bacteria;p__Actinomycetota;c__Actinomycetia;o__Mycobacteriales;f__Mycobacteriaceae;g__Mycobacterium;s__Mycobacterium sp021154745,iPHoP-RF,90.10,None
WATLvirus_00273083,RS_GCF_001672775.1,d__Bacteria;p__Actinomycetota;c__Actinomycetia;o__Mycobacteriales;f__Mycobacteriaceae;g__Mycobacterium;s__Mycobacterium kyorinense_A,iPHoP-RF,90.10,None
WATLvirus_00273083,RS_GCF_009936235.1,d__Bacteria;p__Actinomycetota;c__Actinomycetia;o__Mycobacteriales;f__Mycobacteriaceae;g__Mycobacterium;s__Mycobacterium xenopi,iPHoP-RF,90.10,None
WATLvirus_00273093,GB_GCA_905182905.1,d__Bacteria;p__Pseudomonadota;c__Gammaproteobacteria;o__Pseudomonadales;f__HTCC2089;g__UBA4421;s__UBA4421 sp002390555,iPHoP-RF,96.10,None
WATLvirus_00273097,RS_GCF_004310285.1,d__Bacteria;p__Pseudomonadota;c__Alphaproteobacteria;o__Rhizobiales;f__Rhizobiaceae;g__Agrobacterium;s__Agrobacterium cavarae,iPHoP-RF,92.10,None
WATLvirus_00273101,GB_GCA_016872925.1,d__Bacteria;p__Planctomycetota;c__Planctomycetia;o__Pirellulales;f__UBA1268;g__QWPN01;s__QWPN01 sp016872925,iPHoP-RF,96.40,None
WATLvirus_00273101,GB_GCA_903958265.1,d__Bacteria;p__Planctomycetota;c__Planctomycetia;o__Pirellulales;f__UBA1268;g__QWPN01;s__QWPN01 sp903958265,iPHoP-RF,95.70,None
WATLvirus_00273101,GB_GCA_945869735.1,d__Bacteria;p__Planctomycetota;c__Planctomycetia;o__Pirellulales;f__UBA1268;g__QWPN01;s__QWPN01 sp945869735,iPHoP-RF,95.40,None
WATLvirus_00273101,GB_GCA_003670825.1,d__Bacteria;p__Planctomycetota;c__Planctomycetia;o__Pirellulales;f__UBA1268;g__QWPN01;s__QWPN01 sp003670825,iPHoP-RF,93.70,None
WATLvirus_00273110,RS_GCF_000417905.1,d__Bacteria;p__Pseudomonadota;c__Gammaproteobacteria;o__Enterobacterales_A;f__Vibrionaceae;g__Vibrio;s__Vibrio natriegens,iPHoP-RF,93.70,None
WATLvirus_00273115,GB_GCA_001905655.1,d__Bacteria;p__Actinomycetota;c__Actinomycetia;o__Mycobacteriales;f__Mycobacteriaceae;g__Mycobacterium;s__Mycobacterium sp001905655,iPHoP-RF,95.40,None
WATLvirus_00273115,RS_GCF_010731115.1,d__Bacteria;p__Actinomycetota;c__Actinomycetia;o__Mycobacteriales;f__Mycobacteriaceae;g__Mycobacterium;s__Mycobacterium phocaicum,iPHoP-RF,94.10,None
WATLvirus_00273115,RS_GCF_005670685.2,d__Bacteria;p__Actinomycetota;c__Actinomycetia;o__Mycobacteriales;f__Mycobacteriaceae;g__Mycobacterium;s__Mycobacterium mucogenicum_B,iPHoP-RF,93.40,None
WATLvirus_00273115,RS_GCF_010728925.1,d__Bacteria;p__Actinomycetota;c__Actinomycetia;o__Mycobacteriales;f__Mycobacteriaceae;g__Mycobacterium;s__Mycobacterium gadium,iPHoP-RF,91.10,None
WATLvirus_00273115,GB_GCA_001665255.1,d__Bacteria;p__Actinomycetota;c__Actinomycetia;o__Mycobacteriales;f__Mycobacteriaceae;g__Mycobacterium;s__Mycobacterium sp001665255,iPHoP-RF,90.80,None
WATLvirus_00273123,GB_GCA_001187505.1,d__Bacteria;p__Actinomycetota;c__Actinomycetia;o__Mycobacteriales;f__Mycobacteriaceae;g__Mycobacterium;s__Mycobacterium goodii_B,iPHoP-RF,96.10,None
WATLvirus_00273123,GB_GCA_019749805.1,d__Bacteria;p__Actinomycetota;c__Actinomycetia;o__Mycobacteriales;f__Mycobacteriaceae;g__Mycobacterium;s__Mycobacterium sp019749805,iPHoP-RF,95.70,None
WATLvirus_00273123,RS_GCF_000243415.2,d__Bacteria;p__Actinomycetota;c__Actinomycetia;o__Mycobacteriales;f__Mycobacteriaceae;g__Mycobacterium;s__Mycobacterium tusciae_A,iPHoP-RF,94.70,None
WATLvirus_00273123,RS_GCF_002591975.1,d__Bacteria;p__Actinomycetota;c__Actinomycetia;o__Mycobacteriales;f__Mycobacteriaceae;g__Mycobacterium;s__Mycobacterium neglectum,iPHoP-RF,94.70,None
WATLvirus_00273123,RS_GCF_001667505.1,d__Bacteria;p__Actinomycetota;c__Actinomycetia;o__Mycobacteriales;f__Mycobacteriaceae;g__Mycobacterium;s__Mycobacterium sp001667505,iPHoP-RF,93.10,None
WATLvirus_00273123,RS_GCF_022370755.2,d__Bacteria;p__Actinomycetota;c__Actinomycetia;o__Mycobacteriales;f__Mycobacteriaceae;g__Mycobacterium;s__Mycobacterium goodii,iPHoP-RF,93.10,None
WATLvirus_00273123,RS_GCF_014873705.1,d__Bacteria;p__Actinomycetota;c__Actinomycetia;o__Mycobacteriales;f__Mycobacteriaceae;g__Mycobacterium;s__Mycobacterium sp014873705,iPHoP-RF,92.40,None
WATLvirus_00273123,RS_GCF_010726085.1,d__Bacteria;p__Actinomycetota;c__Actinomycetia;o__Mycobacteriales;f__Mycobacteriaceae;g__Mycobacterium;s__Mycobacterium moriokaense,iPHoP-RF,91.80,None
WATLvirus_00273123,RS_GCF_000230895.2,d__Bacteria;p__Actinomycetota;c__Actinomycetia;o__Mycobacteriales;f__Mycobacteriaceae;g__Mycobacterium;s__Mycobacterium rhodesiae_A,iPHoP-RF,90.80,None
WATLvirus_00273123,RS_GCF_003201655.1,d__Bacteria;p__Actinomycetota;c__Actinomycetia;o__Mycobacteriales;f__Mycobacteriaceae;g__Mycobacterium;s__Mycobacterium moriokaense_A,iPHoP-RF,90.80,None
WATLvirus_00273146,RS_GCF_004166885.1,d__Bacteria;p__Bacillota;c__Bacilli;o__Lactobacillales;f__Streptococcaceae;g__Streptococcus;s__Streptococcus sp004166885,iPHoP-RF,90.50,None
WATLvirus_00273146,RS_GCF_004785935.1,d__Bacteria;p__Bacillota;c__Bacilli;o__Lactobacillales;f__Streptococcaceae;g__Streptococcus;s__Streptococcus rubneri,iPHoP-RF,90.50,None
WATLvirus_00273146,RS_GCF_003943615.1,d__Bacteria;p__Bacillota;c__Bacilli;o__Lactobacillales;f__Streptococcaceae;g__Streptococcus;s__Streptococcus australis_C,iPHoP-RF,90.10,None
WATLvirus_00273192,RS_GCF_002158905.1,d__Bacteria;p__Pseudomonadota;c__Alphaproteobacteria;o__Rhodobacterales;f__Rhodobacteraceae;g__Yoonia;s__Yoonia vestfoldensis_B,blast,93.70,iPHoP-RF;60.10
WATLvirus_00273192,RS_GCF_000152785.1,d__Bacteria;p__Pseudomonadota;c__Alphaproteobacteria;o__Rhodobacterales;f__Rhodobacteraceae;g__Yoonia;s__Yoonia vestfoldensis_A,blast,91.60,iPHoP-RF;64.80
WATLvirus_00273192,GB_GCA_018402175.1,d__Bacteria;p__Pseudomonadota;c__Alphaproteobacteria;o__Rhodobacterales;f__Rhodobacteraceae;g__Yoonia;s__Yoonia sp018402175,blast,91.20,iPHoP-RF;63.50
WATLvirus_00273192,RS_GCF_000382265.1,d__Bacteria;p__Pseudomonadota;c__Alphaproteobacteria;o__Rhodobacterales;f__Rhodobacteraceae;g__Yoonia;s__Yoonia vestfoldensis,blast,90.10,None
WATLvirus_00273207,GB_GCA_017643905.1,d__Bacteria;p__Pseudomonadota;c__Alphaproteobacteria;o__Rhodobacterales;f__Rhodobacteraceae;g__Marivita;s__Marivita sp017643905,blast,92.40,iPHoP-RF;62.70
WATLvirus_00273208,RS_GCF_002101965.1,d__Bacteria;p__Actinomycetota;c__Actinomycetia;o__Mycobacteriales;f__Mycobacteriaceae;g__Mycobacterium;s__Mycobacterium wolinskyi,iPHoP-RF,93.10,None
WATLvirus_00273208,RS_GCF_002157835.1,d__Bacteria;p__Actinomycetota;c__Actinomycetia;o__Mycobacteriales;f__Mycobacteriaceae;g__Mycobacterium;s__Mycobacterium dioxanotrophicus,iPHoP-RF,91.80,None
WATLvirus_00273209,GB_GCA_003670825.1,d__Bacteria;p__Planctomycetota;c__Planctomycetia;o__Pirellulales;f__UBA1268;g__QWPN01;s__QWPN01 sp003670825,iPHoP-RF,95.70,None
WATLvirus_00273209,GB_GCA_016872925.1,d__Bacteria;p__Planctomycetota;c__Planctomycetia;o__Pirellulales;f__UBA1268;g__QWPN01;s__QWPN01 sp016872925,iPHoP-RF,94.10,None
WATLvirus_00273209,GB_GCA_017853835.1,d__Bacteria;p__Planctomycetota;c__Planctomycetia;o__Pirellulales;f__UBA1268;g__QWPN01;s__QWPN01 sp017853835,iPHoP-RF,93.70,None
WATLvirus_00273209,GB_GCA_018970605.1,d__Bacteria;p__Planctomycetota;c__Planctomycetia;o__Pirellulales;f__UBA1268;g__QWPN01;s__QWPN01 sp018970605,iPHoP-RF,93.70,None
WATLvirus_00273209,GB_GCA_003671185.1,d__Bacteria;p__Planctomycetota;c__Planctomycetia;o__Pirellulales;f__UBA1268;g__QWPN01;s__QWPN01 sp003671185,iPHoP-RF,93.40,None
WATLvirus_00273225,GB_GCA_905236985.1,d__Bacteria;p__Bacteroidota;c__Bacteroidia;o__Bacteroidales;f__Bacteroidaceae;g__UBA4372;s__UBA4372 sp905236985,iPHoP-RF,93.40,None
WATLvirus_00273228,GB_GCA_020852535.1,d__Bacteria;p__Pseudomonadota;c__Alphaproteobacteria;o__Rhodobacterales;f__Rhodobacteraceae;g__Gemmobacter_B;s__Gemmobacter_B sp020852535,iPHoP-RF,91.40,None
WATLvirus_00273244,RS_GCF_014905115.1,d__Bacteria;p__Campylobacterota;c__Campylobacteria;o__Campylobacterales;f__Sulfurimonadaceae;g__Sulfurimonas;s__Sulfurimonas sediminis,iPHoP-RF,91.80,None
WATLvirus_00273244,RS_GCF_009068765.1,d__Bacteria;p__Campylobacterota;c__Campylobacteria;o__Campylobacterales;f__Sulfurimonadaceae;g__Sulfurimonas;s__Sulfurimonas hydrogeniphila,iPHoP-RF,90.50,None
WATLvirus_00273253,GB_GCA_944320665.1,d__Bacteria;p__Bacteroidota;c__Bacteroidia;o__Bacteroidales;f__Rikenellaceae;g__Alistipes;s__Alistipes sp944320665,iPHoP-RF,94.10,None
WATLvirus_00273253,RS_GCF_900021155.1,d__Bacteria;p__Bacteroidota;c__Bacteroidia;o__Bacteroidales;f__Rikenellaceae;g__Alistipes;s__Alistipes excrementavium,iPHoP-RF,93.10,None
WATLvirus_00273253,GB_GCA_009774895.1,d__Bacteria;p__Bacteroidota;c__Bacteroidia;o__Bacteroidales;f__Rikenellaceae;g__Alistipes;s__Alistipes sp009774895,iPHoP-RF,92.80,None
WATLvirus_00273253,GB_GCA_900552955.1,d__Bacteria;p__Bacteroidota;c__Bacteroidia;o__Bacteroidales;f__Rikenellaceae;g__Alistipes;s__Alistipes sp900552955,iPHoP-RF,90.80,None
WATLvirus_00273261,RS_GCF_015223435.1,d__Bacteria;p__Pseudomonadota;c__Gammaproteobacteria;o__Enterobacterales_A;f__Vibrionaceae;g__Vibrio;s__Vibrio hibernica,iPHoP-RF,90.10,None
WATLvirus_00273268,GB_GCA_002172375.1,d__Archaea;p__Thermoplasmatota;c__Poseidoniia;o__Poseidoniales;f__Thalassarchaeaceae;g__MGIIb-O3;s__MGIIb-O3 sp002172375,blast,90.70,None
WATLvirus_00273283,GB_GCA_000383355.1,d__Bacteria;p__Bacteroidota;c__Bacteroidia;o__Flavobacteriales;f__Flavobacteriaceae;g__SCGC-AAA160-P02;s__SCGC-AAA160-P02 sp000383355,blast,91.20,iPHoP-RF;77.10
WATLvirus_00273297,RS_GCF_000010425.1,d__Bacteria;p__Actinomycetota;c__Actinomycetia;o__Actinomycetales;f__Bifidobacteriaceae;g__Bifidobacterium;s__Bifidobacterium adolescentis,iPHoP-RF,92.80,None
WATLvirus_00273297,RS_GCF_001025215.1,d__Bacteria;p__Actinomycetota;c__Actinomycetia;o__Actinomycetales;f__Bifidobacteriaceae;g__Bifidobacterium;s__Bifidobacterium pseudocatenulatum,iPHoP-RF,92.10,None
WATLvirus_00273297,RS_GCF_001042615.1,d__Bacteria;p__Actinomycetota;c__Actinomycetia;o__Actinomycetales;f__Bifidobacteriaceae;g__Bifidobacterium;s__Bifidobacterium kashiwanohense,iPHoP-RF,91.80,None
WATLvirus_00273297,RS_GCF_000741215.1,d__Bacteria;p__Actinomycetota;c__Actinomycetia;o__Actinomycetales;f__Bifidobacteriaceae;g__Bifidobacterium;s__Bifidobacterium pullorum_B,iPHoP-RF,91.40,None
WATLvirus_00273297,RS_GCF_000771405.1,d__Bacteria;p__Actinomycetota;c__Actinomycetia;o__Actinomycetales;f__Bifidobacteriaceae;g__Bifidobacterium;s__Bifidobacterium pullorum,iPHoP-RF,91.40,None
WATLvirus_00273297,RS_GCF_001025195.1,d__Bacteria;p__Actinomycetota;c__Actinomycetia;o__Actinomycetales;f__Bifidobacteriaceae;g__Bifidobacterium;s__Bifidobacterium catenulatum,iPHoP-RF,90.10,None
WATLvirus_00273307,RS_GCF_000143825.1,d__Bacteria;p__Actinomycetota;c__Actinomycetia;o__Mycobacteriales;f__Mycobacteriaceae;g__Corynebacterium;s__Corynebacterium genitalium_A,iPHoP-RF,93.40,None
WATLvirus_00273307,GB_GCA_900618065.1,d__Bacteria;p__Actinomycetota;c__Actinomycetia;o__Mycobacteriales;f__Mycobacteriaceae;g__Corynebacterium;s__Corynebacterium sp900618065,iPHoP-RF,92.80,None
WATLvirus_00273310,RS_GCF_003569005.1,d__Bacteria;p__Pseudomonadota;c__Gammaproteobacteria;o__Enterobacterales_A;f__Vibrionaceae;g__Vibrio;s__Vibrio superstes,iPHoP-RF,97.10,None
WATLvirus_00273310,RS_GCF_022836845.1,d__Bacteria;p__Pseudomonadota;c__Gammaproteobacteria;o__Enterobacterales_A;f__Vibrionaceae;g__Vibrio;s__Vibrio sp022836845,iPHoP-RF,95.40,None
WATLvirus_00273310,RS_GCF_020532605.1,d__Bacteria;p__Pseudomonadota;c__Gammaproteobacteria;o__Pseudomonadales;f__Marinomonadaceae;g__Marinomonas;s__Marinomonas sp020532605,iPHoP-RF,93.70,None
WATLvirus_00273310,GB_GCA_024347575.1,d__Bacteria;p__Pseudomonadota;c__Gammaproteobacteria;o__Enterobacterales_A;f__Vibrionaceae;g__Vibrio;s__Vibrio pelagius,iPHoP-RF,93.40,None
WATLvirus_00273310,RS_GCF_001012815.1,d__Bacteria;p__Pseudomonadota;c__Gammaproteobacteria;o__Enterobacterales_A;f__Vibrionaceae;g__Vibrio;s__Vibrio mexicanus,iPHoP-RF,92.80,None
WATLvirus_00273310,RS_GCF_900089775.1,d__Bacteria;p__Pseudomonadota;c__Gammaproteobacteria;o__Pseudomonadales;f__Marinomonadaceae;g__Marinomonas;s__Marinomonas spartinae,iPHoP-RF,91.40,None
WATLvirus_00273311,RS_GCF_002252475.1,d__Bacteria;p__Pseudomonadota;c__Alphaproteobacteria;o__Rhizobiales;f__Rhizobiaceae;g__Ochrobactrum_A;s__Ochrobactrum_A rhizosphaerae,iPHoP-RF,95.40,None
WATLvirus_00273311,RS_GCF_023554105.1,d__Bacteria;p__Pseudomonadota;c__Alphaproteobacteria;o__Rhizobiales;f__Rhizobiaceae;g__Ochrobactrum_A;s__Ochrobactrum_A sp023554105,iPHoP-RF,95.10,None
WATLvirus_00273311,RS_GCF_002252445.1,d__Bacteria;p__Pseudomonadota;c__Alphaproteobacteria;o__Rhizobiales;f__Rhizobiaceae;g__Ochrobactrum_A;s__Ochrobactrum_A thiophenivorans,iPHoP-RF,94.70,None
WATLvirus_00273311,RS_GCF_014397025.1,d__Bacteria;p__Pseudomonadota;c__Alphaproteobacteria;o__Rhizobiales;f__Rhizobiaceae;g__Ochrobactrum_A;s__Ochrobactrum_A sp014397025,iPHoP-RF,93.10,None
WATLvirus_00273382,RS_GCF_018882055.1,d__Bacteria;p__Pseudomonadota;c__Gammaproteobacteria;o__Burkholderiales;f__Burkholderiaceae;g__Polynucleobacter;s__Polynucleobacter sp018882055,iPHoP-RF,90.10,None
WATLvirus_00273423,GB_GCA_903828665.1,d__Bacteria;p__Pseudomonadota;c__Gammaproteobacteria;o__Burkholderiales;f__Burkholderiaceae_B;g__Rhodoferax;s__Rhodoferax sp903828665,iPHoP-RF,91.40,None
WATLvirus_00273424,GB_GCA_003670825.1,d__Bacteria;p__Planctomycetota;c__Planctomycetia;o__Pirellulales;f__UBA1268;g__QWPN01;s__QWPN01 sp003670825,iPHoP-RF,91.40,None
WATLvirus_00273468,GB_GCA_016779185.1,d__Bacteria;p__Planctomycetota;c__Planctomycetia;o__Pirellulales;f__Pirellulaceae;g__Rubripirellula;s__Rubripirellula sp016779185,iPHoP-RF,91.40,None
WATLvirus_00273476,RS_GCF_020594515.1,d__Bacteria;p__Pseudomonadota;c__Gammaproteobacteria;o__Burkholderiales;f__Burkholderiaceae_B;g__Rhodoferax;s__Rhodoferax sp020594515,iPHoP-RF,97.10,None
WATLvirus_00273476,GB_GCA_002083775.1,d__Bacteria;p__Pseudomonadota;c__Gammaproteobacteria;o__Burkholderiales;f__Burkholderiaceae_B;g__Rhodoferax;s__Rhodoferax ferrireducens_A,iPHoP-RF,96.70,None
WATLvirus_00273476,RS_GCF_018619435.1,d__Bacteria;p__Pseudomonadota;c__Gammaproteobacteria;o__Burkholderiales;f__Burkholderiaceae_B;g__Rhodoferax;s__Rhodoferax sp018619435,iPHoP-RF,96.40,None
WATLvirus_00273476,GB_GCA_020048255.1,d__Bacteria;p__Pseudomonadota;c__Gammaproteobacteria;o__Burkholderiales;f__Burkholderiaceae_B;g__Rhodoferax;s__Rhodoferax sp020048255,iPHoP-RF,96.10,None
WATLvirus_00273476,GB_GCA_002784245.1,d__Bacteria;p__Pseudomonadota;c__Gammaproteobacteria;o__Burkholderiales;f__Burkholderiaceae_B;g__Rhodoferax;s__Rhodoferax sp002784245,iPHoP-RF,95.70,None
WATLvirus_00273476,RS_GCF_002017865.1,d__Bacteria;p__Pseudomonadota;c__Gammaproteobacteria;o__Burkholderiales;f__Burkholderiaceae_B;g__Rhodoferax;s__Rhodoferax fermentans,iPHoP-RF,95.70,None
WATLvirus_00273476,RS_GCF_013416775.1,d__Bacteria;p__Pseudomonadota;c__Gammaproteobacteria;o__Burkholderiales;f__Burkholderiaceae_B;g__Rhodoferax;s__Rhodoferax sp013416775,iPHoP-RF,95.70,None
WATLvirus_00273476,GB_GCA_001871515.1,d__Bacteria;p__Pseudomonadota;c__Gammaproteobacteria;o__Burkholderiales;f__Burkholderiaceae_B;g__Rhodoferax;s__Rhodoferax sp001871515,iPHoP-RF,92.40,None
WATLvirus_00273476,RS_GCF_001938565.1,d__Bacteria;p__Pseudomonadota;c__Gammaproteobacteria;o__Burkholderiales;f__Burkholderiaceae_B;g__Rhodoferax;s__Rhodoferax antarcticus,iPHoP-RF,92.40,None
WATLvirus_00273479,RS_GCF_017810075.1,d__Bacteria;p__Bacteroidota;c__Bacteroidia;o__Flavobacteriales;f__Flavobacteriaceae;g__JADNYK01;s__JADNYK01 sp017810075,iPHoP-RF,93.40,None
WATLvirus_00273479,GB_GCA_002813285.1,d__Bacteria;p__Bacteroidota;c__Bacteroidia;o__Flavobacteriales;f__Flavobacteriaceae;g__JADNYK01;s__JADNYK01 sp002813285,iPHoP-RF,92.10,None
WATLvirus_00273483,RS_GCF_003856525.1,d__Bacteria;p__Pseudomonadota;c__Gammaproteobacteria;o__Enterobacterales_A;f__Vibrionaceae;g__Vibrio;s__Vibrio viridaestus,iPHoP-RF,92.10,None
WATLvirus_00273483,RS_GCF_011064285.1,d__Bacteria;p__Pseudomonadota;c__Gammaproteobacteria;o__Enterobacterales_A;f__Vibrionaceae;g__Vibrio;s__Vibrio ziniensis,iPHoP-RF,91.80,None
WATLvirus_00273489,RS_GCF_005670685.2,d__Bacteria;p__Actinomycetota;c__Actinomycetia;o__Mycobacteriales;f__Mycobacteriaceae;g__Mycobacterium;s__Mycobacterium mucogenicum_B,iPHoP-RF,96.40,None
WATLvirus_00273489,RS_GCF_010731115.1,d__Bacteria;p__Actinomycetota;c__Actinomycetia;o__Mycobacteriales;f__Mycobacteriaceae;g__Mycobacterium;s__Mycobacterium phocaicum,iPHoP-RF,94.10,None
WATLvirus_00273489,GB_GCA_001905655.1,d__Bacteria;p__Actinomycetota;c__Actinomycetia;o__Mycobacteriales;f__Mycobacteriaceae;g__Mycobacterium;s__Mycobacterium sp001905655,iPHoP-RF,93.70,None
WATLvirus_00273489,RS_GCF_011745145.1,d__Bacteria;p__Actinomycetota;c__Actinomycetia;o__Mycobacteriales;f__Mycobacteriaceae;g__Mycobacterium;s__Mycobacterium sp011745145,iPHoP-RF,92.80,None
WATLvirus_00273489,RS_GCF_001665785.1,d__Bacteria;p__Actinomycetota;c__Actinomycetia;o__Mycobacteriales;f__Mycobacteriaceae;g__Mycobacterium;s__Mycobacterium peregrinum_A,iPHoP-RF,91.80,None
WATLvirus_00273504,RS_GCF_019195455.1,d__Bacteria;p__Pseudomonadota;c__Alphaproteobacteria;o__Rhodobacterales;f__Rhodobacteraceae;g__Gymnodinialimonas;s__Gymnodinialimonas sp001650845,blast,93.10,None
WATLvirus_00273522,RS_GCF_001678755.1,d__Bacteria;p__Pseudomonadota;c__Gammaproteobacteria;o__Pseudomonadales;f__Moraxellaceae;g__Acinetobacter;s__Acinetobacter gandensis,iPHoP-RF,92.40,None
WATLvirus_00273522,RS_GCF_002135295.1,d__Bacteria;p__Pseudomonadota;c__Gammaproteobacteria;o__Pseudomonadales;f__Moraxellaceae;g__Acinetobacter;s__Acinetobacter sp002135295,iPHoP-RF,92.10,None
WATLvirus_00273522,RS_GCF_000400735.1,d__Bacteria;p__Pseudomonadota;c__Gammaproteobacteria;o__Pseudomonadales;f__Moraxellaceae;g__Acinetobacter;s__Acinetobacter tandoii,iPHoP-RF,91.10,None
WATLvirus_00273522,RS_GCF_002018365.1,d__Bacteria;p__Pseudomonadota;c__Gammaproteobacteria;o__Pseudomonadales;f__Moraxellaceae;g__Acinetobacter;s__Acinetobacter sp002018365,iPHoP-RF,90.80,None
WATLvirus_00273522,RS_GCF_004331175.1,d__Bacteria;p__Pseudomonadota;c__Gammaproteobacteria;o__Pseudomonadales;f__Moraxellaceae;g__Acinetobacter;s__Acinetobacter sp004331175,iPHoP-RF,90.80,None
WATLvirus_00273528,RS_GCF_001681715.1,d__Bacteria;p__Pseudomonadota;c__Alphaproteobacteria;o__Rhodobacterales;f__Rhodobacteraceae;g__Epibacterium;s__Epibacterium mobile,iPHoP-RF,96.70,None
WATLvirus_00273528,RS_GCF_003003215.1,d__Bacteria;p__Pseudomonadota;c__Alphaproteobacteria;o__Rhodobacterales;f__Rhodobacteraceae;g__Epibacterium;s__Epibacterium scottomollicae,iPHoP-RF,96.10,None
WATLvirus_00273528,RS_GCF_002407245.1,d__Bacteria;p__Pseudomonadota;c__Alphaproteobacteria;o__Rhodobacterales;f__Rhodobacteraceae;g__Phaeobacter;s__Phaeobacter piscinae,iPHoP-RF,94.70,None
WATLvirus_00273528,GB_GCA_013032095.1,d__Bacteria;p__Pseudomonadota;c__Alphaproteobacteria;o__Rhodobacterales;f__Rhodobacteraceae;g__Ruegeria;s__Ruegeria atlantica_E,iPHoP-RF,94.40,None
WATLvirus_00273559,GB_GCA_913058025.1,d__Bacteria;p__Myxococcota;c__Bradymonadia;o__Bradymonadales;f__Bradymonadaceae;g__CAJXPN01;s__CAJXPN01 sp913058025,blast,91.70,iPHoP-RF;63.50
WATLvirus_00273569,GB_GCA_016872645.1,d__Bacteria;p__Planctomycetota;c__Planctomycetia;o__Planctomycetales;f__Planctomycetaceae;g__SXKJ01;s__SXKJ01 sp016872645,iPHoP-RF,93.40,None
WATLvirus_00273569,GB_GCA_945905295.1,d__Bacteria;p__Planctomycetota;c__Planctomycetia;o__Planctomycetales;f__Planctomycetaceae;g__SXKJ01;s__SXKJ01 sp945905295,iPHoP-RF,91.10,None
WATLvirus_00273610,RS_GCF_002807055.1,d__Bacteria;p__Bacteroidota;c__Bacteroidia;o__Flavobacteriales;f__Flavobacteriaceae;g__Confluentibacter;s__Confluentibacter citreus,iPHoP-RF,90.10,None
WATLvirus_00273618,GB_GCA_009919445.1,d__Bacteria;p__Planctomycetota;c__Planctomycetia;o__Pirellulales;f__UBA1268;g__UBA1268;s__UBA1268 sp009919445,iPHoP-RF,95.10,None
WATLvirus_00273618,GB_GCA_903877395.1,d__Bacteria;p__Planctomycetota;c__Planctomycetia;o__Pirellulales;f__UBA1268;g__BAIKAL-G1-2R;s__BAIKAL-G1-2R sp903877395,iPHoP-RF,95.10,None
WATLvirus_00273618,GB_GCA_945871035.1,d__Bacteria;p__Planctomycetota;c__Planctomycetia;o__Pirellulales;f__UBA1268;g__BAIKAL-G1-2R;s__BAIKAL-G1-2R sp002737405,iPHoP-RF,94.70,None
WATLvirus_00273618,GB_GCA_003670865.1,d__Bacteria;p__Planctomycetota;c__Planctomycetia;o__Pirellulales;f__UBA1268;g__BAIKAL-G1-2R;s__BAIKAL-G1-2R sp003670865,iPHoP-RF,94.40,None
WATLvirus_00273618,GB_GCA_003670915.1,d__Bacteria;p__Planctomycetota;c__Planctomycetia;o__Pirellulales;f__UBA1268;g__BAIKAL-G1-2R;s__BAIKAL-G1-2R sp003670915,iPHoP-RF,94.40,None
WATLvirus_00273624,GB_GCA_905182225.1,d__Bacteria;p__Actinomycetota;c__Actinomycetia;o__Actinomycetales;f__Microbacteriaceae;g__Aquiluna;s__Aquiluna sp905182225,iPHoP-RF,94.10,None
WATLvirus_00273624,RS_GCF_000257665.1,d__Bacteria;p__Actinomycetota;c__Actinomycetia;o__Actinomycetales;f__Microbacteriaceae;g__Aquiluna;s__Aquiluna sp000257665,iPHoP-RF,92.80,None
WATLvirus_00273624,GB_GCA_913057795.1,d__Bacteria;p__Actinomycetota;c__Actinomycetia;o__Actinomycetales;f__Microbacteriaceae;g__Aquiluna;s__Aquiluna sp913057795,iPHoP-RF,91.80,None
WATLvirus_00273626,GB_GCA_903831155.1,d__Bacteria;p__Planctomycetota;c__Planctomycetia;o__Pirellulales;f__UBA1268;g__QWPN01;s__QWPN01 sp903831155,iPHoP-RF,94.10,None
WATLvirus_00273626,GB_GCA_903958265.1,d__Bacteria;p__Planctomycetota;c__Planctomycetia;o__Pirellulales;f__UBA1268;g__QWPN01;s__QWPN01 sp903958265,iPHoP-RF,93.10,None
WATLvirus_00273626,GB_GCA_003670825.1,d__Bacteria;p__Planctomycetota;c__Planctomycetia;o__Pirellulales;f__UBA1268;g__QWPN01;s__QWPN01 sp003670825,iPHoP-RF,91.80,None
WATLvirus_00273626,GB_GCA_945869735.1,d__Bacteria;p__Planctomycetota;c__Planctomycetia;o__Pirellulales;f__UBA1268;g__QWPN01;s__QWPN01 sp945869735,iPHoP-RF,90.50,None
WATLvirus_00273631,RS_GCF_014873705.1,d__Bacteria;p__Actinomycetota;c__Actinomycetia;o__Mycobacteriales;f__Mycobacteriaceae;g__Mycobacterium;s__Mycobacterium sp014873705,iPHoP-RF,93.40,None
WATLvirus_00273631,RS_GCF_002086795.1,d__Bacteria;p__Actinomycetota;c__Actinomycetia;o__Mycobacteriales;f__Mycobacteriaceae;g__Mycobacterium;s__Mycobacterium tusciae,iPHoP-RF,92.10,None
WATLvirus_00273631,GB_GCA_019749805.1,d__Bacteria;p__Actinomycetota;c__Actinomycetia;o__Mycobacteriales;f__Mycobacteriaceae;g__Mycobacterium;s__Mycobacterium sp019749805,iPHoP-RF,90.50,None
WATLvirus_00273738,RS_GCF_001458315.1,d__Bacteria;p__Pseudomonadota;c__Alphaproteobacteria;o__Rhodobacterales;f__Rhodobacteraceae;g__Thalassobacter;s__Thalassobacter stenotrophicus,blast,93.40,iPHoP-RF;50.90
WATLvirus_00273738,RS_GCF_001049735.1,d__Bacteria;p__Pseudomonadota;c__Alphaproteobacteria;o__Rhodobacterales;f__Rhodobacteraceae;g__Nereida;s__Nereida ignava,blast,91.70,None
WATLvirus_00273754,RS_GCF_900109455.1,d__Bacteria;p__Pseudomonadota;c__Alphaproteobacteria;o__Rhodobacterales;f__Rhodobacteraceae;g__Roseovarius;s__Roseovarius azorensis,blast,93.80,iPHoP-RF;86.30
WATLvirus_00273754,RS_GCF_000152845.1,d__Bacteria;p__Pseudomonadota;c__Alphaproteobacteria;o__Rhodobacterales;f__Rhodobacteraceae;g__Roseovarius;s__Roseovarius sp000152845,blast,92.40,iPHoP-RF;79.80
WATLvirus_00273754,RS_GCF_000768555.3,d__Bacteria;p__Pseudomonadota;c__Alphaproteobacteria;o__Rhodobacterales;f__Rhodobacteraceae;g__Roseovarius;s__Roseovarius mucosus,blast,91.80,iPHoP-RF;68.90
WATLvirus_00273754,RS_GCF_002080415.1,d__Bacteria;p__Pseudomonadota;c__Alphaproteobacteria;o__Rhodobacterales;f__Rhodobacteraceae;g__Roseovarius;s__Roseovarius mucosus_A,blast,91.70,iPHoP-RF;70.20
WATLvirus_00273755,GB_GCA_903925725.1,d__Bacteria;p__Pseudomonadota;c__Gammaproteobacteria;o__Burkholderiales;f__Burkholderiaceae_B;g__Rhodoferax;s__Rhodoferax sp903925725,iPHoP-RF,95.10,None
WATLvirus_00273755,GB_GCA_024703855.1,d__Bacteria;p__Pseudomonadota;c__Gammaproteobacteria;o__Burkholderiales;f__Burkholderiaceae_B;g__Polaromonas;s__Polaromonas sp024703855,iPHoP-RF,94.70,None
WATLvirus_00273755,GB_GCA_903894475.1,d__Bacteria;p__Pseudomonadota;c__Gammaproteobacteria;o__Burkholderiales;f__Burkholderiaceae_B;g__Rhodoferax;s__Rhodoferax sp903894475,iPHoP-RF,94.70,None
WATLvirus_00273755,GB_GCA_010365055.1,d__Bacteria;p__Pseudomonadota;c__Gammaproteobacteria;o__Burkholderiales;f__Burkholderiaceae_B;g__Rhodoferax;s__Rhodoferax sp010365055,iPHoP-RF,94.40,None
WATLvirus_00273755,GB_GCA_012927445.1,d__Bacteria;p__Pseudomonadota;c__Gammaproteobacteria;o__Burkholderiales;f__Burkholderiaceae_B;g__Rhodoferax;s__Rhodoferax sp012927445,iPHoP-RF,93.70,None
WATLvirus_00273755,GB_GCA_017880985.1,d__Bacteria;p__Pseudomonadota;c__Gammaproteobacteria;o__Burkholderiales;f__Burkholderiaceae_B;g__Rhodoferax;s__Rhodoferax sp017880985,iPHoP-RF,92.80,None
WATLvirus_00273755,GB_GCA_013791765.1,d__Bacteria;p__Pseudomonadota;c__Gammaproteobacteria;o__Burkholderiales;f__Burkholderiaceae_B;g__Rhodoferax;s__Rhodoferax sp013791765,iPHoP-RF,92.10,None
WATLvirus_00273755,GB_GCA_903927295.1,d__Bacteria;p__Pseudomonadota;c__Gammaproteobacteria;o__Burkholderiales;f__Burkholderiaceae_B;g__Rhodoferax;s__Rhodoferax sp903927295,iPHoP-RF,91.80,None
WATLvirus_00273755,GB_GCA_016708345.1,d__Bacteria;p__Pseudomonadota;c__Gammaproteobacteria;o__Burkholderiales;f__Burkholderiaceae_B;g__Rhodoferax;s__Rhodoferax sp016708345,iPHoP-RF,91.10,None
WATLvirus_00273755,GB_GCA_903897005.1,d__Bacteria;p__Pseudomonadota;c__Gammaproteobacteria;o__Burkholderiales;f__Burkholderiaceae_B;g__Rhodoferax;s__Rhodoferax sp903897005,iPHoP-RF,91.10,None
WATLvirus_00273788,RS_GCF_007993065.1,d__Bacteria;p__Pseudomonadota;c__Alphaproteobacteria;o__Rhodobacterales;f__Rhodobacteraceae;g__Paracoccus;s__Paracoccus aurantiacus,blast,90.80,iPHoP-RF;75.00
WATLvirus_00273788,RS_GCF_003056335.1,d__Bacteria;p__Pseudomonadota;c__Alphaproteobacteria;o__Rhodobacterales;f__Rhodobacteraceae;g__Paracoccus;s__Paracoccus indicus,blast,90.60,iPHoP-RF;72.20
WATLvirus_00273788,RS_GCF_900111675.1,d__Bacteria;p__Pseudomonadota;c__Alphaproteobacteria;o__Rhodobacterales;f__Rhodobacteraceae;g__Paracoccus;s__Paracoccus homiensis,blast,90.60,iPHoP-RF;68.90
WATLvirus_00273788,RS_GCF_020990385.1,d__Bacteria;p__Pseudomonadota;c__Alphaproteobacteria;o__Rhodobacterales;f__Rhodobacteraceae;g__Paracoccus;s__Paracoccus sp000518925,blast,90.40,iPHoP-RF;73.90
WATLvirus_00273816,RS_GCF_004799325.1,d__Bacteria;p__Pseudomonadota;c__Alphaproteobacteria;o__Rhodobacterales;f__Rhodobacteraceae;g__Thalassobius;s__Thalassobius vesicularis,blast,93.70,iPHoP-RF;70.00
WATLvirus_00273816,GB_GCA_017643905.1,d__Bacteria;p__Pseudomonadota;c__Alphaproteobacteria;o__Rhodobacterales;f__Rhodobacteraceae;g__Marivita;s__Marivita sp017643905,blast,91.90,iPHoP-RF;78.30
WATLvirus_00273904,RS_GCF_002158905.1,d__Bacteria;p__Pseudomonadota;c__Alphaproteobacteria;o__Rhodobacterales;f__Rhodobacteraceae;g__Yoonia;s__Yoonia vestfoldensis_B,blast,91.80,iPHoP-RF;66.80
WATLvirus_00273904,GB_GCA_017643905.1,d__Bacteria;p__Pseudomonadota;c__Alphaproteobacteria;o__Rhodobacterales;f__Rhodobacteraceae;g__Marivita;s__Marivita sp017643905,blast,90.90,None
WATLvirus_00273923,RS_GCF_010726085.1,d__Bacteria;p__Actinomycetota;c__Actinomycetia;o__Mycobacteriales;f__Mycobacteriaceae;g__Mycobacterium;s__Mycobacterium moriokaense,iPHoP-RF,95.40,None
WATLvirus_00273923,RS_GCF_900240945.1,d__Bacteria;p__Actinomycetota;c__Actinomycetia;o__Mycobacteriales;f__Mycobacteriaceae;g__Mycobacterium;s__Mycobacterium sp900240945,iPHoP-RF,95.10,None
WATLvirus_00273923,RS_GCF_000328565.1,d__Bacteria;p__Actinomycetota;c__Actinomycetia;o__Mycobacteriales;f__Mycobacteriaceae;g__Mycobacterium;s__Mycobacterium sp000328565,iPHoP-RF,94.70,None
WATLvirus_00273923,RS_GCF_001667505.1,d__Bacteria;p__Actinomycetota;c__Actinomycetia;o__Mycobacteriales;f__Mycobacteriaceae;g__Mycobacterium;s__Mycobacterium sp001667505,iPHoP-RF,94.70,None
WATLvirus_00273923,RS_GCF_010731795.1,d__Bacteria;p__Actinomycetota;c__Actinomycetia;o__Mycobacteriales;f__Mycobacteriaceae;g__Mycobacterium;s__Mycobacterium celeriflavum,iPHoP-RF,94.70,None
WATLvirus_00273923,GB_GCA_019749805.1,d__Bacteria;p__Actinomycetota;c__Actinomycetia;o__Mycobacteriales;f__Mycobacteriaceae;g__Mycobacterium;s__Mycobacterium sp019749805,iPHoP-RF,94.40,None
WATLvirus_00273923,GB_GCA_900637135.1,d__Bacteria;p__Actinomycetota;c__Actinomycetia;o__Mycobacteriales;f__Mycobacteriaceae;g__Mycobacterium;s__Mycobacterium flavescens,iPHoP-RF,94.10,None
WATLvirus_00273923,RS_GCF_001672895.1,d__Bacteria;p__Actinomycetota;c__Actinomycetia;o__Mycobacteriales;f__Mycobacteriaceae;g__Mycobacterium;s__Mycobacterium sp001672895,iPHoP-RF,94.10,None
WATLvirus_00273923,RS_GCF_022317005.1,d__Bacteria;p__Actinomycetota;c__Actinomycetia;o__Mycobacteriales;f__Mycobacteriaceae;g__Mycobacterium;s__Mycobacterium sp022317005,iPHoP-RF,94.10,None
WATLvirus_00273923,RS_GCF_900108565.1,d__Bacteria;p__Actinomycetota;c__Actinomycetia;o__Mycobacteriales;f__Mycobacteriaceae;g__Mycobacterium;s__Mycobacterium rutilum,iPHoP-RF,94.10,None
WATLvirus_00273923,RS_GCF_003284965.1,d__Bacteria;p__Actinomycetota;c__Actinomycetia;o__Mycobacteriales;f__Mycobacteriaceae;g__Mycobacterium;s__Mycobacterium sp003284965,iPHoP-RF,93.70,None
WATLvirus_00273923,GB_GCA_023415515.1,d__Bacteria;p__Actinomycetota;c__Actinomycetia;o__Mycobacteriales;f__Mycobacteriaceae;g__Mycobacterium;s__Mycobacterium sp023415515,iPHoP-RF,92.80,None
WATLvirus_00273923,RS_GCF_000230895.2,d__Bacteria;p__Actinomycetota;c__Actinomycetia;o__Mycobacteriales;f__Mycobacteriaceae;g__Mycobacterium;s__Mycobacterium rhodesiae_A,iPHoP-RF,92.80,None
WATLvirus_00273923,GB_GCA_010726765.1,d__Bacteria;p__Actinomycetota;c__Actinomycetia;o__Mycobacteriales;f__Mycobacteriaceae;g__Mycobacterium;s__Mycobacterium gallinarum,iPHoP-RF,92.40,None
WATLvirus_00273923,RS_GCF_010728925.1,d__Bacteria;p__Actinomycetota;c__Actinomycetia;o__Mycobacteriales;f__Mycobacteriaceae;g__Mycobacterium;s__Mycobacterium gadium,iPHoP-RF,92.40,None
WATLvirus_00273923,RS_GCF_003347205.1,d__Bacteria;p__Actinomycetota;c__Actinomycetia;o__Mycobacteriales;f__Mycobacteriaceae;g__Mycobacterium;s__Mycobacterium moriokaense_B,iPHoP-RF,91.10,None
WATLvirus_00273923,GB_GCA_021154745.1,d__Bacteria;p__Actinomycetota;c__Actinomycetia;o__Mycobacteriales;f__Mycobacteriaceae;g__Mycobacterium;s__Mycobacterium sp021154745,iPHoP-RF,90.80,None
WATLvirus_00273923,RS_GCF_001044235.1,d__Bacteria;p__Actinomycetota;c__Actinomycetia;o__Mycobacteriales;f__Mycobacteriaceae;g__Mycobacterium;s__Mycobacterium chlorophenolicum,iPHoP-RF,90.80,None
WATLvirus_00273923,RS_GCF_002838065.1,d__Bacteria;p__Actinomycetota;c__Actinomycetia;o__Mycobacteriales;f__Mycobacteriaceae;g__Mycobacterium;s__Mycobacterium sp002838065,iPHoP-RF,90.50,None
WATLvirus_00273923,RS_GCF_014218295.1,d__Bacteria;p__Actinomycetota;c__Actinomycetia;o__Mycobacteriales;f__Mycobacteriaceae;g__Mycobacterium;s__Mycobacterium litorale_B,iPHoP-RF,90.50,None
WATLvirus_00273924,RS_GCF_900107355.1,d__Bacteria;p__Pseudomonadota;c__Alphaproteobacteria;o__Rhodobacterales;f__Rhodobacteraceae;g__Lentibacter;s__Lentibacter algarum,blast,93.90,iPHoP-RF;78.70
WATLvirus_00273924,GB_GCA_018500075.1,d__Bacteria;p__Pseudomonadota;c__Alphaproteobacteria;o__Rhodobacterales;f__Rhodobacteraceae;g__Lentibacter;s__Lentibacter sp018500075,blast,91.10,iPHoP-RF;80.30
WATLvirus_00273927,RS_GCF_000328565.1,d__Bacteria;p__Actinomycetota;c__Actinomycetia;o__Mycobacteriales;f__Mycobacteriaceae;g__Mycobacterium;s__Mycobacterium sp000328565,iPHoP-RF,92.40,None
WATLvirus_00273931,RS_GCF_001665625.1,d__Bacteria;p__Actinomycetota;c__Actinomycetia;o__Mycobacteriales;f__Mycobacteriaceae;g__Mycobacterium;s__Mycobacterium peregrinum_B,iPHoP-RF,93.10,None
WATLvirus_00273931,RS_GCF_001665785.1,d__Bacteria;p__Actinomycetota;c__Actinomycetia;o__Mycobacteriales;f__Mycobacteriaceae;g__Mycobacterium;s__Mycobacterium peregrinum_A,iPHoP-RF,90.10,None
WATLvirus_00273931,RS_GCF_002086485.1,d__Bacteria;p__Actinomycetota;c__Actinomycetia;o__Mycobacteriales;f__Mycobacteriaceae;g__Mycobacterium;s__Mycobacterium aquaticum,iPHoP-RF,90.10,None
WATLvirus_00273945,GB_GCA_023227695.1,d__Bacteria;p__Bacteroidota;c__Bacteroidia;o__Bacteroidales;f__Paludibacteraceae;g__RGIG10190;s__RGIG10190 sp023227695,iPHoP-RF,92.40,None
WATLvirus_00273949,RS_GCF_001436695.1,d__Bacteria;p__Bacillota;c__Bacilli;o__Lactobacillales;f__Lactobacillaceae;g__Lactobacillus;s__Lactobacillus taiwanensis,iPHoP-RF,94.70,None
WATLvirus_00273949,GB_GCA_910589175.1,d__Bacteria;p__Bacillota;c__Bacilli;o__Lactobacillales;f__Lactobacillaceae;g__Lactobacillus;s__Lactobacillus sp910589175,iPHoP-RF,94.40,None
WATLvirus_00273949,RS_GCF_003584685.1,d__Bacteria;p__Bacillota;c__Bacilli;o__Lactobacillales;f__Lactobacillaceae;g__Lactobacillus;s__Lactobacillus paragasseri,iPHoP-RF,93.70,None
WATLvirus_00273949,RS_GCF_000296835.1,d__Bacteria;p__Bacillota;c__Bacilli;o__Lactobacillales;f__Lactobacillaceae;g__Lactobacillus;s__Lactobacillus hominis,iPHoP-RF,92.40,None
WATLvirus_00297763,bin.96,d__Bacteria;p__Actinomycetota;c__Actinomycetia;o__Actinomycetales;f__Microbacteriaceae;g__CAJXVY01;s__,blast,91.20,None
WATLvirus_00297775,GB_GCA_024637375.1,d__Bacteria;p__Pseudomonadota;c__Alphaproteobacteria;o__Rhodobacterales;f__Rhodobacteraceae;g__Sediminimonas;s__Sediminimonas sp024637375,blast,93.90,iPHoP-RF;70.00
WATLvirus_00297890,RS_GCF_900188425.1,d__Bacteria;p__Pseudomonadota;c__Alphaproteobacteria;o__Rhodobacterales;f__Rhodobacteraceae;g__Antarctobacter;s__Antarctobacter heliothermus,blast,92.70,None
WATLvirus_00297890,GB_GCA_024637375.1,d__Bacteria;p__Pseudomonadota;c__Alphaproteobacteria;o__Rhodobacterales;f__Rhodobacteraceae;g__Sediminimonas;s__Sediminimonas sp024637375,blast,90.20,iPHoP-RF;55.20
WATLvirus_00297890,bin.33,d__Bacteria;p__Pseudomonadota;c__Alphaproteobacteria;o__Rhodobacterales;f__Rhodobacteraceae;g__;s__,blast,90.00,None
WATLvirus_00297892,GB_GCA_024347335.1,d__Bacteria;p__Pseudomonadota;c__Gammaproteobacteria;o__Enterobacterales_A;f__Vibrionaceae;g__Vibrio;s__Vibrio celticus,iPHoP-RF,95.40,None
WATLvirus_00297892,GB_GCA_024347515.1,d__Bacteria;p__Pseudomonadota;c__Gammaproteobacteria;o__Enterobacterales_A;f__Vibrionaceae;g__Vibrio;s__Vibrio gigantis,iPHoP-RF,95.40,None
WATLvirus_00297892,RS_GCF_022397955.1,d__Bacteria;p__Pseudomonadota;c__Gammaproteobacteria;o__Enterobacterales_A;f__Vibrionaceae;g__Vibrio;s__Vibrio sp022397955,iPHoP-RF,95.40,None
WATLvirus_00297892,RS_GCF_023206055.1,d__Bacteria;p__Pseudomonadota;c__Gammaproteobacteria;o__Enterobacterales_A;f__Vibrionaceae;g__Vibrio;s__Vibrio cyclitrophicus_A,iPHoP-RF,95.40,None
WATLvirus_00297892,GB_GCA_024347375.1,d__Bacteria;p__Pseudomonadota;c__Gammaproteobacteria;o__Enterobacterales_A;f__Vibrionaceae;g__Vibrio;s__Vibrio coralliirubri,iPHoP-RF,95.10,None
WATLvirus_00297892,RS_GCF_000272045.2,d__Bacteria;p__Pseudomonadota;c__Gammaproteobacteria;o__Enterobacterales_A;f__Vibrionaceae;g__Vibrio;s__Vibrio crassostreae_C,iPHoP-RF,94.10,None
WATLvirus_00297892,GB_GCA_000169995.1,d__Bacteria;p__Pseudomonadota;c__Gammaproteobacteria;o__Enterobacterales_A;f__Vibrionaceae;g__Vibrio;s__Vibrio sp000169995,iPHoP-RF,93.70,None
WATLvirus_00297892,GB_GCA_024347315.1,d__Bacteria;p__Pseudomonadota;c__Gammaproteobacteria;o__Enterobacterales_A;f__Vibrionaceae;g__Vibrio;s__Vibrio atlanticus,iPHoP-RF,93.70,None
WATLvirus_00297892,GB_GCA_024347595.1,d__Bacteria;p__Pseudomonadota;c__Gammaproteobacteria;o__Enterobacterales_A;f__Vibrionaceae;g__Vibrio;s__Vibrio pomeroyi,iPHoP-RF,93.40,None
WATLvirus_00297892,GB_GCA_024347615.1,d__Bacteria;p__Pseudomonadota;c__Gammaproteobacteria;o__Enterobacterales_A;f__Vibrionaceae;g__Vibrio;s__Vibrio splendidus,iPHoP-RF,93.40,None
WATLvirus_00297892,GB_GCA_024347635.1,d__Bacteria;p__Pseudomonadota;c__Gammaproteobacteria;o__Enterobacterales_A;f__Vibrionaceae;g__Vibrio;s__Vibrio tasmaniensis,iPHoP-RF,93.10,None
WATLvirus_00297892,RS_GCF_000272405.2,d__Bacteria;p__Pseudomonadota;c__Gammaproteobacteria;o__Enterobacterales_A;f__Vibrionaceae;g__Vibrio;s__Vibrio tasmaniensis_A,iPHoP-RF,93.10,None
WATLvirus_00297892,RS_GCF_022397915.1,d__Bacteria;p__Pseudomonadota;c__Gammaproteobacteria;o__Enterobacterales_A;f__Vibrionaceae;g__Vibrio;s__Vibrio sp022397915,iPHoP-RF,93.10,None
WATLvirus_00297892,GB_GCA_024347475.1,d__Bacteria;p__Pseudomonadota;c__Gammaproteobacteria;o__Enterobacterales_A;f__Vibrionaceae;g__Vibrio;s__Vibrio fortis,iPHoP-RF,92.80,None
WATLvirus_00297892,GB_GCA_024347575.1,d__Bacteria;p__Pseudomonadota;c__Gammaproteobacteria;o__Enterobacterales_A;f__Vibrionaceae;g__Vibrio;s__Vibrio pelagius,iPHoP-RF,92.80,None
WATLvirus_00297892,RS_GCF_023206395.1,d__Bacteria;p__Pseudomonadota;c__Gammaproteobacteria;o__Enterobacterales_A;f__Vibrionaceae;g__Vibrio;s__Vibrio sp000316985,iPHoP-RF,92.40,None
WATLvirus_00297892,RS_GCF_000830505.1,d__Bacteria;p__Pseudomonadota;c__Gammaproteobacteria;o__Enterobacterales_A;f__Vibrionaceae;g__Vibrio;s__Vibrio mytili,iPHoP-RF,92.10,None
WATLvirus_00297892,RS_GCF_013114545.1,d__Bacteria;p__Pseudomonadota;c__Gammaproteobacteria;o__Enterobacterales_A;f__Vibrionaceae;g__Vibrio;s__Vibrio sp013114545,iPHoP-RF,92.10,None
WATLvirus_00297892,RS_GCF_000272105.2,d__Bacteria;p__Pseudomonadota;c__Gammaproteobacteria;o__Enterobacterales_A;f__Vibrionaceae;g__Vibrio;s__Vibrio splendidus_I,iPHoP-RF,90.80,None
WATLvirus_00297892,RS_GCF_001557875.1,d__Bacteria;p__Pseudomonadota;c__Gammaproteobacteria;o__Enterobacterales_A;f__Vibrionaceae;g__Vibrio;s__Vibrio splendidus_F,iPHoP-RF,90.80,None
WATLvirus_00297907,RS_GCF_008086115.1,d__Bacteria;p__Pseudomonadota;c__Alphaproteobacteria;o__Rhodobacterales;f__Rhodobacteraceae;g__Muriiphilus;s__Muriiphilus fusiformis,blast,92.00,None
WATLvirus_00297907,GB_GCA_018401965.1,d__Bacteria;p__Pseudomonadota;c__Alphaproteobacteria;o__Rhodobacterales;f__Rhodobacteraceae;g__Roseicyclus;s__Roseicyclus sp018401965,blast,91.40,None
WATLvirus_00297912,GB_GCA_018830285.1,d__Bacteria;p__Pseudomonadota;c__Alphaproteobacteria;o__Caulobacterales;f__Hyphomonadaceae;g__Hyphomonas;s__Hyphomonas sp018830285,blast,96.10,iPHoP-RF;66.00
WATLvirus_00297920,RS_GCF_003129565.1,d__Bacteria;p__Pseudomonadota;c__Alphaproteobacteria;o__Rhodobacterales;f__Rhodobacteraceae;g__Salibaculum;s__Salibaculum griseiflavum,blast,91.10,None
WATLvirus_00297921,GB_GCA_913042205.1,d__Bacteria;p__Pseudomonadota;c__Gammaproteobacteria;o__Pseudomonadales;f__Litoricolaceae;g__HIMB30;s__HIMB30 sp913042205,iPHoP-RF,93.40,None
WATLvirus_00297964,RS_GCF_001735715.1,d__Bacteria;p__Bacteroidota;c__Bacteroidia;o__Flavobacteriales;f__Flavobacteriaceae;g__GCA001735715;s__GCA001735715 sp001735715,iPHoP-RF,96.10,None
WATLvirus_00297964,GB_GCA_018673215.1,d__Bacteria;p__Bacteroidota;c__Bacteroidia;o__Flavobacteriales;f__Flavobacteriaceae;g__Hel1-33-131;s__Hel1-33-131 sp018673215,iPHoP-RF,95.40,None
WATLvirus_00297964,GB_GCA_018608725.1,d__Bacteria;p__Bacteroidota;c__Bacteroidia;o__Flavobacteriales;f__Flavobacteriaceae;g__Hel1-33-131;s__Hel1-33-131 sp018608725,iPHoP-RF,95.10,None
WATLvirus_00297964,GB_GCA_018608735.1,d__Bacteria;p__Bacteroidota;c__Bacteroidia;o__Flavobacteriales;f__Flavobacteriaceae;g__Hel1-33-131;s__Hel1-33-131 sp018608735,iPHoP-RF,95.10,None
WATLvirus_00297964,GB_GCA_018608765.1,d__Bacteria;p__Bacteroidota;c__Bacteroidia;o__Flavobacteriales;f__Flavobacteriaceae;g__Hel1-33-131;s__Hel1-33-131 sp018608765,iPHoP-RF,94.40,None
WATLvirus_00297964,RS_GCF_001735745.1,d__Bacteria;p__Bacteroidota;c__Bacteroidia;o__Flavobacteriales;f__Flavobacteriaceae;g__Hel1-33-131;s__Hel1-33-131 sp001735745,iPHoP-RF,94.40,None
WATLvirus_00297964,RS_GCF_007997225.1,d__Bacteria;p__Bacteroidota;c__Bacteroidia;o__Flavobacteriales;f__Flavobacteriaceae;g__Psychroserpens;s__Psychroserpens wynnwilliamsii,iPHoP-RF,91.80,None
WATLvirus_00297995,GB_GCA_019359075.1,d__Bacteria;p__Cyanobacteriota;c__Cyanobacteriia;o__Cyanobacteriales;f__Nostocaceae;g__Tolypothrix_B;s__Tolypothrix_B hyalinum,iPHoP-RF,95.40,None
WATLvirus_00297995,GB_GCA_020829485.1,d__Bacteria;p__Cyanobacteriota;c__Cyanobacteriia;o__Cyanobacteriales;f__Nostocaceae;g__Nostoc;s__Nostoc sp020829485,iPHoP-RF,94.40,None
WATLvirus_00297995,RS_GCF_014698795.1,d__Bacteria;p__Cyanobacteriota;c__Cyanobacteriia;o__Cyanobacteriales;f__Nostocaceae;g__Nostoc;s__Nostoc sp014698795,iPHoP-RF,93.70,None
WATLvirus_00297995,GB_GCA_019359215.1,d__Bacteria;p__Cyanobacteriota;c__Cyanobacteriia;o__Cyanobacteriales;f__Nostocaceae;g__Nostoc;s__Nostoc indistinguendum,iPHoP-RF,93.40,None
WATLvirus_00297995,RS_GCF_006968745.1,d__Bacteria;p__Cyanobacteriota;c__Cyanobacteriia;o__Cyanobacteriales;f__Nostocaceae;g__Brasilonema;s__Brasilonema sennae,iPHoP-RF,93.40,None
WATLvirus_00297995,RS_GCF_017982655.1,d__Bacteria;p__Cyanobacteriota;c__Cyanobacteriia;o__Cyanobacteriales;f__Nostocaceae;g__Brasilonema;s__Brasilonema sp017982655,iPHoP-RF,93.40,None
WATLvirus_00297995,GB_GCA_019359695.1,d__Bacteria;p__Cyanobacteriota;c__Cyanobacteriia;o__Cyanobacteriales;f__Nostocaceae;g__Brasilonema;s__Brasilonema angustatum,iPHoP-RF,92.80,None
WATLvirus_00297995,GB_GCA_019359245.1,d__Bacteria;p__Cyanobacteriota;c__Cyanobacteriia;o__Cyanobacteriales;f__Nostocaceae;g__Nostoc;s__Nostoc desertorum,iPHoP-RF,91.10,None
WATLvirus_00298036,GB_GCA_024347575.1,d__Bacteria;p__Pseudomonadota;c__Gammaproteobacteria;o__Enterobacterales_A;f__Vibrionaceae;g__Vibrio;s__Vibrio pelagius,iPHoP-RF,94.10,None
WATLvirus_00298036,RS_GCF_007858795.1,d__Bacteria;p__Pseudomonadota;c__Gammaproteobacteria;o__Enterobacterales_A;f__Vibrionaceae;g__Vibrio;s__Vibrio sp007858795,iPHoP-RF,91.10,None
WATLvirus_00298057,GB_GCA_018672145.1,d__Bacteria;p__Bacteroidota;c__Bacteroidia;o__Flavobacteriales;f__Flavobacteriaceae;g__UBA724;s__UBA724 sp018672145,iPHoP-RF,91.80,None
WATLvirus_00298120,RS_GCF_001458255.1,d__Bacteria;p__Pseudomonadota;c__Alphaproteobacteria;o__Rhodobacterales;f__Rhodobacteraceae;g__Thalassobius;s__Thalassobius autumnalis,blast,91.10,None
WATLvirus_00298138,RS_GCF_021441885.1,d__Bacteria;p__Pseudomonadota;c__Gammaproteobacteria;o__Enterobacterales_A;f__Vibrionaceae;g__Vibrio;s__Vibrio maritimus_B,iPHoP-RF,96.10,None
WATLvirus_00298138,GB_GCA_001874155.1,d__Bacteria;p__Pseudomonadota;c__Gammaproteobacteria;o__Enterobacterales_A;f__Vibrionaceae;g__Vibrio;s__Vibrio sp001874155,iPHoP-RF,95.70,None
WATLvirus_00298138,RS_GCF_000171815.1,d__Bacteria;p__Pseudomonadota;c__Gammaproteobacteria;o__Enterobacterales_A;f__Vibrionaceae;g__Vibrio;s__Vibrio sp000171815,iPHoP-RF,90.10,None
WATLvirus_00298155,RS_GCF_015594725.1,d__Bacteria;p__Bacteroidota;c__Bacteroidia;o__Flavobacteriales;f__Flavobacteriaceae;g__Flavobacterium;s__Flavobacterium sp015594725,iPHoP-RF,94.10,None
WATLvirus_00298155,RS_GCF_000708595.2,d__Bacteria;p__Bacteroidota;c__Bacteroidia;o__Flavobacteriales;f__Flavobacteriaceae;g__Flavobacterium;s__Flavobacterium sp000708595,iPHoP-RF,93.40,None
WATLvirus_00298155,RS_GCF_009711165.2,d__Bacteria;p__Bacteroidota;c__Bacteroidia;o__Flavobacteriales;f__Flavobacteriaceae;g__Flavobacterium;s__Flavobacterium sp009711165,iPHoP-RF,90.10,None
WATLvirus_00298182,GB_GCA_003669125.1,d__Bacteria;p__Planctomycetota;c__Planctomycetia;o__Planctomycetales;f__Planctomycetaceae;g__SXKJ01;s__SXKJ01 sp003669125,iPHoP-RF,93.70,None
WATLvirus_00298182,GB_GCA_945906725.1,d__Bacteria;p__Planctomycetota;c__Planctomycetia;o__Planctomycetales;f__Planctomycetaceae;g__SXKJ01;s__SXKJ01 sp945906725,iPHoP-RF,93.40,None
WATLvirus_00298182,GB_GCA_005778115.1,d__Bacteria;p__Planctomycetota;c__Planctomycetia;o__Planctomycetales;f__Planctomycetaceae;g__SXKJ01;s__SXKJ01 sp005778115,iPHoP-RF,93.10,None
WATLvirus_00298185,RS_GCF_002094885.1,d__Bacteria;p__Pseudomonadota;c__Alphaproteobacteria;o__Rhodobacterales;f__Rhodobacteraceae;g__Salibaculum;s__Salibaculum halophilum,blast,91.90,None
WATLvirus_00298294,RS_GCF_001308265.1,d__Bacteria;p__Pseudomonadota;c__Alphaproteobacteria;o__Rhodobacterales;f__Rhodobacteraceae;g__Celeribacter_A;s__Celeribacter_A marinus,blast,93.30,None
WATLvirus_00298341,RS_GCF_003991225.1,d__Bacteria;p__Bacillota;c__Bacilli;o__Bacillales;f__Planococcaceae;g__Kurthia;s__Kurthia intestinigallinarum,iPHoP-RF,94.40,None
WATLvirus_00298441,RS_GCF_003324675.1,d__Bacteria;p__Pseudomonadota;c__Alphaproteobacteria;o__Rhodobacterales;f__Rhodobacteraceae;g__Paracoccus;s__Paracoccus suum,blast,91.20,iPHoP-RF;56.80
WATLvirus_00298464,RS_GCF_001458315.1,d__Bacteria;p__Pseudomonadota;c__Alphaproteobacteria;o__Rhodobacterales;f__Rhodobacteraceae;g__Thalassobacter;s__Thalassobacter stenotrophicus,blast,93.90,None
WATLvirus_00298464,RS_GCF_001049735.1,d__Bacteria;p__Pseudomonadota;c__Alphaproteobacteria;o__Rhodobacterales;f__Rhodobacteraceae;g__Nereida;s__Nereida ignava,blast,90.70,None
WATLvirus_00305816,RS_GCF_003298505.1,d__Bacteria;p__Pseudomonadota;c__Alphaproteobacteria;o__Rhodobacterales;f__Rhodobacteraceae;g__Roseovarius;s__Roseovarius sp003298505,blast,91.80,None
WATLvirus_00305819,bin.108,d__Bacteria;p__Planctomycetota;c__Planctomycetia;o__Pirellulales;f__Pirellulaceae;g__;s__,blast,92.90,iPHoP-RF;80.60
WATLvirus_00305824,bin.221,d__Bacteria;p__Pseudomonadota;c__Gammaproteobacteria;o__Burkholderiales;f__Burkholderiaceae;g__Ralstonia;s__,blast,98.40,iPHoP-RF;63.30
WATLvirus_00305824,GB_GCA_022631215.1,d__Bacteria;p__Pseudomonadota;c__Gammaproteobacteria;o__Burkholderiales;f__Burkholderiaceae;g__Ralstonia;s__Ralstonia sp001078575,blast,97.80,iPHoP-RF;71.50
WATLvirus_00305824,RS_GCF_008801405.1,d__Bacteria;p__Pseudomonadota;c__Gammaproteobacteria;o__Burkholderiales;f__Burkholderiaceae;g__Ralstonia;s__Ralstonia insidiosa,blast,97.80,iPHoP-RF;84.50
WATLvirus_00305824,RS_GCF_024925465.1,d__Bacteria;p__Pseudomonadota;c__Gammaproteobacteria;o__Burkholderiales;f__Burkholderiaceae;g__Ralstonia;s__Ralstonia pseudosolanacearum,blast,96.80,None
WATLvirus_00305824,RS_GCF_900115545.1,d__Bacteria;p__Pseudomonadota;c__Gammaproteobacteria;o__Burkholderiales;f__Burkholderiaceae;g__Ralstonia;s__Ralstonia sp900115545,blast,96.70,None
WATLvirus_00305824,RS_GCF_000620465.1,d__Bacteria;p__Pseudomonadota;c__Gammaproteobacteria;o__Burkholderiales;f__Burkholderiaceae;g__Ralstonia;s__Ralstonia sp000620465,blast,96.60,iPHoP-RF;52.80
WATLvirus_00305824,RS_GCF_007997035.1,d__Bacteria;p__Pseudomonadota;c__Gammaproteobacteria;o__Burkholderiales;f__Burkholderiaceae;g__Ralstonia;s__Ralstonia sp007997035,blast,96.50,iPHoP-RF;64.00
WATLvirus_00305824,RS_GCF_000801955.1,d__Bacteria;p__Pseudomonadota;c__Gammaproteobacteria;o__Burkholderiales;f__Burkholderiaceae;g__Ralstonia;s__Ralstonia sp000801955,blast,93.40,iPHoP-RF;77.30
WATLvirus_00305824,RS_GCF_016429285.1,d__Bacteria;p__Pseudomonadota;c__Gammaproteobacteria;o__Burkholderiales;f__Burkholderiaceae;g__Ralstonia;s__Ralstonia sp016429285,blast,93.40,iPHoP-RF;74.10
WATLvirus_00305824,RS_GCF_001699815.1,d__Bacteria;p__Pseudomonadota;c__Gammaproteobacteria;o__Burkholderiales;f__Burkholderiaceae;g__Ralstonia;s__Ralstonia pickettii_B,blast,91.00,None
WATLvirus_00305824,RS_GCF_002251695.1,d__Bacteria;p__Pseudomonadota;c__Gammaproteobacteria;o__Burkholderiales;f__Burkholderiaceae;g__Ralstonia;s__Ralstonia solanacearum,blast,91.00,None
WATLvirus_00305836,GB_GCA_900197625.1,d__Bacteria;p__Pseudomonadota;c__Alphaproteobacteria;o__Rhodobacterales;f__Rhodobacteraceae;g__Amylibacter;s__Amylibacter sp900197625,blast,93.90,None
WATLvirus_00305839,bin.33,d__Bacteria;p__Pseudomonadota;c__Alphaproteobacteria;o__Rhodobacterales;f__Rhodobacteraceae;g__;s__,blast,93.90,iPHoP-RF;62.20
WATLvirus_00305839,RS_GCF_004000435.1,d__Bacteria;p__Pseudomonadota;c__Alphaproteobacteria;o__Rhodobacterales;f__Rhodobacteraceae;g__Alexandriicola;s__Alexandriicola marinus,blast,91.30,None
WATLvirus_00305841,RS_GCF_000474235.1,d__Archaea;p__Halobacteriota;c__Halobacteria;o__Halobacteriales;f__Halobacteriaceae;g__Halarchaeum;s__Halarchaeum acidiphilum,blast,93.90,iPHoP-RF;62.50
WATLvirus_00305841,RS_GCF_014647155.1,d__Archaea;p__Halobacteriota;c__Halobacteria;o__Halobacteriales;f__Halobacteriaceae;g__Halarchaeum;s__Halarchaeum nitratireducens,blast,92.40,iPHoP-RF;64.30
WATLvirus_00305841,RS_GCF_021233415.1,d__Archaea;p__Halobacteriota;c__Halobacteria;o__Halobacteriales;f__Halobacteriaceae;g__Halobacterium;s__Halobacterium litoreum,blast,91.10,iPHoP-RF;59.00
WATLvirus_00305843,bin.277,d__Bacteria;p__Pseudomonadota;c__Zetaproteobacteria;o__Mariprofundales;f__Mariprofundaceae;g__Mariprofundus;s__,blast,98.40,None
WATLvirus_00305975,RS_GCF_014268495.2,d__Bacteria;p__Pseudomonadota;c__Gammaproteobacteria;o__Pseudomonadales;f__Pseudomonadaceae;g__Pseudomonas_E;s__Pseudomonas_E monsensis,iPHoP-RF,96.40,blast;88.40
WATLvirus_00305975,RS_GCF_001043025.1,d__Bacteria;p__Pseudomonadota;c__Gammaproteobacteria;o__Pseudomonadales;f__Pseudomonadaceae;g__Pseudomonas_E;s__Pseudomonas_E helleri,iPHoP-RF,95.10,blast;84.40
WATLvirus_00305975,RS_GCF_018336155.1,d__Bacteria;p__Pseudomonadota;c__Gammaproteobacteria;o__Pseudomonadales;f__Pseudomonadaceae;g__Pseudomonas_E;s__Pseudomonas_E rustica,iPHoP-RF,95.10,blast;87.90
WATLvirus_00305975,RS_GCF_001952855.1,d__Bacteria;p__Pseudomonadota;c__Gammaproteobacteria;o__Pseudomonadales;f__Pseudomonadaceae;g__Pseudomonas_E;s__Pseudomonas_E sp001952855,iPHoP-RF,94.70,blast;91.00
WATLvirus_00305975,RS_GCF_020423045.1,d__Bacteria;p__Pseudomonadota;c__Gammaproteobacteria;o__Pseudomonadales;f__Pseudomonadaceae;g__Pseudomonas_E;s__Pseudomonas_E sp000282415,iPHoP-RF,94.40,blast;90.80
WATLvirus_00305975,RS_GCF_004519405.1,d__Bacteria;p__Pseudomonadota;c__Gammaproteobacteria;o__Pseudomonadales;f__Pseudomonadaceae;g__Pseudomonas_E;s__Pseudomonas_E sp004519405,iPHoP-RF,94.10,blast;93.60
WATLvirus_00305975,RS_GCF_001983165.1,d__Bacteria;p__Pseudomonadota;c__Gammaproteobacteria;o__Pseudomonadales;f__Pseudomonadaceae;g__Pseudomonas_E;s__Pseudomonas_E gessardii,iPHoP-RF,93.70,blast;89.80
WATLvirus_00305975,RS_GCF_021018765.1,d__Bacteria;p__Pseudomonadota;c__Gammaproteobacteria;o__Pseudomonadales;f__Pseudomonadaceae;g__Pseudomonas_E;s__Pseudomonas_E sp021018765,iPHoP-RF,92.80,blast;88.00
WATLvirus_00305975,RS_GCF_009834565.1,d__Bacteria;p__Pseudomonadota;c__Gammaproteobacteria;o__Pseudomonadales;f__Pseudomonadaceae;g__Pseudomonas_E;s__Pseudomonas_E sp009834565,iPHoP-RF,92.40,blast;90.40
WATLvirus_00305975,RS_GCF_002025705.1,d__Bacteria;p__Pseudomonadota;c__Gammaproteobacteria;o__Pseudomonadales;f__Pseudomonadaceae;g__Pseudomonas_E;s__Pseudomonas_E putida_J,blast,92.10,iPHoP-RF;73.90
WATLvirus_00305975,RS_GCF_021282585.1,d__Bacteria;p__Pseudomonadota;c__Gammaproteobacteria;o__Pseudomonadales;f__Pseudomonadaceae;g__Pseudomonas_E;s__Pseudomonas_E alloputida,blast,91.80,iPHoP-RF;74.80
WATLvirus_00305975,RS_GCF_000730605.1,d__Bacteria;p__Pseudomonadota;c__Gammaproteobacteria;o__Pseudomonadales;f__Pseudomonadaceae;g__Pseudomonas_E;s__Pseudomonas_E monteilii,blast,91.60,iPHoP-RF;60.30
WATLvirus_00305975,RS_GCF_021602585.1,d__Bacteria;p__Pseudomonadota;c__Gammaproteobacteria;o__Pseudomonadales;f__Pseudomonadaceae;g__Pseudomonas_E;s__Pseudomonas_E faucium,blast,91.20,iPHoP-RF;65.80
WATLvirus_00305975,RS_GCF_000730565.1,d__Bacteria;p__Pseudomonadota;c__Gammaproteobacteria;o__Pseudomonadales;f__Pseudomonadaceae;g__Pseudomonas_E;s__Pseudomonas_E fulva,blast,91.10,None
WATLvirus_00305975,RS_GCF_900102035.1,d__Bacteria;p__Pseudomonadota;c__Gammaproteobacteria;o__Pseudomonadales;f__Pseudomonadaceae;g__Pseudomonas_E;s__Pseudomonas_E extremaustralis,iPHoP-RF,91.10,blast;87.70
WATLvirus_00305975,GB_GCA_003523465.1,d__Bacteria;p__Pseudomonadota;c__Gammaproteobacteria;o__Pseudomonadales;f__Pseudomonadaceae;g__Pseudomonas_E;s__Pseudomonas_E sp003523465,iPHoP-RF,90.50,None
WATLvirus_00305975,RS_GCF_000730425.1,d__Bacteria;p__Pseudomonadota;c__Gammaproteobacteria;o__Pseudomonadales;f__Pseudomonadaceae;g__Pseudomonas_E;s__Pseudomonas_E fluorescens_X,iPHoP-RF,90.50,blast;90.00
WATLvirus_00306018,bin.108,d__Bacteria;p__Planctomycetota;c__Planctomycetia;o__Pirellulales;f__Pirellulaceae;g__;s__,blast,93.50,None
WATLvirus_00306039,RS_GCF_001620065.1,d__Bacteria;p__Actinomycetota;c__Actinomycetia;o__Actinomycetales;f__Microbacteriaceae;g__Microbacterium;s__Microbacterium sp001620065,iPHoP-RF,91.40,None
WATLvirus_00306039,GB_GCA_002703245.1,d__Bacteria;p__Actinomycetota;c__Actinomycetia;o__Actinomycetales;f__Microbacteriaceae;g__Microbacterium;s__Microbacterium sp002703245,iPHoP-RF,90.50,None
WATLvirus_00306042,GB_GCA_018830285.1,d__Bacteria;p__Pseudomonadota;c__Alphaproteobacteria;o__Caulobacterales;f__Hyphomonadaceae;g__Hyphomonas;s__Hyphomonas sp018830285,blast,92.30,iPHoP-RF;74.60
WATLvirus_00306284,bin.164,d__Bacteria;p__Pseudomonadota;c__Alphaproteobacteria;o__Rhodobacterales;f__Rhodobacteraceae;g__Marivita;s__,blast,92.00,iPHoP-RF;59.20
WATLvirus_00306284,RS_GCF_014637725.1,d__Bacteria;p__Pseudomonadota;c__Alphaproteobacteria;o__Rhodobacterales;f__Rhodobacteraceae;g__Marivita;s__Marivita lacus,blast,91.60,iPHoP-RF;71.30
WATLvirus_00306307,GB_GCA_943914465.1,d__Bacteria;p__Actinomycetota;c__Actinomycetia;o__Mycobacteriales;f__Mycobacteriaceae;g__Corynebacterium;s__Corynebacterium sp943914465,iPHoP-RF,95.70,None
WATLvirus_00306307,RS_GCF_001875665.1,d__Bacteria;p__Actinomycetota;c__Actinomycetia;o__Mycobacteriales;f__Mycobacteriaceae;g__Corynebacterium;s__Corynebacterium sp001875665,iPHoP-RF,93.70,None
WATLvirus_00306307,RS_GCF_001875725.1,d__Bacteria;p__Actinomycetota;c__Actinomycetia;o__Mycobacteriales;f__Mycobacteriaceae;g__Corynebacterium;s__Corynebacterium sp001875725,iPHoP-RF,93.10,None
WATLvirus_00306307,RS_GCF_900105505.1,d__Bacteria;p__Actinomycetota;c__Actinomycetia;o__Mycobacteriales;f__Mycobacteriaceae;g__Corynebacterium;s__Corynebacterium coyleae,iPHoP-RF,92.80,None
WATLvirus_00306307,RS_GCF_001767255.1,d__Bacteria;p__Actinomycetota;c__Actinomycetia;o__Mycobacteriales;f__Mycobacteriaceae;g__Corynebacterium;s__Corynebacterium sp001767255,iPHoP-RF,92.10,None
WATLvirus_00306307,RS_GCF_016728505.1,d__Bacteria;p__Actinomycetota;c__Actinomycetia;o__Mycobacteriales;f__Mycobacteriaceae;g__Corynebacterium;s__Corynebacterium riegelii,iPHoP-RF,92.10,None
WATLvirus_00306307,RS_GCF_008693065.1,d__Bacteria;p__Actinomycetota;c__Actinomycetia;o__Mycobacteriales;f__Mycobacteriaceae;g__Corynebacterium;s__Corynebacterium tuscaniense,iPHoP-RF,91.10,None
WATLvirus_00306550,GB_GCA_002197545.1,d__Bacteria;p__Acidobacteriota;c__Terriglobia;o__Terriglobales;f__Acidobacteriaceae;g__Edaphobacter;s__Edaphobacter sp002197545,iPHoP-RF,91.40,None
WATLvirus_00306594,RS_GCF_000813965.1,d__Bacteria;p__Pseudomonadota;c__Alphaproteobacteria;o__Rhodobacterales;f__Rhodobacteraceae;g__Leisingera;s__Leisingera sp000813965,blast,93.50,iPHoP-RF;83.10
WATLvirus_00306681,GB_GCA_020859745.1,d__Bacteria;p__Bacteroidota;c__Bacteroidia;o__Bacteroidales;f__Rikenellaceae;g__Rikenella;s__Rikenella sp020859745,iPHoP-RF,95.10,None
WATLvirus_00306794,GB_GCA_913056335.1,d__Bacteria;p__Bacteroidota;c__Rhodothermia;o__Rhodothermales;f__Salinibacteraceae;g__Longimonas;s__Longimonas sp913056335,blast,93.50,None
WATLvirus_00306907,RS_GCF_004025585.1,d__Bacteria;p__Desulfobacterota;c__Desulfovibrionia;o__Desulfovibrionales;f__Desulfovibrionaceae;g__Pseudodesulfovibrio;s__Pseudodesulfovibrio sp004025585,blast,91.60,None
WATLvirus_00306913,RS_GCF_006716865.1,d__Bacteria;p__Pseudomonadota;c__Alphaproteobacteria;o__Rhodobacterales;f__Rhodobacteraceae;g__Roseinatronobacter;s__Roseinatronobacter monicus,blast,93.20,None
WATLvirus_00306928,RS_GCF_900114485.1,d__Bacteria;p__Pseudomonadota;c__Alphaproteobacteria;o__Rhodobacterales;f__Rhodobacteraceae;g__Loktanella;s__Loktanella salsilacus,iPHoP-RF,91.10,None
WATLvirus_00306931,bin.4,d__Bacteria;p__Pseudomonadota;c__Alphaproteobacteria;o__Rhizobiales;f__Devosiaceae;g__Devosia;s__,blast,91.10,iPHoP-RF;61.40
WATLvirus_00306979,bin.129,d__Bacteria;p__Planctomycetota;c__Phycisphaerae;o__Phycisphaerales;f__SM1A02;g__VGXO01;s__,blast,93.20,None
WATLvirus_00307052,RS_GCF_006151785.1,d__Bacteria;p__Pseudomonadota;c__Alphaproteobacteria;o__Rhodobacterales;f__Rhodobacteraceae;g__Paracoccus;s__Paracoccus marcusii,blast,93.70,iPHoP-RF;50.40
WATLvirus_00307052,GB_GCA_016869875.1,d__Bacteria;p__Pseudomonadota;c__Alphaproteobacteria;o__Rhodobacterales;f__Rhodobacteraceae;g__Paracoccus;s__Paracoccus sp016869875,blast,91.20,iPHoP-RF;59.80
WATLvirus_00307052,RS_GCF_004683865.2,d__Bacteria;p__Pseudomonadota;c__Alphaproteobacteria;o__Rhodobacterales;f__Rhodobacteraceae;g__Paracoccus;s__Paracoccus liaowanqingii,blast,90.80,None
WATLvirus_00307142,GB_GCA_018830285.1,d__Bacteria;p__Pseudomonadota;c__Alphaproteobacteria;o__Caulobacterales;f__Hyphomonadaceae;g__Hyphomonas;s__Hyphomonas sp018830285,blast,96.80,iPHoP-RF;55.70
WATLvirus_00307333,RS_GCF_900182725.1,d__Bacteria;p__Pseudomonadota;c__Alphaproteobacteria;o__Rhodobacterales;f__Rhodobacteraceae;g__Thalassobius;s__Thalassobius litoralis,blast,93.20,iPHoP-RF;54.40
WATLvirus_00307333,GB_GCA_017643905.1,d__Bacteria;p__Pseudomonadota;c__Alphaproteobacteria;o__Rhodobacterales;f__Rhodobacteraceae;g__Marivita;s__Marivita sp017643905,blast,90.40,None
WATLvirus_00307334,RS_GCF_012395815.1,d__Bacteria;p__Pseudomonadota;c__Alphaproteobacteria;o__Rhodobacterales;f__Rhodobacteraceae;g__Roseicyclus;s__Roseicyclus persicicum,blast,92.20,iPHoP-RF;71.10
WATLvirus_00307334,RS_GCF_003148775.1,d__Bacteria;p__Pseudomonadota;c__Alphaproteobacteria;o__Rhodobacterales;f__Rhodobacteraceae;g__Roseicyclus;s__Roseicyclus mahoneyensis,blast,92.10,iPHoP-RF;75.70
WATLvirus_00307334,GB_GCA_018402035.1,d__Bacteria;p__Pseudomonadota;c__Alphaproteobacteria;o__Rhodobacterales;f__Rhodobacteraceae;g__Roseicyclus;s__Roseicyclus sp018402035,blast,91.80,iPHoP-RF;73.70
WATLvirus_00307494,GB_GCA_022448995.1,d__Bacteria;p__Bacteroidota;c__Bacteroidia;o__Chitinophagales;f__Saprospiraceae;g__JAKVCT01;s__JAKVCT01 sp022448995,iPHoP-RF,90.10,None
WATLvirus_00307592,GB_GCA_018401935.1,d__Bacteria;p__Bacteroidota;c__Rhodothermia;o__Balneolales;f__Balneolaceae;g__UBA1275;s__UBA1275 sp018401935,blast,93.40,None
WATLvirus_00307592,RS_GCF_023008245.1,d__Bacteria;p__Bacteroidota;c__Bacteroidia;o__Flavobacteriales;f__Flavobacteriaceae;g__Flavobacterium;s__Flavobacterium sediminilitoris,blast,90.80,iPHoP-RF;67.00
WATLvirus_00307728,GB_GCA_002403445.1,d__Bacteria;p__Pseudomonadota;c__Gammaproteobacteria;o__Nevskiales;f__Salinisphaeraceae;g__Salifodinibacter;s__Salifodinibacter sp002403445,blast,91.20,iPHoP-RF;60.10
WATLvirus_00307752,RS_GCF_000171815.1,d__Bacteria;p__Pseudomonadota;c__Gammaproteobacteria;o__Enterobacterales_A;f__Vibrionaceae;g__Vibrio;s__Vibrio sp000171815,iPHoP-RF,92.10,None
WATLvirus_00307798,GB_GCA_003209165.1,d__Bacteria;p__Cyanobacteriota;c__Cyanobacteriia;o__PCC-6307;f__Cyanobiaceae;g__Parasynechococcus;s__Parasynechococcus sp003209165,iPHoP-RF,96.40,None
WATLvirus_00307798,GB_GCA_003211535.1,d__Bacteria;p__Cyanobacteriota;c__Cyanobacteriia;o__PCC-6307;f__Cyanobiaceae;g__Parasynechococcus;s__Parasynechococcus sp003211535,iPHoP-RF,96.10,None
WATLvirus_00307798,GB_GCA_913040905.1,d__Bacteria;p__Cyanobacteriota;c__Cyanobacteriia;o__PCC-6307;f__Cyanobiaceae;g__Parasynechococcus;s__Parasynechococcus sp913040905,iPHoP-RF,96.10,None
WATLvirus_00307798,GB_GCA_003210795.1,d__Bacteria;p__Cyanobacteriota;c__Cyanobacteriia;o__PCC-6307;f__Cyanobiaceae;g__Parasynechococcus;s__Parasynechococcus sp003210795,iPHoP-RF,95.70,None
WATLvirus_00307798,GB_GCA_003211235.1,d__Bacteria;p__Cyanobacteriota;c__Cyanobacteriia;o__PCC-6307;f__Cyanobiaceae;g__Parasynechococcus;s__Parasynechococcus sp003211235,iPHoP-RF,95.70,None
WATLvirus_00307798,GB_GCA_913050105.1,d__Bacteria;p__Cyanobacteriota;c__Cyanobacteriia;o__PCC-6307;f__Cyanobiaceae;g__Parasynechococcus;s__Parasynechococcus sp913050105,iPHoP-RF,93.40,None
WATLvirus_00307798,RS_GCF_000737595.1,d__Bacteria;p__Cyanobacteriota;c__Cyanobacteriia;o__PCC-6307;f__Cyanobiaceae;g__Parasynechococcus;s__Parasynechococcus sp000737595,iPHoP-RF,93.10,None
WATLvirus_00307798,RS_GCF_000012625.1,d__Bacteria;p__Cyanobacteriota;c__Cyanobacteriia;o__PCC-6307;f__Cyanobiaceae;g__Parasynechococcus;s__Parasynechococcus sp000012625,iPHoP-RF,92.80,None
WATLvirus_00307798,RS_GCF_000161795.2,d__Bacteria;p__Cyanobacteriota;c__Cyanobacteriia;o__PCC-6307;f__Cyanobiaceae;g__Parasynechococcus;s__Parasynechococcus sp000161795,iPHoP-RF,92.80,None
WATLvirus_00307798,GB_GCA_003210735.1,d__Bacteria;p__Cyanobacteriota;c__Cyanobacteriia;o__PCC-6307;f__Cyanobiaceae;g__Parasynechococcus;s__Parasynechococcus sp003210735,iPHoP-RF,92.10,None
WATLvirus_00307798,GB_GCA_002170825.1,d__Bacteria;p__Cyanobacteriota;c__Cyanobacteriia;o__PCC-6307;f__Cyanobiaceae;g__Parasynechococcus;s__Parasynechococcus sp002170825,iPHoP-RF,91.40,None
WATLvirus_00307798,GB_GCA_014280195.1,d__Bacteria;p__Cyanobacteriota;c__Cyanobacteriia;o__PCC-6307;f__Cyanobiaceae;g__Parasynechococcus;s__Parasynechococcus sp014280195,iPHoP-RF,91.40,None
WATLvirus_00307798,RS_GCF_000195975.1,d__Bacteria;p__Cyanobacteriota;c__Cyanobacteriia;o__PCC-6307;f__Cyanobiaceae;g__Parasynechococcus;s__Parasynechococcus marenigrum,iPHoP-RF,91.40,None
WATLvirus_00307798,GB_GCA_014280175.1,d__Bacteria;p__Cyanobacteriota;c__Cyanobacteriia;o__PCC-6307;f__Cyanobiaceae;g__Parasynechococcus;s__Parasynechococcus sp004212765,iPHoP-RF,90.80,None
WATLvirus_00307798,RS_GCF_014279755.1,d__Bacteria;p__Cyanobacteriota;c__Cyanobacteriia;o__PCC-6307;f__Cyanobiaceae;g__Parasynechococcus;s__Parasynechococcus sp014279755,iPHoP-RF,90.50,None
WATLvirus_00307849,RS_GCF_003569005.1,d__Bacteria;p__Pseudomonadota;c__Gammaproteobacteria;o__Enterobacterales_A;f__Vibrionaceae;g__Vibrio;s__Vibrio superstes,iPHoP-RF,95.40,None
WATLvirus_00307849,GB_GCA_000755425.1,d__Bacteria;p__Pseudomonadota;c__Gammaproteobacteria;o__Enterobacterales_A;f__Vibrionaceae;g__Vibrio;s__Vibrio maritimus_A,iPHoP-RF,94.10,None
WATLvirus_00307849,GB_GCA_018222805.1,d__Bacteria;p__Pseudomonadota;c__Gammaproteobacteria;o__Enterobacterales_A;f__Vibrionaceae;g__Vibrio;s__Vibrio sp018222805,iPHoP-RF,93.70,None
WATLvirus_00307849,GB_GCA_024346835.1,d__Bacteria;p__Pseudomonadota;c__Gammaproteobacteria;o__Enterobacterales_A;f__Vibrionaceae;g__Vibrio;s__Vibrio comitans,iPHoP-RF,93.40,None
WATLvirus_00307849,GB_GCA_000695745.1,d__Bacteria;p__Pseudomonadota;c__Gammaproteobacteria;o__Enterobacterales_A;f__Vibrionaceae;g__Vibrio;s__Vibrio madracius,iPHoP-RF,92.80,None
WATLvirus_00307849,GB_GCA_024346875.1,d__Bacteria;p__Pseudomonadota;c__Gammaproteobacteria;o__Enterobacterales_A;f__Vibrionaceae;g__Vibrio;s__Vibrio gallicus,iPHoP-RF,92.80,None
WATLvirus_00307849,GB_GCA_024346935.1,d__Bacteria;p__Pseudomonadota;c__Gammaproteobacteria;o__Enterobacterales_A;f__Vibrionaceae;g__Vibrio;s__Vibrio inusitatus,iPHoP-RF,92.10,None
WATLvirus_00307849,RS_GCF_900089835.1,d__Bacteria;p__Pseudomonadota;c__Gammaproteobacteria;o__Enterobacterales_A;f__Vibrionaceae;g__Vibrio;s__Vibrio thalassae,iPHoP-RF,92.10,None
WATLvirus_00307849,RS_GCF_021441885.1,d__Bacteria;p__Pseudomonadota;c__Gammaproteobacteria;o__Enterobacterales_A;f__Vibrionaceae;g__Vibrio;s__Vibrio maritimus_B,iPHoP-RF,91.40,None
WATLvirus_00307849,RS_GCF_022836845.1,d__Bacteria;p__Pseudomonadota;c__Gammaproteobacteria;o__Enterobacterales_A;f__Vibrionaceae;g__Vibrio;s__Vibrio sp022836845,iPHoP-RF,91.40,None
WATLvirus_00307849,RS_GCF_004551525.1,d__Bacteria;p__Pseudomonadota;c__Gammaproteobacteria;o__Enterobacterales_A;f__Vibrionaceae;g__Vibrio;s__Vibrio ouci,iPHoP-RF,90.80,None
WATLvirus_00308015,RS_GCF_001667505.1,d__Bacteria;p__Actinomycetota;c__Actinomycetia;o__Mycobacteriales;f__Mycobacteriaceae;g__Mycobacterium;s__Mycobacterium sp001667505,iPHoP-RF,91.80,None
WATLvirus_00308015,RS_GCF_014873705.1,d__Bacteria;p__Actinomycetota;c__Actinomycetia;o__Mycobacteriales;f__Mycobacteriaceae;g__Mycobacterium;s__Mycobacterium sp014873705,iPHoP-RF,91.80,None
WATLvirus_00308015,RS_GCF_010726085.1,d__Bacteria;p__Actinomycetota;c__Actinomycetia;o__Mycobacteriales;f__Mycobacteriaceae;g__Mycobacterium;s__Mycobacterium moriokaense,iPHoP-RF,91.40,None
WATLvirus_00308030,GB_GCA_913056335.1,d__Bacteria;p__Bacteroidota;c__Rhodothermia;o__Rhodothermales;f__Salinibacteraceae;g__Longimonas;s__Longimonas sp913056335,blast,93.90,None
WATLvirus_00308066,GB_GCA_018402565.1,d__Bacteria;p__Planctomycetota;c__Planctomycetia;o__Pirellulales;f__Pirellulaceae;g__M30B19;s__M30B19 sp018402565,blast,93.30,None
WATLvirus_00308116,GB_GCA_003209165.1,d__Bacteria;p__Cyanobacteriota;c__Cyanobacteriia;o__PCC-6307;f__Cyanobiaceae;g__Parasynechococcus;s__Parasynechococcus sp003209165,iPHoP-RF,91.40,None
WATLvirus_00308141,RS_GCF_000153825.1,d__Bacteria;p__Cyanobacteriota;c__Cyanobacteriia;o__PCC-6307;f__Cyanobiaceae;g__Synechococcus_C;s__Synechococcus_C sp000153825,blast,96.00,iPHoP-RF;70.40
WATLvirus_00308147,GB_GCA_022763245.1,d__Bacteria;p__Pseudomonadota;c__Alphaproteobacteria;o__Rhizobiales;f__Rhizobiaceae;g__Oricola;s__Oricola sp022763245,blast,93.20,iPHoP-RF;51.70
WATLvirus_00308264,GB_GCA_002457245.1,d__Bacteria;p__Pseudomonadota;c__Gammaproteobacteria;o__Pseudomonadales;f__Porticoccaceae;g__HTCC2207;s__HTCC2207 sp002457245,blast,95.40,iPHoP-RF;71.90
WATLvirus_00308271,GB_GCA_018402565.1,d__Bacteria;p__Planctomycetota;c__Planctomycetia;o__Pirellulales;f__Pirellulaceae;g__M30B19;s__M30B19 sp018402565,blast,91.60,iPHoP-RF;59.80
WATLvirus_00308392,GB_GCA_001304215.1,d__Bacteria;p__Pseudomonadota;c__Gammaproteobacteria;o__Acidiferrobacterales;f__Sulfurifustaceae;g__SM1-46;s__SM1-46 sp001304215,blast,96.90,None
WATLvirus_00308600,GB_GCA_020343875.1,d__Bacteria;p__Chloroflexota;c__Anaerolineae;o__4572-78;f__NAK82;g__G020343875;s__G020343875 sp020343875,blast,94.20,None
WATLvirus_00308618,GB_GCA_018830285.1,d__Bacteria;p__Pseudomonadota;c__Alphaproteobacteria;o__Caulobacterales;f__Hyphomonadaceae;g__Hyphomonas;s__Hyphomonas sp018830285,blast,93.60,iPHoP-RF;55.40
WATLvirus_00308619,RS_GCF_018882295.1,d__Bacteria;p__Pseudomonadota;c__Gammaproteobacteria;o__Burkholderiales;f__Burkholderiaceae;g__Polynucleobacter;s__Polynucleobacter sp018882295,iPHoP-RF,95.40,None
WATLvirus_00308619,GB_GCA_001830325.1,d__Bacteria;p__Pseudomonadota;c__Gammaproteobacteria;o__Burkholderiales;f__Burkholderiaceae;g__Polynucleobacter;s__Polynucleobacter sp001830325,iPHoP-RF,94.40,None
WATLvirus_00308619,RS_GCF_018687355.1,d__Bacteria;p__Pseudomonadota;c__Gammaproteobacteria;o__Burkholderiales;f__Burkholderiaceae;g__Polynucleobacter;s__Polynucleobacter sp018687355,iPHoP-RF,93.40,None
WATLvirus_00308619,RS_GCF_018687895.1,d__Bacteria;p__Pseudomonadota;c__Gammaproteobacteria;o__Burkholderiales;f__Burkholderiaceae;g__Polynucleobacter;s__Polynucleobacter sp018687895,iPHoP-RF,93.10,None
WATLvirus_00308619,GB_GCA_900095165.1,d__Bacteria;p__Pseudomonadota;c__Gammaproteobacteria;o__Burkholderiales;f__Burkholderiaceae;g__Polynucleobacter;s__Polynucleobacter necessarius_J,iPHoP-RF,92.40,None
WATLvirus_00308619,RS_GCF_018687575.1,d__Bacteria;p__Pseudomonadota;c__Gammaproteobacteria;o__Burkholderiales;f__Burkholderiaceae;g__Polynucleobacter;s__Polynucleobacter asymbioticus_C,iPHoP-RF,92.40,None
WATLvirus_00308619,RS_GCF_018687815.1,d__Bacteria;p__Pseudomonadota;c__Gammaproteobacteria;o__Burkholderiales;f__Burkholderiaceae;g__Polynucleobacter;s__Polynucleobacter sp018687815,iPHoP-RF,92.40,None
WATLvirus_00308619,RS_GCF_018882085.1,d__Bacteria;p__Pseudomonadota;c__Gammaproteobacteria;o__Burkholderiales;f__Burkholderiaceae;g__Polynucleobacter;s__Polynucleobacter sp018882085,iPHoP-RF,92.40,None
WATLvirus_00308619,RS_GCF_018882405.1,d__Bacteria;p__Pseudomonadota;c__Gammaproteobacteria;o__Burkholderiales;f__Burkholderiaceae;g__Polynucleobacter;s__Polynucleobacter sp018882405,iPHoP-RF,92.40,None
WATLvirus_00308619,RS_GCF_018882325.1,d__Bacteria;p__Pseudomonadota;c__Gammaproteobacteria;o__Burkholderiales;f__Burkholderiaceae;g__Polynucleobacter;s__Polynucleobacter sp018882325,iPHoP-RF,92.10,None
WATLvirus_00308619,RS_GCF_018687535.1,d__Bacteria;p__Pseudomonadota;c__Gammaproteobacteria;o__Burkholderiales;f__Burkholderiaceae;g__Polynucleobacter;s__Polynucleobacter sp018687535,iPHoP-RF,91.80,None
WATLvirus_00308619,RS_GCF_018881655.1,d__Bacteria;p__Pseudomonadota;c__Gammaproteobacteria;o__Burkholderiales;f__Burkholderiaceae;g__Polynucleobacter;s__Polynucleobacter sp001889925,iPHoP-RF,91.10,None
WATLvirus_00308619,RS_GCF_018688375.1,d__Bacteria;p__Pseudomonadota;c__Gammaproteobacteria;o__Burkholderiales;f__Burkholderiaceae;g__Polynucleobacter;s__Polynucleobacter sp018688375,iPHoP-RF,90.80,None
WATLvirus_00308781,RS_GCF_010731635.1,d__Bacteria;p__Actinomycetota;c__Actinomycetia;o__Mycobacteriales;f__Mycobacteriaceae;g__Mycobacterium;s__Mycobacterium noviomagense,iPHoP-RF,91.40,None
WATLvirus_00308781,RS_GCF_001672775.1,d__Bacteria;p__Actinomycetota;c__Actinomycetia;o__Mycobacteriales;f__Mycobacteriaceae;g__Mycobacterium;s__Mycobacterium kyorinense_A,iPHoP-RF,91.10,None
WATLvirus_00308781,GB_GCA_019246375.1,d__Bacteria;p__Actinomycetota;c__Actinomycetia;o__Mycobacteriales;f__Mycobacteriaceae;g__Mycobacterium;s__Mycobacterium sp019246375,iPHoP-RF,90.10,None
WATLvirus_00308781,RS_GCF_009936235.1,d__Bacteria;p__Actinomycetota;c__Actinomycetia;o__Mycobacteriales;f__Mycobacteriaceae;g__Mycobacterium;s__Mycobacterium xenopi,iPHoP-RF,90.10,None
WATLvirus_00308800,GB_GCA_018402565.1,d__Bacteria;p__Planctomycetota;c__Planctomycetia;o__Pirellulales;f__Pirellulaceae;g__M30B19;s__M30B19 sp018402565,blast,91.20,iPHoP-RF;58.70
WATLvirus_00308899,RS_GCF_003008555.2,d__Bacteria;p__Pseudomonadota;c__Alphaproteobacteria;o__Rhodobacterales;f__Rhodobacteraceae;g__Pukyongiella;s__Pukyongiella litopenaei,blast,95.90,iPHoP-RF;59.20
WATLvirus_00308934,RS_GCF_001875725.1,d__Bacteria;p__Actinomycetota;c__Actinomycetia;o__Mycobacteriales;f__Mycobacteriaceae;g__Corynebacterium;s__Corynebacterium sp001875725,iPHoP-RF,94.10,None
WATLvirus_00308934,RS_GCF_001767255.1,d__Bacteria;p__Actinomycetota;c__Actinomycetia;o__Mycobacteriales;f__Mycobacteriaceae;g__Corynebacterium;s__Corynebacterium sp001767255,iPHoP-RF,93.40,None
WATLvirus_00308934,RS_GCF_014490555.1,d__Bacteria;p__Actinomycetota;c__Actinomycetia;o__Mycobacteriales;f__Mycobacteriaceae;g__Corynebacterium;s__Corynebacterium lujinxingii,iPHoP-RF,92.80,None
WATLvirus_00308934,RS_GCF_900105505.1,d__Bacteria;p__Actinomycetota;c__Actinomycetia;o__Mycobacteriales;f__Mycobacteriaceae;g__Corynebacterium;s__Corynebacterium coyleae,iPHoP-RF,92.80,None
WATLvirus_00308934,RS_GCF_002563965.1,d__Bacteria;p__Actinomycetota;c__Actinomycetia;o__Mycobacteriales;f__Mycobacteriaceae;g__Corynebacterium;s__Corynebacterium renale,iPHoP-RF,92.10,None
WATLvirus_00308934,RS_GCF_001875665.1,d__Bacteria;p__Actinomycetota;c__Actinomycetia;o__Mycobacteriales;f__Mycobacteriaceae;g__Corynebacterium;s__Corynebacterium sp001875665,iPHoP-RF,91.80,None
WATLvirus_00309032,GB_GCA_002728915.1,d__Bacteria;p__Actinomycetota;c__Actinomycetia;o__Nanopelagicales;f__S36-B12;g__S36-B12;s__S36-B12 sp002728915,iPHoP-RF,90.10,None
WATLvirus_00309032,GB_GCA_012103605.1,d__Bacteria;p__Actinomycetota;c__Actinomycetia;o__Nanopelagicales;f__S36-B12;g__S36-B12;s__S36-B12 sp012103605,iPHoP-RF,90.10,None
WATLvirus_00309095,GB_GCA_016872925.1,d__Bacteria;p__Planctomycetota;c__Planctomycetia;o__Pirellulales;f__UBA1268;g__QWPN01;s__QWPN01 sp016872925,iPHoP-RF,96.10,None
WATLvirus_00309095,GB_GCA_017853835.1,d__Bacteria;p__Planctomycetota;c__Planctomycetia;o__Pirellulales;f__UBA1268;g__QWPN01;s__QWPN01 sp017853835,iPHoP-RF,96.10,None
WATLvirus_00309095,GB_GCA_003670825.1,d__Bacteria;p__Planctomycetota;c__Planctomycetia;o__Pirellulales;f__UBA1268;g__QWPN01;s__QWPN01 sp003670825,iPHoP-RF,93.70,None
WATLvirus_00309095,GB_GCA_903958265.1,d__Bacteria;p__Planctomycetota;c__Planctomycetia;o__Pirellulales;f__UBA1268;g__QWPN01;s__QWPN01 sp903958265,iPHoP-RF,93.40,None
WATLvirus_00309095,GB_GCA_945869735.1,d__Bacteria;p__Planctomycetota;c__Planctomycetia;o__Pirellulales;f__UBA1268;g__QWPN01;s__QWPN01 sp945869735,iPHoP-RF,92.80,None
WATLvirus_00309154,RS_GCF_900107935.1,d__Bacteria;p__Pseudomonadota;c__Gammaproteobacteria;o__Enterobacterales_A;f__Vibrionaceae;g__Vibrio;s__Vibrio hangzhouensis,iPHoP-RF,97.10,None
WATLvirus_00309154,RS_GCF_022397915.1,d__Bacteria;p__Pseudomonadota;c__Gammaproteobacteria;o__Enterobacterales_A;f__Vibrionaceae;g__Vibrio;s__Vibrio sp022397915,iPHoP-RF,96.40,None
WATLvirus_00309154,RS_GCF_014596725.1,d__Bacteria;p__Pseudomonadota;c__Gammaproteobacteria;o__Enterobacterales_A;f__Vibrionaceae;g__Vibrio;s__Vibrio sp014596725,iPHoP-RF,96.10,None
WATLvirus_00309154,RS_GCF_021728395.1,d__Bacteria;p__Pseudomonadota;c__Gammaproteobacteria;o__Enterobacterales_A;f__Vibrionaceae;g__Vibrio;s__Vibrio sp018223135,iPHoP-RF,96.10,None
WATLvirus_00309154,RS_GCF_000417905.1,d__Bacteria;p__Pseudomonadota;c__Gammaproteobacteria;o__Enterobacterales_A;f__Vibrionaceae;g__Vibrio;s__Vibrio natriegens,iPHoP-RF,95.40,None
WATLvirus_00309154,RS_GCF_001399455.2,d__Bacteria;p__Pseudomonadota;c__Gammaproteobacteria;o__Enterobacterales_A;f__Vibrionaceae;g__Vibrio;s__Vibrio bivalvicida,iPHoP-RF,95.10,None
WATLvirus_00309154,RS_GCF_001695575.1,d__Bacteria;p__Pseudomonadota;c__Gammaproteobacteria;o__Enterobacterales_A;f__Vibrionaceae;g__Vibrio;s__Vibrio europaeus,iPHoP-RF,95.10,None
WATLvirus_00309154,GB_GCA_000775715.1,d__Bacteria;p__Pseudomonadota;c__Gammaproteobacteria;o__Enterobacterales_A;f__Vibrionaceae;g__Vibrio;s__Vibrio tubiashii_A,iPHoP-RF,93.70,None
WATLvirus_00309154,RS_GCF_007858795.1,d__Bacteria;p__Pseudomonadota;c__Gammaproteobacteria;o__Enterobacterales_A;f__Vibrionaceae;g__Vibrio;s__Vibrio sp007858795,iPHoP-RF,93.70,None
WATLvirus_00309154,RS_GCF_000189255.1,d__Bacteria;p__Pseudomonadota;c__Gammaproteobacteria;o__Enterobacterales_A;f__Vibrionaceae;g__Vibrio;s__Vibrio brasiliensis,iPHoP-RF,93.40,None
WATLvirus_00309154,RS_GCF_001635455.1,d__Bacteria;p__Pseudomonadota;c__Gammaproteobacteria;o__Enterobacterales_A;f__Vibrionaceae;g__Vibrio;s__Vibrio sp001635455,iPHoP-RF,93.10,None
WATLvirus_00309154,RS_GCF_905175385.1,d__Bacteria;p__Pseudomonadota;c__Gammaproteobacteria;o__Enterobacterales_A;f__Vibrionaceae;g__Vibrio;s__Vibrio sp903986855,iPHoP-RF,91.80,None
WATLvirus_00309154,RS_GCF_013114545.1,d__Bacteria;p__Pseudomonadota;c__Gammaproteobacteria;o__Enterobacterales_A;f__Vibrionaceae;g__Vibrio;s__Vibrio sp013114545,iPHoP-RF,90.50,None
WATLvirus_00309183,GB_GCA_018830285.1,d__Bacteria;p__Pseudomonadota;c__Alphaproteobacteria;o__Caulobacterales;f__Hyphomonadaceae;g__Hyphomonas;s__Hyphomonas sp018830285,blast,95.80,iPHoP-RF;84.20
WATLvirus_00309295,GB_GCA_019636795.1,d__Bacteria;p__Planctomycetota;c__Phycisphaerae;o__Phycisphaerales;f__UBA1924;g__JAHBWW01;s__JAHBWW01 sp019636795,blast,92.00,iPHoP-RF;64.00
WATLvirus_00309295,GB_GCA_008363215.1,d__Bacteria;p__Planctomycetota;c__Phycisphaerae;o__Phycisphaerales;f__UBA1924;g__J022;s__J022 sp008363215,blast,91.90,None
WATLvirus_00309335,GB_GCA_003514305.1,d__Bacteria;p__Pseudomonadota;c__Gammaproteobacteria;o__Pseudomonadales;f__Pseudohongiellaceae;g__UBA9145;s__UBA9145 sp003514305,blast,92.40,iPHoP-RF;79.50
WATLvirus_00309357,RS_GCF_024397795.1,d__Bacteria;p__Bacillota;c__Bacilli;o__Lactobacillales;f__Lactobacillaceae;g__Lactobacillus;s__Lactobacillus intestinalis,iPHoP-RF,93.40,None
WATLvirus_00309357,RS_GCF_943193025.1,d__Bacteria;p__Bacillota;c__Bacilli;o__Lactobacillales;f__Lactobacillaceae;g__Lactobacillus;s__Lactobacillus sp014803915,iPHoP-RF,93.10,None
WATLvirus_00309357,RS_GCF_001434335.1,d__Bacteria;p__Bacillota;c__Bacilli;o__Lactobacillales;f__Lactobacillaceae;g__Lactobacillus;s__Lactobacillus kalixensis,iPHoP-RF,91.10,None
WATLvirus_00309357,RS_GCF_001434975.1,d__Bacteria;p__Bacillota;c__Bacilli;o__Lactobacillales;f__Lactobacillaceae;g__Lactobacillus;s__Lactobacillus gallinarum,iPHoP-RF,91.10,None
WATLvirus_00309357,RS_GCF_018987235.1,d__Bacteria;p__Bacillota;c__Bacilli;o__Lactobacillales;f__Lactobacillaceae;g__Lactobacillus;s__Lactobacillus crispatus,iPHoP-RF,90.80,None
WATLvirus_00309357,GB_GCA_014803895.1,d__Bacteria;p__Bacillota;c__Bacilli;o__Lactobacillales;f__Lactobacillaceae;g__Lactobacillus;s__Lactobacillus sp014803895,iPHoP-RF,90.10,None
WATLvirus_00309530,GB_GCA_018830285.1,d__Bacteria;p__Pseudomonadota;c__Alphaproteobacteria;o__Caulobacterales;f__Hyphomonadaceae;g__Hyphomonas;s__Hyphomonas sp018830285,blast,95.60,iPHoP-RF;56.00
WATLvirus_00309596,GB_GCA_945905295.1,d__Bacteria;p__Planctomycetota;c__Planctomycetia;o__Planctomycetales;f__Planctomycetaceae;g__SXKJ01;s__SXKJ01 sp945905295,iPHoP-RF,92.80,None
WATLvirus_00309596,GB_GCA_016235885.1,d__Bacteria;p__Planctomycetota;c__Planctomycetia;o__Planctomycetales;f__Planctomycetaceae;g__JACRIH01;s__JACRIH01 sp016235885,iPHoP-RF,91.10,None
WATLvirus_00309596,GB_GCA_005778115.1,d__Bacteria;p__Planctomycetota;c__Planctomycetia;o__Planctomycetales;f__Planctomycetaceae;g__SXKJ01;s__SXKJ01 sp005778115,iPHoP-RF,90.80,None
WATLvirus_00309600,RS_GCF_014647235.1,d__Archaea;p__Halobacteriota;c__Halobacteria;o__Halobacteriales;f__Haloarculaceae;g__Halomicroarcula;s__Halomicroarcula pellucida,blast,91.80,iPHoP-RF;67.30
WATLvirus_00309638,RS_GCF_017813235.1,d__Bacteria;p__Pseudomonadota;c__Alphaproteobacteria;o__Rhodobacterales;f__Rhodobacteraceae;g__Sagittula;s__Sagittula salina,iPHoP-RF,95.70,None
WATLvirus_00309677,GB_GCA_003209795.1,d__Bacteria;p__Cyanobacteriota;c__Cyanobacteriia;o__PCC-6307;f__Cyanobiaceae;g__Prochlorococcus_A;s__Prochlorococcus_A sp003209795,blast,96.50,iPHoP-RF;85.40
WATLvirus_00309687,RS_GCF_001563285.1,d__Bacteria;p__Pseudomonadota;c__Alphaproteobacteria;o__Sphingomonadales;f__Sphingomonadaceae;g__Sphingobium;s__Sphingobium sp001563285,iPHoP-RF,92.10,None
WATLvirus_00309696,3300026986_6,d__Archaea;p__Halobacteriota;c__Halobacteria;o__Halobacteriales;f__Haloferacaceae;g__Haloplanus;s__,blast,91.80,None
WATLvirus_00309790,RS_GCF_020514235.1,d__Bacteria;p__Cyanobacteriota;c__Cyanobacteriia;o__PCC-6307;f__Cyanobiaceae;g__Parasynechococcus;s__Parasynechococcus sp013911515,iPHoP-RF,95.40,None
WATLvirus_00309790,RS_GCF_000161795.2,d__Bacteria;p__Cyanobacteriota;c__Cyanobacteriia;o__PCC-6307;f__Cyanobiaceae;g__Parasynechococcus;s__Parasynechococcus sp000161795,iPHoP-RF,92.10,None
WATLvirus_00309790,RS_GCF_020514115.1,d__Bacteria;p__Cyanobacteriota;c__Cyanobacteriia;o__PCC-6307;f__Cyanobiaceae;g__Parasynechococcus;s__Parasynechococcus sp020514115,iPHoP-RF,91.40,None
WATLvirus_00309790,RS_GCF_020514095.1,d__Bacteria;p__Cyanobacteriota;c__Cyanobacteriia;o__PCC-6307;f__Cyanobiaceae;g__Parasynechococcus;s__Parasynechococcus sp020514095,iPHoP-RF,90.50,None
WATLvirus_00309863,RS_GCF_018219815.1,d__Bacteria;p__Pseudomonadota;c__Alphaproteobacteria;o__Rhodobacterales;f__Rhodobacteraceae;g__Thalassobius;s__Thalassobius aquimarinus,iPHoP-RF,91.80,None
WATLvirus_00309887,GB_GCA_015654535.1,d__Bacteria;p__Bacteroidota;c__Bacteroidia;o__Bacteroidales;f__Bacteroidaceae;g__Bacteroides_G;s__Bacteroides_G sp015654535,iPHoP-RF,95.40,None
WATLvirus_00309887,RS_GCF_009711055.1,d__Bacteria;p__Bacteroidota;c__Bacteroidia;o__Flavobacteriales;f__Flavobacteriaceae;g__Flavobacterium;s__Flavobacterium pelagicum,iPHoP-RF,91.80,None
WATLvirus_00309887,GB_GCA_023426145.1,d__Bacteria;p__Bacteroidota;c__Bacteroidia;o__Bacteroidales;f__Bacteroidaceae;g__Bacteroides;s__Bacteroides sp023426145,iPHoP-RF,90.80,None
WATLvirus_00309914,GB_GCA_000759445.1,d__Bacteria;p__Pseudomonadota;c__Gammaproteobacteria;o__Pseudomonadales;f__Pseudomonadaceae;g__Pseudomonas_E;s__Pseudomonas_E lutea,iPHoP-RF,91.80,None
WATLvirus_00309918,RS_GCF_003696365.1,d__Bacteria;p__Pseudomonadota;c__Gammaproteobacteria;o__Pseudomonadales;f__Pseudomonadaceae;g__Stutzerimonas;s__Stutzerimonas zhaodongensis,iPHoP-RF,95.40,None
WATLvirus_00309918,RS_GCF_000952685.1,d__Bacteria;p__Pseudomonadota;c__Gammaproteobacteria;o__Pseudomonadales;f__Pseudomonadaceae;g__Stutzerimonas;s__Stutzerimonas stutzeri_E,iPHoP-RF,94.70,None
WATLvirus_00309918,RS_GCF_003325755.1,d__Bacteria;p__Pseudomonadota;c__Gammaproteobacteria;o__Pseudomonadales;f__Pseudomonadaceae;g__Stutzerimonas;s__Stutzerimonas sp003325755,iPHoP-RF,92.10,None
WATLvirus_00309918,GB_GCA_002387205.1,d__Bacteria;p__Pseudomonadota;c__Gammaproteobacteria;o__Pseudomonadales;f__Pseudomonadaceae;g__Stutzerimonas;s__Stutzerimonas stutzeri_N,iPHoP-RF,90.50,None
WATLvirus_00309918,RS_GCF_900129835.1,d__Bacteria;p__Pseudomonadota;c__Gammaproteobacteria;o__Pseudomonadales;f__Pseudomonadaceae;g__Stutzerimonas;s__Stutzerimonas xanthomarina,iPHoP-RF,90.50,None
WATLvirus_00310129,RS_GCF_900102465.1,d__Bacteria;p__Pseudomonadota;c__Alphaproteobacteria;o__Thalassobaculales;f__Thalassobaculaceae;g__Thalassobaculum;s__Thalassobaculum litoreum,blast,91.50,iPHoP-RF;65.60
WATLvirus_00310195,GB_GCA_019114135.1,d__Bacteria;p__Actinomycetota;c__Actinomycetia;o__Mycobacteriales;f__Mycobacteriaceae;g__Corynebacterium;s__Corynebacterium avicola,iPHoP-RF,91.80,None
WATLvirus_00310219,GB_GCA_023392615.1,d__Bacteria;p__Bacillota_A;c__Clostridia;o__Lachnospirales;f__Lachnospiraceae;g__Mobilitalea;s__Mobilitalea sp023392615,iPHoP-RF,93.40,None
WATLvirus_00310219,GB_GCA_000310245.1,d__Bacteria;p__Campylobacterota;c__Campylobacteria;o__Campylobacterales;f__Sulfurimonadaceae;g__Sulfuricurvum;s__Sulfuricurvum sp000310245,iPHoP-RF,90.10,None
WATLvirus_00310236,GB_GCA_022763245.1,d__Bacteria;p__Pseudomonadota;c__Alphaproteobacteria;o__Rhizobiales;f__Rhizobiaceae;g__Oricola;s__Oricola sp022763245,blast,93.50,None
WATLvirus_00310236,GB_GCA_002423245.1,d__Bacteria;p__Pseudomonadota;c__Alphaproteobacteria;o__Rhodobacterales;f__Rhodobacteraceae;g__Frigidibacter;s__Frigidibacter sp002423245,blast,91.80,iPHoP-RF;62.50
WATLvirus_00310296,GB_GCA_913030895.1,d__Bacteria;p__Bacteroidota;c__Bacteroidia;o__Flavobacteriales;f__Flavobacteriaceae;g__UBA8316;s__UBA8316 sp913030895,blast,93.90,iPHoP-RF;70.90
WATLvirus_00310420,RS_GCF_000355805.1,d__Bacteria;p__Bacteroidota;c__Bacteroidia;o__Flavobacteriales;f__Flavobacteriaceae;g__Dokdonia;s__Dokdonia sp000355805,iPHoP-RF,91.40,None
WATLvirus_00310420,GB_GCA_020630915.1,d__Bacteria;p__Bacteroidota;c__Bacteroidia;o__Flavobacteriales;f__Flavobacteriaceae;g__Dokdonia;s__Dokdonia sp020630915,iPHoP-RF,90.10,None
WATLvirus_00310498,RS_GCF_006861795.1,d__Bacteria;p__Bacillota;c__Bacilli;o__Bacillales;f__Planococcaceae;g__Psychrobacillus;s__Psychrobacillus lasiicapitis,iPHoP-RF,91.10,None
WATLvirus_00310498,RS_GCF_900111345.1,d__Bacteria;p__Bacillota;c__Bacilli;o__Bacillales;f__Planococcaceae;g__Psychrobacillus;s__Psychrobacillus sp900111345,iPHoP-RF,90.80,None
WATLvirus_00310664,GB_GCA_002427735.1,d__Bacteria;p__Bacteroidota;c__Bacteroidia;o__Flavobacteriales;f__Crocinitomicaceae;g__UBA4466;s__UBA4466 sp002427735,iPHoP-RF,94.10,None
WATLvirus_00310664,GB_GCA_022448165.1,d__Bacteria;p__Bacteroidota;c__Bacteroidia;o__Flavobacteriales;f__Crocinitomicaceae;g__UBA4466;s__UBA4466 sp022448165,iPHoP-RF,93.40,None
WATLvirus_00310664,GB_GCA_905478665.1,d__Bacteria;p__Bacteroidota;c__Bacteroidia;o__Flavobacteriales;f__Crocinitomicaceae;g__UBA4466;s__UBA4466 sp905478665,iPHoP-RF,92.80,None
WATLvirus_00310908,GB_GCA_003491845.1,d__Bacteria;p__Pseudomonadota;c__Gammaproteobacteria;o__Pseudomonadales;f__Porticoccaceae;g__HTCC2207;s__HTCC2207 sp003491845,iPHoP-RF,94.10,None
WATLvirus_00310921,RS_GCF_001029435.1,d__Bacteria;p__Pseudomonadota;c__Gammaproteobacteria;o__Enterobacterales_A;f__Vibrionaceae;g__Photobacterium;s__Photobacterium aphoticum,iPHoP-RF,94.70,None
WATLvirus_00310921,RS_GCF_002934045.1,d__Bacteria;p__Pseudomonadota;c__Gammaproteobacteria;o__Enterobacterales_A;f__Vibrionaceae;g__Vibrio;s__Vibrio gangliei,iPHoP-RF,94.70,None
WATLvirus_00310921,RS_GCF_011045095.1,d__Bacteria;p__Pseudomonadota;c__Gammaproteobacteria;o__Enterobacterales_A;f__Vibrionaceae;g__Enterovibrio;s__Enterovibrio sedimenti,iPHoP-RF,93.70,None
WATLvirus_00310921,RS_GCF_001650345.1,d__Bacteria;p__Pseudomonadota;c__Gammaproteobacteria;o__Enterobacterales_A;f__Vibrionaceae;g__Photobacterium;s__Photobacterium jeanii,iPHoP-RF,93.40,None
WATLvirus_00310921,RS_GCF_002265265.1,d__Bacteria;p__Pseudomonadota;c__Gammaproteobacteria;o__Enterobacterales_A;f__Vibrionaceae;g__Photobacterium;s__Photobacterium sanguinicancri,iPHoP-RF,93.10,None
WATLvirus_00310921,RS_GCF_023746615.1,d__Bacteria;p__Pseudomonadota;c__Gammaproteobacteria;o__Enterobacterales_A;f__Vibrionaceae;g__Enterovibrio;s__Enterovibrio sp023746615,iPHoP-RF,92.80,None
WATLvirus_00310921,RS_GCF_900060185.1,d__Bacteria;p__Pseudomonadota;c__Gammaproteobacteria;o__Enterobacterales_A;f__Vibrionaceae;g__Enterovibrio;s__Enterovibrio marinus,iPHoP-RF,92.10,None
WATLvirus_00310921,RS_GCF_000176515.1,d__Bacteria;p__Pseudomonadota;c__Gammaproteobacteria;o__Enterobacterales_A;f__Vibrionaceae;g__Enterovibrio;s__Enterovibrio hollisae,iPHoP-RF,91.40,None
WATLvirus_00310921,RS_GCF_000333895.2,d__Bacteria;p__Pseudomonadota;c__Gammaproteobacteria;o__Enterobacterales_A;f__Vibrionaceae;g__Enterovibrio;s__Enterovibrio indicus,iPHoP-RF,91.40,None
WATLvirus_00310943,GB_GCA_000981625.1,d__Bacteria;p__Bacteroidota;c__Bacteroidia;o__Flavobacteriales;f__Flavobacteriaceae;g__Polaribacter;s__Polaribacter sp000981625,iPHoP-RF,91.10,None
WATLvirus_00310947,GB_GCA_018830285.1,d__Bacteria;p__Pseudomonadota;c__Alphaproteobacteria;o__Caulobacterales;f__Hyphomonadaceae;g__Hyphomonas;s__Hyphomonas sp018830285,blast,91.20,iPHoP-RF;70.90
WATLvirus_00310959,GB_GCA_003514305.1,d__Bacteria;p__Pseudomonadota;c__Gammaproteobacteria;o__Pseudomonadales;f__Pseudohongiellaceae;g__UBA9145;s__UBA9145 sp003514305,blast,91.10,iPHoP-RF;87.90
WATLvirus_00310975,RS_GCF_002115725.1,d__Bacteria;p__Pseudomonadota;c__Alphaproteobacteria;o__Rhodobacterales;f__Rhodobacteraceae;g__Marivita;s__Marivita cryptomonadis,blast,92.00,None
WATLvirus_00310975,bin.164,d__Bacteria;p__Pseudomonadota;c__Alphaproteobacteria;o__Rhodobacterales;f__Rhodobacteraceae;g__Marivita;s__,blast,92.00,None
WATLvirus_00310975,RS_GCF_900114415.1,d__Bacteria;p__Pseudomonadota;c__Alphaproteobacteria;o__Rhodobacterales;f__Rhodobacteraceae;g__Shimia;s__Shimia haliotis,blast,90.20,None
WATLvirus_00311044,GB_GCA_002483285.1,d__Bacteria;p__Bacteroidota;c__Bacteroidia;o__Flavobacteriales;f__Flavobacteriaceae;g__Flavobacterium;s__Flavobacterium sp002483285,iPHoP-RF,93.40,None
WATLvirus_00311044,GB_GCA_018267095.1,d__Bacteria;p__Bacteroidota;c__Bacteroidia;o__Flavobacteriales;f__Flavobacteriaceae;g__Flavobacterium;s__Flavobacterium sp018267095,iPHoP-RF,91.10,None
WATLvirus_00311044,GB_GCA_017992695.1,d__Bacteria;p__Bacteroidota;c__Bacteroidia;o__Bacteroidales;f__Bacteroidaceae;g__Bacteroides;s__Bacteroides sp017992695,iPHoP-RF,90.10,None
WATLvirus_00311061,GB_GCA_013215515.1,d__Bacteria;p__Bacteroidota;c__Bacteroidia;o__Flavobacteriales;f__Crocinitomicaceae;g__UBA4466;s__UBA4466 sp013215515,iPHoP-RF,92.80,None
WATLvirus_00311061,GB_GCA_023254905.1,d__Bacteria;p__Bacteroidota;c__Bacteroidia;o__Flavobacteriales;f__Crocinitomicaceae;g__JALRKF01;s__JALRKF01 sp023254905,iPHoP-RF,91.10,None
WATLvirus_00311061,GB_GCA_022448165.1,d__Bacteria;p__Bacteroidota;c__Bacteroidia;o__Flavobacteriales;f__Crocinitomicaceae;g__UBA4466;s__UBA4466 sp022448165,iPHoP-RF,90.50,None
WATLvirus_00311120,RS_GCF_002115725.1,d__Bacteria;p__Pseudomonadota;c__Alphaproteobacteria;o__Rhodobacterales;f__Rhodobacteraceae;g__Marivita;s__Marivita cryptomonadis,blast,93.30,iPHoP-RF;66.50
WATLvirus_00311120,GB_GCA_024742575.1,d__Bacteria;p__Pseudomonadota;c__Alphaproteobacteria;o__Rhodobacterales;f__Rhodobacteraceae;g__Marivita;s__Marivita sp024742575,blast,92.30,iPHoP-RF;65.30
WATLvirus_00311120,RS_GCF_014637725.1,d__Bacteria;p__Pseudomonadota;c__Alphaproteobacteria;o__Rhodobacterales;f__Rhodobacteraceae;g__Marivita;s__Marivita lacus,blast,92.30,None
WATLvirus_00311120,GB_GCA_022763305.1,d__Bacteria;p__Pseudomonadota;c__Alphaproteobacteria;o__Rhodobacterales;f__Rhodobacteraceae;g__Marivita;s__Marivita sp022763305,blast,91.90,None
WATLvirus_00311120,GB_GCA_020055635.1,d__Bacteria;p__Pseudomonadota;c__Alphaproteobacteria;o__Rhodobacterales;f__Rhodobacteraceae;g__Marivita;s__Marivita sp020055635,blast,90.70,iPHoP-RF;60.60
WATLvirus_00311120,RS_GCF_023370775.1,d__Bacteria;p__Pseudomonadota;c__Alphaproteobacteria;o__Rhodobacterales;f__Rhodobacteraceae;g__Marivita;s__Marivita sp023370775,blast,90.40,None
WATLvirus_00311120,GB_GCA_003149565.1,d__Bacteria;p__Pseudomonadota;c__Alphaproteobacteria;o__Rhodobacterales;f__Rhodobacteraceae;g__Marivita;s__Marivita sp003149565,blast,90.20,iPHoP-RF;57.30
WATLvirus_00311120,GB_GCA_020055675.1,d__Bacteria;p__Pseudomonadota;c__Alphaproteobacteria;o__Rhodobacterales;f__Rhodobacteraceae;g__Marivita;s__Marivita sp020055675,blast,90.20,None
WATLvirus_00311123,GB_GCA_900546245.1,d__Bacteria;p__Bacillota;c__Bacilli;o__RF39;f__UBA660;g__CAG-433;s__CAG-433 sp900546245,CRISPR,91.40,iPHoP-RF;76.80
WATLvirus_00311240,RS_GCF_003129565.1,d__Bacteria;p__Pseudomonadota;c__Alphaproteobacteria;o__Rhodobacterales;f__Rhodobacteraceae;g__Salibaculum;s__Salibaculum griseiflavum,blast,92.10,None
WATLvirus_00311240,GB_GCA_009908505.1,d__Bacteria;p__Pseudomonadota;c__Alphaproteobacteria;o__Rhodobacterales;f__Rhodobacteraceae;g__Salibaculum;s__Salibaculum sp009908505,blast,91.80,iPHoP-RF;51.50
WATLvirus_00311240,RS_GCF_002094885.1,d__Bacteria;p__Pseudomonadota;c__Alphaproteobacteria;o__Rhodobacterales;f__Rhodobacteraceae;g__Salibaculum;s__Salibaculum halophilum,blast,91.80,None
WATLvirus_00311414,RS_GCF_002847525.1,d__Bacteria;p__Actinomycetota;c__Actinomycetia;o__Actinomycetales;f__Actinomycetaceae;g__Pauljensenia;s__Pauljensenia odontolytica_B,iPHoP-RF,90.50,None
WATLvirus_00311494,RS_GCF_020515525.1,d__Bacteria;p__Actinomycetota;c__Actinomycetia;o__Mycobacteriales;f__Mycobacteriaceae;g__Rhodococcus;s__Rhodococcus yananensis,iPHoP-RF,91.40,None
WATLvirus_00311623,GB_GCA_903899865.1,d__Bacteria;p__Bacteroidota;c__Bacteroidia;o__Bacteroidales;f__Paludibacteraceae;g__Paludibacter;s__Paludibacter sp903899865,blast,94.50,iPHoP-RF;90.80
WATLvirus_00311679,RS_GCF_003003215.1,d__Bacteria;p__Pseudomonadota;c__Alphaproteobacteria;o__Rhodobacterales;f__Rhodobacteraceae;g__Epibacterium;s__Epibacterium scottomollicae,iPHoP-RF,94.10,None
WATLvirus_00311679,RS_GCF_022348185.1,d__Bacteria;p__Pseudomonadota;c__Alphaproteobacteria;o__Rhodobacterales;f__Rhodobacteraceae;g__Epibacterium;s__Epibacterium sp022348185,iPHoP-RF,93.70,None
WATLvirus_00311710,RS_GCF_009799805.1,d__Bacteria;p__Bacteroidota;c__Bacteroidia;o__Flavobacteriales;f__Flavobacteriaceae;g__Flavobacterium;s__Flavobacterium phaeum_A,iPHoP-RF,92.40,None
WATLvirus_00311739,RS_GCF_014651375.1,d__Bacteria;p__Pseudomonadota;c__Alphaproteobacteria;o__Rhodobacterales;f__Rhodobacteraceae;g__Tateyamaria;s__Tateyamaria omphalii,iPHoP-RF,90.50,None
WATLvirus_00311796,RS_GCF_002869745.1,d__Bacteria;p__Pseudomonadota;c__Alphaproteobacteria;o__Rhodobacterales;f__Rhodobacteraceae;g__Oceaniglobus;s__Oceaniglobus roseus,blast,93.90,iPHoP-RF;56.80
WATLvirus_00311814,GB_GCA_003514305.1,d__Bacteria;p__Pseudomonadota;c__Gammaproteobacteria;o__Pseudomonadales;f__Pseudohongiellaceae;g__UBA9145;s__UBA9145 sp003514305,blast,93.90,iPHoP-RF;81.90
WATLvirus_00311863,RS_GCF_003544875.1,d__Bacteria;p__Pseudomonadota;c__Gammaproteobacteria;o__Enterobacterales_A;f__Vibrionaceae;g__Vibrio;s__Vibrio alfacsensis,iPHoP-RF,90.50,None
WATLvirus_00311863,RS_GCF_000417905.1,d__Bacteria;p__Pseudomonadota;c__Gammaproteobacteria;o__Enterobacterales_A;f__Vibrionaceae;g__Vibrio;s__Vibrio natriegens,iPHoP-RF,90.10,None
WATLvirus_00311973,RS_GCF_002906155.1,d__Bacteria;p__Pseudomonadota;c__Gammaproteobacteria;o__Pseudomonadales;f__Pseudomonadaceae;g__Pseudomonas_E;s__Pseudomonas_E laurylsulfativorans,iPHoP-RF,96.40,None
WATLvirus_00311973,RS_GCF_001269805.1,d__Bacteria;p__Pseudomonadota;c__Gammaproteobacteria;o__Pseudomonadales;f__Pseudomonadaceae;g__Pseudomonas_E;s__Pseudomonas_E sp001269805,iPHoP-RF,94.70,None
WATLvirus_00311973,RS_GCF_001427125.1,d__Bacteria;p__Pseudomonadota;c__Gammaproteobacteria;o__Pseudomonadales;f__Pseudomonadaceae;g__Pseudomonas_E;s__Pseudomonas_E sp001427125,iPHoP-RF,94.40,None
WATLvirus_00311973,RS_GCF_019145495.1,d__Bacteria;p__Pseudomonadota;c__Gammaproteobacteria;o__Pseudomonadales;f__Pseudomonadaceae;g__Pseudomonas_E;s__Pseudomonas_E azerbaijanoccidens,iPHoP-RF,94.40,None
WATLvirus_00311973,RS_GCF_900105115.1,d__Bacteria;p__Pseudomonadota;c__Gammaproteobacteria;o__Pseudomonadales;f__Pseudomonadaceae;g__Pseudomonas_E;s__Pseudomonas_E mohnii,iPHoP-RF,94.40,None
WATLvirus_00311973,RS_GCF_001945365.1,d__Bacteria;p__Pseudomonadota;c__Gammaproteobacteria;o__Pseudomonadales;f__Pseudomonadaceae;g__Pseudomonas_E;s__Pseudomonas_E reinekei,iPHoP-RF,94.10,None
WATLvirus_00311973,RS_GCF_008801475.1,d__Bacteria;p__Pseudomonadota;c__Gammaproteobacteria;o__Pseudomonadales;f__Pseudomonadaceae;g__Pseudomonas_E;s__Pseudomonas_E moorei,iPHoP-RF,94.10,None
WATLvirus_00311973,RS_GCF_019956575.1,d__Bacteria;p__Pseudomonadota;c__Gammaproteobacteria;o__Pseudomonadales;f__Pseudomonadaceae;g__Pseudomonas_E;s__Pseudomonas_E sp019956575,iPHoP-RF,93.40,None
WATLvirus_00311973,RS_GCF_008692035.1,d__Bacteria;p__Pseudomonadota;c__Gammaproteobacteria;o__Pseudomonadales;f__Pseudomonadaceae;g__Pseudomonas_E;s__Pseudomonas_E marginalis_C,blast,93.30,iPHoP-RF;91.80
WATLvirus_00311973,RS_GCF_009764265.1,d__Bacteria;p__Pseudomonadota;c__Gammaproteobacteria;o__Pseudomonadales;f__Pseudomonadaceae;g__Pseudomonas_E;s__Pseudomonas_E sp009764265,iPHoP-RF,93.10,None
WATLvirus_00311973,RS_GCF_900187615.1,d__Bacteria;p__Pseudomonadota;c__Gammaproteobacteria;o__Pseudomonadales;f__Pseudomonadaceae;g__Pseudomonas_E;s__Pseudomonas_E sp900187615,iPHoP-RF,93.10,None
WATLvirus_00311973,RS_GCF_002113025.1,d__Bacteria;p__Pseudomonadota;c__Gammaproteobacteria;o__Pseudomonadales;f__Pseudomonadaceae;g__Pseudomonas_E;s__Pseudomonas_E sp002113025,iPHoP-RF,92.80,None
WATLvirus_00311973,RS_GCF_000282475.1,d__Bacteria;p__Pseudomonadota;c__Gammaproteobacteria;o__Pseudomonadales;f__Pseudomonadaceae;g__Pseudomonas_E;s__Pseudomonas_E sp000282475,iPHoP-RF,92.10,None
WATLvirus_00311973,RS_GCF_900102035.1,d__Bacteria;p__Pseudomonadota;c__Gammaproteobacteria;o__Pseudomonadales;f__Pseudomonadaceae;g__Pseudomonas_E;s__Pseudomonas_E extremaustralis,blast,92.10,iPHoP-RF;83.90
WATLvirus_00311973,RS_GCF_022662375.1,d__Bacteria;p__Pseudomonadota;c__Gammaproteobacteria;o__Pseudomonadales;f__Pseudomonadaceae;g__Pseudomonas_E;s__Pseudomonas_E sp022662375,blast,92.00,iPHoP-RF;82.20
WATLvirus_00311973,RS_GCF_015163715.1,d__Bacteria;p__Pseudomonadota;c__Gammaproteobacteria;o__Pseudomonadales;f__Pseudomonadaceae;g__Pseudomonas_E;s__Pseudomonas_E cyclaminis,blast,91.90,iPHoP-RF;86.70
WATLvirus_00311983,RS_GCF_000016825.1,d__Bacteria;p__Bacillota;c__Bacilli;o__Lactobacillales;f__Lactobacillaceae;g__Limosilactobacillus;s__Limosilactobacillus reuteri,iPHoP-RF,90.50,None
WATLvirus_00311983,RS_GCF_003072625.1,d__Bacteria;p__Bacillota;c__Bacilli;o__Lactobacillales;f__Lactobacillaceae;g__Limosilactobacillus;s__Limosilactobacillus reuteri_D,iPHoP-RF,90.50,None
WATLvirus_00311983,RS_GCF_014145615.1,d__Bacteria;p__Bacillota;c__Bacilli;o__Lactobacillales;f__Lactobacillaceae;g__Limosilactobacillus;s__Limosilactobacillus balticus,iPHoP-RF,90.50,None
WATLvirus_00311983,RS_GCF_020784725.1,d__Bacteria;p__Bacillota;c__Bacilli;o__Lactobacillales;f__Lactobacillaceae;g__Limosilactobacillus;s__Limosilactobacillus reuteri_F,iPHoP-RF,90.50,None
WATLvirus_00312075,GB_GCA_007694905.1,d__Bacteria;p__Pseudomonadota;c__Gammaproteobacteria;o__Pseudomonadales;f__HTCC2089;g__SLTB01;s__SLTB01 sp007694905,iPHoP-RF,92.80,None
WATLvirus_00312075,GB_GCA_016874535.1,d__Bacteria;p__Pseudomonadota;c__Gammaproteobacteria;o__Ga0077536;f__Ga0077536;g__CAIKBL01;s__CAIKBL01 sp016874535,iPHoP-RF,92.10,None
WATLvirus_00312075,RS_GCF_020171625.1,d__Bacteria;p__Pseudomonadota;c__Alphaproteobacteria;o__Rhodobacterales;f__Rhodobacteraceae;g__Salipiger;s__Salipiger bermudensis_B,iPHoP-RF,91.40,None
WATLvirus_00312075,RS_GCF_900102075.1,d__Bacteria;p__Pseudomonadota;c__Alphaproteobacteria;o__Rhodobacterales;f__Rhodobacteraceae;g__Salipiger;s__Salipiger thiooxidans,iPHoP-RF,91.10,None
WATLvirus_00312075,RS_GCF_900102625.1,d__Bacteria;p__Pseudomonadota;c__Gammaproteobacteria;o__Burkholderiales;f__Burkholderiaceae_B;g__Acidovorax_A;s__Acidovorax_A valerianellae,iPHoP-RF,90.80,None
WATLvirus_00312108,GB_GCA_903920835.1,d__Bacteria;p__Bacteroidota;c__Bacteroidia;o__Flavobacteriales;f__Flavobacteriaceae;g__Flavobacterium;s__Flavobacterium sp903920835,iPHoP-RF,93.40,None
WATLvirus_00312187,GB_GCA_016191985.1,d__Bacteria;p__Chloroflexota;c__Anaerolineae;o__Anaerolineales;f__EnvOPS12;g__OLB14;s__OLB14 sp016191985,iPHoP-RF,93.40,None
WATLvirus_00312187,GB_GCA_016866215.1,d__Bacteria;p__Chloroflexota;c__Anaerolineae;o__Anaerolineales;f__EnvOPS12;g__OLB14;s__OLB14 sp016866215,iPHoP-RF,92.80,None
WATLvirus_00312190,RS_GCF_003544875.1,d__Bacteria;p__Pseudomonadota;c__Gammaproteobacteria;o__Enterobacterales_A;f__Vibrionaceae;g__Vibrio;s__Vibrio alfacsensis,iPHoP-RF,94.10,None
WATLvirus_00312190,RS_GCF_000354175.2,d__Bacteria;p__Pseudomonadota;c__Gammaproteobacteria;o__Enterobacterales_A;f__Vibrionaceae;g__Vibrio;s__Vibrio alginolyticus,iPHoP-RF,93.70,None
WATLvirus_00312190,RS_GCF_900460535.1,d__Bacteria;p__Pseudomonadota;c__Gammaproteobacteria;o__Enterobacterales_A;f__Vibrionaceae;g__Vibrio;s__Vibrio parahaemolyticus,iPHoP-RF,93.40,None
WATLvirus_00312190,RS_GCF_905175385.1,d__Bacteria;p__Pseudomonadota;c__Gammaproteobacteria;o__Enterobacterales_A;f__Vibrionaceae;g__Vibrio;s__Vibrio sp903986855,iPHoP-RF,93.40,None
WATLvirus_00312190,RS_GCF_000417905.1,d__Bacteria;p__Pseudomonadota;c__Gammaproteobacteria;o__Enterobacterales_A;f__Vibrionaceae;g__Vibrio;s__Vibrio natriegens,iPHoP-RF,91.10,None
WATLvirus_00312190,RS_GCF_021728395.1,d__Bacteria;p__Pseudomonadota;c__Gammaproteobacteria;o__Enterobacterales_A;f__Vibrionaceae;g__Vibrio;s__Vibrio sp018223135,iPHoP-RF,91.10,None
WATLvirus_00312190,GB_GCA_018222805.1,d__Bacteria;p__Pseudomonadota;c__Gammaproteobacteria;o__Enterobacterales_A;f__Vibrionaceae;g__Vibrio;s__Vibrio sp018222805,iPHoP-RF,90.80,None
WATLvirus_00312190,RS_GCF_002163755.1,d__Bacteria;p__Pseudomonadota;c__Gammaproteobacteria;o__Enterobacterales_A;f__Vibrionaceae;g__Vibrio;s__Vibrio campbellii,iPHoP-RF,90.50,None
WATLvirus_00312309,GB_GCA_018401055.1,d__Bacteria;p__Pseudomonadota;c__Alphaproteobacteria;o__Rhodobacterales;f__Rhodobacteraceae;g__Roseicyclus;s__Roseicyclus sp018401055,blast,93.60,None
WATLvirus_00312309,GB_GCA_905479265.1,d__Bacteria;p__Pseudomonadota;c__Alphaproteobacteria;o__UBA7985;f__UBA7985;g__UBA7985;s__UBA7985 sp905479265,blast,90.90,None
WATLvirus_00312478,GB_GCA_004211695.1,d__Bacteria;p__Actinomycetota;c__Actinomycetia;o__Mycobacteriales;f__Mycobacteriaceae;g__Rhodococcus;s__Rhodococcus sp004211695,iPHoP-RF,97.10,None
WATLvirus_00312478,RS_GCF_000010805.1,d__Bacteria;p__Actinomycetota;c__Actinomycetia;o__Mycobacteriales;f__Mycobacteriaceae;g__Rhodococcus;s__Rhodococcus opacus_C,iPHoP-RF,97.10,None
WATLvirus_00312478,RS_GCF_000014565.1,d__Bacteria;p__Actinomycetota;c__Actinomycetia;o__Mycobacteriales;f__Mycobacteriaceae;g__Rhodococcus;s__Rhodococcus jostii_A,iPHoP-RF,97.10,None
WATLvirus_00312478,RS_GCF_012396235.1,d__Bacteria;p__Actinomycetota;c__Actinomycetia;o__Mycobacteriales;f__Mycobacteriaceae;g__Rhodococcus;s__Rhodococcus opacus,iPHoP-RF,97.10,None
WATLvirus_00312478,RS_GCF_014256275.1,d__Bacteria;p__Actinomycetota;c__Actinomycetia;o__Mycobacteriales;f__Mycobacteriaceae;g__Rhodococcus;s__Rhodococcus wratislaviensis_A,iPHoP-RF,97.10,None
WATLvirus_00312478,RS_GCF_900105905.1,d__Bacteria;p__Actinomycetota;c__Actinomycetia;o__Mycobacteriales;f__Mycobacteriaceae;g__Rhodococcus;s__Rhodococcus koreensis,iPHoP-RF,97.10,None
WATLvirus_00312478,RS_GCF_900455735.1,d__Bacteria;p__Actinomycetota;c__Actinomycetia;o__Mycobacteriales;f__Mycobacteriaceae;g__Rhodococcus;s__Rhodococcus wratislaviensis,iPHoP-RF,97.10,None
WATLvirus_00312478,RS_GCF_001894825.1,d__Bacteria;p__Actinomycetota;c__Actinomycetia;o__Mycobacteriales;f__Mycobacteriaceae;g__Rhodococcus;s__Rhodococcus jostii,iPHoP-RF,96.70,None
WATLvirus_00312478,RS_GCF_017068395.1,d__Bacteria;p__Actinomycetota;c__Actinomycetia;o__Mycobacteriales;f__Mycobacteriaceae;g__Rhodococcus;s__Rhodococcus pseudokoreensis,iPHoP-RF,96.70,None
WATLvirus_00312478,RS_GCF_013348805.1,d__Bacteria;p__Actinomycetota;c__Actinomycetia;o__Mycobacteriales;f__Mycobacteriaceae;g__Rhodococcus;s__Rhodococcus sp003350365,iPHoP-RF,92.80,None
WATLvirus_00312517,GB_GCA_017551925.1,d__Bacteria;p__Bacteroidota;c__Bacteroidia;o__Bacteroidales;f__Bacteroidaceae;g__UBA1179;s__UBA1179 sp017551925,iPHoP-RF,90.10,None
WATLvirus_00312521,RS_GCF_001557875.1,d__Bacteria;p__Pseudomonadota;c__Gammaproteobacteria;o__Enterobacterales_A;f__Vibrionaceae;g__Vibrio;s__Vibrio splendidus_F,iPHoP-RF,93.10,None
WATLvirus_00312521,GB_GCA_024347475.1,d__Bacteria;p__Pseudomonadota;c__Gammaproteobacteria;o__Enterobacterales_A;f__Vibrionaceae;g__Vibrio;s__Vibrio fortis,iPHoP-RF,92.10,None
WATLvirus_00312558,RS_GCF_012927125.1,d__Bacteria;p__Pseudomonadota;c__Gammaproteobacteria;o__Burkholderiales;f__Burkholderiaceae;g__Paraburkholderia;s__Paraburkholderia antibiotica,iPHoP-RF,94.10,None
WATLvirus_00312558,RS_GCF_009362785.1,d__Bacteria;p__Pseudomonadota;c__Gammaproteobacteria;o__Burkholderiales;f__Burkholderiaceae;g__Paraburkholderia;s__Paraburkholderia atlantica,iPHoP-RF,92.80,None
WATLvirus_00312558,RS_GCF_021390595.1,d__Bacteria;p__Pseudomonadota;c__Gammaproteobacteria;o__Burkholderiales;f__Burkholderiaceae;g__Paraburkholderia;s__Paraburkholderia sp021390595,iPHoP-RF,92.40,None
WATLvirus_00312558,RS_GCF_013366925.1,d__Bacteria;p__Pseudomonadota;c__Gammaproteobacteria;o__Burkholderiales;f__Burkholderiaceae;g__Paraburkholderia;s__Paraburkholderia youngii,iPHoP-RF,91.80,None
WATLvirus_00312558,GB_GCA_000173575.1,d__Bacteria;p__Pseudomonadota;c__Gammaproteobacteria;o__Burkholderiales;f__Burkholderiaceae;g__Paraburkholderia;s__Paraburkholderia sp000173575,iPHoP-RF,91.10,None
WATLvirus_00312590,GB_GCA_913055705.1,d__Bacteria;p__Planctomycetota;c__Brocadiia;o__Brocadiales;f__Scalinduaceae;g__Scalindua;s__Scalindua sp913055705,blast,92.10,None
WATLvirus_00312590,GB_GCA_009927065.1,d__Bacteria;p__Pseudomonadota;c__Gammaproteobacteria;o__LLD-282;f__LLD-282;g__LLD-282;s__LLD-282 sp009927065,blast,90.90,None
WATLvirus_00312608,GB_GCA_902566785.1,d__Bacteria;p__Pseudomonadota;c__Alphaproteobacteria;o__Pelagibacterales;f__Pelagibacteraceae;g__Pelagibacter;s__Pelagibacter sp902566785,blast,96.20,iPHoP-RF;71.10
WATLvirus_00312814,GB_GCA_022447685.1,d__Bacteria;p__Cyanobacteriota;c__Vampirovibrionia;o__LMEP-6097;f__LMEP-6097;g__DT-14;s__DT-14 sp022447685,blast,93.80,iPHoP-RF;65.10
WATLvirus_00312816,RS_GCF_003054285.1,d__Bacteria;p__Pseudomonadota;c__Alphaproteobacteria;o__Rhodobacterales;f__Rhodobacteraceae;g__Litoreibacter;s__Litoreibacter ponti,iPHoP-RF,91.10,None
WATLvirus_00312817,RS_GCF_002909485.1,d__Bacteria;p__Pseudomonadota;c__Gammaproteobacteria;o__Pseudomonadales;f__Pseudomonadaceae;g__Stutzerimonas;s__Stutzerimonas stutzeri_AH,iPHoP-RF,97.10,None
WATLvirus_00312817,RS_GCF_002890895.1,d__Bacteria;p__Pseudomonadota;c__Gammaproteobacteria;o__Pseudomonadales;f__Pseudomonadaceae;g__Stutzerimonas;s__Stutzerimonas stutzeri_AB,iPHoP-RF,96.70,None
WATLvirus_00312817,RS_GCF_003935375.1,d__Bacteria;p__Pseudomonadota;c__Gammaproteobacteria;o__Pseudomonadales;f__Pseudomonadaceae;g__Stutzerimonas;s__Stutzerimonas xanthomarina_A,iPHoP-RF,96.70,None
WATLvirus_00312817,RS_GCF_015291885.1,d__Bacteria;p__Pseudomonadota;c__Gammaproteobacteria;o__Pseudomonadales;f__Pseudomonadaceae;g__Stutzerimonas;s__Stutzerimonas stutzeri_AC,iPHoP-RF,96.70,None
WATLvirus_00312817,RS_GCF_900114065.1,d__Bacteria;p__Pseudomonadota;c__Gammaproteobacteria;o__Pseudomonadales;f__Pseudomonadaceae;g__Stutzerimonas;s__Stutzerimonas kunmingensis,iPHoP-RF,96.70,None
WATLvirus_00312817,RS_GCF_000935215.1,d__Bacteria;p__Pseudomonadota;c__Gammaproteobacteria;o__Pseudomonadales;f__Pseudomonadaceae;g__Stutzerimonas;s__Stutzerimonas stutzeri_AD,iPHoP-RF,96.40,None
WATLvirus_00312817,RS_GCF_002929225.1,d__Bacteria;p__Pseudomonadota;c__Gammaproteobacteria;o__Pseudomonadales;f__Pseudomonadaceae;g__Stutzerimonas;s__Stutzerimonas stutzeri_U,iPHoP-RF,96.40,None
WATLvirus_00312817,RS_GCF_014764705.1,d__Bacteria;p__Pseudomonadota;c__Gammaproteobacteria;o__Pseudomonadales;f__Pseudomonadaceae;g__Stutzerimonas;s__Stutzerimonas sp002692525,iPHoP-RF,96.40,None
WATLvirus_00312817,RS_GCF_000235745.1,d__Bacteria;p__Pseudomonadota;c__Gammaproteobacteria;o__Pseudomonadales;f__Pseudomonadaceae;g__Stutzerimonas;s__Stutzerimonas stutzeri_H,iPHoP-RF,96.10,None
WATLvirus_00312817,RS_GCF_000661915.1,d__Bacteria;p__Pseudomonadota;c__Gammaproteobacteria;o__Pseudomonadales;f__Pseudomonadaceae;g__Stutzerimonas;s__Stutzerimonas stutzeri_A,iPHoP-RF,95.70,None
WATLvirus_00312817,RS_GCF_013620795.1,d__Bacteria;p__Pseudomonadota;c__Gammaproteobacteria;o__Pseudomonadales;f__Pseudomonadaceae;g__Stutzerimonas;s__Stutzerimonas sp013620795,iPHoP-RF,95.70,None
WATLvirus_00312817,RS_GCF_900129835.1,d__Bacteria;p__Pseudomonadota;c__Gammaproteobacteria;o__Pseudomonadales;f__Pseudomonadaceae;g__Stutzerimonas;s__Stutzerimonas xanthomarina,iPHoP-RF,95.70,None
WATLvirus_00312817,GB_GCA_004010935.1,d__Bacteria;p__Pseudomonadota;c__Gammaproteobacteria;o__Pseudomonadales;f__Pseudomonadaceae;g__Stutzerimonas;s__Stutzerimonas sp004010935,iPHoP-RF,95.40,None
WATLvirus_00312817,GB_GCA_022448005.1,d__Bacteria;p__Pseudomonadota;c__Gammaproteobacteria;o__Pseudomonadales;f__Pseudomonadaceae;g__Stutzerimonas;s__Stutzerimonas sp022448005,iPHoP-RF,95.40,None
WATLvirus_00312817,RS_GCF_000327065.1,d__Bacteria;p__Pseudomonadota;c__Gammaproteobacteria;o__Pseudomonadales;f__Pseudomonadaceae;g__Stutzerimonas;s__Stutzerimonas stutzeri_AE,iPHoP-RF,95.40,None
WATLvirus_00312817,GB_GCA_007713455.1,d__Bacteria;p__Pseudomonadota;c__Gammaproteobacteria;o__Pseudomonadales;f__Pseudomonadaceae;g__Stutzerimonas;s__Stutzerimonas sp007713455,iPHoP-RF,95.10,None
WATLvirus_00312817,RS_GCF_000495915.1,d__Bacteria;p__Pseudomonadota;c__Gammaproteobacteria;o__Pseudomonadales;f__Pseudomonadaceae;g__Stutzerimonas;s__Stutzerimonas chloritidismutans,iPHoP-RF,95.10,None
WATLvirus_00312817,RS_GCF_021432085.1,d__Bacteria;p__Pseudomonadota;c__Gammaproteobacteria;o__Pseudomonadales;f__Pseudomonadaceae;g__Stutzerimonas;s__Stutzerimonas kunmingensis_A,iPHoP-RF,95.10,None
WATLvirus_00312817,RS_GCF_024448935.1,d__Bacteria;p__Pseudomonadota;c__Gammaproteobacteria;o__Pseudomonadales;f__Pseudomonadaceae;g__Stutzerimonas;s__Stutzerimonas stutzeri_AO,iPHoP-RF,94.70,None
WATLvirus_00312817,RS_GCF_003696365.1,d__Bacteria;p__Pseudomonadota;c__Gammaproteobacteria;o__Pseudomonadales;f__Pseudomonadaceae;g__Stutzerimonas;s__Stutzerimonas zhaodongensis,iPHoP-RF,94.10,None
WATLvirus_00312817,RS_GCF_002890795.1,d__Bacteria;p__Pseudomonadota;c__Gammaproteobacteria;o__Pseudomonadales;f__Pseudomonadaceae;g__Stutzerimonas;s__Stutzerimonas stutzeri_AA,iPHoP-RF,93.40,None
WATLvirus_00312817,RS_GCF_024448895.1,d__Bacteria;p__Pseudomonadota;c__Gammaproteobacteria;o__Pseudomonadales;f__Pseudomonadaceae;g__Stutzerimonas;s__Stutzerimonas stutzeri_Q,iPHoP-RF,91.40,None
WATLvirus_00312817,RS_GCF_019880365.1,d__Bacteria;p__Pseudomonadota;c__Gammaproteobacteria;o__Pseudomonadales;f__Pseudomonadaceae;g__Stutzerimonas;s__Stutzerimonas stutzeri_P,iPHoP-RF,90.10,None
WATLvirus_00312823,RS_GCF_005116445.1,d__Bacteria;p__Bacteroidota;c__Bacteroidia;o__Sphingobacteriales;f__Sphingobacteriaceae;g__Pedobacter;s__Pedobacter frigoris,iPHoP-RF,93.70,None
WATLvirus_00312823,RS_GCF_000523515.1,d__Bacteria;p__Bacteroidota;c__Bacteroidia;o__Sphingobacteriales;f__Sphingobacteriaceae;g__Pedobacter;s__Pedobacter sp000523515,iPHoP-RF,93.10,None
WATLvirus_00312823,RS_GCF_015223055.1,d__Bacteria;p__Bacteroidota;c__Bacteroidia;o__Sphingobacteriales;f__Sphingobacteriaceae;g__Pedobacter;s__Pedobacter sp015223055,iPHoP-RF,91.40,None
WATLvirus_00312925,GB_GCA_900319385.1,d__Bacteria;p__Bacteroidota;c__Bacteroidia;o__Bacteroidales;f__Bacteroidaceae;g__UBA3839;s__UBA3839 sp900319385,iPHoP-RF,90.10,None
WATLvirus_00312979,RS_GCF_007923445.1,d__Bacteria;p__Pseudomonadota;c__Alphaproteobacteria;o__Rhodobacterales;f__Rhodobacteraceae;g__Puniceibacterium;s__Puniceibacterium confluentis,iPHoP-RF,91.80,None
WATLvirus_00313031,GB_GCA_002686215.1,d__Archaea;p__Nanoarchaeota;c__Nanoarchaeia;o__UBA10117;f__ARS21;g__ARS21;s__ARS21 sp002686215,blast,91.30,iPHoP-RF;62.70
WATLvirus_00313287,RS_GCF_000520555.1,d__Bacteria;p__Actinomycetota;c__Actinomycetia;o__Actinomycetales;f__Micrococcaceae;g__Arthrobacter_D;s__Arthrobacter_D sp000520555,iPHoP-RF,94.10,None
WATLvirus_00313287,RS_GCF_003075455.1,d__Bacteria;p__Actinomycetota;c__Actinomycetia;o__Actinomycetales;f__Micrococcaceae;g__Arthrobacter_D;s__Arthrobacter_D sp003075455,iPHoP-RF,93.40,None
WATLvirus_00313353,RS_GCF_001647715.1,d__Bacteria;p__Pseudomonadota;c__Gammaproteobacteria;o__Pseudomonadales;f__Pseudomonadaceae;g__Pseudomonas_E;s__Pseudomonas_E antarctica_A,blast,93.00,iPHoP-RF;70.60
WATLvirus_00313353,RS_GCF_005863185.1,d__Bacteria;p__Pseudomonadota;c__Gammaproteobacteria;o__Pseudomonadales;f__Pseudomonadaceae;g__Pseudomonas_E;s__Pseudomonas_E edaphica,blast,92.00,iPHoP-RF;74.80
WATLvirus_00313353,RS_GCF_002843605.1,d__Bacteria;p__Pseudomonadota;c__Gammaproteobacteria;o__Pseudomonadales;f__Pseudomonadaceae;g__Pseudomonas_E;s__Pseudomonas_E sp002843605,blast,91.90,iPHoP-RF;73.70
WATLvirus_00313353,RS_GCF_009866765.1,d__Bacteria;p__Pseudomonadota;c__Gammaproteobacteria;o__Pseudomonadales;f__Pseudomonadaceae;g__Pseudomonas_E;s__Pseudomonas_E sp009866765,blast,90.70,iPHoP-RF;70.90
WATLvirus_00313353,RS_GCF_900590885.1,d__Bacteria;p__Pseudomonadota;c__Gammaproteobacteria;o__Pseudomonadales;f__Pseudomonadaceae;g__Pseudomonas_E;s__Pseudomonas_E viridiflava_D,blast,90.20,iPHoP-RF;77.30
WATLvirus_00313454,RS_GCF_001681715.1,d__Bacteria;p__Pseudomonadota;c__Alphaproteobacteria;o__Rhodobacterales;f__Rhodobacteraceae;g__Epibacterium;s__Epibacterium mobile,iPHoP-RF,92.80,None
WATLvirus_00313454,RS_GCF_000014065.1,d__Bacteria;p__Pseudomonadota;c__Alphaproteobacteria;o__Rhodobacterales;f__Rhodobacteraceae;g__Epibacterium;s__Epibacterium sp000014065,iPHoP-RF,92.10,None
WATLvirus_00313482,RS_GCF_900100705.1,d__Bacteria;p__Bacteroidota;c__Bacteroidia;o__Sphingobacteriales;f__Sphingobacteriaceae;g__Pedobacter;s__Pedobacter terrae,iPHoP-RF,92.40,None
WATLvirus_00313482,RS_GCF_005938645.2,d__Bacteria;p__Bacteroidota;c__Bacteroidia;o__Sphingobacteriales;f__Sphingobacteriaceae;g__Pedobacter;s__Pedobacter sp005938645,iPHoP-RF,91.40,None
WATLvirus_00313628,GB_GCA_018982785.1,d__Bacteria;p__Bacillota;c__Bacilli;o__Lactobacillales;f__Enterococcaceae;g__Enterococcus_D;s__Enterococcus_D innesii,iPHoP-RF,95.10,None
WATLvirus_00313628,RS_GCF_001544095.1,d__Bacteria;p__Bacillota;c__Bacilli;o__Lactobacillales;f__Enterococcaceae;g__Enterococcus_D;s__Enterococcus_D casseliflavus,iPHoP-RF,95.10,None
WATLvirus_00313628,RS_GCF_004309355.1,d__Bacteria;p__Bacillota;c__Bacilli;o__Lactobacillales;f__Enterococcaceae;g__Enterococcus_A;s__Enterococcus_A florum,iPHoP-RF,94.10,None
WATLvirus_00313628,RS_GCF_001297065.1,d__Bacteria;p__Bacillota;c__Bacilli;o__Lactobacillales;f__Enterococcaceae;g__Enterococcus_D;s__Enterococcus_D sp001297065,iPHoP-RF,93.70,None
WATLvirus_00313628,RS_GCF_002947535.1,d__Bacteria;p__Bacillota;c__Bacilli;o__Lactobacillales;f__Enterococcaceae;g__Enterococcus_B;s__Enterococcus_B mundtii_B,iPHoP-RF,91.10,None
WATLvirus_00313628,RS_GCF_900604485.1,d__Bacteria;p__Bacillota;c__Bacilli;o__Lactobacillales;f__Enterococcaceae;g__Enterococcus_C;s__Enterococcus_C mediterraneensis,iPHoP-RF,90.50,None
WATLvirus_00313777,RS_GCF_001294455.1,d__Bacteria;p__Pseudomonadota;c__Alphaproteobacteria;o__Rhodobacterales;f__Rhodobacteraceae;g__Pseudophaeobacter;s__Pseudophaeobacter sp001294455,iPHoP-RF,91.40,None
WATLvirus_00313780,GB_GCA_002709185.1,d__Bacteria;p__Bacteroidota;c__Bacteroidia;o__Flavobacteriales;f__Flavobacteriaceae;g__UBA3537;s__UBA3537 sp002709185,iPHoP-RF,95.70,None
WATLvirus_00313780,GB_GCA_018673215.1,d__Bacteria;p__Bacteroidota;c__Bacteroidia;o__Flavobacteriales;f__Flavobacteriaceae;g__Hel1-33-131;s__Hel1-33-131 sp018673215,iPHoP-RF,95.10,None
WATLvirus_00313780,GB_GCA_913052445.1,d__Bacteria;p__Bacteroidota;c__Bacteroidia;o__Flavobacteriales;f__Flavobacteriaceae;g__Hel1-33-131;s__Hel1-33-131 sp913052445,iPHoP-RF,94.70,None
WATLvirus_00313780,GB_GCA_002684355.1,d__Bacteria;p__Bacteroidota;c__Bacteroidia;o__Flavobacteriales;f__Flavobacteriaceae;g__UBA3537;s__UBA3537 sp002684355,iPHoP-RF,94.10,None
WATLvirus_00313780,GB_GCA_002690085.1,d__Bacteria;p__Bacteroidota;c__Bacteroidia;o__Flavobacteriales;f__Flavobacteriaceae;g__UBA3537;s__UBA3537 sp002690085,iPHoP-RF,93.70,None
WATLvirus_00313780,GB_GCA_018608765.1,d__Bacteria;p__Bacteroidota;c__Bacteroidia;o__Flavobacteriales;f__Flavobacteriaceae;g__Hel1-33-131;s__Hel1-33-131 sp018608765,iPHoP-RF,93.40,None
WATLvirus_00313780,GB_GCA_018608625.1,d__Bacteria;p__Bacteroidota;c__Bacteroidia;o__Flavobacteriales;f__Flavobacteriaceae;g__Hel1-33-131;s__Hel1-33-131 sp018608625,iPHoP-RF,93.10,None
WATLvirus_00313780,GB_GCA_018608735.1,d__Bacteria;p__Bacteroidota;c__Bacteroidia;o__Flavobacteriales;f__Flavobacteriaceae;g__Hel1-33-131;s__Hel1-33-131 sp018608735,iPHoP-RF,93.10,None
WATLvirus_00313780,GB_GCA_913044085.1,d__Bacteria;p__Bacteroidota;c__Bacteroidia;o__Flavobacteriales;f__Flavobacteriaceae;g__UBA3537;s__UBA3537 sp913044085,iPHoP-RF,92.80,None
WATLvirus_00313780,GB_GCA_905181825.1,d__Bacteria;p__Bacteroidota;c__Bacteroidia;o__Flavobacteriales;f__Flavobacteriaceae;g__Hel1-33-131;s__Hel1-33-131 sp905181825,iPHoP-RF,92.10,None
WATLvirus_00313796,RS_GCF_013416325.1,d__Bacteria;p__Pseudomonadota;c__Gammaproteobacteria;o__Pseudomonadales;f__Halomonadaceae;g__Halomonas;s__Halomonas sedimenti,iPHoP-RF,91.40,None
WATLvirus_00313796,RS_GCF_019903445.1,d__Bacteria;p__Pseudomonadota;c__Gammaproteobacteria;o__Pseudomonadales;f__Halomonadaceae;g__Halomonas;s__Halomonas neptunia,iPHoP-RF,91.40,None
WATLvirus_00313796,RS_GCF_001882345.1,d__Bacteria;p__Pseudomonadota;c__Gammaproteobacteria;o__Pseudomonadales;f__Halomonadaceae;g__Halomonas;s__Halomonas sp001882345,iPHoP-RF,90.80,None
WATLvirus_00313816,GB_GCA_024742575.1,d__Bacteria;p__Pseudomonadota;c__Alphaproteobacteria;o__Rhodobacterales;f__Rhodobacteraceae;g__Marivita;s__Marivita sp024742575,iPHoP-RF,91.80,None
WATLvirus_00313820,GB_GCA_021780905.1,d__Bacteria;p__Verrucomicrobiota;c__Verrucomicrobiae;o__Pedosphaerales;f__UBA11358;g__UBA11358;s__UBA11358 sp021780905,iPHoP-RF,94.10,None
WATLvirus_00314035,RS_GCF_003008555.2,d__Bacteria;p__Pseudomonadota;c__Alphaproteobacteria;o__Rhodobacterales;f__Rhodobacteraceae;g__Pukyongiella;s__Pukyongiella litopenaei,blast,94.60,iPHoP-RF;65.10
WATLvirus_00314147,RS_GCF_002086795.1,d__Bacteria;p__Actinomycetota;c__Actinomycetia;o__Mycobacteriales;f__Mycobacteriaceae;g__Mycobacterium;s__Mycobacterium tusciae,iPHoP-RF,91.80,None
WATLvirus_00314147,GB_GCA_010726765.1,d__Bacteria;p__Actinomycetota;c__Actinomycetia;o__Mycobacteriales;f__Mycobacteriaceae;g__Mycobacterium;s__Mycobacterium gallinarum,iPHoP-RF,91.40,None
WATLvirus_00314147,RS_GCF_010728925.1,d__Bacteria;p__Actinomycetota;c__Actinomycetia;o__Mycobacteriales;f__Mycobacteriaceae;g__Mycobacterium;s__Mycobacterium gadium,iPHoP-RF,91.40,None
WATLvirus_00314147,GB_GCA_019749805.1,d__Bacteria;p__Actinomycetota;c__Actinomycetia;o__Mycobacteriales;f__Mycobacteriaceae;g__Mycobacterium;s__Mycobacterium sp019749805,iPHoP-RF,91.10,None
WATLvirus_00314147,RS_GCF_001667505.1,d__Bacteria;p__Actinomycetota;c__Actinomycetia;o__Mycobacteriales;f__Mycobacteriaceae;g__Mycobacterium;s__Mycobacterium sp001667505,iPHoP-RF,90.80,None
WATLvirus_00314147,RS_GCF_000328565.1,d__Bacteria;p__Actinomycetota;c__Actinomycetia;o__Mycobacteriales;f__Mycobacteriaceae;g__Mycobacterium;s__Mycobacterium sp000328565,iPHoP-RF,90.50,None
WATLvirus_00314147,RS_GCF_003201655.1,d__Bacteria;p__Actinomycetota;c__Actinomycetia;o__Mycobacteriales;f__Mycobacteriaceae;g__Mycobacterium;s__Mycobacterium moriokaense_A,iPHoP-RF,90.10,None
WATLvirus_00314187,RS_GCF_001705435.1,d__Bacteria;p__Pseudomonadota;c__Gammaproteobacteria;o__Pseudomonadales;f__Pseudomonadaceae;g__Pseudomonas_E;s__Pseudomonas_E graminis_B,iPHoP-RF,91.10,None
WATLvirus_00314190,RS_GCF_004126535.1,d__Bacteria;p__Actinomycetota;c__Actinomycetia;o__Propionibacteriales;f__Propionibacteriaceae;g__Brevilactibacter;s__Brevilactibacter flavus,iPHoP-RF,91.80,None
WATLvirus_00314202,GB_GCA_002697205.1,d__Bacteria;p__Pseudomonadota;c__Gammaproteobacteria;o__Pseudomonadales;f__HTCC2089;g__UBA9926;s__UBA9926 sp002697205,iPHoP-RF,97.10,None
WATLvirus_00314202,GB_GCA_012960535.1,d__Bacteria;p__Pseudomonadota;c__Gammaproteobacteria;o__Pseudomonadales;f__HTCC2089;g__UBA9926;s__UBA9926 sp012960535,iPHoP-RF,97.10,None
WATLvirus_00314202,GB_GCA_018645845.1,d__Bacteria;p__Pseudomonadota;c__Gammaproteobacteria;o__Pseudomonadales;f__HTCC2089;g__UBA9659;s__UBA9659 sp018645845,iPHoP-RF,92.10,None
WATLvirus_00314324,RS_GCF_002096615.1,d__Bacteria;p__Bacillota;c__Bacilli;o__Lactobacillales;f__Streptococcaceae;g__Streptococcus;s__Streptococcus oralis_U,iPHoP-RF,92.80,None
WATLvirus_00314324,RS_GCF_003943415.1,d__Bacteria;p__Bacillota;c__Bacilli;o__Lactobacillales;f__Streptococcaceae;g__Streptococcus;s__Streptococcus oralis_BJ,iPHoP-RF,92.10,None
WATLvirus_00314324,RS_GCF_000257845.1,d__Bacteria;p__Bacillota;c__Bacilli;o__Lactobacillales;f__Streptococcaceae;g__Streptococcus;s__Streptococcus oralis_W,iPHoP-RF,91.40,None
WATLvirus_00314324,RS_GCF_021497885.1,d__Bacteria;p__Bacillota;c__Bacilli;o__Lactobacillales;f__Streptococcaceae;g__Streptococcus;s__Streptococcus oralis_BQ,iPHoP-RF,90.80,None
WATLvirus_00314324,RS_GCF_900104285.1,d__Bacteria;p__Bacillota;c__Bacilli;o__Lactobacillales;f__Streptococcaceae;g__Streptococcus;s__Streptococcus sp900104285,iPHoP-RF,90.80,None
WATLvirus_00314324,RS_GCF_016028255.1,d__Bacteria;p__Bacillota;c__Bacilli;o__Lactobacillales;f__Streptococcaceae;g__Streptococcus;s__Streptococcus oralis_AC,iPHoP-RF,90.50,None
WATLvirus_00314324,RS_GCF_003942675.1,d__Bacteria;p__Bacillota;c__Bacilli;o__Lactobacillales;f__Streptococcaceae;g__Streptococcus;s__Streptococcus oralis_BC,iPHoP-RF,90.10,None
WATLvirus_00314357,RS_GCF_000975055.1,d__Bacteria;p__Actinomycetota;c__Actinomycetia;o__Actinomycetales;f__Demequinaceae;g__Demequina;s__Demequina sediminicola,iPHoP-RF,94.40,None
WATLvirus_00314418,GB_GCA_002172375.1,d__Archaea;p__Thermoplasmatota;c__Poseidoniia;o__Poseidoniales;f__Thalassarchaeaceae;g__MGIIb-O3;s__MGIIb-O3 sp002172375,blast,90.90,None
WATLvirus_00314418,GB_GCA_902566785.1,d__Bacteria;p__Pseudomonadota;c__Alphaproteobacteria;o__Pelagibacterales;f__Pelagibacteraceae;g__Pelagibacter;s__Pelagibacter sp902566785,blast,90.90,None
WATLvirus_00314440,RS_GCF_001426185.1,d__Bacteria;p__Actinomycetota;c__Actinomycetia;o__Mycobacteriales;f__Mycobacteriaceae;g__Rhodococcus;s__Rhodococcus sp001426185,iPHoP-RF,94.40,None
WATLvirus_00314500,RS_GCF_001426685.1,d__Bacteria;p__Pseudomonadota;c__Alphaproteobacteria;o__Rhizobiales;f__Rhizobiaceae;g__Pararhizobium;s__Pararhizobium sp001426685,iPHoP-RF,90.10,None
WATLvirus_00314514,GB_GCA_020426105.1,d__Bacteria;p__Planctomycetota;c__Planctomycetia;o__Planctomycetales;f__Planctomycetaceae;g__SXXK01;s__SXXK01 sp020426105,iPHoP-RF,91.10,None
WATLvirus_00314663,RS_GCF_003324185.1,d__Bacteria;p__Bacillota_A;c__Clostridia;o__Oscillospirales;f__Ruminococcaceae;g__Faecalibacterium;s__Faecalibacterium prausnitzii,CRISPR,93.60,iPHoP-RF;50.90
WATLvirus_00314732,RS_GCF_007280415.1,d__Bacteria;p__Pseudomonadota;c__Alphaproteobacteria;o__Sphingomonadales;f__Sphingomonadaceae;g__Sphingorhabdus_B;s__Sphingorhabdus_B contaminans,iPHoP-RF,91.80,None
WATLvirus_00314732,RS_GCF_009769755.1,d__Bacteria;p__Pseudomonadota;c__Alphaproteobacteria;o__Sphingomonadales;f__Sphingomonadaceae;g__Sphingorhabdus_B;s__Sphingorhabdus_B profundilacus,iPHoP-RF,90.50,None
WATLvirus_00314738,RS_GCF_000967495.1,d__Bacteria;p__Pseudomonadota;c__Gammaproteobacteria;o__Enterobacterales_A;f__Vibrionaceae;g__Vibrio;s__Vibrio neptunius,iPHoP-RF,96.70,None
WATLvirus_00314738,RS_GCF_013113835.1,d__Bacteria;p__Pseudomonadota;c__Gammaproteobacteria;o__Enterobacterales_A;f__Vibrionaceae;g__Vibrio;s__Vibrio sp013113835,iPHoP-RF,96.10,None
WATLvirus_00314738,GB_GCA_015767675.1,d__Bacteria;p__Pseudomonadota;c__Gammaproteobacteria;o__Enterobacterales_A;f__Vibrionaceae;g__Vibrio;s__Vibrio sp000960595,iPHoP-RF,95.70,None
WATLvirus_00314738,RS_GCF_000176135.1,d__Bacteria;p__Pseudomonadota;c__Gammaproteobacteria;o__Enterobacterales_A;f__Vibrionaceae;g__Vibrio;s__Vibrio coralliilyticus,iPHoP-RF,95.70,None
WATLvirus_00314738,RS_GCF_000417905.1,d__Bacteria;p__Pseudomonadota;c__Gammaproteobacteria;o__Enterobacterales_A;f__Vibrionaceae;g__Vibrio;s__Vibrio natriegens,iPHoP-RF,95.10,None
WATLvirus_00314738,RS_GCF_900460245.1,d__Bacteria;p__Pseudomonadota;c__Gammaproteobacteria;o__Enterobacterales_A;f__Vibrionaceae;g__Vibrio;s__Vibrio fluvialis,iPHoP-RF,95.10,None
WATLvirus_00314738,RS_GCF_000354175.2,d__Bacteria;p__Pseudomonadota;c__Gammaproteobacteria;o__Enterobacterales_A;f__Vibrionaceae;g__Vibrio;s__Vibrio alginolyticus,iPHoP-RF,94.70,None
WATLvirus_00314738,RS_GCF_011064285.1,d__Bacteria;p__Pseudomonadota;c__Gammaproteobacteria;o__Enterobacterales_A;f__Vibrionaceae;g__Vibrio;s__Vibrio ziniensis,iPHoP-RF,94.70,None
WATLvirus_00314738,RS_GCF_013041605.1,d__Bacteria;p__Pseudomonadota;c__Gammaproteobacteria;o__Enterobacterales_A;f__Vibrionaceae;g__Vibrio;s__Vibrio plantisponsor,iPHoP-RF,94.70,None
WATLvirus_00314738,RS_GCF_009763805.1,d__Bacteria;p__Pseudomonadota;c__Gammaproteobacteria;o__Enterobacterales_A;f__Vibrionaceae;g__Vibrio;s__Vibrio cidicii,iPHoP-RF,94.40,None
WATLvirus_00314738,RS_GCF_014596725.1,d__Bacteria;p__Pseudomonadota;c__Gammaproteobacteria;o__Enterobacterales_A;f__Vibrionaceae;g__Vibrio;s__Vibrio sp014596725,iPHoP-RF,94.40,None
WATLvirus_00314738,RS_GCF_000740015.1,d__Bacteria;p__Pseudomonadota;c__Gammaproteobacteria;o__Enterobacterales_A;f__Vibrionaceae;g__Vibrio;s__Vibrio diazotrophicus,iPHoP-RF,93.70,None
WATLvirus_00314738,RS_GCF_006124995.1,d__Bacteria;p__Pseudomonadota;c__Gammaproteobacteria;o__Enterobacterales_A;f__Vibrionaceae;g__Vibrio;s__Vibrio sp006124995,iPHoP-RF,92.10,None
WATLvirus_00314738,RS_GCF_001639065.2,d__Bacteria;p__Pseudomonadota;c__Gammaproteobacteria;o__Enterobacterales_A;f__Vibrionaceae;g__Vibrio;s__Vibrio barjaei,iPHoP-RF,91.10,None
WATLvirus_00314749,GB_GCA_017305935.1,d__Bacteria;p__Pseudomonadota;c__Alphaproteobacteria;o__Rhizobiales;f__Rhizobiaceae;g__Rhizobium_C;s__Rhizobium_C sp017305935,blast,91.10,iPHoP-RF;75.00
WATLvirus_00314833,RS_GCF_900102465.1,d__Bacteria;p__Pseudomonadota;c__Alphaproteobacteria;o__Thalassobaculales;f__Thalassobaculaceae;g__Thalassobaculum;s__Thalassobaculum litoreum,blast,91.20,None
WATLvirus_00315050,RS_GCF_000485905.1,d__Bacteria;p__Pseudomonadota;c__Gammaproteobacteria;o__Nitrococcales;f__Nitrococcaceae;g__Spiribacter;s__Spiribacter curvatus,blast,95.90,None
WATLvirus_00315060,RS_GCF_001281385.1,d__Bacteria;p__Pseudomonadota;c__Gammaproteobacteria;o__PS1;f__Thioglobaceae;g__Pseudothioglobus;s__Pseudothioglobus singularis,iPHoP-RF,94.70,None
WATLvirus_00315060,GB_GCA_902513495.1,d__Bacteria;p__Pseudomonadota;c__Gammaproteobacteria;o__PS1;f__Thioglobaceae;g__Pseudothioglobus;s__Pseudothioglobus sp902513495,iPHoP-RF,94.10,None
WATLvirus_00315060,GB_GCA_905620445.1,d__Bacteria;p__Pseudomonadota;c__Gammaproteobacteria;o__PS1;f__Thioglobaceae;g__Pseudothioglobus;s__Pseudothioglobus sp905620445,iPHoP-RF,90.50,None
WATLvirus_00315060,GB_GCA_913057955.1,d__Bacteria;p__Pseudomonadota;c__Gammaproteobacteria;o__PS1;f__Thioglobaceae;g__Pseudothioglobus;s__Pseudothioglobus sp913057955,iPHoP-RF,90.10,None
WATLvirus_00315073,RS_GCF_000255655.1,d__Bacteria;p__Planctomycetota;c__Planctomycetia;o__Planctomycetales;f__Planctomycetaceae;g__Schlesneria;s__Schlesneria paludicola,iPHoP-RF,95.40,None
WATLvirus_00315086,GB_GCA_007745635.1,d__Bacteria;p__Planctomycetota;c__Planctomycetia;o__Pirellulales;f__Pirellulaceae;g__Stieleria;s__Stieleria sp002167455,blast,93.40,iPHoP-RF;72.20
WATLvirus_00315086,RS_GCF_008629675.1,d__Bacteria;p__Planctomycetota;c__Planctomycetia;o__Pirellulales;f__Pirellulaceae;g__Stieleria;s__Stieleria nitratireducens,blast,90.20,iPHoP-RF;60.60
WATLvirus_00315190,RS_GCF_001941865.1,d__Bacteria;p__Pseudomonadota;c__Gammaproteobacteria;o__Pseudomonadales;f__Pseudomonadaceae;g__Pseudomonas_E;s__Pseudomonas_E alcaliphila_B,blast,95.10,iPHoP-RF;61.90
WATLvirus_00315271,GB_GCA_009922885.1,d__Bacteria;p__Pseudomonadota;c__Alphaproteobacteria;o__Rhodobacterales;f__Rhodobacteraceae;g__UBA9554;s__UBA9554 sp009922885,blast,96.20,iPHoP-RF;64.50
WATLvirus_00315300,RS_GCF_018069895.1,d__Bacteria;p__Pseudomonadota;c__Alphaproteobacteria;o__Rhodobacterales;f__Rhodobacteraceae;g__Roseovarius;s__Roseovarius sp018069895,blast,92.50,None
WATLvirus_00315308,GB_GCA_002381155.1,d__Bacteria;p__Bacteroidota;c__Bacteroidia;o__Flavobacteriales;f__Flavobacteriaceae;g__UBA3478;s__UBA3478 sp002381155,iPHoP-RF,92.40,None
WATLvirus_00315308,GB_GCA_024638165.1,d__Bacteria;p__Bacteroidota;c__Bacteroidia;o__Flavobacteriales;f__Flavobacteriaceae;g__UBA3478;s__UBA3478 sp024638165,iPHoP-RF,90.50,None
WATLvirus_00315335,GB_GCA_003514305.1,d__Bacteria;p__Pseudomonadota;c__Gammaproteobacteria;o__Pseudomonadales;f__Pseudohongiellaceae;g__UBA9145;s__UBA9145 sp003514305,blast,93.90,iPHoP-RF;83.60
WATLvirus_00315381,bin.85,d__Bacteria;p__Pseudomonadota;c__Alphaproteobacteria;o__Rhodobacterales;f__Rhodobacteraceae;g__;s__,blast,91.90,None
WATLvirus_00315381,GB_GCA_018830285.1,d__Bacteria;p__Pseudomonadota;c__Alphaproteobacteria;o__Caulobacterales;f__Hyphomonadaceae;g__Hyphomonas;s__Hyphomonas sp018830285,blast,91.80,iPHoP-RF;54.60
WATLvirus_00315436,RS_GCF_000012625.1,d__Bacteria;p__Cyanobacteriota;c__Cyanobacteriia;o__PCC-6307;f__Cyanobiaceae;g__Parasynechococcus;s__Parasynechococcus sp000012625,iPHoP-RF,97.10,None
WATLvirus_00315436,RS_GCF_000161795.2,d__Bacteria;p__Cyanobacteriota;c__Cyanobacteriia;o__PCC-6307;f__Cyanobiaceae;g__Parasynechococcus;s__Parasynechococcus sp000161795,iPHoP-RF,97.10,None
WATLvirus_00315436,RS_GCF_000737595.1,d__Bacteria;p__Cyanobacteriota;c__Cyanobacteriia;o__PCC-6307;f__Cyanobiaceae;g__Parasynechococcus;s__Parasynechococcus sp000737595,iPHoP-RF,96.10,None
WATLvirus_00315436,GB_GCA_014280195.1,d__Bacteria;p__Cyanobacteriota;c__Cyanobacteriia;o__PCC-6307;f__Cyanobiaceae;g__Parasynechococcus;s__Parasynechococcus sp014280195,iPHoP-RF,95.40,None
WATLvirus_00315436,RS_GCF_000195975.1,d__Bacteria;p__Cyanobacteriota;c__Cyanobacteriia;o__PCC-6307;f__Cyanobiaceae;g__Parasynechococcus;s__Parasynechococcus marenigrum,iPHoP-RF,95.40,None
WATLvirus_00315436,GB_GCA_003210735.1,d__Bacteria;p__Cyanobacteriota;c__Cyanobacteriia;o__PCC-6307;f__Cyanobiaceae;g__Parasynechococcus;s__Parasynechococcus sp003210735,iPHoP-RF,95.10,None
WATLvirus_00315436,RS_GCF_900474185.1,d__Bacteria;p__Cyanobacteriota;c__Cyanobacteriia;o__PCC-6307;f__Cyanobiaceae;g__Parasynechococcus;s__Parasynechococcus sp900474185,iPHoP-RF,95.10,None
WATLvirus_00315436,GB_GCA_003209165.1,d__Bacteria;p__Cyanobacteriota;c__Cyanobacteriia;o__PCC-6307;f__Cyanobiaceae;g__Parasynechococcus;s__Parasynechococcus sp003209165,iPHoP-RF,94.10,None
WATLvirus_00315436,RS_GCF_014279755.1,d__Bacteria;p__Cyanobacteriota;c__Cyanobacteriia;o__PCC-6307;f__Cyanobiaceae;g__Parasynechococcus;s__Parasynechococcus sp014279755,iPHoP-RF,93.40,None
WATLvirus_00315436,RS_GCF_014279895.1,d__Bacteria;p__Cyanobacteriota;c__Cyanobacteriia;o__PCC-6307;f__Cyanobiaceae;g__Parasynechococcus;s__Parasynechococcus sp002724845,iPHoP-RF,93.40,None
WATLvirus_00315436,GB_GCA_003210795.1,d__Bacteria;p__Cyanobacteriota;c__Cyanobacteriia;o__PCC-6307;f__Cyanobiaceae;g__Parasynechococcus;s__Parasynechococcus sp003210795,iPHoP-RF,91.10,None
WATLvirus_00315436,RS_GCF_020514115.1,d__Bacteria;p__Cyanobacteriota;c__Cyanobacteriia;o__PCC-6307;f__Cyanobiaceae;g__Parasynechococcus;s__Parasynechococcus sp020514115,iPHoP-RF,90.50,None
WATLvirus_00315492,GB_GCA_002686215.1,d__Archaea;p__Nanoarchaeota;c__Nanoarchaeia;o__UBA10117;f__ARS21;g__ARS21;s__ARS21 sp002686215,blast,95.50,iPHoP-RF;74.10
WATLvirus_00315609,GB_GCA_934133195.1,d__Bacteria;p__Bacillota;c__Bacilli;o__ML615J-28;f__CAG-313;g__UMGS75;s__UMGS75 sp934133195,iPHoP-RF,95.70,None
WATLvirus_00315609,GB_GCA_900752975.1,d__Bacteria;p__Bacillota;c__Bacilli;o__ML615J-28;f__CAG-313;g__UMGS75;s__UMGS75 sp900752975,iPHoP-RF,93.40,None
WATLvirus_00315609,GB_GCA_012515785.1,d__Bacteria;p__Bacillota;c__Bacilli;o__Acholeplasmatales;f__Acholeplasmataceae;g__DUQW01;s__DUQW01 sp012515785,iPHoP-RF,92.80,None
WATLvirus_00315609,GB_GCA_900538885.1,d__Bacteria;p__Bacillota;c__Bacilli;o__ML615J-28;f__CAG-313;g__UMGS75;s__UMGS75 sp900538885,iPHoP-RF,92.10,None
WATLvirus_00315609,GB_GCA_012520715.1,d__Bacteria;p__Bacillota;c__Bacilli;o__Acholeplasmatales;f__Acholeplasmataceae;g__DUQW01;s__DUQW01 sp012520715,iPHoP-RF,90.80,None
WATLvirus_00315609,GB_GCA_021736205.1,d__Bacteria;p__Bacillota;c__Bacilli;o__Izemoplasmatales;f__Izemoplasmataceae;g__JAIPGF01;s__JAIPGF01 sp021736205,iPHoP-RF,90.50,None
WATLvirus_00315609,GB_GCA_021767685.1,d__Bacteria;p__Bacillota;c__Bacilli;o__Izemoplasmatales;f__Izemoplasmataceae;g__JAIPGF01;s__JAIPGF01 sp021767685,iPHoP-RF,90.50,None
WATLvirus_00315898,RS_GCF_004000435.1,d__Bacteria;p__Pseudomonadota;c__Alphaproteobacteria;o__Rhodobacterales;f__Rhodobacteraceae;g__Alexandriicola;s__Alexandriicola marinus,blast,93.20,iPHoP-RF;63.00
WATLvirus_00315975,GB_GCA_018830285.1,d__Bacteria;p__Pseudomonadota;c__Alphaproteobacteria;o__Caulobacterales;f__Hyphomonadaceae;g__Hyphomonas;s__Hyphomonas sp018830285,blast,92.60,None
WATLvirus_00315987,RS_GCF_003408705.1,d__Bacteria;p__Actinomycetota;c__Actinomycetia;o__Mycobacteriales;f__Mycobacteriaceae;g__Mycobacterium;s__Mycobacterium uberis,iPHoP-RF,94.70,None
WATLvirus_00315987,RS_GCF_000975265.2,d__Bacteria;p__Actinomycetota;c__Actinomycetia;o__Mycobacteriales;f__Mycobacteriaceae;g__Mycobacterium;s__Mycobacterium lepromatosis,iPHoP-RF,93.40,None
WATLvirus_00315987,RS_GCF_000195855.1,d__Bacteria;p__Actinomycetota;c__Actinomycetia;o__Mycobacteriales;f__Mycobacteriaceae;g__Mycobacterium;s__Mycobacterium leprae,iPHoP-RF,91.10,None
WATLvirus_00316111,GB_GCA_018402565.1,d__Bacteria;p__Planctomycetota;c__Planctomycetia;o__Pirellulales;f__Pirellulaceae;g__M30B19;s__M30B19 sp018402565,blast,91.10,None
WATLvirus_00316236,GB_GCA_003278425.1,d__Bacteria;p__Cyanobacteriota;c__Cyanobacteriia;o__PCC-6307;f__Cyanobiaceae;g__Prochlorococcus;s__Prochlorococcus sp003278425,iPHoP-RF,96.40,None
WATLvirus_00316236,GB_GCA_003212515.1,d__Bacteria;p__Cyanobacteriota;c__Cyanobacteriia;o__PCC-6307;f__Cyanobiaceae;g__Prochlorococcus;s__Prochlorococcus sp003212515,iPHoP-RF,96.10,None
WATLvirus_00316236,RS_GCF_002019765.1,d__Bacteria;p__Bacillota;c__Bacilli;o__Bacillales_H;f__Bacillaceae_D;g__Bacillus_H;s__Bacillus_H oshimensis,iPHoP-RF,90.10,None
WATLvirus_00316321,GB_GCA_018830285.1,d__Bacteria;p__Pseudomonadota;c__Alphaproteobacteria;o__Caulobacterales;f__Hyphomonadaceae;g__Hyphomonas;s__Hyphomonas sp018830285,blast,93.80,None
WATLvirus_00316353,GB_GCA_022763245.1,d__Bacteria;p__Pseudomonadota;c__Alphaproteobacteria;o__Rhizobiales;f__Rhizobiaceae;g__Oricola;s__Oricola sp022763245,blast,92.60,None
WATLvirus_00316353,GB_GCA_017643905.1,d__Bacteria;p__Pseudomonadota;c__Alphaproteobacteria;o__Rhodobacterales;f__Rhodobacteraceae;g__Marivita;s__Marivita sp017643905,blast,90.20,None
WATLvirus_00316469,GB_GCA_013202865.1,d__Bacteria;p__Planctomycetota;c__Planctomycetia;o__Pirellulales;f__Thermoguttaceae;g__JABMRB01;s__JABMRB01 sp013202865,iPHoP-RF,93.70,None
WATLvirus_00316500,GB_GCA_024636395.1,d__Bacteria;p__Pseudomonadota;c__Alphaproteobacteria;o__Rhodobacterales;f__Rhodobacteraceae;g__Sulfitobacter;s__Sulfitobacter sp024636395,iPHoP-RF,90.50,None
WATLvirus_00316504,RS_GCF_000230675.1,d__Bacteria;p__Cyanobacteriota;c__Cyanobacteriia;o__PCC-6307;f__Cyanobiaceae;g__Synechococcus_C;s__Synechococcus_C sp000230675,blast,93.80,iPHoP-RF;74.60
WATLvirus_00316587,RS_GCF_000771405.1,d__Bacteria;p__Actinomycetota;c__Actinomycetia;o__Actinomycetales;f__Bifidobacteriaceae;g__Bifidobacterium;s__Bifidobacterium pullorum,iPHoP-RF,94.10,None
WATLvirus_00316676,RS_GCF_000246945.1,d__Bacteria;p__Bacteroidota;c__Bacteroidia;o__Flavobacteriales;f__Flavobacteriaceae;g__Flavobacterium;s__Flavobacterium injenense,iPHoP-RF,92.10,None
WATLvirus_00316858,RS_GCF_000427865.1,d__Bacteria;p__Actinomycetota;c__Actinomycetia;o__Mycobacteriales;f__Mycobacteriaceae;g__Corynebacterium;s__Corynebacterium sputi,iPHoP-RF,94.10,None
WATLvirus_00316921,RS_GCF_014596725.1,d__Bacteria;p__Pseudomonadota;c__Gammaproteobacteria;o__Enterobacterales_A;f__Vibrionaceae;g__Vibrio;s__Vibrio sp014596725,iPHoP-RF,94.10,None
WATLvirus_00316921,RS_GCF_011064285.1,d__Bacteria;p__Pseudomonadota;c__Gammaproteobacteria;o__Enterobacterales_A;f__Vibrionaceae;g__Vibrio;s__Vibrio ziniensis,iPHoP-RF,92.80,None
WATLvirus_00316921,RS_GCF_001639065.2,d__Bacteria;p__Pseudomonadota;c__Gammaproteobacteria;o__Enterobacterales_A;f__Vibrionaceae;g__Vibrio;s__Vibrio barjaei,iPHoP-RF,90.50,None
WATLvirus_00316921,RS_GCF_900088415.1,d__Bacteria;p__Pseudomonadota;c__Gammaproteobacteria;o__Enterobacterales_A;f__Vibrionaceae;g__Vibrio;s__Vibrio mediterranei,iPHoP-RF,90.50,None
WATLvirus_00316967,RS_GCF_018141665.1,d__Bacteria;p__Pseudomonadota;c__Alphaproteobacteria;o__Rickettsiales;f__Anaplasmataceae;g__Wolbachia;s__Wolbachia sp001439985,iPHoP-RF,93.40,None
WATLvirus_00316967,RS_GCF_000376585.1,d__Bacteria;p__Pseudomonadota;c__Alphaproteobacteria;o__Rickettsiales;f__Anaplasmataceae;g__Wolbachia;s__Wolbachia sp000376585,iPHoP-RF,92.10,None
WATLvirus_00316967,RS_GCF_004171285.1,d__Bacteria;p__Pseudomonadota;c__Alphaproteobacteria;o__Rickettsiales;f__Anaplasmataceae;g__Wolbachia;s__Wolbachia pipientis_C,iPHoP-RF,92.10,None
WATLvirus_00316967,RS_GCF_020405475.1,d__Bacteria;p__Pseudomonadota;c__Alphaproteobacteria;o__Rickettsiales;f__Anaplasmataceae;g__Wolbachia;s__Wolbachia sp020405475,iPHoP-RF,92.10,None
WATLvirus_00316967,GB_GCA_018224395.1,d__Bacteria;p__Pseudomonadota;c__Alphaproteobacteria;o__Rickettsiales;f__Anaplasmataceae;g__Wolbachia;s__Wolbachia sp018224395,iPHoP-RF,91.80,None
WATLvirus_00317031,GB_GCA_025150425.1,d__Bacteria;p__Bacillota_A;c__Clostridia;o__Oscillospirales;f__Ruminococcaceae;g__Ruminiclostridium_E;s__Ruminiclostridium_E siraeum,CRISPR,99.00,None
WATLvirus_00317031,GB_GCA_900539195.1,d__Bacteria;p__Bacillota_A;c__Clostridia;o__Oscillospirales;f__Ruminococcaceae;g__Ruminiclostridium_E;s__Ruminiclostridium_E sp900539195,CRISPR,99.00,None
WATLvirus_00317031,GB_GCA_003512525.1,d__Bacteria;p__Bacillota_A;c__Clostridia;o__Oscillospirales;f__Ruminococcaceae;g__Ruminiclostridium_E;s__Ruminiclostridium_E sp003512525,CRISPR,98.90,None
WATLvirus_00317038,RS_GCF_900129835.1,d__Bacteria;p__Pseudomonadota;c__Gammaproteobacteria;o__Pseudomonadales;f__Pseudomonadaceae;g__Stutzerimonas;s__Stutzerimonas xanthomarina,iPHoP-RF,95.70,None
WATLvirus_00317038,RS_GCF_000235745.1,d__Bacteria;p__Pseudomonadota;c__Gammaproteobacteria;o__Pseudomonadales;f__Pseudomonadaceae;g__Stutzerimonas;s__Stutzerimonas stutzeri_H,iPHoP-RF,95.40,None
WATLvirus_00317038,RS_GCF_013620795.1,d__Bacteria;p__Pseudomonadota;c__Gammaproteobacteria;o__Pseudomonadales;f__Pseudomonadaceae;g__Stutzerimonas;s__Stutzerimonas sp013620795,iPHoP-RF,95.10,None
WATLvirus_00317038,RS_GCF_003696365.1,d__Bacteria;p__Pseudomonadota;c__Gammaproteobacteria;o__Pseudomonadales;f__Pseudomonadaceae;g__Stutzerimonas;s__Stutzerimonas zhaodongensis,iPHoP-RF,94.10,None
WATLvirus_00317038,RS_GCF_024448715.1,d__Bacteria;p__Pseudomonadota;c__Gammaproteobacteria;o__Pseudomonadales;f__Pseudomonadaceae;g__Stutzerimonas;s__Stutzerimonas stutzeri_AR,iPHoP-RF,91.80,None
WATLvirus_00317038,RS_GCF_024448895.1,d__Bacteria;p__Pseudomonadota;c__Gammaproteobacteria;o__Pseudomonadales;f__Pseudomonadaceae;g__Stutzerimonas;s__Stutzerimonas stutzeri_Q,iPHoP-RF,91.80,None
WATLvirus_00317038,RS_GCF_002890895.1,d__Bacteria;p__Pseudomonadota;c__Gammaproteobacteria;o__Pseudomonadales;f__Pseudomonadaceae;g__Stutzerimonas;s__Stutzerimonas stutzeri_AB,iPHoP-RF,91.10,None
WATLvirus_00317041,GB_GCA_900541695.1,d__Bacteria;p__Actinomycetota;c__Coriobacteriia;o__Coriobacteriales;f__Coriobacteriaceae;g__Collinsella;s__Collinsella sp900541695,CRISPR,98.50,None
WATLvirus_00317041,GB_GCA_900756765.1,d__Bacteria;p__Actinomycetota;c__Coriobacteriia;o__Coriobacteriales;f__Coriobacteriaceae;g__Collinsella;s__Collinsella sp900756765,CRISPR,98.10,None
WATLvirus_00317041,GB_GCA_900542165.1,d__Bacteria;p__Actinomycetota;c__Coriobacteriia;o__Coriobacteriales;f__Coriobacteriaceae;g__Collinsella;s__Collinsella sp900542165,CRISPR,97.50,None
WATLvirus_00317041,GB_GCA_900757205.1,d__Bacteria;p__Actinomycetota;c__Coriobacteriia;o__Coriobacteriales;f__Coriobacteriaceae;g__Collinsella;s__Collinsella sp900757205,CRISPR,94.90,None
WATLvirus_00317101,GB_GCA_018222805.1,d__Bacteria;p__Pseudomonadota;c__Gammaproteobacteria;o__Enterobacterales_A;f__Vibrionaceae;g__Vibrio;s__Vibrio sp018222805,iPHoP-RF,95.40,None
WATLvirus_00317101,RS_GCF_021728395.1,d__Bacteria;p__Pseudomonadota;c__Gammaproteobacteria;o__Enterobacterales_A;f__Vibrionaceae;g__Vibrio;s__Vibrio sp018223135,iPHoP-RF,95.10,None
WATLvirus_00317101,RS_GCF_000830505.1,d__Bacteria;p__Pseudomonadota;c__Gammaproteobacteria;o__Enterobacterales_A;f__Vibrionaceae;g__Vibrio;s__Vibrio mytili,iPHoP-RF,94.70,None
WATLvirus_00317101,RS_GCF_905175385.1,d__Bacteria;p__Pseudomonadota;c__Gammaproteobacteria;o__Enterobacterales_A;f__Vibrionaceae;g__Vibrio;s__Vibrio sp903986855,iPHoP-RF,93.70,None
WATLvirus_00317101,RS_GCF_900107935.1,d__Bacteria;p__Pseudomonadota;c__Gammaproteobacteria;o__Enterobacterales_A;f__Vibrionaceae;g__Vibrio;s__Vibrio hangzhouensis,iPHoP-RF,93.40,None
WATLvirus_00317101,RS_GCF_000417905.1,d__Bacteria;p__Pseudomonadota;c__Gammaproteobacteria;o__Enterobacterales_A;f__Vibrionaceae;g__Vibrio;s__Vibrio natriegens,iPHoP-RF,93.10,None
WATLvirus_00317101,RS_GCF_900460245.1,d__Bacteria;p__Pseudomonadota;c__Gammaproteobacteria;o__Enterobacterales_A;f__Vibrionaceae;g__Vibrio;s__Vibrio fluvialis,iPHoP-RF,91.40,None
WATLvirus_00317101,RS_GCF_000176135.1,d__Bacteria;p__Pseudomonadota;c__Gammaproteobacteria;o__Enterobacterales_A;f__Vibrionaceae;g__Vibrio;s__Vibrio coralliilyticus,iPHoP-RF,90.80,None
WATLvirus_00317146,RS_GCF_008629675.1,d__Bacteria;p__Planctomycetota;c__Planctomycetia;o__Pirellulales;f__Pirellulaceae;g__Stieleria;s__Stieleria nitratireducens,blast,93.60,iPHoP-RF;69.80
WATLvirus_00317146,RS_GCF_001642955.1,d__Bacteria;p__Planctomycetota;c__Planctomycetia;o__Pirellulales;f__Pirellulaceae;g__Rubripirellula;s__Rubripirellula obstinata,blast,90.60,iPHoP-RF;58.40
WATLvirus_00317259,RS_GCF_014138625.1,d__Bacteria;p__Pseudomonadota;c__Alphaproteobacteria;o__Rhizobiales;f__Rhizobiaceae;g__Aminobacter;s__Aminobacter ciceronei,blast,93.40,iPHoP-RF;50.90
WATLvirus_00317292,RS_GCF_016429285.1,d__Bacteria;p__Pseudomonadota;c__Gammaproteobacteria;o__Burkholderiales;f__Burkholderiaceae;g__Ralstonia;s__Ralstonia sp016429285,blast,93.50,iPHoP-RF;68.60
WATLvirus_00317292,RS_GCF_008801405.1,d__Bacteria;p__Pseudomonadota;c__Gammaproteobacteria;o__Burkholderiales;f__Burkholderiaceae;g__Ralstonia;s__Ralstonia insidiosa,blast,93.10,iPHoP-RF;62.70
WATLvirus_00317292,RS_GCF_024925465.1,d__Bacteria;p__Pseudomonadota;c__Gammaproteobacteria;o__Burkholderiales;f__Burkholderiaceae;g__Ralstonia;s__Ralstonia pseudosolanacearum,blast,90.30,iPHoP-RF;70.60
WATLvirus_00317292,RS_GCF_900115545.1,d__Bacteria;p__Pseudomonadota;c__Gammaproteobacteria;o__Burkholderiales;f__Burkholderiaceae;g__Ralstonia;s__Ralstonia sp900115545,blast,90.30,iPHoP-RF;63.50
WATLvirus_00317334,RS_GCF_012395815.1,d__Bacteria;p__Pseudomonadota;c__Alphaproteobacteria;o__Rhodobacterales;f__Rhodobacteraceae;g__Roseicyclus;s__Roseicyclus persicicum,blast,92.40,iPHoP-RF;53.60
WATLvirus_00317334,RS_GCF_003148775.1,d__Bacteria;p__Pseudomonadota;c__Alphaproteobacteria;o__Rhodobacterales;f__Rhodobacteraceae;g__Roseicyclus;s__Roseicyclus mahoneyensis,blast,92.00,iPHoP-RF;68.40
WATLvirus_00317334,GB_GCA_018402035.1,d__Bacteria;p__Pseudomonadota;c__Alphaproteobacteria;o__Rhodobacterales;f__Rhodobacteraceae;g__Roseicyclus;s__Roseicyclus sp018402035,blast,91.80,iPHoP-RF;65.60
WATLvirus_00317334,GB_GCA_018401055.1,d__Bacteria;p__Pseudomonadota;c__Alphaproteobacteria;o__Rhodobacterales;f__Rhodobacteraceae;g__Roseicyclus;s__Roseicyclus sp018401055,blast,90.40,iPHoP-RF;67.70
WATLvirus_00317429,RS_GCF_001969385.1,d__Bacteria;p__Pseudomonadota;c__Alphaproteobacteria;o__Rhodobacterales;f__Rhodobacteraceae;g__Salipiger;s__Salipiger profundus,iPHoP-RF,95.10,None
WATLvirus_00317429,RS_GCF_000153725.1,d__Bacteria;p__Pseudomonadota;c__Alphaproteobacteria;o__Rhodobacterales;f__Rhodobacteraceae;g__Salipiger;s__Salipiger bermudensis,iPHoP-RF,90.10,None
WATLvirus_00317429,RS_GCF_900188335.1,d__Bacteria;p__Pseudomonadota;c__Alphaproteobacteria;o__Rhodobacterales;f__Rhodobacteraceae;g__Tropicimonas;s__Tropicimonas sediminicola,iPHoP-RF,90.10,None
WATLvirus_00317443,GB_GCA_009923445.1,d__Bacteria;p__Patescibacteria;c__Saccharimonadia;o__Saccharimonadales;f__SZUA-47;g__RFTN01;s__RFTN01 sp009923445,blast,95.00,iPHoP-RF;68.40
WATLvirus_00317473,GB_GCA_009775605.1,d__Bacteria;p__Bacteroidota;c__Bacteroidia;o__Bacteroidales;f__Muribaculaceae;g__Paramuribaculum;s__Paramuribaculum sp009775605,iPHoP-RF,94.10,None
WATLvirus_00317473,GB_GCA_001689535.1,d__Bacteria;p__Bacteroidota;c__Bacteroidia;o__Bacteroidales;f__Muribaculaceae;g__Paramuribaculum;s__Paramuribaculum sp001689535,iPHoP-RF,93.10,None
WATLvirus_00317473,GB_GCA_910589095.1,d__Bacteria;p__Bacteroidota;c__Bacteroidia;o__Bacteroidales;f__Muribaculaceae;g__Paramuribaculum;s__Paramuribaculum sp910589095,iPHoP-RF,93.10,None
WATLvirus_00317473,RS_GCF_003024925.1,d__Bacteria;p__Bacteroidota;c__Bacteroidia;o__Bacteroidales;f__Muribaculaceae;g__Paramuribaculum;s__Paramuribaculum intestinale,iPHoP-RF,91.80,None
WATLvirus_00317508,RS_GCF_008629675.1,d__Bacteria;p__Planctomycetota;c__Planctomycetia;o__Pirellulales;f__Pirellulaceae;g__Stieleria;s__Stieleria nitratireducens,blast,92.70,iPHoP-RF;60.60
WATLvirus_00317508,GB_GCA_007859835.1,d__Bacteria;p__Planctomycetota;c__Planctomycetia;o__Pirellulales;f__Pirellulaceae;g__Novipirellula;s__Novipirellula sp007859835,blast,92.10,iPHoP-RF;56.50
WATLvirus_00317564,RS_GCF_004761875.1,d__Bacteria;p__Pseudomonadota;c__Alphaproteobacteria;o__Rhodobacterales;f__Rhodobacteraceae;g__Roseovarius;s__Roseovarius aestuariivivens,iPHoP-RF,93.70,None
WATLvirus_00317606,GB_GCA_017857855.1,d__Bacteria;p__Bacteroidota;c__Bacteroidia;o__NS11-12g;f__UBA9320;g__UBA9320;s__UBA9320 sp003516975,blast,96.40,iPHoP-RF;53.60
WATLvirus_00317609,GB_GCA_022763245.1,d__Bacteria;p__Pseudomonadota;c__Alphaproteobacteria;o__Rhizobiales;f__Rhizobiaceae;g__Oricola;s__Oricola sp022763245,blast,93.30,None
WATLvirus_00317616,GB_GCA_024637375.1,d__Bacteria;p__Pseudomonadota;c__Alphaproteobacteria;o__Rhodobacterales;f__Rhodobacteraceae;g__Sediminimonas;s__Sediminimonas sp024637375,blast,92.00,iPHoP-RF;71.90
WATLvirus_00317616,RS_GCF_003993775.1,d__Bacteria;p__Pseudomonadota;c__Alphaproteobacteria;o__Rhodobacterales;f__Rhodobacteraceae;g__Frigidibacter;s__Frigidibacter oleivorans,blast,90.90,None
WATLvirus_00317617,RS_GCF_900459405.1,d__Bacteria;p__Bacillota;c__Bacilli;o__Lactobacillales;f__Streptococcaceae;g__Streptococcus;s__Streptococcus hyointestinalis,CRISPR,96.50,None
WATLvirus_00317617,RS_GCF_900635155.1,d__Bacteria;p__Bacillota;c__Bacilli;o__Lactobacillales;f__Streptococcaceae;g__Streptococcus;s__Streptococcus sanguinis_G,CRISPR,91.50,None
WATLvirus_00317782,RS_GCF_002407245.1,d__Bacteria;p__Pseudomonadota;c__Alphaproteobacteria;o__Rhodobacterales;f__Rhodobacteraceae;g__Phaeobacter;s__Phaeobacter piscinae,iPHoP-RF,91.80,None
WATLvirus_00317908,RS_GCF_000830505.1,d__Bacteria;p__Pseudomonadota;c__Gammaproteobacteria;o__Enterobacterales_A;f__Vibrionaceae;g__Vibrio;s__Vibrio mytili,iPHoP-RF,96.40,None
WATLvirus_00317908,RS_GCF_002873335.1,d__Bacteria;p__Pseudomonadota;c__Gammaproteobacteria;o__Enterobacterales_A;f__Vibrionaceae;g__Vibrio;s__Vibrio sp002873335,iPHoP-RF,96.40,None
WATLvirus_00317908,GB_GCA_000695745.1,d__Bacteria;p__Pseudomonadota;c__Gammaproteobacteria;o__Enterobacterales_A;f__Vibrionaceae;g__Vibrio;s__Vibrio madracius,iPHoP-RF,95.70,None
WATLvirus_00317908,RS_GCF_002563795.1,d__Bacteria;p__Pseudomonadota;c__Gammaproteobacteria;o__Enterobacterales_A;f__Vibrionaceae;g__Vibrio;s__Vibrio sp002563795,iPHoP-RF,94.40,None
WATLvirus_00317908,RS_GCF_900089835.1,d__Bacteria;p__Pseudomonadota;c__Gammaproteobacteria;o__Enterobacterales_A;f__Vibrionaceae;g__Vibrio;s__Vibrio thalassae,iPHoP-RF,94.40,None
WATLvirus_00317908,RS_GCF_000287055.2,d__Bacteria;p__Pseudomonadota;c__Gammaproteobacteria;o__Enterobacterales_A;f__Vibrionaceae;g__Vibrio;s__Vibrio sp000287055,iPHoP-RF,93.40,None
WATLvirus_00317908,RS_GCF_023634655.1,d__Bacteria;p__Pseudomonadota;c__Gammaproteobacteria;o__Enterobacterales_A;f__Vibrionaceae;g__Vibrio;s__Vibrio sp023634655,iPHoP-RF,93.40,None
WATLvirus_00317908,RS_GCF_002849855.1,d__Bacteria;p__Pseudomonadota;c__Gammaproteobacteria;o__Enterobacterales_A;f__Vibrionaceae;g__Vibrio;s__Vibrio azureus,iPHoP-RF,93.10,None
WATLvirus_00317908,RS_GCF_009363415.1,d__Bacteria;p__Pseudomonadota;c__Gammaproteobacteria;o__Enterobacterales_A;f__Vibrionaceae;g__Vibrio;s__Vibrio aquimaris,iPHoP-RF,92.80,None
WATLvirus_00317908,RS_GCF_003350295.1,d__Bacteria;p__Pseudomonadota;c__Gammaproteobacteria;o__Enterobacterales_A;f__Vibrionaceae;g__Vibrio;s__Vibrio tetraodonis,iPHoP-RF,91.80,None
WATLvirus_00317908,RS_GCF_022836845.1,d__Bacteria;p__Pseudomonadota;c__Gammaproteobacteria;o__Enterobacterales_A;f__Vibrionaceae;g__Vibrio;s__Vibrio sp022836845,iPHoP-RF,91.10,None
WATLvirus_00317970,RS_GCF_000771405.1,d__Bacteria;p__Actinomycetota;c__Actinomycetia;o__Actinomycetales;f__Bifidobacteriaceae;g__Bifidobacterium;s__Bifidobacterium pullorum,iPHoP-RF,90.10,None
WATLvirus_00317999,GB_GCA_002403445.1,d__Bacteria;p__Pseudomonadota;c__Gammaproteobacteria;o__Nevskiales;f__Salinisphaeraceae;g__Salifodinibacter;s__Salifodinibacter sp002403445,blast,93.50,iPHoP-RF;67.30
WATLvirus_00318007,GB_GCA_003670825.1,d__Bacteria;p__Planctomycetota;c__Planctomycetia;o__Pirellulales;f__UBA1268;g__QWPN01;s__QWPN01 sp003670825,iPHoP-RF,93.40,None
WATLvirus_00318007,GB_GCA_016872925.1,d__Bacteria;p__Planctomycetota;c__Planctomycetia;o__Pirellulales;f__UBA1268;g__QWPN01;s__QWPN01 sp016872925,iPHoP-RF,91.80,None
WATLvirus_00318027,GB_GCA_015689775.1,d__Bacteria;p__Pseudomonadota;c__Alphaproteobacteria;o__Rhodobacterales;f__Rhodobacteraceae;g__M30B80;s__M30B80 sp015689775,blast,93.90,iPHoP-RF;59.00
WATLvirus_00318027,GB_GCA_015693905.1,d__Bacteria;p__Pseudomonadota;c__Alphaproteobacteria;o__Rhodobacterales;f__Rhodobacteraceae;g__M30B80;s__M30B80 sp015693905,blast,92.00,iPHoP-RF;61.40
WATLvirus_00318165,RS_GCF_003129565.1,d__Bacteria;p__Pseudomonadota;c__Alphaproteobacteria;o__Rhodobacterales;f__Rhodobacteraceae;g__Salibaculum;s__Salibaculum griseiflavum,blast,92.50,iPHoP-RF;56.80
WATLvirus_00318220,GB_GCA_014268975.2,d__Bacteria;p__Pseudomonadota;c__Gammaproteobacteria;o__Pseudomonadales;f__Pseudomonadaceae;g__Pseudomonas_E;s__Pseudomonas_E wayambapalatensis,iPHoP-RF,96.10,None
WATLvirus_00318220,RS_GCF_001636055.1,d__Bacteria;p__Pseudomonadota;c__Gammaproteobacteria;o__Pseudomonadales;f__Pseudomonadaceae;g__Pseudomonas_E;s__Pseudomonas_E putida_B,iPHoP-RF,95.70,None
WATLvirus_00318220,RS_GCF_013523125.1,d__Bacteria;p__Pseudomonadota;c__Gammaproteobacteria;o__Pseudomonadales;f__Pseudomonadaceae;g__Pseudomonas_E;s__Pseudomonas_E entomophila_B,iPHoP-RF,93.40,None
WATLvirus_00318230,GB_GCA_902566785.1,d__Bacteria;p__Pseudomonadota;c__Alphaproteobacteria;o__Pelagibacterales;f__Pelagibacteraceae;g__Pelagibacter;s__Pelagibacter sp902566785,blast,91.20,iPHoP-RF;73.50
WATLvirus_00318255,GB_GCA_018830285.1,d__Bacteria;p__Pseudomonadota;c__Alphaproteobacteria;o__Caulobacterales;f__Hyphomonadaceae;g__Hyphomonas;s__Hyphomonas sp018830285,blast,94.50,iPHoP-RF;72.80
WATLvirus_00318277,GB_GCA_024742455.1,d__Bacteria;p__Pseudomonadota;c__Alphaproteobacteria;o__Rhodobacterales;f__Rhodobacteraceae;g__JANSYL01;s__JANSYL01 sp024742455,blast,93.90,iPHoP-RF;67.00
WATLvirus_00318277,RS_GCF_012395815.1,d__Bacteria;p__Pseudomonadota;c__Alphaproteobacteria;o__Rhodobacterales;f__Rhodobacteraceae;g__Roseicyclus;s__Roseicyclus persicicum,blast,93.60,iPHoP-RF;73.20
WATLvirus_00318277,GB_GCA_018401055.1,d__Bacteria;p__Pseudomonadota;c__Alphaproteobacteria;o__Rhodobacterales;f__Rhodobacteraceae;g__Roseicyclus;s__Roseicyclus sp018401055,blast,91.70,iPHoP-RF;65.10
WATLvirus_00318277,RS_GCF_003148775.1,d__Bacteria;p__Pseudomonadota;c__Alphaproteobacteria;o__Rhodobacterales;f__Rhodobacteraceae;g__Roseicyclus;s__Roseicyclus mahoneyensis,blast,91.70,iPHoP-RF;60.10
WATLvirus_00318351,RS_GCF_014836905.1,d__Bacteria;p__Bacillota;c__Bacilli;o__Bacillales;f__Planococcaceae;g__Solibacillus;s__Solibacillus faecavium,iPHoP-RF,94.70,None
WATLvirus_00318351,RS_GCF_023715405.1,d__Bacteria;p__Bacillota;c__Bacilli;o__Bacillales;f__Planococcaceae;g__Solibacillus;s__Solibacillus isronensis_B,iPHoP-RF,94.40,None
WATLvirus_00318351,RS_GCF_900168685.1,d__Bacteria;p__Bacillota;c__Bacilli;o__Bacillales;f__Planococcaceae;g__Solibacillus;s__Solibacillus isronensis_A,iPHoP-RF,93.10,None
WATLvirus_00318351,RS_GCF_900220965.1,d__Bacteria;p__Bacillota;c__Bacilli;o__Bacillales;f__Planococcaceae;g__Ureibacillus;s__Ureibacillus acetophenoni,iPHoP-RF,91.40,None
WATLvirus_00318351,RS_GCF_000772945.1,d__Bacteria;p__Bacillota;c__Bacilli;o__Bacillales;f__Planococcaceae;g__Ureibacillus;s__Ureibacillus manganicus,iPHoP-RF,90.80,None
WATLvirus_00318602,bin.136,d__Bacteria;p__Pseudomonadota;c__Alphaproteobacteria;o__Rhodobacterales;f__Rhodobacteraceae;g__Roseovarius;s__,blast,92.20,iPHoP-RF;72.60
WATLvirus_00318669,RS_GCF_900115805.1,d__Bacteria;p__Bacillota;c__Bacilli;o__Bacillales;f__Planococcaceae;g__Psychrobacillus;s__Psychrobacillus psychrotolerans,iPHoP-RF,91.80,None
WATLvirus_00318669,RS_GCF_003254155.1,d__Bacteria;p__Bacillota;c__Bacilli;o__Bacillales;f__Planococcaceae;g__Psychrobacillus;s__Psychrobacillus insolitus,iPHoP-RF,90.80,None
WATLvirus_00318670,RS_GCF_011064285.1,d__Bacteria;p__Pseudomonadota;c__Gammaproteobacteria;o__Enterobacterales_A;f__Vibrionaceae;g__Vibrio;s__Vibrio ziniensis,iPHoP-RF,95.70,None
WATLvirus_00318670,RS_GCF_003605645.1,d__Bacteria;p__Pseudomonadota;c__Gammaproteobacteria;o__Enterobacterales_A;f__Vibrionaceae;g__Vibrio;s__Vibrio sinensis,iPHoP-RF,95.40,None
WATLvirus_00318670,RS_GCF_022836845.1,d__Bacteria;p__Pseudomonadota;c__Gammaproteobacteria;o__Enterobacterales_A;f__Vibrionaceae;g__Vibrio;s__Vibrio sp022836845,iPHoP-RF,90.50,None
WATLvirus_00318757,GB_GCA_902623175.1,d__Bacteria;p__Pseudomonadota;c__Gammaproteobacteria;o__Pseudomonadales;f__Halieaceae;g__Luminiphilus;s__Luminiphilus sp902623175,iPHoP-RF,95.10,None
WATLvirus_00318757,GB_GCA_902631395.1,d__Bacteria;p__Pseudomonadota;c__Gammaproteobacteria;o__Pseudomonadales;f__Halieaceae;g__Luminiphilus;s__Luminiphilus sp902631395,iPHoP-RF,94.40,None
WATLvirus_00318759,RS_GCF_002980555.1,d__Bacteria;p__Pseudomonadota;c__Alphaproteobacteria;o__Rhizobiales;f__Rhizobiaceae;g__Phyllobacterium;s__Phyllobacterium myrsinacearum,iPHoP-RF,90.10,None
WATLvirus_00318779,GB_GCA_018830285.1,d__Bacteria;p__Pseudomonadota;c__Alphaproteobacteria;o__Caulobacterales;f__Hyphomonadaceae;g__Hyphomonas;s__Hyphomonas sp018830285,blast,94.20,iPHoP-RF;54.60
WATLvirus_00318822,RS_GCF_000797465.1,d__Bacteria;p__Bacteroidota;c__Bacteroidia;o__Flavobacteriales;f__Flavobacteriaceae;g__Psychroserpens;s__Psychroserpens jangbogonensis,iPHoP-RF,95.10,None
WATLvirus_00318822,RS_GCF_020166335.1,d__Bacteria;p__Bacteroidota;c__Bacteroidia;o__Flavobacteriales;f__Flavobacteriaceae;g__Winogradskyella;s__Winogradskyella sp020166335,iPHoP-RF,93.70,None
WATLvirus_00318822,GB_GCA_013003655.1,d__Bacteria;p__Bacteroidota;c__Bacteroidia;o__Flavobacteriales;f__Flavobacteriaceae;g__Winogradskyella;s__Winogradskyella sp013003655,iPHoP-RF,91.80,None
WATLvirus_00318822,GB_GCA_018608735.1,d__Bacteria;p__Bacteroidota;c__Bacteroidia;o__Flavobacteriales;f__Flavobacteriaceae;g__Hel1-33-131;s__Hel1-33-131 sp018608735,iPHoP-RF,91.40,None
WATLvirus_00318822,GB_GCA_905181825.1,d__Bacteria;p__Bacteroidota;c__Bacteroidia;o__Flavobacteriales;f__Flavobacteriaceae;g__Hel1-33-131;s__Hel1-33-131 sp905181825,iPHoP-RF,90.50,None
WATLvirus_00318947,GB_GCA_003514305.1,d__Bacteria;p__Pseudomonadota;c__Gammaproteobacteria;o__Pseudomonadales;f__Pseudohongiellaceae;g__UBA9145;s__UBA9145 sp003514305,blast,91.80,iPHoP-RF;89.80
WATLvirus_00319051,RS_GCF_006715285.1,d__Bacteria;p__Actinomycetota;c__Actinomycetia;o__Actinomycetales;f__Micrococcaceae;g__Arthrobacter;s__Arthrobacter sp006715285,blast,91.20,iPHoP-RF;64.00
WATLvirus_00319108,GB_GCA_002699555.1,d__Bacteria;p__Actinomycetota;c__Acidimicrobiia;o__Acidimicrobiales;f__MedAcidi-G1;g__MedAcidi-G1;s__MedAcidi-G1 sp002699555,blast,92.90,None
WATLvirus_00319119,RS_GCF_005434965.1,d__Bacteria;p__Pseudomonadota;c__Alphaproteobacteria;o__Rhodobacterales;f__Rhodobacteraceae;g__Marimonas;s__Marimonas lutisalis,iPHoP-RF,93.70,None
WATLvirus_00319243,GB_GCA_903915555.1,d__Bacteria;p__Actinomycetota;c__Actinomycetia;o__Nanopelagicales;f__GCA-2699445;g__CAIWTL01;s__CAIWTL01 sp903915555,blast,96.50,None
WATLvirus_00319244,GB_GCA_902522115.1,d__Bacteria;p__Pseudomonadota;c__Alphaproteobacteria;o__Pelagibacterales;f__Pelagibacteraceae;g__Pelagibacter;s__Pelagibacter sp902522115,blast,90.10,iPHoP-RF;81.90
WATLvirus_00319268,RS_GCF_900129745.1,d__Bacteria;p__Bacteroidota;c__Bacteroidia;o__Flavobacteriales;f__Flavobacteriaceae;g__Winogradskyella;s__Winogradskyella jejuensis,iPHoP-RF,96.10,None
WATLvirus_00319268,RS_GCF_004346845.1,d__Bacteria;p__Bacteroidota;c__Bacteroidia;o__Flavobacteriales;f__Flavobacteriaceae;g__Winogradskyella;s__Winogradskyella wandonensis,iPHoP-RF,94.10,None
WATLvirus_00319268,RS_GCF_002163855.1,d__Bacteria;p__Bacteroidota;c__Bacteroidia;o__Flavobacteriales;f__Flavobacteriaceae;g__Winogradskyella;s__Winogradskyella sp002163855,iPHoP-RF,90.80,None
WATLvirus_00319286,RS_GCF_001544275.1,d__Bacteria;p__Bacillota;c__Bacilli;o__Lactobacillales;f__Enterococcaceae;g__Enterococcus_D;s__Enterococcus_D gallinarum,iPHoP-RF,96.40,None
WATLvirus_00319286,GB_GCA_022711995.1,d__Bacteria;p__Bacillota;c__Bacilli;o__Lactobacillales;f__Enterococcaceae;g__Enterococcus_D;s__Enterococcus_D sp022711995,iPHoP-RF,96.10,None
WATLvirus_00319286,RS_GCF_005405205.1,d__Bacteria;p__Bacillota;c__Bacilli;o__Lactobacillales;f__Enterococcaceae;g__Enterococcus_A;s__Enterococcus_A pingfangensis,iPHoP-RF,90.10,None
WATLvirus_00319286,RS_GCF_005405365.1,d__Bacteria;p__Bacillota;c__Bacilli;o__Lactobacillales;f__Enterococcaceae;g__Enterococcus_A;s__Enterococcus_A xiangfangensis,iPHoP-RF,90.10,None
WATLvirus_00319287,GB_GCA_018830285.1,d__Bacteria;p__Pseudomonadota;c__Alphaproteobacteria;o__Caulobacterales;f__Hyphomonadaceae;g__Hyphomonas;s__Hyphomonas sp018830285,blast,90.50,iPHoP-RF;58.70
WATLvirus_00319412,RS_GCF_000711295.1,d__Bacteria;p__Desulfobacterota;c__Desulfovibrionia;o__Desulfovibrionales;f__Desulfovibrionaceae;g__Desulfohalovibrio;s__Desulfohalovibrio reitneri,blast,91.90,None
WATLvirus_00319420,GB_GCA_015258715.1,d__Bacteria;p__Actinomycetota;c__Coriobacteriia;o__Coriobacteriales;f__Atopobiaceae;g__Lancefieldella;s__Lancefieldella sp015258715,iPHoP-RF,91.10,None
WATLvirus_00319443,GB_GCA_017525245.1,d__Bacteria;p__Bacteroidota;c__Bacteroidia;o__Bacteroidales;f__WCHB1-69;g__F23-D06;s__F23-D06 sp017525245,iPHoP-RF,95.70,None
WATLvirus_00319443,GB_GCA_016282395.1,d__Bacteria;p__Bacteroidota;c__Bacteroidia;o__Bacteroidales;f__WCHB1-69;g__F23-D06;s__F23-D06 sp016282395,iPHoP-RF,92.10,None
WATLvirus_00319742,RS_GCF_024296665.1,d__Archaea;p__Halobacteriota;c__Halobacteria;o__Halobacteriales;f__Natrialbaceae;g__AD-4;s__AD-4 sp024296665,blast,93.80,iPHoP-RF;52.20
WATLvirus_00319800,RS_GCF_001681715.1,d__Bacteria;p__Pseudomonadota;c__Alphaproteobacteria;o__Rhodobacterales;f__Rhodobacteraceae;g__Epibacterium;s__Epibacterium mobile,iPHoP-RF,91.40,None
WATLvirus_00319800,RS_GCF_003003215.1,d__Bacteria;p__Pseudomonadota;c__Alphaproteobacteria;o__Rhodobacterales;f__Rhodobacteraceae;g__Epibacterium;s__Epibacterium scottomollicae,iPHoP-RF,90.50,None
WATLvirus_00319800,RS_GCF_022348185.1,d__Bacteria;p__Pseudomonadota;c__Alphaproteobacteria;o__Rhodobacterales;f__Rhodobacteraceae;g__Epibacterium;s__Epibacterium sp022348185,iPHoP-RF,90.10,None
WATLvirus_00319896,GB_GCA_018401055.1,d__Bacteria;p__Pseudomonadota;c__Alphaproteobacteria;o__Rhodobacterales;f__Rhodobacteraceae;g__Roseicyclus;s__Roseicyclus sp018401055,blast,90.00,None
WATLvirus_00319953,RS_GCF_008801405.1,d__Bacteria;p__Pseudomonadota;c__Gammaproteobacteria;o__Burkholderiales;f__Burkholderiaceae;g__Ralstonia;s__Ralstonia insidiosa,blast,92.10,iPHoP-RF;85.10
WATLvirus_00319953,RS_GCF_016429285.1,d__Bacteria;p__Pseudomonadota;c__Gammaproteobacteria;o__Burkholderiales;f__Burkholderiaceae;g__Ralstonia;s__Ralstonia sp016429285,blast,91.80,iPHoP-RF;81.60
WATLvirus_00319965,GB_GCA_000981625.1,d__Bacteria;p__Bacteroidota;c__Bacteroidia;o__Flavobacteriales;f__Flavobacteriaceae;g__Polaribacter;s__Polaribacter sp000981625,iPHoP-RF,92.40,None
WATLvirus_00319965,RS_GCF_900106075.1,d__Bacteria;p__Bacteroidota;c__Bacteroidia;o__Flavobacteriales;f__Flavobacteriaceae;g__Polaribacter;s__Polaribacter sp900106075,iPHoP-RF,91.10,None
WATLvirus_00320171,GB_GCA_002364005.1,d__Bacteria;p__Planctomycetota;c__Phycisphaerae;o__Phycisphaerales;f__UBA1924;g__UBA1924;s__UBA1924 sp002364005,blast,96.10,iPHoP-RF;70.40
WATLvirus_00320257,GB_GCA_001187505.1,d__Bacteria;p__Actinomycetota;c__Actinomycetia;o__Mycobacteriales;f__Mycobacteriaceae;g__Mycobacterium;s__Mycobacterium goodii_B,iPHoP-RF,91.80,None
WATLvirus_00320295,GB_GCA_013003655.1,d__Bacteria;p__Bacteroidota;c__Bacteroidia;o__Flavobacteriales;f__Flavobacteriaceae;g__Winogradskyella;s__Winogradskyella sp013003655,iPHoP-RF,90.80,None
WATLvirus_00320339,RS_GCF_001308265.1,d__Bacteria;p__Pseudomonadota;c__Alphaproteobacteria;o__Rhodobacterales;f__Rhodobacteraceae;g__Celeribacter_A;s__Celeribacter_A marinus,blast,93.10,None
WATLvirus_00320346,GB_GCA_002724735.1,d__Bacteria;p__Marinisomatota;c__Marinisomatia;o__Marinisomatales;f__TCS55;g__TMED108;s__TMED108 sp002724735,blast,91.30,iPHoP-RF;71.50
WATLvirus_00320391,RS_GCF_000829315.1,d__Bacteria;p__Pseudomonadota;c__Alphaproteobacteria;o__Rickettsiales;f__Anaplasmataceae;g__Wolbachia;s__Wolbachia sp000829315,iPHoP-RF,92.10,None
WATLvirus_00320391,RS_GCF_023661085.1,d__Bacteria;p__Pseudomonadota;c__Alphaproteobacteria;o__Rickettsiales;f__Anaplasmataceae;g__Wolbachia;s__Wolbachia sp902636395,iPHoP-RF,91.40,None
WATLvirus_00320391,RS_GCF_001931755.2,d__Bacteria;p__Pseudomonadota;c__Alphaproteobacteria;o__Rickettsiales;f__Anaplasmataceae;g__Wolbachia;s__Wolbachia sp001931755,iPHoP-RF,90.50,None
WATLvirus_00320417,RS_GCF_024105735.1,d__Bacteria;p__Pseudomonadota;c__Alphaproteobacteria;o__Rhizobiales;f__Rhizobiaceae;g__Hoeflea;s__Hoeflea alexandrii,blast,92.00,iPHoP-RF;75.70
WATLvirus_00320427,RS_GCF_011059185.1,d__Bacteria;p__Pseudomonadota;c__Alphaproteobacteria;o__Rhodobacterales;f__Rhodobacteraceae;g__Gemmobacter_B;s__Gemmobacter_B sp011059185,blast,90.30,None
WATLvirus_00320445,RS_GCF_001011115.1,d__Archaea;p__Halobacteriota;c__Halobacteria;o__Halobacteriales;f__Halobacteriaceae;g__Halanaeroarchaeum;s__Halanaeroarchaeum sulfurireducens,blast,91.10,None
WATLvirus_00320497,GB_GCA_023474185.1,d__Bacteria;p__Patescibacteria;c__Paceibacteria;o__UBA6257;f__Colwellbacteraceae;g__JACWAO01;s__JACWAO01 sp023474185,iPHoP-RF,91.40,None
WATLvirus_00320574,GB_GCA_003605055.1,d__Bacteria;p__Desulfobacterota;c__Desulfarculia;o__Desulfarculales;f__Desulfarculaceae;g__SURF-10;s__SURF-10 sp003605055,blast,93.20,None
WATLvirus_00320605,GB_GCA_003023665.1,d__Bacteria;p__Bacteroidota;c__Bacteroidia;o__Flavobacteriales;f__Schleiferiaceae;g__UBA10364;s__UBA10364 sp003023665,blast,93.90,iPHoP-RF;65.60
WATLvirus_00320607,RS_GCF_014196345.1,d__Bacteria;p__Pseudomonadota;c__Alphaproteobacteria;o__Rhizobiales;f__Beijerinckiaceae;g__Methylobacterium;s__Methylobacterium brachythecii,iPHoP-RF,94.10,None
WATLvirus_00320607,RS_GCF_021352225.1,d__Bacteria;p__Pseudomonadota;c__Alphaproteobacteria;o__Rhizobiales;f__Beijerinckiaceae;g__Methylobacterium;s__Methylobacterium sp021352225,iPHoP-RF,93.70,None
WATLvirus_00320607,RS_GCF_022179645.1,d__Bacteria;p__Pseudomonadota;c__Alphaproteobacteria;o__Rhizobiales;f__Beijerinckiaceae;g__Methylobacterium;s__Methylobacterium thuringiense,iPHoP-RF,93.40,None
WATLvirus_00320607,RS_GCF_022829515.1,d__Bacteria;p__Pseudomonadota;c__Alphaproteobacteria;o__Rhizobiales;f__Beijerinckiaceae;g__Methylobacterium;s__Methylobacterium sp022829515,iPHoP-RF,92.40,None
WATLvirus_00320607,RS_GCF_007992175.1,d__Bacteria;p__Pseudomonadota;c__Alphaproteobacteria;o__Rhizobiales;f__Beijerinckiaceae;g__Methylobacterium;s__Methylobacterium haplocladii,iPHoP-RF,92.10,None
WATLvirus_00320631,GB_GCA_020832545.1,d__Bacteria;p__Pseudomonadota;c__Alphaproteobacteria;o__Rhodobacterales;f__Rhodobacteraceae;g__Pararhodobacter;s__Pararhodobacter sp020832545,blast,93.80,None
WATLvirus_00320688,GB_GCA_018830285.1,d__Bacteria;p__Pseudomonadota;c__Alphaproteobacteria;o__Caulobacterales;f__Hyphomonadaceae;g__Hyphomonas;s__Hyphomonas sp018830285,blast,91.80,iPHoP-RF;52.80
WATLvirus_00320718,GB_GCA_002436005.1,d__Bacteria;p__Chloroflexota;c__Anaerolineae;o__Anaerolineales;f__Anaerolineaceae;g__Brevefilum;s__Brevefilum sp002436005,iPHoP-RF,92.80,None
WATLvirus_00320718,GB_GCA_003158885.1,d__Bacteria;p__Chloroflexota;c__Anaerolineae;o__Anaerolineales;f__EnvOPS12;g__Fen-1038;s__Fen-1038 sp003158885,iPHoP-RF,92.10,None
WATLvirus_00320737,RS_GCF_007752135.1,d__Bacteria;p__Planctomycetota;c__Planctomycetia;o__Pirellulales;f__Pirellulaceae;g__Aureliella;s__Aureliella helgolandensis,iPHoP-RF,90.50,None
WATLvirus_00320773,GB_GCA_003149565.1,d__Bacteria;p__Pseudomonadota;c__Alphaproteobacteria;o__Rhodobacterales;f__Rhodobacteraceae;g__Marivita;s__Marivita sp003149565,blast,92.20,iPHoP-RF;62.20
WATLvirus_00320773,RS_GCF_001049735.1,d__Bacteria;p__Pseudomonadota;c__Alphaproteobacteria;o__Rhodobacterales;f__Rhodobacteraceae;g__Nereida;s__Nereida ignava,blast,92.00,None
WATLvirus_00320891,RS_GCF_014279995.1,d__Bacteria;p__Cyanobacteriota;c__Cyanobacteriia;o__PCC-6307;f__Cyanobiaceae;g__Synechococcus_C;s__Synechococcus_C sp001631935,blast,91.90,None
WATLvirus_00320891,RS_GCF_014279595.1,d__Bacteria;p__Cyanobacteriota;c__Cyanobacteriia;o__PCC-6307;f__Cyanobiaceae;g__Synechococcus_C;s__Synechococcus_C sp000153065,blast,90.00,None
WATLvirus_00320891,RS_GCF_900473965.1,d__Bacteria;p__Cyanobacteriota;c__Cyanobacteriia;o__PCC-6307;f__Cyanobiaceae;g__Synechococcus_C;s__Synechococcus_C sp900473965,blast,90.00,None
WATLvirus_00320957,RS_GCF_024204665.1,d__Archaea;p__Halobacteriota;c__Halobacteria;o__Halobacteriales;f__Natrialbaceae;g__Tc-Br11;s__Tc-Br11 sp024204665,blast,91.40,None
WATLvirus_00320976,RS_GCF_003967075.1,d__Bacteria;p__Pseudomonadota;c__Alphaproteobacteria;o__Sphingomonadales;f__Sphingomonadaceae;g__Sphingobium;s__Sphingobium amiense,iPHoP-RF,94.70,None
WATLvirus_00320976,RS_GCF_001658005.1,d__Bacteria;p__Pseudomonadota;c__Alphaproteobacteria;o__Sphingomonadales;f__Sphingomonadaceae;g__Sphingobium;s__Sphingobium sp001658005,iPHoP-RF,90.50,None
WATLvirus_00321058,GB_GCA_024639605.1,d__Bacteria;p__Pseudomonadota;c__Alphaproteobacteria;o__Rhodobacterales;f__Rhodobacteraceae;g__Roseobacter;s__Roseobacter sp024639605,iPHoP-RF,91.80,None
WATLvirus_00321058,RS_GCF_012932215.1,d__Bacteria;p__Pseudomonadota;c__Alphaproteobacteria;o__Rhodobacterales;f__Rhodobacteraceae;g__Roseobacter;s__Roseobacter ponti,iPHoP-RF,90.80,None
WATLvirus_00321112,GB_GCA_016795145.1,d__Bacteria;p__Planctomycetota;c__Planctomycetia;o__Planctomycetales;f__Planctomycetaceae;g__SXXK01;s__SXXK01 sp016795145,iPHoP-RF,92.10,None
WATLvirus_00321201,RS_GCF_000407165.1,d__Bacteria;p__Bacillota;c__Bacilli;o__Lactobacillales;f__Enterococcaceae;g__Enterococcus;s__Enterococcus haemoperoxidus,iPHoP-RF,91.40,None
WATLvirus_00321201,RS_GCF_001730295.1,d__Bacteria;p__Bacillota;c__Bacilli;o__Lactobacillales;f__Enterococcaceae;g__Enterococcus;s__Enterococcus plantarum,iPHoP-RF,91.40,None
WATLvirus_00321201,GB_GCA_001465115.1,d__Bacteria;p__Bacillota;c__Bacilli;o__Lactobacillales;f__Enterococcaceae;g__Enterococcus;s__Enterococcus silesiacus,iPHoP-RF,90.80,None
WATLvirus_00321217,GB_GCA_919902125.1,d__Bacteria;p__Actinomycetota;c__Actinomycetia;o__Nanopelagicales;f__Nanopelagicaceae;g__QYPT01;s__QYPT01 sp919902125,iPHoP-RF,92.10,None
WATLvirus_00321228,RS_GCF_014199955.1,d__Bacteria;p__Pseudomonadota;c__Alphaproteobacteria;o__Caulobacterales;f__Caulobacteraceae;g__Brevundimonas;s__Brevundimonas aurantiaca,iPHoP-RF,91.40,blast;91.30
WATLvirus_00321264,GB_GCA_902615045.1,d__Bacteria;p__Pseudomonadota;c__Alphaproteobacteria;o__Pelagibacterales;f__Pelagibacteraceae;g__Pelagibacter;s__Pelagibacter sp902615045,blast,92.00,iPHoP-RF;67.30
WATLvirus_00321288,RS_GCF_002022415.1,d__Bacteria;p__Pseudomonadota;c__Alphaproteobacteria;o__Rhizobiales;f__Rhizobiaceae;g__Bartonella;s__Bartonella sp002022415,iPHoP-RF,94.10,None
WATLvirus_00321288,RS_GCF_002022685.1,d__Bacteria;p__Pseudomonadota;c__Alphaproteobacteria;o__Rhizobiales;f__Rhizobiaceae;g__Bartonella;s__Bartonella schoenbuchensis,iPHoP-RF,92.80,None
WATLvirus_00321288,RS_GCF_002022505.1,d__Bacteria;p__Pseudomonadota;c__Alphaproteobacteria;o__Rhizobiales;f__Rhizobiaceae;g__Bartonella;s__Bartonella sp002022505,iPHoP-RF,91.80,None
WATLvirus_00321447,GB_GCA_018672145.1,d__Bacteria;p__Bacteroidota;c__Bacteroidia;o__Flavobacteriales;f__Flavobacteriaceae;g__UBA724;s__UBA724 sp018672145,iPHoP-RF,96.40,None
WATLvirus_00321447,GB_GCA_002723075.1,d__Bacteria;p__Bacteroidota;c__Bacteroidia;o__Flavobacteriales;f__Flavobacteriaceae;g__UBA724;s__UBA724 sp002723075,iPHoP-RF,95.70,None
WATLvirus_00321447,GB_GCA_902536935.1,d__Bacteria;p__Bacteroidota;c__Bacteroidia;o__Flavobacteriales;f__Flavobacteriaceae;g__UBA724;s__UBA724 sp902536935,iPHoP-RF,94.40,None
WATLvirus_00321447,GB_GCA_002430545.1,d__Bacteria;p__Bacteroidota;c__Bacteroidia;o__Flavobacteriales;f__Flavobacteriaceae;g__UBA724;s__UBA724 sp002430545,iPHoP-RF,94.10,None
WATLvirus_00321447,GB_GCA_902586905.1,d__Bacteria;p__Bacteroidota;c__Bacteroidia;o__Flavobacteriales;f__Flavobacteriaceae;g__UBA724;s__UBA724 sp902586905,iPHoP-RF,94.10,None
WATLvirus_00321447,GB_GCA_902619855.1,d__Bacteria;p__Bacteroidota;c__Bacteroidia;o__Flavobacteriales;f__Flavobacteriaceae;g__UBA724;s__UBA724 sp902619855,iPHoP-RF,93.40,None
WATLvirus_00321447,GB_GCA_002862705.1,d__Bacteria;p__Bacteroidota;c__Bacteroidia;o__Flavobacteriales;f__Flavobacteriaceae;g__UBA7446;s__UBA7446 sp002862705,iPHoP-RF,93.10,None
WATLvirus_00321447,GB_GCA_003331305.1,d__Bacteria;p__Bacteroidota;c__Bacteroidia;o__Flavobacteriales;f__Flavobacteriaceae;g__UBA7446;s__UBA7446 sp002470745,iPHoP-RF,92.80,None
WATLvirus_00321447,GB_GCA_913051755.1,d__Bacteria;p__Bacteroidota;c__Bacteroidia;o__Flavobacteriales;f__Flavobacteriaceae;g__UBA724;s__UBA724 sp913051755,iPHoP-RF,92.80,None
WATLvirus_00321447,GB_GCA_902566635.1,d__Bacteria;p__Bacteroidota;c__Bacteroidia;o__Flavobacteriales;f__Flavobacteriaceae;g__UBA724;s__UBA724 sp902566635,iPHoP-RF,92.40,None
WATLvirus_00321447,GB_GCA_009937085.1,d__Bacteria;p__Bacteroidota;c__Bacteroidia;o__Flavobacteriales;f__Flavobacteriaceae;g__UBA7446;s__UBA7446 sp009937085,iPHoP-RF,92.10,None
WATLvirus_00321465,GB_GCA_945871035.1,d__Bacteria;p__Planctomycetota;c__Planctomycetia;o__Pirellulales;f__UBA1268;g__BAIKAL-G1-2R;s__BAIKAL-G1-2R sp002737405,iPHoP-RF,91.40,None
WATLvirus_00321465,GB_GCA_945869735.1,d__Bacteria;p__Planctomycetota;c__Planctomycetia;o__Pirellulales;f__UBA1268;g__QWPN01;s__QWPN01 sp945869735,iPHoP-RF,90.50,None
WATLvirus_00321465,RS_GCF_009618275.1,d__Bacteria;p__Planctomycetota;c__Planctomycetia;o__Pirellulales;f__Pirellulaceae;g__Roseimaritima;s__Roseimaritima sediminicola,iPHoP-RF,90.50,None
WATLvirus_00321628,GB_GCA_017989575.1,d__Bacteria;p__Bacteroidota;c__Bacteroidia;o__Flavobacteriales;f__Weeksellaceae;g__Epilithonimonas;s__Epilithonimonas sp017989575,iPHoP-RF,96.40,None
WATLvirus_00321628,RS_GCF_021261315.1,d__Bacteria;p__Bacteroidota;c__Bacteroidia;o__Flavobacteriales;f__Weeksellaceae;g__Epilithonimonas;s__Epilithonimonas sp021261315,iPHoP-RF,96.10,None
WATLvirus_00321628,GB_GCA_002476905.1,d__Bacteria;p__Bacteroidota;c__Bacteroidia;o__Flavobacteriales;f__Weeksellaceae;g__Epilithonimonas;s__Epilithonimonas sp002476905,iPHoP-RF,95.70,None
WATLvirus_00321628,RS_GCF_003860525.1,d__Bacteria;p__Bacteroidota;c__Bacteroidia;o__Flavobacteriales;f__Weeksellaceae;g__Epilithonimonas;s__Epilithonimonas vandammei,iPHoP-RF,95.70,None
WATLvirus_00321628,GB_GCA_002383165.1,d__Bacteria;p__Bacteroidota;c__Bacteroidia;o__Flavobacteriales;f__Weeksellaceae;g__Epilithonimonas;s__Epilithonimonas sp002383165,iPHoP-RF,95.40,None
WATLvirus_00321628,RS_GCF_004365655.1,d__Bacteria;p__Bacteroidota;c__Bacteroidia;o__Flavobacteriales;f__Weeksellaceae;g__Epilithonimonas;s__Epilithonimonas xixisoli,iPHoP-RF,95.40,None
WATLvirus_00321628,RS_GCF_001643375.1,d__Bacteria;p__Bacteroidota;c__Bacteroidia;o__Flavobacteriales;f__Weeksellaceae;g__Epilithonimonas;s__Epilithonimonas ginsengisoli,iPHoP-RF,94.70,None
WATLvirus_00321628,RS_GCF_900110605.1,d__Bacteria;p__Bacteroidota;c__Bacteroidia;o__Flavobacteriales;f__Weeksellaceae;g__Epilithonimonas;s__Epilithonimonas lactis,iPHoP-RF,94.70,None
WATLvirus_00321628,GB_GCA_023448955.1,d__Bacteria;p__Bacteroidota;c__Bacteroidia;o__Flavobacteriales;f__Weeksellaceae;g__Epilithonimonas;s__Epilithonimonas sp023448955,iPHoP-RF,94.40,None
WATLvirus_00321628,RS_GCF_000428485.1,d__Bacteria;p__Bacteroidota;c__Bacteroidia;o__Flavobacteriales;f__Weeksellaceae;g__Epilithonimonas;s__Epilithonimonas tenax,iPHoP-RF,93.70,None
WATLvirus_00321628,RS_GCF_000735135.1,d__Bacteria;p__Bacteroidota;c__Bacteroidia;o__Flavobacteriales;f__Weeksellaceae;g__Epilithonimonas;s__Epilithonimonas sp000735135,iPHoP-RF,93.70,None
WATLvirus_00321628,RS_GCF_003730015.1,d__Bacteria;p__Bacteroidota;c__Bacteroidia;o__Flavobacteriales;f__Weeksellaceae;g__Epilithonimonas;s__Epilithonimonas hominis,iPHoP-RF,93.40,None
WATLvirus_00321674,GB_GCA_945861465.1,d__Bacteria;p__Planctomycetota;c__Planctomycetia;o__Planctomycetales;f__Planctomycetaceae;g__SXXK01;s__SXXK01 sp945861465,iPHoP-RF,93.10,None
WATLvirus_00321674,GB_GCA_003669615.1,d__Bacteria;p__Planctomycetota;c__Planctomycetia;o__Planctomycetales;f__Planctomycetaceae;g__SXXK01;s__SXXK01 sp003669615,iPHoP-RF,92.10,None
WATLvirus_00321712,RS_GCF_002407205.1,d__Bacteria;p__Pseudomonadota;c__Alphaproteobacteria;o__Rhodobacterales;f__Rhodobacteraceae;g__Cereibacter_A;s__Cereibacter_A sp002407205,blast,93.10,None
WATLvirus_00321836,GB_GCA_001500025.1,d__Bacteria;p__Actinomycetota;c__Actinomycetia;o__Mycobacteriales;f__Mycobacteriaceae;g__Mycobacterium;s__Mycobacterium sp001500025,iPHoP-RF,95.70,None
WATLvirus_00321836,GB_GCA_001665535.1,d__Bacteria;p__Actinomycetota;c__Actinomycetia;o__Mycobacteriales;f__Mycobacteriaceae;g__Mycobacterium;s__Mycobacterium sp001665535,iPHoP-RF,95.70,None
WATLvirus_00321836,GB_GCA_900637135.1,d__Bacteria;p__Actinomycetota;c__Actinomycetia;o__Mycobacteriales;f__Mycobacteriaceae;g__Mycobacterium;s__Mycobacterium flavescens,iPHoP-RF,95.70,None
WATLvirus_00321836,RS_GCF_010728925.1,d__Bacteria;p__Actinomycetota;c__Actinomycetia;o__Mycobacteriales;f__Mycobacteriaceae;g__Mycobacterium;s__Mycobacterium gadium,iPHoP-RF,95.10,None
WATLvirus_00321836,RS_GCF_900454025.1,d__Bacteria;p__Actinomycetota;c__Actinomycetia;o__Mycobacteriales;f__Mycobacteriaceae;g__Mycobacterium;s__Mycobacterium gilvum,iPHoP-RF,92.40,None
WATLvirus_00321836,RS_GCF_000266905.1,d__Bacteria;p__Actinomycetota;c__Actinomycetia;o__Mycobacteriales;f__Mycobacteriaceae;g__Mycobacterium;s__Mycobacterium chubuense_A,iPHoP-RF,90.50,None
WATLvirus_00321930,GB_GCA_022450665.1,d__Bacteria;p__Pseudomonadota;c__Alphaproteobacteria;o__Rickettsiales;f__VGDC01;g__JAKUPQ01;s__JAKUPQ01 sp022450665,blast,90.50,iPHoP-RF;55.40
WATLvirus_00321957,RS_GCF_000369505.1,d__Bacteria;p__Pseudomonadota;c__Gammaproteobacteria;o__Pseudomonadales;f__Moraxellaceae;g__Acinetobacter;s__Acinetobacter sp000369505,iPHoP-RF,93.70,None
WATLvirus_00322040,RS_GCF_014217855.1,d__Bacteria;p__Cyanobacteriota;c__Cyanobacteriia;o__PCC-6307;f__Cyanobiaceae;g__Synechococcus_C;s__Synechococcus_C sp004332415,blast,91.10,iPHoP-RF;68.40
WATLvirus_00322056,RS_GCF_024296665.1,d__Archaea;p__Halobacteriota;c__Halobacteria;o__Halobacteriales;f__Natrialbaceae;g__AD-4;s__AD-4 sp024296665,blast,93.60,None
WATLvirus_00322097,RS_GCF_905175385.1,d__Bacteria;p__Pseudomonadota;c__Gammaproteobacteria;o__Enterobacterales_A;f__Vibrionaceae;g__Vibrio;s__Vibrio sp903986855,iPHoP-RF,92.80,None
WATLvirus_00322135,GB_GCA_002686215.1,d__Archaea;p__Nanoarchaeota;c__Nanoarchaeia;o__UBA10117;f__ARS21;g__ARS21;s__ARS21 sp002686215,blast,91.80,iPHoP-RF;51.50
WATLvirus_00322345,RS_GCF_003003215.1,d__Bacteria;p__Pseudomonadota;c__Alphaproteobacteria;o__Rhodobacterales;f__Rhodobacteraceae;g__Epibacterium;s__Epibacterium scottomollicae,iPHoP-RF,92.10,None
WATLvirus_00322345,RS_GCF_000511385.1,d__Bacteria;p__Pseudomonadota;c__Alphaproteobacteria;o__Rhodobacterales;f__Rhodobacteraceae;g__Phaeobacter;s__Phaeobacter gallaeciensis,iPHoP-RF,91.40,None
WATLvirus_00322345,RS_GCF_002407245.1,d__Bacteria;p__Pseudomonadota;c__Alphaproteobacteria;o__Rhodobacterales;f__Rhodobacteraceae;g__Phaeobacter;s__Phaeobacter piscinae,iPHoP-RF,90.80,None
WATLvirus_00322345,RS_GCF_001888185.1,d__Bacteria;p__Pseudomonadota;c__Alphaproteobacteria;o__Rhodobacterales;f__Rhodobacteraceae;g__Phaeobacter;s__Phaeobacter porticola,iPHoP-RF,90.50,None
WATLvirus_00322458,GB_GCA_016933295.1,d__Bacteria;p__Planctomycetota;c__Phycisphaerae;o__Sedimentisphaerales;f__SG8-4;g__JAFGPS01;s__JAFGPS01 sp016933295,iPHoP-RF,94.10,None
WATLvirus_00322555,RS_GCF_900142765.1,d__Bacteria;p__Pseudomonadota;c__Alphaproteobacteria;o__Rhodobacterales;f__Rhodobacteraceae;g__Roseovarius;s__Roseovarius litoreus,blast,93.90,iPHoP-RF;62.50
WATLvirus_00322555,GB_GCA_023260815.1,d__Bacteria;p__Pseudomonadota;c__Alphaproteobacteria;o__Rhodobacterales;f__Rhodobacteraceae;g__Roseovarius;s__Roseovarius sp023260815,blast,91.70,iPHoP-RF;62.70
WATLvirus_00322555,GB_GCA_001650895.1,d__Bacteria;p__Pseudomonadota;c__Alphaproteobacteria;o__Rhodobacterales;f__Rhodobacteraceae;g__EhC02;s__EhC02 sp001650895,blast,91.00,iPHoP-RF;54.60
WATLvirus_00322555,GB_GCA_024637375.1,d__Bacteria;p__Pseudomonadota;c__Alphaproteobacteria;o__Rhodobacterales;f__Rhodobacteraceae;g__Sediminimonas;s__Sediminimonas sp024637375,blast,91.00,iPHoP-RF;57.90
WATLvirus_00322555,GB_GCA_024304855.1,d__Bacteria;p__Pseudomonadota;c__Alphaproteobacteria;o__Rhodobacterales;f__Rhodobacteraceae;g__EhC02;s__EhC02 sp024304855,blast,90.90,None
WATLvirus_00322632,GB_GCA_900618065.1,d__Bacteria;p__Actinomycetota;c__Actinomycetia;o__Mycobacteriales;f__Mycobacteriaceae;g__Corynebacterium;s__Corynebacterium sp900618065,iPHoP-RF,93.70,None
WATLvirus_00322632,RS_GCF_900105505.1,d__Bacteria;p__Actinomycetota;c__Actinomycetia;o__Mycobacteriales;f__Mycobacteriaceae;g__Corynebacterium;s__Corynebacterium coyleae,iPHoP-RF,93.70,None
WATLvirus_00322632,RS_GCF_000143825.1,d__Bacteria;p__Actinomycetota;c__Actinomycetia;o__Mycobacteriales;f__Mycobacteriaceae;g__Corynebacterium;s__Corynebacterium genitalium_A,iPHoP-RF,93.40,None
WATLvirus_00322632,RS_GCF_001767255.1,d__Bacteria;p__Actinomycetota;c__Actinomycetia;o__Mycobacteriales;f__Mycobacteriaceae;g__Corynebacterium;s__Corynebacterium sp001767255,iPHoP-RF,93.40,None
WATLvirus_00322632,RS_GCF_001875725.1,d__Bacteria;p__Actinomycetota;c__Actinomycetia;o__Mycobacteriales;f__Mycobacteriaceae;g__Corynebacterium;s__Corynebacterium sp001875725,iPHoP-RF,92.40,None
WATLvirus_00322632,RS_GCF_001875665.1,d__Bacteria;p__Actinomycetota;c__Actinomycetia;o__Mycobacteriales;f__Mycobacteriaceae;g__Corynebacterium;s__Corynebacterium sp001875665,iPHoP-RF,90.10,None
WATLvirus_00322665,GB_GCA_902511025.1,d__Bacteria;p__Pseudomonadota;c__Gammaproteobacteria;o__PS1;f__Thioglobaceae;g__Pseudothioglobus;s__Pseudothioglobus sp902511025,iPHoP-RF,95.40,None
WATLvirus_00322665,GB_GCA_902509905.1,d__Bacteria;p__Pseudomonadota;c__Gammaproteobacteria;o__PS1;f__Thioglobaceae;g__Pseudothioglobus;s__Pseudothioglobus sp902509905,iPHoP-RF,94.10,None
WATLvirus_00322665,GB_GCA_902556205.1,d__Bacteria;p__Pseudomonadota;c__Gammaproteobacteria;o__PS1;f__Thioglobaceae;g__Pseudothioglobus;s__Pseudothioglobus sp002169705,iPHoP-RF,93.40,None
WATLvirus_00322665,GB_GCA_001628405.1,d__Bacteria;p__Pseudomonadota;c__Gammaproteobacteria;o__PS1;f__Thioglobaceae;g__Pseudothioglobus;s__Pseudothioglobus sp001628405,iPHoP-RF,91.10,None
WATLvirus_00322772,RS_GCF_000712975.1,d__Bacteria;p__Pseudomonadota;c__Gammaproteobacteria;o__Pseudomonadales;f__Halomonadaceae;g__Halomonas;s__Halomonas alkaliantarctica_A,iPHoP-RF,90.50,None
WATLvirus_00322777,GB_GCA_002403445.1,d__Bacteria;p__Pseudomonadota;c__Gammaproteobacteria;o__Nevskiales;f__Salinisphaeraceae;g__Salifodinibacter;s__Salifodinibacter sp002403445,blast,93.10,iPHoP-RF;53.60
WATLvirus_00322832,GB_GCA_945901035.1,d__Bacteria;p__Actinomycetota;c__Actinomycetia;o__Actinomycetales;f__Microbacteriaceae;g__MWH-TA3;s__MWH-TA3 sp945901035,iPHoP-RF,90.80,None
WATLvirus_00322872,RS_GCF_000328565.1,d__Bacteria;p__Actinomycetota;c__Actinomycetia;o__Mycobacteriales;f__Mycobacteriaceae;g__Mycobacterium;s__Mycobacterium sp000328565,iPHoP-RF,90.80,None
WATLvirus_00322893,RS_GCF_015644665.1,d__Bacteria;p__Pseudomonadota;c__Alphaproteobacteria;o__Rhodobacterales;f__Rhodobacteraceae;g__Roseobacter;s__Roseobacter sp015644665,iPHoP-RF,96.40,None
WATLvirus_00322893,RS_GCF_020622345.1,d__Bacteria;p__Pseudomonadota;c__Alphaproteobacteria;o__Rhodobacterales;f__Rhodobacteraceae;g__Roseobacter;s__Roseobacter sp020622345,iPHoP-RF,96.10,None
WATLvirus_00322893,RS_GCF_014337925.1,d__Bacteria;p__Pseudomonadota;c__Alphaproteobacteria;o__Rhodobacterales;f__Rhodobacteraceae;g__Roseobacter;s__Roseobacter litoralis_A,iPHoP-RF,90.80,None
WATLvirus_00322950,RS_GCF_000470775.1,d__Bacteria;p__Actinomycetota;c__Actinomycetia;o__Actinomycetales;f__Microbacteriaceae;g__Leifsonia;s__Leifsonia cynodontis,iPHoP-RF,90.50,None
WATLvirus_00322964,GB_GCA_022824685.1,d__Bacteria;p__Chloroflexota;c__Anaerolineae;o__Caldilineales;f__Caldilineaceae;g__Bin5;s__Bin5 sp022824685,iPHoP-RF,94.10,None
WATLvirus_00322964,GB_GCA_002238445.1,d__Bacteria;p__Chloroflexota;c__Anaerolineae;o__Caldilineales;f__Caldilineaceae;g__Bin5;s__Bin5 sp002238445,iPHoP-RF,93.40,None
WATLvirus_00322964,GB_GCA_022824025.1,d__Bacteria;p__Chloroflexota;c__Anaerolineae;o__Caldilineales;f__Caldilineaceae;g__Bin5;s__Bin5 sp022824025,iPHoP-RF,93.10,None
WATLvirus_00322964,RS_GCF_009765835.1,d__Bacteria;p__Acidobacteriota;c__Terriglobia;o__Terriglobales;f__Acidobacteriaceae;g__Edaphobacter;s__Edaphobacter sp009765835,iPHoP-RF,92.10,None
WATLvirus_00323361,RS_GCF_001875725.1,d__Bacteria;p__Actinomycetota;c__Actinomycetia;o__Mycobacteriales;f__Mycobacteriaceae;g__Corynebacterium;s__Corynebacterium sp001875725,iPHoP-RF,92.80,None
WATLvirus_00323361,RS_GCF_001767255.1,d__Bacteria;p__Actinomycetota;c__Actinomycetia;o__Mycobacteriales;f__Mycobacteriaceae;g__Corynebacterium;s__Corynebacterium sp001767255,iPHoP-RF,91.40,None
WATLvirus_00323386,RS_GCF_000302535.1,d__Bacteria;p__Pseudomonadota;c__Gammaproteobacteria;o__Burkholderiales;f__Burkholderiaceae_B;g__Acidovorax;s__Acidovorax sp000302535,iPHoP-RF,92.40,None
WATLvirus_00323485,GB_GCA_013152515.1,d__Bacteria;p__Planctomycetota;c__Planctomycetia;o__Pirellulales;f__Lacipirellulaceae;g__Bythopirellula;s__Bythopirellula sp013152515,iPHoP-RF,95.40,None
WATLvirus_00323485,GB_GCA_013152205.1,d__Bacteria;p__Planctomycetota;c__Planctomycetia;o__Pirellulales;f__Lacipirellulaceae;g__Bythopirellula;s__Bythopirellula sp013152205,iPHoP-RF,90.50,None
WATLvirus_00323584,RS_GCF_001458315.1,d__Bacteria;p__Pseudomonadota;c__Alphaproteobacteria;o__Rhodobacterales;f__Rhodobacteraceae;g__Thalassobacter;s__Thalassobacter stenotrophicus,blast,93.50,None
WATLvirus_00323584,bin.248,d__Bacteria;p__Pseudomonadota;c__Alphaproteobacteria;o__Rhodobacterales;f__Rhodobacteraceae;g__;s__,blast,93.30,None
WATLvirus_00323680,GB_GCA_002704225.1,d__Bacteria;p__Pseudomonadota;c__Gammaproteobacteria;o__Pseudomonadales;f__HTCC2089;g__UBA4421;s__UBA4421 sp002704225,iPHoP-RF,92.80,None
WATLvirus_00323680,GB_GCA_012269545.1,d__Bacteria;p__Pseudomonadota;c__Gammaproteobacteria;o__Pseudomonadales;f__HTCC2089;g__UBA4421;s__UBA4421 sp012269545,iPHoP-RF,91.40,None
WATLvirus_00323692,GB_GCA_002726925.1,d__Bacteria;p__Pseudomonadota;c__Gammaproteobacteria;o__Pseudomonadales;f__HTCC2089;g__UBA4421;s__UBA4421 sp002726925,iPHoP-RF,91.80,None
WATLvirus_00323749,GB_GCA_003514305.1,d__Bacteria;p__Pseudomonadota;c__Gammaproteobacteria;o__Pseudomonadales;f__Pseudohongiellaceae;g__UBA9145;s__UBA9145 sp003514305,blast,91.20,iPHoP-RF;85.70
WATLvirus_00323895,GB_GCA_905181945.1,d__Bacteria;p__Pseudomonadota;c__Gammaproteobacteria;o__Pseudomonadales;f__Porticoccaceae;g__Porticoccus;s__Porticoccus sp905181945,iPHoP-RF,91.80,None
WATLvirus_00323895,GB_GCA_002862465.1,d__Bacteria;p__Pseudomonadota;c__Gammaproteobacteria;o__Pseudomonadales;f__Halieaceae;g__Halioglobus;s__Halioglobus sp002862465,iPHoP-RF,91.10,None
WATLvirus_00323895,GB_GCA_002685195.1,d__Bacteria;p__Pseudomonadota;c__Gammaproteobacteria;o__Pseudomonadales;f__Porticoccaceae;g__HTCC2207;s__HTCC2207 sp002685195,iPHoP-RF,90.80,None
WATLvirus_00323895,GB_GCA_913061115.1,d__Bacteria;p__Pseudomonadota;c__Gammaproteobacteria;o__Pseudomonadales;f__Halieaceae;g__Halioglobus;s__Halioglobus sp913061115,iPHoP-RF,90.80,None
WATLvirus_00323895,GB_GCA_002718345.1,d__Bacteria;p__Pseudomonadota;c__Gammaproteobacteria;o__UBA6522;f__UBA6522;g__UBA6522;s__UBA6522 sp002718345,iPHoP-RF,90.50,None
WATLvirus_00323895,GB_GCA_018061255.1,d__Bacteria;p__Pseudomonadota;c__Gammaproteobacteria;o__JAGOUN01;f__JAGOUN01;g__JAGOUN01;s__JAGOUN01 sp018061255,iPHoP-RF,90.50,None
WATLvirus_00323895,GB_GCA_913062625.1,d__Bacteria;p__Pseudomonadota;c__Gammaproteobacteria;o__Pseudomonadales;f__Halieaceae;g__Halioglobus;s__Halioglobus sp913062625,iPHoP-RF,90.10,None
WATLvirus_00323930,RS_GCF_009711045.1,d__Bacteria;p__Bacteroidota;c__Bacteroidia;o__Flavobacteriales;f__Flavobacteriaceae;g__Flavobacterium;s__Flavobacterium album_A,iPHoP-RF,95.10,None
WATLvirus_00323930,RS_GCF_900114085.1,d__Bacteria;p__Bacteroidota;c__Bacteroidia;o__Flavobacteriales;f__Flavobacteriaceae;g__Flavobacterium;s__Flavobacterium guanonis,iPHoP-RF,90.10,None
WATLvirus_00323969,RS_GCF_006715285.1,d__Bacteria;p__Actinomycetota;c__Actinomycetia;o__Actinomycetales;f__Micrococcaceae;g__Arthrobacter;s__Arthrobacter sp006715285,blast,91.90,iPHoP-RF;62.70
WATLvirus_00323969,RS_GCF_001428365.1,d__Bacteria;p__Actinomycetota;c__Actinomycetia;o__Actinomycetales;f__Micrococcaceae;g__Arthrobacter;s__Arthrobacter sp001428365,blast,91.50,iPHoP-RF;70.90
WATLvirus_00324009,RS_GCF_900105735.1,d__Bacteria;p__Pseudomonadota;c__Gammaproteobacteria;o__Pseudomonadales;f__Pseudomonadaceae;g__Pseudomonas_E;s__Pseudomonas_E yamanorum,blast,93.90,iPHoP-RF;84.20
WATLvirus_00324009,RS_GCF_002836515.1,d__Bacteria;p__Pseudomonadota;c__Gammaproteobacteria;o__Pseudomonadales;f__Pseudomonadaceae;g__Pseudomonas_E;s__Pseudomonas_E sp002836515,blast,92.00,iPHoP-RF;62.20
WATLvirus_00324009,RS_GCF_018138145.1,d__Bacteria;p__Pseudomonadota;c__Gammaproteobacteria;o__Pseudomonadales;f__Pseudomonadaceae;g__Pseudomonas_E;s__Pseudomonas_E koreensis_A,blast,91.50,iPHoP-RF;53.30
WATLvirus_00324009,RS_GCF_014851685.1,d__Bacteria;p__Pseudomonadota;c__Gammaproteobacteria;o__Pseudomonadales;f__Pseudomonadaceae;g__Pseudomonas_E;s__Pseudomonas_E sp014851685,blast,91.00,iPHoP-RF;83.10
WATLvirus_00324009,RS_GCF_000503215.1,d__Bacteria;p__Pseudomonadota;c__Gammaproteobacteria;o__Pseudomonadales;f__Pseudomonadaceae;g__Pseudomonas_E;s__Pseudomonas_E canadensis,blast,90.90,iPHoP-RF;88.50
WATLvirus_00324009,RS_GCF_022952855.1,d__Bacteria;p__Pseudomonadota;c__Gammaproteobacteria;o__Pseudomonadales;f__Pseudomonadaceae;g__Pseudomonas_E;s__Pseudomonas_E sp022952855,blast,90.90,iPHoP-RF;80.00
WATLvirus_00324009,RS_GCF_001647715.1,d__Bacteria;p__Pseudomonadota;c__Gammaproteobacteria;o__Pseudomonadales;f__Pseudomonadaceae;g__Pseudomonas_E;s__Pseudomonas_E antarctica_A,blast,90.70,iPHoP-RF;79.30
WATLvirus_00324009,RS_GCF_900187645.1,d__Bacteria;p__Pseudomonadota;c__Gammaproteobacteria;o__Pseudomonadales;f__Pseudomonadaceae;g__Pseudomonas_E;s__Pseudomonas_E sp900187645,blast,90.70,iPHoP-RF;75.90
WATLvirus_00324009,RS_GCF_001839655.2,d__Bacteria;p__Pseudomonadota;c__Gammaproteobacteria;o__Pseudomonadales;f__Pseudomonadaceae;g__Pseudomonas_E;s__Pseudomonas_E argentinensis_B,iPHoP-RF,90.50,None
WATLvirus_00324009,RS_GCF_001945445.1,d__Bacteria;p__Pseudomonadota;c__Gammaproteobacteria;o__Pseudomonadales;f__Pseudomonadaceae;g__Pseudomonas_E;s__Pseudomonas_E sp001945445,iPHoP-RF,90.50,None
WATLvirus_00324009,RS_GCF_012985465.1,d__Bacteria;p__Pseudomonadota;c__Gammaproteobacteria;o__Pseudomonadales;f__Pseudomonadaceae;g__Pseudomonas_E;s__Pseudomonas_E sp012985465,blast,90.50,iPHoP-RF;66.50
WATLvirus_00324009,RS_GCF_003852405.1,d__Bacteria;p__Pseudomonadota;c__Gammaproteobacteria;o__Pseudomonadales;f__Pseudomonadaceae;g__Pseudomonas_E;s__Pseudomonas_E sp003852405,blast,90.40,iPHoP-RF;80.60
WATLvirus_00324040,RS_GCF_900104305.1,d__Bacteria;p__Pseudomonadota;c__Alphaproteobacteria;o__Rhizobiales;f__Hyphomicrobiaceae;g__Filomicrobium;s__Filomicrobium insigne,iPHoP-RF,94.10,None
WATLvirus_00324040,RS_GCF_014641695.1,d__Bacteria;p__Pseudomonadota;c__Alphaproteobacteria;o__Rhizobiales;f__Rhizobiaceae;g__Nitratireductor_C;s__Nitratireductor_C aestuarii,iPHoP-RF,90.80,None
WATLvirus_00324049,GB_GCA_903823025.1,d__Bacteria;p__Pseudomonadota;c__Gammaproteobacteria;o__Burkholderiales;f__Burkholderiaceae_B;g__Rhodoferax;s__Rhodoferax sp903823025,iPHoP-RF,93.40,None
WATLvirus_00324049,GB_GCA_013791765.1,d__Bacteria;p__Pseudomonadota;c__Gammaproteobacteria;o__Burkholderiales;f__Burkholderiaceae_B;g__Rhodoferax;s__Rhodoferax sp013791765,iPHoP-RF,92.80,None
WATLvirus_00324049,GB_GCA_017880985.1,d__Bacteria;p__Pseudomonadota;c__Gammaproteobacteria;o__Burkholderiales;f__Burkholderiaceae_B;g__Rhodoferax;s__Rhodoferax sp017880985,iPHoP-RF,90.10,None
WATLvirus_00324117,RS_GCF_014836675.1,d__Bacteria;p__Pseudomonadota;c__Gammaproteobacteria;o__Burkholderiales;f__Burkholderiaceae_B;g__Comamonas;s__Comamonas avium,iPHoP-RF,95.40,None
WATLvirus_00324117,RS_GCF_002754475.1,d__Bacteria;p__Pseudomonadota;c__Gammaproteobacteria;o__Burkholderiales;f__Burkholderiaceae_B;g__Comamonas;s__Comamonas sp002754475,blast,94.70,iPHoP-RF;86.00
WATLvirus_00324117,RS_GCF_001571325.1,d__Bacteria;p__Pseudomonadota;c__Gammaproteobacteria;o__Burkholderiales;f__Burkholderiaceae_B;g__Comamonas;s__Comamonas tsuruhatensis,blast,94.10,iPHoP-RF;87.30
WATLvirus_00324117,RS_GCF_000241525.1,d__Bacteria;p__Pseudomonadota;c__Gammaproteobacteria;o__Burkholderiales;f__Burkholderiaceae_B;g__Comamonas;s__Comamonas testosteroni,blast,93.90,iPHoP-RF;72.20
WATLvirus_00324117,GB_GCA_023422975.1,d__Bacteria;p__Pseudomonadota;c__Gammaproteobacteria;o__Burkholderiales;f__Burkholderiaceae_B;g__Comamonas;s__Comamonas sp023422975,iPHoP-RF,93.70,blast;91.00
WATLvirus_00324117,RS_GCF_000964545.1,d__Bacteria;p__Pseudomonadota;c__Gammaproteobacteria;o__Burkholderiales;f__Burkholderiaceae_B;g__Comamonas;s__Comamonas thiooxydans,blast,93.20,iPHoP-RF;87.00
WATLvirus_00324117,RS_GCF_902829245.1,d__Bacteria;p__Pseudomonadota;c__Gammaproteobacteria;o__Burkholderiales;f__Burkholderiaceae_B;g__Comamonas;s__Comamonas jiangduensis,iPHoP-RF,93.10,None
WATLvirus_00324117,GB_GCA_009360615.1,d__Bacteria;p__Pseudomonadota;c__Gammaproteobacteria;o__Burkholderiales;f__Burkholderiaceae_B;g__Comamonas;s__Comamonas sp009360615,iPHoP-RF,92.80,None
WATLvirus_00324117,GB_GCA_015478895.1,d__Bacteria;p__Pseudomonadota;c__Gammaproteobacteria;o__Burkholderiales;f__Burkholderiaceae_B;g__Comamonas;s__Comamonas sp015478895,iPHoP-RF,92.80,None
WATLvirus_00324117,GB_GCA_023435325.1,d__Bacteria;p__Pseudomonadota;c__Gammaproteobacteria;o__Burkholderiales;f__Burkholderiaceae_B;g__Comamonas;s__Comamonas sp023435325,iPHoP-RF,92.40,None
WATLvirus_00324117,RS_GCF_900564145.1,d__Bacteria;p__Pseudomonadota;c__Gammaproteobacteria;o__Burkholderiales;f__Burkholderiaceae_B;g__Comamonas;s__Comamonas sp900564145,blast,92.10,None
WATLvirus_00324117,RS_GCF_000739375.1,d__Bacteria;p__Pseudomonadota;c__Gammaproteobacteria;o__Burkholderiales;f__Burkholderiaceae_B;g__Comamonas;s__Comamonas testosteroni_B,blast,90.80,iPHoP-RF;87.00
WATLvirus_00324117,RS_GCF_001598795.1,d__Bacteria;p__Pseudomonadota;c__Gammaproteobacteria;o__Burkholderiales;f__Burkholderiaceae_B;g__Comamonas;s__Comamonas acidovorans,iPHoP-RF,90.80,blast;90.40
WATLvirus_00324146,bin.221,d__Bacteria;p__Pseudomonadota;c__Gammaproteobacteria;o__Burkholderiales;f__Burkholderiaceae;g__Ralstonia;s__,blast,95.80,iPHoP-RF;76.10
WATLvirus_00324146,RS_GCF_008801405.1,d__Bacteria;p__Pseudomonadota;c__Gammaproteobacteria;o__Burkholderiales;f__Burkholderiaceae;g__Ralstonia;s__Ralstonia insidiosa,blast,94.80,iPHoP-RF;70.00
WATLvirus_00324146,GB_GCA_022631215.1,d__Bacteria;p__Pseudomonadota;c__Gammaproteobacteria;o__Burkholderiales;f__Burkholderiaceae;g__Ralstonia;s__Ralstonia sp001078575,blast,94.50,iPHoP-RF;72.40
WATLvirus_00324146,RS_GCF_016429285.1,d__Bacteria;p__Pseudomonadota;c__Gammaproteobacteria;o__Burkholderiales;f__Burkholderiaceae;g__Ralstonia;s__Ralstonia sp016429285,blast,92.40,iPHoP-RF;73.00
WATLvirus_00324146,RS_GCF_000801955.1,d__Bacteria;p__Pseudomonadota;c__Gammaproteobacteria;o__Burkholderiales;f__Burkholderiaceae;g__Ralstonia;s__Ralstonia sp000801955,blast,91.90,iPHoP-RF;77.10
WATLvirus_00324146,RS_GCF_900115545.1,d__Bacteria;p__Pseudomonadota;c__Gammaproteobacteria;o__Burkholderiales;f__Burkholderiaceae;g__Ralstonia;s__Ralstonia sp900115545,blast,90.90,iPHoP-RF;80.60
WATLvirus_00324146,RS_GCF_002251695.1,d__Bacteria;p__Pseudomonadota;c__Gammaproteobacteria;o__Burkholderiales;f__Burkholderiaceae;g__Ralstonia;s__Ralstonia solanacearum,blast,90.10,None
WATLvirus_00324146,RS_GCF_007997035.1,d__Bacteria;p__Pseudomonadota;c__Gammaproteobacteria;o__Burkholderiales;f__Burkholderiaceae;g__Ralstonia;s__Ralstonia sp007997035,blast,90.10,iPHoP-RF;79.00
WATLvirus_00324362,GB_GCA_916048115.1,d__Bacteria;p__Bacillota;c__Bacilli;o__Lactobacillales;f__Streptococcaceae;g__Streptococcus;s__Streptococcus sp916048115,iPHoP-RF,93.10,None
WATLvirus_00324362,RS_GCF_000164675.2,d__Bacteria;p__Bacillota;c__Bacilli;o__Lactobacillales;f__Streptococcaceae;g__Streptococcus;s__Streptococcus parasanguinis,iPHoP-RF,92.40,None
WATLvirus_00324362,RS_GCF_000187505.1,d__Bacteria;p__Bacillota;c__Bacilli;o__Lactobacillales;f__Streptococcaceae;g__Streptococcus;s__Streptococcus parasanguinis_M,iPHoP-RF,92.40,None
WATLvirus_00324362,RS_GCF_000507765.1,d__Bacteria;p__Bacillota;c__Bacilli;o__Lactobacillales;f__Streptococcaceae;g__Streptococcus;s__Streptococcus parasanguinis_J,iPHoP-RF,92.40,None
WATLvirus_00324362,RS_GCF_001073155.1,d__Bacteria;p__Bacillota;c__Bacilli;o__Lactobacillales;f__Streptococcaceae;g__Streptococcus;s__Streptococcus parasanguinis_D,iPHoP-RF,92.40,None
WATLvirus_00324362,GB_GCA_902373455.1,d__Bacteria;p__Bacillota;c__Bacilli;o__Lactobacillales;f__Streptococcaceae;g__Streptococcus;s__Streptococcus sp902373455,iPHoP-RF,91.80,None
WATLvirus_00324362,RS_GCF_000963275.1,d__Bacteria;p__Bacillota;c__Bacilli;o__Lactobacillales;f__Streptococcaceae;g__Streptococcus;s__Streptococcus parasanguinis_B,iPHoP-RF,91.80,None
WATLvirus_00324362,RS_GCF_001813295.1,d__Bacteria;p__Bacillota;c__Bacilli;o__Lactobacillales;f__Streptococcaceae;g__Streptococcus;s__Streptococcus sp001813295,iPHoP-RF,91.80,None
WATLvirus_00324362,GB_GCA_018377375.1,d__Bacteria;p__Bacillota;c__Bacilli;o__Lactobacillales;f__Streptococcaceae;g__Streptococcus;s__Streptococcus parasanguinis_N,iPHoP-RF,91.40,None
WATLvirus_00324362,RS_GCF_001074805.1,d__Bacteria;p__Bacillota;c__Bacilli;o__Lactobacillales;f__Streptococcaceae;g__Streptococcus;s__Streptococcus parasanguinis_A,iPHoP-RF,91.40,None
WATLvirus_00324362,RS_GCF_016648855.1,d__Bacteria;p__Bacillota;c__Bacilli;o__Lactobacillales;f__Streptococcaceae;g__Streptococcus;s__Streptococcus parasanguinis_L,iPHoP-RF,91.40,None
WATLvirus_00324362,RS_GCF_019929185.1,d__Bacteria;p__Bacillota;c__Bacilli;o__Lactobacillales;f__Streptococcaceae;g__Streptococcus;s__Streptococcus parasanguinis_O,iPHoP-RF,91.40,None
WATLvirus_00324362,RS_GCF_008727815.1,d__Bacteria;p__Bacillota;c__Bacilli;o__Lactobacillales;f__Streptococcaceae;g__Streptococcus;s__Streptococcus sp008727815,iPHoP-RF,90.50,None
WATLvirus_00324376,RS_GCF_000799465.1,d__Bacteria;p__Bacteroidota;c__Bacteroidia;o__Flavobacteriales;f__Flavobacteriaceae;g__Psychroserpens;s__Psychroserpens sp000799465,iPHoP-RF,95.70,None
WATLvirus_00324376,GB_GCA_002722255.1,d__Bacteria;p__Bacteroidota;c__Bacteroidia;o__Flavobacteriales;f__Flavobacteriaceae;g__Winogradskyella;s__Winogradskyella sp002722255,iPHoP-RF,95.40,None
WATLvirus_00324376,GB_GCA_905479815.1,d__Bacteria;p__Bacteroidota;c__Bacteroidia;o__Flavobacteriales;f__Flavobacteriaceae;g__Psychroserpens;s__Psychroserpens sp905479815,iPHoP-RF,95.40,None
WATLvirus_00324376,GB_GCA_913061495.1,d__Bacteria;p__Bacteroidota;c__Bacteroidia;o__Flavobacteriales;f__Flavobacteriaceae;g__Winogradskyella;s__Winogradskyella sp913061495,iPHoP-RF,95.40,None
WATLvirus_00324376,RS_GCF_005869935.1,d__Bacteria;p__Bacteroidota;c__Bacteroidia;o__Flavobacteriales;f__Flavobacteriaceae;g__Winogradskyella;s__Winogradskyella algicola,iPHoP-RF,95.40,None
WATLvirus_00324376,RS_GCF_022810765.1,d__Bacteria;p__Bacteroidota;c__Bacteroidia;o__Flavobacteriales;f__Flavobacteriaceae;g__Winogradskyella;s__Winogradskyella sp002682935,iPHoP-RF,95.10,None
WATLvirus_00324376,RS_GCF_001971725.1,d__Bacteria;p__Bacteroidota;c__Bacteroidia;o__Flavobacteriales;f__Flavobacteriaceae;g__Winogradskyella;s__Winogradskyella sp001971725,iPHoP-RF,94.70,None
WATLvirus_00324376,RS_GCF_024628805.1,d__Bacteria;p__Bacteroidota;c__Bacteroidia;o__Flavobacteriales;f__Flavobacteriaceae;g__Flavobacterium;s__Flavobacterium sp024628805,iPHoP-RF,91.10,None
WATLvirus_00324376,GB_GCA_021647885.1,d__Bacteria;p__Bacteroidota;c__Bacteroidia;o__Flavobacteriales;f__Flavobacteriaceae;g__PRS1;s__PRS1 sp021647885,iPHoP-RF,90.80,None
WATLvirus_00324397,GB_GCA_902560185.1,d__Bacteria;p__Pseudomonadota;c__Alphaproteobacteria;o__Pelagibacterales;f__Pelagibacteraceae;g__Pelagibacter;s__Pelagibacter sp902560185,blast,93.10,None
WATLvirus_00324422,GB_GCA_024742485.1,d__Bacteria;p__Pseudomonadota;c__Alphaproteobacteria;o__Rhizobiales;f__Rhizobiaceae;g__SPNT01;s__SPNT01 sp024742485,blast,92.30,iPHoP-RF;54.90
WATLvirus_00324434,RS_GCF_008801405.1,d__Bacteria;p__Pseudomonadota;c__Gammaproteobacteria;o__Burkholderiales;f__Burkholderiaceae;g__Ralstonia;s__Ralstonia insidiosa,blast,92.90,iPHoP-RF;75.40
WATLvirus_00324434,RS_GCF_016429285.1,d__Bacteria;p__Pseudomonadota;c__Gammaproteobacteria;o__Burkholderiales;f__Burkholderiaceae;g__Ralstonia;s__Ralstonia sp016429285,blast,91.70,iPHoP-RF;75.20
WATLvirus_00324533,GB_GCA_902766045.1,d__Bacteria;p__Bacteroidota;c__Bacteroidia;o__Bacteroidales;f__Paludibacteraceae;g__UBA1181;s__UBA1181 sp902766045,iPHoP-RF,95.70,None
WATLvirus_00324612,RS_GCF_000152805.1,d__Bacteria;p__Pseudomonadota;c__Alphaproteobacteria;o__Rhodobacterales;f__Rhodobacteraceae;g__Maritimibacter;s__Maritimibacter alkaliphilus,blast,93.80,iPHoP-RF;60.10
WATLvirus_00324612,GB_GCA_003520545.1,d__Bacteria;p__Pseudomonadota;c__Alphaproteobacteria;o__Rhodobacterales;f__Rhodobacteraceae;g__Maritimibacter;s__Maritimibacter sp003520545,blast,93.40,iPHoP-RF;62.20
WATLvirus_00324612,GB_GCA_011389895.1,d__Bacteria;p__Pseudomonadota;c__Alphaproteobacteria;o__Rhodobacterales;f__Rhodobacteraceae;g__Maritimibacter;s__Maritimibacter sp011389895,blast,93.10,iPHoP-RF;59.20
WATLvirus_00324672,bin.129,d__Bacteria;p__Planctomycetota;c__Phycisphaerae;o__Phycisphaerales;f__SM1A02;g__VGXO01;s__,blast,92.10,None
WATLvirus_00324674,RS_GCF_003030305.1,d__Bacteria;p__Actinomycetota;c__Actinomycetia;o__Propionibacteriales;f__Propionibacteriaceae;g__Cutibacterium;s__Cutibacterium acnes,blast,93.90,None
WATLvirus_00324674,RS_GCF_000227295.1,d__Bacteria;p__Actinomycetota;c__Actinomycetia;o__Propionibacteriales;f__Propionibacteriaceae;g__Cutibacterium;s__Cutibacterium avidum,blast,93.40,None
WATLvirus_00324776,GB_GCA_019237095.1,d__Bacteria;p__Planctomycetota;c__Planctomycetia;o__Isosphaerales;f__Isosphaeraceae;g__JAFAHT01;s__JAFAHT01 sp019237095,iPHoP-RF,93.40,None
WATLvirus_00324817,RS_GCF_002119805.1,d__Bacteria;p__Bacillota;c__Bacilli;o__Staphylococcales;f__Staphylococcaceae;g__Macrococcus_B;s__Macrococcus_B canis,iPHoP-RF,94.10,None
WATLvirus_00324817,RS_GCF_002742385.2,d__Bacteria;p__Bacillota;c__Bacilli;o__Staphylococcales;f__Staphylococcaceae;g__Macrococcus_B;s__Macrococcus_B goetzii,iPHoP-RF,93.10,None
WATLvirus_00324817,RS_GCF_020097135.1,d__Bacteria;p__Bacillota;c__Bacilli;o__Staphylococcales;f__Staphylococcaceae;g__Macrococcus_B;s__Macrococcus_B armenti,iPHoP-RF,93.10,None
WATLvirus_00324817,RS_GCF_003259675.1,d__Bacteria;p__Bacillota;c__Bacilli;o__Staphylococcales;f__Staphylococcaceae;g__Macrococcus_B;s__Macrococcus_B bohemicus,iPHoP-RF,91.10,None
WATLvirus_00324817,RS_GCF_002902665.1,d__Bacteria;p__Bacillota;c__Bacilli;o__Staphylococcales;f__Staphylococcaceae;g__Macrococcus_B;s__Macrococcus_B caseolyticus,iPHoP-RF,90.10,None
WATLvirus_00324817,RS_GCF_019357535.1,d__Bacteria;p__Bacillota;c__Bacilli;o__Staphylococcales;f__Staphylococcaceae;g__Macrococcus_B;s__Macrococcus_B sp019357535,iPHoP-RF,90.10,None
WATLvirus_00324854,RS_GCF_000515255.1,d__Bacteria;p__Pseudomonadota;c__Alphaproteobacteria;o__Kiloniellales;f__Rhodovibrionaceae;g__Rhodovibrio;s__Rhodovibrio salinarum,blast,92.00,None
WATLvirus_00324910,RS_GCF_002086795.1,d__Bacteria;p__Actinomycetota;c__Actinomycetia;o__Mycobacteriales;f__Mycobacteriaceae;g__Mycobacterium;s__Mycobacterium tusciae,iPHoP-RF,91.80,None
WATLvirus_00324927,RS_GCF_008629675.1,d__Bacteria;p__Planctomycetota;c__Planctomycetia;o__Pirellulales;f__Pirellulaceae;g__Stieleria;s__Stieleria nitratireducens,blast,93.60,iPHoP-RF;73.50
WATLvirus_00324977,GB_GCA_017304655.1,d__Bacteria;p__Pseudomonadota;c__Alphaproteobacteria;o__Sphingomonadales;f__Sphingomonadaceae;g__Sphingobium;s__Sphingobium sp017304655,iPHoP-RF,91.40,None
WATLvirus_00325120,RS_GCF_900102465.1,d__Bacteria;p__Pseudomonadota;c__Alphaproteobacteria;o__Thalassobaculales;f__Thalassobaculaceae;g__Thalassobaculum;s__Thalassobaculum litoreum,blast,92.80,iPHoP-RF;57.10
WATLvirus_00325280,RS_GCF_009765835.1,d__Bacteria;p__Acidobacteriota;c__Terriglobia;o__Terriglobales;f__Acidobacteriaceae;g__Edaphobacter;s__Edaphobacter sp009765835,iPHoP-RF,95.10,None
WATLvirus_00325280,RS_GCF_009766095.1,d__Bacteria;p__Acidobacteriota;c__Terriglobia;o__Terriglobales;f__Acidobacteriaceae;g__Edaphobacter;s__Edaphobacter sp009766095,iPHoP-RF,95.10,None
WATLvirus_00325312,RS_GCF_002024885.1,d__Bacteria;p__Actinomycetota;c__Actinomycetia;o__Actinomycetales;f__Microbacteriaceae;g__Microbacterium;s__Microbacterium foliorum_A,iPHoP-RF,91.40,None
WATLvirus_00325312,RS_GCF_023715885.1,d__Bacteria;p__Actinomycetota;c__Actinomycetia;o__Actinomycetales;f__Microbacteriaceae;g__Microbacterium;s__Microbacterium hydrocarbonoxydans_C,iPHoP-RF,91.10,None
WATLvirus_00325312,RS_GCF_000956525.1,d__Bacteria;p__Actinomycetota;c__Actinomycetia;o__Actinomycetales;f__Microbacteriaceae;g__Microbacterium;s__Microbacterium oxydans_A,iPHoP-RF,90.80,None
WATLvirus_00325312,RS_GCF_006385575.1,d__Bacteria;p__Actinomycetota;c__Actinomycetia;o__Actinomycetales;f__Microbacteriaceae;g__Microbacterium;s__Microbacterium foliorum_B,iPHoP-RF,90.80,None
WATLvirus_00325312,RS_GCF_017876435.1,d__Bacteria;p__Actinomycetota;c__Actinomycetia;o__Actinomycetales;f__Microbacteriaceae;g__Microbacterium;s__Microbacterium phyllosphaerae,iPHoP-RF,90.80,None
WATLvirus_00325312,RS_GCF_002362255.1,d__Bacteria;p__Actinomycetota;c__Actinomycetia;o__Actinomycetales;f__Microbacteriaceae;g__Microbacterium;s__Microbacterium sp002362255,iPHoP-RF,90.10,None
WATLvirus_00325432,RS_GCF_004346865.1,d__Bacteria;p__Pseudomonadota;c__Alphaproteobacteria;o__Rhodobacterales;f__Rhodobacteraceae;g__Shimia;s__Shimia isoporae,iPHoP-RF,93.70,None
WATLvirus_00325432,RS_GCF_900114415.1,d__Bacteria;p__Pseudomonadota;c__Alphaproteobacteria;o__Rhodobacterales;f__Rhodobacteraceae;g__Shimia;s__Shimia haliotis,iPHoP-RF,93.40,None
WATLvirus_00325451,RS_GCF_000407445.1,d__Bacteria;p__Bacillota;c__Bacilli;o__Lactobacillales;f__Enterococcaceae;g__Enterococcus;s__Enterococcus moraviensis,iPHoP-RF,90.80,None
WATLvirus_00325451,RS_GCF_000633635.1,d__Bacteria;p__Bacillota;c__Bacilli;o__Lactobacillales;f__Enterococcaceae;g__Enterococcus;s__Enterococcus crotali,iPHoP-RF,90.50,None
WATLvirus_00325451,RS_GCF_002813755.1,d__Bacteria;p__Bacillota;c__Bacilli;o__Lactobacillales;f__Enterococcaceae;g__Enterococcus_B;s__Enterococcus_B mundtii,iPHoP-RF,90.10,None
WATLvirus_00325841,GB_GCA_018830285.1,d__Bacteria;p__Pseudomonadota;c__Alphaproteobacteria;o__Caulobacterales;f__Hyphomonadaceae;g__Hyphomonas;s__Hyphomonas sp018830285,blast,93.20,iPHoP-RF;69.50
WATLvirus_00325992,GB_GCA_024636475.1,d__Bacteria;p__Pseudomonadota;c__Alphaproteobacteria;o__Rhodobacterales;f__Rhodobacteraceae;g__Sulfitobacter;s__Sulfitobacter sp024636475,iPHoP-RF,96.10,None
WATLvirus_00325992,GB_GCA_024636495.1,d__Bacteria;p__Pseudomonadota;c__Alphaproteobacteria;o__Rhodobacterales;f__Rhodobacteraceae;g__Sulfitobacter;s__Sulfitobacter sp024636495,iPHoP-RF,95.40,None
WATLvirus_00325992,RS_GCF_018200035.1,d__Bacteria;p__Pseudomonadota;c__Alphaproteobacteria;o__Rhodobacterales;f__Rhodobacteraceae;g__Sulfitobacter;s__Sulfitobacter sp018200035,iPHoP-RF,91.40,None
WATLvirus_00325992,GB_GCA_013002405.1,d__Bacteria;p__Pseudomonadota;c__Alphaproteobacteria;o__Rhodobacterales;f__Rhodobacteraceae;g__Sulfitobacter;s__Sulfitobacter sp013002405,iPHoP-RF,90.80,None
WATLvirus_00326031,GB_GCA_024400295.1,d__Bacteria;p__Bacteroidota;c__Bacteroidia;o__Bacteroidales;f__F082;g__Limimorpha;s__Limimorpha sp024400295,iPHoP-RF,92.10,None
WATLvirus_00326041,RS_GCF_003008555.2,d__Bacteria;p__Pseudomonadota;c__Alphaproteobacteria;o__Rhodobacterales;f__Rhodobacteraceae;g__Pukyongiella;s__Pukyongiella litopenaei,blast,92.70,iPHoP-RF;52.00
WATLvirus_00326145,GB_GCA_024641015.1,d__Bacteria;p__Actinomycetota;c__Actinomycetia;o__Actinomycetales;f__Microbacteriaceae;g__MWH-TA3;s__MWH-TA3 sp024641015,iPHoP-RF,91.40,None
WATLvirus_00326171,GB_GCA_018816905.1,d__Bacteria;p__Bacillota;c__Bacilli;o__Izemoplasmatales;f__UBA5603;g__JAHIVB01;s__JAHIVB01 sp018816905,iPHoP-RF,92.10,None
WATLvirus_00326320,GB_GCA_019739225.1,d__Bacteria;p__Pseudomonadota;c__Alphaproteobacteria;o__Rhizobiales;f__Rhizobiaceae;g__Aquamicrobium_A;s__Aquamicrobium_A sp019739225,iPHoP-RF,92.40,None
WATLvirus_00326445,GB_GCA_905181965.1,d__Bacteria;p__Verrucomicrobiota;c__Verrucomicrobiae;o__Verrucomicrobiales;f__Akkermansiaceae;g__SW10;s__SW10 sp905181965,iPHoP-RF,94.70,None
WATLvirus_00326445,GB_GCA_000383735.1,d__Bacteria;p__Verrucomicrobiota;c__Verrucomicrobiae;o__Verrucomicrobiales;f__Akkermansiaceae;g__SW10;s__SW10 sp000383735,iPHoP-RF,93.70,None
WATLvirus_00326445,GB_GCA_022424905.1,d__Bacteria;p__Verrucomicrobiota;c__Verrucomicrobiae;o__Verrucomicrobiales;f__Akkermansiaceae;g__SW10;s__SW10 sp022424905,iPHoP-RF,92.80,None
WATLvirus_00326447,RS_GCF_009901525.1,d__Bacteria;p__Bacteroidota;c__Bacteroidia;o__Flavobacteriales;f__Flavobacteriaceae;g__Kordia;s__Kordia antarctica,iPHoP-RF,94.40,None
WATLvirus_00326447,RS_GCF_900188275.1,d__Bacteria;p__Bacteroidota;c__Bacteroidia;o__Flavobacteriales;f__Flavobacteriaceae;g__Dokdonia;s__Dokdonia pacifica,iPHoP-RF,92.80,None
WATLvirus_00326447,GB_GCA_022447245.1,d__Bacteria;p__Bacteroidota;c__Bacteroidia;o__Flavobacteriales;f__Flavobacteriaceae;g__Kordia;s__Kordia sp022447245,iPHoP-RF,91.40,None
WATLvirus_00326447,RS_GCF_014397005.1,d__Bacteria;p__Bacteroidota;c__Bacteroidia;o__Flavobacteriales;f__Flavobacteriaceae;g__Kordia;s__Kordia aestuariivivens,iPHoP-RF,91.10,None
WATLvirus_00326447,RS_GCF_000724545.1,d__Bacteria;p__Bacteroidota;c__Bacteroidia;o__Chitinophagales;f__Saprospiraceae;g__Aureispira;s__Aureispira sp000724545,iPHoP-RF,90.50,None
WATLvirus_00326447,RS_GCF_003352465.1,d__Bacteria;p__Bacteroidota;c__Bacteroidia;o__Flavobacteriales;f__Flavobacteriaceae;g__Kordia;s__Kordia sp003352465,iPHoP-RF,90.10,None
WATLvirus_00326471,RS_GCF_000763375.1,d__Bacteria;p__Actinomycetota;c__Actinomycetia;o__Actinomycetales;f__Microbacteriaceae;g__Microbacterium;s__Microbacterium profundi,iPHoP-RF,93.40,None
WATLvirus_00326471,RS_GCF_014635185.1,d__Bacteria;p__Actinomycetota;c__Actinomycetia;o__Actinomycetales;f__Microbacteriaceae;g__Microbacterium;s__Microbacterium murale,iPHoP-RF,93.40,None
WATLvirus_00326471,RS_GCF_015277895.1,d__Bacteria;p__Actinomycetota;c__Actinomycetia;o__Actinomycetales;f__Microbacteriaceae;g__Microbacterium;s__Microbacterium sp015277895,iPHoP-RF,93.10,None
WATLvirus_00326471,RS_GCF_024807145.1,d__Bacteria;p__Actinomycetota;c__Actinomycetia;o__Actinomycetales;f__Microbacteriaceae;g__Microbacterium;s__Microbacterium sp024807145,iPHoP-RF,93.10,None
WATLvirus_00326471,RS_GCF_014205075.1,d__Bacteria;p__Actinomycetota;c__Actinomycetia;o__Actinomycetales;f__Microbacteriaceae;g__Microbacterium;s__Microbacterium ginsengiterrae,iPHoP-RF,92.10,None
WATLvirus_00326471,RS_GCF_017876435.1,d__Bacteria;p__Actinomycetota;c__Actinomycetia;o__Actinomycetales;f__Microbacteriaceae;g__Microbacterium;s__Microbacterium phyllosphaerae,iPHoP-RF,92.10,None
WATLvirus_00326471,RS_GCF_918698005.1,d__Bacteria;p__Actinomycetota;c__Actinomycetia;o__Actinomycetales;f__Microbacteriaceae;g__Microbacterium;s__Microbacterium sp918698005,iPHoP-RF,90.50,None
WATLvirus_00326479,GB_GCA_003278425.1,d__Bacteria;p__Cyanobacteriota;c__Cyanobacteriia;o__PCC-6307;f__Cyanobiaceae;g__Prochlorococcus;s__Prochlorococcus sp003278425,iPHoP-RF,97.10,None
WATLvirus_00326479,GB_GCA_003212515.1,d__Bacteria;p__Cyanobacteriota;c__Cyanobacteriia;o__PCC-6307;f__Cyanobiaceae;g__Prochlorococcus;s__Prochlorococcus sp003212515,iPHoP-RF,95.40,None
WATLvirus_00326479,GB_GCA_003212555.1,d__Bacteria;p__Cyanobacteriota;c__Cyanobacteriia;o__PCC-6307;f__Cyanobiaceae;g__Prochlorococcus;s__Prochlorococcus sp003212555,iPHoP-RF,91.80,None
WATLvirus_00326479,GB_GCA_003279445.1,d__Bacteria;p__Cyanobacteriota;c__Cyanobacteriia;o__PCC-6307;f__Cyanobiaceae;g__Prochlorococcus;s__Prochlorococcus sp003279445,iPHoP-RF,91.40,None
WATLvirus_00326479,GB_GCA_003215555.1,d__Bacteria;p__Cyanobacteriota;c__Cyanobacteriia;o__PCC-6307;f__Cyanobiaceae;g__Prochlorococcus;s__Prochlorococcus sp003215555,iPHoP-RF,91.10,None
WATLvirus_00326500,RS_GCF_900110425.1,d__Bacteria;p__Pseudomonadota;c__Alphaproteobacteria;o__Rhodobacterales;f__Rhodobacteraceae;g__Salinihabitans;s__Salinihabitans flavidus,blast,92.70,iPHoP-RF;57.30
WATLvirus_00326697,GB_GCA_025150425.1,d__Bacteria;p__Bacillota_A;c__Clostridia;o__Oscillospirales;f__Ruminococcaceae;g__Ruminiclostridium_E;s__Ruminiclostridium_E siraeum,CRISPR,98.90,None
WATLvirus_00326697,GB_GCA_900539195.1,d__Bacteria;p__Bacillota_A;c__Clostridia;o__Oscillospirales;f__Ruminococcaceae;g__Ruminiclostridium_E;s__Ruminiclostridium_E sp900539195,CRISPR,98.90,None
WATLvirus_00326697,GB_GCA_003512525.1,d__Bacteria;p__Bacillota_A;c__Clostridia;o__Oscillospirales;f__Ruminococcaceae;g__Ruminiclostridium_E;s__Ruminiclostridium_E sp003512525,CRISPR,98.70,None
WATLvirus_00326754,RS_GCF_000520595.1,d__Bacteria;p__Actinomycetota;c__Actinomycetia;o__Actinomycetales;f__Micrococcaceae;g__Arthrobacter_D;s__Arthrobacter_D sp000520595,iPHoP-RF,91.80,None
WATLvirus_00326762,GB_GCA_007096045.1,d__Bacteria;p__Cyanobacteriota;c__Cyanobacteriia;o__Cyanobacteriales;f__Microcystaceae;g__Microcystis;s__Microcystis novacekii,iPHoP-RF,90.10,None
WATLvirus_00326873,RS_GCF_001458315.1,d__Bacteria;p__Pseudomonadota;c__Alphaproteobacteria;o__Rhodobacterales;f__Rhodobacteraceae;g__Thalassobacter;s__Thalassobacter stenotrophicus,blast,93.80,None
WATLvirus_00326873,RS_GCF_001049735.1,d__Bacteria;p__Pseudomonadota;c__Alphaproteobacteria;o__Rhodobacterales;f__Rhodobacteraceae;g__Nereida;s__Nereida ignava,blast,92.10,None
WATLvirus_00326873,RS_GCF_001458255.1,d__Bacteria;p__Pseudomonadota;c__Alphaproteobacteria;o__Rhodobacterales;f__Rhodobacteraceae;g__Thalassobius;s__Thalassobius autumnalis,blast,90.20,None
WATLvirus_00326873,RS_GCF_900182725.1,d__Bacteria;p__Pseudomonadota;c__Alphaproteobacteria;o__Rhodobacterales;f__Rhodobacteraceae;g__Thalassobius;s__Thalassobius litoralis,blast,90.00,None
WATLvirus_00326949,GB_GCA_002712765.1,d__Bacteria;p__Bacteroidota;c__Bacteroidia;o__Flavobacteriales;f__Flavobacteriaceae;g__Dokdonia;s__Dokdonia sp002712765,iPHoP-RF,90.80,None
WATLvirus_00326984,RS_GCF_004799325.1,d__Bacteria;p__Pseudomonadota;c__Alphaproteobacteria;o__Rhodobacterales;f__Rhodobacteraceae;g__Thalassobius;s__Thalassobius vesicularis,blast,92.90,None
WATLvirus_00327018,GB_GCA_902615045.1,d__Bacteria;p__Pseudomonadota;c__Alphaproteobacteria;o__Pelagibacterales;f__Pelagibacteraceae;g__Pelagibacter;s__Pelagibacter sp902615045,blast,90.50,iPHoP-RF;78.00
WATLvirus_00327134,GB_GCA_017883425.1,d__Bacteria;p__Acidobacteriota;c__Terriglobia;o__Terriglobales;f__SbA1;g__Sulfotelmatobacter;s__Sulfotelmatobacter sp017883425,iPHoP-RF,95.40,None
WATLvirus_00327134,GB_GCA_013289685.1,d__Bacteria;p__Acidobacteriota;c__Terriglobia;o__Terriglobales;f__SbA1;g__Sulfotelmatobacter;s__Sulfotelmatobacter sp013289685,iPHoP-RF,94.70,None
WATLvirus_00327134,GB_GCA_003132325.1,d__Bacteria;p__Acidobacteriota;c__Terriglobia;o__Terriglobales;f__SbA1;g__Bog-209;s__Bog-209 sp003132325,iPHoP-RF,94.40,None
WATLvirus_00327134,GB_GCA_003225555.1,d__Bacteria;p__Acidobacteriota;c__Terriglobia;o__Terriglobales;f__SbA1;g__Sulfotelmatobacter;s__Sulfotelmatobacter sp003225555,iPHoP-RF,94.40,None
WATLvirus_00327134,GB_GCA_020073525.1,d__Bacteria;p__Acidobacteriota;c__Terriglobia;o__Terriglobales;f__SbA1;g__Bog-209;s__Bog-209 sp020073525,iPHoP-RF,94.40,None
WATLvirus_00327134,GB_GCA_003225535.1,d__Bacteria;p__Acidobacteriota;c__Terriglobia;o__Terriglobales;f__SbA1;g__Sulfotelmatobacter;s__Sulfotelmatobacter sp003225535,iPHoP-RF,93.40,None
WATLvirus_00327134,GB_GCA_003134655.1,d__Bacteria;p__Acidobacteriota;c__Terriglobia;o__Terriglobales;f__SbA1;g__Sulfotelmatobacter;s__Sulfotelmatobacter sp003134655,iPHoP-RF,93.10,None
WATLvirus_00327134,GB_GCA_020073015.1,d__Bacteria;p__Acidobacteriota;c__Terriglobia;o__Terriglobales;f__SbA1;g__JAIQEY01;s__JAIQEY01 sp020073015,iPHoP-RF,93.10,None
WATLvirus_00327134,GB_GCA_003131315.1,d__Bacteria;p__Acidobacteriota;c__Terriglobia;o__Terriglobales;f__SbA1;g__Bog-209;s__Bog-209 sp003131315,iPHoP-RF,92.40,None
WATLvirus_00327134,GB_GCA_003225495.1,d__Bacteria;p__Acidobacteriota;c__Terriglobia;o__Terriglobales;f__SbA1;g__QIAJ01;s__QIAJ01 sp003225495,iPHoP-RF,92.40,None
WATLvirus_00327134,GB_GCA_020073385.1,d__Bacteria;p__Acidobacteriota;c__Terriglobia;o__Terriglobales;f__SbA1;g__Sulfotelmatobacter;s__Sulfotelmatobacter sp020073385,iPHoP-RF,92.40,None
WATLvirus_00327134,GB_GCA_020073465.1,d__Bacteria;p__Acidobacteriota;c__Terriglobia;o__Terriglobales;f__SbA1;g__Sulfotelmatobacter;s__Sulfotelmatobacter sp020073465,iPHoP-RF,90.10,None
WATLvirus_00327200,GB_GCA_002077175.1,d__Bacteria;p__Pseudomonadota;c__Gammaproteobacteria;o__Enterobacterales_A;f__Alteromonadaceae;g__Cognaticolwellia;s__Cognaticolwellia sp002077175,iPHoP-RF,92.10,None
WATLvirus_00327216,GB_GCA_003210775.1,d__Bacteria;p__Cyanobacteriota;c__Cyanobacteriia;o__PCC-6307;f__Cyanobiaceae;g__Synechococcus_C;s__Synechococcus_C sp003210775,blast,94.70,iPHoP-RF;57.60
WATLvirus_00327216,RS_GCF_000153825.1,d__Bacteria;p__Cyanobacteriota;c__Cyanobacteriia;o__PCC-6307;f__Cyanobiaceae;g__Synechococcus_C;s__Synechococcus_C sp000153825,blast,93.90,iPHoP-RF;61.90
WATLvirus_00327216,GB_GCA_002701375.1,d__Bacteria;p__Cyanobacteriota;c__Cyanobacteriia;o__PCC-6307;f__Cyanobiaceae;g__Parasynechococcus;s__Parasynechococcus sp002701375,blast,91.70,iPHoP-RF;62.20
WATLvirus_00327222,GB_GCA_024635755.1,d__Bacteria;p__Pseudomonadota;c__Gammaproteobacteria;o__Halothiobacillales;f__Halothiobacillaceae;g__Guyparkeria;s__Guyparkeria sp024635755,blast,92.10,iPHoP-RF;71.90
WATLvirus_00327267,GB_GCA_000761495.1,d__Bacteria;p__Pseudomonadota;c__Gammaproteobacteria;o__Pseudomonadales;f__Moraxellaceae;g__Acinetobacter;s__Acinetobacter idrijaensis,iPHoP-RF,96.70,None
WATLvirus_00327267,GB_GCA_002321025.1,d__Bacteria;p__Pseudomonadota;c__Gammaproteobacteria;o__Pseudomonadales;f__Moraxellaceae;g__Acinetobacter;s__Acinetobacter lwoffii_J,iPHoP-RF,96.70,None
WATLvirus_00327267,GB_GCA_013530545.1,d__Bacteria;p__Pseudomonadota;c__Gammaproteobacteria;o__Pseudomonadales;f__Moraxellaceae;g__Acinetobacter;s__Acinetobacter lwoffii_G,iPHoP-RF,96.70,None
WATLvirus_00327267,RS_GCF_000487975.1,d__Bacteria;p__Pseudomonadota;c__Gammaproteobacteria;o__Pseudomonadales;f__Moraxellaceae;g__Acinetobacter;s__Acinetobacter lwoffii,iPHoP-RF,96.70,None
WATLvirus_00327267,RS_GCF_014769185.1,d__Bacteria;p__Pseudomonadota;c__Gammaproteobacteria;o__Pseudomonadales;f__Moraxellaceae;g__Acinetobacter;s__Acinetobacter lwoffii_D,iPHoP-RF,96.70,None
WATLvirus_00327267,RS_GCF_022967985.1,d__Bacteria;p__Pseudomonadota;c__Gammaproteobacteria;o__Pseudomonadales;f__Moraxellaceae;g__Acinetobacter;s__Acinetobacter sp002367455,iPHoP-RF,96.70,None
WATLvirus_00327267,RS_GCF_024129355.1,d__Bacteria;p__Pseudomonadota;c__Gammaproteobacteria;o__Pseudomonadales;f__Moraxellaceae;g__Acinetobacter;s__Acinetobacter lwoffii_I,iPHoP-RF,96.70,None
WATLvirus_00327267,RS_GCF_024129435.1,d__Bacteria;p__Pseudomonadota;c__Gammaproteobacteria;o__Pseudomonadales;f__Moraxellaceae;g__Acinetobacter;s__Acinetobacter lwoffii_F,iPHoP-RF,96.70,None
WATLvirus_00327267,RS_GCF_024129735.1,d__Bacteria;p__Pseudomonadota;c__Gammaproteobacteria;o__Pseudomonadales;f__Moraxellaceae;g__Acinetobacter;s__Acinetobacter lwoffii_H,iPHoP-RF,96.70,None
WATLvirus_00327267,RS_GCF_011058205.1,d__Bacteria;p__Pseudomonadota;c__Gammaproteobacteria;o__Pseudomonadales;f__Moraxellaceae;g__Acinetobacter;s__Acinetobacter fasciculus,iPHoP-RF,96.10,None
WATLvirus_00327267,RS_GCF_015602705.1,d__Bacteria;p__Pseudomonadota;c__Gammaproteobacteria;o__Pseudomonadales;f__Moraxellaceae;g__Acinetobacter;s__Acinetobacter lwoffii_E,iPHoP-RF,95.70,None
WATLvirus_00327267,RS_GCF_002803605.1,d__Bacteria;p__Pseudomonadota;c__Gammaproteobacteria;o__Pseudomonadales;f__Moraxellaceae;g__Acinetobacter;s__Acinetobacter pseudolwoffii,iPHoP-RF,95.40,None
WATLvirus_00327267,RS_GCF_014837015.1,d__Bacteria;p__Pseudomonadota;c__Gammaproteobacteria;o__Pseudomonadales;f__Moraxellaceae;g__Acinetobacter;s__Acinetobacter pecorum,iPHoP-RF,95.40,None
WATLvirus_00327267,RS_GCF_019038395.1,d__Bacteria;p__Pseudomonadota;c__Gammaproteobacteria;o__Pseudomonadales;f__Moraxellaceae;g__Acinetobacter;s__Acinetobacter sp019038395,iPHoP-RF,95.40,None
WATLvirus_00327281,GB_GCA_002720475.1,d__Bacteria;p__Pseudomonadota;c__Alphaproteobacteria;o__Rhodobacterales;f__Rhodobacteraceae;g__Roseovarius;s__Roseovarius sp002720475,blast,91.70,iPHoP-RF;68.90
WATLvirus_00327281,GB_GCA_024742655.1,d__Bacteria;p__Pseudomonadota;c__Alphaproteobacteria;o__Rhodobacterales;f__Rhodobacteraceae;g__Roseovarius;s__Roseovarius sp024742655,blast,91.10,iPHoP-RF;57.30
WATLvirus_00327407,RS_GCF_000143825.1,d__Bacteria;p__Actinomycetota;c__Actinomycetia;o__Mycobacteriales;f__Mycobacteriaceae;g__Corynebacterium;s__Corynebacterium genitalium_A,iPHoP-RF,93.70,None
WATLvirus_00327407,GB_GCA_025152525.1,d__Bacteria;p__Actinomycetota;c__Actinomycetia;o__Mycobacteriales;f__Mycobacteriaceae;g__Corynebacterium;s__Corynebacterium sp025152525,iPHoP-RF,92.40,None
WATLvirus_00327407,RS_GCF_001875665.1,d__Bacteria;p__Actinomycetota;c__Actinomycetia;o__Mycobacteriales;f__Mycobacteriaceae;g__Corynebacterium;s__Corynebacterium sp001875665,iPHoP-RF,92.40,None
WATLvirus_00327407,RS_GCF_014490555.1,d__Bacteria;p__Actinomycetota;c__Actinomycetia;o__Mycobacteriales;f__Mycobacteriaceae;g__Corynebacterium;s__Corynebacterium lujinxingii,iPHoP-RF,91.80,None
WATLvirus_00327407,RS_GCF_900176865.1,d__Bacteria;p__Actinomycetota;c__Actinomycetia;o__Mycobacteriales;f__Mycobacteriaceae;g__Corynebacterium;s__Corynebacterium fournieri,iPHoP-RF,91.80,None
WATLvirus_00327407,RS_GCF_900155535.1,d__Bacteria;p__Actinomycetota;c__Actinomycetia;o__Mycobacteriales;f__Mycobacteriaceae;g__Corynebacterium;s__Corynebacterium urinipleomorphum,iPHoP-RF,91.40,None
WATLvirus_00327407,GB_GCA_900618065.1,d__Bacteria;p__Actinomycetota;c__Actinomycetia;o__Mycobacteriales;f__Mycobacteriaceae;g__Corynebacterium;s__Corynebacterium sp900618065,iPHoP-RF,91.10,None
WATLvirus_00327407,GB_GCA_943913625.1,d__Bacteria;p__Actinomycetota;c__Actinomycetia;o__Mycobacteriales;f__Mycobacteriaceae;g__Corynebacterium;s__Corynebacterium sp943913625,iPHoP-RF,91.10,None
WATLvirus_00327407,GB_GCA_014490595.1,d__Bacteria;p__Actinomycetota;c__Actinomycetia;o__Mycobacteriales;f__Mycobacteriaceae;g__Corynebacterium;s__Corynebacterium wankanglinii,iPHoP-RF,90.80,None
WATLvirus_00327407,RS_GCF_001767255.1,d__Bacteria;p__Actinomycetota;c__Actinomycetia;o__Mycobacteriales;f__Mycobacteriaceae;g__Corynebacterium;s__Corynebacterium sp001767255,iPHoP-RF,90.80,None
WATLvirus_00327407,RS_GCF_900105505.1,d__Bacteria;p__Actinomycetota;c__Actinomycetia;o__Mycobacteriales;f__Mycobacteriaceae;g__Corynebacterium;s__Corynebacterium coyleae,iPHoP-RF,90.80,None
WATLvirus_00327503,GB_GCA_903845455.1,d__Bacteria;p__Pseudomonadota;c__Gammaproteobacteria;o__Burkholderiales;f__Burkholderiaceae;g__Polynucleobacter;s__Polynucleobacter sp903845455,iPHoP-RF,90.50,None
WATLvirus_00327555,GB_GCA_019358835.1,d__Bacteria;p__Cyanobacteriota;c__Cyanobacteriia;o__Phormidesmiales;f__Phormidesmiaceae;g__Nodosilinea;s__Nodosilinea torsiva,iPHoP-RF,90.80,None
WATLvirus_00327555,GB_GCA_003249105.1,d__Bacteria;p__Cyanobacteriota;c__Cyanobacteriia;o__Phormidesmiales;f__Phormidesmiaceae;g__Nodosilinea;s__Nodosilinea sp003249105,iPHoP-RF,90.50,None
WATLvirus_00327673,GB_GCA_004525885.1,d__Bacteria;p__Pseudomonadota;c__Gammaproteobacteria;o__Burkholderiales;f__Nitrosomonadaceae;g__GCA-2721545;s__GCA-2721545 sp004525885,blast,91.10,iPHoP-RF;67.70
WATLvirus_00327694,RS_GCF_900129835.1,d__Bacteria;p__Pseudomonadota;c__Gammaproteobacteria;o__Pseudomonadales;f__Pseudomonadaceae;g__Stutzerimonas;s__Stutzerimonas xanthomarina,iPHoP-RF,95.70,None
WATLvirus_00327694,RS_GCF_000935215.1,d__Bacteria;p__Pseudomonadota;c__Gammaproteobacteria;o__Pseudomonadales;f__Pseudomonadaceae;g__Stutzerimonas;s__Stutzerimonas stutzeri_AD,iPHoP-RF,95.40,None
WATLvirus_00327694,RS_GCF_900114065.1,d__Bacteria;p__Pseudomonadota;c__Gammaproteobacteria;o__Pseudomonadales;f__Pseudomonadaceae;g__Stutzerimonas;s__Stutzerimonas kunmingensis,iPHoP-RF,95.40,None
WATLvirus_00327694,RS_GCF_000495915.1,d__Bacteria;p__Pseudomonadota;c__Gammaproteobacteria;o__Pseudomonadales;f__Pseudomonadaceae;g__Stutzerimonas;s__Stutzerimonas chloritidismutans,iPHoP-RF,94.10,None
WATLvirus_00327694,RS_GCF_003696315.1,d__Bacteria;p__Pseudomonadota;c__Gammaproteobacteria;o__Pseudomonadales;f__Pseudomonadaceae;g__Stutzerimonas;s__Stutzerimonas songnenensis,iPHoP-RF,93.70,None
WATLvirus_00327694,GB_GCA_003488145.1,d__Bacteria;p__Pseudomonadota;c__Gammaproteobacteria;o__Pseudomonadales;f__Pseudomonadaceae;g__Stutzerimonas;s__Stutzerimonas sp003488145,iPHoP-RF,93.10,None
WATLvirus_00327694,RS_GCF_015291885.1,d__Bacteria;p__Pseudomonadota;c__Gammaproteobacteria;o__Pseudomonadales;f__Pseudomonadaceae;g__Stutzerimonas;s__Stutzerimonas stutzeri_AC,iPHoP-RF,90.50,None
WATLvirus_00327694,GB_GCA_004010935.1,d__Bacteria;p__Pseudomonadota;c__Gammaproteobacteria;o__Pseudomonadales;f__Pseudomonadaceae;g__Stutzerimonas;s__Stutzerimonas sp004010935,iPHoP-RF,90.10,None
WATLvirus_00327705,GB_GCA_003605055.1,d__Bacteria;p__Desulfobacterota;c__Desulfarculia;o__Desulfarculales;f__Desulfarculaceae;g__SURF-10;s__SURF-10 sp003605055,blast,96.00,iPHoP-RF;72.60
WATLvirus_00327712,GB_GCA_900539195.1,d__Bacteria;p__Bacillota_A;c__Clostridia;o__Oscillospirales;f__Ruminococcaceae;g__Ruminiclostridium_E;s__Ruminiclostridium_E sp900539195,CRISPR,98.80,None
WATLvirus_00327712,GB_GCA_003512525.1,d__Bacteria;p__Bacillota_A;c__Clostridia;o__Oscillospirales;f__Ruminococcaceae;g__Ruminiclostridium_E;s__Ruminiclostridium_E sp003512525,CRISPR,98.60,None
WATLvirus_00327712,GB_GCA_025150425.1,d__Bacteria;p__Bacillota_A;c__Clostridia;o__Oscillospirales;f__Ruminococcaceae;g__Ruminiclostridium_E;s__Ruminiclostridium_E siraeum,CRISPR,98.50,None
WATLvirus_00327768,RS_GCF_000011085.1,d__Archaea;p__Halobacteriota;c__Halobacteria;o__Halobacteriales;f__Haloarculaceae;g__Haloarcula;s__Haloarcula marismortui,iPHoP-RF,92.80,None
WATLvirus_00327768,RS_GCF_014647415.1,d__Archaea;p__Halobacteriota;c__Halobacteria;o__Halobacteriales;f__Haloarculaceae;g__Haloarcula;s__Haloarcula sebkhae,iPHoP-RF,91.80,None
WATLvirus_00327768,GB_GCA_000336895.1,d__Archaea;p__Halobacteriota;c__Halobacteria;o__Halobacteriales;f__Haloarculaceae;g__Haloarcula;s__Haloarcula argentinensis,iPHoP-RF,91.40,None
WATLvirus_00327768,RS_GCF_000336635.1,d__Archaea;p__Halobacteriota;c__Halobacteria;o__Halobacteriales;f__Haloarculaceae;g__Haloarcula;s__Haloarcula japonica,iPHoP-RF,91.40,None
WATLvirus_00327768,RS_GCF_000337775.1,d__Archaea;p__Halobacteriota;c__Halobacteria;o__Halobacteriales;f__Haloarculaceae;g__Haloarcula;s__Haloarcula vallismortis,iPHoP-RF,90.10,None
WATLvirus_00327781,GB_GCA_002695005.1,d__Bacteria;p__Pseudomonadota;c__Alphaproteobacteria;o__Rhodobacterales;f__Rhodobacteraceae;g__Maritimibacter;s__Maritimibacter sp002695005,blast,92.20,None
WATLvirus_00327843,RS_GCF_022788715.1,d__Bacteria;p__Pseudomonadota;c__Alphaproteobacteria;o__Rhodobacterales;f__Rhodobacteraceae;g__Sulfitobacter;s__Sulfitobacter sp022788715,iPHoP-RF,94.10,None
WATLvirus_00327843,RS_GCF_900113435.1,d__Bacteria;p__Pseudomonadota;c__Alphaproteobacteria;o__Rhodobacterales;f__Rhodobacteraceae;g__Sulfitobacter;s__Sulfitobacter dubius,iPHoP-RF,94.10,None
WATLvirus_00327843,RS_GCF_003611275.1,d__Bacteria;p__Pseudomonadota;c__Alphaproteobacteria;o__Rhodobacterales;f__Rhodobacteraceae;g__Sulfitobacter;s__Sulfitobacter sp001634775,iPHoP-RF,93.40,None
WATLvirus_00327843,GB_GCA_025143985.1,d__Bacteria;p__Pseudomonadota;c__Alphaproteobacteria;o__Rhodobacterales;f__Rhodobacteraceae;g__Sulfitobacter;s__Sulfitobacter sp025143985,iPHoP-RF,93.10,None
WATLvirus_00327950,RS_GCF_019351435.1,d__Bacteria;p__Bacteroidota;c__Bacteroidia;o__Flavobacteriales;f__Flavobacteriaceae;g__Flavobacterium;s__Flavobacterium taihuense,iPHoP-RF,90.80,None
WATLvirus_00328067,GB_GCA_905182455.1,d__Bacteria;p__Pseudomonadota;c__Alphaproteobacteria;o__Rhodobacterales;f__Rhodobacteraceae;g__Planktomarina;s__Planktomarina sp905182455,blast,93.70,None
WATLvirus_00328125,RS_GCF_014648435.1,d__Bacteria;p__Actinomycetota;c__Actinomycetia;o__Streptosporangiales;f__Streptosporangiaceae;g__Nonomuraea;s__Nonomuraea spiralis,iPHoP-RF,91.40,None
WATLvirus_00328372,GB_GCA_018830285.1,d__Bacteria;p__Pseudomonadota;c__Alphaproteobacteria;o__Caulobacterales;f__Hyphomonadaceae;g__Hyphomonas;s__Hyphomonas sp018830285,blast,92.80,iPHoP-RF;63.00
WATLvirus_00328383,bin.184,d__Bacteria;p__Pseudomonadota;c__Gammaproteobacteria;o__Nitrococcales;f__Nitrococcaceae;g__Spiribacter;s__,blast,91.40,None
WATLvirus_00337939,RS_GCF_002355855.1,d__Bacteria;p__Pseudomonadota;c__Alphaproteobacteria;o__Sphingomonadales;f__Sphingomonadaceae;g__Sphingobium;s__Sphingobium cloacae,iPHoP-RF,94.70,None
WATLvirus_00337939,RS_GCF_000264945.2,d__Bacteria;p__Pseudomonadota;c__Alphaproteobacteria;o__Sphingomonadales;f__Sphingomonadaceae;g__Sphingobium;s__Sphingobium indicum,iPHoP-RF,92.40,None
WATLvirus_00337939,RS_GCF_008692605.1,d__Bacteria;p__Pseudomonadota;c__Alphaproteobacteria;o__Sphingomonadales;f__Sphingomonadaceae;g__Sphingobium;s__Sphingobium estronivorans,iPHoP-RF,92.40,None
WATLvirus_00337939,RS_GCF_004152845.1,d__Bacteria;p__Pseudomonadota;c__Alphaproteobacteria;o__Sphingomonadales;f__Sphingomonadaceae;g__Sphingobium;s__Sphingobium fuliginis,iPHoP-RF,92.10,None
WATLvirus_00337939,RS_GCF_000412635.1,d__Bacteria;p__Pseudomonadota;c__Alphaproteobacteria;o__Sphingomonadales;f__Sphingomonadaceae;g__Sphingobium;s__Sphingobium bisphenolivorans,iPHoP-RF,91.80,None
WATLvirus_00337939,RS_GCF_000722875.1,d__Bacteria;p__Pseudomonadota;c__Alphaproteobacteria;o__Sphingomonadales;f__Sphingomonadaceae;g__Sphingobium;s__Sphingobium chlorophenolicum,iPHoP-RF,91.40,None
WATLvirus_00343310,RS_GCF_024494565.1,d__Archaea;p__Halobacteriota;c__Halobacteria;o__Halobacteriales;f__Haloferacaceae;g__Halorubrum;s__Halorubrum rutilum,blast,93.70,None
WATLvirus_00343310,RS_GCF_024498175.1,d__Archaea;p__Halobacteriota;c__Halobacteria;o__Halobacteriales;f__Haloferacaceae;g__Haloplanus;s__Haloplanus salinarum,blast,92.20,iPHoP-RF;67.70
WATLvirus_00381678,RS_GCF_003789055.1,d__Bacteria;p__Pseudomonadota;c__Alphaproteobacteria;o__Rhodobacterales;f__Rhodobacteraceae;g__Oceanicola;s__Oceanicola lentulus,blast,91.80,None
WATLvirus_00381678,RS_GCF_000342045.1,d__Bacteria;p__Pseudomonadota;c__Alphaproteobacteria;o__Rhodospirillales;f__Magnetospirillaceae;g__Phaeospirillum;s__Phaeospirillum caucaseum,blast,90.10,None
