seq_name	length	topology	coordinates	n_genes	genetic_code	virus_score	fdr	n_hallmarks	marker_enrichment	taxonomy
k141_665179	6427	No terminal repeats	NA	10	11	0.9837	NA	1	16.6865	Viruses;Duplodnaviria;Heunggongvirae;Uroviricota;Caudoviricetes
k141_854233	4683	No terminal repeats	NA	8	11	0.9836	NA	2	13.7463	Viruses;Duplodnaviria;Heunggongvirae;Uroviricota;Caudoviricetes
k141_797318	7686	No terminal repeats	NA	13	11	0.9836	NA	2	21.8254	Viruses;Duplodnaviria;Heunggongvirae;Uroviricota;Caudoviricetes
k141_791399	4156	No terminal repeats	NA	7	11	0.9836	NA	1	12.0192	Viruses;Duplodnaviria;Heunggongvirae;Uroviricota;Caudoviricetes
k141_1580647	6137	No terminal repeats	NA	7	11	0.9835	NA	3	12.0230	Viruses;Duplodnaviria;Heunggongvirae;Uroviricota;Caudoviricetes
k141_754980	4990	No terminal repeats	NA	7	11	0.9835	NA	1	11.3790	Viruses;Duplodnaviria;Heunggongvirae;Uroviricota;Caudoviricetes
k141_597835	6321	No terminal repeats	NA	10	11	0.9834	NA	1	16.6670	Viruses;Duplodnaviria;Heunggongvirae;Uroviricota;Caudoviricetes
k141_258545	5323	No terminal repeats	NA	6	11	0.9834	NA	2	10.3097	Viruses;Duplodnaviria;Heunggongvirae;Uroviricota;Caudoviricetes;Autographiviridae
k141_1244379	4993	No terminal repeats	NA	8	11	0.9834	NA	0	13.6867	Viruses;Duplodnaviria;Heunggongvirae;Uroviricota;Caudoviricetes
k141_1618236	4615	No terminal repeats	NA	6	11	0.9834	NA	1	10.0873	Viruses;Duplodnaviria;Heunggongvirae;Uroviricota;Caudoviricetes
k141_1178823	3457	No terminal repeats	NA	8	11	0.9834	NA	2	13.5413	Viruses;Duplodnaviria;Heunggongvirae;Uroviricota;Caudoviricetes
k141_1324392	6023	No terminal repeats	NA	11	11	0.9834	NA	2	17.6332	Viruses;Duplodnaviria;Heunggongvirae;Uroviricota;Caudoviricetes
k141_7703	3807	No terminal repeats	NA	6	11	0.9834	NA	2	10.3007	Viruses;Duplodnaviria;Heunggongvirae;Uroviricota;Caudoviricetes
k141_972097	5549	No terminal repeats	NA	13	11	0.9833	NA	0	19.4577	Viruses;Duplodnaviria;Heunggongvirae;Uroviricota;Caudoviricetes
k141_1367475	4872	No terminal repeats	NA	7	11	0.9833	NA	0	12.0280	Viruses;Duplodnaviria;Heunggongvirae;Uroviricota;Caudoviricetes
k141_472059	6020	No terminal repeats	NA	10	11	0.9833	NA	1	14.6150	Viruses;Duplodnaviria;Heunggongvirae;Uroviricota;Caudoviricetes
k141_529553	4809	No terminal repeats	NA	5	11	0.9833	NA	0	8.5914	Viruses;Duplodnaviria;Heunggongvirae;Uroviricota;Caudoviricetes
k141_396715	4422	No terminal repeats	NA	7	11	0.9833	NA	0	12.0280	Viruses;Duplodnaviria;Heunggongvirae;Uroviricota;Caudoviricetes
k141_208105	4363	No terminal repeats	NA	5	11	0.9833	NA	1	8.3749	Viruses;Duplodnaviria;Heunggongvirae;Uroviricota;Caudoviricetes
k141_816717	6407	No terminal repeats	NA	6	11	0.9833	NA	1	10.3097	Viruses;Duplodnaviria;Heunggongvirae;Uroviricota;Caudoviricetes
k141_258895	7245	No terminal repeats	NA	12	11	0.9833	NA	0	20.3193	Viruses;Duplodnaviria;Heunggongvirae;Uroviricota;Caudoviricetes
k141_458618	5805	No terminal repeats	NA	8	11	0.9833	NA	2	12.4711	Viruses;Duplodnaviria;Heunggongvirae;Uroviricota;Caudoviricetes
k141_1664435	5756	No terminal repeats	NA	8	11	0.9833	NA	2	11.4317	Viruses;Duplodnaviria;Heunggongvirae;Uroviricota;Caudoviricetes;Autographiviridae
k141_109561	7314	No terminal repeats	NA	10	11	0.9832	NA	2	13.4610	Viruses;Duplodnaviria;Heunggongvirae;Uroviricota;Caudoviricetes
k141_1227012	8255	No terminal repeats	NA	9	11	0.9832	NA	7	15.4009	Viruses;Duplodnaviria;Heunggongvirae;Uroviricota;Caudoviricetes
k141_1784575	3706	No terminal repeats	NA	6	11	0.9832	NA	2	10.2899	Viruses;Duplodnaviria;Heunggongvirae;Uroviricota;Caudoviricetes
k141_1662341	4377	No terminal repeats	NA	9	11	0.9832	NA	0	14.7572	Viruses;Duplodnaviria;Heunggongvirae;Uroviricota;Caudoviricetes
k141_1165606	5873	No terminal repeats	NA	5	11	0.9832	NA	2	8.5914	Viruses;Duplodnaviria;Heunggongvirae;Uroviricota;Caudoviricetes
k141_1760782	4034	No terminal repeats	NA	7	11	0.9832	NA	1	11.2610	Viruses
k141_505671	4984	No terminal repeats	NA	8	11	0.9832	NA	1	11.8406	Viruses;Duplodnaviria;Heunggongvirae;Uroviricota;Caudoviricetes
k141_904403	6942	No terminal repeats	NA	10	11	0.9832	NA	2	16.5928	Viruses;Duplodnaviria;Heunggongvirae;Uroviricota;Caudoviricetes
k141_211953	3937	No terminal repeats	NA	5	11	0.9832	NA	0	8.5859	Viruses;Duplodnaviria;Heunggongvirae;Uroviricota;Caudoviricetes
k141_931897	5287	No terminal repeats	NA	9	11	0.9832	NA	1	15.1504	Viruses;Duplodnaviria;Heunggongvirae;Uroviricota;Caudoviricetes
k141_981815	5503	No terminal repeats	NA	5	11	0.9831	NA	2	8.5914	Viruses;Duplodnaviria;Heunggongvirae;Uroviricota;Caudoviricetes
k141_1511895	6135	No terminal repeats	NA	10	11	0.9831	NA	3	16.5703	Viruses;Duplodnaviria;Heunggongvirae;Uroviricota;Caudoviricetes
k141_360673	6148	No terminal repeats	NA	8	11	0.9831	NA	4	13.7463	Viruses;Duplodnaviria;Heunggongvirae;Uroviricota;Caudoviricetes
k141_987552	5357	No terminal repeats	NA	7	11	0.9831	NA	0	10.5836	Viruses;Duplodnaviria;Heunggongvirae;Uroviricota;Caudoviricetes
k141_1684351	5355	No terminal repeats	NA	11	11	0.9831	NA	1	15.4645	Viruses;Duplodnaviria;Heunggongvirae;Uroviricota;Caudoviricetes
k141_1043335	5724	No terminal repeats	NA	7	11	0.9831	NA	0	12.0263	Viruses;Duplodnaviria;Heunggongvirae;Uroviricota;Caudoviricetes
k141_548120	6863	No terminal repeats	NA	9	11	0.9831	NA	2	15.2285	Viruses;Duplodnaviria;Heunggongvirae;Uroviricota;Caudoviricetes
k141_1396783	6048	No terminal repeats	NA	7	11	0.9831	NA	5	11.7742	Viruses;Duplodnaviria;Heunggongvirae;Uroviricota;Caudoviricetes
k141_814415	8088	No terminal repeats	NA	10	11	0.9831	NA	3	14.6313	Viruses;Duplodnaviria;Heunggongvirae;Uroviricota;Caudoviricetes
k141_236416	6304	No terminal repeats	NA	8	11	0.9831	NA	0	11.4714	Viruses;Duplodnaviria;Heunggongvirae;Uroviricota;Caudoviricetes
k141_998626	4366	No terminal repeats	NA	8	11	0.9831	NA	1	13.2293	Viruses;Duplodnaviria;Heunggongvirae;Uroviricota;Caudoviricetes
k141_495130	5814	No terminal repeats	NA	9	11	0.9831	NA	2	11.7618	Viruses;Duplodnaviria;Heunggongvirae;Uroviricota;Caudoviricetes
k141_940966	3999	No terminal repeats	NA	6	11	0.9831	NA	0	9.3973	Viruses;Duplodnaviria;Heunggongvirae;Uroviricota;Caudoviricetes
k141_1902151	5628	No terminal repeats	NA	10	11	0.9831	NA	0	14.6747	Viruses;Duplodnaviria;Heunggongvirae;Uroviricota;Caudoviricetes
k141_1477945	3966	No terminal repeats	NA	9	11	0.9831	NA	2	14.3860	Viruses;Duplodnaviria;Heunggongvirae;Uroviricota;Caudoviricetes
k141_563585	4144	No terminal repeats	NA	8	11	0.9831	NA	2	13.7463	Viruses;Duplodnaviria;Heunggongvirae;Uroviricota;Caudoviricetes
k141_180921	5026	No terminal repeats	NA	6	11	0.9831	NA	1	8.5914	Viruses;Duplodnaviria;Heunggongvirae;Uroviricota;Caudoviricetes
k141_1718649	6506	No terminal repeats	NA	6	11	0.9831	NA	1	10.1602	Viruses;Duplodnaviria;Heunggongvirae;Uroviricota;Caudoviricetes
k141_1041347	3648	No terminal repeats	NA	5	11	0.9830	NA	1	8.3601	Viruses;Duplodnaviria;Heunggongvirae;Uroviricota;Caudoviricetes
k141_67294	4030	No terminal repeats	NA	5	11	0.9830	NA	0	8.5914	Viruses;Duplodnaviria;Heunggongvirae;Uroviricota;Caudoviricetes
k141_342801	3931	No terminal repeats	NA	5	11	0.9830	NA	2	8.5914	Viruses;Duplodnaviria;Heunggongvirae;Uroviricota;Caudoviricetes
k141_1559736	7043	No terminal repeats	NA	9	11	0.9830	NA	5	11.9968	Viruses;Duplodnaviria;Heunggongvirae;Uroviricota;Caudoviricetes
k141_212562	5536	No terminal repeats	NA	7	15	0.9830	NA	0	10.0842	Viruses;Duplodnaviria;Heunggongvirae;Uroviricota;Caudoviricetes
k141_1547496	3543	No terminal repeats	NA	7	11	0.9830	NA	1	10.3097	Viruses;Duplodnaviria;Heunggongvirae;Uroviricota;Caudoviricetes
k141_37553	5527	DTR	NA	8	11	0.9830	NA	2	12.0280	Viruses;Monodnaviria;Sangervirae;Phixviricota;Malgrandaviricetes;Petitvirales;Microviridae
k141_616093	6082	No terminal repeats	NA	5	11	0.9830	NA	0	8.2378	Viruses;Duplodnaviria;Heunggongvirae;Uroviricota;Caudoviricetes
k141_873787	4921	No terminal repeats	NA	11	11	0.9830	NA	2	15.9077	Viruses;Duplodnaviria;Heunggongvirae;Uroviricota;Caudoviricetes
k141_1369218	4325	No terminal repeats	NA	7	11	0.9830	NA	3	11.8305	Viruses;Duplodnaviria;Heunggongvirae;Uroviricota;Caudoviricetes
k141_1376258	4227	No terminal repeats	NA	8	11	0.9830	NA	0	13.4828	Viruses;Duplodnaviria;Heunggongvirae;Uroviricota;Caudoviricetes
k141_642408	5753	No terminal repeats	NA	6	11	0.9830	NA	0	7.9720	Viruses;Duplodnaviria;Heunggongvirae;Uroviricota;Caudoviricetes
k141_583414	8708	No terminal repeats	NA	9	11	0.9830	NA	5	15.4531	Viruses;Duplodnaviria;Heunggongvirae;Uroviricota;Caudoviricetes;Autographiviridae
k141_1485864	6593	No terminal repeats	NA	5	11	0.9830	NA	0	8.4316	Viruses;Duplodnaviria;Heunggongvirae;Uroviricota;Caudoviricetes
k141_1960437	5781	No terminal repeats	NA	12	11	0.9829	NA	1	20.4321	Viruses;Duplodnaviria;Heunggongvirae;Uroviricota;Caudoviricetes
k141_901717	9696	No terminal repeats	NA	15	11	0.9829	NA	2	21.6189	Viruses;Duplodnaviria;Heunggongvirae;Uroviricota;Caudoviricetes
k141_648680	5942	No terminal repeats	NA	8	11	0.9829	NA	4	13.7463	Viruses;Duplodnaviria;Heunggongvirae;Uroviricota;Caudoviricetes;Autographiviridae
k141_91122	5527	DTR	NA	8	11	0.9829	NA	3	12.0280	Viruses;Monodnaviria;Sangervirae;Phixviricota;Malgrandaviricetes;Petitvirales;Microviridae
k141_1520470	3947	No terminal repeats	NA	5	11	0.9829	NA	2	8.5774	Viruses;Duplodnaviria;Heunggongvirae;Uroviricota;Caudoviricetes
k141_514961	9923	No terminal repeats	NA	6	11	0.9829	NA	0	8.5664	Viruses;Duplodnaviria;Heunggongvirae;Uroviricota;Caudoviricetes
k141_368277	3987	No terminal repeats	NA	6	11	0.9829	NA	1	9.6491	Viruses;Duplodnaviria;Heunggongvirae;Uroviricota;Caudoviricetes
k141_552577	4589	No terminal repeats	NA	10	11	0.9829	NA	3	16.9816	Viruses;Duplodnaviria;Heunggongvirae;Uroviricota;Caudoviricetes
k141_679636	4603	No terminal repeats	NA	10	11	0.9829	NA	4	17.1507	Viruses;Duplodnaviria;Heunggongvirae;Uroviricota;Caudoviricetes
k141_490048	5686	No terminal repeats	NA	7	11	0.9829	NA	2	10.3097	Viruses;Duplodnaviria;Heunggongvirae;Uroviricota;Caudoviricetes;Zobellviridae
k141_214639	7983	No terminal repeats	NA	9	11	0.9829	NA	2	11.2103	Viruses;Duplodnaviria;Heunggongvirae;Uroviricota;Caudoviricetes
k141_366876	5527	DTR	NA	8	11	0.9829	NA	2	12.0280	Viruses;Monodnaviria;Sangervirae;Phixviricota;Malgrandaviricetes;Petitvirales;Microviridae
k141_263334	6769	No terminal repeats	NA	8	11	0.9829	NA	2	10.3097	Viruses;Duplodnaviria;Heunggongvirae;Uroviricota;Caudoviricetes
k141_1522999	4030	No terminal repeats	NA	7	11	0.9829	NA	0	10.3037	Viruses;Duplodnaviria;Heunggongvirae;Uroviricota;Caudoviricetes
k141_395264	6218	No terminal repeats	NA	6	11	0.9829	NA	3	9.9208	Viruses;Duplodnaviria;Heunggongvirae;Uroviricota;Caudoviricetes;Autographiviridae
k141_1353078	3557	No terminal repeats	NA	7	11	0.9829	NA	3	11.7391	Viruses;Duplodnaviria;Heunggongvirae;Uroviricota;Caudoviricetes
k141_465103	4208	No terminal repeats	NA	10	11	0.9829	NA	2	13.5507	Viruses;Duplodnaviria;Heunggongvirae;Uroviricota;Caudoviricetes
k141_901523	4813	No terminal repeats	NA	8	11	0.9829	NA	0	11.2077	Viruses;Duplodnaviria;Heunggongvirae;Uroviricota;Caudoviricetes
k141_958723	7517	No terminal repeats	NA	13	11	0.9829	NA	1	18.2434	Viruses;Duplodnaviria;Heunggongvirae;Uroviricota;Caudoviricetes
k141_1391480	3756	No terminal repeats	NA	5	11	0.9829	NA	0	8.2005	Viruses;Duplodnaviria;Heunggongvirae;Uroviricota;Caudoviricetes
k141_220939	5615	No terminal repeats	NA	7	11	0.9829	NA	1	10.3097	Viruses;Duplodnaviria;Heunggongvirae;Uroviricota;Caudoviricetes;Zobellviridae
k141_1681280	4779	No terminal repeats	NA	9	11	0.9829	NA	3	13.1745	Viruses;Duplodnaviria;Heunggongvirae;Uroviricota;Caudoviricetes;Autographiviridae
k141_949533	4806	No terminal repeats	NA	7	11	0.9829	NA	2	9.6636	Viruses;Duplodnaviria;Heunggongvirae;Uroviricota;Caudoviricetes
k141_1918972	6097	No terminal repeats	NA	13	11	0.9829	NA	1	16.0855	Viruses;Duplodnaviria;Heunggongvirae;Uroviricota;Caudoviricetes
k141_618765	5527	DTR	NA	8	11	0.9828	NA	2	12.0280	Viruses;Monodnaviria;Sangervirae;Phixviricota;Malgrandaviricetes;Petitvirales;Microviridae
k141_158452	5563	No terminal repeats	NA	9	11	0.9828	NA	1	13.7463	Viruses;Duplodnaviria;Heunggongvirae;Uroviricota;Caudoviricetes
k141_95299	4109	No terminal repeats	NA	7	11	0.9828	NA	2	11.9454	Viruses;Duplodnaviria;Heunggongvirae;Uroviricota;Caudoviricetes
k141_43778	3800	No terminal repeats	NA	6	11	0.9828	NA	2	10.0145	Viruses;Duplodnaviria;Heunggongvirae;Uroviricota;Caudoviricetes
k141_1291299	6006	No terminal repeats	NA	11	11	0.9828	NA	5	14.8970	Viruses;Duplodnaviria;Heunggongvirae;Uroviricota;Caudoviricetes
k141_1958917	4371	No terminal repeats	NA	6	11	0.9828	NA	3	10.3018	Viruses;Duplodnaviria;Heunggongvirae;Uroviricota;Caudoviricetes
k141_346558	5527	DTR	NA	8	11	0.9828	NA	2	12.0280	Viruses;Monodnaviria;Sangervirae;Phixviricota;Malgrandaviricetes;Petitvirales;Microviridae
k141_788698	7166	No terminal repeats	NA	7	11	0.9828	NA	0	8.5293	Viruses;Duplodnaviria;Heunggongvirae;Uroviricota;Caudoviricetes
k141_771950	3634	No terminal repeats	NA	7	11	0.9828	NA	1	12.0280	Viruses;Duplodnaviria;Heunggongvirae;Uroviricota;Caudoviricetes
k141_434383	4197	No terminal repeats	NA	11	11	0.9828	NA	5	16.5387	Viruses;Duplodnaviria;Heunggongvirae;Uroviricota;Caudoviricetes
k141_848591	5352	No terminal repeats	NA	8	11	0.9828	NA	1	11.7161	Viruses;Duplodnaviria;Heunggongvirae;Uroviricota;Caudoviricetes
k141_189781	8201	No terminal repeats	NA	15	11	0.9828	NA	1	16.1287	Viruses;Duplodnaviria;Heunggongvirae;Uroviricota;Caudoviricetes
k141_293485	4257	No terminal repeats	NA	5	11	0.9828	NA	2	8.5914	Viruses;Duplodnaviria;Heunggongvirae;Uroviricota;Caudoviricetes
k141_1443625	4923	No terminal repeats	NA	9	11	0.9828	NA	1	11.5845	Viruses;Duplodnaviria;Heunggongvirae;Uroviricota;Caudoviricetes
k141_696506	8374	No terminal repeats	NA	11	11	0.9828	NA	1	15.2592	Viruses;Duplodnaviria;Heunggongvirae;Uroviricota;Caudoviricetes
k141_248068	3679	No terminal repeats	NA	6	11	0.9828	NA	0	10.0369	Viruses;Duplodnaviria;Heunggongvirae;Uroviricota;Caudoviricetes
k141_1658013	5097	No terminal repeats	NA	10	11	0.9828	NA	2	17.1304	Viruses;Duplodnaviria;Heunggongvirae;Uroviricota;Caudoviricetes
k141_7627	6931	No terminal repeats	NA	8	11	0.9828	NA	2	11.3753	Viruses;Duplodnaviria;Heunggongvirae;Uroviricota;Caudoviricetes
k141_752473	6149	No terminal repeats	NA	8	11	0.9828	NA	1	11.5535	Viruses;Duplodnaviria;Heunggongvirae;Uroviricota;Caudoviricetes
k141_1051040	4085	No terminal repeats	NA	5	11	0.9828	NA	1	8.5896	Viruses;Duplodnaviria;Heunggongvirae;Uroviricota;Caudoviricetes
k141_1177785	4551	No terminal repeats	NA	6	11	0.9827	NA	3	8.4322	Viruses;Duplodnaviria;Heunggongvirae;Uroviricota;Caudoviricetes
k141_1391697	3871	No terminal repeats	NA	7	11	0.9827	NA	2	8.3843	Viruses;Duplodnaviria;Heunggongvirae;Uroviricota;Caudoviricetes;Autographiviridae
k141_11084	4273	No terminal repeats	NA	10	11	0.9827	NA	0	13.5114	Viruses;Duplodnaviria;Heunggongvirae;Uroviricota;Caudoviricetes
k141_716652	3721	No terminal repeats	NA	6	11	0.9827	NA	3	7.8592	Viruses;Duplodnaviria;Heunggongvirae;Uroviricota;Caudoviricetes
k141_338723	9004	No terminal repeats	NA	12	11	0.9827	NA	4	17.7073	Viruses;Duplodnaviria;Heunggongvirae;Uroviricota;Caudoviricetes
k141_1204070	8562	No terminal repeats	NA	18	11	0.9827	NA	1	26.4637	Viruses;Duplodnaviria;Heunggongvirae;Uroviricota;Caudoviricetes
k141_798653	5527	DTR	NA	8	11	0.9827	NA	2	12.0280	Viruses;Monodnaviria;Sangervirae;Phixviricota;Malgrandaviricetes;Petitvirales;Microviridae
k141_1939977	3741	No terminal repeats	NA	7	11	0.9827	NA	1	11.9153	Viruses;Duplodnaviria;Heunggongvirae;Uroviricota;Caudoviricetes
k141_694174	6371	No terminal repeats	NA	9	11	0.9827	NA	0	13.5945	Viruses;Duplodnaviria;Heunggongvirae;Uroviricota;Caudoviricetes
k141_1565352	6324	No terminal repeats	NA	11	11	0.9827	NA	2	12.0280	Viruses;Duplodnaviria;Heunggongvirae;Uroviricota;Caudoviricetes
k141_1198469	7972	No terminal repeats	NA	10	11	0.9827	NA	1	11.4792	Viruses;Duplodnaviria;Heunggongvirae;Uroviricota;Caudoviricetes
k141_903659	7385	No terminal repeats	NA	12	11	0.9827	NA	2	19.5293	Viruses;Duplodnaviria;Heunggongvirae;Uroviricota;Caudoviricetes
k141_29752	4409	No terminal repeats	NA	10	11	0.9827	NA	1	16.3171	Viruses;Duplodnaviria;Heunggongvirae;Uroviricota;Caudoviricetes
k141_282496	25296	No terminal repeats	NA	23	11	0.9827	NA	6	28.7791	Viruses;Duplodnaviria;Heunggongvirae;Uroviricota;Caudoviricetes;Autographiviridae
k141_199073	7752	No terminal repeats	NA	8	11	0.9827	NA	1	13.4458	Viruses;Duplodnaviria;Heunggongvirae;Uroviricota;Caudoviricetes
k141_1026453	6133	No terminal repeats	NA	7	11	0.9827	NA	2	9.3803	Viruses;Duplodnaviria;Heunggongvirae;Uroviricota;Caudoviricetes
k141_1396898	3953	No terminal repeats	NA	9	11	0.9827	NA	3	11.8508	Viruses;Duplodnaviria;Heunggongvirae;Uroviricota;Caudoviricetes
k141_1529899	7131	No terminal repeats	NA	9	11	0.9827	NA	4	13.6437	Viruses;Duplodnaviria;Heunggongvirae;Uroviricota;Caudoviricetes
k141_410638	5527	DTR	NA	8	11	0.9826	NA	3	12.0280	Viruses;Monodnaviria;Sangervirae;Phixviricota;Malgrandaviricetes;Petitvirales;Microviridae
k141_975034	4780	No terminal repeats	NA	14	11	0.9826	NA	0	24.0293	Viruses;Duplodnaviria;Heunggongvirae;Uroviricota;Caudoviricetes
k141_1551187	7512	No terminal repeats	NA	13	11	0.9826	NA	1	20.5853	Viruses;Duplodnaviria;Heunggongvirae;Uroviricota;Caudoviricetes
k141_1818033	9331	No terminal repeats	NA	12	11	0.9826	NA	1	18.8407	Unclassified
k141_101460	6532	No terminal repeats	NA	8	11	0.9826	NA	0	11.0976	Viruses;Duplodnaviria;Heunggongvirae;Uroviricota;Caudoviricetes;Demerecviridae
k141_1716175	5580	No terminal repeats	NA	9	11	0.9826	NA	2	14.7335	Viruses;Duplodnaviria;Heunggongvirae;Uroviricota;Caudoviricetes
k141_1539571	5707	No terminal repeats	NA	6	11	0.9826	NA	2	9.8112	Viruses;Duplodnaviria;Heunggongvirae;Uroviricota;Caudoviricetes
k141_819750	5758	No terminal repeats	NA	6	11	0.9826	NA	3	9.9208	Viruses;Duplodnaviria;Heunggongvirae;Uroviricota;Caudoviricetes;Autographiviridae
k141_1558249	5008	No terminal repeats	NA	8	11	0.9826	NA	2	12.0280	Viruses;Duplodnaviria;Heunggongvirae;Uroviricota;Caudoviricetes
k141_1174080	7692	No terminal repeats	NA	13	11	0.9826	NA	2	20.8574	Viruses;Duplodnaviria;Heunggongvirae;Uroviricota;Caudoviricetes
k141_319001	5227	No terminal repeats	NA	6	11	0.9826	NA	0	6.8110	Viruses;Duplodnaviria;Heunggongvirae;Uroviricota;Caudoviricetes
k141_1029984	4774	No terminal repeats	NA	6	11	0.9826	NA	2	9.7137	Viruses;Duplodnaviria;Heunggongvirae;Uroviricota;Caudoviricetes;Autographiviridae
k141_595847	4517	No terminal repeats	NA	15	11	0.9826	NA	1	18.7583	Viruses;Duplodnaviria;Heunggongvirae;Uroviricota;Caudoviricetes
k141_1637619	6580	No terminal repeats	NA	8	11	0.9826	NA	2	11.9023	Viruses;Duplodnaviria;Heunggongvirae;Uroviricota;Caudoviricetes
k141_1171430	3667	No terminal repeats	NA	11	11	0.9826	NA	0	17.1726	Viruses;Duplodnaviria;Heunggongvirae;Uroviricota;Caudoviricetes
k141_201765	7124	No terminal repeats	NA	9	11	0.9826	NA	5	13.7463	Viruses;Duplodnaviria;Heunggongvirae;Uroviricota;Caudoviricetes
k141_1262850	3886	No terminal repeats	NA	7	11	0.9826	NA	2	12.0023	Viruses;Duplodnaviria;Heunggongvirae;Uroviricota;Caudoviricetes
k141_69463	4154	No terminal repeats	NA	5	11	0.9826	NA	0	8.4198	Viruses;Duplodnaviria;Heunggongvirae;Uroviricota;Caudoviricetes
k141_719666	5366	No terminal repeats	NA	8	11	0.9825	NA	0	13.5752	Viruses;Duplodnaviria;Heunggongvirae;Uroviricota;Caudoviricetes
k141_544874	5298	No terminal repeats	NA	9	11	0.9825	NA	1	11.5694	Viruses;Duplodnaviria;Heunggongvirae;Uroviricota;Caudoviricetes
k141_351846	4905	No terminal repeats	NA	7	11	0.9825	NA	2	10.3097	Viruses;Duplodnaviria;Heunggongvirae;Uroviricota;Caudoviricetes
k141_110566	3619	No terminal repeats	NA	7	11	0.9825	NA	1	11.5821	Viruses;Duplodnaviria;Heunggongvirae;Uroviricota;Caudoviricetes
k141_719283	5061	No terminal repeats	NA	5	11	0.9825	NA	2	8.1887	Viruses;Duplodnaviria;Heunggongvirae;Uroviricota;Caudoviricetes
k141_1241614	28416	No terminal repeats	NA	28	11	0.9825	NA	5	41.5692	Viruses;Duplodnaviria;Heunggongvirae;Uroviricota;Caudoviricetes
k141_23321	4361	No terminal repeats	NA	8	11	0.9825	NA	0	11.3347	Viruses;Duplodnaviria;Heunggongvirae;Uroviricota;Caudoviricetes
k141_1137675	3986	No terminal repeats	NA	5	11	0.9825	NA	0	7.5635	Viruses;Duplodnaviria;Heunggongvirae;Uroviricota;Caudoviricetes
k141_299405	3878	No terminal repeats	NA	7	11	0.9825	NA	0	9.8373	Viruses;Duplodnaviria;Heunggongvirae;Uroviricota;Caudoviricetes
k141_138629	5299	No terminal repeats	NA	7	11	0.9825	NA	1	10.3097	Viruses;Duplodnaviria;Heunggongvirae;Uroviricota;Caudoviricetes;Zobellviridae
k141_1182494	5312	No terminal repeats	NA	10	11	0.9825	NA	1	15.9627	Viruses;Duplodnaviria;Heunggongvirae;Uroviricota;Caudoviricetes
k141_66523	5166	No terminal repeats	NA	7	11	0.9825	NA	0	12.0280	Viruses;Duplodnaviria;Heunggongvirae;Uroviricota;Caudoviricetes
k141_664846	6285	No terminal repeats	NA	7	11	0.9825	NA	2	10.0532	Viruses;Duplodnaviria;Heunggongvirae;Uroviricota;Caudoviricetes;Kyanoviridae
k141_1126883	7137	No terminal repeats	NA	11	11	0.9825	NA	7	16.7706	Viruses;Duplodnaviria;Heunggongvirae;Uroviricota;Caudoviricetes
k141_1060332	9254	No terminal repeats	NA	15	11	0.9825	NA	1	22.8544	Viruses;Duplodnaviria;Heunggongvirae;Uroviricota;Caudoviricetes
k141_541006	6342	No terminal repeats	NA	5	11	0.9825	NA	1	8.5914	Viruses;Duplodnaviria;Heunggongvirae;Uroviricota;Caudoviricetes
k141_333259	4279	No terminal repeats	NA	12	11	0.9825	NA	1	20.5100	Viruses;Duplodnaviria;Heunggongvirae;Uroviricota;Caudoviricetes
k141_93275	6342	No terminal repeats	NA	10	11	0.9825	NA	2	11.7618	Viruses;Duplodnaviria;Heunggongvirae;Uroviricota;Caudoviricetes
k141_1224042	4528	No terminal repeats	NA	10	11	0.9825	NA	1	14.8402	Viruses;Duplodnaviria;Heunggongvirae;Uroviricota;Caudoviricetes
k141_295667	8875	No terminal repeats	NA	12	11	0.9824	NA	1	15.1858	Viruses;Duplodnaviria;Heunggongvirae;Uroviricota;Caudoviricetes
k141_977916	6503	No terminal repeats	NA	9	11	0.9824	NA	2	15.4371	Viruses;Duplodnaviria;Heunggongvirae;Uroviricota;Caudoviricetes
k141_660666	8301	No terminal repeats	NA	11	11	0.9824	NA	3	18.3828	Viruses;Duplodnaviria;Heunggongvirae;Uroviricota;Caudoviricetes
k141_97964	4472	No terminal repeats	NA	11	11	0.9824	NA	2	11.9915	Viruses;Duplodnaviria;Heunggongvirae;Uroviricota;Caudoviricetes
k141_1532460	3861	No terminal repeats	NA	6	11	0.9824	NA	0	8.5554	Viruses;Duplodnaviria;Heunggongvirae;Uroviricota;Caudoviricetes
k141_1299850	4550	No terminal repeats	NA	6	11	0.9824	NA	2	8.5835	Viruses;Duplodnaviria;Heunggongvirae;Uroviricota;Caudoviricetes
k141_464890	5647	No terminal repeats	NA	5	11	0.9824	NA	2	8.5864	Viruses;Duplodnaviria;Heunggongvirae;Uroviricota;Caudoviricetes
k141_1587833	5910	No terminal repeats	NA	11	11	0.9824	NA	1	14.5779	Viruses;Duplodnaviria;Heunggongvirae;Uroviricota;Caudoviricetes
k141_515075	3877	No terminal repeats	NA	7	11	0.9824	NA	3	12.0280	Viruses;Duplodnaviria;Heunggongvirae;Uroviricota;Caudoviricetes
k141_1224376	4796	No terminal repeats	NA	6	11	0.9824	NA	1	9.8652	Viruses;Duplodnaviria;Heunggongvirae;Uroviricota;Caudoviricetes
k141_30346	6744	No terminal repeats	NA	7	11	0.9824	NA	1	8.5914	Viruses;Duplodnaviria;Heunggongvirae;Uroviricota;Caudoviricetes
k141_1093949	6373	No terminal repeats	NA	8	11	0.9824	NA	1	12.0280	Viruses;Duplodnaviria;Heunggongvirae;Uroviricota;Caudoviricetes
k141_931756	5873	No terminal repeats	NA	5	11	0.9824	NA	1	7.3767	Viruses;Duplodnaviria;Heunggongvirae;Uroviricota;Caudoviricetes
k141_1175259	5108	No terminal repeats	NA	7	11	0.9824	NA	0	10.0314	Viruses;Duplodnaviria;Heunggongvirae;Uroviricota;Caudoviricetes
k141_926533	7969	No terminal repeats	NA	5	11	0.9824	NA	1	8.4043	Viruses;Duplodnaviria;Heunggongvirae;Uroviricota;Caudoviricetes
k141_1922324	3780	No terminal repeats	NA	7	11	0.9824	NA	1	9.4435	Viruses;Duplodnaviria;Heunggongvirae;Uroviricota;Caudoviricetes
k141_861695	5924	No terminal repeats	NA	7	11	0.9823	NA	1	9.0949	Viruses;Duplodnaviria;Heunggongvirae;Uroviricota;Caudoviricetes
k141_1149487	3667	No terminal repeats	NA	5	11	0.9823	NA	1	7.9624	Viruses;Duplodnaviria;Heunggongvirae;Uroviricota;Caudoviricetes
k141_134401	8169	No terminal repeats	NA	9	11	0.9823	NA	1	12.0148	Viruses;Duplodnaviria;Heunggongvirae;Uroviricota;Caudoviricetes
k141_1288113	5660	No terminal repeats	NA	7	11	0.9823	NA	1	9.6732	Viruses;Duplodnaviria;Heunggongvirae;Uroviricota;Caudoviricetes
k141_648662	4115	No terminal repeats	NA	6	11	0.9823	NA	1	10.3097	Viruses;Duplodnaviria;Heunggongvirae;Uroviricota;Caudoviricetes
k141_555393	3548	No terminal repeats	NA	5	11	0.9823	NA	0	6.8701	Viruses;Duplodnaviria;Heunggongvirae;Uroviricota;Caudoviricetes;Autographiviridae
k141_558397	4016	No terminal repeats	NA	5	11	0.9823	NA	2	6.8681	Viruses;Duplodnaviria;Heunggongvirae;Uroviricota;Caudoviricetes
k141_84820	5524	No terminal repeats	NA	17	11	0.9823	NA	1	25.7449	Viruses;Duplodnaviria;Heunggongvirae;Uroviricota;Caudoviricetes
k141_145338	4478	No terminal repeats	NA	7	11	0.9823	NA	1	10.1148	Viruses;Duplodnaviria;Heunggongvirae;Uroviricota;Caudoviricetes
k141_1216883	5078	No terminal repeats	NA	9	11	0.9823	NA	1	14.4349	Viruses;Duplodnaviria;Heunggongvirae;Uroviricota;Caudoviricetes
k141_171943	4962	No terminal repeats	NA	5	11	0.9823	NA	1	8.5914	Viruses;Duplodnaviria;Heunggongvirae;Uroviricota;Caudoviricetes;Schitoviridae
k141_396192	4856	No terminal repeats	NA	6	11	0.9823	NA	3	10.2461	Viruses;Duplodnaviria;Heunggongvirae;Uroviricota;Caudoviricetes
k141_949232	3657	No terminal repeats	NA	5	11	0.9823	NA	2	6.6530	Viruses;Duplodnaviria;Heunggongvirae;Uroviricota;Caudoviricetes
k141_267016	7847	No terminal repeats	NA	10	11	0.9823	NA	3	16.2361	Viruses;Duplodnaviria;Heunggongvirae;Uroviricota;Caudoviricetes
k141_202576	5599	No terminal repeats	NA	7	11	0.9823	NA	2	9.9955	Viruses;Duplodnaviria;Heunggongvirae;Uroviricota;Caudoviricetes
k141_372749	4809	No terminal repeats	NA	9	11	0.9823	NA	3	12.8612	Viruses;Duplodnaviria;Heunggongvirae;Uroviricota;Caudoviricetes
k141_952923	6793	No terminal repeats	NA	7	11	0.9823	NA	2	11.8640	Viruses;Duplodnaviria;Heunggongvirae;Uroviricota;Caudoviricetes
k141_262183	3951	No terminal repeats	NA	7	11	0.9823	NA	1	8.1163	Viruses;Duplodnaviria;Heunggongvirae;Uroviricota;Caudoviricetes
k141_1670183	4065	No terminal repeats	NA	8	11	0.9822	NA	1	11.2044	Viruses;Duplodnaviria;Heunggongvirae;Uroviricota;Caudoviricetes
k141_764744	6830	No terminal repeats	NA	7	11	0.9822	NA	1	11.5061	Viruses;Duplodnaviria;Heunggongvirae;Uroviricota;Caudoviricetes
k141_268304	4476	No terminal repeats	NA	11	11	0.9822	NA	2	12.7423	Viruses;Duplodnaviria;Heunggongvirae;Uroviricota;Caudoviricetes
k141_853316	4321	No terminal repeats	NA	6	11	0.9822	NA	0	8.9812	Viruses;Duplodnaviria;Heunggongvirae;Uroviricota;Caudoviricetes
k141_383621	5527	DTR	NA	8	11	0.9822	NA	2	10.3097	Viruses;Monodnaviria;Sangervirae;Phixviricota;Malgrandaviricetes;Petitvirales;Microviridae
k141_230464	4159	No terminal repeats	NA	15	11	0.9822	NA	0	20.0709	Viruses;Duplodnaviria;Heunggongvirae;Uroviricota;Caudoviricetes
k141_1992881	5527	DTR	NA	8	11	0.9822	NA	2	10.3097	Viruses;Monodnaviria;Sangervirae;Phixviricota;Malgrandaviricetes;Petitvirales;Microviridae
k141_120088	6244	No terminal repeats	NA	6	11	0.9822	NA	1	8.0882	Viruses;Duplodnaviria;Heunggongvirae;Uroviricota;Caudoviricetes
k141_1733605	6752	No terminal repeats	NA	10	11	0.9822	NA	2	15.2643	Viruses;Duplodnaviria;Heunggongvirae;Uroviricota;Caudoviricetes
k141_1831238	9776	No terminal repeats	NA	11	11	0.9822	NA	4	17.6946	Viruses;Duplodnaviria;Heunggongvirae;Uroviricota;Caudoviricetes
k141_1421961	5279	No terminal repeats	NA	5	11	0.9822	NA	1	5.9496	Viruses;Duplodnaviria;Heunggongvirae;Uroviricota;Caudoviricetes
k141_1689721	5764	No terminal repeats	NA	9	11	0.9822	NA	2	12.0280	Unclassified
k141_59712	5479	No terminal repeats	NA	10	11	0.9822	NA	1	13.6934	Viruses;Duplodnaviria;Heunggongvirae;Uroviricota;Caudoviricetes
k141_941036	4015	No terminal repeats	NA	7	11	0.9822	NA	0	9.8615	Viruses;Duplodnaviria;Heunggongvirae;Uroviricota;Caudoviricetes
k141_208566	4330	No terminal repeats	NA	7	11	0.9822	NA	0	9.8071	Viruses;Duplodnaviria;Heunggongvirae;Uroviricota;Caudoviricetes
k141_556500	3711	No terminal repeats	NA	5	11	0.9821	NA	2	8.2949	Viruses;Duplodnaviria;Heunggongvirae;Uroviricota;Caudoviricetes
k141_100724	3615	No terminal repeats	NA	8	11	0.9821	NA	0	13.2439	Viruses;Duplodnaviria;Heunggongvirae;Uroviricota;Caudoviricetes
k141_17298	5999	No terminal repeats	NA	5	11	0.9821	NA	0	6.6053	Viruses;Duplodnaviria;Heunggongvirae;Uroviricota;Caudoviricetes
k141_1647950	3668	No terminal repeats	NA	6	11	0.9821	NA	1	6.4822	Viruses;Duplodnaviria;Heunggongvirae;Uroviricota;Caudoviricetes
k141_593560	8711	No terminal repeats	NA	8	11	0.9821	NA	2	11.3534	Viruses;Duplodnaviria;Heunggongvirae;Uroviricota;Caudoviricetes
k141_314212	5680	No terminal repeats	NA	9	11	0.9821	NA	0	12.0050	Viruses;Duplodnaviria;Heunggongvirae;Uroviricota;Caudoviricetes
k141_1508886	4895	No terminal repeats	NA	6	11	0.9821	NA	1	8.0421	Viruses;Duplodnaviria;Heunggongvirae;Uroviricota;Caudoviricetes
k141_1329632	5249	No terminal repeats	NA	5	11	0.9821	NA	1	8.5914	Viruses;Duplodnaviria;Heunggongvirae;Uroviricota;Caudoviricetes
k141_30729	5527	DTR	NA	8	11	0.9821	NA	2	10.3097	Viruses;Monodnaviria;Sangervirae;Phixviricota;Malgrandaviricetes;Petitvirales;Microviridae
k141_1000209	3793	No terminal repeats	NA	6	11	0.9821	NA	0	7.7207	Viruses;Duplodnaviria;Heunggongvirae;Uroviricota;Caudoviricetes;Kyanoviridae
k141_1748231	9895	No terminal repeats	NA	11	11	0.9821	NA	3	11.9694	Viruses;Duplodnaviria;Heunggongvirae;Uroviricota;Caudoviricetes
k141_965466	3870	No terminal repeats	NA	6	11	0.9821	NA	2	8.5914	Unclassified
k141_1621328	4806	No terminal repeats	NA	9	11	0.9821	NA	0	9.4793	Viruses;Duplodnaviria;Heunggongvirae;Uroviricota;Caudoviricetes
k141_285308	8483	No terminal repeats	NA	10	11	0.9821	NA	3	16.2009	Viruses;Duplodnaviria;Heunggongvirae;Uroviricota;Caudoviricetes
k141_1179737	4996	No terminal repeats	NA	9	11	0.9821	NA	1	15.4347	Viruses;Duplodnaviria;Heunggongvirae;Uroviricota;Caudoviricetes
k141_430622	5527	DTR	NA	8	11	0.9821	NA	2	10.3097	Viruses;Monodnaviria;Sangervirae;Phixviricota;Malgrandaviricetes;Petitvirales;Microviridae
k141_20419	6117	No terminal repeats	NA	5	11	0.9821	NA	2	6.8687	Viruses;Duplodnaviria;Heunggongvirae;Uroviricota;Caudoviricetes
k141_472872	8383	No terminal repeats	NA	9	11	0.9821	NA	1	12.8551	Viruses;Duplodnaviria;Heunggongvirae;Uroviricota;Caudoviricetes
k141_25844	3528	No terminal repeats	NA	6	11	0.9820	NA	1	10.3097	Viruses;Duplodnaviria;Heunggongvirae;Uroviricota;Caudoviricetes
k141_1451428	5572	No terminal repeats	NA	7	11	0.9820	NA	0	11.9281	Viruses;Duplodnaviria;Heunggongvirae;Uroviricota;Caudoviricetes
k141_128186	3509	No terminal repeats	NA	5	11	0.9820	NA	1	6.8548	Viruses;Duplodnaviria;Heunggongvirae;Uroviricota;Caudoviricetes
k141_41829	4846	No terminal repeats	NA	7	11	0.9820	NA	1	9.8511	Viruses;Duplodnaviria;Heunggongvirae;Uroviricota;Caudoviricetes
k141_429809	7975	No terminal repeats	NA	12	11	0.9820	NA	0	14.5216	Viruses;Duplodnaviria;Heunggongvirae;Uroviricota;Caudoviricetes
k141_116275	3782	No terminal repeats	NA	8	11	0.9820	NA	1	8.5585	Viruses;Duplodnaviria;Heunggongvirae;Uroviricota;Caudoviricetes
k141_478745	4891	No terminal repeats	NA	8	11	0.9820	NA	3	13.7442	Viruses;Duplodnaviria;Heunggongvirae;Uroviricota;Caudoviricetes;Demerecviridae
k141_30852	3744	No terminal repeats	NA	5	11	0.9820	NA	1	6.8731	Viruses;Duplodnaviria;Heunggongvirae;Uroviricota;Caudoviricetes
k141_1206261	4028	No terminal repeats	NA	9	11	0.9820	NA	0	9.1134	Viruses;Duplodnaviria;Heunggongvirae;Uroviricota;Caudoviricetes
k141_1933572	9210	No terminal repeats	NA	8	11	0.9820	NA	3	9.4449	Viruses;Duplodnaviria;Heunggongvirae;Uroviricota;Caudoviricetes
k141_1857809	3817	No terminal repeats	NA	5	11	0.9820	NA	1	6.8731	Viruses;Duplodnaviria;Heunggongvirae;Uroviricota;Caudoviricetes
k141_765063	5533	No terminal repeats	NA	7	11	0.9820	NA	3	10.2642	Viruses;Duplodnaviria;Heunggongvirae;Uroviricota;Caudoviricetes
k141_1263198	3542	No terminal repeats	NA	11	11	0.9820	NA	0	11.8909	Unclassified
k141_905962	3859	No terminal repeats	NA	9	11	0.9820	NA	1	10.8085	Viruses;Duplodnaviria;Heunggongvirae;Uroviricota;Caudoviricetes
k141_29653	3841	No terminal repeats	NA	5	11	0.9820	NA	1	6.7730	Viruses;Duplodnaviria;Heunggongvirae;Uroviricota;Caudoviricetes
k141_3266	9373	No terminal repeats	NA	10	11	0.9820	NA	1	14.8057	Viruses;Duplodnaviria;Heunggongvirae;Uroviricota;Caudoviricetes;Schitoviridae
k141_190178	4848	No terminal repeats	NA	7	11	0.9820	NA	4	11.4437	Viruses;Duplodnaviria;Heunggongvirae;Uroviricota;Caudoviricetes
k141_724337	4964	No terminal repeats	NA	5	11	0.9820	NA	0	8.5892	Viruses;Duplodnaviria;Heunggongvirae;Uroviricota;Caudoviricetes
k141_475440	4780	No terminal repeats	NA	6	11	0.9820	NA	0	8.3082	Viruses;Duplodnaviria;Heunggongvirae;Uroviricota;Caudoviricetes
k141_1787563	5705	No terminal repeats	NA	6	11	0.9820	NA	3	8.1801	Viruses;Duplodnaviria;Heunggongvirae;Uroviricota;Caudoviricetes
k141_802382	2780	No terminal repeats	NA	5	11	0.9820	NA	0	5.9437	Viruses;Duplodnaviria;Heunggongvirae;Uroviricota;Caudoviricetes
k141_1558953	6379	No terminal repeats	NA	6	11	0.9819	NA	3	10.2035	Viruses;Duplodnaviria;Heunggongvirae;Uroviricota;Caudoviricetes
k141_477607	4038	No terminal repeats	NA	6	11	0.9819	NA	4	10.1894	Viruses;Duplodnaviria;Heunggongvirae;Uroviricota;Caudoviricetes
k141_40553	3533	No terminal repeats	NA	7	11	0.9819	NA	1	11.7277	Viruses;Duplodnaviria;Heunggongvirae;Uroviricota;Caudoviricetes
k141_987524	7607	No terminal repeats	NA	13	11	0.9819	NA	3	15.0161	Viruses;Duplodnaviria;Heunggongvirae;Uroviricota;Caudoviricetes
k141_747523	5584	No terminal repeats	NA	5	11	0.9819	NA	1	6.8731	Viruses;Duplodnaviria;Heunggongvirae;Uroviricota;Caudoviricetes
k141_562569|provirus_20_5434	5415	Provirus	20-5434	12	11	0.9819	NA	0	10.0440	Viruses;Duplodnaviria;Heunggongvirae;Uroviricota;Caudoviricetes
k141_237089	6911	No terminal repeats	NA	8	11	0.9819	NA	1	8.1722	Viruses;Duplodnaviria;Heunggongvirae;Uroviricota;Caudoviricetes
k141_1385135	4368	No terminal repeats	NA	7	11	0.9819	NA	1	9.2924	Viruses;Duplodnaviria;Heunggongvirae;Uroviricota;Caudoviricetes
k141_74179	5092	No terminal repeats	NA	10	11	0.9819	NA	1	10.3097	Viruses;Duplodnaviria;Heunggongvirae;Uroviricota;Caudoviricetes
k141_948007	4641	No terminal repeats	NA	5	11	0.9819	NA	1	8.3271	Viruses;Duplodnaviria;Heunggongvirae;Uroviricota;Caudoviricetes
k141_1219498	4139	No terminal repeats	NA	7	11	0.9819	NA	2	12.0280	Viruses;Duplodnaviria;Heunggongvirae;Uroviricota;Caudoviricetes
k141_562648	3830	No terminal repeats	NA	6	11	0.9819	NA	0	7.9652	Viruses;Duplodnaviria;Heunggongvirae;Uroviricota;Caudoviricetes
k141_1180590	4547	No terminal repeats	NA	9	11	0.9819	NA	2	8.5914	Viruses;Duplodnaviria;Heunggongvirae;Uroviricota;Caudoviricetes
k141_1025646	8266	No terminal repeats	NA	6	11	0.9819	NA	1	6.4662	Viruses;Duplodnaviria;Heunggongvirae;Uroviricota;Caudoviricetes
k141_1105414	3648	No terminal repeats	NA	5	11	0.9818	NA	1	8.5848	Viruses;Duplodnaviria;Heunggongvirae;Uroviricota;Caudoviricetes
k141_1747105	4388	No terminal repeats	NA	6	11	0.9818	NA	0	9.2191	Viruses;Duplodnaviria;Heunggongvirae;Uroviricota;Caudoviricetes
k141_787805	9836	No terminal repeats	NA	16	11	0.9818	NA	3	22.8034	Viruses;Duplodnaviria;Heunggongvirae;Uroviricota;Caudoviricetes
k141_513628	3647	No terminal repeats	NA	6	11	0.9818	NA	1	7.9779	Viruses;Duplodnaviria;Heunggongvirae;Uroviricota;Caudoviricetes
k141_1350086	6440	No terminal repeats	NA	10	11	0.9818	NA	2	15.4645	Viruses;Duplodnaviria;Heunggongvirae;Uroviricota;Caudoviricetes
k141_1177013	3591	No terminal repeats	NA	5	11	0.9818	NA	0	8.5869	Viruses;Duplodnaviria;Heunggongvirae;Uroviricota;Caudoviricetes
k141_1409386	3780	No terminal repeats	NA	10	11	0.9818	NA	0	16.7491	Viruses;Duplodnaviria;Heunggongvirae;Uroviricota;Caudoviricetes
k141_369734	8069	No terminal repeats	NA	15	11	0.9818	NA	1	14.4959	Viruses;Duplodnaviria;Heunggongvirae;Uroviricota;Caudoviricetes
k141_1145608	6612	No terminal repeats	NA	5	11	0.9818	NA	0	8.5830	Viruses;Duplodnaviria;Heunggongvirae;Uroviricota;Caudoviricetes
k141_723686	5888	No terminal repeats	NA	7	11	0.9818	NA	1	9.9798	Viruses;Duplodnaviria;Heunggongvirae;Uroviricota;Caudoviricetes
k141_660582	8247	No terminal repeats	NA	20	11	0.9817	NA	2	18.4679	Viruses;Duplodnaviria;Heunggongvirae;Uroviricota;Caudoviricetes
k141_898359	5617	No terminal repeats	NA	10	11	0.9817	NA	1	15.1817	Viruses;Duplodnaviria;Heunggongvirae;Uroviricota;Caudoviricetes
k141_958112	6664	No terminal repeats	NA	7	11	0.9817	NA	1	7.8176	Viruses;Duplodnaviria;Heunggongvirae;Uroviricota;Caudoviricetes
k141_1333922	4095	No terminal repeats	NA	5	11	0.9817	NA	1	6.6467	Viruses;Duplodnaviria;Heunggongvirae;Uroviricota;Caudoviricetes
k141_1946189	3905	No terminal repeats	NA	7	11	0.9817	NA	2	10.3079	Viruses;Duplodnaviria;Heunggongvirae;Uroviricota;Caudoviricetes
k141_318114	6191	No terminal repeats	NA	7	11	0.9817	NA	0	6.8731	Viruses;Duplodnaviria;Heunggongvirae;Uroviricota;Caudoviricetes;Schitoviridae
k141_19376	3599	No terminal repeats	NA	11	11	0.9817	NA	0	16.0174	Viruses;Duplodnaviria;Heunggongvirae;Uroviricota;Caudoviricetes
k141_911493	5089	No terminal repeats	NA	7	11	0.9817	NA	1	8.1739	Viruses;Duplodnaviria;Heunggongvirae;Uroviricota;Caudoviricetes
k141_1852032	5631	No terminal repeats	NA	19	11	0.9817	NA	3	18.4846	Viruses;Duplodnaviria;Heunggongvirae;Uroviricota;Caudoviricetes
k141_968885	3544	No terminal repeats	NA	7	11	0.9817	NA	1	9.6682	Viruses;Duplodnaviria;Heunggongvirae;Uroviricota;Caudoviricetes
k141_1954608	4528	No terminal repeats	NA	7	11	0.9817	NA	1	12.0240	Viruses;Duplodnaviria;Heunggongvirae;Uroviricota;Caudoviricetes
k141_1146795	7100	No terminal repeats	NA	5	11	0.9817	NA	0	8.1158	Viruses;Duplodnaviria;Heunggongvirae;Uroviricota;Caudoviricetes
k141_118455	8282	No terminal repeats	NA	17	11	0.9817	NA	0	15.3269	Viruses;Duplodnaviria;Heunggongvirae;Uroviricota;Caudoviricetes
k141_431387	9281	No terminal repeats	NA	12	11	0.9817	NA	1	18.4031	Viruses;Duplodnaviria;Heunggongvirae;Uroviricota;Caudoviricetes
k141_1062468	3614	No terminal repeats	NA	8	11	0.9817	NA	1	10.1949	Viruses;Duplodnaviria;Heunggongvirae;Uroviricota;Caudoviricetes
k141_393325	4497	No terminal repeats	NA	7	11	0.9817	NA	2	7.9952	Viruses;Duplodnaviria;Heunggongvirae;Uroviricota;Caudoviricetes
k141_1728800	6986	No terminal repeats	NA	11	11	0.9817	NA	4	17.1828	Viruses;Duplodnaviria;Heunggongvirae;Uroviricota;Caudoviricetes
k141_916529	3714	No terminal repeats	NA	6	11	0.9817	NA	1	8.3764	Viruses;Duplodnaviria;Heunggongvirae;Uroviricota;Caudoviricetes
k141_11436	5328	No terminal repeats	NA	7	11	0.9817	NA	1	12.0280	Viruses;Duplodnaviria;Heunggongvirae;Uroviricota;Caudoviricetes
k141_230599	6419	No terminal repeats	NA	10	11	0.9817	NA	4	10.8768	Viruses;Duplodnaviria;Heunggongvirae;Uroviricota;Caudoviricetes
k141_292805	3725	No terminal repeats	NA	6	11	0.9817	NA	1	9.7236	Viruses;Duplodnaviria;Heunggongvirae;Uroviricota;Caudoviricetes
k141_49743	5284	No terminal repeats	NA	6	11	0.9816	NA	0	6.8731	Viruses;Duplodnaviria;Heunggongvirae;Uroviricota;Caudoviricetes
k141_1835259	4635	No terminal repeats	NA	9	11	0.9816	NA	3	12.7309	Viruses;Duplodnaviria;Heunggongvirae;Uroviricota;Caudoviricetes
k141_287543	7831	No terminal repeats	NA	10	11	0.9816	NA	2	15.8732	Viruses;Duplodnaviria;Heunggongvirae;Uroviricota;Caudoviricetes
k141_1824748	4284	No terminal repeats	NA	8	11	0.9816	NA	2	13.7463	Viruses;Duplodnaviria;Heunggongvirae;Uroviricota;Caudoviricetes
k141_842226	7580	No terminal repeats	NA	26	11	0.9816	NA	0	16.8438	Viruses;Duplodnaviria;Heunggongvirae;Uroviricota;Caudoviricetes;Straboviridae
k141_1783889	4010	No terminal repeats	NA	5	11	0.9816	NA	2	6.6530	Viruses;Duplodnaviria;Heunggongvirae;Uroviricota;Caudoviricetes
k141_742861	8438	No terminal repeats	NA	18	11	0.9816	NA	0	18.6827	Viruses;Duplodnaviria;Heunggongvirae;Uroviricota;Caudoviricetes
k141_665335	5598	No terminal repeats	NA	7	11	0.9816	NA	0	10.7916	Viruses;Duplodnaviria;Heunggongvirae;Uroviricota;Caudoviricetes
k141_1912817	4794	No terminal repeats	NA	12	11	0.9816	NA	1	15.4645	Viruses;Duplodnaviria;Heunggongvirae;Uroviricota;Caudoviricetes
k141_817648	5525	No terminal repeats	NA	8	11	0.9816	NA	3	8.5914	Viruses;Duplodnaviria;Heunggongvirae;Uroviricota;Caudoviricetes
k141_1638012	5826	No terminal repeats	NA	12	11	0.9816	NA	2	13.7439	Viruses;Duplodnaviria;Heunggongvirae;Uroviricota;Caudoviricetes
k141_414951	4839	No terminal repeats	NA	7	11	0.9816	NA	1	6.4662	Viruses;Duplodnaviria;Heunggongvirae;Uroviricota;Caudoviricetes
k141_912674	7880	No terminal repeats	NA	5	11	0.9816	NA	1	8.2402	Viruses;Duplodnaviria;Heunggongvirae;Uroviricota;Caudoviricetes
k141_1587196	5797	No terminal repeats	NA	8	11	0.9816	NA	1	12.3496	Viruses;Duplodnaviria;Heunggongvirae;Uroviricota;Caudoviricetes
k141_1058327	4262	No terminal repeats	NA	5	11	0.9816	NA	1	6.8731	Viruses;Duplodnaviria;Heunggongvirae;Uroviricota;Caudoviricetes
k141_580259	4087	No terminal repeats	NA	5	11	0.9816	NA	1	8.5914	Viruses;Duplodnaviria;Heunggongvirae;Uroviricota;Caudoviricetes
k141_1293396	3079	No terminal repeats	NA	4	11	0.9816	NA	2	6.7625	Viruses;Duplodnaviria;Heunggongvirae;Uroviricota;Caudoviricetes
k141_1610959	8266	No terminal repeats	NA	16	11	0.9815	NA	2	18.2962	Viruses;Duplodnaviria;Heunggongvirae;Uroviricota;Caudoviricetes
k141_1294147	9329	No terminal repeats	NA	11	11	0.9815	NA	3	14.8681	Viruses;Duplodnaviria;Heunggongvirae;Uroviricota;Caudoviricetes
k141_1053022	5042	No terminal repeats	NA	8	11	0.9815	NA	0	8.8603	Viruses;Duplodnaviria;Heunggongvirae;Uroviricota;Caudoviricetes
k141_288214	4091	No terminal repeats	NA	6	11	0.9815	NA	2	9.5961	Viruses;Duplodnaviria;Heunggongvirae;Uroviricota;Caudoviricetes
k141_1163227	6332	No terminal repeats	NA	13	11	0.9815	NA	1	13.6115	Viruses;Duplodnaviria;Heunggongvirae;Uroviricota;Caudoviricetes
k141_1083718	4611	No terminal repeats	NA	17	11	0.9815	NA	0	25.9996	Viruses;Duplodnaviria;Heunggongvirae;Uroviricota;Caudoviricetes
k141_1854795	4932	No terminal repeats	NA	13	11	0.9815	NA	0	6.2749	Viruses;Duplodnaviria;Heunggongvirae;Uroviricota;Caudoviricetes
k141_110841	7375	No terminal repeats	NA	11	11	0.9815	NA	1	11.6137	Viruses;Duplodnaviria;Heunggongvirae;Uroviricota;Caudoviricetes
k141_1157710	4808	No terminal repeats	NA	5	15	0.9815	NA	0	8.1464	Viruses;Duplodnaviria;Heunggongvirae;Uroviricota;Caudoviricetes
k141_605921	5762	No terminal repeats	NA	11	11	0.9815	NA	2	16.7922	Viruses;Duplodnaviria;Heunggongvirae;Uroviricota;Caudoviricetes
k141_640341	5646	No terminal repeats	NA	10	11	0.9815	NA	1	12.7350	Viruses;Duplodnaviria;Heunggongvirae;Uroviricota;Caudoviricetes
k141_17301	4282	No terminal repeats	NA	8	11	0.9815	NA	0	8.5186	Viruses;Duplodnaviria;Heunggongvirae;Uroviricota;Caudoviricetes
k141_401965	5779	No terminal repeats	NA	7	11	0.9815	NA	0	12.0262	Viruses;Duplodnaviria;Heunggongvirae;Uroviricota;Caudoviricetes
k141_395648	6808	No terminal repeats	NA	12	11	0.9815	NA	1	11.5441	Viruses;Duplodnaviria;Heunggongvirae;Uroviricota;Caudoviricetes
k141_148906	3876	No terminal repeats	NA	5	11	0.9815	NA	2	8.5914	Viruses;Duplodnaviria;Heunggongvirae;Uroviricota;Caudoviricetes
k141_1389184	5647	No terminal repeats	NA	7	11	0.9815	NA	4	11.6657	Viruses;Duplodnaviria;Heunggongvirae;Uroviricota;Caudoviricetes
k141_1248779	4652	No terminal repeats	NA	5	11	0.9815	NA	1	8.0731	Viruses;Duplodnaviria;Heunggongvirae;Uroviricota;Caudoviricetes
k141_1159816_2	5657	No terminal repeats	NA	9	11	0.9815	NA	4	13.8149	Viruses;Duplodnaviria;Heunggongvirae;Uroviricota;Caudoviricetes
k141_1890868	3783	No terminal repeats	NA	9	11	0.9814	NA	0	15.0275	Viruses;Duplodnaviria;Heunggongvirae;Uroviricota;Caudoviricetes
k141_1583294	5696	No terminal repeats	NA	13	11	0.9814	NA	0	18.5770	Viruses;Duplodnaviria;Heunggongvirae;Uroviricota;Caudoviricetes
k141_100695	6413	No terminal repeats	NA	7	11	0.9814	NA	0	8.5901	Viruses;Duplodnaviria;Heunggongvirae;Uroviricota;Caudoviricetes;Chaseviridae
k141_1558721	4137	No terminal repeats	NA	7	11	0.9814	NA	1	6.2114	Viruses;Duplodnaviria;Heunggongvirae;Uroviricota;Caudoviricetes
k141_540080	3624	No terminal repeats	NA	6	11	0.9814	NA	1	9.6083	Viruses;Duplodnaviria;Heunggongvirae;Uroviricota;Caudoviricetes
k141_1700002	4226	No terminal repeats	NA	7	11	0.9814	NA	2	10.0216	Viruses;Duplodnaviria;Heunggongvirae;Uroviricota;Caudoviricetes;Autographiviridae
k141_546020	5162	No terminal repeats	NA	13	11	0.9814	NA	1	13.5251	Unclassified
k141_1727564	4464	No terminal repeats	NA	6	11	0.9814	NA	1	6.8731	Viruses;Duplodnaviria;Heunggongvirae;Uroviricota;Caudoviricetes
k141_254952	7031	No terminal repeats	NA	7	11	0.9814	NA	0	8.4043	Viruses;Duplodnaviria;Heunggongvirae;Uroviricota;Caudoviricetes
k141_1959707	7700	No terminal repeats	NA	9	11	0.9814	NA	0	11.3275	Viruses;Duplodnaviria;Heunggongvirae;Uroviricota;Caudoviricetes
k141_1862286	3995	No terminal repeats	NA	8	11	0.9814	NA	2	13.5589	Viruses;Duplodnaviria;Heunggongvirae;Uroviricota;Caudoviricetes
k141_645990	7036	No terminal repeats	NA	11	11	0.9814	NA	2	17.7959	Viruses;Duplodnaviria;Heunggongvirae;Uroviricota;Caudoviricetes
k141_826479	4374	No terminal repeats	NA	7	11	0.9814	NA	5	9.9093	Viruses;Duplodnaviria;Heunggongvirae;Uroviricota;Caudoviricetes
k141_707667	9104	No terminal repeats	NA	21	11	0.9814	NA	5	35.2508	Viruses;Duplodnaviria;Heunggongvirae;Uroviricota;Caudoviricetes
k141_447538	3773	No terminal repeats	NA	5	11	0.9814	NA	3	8.5914	Viruses;Duplodnaviria;Heunggongvirae;Uroviricota;Caudoviricetes
k141_97072	7953	No terminal repeats	NA	7	11	0.9814	NA	1	12.0225	Viruses;Duplodnaviria;Heunggongvirae;Uroviricota;Caudoviricetes
k141_685883	3081	No terminal repeats	NA	7	11	0.9814	NA	1	8.3165	Unclassified
k141_1147475	8482	No terminal repeats	NA	14	11	0.9814	NA	2	22.9904	Viruses;Duplodnaviria;Heunggongvirae;Uroviricota;Caudoviricetes
k141_23375	4380	No terminal repeats	NA	6	11	0.9814	NA	1	6.2988	Viruses;Duplodnaviria;Heunggongvirae;Uroviricota;Caudoviricetes
k141_221825	4847	No terminal repeats	NA	10	11	0.9814	NA	2	15.4645	Viruses;Duplodnaviria;Heunggongvirae;Uroviricota;Caudoviricetes
k141_1678854	4813	No terminal repeats	NA	9	11	0.9814	NA	0	8.3459	Viruses;Duplodnaviria;Heunggongvirae;Uroviricota;Caudoviricetes
k141_1457341	7643	No terminal repeats	NA	7	11	0.9813	NA	2	7.1998	Viruses;Duplodnaviria;Heunggongvirae;Uroviricota;Caudoviricetes
k141_933989	3525	No terminal repeats	NA	7	11	0.9813	NA	2	12.0280	Viruses;Duplodnaviria;Heunggongvirae;Uroviricota;Caudoviricetes
k141_52655	5409	No terminal repeats	NA	5	11	0.9813	NA	2	6.8713	Viruses;Duplodnaviria;Heunggongvirae;Uroviricota;Caudoviricetes
k141_279945	5669	No terminal repeats	NA	7	11	0.9813	NA	1	10.0127	Viruses;Duplodnaviria;Heunggongvirae;Uroviricota;Caudoviricetes
k141_1361641	5990	No terminal repeats	NA	8	11	0.9813	NA	0	12.4559	Viruses;Duplodnaviria;Heunggongvirae;Uroviricota;Caudoviricetes
k141_1480249	3592	No terminal repeats	NA	9	11	0.9813	NA	2	10.2888	Viruses;Duplodnaviria;Heunggongvirae;Uroviricota;Caudoviricetes
k141_813463	6158	No terminal repeats	NA	11	11	0.9813	NA	0	15.0443	Viruses;Duplodnaviria;Heunggongvirae;Uroviricota;Caudoviricetes
k141_378792	7233	No terminal repeats	NA	12	11	0.9813	NA	1	8.9432	Viruses;Duplodnaviria;Heunggongvirae;Uroviricota;Caudoviricetes
k141_1410670	5524	No terminal repeats	NA	5	11	0.9813	NA	1	6.8731	Viruses;Duplodnaviria;Heunggongvirae;Uroviricota;Caudoviricetes
k141_289774	4378	No terminal repeats	NA	7	11	0.9813	NA	2	9.5175	Viruses;Duplodnaviria;Heunggongvirae;Uroviricota;Caudoviricetes
k141_72360	4438	No terminal repeats	NA	8	11	0.9813	NA	1	6.7873	Viruses;Duplodnaviria;Heunggongvirae;Uroviricota;Caudoviricetes
k141_759198	6457	No terminal repeats	NA	8	11	0.9813	NA	1	10.9771	Viruses;Duplodnaviria;Heunggongvirae;Uroviricota;Caudoviricetes
k141_1246942	6336	No terminal repeats	NA	15	11	0.9813	NA	0	13.7463	Viruses;Duplodnaviria;Heunggongvirae;Uroviricota;Caudoviricetes
k141_540003	3630	No terminal repeats	NA	7	11	0.9813	NA	3	10.0437	Viruses;Duplodnaviria;Heunggongvirae;Uroviricota;Caudoviricetes
k141_1251570	4211	No terminal repeats	NA	5	11	0.9813	NA	2	8.5914	Viruses;Duplodnaviria;Heunggongvirae;Uroviricota;Caudoviricetes
k141_236409	8045	No terminal repeats	NA	12	11	0.9812	NA	0	11.3814	Viruses;Duplodnaviria;Heunggongvirae;Uroviricota;Caudoviricetes
k141_146494	7745	No terminal repeats	NA	8	11	0.9812	NA	1	6.8731	Viruses;Duplodnaviria;Heunggongvirae;Uroviricota;Caudoviricetes
k141_533515	3914	No terminal repeats	NA	7	11	0.9812	NA	1	12.0261	Viruses;Duplodnaviria;Heunggongvirae;Uroviricota;Caudoviricetes
k141_699788	3610	No terminal repeats	NA	8	11	0.9812	NA	1	8.5914	Unclassified
k141_1114106	5392	No terminal repeats	NA	6	11	0.9812	NA	3	8.1519	Viruses;Duplodnaviria;Heunggongvirae;Uroviricota;Caudoviricetes
k141_326957	8015	No terminal repeats	NA	8	11	0.9812	NA	1	9.8775	Viruses;Duplodnaviria;Heunggongvirae;Uroviricota;Caudoviricetes
k141_1695635	2984	No terminal repeats	NA	3	11	0.9812	NA	1	5.1548	Viruses;Duplodnaviria;Heunggongvirae;Uroviricota;Caudoviricetes;Straboviridae
k141_856219	5591	No terminal repeats	NA	10	11	0.9812	NA	1	9.6768	Viruses;Duplodnaviria;Heunggongvirae;Uroviricota;Caudoviricetes
k141_1274863	4592	No terminal repeats	NA	6	11	0.9812	NA	0	8.2315	Viruses;Duplodnaviria;Heunggongvirae;Uroviricota;Caudoviricetes;Schitoviridae
k141_1227516	3582	No terminal repeats	NA	7	11	0.9812	NA	0	10.0495	Viruses;Duplodnaviria;Heunggongvirae;Uroviricota;Caudoviricetes
k141_32009	7970	No terminal repeats	NA	18	11	0.9812	NA	0	9.5452	Viruses;Duplodnaviria;Heunggongvirae;Uroviricota;Caudoviricetes;Schitoviridae
k141_1625687	5841	No terminal repeats	NA	20	11	0.9812	NA	1	9.8024	Viruses;Duplodnaviria;Heunggongvirae;Uroviricota;Caudoviricetes
k141_894118	4969	No terminal repeats	NA	6	11	0.9812	NA	1	10.3097	Viruses;Duplodnaviria;Heunggongvirae;Uroviricota;Caudoviricetes
k141_221436	3971	No terminal repeats	NA	6	11	0.9812	NA	1	10.0564	Viruses;Duplodnaviria;Heunggongvirae;Uroviricota;Caudoviricetes
k141_745902	5742	No terminal repeats	NA	9	11	0.9812	NA	1	10.9991	Viruses;Duplodnaviria;Heunggongvirae;Uroviricota;Caudoviricetes
k141_1614505	9555	No terminal repeats	NA	10	11	0.9811	NA	0	16.6117	Viruses;Duplodnaviria;Heunggongvirae;Uroviricota;Caudoviricetes
k141_945369	3880	No terminal repeats	NA	9	11	0.9811	NA	0	6.8731	Viruses;Duplodnaviria;Heunggongvirae;Uroviricota;Caudoviricetes;Zobellviridae
k141_131982	5996	No terminal repeats	NA	9	11	0.9811	NA	3	10.3097	Viruses;Duplodnaviria;Heunggongvirae;Uroviricota;Caudoviricetes;Autographiviridae
k141_498345	3951	No terminal repeats	NA	8	11	0.9811	NA	0	11.8208	Viruses;Duplodnaviria;Heunggongvirae;Uroviricota;Caudoviricetes;Autographiviridae
k141_2754	7911	No terminal repeats	NA	9	11	0.9811	NA	3	10.8836	Viruses;Duplodnaviria;Heunggongvirae;Uroviricota;Caudoviricetes
k141_869173	4653	No terminal repeats	NA	8	11	0.9811	NA	1	8.5901	Viruses;Duplodnaviria;Heunggongvirae;Uroviricota;Caudoviricetes
k141_492649	4047	No terminal repeats	NA	7	11	0.9811	NA	0	10.7256	Viruses;Duplodnaviria;Heunggongvirae;Uroviricota;Caudoviricetes
k141_1588843	8549	No terminal repeats	NA	10	15	0.9811	NA	1	9.6049	Viruses;Duplodnaviria;Heunggongvirae;Uroviricota;Caudoviricetes
k141_294664	6304	No terminal repeats	NA	7	11	0.9811	NA	0	8.0729	Viruses;Duplodnaviria;Heunggongvirae;Uroviricota;Caudoviricetes
k141_157661	3963	No terminal repeats	NA	7	11	0.9811	NA	1	10.2931	Viruses;Duplodnaviria;Heunggongvirae;Uroviricota;Caudoviricetes
k141_63604	4594	No terminal repeats	NA	6	11	0.9811	NA	2	10.2939	Viruses;Duplodnaviria;Heunggongvirae;Uroviricota;Caudoviricetes
k141_237403	5845	No terminal repeats	NA	8	11	0.9811	NA	3	9.7143	Viruses;Duplodnaviria;Heunggongvirae;Uroviricota;Caudoviricetes
k141_1149300	4189	No terminal repeats	NA	6	11	0.9811	NA	1	8.4559	Viruses;Duplodnaviria;Heunggongvirae;Uroviricota;Caudoviricetes
k141_503475	3839	No terminal repeats	NA	7	11	0.9811	NA	0	8.5315	Viruses;Duplodnaviria;Heunggongvirae;Uroviricota;Caudoviricetes
k141_259071	5601	No terminal repeats	NA	13	11	0.9811	NA	3	13.1835	Viruses;Duplodnaviria;Heunggongvirae;Uroviricota;Caudoviricetes
k141_1471166	3545	No terminal repeats	NA	11	11	0.9811	NA	0	16.0486	Viruses;Duplodnaviria;Heunggongvirae;Uroviricota;Caudoviricetes
k141_306973	4124	No terminal repeats	NA	7	11	0.9811	NA	1	11.5607	Viruses;Duplodnaviria;Heunggongvirae;Uroviricota;Caudoviricetes
k141_754268	4058	No terminal repeats	NA	7	11	0.9811	NA	2	11.4172	Viruses;Duplodnaviria;Heunggongvirae;Uroviricota;Caudoviricetes
k141_86123	3658	No terminal repeats	NA	5	11	0.9810	NA	1	6.8731	Viruses;Duplodnaviria;Heunggongvirae;Uroviricota;Caudoviricetes
k141_252269	4346	No terminal repeats	NA	16	11	0.9810	NA	0	19.5074	Viruses;Duplodnaviria;Heunggongvirae;Uroviricota;Caudoviricetes
k141_1065322	4659	No terminal repeats	NA	6	11	0.9810	NA	0	8.4992	Viruses;Duplodnaviria;Heunggongvirae;Uroviricota;Caudoviricetes
k141_890638	4707	No terminal repeats	NA	8	11	0.9810	NA	0	12.0252	Viruses;Duplodnaviria;Heunggongvirae;Uroviricota;Caudoviricetes
k141_535579	4837	No terminal repeats	NA	8	11	0.9810	NA	2	9.6971	Viruses;Duplodnaviria;Heunggongvirae;Uroviricota;Caudoviricetes
k141_300959	6365	No terminal repeats	NA	14	11	0.9810	NA	0	10.2023	Viruses;Duplodnaviria;Heunggongvirae;Uroviricota;Caudoviricetes
k141_855045	4061	No terminal repeats	NA	9	11	0.9810	NA	1	14.4724	Viruses;Duplodnaviria;Heunggongvirae;Uroviricota;Caudoviricetes
k141_1277954	3722	No terminal repeats	NA	6	11	0.9810	NA	3	9.8574	Viruses;Duplodnaviria;Heunggongvirae;Uroviricota;Caudoviricetes
k141_87025	8330	No terminal repeats	NA	21	11	0.9810	NA	1	20.6381	Viruses;Duplodnaviria;Heunggongvirae;Uroviricota;Caudoviricetes
k141_1019841	5152	No terminal repeats	NA	8	11	0.9810	NA	4	13.1638	Viruses;Duplodnaviria;Heunggongvirae;Uroviricota;Caudoviricetes
k141_1093083	6460	No terminal repeats	NA	20	11	0.9810	NA	1	26.5236	Viruses;Duplodnaviria;Heunggongvirae;Uroviricota;Caudoviricetes
k141_1225144	4070	No terminal repeats	NA	6	11	0.9810	NA	2	10.3097	Viruses;Duplodnaviria;Heunggongvirae;Uroviricota;Caudoviricetes
k141_1963010	4270	No terminal repeats	NA	7	11	0.9810	NA	2	10.0587	Viruses;Duplodnaviria;Heunggongvirae;Uroviricota;Caudoviricetes
k141_1480675	5954	No terminal repeats	NA	13	11	0.9810	NA	0	20.5142	Viruses;Duplodnaviria;Heunggongvirae;Uroviricota;Caudoviricetes
k141_1845706	4526	No terminal repeats	NA	7	11	0.9810	NA	3	9.7571	Viruses;Duplodnaviria;Heunggongvirae;Uroviricota;Caudoviricetes
k141_756045	3610	No terminal repeats	NA	6	11	0.9810	NA	2	9.6596	Viruses;Duplodnaviria;Heunggongvirae;Uroviricota;Caudoviricetes
k141_1314611	4323	No terminal repeats	NA	7	11	0.9810	NA	2	10.6419	Viruses;Duplodnaviria;Heunggongvirae;Uroviricota;Caudoviricetes
k141_1352526	4658	No terminal repeats	NA	14	11	0.9810	NA	0	18.8871	Viruses;Duplodnaviria;Heunggongvirae;Uroviricota;Caudoviricetes
k141_297610	4119	No terminal repeats	NA	5	11	0.9810	NA	0	8.5914	Viruses;Duplodnaviria;Heunggongvirae;Uroviricota;Caudoviricetes
k141_851665	5345	No terminal repeats	NA	5	11	0.9810	NA	2	6.4396	Viruses;Duplodnaviria;Heunggongvirae;Uroviricota;Caudoviricetes
k141_476	4031	No terminal repeats	NA	5	11	0.9809	NA	4	8.5885	Viruses;Duplodnaviria;Heunggongvirae;Uroviricota;Caudoviricetes
k141_648542	3902	No terminal repeats	NA	6	11	0.9809	NA	1	6.8731	Unclassified
k141_1493770	4344	No terminal repeats	NA	6	11	0.9809	NA	0	6.7809	Viruses;Duplodnaviria;Heunggongvirae;Uroviricota;Caudoviricetes
k141_1070331	3809	No terminal repeats	NA	5	11	0.9809	NA	1	8.3714	Viruses;Duplodnaviria;Heunggongvirae;Uroviricota;Caudoviricetes
k141_217689	4496	No terminal repeats	NA	14	11	0.9809	NA	0	13.3548	Viruses;Duplodnaviria;Heunggongvirae;Uroviricota;Caudoviricetes
k141_254932	3982	No terminal repeats	NA	8	15	0.9809	NA	0	11.4784	Viruses;Duplodnaviria;Heunggongvirae;Uroviricota;Caudoviricetes
k141_26213	6397	No terminal repeats	NA	13	11	0.9809	NA	2	16.4259	Viruses;Duplodnaviria;Heunggongvirae;Uroviricota;Caudoviricetes
k141_1149919	9720	No terminal repeats	NA	11	11	0.9809	NA	0	15.4645	Viruses;Duplodnaviria;Heunggongvirae;Uroviricota;Caudoviricetes
k141_1246135	7624	No terminal repeats	NA	13	11	0.9809	NA	0	18.2526	Viruses;Duplodnaviria;Heunggongvirae;Uroviricota;Caudoviricetes
k141_413516	4105	No terminal repeats	NA	5	11	0.9809	NA	0	6.4319	Viruses;Duplodnaviria;Heunggongvirae;Uroviricota;Caudoviricetes
k141_1761519	8163	No terminal repeats	NA	8	11	0.9809	NA	2	13.1867	Viruses;Duplodnaviria;Heunggongvirae;Uroviricota;Caudoviricetes;Straboviridae
k141_280820	6010	No terminal repeats	NA	9	11	0.9808	NA	2	6.5257	Viruses;Duplodnaviria;Heunggongvirae;Uroviricota;Caudoviricetes
k141_132258	4603	No terminal repeats	NA	5	11	0.9808	NA	1	6.8731	Viruses;Duplodnaviria;Heunggongvirae;Uroviricota;Caudoviricetes;Zobellviridae
k141_1913057	4236	No terminal repeats	NA	7	11	0.9808	NA	1	12.0269	Viruses;Duplodnaviria;Heunggongvirae;Uroviricota;Caudoviricetes
k141_1212399	4963	No terminal repeats	NA	18	11	0.9808	NA	3	15.0505	Viruses;Duplodnaviria;Heunggongvirae;Uroviricota;Caudoviricetes
k141_4290	7158	No terminal repeats	NA	11	11	0.9808	NA	2	11.2228	Viruses;Duplodnaviria;Heunggongvirae;Uroviricota;Caudoviricetes
k141_135529	4430	No terminal repeats	NA	9	11	0.9808	NA	2	13.0352	Viruses;Duplodnaviria;Heunggongvirae;Uroviricota;Caudoviricetes
k141_1536726	3780	No terminal repeats	NA	5	11	0.9808	NA	1	8.5914	Viruses;Duplodnaviria;Heunggongvirae;Uroviricota;Caudoviricetes
k141_450656	4721	No terminal repeats	NA	9	11	0.9808	NA	1	9.7001	Viruses;Duplodnaviria;Heunggongvirae;Uroviricota;Caudoviricetes
k141_239404	7184	No terminal repeats	NA	6	11	0.9808	NA	1	6.8731	Viruses;Duplodnaviria;Heunggongvirae;Uroviricota;Caudoviricetes
k141_9753	4206	No terminal repeats	NA	6	11	0.9808	NA	2	10.3097	Viruses;Duplodnaviria;Heunggongvirae;Uroviricota;Caudoviricetes
k141_273048	5162	No terminal repeats	NA	16	11	0.9808	NA	0	15.4417	Viruses;Duplodnaviria;Heunggongvirae;Uroviricota;Caudoviricetes
k141_834118	4335	No terminal repeats	NA	9	11	0.9808	NA	2	11.9950	Viruses;Duplodnaviria;Heunggongvirae;Uroviricota;Caudoviricetes
k141_1661192	3880	No terminal repeats	NA	10	11	0.9808	NA	0	10.2519	Viruses;Duplodnaviria;Heunggongvirae;Uroviricota;Caudoviricetes
k141_850757	4402	No terminal repeats	NA	6	11	0.9808	NA	2	6.6195	Viruses;Duplodnaviria;Heunggongvirae;Uroviricota;Caudoviricetes
k141_1090210	3717	No terminal repeats	NA	6	11	0.9807	NA	3	8.5914	Viruses;Duplodnaviria;Heunggongvirae;Uroviricota;Caudoviricetes
k141_428802	4216	No terminal repeats	NA	9	11	0.9807	NA	1	6.8680	Viruses;Duplodnaviria;Heunggongvirae;Uroviricota;Caudoviricetes
k141_1478309	6223	No terminal repeats	NA	17	11	0.9807	NA	0	9.6736	Viruses;Duplodnaviria;Heunggongvirae;Uroviricota;Caudoviricetes
k141_1086848	5261	No terminal repeats	NA	9	11	0.9807	NA	2	14.6549	Viruses;Duplodnaviria;Heunggongvirae;Uroviricota;Caudoviricetes
k141_1164581	6189	No terminal repeats	NA	8	11	0.9807	NA	1	11.4372	Viruses;Duplodnaviria;Heunggongvirae;Uroviricota;Caudoviricetes
k141_1722856	4894	No terminal repeats	NA	7	11	0.9807	NA	2	8.5914	Viruses;Duplodnaviria;Heunggongvirae;Uroviricota;Caudoviricetes
k141_92633	6147	No terminal repeats	NA	7	11	0.9807	NA	0	8.4092	Viruses;Duplodnaviria;Heunggongvirae;Uroviricota;Caudoviricetes
k141_1468675	5317	No terminal repeats	NA	9	11	0.9807	NA	2	10.9901	Viruses;Duplodnaviria;Heunggongvirae;Uroviricota;Caudoviricetes
k141_256665	3864	No terminal repeats	NA	5	11	0.9807	NA	0	6.8731	Viruses;Duplodnaviria;Heunggongvirae;Uroviricota;Caudoviricetes
k141_213543	4790	No terminal repeats	NA	5	11	0.9807	NA	1	5.7370	Viruses;Duplodnaviria;Heunggongvirae;Uroviricota;Caudoviricetes
k141_704664	7938	No terminal repeats	NA	9	11	0.9807	NA	1	12.2601	Viruses;Duplodnaviria;Heunggongvirae;Uroviricota;Caudoviricetes
k141_1611932	4140	No terminal repeats	NA	7	11	0.9807	NA	1	11.5932	Viruses;Duplodnaviria;Heunggongvirae;Uroviricota;Caudoviricetes
k141_1895701	4980	No terminal repeats	NA	10	11	0.9807	NA	1	14.9632	Viruses;Duplodnaviria;Heunggongvirae;Uroviricota;Caudoviricetes
k141_1177270	3587	No terminal repeats	NA	5	11	0.9807	NA	0	8.5755	Viruses;Duplodnaviria;Heunggongvirae;Uroviricota;Caudoviricetes
k141_1783125	7062	No terminal repeats	NA	9	11	0.9807	NA	1	9.9956	Viruses;Duplodnaviria;Heunggongvirae;Uroviricota;Caudoviricetes
k141_689792	4388	No terminal repeats	NA	11	11	0.9807	NA	1	14.3792	Viruses;Duplodnaviria;Heunggongvirae;Uroviricota;Caudoviricetes
k141_202417	6177	No terminal repeats	NA	5	11	0.9807	NA	1	5.1548	Viruses;Duplodnaviria;Heunggongvirae;Uroviricota;Caudoviricetes
k141_309399	5619	No terminal repeats	NA	15	11	0.9807	NA	0	16.3731	Viruses;Duplodnaviria;Heunggongvirae;Uroviricota;Caudoviricetes
k141_449525	9823	No terminal repeats	NA	9	11	0.9807	NA	1	10.3097	Viruses;Duplodnaviria;Heunggongvirae;Uroviricota;Caudoviricetes
k141_114259	3716	No terminal repeats	NA	6	11	0.9806	NA	0	10.0463	Viruses;Duplodnaviria;Heunggongvirae;Uroviricota;Caudoviricetes
k141_1328277	3874	No terminal repeats	NA	5	11	0.9806	NA	0	8.5914	Unclassified
k141_488854	3740	No terminal repeats	NA	5	11	0.9806	NA	1	5.1548	Viruses;Duplodnaviria;Heunggongvirae;Uroviricota;Caudoviricetes
k141_1313721	9422	No terminal repeats	NA	15	11	0.9806	NA	3	22.9495	Viruses;Duplodnaviria;Heunggongvirae;Uroviricota;Caudoviricetes
k141_124816	3512	No terminal repeats	NA	5	11	0.9806	NA	1	8.5914	Viruses;Duplodnaviria;Heunggongvirae;Uroviricota;Caudoviricetes
k141_48814	3718	No terminal repeats	NA	6	11	0.9806	NA	3	6.5167	Viruses;Duplodnaviria;Heunggongvirae;Uroviricota;Caudoviricetes
k141_1694434	3726	No terminal repeats	NA	8	11	0.9806	NA	2	11.8247	Viruses;Duplodnaviria;Heunggongvirae;Uroviricota;Caudoviricetes
k141_232592	8475	No terminal repeats	NA	12	11	0.9806	NA	1	12.4427	Viruses;Duplodnaviria;Heunggongvirae;Uroviricota;Caudoviricetes
k141_1264077	6173	No terminal repeats	NA	8	11	0.9806	NA	0	8.4897	Viruses;Duplodnaviria;Heunggongvirae;Uroviricota;Caudoviricetes
k141_1277090	5332	No terminal repeats	NA	6	11	0.9806	NA	2	8.5531	Viruses;Duplodnaviria;Heunggongvirae;Uroviricota;Caudoviricetes;Autographiviridae
k141_1984287	4160	No terminal repeats	NA	7	11	0.9806	NA	2	9.7210	Viruses;Duplodnaviria;Heunggongvirae;Uroviricota;Caudoviricetes
k141_1175644	3846	No terminal repeats	NA	7	11	0.9806	NA	0	10.3071	Viruses;Duplodnaviria;Heunggongvirae;Uroviricota;Caudoviricetes
k141_332056	5883	No terminal repeats	NA	8	11	0.9806	NA	4	13.7463	Viruses;Duplodnaviria;Heunggongvirae;Uroviricota;Caudoviricetes
k141_634210	4478	No terminal repeats	NA	9	11	0.9806	NA	0	6.8722	Viruses;Duplodnaviria;Heunggongvirae;Uroviricota;Caudoviricetes
k141_1192389	7024	No terminal repeats	NA	16	11	0.9806	NA	2	19.1368	Viruses;Duplodnaviria;Heunggongvirae;Uroviricota;Caudoviricetes
k141_23573	8485	No terminal repeats	NA	16	11	0.9806	NA	2	17.7403	Viruses;Duplodnaviria;Heunggongvirae;Uroviricota;Caudoviricetes
k141_822036	5087	No terminal repeats	NA	6	11	0.9806	NA	1	9.7196	Viruses;Duplodnaviria;Heunggongvirae;Uroviricota;Caudoviricetes
k141_585476	3573	No terminal repeats	NA	7	11	0.9805	NA	2	7.9009	Viruses;Duplodnaviria;Heunggongvirae;Uroviricota;Caudoviricetes
k141_1680488	4132	No terminal repeats	NA	8	11	0.9805	NA	0	9.5623	Viruses;Duplodnaviria;Heunggongvirae;Uroviricota;Caudoviricetes
k141_1813178	4520	No terminal repeats	NA	7	11	0.9805	NA	0	6.6027	Viruses;Duplodnaviria;Heunggongvirae;Uroviricota;Caudoviricetes
k141_1261064	4718	No terminal repeats	NA	7	11	0.9805	NA	1	10.2986	Viruses;Duplodnaviria;Heunggongvirae;Uroviricota;Caudoviricetes
k141_560939	4480	No terminal repeats	NA	5	11	0.9805	NA	1	5.1548	Viruses;Duplodnaviria;Heunggongvirae;Uroviricota;Caudoviricetes
k141_110885	3507	No terminal repeats	NA	10	11	0.9805	NA	0	15.4645	Viruses;Duplodnaviria;Heunggongvirae;Uroviricota;Caudoviricetes
k141_1650933	4956	No terminal repeats	NA	8	11	0.9805	NA	0	8.3512	Viruses;Duplodnaviria;Heunggongvirae;Uroviricota;Caudoviricetes
k141_373640	7023	No terminal repeats	NA	13	11	0.9805	NA	1	12.9912	Viruses;Duplodnaviria;Heunggongvirae;Uroviricota;Caudoviricetes
k141_300045	6732	No terminal repeats	NA	8	11	0.9805	NA	2	11.8969	Viruses;Duplodnaviria;Heunggongvirae;Uroviricota;Caudoviricetes
k141_720928	6630	No terminal repeats	NA	14	11	0.9805	NA	1	21.7661	Viruses;Duplodnaviria;Heunggongvirae;Uroviricota;Caudoviricetes
k141_617628	3730	No terminal repeats	NA	6	11	0.9805	NA	3	6.8731	Viruses;Duplodnaviria;Heunggongvirae;Uroviricota;Caudoviricetes
k141_1452117	3986	No terminal repeats	NA	5	11	0.9805	NA	1	8.4412	Viruses;Duplodnaviria;Heunggongvirae;Uroviricota;Caudoviricetes
k141_129831	3522	No terminal repeats	NA	6	11	0.9805	NA	0	10.3097	Viruses;Duplodnaviria;Heunggongvirae;Uroviricota;Caudoviricetes
k141_236939	4299	No terminal repeats	NA	7	11	0.9805	NA	3	7.9048	Viruses;Duplodnaviria;Heunggongvirae;Uroviricota;Caudoviricetes
k141_17256	3662	No terminal repeats	NA	5	11	0.9804	NA	2	6.6797	Viruses;Duplodnaviria;Heunggongvirae;Uroviricota;Caudoviricetes
k141_227715	4119	No terminal repeats	NA	5	11	0.9804	NA	3	5.8373	Viruses;Duplodnaviria;Heunggongvirae;Uroviricota;Caudoviricetes
k141_1218993	3591	No terminal repeats	NA	5	11	0.9804	NA	0	6.8518	Viruses;Duplodnaviria;Heunggongvirae;Uroviricota;Caudoviricetes;Kyanoviridae
k141_755082	3761	No terminal repeats	NA	5	11	0.9804	NA	0	6.2571	Viruses;Duplodnaviria;Heunggongvirae;Uroviricota;Caudoviricetes
k141_792176	40293	No terminal repeats	NA	58	11	0.9804	NA	2	58.0560	Viruses;Duplodnaviria;Heunggongvirae;Uroviricota;Caudoviricetes
k141_783436	7057	No terminal repeats	NA	10	11	0.9804	NA	6	11.6561	Viruses;Duplodnaviria;Heunggongvirae;Uroviricota;Caudoviricetes
k141_584899	4998	No terminal repeats	NA	7	11	0.9804	NA	1	10.2246	Viruses;Duplodnaviria;Heunggongvirae;Uroviricota;Caudoviricetes
k141_945015	5781	No terminal repeats	NA	5	11	0.9804	NA	1	7.5822	Viruses;Duplodnaviria;Heunggongvirae;Uroviricota;Caudoviricetes
k141_260567	3523	No terminal repeats	NA	5	11	0.9804	NA	4	8.5914	Viruses;Duplodnaviria;Heunggongvirae;Uroviricota;Caudoviricetes
k141_678356	3560	No terminal repeats	NA	9	11	0.9804	NA	0	6.6576	Viruses;Duplodnaviria;Heunggongvirae;Uroviricota;Caudoviricetes
k141_925895	5257	No terminal repeats	NA	13	11	0.9804	NA	0	7.6701	Viruses;Duplodnaviria;Heunggongvirae;Uroviricota;Caudoviricetes
k141_1787191	8400	No terminal repeats	NA	18	11	0.9804	NA	2	14.1266	Viruses;Duplodnaviria;Heunggongvirae;Uroviricota;Caudoviricetes
k141_1515995	5347	No terminal repeats	NA	19	11	0.9803	NA	0	10.4616	Viruses;Adnaviria;Zilligvirae;Taleaviricota;Tokiviricetes;Primavirales;Tristromaviridae
k141_1563654	3531	No terminal repeats	NA	6	11	0.9803	NA	1	8.5631	Viruses;Duplodnaviria;Heunggongvirae;Uroviricota;Caudoviricetes
k141_76364	4253	No terminal repeats	NA	12	11	0.9803	NA	1	7.2141	Viruses;Duplodnaviria;Heunggongvirae;Uroviricota;Caudoviricetes
k141_800401	4319	No terminal repeats	NA	7	11	0.9803	NA	2	5.8241	Viruses;Duplodnaviria;Heunggongvirae;Uroviricota;Caudoviricetes
k141_524701	7024	No terminal repeats	NA	17	11	0.9803	NA	2	15.0253	Viruses;Duplodnaviria;Heunggongvirae;Uroviricota;Caudoviricetes
k141_936266	9417	No terminal repeats	NA	12	11	0.9803	NA	2	19.2167	Viruses;Duplodnaviria;Heunggongvirae;Uroviricota;Caudoviricetes
k141_1278436	5106	No terminal repeats	NA	7	11	0.9803	NA	1	9.6732	Viruses;Duplodnaviria;Heunggongvirae;Uroviricota;Caudoviricetes
k141_936190	5138	No terminal repeats	NA	6	11	0.9803	NA	1	9.8075	Viruses;Duplodnaviria;Heunggongvirae;Uroviricota;Caudoviricetes
k141_357789	3650	No terminal repeats	NA	8	11	0.9803	NA	0	11.9267	Viruses;Duplodnaviria;Heunggongvirae;Uroviricota;Caudoviricetes
k141_1262157	5463	No terminal repeats	NA	7	11	0.9803	NA	0	11.9341	Viruses;Duplodnaviria;Heunggongvirae;Uroviricota;Caudoviricetes
k141_1672025	3953	No terminal repeats	NA	5	11	0.9803	NA	0	6.6698	Viruses;Duplodnaviria;Heunggongvirae;Uroviricota;Caudoviricetes
k141_907821	5964	No terminal repeats	NA	6	11	0.9802	NA	1	10.0887	Viruses;Duplodnaviria;Heunggongvirae;Uroviricota;Caudoviricetes
k141_103025	6781	No terminal repeats	NA	5	11	0.9802	NA	0	7.6574	Viruses;Varidnaviria;Bamfordvirae;Nucleocytoviricota;Megaviricetes;Algavirales;Phycodnaviridae
k141_346582	8335	No terminal repeats	NA	11	11	0.9802	NA	1	17.1242	Viruses;Duplodnaviria;Heunggongvirae;Uroviricota;Caudoviricetes
k141_683109	4366	No terminal repeats	NA	7	11	0.9802	NA	1	6.4908	Viruses;Duplodnaviria;Heunggongvirae;Uroviricota;Caudoviricetes
k141_1678807	5615	No terminal repeats	NA	10	11	0.9802	NA	2	15.9341	Viruses;Duplodnaviria;Heunggongvirae;Uroviricota;Caudoviricetes
k141_426133	9637	No terminal repeats	NA	14	11	0.9802	NA	1	7.6785	Viruses;Duplodnaviria;Heunggongvirae;Uroviricota;Caudoviricetes
k141_151156	5082	No terminal repeats	NA	11	11	0.9802	NA	1	6.0939	Viruses;Duplodnaviria;Heunggongvirae;Uroviricota;Caudoviricetes
k141_1332038	5237	No terminal repeats	NA	7	11	0.9802	NA	2	10.2799	Viruses;Duplodnaviria;Heunggongvirae;Uroviricota;Caudoviricetes
k141_1277393	3707	No terminal repeats	NA	12	11	0.9802	NA	0	10.0632	Viruses;Duplodnaviria;Heunggongvirae;Uroviricota;Caudoviricetes
k141_1804602	7520	No terminal repeats	NA	16	11	0.9802	NA	0	9.2915	Viruses;Duplodnaviria;Heunggongvirae;Uroviricota;Caudoviricetes
k141_1143083	3845	No terminal repeats	NA	8	11	0.9802	NA	2	13.1488	Viruses;Duplodnaviria;Heunggongvirae;Uroviricota;Caudoviricetes
k141_484980	32106	No terminal repeats	NA	40	11	0.9802	NA	3	25.0839	Viruses;Duplodnaviria;Heunggongvirae;Uroviricota;Caudoviricetes
k141_1702242	5763	No terminal repeats	NA	8	11	0.9801	NA	0	6.5586	Viruses;Duplodnaviria;Heunggongvirae;Uroviricota;Caudoviricetes
k141_230610	7789	No terminal repeats	NA	9	11	0.9801	NA	0	5.1548	Viruses;Duplodnaviria;Heunggongvirae;Uroviricota;Caudoviricetes
k141_1502030	4217	No terminal repeats	NA	9	11	0.9801	NA	3	13.7445	Viruses;Duplodnaviria;Heunggongvirae;Uroviricota;Caudoviricetes
k141_1343276	4774	No terminal repeats	NA	5	11	0.9801	NA	2	8.4274	Viruses;Duplodnaviria;Heunggongvirae;Uroviricota;Caudoviricetes
k141_525157	5933	No terminal repeats	NA	5	11	0.9801	NA	0	5.8256	Viruses;Duplodnaviria;Heunggongvirae;Uroviricota;Caudoviricetes
k141_779385	8445	No terminal repeats	NA	9	11	0.9801	NA	0	5.1548	Viruses;Duplodnaviria;Heunggongvirae;Uroviricota;Caudoviricetes
k141_757226	2913	No terminal repeats	NA	5	11	0.9801	NA	1	8.1644	Viruses;Duplodnaviria;Heunggongvirae;Uroviricota;Caudoviricetes
k141_708570	3821	No terminal repeats	NA	10	11	0.9801	NA	2	15.4645	Viruses;Duplodnaviria;Heunggongvirae;Uroviricota;Caudoviricetes
k141_1210885	6188	No terminal repeats	NA	5	11	0.9800	NA	1	7.6268	Viruses;Duplodnaviria;Heunggongvirae;Uroviricota;Caudoviricetes;Herelleviridae
k141_727058	7611	No terminal repeats	NA	7	11	0.9800	NA	3	9.4389	Viruses;Duplodnaviria;Heunggongvirae;Uroviricota;Caudoviricetes
k141_141843	4335	No terminal repeats	NA	6	11	0.9800	NA	1	10.1103	Viruses;Duplodnaviria;Heunggongvirae;Uroviricota;Caudoviricetes
k141_227852	4535	No terminal repeats	NA	5	11	0.9800	NA	4	7.4703	Viruses;Duplodnaviria;Heunggongvirae;Uroviricota;Caudoviricetes
k141_331619	5981	No terminal repeats	NA	7	11	0.9800	NA	0	11.1110	Viruses;Duplodnaviria;Heunggongvirae;Uroviricota;Caudoviricetes
k141_1710431	3875	No terminal repeats	NA	5	11	0.9800	NA	0	5.1548	Viruses;Duplodnaviria;Heunggongvirae;Uroviricota;Caudoviricetes
k141_642829	3978	No terminal repeats	NA	6	11	0.9800	NA	0	6.7424	Viruses;Duplodnaviria;Heunggongvirae;Uroviricota;Caudoviricetes
k141_962604	4584	No terminal repeats	NA	6	11	0.9800	NA	3	6.4334	Viruses;Duplodnaviria;Heunggongvirae;Uroviricota;Caudoviricetes
k141_108622	4673	No terminal repeats	NA	7	11	0.9800	NA	1	8.0879	Viruses;Duplodnaviria;Heunggongvirae;Uroviricota;Caudoviricetes
k141_118601	3964	No terminal repeats	NA	10	11	0.9800	NA	0	9.0580	Viruses;Duplodnaviria;Heunggongvirae;Uroviricota;Caudoviricetes
k141_686031	3971	No terminal repeats	NA	9	11	0.9800	NA	1	13.6424	Viruses;Duplodnaviria;Heunggongvirae;Uroviricota;Caudoviricetes
k141_397589	3810	No terminal repeats	NA	5	11	0.9800	NA	1	5.1548	Viruses;Duplodnaviria;Heunggongvirae;Uroviricota;Caudoviricetes
k141_1175428	3591	No terminal repeats	NA	6	11	0.9800	NA	1	8.9512	Viruses;Duplodnaviria;Heunggongvirae;Uroviricota;Caudoviricetes
k141_637350	9072	No terminal repeats	NA	8	11	0.9800	NA	0	12.0280	Viruses;Duplodnaviria;Heunggongvirae;Uroviricota;Caudoviricetes
k141_617451	4904	No terminal repeats	NA	6	11	0.9800	NA	2	6.8568	Viruses;Duplodnaviria;Heunggongvirae;Uroviricota;Caudoviricetes
k141_1338899	4392	No terminal repeats	NA	12	11	0.9800	NA	0	10.0179	Viruses;Adnaviria;Zilligvirae;Taleaviricota;Tokiviricetes;Primavirales;Tristromaviridae
k141_430541	7956	No terminal repeats	NA	12	11	0.9800	NA	3	20.4090	Viruses;Duplodnaviria;Heunggongvirae;Uroviricota;Caudoviricetes
k141_121853	8880	No terminal repeats	NA	7	11	0.9800	NA	3	8.5100	Viruses;Duplodnaviria;Heunggongvirae;Uroviricota;Caudoviricetes
k141_1697758	8852	No terminal repeats	NA	8	11	0.9800	NA	0	6.8731	Viruses;Duplodnaviria;Heunggongvirae;Uroviricota;Caudoviricetes
k141_1600812	6963	No terminal repeats	NA	8	11	0.9800	NA	1	11.5161	Viruses;Duplodnaviria;Heunggongvirae;Uroviricota;Caudoviricetes
k141_345366	5565	No terminal repeats	NA	11	11	0.9799	NA	0	4.8374	Viruses;Duplodnaviria;Heunggongvirae;Uroviricota;Caudoviricetes
k141_1435060	8144	No terminal repeats	NA	20	11	0.9799	NA	0	13.9098	Viruses;Duplodnaviria;Heunggongvirae;Uroviricota;Caudoviricetes
k141_297550	4146	No terminal repeats	NA	6	11	0.9799	NA	1	8.0037	Viruses;Duplodnaviria;Heunggongvirae;Uroviricota;Caudoviricetes
k141_647287	4460	No terminal repeats	NA	9	11	0.9799	NA	2	13.1149	Viruses;Duplodnaviria;Heunggongvirae;Uroviricota;Caudoviricetes
k141_273078	7911	No terminal repeats	NA	8	11	0.9799	NA	1	7.7053	Viruses;Duplodnaviria;Heunggongvirae;Uroviricota;Caudoviricetes
k141_56213	5538	No terminal repeats	NA	5	11	0.9799	NA	1	7.2149	Viruses;Duplodnaviria;Heunggongvirae;Uroviricota;Caudoviricetes;Kyanoviridae
k141_573622	6440	No terminal repeats	NA	6	11	0.9799	NA	1	5.9155	Viruses;Duplodnaviria;Heunggongvirae;Uroviricota;Caudoviricetes;Kyanoviridae
k141_1755394	5730	No terminal repeats	NA	11	11	0.9799	NA	0	17.9865	Viruses;Duplodnaviria;Heunggongvirae;Uroviricota;Caudoviricetes
k141_364238	6587	No terminal repeats	NA	8	11	0.9799	NA	1	8.3494	Viruses;Duplodnaviria;Heunggongvirae;Uroviricota;Caudoviricetes
k141_219260	2922	No terminal repeats	NA	7	11	0.9799	NA	2	11.7638	Viruses;Duplodnaviria;Heunggongvirae;Uroviricota;Caudoviricetes
k141_740877	4793	No terminal repeats	NA	5	11	0.9799	NA	0	7.5688	Viruses;Varidnaviria;Bamfordvirae;Nucleocytoviricota;Megaviricetes;Algavirales;Phycodnaviridae
k141_745560	4095	No terminal repeats	NA	7	11	0.9798	NA	0	10.3097	Viruses;Duplodnaviria;Heunggongvirae;Uroviricota;Caudoviricetes
k141_145547	4045	No terminal repeats	NA	5	11	0.9798	NA	2	6.5494	Viruses;Duplodnaviria;Heunggongvirae;Uroviricota;Caudoviricetes
k141_1664000	3637	No terminal repeats	NA	9	11	0.9798	NA	0	12.7546	Viruses;Duplodnaviria;Heunggongvirae;Uroviricota;Caudoviricetes
k141_458883	4219	No terminal repeats	NA	6	11	0.9798	NA	1	6.8731	Viruses;Duplodnaviria;Heunggongvirae;Uroviricota;Caudoviricetes
k141_46072	4135	No terminal repeats	NA	7	11	0.9798	NA	1	10.3056	Viruses;Duplodnaviria;Heunggongvirae;Uroviricota;Caudoviricetes
k141_27972	9825	No terminal repeats	NA	9	11	0.9798	NA	1	12.0251	Viruses;Duplodnaviria;Heunggongvirae;Uroviricota;Caudoviricetes
k141_1814525	5674	No terminal repeats	NA	17	11	0.9798	NA	1	23.8932	Viruses;Duplodnaviria;Heunggongvirae;Uroviricota;Caudoviricetes
k141_1952738	3860	No terminal repeats	NA	7	11	0.9798	NA	2	8.1957	Viruses;Duplodnaviria;Heunggongvirae;Uroviricota;Caudoviricetes
k141_466645	4439	No terminal repeats	NA	9	11	0.9798	NA	2	13.3793	Viruses;Duplodnaviria;Heunggongvirae;Uroviricota;Caudoviricetes
k141_1706124	5359	No terminal repeats	NA	13	11	0.9798	NA	0	13.7435	Viruses;Duplodnaviria;Heunggongvirae;Uroviricota;Caudoviricetes
k141_345414	3796	No terminal repeats	NA	7	11	0.9798	NA	2	12.0274	Viruses;Duplodnaviria;Heunggongvirae;Uroviricota;Caudoviricetes
k141_477175	6256	No terminal repeats	NA	13	11	0.9798	NA	0	19.9740	Viruses;Duplodnaviria;Heunggongvirae;Uroviricota;Caudoviricetes
k141_106804	4727	No terminal repeats	NA	9	11	0.9798	NA	0	8.5914	Viruses;Duplodnaviria;Heunggongvirae;Uroviricota;Caudoviricetes
k141_1005376	4478	No terminal repeats	NA	13	11	0.9798	NA	0	17.9282	Viruses;Duplodnaviria;Heunggongvirae;Uroviricota;Caudoviricetes
k141_142622	3679	No terminal repeats	NA	7	11	0.9797	NA	2	10.5754	Viruses;Duplodnaviria;Heunggongvirae;Uroviricota;Caudoviricetes
k141_503781	2819	No terminal repeats	NA	8	11	0.9797	NA	2	8.5914	Viruses;Duplodnaviria;Heunggongvirae;Uroviricota;Caudoviricetes;Demerecviridae
k141_836693	5695	No terminal repeats	NA	14	11	0.9797	NA	2	17.8432	Viruses;Duplodnaviria;Heunggongvirae;Uroviricota;Caudoviricetes
k141_332067	6769	No terminal repeats	NA	6	11	0.9797	NA	2	9.0094	Viruses;Duplodnaviria;Heunggongvirae;Uroviricota;Caudoviricetes
k141_967268	6323	No terminal repeats	NA	6	11	0.9797	NA	1	6.3405	Viruses;Duplodnaviria;Heunggongvirae;Uroviricota;Caudoviricetes
k141_634337	4496	No terminal repeats	NA	5	11	0.9797	NA	3	6.6218	Viruses;Duplodnaviria;Heunggongvirae;Uroviricota;Caudoviricetes
k141_1231991	3945	No terminal repeats	NA	10	11	0.9797	NA	1	9.9623	Viruses;Duplodnaviria;Heunggongvirae;Uroviricota;Caudoviricetes
k141_1604339	8548	No terminal repeats	NA	16	11	0.9797	NA	1	20.6387	Viruses;Duplodnaviria;Heunggongvirae;Uroviricota;Caudoviricetes
k141_1429041	3870	No terminal repeats	NA	7	11	0.9797	NA	3	12.0280	Viruses;Duplodnaviria;Heunggongvirae;Uroviricota;Caudoviricetes
k141_1077166	4942	No terminal repeats	NA	7	11	0.9797	NA	0	8.1754	Viruses;Duplodnaviria;Heunggongvirae;Uroviricota;Caudoviricetes
k141_1208354_2	3892	No terminal repeats	NA	5	11	0.9797	NA	1	6.8731	Viruses;Duplodnaviria;Heunggongvirae;Uroviricota;Caudoviricetes
k141_310618	8065	No terminal repeats	NA	9	11	0.9797	NA	5	8.4944	Viruses;Duplodnaviria;Heunggongvirae;Uroviricota;Caudoviricetes
k141_1632766	6268	No terminal repeats	NA	10	11	0.9797	NA	1	17.1828	Viruses;Duplodnaviria;Heunggongvirae;Uroviricota;Caudoviricetes
k141_524189	5063	No terminal repeats	NA	6	11	0.9797	NA	0	6.8702	Viruses;Duplodnaviria;Heunggongvirae;Uroviricota;Caudoviricetes;Chaseviridae
k141_1477341	5525	No terminal repeats	NA	13	11	0.9796	NA	1	8.4976	Viruses;Duplodnaviria;Heunggongvirae;Uroviricota;Caudoviricetes
k141_152881	4574	No terminal repeats	NA	6	11	0.9796	NA	2	7.7123	Viruses;Duplodnaviria;Heunggongvirae;Uroviricota;Caudoviricetes
k141_1495811	5520	No terminal repeats	NA	6	11	0.9796	NA	1	5.1548	Viruses;Duplodnaviria;Heunggongvirae;Uroviricota;Caudoviricetes
k141_937622	5953	No terminal repeats	NA	10	11	0.9796	NA	2	16.5313	Viruses;Duplodnaviria;Heunggongvirae;Uroviricota;Caudoviricetes
k141_1942864	4367	No terminal repeats	NA	7	11	0.9796	NA	0	9.2483	Viruses;Duplodnaviria;Heunggongvirae;Uroviricota;Caudoviricetes
k141_1231596	5603	No terminal repeats	NA	13	11	0.9796	NA	0	17.1828	Viruses;Duplodnaviria;Heunggongvirae;Uroviricota;Caudoviricetes
k141_123258	4200	No terminal repeats	NA	11	11	0.9796	NA	0	13.3228	Viruses;Duplodnaviria;Heunggongvirae;Uroviricota;Caudoviricetes
k141_539527	4264	No terminal repeats	NA	10	11	0.9795	NA	1	12.4306	Viruses;Duplodnaviria;Heunggongvirae;Uroviricota;Caudoviricetes
k141_1331280	5064	No terminal repeats	NA	8	11	0.9795	NA	2	8.2507	Viruses;Duplodnaviria;Heunggongvirae;Uroviricota;Caudoviricetes
k141_1279324	4671	No terminal repeats	NA	7	11	0.9795	NA	0	8.5914	Viruses;Duplodnaviria;Heunggongvirae;Uroviricota;Caudoviricetes;Kyanoviridae
k141_575158	4307	No terminal repeats	NA	7	11	0.9795	NA	2	6.6981	Viruses;Duplodnaviria;Heunggongvirae;Uroviricota;Caudoviricetes
k141_463597	3503	No terminal repeats	NA	6	11	0.9795	NA	2	9.7913	Viruses;Duplodnaviria;Heunggongvirae;Uroviricota;Caudoviricetes
k141_538976	4891	No terminal repeats	NA	9	11	0.9795	NA	0	9.3928	Viruses;Duplodnaviria;Heunggongvirae;Uroviricota;Caudoviricetes
k141_1494683	5037	No terminal repeats	NA	9	11	0.9795	NA	2	9.8198	Viruses;Duplodnaviria;Heunggongvirae;Uroviricota;Caudoviricetes;Autographiviridae
k141_329756	5327	No terminal repeats	NA	8	11	0.9795	NA	0	8.3822	Viruses;Duplodnaviria;Heunggongvirae;Uroviricota;Caudoviricetes
k141_467106	4212	No terminal repeats	NA	6	11	0.9795	NA	3	9.7919	Viruses;Duplodnaviria;Heunggongvirae;Uroviricota;Caudoviricetes
k141_1292004	7281	No terminal repeats	NA	12	11	0.9795	NA	1	15.3459	Viruses;Duplodnaviria;Heunggongvirae;Uroviricota;Caudoviricetes
k141_1929761	3539	No terminal repeats	NA	5	11	0.9795	NA	1	4.7436	Viruses;Duplodnaviria;Heunggongvirae;Uroviricota;Caudoviricetes
k141_39315	3526	No terminal repeats	NA	8	11	0.9795	NA	0	7.9873	Viruses;Duplodnaviria;Heunggongvirae;Uroviricota;Caudoviricetes;Schitoviridae
k141_1430385	5092	No terminal repeats	NA	5	11	0.9795	NA	1	8.4559	Viruses;Duplodnaviria;Heunggongvirae;Uroviricota;Caudoviricetes
k141_231152	3614	No terminal repeats	NA	11	11	0.9794	NA	0	18.9011	Viruses;Duplodnaviria;Heunggongvirae;Uroviricota;Caudoviricetes
k141_1274210	3989	No terminal repeats	NA	8	11	0.9794	NA	1	11.8356	Viruses;Duplodnaviria;Heunggongvirae;Uroviricota;Caudoviricetes
k141_1568088	5464	No terminal repeats	NA	6	11	0.9794	NA	1	8.7191	Viruses;Duplodnaviria;Heunggongvirae;Uroviricota;Caudoviricetes;Kyanoviridae
k141_1185889	8713	No terminal repeats	NA	13	11	0.9794	NA	4	15.2723	Viruses;Duplodnaviria;Heunggongvirae;Uroviricota;Caudoviricetes
k141_120690	4666	No terminal repeats	NA	6	11	0.9794	NA	0	5.0927	Viruses;Duplodnaviria;Heunggongvirae;Uroviricota;Caudoviricetes
k141_110468	3915	No terminal repeats	NA	5	11	0.9794	NA	2	5.1419	Viruses;Duplodnaviria;Heunggongvirae;Uroviricota;Caudoviricetes
k141_1049591	4030	No terminal repeats	NA	5	11	0.9794	NA	1	4.5536	Viruses;Duplodnaviria;Heunggongvirae;Uroviricota;Caudoviricetes
k141_501382	9116	No terminal repeats	NA	18	11	0.9794	NA	0	20.3639	Viruses;Duplodnaviria;Heunggongvirae;Uroviricota;Caudoviricetes
k141_22058	6915	No terminal repeats	NA	9	11	0.9793	NA	5	9.9027	Viruses;Duplodnaviria;Heunggongvirae;Uroviricota;Caudoviricetes
k141_284562	3709	No terminal repeats	NA	5	11	0.9793	NA	1	6.8731	Viruses;Duplodnaviria;Heunggongvirae;Uroviricota;Caudoviricetes
k141_1456610	4993	No terminal repeats	NA	11	11	0.9793	NA	1	10.0211	Viruses;Duplodnaviria;Heunggongvirae;Uroviricota;Caudoviricetes
k141_81517	6377	No terminal repeats	NA	7	11	0.9793	NA	4	8.6278	Viruses;Duplodnaviria;Heunggongvirae;Uroviricota;Caudoviricetes
k141_34818	4457	No terminal repeats	NA	6	11	0.9793	NA	2	8.3428	Viruses;Duplodnaviria;Heunggongvirae;Uroviricota;Caudoviricetes
k141_231521	4980	No terminal repeats	NA	7	11	0.9793	NA	2	7.2069	Viruses;Duplodnaviria;Heunggongvirae;Uroviricota;Caudoviricetes
k141_1193084	3852	No terminal repeats	NA	3	11	0.9793	NA	0	4.5388	Viruses;Duplodnaviria;Heunggongvirae;Uroviricota;Caudoviricetes;Kyanoviridae
k141_1844298	7155	No terminal repeats	NA	16	11	0.9793	NA	2	13.7384	Viruses;Duplodnaviria;Heunggongvirae;Uroviricota;Caudoviricetes
k141_1223231	3901	No terminal repeats	NA	9	11	0.9793	NA	0	11.4947	Viruses;Duplodnaviria;Heunggongvirae;Uroviricota;Caudoviricetes
k141_1072736	4655	No terminal repeats	NA	7	11	0.9793	NA	0	10.0684	Viruses;Duplodnaviria;Heunggongvirae;Uroviricota;Caudoviricetes
k141_186104	4265	No terminal repeats	NA	8	11	0.9793	NA	1	6.3980	Viruses;Duplodnaviria;Heunggongvirae;Uroviricota;Caudoviricetes
k141_676346	3671	No terminal repeats	NA	5	11	0.9793	NA	1	5.1548	Viruses;Duplodnaviria;Heunggongvirae;Uroviricota;Caudoviricetes
k141_77212	6402	No terminal repeats	NA	7	11	0.9793	NA	3	6.3557	Viruses;Duplodnaviria;Heunggongvirae;Uroviricota;Caudoviricetes
k141_868095	3808	No terminal repeats	NA	9	11	0.9792	NA	0	8.0447	Viruses;Duplodnaviria;Heunggongvirae;Uroviricota;Caudoviricetes
k141_1916120	4056	No terminal repeats	NA	7	11	0.9792	NA	1	6.2089	Viruses;Duplodnaviria;Heunggongvirae;Uroviricota;Caudoviricetes
k141_1087244	3764	No terminal repeats	NA	5	11	0.9792	NA	0	6.8713	Viruses;Duplodnaviria;Heunggongvirae;Uroviricota;Caudoviricetes
k141_571150	4133	No terminal repeats	NA	5	11	0.9792	NA	1	8.5882	Viruses;Duplodnaviria;Heunggongvirae;Uroviricota;Caudoviricetes
k141_988751	5349	No terminal repeats	NA	12	11	0.9792	NA	0	18.2149	Viruses;Duplodnaviria;Heunggongvirae;Uroviricota;Caudoviricetes
k141_438621	6173	No terminal repeats	NA	11	11	0.9792	NA	0	11.8405	Viruses;Duplodnaviria;Heunggongvirae;Uroviricota;Caudoviricetes
k141_35319	9229	No terminal repeats	NA	9	11	0.9792	NA	0	11.7515	Viruses;Duplodnaviria;Heunggongvirae;Uroviricota;Caudoviricetes
k141_12447	3901	No terminal repeats	NA	8	11	0.9792	NA	1	6.4331	Viruses;Duplodnaviria;Heunggongvirae;Uroviricota;Caudoviricetes
k141_21174	4844	No terminal repeats	NA	10	11	0.9792	NA	1	12.0248	Viruses;Duplodnaviria;Heunggongvirae;Uroviricota;Caudoviricetes
k141_675322	4790	No terminal repeats	NA	13	11	0.9792	NA	2	14.4668	Viruses;Duplodnaviria;Heunggongvirae;Uroviricota;Caudoviricetes
k141_563335	3575	No terminal repeats	NA	8	11	0.9791	NA	3	10.7134	Viruses;Duplodnaviria;Heunggongvirae;Uroviricota;Caudoviricetes
k141_119106	4910	No terminal repeats	NA	6	11	0.9791	NA	0	4.6880	Viruses;Duplodnaviria;Heunggongvirae;Uroviricota;Caudoviricetes
k141_536284	3795	No terminal repeats	NA	10	11	0.9791	NA	0	6.5432	Viruses;Duplodnaviria;Heunggongvirae;Uroviricota;Caudoviricetes
k141_1924463	4525	No terminal repeats	NA	5	11	0.9791	NA	2	5.1347	Viruses;Duplodnaviria;Heunggongvirae;Uroviricota;Caudoviricetes
k141_352078	4193	No terminal repeats	NA	11	11	0.9791	NA	2	9.8532	Viruses;Duplodnaviria;Heunggongvirae;Uroviricota;Caudoviricetes
k141_1182418	3943	No terminal repeats	NA	8	11	0.9791	NA	0	11.7407	Viruses;Duplodnaviria;Heunggongvirae;Uroviricota;Caudoviricetes
k141_1684785	6218	No terminal repeats	NA	5	11	0.9791	NA	0	6.2842	Viruses;Duplodnaviria;Heunggongvirae;Uroviricota;Caudoviricetes;Ackermannviridae
k141_696112	5584	No terminal repeats	NA	8	11	0.9791	NA	2	9.6389	Viruses;Duplodnaviria;Heunggongvirae;Uroviricota;Caudoviricetes
k141_124055	3819	No terminal repeats	NA	7	11	0.9791	NA	2	8.1649	Viruses;Duplodnaviria;Heunggongvirae;Uroviricota;Caudoviricetes
k141_163578	3968	No terminal repeats	NA	8	11	0.9791	NA	0	7.3597	Viruses;Duplodnaviria;Heunggongvirae;Uroviricota;Caudoviricetes
k141_1992888	8721	DTR	NA	11	11	0.9791	NA	0	14.4687	Viruses;Duplodnaviria;Heunggongvirae;Uroviricota;Caudoviricetes
k141_146787	4621	No terminal repeats	NA	5	11	0.9791	NA	0	4.7625	Viruses;Duplodnaviria;Heunggongvirae;Uroviricota;Caudoviricetes
k141_45138	20283	No terminal repeats	NA	23	11	0.9791	NA	5	19.8831	Viruses;Duplodnaviria;Heunggongvirae;Uroviricota;Caudoviricetes
k141_1872349	7003	No terminal repeats	NA	7	11	0.9790	NA	0	6.7926	Viruses;Duplodnaviria;Heunggongvirae;Uroviricota;Caudoviricetes
k141_449474	7371	No terminal repeats	NA	17	11	0.9790	NA	0	8.0214	Viruses;Duplodnaviria;Heunggongvirae;Uroviricota;Caudoviricetes
k141_849187	4075	No terminal repeats	NA	8	11	0.9790	NA	0	6.6760	Viruses;Duplodnaviria;Heunggongvirae;Uroviricota;Caudoviricetes
k141_99625	5427	No terminal repeats	NA	8	11	0.9790	NA	0	8.1154	Viruses;Duplodnaviria;Heunggongvirae;Uroviricota;Caudoviricetes
k141_1629863	3575	No terminal repeats	NA	8	11	0.9790	NA	1	6.6745	Viruses;Duplodnaviria;Heunggongvirae;Uroviricota;Caudoviricetes
k141_971358	7616	No terminal repeats	NA	8	11	0.9790	NA	3	9.7160	Viruses;Duplodnaviria;Heunggongvirae;Uroviricota;Caudoviricetes
k141_288255	6427	No terminal repeats	NA	9	11	0.9789	NA	0	4.6113	Viruses;Duplodnaviria;Heunggongvirae;Uroviricota;Caudoviricetes;Kyanoviridae
k141_1652939	4910	No terminal repeats	NA	8	11	0.9789	NA	2	12.0280	Viruses;Duplodnaviria;Heunggongvirae;Uroviricota;Caudoviricetes
k141_900933	5137	No terminal repeats	NA	6	11	0.9789	NA	2	6.1127	Viruses;Duplodnaviria;Heunggongvirae;Uroviricota;Caudoviricetes
k141_944037	4331	No terminal repeats	NA	7	11	0.9789	NA	1	10.3097	Viruses;Duplodnaviria;Heunggongvirae;Uroviricota;Caudoviricetes
k141_1035596	3617	No terminal repeats	NA	6	11	0.9789	NA	0	9.6031	Viruses;Duplodnaviria;Heunggongvirae;Uroviricota;Caudoviricetes
k141_7253	4033	No terminal repeats	NA	13	11	0.9789	NA	0	18.7967	Viruses;Duplodnaviria;Heunggongvirae;Uroviricota;Caudoviricetes
k141_1922395	5272	No terminal repeats	NA	3	11	0.9789	NA	0	5.1477	Viruses;Duplodnaviria;Heunggongvirae;Uroviricota;Caudoviricetes
k141_873237	5274	No terminal repeats	NA	8	11	0.9789	NA	0	8.5798	Viruses;Duplodnaviria;Heunggongvirae;Uroviricota;Caudoviricetes
k141_825972	6185	No terminal repeats	NA	7	11	0.9789	NA	0	4.6113	Viruses;Duplodnaviria;Heunggongvirae;Uroviricota;Caudoviricetes;Kyanoviridae
k141_35889	6677	No terminal repeats	NA	8	11	0.9789	NA	3	10.3097	Viruses;Duplodnaviria;Heunggongvirae;Uroviricota;Caudoviricetes
k141_1991805	6453	No terminal repeats	NA	7	11	0.9789	NA	0	9.8165	Viruses;Duplodnaviria;Heunggongvirae;Uroviricota;Caudoviricetes
k141_272099	6272	No terminal repeats	NA	15	11	0.9788	NA	1	22.4996	Viruses;Duplodnaviria;Heunggongvirae;Uroviricota;Caudoviricetes
k141_327809	3525	No terminal repeats	NA	7	11	0.9788	NA	2	5.0298	Viruses;Duplodnaviria;Heunggongvirae;Uroviricota;Caudoviricetes
k141_1833370	4560	No terminal repeats	NA	5	11	0.9788	NA	0	6.5197	Viruses;Duplodnaviria;Heunggongvirae;Uroviricota;Caudoviricetes
k141_1420587	5189	No terminal repeats	NA	6	11	0.9788	NA	1	10.0464	Viruses;Duplodnaviria;Heunggongvirae;Uroviricota;Caudoviricetes;Demerecviridae
k141_339503	4780	No terminal repeats	NA	8	11	0.9788	NA	2	8.0754	Viruses;Duplodnaviria;Heunggongvirae;Uroviricota;Caudoviricetes
k141_1428070	2455	No terminal repeats	NA	4	11	0.9788	NA	1	4.9119	Viruses;Duplodnaviria;Heunggongvirae;Uroviricota;Caudoviricetes
k141_736490	3920	No terminal repeats	NA	10	11	0.9788	NA	0	8.5914	Viruses;Duplodnaviria;Heunggongvirae;Uroviricota;Caudoviricetes
k141_658189	3846	No terminal repeats	NA	6	11	0.9788	NA	1	6.0228	Viruses;Duplodnaviria;Heunggongvirae;Uroviricota;Caudoviricetes
k141_735879	3892	No terminal repeats	NA	7	11	0.9788	NA	0	8.3361	Viruses;Duplodnaviria;Heunggongvirae;Uroviricota;Caudoviricetes
k141_73584	4107	No terminal repeats	NA	13	11	0.9787	NA	0	16.0023	Viruses;Duplodnaviria;Heunggongvirae;Uroviricota;Caudoviricetes;Autographiviridae
k141_742135	3691	No terminal repeats	NA	7	11	0.9787	NA	2	10.3097	Viruses;Duplodnaviria;Heunggongvirae;Uroviricota;Caudoviricetes
k141_1660801	6208	No terminal repeats	NA	13	11	0.9787	NA	3	13.4233	Viruses;Duplodnaviria;Heunggongvirae;Uroviricota;Caudoviricetes
k141_124419_2	5078	No terminal repeats	NA	6	11	0.9787	NA	0	6.4908	Viruses;Duplodnaviria;Heunggongvirae;Uroviricota;Caudoviricetes
k141_86907	3793	No terminal repeats	NA	8	11	0.9787	NA	0	9.5258	Viruses;Duplodnaviria;Heunggongvirae;Uroviricota;Caudoviricetes
k141_1513765	9686	No terminal repeats	NA	17	11	0.9787	NA	3	27.0581	Viruses;Duplodnaviria;Heunggongvirae;Uroviricota;Caudoviricetes
k141_1206812	2927	No terminal repeats	NA	4	11	0.9787	NA	3	6.8731	Viruses;Duplodnaviria;Heunggongvirae;Uroviricota;Caudoviricetes
k141_249996	3608	No terminal repeats	NA	5	11	0.9787	NA	1	5.9707	Viruses;Duplodnaviria;Heunggongvirae;Uroviricota;Caudoviricetes
k141_21503	4959	No terminal repeats	NA	7	11	0.9787	NA	1	9.7181	Viruses;Duplodnaviria;Heunggongvirae;Uroviricota;Caudoviricetes
k141_229725	4917	No terminal repeats	NA	8	11	0.9787	NA	2	11.6567	Viruses;Duplodnaviria;Heunggongvirae;Uroviricota;Caudoviricetes
k141_100223	7487	No terminal repeats	NA	10	11	0.9787	NA	4	14.6483	Viruses;Duplodnaviria;Heunggongvirae;Uroviricota;Caudoviricetes
k141_1429123	4130	No terminal repeats	NA	7	11	0.9786	NA	1	11.2083	Viruses;Duplodnaviria;Heunggongvirae;Uroviricota;Caudoviricetes
k141_130018	8170	No terminal repeats	NA	7	11	0.9786	NA	2	10.3751	Viruses;Duplodnaviria;Heunggongvirae;Uroviricota;Caudoviricetes
k141_488441	6510	No terminal repeats	NA	6	11	0.9786	NA	0	4.9678	Viruses;Duplodnaviria;Heunggongvirae;Uroviricota;Caudoviricetes
k141_163186	65141	No terminal repeats	NA	96	11	0.9786	NA	10	85.4164	Viruses;Duplodnaviria;Heunggongvirae;Uroviricota;Caudoviricetes
k141_1893676	4393	No terminal repeats	NA	6	11	0.9786	NA	0	9.9270	Viruses;Duplodnaviria;Heunggongvirae;Uroviricota;Caudoviricetes
k141_1359906	4405	No terminal repeats	NA	5	11	0.9786	NA	1	5.1548	Viruses;Duplodnaviria;Heunggongvirae;Uroviricota;Caudoviricetes
k141_328112	7352	No terminal repeats	NA	11	11	0.9786	NA	7	13.5831	Viruses;Duplodnaviria;Heunggongvirae;Uroviricota;Caudoviricetes
k141_1204098	5479	No terminal repeats	NA	6	11	0.9786	NA	4	6.8790	Viruses;Duplodnaviria;Heunggongvirae;Uroviricota;Caudoviricetes
k141_225306	9193	No terminal repeats	NA	9	11	0.9786	NA	2	13.7463	Viruses;Duplodnaviria;Heunggongvirae;Uroviricota;Caudoviricetes
k141_228181	3509	No terminal repeats	NA	5	11	0.9786	NA	0	6.8599	Viruses
k141_163403	4508	No terminal repeats	NA	8	11	0.9786	NA	4	11.9884	Viruses;Duplodnaviria;Heunggongvirae;Uroviricota;Caudoviricetes
k141_572680	3540	No terminal repeats	NA	9	11	0.9786	NA	0	9.8353	Viruses;Duplodnaviria;Heunggongvirae;Uroviricota;Caudoviricetes
k141_99281	4468	No terminal repeats	NA	5	11	0.9786	NA	1	4.4515	Viruses;Duplodnaviria;Heunggongvirae;Uroviricota;Caudoviricetes;Autographiviridae
k141_719321	3667	No terminal repeats	NA	6	11	0.9786	NA	1	9.7924	Viruses;Duplodnaviria;Heunggongvirae;Uroviricota;Caudoviricetes
k141_1262405	3702	No terminal repeats	NA	6	11	0.9786	NA	0	8.3092	Viruses;Duplodnaviria;Heunggongvirae;Uroviricota;Caudoviricetes
k141_743894	3577	No terminal repeats	NA	9	11	0.9786	NA	2	11.8181	Viruses;Duplodnaviria;Heunggongvirae;Uroviricota;Caudoviricetes
k141_991979	5128	No terminal repeats	NA	5	11	0.9785	NA	0	6.8297	Viruses;Duplodnaviria;Heunggongvirae;Uroviricota;Caudoviricetes
k141_1916533	6488	No terminal repeats	NA	12	11	0.9785	NA	0	7.3132	Viruses;Duplodnaviria;Heunggongvirae;Uroviricota;Caudoviricetes
k141_1121399	4362	No terminal repeats	NA	9	11	0.9785	NA	1	14.0645	Viruses;Duplodnaviria;Heunggongvirae;Uroviricota;Caudoviricetes
k141_1926509	4795	No terminal repeats	NA	6	11	0.9785	NA	1	8.0748	Viruses;Duplodnaviria;Heunggongvirae;Uroviricota;Caudoviricetes
k141_337948	5479	No terminal repeats	NA	13	11	0.9785	NA	0	20.0901	Viruses;Duplodnaviria;Heunggongvirae;Uroviricota;Caudoviricetes
k141_1550337	6221	No terminal repeats	NA	5	11	0.9785	NA	1	7.8511	Viruses;Duplodnaviria;Heunggongvirae;Uroviricota;Caudoviricetes
k141_884960	7295	No terminal repeats	NA	7	11	0.9785	NA	1	6.4792	Viruses;Duplodnaviria;Heunggongvirae;Uroviricota;Caudoviricetes
k141_274229	3523	No terminal repeats	NA	5	11	0.9785	NA	2	6.3379	Viruses;Duplodnaviria;Heunggongvirae;Uroviricota;Caudoviricetes
k141_249028	3838	No terminal repeats	NA	6	11	0.9785	NA	0	6.0776	Viruses;Duplodnaviria;Heunggongvirae;Uroviricota;Caudoviricetes
k141_317942	7500	No terminal repeats	NA	14	11	0.9785	NA	2	15.4580	Viruses;Duplodnaviria;Heunggongvirae;Uroviricota;Caudoviricetes
k141_1105338	4678	No terminal repeats	NA	6	11	0.9785	NA	3	9.4639	Viruses;Duplodnaviria;Heunggongvirae;Uroviricota;Caudoviricetes
k141_209934	7185	No terminal repeats	NA	7	11	0.9785	NA	1	4.9121	Viruses;Duplodnaviria;Heunggongvirae;Uroviricota;Caudoviricetes;Autographiviridae
k141_1387565	3754	No terminal repeats	NA	5	11	0.9785	NA	1	8.4569	Viruses;Duplodnaviria;Heunggongvirae;Uroviricota;Caudoviricetes
k141_284015	4596	No terminal repeats	NA	5	11	0.9785	NA	4	5.9195	Viruses;Duplodnaviria;Heunggongvirae;Uroviricota;Caudoviricetes
k141_347459	3649	No terminal repeats	NA	5	11	0.9785	NA	0	5.1548	Viruses;Duplodnaviria;Heunggongvirae;Uroviricota;Caudoviricetes;Schitoviridae
k141_263652	4024	No terminal repeats	NA	17	11	0.9785	NA	0	7.6760	Viruses;Duplodnaviria;Heunggongvirae;Uroviricota;Caudoviricetes
k141_1790759	4823	No terminal repeats	NA	5	11	0.9784	NA	0	6.8731	Viruses;Duplodnaviria;Heunggongvirae;Uroviricota;Caudoviricetes
k141_825538	9233	No terminal repeats	NA	14	11	0.9784	NA	3	19.8800	Viruses;Duplodnaviria;Heunggongvirae;Uroviricota;Caudoviricetes
k141_324602	5719	No terminal repeats	NA	6	11	0.9784	NA	3	9.8978	Viruses;Duplodnaviria;Heunggongvirae;Uroviricota;Caudoviricetes
k141_567329	7726	No terminal repeats	NA	14	11	0.9784	NA	2	7.6408	Viruses;Duplodnaviria;Heunggongvirae;Uroviricota;Caudoviricetes
k141_1204204	6507	No terminal repeats	NA	12	11	0.9784	NA	1	14.7080	Viruses;Duplodnaviria;Heunggongvirae;Uroviricota;Caudoviricetes
k141_974634	5330	No terminal repeats	NA	7	11	0.9784	NA	2	10.5292	Viruses;Duplodnaviria;Heunggongvirae;Uroviricota;Caudoviricetes
k141_425932	6129	No terminal repeats	NA	8	11	0.9784	NA	0	8.7398	Viruses;Duplodnaviria;Heunggongvirae;Uroviricota;Caudoviricetes
k141_14447	6965	No terminal repeats	NA	7	11	0.9784	NA	0	4.8870	Viruses;Duplodnaviria;Heunggongvirae;Uroviricota;Caudoviricetes
k141_776437	4227	No terminal repeats	NA	10	11	0.9784	NA	0	6.3703	Viruses;Duplodnaviria;Heunggongvirae;Uroviricota;Caudoviricetes
k141_553058	9482	No terminal repeats	NA	16	11	0.9784	NA	5	18.0957	Viruses;Duplodnaviria;Heunggongvirae;Uroviricota;Caudoviricetes
k141_1374524	4192	No terminal repeats	NA	8	11	0.9784	NA	2	12.5400	Viruses;Duplodnaviria;Heunggongvirae;Uroviricota;Caudoviricetes
k141_1306438	4453	No terminal repeats	NA	7	11	0.9784	NA	1	11.3779	Viruses;Duplodnaviria;Heunggongvirae;Uroviricota;Caudoviricetes
k141_691202	4017	No terminal repeats	NA	5	11	0.9784	NA	3	7.9673	Viruses;Duplodnaviria;Heunggongvirae;Uroviricota;Caudoviricetes
k141_673932	5104	No terminal repeats	NA	14	11	0.9784	NA	0	20.3546	Viruses;Duplodnaviria;Heunggongvirae;Uroviricota;Caudoviricetes
k141_250045	3737	No terminal repeats	NA	8	11	0.9783	NA	0	6.3638	Viruses;Duplodnaviria;Heunggongvirae;Uroviricota;Caudoviricetes
k141_55674	3546	No terminal repeats	NA	5	11	0.9783	NA	2	6.0761	Viruses;Duplodnaviria;Heunggongvirae;Uroviricota;Caudoviricetes
k141_597813	4201	No terminal repeats	NA	8	11	0.9783	NA	2	9.8709	Viruses;Duplodnaviria;Heunggongvirae;Uroviricota;Caudoviricetes
k141_1180078	3410	No terminal repeats	NA	5	11	0.9783	NA	2	8.3406	Viruses;Duplodnaviria;Heunggongvirae;Uroviricota;Caudoviricetes
k141_1371044	4503	No terminal repeats	NA	7	11	0.9783	NA	0	6.3039	Viruses;Duplodnaviria;Heunggongvirae;Uroviricota;Caudoviricetes
k141_246241	4105	No terminal repeats	NA	5	11	0.9783	NA	0	8.5914	Viruses;Duplodnaviria;Heunggongvirae;Uroviricota;Caudoviricetes
k141_1321249	3517	No terminal repeats	NA	7	11	0.9783	NA	0	8.5616	Viruses;Duplodnaviria;Heunggongvirae;Uroviricota;Caudoviricetes
k141_1480928	4573	No terminal repeats	NA	15	11	0.9783	NA	1	13.9578	Viruses;Duplodnaviria;Heunggongvirae;Uroviricota;Caudoviricetes
k141_169713	3765	No terminal repeats	NA	8	11	0.9783	NA	1	8.5732	Unclassified
k141_1257824	3564	No terminal repeats	NA	10	11	0.9783	NA	0	11.9030	Viruses;Duplodnaviria;Heunggongvirae;Uroviricota;Caudoviricetes
k141_1476354	8120	No terminal repeats	NA	10	11	0.9782	NA	2	16.2954	Viruses;Duplodnaviria;Heunggongvirae;Uroviricota;Caudoviricetes
k141_1481030	3568	No terminal repeats	NA	6	11	0.9782	NA	1	7.7175	Viruses;Duplodnaviria;Heunggongvirae;Uroviricota;Caudoviricetes
k141_975836	7543	No terminal repeats	NA	18	11	0.9782	NA	0	7.5117	Viruses;Duplodnaviria;Heunggongvirae;Uroviricota;Caudoviricetes
k141_1325544	4707	No terminal repeats	NA	12	11	0.9782	NA	0	5.8780	Unclassified
k141_494578	5059	No terminal repeats	NA	7	11	0.9782	NA	0	9.9715	Viruses;Duplodnaviria;Heunggongvirae;Uroviricota;Caudoviricetes
k141_1616691	7979	No terminal repeats	NA	13	11	0.9782	NA	1	19.9082	Viruses;Duplodnaviria;Heunggongvirae;Uroviricota;Caudoviricetes
k141_90031	4923	No terminal repeats	NA	8	11	0.9782	NA	4	10.2967	Viruses;Duplodnaviria;Heunggongvirae;Uroviricota;Caudoviricetes
k141_180501	4866	No terminal repeats	NA	9	11	0.9781	NA	0	10.2290	Viruses;Duplodnaviria;Heunggongvirae;Uroviricota;Caudoviricetes
k141_1811719	4656	No terminal repeats	NA	12	11	0.9781	NA	1	4.6061	Viruses;Duplodnaviria;Heunggongvirae;Uroviricota;Caudoviricetes
k141_1206875	3764	No terminal repeats	NA	9	11	0.9781	NA	2	6.8170	Viruses;Duplodnaviria;Heunggongvirae;Uroviricota;Caudoviricetes;Autographiviridae
k141_7423	31594	No terminal repeats	NA	49	11	0.9781	NA	5	55.4491	Viruses;Duplodnaviria;Heunggongvirae;Uroviricota;Caudoviricetes
k141_1371454	3258	No terminal repeats	NA	7	11	0.9781	NA	1	8.5914	Viruses;Duplodnaviria;Heunggongvirae;Uroviricota;Caudoviricetes
k141_1398949	4593	No terminal repeats	NA	5	11	0.9781	NA	0	8.2292	Viruses;Duplodnaviria;Heunggongvirae;Uroviricota;Caudoviricetes
k141_155722	4337	No terminal repeats	NA	6	11	0.9780	NA	4	7.5001	Viruses;Duplodnaviria;Heunggongvirae;Uroviricota;Caudoviricetes
k141_919752	3585	No terminal repeats	NA	6	11	0.9780	NA	3	9.9569	Viruses;Duplodnaviria;Heunggongvirae;Uroviricota;Caudoviricetes
k141_300915	9402	No terminal repeats	NA	7	11	0.9780	NA	1	8.9378	Viruses;Duplodnaviria;Heunggongvirae;Uroviricota;Caudoviricetes
k141_1068019	7422	No terminal repeats	NA	14	11	0.9780	NA	0	19.8064	Viruses;Duplodnaviria;Heunggongvirae;Uroviricota;Caudoviricetes
k141_465886	7479	No terminal repeats	NA	9	11	0.9780	NA	2	13.8373	Viruses;Duplodnaviria;Heunggongvirae;Uroviricota;Caudoviricetes
k141_164282	9562	No terminal repeats	NA	21	11	0.9780	NA	0	9.8769	Viruses;Duplodnaviria;Heunggongvirae;Uroviricota;Caudoviricetes
k141_243285	3694	No terminal repeats	NA	6	11	0.9780	NA	1	10.0062	Viruses;Duplodnaviria;Heunggongvirae;Uroviricota;Caudoviricetes
k141_1762603	42980	No terminal repeats	NA	60	11	0.9780	NA	5	40.5114	Viruses;Duplodnaviria;Heunggongvirae;Uroviricota;Caudoviricetes
k141_77000	4347	No terminal repeats	NA	6	11	0.9780	NA	0	10.2892	Viruses;Duplodnaviria;Heunggongvirae;Uroviricota;Caudoviricetes
k141_206634	5254	No terminal repeats	NA	10	11	0.9780	NA	0	8.5675	Viruses;Duplodnaviria;Heunggongvirae;Uroviricota;Caudoviricetes
k141_986535	5947	No terminal repeats	NA	8	11	0.9780	NA	1	7.4887	Viruses;Duplodnaviria;Heunggongvirae;Uroviricota;Caudoviricetes
k141_999812	3846	No terminal repeats	NA	13	11	0.9780	NA	0	4.9184	Viruses;Duplodnaviria;Heunggongvirae;Uroviricota;Caudoviricetes
k141_1378091	4090	No terminal repeats	NA	5	11	0.9779	NA	1	6.4253	Viruses;Duplodnaviria;Heunggongvirae;Uroviricota;Caudoviricetes
k141_1171652	5119	No terminal repeats	NA	17	11	0.9779	NA	0	14.6422	Viruses;Duplodnaviria;Heunggongvirae;Uroviricota;Caudoviricetes
k141_962353	4061	No terminal repeats	NA	6	11	0.9779	NA	1	5.1376	Viruses;Duplodnaviria;Heunggongvirae;Uroviricota;Caudoviricetes
k141_280164	6411	No terminal repeats	NA	19	11	0.9779	NA	0	21.7955	Viruses;Duplodnaviria;Heunggongvirae;Uroviricota;Caudoviricetes
k141_1264230	4158	No terminal repeats	NA	6	11	0.9779	NA	2	6.8348	Viruses;Duplodnaviria;Heunggongvirae;Uroviricota;Caudoviricetes
k141_1194804	5804	No terminal repeats	NA	11	11	0.9779	NA	1	9.3319	Viruses;Duplodnaviria;Heunggongvirae;Uroviricota;Caudoviricetes
k141_726991	5611	No terminal repeats	NA	5	11	0.9779	NA	1	7.2308	Viruses;Duplodnaviria;Heunggongvirae;Uroviricota;Caudoviricetes
k141_239085	5897	No terminal repeats	NA	6	11	0.9779	NA	1	6.8676	Viruses;Duplodnaviria;Heunggongvirae;Uroviricota;Caudoviricetes
k141_467240	5215	No terminal repeats	NA	9	11	0.9779	NA	0	6.8240	Viruses;Duplodnaviria;Heunggongvirae;Uroviricota;Caudoviricetes
k141_1137591	6217	No terminal repeats	NA	8	11	0.9778	NA	0	8.5234	Viruses;Duplodnaviria;Heunggongvirae;Uroviricota;Caudoviricetes;Schitoviridae
k141_347771	5085	No terminal repeats	NA	8	11	0.9778	NA	7	12.6166	Viruses;Duplodnaviria;Heunggongvirae;Uroviricota;Caudoviricetes
k141_268242	6089	No terminal repeats	NA	8	11	0.9778	NA	1	7.3727	Viruses;Duplodnaviria;Heunggongvirae;Uroviricota;Caudoviricetes
k141_1871961	3717	No terminal repeats	NA	5	11	0.9778	NA	1	4.5692	Viruses;Duplodnaviria;Heunggongvirae;Uroviricota;Caudoviricetes
k141_473885	4521	No terminal repeats	NA	6	11	0.9778	NA	0	5.1296	Viruses;Duplodnaviria;Heunggongvirae;Uroviricota;Caudoviricetes
k141_543972	8902	No terminal repeats	NA	19	11	0.9778	NA	2	15.1759	Viruses;Duplodnaviria;Heunggongvirae;Uroviricota;Caudoviricetes
k141_1853245	4133	No terminal repeats	NA	8	11	0.9778	NA	0	10.0062	Viruses;Duplodnaviria;Heunggongvirae;Uroviricota;Caudoviricetes
k141_1281848	8116	No terminal repeats	NA	10	11	0.9778	NA	1	7.8493	Viruses;Duplodnaviria;Heunggongvirae;Uroviricota;Caudoviricetes
k141_527334	4718	No terminal repeats	NA	13	11	0.9778	NA	0	13.7495	Viruses;Duplodnaviria;Heunggongvirae;Uroviricota;Caudoviricetes
k141_1970844	3990	No terminal repeats	NA	10	11	0.9778	NA	0	6.8731	Viruses;Duplodnaviria;Heunggongvirae;Uroviricota;Caudoviricetes
k141_856927	4511	No terminal repeats	NA	7	11	0.9778	NA	3	9.7919	Viruses;Duplodnaviria;Heunggongvirae;Uroviricota;Caudoviricetes
k141_412907	4330	No terminal repeats	NA	11	11	0.9778	NA	2	7.8584	Viruses;Duplodnaviria;Heunggongvirae;Uroviricota;Caudoviricetes
k141_1918421	9811	No terminal repeats	NA	28	11	0.9778	NA	0	15.4092	Viruses;Duplodnaviria;Heunggongvirae;Uroviricota;Caudoviricetes
k141_264712	3827	No terminal repeats	NA	5	11	0.9777	NA	0	6.8713	Viruses;Duplodnaviria;Heunggongvirae;Uroviricota;Caudoviricetes
k141_308339	4559	No terminal repeats	NA	9	11	0.9777	NA	0	11.9233	Viruses;Duplodnaviria;Heunggongvirae;Uroviricota;Caudoviricetes
k141_1557105	3868	No terminal repeats	NA	5	11	0.9777	NA	1	4.9258	Viruses;Duplodnaviria;Heunggongvirae;Uroviricota;Caudoviricetes
k141_227563	4975	No terminal repeats	NA	5	11	0.9777	NA	1	7.9333	Viruses;Duplodnaviria;Heunggongvirae;Uroviricota;Caudoviricetes
k141_132811	6060	No terminal repeats	NA	12	11	0.9777	NA	0	9.7654	Viruses;Duplodnaviria;Heunggongvirae;Uroviricota;Caudoviricetes
k141_17925	6429	No terminal repeats	NA	14	11	0.9777	NA	0	9.7025	Viruses;Duplodnaviria;Heunggongvirae;Uroviricota;Caudoviricetes
k141_864731	4196	No terminal repeats	NA	9	11	0.9777	NA	2	6.4375	Unclassified
k141_420340	3630	No terminal repeats	NA	12	11	0.9777	NA	0	4.8153	Viruses;Duplodnaviria;Heunggongvirae;Uroviricota;Caudoviricetes;Schitoviridae
k141_1392956	9802	No terminal repeats	NA	24	11	0.9777	NA	0	8.5215	Viruses;Duplodnaviria;Heunggongvirae;Uroviricota;Caudoviricetes
k141_6326	4685	No terminal repeats	NA	9	11	0.9777	NA	0	4.8343	Viruses;Duplodnaviria;Heunggongvirae;Uroviricota;Caudoviricetes
k141_1582629	3901	No terminal repeats	NA	6	11	0.9776	NA	2	8.0249	Viruses;Duplodnaviria;Heunggongvirae;Uroviricota;Caudoviricetes
k141_455459	5272	No terminal repeats	NA	15	11	0.9776	NA	0	8.5914	Viruses;Duplodnaviria;Heunggongvirae;Uroviricota;Caudoviricetes
k141_1733849	4497	No terminal repeats	NA	13	11	0.9776	NA	0	12.5105	Viruses;Duplodnaviria;Heunggongvirae;Uroviricota;Caudoviricetes
k141_1094723	4266	No terminal repeats	NA	5	11	0.9776	NA	0	5.1548	Viruses;Duplodnaviria;Heunggongvirae;Uroviricota;Caudoviricetes;Schitoviridae
k141_160041	8308	No terminal repeats	NA	9	11	0.9776	NA	2	4.7711	Viruses;Duplodnaviria;Heunggongvirae;Uroviricota;Caudoviricetes
k141_1004530	4134	No terminal repeats	NA	8	11	0.9776	NA	1	11.2490	Viruses;Varidnaviria;Bamfordvirae;Nucleocytoviricota;Megaviricetes;Algavirales;Phycodnaviridae
k141_189843	8321	No terminal repeats	NA	14	11	0.9776	NA	0	16.4624	Viruses;Duplodnaviria;Heunggongvirae;Uroviricota;Caudoviricetes
k141_723398	4416	No terminal repeats	NA	5	11	0.9776	NA	0	3.4366	Viruses;Duplodnaviria;Heunggongvirae;Uroviricota;Caudoviricetes
k141_53960	6384	No terminal repeats	NA	13	11	0.9776	NA	1	14.4646	Viruses;Duplodnaviria;Heunggongvirae;Uroviricota;Caudoviricetes
k141_1783642	4721	No terminal repeats	NA	7	11	0.9776	NA	2	11.0504	Viruses;Duplodnaviria;Heunggongvirae;Uroviricota;Caudoviricetes
k141_1313890	4827	No terminal repeats	NA	7	11	0.9776	NA	0	4.4882	Viruses;Duplodnaviria;Heunggongvirae;Uroviricota;Caudoviricetes
k141_950455	6039	No terminal repeats	NA	14	11	0.9776	NA	0	14.1910	Viruses;Duplodnaviria;Heunggongvirae;Uroviricota;Caudoviricetes
k141_1277081	8341	No terminal repeats	NA	10	11	0.9775	NA	6	12.0280	Viruses;Duplodnaviria;Heunggongvirae;Uroviricota;Caudoviricetes
k141_292996	3889	No terminal repeats	NA	9	11	0.9775	NA	1	13.7443	Viruses;Duplodnaviria;Heunggongvirae;Uroviricota;Caudoviricetes
k141_620333	4822	No terminal repeats	NA	5	11	0.9775	NA	0	5.1429	Viruses;Duplodnaviria;Heunggongvirae;Uroviricota;Caudoviricetes
k141_59774	2726	No terminal repeats	NA	6	11	0.9775	NA	1	9.0428	Viruses;Duplodnaviria;Heunggongvirae;Uroviricota;Caudoviricetes
k141_513271	9675	No terminal repeats	NA	17	11	0.9775	NA	2	13.3175	Viruses;Duplodnaviria;Heunggongvirae;Uroviricota;Caudoviricetes
k141_209195	3877	No terminal repeats	NA	7	11	0.9775	NA	6	11.0343	Viruses;Duplodnaviria;Heunggongvirae;Uroviricota;Caudoviricetes
k141_1266925	6656	No terminal repeats	NA	12	11	0.9775	NA	1	5.4539	Viruses;Duplodnaviria;Heunggongvirae;Uroviricota;Caudoviricetes
k141_431577	6485	No terminal repeats	NA	15	11	0.9775	NA	0	9.1335	Viruses;Duplodnaviria;Heunggongvirae;Uroviricota;Caudoviricetes
k141_418179	5600	No terminal repeats	NA	8	11	0.9775	NA	1	13.1149	Viruses;Duplodnaviria;Heunggongvirae;Uroviricota;Caudoviricetes
k141_1531811	4657	No terminal repeats	NA	12	11	0.9775	NA	1	12.0260	Viruses;Duplodnaviria;Heunggongvirae;Uroviricota;Caudoviricetes;Straboviridae
k141_86530	5950	No terminal repeats	NA	10	11	0.9775	NA	2	5.1458	Viruses;Duplodnaviria;Heunggongvirae;Uroviricota;Caudoviricetes
k141_1289433	6915	No terminal repeats	NA	8	11	0.9775	NA	3	13.2279	Viruses;Duplodnaviria;Heunggongvirae;Uroviricota;Caudoviricetes
k141_1305436	7490	No terminal repeats	NA	13	11	0.9774	NA	2	12.4718	Viruses;Duplodnaviria;Heunggongvirae;Uroviricota;Caudoviricetes;Ackermannviridae
k141_128321	5267	No terminal repeats	NA	7	11	0.9774	NA	2	7.3446	Viruses;Duplodnaviria;Heunggongvirae;Uroviricota;Caudoviricetes
k141_155146	7555	No terminal repeats	NA	15	11	0.9774	NA	2	14.9174	Viruses;Duplodnaviria;Heunggongvirae;Uroviricota;Caudoviricetes
k141_765427	3965	No terminal repeats	NA	4	11	0.9774	NA	1	6.3890	Viruses;Duplodnaviria;Heunggongvirae;Uroviricota;Caudoviricetes
k141_1346600	8511	No terminal repeats	NA	12	11	0.9774	NA	0	17.1773	Viruses;Duplodnaviria;Heunggongvirae;Uroviricota;Caudoviricetes
k141_196934	5367	No terminal repeats	NA	8	11	0.9774	NA	1	5.9906	Viruses;Duplodnaviria;Heunggongvirae;Uroviricota;Caudoviricetes
k141_192078	5780	No terminal repeats	NA	6	11	0.9774	NA	1	5.1548	Viruses;Duplodnaviria;Heunggongvirae;Uroviricota;Caudoviricetes
k141_30239	7850	No terminal repeats	NA	5	11	0.9774	NA	2	6.7734	Viruses;Duplodnaviria;Heunggongvirae;Uroviricota;Caudoviricetes
k141_101177	6092	No terminal repeats	NA	6	11	0.9774	NA	0	6.9724	Viruses;Duplodnaviria;Heunggongvirae;Uroviricota;Caudoviricetes;Schitoviridae
k141_1667187	7290	No terminal repeats	NA	16	11	0.9773	NA	3	24.1624	Viruses;Duplodnaviria;Heunggongvirae;Uroviricota;Caudoviricetes
k141_1823364	3623	No terminal repeats	NA	12	11	0.9773	NA	0	4.4245	Viruses;Duplodnaviria;Heunggongvirae;Uroviricota;Caudoviricetes
k141_563733	8226	No terminal repeats	NA	13	11	0.9773	NA	1	13.2161	Viruses;Duplodnaviria;Heunggongvirae;Uroviricota;Caudoviricetes
k141_1600380	3508	No terminal repeats	NA	5	11	0.9773	NA	0	6.8731	Viruses;Duplodnaviria;Heunggongvirae;Uroviricota;Caudoviricetes
k141_110310	8788	No terminal repeats	NA	12	11	0.9773	NA	2	18.9005	Viruses;Duplodnaviria;Heunggongvirae;Uroviricota;Caudoviricetes
k141_743599	6841	No terminal repeats	NA	15	11	0.9773	NA	0	11.5167	Viruses;Duplodnaviria;Heunggongvirae;Uroviricota;Caudoviricetes
k141_1061345	5752	No terminal repeats	NA	14	11	0.9772	NA	2	16.8393	Viruses;Duplodnaviria;Heunggongvirae;Uroviricota;Caudoviricetes
k141_114551	30572	No terminal repeats	NA	37	11	0.9772	NA	7	40.0509	Viruses;Duplodnaviria;Heunggongvirae;Uroviricota;Caudoviricetes
k141_1080839	3696	No terminal repeats	NA	6	11	0.9772	NA	2	10.1101	Viruses;Duplodnaviria;Heunggongvirae;Uroviricota;Caudoviricetes
k141_898430	8463	No terminal repeats	NA	12	11	0.9772	NA	0	9.4530	Viruses;Duplodnaviria;Heunggongvirae;Uroviricota;Caudoviricetes
k141_1638_2	3892	No terminal repeats	NA	7	11	0.9772	NA	3	7.9780	Viruses;Duplodnaviria;Heunggongvirae;Uroviricota;Caudoviricetes
k141_100817	4339	No terminal repeats	NA	8	11	0.9772	NA	0	4.9311	Viruses;Duplodnaviria;Heunggongvirae;Uroviricota;Caudoviricetes;Chaseviridae
k141_736653	3972	No terminal repeats	NA	7	11	0.9771	NA	2	4.7118	Viruses;Duplodnaviria;Heunggongvirae;Uroviricota;Caudoviricetes
k141_9730	7682	No terminal repeats	NA	12	11	0.9770	NA	1	7.7093	Viruses;Duplodnaviria;Heunggongvirae;Uroviricota;Caudoviricetes
k141_32484	4398	No terminal repeats	NA	5	11	0.9770	NA	4	7.0519	Viruses;Duplodnaviria;Heunggongvirae;Uroviricota;Caudoviricetes
k141_1823339	4063	No terminal repeats	NA	9	11	0.9770	NA	0	7.4939	Viruses;Duplodnaviria;Heunggongvirae;Uroviricota;Caudoviricetes
k141_533772	4015	No terminal repeats	NA	5	11	0.9770	NA	1	4.7022	Viruses;Duplodnaviria;Heunggongvirae;Uroviricota;Caudoviricetes
k141_1572545	4481	No terminal repeats	NA	5	11	0.9769	NA	2	6.8668	Viruses;Duplodnaviria;Heunggongvirae;Uroviricota;Caudoviricetes
k141_873588	9655	No terminal repeats	NA	19	11	0.9769	NA	4	22.3914	Viruses;Duplodnaviria;Heunggongvirae;Uroviricota;Caudoviricetes
k141_606744	4452	No terminal repeats	NA	5	11	0.9769	NA	0	3.4366	Unclassified
k141_2085|provirus_2_5988	5987	No terminal repeats	NA	10	11	0.9769	NA	1	10.1174	Viruses;Duplodnaviria;Heunggongvirae;Uroviricota;Caudoviricetes
k141_732606	8057	No terminal repeats	NA	13	11	0.9769	NA	0	6.7720	Viruses;Duplodnaviria;Heunggongvirae;Uroviricota;Caudoviricetes
k141_1380839	4248	No terminal repeats	NA	5	11	0.9769	NA	0	5.5335	Viruses;Duplodnaviria;Heunggongvirae;Uroviricota;Caudoviricetes
k141_237661	3962	No terminal repeats	NA	5	11	0.9768	NA	0	6.2625	Viruses;Duplodnaviria;Heunggongvirae;Uroviricota;Caudoviricetes;Herelleviridae
k141_1868727	3669	No terminal repeats	NA	9	11	0.9768	NA	1	7.2253	Viruses;Duplodnaviria;Heunggongvirae;Uroviricota;Caudoviricetes
k141_930948	3869	No terminal repeats	NA	11	11	0.9768	NA	0	5.5056	Viruses;Duplodnaviria;Heunggongvirae;Uroviricota;Caudoviricetes
k141_1357381	7127	No terminal repeats	NA	13	11	0.9768	NA	0	13.5713	Viruses;Duplodnaviria;Heunggongvirae;Uroviricota;Caudoviricetes
k141_615009	4480	No terminal repeats	NA	6	11	0.9768	NA	0	4.8238	Viruses;Duplodnaviria;Heunggongvirae;Uroviricota;Caudoviricetes
k141_1633510	4188	No terminal repeats	NA	6	11	0.9768	NA	1	9.9927	Viruses;Duplodnaviria;Heunggongvirae;Uroviricota;Caudoviricetes
k141_1556960	4968	No terminal repeats	NA	17	11	0.9767	NA	0	5.8670	Viruses;Duplodnaviria;Heunggongvirae;Uroviricota;Caudoviricetes
k141_128927	3896	No terminal repeats	NA	7	11	0.9767	NA	2	6.6593	Viruses;Duplodnaviria;Heunggongvirae;Uroviricota;Caudoviricetes
k141_590299|provirus_4666_8852	4187	No terminal repeats	NA	7	11	0.9767	NA	4	8.5914	Viruses;Duplodnaviria;Heunggongvirae;Uroviricota;Caudoviricetes;Straboviridae
k141_1251060	3589	No terminal repeats	NA	9	11	0.9767	NA	0	6.6259	Viruses;Duplodnaviria;Heunggongvirae;Uroviricota;Caudoviricetes
k141_852640	3830	No terminal repeats	NA	6	11	0.9767	NA	2	6.4400	Viruses;Duplodnaviria;Heunggongvirae;Uroviricota;Caudoviricetes
k141_131079	6037	No terminal repeats	NA	8	11	0.9767	NA	4	10.2441	Viruses;Duplodnaviria;Heunggongvirae;Uroviricota;Caudoviricetes
k141_773362	5168	No terminal repeats	NA	12	11	0.9767	NA	2	9.2940	Viruses;Duplodnaviria;Heunggongvirae;Uroviricota;Caudoviricetes
k141_724211	4276	No terminal repeats	NA	5	11	0.9767	NA	0	6.8490	Viruses;Duplodnaviria;Heunggongvirae;Uroviricota;Caudoviricetes
k141_727440	3912	No terminal repeats	NA	15	11	0.9766	NA	0	7.7019	Viruses;Duplodnaviria;Heunggongvirae;Uroviricota;Caudoviricetes
k141_354623	8251	No terminal repeats	NA	7	11	0.9766	NA	0	5.1548	Viruses;Duplodnaviria;Heunggongvirae;Uroviricota;Caudoviricetes
k141_214611	6474	No terminal repeats	NA	7	11	0.9766	NA	3	8.1162	Viruses;Duplodnaviria;Heunggongvirae;Uroviricota;Caudoviricetes
k141_97656	4473	No terminal repeats	NA	7	11	0.9766	NA	1	4.7393	Viruses;Duplodnaviria;Heunggongvirae;Uroviricota;Caudoviricetes
k141_1143505	4358	No terminal repeats	NA	8	11	0.9766	NA	1	5.1548	Unclassified
k141_119375	6848	No terminal repeats	NA	13	11	0.9766	NA	1	9.5029	Viruses;Duplodnaviria;Heunggongvirae;Uroviricota;Caudoviricetes
k141_76708	5376	No terminal repeats	NA	5	11	0.9766	NA	2	5.5782	Viruses;Duplodnaviria;Heunggongvirae;Uroviricota;Caudoviricetes
k141_246687	5905	No terminal repeats	NA	6	11	0.9766	NA	2	5.9223	Viruses;Duplodnaviria;Heunggongvirae;Uroviricota;Caudoviricetes
k141_1454838	3661	No terminal repeats	NA	11	11	0.9765	NA	0	11.9574	Viruses;Duplodnaviria;Heunggongvirae;Uroviricota;Caudoviricetes
k141_1581221	3851	No terminal repeats	NA	5	11	0.9765	NA	1	4.9381	Viruses;Duplodnaviria;Heunggongvirae;Uroviricota;Caudoviricetes
k141_1165708	4861	No terminal repeats	NA	7	11	0.9765	NA	2	9.3808	Viruses;Duplodnaviria;Heunggongvirae;Uroviricota;Caudoviricetes
k141_176341	4845	No terminal repeats	NA	5	11	0.9765	NA	2	4.7985	Viruses;Duplodnaviria;Heunggongvirae;Uroviricota;Caudoviricetes
k141_1624613	138869	No terminal repeats	NA	158	11	0.9765	NA	8	162.2839	Viruses;Duplodnaviria;Heunggongvirae;Uroviricota;Caudoviricetes
k141_762854	3644	No terminal repeats	NA	11	11	0.9765	NA	0	4.8292	Viruses;Duplodnaviria;Heunggongvirae;Uroviricota;Caudoviricetes
k141_1685793	4117	No terminal repeats	NA	7	11	0.9765	NA	0	8.5723	Viruses;Duplodnaviria;Heunggongvirae;Uroviricota;Caudoviricetes
k141_972435	6597	No terminal repeats	NA	8	11	0.9764	NA	2	12.5367	Viruses;Duplodnaviria;Heunggongvirae;Uroviricota;Caudoviricetes
k141_461329	3634	No terminal repeats	NA	7	11	0.9764	NA	3	10.3097	Viruses;Duplodnaviria;Heunggongvirae;Uroviricota;Caudoviricetes
k141_1182915	5757	No terminal repeats	NA	6	11	0.9764	NA	3	5.9389	Viruses;Duplodnaviria;Heunggongvirae;Uroviricota;Caudoviricetes
k141_205978	3519	No terminal repeats	NA	7	11	0.9764	NA	3	8.4495	Viruses;Duplodnaviria;Heunggongvirae;Uroviricota;Caudoviricetes
k141_1218266	2957	No terminal repeats	NA	4	11	0.9764	NA	1	4.7461	Viruses;Duplodnaviria;Heunggongvirae;Uroviricota;Caudoviricetes
k141_324854	5243	No terminal repeats	NA	12	11	0.9763	NA	1	7.8173	Viruses;Duplodnaviria;Heunggongvirae;Uroviricota;Caudoviricetes
k141_469169	5813	No terminal repeats	NA	6	11	0.9763	NA	6	9.8975	Viruses;Duplodnaviria;Heunggongvirae;Uroviricota;Caudoviricetes
k141_1136752	5151	No terminal repeats	NA	7	11	0.9763	NA	1	9.7794	Viruses;Duplodnaviria;Heunggongvirae;Uroviricota;Caudoviricetes
k141_1641567	3621	No terminal repeats	NA	12	11	0.9763	NA	0	11.1904	Viruses;Duplodnaviria;Heunggongvirae;Uroviricota;Caudoviricetes
k141_1430307	9708	No terminal repeats	NA	15	11	0.9763	NA	0	17.1771	Viruses;Duplodnaviria;Heunggongvirae;Uroviricota;Caudoviricetes
k141_418233	4077	No terminal repeats	NA	6	11	0.9763	NA	3	10.3097	Viruses;Duplodnaviria;Heunggongvirae;Uroviricota;Caudoviricetes
k141_936584	4961	No terminal repeats	NA	10	11	0.9763	NA	0	9.7055	Viruses;Duplodnaviria;Heunggongvirae;Uroviricota;Caudoviricetes;Schitoviridae
k141_970331	5796	No terminal repeats	NA	14	11	0.9763	NA	1	10.8572	Viruses;Duplodnaviria;Heunggongvirae;Uroviricota;Caudoviricetes
k141_91940	7598	No terminal repeats	NA	12	11	0.9763	NA	3	8.3476	Viruses;Duplodnaviria;Heunggongvirae;Uroviricota;Caudoviricetes
k141_814674	9150	No terminal repeats	NA	24	11	0.9763	NA	1	21.8949	Viruses;Duplodnaviria;Heunggongvirae;Uroviricota;Caudoviricetes
k141_883031	6294	No terminal repeats	NA	6	11	0.9763	NA	3	9.8735	Viruses;Duplodnaviria;Heunggongvirae;Uroviricota;Caudoviricetes
k141_64147	7581	No terminal repeats	NA	10	11	0.9762	NA	2	8.8769	Viruses;Duplodnaviria;Heunggongvirae;Uroviricota;Caudoviricetes
k141_1241691	4633	No terminal repeats	NA	9	11	0.9762	NA	0	15.0729	Viruses;Duplodnaviria;Heunggongvirae;Uroviricota;Caudoviricetes
k141_453506	6012	No terminal repeats	NA	14	11	0.9762	NA	0	7.3713	Viruses;Duplodnaviria;Heunggongvirae;Uroviricota;Caudoviricetes
k141_1766922	3780	No terminal repeats	NA	8	11	0.9762	NA	0	4.2782	Viruses;Duplodnaviria;Heunggongvirae;Uroviricota;Caudoviricetes
k141_312370	5202	No terminal repeats	NA	10	11	0.9762	NA	4	7.8500	Viruses;Duplodnaviria;Heunggongvirae;Uroviricota;Caudoviricetes
k141_219875	3711	No terminal repeats	NA	7	11	0.9762	NA	1	9.2566	Viruses;Duplodnaviria;Heunggongvirae;Uroviricota;Caudoviricetes
k141_1451799	5991	No terminal repeats	NA	13	11	0.9762	NA	0	11.0629	Viruses;Duplodnaviria;Heunggongvirae;Uroviricota;Caudoviricetes;Kyanoviridae
k141_1578981	5639	No terminal repeats	NA	9	11	0.9761	NA	0	8.4230	Viruses;Duplodnaviria;Heunggongvirae;Uroviricota;Caudoviricetes
k141_347171	5269	No terminal repeats	NA	7	11	0.9761	NA	0	6.8240	Viruses;Duplodnaviria;Heunggongvirae;Uroviricota;Caudoviricetes;Schitoviridae
k141_464578	6863	No terminal repeats	NA	7	11	0.9761	NA	2	5.5765	Viruses;Duplodnaviria;Heunggongvirae;Uroviricota;Caudoviricetes;Straboviridae
k141_342954	7173	No terminal repeats	NA	15	11	0.9761	NA	0	10.3852	Viruses;Duplodnaviria;Heunggongvirae;Uroviricota;Caudoviricetes
k141_146030	8963	No terminal repeats	NA	17	11	0.9761	NA	0	13.1163	Viruses;Duplodnaviria;Heunggongvirae;Uroviricota;Caudoviricetes;Schitoviridae
k141_1387986	4183	No terminal repeats	NA	5	11	0.9761	NA	1	6.7295	Viruses;Duplodnaviria;Heunggongvirae;Uroviricota;Caudoviricetes
k141_1289028	3584	No terminal repeats	NA	5	11	0.9761	NA	0	7.8669	Viruses;Duplodnaviria;Heunggongvirae;Uroviricota;Caudoviricetes
k141_1023048	5912	No terminal repeats	NA	13	11	0.9760	NA	0	7.4046	Viruses;Duplodnaviria;Heunggongvirae;Uroviricota;Caudoviricetes
k141_633537	3782	No terminal repeats	NA	12	11	0.9760	NA	0	6.7093	Viruses;Duplodnaviria;Heunggongvirae;Uroviricota;Caudoviricetes
k141_1803028	3770	No terminal repeats	NA	6	11	0.9760	NA	0	8.5914	Viruses;Duplodnaviria;Heunggongvirae;Uroviricota;Caudoviricetes
k141_600422	6172	No terminal repeats	NA	8	11	0.9760	NA	0	10.3043	Viruses;Duplodnaviria;Heunggongvirae;Uroviricota;Caudoviricetes
k141_190772	5940	No terminal repeats	NA	5	11	0.9760	NA	0	4.8951	Viruses;Duplodnaviria;Heunggongvirae;Uroviricota;Caudoviricetes
k141_187448	6003	No terminal repeats	NA	8	11	0.9760	NA	3	13.6759	Viruses;Duplodnaviria;Heunggongvirae;Uroviricota;Caudoviricetes
k141_416573	3811	No terminal repeats	NA	12	11	0.9760	NA	0	6.2427	Viruses;Duplodnaviria;Heunggongvirae;Uroviricota;Caudoviricetes
k141_170451	4473	No terminal repeats	NA	10	11	0.9760	NA	4	9.3745	Viruses;Duplodnaviria;Heunggongvirae;Uroviricota;Caudoviricetes
k141_1135221	3934	No terminal repeats	NA	5	11	0.9759	NA	0	6.3850	Viruses;Duplodnaviria;Heunggongvirae;Uroviricota;Caudoviricetes
k141_1299728	8423	No terminal repeats	NA	17	11	0.9759	NA	4	23.6811	Viruses;Duplodnaviria;Heunggongvirae;Uroviricota;Caudoviricetes
k141_1328239	8509	No terminal repeats	NA	11	11	0.9759	NA	2	12.6489	Viruses;Duplodnaviria;Heunggongvirae;Uroviricota;Caudoviricetes
k141_70206	64606	No terminal repeats	NA	75	11	0.9759	NA	5	48.8652	Viruses;Duplodnaviria;Heunggongvirae;Uroviricota;Caudoviricetes
k141_1723383	4133	No terminal repeats	NA	5	11	0.9759	NA	1	8.5569	Viruses;Duplodnaviria;Heunggongvirae;Uroviricota;Caudoviricetes
k141_188792	8320	No terminal repeats	NA	8	11	0.9758	NA	2	9.6377	Viruses;Duplodnaviria;Heunggongvirae;Uroviricota;Caudoviricetes
k141_1096418	4180	No terminal repeats	NA	7	11	0.9758	NA	1	7.9390	Viruses;Duplodnaviria;Heunggongvirae;Uroviricota;Caudoviricetes
k141_1361268	3743	No terminal repeats	NA	5	11	0.9758	NA	1	6.8731	Viruses;Duplodnaviria;Heunggongvirae;Uroviricota;Caudoviricetes
k141_982422	4152	No terminal repeats	NA	5	11	0.9758	NA	2	8.5914	Viruses;Duplodnaviria;Heunggongvirae;Uroviricota;Caudoviricetes
k141_1130757	4035	No terminal repeats	NA	9	11	0.9758	NA	0	6.6704	Viruses;Duplodnaviria;Heunggongvirae;Uroviricota;Caudoviricetes
k141_190587	4051	No terminal repeats	NA	10	11	0.9758	NA	0	4.1990	Viruses;Duplodnaviria;Heunggongvirae;Uroviricota;Caudoviricetes
k141_1025074	3687	No terminal repeats	NA	5	11	0.9757	NA	1	5.1548	Viruses;Duplodnaviria;Heunggongvirae;Uroviricota;Caudoviricetes
k141_461522	5934	No terminal repeats	NA	7	11	0.9757	NA	1	8.5914	Viruses;Duplodnaviria;Heunggongvirae;Uroviricota;Caudoviricetes
k141_727273	7024	No terminal repeats	NA	5	11	0.9757	NA	0	3.4366	Viruses;Duplodnaviria;Heunggongvirae;Uroviricota;Caudoviricetes;Zobellviridae
k141_848965	3850	No terminal repeats	NA	7	11	0.9757	NA	1	9.6344	Viruses;Duplodnaviria;Heunggongvirae;Uroviricota;Caudoviricetes
k141_609919	5736	No terminal repeats	NA	18	11	0.9757	NA	0	5.8496	Viruses;Duplodnaviria;Heunggongvirae;Uroviricota;Caudoviricetes
k141_1578864	4623	No terminal repeats	NA	6	11	0.9757	NA	2	4.7540	Viruses;Duplodnaviria;Heunggongvirae;Uroviricota;Caudoviricetes
k141_1840460	4978	No terminal repeats	NA	15	11	0.9757	NA	2	12.0280	Viruses;Duplodnaviria;Heunggongvirae;Uroviricota;Caudoviricetes
k141_1862969	3694	No terminal repeats	NA	5	11	0.9756	NA	1	6.4444	Viruses;Duplodnaviria;Heunggongvirae;Uroviricota;Caudoviricetes
k141_134094	6999	No terminal repeats	NA	8	11	0.9756	NA	2	6.8886	Viruses;Duplodnaviria;Heunggongvirae;Uroviricota;Caudoviricetes
k141_4290_2	3557	No terminal repeats	NA	6	11	0.9756	NA	1	4.3014	Viruses;Duplodnaviria;Heunggongvirae;Uroviricota;Caudoviricetes;Autographiviridae
k141_231679	6849	No terminal repeats	NA	10	11	0.9756	NA	1	6.1882	Viruses;Duplodnaviria;Heunggongvirae;Uroviricota;Caudoviricetes
k141_927920	6669	No terminal repeats	NA	8	11	0.9756	NA	1	6.6469	Viruses;Duplodnaviria;Heunggongvirae;Uroviricota;Caudoviricetes
k141_135378	2734	No terminal repeats	NA	4	11	0.9755	NA	2	5.1412	Viruses;Duplodnaviria;Heunggongvirae;Uroviricota;Caudoviricetes
k141_1693784	9880	No terminal repeats	NA	10	11	0.9755	NA	4	15.9430	Viruses;Duplodnaviria;Heunggongvirae;Uroviricota;Caudoviricetes
k141_1345804	5476	No terminal repeats	NA	9	11	0.9754	NA	0	15.0729	Viruses;Duplodnaviria;Heunggongvirae;Uroviricota;Caudoviricetes
k141_405897	6922	No terminal repeats	NA	6	11	0.9754	NA	0	7.6654	Viruses;Duplodnaviria;Heunggongvirae;Uroviricota;Caudoviricetes
k141_519175	8522	No terminal repeats	NA	17	11	0.9754	NA	2	18.3046	Viruses;Duplodnaviria;Heunggongvirae;Uroviricota;Caudoviricetes
k141_1761494	4398	No terminal repeats	NA	8	11	0.9754	NA	1	8.5914	Viruses;Duplodnaviria;Heunggongvirae;Uroviricota;Caudoviricetes
k141_1519083	6662	No terminal repeats	NA	13	11	0.9753	NA	0	19.6020	Viruses;Duplodnaviria;Heunggongvirae;Uroviricota;Caudoviricetes
k141_430129	4775	No terminal repeats	NA	10	11	0.9753	NA	0	11.1126	Viruses;Duplodnaviria;Heunggongvirae;Uroviricota;Caudoviricetes
k141_257153	6864	No terminal repeats	NA	16	11	0.9753	NA	0	6.6537	Viruses;Duplodnaviria;Heunggongvirae;Uroviricota;Caudoviricetes
k141_228466	6545	No terminal repeats	NA	7	11	0.9753	NA	0	3.4366	Viruses;Duplodnaviria;Heunggongvirae;Uroviricota;Caudoviricetes
k141_395036	37240	No terminal repeats	NA	54	11	0.9753	NA	9	45.2249	Viruses;Duplodnaviria;Heunggongvirae;Uroviricota;Caudoviricetes
k141_761730	6355	No terminal repeats	NA	10	11	0.9753	NA	2	5.1438	Viruses;Duplodnaviria;Heunggongvirae;Uroviricota;Caudoviricetes
k141_573945	5400	No terminal repeats	NA	8	11	0.9753	NA	1	4.6445	Viruses;Duplodnaviria;Heunggongvirae;Uroviricota;Caudoviricetes
k141_1031696	7185	No terminal repeats	NA	13	11	0.9753	NA	0	5.5206	Viruses;Duplodnaviria;Heunggongvirae;Uroviricota;Caudoviricetes
k141_206461	8012	No terminal repeats	NA	19	11	0.9752	NA	1	8.4125	Viruses;Duplodnaviria;Heunggongvirae;Uroviricota;Caudoviricetes
k141_1346706	3526	No terminal repeats	NA	5	11	0.9752	NA	0	3.4366	Viruses;Duplodnaviria;Heunggongvirae;Uroviricota;Caudoviricetes
k141_404152	3829	No terminal repeats	NA	7	11	0.9752	NA	0	6.2051	Viruses;Duplodnaviria;Heunggongvirae;Uroviricota;Caudoviricetes
k141_681596	9615	No terminal repeats	NA	13	11	0.9752	NA	2	8.5640	Viruses;Duplodnaviria;Heunggongvirae;Uroviricota;Caudoviricetes
k141_579443	3711	No terminal repeats	NA	5	11	0.9752	NA	1	8.5914	Viruses;Duplodnaviria;Heunggongvirae;Uroviricota;Caudoviricetes
k141_238444	5816	No terminal repeats	NA	13	11	0.9752	NA	1	10.3708	Viruses;Duplodnaviria;Heunggongvirae;Uroviricota;Caudoviricetes;Kyanoviridae
k141_340707	4931	No terminal repeats	NA	8	11	0.9751	NA	0	7.7481	Viruses;Duplodnaviria;Heunggongvirae;Uroviricota;Caudoviricetes
k141_339324	7276	No terminal repeats	NA	14	11	0.9751	NA	1	9.2099	Viruses;Duplodnaviria;Heunggongvirae;Uroviricota;Caudoviricetes
k141_242505	8633	No terminal repeats	NA	6	11	0.9751	NA	1	6.6351	Viruses;Duplodnaviria;Heunggongvirae;Uroviricota;Caudoviricetes
k141_956527	3922	No terminal repeats	NA	7	11	0.9751	NA	2	11.6462	Viruses;Duplodnaviria;Heunggongvirae;Uroviricota;Caudoviricetes
k141_256392	7053	No terminal repeats	NA	13	11	0.9751	NA	0	9.8269	Viruses;Duplodnaviria;Heunggongvirae;Uroviricota;Caudoviricetes
k141_330707	6898	No terminal repeats	NA	14	11	0.9751	NA	4	16.2169	Viruses;Duplodnaviria;Heunggongvirae;Uroviricota;Caudoviricetes
k141_1394442	5762	No terminal repeats	NA	20	11	0.9751	NA	0	12.3643	Viruses;Duplodnaviria;Heunggongvirae;Uroviricota;Caudoviricetes
k141_633688	3505	No terminal repeats	NA	5	15	0.9750	NA	1	8.5914	Viruses;Duplodnaviria;Heunggongvirae;Uroviricota;Caudoviricetes
k141_338204	6459	No terminal repeats	NA	8	11	0.9749	NA	3	8.9684	Viruses;Duplodnaviria;Heunggongvirae;Uroviricota;Caudoviricetes
k141_3789	4806	No terminal repeats	NA	5	11	0.9749	NA	2	5.1291	Viruses;Duplodnaviria;Heunggongvirae;Uroviricota;Caudoviricetes
k141_715113	3450	No terminal repeats	NA	4	11	0.9749	NA	0	4.8709	Viruses;Duplodnaviria;Heunggongvirae;Uroviricota;Caudoviricetes
k141_393757	3699	No terminal repeats	NA	5	11	0.9749	NA	0	7.9561	Viruses;Duplodnaviria;Heunggongvirae;Uroviricota;Caudoviricetes
k141_1554022	4466	No terminal repeats	NA	12	11	0.9749	NA	0	10.0067	Viruses;Duplodnaviria;Heunggongvirae;Uroviricota;Caudoviricetes
k141_421209	3508	No terminal repeats	NA	9	11	0.9749	NA	4	9.3745	Viruses;Duplodnaviria;Heunggongvirae;Uroviricota;Caudoviricetes
k141_18882	4534	No terminal repeats	NA	12	11	0.9749	NA	0	6.1015	Viruses;Duplodnaviria;Heunggongvirae;Uroviricota;Caudoviricetes
k141_900691	8030	No terminal repeats	NA	18	11	0.9748	NA	2	8.3354	Unclassified
k141_1590484	6754	No terminal repeats	NA	16	11	0.9748	NA	0	5.9073	Viruses;Duplodnaviria;Heunggongvirae;Uroviricota;Caudoviricetes
k141_354318|provirus_96_6343	6248	No terminal repeats	NA	13	11	0.9748	NA	1	13.8577	Viruses;Duplodnaviria;Heunggongvirae;Uroviricota;Caudoviricetes
k141_10774	7274	No terminal repeats	NA	14	11	0.9748	NA	3	8.1210	Viruses;Duplodnaviria;Heunggongvirae;Uroviricota;Caudoviricetes
k141_99593	4607	No terminal repeats	NA	11	11	0.9748	NA	0	5.1530	Viruses;Duplodnaviria;Heunggongvirae;Uroviricota;Caudoviricetes
k141_1415876	4767	No terminal repeats	NA	9	11	0.9747	NA	0	6.2358	Unclassified
k141_1660005	3735	No terminal repeats	NA	7	11	0.9747	NA	0	8.8218	Viruses;Duplodnaviria;Heunggongvirae;Uroviricota;Caudoviricetes
k141_1467767	7586	No terminal repeats	NA	11	11	0.9747	NA	0	13.4581	Viruses;Duplodnaviria;Heunggongvirae;Uroviricota;Caudoviricetes
k141_41194	35631	No terminal repeats	NA	40	11	0.9747	NA	5	38.8225	Viruses;Duplodnaviria;Heunggongvirae;Uroviricota;Caudoviricetes
k141_1806294	4881	No terminal repeats	NA	8	11	0.9746	NA	0	8.2878	Viruses;Duplodnaviria;Heunggongvirae;Uroviricota;Caudoviricetes
k141_511819	3865	No terminal repeats	NA	5	11	0.9746	NA	0	5.1310	Viruses;Duplodnaviria;Heunggongvirae;Uroviricota;Caudoviricetes;Schitoviridae
k141_343423	6496	No terminal repeats	NA	7	11	0.9745	NA	2	8.0214	Viruses;Duplodnaviria;Heunggongvirae;Uroviricota;Caudoviricetes
k141_68696	5001	No terminal repeats	NA	6	11	0.9745	NA	0	3.4366	Viruses;Duplodnaviria;Heunggongvirae;Uroviricota;Caudoviricetes;Schitoviridae
k141_1035822	5444	No terminal repeats	NA	6	11	0.9745	NA	0	8.2315	Viruses;Duplodnaviria;Heunggongvirae;Uroviricota;Caudoviricetes;Schitoviridae
k141_123398	4453	No terminal repeats	NA	9	11	0.9745	NA	1	12.3463	Viruses;Duplodnaviria;Heunggongvirae;Uroviricota;Caudoviricetes
k141_316023	8493	No terminal repeats	NA	10	11	0.9745	NA	5	12.9121	Viruses;Duplodnaviria;Heunggongvirae;Uroviricota;Caudoviricetes
k141_919526	5455	No terminal repeats	NA	11	11	0.9745	NA	0	11.0469	Viruses;Duplodnaviria;Heunggongvirae;Uroviricota;Caudoviricetes
k141_580726	4861	No terminal repeats	NA	5	11	0.9744	NA	1	6.8731	Viruses;Duplodnaviria;Heunggongvirae;Uroviricota;Caudoviricetes
k141_623354	4781	No terminal repeats	NA	8	11	0.9744	NA	1	13.6077	Viruses;Duplodnaviria;Heunggongvirae;Uroviricota;Caudoviricetes
k141_231103	4231	No terminal repeats	NA	5	11	0.9744	NA	2	6.4563	Viruses;Duplodnaviria;Heunggongvirae;Uroviricota;Caudoviricetes
k141_374618	49881	No terminal repeats	NA	64	11	0.9743	NA	13	60.0137	Viruses;Duplodnaviria;Heunggongvirae;Uroviricota;Caudoviricetes
k141_986841	2512	No terminal repeats	NA	7	11	0.9743	NA	0	9.3467	Viruses;Duplodnaviria;Heunggongvirae;Uroviricota;Caudoviricetes
k141_7861	3722	No terminal repeats	NA	5	11	0.9743	NA	1	4.6588	Viruses;Duplodnaviria;Heunggongvirae;Uroviricota;Caudoviricetes
k141_1231770	3773	No terminal repeats	NA	8	11	0.9743	NA	3	6.8545	Viruses;Duplodnaviria;Heunggongvirae;Uroviricota;Caudoviricetes
k141_626957	3925	No terminal repeats	NA	11	11	0.9743	NA	0	4.7192	Viruses;Duplodnaviria;Heunggongvirae;Uroviricota;Caudoviricetes
k141_625081	4035	No terminal repeats	NA	6	11	0.9743	NA	0	7.5946	Viruses;Duplodnaviria;Heunggongvirae;Uroviricota;Caudoviricetes
k141_12226	4577	No terminal repeats	NA	9	11	0.9743	NA	0	11.2052	Viruses;Duplodnaviria;Heunggongvirae;Uroviricota;Caudoviricetes;Schitoviridae
k141_166230	3641	No terminal repeats	NA	15	11	0.9742	NA	1	20.6194	Viruses;Duplodnaviria;Heunggongvirae;Uroviricota;Caudoviricetes
k141_257899	6909	No terminal repeats	NA	8	11	0.9742	NA	4	11.3721	Viruses;Duplodnaviria;Heunggongvirae;Uroviricota;Caudoviricetes
k141_340846	5322	No terminal repeats	NA	8	11	0.9742	NA	2	7.5194	Viruses;Duplodnaviria;Heunggongvirae;Uroviricota;Caudoviricetes
k141_146228	4672	No terminal repeats	NA	9	11	0.9742	NA	1	4.5220	Viruses;Duplodnaviria;Heunggongvirae;Uroviricota;Caudoviricetes
k141_1626063	4027	No terminal repeats	NA	7	11	0.9742	NA	1	5.1548	Viruses;Duplodnaviria;Heunggongvirae;Uroviricota;Caudoviricetes
k141_293029	4714	No terminal repeats	NA	6	11	0.9741	NA	2	5.1365	Viruses;Duplodnaviria;Heunggongvirae;Uroviricota;Caudoviricetes
k141_20513	3745	No terminal repeats	NA	7	11	0.9741	NA	0	6.2673	Viruses;Duplodnaviria;Heunggongvirae;Uroviricota;Caudoviricetes
k141_221457	6426	No terminal repeats	NA	11	11	0.9741	NA	3	9.1591	Viruses;Duplodnaviria;Heunggongvirae;Uroviricota;Caudoviricetes
k141_176495	5193	No terminal repeats	NA	7	11	0.9741	NA	0	5.2330	Viruses;Duplodnaviria;Heunggongvirae;Uroviricota;Caudoviricetes
k141_1682574	5415	No terminal repeats	NA	7	11	0.9741	NA	2	6.8731	Viruses;Duplodnaviria;Heunggongvirae;Uroviricota;Caudoviricetes
k141_201975	8486	No terminal repeats	NA	8	11	0.9741	NA	1	6.6860	Viruses;Duplodnaviria;Heunggongvirae;Uroviricota;Caudoviricetes
k141_463754	8943	No terminal repeats	NA	27	11	0.9741	NA	1	11.3485	Viruses;Duplodnaviria;Heunggongvirae;Uroviricota;Caudoviricetes
k141_753040	5491	No terminal repeats	NA	9	11	0.9740	NA	5	8.7684	Viruses;Duplodnaviria;Heunggongvirae;Uroviricota;Caudoviricetes
k141_1257561	4176	No terminal repeats	NA	12	11	0.9740	NA	0	11.7188	Viruses;Duplodnaviria;Heunggongvirae;Uroviricota;Caudoviricetes
k141_1071253	5865	No terminal repeats	NA	14	11	0.9740	NA	0	10.7723	Viruses;Duplodnaviria;Heunggongvirae;Uroviricota;Caudoviricetes
k141_177574	4679	No terminal repeats	NA	5	11	0.9740	NA	0	4.7927	Viruses;Duplodnaviria;Heunggongvirae;Uroviricota;Caudoviricetes
k141_454342	5566	No terminal repeats	NA	5	11	0.9740	NA	2	6.1613	Viruses;Duplodnaviria;Heunggongvirae;Uroviricota;Caudoviricetes
k141_1533302	9919	No terminal repeats	NA	20	11	0.9739	NA	2	14.2836	Viruses;Duplodnaviria;Heunggongvirae;Uroviricota;Caudoviricetes
k141_577805	5763	No terminal repeats	NA	7	11	0.9739	NA	0	3.2645	Viruses;Duplodnaviria;Heunggongvirae;Uroviricota;Caudoviricetes
k141_157537	9609	No terminal repeats	NA	15	11	0.9739	NA	2	7.7777	Viruses
k141_833926	6299	No terminal repeats	NA	16	11	0.9739	NA	0	5.4235	Viruses;Duplodnaviria;Heunggongvirae;Uroviricota;Caudoviricetes;Kyanoviridae
k141_810851	6674	No terminal repeats	NA	11	11	0.9739	NA	2	7.3601	Viruses;Duplodnaviria;Heunggongvirae;Uroviricota;Caudoviricetes
k141_312150	5510	No terminal repeats	NA	18	11	0.9738	NA	0	23.6664	Viruses;Duplodnaviria;Heunggongvirae;Uroviricota;Caudoviricetes
k141_57630	4238	No terminal repeats	NA	5	11	0.9738	NA	1	4.2687	Viruses;Duplodnaviria;Heunggongvirae;Uroviricota;Caudoviricetes
k141_1063507	4038	No terminal repeats	NA	4	11	0.9738	NA	2	6.3075	Viruses;Duplodnaviria;Heunggongvirae;Uroviricota;Caudoviricetes
k141_135054	5206	No terminal repeats	NA	12	11	0.9737	NA	2	8.6146	Viruses;Duplodnaviria;Heunggongvirae;Uroviricota;Caudoviricetes
k141_68948	5060	No terminal repeats	NA	12	11	0.9737	NA	1	11.4046	Viruses;Duplodnaviria;Heunggongvirae;Uroviricota;Caudoviricetes
k141_512519	5050	No terminal repeats	NA	9	11	0.9737	NA	1	8.5732	Viruses;Duplodnaviria;Heunggongvirae;Uroviricota;Caudoviricetes
k141_1673795	5410	No terminal repeats	NA	9	11	0.9737	NA	3	15.2772	Viruses;Duplodnaviria;Heunggongvirae;Uroviricota;Caudoviricetes
k141_1040460	3509	No terminal repeats	NA	8	11	0.9737	NA	1	5.1548	Unclassified
k141_623780	3660	No terminal repeats	NA	7	11	0.9737	NA	2	9.1470	Viruses;Duplodnaviria;Heunggongvirae;Uroviricota;Caudoviricetes
k141_740524	4409	No terminal repeats	NA	10	11	0.9736	NA	2	5.1075	Viruses;Duplodnaviria;Heunggongvirae;Uroviricota;Caudoviricetes
k141_1122995	6721	No terminal repeats	NA	12	11	0.9736	NA	2	9.2120	Viruses;Duplodnaviria;Heunggongvirae;Uroviricota;Caudoviricetes
k141_445381	3224	No terminal repeats	NA	4	11	0.9735	NA	1	5.1548	Viruses;Duplodnaviria;Heunggongvirae;Uroviricota;Caudoviricetes
k141_32595	4204	No terminal repeats	NA	6	11	0.9735	NA	0	6.8731	Unclassified
k141_151257	3516	No terminal repeats	NA	5	11	0.9735	NA	3	4.7748	Viruses;Duplodnaviria;Heunggongvirae;Uroviricota;Caudoviricetes
k141_891722	3887	No terminal repeats	NA	6	11	0.9735	NA	1	7.9621	Viruses;Duplodnaviria;Heunggongvirae;Uroviricota;Caudoviricetes
k141_274904	4229	No terminal repeats	NA	8	11	0.9734	NA	0	10.2366	Viruses;Duplodnaviria;Heunggongvirae;Uroviricota;Caudoviricetes
k141_1854312	4281	No terminal repeats	NA	9	11	0.9734	NA	1	6.5619	Viruses;Duplodnaviria;Heunggongvirae;Uroviricota;Caudoviricetes
k141_243061	8727	No terminal repeats	NA	11	11	0.9734	NA	7	14.4708	Viruses;Duplodnaviria;Heunggongvirae;Uroviricota;Caudoviricetes
k141_425583	9107	No terminal repeats	NA	5	11	0.9734	NA	0	6.0765	Viruses;Duplodnaviria;Heunggongvirae;Uroviricota;Caudoviricetes;Herelleviridae
k141_1429742	4959	No terminal repeats	NA	9	11	0.9734	NA	4	6.9534	Viruses;Duplodnaviria;Heunggongvirae;Uroviricota;Caudoviricetes
k141_183510	5180	No terminal repeats	NA	6	11	0.9734	NA	4	8.5914	Viruses;Duplodnaviria;Heunggongvirae;Uroviricota;Caudoviricetes
k141_1302792	4311	No terminal repeats	NA	6	11	0.9734	NA	0	7.7710	Viruses;Duplodnaviria;Heunggongvirae;Uroviricota;Caudoviricetes
k141_260422	3711	No terminal repeats	NA	7	11	0.9733	NA	1	3.3828	Viruses;Duplodnaviria;Heunggongvirae;Uroviricota;Caudoviricetes
k141_198071	7417	No terminal repeats	NA	19	11	0.9733	NA	0	7.8949	Viruses;Duplodnaviria;Heunggongvirae;Uroviricota;Caudoviricetes
k141_299977	4483	No terminal repeats	NA	7	11	0.9733	NA	1	10.2841	Viruses;Duplodnaviria;Heunggongvirae;Uroviricota;Caudoviricetes
k141_202719	4490	No terminal repeats	NA	6	11	0.9731	NA	0	10.3042	Viruses;Duplodnaviria;Heunggongvirae;Uroviricota;Caudoviricetes
k141_509961	5599	No terminal repeats	NA	12	11	0.9731	NA	1	7.8888	Viruses;Duplodnaviria;Heunggongvirae;Uroviricota;Caudoviricetes
k141_585635	4091	No terminal repeats	NA	11	11	0.9731	NA	0	6.3703	Viruses;Duplodnaviria;Heunggongvirae;Uroviricota;Caudoviricetes
k141_611505	6425	No terminal repeats	NA	11	11	0.9731	NA	0	17.4545	Viruses;Duplodnaviria;Heunggongvirae;Uroviricota;Caudoviricetes
k141_267533	4071	No terminal repeats	NA	7	11	0.9731	NA	0	6.2698	Viruses;Duplodnaviria;Heunggongvirae;Uroviricota;Caudoviricetes
k141_472648	3793	No terminal repeats	NA	7	11	0.9731	NA	2	7.5757	Viruses;Duplodnaviria;Heunggongvirae;Uroviricota;Caudoviricetes;Kyanoviridae
k141_1379660	8827	No terminal repeats	NA	11	11	0.9730	NA	2	17.8854	Viruses;Duplodnaviria;Heunggongvirae;Uroviricota;Caudoviricetes
k141_151317	3649	No terminal repeats	NA	7	11	0.9730	NA	1	6.5538	Viruses;Duplodnaviria;Heunggongvirae;Uroviricota;Caudoviricetes
k141_14160	6022	No terminal repeats	NA	13	11	0.9730	NA	1	4.7148	Viruses;Duplodnaviria;Heunggongvirae;Uroviricota;Caudoviricetes
k141_595815	5498	No terminal repeats	NA	8	11	0.9730	NA	1	6.8715	Unclassified
k141_979336	4090	No terminal repeats	NA	9	11	0.9730	NA	0	8.2480	Viruses;Duplodnaviria;Heunggongvirae;Uroviricota;Caudoviricetes
k141_1632528	49395	DTR	NA	77	11	0.9730	NA	14	62.9243	Viruses;Duplodnaviria;Heunggongvirae;Uroviricota;Caudoviricetes
k141_210393	4602	No terminal repeats	NA	6	11	0.9730	NA	0	3.4366	Viruses;Duplodnaviria;Heunggongvirae;Uroviricota;Caudoviricetes
k141_487595	24358	No terminal repeats	NA	35	11	0.9729	NA	6	33.7208	Viruses;Duplodnaviria;Heunggongvirae;Uroviricota;Caudoviricetes
k141_265682	5502	No terminal repeats	NA	7	11	0.9729	NA	3	8.9664	Viruses;Duplodnaviria;Heunggongvirae;Uroviricota;Caudoviricetes
k141_280497	4453	No terminal repeats	NA	9	11	0.9729	NA	0	7.1876	Viruses;Duplodnaviria;Heunggongvirae;Uroviricota;Caudoviricetes
k141_1211338	6088	No terminal repeats	NA	8	11	0.9728	NA	2	13.7451	Viruses;Duplodnaviria;Heunggongvirae;Uroviricota;Caudoviricetes
k141_588251	4481	No terminal repeats	NA	5	11	0.9728	NA	2	8.5768	Viruses;Duplodnaviria;Heunggongvirae;Uroviricota;Caudoviricetes
k141_1349732	4079	No terminal repeats	NA	5	11	0.9728	NA	1	3.4366	Viruses;Duplodnaviria;Heunggongvirae;Uroviricota;Caudoviricetes
k141_897386	5715	No terminal repeats	NA	15	11	0.9727	NA	0	8.9137	Viruses;Duplodnaviria;Heunggongvirae;Uroviricota;Caudoviricetes
k141_211475|provirus_2_7121	7120	No terminal repeats	NA	10	11	0.9727	NA	1	10.2520	Viruses;Duplodnaviria;Heunggongvirae;Uroviricota;Caudoviricetes
k141_1452327	4944	No terminal repeats	NA	10	11	0.9727	NA	0	4.4973	Viruses;Duplodnaviria;Heunggongvirae;Uroviricota;Caudoviricetes
k141_1594319	4078	No terminal repeats	NA	5	11	0.9727	NA	2	6.1256	Viruses;Duplodnaviria;Heunggongvirae;Uroviricota;Caudoviricetes;Ackermannviridae
k141_722902	3660	No terminal repeats	NA	5	11	0.9727	NA	0	3.4345	Viruses;Duplodnaviria;Heunggongvirae;Uroviricota;Caudoviricetes
k141_899627	4184	No terminal repeats	NA	5	11	0.9726	NA	1	4.8579	Viruses;Duplodnaviria;Heunggongvirae;Uroviricota;Caudoviricetes
k141_1659848	7403	No terminal repeats	NA	8	11	0.9726	NA	0	13.3164	Viruses;Duplodnaviria;Heunggongvirae;Uroviricota;Caudoviricetes
k141_693191	6124	No terminal repeats	NA	13	11	0.9726	NA	1	8.5914	Viruses;Duplodnaviria;Heunggongvirae;Uroviricota;Caudoviricetes
k141_71014	5510	No terminal repeats	NA	12	11	0.9725	NA	0	9.1522	Viruses;Duplodnaviria;Heunggongvirae;Uroviricota;Caudoviricetes
k141_320679	5173	No terminal repeats	NA	8	11	0.9725	NA	1	3.4366	Viruses;Duplodnaviria;Heunggongvirae;Uroviricota;Caudoviricetes
k141_1612819	8709	No terminal repeats	NA	17	11	0.9724	NA	0	17.8704	Viruses;Duplodnaviria;Heunggongvirae;Uroviricota;Caudoviricetes
k141_1006080	4063	No terminal repeats	NA	7	11	0.9724	NA	3	11.8221	Viruses;Duplodnaviria;Heunggongvirae;Uroviricota;Caudoviricetes
k141_1605836	4448	No terminal repeats	NA	8	11	0.9724	NA	2	6.6171	Unclassified
k141_1567994	3927	No terminal repeats	NA	5	11	0.9723	NA	0	3.4366	Viruses;Duplodnaviria;Heunggongvirae;Uroviricota;Caudoviricetes
k141_310352	6075	No terminal repeats	NA	5	11	0.9723	NA	1	5.1422	Viruses;Duplodnaviria;Heunggongvirae;Uroviricota;Caudoviricetes
k141_223822	8115	No terminal repeats	NA	14	11	0.9723	NA	3	8.0707	Viruses;Duplodnaviria;Heunggongvirae;Uroviricota;Caudoviricetes
k141_283267	4358	No terminal repeats	NA	11	11	0.9723	NA	2	9.9601	Viruses;Duplodnaviria;Heunggongvirae;Uroviricota;Caudoviricetes;Guelinviridae
k141_252629	3774	No terminal repeats	NA	7	11	0.9723	NA	0	6.3699	Viruses;Duplodnaviria;Heunggongvirae;Uroviricota;Caudoviricetes;Schitoviridae
k141_152899	3734	No terminal repeats	NA	9	11	0.9723	NA	2	8.3079	Viruses;Duplodnaviria;Heunggongvirae;Uroviricota;Caudoviricetes
k141_404575	5672	No terminal repeats	NA	7	11	0.9722	NA	1	6.3883	Viruses;Duplodnaviria;Heunggongvirae;Uroviricota;Caudoviricetes
k141_1872090	4644	No terminal repeats	NA	6	11	0.9721	NA	0	8.4867	Viruses;Duplodnaviria;Heunggongvirae;Uroviricota;Caudoviricetes
k141_485367	6119	No terminal repeats	NA	6	11	0.9721	NA	1	5.1023	Viruses;Duplodnaviria;Heunggongvirae;Uroviricota;Caudoviricetes
k141_415273	4364	No terminal repeats	NA	5	11	0.9721	NA	3	4.7154	Viruses;Duplodnaviria;Heunggongvirae;Uroviricota;Caudoviricetes
k141_1537601	5297	No terminal repeats	NA	7	11	0.9721	NA	3	11.0980	Viruses;Duplodnaviria;Heunggongvirae;Uroviricota;Caudoviricetes
k141_351014	3874	No terminal repeats	NA	10	11	0.9721	NA	0	6.6685	Viruses;Duplodnaviria;Heunggongvirae;Uroviricota;Caudoviricetes
k141_1238006	2283	No terminal repeats	NA	2	11	0.9721	NA	2	3.4366	Viruses;Duplodnaviria;Heunggongvirae;Uroviricota;Caudoviricetes;Straboviridae
k141_332756	4075	No terminal repeats	NA	6	11	0.9721	NA	0	8.5914	Viruses;Duplodnaviria;Heunggongvirae;Uroviricota;Caudoviricetes
k141_290389	7237	No terminal repeats	NA	9	11	0.9720	NA	3	6.6544	Viruses;Duplodnaviria;Heunggongvirae;Uroviricota;Caudoviricetes
k141_72247	3794	No terminal repeats	NA	6	11	0.9719	NA	0	6.5277	Viruses;Duplodnaviria;Heunggongvirae;Uroviricota;Caudoviricetes;Schitoviridae
k141_1447069	4386	No terminal repeats	NA	9	11	0.9719	NA	0	4.6926	Viruses;Duplodnaviria;Heunggongvirae;Uroviricota;Caudoviricetes
k141_330156	4134	No terminal repeats	NA	6	11	0.9719	NA	4	9.6092	Viruses;Duplodnaviria;Heunggongvirae;Uroviricota;Caudoviricetes
k141_100231	3523	No terminal repeats	NA	5	11	0.9718	NA	0	3.1637	Viruses;Duplodnaviria;Heunggongvirae;Uroviricota;Caudoviricetes;Schitoviridae
k141_1055664	4485	No terminal repeats	NA	6	11	0.9718	NA	1	10.0464	Viruses;Duplodnaviria;Heunggongvirae;Uroviricota;Caudoviricetes;Demerecviridae
k141_1450603	4856	No terminal repeats	NA	8	11	0.9718	NA	0	5.5896	Viruses;Duplodnaviria;Heunggongvirae;Uroviricota;Caudoviricetes
k141_904865	3762	No terminal repeats	NA	8	11	0.9718	NA	0	4.8147	Viruses;Duplodnaviria;Heunggongvirae;Uroviricota;Caudoviricetes;Autographiviridae
k141_1543925	4554	No terminal repeats	NA	7	11	0.9718	NA	1	12.0280	Viruses;Duplodnaviria;Heunggongvirae;Uroviricota;Caudoviricetes
k141_1584555	3989	No terminal repeats	NA	7	11	0.9717	NA	0	5.6011	Viruses;Duplodnaviria;Heunggongvirae;Uroviricota;Caudoviricetes
k141_1287869	4657	No terminal repeats	NA	13	11	0.9717	NA	0	5.1408	Unclassified
k141_1257568	7421	No terminal repeats	NA	16	11	0.9717	NA	0	5.5999	Viruses;Duplodnaviria;Heunggongvirae;Uroviricota;Caudoviricetes
k141_1291520	2331	No terminal repeats	NA	5	11	0.9717	NA	1	8.4052	Viruses;Duplodnaviria;Heunggongvirae;Uroviricota;Caudoviricetes
k141_264298	23109	No terminal repeats	NA	29	11	0.9717	NA	13	36.7765	Viruses;Duplodnaviria;Heunggongvirae;Uroviricota;Caudoviricetes
k141_521729	3884	No terminal repeats	NA	7	11	0.9717	NA	1	6.8731	Unclassified
k141_157497	7604	No terminal repeats	NA	17	11	0.9716	NA	1	11.2937	Viruses;Duplodnaviria;Heunggongvirae;Uroviricota;Caudoviricetes
k141_51767	4832	No terminal repeats	NA	10	11	0.9716	NA	1	6.1132	Viruses;Duplodnaviria;Heunggongvirae;Uroviricota;Caudoviricetes
k141_22355	9018	No terminal repeats	NA	11	11	0.9716	NA	5	11.2588	Viruses;Duplodnaviria;Heunggongvirae;Uroviricota;Caudoviricetes
k141_333826	6837	No terminal repeats	NA	9	11	0.9716	NA	0	3.4366	Viruses;Duplodnaviria;Heunggongvirae;Uroviricota;Caudoviricetes
k141_122274	78072	DTR	NA	103	11	0.9716	NA	9	68.3088	Viruses;Duplodnaviria;Heunggongvirae;Uroviricota;Caudoviricetes
k141_4982	3672	No terminal repeats	NA	7	11	0.9716	NA	0	4.2004	Viruses;Duplodnaviria;Heunggongvirae;Uroviricota;Caudoviricetes
k141_303210|provirus_19858_59114	39257	No terminal repeats	NA	54	11	0.9715	NA	13	44.5899	Viruses;Duplodnaviria;Heunggongvirae;Uroviricota;Caudoviricetes
k141_246586	7635	No terminal repeats	NA	13	11	0.9715	NA	0	12.7869	Viruses;Duplodnaviria;Heunggongvirae;Uroviricota;Caudoviricetes
k141_176877	4669	No terminal repeats	NA	4	11	0.9715	NA	1	5.1519	Viruses;Duplodnaviria;Heunggongvirae;Uroviricota;Caudoviricetes
k141_1165081	4212	No terminal repeats	NA	5	11	0.9714	NA	0	3.2544	Viruses;Duplodnaviria;Heunggongvirae;Uroviricota;Caudoviricetes
k141_123487	5665	No terminal repeats	NA	7	11	0.9714	NA	0	6.9904	Viruses;Duplodnaviria;Heunggongvirae;Uroviricota;Caudoviricetes
k141_772141	3913	No terminal repeats	NA	10	11	0.9714	NA	0	8.2054	Viruses;Duplodnaviria;Heunggongvirae;Uroviricota;Caudoviricetes
k141_176324	4329	No terminal repeats	NA	8	11	0.9713	NA	3	7.8758	Viruses;Duplodnaviria;Heunggongvirae;Uroviricota;Caudoviricetes
k141_303579	4538	No terminal repeats	NA	9	11	0.9713	NA	3	8.1181	Viruses;Duplodnaviria;Heunggongvirae;Uroviricota;Caudoviricetes
k141_831783	3968	No terminal repeats	NA	10	11	0.9713	NA	0	16.4954	Viruses;Duplodnaviria;Heunggongvirae;Uroviricota;Caudoviricetes
k141_588408	6152	No terminal repeats	NA	7	11	0.9713	NA	3	8.0036	Viruses;Duplodnaviria;Heunggongvirae;Uroviricota;Caudoviricetes
k141_1212718	5965	No terminal repeats	NA	6	11	0.9713	NA	1	2.9300	Viruses;Duplodnaviria;Heunggongvirae;Uroviricota;Caudoviricetes
k141_939820	5606	No terminal repeats	NA	11	11	0.9713	NA	0	5.0145	Viruses;Duplodnaviria;Heunggongvirae;Uroviricota;Caudoviricetes
k141_324356	7018	No terminal repeats	NA	5	11	0.9712	NA	1	4.2333	Viruses;Duplodnaviria;Heunggongvirae;Uroviricota;Caudoviricetes
k141_10969	7855	No terminal repeats	NA	14	11	0.9712	NA	1	8.8909	Viruses;Duplodnaviria;Heunggongvirae;Uroviricota;Caudoviricetes
k141_1556969	4480	No terminal repeats	NA	8	11	0.9712	NA	0	6.8361	Viruses;Duplodnaviria;Heunggongvirae;Uroviricota;Caudoviricetes;Demerecviridae
k141_530071	4408	No terminal repeats	NA	5	11	0.9712	NA	1	8.0956	Viruses;Duplodnaviria;Heunggongvirae;Uroviricota;Caudoviricetes
k141_1046518	4046	No terminal repeats	NA	5	11	0.9711	NA	0	3.4759	Viruses;Duplodnaviria;Heunggongvirae;Uroviricota;Caudoviricetes
k141_881602	4609	No terminal repeats	NA	13	11	0.9711	NA	0	5.1501	Viruses;Duplodnaviria;Heunggongvirae;Uroviricota;Caudoviricetes
k141_75097	7789	No terminal repeats	NA	10	11	0.9711	NA	0	6.8731	Viruses;Duplodnaviria;Heunggongvirae;Uroviricota;Caudoviricetes
k141_846011	4969	No terminal repeats	NA	5	11	0.9711	NA	2	6.8710	Viruses;Duplodnaviria;Heunggongvirae;Uroviricota;Caudoviricetes;Demerecviridae
k141_321285	3875	No terminal repeats	NA	6	11	0.9711	NA	3	6.6298	Viruses;Duplodnaviria;Heunggongvirae;Uroviricota;Caudoviricetes
k141_1581571	4411	No terminal repeats	NA	9	11	0.9710	NA	1	6.8653	Viruses;Duplodnaviria;Heunggongvirae;Uroviricota;Caudoviricetes
k141_1172439	3729	No terminal repeats	NA	10	11	0.9710	NA	0	10.0707	Viruses;Duplodnaviria;Heunggongvirae;Uroviricota;Caudoviricetes
k141_1106546	4167	No terminal repeats	NA	5	11	0.9710	NA	0	5.7892	Viruses;Duplodnaviria;Heunggongvirae;Uroviricota;Caudoviricetes
k141_19981	5541	No terminal repeats	NA	7	11	0.9709	NA	0	6.8144	Viruses;Duplodnaviria;Heunggongvirae;Uroviricota;Caudoviricetes
k141_1333695	5851	No terminal repeats	NA	8	11	0.9709	NA	1	8.5914	Viruses;Duplodnaviria;Heunggongvirae;Uroviricota;Caudoviricetes
k141_496041	4410	No terminal repeats	NA	9	11	0.9709	NA	0	13.7437	Viruses;Duplodnaviria;Heunggongvirae;Uroviricota;Caudoviricetes
k141_1978635	6760	No terminal repeats	NA	10	11	0.9709	NA	1	12.7649	Viruses;Duplodnaviria;Heunggongvirae;Uroviricota;Caudoviricetes
k141_1370098	3784	No terminal repeats	NA	6	11	0.9708	NA	1	9.5763	Viruses;Duplodnaviria;Heunggongvirae;Uroviricota;Caudoviricetes
k141_973021	4240	No terminal repeats	NA	9	11	0.9708	NA	0	9.5676	Viruses;Duplodnaviria;Heunggongvirae;Uroviricota;Caudoviricetes
k141_1113877	9577	No terminal repeats	NA	27	11	0.9708	NA	1	19.0721	Viruses;Duplodnaviria;Heunggongvirae;Uroviricota;Caudoviricetes
k141_653154	5924	No terminal repeats	NA	9	11	0.9707	NA	4	8.4724	Viruses;Duplodnaviria;Heunggongvirae;Uroviricota;Caudoviricetes
k141_1123467	6689	No terminal repeats	NA	10	11	0.9707	NA	3	15.1676	Viruses;Duplodnaviria;Heunggongvirae;Uroviricota;Caudoviricetes
k141_629832	8949	No terminal repeats	NA	15	11	0.9707	NA	3	7.5851	Viruses;Duplodnaviria;Heunggongvirae;Uroviricota;Caudoviricetes
k141_283686	8636	No terminal repeats	NA	10	11	0.9707	NA	1	6.2294	Viruses;Duplodnaviria;Heunggongvirae;Uroviricota;Caudoviricetes
k141_35104	29074	No terminal repeats	NA	42	11	0.9706	NA	10	41.0494	Viruses;Duplodnaviria;Heunggongvirae;Uroviricota;Caudoviricetes
k141_924161	5078	No terminal repeats	NA	11	11	0.9706	NA	0	3.1447	Viruses;Duplodnaviria;Heunggongvirae;Uroviricota;Caudoviricetes
k141_205658	7185	No terminal repeats	NA	13	11	0.9706	NA	3	10.9868	Viruses;Duplodnaviria;Heunggongvirae;Uroviricota;Caudoviricetes
k141_1934180	3732	No terminal repeats	NA	5	11	0.9705	NA	0	8.4669	Viruses;Duplodnaviria;Heunggongvirae;Uroviricota;Caudoviricetes
k141_195735	4602	No terminal repeats	NA	5	11	0.9705	NA	1	3.2150	Viruses;Duplodnaviria;Heunggongvirae;Uroviricota;Caudoviricetes
k141_1924436	3855	No terminal repeats	NA	6	11	0.9705	NA	0	4.8882	Viruses;Duplodnaviria;Heunggongvirae;Uroviricota;Caudoviricetes
k141_27487	3827	No terminal repeats	NA	7	11	0.9705	NA	1	7.3455	Viruses;Duplodnaviria;Heunggongvirae;Uroviricota;Caudoviricetes
k141_32001	5044	No terminal repeats	NA	5	11	0.9705	NA	2	4.5998	Viruses;Duplodnaviria;Heunggongvirae;Uroviricota;Caudoviricetes
k141_279693	3958	No terminal repeats	NA	5	15	0.9705	NA	0	7.8572	Viruses;Duplodnaviria;Heunggongvirae;Uroviricota;Caudoviricetes
k141_1160442	9079	No terminal repeats	NA	10	11	0.9705	NA	1	15.3921	Viruses;Duplodnaviria;Heunggongvirae;Uroviricota;Caudoviricetes
k141_120701	4197	No terminal repeats	NA	5	11	0.9705	NA	0	3.4996	Viruses;Duplodnaviria;Heunggongvirae;Uroviricota;Caudoviricetes;Schitoviridae
k141_1965	4310	No terminal repeats	NA	8	11	0.9704	NA	2	4.7745	Viruses;Duplodnaviria;Heunggongvirae;Uroviricota;Caudoviricetes
k141_1294796	9509	No terminal repeats	NA	6	11	0.9704	NA	0	5.1548	Viruses;Duplodnaviria;Heunggongvirae;Uroviricota;Caudoviricetes
k141_1712211	8533	No terminal repeats	NA	23	11	0.9703	NA	3	18.6787	Viruses;Duplodnaviria;Heunggongvirae;Uroviricota;Caudoviricetes
k141_426435	7414	No terminal repeats	NA	12	11	0.9703	NA	3	10.3862	Viruses;Duplodnaviria;Heunggongvirae;Uroviricota;Caudoviricetes
k141_34219	4461	No terminal repeats	NA	9	11	0.9703	NA	3	9.8356	Viruses;Duplodnaviria;Heunggongvirae;Uroviricota;Caudoviricetes
k141_1029902	6327	No terminal repeats	NA	6	11	0.9703	NA	4	9.4639	Viruses;Duplodnaviria;Heunggongvirae;Uroviricota;Caudoviricetes
k141_1159632	9471	No terminal repeats	NA	13	11	0.9703	NA	0	15.3498	Viruses;Duplodnaviria;Heunggongvirae;Uroviricota;Caudoviricetes
k141_822753	3685	No terminal repeats	NA	13	11	0.9703	NA	0	7.7513	Viruses;Duplodnaviria;Heunggongvirae;Uroviricota;Caudoviricetes
k141_75277	42298	No terminal repeats	NA	58	11	0.9703	NA	10	51.4617	Viruses;Duplodnaviria;Heunggongvirae;Uroviricota;Caudoviricetes
k141_596484	3927	No terminal repeats	NA	5	11	0.9703	NA	0	6.8731	Viruses;Duplodnaviria;Heunggongvirae;Uroviricota;Caudoviricetes
k141_548859	5921	No terminal repeats	NA	19	11	0.9702	NA	1	12.4453	Viruses;Duplodnaviria;Heunggongvirae;Uroviricota;Caudoviricetes
k141_1350908	4019	No terminal repeats	NA	8	11	0.9702	NA	0	6.1798	Viruses;Duplodnaviria;Heunggongvirae;Uroviricota;Caudoviricetes
k141_47485	8736	No terminal repeats	NA	10	11	0.9701	NA	6	12.1044	Viruses;Duplodnaviria;Heunggongvirae;Uroviricota;Caudoviricetes
k141_534124	3517	No terminal repeats	NA	5	11	0.9701	NA	1	5.1130	Viruses;Duplodnaviria;Heunggongvirae;Uroviricota;Caudoviricetes
k141_118331	7953	No terminal repeats	NA	6	11	0.9701	NA	2	10.2708	Viruses;Duplodnaviria;Heunggongvirae;Uroviricota;Caudoviricetes
k141_65337	4501	No terminal repeats	NA	5	11	0.9700	NA	1	3.9147	Viruses;Duplodnaviria;Heunggongvirae;Uroviricota;Caudoviricetes
k141_122849	8457	No terminal repeats	NA	8	11	0.9700	NA	0	11.2442	Viruses;Duplodnaviria;Heunggongvirae;Uroviricota;Caudoviricetes
k141_1680290	5032	No terminal repeats	NA	11	11	0.9700	NA	1	11.2729	Viruses;Duplodnaviria;Heunggongvirae;Uroviricota;Caudoviricetes
k141_599216	2601	No terminal repeats	NA	4	11	0.9700	NA	0	4.8709	Viruses;Duplodnaviria;Heunggongvirae;Uroviricota;Caudoviricetes
k141_425705	3695	No terminal repeats	NA	7	11	0.9700	NA	1	10.2820	Viruses;Duplodnaviria;Heunggongvirae;Uroviricota;Caudoviricetes
k141_1403292	6382	No terminal repeats	NA	9	11	0.9699	NA	2	3.4366	Viruses;Duplodnaviria;Heunggongvirae;Uroviricota;Caudoviricetes
k141_1629479	7299	No terminal repeats	NA	7	11	0.9699	NA	0	10.3307	Viruses;Duplodnaviria;Heunggongvirae;Uroviricota;Caudoviricetes
k141_1319658	5300	No terminal repeats	NA	7	11	0.9699	NA	2	10.3097	Viruses;Duplodnaviria;Heunggongvirae;Uroviricota;Caudoviricetes
k141_280989	3540	No terminal repeats	NA	8	11	0.9698	NA	1	9.0606	Viruses;Duplodnaviria;Heunggongvirae;Uroviricota;Caudoviricetes
k141_1925659	4805	No terminal repeats	NA	6	11	0.9697	NA	1	8.0060	Viruses;Duplodnaviria;Heunggongvirae;Uroviricota;Caudoviricetes
k141_52326	5459	No terminal repeats	NA	7	11	0.9697	NA	0	3.4203	Viruses;Duplodnaviria;Heunggongvirae;Uroviricota;Caudoviricetes
k141_177530	3814	No terminal repeats	NA	9	11	0.9697	NA	2	5.1420	Viruses;Duplodnaviria;Heunggongvirae;Uroviricota;Caudoviricetes
k141_1519636	4149	No terminal repeats	NA	10	11	0.9697	NA	1	9.7969	Viruses;Duplodnaviria;Heunggongvirae;Uroviricota;Caudoviricetes
k141_1922128	9202	No terminal repeats	NA	26	11	0.9697	NA	0	39.6085	Viruses;Duplodnaviria;Heunggongvirae;Uroviricota;Caudoviricetes
k141_1191343	4174	No terminal repeats	NA	7	11	0.9696	NA	2	8.0737	Viruses;Duplodnaviria;Heunggongvirae;Uroviricota;Caudoviricetes
k141_254392	9809	No terminal repeats	NA	8	11	0.9696	NA	1	8.1122	Viruses;Duplodnaviria;Heunggongvirae;Uroviricota;Caudoviricetes
k141_995965	9425	No terminal repeats	NA	20	11	0.9696	NA	2	19.4202	Viruses;Duplodnaviria;Heunggongvirae;Uroviricota;Caudoviricetes
k141_1031530	6555	No terminal repeats	NA	15	11	0.9696	NA	0	3.2601	Viruses;Duplodnaviria;Heunggongvirae;Uroviricota;Caudoviricetes
k141_1286795	40010	No terminal repeats	NA	50	11	0.9696	NA	10	40.5093	Viruses;Duplodnaviria;Heunggongvirae;Uroviricota;Caudoviricetes
k141_110341	4044	No terminal repeats	NA	6	11	0.9695	NA	2	10.3097	Viruses;Duplodnaviria;Heunggongvirae;Uroviricota;Caudoviricetes
k141_216362	5074	No terminal repeats	NA	8	11	0.9695	NA	0	8.5154	Viruses;Duplodnaviria;Heunggongvirae;Uroviricota;Caudoviricetes
k141_72323	3903	No terminal repeats	NA	5	11	0.9694	NA	0	3.4366	Viruses;Duplodnaviria;Heunggongvirae;Uroviricota;Caudoviricetes;Schitoviridae
k141_201425	3910	No terminal repeats	NA	9	11	0.9694	NA	0	3.3763	Viruses;Duplodnaviria;Heunggongvirae;Uroviricota;Caudoviricetes
k141_1131500	4485	No terminal repeats	NA	6	11	0.9694	NA	1	3.1930	Viruses;Duplodnaviria;Heunggongvirae;Uroviricota;Caudoviricetes
k141_23585	5486	No terminal repeats	NA	14	11	0.9694	NA	0	5.2413	Viruses;Duplodnaviria;Heunggongvirae;Uroviricota;Caudoviricetes
k141_225779	3512	No terminal repeats	NA	8	11	0.9694	NA	0	9.3385	Viruses;Duplodnaviria;Heunggongvirae;Uroviricota;Caudoviricetes
k141_186122	5553	No terminal repeats	NA	14	11	0.9693	NA	0	15.1166	Viruses;Duplodnaviria;Heunggongvirae;Uroviricota;Caudoviricetes
k141_168423	3867	No terminal repeats	NA	7	11	0.9693	NA	1	6.7740	Viruses;Duplodnaviria;Heunggongvirae;Uroviricota;Caudoviricetes
k141_924087	5818	No terminal repeats	NA	8	11	0.9693	NA	0	4.8947	Viruses;Duplodnaviria;Heunggongvirae;Uroviricota;Caudoviricetes
k141_533723	3674	No terminal repeats	NA	5	11	0.9693	NA	0	4.7461	Viruses;Duplodnaviria;Heunggongvirae;Uroviricota;Caudoviricetes
k141_178800	4112	No terminal repeats	NA	6	11	0.9692	NA	0	3.4366	Viruses;Duplodnaviria;Heunggongvirae;Uroviricota;Caudoviricetes
k141_664143	3570	No terminal repeats	NA	7	11	0.9692	NA	0	6.5669	Viruses;Duplodnaviria;Heunggongvirae;Uroviricota;Caudoviricetes
k141_309648	3540	No terminal repeats	NA	8	11	0.9691	NA	0	3.0267	Viruses;Duplodnaviria;Heunggongvirae;Uroviricota;Caudoviricetes
k141_1032546	9872	No terminal repeats	NA	21	11	0.9691	NA	0	11.3305	Viruses;Duplodnaviria;Heunggongvirae;Uroviricota;Caudoviricetes
k141_198707	5390	No terminal repeats	NA	5	11	0.9691	NA	2	5.4295	Viruses;Duplodnaviria;Heunggongvirae;Uroviricota;Caudoviricetes
k141_1571013	6274	No terminal repeats	NA	7	11	0.9690	NA	1	7.5219	Viruses;Duplodnaviria;Heunggongvirae;Uroviricota;Caudoviricetes
k141_1787929	4347	No terminal repeats	NA	8	11	0.9690	NA	1	7.5534	Viruses;Duplodnaviria;Heunggongvirae;Uroviricota;Caudoviricetes;Crassvirales
k141_43789	4892	No terminal repeats	NA	5	11	0.9690	NA	1	4.5714	Viruses;Duplodnaviria;Heunggongvirae;Uroviricota;Caudoviricetes
k141_883588	8659	No terminal repeats	NA	20	11	0.9689	NA	1	10.8024	Viruses;Duplodnaviria;Heunggongvirae;Uroviricota;Caudoviricetes
k141_610774	6014	No terminal repeats	NA	11	11	0.9689	NA	3	15.4645	Viruses;Duplodnaviria;Heunggongvirae;Uroviricota;Caudoviricetes
k141_813327	5781	No terminal repeats	NA	14	11	0.9689	NA	1	5.1025	Viruses;Duplodnaviria;Heunggongvirae;Uroviricota;Caudoviricetes
k141_134281_2	4511	No terminal repeats	NA	6	11	0.9689	NA	1	4.7234	Viruses;Duplodnaviria;Heunggongvirae;Uroviricota;Caudoviricetes
k141_1918126	6521	No terminal repeats	NA	12	11	0.9688	NA	2	18.8940	Viruses;Duplodnaviria;Heunggongvirae;Uroviricota;Caudoviricetes
k141_268900	6153	No terminal repeats	NA	5	11	0.9688	NA	1	8.5525	Viruses;Duplodnaviria;Heunggongvirae;Uroviricota;Caudoviricetes
k141_271639	6219	No terminal repeats	NA	16	11	0.9688	NA	0	6.6564	Viruses;Duplodnaviria;Heunggongvirae;Uroviricota;Caudoviricetes
k141_735693	3536	No terminal repeats	NA	7	11	0.9688	NA	4	5.1609	Viruses;Duplodnaviria;Heunggongvirae;Uroviricota;Caudoviricetes
k141_835994	3695	No terminal repeats	NA	7	11	0.9687	NA	3	8.5424	Viruses;Duplodnaviria;Heunggongvirae;Uroviricota;Caudoviricetes;Straboviridae
k141_171153	31836	No terminal repeats	NA	48	11	0.9687	NA	5	38.5243	Viruses;Duplodnaviria;Heunggongvirae;Uroviricota;Caudoviricetes
k141_658650	3975	No terminal repeats	NA	5	11	0.9687	NA	0	6.3179	Viruses;Duplodnaviria;Heunggongvirae;Uroviricota;Caudoviricetes
k141_262966	7280	No terminal repeats	NA	8	11	0.9687	NA	1	6.6154	Viruses;Duplodnaviria;Heunggongvirae;Uroviricota;Caudoviricetes
k141_1386389	4154	No terminal repeats	NA	17	11	0.9686	NA	0	3.3348	Unclassified
k141_628668	4011	No terminal repeats	NA	14	11	0.9686	NA	0	4.4206	Viruses;Duplodnaviria;Heunggongvirae;Uroviricota;Caudoviricetes
k141_381208	8174	No terminal repeats	NA	8	11	0.9686	NA	0	5.1548	Viruses;Duplodnaviria;Heunggongvirae;Uroviricota;Caudoviricetes
k141_840980	3762	No terminal repeats	NA	5	11	0.9685	NA	0	6.8536	Unclassified
k141_371571	5910	No terminal repeats	NA	16	11	0.9685	NA	1	7.5815	Viruses;Duplodnaviria;Heunggongvirae;Uroviricota;Caudoviricetes
k141_570073	4220	No terminal repeats	NA	6	11	0.9684	NA	2	5.8209	Viruses;Duplodnaviria;Heunggongvirae;Uroviricota;Caudoviricetes;Ackermannviridae
k141_99221	5641	No terminal repeats	NA	5	11	0.9684	NA	0	3.0794	Viruses;Duplodnaviria;Heunggongvirae;Uroviricota;Caudoviricetes
k141_113636	3629	No terminal repeats	NA	7	11	0.9684	NA	1	3.4366	Viruses;Duplodnaviria;Heunggongvirae;Uroviricota;Caudoviricetes
k141_244786	167066	No terminal repeats	NA	256	11	0.9684	NA	5	120.7329	Viruses;Duplodnaviria;Heunggongvirae;Uroviricota;Caudoviricetes
k141_1480925	7431	No terminal repeats	NA	17	11	0.9684	NA	0	16.2970	Viruses;Duplodnaviria;Heunggongvirae;Uroviricota;Caudoviricetes
k141_18183	3633	No terminal repeats	NA	7	11	0.9683	NA	0	4.6787	Viruses;Duplodnaviria;Heunggongvirae;Uroviricota;Caudoviricetes
k141_662010	7772	No terminal repeats	NA	10	11	0.9682	NA	3	13.7463	Viruses;Duplodnaviria;Heunggongvirae;Uroviricota;Caudoviricetes
k141_55961	26360	No terminal repeats	NA	46	11	0.9682	NA	7	45.6304	Viruses;Duplodnaviria;Heunggongvirae;Uroviricota;Caudoviricetes
k141_40819	3710	No terminal repeats	NA	5	11	0.9682	NA	0	3.9844	Viruses;Duplodnaviria;Heunggongvirae;Uroviricota;Caudoviricetes
k141_1915196	4272	No terminal repeats	NA	8	11	0.9681	NA	0	5.1185	Viruses;Duplodnaviria;Heunggongvirae;Uroviricota;Caudoviricetes
k141_319492	8452	No terminal repeats	NA	12	11	0.9681	NA	1	14.9002	Viruses;Duplodnaviria;Heunggongvirae;Uroviricota;Caudoviricetes
k141_343140	6480	No terminal repeats	NA	10	11	0.9679	NA	7	13.1426	Viruses;Duplodnaviria;Heunggongvirae;Uroviricota;Caudoviricetes
k141_1396431	3959	No terminal repeats	NA	7	11	0.9679	NA	0	5.1305	Viruses;Duplodnaviria;Heunggongvirae;Uroviricota;Caudoviricetes
k141_345012	6114	No terminal repeats	NA	8	11	0.9678	NA	2	6.1358	Viruses;Duplodnaviria;Heunggongvirae;Uroviricota;Caudoviricetes
k141_99928	8722	No terminal repeats	NA	13	11	0.9678	NA	1	21.4501	Viruses;Duplodnaviria;Heunggongvirae;Uroviricota;Caudoviricetes
k141_1496338	7703	No terminal repeats	NA	11	11	0.9678	NA	1	14.8145	Viruses;Duplodnaviria;Heunggongvirae;Uroviricota;Caudoviricetes
k141_217141	24632	No terminal repeats	NA	29	11	0.9677	NA	3	26.3002	Viruses;Duplodnaviria;Heunggongvirae;Uroviricota;Caudoviricetes
k141_1555070	3983	No terminal repeats	NA	9	11	0.9677	NA	0	4.2038	Viruses;Duplodnaviria;Heunggongvirae;Uroviricota;Caudoviricetes
k141_851226	6854	No terminal repeats	NA	8	11	0.9675	NA	1	5.1548	Viruses;Duplodnaviria;Heunggongvirae;Uroviricota;Caudoviricetes
k141_422910	6399	No terminal repeats	NA	13	11	0.9675	NA	0	7.9532	Viruses;Duplodnaviria;Heunggongvirae;Uroviricota;Caudoviricetes
k141_267532	4171	No terminal repeats	NA	8	11	0.9675	NA	3	5.9528	Viruses;Duplodnaviria;Heunggongvirae;Uroviricota;Caudoviricetes
k141_139473	4525	No terminal repeats	NA	10	11	0.9675	NA	1	7.6775	Viruses;Duplodnaviria;Heunggongvirae;Uroviricota;Caudoviricetes
k141_1814994	8241	No terminal repeats	NA	14	11	0.9674	NA	0	6.8603	Viruses;Duplodnaviria;Heunggongvirae;Uroviricota;Caudoviricetes
k141_310206	7125	No terminal repeats	NA	14	11	0.9674	NA	0	10.2678	Viruses;Duplodnaviria;Heunggongvirae;Uroviricota;Caudoviricetes
k141_831602	5764	No terminal repeats	NA	10	11	0.9673	NA	1	6.5813	Viruses;Duplodnaviria;Heunggongvirae;Uroviricota;Caudoviricetes
k141_270207	6761	No terminal repeats	NA	8	11	0.9672	NA	5	8.2972	Viruses;Duplodnaviria;Heunggongvirae;Uroviricota;Caudoviricetes
k141_1146753	4469	No terminal repeats	NA	7	11	0.9671	NA	1	11.0478	Viruses;Duplodnaviria;Heunggongvirae;Uroviricota;Caudoviricetes
k141_1957	6965	No terminal repeats	NA	9	11	0.9670	NA	0	5.9022	Viruses;Duplodnaviria;Heunggongvirae;Uroviricota;Caudoviricetes
k141_470910	9192	No terminal repeats	NA	13	11	0.9670	NA	1	20.6134	Viruses;Duplodnaviria;Heunggongvirae;Uroviricota;Caudoviricetes
k141_1399546	3733	No terminal repeats	NA	5	11	0.9670	NA	0	2.8930	Viruses;Duplodnaviria;Heunggongvirae;Uroviricota;Caudoviricetes;Kyanoviridae
k141_414323	4213	No terminal repeats	NA	8	11	0.9670	NA	3	10.7931	Viruses;Duplodnaviria;Heunggongvirae;Uroviricota;Caudoviricetes
k141_183763	5432	No terminal repeats	NA	5	11	0.9670	NA	0	3.2715	Viruses;Duplodnaviria;Heunggongvirae;Uroviricota;Caudoviricetes
k141_519555	4116	No terminal repeats	NA	5	11	0.9670	NA	2	5.1548	Viruses;Duplodnaviria;Heunggongvirae;Uroviricota;Caudoviricetes
k141_65149	4466	No terminal repeats	NA	5	11	0.9669	NA	1	3.4366	Viruses;Duplodnaviria;Heunggongvirae;Uroviricota;Caudoviricetes
k141_727978	3635	No terminal repeats	NA	10	11	0.9669	NA	0	12.0271	Viruses;Duplodnaviria;Heunggongvirae;Uroviricota;Caudoviricetes
k141_60065	47649	No terminal repeats	NA	48	11	0.9668	NA	3	23.7744	Viruses;Duplodnaviria;Heunggongvirae;Uroviricota;Caudoviricetes
k141_1028327	4644	No terminal repeats	NA	8	11	0.9668	NA	2	12.4740	Viruses;Duplodnaviria;Heunggongvirae;Uroviricota;Caudoviricetes
k141_327623	4054	No terminal repeats	NA	7	11	0.9668	NA	0	4.2429	Viruses;Duplodnaviria;Heunggongvirae;Uroviricota;Caudoviricetes
k141_1480507	8343	No terminal repeats	NA	13	11	0.9667	NA	0	9.7746	Viruses;Duplodnaviria;Heunggongvirae;Uroviricota;Caudoviricetes
k141_437760	4071	No terminal repeats	NA	6	11	0.9667	NA	3	10.0695	Viruses;Duplodnaviria;Heunggongvirae;Uroviricota;Caudoviricetes
k141_1199196	3985	No terminal repeats	NA	11	11	0.9667	NA	0	14.9030	Viruses;Duplodnaviria;Heunggongvirae;Uroviricota;Caudoviricetes
k141_1796343	4931	No terminal repeats	NA	10	11	0.9667	NA	0	13.0918	Viruses;Duplodnaviria;Heunggongvirae;Uroviricota;Caudoviricetes
k141_10729	6557	No terminal repeats	NA	14	11	0.9667	NA	1	4.4470	Viruses;Duplodnaviria;Heunggongvirae;Uroviricota;Caudoviricetes
k141_347545	9427	No terminal repeats	NA	15	11	0.9666	NA	0	9.5197	Viruses;Duplodnaviria;Heunggongvirae;Uroviricota;Caudoviricetes
k141_407159	18143	No terminal repeats	NA	15	11	0.9666	NA	1	16.0828	Viruses;Duplodnaviria;Heunggongvirae;Uroviricota;Caudoviricetes
k141_41669	3631	No terminal repeats	NA	7	11	0.9666	NA	0	8.5885	Viruses;Duplodnaviria;Heunggongvirae;Uroviricota;Caudoviricetes
k141_361846	7818	No terminal repeats	NA	16	11	0.9665	NA	0	6.4098	Viruses;Duplodnaviria;Heunggongvirae;Uroviricota;Caudoviricetes
k141_5426	9731	No terminal repeats	NA	10	11	0.9665	NA	4	10.0328	Viruses;Duplodnaviria;Heunggongvirae;Uroviricota;Caudoviricetes
k141_16440	5064	No terminal repeats	NA	8	11	0.9665	NA	3	6.1558	Viruses;Duplodnaviria;Heunggongvirae;Uroviricota;Caudoviricetes
k141_1571718	3703	No terminal repeats	NA	6	11	0.9664	NA	0	4.8697	Viruses;Duplodnaviria;Heunggongvirae;Uroviricota;Caudoviricetes
k141_299223	5550	No terminal repeats	NA	12	11	0.9664	NA	1	11.0778	Viruses;Duplodnaviria;Heunggongvirae;Uroviricota;Caudoviricetes
k141_321623	5265	No terminal repeats	NA	12	11	0.9664	NA	0	13.7187	Viruses;Duplodnaviria;Heunggongvirae;Uroviricota;Caudoviricetes
k141_118245	8512	No terminal repeats	NA	10	11	0.9663	NA	0	7.9679	Viruses;Duplodnaviria;Heunggongvirae;Uroviricota;Caudoviricetes
k141_439752	4293	No terminal repeats	NA	7	11	0.9663	NA	4	6.4295	Viruses;Duplodnaviria;Heunggongvirae;Uroviricota;Caudoviricetes
k141_1429970	4894	No terminal repeats	NA	14	11	0.9663	NA	0	6.2289	Viruses;Duplodnaviria;Heunggongvirae;Uroviricota;Caudoviricetes
k141_912802	6884	No terminal repeats	NA	15	11	0.9663	NA	1	14.7594	Viruses;Duplodnaviria;Heunggongvirae;Uroviricota;Caudoviricetes
k141_368814	8279	No terminal repeats	NA	13	11	0.9663	NA	3	11.8270	Viruses;Duplodnaviria;Heunggongvirae;Uroviricota;Caudoviricetes
k141_1813618	3540	No terminal repeats	NA	5	11	0.9663	NA	0	8.3567	Viruses;Duplodnaviria;Heunggongvirae;Uroviricota;Caudoviricetes
k141_118634	4539	No terminal repeats	NA	6	11	0.9662	NA	2	7.1198	Viruses;Duplodnaviria;Heunggongvirae;Uroviricota;Caudoviricetes
k141_742620	3579	No terminal repeats	NA	5	11	0.9662	NA	1	5.1548	Viruses;Duplodnaviria;Heunggongvirae;Uroviricota;Caudoviricetes
k141_221450	4322	No terminal repeats	NA	9	11	0.9661	NA	0	6.8468	Viruses;Duplodnaviria;Heunggongvirae;Uroviricota;Caudoviricetes
k141_1419069	7691	No terminal repeats	NA	16	11	0.9660	NA	0	3.2504	Unclassified
k141_1342325	6453	No terminal repeats	NA	12	11	0.9660	NA	1	4.6926	Viruses;Duplodnaviria;Heunggongvirae;Uroviricota;Caudoviricetes
k141_107743	5401	No terminal repeats	NA	6	11	0.9660	NA	0	6.6552	Viruses;Duplodnaviria;Heunggongvirae;Uroviricota;Caudoviricetes
k141_715396	6232	No terminal repeats	NA	5	11	0.9660	NA	2	5.7684	Viruses;Duplodnaviria;Heunggongvirae;Uroviricota;Caudoviricetes
k141_1476541	4395	No terminal repeats	NA	5	11	0.9659	NA	1	4.8232	Viruses;Duplodnaviria;Heunggongvirae;Uroviricota;Caudoviricetes
k141_698250	5444	No terminal repeats	NA	14	11	0.9659	NA	0	6.4117	Viruses;Duplodnaviria;Heunggongvirae;Uroviricota;Caudoviricetes
k141_911665	4160	No terminal repeats	NA	7	11	0.9659	NA	1	4.9977	Viruses;Duplodnaviria;Heunggongvirae;Uroviricota;Caudoviricetes
k141_1182373	4616	No terminal repeats	NA	10	11	0.9659	NA	1	10.8450	Viruses;Duplodnaviria;Heunggongvirae;Uroviricota;Caudoviricetes
k141_312608	5102	No terminal repeats	NA	8	11	0.9658	NA	1	13.3369	Viruses;Duplodnaviria;Heunggongvirae;Uroviricota;Caudoviricetes
k141_639426	5721	No terminal repeats	NA	19	11	0.9658	NA	0	12.3048	Viruses;Duplodnaviria;Heunggongvirae;Uroviricota;Caudoviricetes
k141_167603	8786	No terminal repeats	NA	11	11	0.9657	NA	3	10.9942	Viruses;Duplodnaviria;Heunggongvirae;Uroviricota;Caudoviricetes
k141_333849	5434	No terminal repeats	NA	5	11	0.9657	NA	1	6.8724	Viruses;Duplodnaviria;Heunggongvirae;Uroviricota;Caudoviricetes
k141_220534	8895	No terminal repeats	NA	10	11	0.9656	NA	4	10.4832	Viruses;Duplodnaviria;Heunggongvirae;Uroviricota;Caudoviricetes
k141_1554073	6532	No terminal repeats	NA	11	11	0.9656	NA	1	3.5255	Viruses;Duplodnaviria;Heunggongvirae;Uroviricota;Caudoviricetes
k141_185176	3470	No terminal repeats	NA	4	11	0.9655	NA	0	4.5476	Unclassified
k141_296289	4087	No terminal repeats	NA	8	11	0.9655	NA	0	5.7520	Viruses;Duplodnaviria;Heunggongvirae;Uroviricota;Caudoviricetes
k141_1434999	4582	No terminal repeats	NA	8	11	0.9655	NA	0	12.0280	Viruses;Duplodnaviria;Heunggongvirae;Uroviricota;Caudoviricetes
k141_822776	8955	No terminal repeats	NA	11	11	0.9654	NA	2	11.9926	Viruses;Duplodnaviria;Heunggongvirae;Uroviricota;Caudoviricetes
k141_28943	5990	No terminal repeats	NA	7	11	0.9654	NA	0	3.4366	Viruses;Duplodnaviria;Heunggongvirae;Uroviricota;Caudoviricetes
k141_806776	4474	No terminal repeats	NA	10	11	0.9654	NA	0	4.8604	Viruses;Duplodnaviria;Heunggongvirae;Uroviricota;Caudoviricetes
k141_1375216	3828	No terminal repeats	NA	8	11	0.9653	NA	0	3.3456	Viruses;Duplodnaviria;Heunggongvirae;Uroviricota;Caudoviricetes
k141_1476035	9933	No terminal repeats	NA	13	11	0.9653	NA	1	17.7721	Viruses;Duplodnaviria;Heunggongvirae;Uroviricota;Caudoviricetes
k141_234872	5174	No terminal repeats	NA	7	11	0.9653	NA	4	9.4590	Viruses;Duplodnaviria;Heunggongvirae;Uroviricota;Caudoviricetes
k141_35459	5717	No terminal repeats	NA	13	11	0.9653	NA	0	6.6194	Viruses;Duplodnaviria;Heunggongvirae;Uroviricota;Caudoviricetes;Schitoviridae
k141_400183	3861	No terminal repeats	NA	8	11	0.9653	NA	0	3.3509	Viruses;Duplodnaviria;Heunggongvirae;Uroviricota;Caudoviricetes
k141_323931	4287	No terminal repeats	NA	5	11	0.9652	NA	0	3.1687	Viruses;Duplodnaviria;Heunggongvirae;Uroviricota;Caudoviricetes
k141_8070	4306	No terminal repeats	NA	5	11	0.9651	NA	0	2.6410	Viruses;Duplodnaviria;Heunggongvirae;Uroviricota;Caudoviricetes
k141_183376	3607	No terminal repeats	NA	7	11	0.9651	NA	1	4.6549	Viruses;Duplodnaviria;Heunggongvirae;Uroviricota;Caudoviricetes
k141_582744	5439	No terminal repeats	NA	9	11	0.9650	NA	2	5.0479	Viruses;Duplodnaviria;Heunggongvirae;Uroviricota;Caudoviricetes
k141_1612588	4772	No terminal repeats	NA	7	11	0.9650	NA	1	9.5603	Viruses;Duplodnaviria;Heunggongvirae;Uroviricota;Caudoviricetes
k141_1963342	5540	No terminal repeats	NA	5	11	0.9650	NA	2	6.7092	Viruses;Duplodnaviria;Heunggongvirae;Uroviricota;Caudoviricetes
k141_1239053	3925	No terminal repeats	NA	10	11	0.9650	NA	0	4.1383	Viruses;Duplodnaviria;Heunggongvirae;Uroviricota;Caudoviricetes
k141_57953	3566	No terminal repeats	NA	6	11	0.9649	NA	1	3.4366	Viruses;Duplodnaviria;Heunggongvirae;Uroviricota;Caudoviricetes
k141_642620	5591	No terminal repeats	NA	7	11	0.9647	NA	3	3.9536	Viruses;Duplodnaviria;Heunggongvirae;Uroviricota;Caudoviricetes
k141_1856059	4750	No terminal repeats	NA	10	11	0.9646	NA	1	5.5239	Viruses;Duplodnaviria;Heunggongvirae;Uroviricota;Caudoviricetes;Autographiviridae
k141_1277810	5357	No terminal repeats	NA	10	11	0.9646	NA	1	12.0280	Viruses;Duplodnaviria;Heunggongvirae;Uroviricota;Caudoviricetes
k141_178139	7694	No terminal repeats	NA	12	11	0.9645	NA	6	14.4126	Viruses;Duplodnaviria;Heunggongvirae;Uroviricota;Caudoviricetes
k141_655317	4445	No terminal repeats	NA	8	11	0.9645	NA	1	10.7720	Viruses;Duplodnaviria;Heunggongvirae;Uroviricota;Caudoviricetes
k141_224326	4712	No terminal repeats	NA	6	11	0.9645	NA	1	6.0986	Viruses;Duplodnaviria;Heunggongvirae;Uroviricota;Caudoviricetes
k141_1842790	4608	No terminal repeats	NA	7	11	0.9644	NA	0	11.6980	Viruses;Duplodnaviria;Heunggongvirae;Uroviricota;Caudoviricetes
k141_12969	3892	No terminal repeats	NA	5	11	0.9644	NA	3	5.1433	Viruses;Duplodnaviria;Heunggongvirae;Uroviricota;Caudoviricetes
k141_160717	3771	No terminal repeats	NA	6	11	0.9644	NA	1	4.7273	Viruses;Duplodnaviria;Heunggongvirae;Uroviricota;Caudoviricetes
k141_1510160	6723	No terminal repeats	NA	11	11	0.9644	NA	1	7.1027	Viruses;Duplodnaviria;Heunggongvirae;Uroviricota;Caudoviricetes;Kyanoviridae
k141_1053012	3899	No terminal repeats	NA	5	11	0.9643	NA	0	6.8698	Viruses;Duplodnaviria;Heunggongvirae;Uroviricota;Caudoviricetes
k141_1134714	5204	No terminal repeats	NA	12	11	0.9643	NA	2	5.5560	Viruses;Duplodnaviria;Heunggongvirae;Uroviricota;Caudoviricetes
k141_281287	5039	No terminal repeats	NA	8	11	0.9643	NA	0	11.3304	Viruses;Duplodnaviria;Heunggongvirae;Uroviricota;Caudoviricetes
k141_322248	8572	No terminal repeats	NA	11	11	0.9643	NA	1	6.6590	Viruses;Duplodnaviria;Heunggongvirae;Uroviricota;Caudoviricetes
k141_103557	8118	No terminal repeats	NA	10	11	0.9643	NA	0	8.5914	Viruses;Duplodnaviria;Heunggongvirae;Uroviricota;Caudoviricetes
k141_1480442	5024	No terminal repeats	NA	10	11	0.9642	NA	0	11.6360	Viruses;Duplodnaviria;Heunggongvirae;Uroviricota;Caudoviricetes
k141_132531	36377	No terminal repeats	NA	52	11	0.9641	NA	17	42.4308	Viruses;Duplodnaviria;Heunggongvirae;Uroviricota;Caudoviricetes
k141_476383	4308	No terminal repeats	NA	7	11	0.9640	NA	0	6.9369	Viruses;Duplodnaviria;Heunggongvirae;Uroviricota;Caudoviricetes
k141_536204	4378	No terminal repeats	NA	8	11	0.9640	NA	1	7.4791	Viruses;Duplodnaviria;Heunggongvirae;Uroviricota;Caudoviricetes
k141_267497	5433	No terminal repeats	NA	11	11	0.9640	NA	1	7.4615	Viruses;Duplodnaviria;Heunggongvirae;Uroviricota;Caudoviricetes
k141_163027	4308	No terminal repeats	NA	7	11	0.9640	NA	0	4.2366	Viruses;Duplodnaviria;Heunggongvirae;Uroviricota;Caudoviricetes
k141_642630	3614	No terminal repeats	NA	10	11	0.9639	NA	0	3.4148	Viruses;Duplodnaviria;Heunggongvirae;Uroviricota;Caudoviricetes
k141_44216	40521	No terminal repeats	NA	58	11	0.9638	NA	9	30.7816	Viruses;Duplodnaviria;Heunggongvirae;Uroviricota;Caudoviricetes
k141_91902	4641	No terminal repeats	NA	5	11	0.9638	NA	0	3.2495	Viruses;Duplodnaviria;Heunggongvirae;Uroviricota;Caudoviricetes
k141_292342	6420	No terminal repeats	NA	11	11	0.9638	NA	2	3.9835	Viruses;Duplodnaviria;Heunggongvirae;Uroviricota;Caudoviricetes
k141_131572	8224	No terminal repeats	NA	8	11	0.9637	NA	0	1.7183	Viruses;Duplodnaviria;Heunggongvirae;Uroviricota;Caudoviricetes
k141_1783689	4075	No terminal repeats	NA	5	11	0.9637	NA	1	8.5904	Viruses;Duplodnaviria;Heunggongvirae;Uroviricota;Caudoviricetes
k141_263	3578	No terminal repeats	NA	6	11	0.9636	NA	3	4.5625	Viruses;Duplodnaviria;Heunggongvirae;Uroviricota;Caudoviricetes
k141_1680864	5090	No terminal repeats	NA	11	11	0.9636	NA	0	5.4549	Viruses;Duplodnaviria;Heunggongvirae;Uroviricota;Caudoviricetes
k141_756533	5411	No terminal repeats	NA	13	11	0.9636	NA	1	11.4730	Viruses;Duplodnaviria;Heunggongvirae;Uroviricota;Caudoviricetes
k141_120652	8001	No terminal repeats	NA	8	4	0.9636	NA	0	1.7183	Viruses;Duplodnaviria;Heunggongvirae;Uroviricota;Caudoviricetes
k141_1622916	5562	No terminal repeats	NA	12	11	0.9635	NA	0	4.8994	Viruses;Duplodnaviria;Heunggongvirae;Uroviricota;Caudoviricetes
k141_34628	29023	No terminal repeats	NA	46	11	0.9635	NA	2	18.6859	Viruses;Duplodnaviria;Heunggongvirae;Uroviricota;Caudoviricetes
k141_296382	5395	No terminal repeats	NA	11	11	0.9635	NA	0	4.5376	Viruses;Duplodnaviria;Heunggongvirae;Uroviricota;Caudoviricetes
k141_150459|provirus_199_7183	6985	No terminal repeats	NA	15	11	0.9634	NA	0	7.2399	Viruses;Duplodnaviria;Heunggongvirae;Uroviricota;Caudoviricetes
k141_1409168	9009	No terminal repeats	NA	8	11	0.9634	NA	0	13.3135	Viruses;Duplodnaviria;Heunggongvirae;Uroviricota;Caudoviricetes
k141_20060	4421	No terminal repeats	NA	9	11	0.9634	NA	0	3.4212	Viruses;Duplodnaviria;Heunggongvirae;Uroviricota;Caudoviricetes
k141_700374	7507	No terminal repeats	NA	20	11	0.9634	NA	0	2.5619	Viruses;Duplodnaviria;Heunggongvirae;Uroviricota;Caudoviricetes
k141_15207	8338	No terminal repeats	NA	16	11	0.9633	NA	0	4.3443	Viruses;Duplodnaviria;Heunggongvirae;Uroviricota;Caudoviricetes
k141_1480772	4695	No terminal repeats	NA	12	11	0.9631	NA	1	7.0229	Unclassified
k141_335486	3940	No terminal repeats	NA	6	11	0.9630	NA	4	5.5375	Viruses;Duplodnaviria;Heunggongvirae;Uroviricota;Caudoviricetes
k141_1492171	3638	No terminal repeats	NA	6	11	0.9630	NA	0	6.7657	Viruses;Duplodnaviria;Heunggongvirae;Uroviricota;Caudoviricetes
k141_314171	5123	No terminal repeats	NA	9	11	0.9629	NA	0	3.1572	Viruses;Duplodnaviria;Heunggongvirae;Uroviricota;Caudoviricetes
k141_1323548	2638	No terminal repeats	NA	4	11	0.9629	NA	2	3.4366	Unclassified
k141_35585	5744	No terminal repeats	NA	6	11	0.9629	NA	0	3.4310	Viruses;Duplodnaviria;Heunggongvirae;Uroviricota;Caudoviricetes;Schitoviridae
k141_1059784	8797	No terminal repeats	NA	24	11	0.9628	NA	0	6.4756	Unclassified
k141_9230	4271	No terminal repeats	NA	8	11	0.9628	NA	0	2.8071	Viruses;Duplodnaviria;Heunggongvirae;Uroviricota;Caudoviricetes
k141_12357	4835	No terminal repeats	NA	7	11	0.9628	NA	4	6.0599	Viruses;Duplodnaviria;Heunggongvirae;Uroviricota;Caudoviricetes
k141_302322_2	6499	No terminal repeats	NA	12	11	0.9627	NA	1	2.5363	Viruses;Duplodnaviria;Heunggongvirae;Uroviricota;Caudoviricetes;Schitoviridae
k141_1192588	6334	No terminal repeats	NA	18	11	0.9626	NA	0	5.6094	Viruses;Duplodnaviria;Heunggongvirae;Uroviricota;Caudoviricetes
k141_1884075	5494	No terminal repeats	NA	10	11	0.9626	NA	0	3.0630	Viruses;Duplodnaviria;Heunggongvirae;Uroviricota;Caudoviricetes
k141_1802195	3627	No terminal repeats	NA	9	11	0.9626	NA	0	6.8678	Viruses;Duplodnaviria;Heunggongvirae;Uroviricota;Caudoviricetes
k141_1523367	6697	No terminal repeats	NA	10	11	0.9625	NA	0	5.1548	Viruses;Duplodnaviria;Heunggongvirae;Uroviricota;Caudoviricetes
k141_1643240	4987	No terminal repeats	NA	11	11	0.9624	NA	1	7.3705	Viruses;Duplodnaviria;Heunggongvirae;Uroviricota;Caudoviricetes
k141_1524416	6005	No terminal repeats	NA	9	11	0.9623	NA	1	3.4216	Unclassified
k141_1368182	9648	No terminal repeats	NA	23	11	0.9623	NA	0	6.4457	Viruses;Duplodnaviria;Heunggongvirae;Uroviricota;Caudoviricetes
k141_1078401	6563	No terminal repeats	NA	6	11	0.9622	NA	0	10.3097	Viruses;Duplodnaviria;Heunggongvirae;Uroviricota;Caudoviricetes
k141_137914	9923	No terminal repeats	NA	14	11	0.9621	NA	2	10.6779	Viruses;Duplodnaviria;Heunggongvirae;Uroviricota;Caudoviricetes
k141_342850	5307	No terminal repeats	NA	7	11	0.9620	NA	5	7.4362	Viruses;Duplodnaviria;Heunggongvirae;Uroviricota;Caudoviricetes
k141_811130	3747	No terminal repeats	NA	5	11	0.9618	NA	0	4.1977	Viruses;Duplodnaviria;Heunggongvirae;Uroviricota;Caudoviricetes
k141_132699	5203	No terminal repeats	NA	5	11	0.9618	NA	0	5.1310	Viruses;Duplodnaviria;Heunggongvirae;Uroviricota;Caudoviricetes;Schitoviridae
k141_567731	5461	No terminal repeats	NA	8	11	0.9617	NA	0	3.9340	Viruses;Duplodnaviria;Heunggongvirae;Uroviricota;Caudoviricetes
k141_299616	3744	No terminal repeats	NA	6	11	0.9617	NA	0	4.6551	Viruses;Duplodnaviria;Heunggongvirae;Uroviricota;Caudoviricetes
k141_169105	38774	No terminal repeats	NA	49	11	0.9616	NA	4	36.6685	Viruses;Duplodnaviria;Heunggongvirae;Uroviricota;Caudoviricetes
k141_74619	4149	No terminal repeats	NA	7	11	0.9612	NA	1	8.5769	Viruses;Duplodnaviria;Heunggongvirae;Uroviricota;Caudoviricetes
k141_1473144	3685	No terminal repeats	NA	6	11	0.9612	NA	0	4.0715	Viruses;Duplodnaviria;Heunggongvirae;Uroviricota;Caudoviricetes
k141_187118	3614	No terminal repeats	NA	5	11	0.9612	NA	0	3.4366	Viruses;Duplodnaviria;Heunggongvirae;Uroviricota;Caudoviricetes
k141_386102	6376	No terminal repeats	NA	9	11	0.9611	NA	4	7.7331	Viruses;Duplodnaviria;Heunggongvirae;Uroviricota;Caudoviricetes
k141_1470161	4857	No terminal repeats	NA	5	11	0.9610	NA	1	3.3799	Viruses;Duplodnaviria;Heunggongvirae;Uroviricota;Caudoviricetes
k141_208288	3720	No terminal repeats	NA	5	11	0.9610	NA	0	3.0962	Viruses;Duplodnaviria;Heunggongvirae;Uroviricota;Caudoviricetes
k141_639724|provirus_6003_41730	29715	No terminal repeats	NA	43	11	0.9609	NA	15	48.4416	Viruses;Duplodnaviria;Heunggongvirae;Uroviricota;Caudoviricetes
k141_1500107	3787	No terminal repeats	NA	7	11	0.9608	NA	3	8.5710	Viruses;Duplodnaviria;Heunggongvirae;Uroviricota;Caudoviricetes
k141_809216	4241	No terminal repeats	NA	8	11	0.9607	NA	0	11.3232	Viruses;Duplodnaviria;Heunggongvirae;Uroviricota;Caudoviricetes
k141_22635	6919	No terminal repeats	NA	7	11	0.9607	NA	0	1.7183	Viruses;Duplodnaviria;Heunggongvirae;Uroviricota;Caudoviricetes
k141_171047	6905	No terminal repeats	NA	15	11	0.9607	NA	0	3.7337	Viruses;Varidnaviria;Bamfordvirae;Preplasmiviricota;Tectiliviricetes;Kalamavirales;Tectiviridae
k141_154546	4738	No terminal repeats	NA	7	11	0.9603	NA	4	8.0619	Viruses;Duplodnaviria;Heunggongvirae;Uroviricota;Caudoviricetes
k141_216120	4332	No terminal repeats	NA	8	11	0.9603	NA	0	3.1536	Viruses;Duplodnaviria;Heunggongvirae;Uroviricota;Caudoviricetes
k141_309239	3238	No terminal repeats	NA	8	11	0.9603	NA	0	2.8877	Viruses;Duplodnaviria;Heunggongvirae;Uroviricota;Caudoviricetes
k141_1126653	6302	No terminal repeats	NA	14	11	0.9603	NA	1	15.2947	Viruses;Duplodnaviria;Heunggongvirae;Uroviricota;Caudoviricetes
k141_1441833	4223	No terminal repeats	NA	10	11	0.9603	NA	1	3.4304	Viruses;Duplodnaviria;Heunggongvirae;Uroviricota;Caudoviricetes
k141_413979	5174	No terminal repeats	NA	10	11	0.9603	NA	0	1.1501	Viruses;Duplodnaviria;Heunggongvirae;Uroviricota;Caudoviricetes
k141_207466	8766	No terminal repeats	NA	12	11	0.9602	NA	0	8.1771	Viruses;Duplodnaviria;Heunggongvirae;Uroviricota;Caudoviricetes
k141_441079	8030	No terminal repeats	NA	12	11	0.9601	NA	0	6.9594	Viruses;Duplodnaviria;Heunggongvirae;Uroviricota;Caudoviricetes
k141_194216	5579	No terminal repeats	NA	6	11	0.9599	NA	0	3.2645	Viruses;Duplodnaviria;Heunggongvirae;Uroviricota;Caudoviricetes
k141_1091213	4004	No terminal repeats	NA	6	11	0.9599	NA	1	5.9102	Viruses;Duplodnaviria;Heunggongvirae;Uroviricota;Caudoviricetes
k141_855357	3933	No terminal repeats	NA	5	11	0.9599	NA	2	4.2410	Viruses;Duplodnaviria;Heunggongvirae;Uroviricota;Caudoviricetes;Herelleviridae
k141_1112409	9977	No terminal repeats	NA	19	11	0.9598	NA	0	7.6099	Viruses;Duplodnaviria;Heunggongvirae;Uroviricota;Caudoviricetes
k141_1912163	4086	No terminal repeats	NA	7	11	0.9597	NA	2	10.0067	Viruses;Duplodnaviria;Heunggongvirae;Uroviricota;Caudoviricetes
k141_102887	7756	No terminal repeats	NA	9	11	0.9597	NA	1	4.5987	Viruses;Duplodnaviria;Heunggongvirae;Uroviricota;Caudoviricetes
k141_508874	1972	No terminal repeats	NA	4	11	0.9595	NA	1	4.7548	Viruses;Duplodnaviria;Heunggongvirae;Uroviricota;Caudoviricetes
k141_1825313	4587	No terminal repeats	NA	7	11	0.9594	NA	2	12.0280	Viruses;Duplodnaviria;Heunggongvirae;Uroviricota;Caudoviricetes
k141_1548266	4768	No terminal repeats	NA	6	11	0.9594	NA	2	9.9767	Viruses;Duplodnaviria;Heunggongvirae;Uroviricota;Caudoviricetes
k141_204609	5690	No terminal repeats	NA	8	11	0.9593	NA	1	4.9678	Viruses;Duplodnaviria;Heunggongvirae;Uroviricota;Caudoviricetes
k141_127765	7500	No terminal repeats	NA	12	11	0.9593	NA	0	2.6664	Viruses;Duplodnaviria;Heunggongvirae;Uroviricota;Caudoviricetes
k141_99038	8511	No terminal repeats	NA	16	11	0.9593	NA	0	6.0929	Viruses;Duplodnaviria;Heunggongvirae;Uroviricota;Caudoviricetes
k141_21997	62942	DTR	NA	77	11	0.9591	NA	3	21.5325	Viruses;Duplodnaviria;Heunggongvirae;Uroviricota;Caudoviricetes
k141_163858	5797	No terminal repeats	NA	6	11	0.9591	NA	1	3.3281	Viruses;Duplodnaviria;Heunggongvirae;Uroviricota;Caudoviricetes
k141_635826	4386	No terminal repeats	NA	9	11	0.9591	NA	0	8.1277	Viruses;Duplodnaviria;Heunggongvirae;Uroviricota;Caudoviricetes
k141_660501	4232	No terminal repeats	NA	6	11	0.9589	NA	0	4.8657	Viruses;Varidnaviria;Bamfordvirae;Nucleocytoviricota;Megaviricetes;Algavirales;Phycodnaviridae
k141_626560_2	4058	No terminal repeats	NA	15	11	0.9588	NA	0	17.1786	Viruses;Duplodnaviria;Heunggongvirae;Uroviricota;Caudoviricetes
k141_3032	36786	No terminal repeats	NA	55	11	0.9587	NA	8	29.5918	Viruses;Duplodnaviria;Heunggongvirae;Uroviricota;Caudoviricetes
k141_81941	9630	No terminal repeats	NA	18	11	0.9587	NA	0	4.6679	Viruses;Varidnaviria;Bamfordvirae;Preplasmiviricota;Tectiliviricetes;Kalamavirales;Tectiviridae
k141_894936	5180	No terminal repeats	NA	5	11	0.9585	NA	3	8.5914	Viruses;Duplodnaviria;Heunggongvirae;Uroviricota;Caudoviricetes
k141_650338	8062	No terminal repeats	NA	17	11	0.9584	NA	2	16.9149	Viruses;Duplodnaviria;Heunggongvirae;Uroviricota;Caudoviricetes
k141_322252	4430	No terminal repeats	NA	8	11	0.9584	NA	0	2.8684	Viruses;Duplodnaviria;Heunggongvirae;Uroviricota;Caudoviricetes
k141_1434497	6297	No terminal repeats	NA	10	11	0.9584	NA	0	6.8770	Viruses;Duplodnaviria;Heunggongvirae;Uroviricota;Caudoviricetes
k141_269540	4495	No terminal repeats	NA	8	11	0.9583	NA	4	8.4121	Viruses;Duplodnaviria;Heunggongvirae;Uroviricota;Caudoviricetes
k141_1520617	4879	No terminal repeats	NA	10	11	0.9583	NA	0	2.4087	Viruses;Duplodnaviria;Heunggongvirae;Uroviricota;Caudoviricetes
k141_1332398	8519	No terminal repeats	NA	9	11	0.9582	NA	3	7.8748	Viruses;Duplodnaviria;Heunggongvirae;Uroviricota;Caudoviricetes
k141_810808	5434	No terminal repeats	NA	9	11	0.9582	NA	0	8.1155	Viruses;Duplodnaviria;Heunggongvirae;Uroviricota;Caudoviricetes
k141_938918	4211	No terminal repeats	NA	6	11	0.9581	NA	1	6.4300	Viruses;Duplodnaviria;Heunggongvirae;Uroviricota;Caudoviricetes
k141_1118181	4140	No terminal repeats	NA	7	11	0.9581	NA	1	5.0778	Viruses;Duplodnaviria;Heunggongvirae;Uroviricota;Caudoviricetes
k141_1199796	3612	No terminal repeats	NA	5	11	0.9581	NA	1	4.9119	Viruses;Duplodnaviria;Heunggongvirae;Uroviricota;Caudoviricetes
k141_59855	3762	No terminal repeats	NA	7	11	0.9581	NA	0	5.1548	Viruses;Duplodnaviria;Heunggongvirae;Uroviricota;Caudoviricetes
k141_1689736	3573	No terminal repeats	NA	6	11	0.9580	NA	0	4.6797	Viruses;Duplodnaviria;Heunggongvirae;Uroviricota;Caudoviricetes
k141_204417|provirus_26975_70331	43357	No terminal repeats	NA	40	11	0.9580	NA	1	12.3640	Viruses;Duplodnaviria;Heunggongvirae;Uroviricota;Caudoviricetes
k141_307603	5095	No terminal repeats	NA	8	11	0.9580	NA	3	5.7854	Viruses;Duplodnaviria;Heunggongvirae;Uroviricota;Caudoviricetes
k141_69972	4944	No terminal repeats	NA	6	11	0.9580	NA	3	5.6870	Viruses;Duplodnaviria;Heunggongvirae;Uroviricota;Caudoviricetes
k141_125204|provirus_12348_52569	40222	No terminal repeats	NA	50	11	0.9578	NA	10	32.3182	Viruses;Duplodnaviria;Heunggongvirae;Uroviricota;Caudoviricetes
k141_234240	4736	No terminal repeats	NA	6	11	0.9578	NA	2	6.5092	Viruses;Duplodnaviria;Heunggongvirae;Uroviricota;Caudoviricetes
k141_1070240	9460	No terminal repeats	NA	13	11	0.9578	NA	0	16.3313	Viruses;Duplodnaviria;Heunggongvirae;Uroviricota;Caudoviricetes
k141_1123896	4003	No terminal repeats	NA	6	11	0.9578	NA	1	6.8731	Viruses;Duplodnaviria;Heunggongvirae;Uroviricota;Caudoviricetes
k141_1074722	6830	No terminal repeats	NA	10	11	0.9577	NA	0	2.1386	Viruses;Duplodnaviria;Heunggongvirae;Uroviricota;Caudoviricetes
k141_64671	3532	No terminal repeats	NA	5	11	0.9573	NA	2	6.8731	Viruses;Duplodnaviria;Heunggongvirae;Uroviricota;Caudoviricetes
k141_8797	5498	No terminal repeats	NA	12	11	0.9573	NA	2	12.8444	Viruses;Duplodnaviria;Heunggongvirae;Uroviricota;Caudoviricetes
k141_1075031	7203	No terminal repeats	NA	15	11	0.9572	NA	2	12.8044	Viruses;Duplodnaviria;Heunggongvirae;Uroviricota;Caudoviricetes
k141_68853	3112	No terminal repeats	NA	4	11	0.9570	NA	0	2.6392	Viruses;Duplodnaviria;Heunggongvirae;Uroviricota;Caudoviricetes
k141_425056	31205	No terminal repeats	NA	30	11	0.9567	NA	5	38.3764	Viruses;Duplodnaviria;Heunggongvirae;Uroviricota;Caudoviricetes;Autographiviridae
k141_26377	6652	No terminal repeats	NA	13	11	0.9566	NA	0	6.4095	Viruses;Duplodnaviria;Heunggongvirae;Uroviricota;Caudoviricetes
k141_553898	3573	No terminal repeats	NA	6	11	0.9565	NA	3	8.5914	Viruses;Duplodnaviria;Heunggongvirae;Uroviricota;Caudoviricetes
k141_226607	5426	No terminal repeats	NA	8	11	0.9565	NA	0	3.1421	Viruses;Duplodnaviria;Heunggongvirae;Uroviricota;Caudoviricetes
k141_326790	3230	No terminal repeats	NA	5	11	0.9565	NA	3	6.8731	Viruses;Duplodnaviria;Heunggongvirae;Uroviricota;Caudoviricetes
k141_337726	4713	No terminal repeats	NA	6	11	0.9565	NA	1	1.3358	Viruses;Duplodnaviria;Heunggongvirae;Uroviricota;Caudoviricetes
k141_251950	8407	No terminal repeats	NA	9	11	0.9563	NA	0	3.4366	Viruses;Duplodnaviria;Heunggongvirae;Uroviricota;Caudoviricetes
k141_313047	5587	No terminal repeats	NA	6	11	0.9562	NA	2	5.0076	Viruses;Duplodnaviria;Heunggongvirae;Uroviricota;Caudoviricetes
k141_79901	5996	No terminal repeats	NA	10	11	0.9561	NA	1	5.3963	Viruses;Duplodnaviria;Heunggongvirae;Uroviricota;Caudoviricetes
k141_1932542	4829	No terminal repeats	NA	12	11	0.9561	NA	0	3.4366	Viruses;Duplodnaviria;Heunggongvirae;Uroviricota;Caudoviricetes
k141_272030	4290	No terminal repeats	NA	6	11	0.9561	NA	4	6.0599	Viruses;Duplodnaviria;Heunggongvirae;Uroviricota;Caudoviricetes
k141_299915	8523	No terminal repeats	NA	12	11	0.9560	NA	2	5.9597	Viruses;Duplodnaviria;Heunggongvirae;Uroviricota;Caudoviricetes
k141_960733	4321	No terminal repeats	NA	10	11	0.9560	NA	0	11.7760	Viruses;Duplodnaviria;Heunggongvirae;Uroviricota;Caudoviricetes
k141_101647|provirus_6341_13323	6983	No terminal repeats	NA	11	11	0.9560	NA	5	9.4532	Viruses;Duplodnaviria;Heunggongvirae;Uroviricota;Caudoviricetes
k141_1845433	4048	No terminal repeats	NA	6	11	0.9559	NA	0	4.4639	Viruses;Duplodnaviria;Heunggongvirae;Uroviricota;Caudoviricetes
k141_1191729	9782	No terminal repeats	NA	20	11	0.9558	NA	0	14.5314	Viruses;Duplodnaviria;Heunggongvirae;Uroviricota;Caudoviricetes
k141_705275	4084	No terminal repeats	NA	7	11	0.9558	NA	0	4.6612	Viruses;Duplodnaviria;Heunggongvirae;Uroviricota;Caudoviricetes
k141_22350	4119	No terminal repeats	NA	7	11	0.9557	NA	1	2.9731	Viruses;Duplodnaviria;Heunggongvirae;Uroviricota;Caudoviricetes
k141_788783	3800	No terminal repeats	NA	5	11	0.9557	NA	2	5.9544	Viruses;Duplodnaviria;Heunggongvirae;Uroviricota;Caudoviricetes
k141_577511	8025	No terminal repeats	NA	9	11	0.9557	NA	4	9.0971	Viruses;Duplodnaviria;Heunggongvirae;Uroviricota;Caudoviricetes
k141_274094	4208	No terminal repeats	NA	12	11	0.9555	NA	0	4.6933	Viruses;Duplodnaviria;Heunggongvirae;Uroviricota;Caudoviricetes
k141_102334	8051	No terminal repeats	NA	9	11	0.9554	NA	6	12.0510	Viruses;Duplodnaviria;Heunggongvirae;Uroviricota;Caudoviricetes
k141_429668	8251	No terminal repeats	NA	7	11	0.9554	NA	1	1.7030	Viruses;Duplodnaviria;Heunggongvirae;Uroviricota;Caudoviricetes
k141_1514831	3802	No terminal repeats	NA	9	11	0.9554	NA	1	7.7425	Viruses;Duplodnaviria;Heunggongvirae;Uroviricota;Caudoviricetes
k141_176402	4092	No terminal repeats	NA	11	11	0.9553	NA	1	10.1029	Viruses;Duplodnaviria;Heunggongvirae;Uroviricota;Caudoviricetes
k141_301454	9623	No terminal repeats	NA	13	11	0.9552	NA	5	10.9973	Viruses;Duplodnaviria;Heunggongvirae;Uroviricota;Caudoviricetes
k141_64730	3998	No terminal repeats	NA	5	11	0.9551	NA	2	4.7391	Viruses;Duplodnaviria;Heunggongvirae;Uroviricota;Caudoviricetes
k141_509249	2742	No terminal repeats	NA	5	11	0.9550	NA	2	8.5914	Viruses;Duplodnaviria;Heunggongvirae;Uroviricota;Caudoviricetes
k141_1610945	4231	No terminal repeats	NA	8	11	0.9549	NA	1	8.5710	Viruses;Duplodnaviria;Heunggongvirae;Uroviricota;Caudoviricetes
k141_85021	9316	No terminal repeats	NA	17	11	0.9549	NA	1	7.1027	Viruses;Duplodnaviria;Heunggongvirae;Uroviricota;Caudoviricetes
k141_69068	4690	No terminal repeats	NA	12	11	0.9549	NA	1	7.7498	Viruses;Duplodnaviria;Heunggongvirae;Uroviricota;Caudoviricetes
k141_1361635	4401	No terminal repeats	NA	14	11	0.9548	NA	0	1.7183	Viruses;Duplodnaviria;Heunggongvirae;Uroviricota;Caudoviricetes
k141_28409	9758	No terminal repeats	NA	19	11	0.9548	NA	0	2.6261	Viruses;Duplodnaviria;Heunggongvirae;Uroviricota;Caudoviricetes
k141_587314	4313	No terminal repeats	NA	7	11	0.9540	NA	2	5.7982	Viruses;Duplodnaviria;Heunggongvirae;Uroviricota;Caudoviricetes
k141_1256308	8788	No terminal repeats	NA	5	11	0.9539	NA	1	5.1023	Viruses;Duplodnaviria;Heunggongvirae;Uroviricota;Caudoviricetes;Straboviridae
k141_666863	7612	No terminal repeats	NA	17	11	0.9538	NA	0	2.1940	Viruses;Duplodnaviria;Heunggongvirae;Uroviricota;Caudoviricetes
k141_970105	4115	No terminal repeats	NA	9	11	0.9537	NA	0	2.4594	Viruses;Duplodnaviria;Heunggongvirae;Uroviricota;Caudoviricetes
k141_482304	3831	No terminal repeats	NA	7	11	0.9536	NA	3	11.5096	Viruses;Duplodnaviria;Heunggongvirae;Uroviricota;Caudoviricetes
k141_945436	3880	No terminal repeats	NA	6	11	0.9536	NA	2	6.2063	Viruses;Duplodnaviria;Heunggongvirae;Uroviricota;Caudoviricetes
k141_342375	4428	No terminal repeats	NA	6	11	0.9536	NA	0	3.1421	Viruses;Duplodnaviria;Heunggongvirae;Uroviricota;Caudoviricetes
k141_186732	4586	No terminal repeats	NA	11	11	0.9536	NA	2	14.3942	Viruses;Duplodnaviria;Heunggongvirae;Uroviricota;Caudoviricetes
k141_479453	5011	No terminal repeats	NA	7	11	0.9536	NA	3	9.4992	Viruses;Duplodnaviria;Heunggongvirae;Uroviricota;Caudoviricetes
k141_1382061|provirus_23113_53718	30606	No terminal repeats	NA	49	11	0.9535	NA	15	37.9396	Viruses;Duplodnaviria;Heunggongvirae;Uroviricota;Caudoviricetes
k141_1172046	4677	No terminal repeats	NA	7	11	0.9532	NA	0	4.2779	Viruses;Duplodnaviria;Heunggongvirae;Uroviricota;Caudoviricetes
k141_249763	10020	No terminal repeats	NA	17	11	0.9532	NA	1	4.9173	Viruses;Varidnaviria;Bamfordvirae;Preplasmiviricota;Tectiliviricetes;Kalamavirales;Tectiviridae
k141_2090	5295	No terminal repeats	NA	11	11	0.9531	NA	0	3.1421	Viruses;Duplodnaviria;Heunggongvirae;Uroviricota;Caudoviricetes
k141_1379971	7362	No terminal repeats	NA	14	11	0.9531	NA	1	9.8211	Viruses;Duplodnaviria;Heunggongvirae;Uroviricota;Caudoviricetes
k141_146159	5449	No terminal repeats	NA	6	11	0.9530	NA	0	3.4366	Viruses;Duplodnaviria;Heunggongvirae;Uroviricota;Caudoviricetes
k141_718004	3957	No terminal repeats	NA	6	11	0.9529	NA	2	3.4195	Viruses;Duplodnaviria;Heunggongvirae;Uroviricota;Caudoviricetes
k141_88591	4061	No terminal repeats	NA	7	11	0.9529	NA	2	6.4662	Viruses;Duplodnaviria;Heunggongvirae;Uroviricota;Caudoviricetes
k141_100328	4684	No terminal repeats	NA	6	11	0.9527	NA	1	3.4183	Viruses;Duplodnaviria;Heunggongvirae;Uroviricota;Caudoviricetes
k141_310951	17498	No terminal repeats	NA	24	11	0.9527	NA	10	24.7859	Viruses;Duplodnaviria;Heunggongvirae;Uroviricota;Caudoviricetes
k141_977	5711	No terminal repeats	NA	8	11	0.9526	NA	1	5.0993	Viruses;Duplodnaviria;Heunggongvirae;Uroviricota;Caudoviricetes
k141_220317	6153	No terminal repeats	NA	6	11	0.9526	NA	0	3.9797	Viruses;Duplodnaviria;Heunggongvirae;Uroviricota;Caudoviricetes
k141_420732	4508	No terminal repeats	NA	11	11	0.9526	NA	0	8.3423	Viruses;Duplodnaviria;Heunggongvirae;Uroviricota;Caudoviricetes
k141_24479	5743	No terminal repeats	NA	8	11	0.9526	NA	3	5.9084	Viruses;Duplodnaviria;Heunggongvirae;Uroviricota;Caudoviricetes
k141_140632	5538	No terminal repeats	NA	5	11	0.9526	NA	3	7.9730	Viruses;Duplodnaviria;Heunggongvirae;Uroviricota;Caudoviricetes
k141_954326	3578	No terminal repeats	NA	6	11	0.9524	NA	0	3.3414	Viruses;Duplodnaviria;Heunggongvirae;Uroviricota;Caudoviricetes
k141_1623444	5725	No terminal repeats	NA	7	11	0.9524	NA	2	3.0035	Viruses;Duplodnaviria;Heunggongvirae;Uroviricota;Caudoviricetes
k141_84659	3897	No terminal repeats	NA	5	11	0.9524	NA	0	3.4366	Viruses;Duplodnaviria;Heunggongvirae;Uroviricota;Caudoviricetes
k141_910211	6842	No terminal repeats	NA	10	11	0.9522	NA	2	6.4193	Viruses;Duplodnaviria;Heunggongvirae;Uroviricota;Caudoviricetes
k141_1140522	7636	No terminal repeats	NA	8	15	0.9519	NA	2	13.2221	Viruses;Duplodnaviria;Heunggongvirae;Uroviricota;Caudoviricetes
k141_1168940	3830	No terminal repeats	NA	7	11	0.9517	NA	2	10.3097	Viruses;Duplodnaviria;Heunggongvirae;Uroviricota;Caudoviricetes
k141_119236	4034	No terminal repeats	NA	6	11	0.9516	NA	1	2.6233	Viruses;Duplodnaviria;Heunggongvirae;Uroviricota;Caudoviricetes
k141_407969	6123	No terminal repeats	NA	10	11	0.9516	NA	1	7.4316	Viruses;Duplodnaviria;Heunggongvirae;Uroviricota;Caudoviricetes
k141_314698	24697	No terminal repeats	NA	40	11	0.9516	NA	9	24.5522	Viruses;Duplodnaviria;Heunggongvirae;Uroviricota;Caudoviricetes
k141_58248	5966	No terminal repeats	NA	8	11	0.9515	NA	2	7.4465	Viruses;Duplodnaviria;Heunggongvirae;Uroviricota;Caudoviricetes
k141_1303047	4845	No terminal repeats	NA	10	11	0.9514	NA	0	5.1593	Viruses;Duplodnaviria;Heunggongvirae;Uroviricota;Caudoviricetes
k141_508132	3680	No terminal repeats	NA	10	11	0.9511	NA	0	6.8731	Viruses;Duplodnaviria;Heunggongvirae;Uroviricota;Caudoviricetes
k141_363716	3721	No terminal repeats	NA	7	11	0.9511	NA	0	9.9569	Viruses;Duplodnaviria;Heunggongvirae;Uroviricota;Caudoviricetes
k141_331319	7854	No terminal repeats	NA	8	11	0.9509	NA	1	3.4345	Viruses;Duplodnaviria;Heunggongvirae;Uroviricota;Caudoviricetes
k141_259464	5414	No terminal repeats	NA	11	11	0.9508	NA	1	7.5349	Viruses;Duplodnaviria;Heunggongvirae;Uroviricota;Caudoviricetes
k141_347711	7864	No terminal repeats	NA	11	11	0.9508	NA	3	8.6657	Viruses;Duplodnaviria;Heunggongvirae;Uroviricota;Caudoviricetes
k141_18016	6073	No terminal repeats	NA	7	11	0.9503	NA	4	7.2817	Viruses;Duplodnaviria;Heunggongvirae;Uroviricota;Caudoviricetes
k141_700753	9031	No terminal repeats	NA	24	11	0.9502	NA	0	16.4804	Viruses;Duplodnaviria;Heunggongvirae;Uroviricota;Caudoviricetes
k141_612535	4072	No terminal repeats	NA	8	11	0.9501	NA	3	6.1441	Viruses;Duplodnaviria;Heunggongvirae;Uroviricota;Caudoviricetes
k141_708559	3958	No terminal repeats	NA	8	11	0.9501	NA	1	3.0835	Viruses;Duplodnaviria;Heunggongvirae;Uroviricota;Caudoviricetes
k141_246961	6967	No terminal repeats	NA	11	11	0.9501	NA	2	6.2182	Viruses;Duplodnaviria;Heunggongvirae;Uroviricota;Caudoviricetes
k141_377903	5562	No terminal repeats	NA	6	11	0.9501	NA	0	4.5867	Viruses;Duplodnaviria;Heunggongvirae;Uroviricota;Caudoviricetes
k141_296608	4725	No terminal repeats	NA	8	11	0.9500	NA	4	9.0783	Viruses;Duplodnaviria;Heunggongvirae;Uroviricota;Caudoviricetes
k141_1325348	5566	No terminal repeats	NA	15	11	0.9499	NA	0	8.4879	Viruses;Duplodnaviria;Heunggongvirae;Uroviricota;Caudoviricetes
k141_32536	4462	No terminal repeats	NA	9	11	0.9498	NA	0	1.4239	Unclassified
k141_61897	8361	No terminal repeats	NA	5	11	0.9496	NA	0	3.4366	Viruses;Duplodnaviria;Heunggongvirae;Uroviricota;Caudoviricetes
k141_426264	4189	No terminal repeats	NA	6	11	0.9496	NA	1	4.7499	Viruses;Duplodnaviria;Heunggongvirae;Uroviricota;Caudoviricetes
k141_789350	4206	No terminal repeats	NA	9	11	0.9495	NA	0	2.6584	Viruses;Duplodnaviria;Heunggongvirae;Uroviricota;Caudoviricetes
k141_53401	8263	No terminal repeats	NA	5	11	0.9495	NA	0	3.8352	Viruses;Duplodnaviria;Heunggongvirae;Uroviricota;Caudoviricetes
k141_229719	5269	No terminal repeats	NA	8	11	0.9492	NA	1	2.7877	Viruses;Duplodnaviria;Heunggongvirae;Uroviricota;Caudoviricetes
k141_790066	6354	No terminal repeats	NA	5	11	0.9492	NA	2	8.5525	Viruses;Duplodnaviria;Heunggongvirae;Uroviricota;Caudoviricetes
k141_360466	5366	No terminal repeats	NA	6	11	0.9492	NA	2	4.7805	Viruses;Duplodnaviria;Heunggongvirae;Uroviricota;Caudoviricetes
k141_79832	3518	No terminal repeats	NA	6	11	0.9492	NA	0	4.0671	Viruses;Duplodnaviria;Heunggongvirae;Uroviricota;Caudoviricetes
k141_158611	7684	No terminal repeats	NA	14	11	0.9492	NA	7	13.8010	Viruses;Duplodnaviria;Heunggongvirae;Uroviricota;Caudoviricetes
k141_187004	4572	No terminal repeats	NA	11	11	0.9491	NA	0	5.3504	Viruses;Duplodnaviria;Heunggongvirae;Uroviricota;Caudoviricetes
k141_558606	6189	No terminal repeats	NA	8	11	0.9491	NA	0	3.4366	Viruses;Duplodnaviria;Heunggongvirae;Uroviricota;Caudoviricetes
k141_217752	4884	No terminal repeats	NA	6	11	0.9490	NA	3	5.5858	Viruses;Duplodnaviria;Heunggongvirae;Uroviricota;Caudoviricetes
k141_82492	4576	No terminal repeats	NA	5	11	0.9489	NA	0	3.0971	Viruses;Duplodnaviria;Heunggongvirae;Uroviricota;Caudoviricetes
k141_699562	6776	No terminal repeats	NA	10	11	0.9488	NA	0	10.9990	Viruses;Duplodnaviria;Heunggongvirae;Uroviricota;Caudoviricetes
k141_328581	4845	No terminal repeats	NA	5	11	0.9484	NA	1	6.7894	Viruses;Duplodnaviria;Heunggongvirae;Uroviricota;Caudoviricetes
k141_307716	3884	No terminal repeats	NA	6	11	0.9484	NA	1	1.7183	Viruses;Duplodnaviria;Heunggongvirae;Uroviricota;Caudoviricetes
k141_1477323	4478	No terminal repeats	NA	6	11	0.9483	NA	0	2.9969	Viruses;Duplodnaviria;Heunggongvirae;Uroviricota;Caudoviricetes
k141_1635019	3698	No terminal repeats	NA	6	11	0.9482	NA	0	6.3859	Viruses;Duplodnaviria;Heunggongvirae;Uroviricota;Caudoviricetes
k141_494001	3690	No terminal repeats	NA	6	11	0.9482	NA	1	2.8323	Viruses;Duplodnaviria;Heunggongvirae;Uroviricota;Caudoviricetes
k141_294174	5006	No terminal repeats	NA	8	11	0.9480	NA	2	4.0652	Viruses;Duplodnaviria;Heunggongvirae;Uroviricota;Caudoviricetes
k141_1414344	3772	No terminal repeats	NA	9	11	0.9480	NA	1	5.9658	Viruses;Duplodnaviria;Heunggongvirae;Uroviricota;Caudoviricetes
k141_786965	4264	No terminal repeats	NA	7	11	0.9478	NA	1	5.0673	Viruses;Duplodnaviria;Heunggongvirae;Uroviricota;Caudoviricetes
k141_142436	7918	No terminal repeats	NA	9	4	0.9476	NA	2	2.6218	Viruses;Duplodnaviria;Heunggongvirae;Uroviricota;Caudoviricetes
k141_720650	8377	No terminal repeats	NA	11	11	0.9476	NA	2	14.7426	Viruses;Duplodnaviria;Heunggongvirae;Uroviricota;Caudoviricetes
k141_1316160	9611	No terminal repeats	NA	18	11	0.9476	NA	2	20.9434	Viruses;Duplodnaviria;Heunggongvirae;Uroviricota;Caudoviricetes
k141_240966	3757	No terminal repeats	NA	10	11	0.9475	NA	3	8.8965	Viruses;Duplodnaviria;Heunggongvirae;Uroviricota;Caudoviricetes
k141_217117	51004	No terminal repeats	NA	46	11	0.9475	NA	4	23.8630	Viruses;Duplodnaviria;Heunggongvirae;Uroviricota;Caudoviricetes
k141_150517	5580	No terminal repeats	NA	7	11	0.9475	NA	2	5.5426	Viruses;Duplodnaviria;Heunggongvirae;Uroviricota;Caudoviricetes
k141_138990	4061	No terminal repeats	NA	6	11	0.9474	NA	2	9.0223	Viruses;Duplodnaviria;Heunggongvirae;Uroviricota;Caudoviricetes
k141_150271	4680	No terminal repeats	NA	12	11	0.9473	NA	0	3.1992	Viruses;Duplodnaviria;Heunggongvirae;Uroviricota;Caudoviricetes
k141_985410	9110	No terminal repeats	NA	10	11	0.9471	NA	2	17.1763	Viruses;Duplodnaviria;Heunggongvirae;Uroviricota;Caudoviricetes
k141_27274	5629	No terminal repeats	NA	10	11	0.9466	NA	0	9.1702	Viruses;Duplodnaviria;Heunggongvirae;Uroviricota;Caudoviricetes
k141_1476504	4962	No terminal repeats	NA	7	11	0.9465	NA	3	5.8134	Viruses;Duplodnaviria;Heunggongvirae;Uroviricota;Caudoviricetes
k141_360976	3610	No terminal repeats	NA	5	11	0.9465	NA	1	5.0286	Viruses;Duplodnaviria;Heunggongvirae;Uroviricota;Caudoviricetes
k141_217369	4210	No terminal repeats	NA	5	11	0.9465	NA	2	6.5519	Viruses;Duplodnaviria;Heunggongvirae;Uroviricota;Caudoviricetes
k141_3098	5233	No terminal repeats	NA	8	11	0.9465	NA	0	2.8930	Viruses;Duplodnaviria;Heunggongvirae;Uroviricota;Caudoviricetes;Kyanoviridae
k141_1206029	5521	No terminal repeats	NA	8	11	0.9464	NA	0	11.0213	Viruses;Duplodnaviria;Heunggongvirae;Uroviricota;Caudoviricetes
k141_323678	4485	No terminal repeats	NA	8	11	0.9462	NA	6	8.8424	Viruses;Duplodnaviria;Heunggongvirae;Uroviricota;Caudoviricetes
k141_123183	37024	No terminal repeats	NA	38	4	0.9461	NA	2	4.6864	Viruses;Duplodnaviria;Heunggongvirae;Uroviricota;Caudoviricetes
k141_76255	4622	No terminal repeats	NA	12	11	0.9461	NA	0	6.8731	Unclassified
k141_211616	6303	No terminal repeats	NA	11	11	0.9460	NA	0	3.1421	Viruses;Duplodnaviria;Heunggongvirae;Uroviricota;Caudoviricetes
k141_385229	6248	No terminal repeats	NA	9	11	0.9460	NA	0	13.0641	Viruses;Duplodnaviria;Heunggongvirae;Uroviricota;Caudoviricetes
k141_1225543	4655	No terminal repeats	NA	8	11	0.9460	NA	0	1.6984	Viruses;Duplodnaviria;Heunggongvirae;Uroviricota;Caudoviricetes
k141_346541	3736	No terminal repeats	NA	5	11	0.9459	NA	0	8.3534	Viruses;Duplodnaviria;Heunggongvirae;Uroviricota;Caudoviricetes
k141_124671	3670	No terminal repeats	NA	7	11	0.9458	NA	0	4.0337	Viruses;Duplodnaviria;Heunggongvirae;Uroviricota;Caudoviricetes
k141_444941	5208	No terminal repeats	NA	11	11	0.9456	NA	0	8.9387	Viruses;Duplodnaviria;Heunggongvirae;Uroviricota;Caudoviricetes
k141_1593264	4009	No terminal repeats	NA	5	11	0.9456	NA	0	7.6385	Viruses;Duplodnaviria;Heunggongvirae;Uroviricota;Caudoviricetes
k141_1130742	4812	No terminal repeats	NA	7	11	0.9455	NA	4	11.8139	Viruses;Duplodnaviria;Heunggongvirae;Uroviricota;Caudoviricetes
k141_1492341	4111	No terminal repeats	NA	9	11	0.9453	NA	1	6.3454	Viruses;Duplodnaviria;Heunggongvirae;Uroviricota;Caudoviricetes
k141_28345	3729	No terminal repeats	NA	7	11	0.9453	NA	1	1.7183	Viruses;Duplodnaviria;Heunggongvirae;Uroviricota;Caudoviricetes
k141_141441	4694	No terminal repeats	NA	6	11	0.9452	NA	3	5.6870	Viruses;Duplodnaviria;Heunggongvirae;Uroviricota;Caudoviricetes
k141_56989	7295	No terminal repeats	NA	6	11	0.9451	NA	0	1.7183	Viruses;Duplodnaviria;Heunggongvirae;Uroviricota;Caudoviricetes
k141_364224	4291	No terminal repeats	NA	7	11	0.9450	NA	0	2.3297	Viruses;Duplodnaviria;Heunggongvirae;Uroviricota;Caudoviricetes;Drexlerviridae
k141_278701	7638	No terminal repeats	NA	10	11	0.9449	NA	4	9.7455	Viruses;Duplodnaviria;Heunggongvirae;Uroviricota;Caudoviricetes
k141_86751	3850	No terminal repeats	NA	7	11	0.9448	NA	0	10.3022	Viruses;Duplodnaviria;Heunggongvirae;Uroviricota;Caudoviricetes
k141_864561	5198	No terminal repeats	NA	9	11	0.9448	NA	0	3.1875	Viruses;Duplodnaviria;Heunggongvirae;Uroviricota;Caudoviricetes
k141_460532	4489	No terminal repeats	NA	7	11	0.9448	NA	0	3.4366	Viruses;Duplodnaviria;Heunggongvirae;Uroviricota;Caudoviricetes
k141_264160	3864	No terminal repeats	NA	7	11	0.9447	NA	0	3.0663	Viruses;Duplodnaviria;Heunggongvirae;Uroviricota;Caudoviricetes
k141_503049	3873	No terminal repeats	NA	6	11	0.9447	NA	1	1.7183	Viruses;Duplodnaviria;Heunggongvirae;Uroviricota;Caudoviricetes
k141_382724	5348	No terminal repeats	NA	7	11	0.9446	NA	1	5.1548	Viruses;Duplodnaviria;Heunggongvirae;Uroviricota;Caudoviricetes
k141_514304	4165	No terminal repeats	NA	8	11	0.9444	NA	1	6.2880	Viruses;Duplodnaviria;Heunggongvirae;Uroviricota;Caudoviricetes
k141_294689	24255	No terminal repeats	NA	37	11	0.9442	NA	10	33.4651	Viruses;Duplodnaviria;Heunggongvirae;Uroviricota;Caudoviricetes
k141_128051	3916	No terminal repeats	NA	6	4	0.9439	NA	0	3.1421	Viruses;Duplodnaviria;Heunggongvirae;Uroviricota;Caudoviricetes
k141_355683	4748	No terminal repeats	NA	7	11	0.9438	NA	0	11.3056	Viruses;Duplodnaviria;Heunggongvirae;Uroviricota;Caudoviricetes
k141_23956	3706	No terminal repeats	NA	6	11	0.9438	NA	6	8.8279	Viruses;Duplodnaviria;Heunggongvirae;Uroviricota;Caudoviricetes
k141_419750	5331	No terminal repeats	NA	12	11	0.9438	NA	0	5.6787	Viruses;Duplodnaviria;Heunggongvirae;Uroviricota;Caudoviricetes;Kyanoviridae
k141_423043	9034	No terminal repeats	NA	14	11	0.9438	NA	0	5.3906	Viruses;Varidnaviria;Bamfordvirae;Preplasmiviricota;Tectiliviricetes;Kalamavirales;Tectiviridae
k141_116784	5050	No terminal repeats	NA	9	11	0.9437	NA	0	3.4348	Viruses;Duplodnaviria;Heunggongvirae;Uroviricota;Caudoviricetes
k141_96590	5001	No terminal repeats	NA	9	11	0.9437	NA	1	4.7591	Viruses;Duplodnaviria;Heunggongvirae;Uroviricota;Caudoviricetes
k141_176089	4439	No terminal repeats	NA	11	11	0.9435	NA	0	1.9073	Unclassified
k141_357030	6216	No terminal repeats	NA	13	11	0.9435	NA	1	9.0914	Viruses;Duplodnaviria;Heunggongvirae;Uroviricota;Caudoviricetes
k141_416130	5131	No terminal repeats	NA	12	11	0.9434	NA	0	3.9604	Viruses;Duplodnaviria;Heunggongvirae;Uroviricota;Caudoviricetes
k141_1608671	7733	No terminal repeats	NA	20	11	0.9433	NA	2	20.2755	Viruses;Duplodnaviria;Heunggongvirae;Uroviricota;Caudoviricetes
k141_400468	3850	No terminal repeats	NA	8	11	0.9432	NA	0	2.4488	Viruses;Duplodnaviria;Heunggongvirae;Uroviricota;Caudoviricetes
k141_343419	34432	No terminal repeats	NA	50	11	0.9429	NA	16	49.2821	Viruses;Duplodnaviria;Heunggongvirae;Uroviricota;Caudoviricetes
k141_209103	4104	No terminal repeats	NA	5	11	0.9428	NA	1	2.8364	Viruses;Duplodnaviria;Heunggongvirae;Uroviricota;Caudoviricetes;Straboviridae
k141_262312	4703	No terminal repeats	NA	7	11	0.9426	NA	2	5.0021	Viruses;Duplodnaviria;Heunggongvirae;Uroviricota;Caudoviricetes
k141_204235	4932	No terminal repeats	NA	7	11	0.9426	NA	0	2.6392	Viruses;Duplodnaviria;Heunggongvirae;Uroviricota;Caudoviricetes
k141_549185	4008	No terminal repeats	NA	6	11	0.9425	NA	0	3.1453	Viruses;Duplodnaviria;Heunggongvirae;Uroviricota;Caudoviricetes
k141_543546	6908	No terminal repeats	NA	9	11	0.9425	NA	2	6.0195	Viruses;Duplodnaviria;Heunggongvirae;Uroviricota;Caudoviricetes
k141_629316	5039	No terminal repeats	NA	9	11	0.9424	NA	2	15.4645	Viruses;Duplodnaviria;Heunggongvirae;Uroviricota;Caudoviricetes
k141_1481790	6755	No terminal repeats	NA	9	11	0.9424	NA	2	7.9513	Viruses;Duplodnaviria;Heunggongvirae;Uroviricota;Caudoviricetes;Herelleviridae
k141_1176534|provirus_3594_8465	4872	No terminal repeats	NA	8	11	0.9422	NA	2	8.5804	Viruses;Duplodnaviria;Heunggongvirae;Uroviricota;Caudoviricetes
k141_750746	6643	No terminal repeats	NA	14	11	0.9419	NA	2	11.3889	Viruses;Duplodnaviria;Heunggongvirae;Uroviricota;Caudoviricetes
k141_141171	7116	No terminal repeats	NA	6	11	0.9418	NA	2	4.4127	Viruses;Duplodnaviria;Heunggongvirae;Uroviricota;Caudoviricetes
k141_130567	4844	No terminal repeats	NA	10	11	0.9417	NA	0	4.5254	Viruses;Duplodnaviria;Heunggongvirae;Uroviricota;Caudoviricetes
k141_187848	3797	No terminal repeats	NA	8	11	0.9416	NA	0	1.4239	Unclassified
k141_321041	4681	DTR	NA	9	11	0.9413	NA	0	4.0727	Viruses;Duplodnaviria;Heunggongvirae;Uroviricota;Caudoviricetes
k141_1517619	6469	No terminal repeats	NA	9	11	0.9412	NA	1	4.5250	Viruses;Duplodnaviria;Heunggongvirae;Uroviricota;Caudoviricetes
k141_165451	3588	No terminal repeats	NA	7	11	0.9412	NA	0	2.7006	Viruses;Duplodnaviria;Heunggongvirae;Uroviricota;Caudoviricetes;Drexlerviridae
k141_14669	3590	No terminal repeats	NA	7	11	0.9410	NA	0	6.1161	Viruses;Duplodnaviria;Heunggongvirae;Uroviricota;Caudoviricetes
k141_200910	3548	No terminal repeats	NA	9	11	0.9410	NA	3	10.3186	Viruses;Duplodnaviria;Heunggongvirae;Uroviricota;Caudoviricetes
k141_975796	3730	No terminal repeats	NA	10	11	0.9406	NA	1	9.2964	Viruses;Duplodnaviria;Heunggongvirae;Uroviricota;Caudoviricetes
k141_1298208	4086	No terminal repeats	NA	5	11	0.9404	NA	0	5.1530	Viruses;Duplodnaviria;Heunggongvirae;Uroviricota;Caudoviricetes
k141_1490988	3770	No terminal repeats	NA	10	11	0.9403	NA	0	1.3667	Viruses;Duplodnaviria;Heunggongvirae;Uroviricota;Caudoviricetes
k141_119821	6234	No terminal repeats	NA	13	11	0.9398	NA	0	1.3171	Viruses;Duplodnaviria;Heunggongvirae;Uroviricota;Caudoviricetes
k141_1059121	5251	No terminal repeats	NA	5	11	0.9397	NA	1	5.1540	Viruses;Duplodnaviria;Heunggongvirae;Uroviricota;Caudoviricetes
k141_300234	3710	No terminal repeats	NA	6	11	0.9397	NA	1	2.2505	Viruses;Duplodnaviria;Heunggongvirae;Uroviricota;Caudoviricetes
k141_5946	6797	No terminal repeats	NA	13	11	0.9395	NA	3	8.2569	Viruses;Duplodnaviria;Heunggongvirae;Uroviricota;Caudoviricetes
k141_79765	7475	No terminal repeats	NA	9	11	0.9395	NA	5	11.0756	Viruses;Duplodnaviria;Heunggongvirae;Uroviricota;Caudoviricetes
k141_166112	4523	No terminal repeats	NA	9	11	0.9394	NA	0	1.4239	Unclassified
k141_5055	4243	No terminal repeats	NA	6	11	0.9391	NA	0	4.5803	Viruses;Duplodnaviria;Heunggongvirae;Uroviricota;Caudoviricetes
k141_119287	3518	No terminal repeats	NA	5	11	0.9387	NA	1	4.7499	Viruses;Duplodnaviria;Heunggongvirae;Uroviricota;Caudoviricetes
k141_136750	6533	No terminal repeats	NA	14	11	0.9383	NA	1	3.1805	Unclassified
k141_105813	4499	No terminal repeats	NA	10	11	0.9382	NA	0	3.4265	Viruses;Duplodnaviria;Heunggongvirae;Uroviricota;Caudoviricetes
k141_196442	3502	No terminal repeats	NA	9	11	0.9380	NA	0	1.4257	Viruses;Duplodnaviria;Heunggongvirae;Uroviricota;Caudoviricetes
k141_1701341	7521	No terminal repeats	NA	17	11	0.9380	NA	2	3.2003	Viruses;Duplodnaviria;Heunggongvirae;Uroviricota;Caudoviricetes
k141_137986	8629	No terminal repeats	NA	8	11	0.9380	NA	2	9.9086	Viruses;Duplodnaviria;Heunggongvirae;Uroviricota;Caudoviricetes
k141_448136	7341	No terminal repeats	NA	8	11	0.9379	NA	1	8.1172	Viruses;Duplodnaviria;Heunggongvirae;Uroviricota;Caudoviricetes
k141_913190	4454	No terminal repeats	NA	8	11	0.9375	NA	1	13.2989	Viruses;Duplodnaviria;Heunggongvirae;Uroviricota;Caudoviricetes
k141_41414	3260	No terminal repeats	NA	5	11	0.9375	NA	2	3.9890	Viruses;Duplodnaviria;Heunggongvirae;Uroviricota;Caudoviricetes
k141_67379	2084	No terminal repeats	NA	4	11	0.9374	NA	1	2.9833	Viruses;Duplodnaviria;Heunggongvirae;Uroviricota;Caudoviricetes
k141_551580	3876	No terminal repeats	NA	5	11	0.9374	NA	0	3.6914	Viruses;Duplodnaviria;Heunggongvirae;Uroviricota;Caudoviricetes
k141_306012	4536	No terminal repeats	NA	7	11	0.9374	NA	1	1.7171	Viruses;Duplodnaviria;Heunggongvirae;Uroviricota;Caudoviricetes
k141_1465038	8055	No terminal repeats	NA	5	15	0.9368	NA	0	5.4024	Viruses;Duplodnaviria;Heunggongvirae;Uroviricota;Caudoviricetes;Kyanoviridae
k141_299042	8297	No terminal repeats	NA	5	11	0.9368	NA	0	3.2443	Viruses;Duplodnaviria;Heunggongvirae;Uroviricota;Caudoviricetes
k141_1235751	4656	No terminal repeats	NA	11	11	0.9366	NA	0	3.8972	Unclassified
k141_115076	4463	No terminal repeats	NA	10	11	0.9366	NA	3	11.4139	Viruses;Duplodnaviria;Heunggongvirae;Uroviricota;Caudoviricetes
k141_252449	6769	No terminal repeats	NA	11	11	0.9362	NA	3	7.4672	Viruses;Duplodnaviria;Heunggongvirae;Uroviricota;Caudoviricetes
k141_287911	5039	No terminal repeats	NA	6	11	0.9359	NA	1	6.2313	Viruses;Duplodnaviria;Heunggongvirae;Uroviricota;Caudoviricetes;Herelleviridae
k141_37024	5092	No terminal repeats	NA	7	11	0.9356	NA	4	7.4054	Viruses;Duplodnaviria;Heunggongvirae;Uroviricota;Caudoviricetes
k141_47798	4283	No terminal repeats	NA	7	11	0.9354	NA	1	1.7183	Viruses;Duplodnaviria;Heunggongvirae;Uroviricota;Caudoviricetes
k141_323326	9218	No terminal repeats	NA	13	11	0.9352	NA	0	1.6931	Viruses;Duplodnaviria;Heunggongvirae;Uroviricota;Caudoviricetes
k141_1369319	4060	No terminal repeats	NA	6	11	0.9352	NA	0	9.6867	Viruses;Duplodnaviria;Heunggongvirae;Uroviricota;Caudoviricetes
k141_801812	8561	No terminal repeats	NA	17	11	0.9352	NA	1	9.9906	Viruses;Duplodnaviria;Heunggongvirae;Uroviricota;Caudoviricetes
k141_28807	4285	No terminal repeats	NA	9	11	0.9350	NA	0	2.8248	Viruses;Duplodnaviria;Heunggongvirae;Uroviricota;Caudoviricetes
k141_117304	40358	No terminal repeats	NA	56	11	0.9350	NA	8	35.6998	Viruses;Duplodnaviria;Heunggongvirae;Uroviricota;Caudoviricetes
k141_1693412	4108	No terminal repeats	NA	8	11	0.9350	NA	0	2.1169	Viruses;Duplodnaviria;Heunggongvirae;Uroviricota;Caudoviricetes
k141_1438212	9123	No terminal repeats	NA	7	11	0.9350	NA	1	8.5681	Viruses;Duplodnaviria;Heunggongvirae;Uroviricota;Caudoviricetes
k141_158365	6057	No terminal repeats	NA	5	11	0.9349	NA	2	6.0771	Viruses;Duplodnaviria;Heunggongvirae;Uroviricota;Caudoviricetes
k141_563144	1562	No terminal repeats	NA	3	11	0.9349	NA	1	5.1417	Viruses;Duplodnaviria;Heunggongvirae;Uroviricota;Caudoviricetes
k141_318866	7918	No terminal repeats	NA	15	11	0.9347	NA	0	9.2943	Viruses;Duplodnaviria;Heunggongvirae;Uroviricota;Caudoviricetes
k141_1262117	5166	No terminal repeats	NA	7	11	0.9344	NA	1	6.4662	Viruses;Duplodnaviria;Heunggongvirae;Uroviricota;Caudoviricetes
k141_1025493	4473	No terminal repeats	NA	5	11	0.9344	NA	0	2.3034	Viruses;Duplodnaviria;Heunggongvirae;Uroviricota;Caudoviricetes
k141_1743920	5070	No terminal repeats	NA	7	11	0.9344	NA	0	3.4366	Viruses;Duplodnaviria;Heunggongvirae;Uroviricota;Caudoviricetes
k141_1401898	3666	No terminal repeats	NA	5	11	0.9341	NA	2	5.1516	Viruses;Duplodnaviria;Heunggongvirae;Uroviricota;Caudoviricetes
k141_355845	6894	No terminal repeats	NA	9	11	0.9340	NA	2	3.3758	Viruses;Duplodnaviria;Heunggongvirae;Uroviricota;Caudoviricetes
k141_214172	3689	No terminal repeats	NA	5	11	0.9339	NA	1	4.8434	Viruses;Duplodnaviria;Heunggongvirae;Uroviricota;Caudoviricetes
k141_162820	9838	No terminal repeats	NA	18	11	0.9339	NA	0	4.2810	Viruses;Duplodnaviria;Heunggongvirae;Uroviricota;Caudoviricetes
k141_74785	5727	No terminal repeats	NA	6	11	0.9338	NA	1	3.7819	Viruses;Duplodnaviria;Heunggongvirae;Uroviricota;Caudoviricetes
k141_291370	4306	No terminal repeats	NA	11	11	0.9337	NA	1	6.9960	Viruses;Duplodnaviria;Heunggongvirae;Uroviricota;Caudoviricetes
k141_244770	2890	No terminal repeats	NA	5	11	0.9336	NA	0	5.1548	Viruses;Duplodnaviria;Heunggongvirae;Uroviricota;Caudoviricetes
k141_730331	7517	No terminal repeats	NA	8	11	0.9336	NA	2	8.5408	Viruses;Duplodnaviria;Heunggongvirae;Uroviricota;Caudoviricetes
k141_797016	6507	No terminal repeats	NA	14	11	0.9336	NA	3	3.5471	Viruses;Duplodnaviria;Heunggongvirae;Uroviricota;Caudoviricetes
k141_277092	8303	No terminal repeats	NA	11	11	0.9335	NA	0	7.1316	Viruses;Duplodnaviria;Heunggongvirae;Uroviricota;Caudoviricetes
k141_147189	3899	No terminal repeats	NA	6	11	0.9334	NA	0	1.7183	Viruses;Duplodnaviria;Heunggongvirae;Uroviricota;Caudoviricetes;Chaseviridae
k141_575617	6767	No terminal repeats	NA	10	11	0.9334	NA	1	2.9723	Viruses;Duplodnaviria;Heunggongvirae;Uroviricota;Caudoviricetes
k141_372709	7218	No terminal repeats	NA	6	11	0.9333	NA	1	3.4366	Viruses;Duplodnaviria;Heunggongvirae;Uroviricota;Caudoviricetes
k141_656276	7352	No terminal repeats	NA	10	11	0.9333	NA	6	10.2876	Viruses;Duplodnaviria;Heunggongvirae;Uroviricota;Caudoviricetes
k141_1801740	7016	No terminal repeats	NA	11	11	0.9332	NA	1	6.4397	Viruses;Duplodnaviria;Heunggongvirae;Uroviricota;Caudoviricetes
k141_450384	5849	No terminal repeats	NA	15	11	0.9329	NA	0	14.1951	Viruses;Duplodnaviria;Heunggongvirae;Uroviricota;Caudoviricetes
k141_35097	4718	No terminal repeats	NA	8	11	0.9326	NA	0	3.7850	Viruses;Duplodnaviria;Heunggongvirae;Uroviricota;Caudoviricetes
k141_524939	4138	No terminal repeats	NA	10	11	0.9323	NA	0	1.6705	Viruses;Duplodnaviria;Heunggongvirae;Uroviricota;Caudoviricetes
k141_54838	6780	No terminal repeats	NA	13	11	0.9323	NA	0	7.3953	Viruses;Duplodnaviria;Heunggongvirae;Uroviricota;Caudoviricetes
k141_188885	3905	No terminal repeats	NA	5	11	0.9322	NA	2	4.2085	Viruses;Duplodnaviria;Heunggongvirae;Uroviricota;Caudoviricetes
k141_154811	5924	No terminal repeats	NA	6	11	0.9321	NA	0	6.8447	Viruses;Varidnaviria;Bamfordvirae;Nucleocytoviricota;Megaviricetes;Imitervirales;Mimiviridae
k141_25973	3616	No terminal repeats	NA	11	11	0.9320	NA	2	10.5758	Viruses;Duplodnaviria;Heunggongvirae;Uroviricota;Caudoviricetes
k141_580858	5376	No terminal repeats	NA	5	11	0.9319	NA	2	7.9636	Viruses;Duplodnaviria;Heunggongvirae;Uroviricota;Caudoviricetes
k141_1270623	4396	No terminal repeats	NA	12	11	0.9315	NA	0	2.9019	Viruses;Duplodnaviria;Heunggongvirae;Uroviricota;Caudoviricetes;Kyanoviridae
k141_228849	4343	No terminal repeats	NA	6	11	0.9315	NA	1	1.7171	Viruses;Duplodnaviria;Heunggongvirae;Uroviricota;Caudoviricetes
k141_99536	3933	No terminal repeats	NA	8	11	0.9313	NA	4	6.7472	Viruses;Duplodnaviria;Heunggongvirae;Uroviricota;Caudoviricetes
k141_516272	3727	No terminal repeats	NA	8	11	0.9313	NA	1	4.6504	Viruses;Duplodnaviria;Heunggongvirae;Uroviricota;Caudoviricetes
k141_550790	6989	No terminal repeats	NA	12	11	0.9310	NA	1	6.1796	Viruses;Duplodnaviria;Heunggongvirae;Uroviricota;Caudoviricetes
k141_209223	4693	No terminal repeats	NA	5	11	0.9305	NA	1	1.2848	Viruses;Duplodnaviria;Heunggongvirae;Uroviricota;Caudoviricetes
k141_343346	45682	No terminal repeats	NA	51	11	0.9305	NA	6	31.6068	Viruses;Duplodnaviria;Heunggongvirae;Uroviricota;Caudoviricetes
k141_552531	8436	No terminal repeats	NA	7	11	0.9303	NA	1	1.7183	Viruses;Duplodnaviria;Heunggongvirae;Uroviricota;Caudoviricetes
k141_138867	4113	No terminal repeats	NA	5	11	0.9301	NA	0	1.6561	Viruses;Duplodnaviria;Heunggongvirae;Uroviricota;Caudoviricetes
k141_429116	4494	No terminal repeats	NA	6	11	0.9297	NA	3	5.5858	Viruses;Duplodnaviria;Heunggongvirae;Uroviricota;Caudoviricetes
k141_623807	7998	No terminal repeats	NA	14	11	0.9296	NA	2	15.2850	Viruses;Duplodnaviria;Heunggongvirae;Uroviricota;Caudoviricetes
k141_719559	6001	No terminal repeats	NA	8	11	0.9292	NA	2	6.5937	Viruses;Duplodnaviria;Heunggongvirae;Uroviricota;Caudoviricetes
k141_335589	4392	No terminal repeats	NA	7	11	0.9289	NA	0	3.2264	Viruses;Duplodnaviria;Heunggongvirae;Uroviricota;Caudoviricetes
k141_967989	4369	No terminal repeats	NA	7	11	0.9287	NA	0	9.8759	Viruses;Duplodnaviria;Heunggongvirae;Uroviricota;Caudoviricetes
k141_451274	6248	No terminal repeats	NA	11	11	0.9286	NA	0	4.8005	Viruses;Duplodnaviria;Heunggongvirae;Uroviricota;Caudoviricetes
k141_1981429	3970	No terminal repeats	NA	6	11	0.9286	NA	0	2.7481	Viruses;Duplodnaviria;Heunggongvirae;Uroviricota;Caudoviricetes
k141_22766	4244	No terminal repeats	NA	6	11	0.9284	NA	0	2.5879	Viruses;Duplodnaviria;Heunggongvirae;Uroviricota;Caudoviricetes
k141_303915	4435	No terminal repeats	NA	7	11	0.9284	NA	0	2.9000	Viruses;Duplodnaviria;Heunggongvirae;Uroviricota;Caudoviricetes
k141_268514	9514	No terminal repeats	NA	18	11	0.9283	NA	1	6.6152	Viruses;Duplodnaviria;Heunggongvirae;Uroviricota;Caudoviricetes
k141_67793	3646	No terminal repeats	NA	6	11	0.9278	NA	1	1.7171	Viruses;Duplodnaviria;Heunggongvirae;Uroviricota;Caudoviricetes
k141_80409	5170	No terminal repeats	NA	9	11	0.9277	NA	0	4.0984	Viruses;Duplodnaviria;Heunggongvirae;Uroviricota;Caudoviricetes
k141_323378	5157	No terminal repeats	NA	8	11	0.9272	NA	0	1.6931	Viruses;Duplodnaviria;Heunggongvirae;Uroviricota;Caudoviricetes
k141_52695	5134	No terminal repeats	NA	5	11	0.9272	NA	1	2.9943	Viruses;Duplodnaviria;Heunggongvirae;Uroviricota;Caudoviricetes
k141_241659	8848	No terminal repeats	NA	14	11	0.9271	NA	3	13.6719	Viruses;Duplodnaviria;Heunggongvirae;Uroviricota;Caudoviricetes
k141_1159783	3822	No terminal repeats	NA	9	11	0.9268	NA	0	2.4481	Viruses;Duplodnaviria;Heunggongvirae;Uroviricota;Caudoviricetes
k141_1838694	4427	No terminal repeats	NA	11	11	0.9263	NA	0	3.6509	Viruses;Duplodnaviria;Heunggongvirae;Uroviricota;Caudoviricetes
k141_1375336	3513	No terminal repeats	NA	10	11	0.9263	NA	0	1.7130	Unclassified
k141_263753	4601	No terminal repeats	NA	9	11	0.9259	NA	1	2.2325	Viruses;Duplodnaviria;Heunggongvirae;Uroviricota;Caudoviricetes
k141_566858	4118	No terminal repeats	NA	5	11	0.9258	NA	0	4.4055	Viruses;Duplodnaviria;Heunggongvirae;Uroviricota;Caudoviricetes;Straboviridae
k141_203769	6879	No terminal repeats	NA	11	11	0.9254	NA	4	11.4869	Viruses;Duplodnaviria;Heunggongvirae;Uroviricota;Caudoviricetes
k141_1245202	3921	No terminal repeats	NA	4	11	0.9252	NA	0	2.2950	Viruses;Duplodnaviria;Heunggongvirae;Uroviricota;Caudoviricetes
k141_69623	3803	No terminal repeats	NA	5	11	0.9252	NA	1	2.7803	Viruses;Duplodnaviria;Heunggongvirae;Uroviricota;Caudoviricetes
k141_967662	4095	No terminal repeats	NA	7	11	0.9250	NA	1	3.0219	Viruses;Duplodnaviria;Heunggongvirae;Uroviricota;Caudoviricetes
k141_391981	8614	No terminal repeats	NA	13	11	0.9247	NA	1	3.5690	Viruses;Duplodnaviria;Heunggongvirae;Uroviricota;Caudoviricetes
k141_289669	3583	No terminal repeats	NA	8	11	0.9246	NA	1	4.4911	Viruses;Duplodnaviria;Heunggongvirae;Uroviricota;Caudoviricetes
k141_398390	4162	No terminal repeats	NA	7	11	0.9242	NA	0	3.7337	Viruses;Varidnaviria;Bamfordvirae;Preplasmiviricota;Tectiliviricetes;Kalamavirales;Tectiviridae
k141_332512	5537	No terminal repeats	NA	10	11	0.9239	NA	3	6.6660	Viruses;Duplodnaviria;Heunggongvirae;Uroviricota;Caudoviricetes
k141_409668	4226	No terminal repeats	NA	7	11	0.9232	NA	0	2.3099	Viruses;Varidnaviria;Bamfordvirae;Preplasmiviricota;Tectiliviricetes;Kalamavirales;Tectiviridae
k141_289032	4428	No terminal repeats	NA	9	11	0.9231	NA	0	1.4239	Unclassified
k141_1929727	3788	No terminal repeats	NA	9	11	0.9231	NA	0	10.3093	Viruses;Duplodnaviria;Heunggongvirae;Uroviricota;Caudoviricetes
k141_137735	7610	No terminal repeats	NA	12	11	0.9229	NA	3	8.0245	Viruses;Duplodnaviria;Heunggongvirae;Uroviricota;Caudoviricetes
k141_130467	7413	No terminal repeats	NA	9	11	0.9227	NA	3	7.8949	Viruses;Duplodnaviria;Heunggongvirae;Uroviricota;Caudoviricetes
k141_134140	4846	No terminal repeats	NA	5	11	0.9223	NA	0	2.8319	Viruses;Duplodnaviria;Heunggongvirae;Uroviricota;Caudoviricetes
k141_837040	4294	No terminal repeats	NA	8	11	0.9222	NA	0	6.3080	Viruses;Duplodnaviria;Heunggongvirae;Uroviricota;Caudoviricetes;Herelleviridae
k141_107997	3845	No terminal repeats	NA	7	11	0.9218	NA	0	1.9108	Viruses;Duplodnaviria;Heunggongvirae;Uroviricota;Caudoviricetes
k141_163161	3634	No terminal repeats	NA	9	11	0.9217	NA	1	4.9299	Viruses;Duplodnaviria;Heunggongvirae;Uroviricota;Caudoviricetes
k141_745395	3844	No terminal repeats	NA	5	11	0.9216	NA	0	1.7183	Viruses;Duplodnaviria;Heunggongvirae;Uroviricota;Caudoviricetes
k141_635039	3672	No terminal repeats	NA	7	11	0.9215	NA	1	4.6545	Viruses;Duplodnaviria;Heunggongvirae;Uroviricota;Caudoviricetes
k141_1941218	3546	No terminal repeats	NA	6	11	0.9215	NA	0	6.8645	Viruses;Duplodnaviria;Heunggongvirae;Uroviricota;Caudoviricetes;Demerecviridae
k141_181487	5396	No terminal repeats	NA	8	11	0.9213	NA	0	4.0281	Viruses;Duplodnaviria;Heunggongvirae;Uroviricota;Caudoviricetes
k141_19099	4603	No terminal repeats	NA	7	11	0.9213	NA	0	6.6910	Viruses;Duplodnaviria;Heunggongvirae;Uroviricota;Caudoviricetes
k141_13643	3109	No terminal repeats	NA	5	11	0.9212	NA	1	3.9330	Viruses;Duplodnaviria;Heunggongvirae;Uroviricota;Caudoviricetes
k141_171774	8070	No terminal repeats	NA	11	11	0.9209	NA	3	8.6597	Viruses;Duplodnaviria;Heunggongvirae;Uroviricota;Caudoviricetes
k141_291664	3502	No terminal repeats	NA	8	11	0.9207	NA	0	1.7183	Viruses;Duplodnaviria;Heunggongvirae;Uroviricota;Caudoviricetes
k141_566632	4394	No terminal repeats	NA	8	11	0.9206	NA	4	5.5460	Viruses;Duplodnaviria;Heunggongvirae;Uroviricota;Caudoviricetes
k141_233491	3667	No terminal repeats	NA	9	11	0.9199	NA	0	1.0874	Viruses;Duplodnaviria;Heunggongvirae;Uroviricota;Caudoviricetes
k141_312308	4452	No terminal repeats	NA	7	11	0.9197	NA	2	5.8572	Viruses;Duplodnaviria;Heunggongvirae;Uroviricota;Caudoviricetes
k141_275359	3746	No terminal repeats	NA	5	11	0.9196	NA	0	1.7183	Viruses;Duplodnaviria;Heunggongvirae;Uroviricota;Caudoviricetes
k141_400275	6702	No terminal repeats	NA	10	11	0.9189	NA	0	5.1529	Viruses;Duplodnaviria;Heunggongvirae;Uroviricota;Caudoviricetes
k141_734561	9109	No terminal repeats	NA	12	11	0.9188	NA	3	11.6571	Viruses;Duplodnaviria;Heunggongvirae;Uroviricota;Caudoviricetes
k141_270049	6863	No terminal repeats	NA	11	11	0.9188	NA	2	6.7789	Viruses;Duplodnaviria;Heunggongvirae;Uroviricota;Caudoviricetes
k141_208932	7566	No terminal repeats	NA	7	11	0.9187	NA	1	3.0051	Viruses;Duplodnaviria;Heunggongvirae;Uroviricota;Caudoviricetes
k141_58992	34517	No terminal repeats	NA	50	11	0.9185	NA	16	48.1777	Viruses;Duplodnaviria;Heunggongvirae;Uroviricota;Caudoviricetes
k141_409837	5002	No terminal repeats	NA	8	11	0.9184	NA	2	6.8686	Viruses;Duplodnaviria;Heunggongvirae;Uroviricota;Caudoviricetes;Straboviridae
k141_1162543	5049	No terminal repeats	NA	11	11	0.9181	NA	0	1.7356	Viruses;Duplodnaviria;Heunggongvirae;Uroviricota;Caudoviricetes
k141_202770	3959	No terminal repeats	NA	8	11	0.9178	NA	2	6.2424	Viruses;Duplodnaviria;Heunggongvirae;Uroviricota;Caudoviricetes
k141_200086	4380	No terminal repeats	NA	7	11	0.9178	NA	2	3.0064	Viruses;Duplodnaviria;Heunggongvirae;Uroviricota;Caudoviricetes
k141_195244	4126	No terminal repeats	NA	8	11	0.9175	NA	5	7.4345	Viruses;Duplodnaviria;Heunggongvirae;Uroviricota;Caudoviricetes
k141_1736854	5135	No terminal repeats	NA	11	11	0.9172	NA	0	2.8716	Viruses;Duplodnaviria;Heunggongvirae;Uroviricota;Caudoviricetes
k141_1199115	3979	No terminal repeats	NA	8	11	0.9170	NA	1	2.1949	Viruses;Duplodnaviria;Heunggongvirae;Uroviricota;Caudoviricetes;Vilmaviridae
k141_314767	3881	No terminal repeats	NA	6	11	0.9168	NA	0	1.6797	Viruses;Duplodnaviria;Heunggongvirae;Uroviricota;Caudoviricetes
k141_202567	6552	No terminal repeats	NA	9	11	0.9162	NA	2	6.6510	Viruses;Duplodnaviria;Heunggongvirae;Uroviricota;Caudoviricetes
k141_935406	5078	No terminal repeats	NA	9	11	0.9153	NA	0	1.7894	Unclassified
k141_1578430	3869	No terminal repeats	NA	6	11	0.9153	NA	2	9.9433	Viruses;Duplodnaviria;Heunggongvirae;Uroviricota;Caudoviricetes
k141_330624	6510	No terminal repeats	NA	16	11	0.9150	NA	1	5.6754	Viruses;Varidnaviria;Bamfordvirae;Preplasmiviricota;Tectiliviricetes;Vinavirales;Corticoviridae
k141_55980	8928	No terminal repeats	NA	13	11	0.9146	NA	6	10.5837	Viruses;Duplodnaviria;Heunggongvirae;Uroviricota;Caudoviricetes
k141_824410	3881	No terminal repeats	NA	8	11	0.9143	NA	1	4.6824	Viruses;Duplodnaviria;Heunggongvirae;Uroviricota;Caudoviricetes
k141_1595345	6079	No terminal repeats	NA	11	11	0.9136	NA	0	5.6056	Viruses;Duplodnaviria;Heunggongvirae;Uroviricota;Caudoviricetes
k141_143281	2608	No terminal repeats	NA	6	11	0.9135	NA	1	3.2331	Viruses;Duplodnaviria;Heunggongvirae;Uroviricota;Caudoviricetes
k141_253995	5662	No terminal repeats	NA	11	11	0.9132	NA	0	6.4683	Viruses;Duplodnaviria;Heunggongvirae;Uroviricota;Caudoviricetes
k141_448192	8017	No terminal repeats	NA	14	11	0.9132	NA	1	1.7183	Viruses;Duplodnaviria;Heunggongvirae;Uroviricota;Caudoviricetes
k141_291304	8977	No terminal repeats	NA	15	11	0.9130	NA	1	14.8673	Viruses;Duplodnaviria;Heunggongvirae;Uroviricota;Caudoviricetes
k141_76383	5888	No terminal repeats	NA	12	11	0.9124	NA	1	3.0595	Viruses;Duplodnaviria;Heunggongvirae;Uroviricota;Caudoviricetes
k141_171935_2	4875	No terminal repeats	NA	9	11	0.9123	NA	1	2.2325	Viruses;Duplodnaviria;Heunggongvirae;Uroviricota;Caudoviricetes
k141_124574	4810	No terminal repeats	NA	7	11	0.9122	NA	1	5.4278	Viruses;Duplodnaviria;Heunggongvirae;Uroviricota;Caudoviricetes
k141_303523	6250	No terminal repeats	NA	8	11	0.9121	NA	0	3.4366	Viruses;Duplodnaviria;Heunggongvirae;Uroviricota;Caudoviricetes
k141_1896964	4510	No terminal repeats	NA	6	11	0.9118	NA	0	4.1822	Viruses;Duplodnaviria;Heunggongvirae;Uroviricota;Caudoviricetes
k141_234209	3596	No terminal repeats	NA	5	11	0.9118	NA	0	1.7183	Viruses;Duplodnaviria;Heunggongvirae;Uroviricota;Caudoviricetes
k141_896634	3585	No terminal repeats	NA	5	11	0.9106	NA	0	5.1419	Viruses;Duplodnaviria;Heunggongvirae;Uroviricota;Caudoviricetes;Demerecviridae
k141_307159	6476	No terminal repeats	NA	10	11	0.9103	NA	2	11.3618	Viruses;Duplodnaviria;Heunggongvirae;Uroviricota;Caudoviricetes
k141_690569	9863	No terminal repeats	NA	14	4	0.9100	NA	0	9.6267	Viruses;Duplodnaviria;Heunggongvirae;Uroviricota;Caudoviricetes
k141_635669	4886	No terminal repeats	NA	12	11	0.9097	NA	1	1.7759	Viruses;Duplodnaviria;Heunggongvirae;Uroviricota;Caudoviricetes
k141_981699	4841	No terminal repeats	NA	5	11	0.9093	NA	0	8.2103	Viruses;Duplodnaviria;Heunggongvirae;Uroviricota;Caudoviricetes
k141_560756	4655	No terminal repeats	NA	9	11	0.9089	NA	0	3.2933	Viruses;Duplodnaviria;Heunggongvirae;Uroviricota;Caudoviricetes
k141_47162	5152	No terminal repeats	NA	10	11	0.9087	NA	0	1.9770	Viruses;Varidnaviria;Bamfordvirae;Preplasmiviricota;Tectiliviricetes;Kalamavirales;Tectiviridae
k141_179601	10083	No terminal repeats	NA	14	11	0.9085	NA	3	12.1321	Viruses;Duplodnaviria;Heunggongvirae;Uroviricota;Caudoviricetes
k141_295012	6843	No terminal repeats	NA	11	11	0.9084	NA	0	1.4239	Unclassified
k141_125040	3915	No terminal repeats	NA	8	11	0.9071	NA	3	6.7755	Viruses;Duplodnaviria;Heunggongvirae;Uroviricota;Caudoviricetes
k141_916734	3750	No terminal repeats	NA	13	11	0.9068	NA	0	3.1448	Viruses;Duplodnaviria;Heunggongvirae;Uroviricota;Caudoviricetes
k141_1524183	3663	No terminal repeats	NA	5	11	0.9068	NA	0	7.7417	Viruses;Duplodnaviria;Heunggongvirae;Uroviricota;Caudoviricetes
k141_1227523	5888	No terminal repeats	NA	9	11	0.9064	NA	1	3.4366	Viruses;Duplodnaviria;Heunggongvirae;Uroviricota;Caudoviricetes
k141_202142	6486	No terminal repeats	NA	9	11	0.9061	NA	0	5.7569	Viruses;Duplodnaviria;Heunggongvirae;Uroviricota;Caudoviricetes
k141_346669	4492	No terminal repeats	NA	7	11	0.9060	NA	3	4.2826	Viruses;Duplodnaviria;Heunggongvirae;Uroviricota;Caudoviricetes
k141_639901	8567	No terminal repeats	NA	12	11	0.9059	NA	3	9.5262	Viruses;Duplodnaviria;Heunggongvirae;Uroviricota;Caudoviricetes
k141_312694	4558	No terminal repeats	NA	10	11	0.9057	NA	1	11.0616	Viruses;Duplodnaviria;Heunggongvirae;Uroviricota;Caudoviricetes
k141_191449	4414	No terminal repeats	NA	5	11	0.9047	NA	1	3.8967	Viruses;Duplodnaviria;Heunggongvirae;Uroviricota;Caudoviricetes
k141_286928	5262	No terminal repeats	NA	13	11	0.9043	NA	0	2.1940	Viruses;Duplodnaviria;Heunggongvirae;Uroviricota;Caudoviricetes
k141_187668_2	3563	No terminal repeats	NA	7	11	0.9042	NA	0	2.3171	Viruses;Duplodnaviria;Heunggongvirae;Uroviricota;Caudoviricetes
k141_301248	5037	No terminal repeats	NA	8	11	0.9040	NA	0	3.4366	Viruses;Duplodnaviria;Heunggongvirae;Uroviricota;Caudoviricetes
k141_97194	6650	No terminal repeats	NA	11	11	0.9040	NA	5	11.4069	Viruses;Duplodnaviria;Heunggongvirae;Uroviricota;Caudoviricetes
k141_348635	4493	No terminal repeats	NA	8	11	0.9037	NA	1	3.2331	Viruses;Duplodnaviria;Heunggongvirae;Uroviricota;Caudoviricetes
k141_834737	3783	No terminal repeats	NA	6	11	0.9037	NA	0	6.8731	Viruses;Duplodnaviria;Heunggongvirae;Uroviricota;Caudoviricetes
k141_19283	7227	No terminal repeats	NA	15	11	0.9036	NA	0	1.9770	Viruses;Varidnaviria;Bamfordvirae;Preplasmiviricota;Tectiliviricetes;Kalamavirales;Tectiviridae
k141_407072	6322	No terminal repeats	NA	6	11	0.9033	NA	0	1.7004	Unclassified
k141_321983	11147	No terminal repeats	NA	20	11	0.9033	NA	1	7.3384	Viruses;Varidnaviria;Bamfordvirae;Preplasmiviricota;Tectiliviricetes;Vinavirales;Corticoviridae
k141_395161	6179	No terminal repeats	NA	12	11	0.9031	NA	0	3.3093	Viruses;Duplodnaviria;Heunggongvirae;Uroviricota;Caudoviricetes
k141_1156563	8118	No terminal repeats	NA	8	11	0.9019	NA	0	3.4675	Viruses;Duplodnaviria;Heunggongvirae;Uroviricota;Caudoviricetes
k141_1143612	3911	No terminal repeats	NA	11	11	0.9018	NA	0	5.8877	Viruses;Duplodnaviria;Heunggongvirae;Uroviricota;Caudoviricetes
k141_30127	3572	No terminal repeats	NA	7	11	0.9016	NA	3	5.6098	Viruses;Duplodnaviria;Heunggongvirae;Uroviricota;Caudoviricetes
k141_285297	3613	No terminal repeats	NA	8	11	0.9015	NA	1	4.3362	Viruses;Duplodnaviria;Heunggongvirae;Uroviricota;Caudoviricetes
k141_983812	8195	No terminal repeats	NA	13	11	0.9007	NA	0	11.7596	Viruses;Duplodnaviria;Heunggongvirae;Uroviricota;Caudoviricetes
k141_202691	4528	No terminal repeats	NA	8	11	0.9007	NA	0	2.9860	Viruses;Duplodnaviria;Heunggongvirae;Uroviricota;Caudoviricetes
k141_283929	3732	No terminal repeats	NA	5	11	0.8995	NA	0	1.1918	Viruses;Duplodnaviria;Heunggongvirae;Uroviricota;Caudoviricetes
k141_167521_2	3975	No terminal repeats	NA	5	11	0.8993	NA	3	5.1420	Viruses;Duplodnaviria;Heunggongvirae;Uroviricota;Caudoviricetes
k141_1141608	4278	No terminal repeats	NA	8	11	0.8990	NA	0	3.1052	Unclassified
k141_220617	3648	No terminal repeats	NA	10	11	0.8988	NA	1	1.7759	Viruses;Duplodnaviria;Heunggongvirae;Uroviricota;Caudoviricetes
k141_101379	6838	No terminal repeats	NA	16	11	0.8985	NA	1	5.6754	Viruses;Varidnaviria;Bamfordvirae;Preplasmiviricota;Tectiliviricetes;Vinavirales;Corticoviridae
k141_1933043	4168	No terminal repeats	NA	5	11	0.8983	NA	1	1.7183	Viruses;Duplodnaviria;Heunggongvirae;Uroviricota;Caudoviricetes
k141_59781	4716	No terminal repeats	NA	7	11	0.8978	NA	1	2.2152	Viruses;Duplodnaviria;Heunggongvirae;Uroviricota;Caudoviricetes
k141_217325	39495	DTR	NA	56	11	0.8972	NA	3	19.0951	Viruses;Duplodnaviria;Heunggongvirae;Uroviricota;Caudoviricetes
k141_973830	4494	No terminal repeats	NA	7	11	0.8965	NA	0	4.9870	Viruses;Duplodnaviria;Heunggongvirae;Uroviricota;Caudoviricetes
k141_1547052	4563	No terminal repeats	NA	5	11	0.8963	NA	1	5.1548	Viruses;Duplodnaviria;Heunggongvirae;Uroviricota;Caudoviricetes
k141_266700	4433	No terminal repeats	NA	6	11	0.8960	NA	1	1.7183	Viruses;Duplodnaviria;Heunggongvirae;Uroviricota;Caudoviricetes
k141_945677	3636	No terminal repeats	NA	5	11	0.8954	NA	0	1.4400	Viruses;Duplodnaviria;Heunggongvirae;Uroviricota;Caudoviricetes
k141_347270	4198	No terminal repeats	NA	10	11	0.8954	NA	1	3.0168	Viruses;Varidnaviria;Bamfordvirae;Preplasmiviricota;Tectiliviricetes;Vinavirales;Corticoviridae
k141_118440	4386	No terminal repeats	NA	5	11	0.8950	NA	0	4.6829	Viruses;Duplodnaviria;Heunggongvirae;Uroviricota;Caudoviricetes;Ackermannviridae
k141_539591	4817	No terminal repeats	NA	6	11	0.8948	NA	2	4.3862	Viruses;Duplodnaviria;Heunggongvirae;Uroviricota;Caudoviricetes
k141_1118656	3951	No terminal repeats	NA	5	11	0.8938	NA	0	3.4366	Viruses;Duplodnaviria;Heunggongvirae;Uroviricota;Caudoviricetes
k141_548802	5549	No terminal repeats	NA	8	11	0.8933	NA	1	4.2541	Viruses;Duplodnaviria;Heunggongvirae;Uroviricota;Caudoviricetes
k141_86328	3506	No terminal repeats	NA	8	11	0.8931	NA	1	1.7759	Viruses;Duplodnaviria;Heunggongvirae;Uroviricota;Caudoviricetes
k141_1485228	4314	No terminal repeats	NA	8	11	0.8922	NA	0	3.1586	Viruses;Duplodnaviria;Heunggongvirae;Uroviricota;Caudoviricetes
k141_1605949	3619	No terminal repeats	NA	8	11	0.8916	NA	0	3.3298	Viruses;Duplodnaviria;Heunggongvirae;Uroviricota;Caudoviricetes
k141_411376	6345	No terminal repeats	NA	11	11	0.8916	NA	0	9.1635	Viruses;Duplodnaviria;Heunggongvirae;Uroviricota;Caudoviricetes
k141_345399	3761	No terminal repeats	NA	5	11	0.8916	NA	0	1.7183	Unclassified
k141_20719	9248	No terminal repeats	NA	13	11	0.8910	NA	2	4.8281	Viruses;Duplodnaviria;Heunggongvirae;Uroviricota;Caudoviricetes
k141_246110	4127	No terminal repeats	NA	8	11	0.8889	NA	1	1.6561	Viruses;Duplodnaviria;Heunggongvirae;Uroviricota;Caudoviricetes
k141_1663677	3748	No terminal repeats	NA	5	11	0.8885	NA	0	1.7032	Viruses;Duplodnaviria;Heunggongvirae;Uroviricota;Caudoviricetes
k141_81067	6319	No terminal repeats	NA	11	11	0.8885	NA	0	1.4239	Unclassified
k141_172214	7152	No terminal repeats	NA	11	11	0.8883	NA	4	8.3253	Viruses;Duplodnaviria;Heunggongvirae;Uroviricota;Caudoviricetes
k141_64197	4493	No terminal repeats	NA	7	11	0.8882	NA	1	3.2007	Viruses;Duplodnaviria;Heunggongvirae;Uroviricota;Caudoviricetes
k141_451427	5720	No terminal repeats	NA	5	11	0.8871	NA	1	1.5260	Viruses;Duplodnaviria;Heunggongvirae;Uroviricota;Caudoviricetes
k141_374356	5373	No terminal repeats	NA	6	11	0.8870	NA	2	5.3385	Viruses;Duplodnaviria;Heunggongvirae;Uroviricota;Caudoviricetes
k141_1083082	5285	No terminal repeats	NA	13	11	0.8864	NA	0	16.9548	Viruses;Duplodnaviria;Heunggongvirae;Uroviricota;Caudoviricetes
k141_1029454	7958	No terminal repeats	NA	8	11	0.8861	NA	1	2.8200	Viruses;Duplodnaviria;Heunggongvirae;Uroviricota;Caudoviricetes
k141_96964	7076	No terminal repeats	NA	13	11	0.8859	NA	1	7.7093	Viruses;Duplodnaviria;Heunggongvirae;Uroviricota;Caudoviricetes
k141_443577	2899	No terminal repeats	NA	5	11	0.8854	NA	2	4.5357	Viruses;Duplodnaviria;Heunggongvirae;Uroviricota;Caudoviricetes
k141_292050	4875	No terminal repeats	NA	9	11	0.8853	NA	0	1.4239	Unclassified
k141_673219	4627	No terminal repeats	NA	8	11	0.8853	NA	1	3.2770	Viruses;Duplodnaviria;Heunggongvirae;Uroviricota;Caudoviricetes
k141_1372224	4187	No terminal repeats	NA	11	11	0.8851	NA	0	4.6640	Viruses;Duplodnaviria;Heunggongvirae;Uroviricota;Caudoviricetes
k141_120794	5193	No terminal repeats	NA	8	11	0.8850	NA	1	1.2987	Viruses;Duplodnaviria;Heunggongvirae;Uroviricota;Caudoviricetes
k141_95691	4982	No terminal repeats	NA	7	11	0.8846	NA	1	5.1548	Viruses
k141_1704882	4143	No terminal repeats	NA	9	11	0.8843	NA	1	11.1628	Viruses;Duplodnaviria;Heunggongvirae;Uroviricota;Caudoviricetes
k141_45456	5583	No terminal repeats	NA	7	11	0.8840	NA	0	3.3567	Viruses;Duplodnaviria;Heunggongvirae;Uroviricota;Caudoviricetes
k141_150633	5480	No terminal repeats	NA	6	11	0.8829	NA	0	4.6829	Viruses;Duplodnaviria;Heunggongvirae;Uroviricota;Caudoviricetes;Ackermannviridae
k141_164394	3869	No terminal repeats	NA	7	11	0.8824	NA	1	2.3965	Viruses;Duplodnaviria;Heunggongvirae;Uroviricota;Caudoviricetes
k141_1961207	3848	No terminal repeats	NA	7	11	0.8823	NA	3	11.4601	Viruses;Duplodnaviria;Heunggongvirae;Uroviricota;Caudoviricetes
k141_366096	8608	No terminal repeats	NA	13	11	0.8821	NA	3	7.4433	Viruses;Duplodnaviria;Heunggongvirae;Uroviricota;Caudoviricetes
k141_171080	2028	No terminal repeats	NA	6	11	0.8818	NA	1	3.4366	Viruses;Duplodnaviria;Heunggongvirae;Uroviricota;Caudoviricetes
k141_1325174	4262	No terminal repeats	NA	6	11	0.8818	NA	0	8.4909	Viruses;Duplodnaviria;Heunggongvirae;Uroviricota;Caudoviricetes;Demerecviridae
k141_526759	4203	No terminal repeats	NA	7	11	0.8811	NA	0	1.7183	Viruses;Duplodnaviria;Heunggongvirae;Uroviricota;Caudoviricetes
k141_198391	6388	No terminal repeats	NA	8	11	0.8811	NA	2	5.9268	Viruses;Duplodnaviria;Heunggongvirae;Uroviricota;Caudoviricetes
k141_21682	3628	No terminal repeats	NA	7	11	0.8808	NA	0	1.4239	Unclassified
k141_50300	4997	No terminal repeats	NA	5	11	0.8801	NA	3	6.8731	Viruses;Duplodnaviria;Heunggongvirae;Uroviricota;Caudoviricetes
k141_2115	2673	No terminal repeats	NA	4	11	0.8798	NA	3	6.0449	Viruses;Duplodnaviria;Heunggongvirae;Uroviricota;Caudoviricetes
k141_472403	4775	No terminal repeats	NA	5	11	0.8793	NA	3	4.7154	Viruses;Duplodnaviria;Heunggongvirae;Uroviricota;Caudoviricetes
k141_413402	7019	No terminal repeats	NA	9	11	0.8793	NA	2	8.0777	Viruses;Duplodnaviria;Heunggongvirae;Uroviricota;Caudoviricetes
k141_1193139	5730	No terminal repeats	NA	8	11	0.8788	NA	0	8.5716	Unclassified
k141_734136	3816	No terminal repeats	NA	5	11	0.8786	NA	2	3.8055	Viruses;Duplodnaviria;Heunggongvirae;Uroviricota;Caudoviricetes
k141_1692143	4117	No terminal repeats	NA	5	11	0.8785	NA	0	1.6988	Viruses;Duplodnaviria;Heunggongvirae;Uroviricota;Caudoviricetes
k141_510031	5151	No terminal repeats	NA	13	11	0.8784	NA	0	11.0818	Viruses;Duplodnaviria;Heunggongvirae;Uroviricota;Caudoviricetes
k141_334789	6918	No terminal repeats	NA	8	11	0.8784	NA	2	7.2832	Viruses;Duplodnaviria;Heunggongvirae;Uroviricota;Caudoviricetes
k141_1975536	3671	No terminal repeats	NA	6	11	0.8783	NA	2	3.6591	Viruses;Duplodnaviria;Heunggongvirae;Uroviricota;Caudoviricetes
k141_298350	4538	No terminal repeats	NA	5	11	0.8779	NA	0	1.7183	Viruses;Duplodnaviria;Heunggongvirae;Uroviricota;Caudoviricetes
k141_260959	3974	No terminal repeats	NA	7	11	0.8776	NA	0	3.0911	Viruses;Duplodnaviria;Heunggongvirae;Uroviricota;Caudoviricetes
k141_295777	5364	No terminal repeats	NA	13	11	0.8766	NA	0	1.2599	Viruses;Duplodnaviria;Heunggongvirae;Uroviricota;Caudoviricetes
k141_103209	8418	DTR	NA	11	11	0.8758	NA	2	6.6923	Viruses;Monodnaviria;Loebvirae;Hofneiviricota;Faserviricetes;Tubulavirales;Inoviridae
k141_642589	5705	No terminal repeats	NA	5	11	0.8757	NA	2	5.1365	Viruses;Duplodnaviria;Heunggongvirae;Uroviricota;Caudoviricetes
k141_321313	5091	No terminal repeats	NA	10	11	0.8732	NA	0	4.1853	Viruses;Duplodnaviria;Heunggongvirae;Uroviricota;Caudoviricetes
k141_77609	3852	No terminal repeats	NA	8	11	0.8722	NA	0	1.7183	Viruses;Duplodnaviria;Heunggongvirae;Uroviricota;Caudoviricetes
k141_253187	3870	No terminal repeats	NA	6	11	0.8721	NA	1	3.4366	Viruses;Duplodnaviria;Heunggongvirae;Uroviricota;Caudoviricetes
k141_386276	9116	No terminal repeats	NA	15	11	0.8708	NA	1	6.8883	Viruses;Duplodnaviria;Heunggongvirae;Uroviricota;Caudoviricetes
k141_93524	4778	No terminal repeats	NA	6	11	0.8700	NA	0	1.7183	Viruses;Duplodnaviria;Heunggongvirae;Uroviricota;Caudoviricetes
k141_222825	6863	No terminal repeats	NA	13	11	0.8700	NA	2	7.0324	Viruses;Duplodnaviria;Heunggongvirae;Uroviricota;Caudoviricetes
k141_666788	4519	No terminal repeats	NA	8	11	0.8696	NA	0	4.3295	Viruses;Duplodnaviria;Heunggongvirae;Uroviricota;Caudoviricetes
k141_722100	8603	No terminal repeats	NA	14	11	0.8686	NA	0	2.7458	Viruses;Duplodnaviria;Heunggongvirae;Uroviricota;Caudoviricetes
k141_38845	3694	No terminal repeats	NA	6	11	0.8683	NA	0	3.4366	Viruses;Duplodnaviria;Heunggongvirae;Uroviricota;Caudoviricetes
k141_319311	38868	No terminal repeats	NA	55	11	0.8670	NA	3	18.4212	Viruses;Duplodnaviria;Heunggongvirae;Uroviricota;Caudoviricetes
k141_231515	5097	No terminal repeats	NA	10	11	0.8669	NA	0	4.2894	Viruses;Duplodnaviria;Heunggongvirae;Uroviricota;Caudoviricetes
k141_374350	8597	No terminal repeats	NA	15	11	0.8665	NA	0	2.9782	Viruses;Duplodnaviria;Heunggongvirae;Uroviricota;Caudoviricetes
k141_214479	5428	No terminal repeats	NA	7	11	0.8661	NA	0	3.1264	Viruses;Duplodnaviria;Heunggongvirae;Uroviricota;Caudoviricetes
k141_582526	4214	No terminal repeats	NA	5	11	0.8644	NA	0	1.7183	Viruses;Duplodnaviria;Heunggongvirae;Uroviricota;Caudoviricetes
k141_87779	4105	No terminal repeats	NA	9	11	0.8643	NA	0	1.4239	Unclassified
k141_1941	3526	No terminal repeats	NA	9	11	0.8641	NA	0	0.6931	Viruses;Duplodnaviria;Heunggongvirae;Uroviricota;Caudoviricetes
k141_1519412	3558	No terminal repeats	NA	6	11	0.8633	NA	0	2.9271	Viruses;Duplodnaviria;Heunggongvirae;Uroviricota;Caudoviricetes
k141_20967	3949	No terminal repeats	NA	7	11	0.8632	NA	0	0.0000	Unclassified
k141_293704	3977	No terminal repeats	NA	5	11	0.8611	NA	1	2.8539	Viruses;Duplodnaviria;Heunggongvirae;Uroviricota;Caudoviricetes
k141_210242	4600	No terminal repeats	NA	5	11	0.8607	NA	1	3.0456	Viruses;Duplodnaviria;Heunggongvirae;Uroviricota;Caudoviricetes
k141_1770933	6359	No terminal repeats	NA	11	11	0.8607	NA	0	7.9632	Viruses;Duplodnaviria;Heunggongvirae;Uroviricota;Caudoviricetes
k141_18673	7026	No terminal repeats	NA	11	11	0.8599	NA	0	3.6521	Viruses;Duplodnaviria;Heunggongvirae;Uroviricota;Caudoviricetes
k141_37961	4184	No terminal repeats	NA	7	11	0.8586	NA	1	3.7967	Viruses;Duplodnaviria;Heunggongvirae;Uroviricota;Caudoviricetes
k141_258356	4638	No terminal repeats	NA	6	4	0.8582	NA	0	1.7183	Viruses;Duplodnaviria;Heunggongvirae;Uroviricota;Caudoviricetes
k141_126122	5494	No terminal repeats	NA	7	11	0.8577	NA	1	7.5561	Viruses;Duplodnaviria;Heunggongvirae;Uroviricota;Caudoviricetes;Demerecviridae
k141_375924	8101	No terminal repeats	NA	16	11	0.8576	NA	1	3.4366	Viruses;Duplodnaviria;Heunggongvirae;Uroviricota;Caudoviricetes
k141_53119	5443	No terminal repeats	NA	11	11	0.8543	NA	0	8.3752	Viruses;Duplodnaviria;Heunggongvirae;Uroviricota;Caudoviricetes
k141_17052	9476	No terminal repeats	NA	14	11	0.8539	NA	4	10.8826	Viruses;Duplodnaviria;Heunggongvirae;Uroviricota;Caudoviricetes
k141_283342	9620	No terminal repeats	NA	5	11	0.8536	NA	0	2.1169	Viruses;Duplodnaviria;Heunggongvirae;Uroviricota;Caudoviricetes
k141_77346	5432	No terminal repeats	NA	8	11	0.8516	NA	3	6.8663	Viruses;Duplodnaviria;Heunggongvirae;Uroviricota;Caudoviricetes
k141_1333707	3876	No terminal repeats	NA	10	11	0.8509	NA	0	3.1739	Viruses;Duplodnaviria;Heunggongvirae;Uroviricota;Caudoviricetes
k141_510989	3575	No terminal repeats	NA	8	11	0.8507	NA	0	4.5484	Viruses;Duplodnaviria;Heunggongvirae;Uroviricota;Caudoviricetes
k141_332199	3262	No terminal repeats	NA	5	11	0.8499	NA	1	2.9426	Viruses;Duplodnaviria;Heunggongvirae;Uroviricota;Caudoviricetes
k141_445944	4346	No terminal repeats	NA	5	11	0.8496	NA	0	1.7183	Viruses;Duplodnaviria;Heunggongvirae;Uroviricota;Caudoviricetes
k141_724646	4180	No terminal repeats	NA	10	11	0.8493	NA	1	2.8118	Viruses;Duplodnaviria;Heunggongvirae;Uroviricota;Caudoviricetes
k141_788595	9359	No terminal repeats	NA	13	11	0.8492	NA	1	3.7691	Viruses;Duplodnaviria;Heunggongvirae;Uroviricota;Caudoviricetes
k141_1054714	3626	No terminal repeats	NA	10	11	0.8477	NA	0	1.7183	Viruses;Duplodnaviria;Heunggongvirae;Uroviricota;Caudoviricetes
k141_1085001	3551	No terminal repeats	NA	7	11	0.8477	NA	0	3.4366	Viruses;Duplodnaviria;Heunggongvirae;Uroviricota;Caudoviricetes
k141_1716333	3800	No terminal repeats	NA	8	11	0.8444	NA	0	1.7579	Viruses;Duplodnaviria;Heunggongvirae;Uroviricota;Caudoviricetes
k141_348611	9712	No terminal repeats	NA	14	11	0.8433	NA	0	2.7458	Viruses;Duplodnaviria;Heunggongvirae;Uroviricota;Caudoviricetes
k141_178570	3971	No terminal repeats	NA	5	11	0.8414	NA	1	1.2618	Viruses;Duplodnaviria;Heunggongvirae;Uroviricota;Caudoviricetes
k141_1362277	5275	No terminal repeats	NA	8	11	0.8407	NA	0	2.5011	Unclassified
k141_327304	4451	No terminal repeats	NA	7	11	0.8398	NA	0	1.4239	Unclassified
k141_37583	4818	No terminal repeats	NA	9	11	0.8393	NA	0	1.4239	Unclassified
k141_582493	7156	No terminal repeats	NA	11	11	0.8382	NA	0	1.7183	Unclassified
k141_1812571	6692	No terminal repeats	NA	16	11	0.8380	NA	0	0.5177	Viruses;Duplodnaviria;Heunggongvirae;Uroviricota;Caudoviricetes
k141_419728	6098	No terminal repeats	NA	9	11	0.8378	NA	2	2.8900	Viruses;Duplodnaviria;Heunggongvirae;Uroviricota;Caudoviricetes
k141_122513	4383	No terminal repeats	NA	5	11	0.8369	NA	0	1.7170	Viruses;Duplodnaviria;Heunggongvirae;Uroviricota;Caudoviricetes;Autographiviridae
k141_728930	4902	No terminal repeats	NA	6	11	0.8369	NA	0	4.2020	Viruses;Duplodnaviria;Heunggongvirae;Uroviricota;Caudoviricetes
k141_81042	3593	No terminal repeats	NA	5	11	0.8361	NA	1	4.1228	Viruses;Duplodnaviria;Heunggongvirae;Uroviricota;Caudoviricetes
k141_301661	4047	No terminal repeats	NA	6	11	0.8359	NA	4	5.8134	Viruses;Duplodnaviria;Heunggongvirae;Uroviricota;Caudoviricetes
k141_1183746	4934	No terminal repeats	NA	12	11	0.8355	NA	0	1.4836	Unclassified
k141_630206	5462	No terminal repeats	NA	11	11	0.8338	NA	0	3.4060	Viruses;Duplodnaviria;Heunggongvirae;Uroviricota;Caudoviricetes
k141_360772	4501	No terminal repeats	NA	8	11	0.8336	NA	6	10.4009	Viruses;Duplodnaviria;Heunggongvirae;Uroviricota;Caudoviricetes
k141_102419	6840	No terminal repeats	NA	10	11	0.8332	NA	4	15.3237	Viruses;Duplodnaviria;Heunggongvirae;Uroviricota;Caudoviricetes
k141_202088	3648	No terminal repeats	NA	6	11	0.8330	NA	1	3.9902	Viruses;Duplodnaviria;Heunggongvirae;Uroviricota;Caudoviricetes
k141_981147	3624	No terminal repeats	NA	5	11	0.8327	NA	0	1.3618	Viruses;Duplodnaviria;Heunggongvirae;Uroviricota;Caudoviricetes
k141_318656	7091	No terminal repeats	NA	11	11	0.8295	NA	0	4.1342	Viruses;Duplodnaviria;Heunggongvirae;Uroviricota;Caudoviricetes
k141_63007	5265	No terminal repeats	NA	9	4	0.8288	NA	0	3.9701	Viruses;Duplodnaviria;Heunggongvirae;Uroviricota;Caudoviricetes
k141_203689	6202	No terminal repeats	NA	5	11	0.8288	NA	0	1.7183	Viruses;Duplodnaviria;Heunggongvirae;Uroviricota;Caudoviricetes
k141_1550602	6769	No terminal repeats	NA	8	11	0.8286	NA	1	12.0280	Viruses;Duplodnaviria;Heunggongvirae;Uroviricota;Caudoviricetes
k141_52766	5313	No terminal repeats	NA	7	11	0.8268	NA	1	4.8861	Viruses;Duplodnaviria;Heunggongvirae;Uroviricota;Caudoviricetes
k141_467165	5788	No terminal repeats	NA	6	11	0.8267	NA	1	6.5471	Viruses;Duplodnaviria;Heunggongvirae;Uroviricota;Caudoviricetes;Herelleviridae
k141_489286	8749	No terminal repeats	NA	12	11	0.8262	NA	0	5.4761	Viruses;Duplodnaviria;Heunggongvirae;Uroviricota;Caudoviricetes
k141_220894	4590	No terminal repeats	NA	11	11	0.8254	NA	0	3.2126	Viruses;Duplodnaviria;Heunggongvirae;Uroviricota;Caudoviricetes
k141_244069	4627	No terminal repeats	NA	7	11	0.8238	NA	0	1.4239	Unclassified
k141_483545	5412	No terminal repeats	NA	7	11	0.8216	NA	2	3.4366	Viruses;Duplodnaviria;Heunggongvirae;Uroviricota;Caudoviricetes
k141_44093	6109	No terminal repeats	NA	7	11	0.8213	NA	0	1.7004	Unclassified
k141_234942	4549	No terminal repeats	NA	4	11	0.8211	NA	1	2.7341	Viruses;Duplodnaviria;Heunggongvirae;Uroviricota;Caudoviricetes
k141_491554	3509	No terminal repeats	NA	9	11	0.8208	NA	0	1.6136	Viruses;Duplodnaviria;Heunggongvirae;Uroviricota;Caudoviricetes
k141_81947	7041	No terminal repeats	NA	8	11	0.8198	NA	0	4.6946	Viruses;Duplodnaviria;Heunggongvirae;Uroviricota;Caudoviricetes;Straboviridae
k141_1632264	4891	No terminal repeats	NA	13	11	0.8154	NA	0	1.1533	Viruses;Duplodnaviria;Heunggongvirae;Uroviricota;Caudoviricetes
k141_530269	5114	No terminal repeats	NA	5	11	0.8145	NA	0	1.7183	Viruses;Duplodnaviria;Heunggongvirae;Uroviricota;Caudoviricetes
k141_37514	8490	No terminal repeats	NA	20	4	0.8142	NA	1	6.3941	Viruses;Duplodnaviria;Heunggongvirae;Uroviricota;Caudoviricetes
k141_287455	3523	No terminal repeats	NA	7	11	0.8133	NA	1	4.4188	Viruses;Duplodnaviria;Heunggongvirae;Uroviricota;Caudoviricetes
k141_400513	3870	No terminal repeats	NA	7	11	0.8128	NA	0	1.7183	Viruses;Duplodnaviria;Heunggongvirae;Uroviricota;Caudoviricetes
k141_619975	5840	No terminal repeats	NA	6	11	0.8115	NA	0	2.8319	Viruses;Duplodnaviria;Heunggongvirae;Uroviricota;Caudoviricetes
k141_127639	4177	No terminal repeats	NA	7	11	0.8111	NA	2	1.6833	Viruses;Duplodnaviria;Heunggongvirae;Uroviricota;Caudoviricetes
k141_637018	5369	No terminal repeats	NA	8	11	0.8104	NA	0	3.1421	Viruses;Duplodnaviria;Heunggongvirae;Uroviricota;Caudoviricetes
k141_218279	9707	No terminal repeats	NA	12	11	0.8103	NA	2	6.8932	Viruses;Duplodnaviria;Heunggongvirae;Uroviricota;Caudoviricetes
k141_573836	8129	No terminal repeats	NA	14	11	0.8096	NA	2	3.2027	Viruses;Duplodnaviria;Heunggongvirae;Uroviricota;Caudoviricetes
k141_175915	4090	No terminal repeats	NA	5	11	0.8051	NA	3	4.4403	Viruses;Duplodnaviria;Heunggongvirae;Uroviricota;Caudoviricetes
k141_291688	7694	No terminal repeats	NA	8	11	0.8051	NA	2	7.2289	Viruses;Duplodnaviria;Heunggongvirae;Uroviricota;Caudoviricetes
k141_1473828	4803	No terminal repeats	NA	5	11	0.8049	NA	1	5.0825	Viruses;Duplodnaviria;Heunggongvirae;Uroviricota;Caudoviricetes;Schitoviridae
k141_111374	5724	No terminal repeats	NA	7	4	0.8031	NA	0	1.7183	Viruses;Duplodnaviria;Heunggongvirae;Uroviricota;Caudoviricetes
k141_361852	3799	No terminal repeats	NA	5	11	0.8029	NA	0	1.9257	Viruses;Duplodnaviria;Heunggongvirae;Uroviricota;Caudoviricetes
k141_52462	3848	No terminal repeats	NA	8	11	0.8021	NA	0	0.0000	Unclassified
k141_434175	5306	No terminal repeats	NA	10	11	0.8014	NA	1	7.3185	Viruses;Varidnaviria;Bamfordvirae;Nucleocytoviricota;Megaviricetes;Algavirales;Phycodnaviridae
k141_134271	8884	No terminal repeats	NA	20	11	0.7981	NA	0	1.7361	Viruses;Varidnaviria;Bamfordvirae;Preplasmiviricota;Tectiliviricetes;Kalamavirales;Tectiviridae
k141_122747	6119	No terminal repeats	NA	11	11	0.7980	NA	0	2.8886	Viruses;Duplodnaviria;Heunggongvirae;Uroviricota;Caudoviricetes
k141_22203	5139	No terminal repeats	NA	9	4	0.7977	NA	0	1.7183	Viruses;Duplodnaviria;Heunggongvirae;Uroviricota;Caudoviricetes
k141_872693	6870	No terminal repeats	NA	12	11	0.7949	NA	0	1.4239	Unclassified
k141_626381	3911	No terminal repeats	NA	9	11	0.7947	NA	0	1.4097	Viruses;Monodnaviria;Sangervirae;Phixviricota;Malgrandaviricetes;Petitvirales;Microviridae
k141_56229	5005	No terminal repeats	NA	12	11	0.7945	NA	0	1.7183	Viruses;Varidnaviria;Bamfordvirae;Preplasmiviricota;Tectiliviricetes;Autolykiviridae
k141_223976	6285	No terminal repeats	NA	15	11	0.7941	NA	1	1.1836	Viruses;Duplodnaviria;Heunggongvirae;Uroviricota;Caudoviricetes
k141_265607	5399	No terminal repeats	NA	7	11	0.7925	NA	0	0.0000	Unclassified
k141_305100_2	5209	No terminal repeats	NA	8	11	0.7921	NA	0	2.9974	Viruses;Duplodnaviria;Heunggongvirae;Uroviricota;Caudoviricetes
k141_345361	4418	No terminal repeats	NA	8	11	0.7897	NA	0	0.0000	Unclassified
k141_598836	3828	No terminal repeats	NA	7	11	0.7890	NA	0	4.1406	Viruses;Duplodnaviria;Heunggongvirae;Uroviricota;Caudoviricetes
k141_1352794	3723	No terminal repeats	NA	8	11	0.7883	NA	0	3.1932	Viruses;Duplodnaviria;Heunggongvirae;Uroviricota;Caudoviricetes
k141_171967	5530	No terminal repeats	NA	6	11	0.7877	NA	2	3.4354	Viruses;Duplodnaviria;Heunggongvirae;Uroviricota;Caudoviricetes;Straboviridae
k141_634545	9603	No terminal repeats	NA	14	11	0.7862	NA	1	4.1459	Viruses;Duplodnaviria;Heunggongvirae;Uroviricota;Caudoviricetes
k141_151683	3748	No terminal repeats	NA	7	11	0.7856	NA	0	1.4239	Unclassified
k141_524929	4242	No terminal repeats	NA	9	11	0.7848	NA	0	1.2730	Viruses;Duplodnaviria;Heunggongvirae;Uroviricota;Caudoviricetes
k141_218569	9406	No terminal repeats	NA	17	11	0.7847	NA	0	3.5764	Viruses;Duplodnaviria;Heunggongvirae;Uroviricota;Caudoviricetes
k141_224511	4964	No terminal repeats	NA	5	11	0.7845	NA	0	0.0000	Unclassified
k141_333781	3950	No terminal repeats	NA	7	11	0.7841	NA	0	4.6030	Viruses;Duplodnaviria;Heunggongvirae;Uroviricota;Caudoviricetes
k141_241967	4229	No terminal repeats	NA	5	11	0.7839	NA	1	1.7183	Viruses;Duplodnaviria;Heunggongvirae;Uroviricota;Caudoviricetes
k141_816968	3703	No terminal repeats	NA	6	11	0.7820	NA	0	2.6470	Viruses;Duplodnaviria;Heunggongvirae;Uroviricota;Caudoviricetes
k141_98590	3525	No terminal repeats	NA	6	11	0.7809	NA	0	1.4239	Unclassified
k141_181956	3510	No terminal repeats	NA	5	11	0.7805	NA	2	3.8055	Viruses;Duplodnaviria;Heunggongvirae;Uroviricota;Caudoviricetes
k141_4739	6369	No terminal repeats	NA	12	11	0.7798	NA	2	4.5989	Viruses;Duplodnaviria;Heunggongvirae;Uroviricota;Caudoviricetes
k141_1560242	7274	No terminal repeats	NA	14	11	0.7798	NA	0	6.1839	Viruses;Duplodnaviria;Heunggongvirae;Uroviricota;Caudoviricetes
k141_300335	2854	No terminal repeats	NA	5	11	0.7773	NA	2	3.2298	Viruses;Duplodnaviria;Heunggongvirae;Uroviricota;Caudoviricetes
k141_741092	5657	No terminal repeats	NA	8	11	0.7761	NA	1	3.4256	Viruses;Duplodnaviria;Heunggongvirae;Uroviricota;Caudoviricetes
k141_105063	4071	No terminal repeats	NA	6	11	0.7751	NA	4	2.3376	Viruses;Duplodnaviria;Heunggongvirae;Uroviricota;Caudoviricetes
k141_301550	5256	No terminal repeats	NA	5	11	0.7736	NA	1	3.4366	Viruses;Monodnaviria;Loebvirae;Hofneiviricota;Faserviricetes;Tubulavirales;Inoviridae
k141_394111	3987	No terminal repeats	NA	5	11	0.7712	NA	1	2.8539	Viruses;Duplodnaviria;Heunggongvirae;Uroviricota;Caudoviricetes
k141_345990	5274	No terminal repeats	NA	7	11	0.7691	NA	1	1.3453	Viruses;Duplodnaviria;Heunggongvirae;Uroviricota;Caudoviricetes;Straboviridae
k141_31495	5076	No terminal repeats	NA	9	11	0.7689	NA	0	2.5343	Viruses;Duplodnaviria;Heunggongvirae;Uroviricota;Caudoviricetes
k141_305846	3661	No terminal repeats	NA	5	11	0.7680	NA	0	1.4239	Unclassified
k141_226144	7943	No terminal repeats	NA	5	11	0.7649	NA	0	0.0000	Unclassified
k141_134544	5137	No terminal repeats	NA	8	11	0.7641	NA	1	4.8657	Viruses;Duplodnaviria;Heunggongvirae;Uroviricota;Caudoviricetes
k141_291154	5946	No terminal repeats	NA	9	11	0.7637	NA	0	0.0000	Unclassified
k141_466485	3871	No terminal repeats	NA	10	11	0.7634	NA	1	2.8118	Viruses;Duplodnaviria;Heunggongvirae;Uroviricota;Caudoviricetes
k141_151798	4554	No terminal repeats	NA	8	11	0.7624	NA	0	0.0000	Unclassified
k141_117963	3504	No terminal repeats	NA	6	11	0.7622	NA	1	2.9833	Viruses;Duplodnaviria;Heunggongvirae;Uroviricota;Caudoviricetes
k141_119896	6526	No terminal repeats	NA	9	11	0.7606	NA	0	3.5625	Viruses;Duplodnaviria;Heunggongvirae;Uroviricota;Caudoviricetes
k141_955598	4437	No terminal repeats	NA	8	11	0.7576	NA	0	2.8387	Viruses;Duplodnaviria;Heunggongvirae;Uroviricota;Caudoviricetes
k141_1702057	3627	No terminal repeats	NA	8	11	0.7575	NA	0	0.0000	Unclassified
k141_159596	6692	No terminal repeats	NA	9	11	0.7571	NA	0	2.9748	Viruses;Duplodnaviria;Heunggongvirae;Uroviricota;Caudoviricetes
k141_265734	4244	No terminal repeats	NA	6	11	0.7519	NA	1	2.9134	Viruses;Duplodnaviria;Heunggongvirae;Uroviricota;Caudoviricetes
k141_355971	5099	No terminal repeats	NA	10	11	0.7514	NA	3	14.2825	Viruses;Duplodnaviria;Heunggongvirae;Uroviricota;Caudoviricetes
k141_191247	4294	No terminal repeats	NA	6	11	0.7512	NA	0	1.4239	Unclassified
k141_219129	5415	No terminal repeats	NA	5	11	0.7509	NA	0	0.0000	Unclassified
k141_494862	4326	No terminal repeats	NA	11	11	0.7491	NA	0	2.1852	Viruses;Duplodnaviria;Heunggongvirae;Uroviricota;Caudoviricetes
k141_70165	4582	No terminal repeats	NA	9	4	0.7459	NA	0	1.7155	Viruses;Duplodnaviria;Heunggongvirae;Uroviricota;Caudoviricetes
k141_225178	5608	No terminal repeats	NA	5	11	0.7443	NA	2	8.3441	Viruses;Duplodnaviria;Heunggongvirae;Uroviricota;Caudoviricetes
k141_498657	3591	No terminal repeats	NA	5	11	0.7397	NA	0	0.0000	Unclassified
k141_738014	4313	No terminal repeats	NA	10	11	0.7328	NA	1	2.8118	Viruses;Duplodnaviria;Heunggongvirae;Uroviricota;Caudoviricetes
k141_669114	4256	No terminal repeats	NA	7	11	0.7323	NA	0	1.4239	Unclassified
k141_364503	4048	No terminal repeats	NA	5	11	0.7260	NA	0	0.0000	Unclassified
k141_280292	9708	No terminal repeats	NA	8	11	0.7258	NA	0	1.4482	Viruses;Duplodnaviria;Heunggongvirae;Uroviricota;Caudoviricetes
k141_320910	4435	No terminal repeats	NA	10	11	0.7248	NA	0	1.7652	Viruses;Duplodnaviria;Heunggongvirae;Uroviricota;Caudoviricetes
k141_637488	5778	No terminal repeats	NA	6	11	0.7247	NA	0	1.2990	Viruses;Duplodnaviria;Heunggongvirae;Uroviricota;Caudoviricetes
k141_230443	6916	No terminal repeats	NA	5	11	0.7245	NA	0	0.0000	Unclassified
k141_37473	4352	No terminal repeats	NA	12	11	0.7232	NA	0	3.6401	Viruses;Duplodnaviria;Heunggongvirae;Uroviricota;Caudoviricetes
k141_443806	3812	No terminal repeats	NA	7	11	0.7229	NA	0	0.0000	Unclassified
k141_123116	7987	No terminal repeats	NA	5	11	0.7221	NA	0	0.0000	Unclassified
k141_441779	8932	No terminal repeats	NA	5	11	0.7216	NA	0	0.0000	Unclassified
k141_515675	8404	No terminal repeats	NA	5	11	0.7143	NA	0	0.0000	Unclassified
k141_185539	9518	No terminal repeats	NA	16	11	0.7131	NA	2	9.1701	Viruses;Duplodnaviria;Heunggongvirae;Uroviricota;Caudoviricetes
k141_1304695	5041	No terminal repeats	NA	9	11	0.7129	NA	1	1.1157	Viruses;Duplodnaviria;Heunggongvirae;Uroviricota;Caudoviricetes
k141_140105	4488	No terminal repeats	NA	7	11	0.7106	NA	1	4.0588	Viruses;Duplodnaviria;Heunggongvirae;Uroviricota;Caudoviricetes
k141_106574	5558	No terminal repeats	NA	7	11	0.7088	NA	3	6.3220	Viruses;Duplodnaviria;Heunggongvirae;Uroviricota;Caudoviricetes
k141_15112	4260	No terminal repeats	NA	6	11	0.7069	NA	0	1.4239	Unclassified
k141_283409	7083	No terminal repeats	NA	9	11	0.7050	NA	0	0.8168	Viruses;Duplodnaviria;Heunggongvirae;Uroviricota;Caudoviricetes
k141_72378	5317	No terminal repeats	NA	8	11	0.7016	NA	0	1.4239	Unclassified
