Virus,Host genome,Host taxonomy,Main method,Confidence score,Additional methods
k141_100231,GB_GCA_021129775.1,d__Bacteria;p__Bacillota_A;c__Clostridia;o__Peptostreptococcales;f__Natronincolaceae;g__GCA-2733545;s__GCA-2733545 sp021129775,blast,94.10,iPHoP-RF;67.70
k141_100724,RS_GCF_000260115.1,d__Bacteria;p__Bacteroidota;c__Bacteroidia;o__Flavobacteriales;f__Flavobacteriaceae;g__Joostella;s__Joostella marina,blast,93.20,iPHoP-RF;62.20
k141_101647|provirus_6341_13323,RS_GCF_003584565.2,d__Bacteria;p__Pseudomonadota;c__Gammaproteobacteria;o__Enterobacterales_A;f__Alteromonadaceae;g__Alteromonas;s__Alteromonas sp002729795,blast,93.90,iPHoP-RF;60.60
k141_102334,RS_GCF_004348975.1,d__Bacteria;p__Pseudomonadota;c__Alphaproteobacteria;o__Rhodobacterales;f__Rhodobacteraceae;g__Antarcticimicrobium;s__Antarcticimicrobium sediminis,blast,92.40,iPHoP-RF;55.20
k141_102334,RS_GCF_000473105.1,d__Bacteria;p__Pseudomonadota;c__Alphaproteobacteria;o__Rhodobacterales;f__Rhodobacteraceae;g__Phaeobacter;s__Phaeobacter inhibens,blast,92.30,iPHoP-RF;65.30
k141_102334,RS_GCF_018219815.1,d__Bacteria;p__Pseudomonadota;c__Alphaproteobacteria;o__Rhodobacterales;f__Rhodobacteraceae;g__Thalassobius;s__Thalassobius aquimarinus,blast,91.70,iPHoP-RF;58.20
k141_102419,3300023053_7,d__Bacteria;p__Pseudomonadota;c__Alphaproteobacteria;o__Rhizobiales;f__Rhizobiaceae;g__Ochrobactrum_A;s__,iPHoP-RF,92.80,None
k141_102419,RS_GCF_003049685.1,d__Bacteria;p__Pseudomonadota;c__Alphaproteobacteria;o__Rhizobiales;f__Rhizobiaceae;g__Ochrobactrum_A;s__Ochrobactrum_A pituitosa,iPHoP-RF,92.80,None
k141_102419,GB_GCA_014075275.1,d__Bacteria;p__Pseudomonadota;c__Alphaproteobacteria;o__Rhodobacterales;f__Rhodobacteraceae;g__Boseongicola;s__Boseongicola sp014075275,blast,92.30,None
k141_102419,3300006889_1,d__Bacteria;p__Pseudomonadota;c__Gammaproteobacteria;o__UBA4486;f__UBA4486;g__;s__,blast,91.30,iPHoP-RF;54.90
k141_1026453,GB_GCA_905478565.1,d__Bacteria;p__Pseudomonadota;c__Alphaproteobacteria;o__Pelagibacterales;f__Pelagibacteraceae;g__Pelagibacter;s__Pelagibacter sp905478565,blast,93.50,iPHoP-RF;69.10
k141_1026453,GB_GCA_002169685.1,d__Bacteria;p__Pseudomonadota;c__Alphaproteobacteria;o__TMED127;f__TMED127;g__TMED211;s__TMED211 sp002169685,blast,91.00,iPHoP-RF;88.90
k141_1029902,GB_GCA_002699485.1,d__Bacteria;p__Chloroflexota;c__Dehalococcoidia;o__SAR202;f__UBA2962;g__UBA2962;s__UBA2962 sp002699485,blast,91.50,iPHoP-RF;55.70
k141_105063,RS_GCF_014764705.1,d__Bacteria;p__Pseudomonadota;c__Gammaproteobacteria;o__Pseudomonadales;f__Pseudomonadaceae;g__Stutzerimonas;s__Stutzerimonas sp002692525,blast,91.70,None
k141_1059784,RS_GCF_001038485.1,d__Bacteria;p__Bacillota;c__Bacilli;o__Bacillales_D;f__Amphibacillaceae;g__Paucisalibacillus;s__Paucisalibacillus californiensis,iPHoP-RF,93.40,None
k141_1068019,GB_GCA_002686195.1,d__Archaea;p__Nanoarchaeota;c__Nanoarchaeia;o__Pacearchaeales;f__GW2011-AR1;g__ARS23;s__ARS23 sp002686195,blast,92.80,iPHoP-RF;76.10
k141_1070240,GB_GCA_002719335.1,d__Bacteria;p__Actinomycetota;c__Acidimicrobiia;o__Acidimicrobiales;f__TK06;g__UBA2110;s__UBA2110 sp002719335,blast,93.70,iPHoP-RF;63.50
k141_1070331,GB_GCA_002706985.1,d__Bacteria;p__Pseudomonadota;c__Alphaproteobacteria;o__Sneathiellales;f__Sneathiellaceae;g__Sneathiella;s__Sneathiella sp002706985,blast,92.20,iPHoP-RF;67.70
k141_10729,RS_GCF_008806375.1,d__Bacteria;p__Bacteroidota;c__Bacteroidia;o__Flavobacteriales;f__Flavobacteriaceae;g__Tamlana_A;s__Tamlana_A haliotis,iPHoP-RF,95.10,None
k141_10729,GB_GCA_013001275.1,d__Bacteria;p__Bacteroidota;c__Bacteroidia;o__Flavobacteriales;f__Flavobacteriaceae;g__JABDMV01;s__JABDMV01 sp013001275,iPHoP-RF,94.40,None
k141_10729,RS_GCF_018860245.1,d__Bacteria;p__Bacteroidota;c__Bacteroidia;o__Flavobacteriales;f__Flavobacteriaceae;g__Tamlana_A;s__Tamlana_A agarivorans_A,iPHoP-RF,94.40,None
k141_10729,RS_GCF_002886045.1,d__Bacteria;p__Bacteroidota;c__Bacteroidia;o__Flavobacteriales;f__Flavobacteriaceae;g__Flavivirga;s__Flavivirga eckloniae,iPHoP-RF,94.10,None
k141_10729,GB_GCA_905480415.1,d__Bacteria;p__Bacteroidota;c__Bacteroidia;o__Flavobacteriales;f__Flavobacteriaceae;g__Algibacter_B;s__Algibacter_B sp905480415,iPHoP-RF,93.70,None
k141_10729,RS_GCF_000789235.1,d__Bacteria;p__Bacteroidota;c__Bacteroidia;o__Flavobacteriales;f__Flavobacteriaceae;g__Wocania;s__Wocania ichthyoenteri,iPHoP-RF,93.70,None
k141_10729,RS_GCF_009796805.1,d__Bacteria;p__Bacteroidota;c__Bacteroidia;o__Flavobacteriales;f__Flavobacteriaceae;g__Algibacter;s__Algibacter sp009796805,iPHoP-RF,93.70,None
k141_10729,RS_GCF_003258355.1,d__Bacteria;p__Bacteroidota;c__Bacteroidia;o__Flavobacteriales;f__Flavobacteriaceae;g__Confluentibacter;s__Confluentibacter sediminis,iPHoP-RF,93.10,None
k141_10729,RS_GCF_004791695.1,d__Bacteria;p__Bacteroidota;c__Bacteroidia;o__Flavobacteriales;f__Flavobacteriaceae;g__Flavivirga;s__Flavivirga rizhaonensis,iPHoP-RF,93.10,None
k141_10729,RS_GCF_012910715.1,d__Bacteria;p__Bacteroidota;c__Bacteroidia;o__Flavobacteriales;f__Flavobacteriaceae;g__Flavivirga;s__Flavivirga algicola,iPHoP-RF,93.10,None
k141_10729,RS_GCF_023273855.1,d__Bacteria;p__Bacteroidota;c__Bacteroidia;o__Flavobacteriales;f__Flavobacteriaceae;g__Seonamhaeicola;s__Seonamhaeicola sp023273855,iPHoP-RF,92.40,None
k141_10729,GB_GCA_002428965.1,d__Bacteria;p__Bacteroidota;c__Bacteroidia;o__Flavobacteriales;f__Flavobacteriaceae;g__Jejuia;s__Jejuia sp002428965,iPHoP-RF,91.40,None
k141_10729,RS_GCF_011762485.1,d__Bacteria;p__Bacteroidota;c__Bacteroidia;o__Flavobacteriales;f__Flavobacteriaceae;g__Yeosuana;s__Yeosuana marina,iPHoP-RF,91.40,None
k141_10729,RS_GCF_900141715.1,d__Bacteria;p__Bacteroidota;c__Bacteroidia;o__Flavobacteriales;f__Flavobacteriaceae;g__Arenitalea;s__Arenitalea lutea,iPHoP-RF,91.40,None
k141_10729,RS_GCF_004310335.1,d__Bacteria;p__Bacteroidota;c__Bacteroidia;o__Flavobacteriales;f__Flavobacteriaceae;g__Jejuia;s__Jejuia pacifica,iPHoP-RF,90.80,None
k141_10729,RS_GCF_004804355.1,d__Bacteria;p__Bacteroidota;c__Bacteroidia;o__Flavobacteriales;f__Flavobacteriaceae;g__Tamlana_C;s__Tamlana_C onchidii,iPHoP-RF,90.80,None
k141_10729,RS_GCF_016827605.1,d__Bacteria;p__Bacteroidota;c__Bacteroidia;o__Flavobacteriales;f__Flavobacteriaceae;g__Jejuia;s__Jejuia ulvae,iPHoP-RF,90.10,None
k141_1074722,GB_GCA_002696735.1,d__Bacteria;p__Pseudomonadota;c__Gammaproteobacteria;o__Nitrosococcales;f__Methylophagaceae;g__Methylophaga;s__Methylophaga sp002696735,blast,92.70,None
k141_1078401,GB_GCA_913042175.1,d__Bacteria;p__Bacteroidota;c__Bacteroidia;o__Flavobacteriales;f__Parvicellaceae;g__GCA-002727735;s__GCA-002727735 sp913042175,iPHoP-RF,92.10,None
k141_1091213,GB_GCA_002746355.1,d__Bacteria;p__Chloroflexota;c__Dehalococcoidia;o__UBA3495;f__UBA3495;g__UBA9611;s__UBA9611 sp002746355,iPHoP-RF,93.10,None
k141_1091213,GB_GCA_009392095.1,d__Bacteria;p__Chloroflexota;c__Dehalococcoidia;o__UBA3495;f__UBA3495;g__UBA9611;s__UBA9611 sp009391975,iPHoP-RF,92.80,None
k141_1091213,GB_GCA_009392075.1,d__Bacteria;p__Chloroflexota;c__Dehalococcoidia;o__UBA3495;f__UBA3495;g__UBA9611;s__UBA9611 sp009392075,iPHoP-RF,92.40,None
k141_110468,GB_GCA_913053615.1,d__Bacteria;p__Bdellovibrionota;c__Bacteriovoracia;o__Bacteriovoracales;f__Bacteriovoracaceae;g__UBA845;s__UBA845 sp913053615,blast,93.20,None
k141_1105338,GB_GCA_002699485.1,d__Bacteria;p__Chloroflexota;c__Dehalococcoidia;o__SAR202;f__UBA2962;g__UBA2962;s__UBA2962 sp002699485,blast,92.20,iPHoP-RF;77.80
k141_110566,3300025286_9,d__Bacteria;p__Pseudomonadota;c__Gammaproteobacteria;o__Enterobacterales_A;f__Kangiellaceae;g__;s__,blast,91.70,None
k141_110566,RS_GCF_000260115.1,d__Bacteria;p__Bacteroidota;c__Bacteroidia;o__Flavobacteriales;f__Flavobacteriaceae;g__Joostella;s__Joostella marina,blast,91.00,None
k141_1106546,RS_GCF_004791695.1,d__Bacteria;p__Bacteroidota;c__Bacteroidia;o__Flavobacteriales;f__Flavobacteriaceae;g__Flavivirga;s__Flavivirga rizhaonensis,iPHoP-RF,95.70,None
k141_1106546,RS_GCF_009796825.1,d__Bacteria;p__Bacteroidota;c__Bacteroidia;o__Flavobacteriales;f__Flavobacteriaceae;g__Algibacter;s__Algibacter sp009796825,iPHoP-RF,94.40,None
k141_1106546,RS_GCF_900112395.1,d__Bacteria;p__Bacteroidota;c__Bacteroidia;o__Flavobacteriales;f__Flavobacteriaceae;g__Algibacter;s__Algibacter lectus,iPHoP-RF,94.40,None
k141_1106546,RS_GCF_009796805.1,d__Bacteria;p__Bacteroidota;c__Bacteroidia;o__Flavobacteriales;f__Flavobacteriaceae;g__Algibacter;s__Algibacter sp009796805,iPHoP-RF,94.10,None
k141_1106546,RS_GCF_008033385.1,d__Bacteria;p__Bacteroidota;c__Bacteroidia;o__Flavobacteriales;f__Flavobacteriaceae;g__Algibacter;s__Algibacter pacificus,iPHoP-RF,91.40,None
k141_1106546,RS_GCF_001642835.1,d__Bacteria;p__Bacteroidota;c__Bacteroidia;o__Flavobacteriales;f__Flavobacteriaceae;g__Tamlana_A;s__Tamlana_A agarivorans,iPHoP-RF,91.10,None
k141_1106546,RS_GCF_018860245.1,d__Bacteria;p__Bacteroidota;c__Bacteroidia;o__Flavobacteriales;f__Flavobacteriaceae;g__Tamlana_A;s__Tamlana_A agarivorans_A,iPHoP-RF,90.80,None
k141_1106546,RS_GCF_002893765.1,d__Bacteria;p__Bacteroidota;c__Bacteroidia;o__Flavobacteriales;f__Flavobacteriaceae;g__Tamlana_A;s__Tamlana_A carrageenivorans,iPHoP-RF,90.50,None
k141_1106546,RS_GCF_008806375.1,d__Bacteria;p__Bacteroidota;c__Bacteroidia;o__Flavobacteriales;f__Flavobacteriaceae;g__Tamlana_A;s__Tamlana_A haliotis,iPHoP-RF,90.10,None
k141_1123896,GB_GCA_900754115.1,d__Bacteria;p__Bacillota;c__Bacilli;o__RFN20;f__CAG-631;g__Caccosoma;s__Caccosoma sp900754115,iPHoP-RF,95.70,None
k141_1123896,MGYG000004029,d__Bacteria;p__Bacillota;c__Bacilli;o__RFN20;f__CAG-631;g__Caccosoma;s__,iPHoP-RF,93.10,None
k141_1123896,GB_GCA_944358165.1,d__Bacteria;p__Bacillota;c__Bacilli;o__RF39;f__UBA660;g__Caccenecus;s__Caccenecus sp944358165,iPHoP-RF,92.10,None
k141_1123896,MGYG000071231,d__Bacteria;p__Bacillota;c__Bacilli;o__Erysipelotrichales;f__Coprobacillaceae;g__Faecalibacillus;s__,iPHoP-RF,92.10,None
k141_1130757,GB_GCA_002699485.1,d__Bacteria;p__Chloroflexota;c__Dehalococcoidia;o__SAR202;f__UBA2962;g__UBA2962;s__UBA2962 sp002699485,blast,92.80,None
k141_113636,GB_GCA_903866825.1,d__Bacteria;p__Pseudomonadota;c__Gammaproteobacteria;o__Methylococcales;f__Methylomonadaceae;g__KS41;s__KS41 sp903866825,iPHoP-RF,93.40,None
k141_113636,GB_GCA_903839855.1,d__Bacteria;p__Pseudomonadota;c__Gammaproteobacteria;o__Methylococcales;f__Methylomonadaceae;g__KS41;s__KS41 sp903839855,iPHoP-RF,92.10,None
k141_113636,GB_GCA_003584895.1,d__Bacteria;p__Pseudomonadota;c__Gammaproteobacteria;o__Methylococcales;f__Methylomonadaceae;g__KS41;s__KS41 sp003584895,iPHoP-RF,91.80,None
k141_113636,GB_GCA_003584865.1,d__Bacteria;p__Pseudomonadota;c__Gammaproteobacteria;o__Methylococcales;f__Methylomonadaceae;g__KS41;s__KS41 sp003584865,iPHoP-RF,90.50,None
k141_113636,GB_GCA_903859415.1,d__Bacteria;p__Pseudomonadota;c__Gammaproteobacteria;o__Methylococcales;f__Methylomonadaceae;g__KS41;s__KS41 sp903859415,iPHoP-RF,90.50,None
k141_1143505,GB_GCA_002690445.1,d__Archaea;p__Nanoarchaeota;c__Nanoarchaeia;o__Pacearchaeales;f__GW2011-AR1;g__ARS10;s__ARS10 sp002690445,blast,93.60,None
k141_11436,GB_GCA_905478565.1,d__Bacteria;p__Pseudomonadota;c__Alphaproteobacteria;o__Pelagibacterales;f__Pelagibacteraceae;g__Pelagibacter;s__Pelagibacter sp905478565,blast,91.90,iPHoP-RF;62.70
k141_114551,RS_GCF_010500915.1,d__Bacteria;p__Pseudomonadota;c__Gammaproteobacteria;o__Enterobacterales_A;f__Alteromonadaceae;g__Alteromonas;s__Alteromonas hispanica,CRISPR,96.10,blast;93.90 iPHoP-RF;90.80
k141_114551,GB_GCA_002683575.1,d__Bacteria;p__Pseudomonadota;c__Gammaproteobacteria;o__Pseudomonadales;f__DSM-6294;g__Bermanella;s__Bermanella sp002683575,blast,92.10,None
k141_1149300,RS_GCF_001657485.1,d__Bacteria;p__Pseudomonadota;c__Alphaproteobacteria;o__Rhizobiales;f__Rhizobiaceae;g__Rhizobium;s__Rhizobium sp001657485,iPHoP-RF,95.40,None
k141_1149300,RS_GCF_002914525.1,d__Bacteria;p__Pseudomonadota;c__Alphaproteobacteria;o__Rhizobiales;f__Rhizobiaceae;g__Rhizobium;s__Rhizobium hidalgonense,iPHoP-RF,95.40,None
k141_1149300,RS_GCF_002953715.1,d__Bacteria;p__Pseudomonadota;c__Alphaproteobacteria;o__Rhizobiales;f__Rhizobiaceae;g__Rhizobium;s__Rhizobium leguminosarum_K,iPHoP-RF,95.40,None
k141_1149300,RS_GCF_002008165.1,d__Bacteria;p__Pseudomonadota;c__Alphaproteobacteria;o__Rhizobiales;f__Rhizobiaceae;g__Rhizobium;s__Rhizobium laguerreae,iPHoP-RF,95.10,None
k141_1149300,RS_GCF_002531755.2,d__Bacteria;p__Pseudomonadota;c__Alphaproteobacteria;o__Rhizobiales;f__Rhizobiaceae;g__Rhizobium;s__Rhizobium acidisoli,iPHoP-RF,94.70,None
k141_1149300,RS_GCF_000271845.1,d__Bacteria;p__Pseudomonadota;c__Alphaproteobacteria;o__Rhizobiales;f__Rhizobiaceae;g__Rhizobium;s__Rhizobium leguminosarum_G,iPHoP-RF,94.10,None
k141_1149300,RS_GCF_001652265.1,d__Bacteria;p__Pseudomonadota;c__Alphaproteobacteria;o__Rhizobiales;f__Rhizobiaceae;g__Rhizobium;s__Rhizobium leguminosarum_D,iPHoP-RF,94.10,None
k141_1149300,RS_GCF_002531935.1,d__Bacteria;p__Pseudomonadota;c__Alphaproteobacteria;o__Rhizobiales;f__Rhizobiaceae;g__Rhizobium;s__Rhizobium chutanense,iPHoP-RF,93.40,None
k141_1149300,RS_GCF_000023185.1,d__Bacteria;p__Pseudomonadota;c__Alphaproteobacteria;o__Rhizobiales;f__Rhizobiaceae;g__Rhizobium;s__Rhizobium leguminosarum_J,iPHoP-RF,92.40,None
k141_1149300,RS_GCF_000009265.1,d__Bacteria;p__Pseudomonadota;c__Alphaproteobacteria;o__Rhizobiales;f__Rhizobiaceae;g__Rhizobium;s__Rhizobium leguminosarum_L,iPHoP-RF,91.40,None
k141_1149300,RS_GCF_000769405.2,d__Bacteria;p__Pseudomonadota;c__Alphaproteobacteria;o__Rhizobiales;f__Rhizobiaceae;g__Rhizobium;s__Rhizobium leguminosarum_E,iPHoP-RF,90.80,None
k141_115076,RS_GCF_900108275.1,d__Bacteria;p__Pseudomonadota;c__Alphaproteobacteria;o__Rhodobacterales;f__Rhodobacteraceae;g__Jhaorihella;s__Jhaorihella thermophila,blast,91.40,None
k141_1159632,3300026212_19,d__Archaea;p__Thermoproteota;c__Nitrososphaeria;o__Nitrososphaerales;f__JACPRH01;g__;s__,blast,91.60,None
k141_1165081,RS_GCF_001632745.1,d__Bacteria;p__Bacteroidota;c__Bacteroidia;o__Flavobacteriales;f__Flavobacteriaceae;g__Aquimarina;s__Aquimarina aggregata,iPHoP-RF,90.80,None
k141_1172046,GB_GCA_002699485.1,d__Bacteria;p__Chloroflexota;c__Dehalococcoidia;o__SAR202;f__UBA2962;g__UBA2962;s__UBA2962 sp002699485,blast,91.70,iPHoP-RF;54.10
k141_1172439,3300026212_19,d__Archaea;p__Thermoproteota;c__Nitrososphaeria;o__Nitrososphaerales;f__JACPRH01;g__;s__,blast,93.90,iPHoP-RF;67.70
k141_1176534|provirus_3594_8465,MGYG000052887,d__Bacteria;p__Bacillota_A;c__Clostridia;o__Lachnospirales;f__Lachnospiraceae;g__Schaedlerella;s__,iPHoP-RF,91.10,None
k141_1176534|provirus_3594_8465,MGYG000052100,d__Bacteria;p__Bacillota_A;c__Clostridia;o__Lachnospirales;f__Lachnospiraceae;g__Schaedlerella;s__,iPHoP-RF,90.50,None
k141_117963,RS_GCF_009711045.1,d__Bacteria;p__Bacteroidota;c__Bacteroidia;o__Flavobacteriales;f__Flavobacteriaceae;g__Flavobacterium;s__Flavobacterium album_A,iPHoP-RF,96.40,None
k141_117963,RS_GCF_009711055.1,d__Bacteria;p__Bacteroidota;c__Bacteroidia;o__Flavobacteriales;f__Flavobacteriaceae;g__Flavobacterium;s__Flavobacterium pelagicum,iPHoP-RF,96.40,None
k141_1179737,3300026292_14,d__Bacteria;p__Pseudomonadota;c__Alphaproteobacteria;o__Rhodobacterales;f__Rhodobacteraceae;g__MED-G52;s__,blast,93.80,iPHoP-RF;80.80
k141_1180590,GB_GCA_002690445.1,d__Archaea;p__Nanoarchaeota;c__Nanoarchaeia;o__Pacearchaeales;f__GW2011-AR1;g__ARS10;s__ARS10 sp002690445,blast,91.30,iPHoP-RF;78.70
k141_118634,RS_GCF_001042655.1,d__Bacteria;p__Actinomycetota;c__Actinomycetia;o__Actinomycetales;f__Bifidobacteriaceae;g__Bifidobacterium;s__Bifidobacterium vaginale,blast,95.90,iPHoP-RF;67.50
k141_118634,RS_GCF_003397585.1,d__Bacteria;p__Actinomycetota;c__Actinomycetia;o__Actinomycetales;f__Bifidobacteriaceae;g__Bifidobacterium;s__Bifidobacterium piotii,blast,93.30,iPHoP-RF;73.90
k141_118634,RS_GCF_003293675.1,d__Bacteria;p__Actinomycetota;c__Actinomycetia;o__Actinomycetales;f__Bifidobacteriaceae;g__Bifidobacterium;s__Bifidobacterium leopoldii,blast,92.60,iPHoP-RF;70.60
k141_118634,RS_GCF_003397705.1,d__Bacteria;p__Actinomycetota;c__Actinomycetia;o__Actinomycetales;f__Bifidobacteriaceae;g__Bifidobacterium;s__Bifidobacterium swidsinskii,blast,92.50,iPHoP-RF;55.20
k141_1204204,GB_GCA_002686195.1,d__Archaea;p__Nanoarchaeota;c__Nanoarchaeia;o__Pacearchaeales;f__GW2011-AR1;g__ARS23;s__ARS23 sp002686195,blast,93.90,iPHoP-RF;66.50
k141_1206875,RS_GCF_000260115.1,d__Bacteria;p__Bacteroidota;c__Bacteroidia;o__Flavobacteriales;f__Flavobacteriaceae;g__Joostella;s__Joostella marina,blast,96.60,iPHoP-RF;74.60
k141_120690,GB_GCA_001269425.1,d__Bacteria;p__Pseudomonadota;c__Gammaproteobacteria;o__Enterobacterales;f__Enterobacteriaceae;g__Baumannia;s__Baumannia cicadellinicola_A,iPHoP-RF,91.80,None
k141_120690,GB_GCA_000013185.1,d__Bacteria;p__Pseudomonadota;c__Gammaproteobacteria;o__Enterobacterales;f__Enterobacteriaceae;g__Baumannia;s__Baumannia cicadellinicola,iPHoP-RF,91.40,None
k141_1208354_2,GB_GCA_023957385.1,d__Bacteria;p__Bacteroidota;c__Bacteroidia;o__Flavobacteriales;f__Crocinitomicaceae;g__Brumimicrobium;s__Brumimicrobium sp023957385,iPHoP-RF,94.10,None
k141_1224376,RS_GCF_003867075.1,d__Bacteria;p__Bacteroidota;c__Bacteroidia;o__Flavobacteriales;f__Flavobacteriaceae;g__Tenacibaculum;s__Tenacibaculum mesophilum,iPHoP-RF,92.40,None
k141_1224376,RS_GCF_003387615.1,d__Bacteria;p__Bacteroidota;c__Bacteroidia;o__Flavobacteriales;f__Flavobacteriaceae;g__Tenacibaculum;s__Tenacibaculum gallaicum,iPHoP-RF,91.80,None
k141_1224376,RS_GCF_003867015.1,d__Bacteria;p__Bacteroidota;c__Bacteroidia;o__Flavobacteriales;f__Flavobacteriaceae;g__Tenacibaculum;s__Tenacibaculum singaporense,iPHoP-RF,91.80,None
k141_1224376,RS_GCF_900119795.1,d__Bacteria;p__Bacteroidota;c__Bacteroidia;o__Flavobacteriales;f__Flavobacteriaceae;g__Tenacibaculum;s__Tenacibaculum maritimum,iPHoP-RF,91.40,None
k141_1224376,RS_GCF_003610735.1,d__Bacteria;p__Bacteroidota;c__Bacteroidia;o__Flavobacteriales;f__Flavobacteriaceae;g__Tenacibaculum;s__Tenacibaculum lutimaris,iPHoP-RF,90.50,None
k141_1225144,GB_GCA_018365265.1,d__Bacteria;p__Bacillota;c__Bacilli;o__Lactobacillales;f__Streptococcaceae;g__Streptococcus;s__Streptococcus parasanguinis_G,iPHoP-RF,93.10,None
k141_1225144,MGYG000207833,d__Bacteria;p__Bacillota;c__Bacilli;o__Lactobacillales;f__Streptococcaceae;g__Streptococcus;s__,iPHoP-RF,93.10,None
k141_1225144,RS_GCF_023109675.1,d__Bacteria;p__Bacillota;c__Bacilli;o__Lactobacillales;f__Streptococcaceae;g__Streptococcus;s__Streptococcus parasanguinis_I,iPHoP-RF,93.10,None
k141_1225144,GB_GCA_900755085.1,d__Bacteria;p__Bacillota;c__Bacilli;o__Lactobacillales;f__Streptococcaceae;g__Streptococcus;s__Streptococcus sp900755085,iPHoP-RF,92.80,None
k141_1225144,RS_GCF_000180035.1,d__Bacteria;p__Bacillota;c__Bacilli;o__Lactobacillales;f__Streptococcaceae;g__Streptococcus;s__Streptococcus parasanguinis_C,iPHoP-RF,92.80,None
k141_1225144,RS_GCF_000963275.1,d__Bacteria;p__Bacillota;c__Bacilli;o__Lactobacillales;f__Streptococcaceae;g__Streptococcus;s__Streptococcus parasanguinis_B,iPHoP-RF,92.80,None
k141_1225144,RS_GCF_001073155.1,d__Bacteria;p__Bacillota;c__Bacilli;o__Lactobacillales;f__Streptococcaceae;g__Streptococcus;s__Streptococcus parasanguinis_D,iPHoP-RF,92.80,None
k141_1225144,RS_GCF_009717815.1,d__Bacteria;p__Bacillota;c__Bacilli;o__Lactobacillales;f__Streptococcaceae;g__Streptococcus;s__Streptococcus parasanguinis_F,iPHoP-RF,92.80,None
k141_1225144,RS_GCF_000164675.2,d__Bacteria;p__Bacillota;c__Bacilli;o__Lactobacillales;f__Streptococcaceae;g__Streptococcus;s__Streptococcus parasanguinis,iPHoP-RF,92.40,None
k141_1225144,RS_GCF_943193075.1,d__Bacteria;p__Bacillota;c__Bacilli;o__Lactobacillales;f__Streptococcaceae;g__Streptococcus;s__Streptococcus parasanguinis_E,iPHoP-RF,92.40,None
k141_1225144,GB_GCA_905188195.1,d__Bacteria;p__Bacillota;c__Bacilli;o__Lactobacillales;f__Streptococcaceae;g__Streptococcus;s__Streptococcus parasanguinis_P,iPHoP-RF,91.40,None
k141_1225144,RS_GCF_001813295.1,d__Bacteria;p__Bacillota;c__Bacilli;o__Lactobacillales;f__Streptococcaceae;g__Streptococcus;s__Streptococcus sp001813295,iPHoP-RF,91.40,None
k141_1225144,RS_GCF_008727815.1,d__Bacteria;p__Bacillota;c__Bacilli;o__Lactobacillales;f__Streptococcaceae;g__Streptococcus;s__Streptococcus sp008727815,iPHoP-RF,91.40,None
k141_1225144,RS_GCF_016648925.1,d__Bacteria;p__Bacillota;c__Bacilli;o__Lactobacillales;f__Streptococcaceae;g__Streptococcus;s__Streptococcus sp900766505,iPHoP-RF,91.40,None
k141_1225144,RS_GCF_019929185.1,d__Bacteria;p__Bacillota;c__Bacilli;o__Lactobacillales;f__Streptococcaceae;g__Streptococcus;s__Streptococcus parasanguinis_O,iPHoP-RF,91.40,None
k141_122747,GB_GCA_023819225.1,d__Bacteria;p__Ratteibacteria;c__UBA8468;o__B48-G9;f__JAFGKM01;g__JAFGKM01;s__JAFGKM01 sp023819225,blast,95.50,iPHoP-RF;63.50
k141_1231596,RS_GCF_900107545.1,d__Bacteria;p__Bacillota_A;c__Clostridia;o__Lachnospirales;f__Lachnospiraceae;g__Pseudobutyrivibrio;s__Pseudobutyrivibrio sp900107545,iPHoP-RF,92.10,None
k141_1231596,GB_GCA_002309345.1,d__Bacteria;p__Bacillota_A;c__Clostridia;o__Lachnospirales;f__Lachnospiraceae;g__Pseudobutyrivibrio;s__Pseudobutyrivibrio sp002309345,iPHoP-RF,91.10,None
k141_1235751,MGYG000262346,d__Bacteria;p__Bacillota_A;c__Clostridia;o__Lachnospirales;f__Lachnospiraceae;g__Eubacterium_G;s__,iPHoP-RF,90.80,None
k141_124055,3300002063_3,d__Bacteria;p__Pseudomonadota;c__Alphaproteobacteria;o__Rhodobacterales;f__Rhodobacteraceae;g__;s__,blast,91.40,iPHoP-RF;69.10
k141_1241691,GB_GCA_020343655.1,d__Archaea;p__Asgardarchaeota;c__Lokiarchaeia;o__CR-4;f__SOKP01;g__Loki-b32;s__Loki-b32 sp020343655,iPHoP-RF,92.40,None
k141_1241691,GB_GCA_020344955.1,d__Archaea;p__Asgardarchaeota;c__Lokiarchaeia;o__CR-4;f__SOKP01;g__Loki-b32;s__Loki-b32 sp020344955,iPHoP-RF,91.40,None
k141_1241691,GB_GCA_016839915.1,d__Archaea;p__Asgardarchaeota;c__Lokiarchaeia;o__CR-4;f__SOKP01;g__Loki-b32;s__Loki-b32 sp016839915,iPHoP-RF,90.50,None
k141_1245202,RS_GCF_003397585.1,d__Bacteria;p__Actinomycetota;c__Actinomycetia;o__Actinomycetales;f__Bifidobacteriaceae;g__Bifidobacterium;s__Bifidobacterium piotii,blast,96.50,iPHoP-RF;72.80
k141_1245202,RS_GCF_001042655.1,d__Bacteria;p__Actinomycetota;c__Actinomycetia;o__Actinomycetales;f__Bifidobacteriaceae;g__Bifidobacterium;s__Bifidobacterium vaginale,blast,95.30,None
k141_1245202,RS_GCF_001563665.1,d__Bacteria;p__Actinomycetota;c__Actinomycetia;o__Actinomycetales;f__Bifidobacteriaceae;g__Bifidobacterium;s__Bifidobacterium vaginale_A,blast,92.10,None
k141_1245202,GB_GCA_003585735.1,d__Bacteria;p__Actinomycetota;c__Actinomycetia;o__Actinomycetales;f__Bifidobacteriaceae;g__Bifidobacterium;s__Bifidobacterium sp003585735,blast,91.70,iPHoP-RF;61.10
k141_1245202,RS_GCF_001546455.1,d__Bacteria;p__Actinomycetota;c__Actinomycetia;o__Actinomycetales;f__Bifidobacteriaceae;g__Bifidobacterium;s__Bifidobacterium vaginale_B,blast,91.00,iPHoP-RF;67.30
k141_1245202,GB_GCA_003585845.1,d__Bacteria;p__Actinomycetota;c__Actinomycetia;o__Actinomycetales;f__Bifidobacteriaceae;g__Bifidobacterium;s__Bifidobacterium sp003585845,blast,90.10,iPHoP-RF;67.00
k141_124816,GB_GCA_002708065.1,d__Bacteria;p__Chloroflexota;c__Dehalococcoidia;o__SAR202;f__UBA826;g__UBA11795;s__UBA11795 sp002708065,blast,91.80,iPHoP-RF;68.00
k141_124816,GB_GCA_913055705.1,d__Bacteria;p__Planctomycetota;c__Brocadiia;o__Brocadiales;f__Scalinduaceae;g__Scalindua;s__Scalindua sp913055705,blast,90.30,iPHoP-RF;56.00
k141_125204|provirus_12348_52569,RS_GCF_000020585.3,d__Bacteria;p__Pseudomonadota;c__Gammaproteobacteria;o__Enterobacterales_A;f__Alteromonadaceae;g__Alteromonas;s__Alteromonas mediterranea,blast,95.60,iPHoP-RF;94.10 CRISPR;75.90
k141_125204|provirus_12348_52569,RS_GCF_002993325.1,d__Bacteria;p__Pseudomonadota;c__Gammaproteobacteria;o__Enterobacterales_A;f__Alteromonadaceae;g__Alteromonas;s__Alteromonas gracilis,iPHoP-RF,93.40,None
k141_125204|provirus_12348_52569,RS_GCF_009811415.1,d__Bacteria;p__Pseudomonadota;c__Gammaproteobacteria;o__Enterobacterales_A;f__Alteromonadaceae;g__Alteromonas;s__Alteromonas sp009811415,iPHoP-RF,93.10,blast;92.50
k141_125204|provirus_12348_52569,RS_GCF_903772925.1,d__Bacteria;p__Pseudomonadota;c__Gammaproteobacteria;o__Enterobacterales_A;f__Alteromonadaceae;g__Alteromonas;s__Alteromonas macleodii_A,iPHoP-RF,93.10,None
k141_125204|provirus_12348_52569,RS_GCF_016405965.1,d__Bacteria;p__Pseudomonadota;c__Gammaproteobacteria;o__Enterobacterales_A;f__Alteromonadaceae;g__Alteromonas;s__Alteromonas sp016405965,iPHoP-RF,91.80,None
k141_125204|provirus_12348_52569,RS_GCF_006538325.1,d__Bacteria;p__Pseudomonadota;c__Gammaproteobacteria;o__Enterobacterales_A;f__Alteromonadaceae;g__Alteromonas;s__Alteromonas sp006538325,iPHoP-RF,91.10,blast;90.40
k141_125204|provirus_12348_52569,RS_GCF_000213655.1,d__Bacteria;p__Pseudomonadota;c__Gammaproteobacteria;o__Enterobacterales_A;f__Alteromonadaceae;g__Alteromonas;s__Alteromonas naphthalenivorans,blast,91.00,iPHoP-RF;60.60
k141_125204|provirus_12348_52569,RS_GCF_018619335.1,d__Bacteria;p__Pseudomonadota;c__Gammaproteobacteria;o__Enterobacterales_A;f__Alteromonadaceae;g__Alteromonas;s__Alteromonas sp018619335,iPHoP-RF,90.10,None
k141_1256308,GB_GCA_002699485.1,d__Bacteria;p__Chloroflexota;c__Dehalococcoidia;o__SAR202;f__UBA2962;g__UBA2962;s__UBA2962 sp002699485,blast,91.10,None
k141_1257561,RS_GCF_000260115.1,d__Bacteria;p__Bacteroidota;c__Bacteroidia;o__Flavobacteriales;f__Flavobacteriaceae;g__Joostella;s__Joostella marina,blast,91.90,iPHoP-RF;71.50
k141_1257568,RS_GCF_000959525.1,d__Bacteria;p__Pseudomonadota;c__Gammaproteobacteria;o__Burkholderiales;f__Burkholderiaceae;g__Burkholderia;s__Burkholderia multivorans,blast,95.30,iPHoP-RF;90.10
k141_1257568,RS_GCF_001742165.1,d__Bacteria;p__Pseudomonadota;c__Gammaproteobacteria;o__Burkholderiales;f__Burkholderiaceae;g__Burkholderia;s__Burkholderia stabilis,blast,92.00,iPHoP-RF;72.40
k141_126122,GB_GCA_002359215.1,d__Bacteria;p__Bacteroidota;c__Bacteroidia;o__Flavobacteriales;f__Vicingaceae;g__BRH-c54;s__BRH-c54 sp002359215,blast,95.70,None
k141_1262850,3300027902_46,d__Archaea;p__Methanobacteriota;c__Methanobacteria;o__Methanobacteriales;f__Methanobacteriaceae;g__;s__,iPHoP-RF,91.10,None
k141_1266925,3300028553_51,d__Bacteria;p__Pseudomonadota;c__Alphaproteobacteria;o__Rickettsiales;f__Midichloriaceae;g__;s__,iPHoP-RF,90.50,None
k141_1266925,3300028571_71,d__Bacteria;p__Pseudomonadota;c__Alphaproteobacteria;o__Rickettsiales;f__Midichloriaceae;g__;s__,iPHoP-RF,90.50,None
k141_1266925,3300028581_80,d__Bacteria;p__Pseudomonadota;c__Alphaproteobacteria;o__Rickettsiales;f__Midichloriaceae;g__;s__,iPHoP-RF,90.50,None
k141_127639,GB_GCA_002732995.1,d__Bacteria;p__Pseudomonadota;c__Alphaproteobacteria;o__Rhodobacterales;f__Rhodobacteraceae;g__Profundibacter;s__Profundibacter sp002732995,blast,93.90,iPHoP-RF;67.30
k141_127639,GB_GCA_002367285.1,d__Bacteria;p__Pseudomonadota;c__Alphaproteobacteria;o__Rhodobacterales;f__Rhodobacteraceae;g__N1Y82;s__N1Y82 sp002367285,blast,91.80,None
k141_127765,GB_GCA_021129775.1,d__Bacteria;p__Bacillota_A;c__Clostridia;o__Peptostreptococcales;f__Natronincolaceae;g__GCA-2733545;s__GCA-2733545 sp021129775,blast,92.70,None
k141_128321,RS_GCF_005938215.1,d__Bacteria;p__Pseudomonadota;c__Alphaproteobacteria;o__Rhodobacterales;f__Rhodobacteraceae;g__Ruegeria;s__Ruegeria sediminis,blast,92.90,None
k141_128321,RS_GCF_019392335.1,d__Bacteria;p__Pseudomonadota;c__Alphaproteobacteria;o__Rhodobacterales;f__Rhodobacteraceae;g__Mameliella;s__Mameliella sp019392335,blast,91.90,iPHoP-RF;62.70
k141_1286795,RS_GCF_016405965.1,d__Bacteria;p__Pseudomonadota;c__Gammaproteobacteria;o__Enterobacterales_A;f__Alteromonadaceae;g__Alteromonas;s__Alteromonas sp016405965,blast,92.30,iPHoP-RF;90.50
k141_1286795,GB_GCA_002683575.1,d__Bacteria;p__Pseudomonadota;c__Gammaproteobacteria;o__Pseudomonadales;f__DSM-6294;g__Bermanella;s__Bermanella sp002683575,blast,90.70,None
k141_1286795,RS_GCF_000020585.3,d__Bacteria;p__Pseudomonadota;c__Gammaproteobacteria;o__Enterobacterales_A;f__Alteromonadaceae;g__Alteromonas;s__Alteromonas mediterranea,blast,90.40,iPHoP-RF;89.20
k141_1289028,3300025286_9,d__Bacteria;p__Pseudomonadota;c__Gammaproteobacteria;o__Enterobacterales_A;f__Kangiellaceae;g__;s__,blast,91.80,iPHoP-RF;63.80
k141_1289028,RS_GCF_000260115.1,d__Bacteria;p__Bacteroidota;c__Bacteroidia;o__Flavobacteriales;f__Flavobacteriaceae;g__Joostella;s__Joostella marina,blast,90.10,iPHoP-RF;53.80
k141_1294147,GB_GCA_002729235.1,d__Bacteria;p__Bacteroidota;c__Bacteroidia;o__Cytophagales;f__Cyclobacteriaceae;g__Marinoscillum;s__Marinoscillum sp002729235,blast,92.10,iPHoP-RF;63.80
k141_12969,RS_GCF_900102535.1,d__Bacteria;p__Pseudomonadota;c__Alphaproteobacteria;o__Rhodobacterales;f__Rhodobacteraceae;g__Sulfitobacter;s__Sulfitobacter delicatus,blast,92.90,iPHoP-RF;76.80
k141_12969,RS_GCF_000473105.1,d__Bacteria;p__Pseudomonadota;c__Alphaproteobacteria;o__Rhodobacterales;f__Rhodobacteraceae;g__Phaeobacter;s__Phaeobacter inhibens,blast,90.50,iPHoP-RF;63.30
k141_1299850,RS_GCF_003605735.1,d__Bacteria;p__Pseudomonadota;c__Gammaproteobacteria;o__Pseudomonadales;f__Pseudomonadaceae;g__Pseudomonas_E;s__Pseudomonas_E sp003605735,iPHoP-RF,96.10,None
k141_1299850,RS_GCF_002934685.1,d__Bacteria;p__Pseudomonadota;c__Gammaproteobacteria;o__Pseudomonadales;f__Pseudomonadaceae;g__Pseudomonas_E;s__Pseudomonas_E bohemica,iPHoP-RF,91.40,None
k141_1299850,RS_GCF_009905615.1,d__Bacteria;p__Pseudomonadota;c__Gammaproteobacteria;o__Pseudomonadales;f__Pseudomonadaceae;g__Pseudomonas_E;s__Pseudomonas_E sp009905615,iPHoP-RF,91.10,None
k141_1299850,3300013994_1,d__Bacteria;p__Pseudomonadota;c__Gammaproteobacteria;o__Pseudomonadales;f__Pseudomonadaceae;g__Pseudomonas_E;s__,iPHoP-RF,90.50,None
k141_1299850,RS_GCF_900100795.1,d__Bacteria;p__Pseudomonadota;c__Gammaproteobacteria;o__Pseudomonadales;f__Pseudomonadaceae;g__Pseudomonas_E;s__Pseudomonas_E abietaniphila,iPHoP-RF,90.50,None
k141_1302792,GB_GCA_002688875.1,d__Archaea;p__Nanoarchaeota;c__Nanoarchaeia;o__Pacearchaeales;f__GW2011-AR1;g__ARS1285;s__ARS1285 sp002688875,blast,92.70,iPHoP-RF;68.00
k141_1304695,GB_GCA_001507855.1,d__Bacteria;p__Pseudomonadota;c__Gammaproteobacteria;o__Pseudomonadales;f__Halomonadaceae;g__Halomonas;s__Halomonas sp001507855,blast,91.80,iPHoP-RF;68.60
k141_1304695,RS_GCF_900110265.1,d__Bacteria;p__Pseudomonadota;c__Gammaproteobacteria;o__Pseudomonadales;f__Halomonadaceae;g__Halomonas;s__Halomonas aquamarina,blast,91.20,iPHoP-RF;68.20
k141_131079,RS_GCF_900115545.1,d__Bacteria;p__Pseudomonadota;c__Gammaproteobacteria;o__Burkholderiales;f__Burkholderiaceae;g__Ralstonia;s__Ralstonia sp900115545,blast,92.60,iPHoP-RF;89.20
k141_131079,GB_GCA_022631215.1,d__Bacteria;p__Pseudomonadota;c__Gammaproteobacteria;o__Burkholderiales;f__Burkholderiaceae;g__Ralstonia;s__Ralstonia sp001078575,blast,92.00,iPHoP-RF;87.00
k141_1314611,GB_GCA_002699485.1,d__Bacteria;p__Chloroflexota;c__Dehalococcoidia;o__SAR202;f__UBA2962;g__UBA2962;s__UBA2962 sp002699485,blast,92.30,None
k141_1319658,RS_GCF_000260115.1,d__Bacteria;p__Bacteroidota;c__Bacteroidia;o__Flavobacteriales;f__Flavobacteriaceae;g__Joostella;s__Joostella marina,blast,90.80,iPHoP-RF;73.90
k141_132531,RS_GCF_001571325.1,d__Bacteria;p__Pseudomonadota;c__Gammaproteobacteria;o__Burkholderiales;f__Burkholderiaceae_B;g__Comamonas;s__Comamonas tsuruhatensis,blast,98.30,CRISPR;96.60 iPHoP-RF;86.30
k141_132531,RS_GCF_001598795.1,d__Bacteria;p__Pseudomonadota;c__Gammaproteobacteria;o__Burkholderiales;f__Burkholderiaceae_B;g__Comamonas;s__Comamonas acidovorans,blast,92.80,iPHoP-RF;87.00 CRISPR;82.00
k141_132531,GB_GCA_017985015.1,d__Bacteria;p__Pseudomonadota;c__Gammaproteobacteria;o__Burkholderiales;f__Burkholderiaceae_B;g__Giesbergeria;s__Giesbergeria sp017985015,blast,90.60,iPHoP-RF;75.20
k141_1332038,RS_GCF_001908095.1,d__Bacteria;p__Pseudomonadota;c__Gammaproteobacteria;o__Enterobacterales;f__Enterobacteriaceae;g__Xenorhabdus;s__Xenorhabdus thuongxuanensis,iPHoP-RF,96.10,None
k141_1332038,RS_GCF_900115195.1,d__Bacteria;p__Pseudomonadota;c__Gammaproteobacteria;o__Enterobacterales;f__Enterobacteriaceae;g__Xenorhabdus;s__Xenorhabdus japonica,iPHoP-RF,94.10,None
k141_1332038,RS_GCF_015163655.1,d__Bacteria;p__Pseudomonadota;c__Gammaproteobacteria;o__Enterobacterales;f__Enterobacteriaceae;g__Xenorhabdus;s__Xenorhabdus griffiniae,iPHoP-RF,92.80,None
k141_1332038,RS_GCF_018448935.1,d__Bacteria;p__Pseudomonadota;c__Gammaproteobacteria;o__Enterobacterales;f__Enterobacteriaceae;g__Photorhabdus;s__Photorhabdus noenieputensis,iPHoP-RF,92.80,None
k141_1332038,RS_GCF_000711895.1,d__Bacteria;p__Pseudomonadota;c__Gammaproteobacteria;o__Enterobacterales;f__Enterobacteriaceae;g__Photorhabdus;s__Photorhabdus australis,iPHoP-RF,90.50,None
k141_1343276,RS_GCF_000260115.1,d__Bacteria;p__Bacteroidota;c__Bacteroidia;o__Flavobacteriales;f__Flavobacteriaceae;g__Joostella;s__Joostella marina,blast,92.00,iPHoP-RF;69.50
k141_1346600,RS_GCF_014905415.1,d__Bacteria;p__Bacillota;c__Bacilli;o__Bacillales_D;f__Amphibacillaceae;g__Virgibacillus;s__Virgibacillus salexigens,iPHoP-RF,94.70,None
k141_1346600,RS_GCF_016919725.2,d__Bacteria;p__Bacillota;c__Bacilli;o__Bacillales_D;f__Amphibacillaceae;g__Virgibacillus;s__Virgibacillus sp016919725,iPHoP-RF,94.40,None
k141_1346600,RS_GCF_016908515.1,d__Bacteria;p__Bacillota;c__Bacilli;o__Bacillales_D;f__Amphibacillaceae;g__Virgibacillus_I;s__Virgibacillus_I halotolerans,iPHoP-RF,90.80,None
k141_1361268,3300026212_19,d__Archaea;p__Thermoproteota;c__Nitrososphaeria;o__Nitrososphaerales;f__JACPRH01;g__;s__,blast,93.50,iPHoP-RF;70.20
k141_13643,RS_GCF_001598795.1,d__Bacteria;p__Pseudomonadota;c__Gammaproteobacteria;o__Burkholderiales;f__Burkholderiaceae_B;g__Comamonas;s__Comamonas acidovorans,blast,92.50,iPHoP-RF;81.90
k141_13643,RS_GCF_001571325.1,d__Bacteria;p__Pseudomonadota;c__Gammaproteobacteria;o__Burkholderiales;f__Burkholderiaceae_B;g__Comamonas;s__Comamonas tsuruhatensis,blast,92.20,None
k141_1371454,RS_GCF_000260115.1,d__Bacteria;p__Bacteroidota;c__Bacteroidia;o__Flavobacteriales;f__Flavobacteriaceae;g__Joostella;s__Joostella marina,blast,92.90,iPHoP-RF;78.30
k141_137986,RS_GCF_005938225.1,d__Bacteria;p__Pseudomonadota;c__Alphaproteobacteria;o__Rhodobacterales;f__Rhodobacteraceae;g__Arenibacterium;s__Arenibacterium halophilum,blast,92.90,None
k141_1392956,GB_GCA_002690445.1,d__Archaea;p__Nanoarchaeota;c__Nanoarchaeia;o__Pacearchaeales;f__GW2011-AR1;g__ARS10;s__ARS10 sp002690445,blast,91.40,iPHoP-RF;86.70
k141_1396431,GB_GCA_002311835.1,d__Bacteria;p__Pseudomonadota;c__Gammaproteobacteria;o__UBA6522;f__UBA6522;g__UBA6522;s__UBA6522 sp002311835,blast,93.10,iPHoP-RF;67.00
k141_1396783,GB_GCA_023387655.1,d__Bacteria;p__Bacillota_A;c__Clostridia;o__Lachnospirales;f__Lachnospiraceae;g__Lachnoclostridium;s__Lachnoclostridium sp023387655,iPHoP-RF,90.50,None
k141_1396783,GB_GCA_023439125.1,d__Bacteria;p__Bacillota_A;c__Clostridia;o__Lachnospirales;f__Lachnospiraceae;g__Lachnoclostridium;s__Lachnoclostridium sp023439125,iPHoP-RF,90.10,None
k141_1401898,GB_GCA_002699485.1,d__Bacteria;p__Chloroflexota;c__Dehalococcoidia;o__SAR202;f__UBA2962;g__UBA2962;s__UBA2962 sp002699485,blast,91.50,None
k141_1429041,GB_GCA_905478565.1,d__Bacteria;p__Pseudomonadota;c__Alphaproteobacteria;o__Pelagibacterales;f__Pelagibacteraceae;g__Pelagibacter;s__Pelagibacter sp905478565,blast,93.30,iPHoP-RF;76.80
k141_1429041,GB_GCA_002169685.1,d__Bacteria;p__Pseudomonadota;c__Alphaproteobacteria;o__TMED127;f__TMED127;g__TMED211;s__TMED211 sp002169685,blast,90.00,iPHoP-RF;71.90
k141_1430307,GB_GCA_002687905.1,d__Bacteria;p__Patescibacteria;c__Paceibacteria;o__UBA9983_A;f__JABMNX01;g__UBA6534;s__UBA6534 sp002687905,blast,93.00,iPHoP-RF;69.30
k141_146030,GB_GCA_002731945.1,d__Bacteria;p__Pseudomonadota;c__Alphaproteobacteria;o__MED-G09;f__MED-G09;g__GCA-002731945;s__GCA-002731945 sp002731945,blast,92.00,iPHoP-RF;64.50
k141_1467767,GB_GCA_934140285.1,d__Bacteria;p__Bacillota;c__Bacilli;o__ML615J-28;f__CAG-313;g__UMGS75;s__UMGS75 sp934140285,iPHoP-RF,92.80,None
k141_1476541,RS_GCF_000260115.1,d__Bacteria;p__Bacteroidota;c__Bacteroidia;o__Flavobacteriales;f__Flavobacteriaceae;g__Joostella;s__Joostella marina,blast,92.50,iPHoP-RF;75.40
k141_1477323,GB_GCA_000257205.1,d__Bacteria;p__Pseudomonadota;c__Gammaproteobacteria;o__Enterobacterales_A;f__Vibrionaceae;g__Vibrio;s__Vibrio ordalii,iPHoP-RF,91.10,None
k141_1477323,RS_GCF_000417905.1,d__Bacteria;p__Pseudomonadota;c__Gammaproteobacteria;o__Enterobacterales_A;f__Vibrionaceae;g__Vibrio;s__Vibrio natriegens,iPHoP-RF,90.80,None
k141_1477323,RS_GCF_001989995.2,d__Bacteria;p__Pseudomonadota;c__Gammaproteobacteria;o__Enterobacterales_A;f__Vibrionaceae;g__Vibrio;s__Vibrio anguillarum,iPHoP-RF,90.10,None
k141_1481030,RS_GCF_002902085.1,d__Bacteria;p__Bacillota;c__Bacilli;o__Staphylococcales;f__Staphylococcaceae;g__Staphylococcus;s__Staphylococcus simiae,iPHoP-RF,91.80,None
k141_1481030,RS_GCF_017357005.1,d__Bacteria;p__Bacillota;c__Bacilli;o__Staphylococcales;f__Staphylococcaceae;g__Staphylococcus;s__Staphylococcus simiae_A,iPHoP-RF,91.80,None
k141_1481030,RS_GCF_003491325.1,d__Bacteria;p__Bacillota;c__Bacilli;o__Staphylococcales;f__Staphylococcaceae;g__Staphylococcus;s__Staphylococcus warneri_A,iPHoP-RF,91.40,None
k141_1481030,RS_GCF_900636385.1,d__Bacteria;p__Bacillota;c__Bacilli;o__Staphylococcales;f__Staphylococcaceae;g__Staphylococcus;s__Staphylococcus warneri,iPHoP-RF,91.40,None
k141_1481030,RS_GCF_022493055.1,d__Bacteria;p__Bacillota;c__Bacilli;o__Staphylococcales;f__Staphylococcaceae;g__Staphylococcus;s__Staphylococcus singaporensis,iPHoP-RF,91.10,None
k141_1481030,RS_GCF_000875895.1,d__Bacteria;p__Bacillota;c__Bacilli;o__Staphylococcales;f__Staphylococcaceae;g__Staphylococcus;s__Staphylococcus gallinarum,iPHoP-RF,90.50,None
k141_1481030,RS_GCF_001027105.1,d__Bacteria;p__Bacillota;c__Bacilli;o__Staphylococcales;f__Staphylococcaceae;g__Staphylococcus;s__Staphylococcus aureus,iPHoP-RF,90.50,None
k141_1481030,RS_GCF_002901845.1,d__Bacteria;p__Bacillota;c__Bacilli;o__Staphylococcales;f__Staphylococcaceae;g__Staphylococcus;s__Staphylococcus hominis,iPHoP-RF,90.50,None
k141_1481030,RS_GCF_000236925.1,d__Bacteria;p__Bacillota;c__Bacilli;o__Staphylococcales;f__Staphylococcaceae;g__Staphylococcus;s__Staphylococcus argenteus,iPHoP-RF,90.10,None
k141_1481030,RS_GCF_002902405.1,d__Bacteria;p__Bacillota;c__Bacilli;o__Staphylococcales;f__Staphylococcaceae;g__Staphylococcus;s__Staphylococcus schweitzeri,iPHoP-RF,90.10,None
k141_1481030,RS_GCF_022346615.1,d__Bacteria;p__Bacillota;c__Bacilli;o__Staphylococcales;f__Staphylococcaceae;g__Staphylococcus;s__Staphylococcus sp022346615,iPHoP-RF,90.10,None
k141_1492171,GB_GCA_902618945.1,d__Bacteria;p__Pseudomonadota;c__Gammaproteobacteria;o__SAR86;f__SAR86;g__GCA-2707915;s__GCA-2707915 sp902618945,iPHoP-RF,92.10,None
k141_1492171,GB_GCA_023703575.1,d__Bacteria;p__Pseudomonadota;c__Gammaproteobacteria;o__SAR86;f__SAR86;g__GCA-2707915;s__GCA-2707915 sp902620785,iPHoP-RF,90.80,None
k141_1500107,GB_GCA_016874685.1,d__Archaea;p__Methanobacteriota;c__Methanobacteria;o__Methanobacteriales;f__Methanobacteriaceae;g__VGTM01;s__VGTM01 sp016874685,iPHoP-RF,94.40,None
k141_1500107,GB_GCA_016292335.1,d__Archaea;p__Asgardarchaeota;c__Sifarchaeia;o__Sifarchaeales;f__Sifarchaeaceae;g__Sifarchaeum;s__Sifarchaeum subterraneus,iPHoP-RF,90.10,None
k141_150459|provirus_199_7183,RS_GCF_023206395.1,d__Bacteria;p__Pseudomonadota;c__Gammaproteobacteria;o__Enterobacterales_A;f__Vibrionaceae;g__Vibrio;s__Vibrio sp000316985,iPHoP-RF,92.40,None
k141_150459|provirus_199_7183,RS_GCF_000730385.1,d__Bacteria;p__Pseudomonadota;c__Gammaproteobacteria;o__Enterobacterales_A;f__Alteromonadaceae;g__Alteromonas;s__Alteromonas australica,blast,92.00,iPHoP-RF;62.20
k141_150459|provirus_199_7183,RS_GCF_010500915.1,d__Bacteria;p__Pseudomonadota;c__Gammaproteobacteria;o__Enterobacterales_A;f__Alteromonadaceae;g__Alteromonas;s__Alteromonas hispanica,blast,91.90,iPHoP-RF;72.40
k141_150459|provirus_199_7183,RS_GCF_007858795.1,d__Bacteria;p__Pseudomonadota;c__Gammaproteobacteria;o__Enterobacterales_A;f__Vibrionaceae;g__Vibrio;s__Vibrio sp007858795,iPHoP-RF,91.40,None
k141_150459|provirus_199_7183,GB_GCA_024347435.1,d__Bacteria;p__Pseudomonadota;c__Gammaproteobacteria;o__Enterobacterales_A;f__Vibrionaceae;g__Vibrio;s__Vibrio cyclitrophicus,iPHoP-RF,91.10,None
k141_1511895,GB_GCA_934133195.1,d__Bacteria;p__Bacillota;c__Bacilli;o__ML615J-28;f__CAG-313;g__UMGS75;s__UMGS75 sp934133195,iPHoP-RF,90.10,None
k141_151683,GB_GCA_012329085.1,d__Archaea;p__Halobacteriota;c__Methanosarcinia;o__Methanosarcinales;f__Methanosarcinaceae;g__JAAXQB01;s__JAAXQB01 sp012329085,blast,93.90,iPHoP-RF;66.30
k141_1519083,GB_GCA_002686195.1,d__Archaea;p__Nanoarchaeota;c__Nanoarchaeia;o__Pacearchaeales;f__GW2011-AR1;g__ARS23;s__ARS23 sp002686195,blast,93.10,iPHoP-RF;57.30
k141_1520470,RS_GCF_020905415.1,d__Bacteria;p__Bacteroidota;c__Bacteroidia;o__Flavobacteriales;f__Flavobacteriaceae;g__Flavobacterium;s__Flavobacterium sp020905415,iPHoP-RF,93.70,None
k141_1524416,RS_GCF_002111595.1,d__Bacteria;p__Pseudomonadota;c__Gammaproteobacteria;o__Enterobacterales;f__Enterobacteriaceae;g__Lonsdalea;s__Lonsdalea britannica,iPHoP-RF,94.40,None
k141_1524416,RS_GCF_015999465.1,d__Bacteria;p__Pseudomonadota;c__Gammaproteobacteria;o__Enterobacterales;f__Enterobacteriaceae;g__Lonsdalea;s__Lonsdalea populi,iPHoP-RF,93.10,None
k141_1524416,RS_GCF_002291445.1,d__Bacteria;p__Pseudomonadota;c__Gammaproteobacteria;o__Enterobacterales;f__Enterobacteriaceae;g__Brenneria;s__Brenneria goodwinii,iPHoP-RF,92.80,None
k141_1524416,RS_GCF_001742145.1,d__Bacteria;p__Pseudomonadota;c__Gammaproteobacteria;o__Enterobacterales;f__Enterobacteriaceae;g__Pectobacterium;s__Pectobacterium parmentieri,iPHoP-RF,92.40,None
k141_1524416,RS_GCF_000688655.1,d__Bacteria;p__Pseudomonadota;c__Gammaproteobacteria;o__Enterobacterales;f__Enterobacteriaceae;g__Lonsdalea;s__Lonsdalea quercina,iPHoP-RF,92.10,None
k141_1524416,RS_GCF_000688695.1,d__Bacteria;p__Pseudomonadota;c__Gammaproteobacteria;o__Enterobacterales;f__Enterobacteriaceae;g__Lonsdalea;s__Lonsdalea quercina_D,iPHoP-RF,92.10,None
k141_1524416,RS_GCF_002111585.1,d__Bacteria;p__Pseudomonadota;c__Gammaproteobacteria;o__Enterobacterales;f__Enterobacteriaceae;g__Lonsdalea;s__Lonsdalea iberica,iPHoP-RF,92.10,None
k141_1524416,RS_GCF_005484965.1,d__Bacteria;p__Pseudomonadota;c__Gammaproteobacteria;o__Enterobacterales;f__Enterobacteriaceae;g__Brenneria;s__Brenneria nigrifluens,iPHoP-RF,92.10,None
k141_1524416,RS_GCF_003315515.1,d__Bacteria;p__Pseudomonadota;c__Gammaproteobacteria;o__Enterobacterales;f__Enterobacteriaceae;g__Brenneria;s__Brenneria salicis,iPHoP-RF,91.80,None
k141_1524416,RS_GCF_017569925.1,d__Bacteria;p__Pseudomonadota;c__Gammaproteobacteria;o__Enterobacterales;f__Enterobacteriaceae;g__Brenneria;s__Brenneria izadpanahii,iPHoP-RF,91.40,None
k141_152899,GB_GCA_017303295.1,d__Bacteria;p__Pseudomonadota;c__Alphaproteobacteria;o__Rhodobacterales;f__Rhodobacteraceae;g__Pararhodobacter;s__Pararhodobacter sp017303295,blast,91.50,iPHoP-RF;72.80
k141_1536726,GB_GCA_015660425.1,d__Bacteria;p__Pseudomonadota;c__Alphaproteobacteria;o__TMED109;f__TMED109;g__TMED109;s__TMED109 sp015660425,blast,91.80,None
k141_1536726,GB_GCA_012960805.1,d__Bacteria;p__Bacteroidota;c__Bacteroidia;o__Flavobacteriales;f__BACL11;g__UWMA-0277;s__UWMA-0277 sp012960805,blast,90.60,iPHoP-RF;88.20
k141_1537601,GB_GCA_002729765.1,d__Bacteria;p__Actinomycetota;c__Acidimicrobiia;o__Acidimicrobiales;f__MedAcidi-G1;g__MedAcidi-G1;s__MedAcidi-G1 sp002729765,blast,95.60,iPHoP-RF;74.60
k141_1539571,GB_GCA_002713325.1,d__Archaea;p__Thermoproteota;c__Nitrososphaeria;o__Nitrososphaerales;f__UBA213;g__UBA213;s__UBA213 sp002713325,blast,91.40,iPHoP-RF;74.60
k141_154546,RS_GCF_000511385.1,d__Bacteria;p__Pseudomonadota;c__Alphaproteobacteria;o__Rhodobacterales;f__Rhodobacteraceae;g__Phaeobacter;s__Phaeobacter gallaeciensis,blast,91.10,iPHoP-RF;82.50
k141_1547052,GB_GCA_002699485.1,d__Bacteria;p__Chloroflexota;c__Dehalococcoidia;o__SAR202;f__UBA2962;g__UBA2962;s__UBA2962 sp002699485,blast,91.20,iPHoP-RF;51.20
k141_1547496,RS_GCF_013041605.1,d__Bacteria;p__Pseudomonadota;c__Gammaproteobacteria;o__Enterobacterales_A;f__Vibrionaceae;g__Vibrio;s__Vibrio plantisponsor,iPHoP-RF,94.70,None
k141_1547496,RS_GCF_000830505.1,d__Bacteria;p__Pseudomonadota;c__Gammaproteobacteria;o__Enterobacterales_A;f__Vibrionaceae;g__Vibrio;s__Vibrio mytili,iPHoP-RF,92.10,None
k141_1547496,RS_GCF_000176135.1,d__Bacteria;p__Pseudomonadota;c__Gammaproteobacteria;o__Enterobacterales_A;f__Vibrionaceae;g__Vibrio;s__Vibrio coralliilyticus,iPHoP-RF,91.40,None
k141_1547496,RS_GCF_013113835.1,d__Bacteria;p__Pseudomonadota;c__Gammaproteobacteria;o__Enterobacterales_A;f__Vibrionaceae;g__Vibrio;s__Vibrio sp013113835,iPHoP-RF,91.40,None
k141_1547496,RS_GCF_000772105.1,d__Bacteria;p__Pseudomonadota;c__Gammaproteobacteria;o__Enterobacterales_A;f__Vibrionaceae;g__Vibrio;s__Vibrio tubiashii,iPHoP-RF,91.10,None
k141_1547496,RS_GCF_000808535.1,d__Bacteria;p__Pseudomonadota;c__Gammaproteobacteria;o__Enterobacterales_A;f__Vibrionaceae;g__Vibrio;s__Vibrio sinaloensis,iPHoP-RF,91.10,None
k141_1547496,GB_GCA_024347375.1,d__Bacteria;p__Pseudomonadota;c__Gammaproteobacteria;o__Enterobacterales_A;f__Vibrionaceae;g__Vibrio;s__Vibrio coralliirubri,iPHoP-RF,90.10,None
k141_1548266,RS_GCF_001544195.1,d__Bacteria;p__Bacillota;c__Bacilli;o__Lactobacillales;f__Enterococcaceae;g__Tetragenococcus;s__Tetragenococcus solitarius,iPHoP-RF,96.10,None
k141_1548266,RS_GCF_003795125.1,d__Bacteria;p__Bacillota;c__Bacilli;o__Lactobacillales;f__Enterococcaceae;g__Tetragenococcus;s__Tetragenococcus osmophilus,iPHoP-RF,95.70,None
k141_1548266,RS_GCF_003841405.1,d__Bacteria;p__Bacillota;c__Bacilli;o__Lactobacillales;f__Enterococcaceae;g__Tetragenococcus;s__Tetragenococcus halophilus,iPHoP-RF,95.10,None
k141_1548266,RS_GCF_000423785.1,d__Bacteria;p__Bacillota;c__Bacilli;o__Lactobacillales;f__Enterococcaceae;g__Tetragenococcus;s__Tetragenococcus muriaticus,iPHoP-RF,94.40,None
k141_155146,GB_GCA_002730485.1,d__Bacteria;p__Chloroflexota;c__Dehalococcoidia;o__UBA3495;f__UBA3495;g__UBA9611;s__UBA9611 sp002730485,blast,92.20,iPHoP-RF;71.70
k141_155722,RS_GCF_000473105.1,d__Bacteria;p__Pseudomonadota;c__Alphaproteobacteria;o__Rhodobacterales;f__Rhodobacteraceae;g__Phaeobacter;s__Phaeobacter inhibens,blast,93.30,iPHoP-RF;82.50
k141_155722,RS_GCF_020177595.1,d__Bacteria;p__Pseudomonadota;c__Alphaproteobacteria;o__Rhodobacterales;f__Rhodobacteraceae;g__JAHTBL01;s__JAHTBL01 sp020177595,blast,90.70,iPHoP-RF;66.30
k141_155722,RS_GCF_900102535.1,d__Bacteria;p__Pseudomonadota;c__Alphaproteobacteria;o__Rhodobacterales;f__Rhodobacteraceae;g__Sulfitobacter;s__Sulfitobacter delicatus,blast,90.30,iPHoP-RF;74.30
k141_1565352,GB_GCA_015660615.1,d__Bacteria;p__Bacteroidota;c__Bacteroidia;o__Flavobacteriales;f__UA16;g__UBA974;s__UBA974 sp015660615,blast,96.10,iPHoP-RF;84.20
k141_1583294,GB_GCA_002724975.1,d__Bacteria;p__Patescibacteria;c__Paceibacteria;o__UBA9983_A;f__GCA-002724975;g__GCA-002724975;s__GCA-002724975 sp002724975,blast,93.60,iPHoP-RF;82.80
k141_1610959,GB_GCA_018882785.1,d__Bacteria;p__Pseudomonadota;c__Gammaproteobacteria;o__Burkholderiales;f__Burkholderiaceae_A;g__UBA954;s__UBA954 sp018882785,blast,91.90,None
k141_1629479,GB_GCA_002359215.1,d__Bacteria;p__Bacteroidota;c__Bacteroidia;o__Flavobacteriales;f__Vicingaceae;g__BRH-c54;s__BRH-c54 sp002359215,blast,93.90,iPHoP-RF;85.10
k141_163161,GB_GCA_002299585.1,d__Bacteria;p__Pseudomonadota;c__Gammaproteobacteria;o__Thiomicrospirales;f__Thiomicrospiraceae;g__Hydrogenovibrio;s__Hydrogenovibrio sp002299585,blast,93.70,None
k141_1632264,RS_GCF_000260115.1,d__Bacteria;p__Bacteroidota;c__Bacteroidia;o__Flavobacteriales;f__Flavobacteriaceae;g__Joostella;s__Joostella marina,blast,93.90,iPHoP-RF;61.90
k141_1632528,RS_GCF_000511385.1,d__Bacteria;p__Pseudomonadota;c__Alphaproteobacteria;o__Rhodobacterales;f__Rhodobacteraceae;g__Phaeobacter;s__Phaeobacter gallaeciensis,blast,92.90,iPHoP-RF;72.60
k141_1632528,RS_GCF_000473105.1,d__Bacteria;p__Pseudomonadota;c__Alphaproteobacteria;o__Rhodobacterales;f__Rhodobacteraceae;g__Phaeobacter;s__Phaeobacter inhibens,blast,91.10,iPHoP-RF;68.00
k141_165451,GB_GCA_021129775.1,d__Bacteria;p__Bacillota_A;c__Clostridia;o__Peptostreptococcales;f__Natronincolaceae;g__GCA-2733545;s__GCA-2733545 sp021129775,blast,93.60,iPHoP-RF;57.90
k141_1661192,3300020474_30,d__Bacteria;p__Bacteroidota;c__Bacteroidia;o__Flavobacteriales;f__Flavobacteriaceae;g__UBA724;s__,iPHoP-RF,92.80,None
k141_1661192,GB_GCA_022425505.1,d__Bacteria;p__Bacteroidota;c__Bacteroidia;o__Flavobacteriales;f__Flavobacteriaceae;g__UBA724;s__UBA724 sp022425505,iPHoP-RF,92.80,None
k141_1661192,GB_GCA_902536935.1,d__Bacteria;p__Bacteroidota;c__Bacteroidia;o__Flavobacteriales;f__Flavobacteriaceae;g__UBA724;s__UBA724 sp902536935,iPHoP-RF,92.10,None
k141_1661192,3300026292_26,d__Bacteria;p__Bacteroidota;c__Bacteroidia;o__Flavobacteriales;f__Flavobacteriaceae;g__UBA724;s__,iPHoP-RF,91.80,None
k141_1700002,GB_GCA_023703575.1,d__Bacteria;p__Pseudomonadota;c__Gammaproteobacteria;o__SAR86;f__SAR86;g__GCA-2707915;s__GCA-2707915 sp902620785,iPHoP-RF,91.80,None
k141_1700002,GB_GCA_902605935.1,d__Bacteria;p__Pseudomonadota;c__Gammaproteobacteria;o__SAR86;f__SAR86;g__GCA-2707915;s__GCA-2707915 sp902605935,iPHoP-RF,91.80,None
k141_1706124,RS_GCF_000260115.1,d__Bacteria;p__Bacteroidota;c__Bacteroidia;o__Flavobacteriales;f__Flavobacteriaceae;g__Joostella;s__Joostella marina,blast,92.20,iPHoP-RF;74.10
k141_171774,RS_GCF_000473105.1,d__Bacteria;p__Pseudomonadota;c__Alphaproteobacteria;o__Rhodobacterales;f__Rhodobacteraceae;g__Phaeobacter;s__Phaeobacter inhibens,blast,93.50,iPHoP-RF;61.40
k141_171774,RS_GCF_020177595.1,d__Bacteria;p__Pseudomonadota;c__Alphaproteobacteria;o__Rhodobacterales;f__Rhodobacteraceae;g__JAHTBL01;s__JAHTBL01 sp020177595,blast,91.40,iPHoP-RF;75.20
k141_171943,GB_GCA_018365265.1,d__Bacteria;p__Bacillota;c__Bacilli;o__Lactobacillales;f__Streptococcaceae;g__Streptococcus;s__Streptococcus parasanguinis_G,iPHoP-RF,93.40,None
k141_171943,RS_GCF_001813295.1,d__Bacteria;p__Bacillota;c__Bacilli;o__Lactobacillales;f__Streptococcaceae;g__Streptococcus;s__Streptococcus sp001813295,iPHoP-RF,93.40,None
k141_171943,RS_GCF_000314795.2,d__Bacteria;p__Bacillota;c__Bacilli;o__Lactobacillales;f__Streptococcaceae;g__Streptococcus;s__Streptococcus sp000314795,iPHoP-RF,92.80,None
k141_171943,RS_GCF_000180035.1,d__Bacteria;p__Bacillota;c__Bacilli;o__Lactobacillales;f__Streptococcaceae;g__Streptococcus;s__Streptococcus parasanguinis_C,iPHoP-RF,91.40,None
k141_171943,RS_GCF_001074805.1,d__Bacteria;p__Bacillota;c__Bacilli;o__Lactobacillales;f__Streptococcaceae;g__Streptococcus;s__Streptococcus parasanguinis_A,iPHoP-RF,91.10,None
k141_1722856,GB_GCA_022447065.1,d__Bacteria;p__Pseudomonadota;c__Gammaproteobacteria;o__SAR86;f__SAR86;g__AEGEAN-183;s__AEGEAN-183 sp022447065,blast,93.70,iPHoP-RF;71.50
k141_17256,3300002063_3,d__Bacteria;p__Pseudomonadota;c__Alphaproteobacteria;o__Rhodobacterales;f__Rhodobacteraceae;g__;s__,blast,94.20,None
k141_1736854,GB_GCA_002401955.1,d__Bacteria;p__Bacteroidota;c__Bacteroidia;o__Flavobacteriales;f__Vicingaceae;g__GCA-002793235;s__GCA-002793235 sp002401955,blast,93.00,iPHoP-RF;73.00
k141_1748231,GB_GCA_015660615.1,d__Bacteria;p__Bacteroidota;c__Bacteroidia;o__Flavobacteriales;f__UA16;g__UBA974;s__UBA974 sp015660615,blast,93.70,iPHoP-RF;91.40
k141_1761494,GB_GCA_016719015.1,d__Bacteria;p__Bacteroidota;c__Bacteroidia;o__Chitinophagales;f__Chitinophagaceae;g__JJ008;s__JJ008 sp016719015,iPHoP-RF,91.40,None
k141_1783642,GB_GCA_002686195.1,d__Archaea;p__Nanoarchaeota;c__Nanoarchaeia;o__Pacearchaeales;f__GW2011-AR1;g__ARS23;s__ARS23 sp002686195,blast,95.80,iPHoP-RF;60.10
k141_178570,GB_GCA_011050655.1,d__Bacteria;p__Pseudomonadota;c__Alphaproteobacteria;o__Rhodobacterales;f__Rhodobacteraceae;g__Sulfitobacter;s__Sulfitobacter sp011050655,blast,93.80,iPHoP-RF;59.20
k141_178570,RS_GCF_900106935.1,d__Bacteria;p__Pseudomonadota;c__Alphaproteobacteria;o__Rhodobacterales;f__Rhodobacteraceae;g__Sulfitobacter;s__Sulfitobacter pontiacus,blast,92.90,None
k141_178570,RS_GCF_018599245.1,d__Bacteria;p__Pseudomonadota;c__Alphaproteobacteria;o__Rhodobacterales;f__Rhodobacteraceae;g__Aliiroseovarius;s__Aliiroseovarius lamellibrachiae,blast,91.00,None
k141_1823339,RS_GCF_015330165.1,d__Bacteria;p__Bacteroidota;c__Bacteroidia;o__Flavobacteriales;f__Flavobacteriaceae;g__Zobellia;s__Zobellia roscoffensis,iPHoP-RF,93.40,None
k141_1823339,RS_GCF_018860745.1,d__Bacteria;p__Bacteroidota;c__Bacteroidia;o__Flavobacteriales;f__Flavobacteriaceae;g__Zobellia;s__Zobellia uliginosa_B,iPHoP-RF,93.10,None
k141_1823339,RS_GCF_008040165.1,d__Bacteria;p__Bacteroidota;c__Bacteroidia;o__Flavobacteriales;f__Flavobacteriaceae;g__Muricauda;s__Muricauda hymeniacidonis_A,iPHoP-RF,92.10,None
k141_1823364,GB_GCA_017404325.1,d__Bacteria;p__Patescibacteria;c__Saccharimonadia;o__Saccharimonadales;f__Nanosyncoccaceae;g__Nanosyncoccus;s__Nanosyncoccus sp017404325,iPHoP-RF,91.40,None
k141_1823364,GB_GCA_017432025.1,d__Bacteria;p__Patescibacteria;c__Saccharimonadia;o__Saccharimonadales;f__Nanosyncoccaceae;g__Nanosyncoccus;s__Nanosyncoccus sp017432025,iPHoP-RF,91.40,None
k141_1823364,GB_GCA_017431105.1,d__Bacteria;p__Patescibacteria;c__Saccharimonadia;o__Saccharimonadales;f__Nanosyncoccaceae;g__Nanosyncoccus;s__Nanosyncoccus sp017431105,iPHoP-RF,91.10,None
k141_1824748,GB_GCA_016763715.1,d__Bacteria;p__Bacteroidota;c__Bacteroidia;o__Flavobacteriales;f__Flavobacteriaceae;g__SMXJ01;s__SMXJ01 sp016763715,iPHoP-RF,95.10,None
k141_1824748,3300027834_22,d__Bacteria;p__Bacteroidota;c__Bacteroidia;o__Flavobacteriales;f__Flavobacteriaceae;g__Marinirhabdus;s__,iPHoP-RF,91.40,None
k141_1835259,MGYG000302702,d__Bacteria;p__Bacillota_A;c__Clostridia;o__Lachnospirales;f__Lachnospiraceae;g__Faecalimonas;s__,iPHoP-RF,90.50,None
k141_1835259,2703719135,d__Bacteria;p__Bacillota_A;c__Clostridia;o__Lachnospirales;f__Lachnospiraceae;g__Acetatifactor;s__,iPHoP-RF,90.10,None
k141_1842790,GB_GCA_905612535.1,d__Bacteria;p__Pseudomonadota;c__Alphaproteobacteria;o__Pelagibacterales;f__Pelagibacteraceae;g__AG-414-E02;s__AG-414-E02 sp905612535,blast,93.30,iPHoP-RF;72.20
k141_1845433,GB_GCA_015660615.1,d__Bacteria;p__Bacteroidota;c__Bacteroidia;o__Flavobacteriales;f__UA16;g__UBA974;s__UBA974 sp015660615,blast,93.40,iPHoP-RF;77.30
k141_1845706,GB_GCA_002683355.1,d__Bacteria;p__Pseudomonadota;c__Alphaproteobacteria;o__Rhodobacterales;f__Rhodobacteraceae;g__GCA-002712045;s__GCA-002712045 sp002683355,iPHoP-RF,92.10,None
k141_1845706,GB_GCA_002712045.1,d__Bacteria;p__Pseudomonadota;c__Alphaproteobacteria;o__Rhodobacterales;f__Rhodobacteraceae;g__GCA-002712045;s__GCA-002712045 sp002712045,iPHoP-RF,91.10,None
k141_186122,GB_GCA_012839085.1,d__Bacteria;p__Bacillota_A;c__Clostridia;o__Lachnospirales;f__Lachnospiraceae;g__Mobilitalea;s__Mobilitalea sp012839085,iPHoP-RF,93.10,None
k141_186732,MGYG000293930,d__Bacteria;p__Bacteroidota;c__Bacteroidia;o__Bacteroidales;f__P3;g__UBA1711;s__,iPHoP-RF,92.80,None
k141_186732,GB_GCA_017940465.1,d__Bacteria;p__Bacteroidota;c__Bacteroidia;o__Bacteroidales;f__P3;g__UBA1711;s__UBA1711 sp017940465,iPHoP-RF,90.80,None
k141_187448,RS_GCF_018282095.1,d__Bacteria;p__Pseudomonadota;c__Alphaproteobacteria;o__Rhizobiales;f__Stappiaceae;g__Pseudovibrio;s__Pseudovibrio brasiliensis,iPHoP-RF,90.50,None
k141_187696,GB_GCA_015487165.1,d__Bacteria;p__Pseudomonadota;c__Alphaproteobacteria;o__Rhodobacterales;f__Rhodobacteraceae;g__UBA5972;s__UBA5972 sp015487165,blast,93.20,iPHoP-RF;65.80
k141_1895701,GB_GCA_002686195.1,d__Archaea;p__Nanoarchaeota;c__Nanoarchaeia;o__Pacearchaeales;f__GW2011-AR1;g__ARS23;s__ARS23 sp002686195,blast,91.60,iPHoP-RF;59.00
k141_190178,RS_GCF_002211105.1,d__Bacteria;p__Pseudomonadota;c__Gammaproteobacteria;o__Pseudomonadales;f__Halomonadaceae;g__Halomonas;s__Halomonas campaniensis_A,iPHoP-RF,97.10,None
k141_190178,RS_GCF_001882345.1,d__Bacteria;p__Pseudomonadota;c__Gammaproteobacteria;o__Pseudomonadales;f__Halomonadaceae;g__Halomonas;s__Halomonas sp001882345,iPHoP-RF,96.70,None
k141_190178,RS_GCF_013415125.1,d__Bacteria;p__Pseudomonadota;c__Gammaproteobacteria;o__Pseudomonadales;f__Halomonadaceae;g__Halomonas;s__Halomonas glaciei,iPHoP-RF,96.70,None
k141_190178,RS_GCF_013416325.1,d__Bacteria;p__Pseudomonadota;c__Gammaproteobacteria;o__Pseudomonadales;f__Halomonadaceae;g__Halomonas;s__Halomonas sedimenti,iPHoP-RF,96.70,None
k141_190178,RS_GCF_019903445.1,d__Bacteria;p__Pseudomonadota;c__Gammaproteobacteria;o__Pseudomonadales;f__Halomonadaceae;g__Halomonas;s__Halomonas neptunia,iPHoP-RF,96.70,None
k141_190178,RS_GCF_020428305.1,d__Bacteria;p__Pseudomonadota;c__Gammaproteobacteria;o__Pseudomonadales;f__Halomonadaceae;g__Halomonas;s__Halomonas sp020428305,iPHoP-RF,96.70,None
k141_190178,GB_GCA_002366715.1,d__Bacteria;p__Pseudomonadota;c__Gammaproteobacteria;o__Pseudomonadales;f__Halomonadaceae;g__Halomonas;s__Halomonas sp002366715,iPHoP-RF,96.40,None
k141_190178,RS_GCF_000336575.1,d__Bacteria;p__Pseudomonadota;c__Gammaproteobacteria;o__Pseudomonadales;f__Halomonadaceae;g__Halomonas;s__Halomonas titanicae,iPHoP-RF,96.40,None
k141_190178,RS_GCF_001651035.1,d__Bacteria;p__Pseudomonadota;c__Gammaproteobacteria;o__Pseudomonadales;f__Halomonadaceae;g__Halomonas;s__Halomonas sp001651035,iPHoP-RF,96.40,None
k141_190178,RS_GCF_022489065.1,d__Bacteria;p__Pseudomonadota;c__Gammaproteobacteria;o__Pseudomonadales;f__Halomonadaceae;g__Halomonas;s__Halomonas neptunia_A,iPHoP-RF,96.40,None
k141_190178,GB_GCA_002257525.1,d__Bacteria;p__Pseudomonadota;c__Gammaproteobacteria;o__Pseudomonadales;f__Halomonadaceae;g__Halomonas;s__Halomonas ventosae_B,iPHoP-RF,96.10,None
k141_190178,RS_GCF_000235725.1,d__Bacteria;p__Pseudomonadota;c__Gammaproteobacteria;o__Pseudomonadales;f__Halomonadaceae;g__Halomonas;s__Halomonas sp000235725,iPHoP-RF,95.70,None
k141_190178,GB_GCA_004295565.1,d__Bacteria;p__Pseudomonadota;c__Gammaproteobacteria;o__Pseudomonadales;f__Halomonadaceae;g__Halomonas;s__Halomonas olivaria,iPHoP-RF,93.40,None
k141_190178,RS_GCF_013371085.1,d__Bacteria;p__Pseudomonadota;c__Gammaproteobacteria;o__Pseudomonadales;f__Halomonadaceae;g__Halomonas;s__Halomonas maris,iPHoP-RF,93.40,None
k141_190178,GB_GCA_007182875.1,d__Bacteria;p__Pseudomonadota;c__Gammaproteobacteria;o__Pseudomonadales;f__Halomonadaceae;g__Halomonas;s__Halomonas sulfidaeris,iPHoP-RF,91.80,None
k141_1916120,3300008101_28,d__Bacteria;p__Bacteroidota;c__Bacteroidia;o__Bacteroidales;f__Bacteroidaceae;g__Prevotella;s__,iPHoP-RF,95.10,None
k141_1916120,GB_GCA_021640525.1,d__Bacteria;p__Bacteroidota;c__Bacteroidia;o__Bacteroidales;f__Bacteroidaceae;g__Prevotella;s__Prevotella copri_C,iPHoP-RF,95.10,None
k141_1916120,GB_GCA_934191715.1,d__Bacteria;p__Bacteroidota;c__Bacteroidia;o__Bacteroidales;f__Bacteroidaceae;g__Prevotella;s__Prevotella sp934191715,iPHoP-RF,95.10,None
k141_1916120,MGYG000049339,d__Bacteria;p__Bacteroidota;c__Bacteroidia;o__Bacteroidales;f__Bacteroidaceae;g__Prevotella;s__,iPHoP-RF,95.10,None
k141_1916120,MGYG000057120,d__Bacteria;p__Bacteroidota;c__Bacteroidia;o__Bacteroidales;f__Bacteroidaceae;g__Prevotella;s__,iPHoP-RF,95.10,None
k141_1916120,MGYG000084648,d__Bacteria;p__Bacteroidota;c__Bacteroidia;o__Bacteroidales;f__Bacteroidaceae;g__Prevotella;s__Prevotella copri_D,iPHoP-RF,95.10,None
k141_1916120,MGYG000104361,d__Bacteria;p__Bacteroidota;c__Bacteroidia;o__Bacteroidales;f__Bacteroidaceae;g__Prevotella;s__,iPHoP-RF,95.10,None
k141_1916120,MGYG000130269,d__Bacteria;p__Bacteroidota;c__Bacteroidia;o__Bacteroidales;f__Bacteroidaceae;g__Prevotella;s__,iPHoP-RF,95.10,None
k141_1916120,MGYG000147393,d__Bacteria;p__Bacteroidota;c__Bacteroidia;o__Bacteroidales;f__Bacteroidaceae;g__Prevotella;s__,iPHoP-RF,95.10,None
k141_1916120,MGYG000151903,d__Bacteria;p__Bacteroidota;c__Bacteroidia;o__Bacteroidales;f__Bacteroidaceae;g__Prevotella;s__,iPHoP-RF,95.10,None
k141_1916120,MGYG000189887,d__Bacteria;p__Bacteroidota;c__Bacteroidia;o__Bacteroidales;f__Bacteroidaceae;g__Prevotella;s__,iPHoP-RF,95.10,None
k141_1916120,MGYG000191842,d__Bacteria;p__Bacteroidota;c__Bacteroidia;o__Bacteroidales;f__Bacteroidaceae;g__Prevotella;s__,iPHoP-RF,95.10,None
k141_1916120,MGYG000238889,d__Bacteria;p__Bacteroidota;c__Bacteroidia;o__Bacteroidales;f__Bacteroidaceae;g__Prevotella;s__,iPHoP-RF,95.10,None
k141_1916120,RS_GCF_009494135.1,d__Bacteria;p__Bacteroidota;c__Bacteroidia;o__Bacteroidales;f__Bacteroidaceae;g__Prevotella;s__Prevotella copri_B,iPHoP-RF,95.10,None
k141_1916120,MGYG000128920,d__Bacteria;p__Bacteroidota;c__Bacteroidia;o__Bacteroidales;f__Bacteroidaceae;g__Prevotella;s__,iPHoP-RF,94.70,None
k141_1916120,GB_GCA_021619875.1,d__Bacteria;p__Bacteroidota;c__Bacteroidia;o__Bacteroidales;f__Bacteroidaceae;g__Prevotella;s__Prevotella copri_D,iPHoP-RF,94.40,None
k141_1916120,GB_GCA_900557255.1,d__Bacteria;p__Bacteroidota;c__Bacteroidia;o__Bacteroidales;f__Bacteroidaceae;g__Prevotella;s__Prevotella sp900557255,iPHoP-RF,94.40,None
k141_1916120,MGYG000034382,d__Bacteria;p__Bacteroidota;c__Bacteroidia;o__Bacteroidales;f__Bacteroidaceae;g__Prevotella;s__,iPHoP-RF,94.40,None
k141_1916120,MGYG000036352,d__Bacteria;p__Bacteroidota;c__Bacteroidia;o__Bacteroidales;f__Bacteroidaceae;g__Prevotella;s__,iPHoP-RF,94.40,None
k141_1916120,MGYG000041965,d__Bacteria;p__Bacteroidota;c__Bacteroidia;o__Bacteroidales;f__Bacteroidaceae;g__Prevotella;s__,iPHoP-RF,94.40,None
k141_1916120,MGYG000275896,d__Bacteria;p__Bacteroidota;c__Bacteroidia;o__Bacteroidales;f__Bacteroidaceae;g__Prevotella;s__,iPHoP-RF,94.40,None
k141_1916120,MGYG000289333,d__Bacteria;p__Bacteroidota;c__Bacteroidia;o__Bacteroidales;f__Bacteroidaceae;g__Prevotella;s__,iPHoP-RF,94.40,None
k141_1916120,RS_GCF_019127135.1,d__Bacteria;p__Bacteroidota;c__Bacteroidia;o__Bacteroidales;f__Bacteroidaceae;g__Prevotella;s__Prevotella sp900551275,iPHoP-RF,94.40,None
k141_1916120,MGYG000170772,d__Bacteria;p__Bacteroidota;c__Bacteroidia;o__Bacteroidales;f__Bacteroidaceae;g__Prevotella;s__,iPHoP-RF,93.70,None
k141_1916120,MGYG000260887,d__Bacteria;p__Bacteroidota;c__Bacteroidia;o__Bacteroidales;f__Bacteroidaceae;g__Prevotella;s__,iPHoP-RF,93.10,None
k141_1916120,MGYG000188088,d__Bacteria;p__Bacteroidota;c__Bacteroidia;o__Bacteroidales;f__Bacteroidaceae;g__Prevotella;s__,iPHoP-RF,92.80,None
k141_1916120,GB_GCA_934202525.1,d__Bacteria;p__Bacteroidota;c__Bacteroidia;o__Bacteroidales;f__Bacteroidaceae;g__Prevotella;s__Prevotella sp934202525,iPHoP-RF,92.40,None
k141_1916120,MGYG000195700,d__Bacteria;p__Bacteroidota;c__Bacteroidia;o__Bacteroidales;f__Bacteroidaceae;g__Prevotella;s__,iPHoP-RF,92.40,None
k141_1916120,MGYG000257166,d__Bacteria;p__Bacteroidota;c__Bacteroidia;o__Bacteroidales;f__Bacteroidaceae;g__Prevotella;s__,iPHoP-RF,91.80,None
k141_1916120,MGYG000220899,d__Bacteria;p__Bacteroidota;c__Bacteroidia;o__Bacteroidales;f__Bacteroidaceae;g__Prevotella;s__,iPHoP-RF,91.40,None
k141_1916120,RS_GCF_015074785.1,d__Bacteria;p__Bacteroidota;c__Bacteroidia;o__Bacteroidales;f__Bacteroidaceae;g__Prevotella;s__Prevotella sp015074785,iPHoP-RF,91.40,None
k141_1916120,MGYG000257654,d__Bacteria;p__Bacteroidota;c__Bacteroidia;o__Bacteroidales;f__Bacteroidaceae;g__Prevotella;s__Prevotella sp900551275,iPHoP-RF,90.10,None
k141_1922128,RS_GCF_000260115.1,d__Bacteria;p__Bacteroidota;c__Bacteroidia;o__Flavobacteriales;f__Flavobacteriaceae;g__Joostella;s__Joostella marina,blast,91.10,None
k141_1929727,GB_GCA_001628005.1,d__Bacteria;p__Pseudomonadota;c__Gammaproteobacteria;o__SAR86;f__SAR86;g__AEGEAN-183;s__AEGEAN-183 sp001628005,blast,93.50,iPHoP-RF;64.50
k141_1954608,GB_GCA_902619855.1,d__Bacteria;p__Bacteroidota;c__Bacteroidia;o__Flavobacteriales;f__Flavobacteriaceae;g__UBA724;s__UBA724 sp902619855,iPHoP-RF,95.40,None
k141_1954608,GB_GCA_913051755.1,d__Bacteria;p__Bacteroidota;c__Bacteroidia;o__Flavobacteriales;f__Flavobacteriaceae;g__UBA724;s__UBA724 sp913051755,iPHoP-RF,95.10,None
k141_1954608,GB_GCA_018672145.1,d__Bacteria;p__Bacteroidota;c__Bacteroidia;o__Flavobacteriales;f__Flavobacteriaceae;g__UBA724;s__UBA724 sp018672145,iPHoP-RF,94.10,None
k141_1954608,GB_GCA_022425505.1,d__Bacteria;p__Bacteroidota;c__Bacteroidia;o__Flavobacteriales;f__Flavobacteriaceae;g__UBA724;s__UBA724 sp022425505,iPHoP-RF,94.10,None
k141_1954608,GB_GCA_002723075.1,d__Bacteria;p__Bacteroidota;c__Bacteroidia;o__Flavobacteriales;f__Flavobacteriaceae;g__UBA724;s__UBA724 sp002723075,iPHoP-RF,93.10,None
k141_1954608,GB_GCA_902586905.1,d__Bacteria;p__Bacteroidota;c__Bacteroidia;o__Flavobacteriales;f__Flavobacteriaceae;g__UBA724;s__UBA724 sp902586905,iPHoP-RF,92.80,None
k141_1954608,3300020474_30,d__Bacteria;p__Bacteroidota;c__Bacteroidia;o__Flavobacteriales;f__Flavobacteriaceae;g__UBA724;s__,iPHoP-RF,92.10,None
k141_1954608,3300026987_6,d__Bacteria;p__Bacillota;c__Bacilli;o__Izemoplasmatales;f__Izemoplasmataceae;g__UBA3566;s__,iPHoP-RF,91.10,None
k141_1957,RS_GCF_003852425.1,d__Bacteria;p__Pseudomonadota;c__Gammaproteobacteria;o__Burkholderiales;f__Burkholderiaceae_B;g__Paucibacter_A;s__Paucibacter_A sp003852425,blast,91.10,None
k141_1957,RS_GCF_001598795.1,d__Bacteria;p__Pseudomonadota;c__Gammaproteobacteria;o__Burkholderiales;f__Burkholderiaceae_B;g__Comamonas;s__Comamonas acidovorans,blast,91.00,None
k141_1961207,GB_GCA_002729765.1,d__Bacteria;p__Actinomycetota;c__Acidimicrobiia;o__Acidimicrobiales;f__MedAcidi-G1;g__MedAcidi-G1;s__MedAcidi-G1 sp002729765,blast,93.70,iPHoP-RF;72.20
k141_1963010,GB_GCA_002296225.1,d__Bacteria;p__Acidobacteriota;c__Vicinamibacteria;o__Vicinamibacterales;f__UBA823;g__UBA823;s__UBA823 sp002296225,blast,92.00,None
k141_1963342,RS_GCF_000260115.1,d__Bacteria;p__Bacteroidota;c__Bacteroidia;o__Flavobacteriales;f__Flavobacteriaceae;g__Joostella;s__Joostella marina,blast,96.20,iPHoP-RF;72.40
k141_196442,GB_GCA_002686195.1,d__Archaea;p__Nanoarchaeota;c__Nanoarchaeia;o__Pacearchaeales;f__GW2011-AR1;g__ARS23;s__ARS23 sp002686195,blast,91.90,iPHoP-RF;75.90
k141_1975536,GB_GCA_015487165.1,d__Bacteria;p__Pseudomonadota;c__Alphaproteobacteria;o__Rhodobacterales;f__Rhodobacteraceae;g__UBA5972;s__UBA5972 sp015487165,blast,93.60,iPHoP-RF;69.10
k141_1975536,GB_GCA_002732995.1,d__Bacteria;p__Pseudomonadota;c__Alphaproteobacteria;o__Rhodobacterales;f__Rhodobacteraceae;g__Profundibacter;s__Profundibacter sp002732995,blast,91.20,iPHoP-RF;73.50
k141_1991805,3300020443_33,d__Archaea;p__Thermoproteota;c__Nitrososphaeria;o__Nitrososphaerales;f__UBA57;g__UBA57;s__,blast,91.10,None
k141_1992881,RS_GCF_902506575.1,d__Bacteria;p__Actinomycetota;c__Actinomycetia;o__Streptomycetales;f__Streptomycetaceae;g__Streptomyces;s__Streptomyces mexicanus,blast,92.20,None
k141_201765,GB_GCA_902562425.1,d__Bacteria;p__Pseudomonadota;c__Gammaproteobacteria;o__Pseudomonadales;f__Porticoccaceae;g__TMED48;s__TMED48 sp902562425,blast,94.10,iPHoP-RF;86.30
k141_202088,RS_GCF_003544895.1,d__Bacteria;p__Pseudomonadota;c__Alphaproteobacteria;o__Rhodobacterales;f__Rhodobacteraceae;g__Profundibacter;s__Profundibacter amoris,blast,93.80,None
k141_202719,GB_GCA_002722155.1,d__Bacteria;p__Chloroflexota;c__Dehalococcoidia;o__SAR202;f__UBA826;g__UBA11996;s__UBA11996 sp002722155,iPHoP-RF,90.50,None
k141_203689,3300013744_1,d__Archaea;p__Methanobacteriota;c__Methanobacteria;o__Methanobacteriales;f__Methanobacteriaceae;g__Methanobrevibacter_A;s__,iPHoP-RF,94.10,None
k141_203689,RS_GCF_900458815.1,d__Bacteria;p__Bacillota;c__Bacilli;o__Staphylococcales;f__Staphylococcaceae;g__Staphylococcus;s__Staphylococcus saccharolyticus,iPHoP-RF,93.10,None
k141_203689,RS_GCF_002902325.1,d__Bacteria;p__Bacillota;c__Bacilli;o__Staphylococcales;f__Staphylococcaceae;g__Staphylococcus;s__Staphylococcus capitis,iPHoP-RF,90.50,None
k141_20419,GB_GCA_913047525.1,d__Bacteria;p__Bacteroidota;c__Bacteroidia;o__Flavobacteriales;f__BACL11;g__DUAL01;s__DUAL01 sp913047525,blast,91.60,iPHoP-RF;67.00
k141_204609,GB_GCA_023460515.1,d__Bacteria;p__Bacillota_A;c__Clostridia;o__TANB77;f__CAG-465;g__RGIG5057;s__RGIG5057 sp023460515,iPHoP-RF,95.70,None
k141_204609,RS_GCF_014287955.1,d__Bacteria;p__Bacillota_A;c__Clostridia;o__Lachnospirales;f__Lachnospiraceae;g__Lachnospira;s__Lachnospira sp900316325,iPHoP-RF,94.40,None
k141_204609,3300017518_52,d__Bacteria;p__Bacillota_A;c__Clostridia;o__TANB77;f__CAG-465;g__RGIG5057;s__,iPHoP-RF,92.40,None
k141_204609,GB_GCA_023420085.1,d__Bacteria;p__Bacillota_A;c__Clostridia;o__Lachnospirales;f__Lachnospiraceae;g__JAEZWQ01;s__JAEZWQ01 sp023420085,iPHoP-RF,90.80,None
k141_205978,RS_GCF_000260115.1,d__Bacteria;p__Bacteroidota;c__Bacteroidia;o__Flavobacteriales;f__Flavobacteriaceae;g__Joostella;s__Joostella marina,blast,94.10,iPHoP-RF;63.50
k141_211475|provirus_2_7121,GB_GCA_944350415.1,d__Bacteria;p__Bacillota;c__Bacilli;o__RF39;f__UBA660;g__Scybalousia;s__Scybalousia sp944350415,iPHoP-RF,90.50,None
k141_213543,RS_GCF_003443615.1,d__Bacteria;p__Pseudomonadota;c__Gammaproteobacteria;o__Enterobacterales_A;f__Alteromonadaceae;g__Alteromonas;s__Alteromonas sp003443615,iPHoP-RF,95.70,None
k141_213543,RS_GCF_000172635.2,d__Bacteria;p__Pseudomonadota;c__Gammaproteobacteria;o__Enterobacterales_A;f__Alteromonadaceae;g__Alteromonas;s__Alteromonas macleodii,iPHoP-RF,95.40,None
k141_213543,RS_GCF_001885075.1,d__Bacteria;p__Pseudomonadota;c__Gammaproteobacteria;o__Enterobacterales_A;f__Alteromonadaceae;g__Alteromonas;s__Alteromonas sp001885075,iPHoP-RF,95.40,None
k141_213543,RS_GCF_001953635.1,d__Bacteria;p__Pseudomonadota;c__Gammaproteobacteria;o__Enterobacterales_A;f__Alteromonadaceae;g__Alteromonas;s__Alteromonas abrolhosensis,iPHoP-RF,95.40,None
k141_213543,RS_GCF_903772925.1,d__Bacteria;p__Pseudomonadota;c__Gammaproteobacteria;o__Enterobacterales_A;f__Alteromonadaceae;g__Alteromonas;s__Alteromonas macleodii_A,iPHoP-RF,94.10,None
k141_213543,RS_GCF_002993325.1,d__Bacteria;p__Pseudomonadota;c__Gammaproteobacteria;o__Enterobacterales_A;f__Alteromonadaceae;g__Alteromonas;s__Alteromonas gracilis,iPHoP-RF,93.70,None
k141_213543,RS_GCF_018619335.1,d__Bacteria;p__Pseudomonadota;c__Gammaproteobacteria;o__Enterobacterales_A;f__Alteromonadaceae;g__Alteromonas;s__Alteromonas sp018619335,iPHoP-RF,93.70,None
k141_213543,RS_GCF_000808575.1,d__Bacteria;p__Pseudomonadota;c__Gammaproteobacteria;o__Enterobacterales_A;f__Alteromonadaceae;g__Alteromonas;s__Alteromonas marina,iPHoP-RF,93.40,None
k141_213543,RS_GCF_005117025.1,d__Bacteria;p__Pseudomonadota;c__Gammaproteobacteria;o__Enterobacterales_A;f__Alteromonadaceae;g__Alteromonas;s__Alteromonas portus,iPHoP-RF,92.80,None
k141_213543,RS_GCF_000020585.3,d__Bacteria;p__Pseudomonadota;c__Gammaproteobacteria;o__Enterobacterales_A;f__Alteromonadaceae;g__Alteromonas;s__Alteromonas mediterranea,iPHoP-RF,91.10,None
k141_214172,RS_GCF_003544895.1,d__Bacteria;p__Pseudomonadota;c__Alphaproteobacteria;o__Rhodobacterales;f__Rhodobacteraceae;g__Profundibacter;s__Profundibacter amoris,blast,93.10,None
k141_214172,GB_GCA_002732995.1,d__Bacteria;p__Pseudomonadota;c__Alphaproteobacteria;o__Rhodobacterales;f__Rhodobacteraceae;g__Profundibacter;s__Profundibacter sp002732995,blast,91.90,None
k141_218569,RS_GCF_001598795.1,d__Bacteria;p__Pseudomonadota;c__Gammaproteobacteria;o__Burkholderiales;f__Burkholderiaceae_B;g__Comamonas;s__Comamonas acidovorans,blast,95.10,iPHoP-RF;90.50
k141_218569,RS_GCF_001544075.1,d__Bacteria;p__Pseudomonadota;c__Gammaproteobacteria;o__Burkholderiales;f__Burkholderiaceae_B;g__Comamonas;s__Comamonas terrae,iPHoP-RF,94.10,None
k141_218569,RS_GCF_001571325.1,d__Bacteria;p__Pseudomonadota;c__Gammaproteobacteria;o__Burkholderiales;f__Burkholderiaceae_B;g__Comamonas;s__Comamonas tsuruhatensis,blast,93.80,iPHoP-RF;90.80 CRISPR;58.30
k141_218569,RS_GCF_900461435.1,d__Bacteria;p__Pseudomonadota;c__Gammaproteobacteria;o__Burkholderiales;f__Burkholderiaceae_B;g__Comamonas;s__Comamonas terrigena,iPHoP-RF,93.10,None
k141_218569,GB_GCA_003755025.1,d__Bacteria;p__Pseudomonadota;c__Gammaproteobacteria;o__Burkholderiales;f__Burkholderiaceae_B;g__Diaphorobacter;s__Diaphorobacter nitroreducens,iPHoP-RF,92.10,None
k141_218569,GB_GCA_018241405.1,d__Bacteria;p__Pseudomonadota;c__Gammaproteobacteria;o__Burkholderiales;f__Burkholderiaceae_B;g__Alicycliphilus;s__Alicycliphilus sp018241405,iPHoP-RF,91.80,None
k141_218569,GB_GCA_009360615.1,d__Bacteria;p__Pseudomonadota;c__Gammaproteobacteria;o__Burkholderiales;f__Burkholderiaceae_B;g__Comamonas;s__Comamonas sp009360615,iPHoP-RF,90.10,None
k141_219260,GB_GCA_002170735.1,d__Bacteria;p__Marinisomatota;c__Marinisomatia;o__SCGC-AAA003-L08;f__TMED198;g__TMED198;s__TMED198 sp002170735,blast,91.50,None
k141_220317,GB_GCA_017854415.1,d__Bacteria;p__Pseudomonadota;c__Alphaproteobacteria;o__Rhodobacterales;f__Rhodobacteraceae;g__Yoonia;s__Yoonia sp017854415,blast,91.70,iPHoP-RF;71.10
k141_220317,RS_GCF_000967725.1,d__Bacteria;p__Pseudomonadota;c__Alphaproteobacteria;o__Rhodobacterales;f__Rhodobacteraceae;g__Yoonia;s__Yoonia sp000967725,blast,90.90,iPHoP-RF;70.20
k141_220534,RS_GCF_000473105.1,d__Bacteria;p__Pseudomonadota;c__Alphaproteobacteria;o__Rhodobacterales;f__Rhodobacteraceae;g__Phaeobacter;s__Phaeobacter inhibens,blast,93.60,iPHoP-RF;63.00
k141_220534,GB_GCA_900313015.1,d__Bacteria;p__Pseudomonadota;c__Alphaproteobacteria;o__Rhodobacterales;f__Rhodobacteraceae;g__OMPR01;s__OMPR01 sp900313015,blast,91.60,iPHoP-RF;65.80
k141_220534,RS_GCF_003111685.1,d__Bacteria;p__Pseudomonadota;c__Alphaproteobacteria;o__Rhodobacterales;f__Rhodobacteraceae;g__Salipiger;s__Salipiger pacificus_A,blast,90.90,None
k141_220534,RS_GCF_001969385.1,d__Bacteria;p__Pseudomonadota;c__Alphaproteobacteria;o__Rhodobacterales;f__Rhodobacteraceae;g__Salipiger;s__Salipiger profundus,blast,90.70,None
k141_22058,RS_GCF_011064285.1,d__Bacteria;p__Pseudomonadota;c__Gammaproteobacteria;o__Enterobacterales_A;f__Vibrionaceae;g__Vibrio;s__Vibrio ziniensis,iPHoP-RF,95.40,None
k141_22058,RS_GCF_014596725.1,d__Bacteria;p__Pseudomonadota;c__Gammaproteobacteria;o__Enterobacterales_A;f__Vibrionaceae;g__Vibrio;s__Vibrio sp014596725,iPHoP-RF,93.40,None
k141_22058,RS_GCF_018860525.1,d__Bacteria;p__Pseudomonadota;c__Gammaproteobacteria;o__Enterobacterales_A;f__Vibrionaceae;g__Vibrio;s__Vibrio hepatarius_B,iPHoP-RF,93.40,None
k141_22058,RS_GCF_001547935.1,d__Bacteria;p__Pseudomonadota;c__Gammaproteobacteria;o__Enterobacterales_A;f__Vibrionaceae;g__Vibrio;s__Vibrio tritonius,iPHoP-RF,93.10,None
k141_22058,RS_GCF_002749895.1,d__Bacteria;p__Pseudomonadota;c__Gammaproteobacteria;o__Enterobacterales_A;f__Vibrionaceae;g__Vibrio;s__Vibrio fujianensis,iPHoP-RF,92.40,None
k141_22058,RS_GCF_015686695.1,d__Bacteria;p__Pseudomonadota;c__Gammaproteobacteria;o__Enterobacterales_A;f__Vibrionaceae;g__Vibrio;s__Vibrio nitrifigilis,iPHoP-RF,92.10,None
k141_22058,RS_GCF_022113815.1,d__Bacteria;p__Pseudomonadota;c__Gammaproteobacteria;o__Enterobacterales_A;f__Vibrionaceae;g__Vibrio;s__Vibrio cincinnatiensis_A,iPHoP-RF,92.10,None
k141_22058,RS_GCF_900167345.1,d__Bacteria;p__Pseudomonadota;c__Gammaproteobacteria;o__Enterobacterales_A;f__Vibrionaceae;g__Vibrio;s__Vibrio cincinnatiensis,iPHoP-RF,92.10,None
k141_224326,RS_GCF_000511385.1,d__Bacteria;p__Pseudomonadota;c__Alphaproteobacteria;o__Rhodobacterales;f__Rhodobacteraceae;g__Phaeobacter;s__Phaeobacter gallaeciensis,blast,93.30,iPHoP-RF;52.00
k141_224326,GB_GCA_002748285.1,d__Bacteria;p__Pseudomonadota;c__Alphaproteobacteria;o__Rhodobacterales;f__Rhodobacteraceae;g__Profundibacter;s__Profundibacter sp002748285,blast,92.00,None
k141_225178,RS_GCF_009688945.1,d__Bacteria;p__Desulfobacterota;c__Desulfobacteria;o__Desulfobacterales;f__Desulfosarcinaceae;g__Desulfosarcina;s__Desulfosarcina alkanivorans,blast,91.90,None
k141_225779,3300027839_98,d__Archaea;p__Thermoplasmatota;c__Poseidoniia;o__Poseidoniales;f__Thalassarchaeaceae;g__MGIIb-O2;s__,blast,95.40,iPHoP-RF;68.60
k141_22635,GB_GCA_023387635.1,d__Bacteria;p__Bacillota_A;c__Clostridia;o__Lachnospirales;f__Lachnospiraceae;g__Anaerocolumna;s__Anaerocolumna sp023387635,iPHoP-RF,90.50,None
k141_227715,RS_GCF_900106935.1,d__Bacteria;p__Pseudomonadota;c__Alphaproteobacteria;o__Rhodobacterales;f__Rhodobacteraceae;g__Sulfitobacter;s__Sulfitobacter pontiacus,blast,95.20,iPHoP-RF;57.90
k141_228181,GB_GCA_002310135.1,d__Bacteria;p__Bacillota;c__Bacilli;o__Izemoplasmatales;f__UBA1188;g__UBA1188;s__UBA1188 sp002310135,iPHoP-RF,93.40,None
k141_229719,RS_GCF_020177595.1,d__Bacteria;p__Pseudomonadota;c__Alphaproteobacteria;o__Rhodobacterales;f__Rhodobacteraceae;g__JAHTBL01;s__JAHTBL01 sp020177595,blast,93.90,None
k141_229719,RS_GCF_900102535.1,d__Bacteria;p__Pseudomonadota;c__Alphaproteobacteria;o__Rhodobacterales;f__Rhodobacteraceae;g__Sulfitobacter;s__Sulfitobacter delicatus,blast,92.00,iPHoP-RF;75.40
k141_230599,GB_GCA_002696735.1,d__Bacteria;p__Pseudomonadota;c__Gammaproteobacteria;o__Nitrosococcales;f__Methylophagaceae;g__Methylophaga;s__Methylophaga sp002696735,blast,94.20,iPHoP-RF;68.00
k141_231679,GB_GCA_021129775.1,d__Bacteria;p__Bacillota_A;c__Clostridia;o__Peptostreptococcales;f__Natronincolaceae;g__GCA-2733545;s__GCA-2733545 sp021129775,blast,93.80,iPHoP-RF;68.90
k141_23321,GB_GCA_018260565.1,d__Bacteria;p__Bacteroidota;c__Bacteroidia;o__Flavobacteriales;f__Weeksellaceae;g__JAGLAZ01;s__JAGLAZ01 sp018260565,iPHoP-RF,92.40,None
k141_234240,RS_GCF_000511385.1,d__Bacteria;p__Pseudomonadota;c__Alphaproteobacteria;o__Rhodobacterales;f__Rhodobacteraceae;g__Phaeobacter;s__Phaeobacter gallaeciensis,blast,91.30,iPHoP-RF;63.80
k141_234942,RS_GCF_000354175.2,d__Bacteria;p__Pseudomonadota;c__Gammaproteobacteria;o__Enterobacterales_A;f__Vibrionaceae;g__Vibrio;s__Vibrio alginolyticus,iPHoP-RF,93.40,blast;92.10
k141_234942,RS_GCF_003605645.1,d__Bacteria;p__Pseudomonadota;c__Gammaproteobacteria;o__Enterobacterales_A;f__Vibrionaceae;g__Vibrio;s__Vibrio sinensis,blast,92.40,iPHoP-RF;87.60
k141_234942,RS_GCF_900460535.1,d__Bacteria;p__Pseudomonadota;c__Gammaproteobacteria;o__Enterobacterales_A;f__Vibrionaceae;g__Vibrio;s__Vibrio parahaemolyticus,blast,92.10,iPHoP-RF;91.80
k141_234942,RS_GCF_000830505.1,d__Bacteria;p__Pseudomonadota;c__Gammaproteobacteria;o__Enterobacterales_A;f__Vibrionaceae;g__Vibrio;s__Vibrio mytili,blast,92.00,iPHoP-RF;88.90
k141_234942,RS_GCF_003144035.1,d__Bacteria;p__Pseudomonadota;c__Gammaproteobacteria;o__Enterobacterales_A;f__Vibrionaceae;g__Vibrio;s__Vibrio albus,iPHoP-RF,90.80,blast;89.70
k141_234942,GB_GCA_024347615.1,d__Bacteria;p__Pseudomonadota;c__Gammaproteobacteria;o__Enterobacterales_A;f__Vibrionaceae;g__Vibrio;s__Vibrio splendidus,blast,90.10,iPHoP-RF;77.80
k141_238444,GB_GCA_002937675.1,d__Bacteria;p__Pseudomonadota;c__Alphaproteobacteria;o__TMED109;f__TMED109;g__MarineAlpha9-Bin2;s__MarineAlpha9-Bin2 sp002937675,blast,91.90,None
k141_239085,RS_GCF_001571325.1,d__Bacteria;p__Pseudomonadota;c__Gammaproteobacteria;o__Burkholderiales;f__Burkholderiaceae_B;g__Comamonas;s__Comamonas tsuruhatensis,iPHoP-RF,96.40,blast;94.60 CRISPR;89.20
k141_239085,RS_GCF_001598795.1,d__Bacteria;p__Pseudomonadota;c__Gammaproteobacteria;o__Burkholderiales;f__Burkholderiaceae_B;g__Comamonas;s__Comamonas acidovorans,iPHoP-RF,93.40,CRISPR;74.70
k141_23956,GB_GCA_001314655.1,d__Bacteria;p__Pseudomonadota;c__Alphaproteobacteria;o__Rhodobacterales;f__Rhodobacteraceae;g__Salibaculum;s__Salibaculum sp001314655,blast,92.00,iPHoP-RF;64.30
k141_23956,GB_GCA_024226455.1,d__Bacteria;p__Pseudomonadota;c__Alphaproteobacteria;o__Rhodobacterales;f__Rhodobacteraceae;g__Rhodobacter_B;s__Rhodobacter_B sp024226455,blast,91.10,iPHoP-RF;65.10
k141_23956,GB_GCA_024224295.1,d__Bacteria;p__Pseudomonadota;c__Alphaproteobacteria;o__Rhodobacterales;f__Rhodobacteraceae;g__Shimia;s__Shimia sp024224295,blast,90.90,iPHoP-RF;60.10
k141_240966,RS_GCF_000511385.1,d__Bacteria;p__Pseudomonadota;c__Alphaproteobacteria;o__Rhodobacterales;f__Rhodobacteraceae;g__Phaeobacter;s__Phaeobacter gallaeciensis,blast,93.30,iPHoP-RF;71.50
k141_243061,GB_GCA_002367285.1,d__Bacteria;p__Pseudomonadota;c__Alphaproteobacteria;o__Rhodobacterales;f__Rhodobacteraceae;g__N1Y82;s__N1Y82 sp002367285,blast,91.80,None
k141_246110,RS_GCF_003144325.1,d__Bacteria;p__Pseudomonadota;c__Gammaproteobacteria;o__Enterobacterales;f__Enterobacteriaceae;g__Proteus;s__Proteus terrae,iPHoP-RF,91.80,None
k141_246110,RS_GCF_003144405.1,d__Bacteria;p__Pseudomonadota;c__Gammaproteobacteria;o__Enterobacterales;f__Enterobacteriaceae;g__Proteus;s__Proteus cibi,iPHoP-RF,91.80,None
k141_246110,RS_GCF_011045835.1,d__Bacteria;p__Pseudomonadota;c__Gammaproteobacteria;o__Enterobacterales;f__Enterobacteriaceae;g__Proteus;s__Proteus cibarius,iPHoP-RF,91.80,None
k141_246110,RS_GCF_011046025.1,d__Bacteria;p__Pseudomonadota;c__Gammaproteobacteria;o__Enterobacterales;f__Enterobacteriaceae;g__Proteus;s__Proteus sp011046025,iPHoP-RF,91.80,None
k141_246110,RS_GCF_016647575.1,d__Bacteria;p__Pseudomonadota;c__Gammaproteobacteria;o__Enterobacterales;f__Enterobacteriaceae;g__Proteus;s__Proteus mirabilis_B,iPHoP-RF,91.80,None
k141_246110,RS_GCF_000160755.1,d__Bacteria;p__Pseudomonadota;c__Gammaproteobacteria;o__Enterobacterales;f__Enterobacteriaceae;g__Proteus;s__Proteus mirabilis,iPHoP-RF,91.40,None
k141_246110,RS_GCF_023205015.1,d__Bacteria;p__Pseudomonadota;c__Gammaproteobacteria;o__Enterobacterales;f__Enterobacteriaceae;g__Providencia;s__Providencia rettgeri_E,iPHoP-RF,91.10,None
k141_246110,RS_GCF_019343475.1,d__Bacteria;p__Pseudomonadota;c__Gammaproteobacteria;o__Enterobacterales;f__Enterobacteriaceae;g__Providencia;s__Providencia sp019343475,iPHoP-RF,90.80,None
k141_246110,GB_GCA_900455085.1,d__Bacteria;p__Pseudomonadota;c__Gammaproteobacteria;o__Enterobacterales;f__Enterobacteriaceae;g__Providencia;s__Providencia rettgeri,iPHoP-RF,90.10,None
k141_246241,RS_GCF_000260115.1,d__Bacteria;p__Bacteroidota;c__Bacteroidia;o__Flavobacteriales;f__Flavobacteriaceae;g__Joostella;s__Joostella marina,blast,94.70,iPHoP-RF;73.50
k141_246586,RS_GCF_013179285.1,d__Bacteria;p__Pseudomonadota;c__Alphaproteobacteria;o__Rhodobacterales;f__Rhodobacteraceae;g__Rhodophyticola;s__Rhodophyticola sp013179285,blast,93.00,iPHoP-RF;61.40
k141_246586,RS_GCF_000511385.1,d__Bacteria;p__Pseudomonadota;c__Alphaproteobacteria;o__Rhodobacterales;f__Rhodobacteraceae;g__Phaeobacter;s__Phaeobacter gallaeciensis,blast,90.50,iPHoP-RF;65.60
k141_246586,GB_GCA_000158135.1,d__Bacteria;p__Pseudomonadota;c__Alphaproteobacteria;o__Rhodobacterales;f__Rhodobacteraceae;g__Ruegeria;s__Ruegeria sp000158135,blast,90.20,iPHoP-RF;67.50
k141_249028,3300002063_3,d__Bacteria;p__Pseudomonadota;c__Alphaproteobacteria;o__Rhodobacterales;f__Rhodobacteraceae;g__;s__,blast,93.20,None
k141_249996,RS_GCF_000695795.1,d__Bacteria;p__Bacteroidota;c__Bacteroidia;o__Flavobacteriales;f__Flavobacteriaceae;g__Flavobacterium;s__Flavobacterium seoulense,iPHoP-RF,94.40,None
k141_249996,RS_GCF_000425505.1,d__Bacteria;p__Bacteroidota;c__Bacteroidia;o__Flavobacteriales;f__Flavobacteriaceae;g__Flavobacterium;s__Flavobacterium frigidarium,iPHoP-RF,91.80,None
k141_249996,RS_GCF_013294025.1,d__Bacteria;p__Bacteroidota;c__Bacteroidia;o__Flavobacteriales;f__Flavobacteriaceae;g__Flavobacterium;s__Flavobacterium sp013294025,iPHoP-RF,91.40,None
k141_254932,RS_GCF_020405475.1,d__Bacteria;p__Pseudomonadota;c__Alphaproteobacteria;o__Rickettsiales;f__Anaplasmataceae;g__Wolbachia;s__Wolbachia sp020405475,iPHoP-RF,92.80,None
k141_258895,GB_GCA_905182255.1,d__Bacteria;p__Bacteroidota;c__Bacteroidia;o__Flavobacteriales;f__BACL11;g__UWMA-0277;s__UWMA-0277 sp905182255,iPHoP-RF,91.10,None
k141_259464,RS_GCF_000020585.3,d__Bacteria;p__Pseudomonadota;c__Gammaproteobacteria;o__Enterobacterales_A;f__Alteromonadaceae;g__Alteromonas;s__Alteromonas mediterranea,blast,93.90,iPHoP-RF;86.30
k141_259464,RS_GCF_016405965.1,d__Bacteria;p__Pseudomonadota;c__Gammaproteobacteria;o__Enterobacterales_A;f__Alteromonadaceae;g__Alteromonas;s__Alteromonas sp016405965,blast,91.40,iPHoP-RF;87.00
k141_25973,RS_GCF_900107635.1,d__Bacteria;p__Bacteroidota;c__Bacteroidia;o__Flavobacteriales;f__Flavobacteriaceae;g__Flavobacterium;s__Flavobacterium gillisiae,iPHoP-RF,96.40,None
k141_25973,RS_GCF_900111075.1,d__Bacteria;p__Bacteroidota;c__Bacteroidia;o__Flavobacteriales;f__Flavobacteriaceae;g__Flavobacterium;s__Flavobacterium frigoris,iPHoP-RF,96.40,None
k141_25973,GB_GCA_024642295.1,d__Bacteria;p__Bacteroidota;c__Bacteroidia;o__Flavobacteriales;f__Flavobacteriaceae;g__Flavobacterium;s__Flavobacterium sp024642295,iPHoP-RF,96.10,None
k141_25973,RS_GCF_014305095.1,d__Bacteria;p__Bacteroidota;c__Bacteroidia;o__Flavobacteriales;f__Flavobacteriaceae;g__Flavobacterium;s__Flavobacterium kayseriense,iPHoP-RF,96.10,None
k141_25973,RS_GCF_900106645.1,d__Bacteria;p__Bacteroidota;c__Bacteroidia;o__Flavobacteriales;f__Flavobacteriaceae;g__Flavobacterium;s__Flavobacterium degerlachei,iPHoP-RF,96.10,None
k141_25973,RS_GCF_009764685.1,d__Bacteria;p__Bacteroidota;c__Bacteroidia;o__Flavobacteriales;f__Flavobacteriaceae;g__Flavobacterium;s__Flavobacterium sp009764685,iPHoP-RF,95.70,None
k141_25973,RS_GCF_918731615.1,d__Bacteria;p__Bacteroidota;c__Bacteroidia;o__Flavobacteriales;f__Flavobacteriaceae;g__Flavobacterium;s__Flavobacterium sp002150205,iPHoP-RF,95.70,None
k141_25973,RS_GCF_007830355.1,d__Bacteria;p__Bacteroidota;c__Bacteroidia;o__Flavobacteriales;f__Flavobacteriaceae;g__Flavobacterium;s__Flavobacterium tiangeerense,iPHoP-RF,95.40,None
k141_25973,RS_GCF_019656315.1,d__Bacteria;p__Bacteroidota;c__Bacteroidia;o__Flavobacteriales;f__Flavobacteriaceae;g__Flavobacterium;s__Flavobacterium sp019656315,iPHoP-RF,95.40,None
k141_25973,GB_GCA_945897545.1,d__Bacteria;p__Bacteroidota;c__Bacteroidia;o__Flavobacteriales;f__Flavobacteriaceae;g__Flavobacterium;s__Flavobacterium psychrophilum_L,iPHoP-RF,95.10,None
k141_25973,RS_GCF_003385115.1,d__Bacteria;p__Bacteroidota;c__Bacteroidia;o__Flavobacteriales;f__Flavobacteriaceae;g__Flavobacterium;s__Flavobacterium aquicola,iPHoP-RF,95.10,None
k141_25973,RS_GCF_008806775.1,d__Bacteria;p__Bacteroidota;c__Bacteroidia;o__Flavobacteriales;f__Flavobacteriaceae;g__Flavobacterium;s__Flavobacterium luteum,iPHoP-RF,94.40,None
k141_25973,GB_GCA_945861915.1,d__Bacteria;p__Bacteroidota;c__Bacteroidia;o__Flavobacteriales;f__Flavobacteriaceae;g__Flavobacterium;s__Flavobacterium psychrophilum_E,iPHoP-RF,94.10,None
k141_25973,RS_GCF_007097385.1,d__Bacteria;p__Bacteroidota;c__Bacteroidia;o__Flavobacteriales;f__Flavobacteriaceae;g__Flavobacterium;s__Flavobacterium sp007097385,iPHoP-RF,94.10,None
k141_25973,RS_GCF_002797935.1,d__Bacteria;p__Bacteroidota;c__Bacteroidia;o__Flavobacteriales;f__Flavobacteriaceae;g__Flavobacterium;s__Flavobacterium sp002797935,iPHoP-RF,93.70,None
k141_25973,RS_GCF_003350545.1,d__Bacteria;p__Bacteroidota;c__Bacteroidia;o__Flavobacteriales;f__Flavobacteriaceae;g__Flavobacterium;s__Flavobacterium glaciei,iPHoP-RF,92.80,None
k141_25973,RS_GCF_900099915.1,d__Bacteria;p__Bacteroidota;c__Bacteroidia;o__Flavobacteriales;f__Flavobacteriaceae;g__Flavobacterium;s__Flavobacterium omnivorum,iPHoP-RF,92.40,None
k141_25973,RS_GCF_900143245.1,d__Bacteria;p__Bacteroidota;c__Bacteroidia;o__Flavobacteriales;f__Flavobacteriaceae;g__Flavobacterium;s__Flavobacterium fryxellicola,iPHoP-RF,92.40,None
k141_262312,GB_GCA_014075275.1,d__Bacteria;p__Pseudomonadota;c__Alphaproteobacteria;o__Rhodobacterales;f__Rhodobacteraceae;g__Boseongicola;s__Boseongicola sp014075275,blast,92.10,None
k141_262312,RS_GCF_018155095.1,d__Bacteria;p__Pseudomonadota;c__Alphaproteobacteria;o__Rhizobiales;f__Rhizobiaceae;g__Bartonella;s__Bartonella queenslandensis_B,blast,90.20,None
k141_264298,RS_GCF_900106695.1,d__Bacteria;p__Pseudomonadota;c__Alphaproteobacteria;o__Rhodobacterales;f__Rhodobacteraceae;g__Albimonas;s__Albimonas donghaensis,blast,90.40,iPHoP-RF;71.70
k141_267016,GB_GCA_002686195.1,d__Archaea;p__Nanoarchaeota;c__Nanoarchaeia;o__Pacearchaeales;f__GW2011-AR1;g__ARS23;s__ARS23 sp002686195,blast,92.90,iPHoP-RF;66.80
k141_271639,RS_GCF_002135345.1,d__Bacteria;p__Pseudomonadota;c__Gammaproteobacteria;o__Pseudomonadales;f__Moraxellaceae;g__Acinetobacter;s__Acinetobacter sp002135345,iPHoP-RF,90.50,None
k141_277092,RS_GCF_024925465.1,d__Bacteria;p__Pseudomonadota;c__Gammaproteobacteria;o__Burkholderiales;f__Burkholderiaceae;g__Ralstonia;s__Ralstonia pseudosolanacearum,blast,95.90,iPHoP-RF;64.30
k141_277092,GB_GCA_022631215.1,d__Bacteria;p__Pseudomonadota;c__Gammaproteobacteria;o__Burkholderiales;f__Burkholderiaceae;g__Ralstonia;s__Ralstonia sp001078575,blast,93.20,iPHoP-RF;81.40
k141_279945,GB_GCA_013306035.1,d__Archaea;p__Thermoproteota;c__Nitrososphaeria;o__Nitrososphaerales;f__UBA57;g__UBA57;s__UBA57 sp002494565,blast,91.90,iPHoP-RF;64.80
k141_279945,GB_GCA_002690445.1,d__Archaea;p__Nanoarchaeota;c__Nanoarchaeia;o__Pacearchaeales;f__GW2011-AR1;g__ARS10;s__ARS10 sp002690445,blast,91.80,None
k141_281287,GB_GCA_002713885.1,d__Bacteria;p__Marinisomatota;c__Marinisomatia;o__Marinisomatales;f__UBA1611;g__TMED80;s__TMED80 sp002713885,blast,90.60,None
k141_285297,RS_GCF_002751875.1,d__Bacteria;p__Pseudomonadota;c__Alphaproteobacteria;o__Rhodobacterales;f__Rhodobacteraceae;g__Oceaniglobus;s__Oceaniglobus indicus,blast,93.60,None
k141_287455,RS_GCF_003544895.1,d__Bacteria;p__Pseudomonadota;c__Alphaproteobacteria;o__Rhodobacterales;f__Rhodobacteraceae;g__Profundibacter;s__Profundibacter amoris,blast,93.40,iPHoP-RF;55.70
k141_287455,GB_GCA_002732995.1,d__Bacteria;p__Pseudomonadota;c__Alphaproteobacteria;o__Rhodobacterales;f__Rhodobacteraceae;g__Profundibacter;s__Profundibacter sp002732995,blast,91.90,iPHoP-RF;63.30
k141_287455,RS_GCF_020171285.1,d__Bacteria;p__Pseudomonadota;c__Alphaproteobacteria;o__Rhodobacterales;f__Rhodobacteraceae;g__JAIUZI01;s__JAIUZI01 sp020171285,blast,90.50,iPHoP-RF;56.80
k141_289774,GB_GCA_002686195.1,d__Archaea;p__Nanoarchaeota;c__Nanoarchaeia;o__Pacearchaeales;f__GW2011-AR1;g__ARS23;s__ARS23 sp002686195,blast,92.60,iPHoP-RF;53.80
k141_291688,RS_GCF_009688945.1,d__Bacteria;p__Desulfobacterota;c__Desulfobacteria;o__Desulfobacterales;f__Desulfosarcinaceae;g__Desulfosarcina;s__Desulfosarcina alkanivorans,blast,92.20,iPHoP-RF;51.50
k141_293485,GB_GCA_023522315.1,d__Bacteria;p__Cyanobacteriota;c__Cyanobacteriia;o__Cyanobacteriales;f__Nostocaceae;g__Nostoc;s__Nostoc sp023522315,iPHoP-RF,95.40,None
k141_293485,GB_GCA_019359215.1,d__Bacteria;p__Cyanobacteriota;c__Cyanobacteriia;o__Cyanobacteriales;f__Nostocaceae;g__Nostoc;s__Nostoc indistinguendum,iPHoP-RF,95.10,None
k141_293485,RS_GCF_014698505.1,d__Bacteria;p__Cyanobacteriota;c__Cyanobacteriia;o__Cyanobacteriales;f__Nostocaceae;g__Nostoc;s__Nostoc foliaceum_A,iPHoP-RF,95.10,None
k141_293485,GB_GCA_019359245.1,d__Bacteria;p__Cyanobacteriota;c__Cyanobacteriia;o__Cyanobacteriales;f__Nostocaceae;g__Nostoc;s__Nostoc desertorum,iPHoP-RF,93.40,None
k141_293485,GB_GCA_020829485.1,d__Bacteria;p__Cyanobacteriota;c__Cyanobacteriia;o__Cyanobacteriales;f__Nostocaceae;g__Nostoc;s__Nostoc sp020829485,iPHoP-RF,93.40,None
k141_293485,RS_GCF_020829625.1,d__Bacteria;p__Cyanobacteriota;c__Cyanobacteriia;o__Cyanobacteriales;f__Nostocaceae;g__Nostoc;s__Nostoc sp020829625,iPHoP-RF,93.10,None
k141_293485,RS_GCF_003113895.1,d__Bacteria;p__Cyanobacteriota;c__Cyanobacteriia;o__Cyanobacteriales;f__Nostocaceae;g__Nostoc;s__Nostoc commune,iPHoP-RF,92.80,None
k141_293485,RS_GCF_002813575.1,d__Bacteria;p__Cyanobacteriota;c__Cyanobacteriia;o__Cyanobacteriales;f__Nostocaceae;g__Nostoc;s__Nostoc flagelliforme_A,iPHoP-RF,91.40,None
k141_293485,RS_GCF_020829495.1,d__Bacteria;p__Cyanobacteriota;c__Cyanobacteriia;o__Cyanobacteriales;f__Nostocaceae;g__Nostoc;s__Nostoc favosum,iPHoP-RF,91.40,None
k141_294174,RS_GCF_001294455.1,d__Bacteria;p__Pseudomonadota;c__Alphaproteobacteria;o__Rhodobacterales;f__Rhodobacteraceae;g__Pseudophaeobacter;s__Pseudophaeobacter sp001294455,blast,93.40,iPHoP-RF;67.70
k141_294174,RS_GCF_004348975.1,d__Bacteria;p__Pseudomonadota;c__Alphaproteobacteria;o__Rhodobacterales;f__Rhodobacteraceae;g__Antarcticimicrobium;s__Antarcticimicrobium sediminis,blast,91.90,iPHoP-RF;53.30
k141_294174,RS_GCF_000473105.1,d__Bacteria;p__Pseudomonadota;c__Alphaproteobacteria;o__Rhodobacterales;f__Rhodobacteraceae;g__Phaeobacter;s__Phaeobacter inhibens,blast,91.60,iPHoP-RF;72.20
k141_294689,GB_GCA_015490265.1,d__Bacteria;p__Pseudomonadota;c__Gammaproteobacteria;o__Thiomicrospirales;f__Thiomicrospiraceae;g__Sulfurivirga;s__Sulfurivirga sp015490265,blast,93.70,iPHoP-RF;68.40
k141_296608,GB_GCA_003545125.1,d__Bacteria;p__Pseudomonadota;c__Alphaproteobacteria;o__Rhodobacterales;f__Rhodobacteraceae;g__Muriiphilus;s__Muriiphilus sp003545125,blast,91.10,None
k141_299977,GB_GCA_012522505.1,d__Bacteria;p__Bacillota_A;c__Clostridia;o__Acetivibrionales_A;f__DSM-8532;g__JAAYJG01;s__JAAYJG01 sp012522505,blast,90.10,None
k141_300335,RS_GCF_000429905.1,d__Bacteria;p__Desulfobacterota;c__Desulfobacteria;o__Desulfobacterales;f__Desulfatibacillaceae;g__Desulfatibacillum;s__Desulfatibacillum aliphaticivorans,blast,93.90,None
k141_301454,RS_GCF_000473105.1,d__Bacteria;p__Pseudomonadota;c__Alphaproteobacteria;o__Rhodobacterales;f__Rhodobacteraceae;g__Phaeobacter;s__Phaeobacter inhibens,blast,93.70,iPHoP-RF;61.70
k141_301454,RS_GCF_020177595.1,d__Bacteria;p__Pseudomonadota;c__Alphaproteobacteria;o__Rhodobacterales;f__Rhodobacteraceae;g__JAHTBL01;s__JAHTBL01 sp020177595,blast,91.40,iPHoP-RF;63.50
k141_303210|provirus_19858_59114,RS_GCF_001571325.1,d__Bacteria;p__Pseudomonadota;c__Gammaproteobacteria;o__Burkholderiales;f__Burkholderiaceae_B;g__Comamonas;s__Comamonas tsuruhatensis,CRISPR,98.60,blast;92.90 iPHoP-RF;85.70
k141_303210|provirus_19858_59114,RS_GCF_001598795.1,d__Bacteria;p__Pseudomonadota;c__Gammaproteobacteria;o__Burkholderiales;f__Burkholderiaceae_B;g__Comamonas;s__Comamonas acidovorans,CRISPR,98.50,blast;96.30 iPHoP-RF;91.80
k141_303210|provirus_19858_59114,RS_GCF_903815225.1,d__Bacteria;p__Pseudomonadota;c__Gammaproteobacteria;o__Burkholderiales;f__Burkholderiaceae_B;g__Comamonas;s__Comamonas tsuruhatensis_A,CRISPR,96.70,blast;90.10 iPHoP-RF;83.90
k141_303210|provirus_19858_59114,RS_GCF_900104515.1,d__Bacteria;p__Pseudomonadota;c__Gammaproteobacteria;o__Burkholderiales;f__Burkholderiaceae_B;g__Acidovorax_A;s__Acidovorax_A cattleyae,blast,90.70,iPHoP-RF;55.20
k141_303579,GB_GCA_014075275.1,d__Bacteria;p__Pseudomonadota;c__Alphaproteobacteria;o__Rhodobacterales;f__Rhodobacteraceae;g__Boseongicola;s__Boseongicola sp014075275,blast,92.10,None
k141_303579,RS_GCF_020748165.1,d__Bacteria;p__Pseudomonadota;c__Alphaproteobacteria;o__Sphingomonadales;f__Emcibacteraceae;g__Pseudemcibacter;s__Pseudemcibacter aquimaris,blast,90.30,None
k141_305100_2,RS_GCF_001042655.1,d__Bacteria;p__Actinomycetota;c__Actinomycetia;o__Actinomycetales;f__Bifidobacteriaceae;g__Bifidobacterium;s__Bifidobacterium vaginale,blast,95.20,iPHoP-RF;54.40
k141_305100_2,RS_GCF_002896555.1,d__Bacteria;p__Actinomycetota;c__Actinomycetia;o__Actinomycetales;f__Bifidobacteriaceae;g__Bifidobacterium;s__Bifidobacterium vaginale_F,blast,91.30,iPHoP-RF;57.60
k141_307159,GB_GCA_002699485.1,d__Bacteria;p__Chloroflexota;c__Dehalococcoidia;o__SAR202;f__UBA2962;g__UBA2962;s__UBA2962 sp002699485,blast,94.50,None
k141_30729,RS_GCF_902506575.1,d__Bacteria;p__Actinomycetota;c__Actinomycetia;o__Streptomycetales;f__Streptomycetaceae;g__Streptomyces;s__Streptomyces mexicanus,blast,92.20,None
k141_309399,RS_GCF_000260115.1,d__Bacteria;p__Bacteroidota;c__Bacteroidia;o__Flavobacteriales;f__Flavobacteriaceae;g__Joostella;s__Joostella marina,blast,92.80,iPHoP-RF;64.80
k141_312150,GB_GCA_002359215.1,d__Bacteria;p__Bacteroidota;c__Bacteroidia;o__Flavobacteriales;f__Vicingaceae;g__BRH-c54;s__BRH-c54 sp002359215,blast,91.90,iPHoP-RF;58.40
k141_312694,RS_GCF_000260115.1,d__Bacteria;p__Bacteroidota;c__Bacteroidia;o__Flavobacteriales;f__Flavobacteriaceae;g__Joostella;s__Joostella marina,blast,91.40,iPHoP-RF;83.60
k141_314698,GB_GCA_016744025.1,d__Bacteria;p__Campylobacterota;c__Campylobacteria;o__Campylobacterales;f__Sulfurimonadaceae;g__Sulfurimonas;s__Sulfurimonas sp016744025,blast,94.10,iPHoP-RF;70.20
k141_314767,RS_GCF_001431205.1,d__Bacteria;p__Bacillota;c__Bacilli;o__Staphylococcales;f__Staphylococcaceae;g__Staphylococcus;s__Staphylococcus sp001431205,iPHoP-RF,90.50,None
k141_316023,RS_GCF_900106695.1,d__Bacteria;p__Pseudomonadota;c__Alphaproteobacteria;o__Rhodobacterales;f__Rhodobacteraceae;g__Albimonas;s__Albimonas donghaensis,blast,93.80,None
k141_316023,RS_GCF_003111685.1,d__Bacteria;p__Pseudomonadota;c__Alphaproteobacteria;o__Rhodobacterales;f__Rhodobacteraceae;g__Salipiger;s__Salipiger pacificus_A,blast,90.70,None
k141_316023,GB_GCA_003217735.2,d__Bacteria;p__Pseudomonadota;c__Alphaproteobacteria;o__Rhodobacterales;f__Rhodobacteraceae;g__Marinibacterium;s__Marinibacterium sp003217735,blast,90.00,iPHoP-RF;68.60
k141_321285,RS_GCF_023094245.1,d__Bacteria;p__Pseudomonadota;c__Gammaproteobacteria;o__Pseudomonadales;f__Halomonadaceae;g__Halomonas;s__Halomonas sp023094245,blast,92.10,iPHoP-RF;75.40
k141_321313,RS_GCF_003544895.1,d__Bacteria;p__Pseudomonadota;c__Alphaproteobacteria;o__Rhodobacterales;f__Rhodobacteraceae;g__Profundibacter;s__Profundibacter amoris,blast,93.40,iPHoP-RF;55.20
k141_321313,GB_GCA_002732995.1,d__Bacteria;p__Pseudomonadota;c__Alphaproteobacteria;o__Rhodobacterales;f__Rhodobacteraceae;g__Profundibacter;s__Profundibacter sp002732995,blast,91.60,iPHoP-RF;65.80
k141_321313,GB_GCA_021648025.1,d__Bacteria;p__Pseudomonadota;c__Alphaproteobacteria;o__Rhodobacterales;f__Rhodobacteraceae;g__NVQY01;s__NVQY01 sp021648025,blast,91.00,None
k141_321983,RS_GCF_016405965.1,d__Bacteria;p__Pseudomonadota;c__Gammaproteobacteria;o__Enterobacterales_A;f__Alteromonadaceae;g__Alteromonas;s__Alteromonas sp016405965,iPHoP-RF,96.10,None
k141_321983,RS_GCF_002993325.1,d__Bacteria;p__Pseudomonadota;c__Gammaproteobacteria;o__Enterobacterales_A;f__Alteromonadaceae;g__Alteromonas;s__Alteromonas gracilis,iPHoP-RF,93.40,None
k141_32484,RS_GCF_000511385.1,d__Bacteria;p__Pseudomonadota;c__Alphaproteobacteria;o__Rhodobacterales;f__Rhodobacteraceae;g__Phaeobacter;s__Phaeobacter gallaeciensis,blast,91.30,iPHoP-RF;50.90
k141_32595,GB_GCA_003385605.1,d__Bacteria;p__Bacteroidota;c__Bacteroidia;o__Flavobacteriales;f__Schleiferiaceae;g__UBA10364;s__UBA10364 sp003385605,iPHoP-RF,93.40,None
k141_32595,GB_GCA_018623275.1,d__Bacteria;p__Bacteroidota;c__Bacteroidia;o__Flavobacteriales;f__Schleiferiaceae;g__UBA10364;s__UBA10364 sp018623275,iPHoP-RF,92.80,None
k141_32595,GB_GCA_012269745.1,d__Bacteria;p__Bacteroidota;c__Bacteroidia;o__Flavobacteriales;f__Schleiferiaceae;g__UBA10364;s__UBA10364 sp012269745,iPHoP-RF,92.40,None
k141_32595,3300025608_19,d__Bacteria;p__Bacteroidota;c__Bacteroidia;o__Flavobacteriales;f__Schleiferiaceae;g__UBA10364;s__,iPHoP-RF,91.80,None
k141_32595,GB_GCA_013911625.1,d__Bacteria;p__Bacteroidota;c__Bacteroidia;o__Flavobacteriales;f__Schleiferiaceae;g__UBA10364;s__UBA10364 sp013911625,iPHoP-RF,91.80,None
k141_32595,3300026123_6,d__Bacteria;p__Bacteroidota;c__Bacteroidia;o__Flavobacteriales;f__Schleiferiaceae;g__UBA10364;s__,iPHoP-RF,90.50,None
k141_32595,3300027612_8,d__Bacteria;p__Bacteroidota;c__Bacteroidia;o__Flavobacteriales;f__Schleiferiaceae;g__UBA10364;s__,iPHoP-RF,90.50,None
k141_32595,3300020810_34,d__Bacteria;p__Bacteroidota;c__Bacteroidia;o__Flavobacteriales;f__Schleiferiaceae;g__UBA10364;s__,iPHoP-RF,90.10,None
k141_330707,RS_GCF_000260115.1,d__Bacteria;p__Bacteroidota;c__Bacteroidia;o__Flavobacteriales;f__Flavobacteriaceae;g__Joostella;s__Joostella marina,blast,91.70,iPHoP-RF;65.10
k141_332067,RS_GCF_000511385.1,d__Bacteria;p__Pseudomonadota;c__Alphaproteobacteria;o__Rhodobacterales;f__Rhodobacteraceae;g__Phaeobacter;s__Phaeobacter gallaeciensis,blast,91.80,iPHoP-RF;71.10
k141_332199,GB_GCA_002708395.1,d__Bacteria;p__Chloroflexota;c__Dehalococcoidia;o__UBA3495;f__UBA3495;g__UBA11650;s__UBA11650 sp002708395,blast,91.90,iPHoP-RF;78.70
k141_332199,GB_GCA_022562475.1,d__Bacteria;p__Chloroflexota;c__Dehalococcoidia;o__UBA3495;f__UBA3495;g__UBA9611;s__UBA9611 sp022562475,iPHoP-RF,91.80,blast;81.60
k141_332199,GB_GCA_002328185.1,d__Bacteria;p__Chloroflexota;c__Dehalococcoidia;o__UBA3495;f__UBA3495;g__UBA9611;s__UBA9611 sp002328185,iPHoP-RF,90.80,None
k141_332199,GB_GCA_002401285.1,d__Bacteria;p__Chloroflexota;c__Dehalococcoidia;o__UBA3495;f__UBA3495;g__UBA11650;s__UBA11650 sp002401285,blast,90.70,iPHoP-RF;84.20
k141_332199,GB_GCA_002710215.1,d__Bacteria;p__Chloroflexota;c__Dehalococcoidia;o__UBA3495;f__UBA3495;g__UBA11650;s__UBA11650 sp002710215,blast,90.40,iPHoP-RF;77.80
k141_332512,RS_GCF_016019955.1,d__Bacteria;p__Pseudomonadota;c__Alphaproteobacteria;o__Rhodobacterales;f__Rhodobacteraceae;g__Shimia;s__Shimia marina_A,blast,91.50,None
k141_334789,GB_GCA_024304995.1,d__Bacteria;p__Pseudomonadota;c__Alphaproteobacteria;o__Rickettsiales;f__UBA998;g__JAMWZD01;s__JAMWZD01 sp024304995,blast,92.60,None
k141_334789,RS_GCF_003544895.1,d__Bacteria;p__Pseudomonadota;c__Alphaproteobacteria;o__Rhodobacterales;f__Rhodobacteraceae;g__Profundibacter;s__Profundibacter amoris,blast,90.40,None
k141_338204,RS_GCF_003544895.1,d__Bacteria;p__Pseudomonadota;c__Alphaproteobacteria;o__Rhodobacterales;f__Rhodobacteraceae;g__Profundibacter;s__Profundibacter amoris,blast,93.90,iPHoP-RF;70.20
k141_338204,GB_GCA_002732995.1,d__Bacteria;p__Pseudomonadota;c__Alphaproteobacteria;o__Rhodobacterales;f__Rhodobacteraceae;g__Profundibacter;s__Profundibacter sp002732995,blast,92.00,iPHoP-RF;67.70
k141_339324,RS_GCF_001598795.1,d__Bacteria;p__Pseudomonadota;c__Gammaproteobacteria;o__Burkholderiales;f__Burkholderiaceae_B;g__Comamonas;s__Comamonas acidovorans,blast,97.40,iPHoP-RF;80.80 CRISPR;62.10
k141_339324,RS_GCF_001571325.1,d__Bacteria;p__Pseudomonadota;c__Gammaproteobacteria;o__Burkholderiales;f__Burkholderiaceae_B;g__Comamonas;s__Comamonas tsuruhatensis,iPHoP-RF,92.80,None
k141_339324,GB_GCA_023954095.1,d__Bacteria;p__Pseudomonadota;c__Gammaproteobacteria;o__Burkholderiales;f__Burkholderiaceae_B;g__Giesbergeria;s__Giesbergeria sp023954095,iPHoP-RF,90.80,None
k141_34219,RS_GCF_000511385.1,d__Bacteria;p__Pseudomonadota;c__Alphaproteobacteria;o__Rhodobacterales;f__Rhodobacteraceae;g__Phaeobacter;s__Phaeobacter gallaeciensis,blast,93.00,iPHoP-RF;72.20
k141_34219,GB_GCA_002748285.1,d__Bacteria;p__Pseudomonadota;c__Alphaproteobacteria;o__Rhodobacterales;f__Rhodobacteraceae;g__Profundibacter;s__Profundibacter sp002748285,blast,91.60,iPHoP-RF;61.70
k141_343346,RS_GCF_001598795.1,d__Bacteria;p__Pseudomonadota;c__Gammaproteobacteria;o__Burkholderiales;f__Burkholderiaceae_B;g__Comamonas;s__Comamonas acidovorans,CRISPR,91.70,blast;89.60 iPHoP-RF;80.30
k141_343346,RS_GCF_001571325.1,d__Bacteria;p__Pseudomonadota;c__Gammaproteobacteria;o__Burkholderiales;f__Burkholderiaceae_B;g__Comamonas;s__Comamonas tsuruhatensis,CRISPR,90.00,blast;89.70 iPHoP-RF;83.60
k141_34628,RS_GCF_002251385.1,d__Bacteria;p__Bacteroidota;c__Bacteroidia;o__Bacteroidales;f__Bacteroidaceae;g__Prevotella;s__Prevotella sp002251385,iPHoP-RF,91.80,None
k141_346558,RS_GCF_902506575.1,d__Bacteria;p__Actinomycetota;c__Actinomycetia;o__Streptomycetales;f__Streptomycetaceae;g__Streptomyces;s__Streptomyces mexicanus,blast,92.20,None
k141_346582,RS_GCF_023715205.1,d__Bacteria;p__Bacillota;c__Bacilli;o__Bacillales;f__DSM-18226;g__Bacillus_AZ;s__Bacillus_AZ maritimus,iPHoP-RF,93.40,None
k141_346582,RS_GCF_013409995.1,d__Bacteria;p__Bacillota;c__Bacilli;o__Bacillales;f__DSM-18226;g__Neobacillus;s__Neobacillus niacini_B,iPHoP-RF,91.10,None
k141_346582,RS_GCF_019749295.1,d__Bacteria;p__Bacillota;c__Bacilli;o__Bacillales;f__DSM-18226;g__Neobacillus;s__Neobacillus niacini_D,iPHoP-RF,90.10,None
k141_347270,RS_GCF_011397115.1,d__Bacteria;p__Bacillota;c__Bacilli;o__Lactobacillales;f__Enterococcaceae;g__Enterococcus_C;s__Enterococcus_C saigonensis,iPHoP-RF,96.40,None
k141_347270,RS_GCF_017316025.1,d__Bacteria;p__Bacillota;c__Bacilli;o__Lactobacillales;f__Enterococcaceae;g__Enterococcus_C;s__Enterococcus_C sp017316025,iPHoP-RF,96.40,None
k141_347270,RS_GCF_001885765.1,d__Bacteria;p__Bacillota;c__Bacilli;o__Lactobacillales;f__Enterococcaceae;g__Enterococcus_I;s__Enterococcus_I aquimarinus,iPHoP-RF,94.70,None
k141_347270,RS_GCF_014635985.1,d__Bacteria;p__Bacillota;c__Bacilli;o__Lactobacillales;f__Enterococcaceae;g__Enterococcus_I;s__Enterococcus_I alcedinis,iPHoP-RF,91.40,None
k141_347270,GB_GCA_019116505.1,d__Bacteria;p__Bacillota;c__Bacilli;o__Lactobacillales;f__Enterococcaceae;g__Enterococcus_I;s__Enterococcus_I avicola,iPHoP-RF,91.10,None
k141_348611,GB_GCA_012329085.1,d__Archaea;p__Halobacteriota;c__Methanosarcinia;o__Methanosarcinales;f__Methanosarcinaceae;g__JAAXQB01;s__JAAXQB01 sp012329085,blast,91.20,None
k141_35097,GB_GCA_011050655.1,d__Bacteria;p__Pseudomonadota;c__Alphaproteobacteria;o__Rhodobacterales;f__Rhodobacteraceae;g__Sulfitobacter;s__Sulfitobacter sp011050655,blast,91.30,iPHoP-RF;61.10
k141_354318|provirus_96_6343,RS_GCF_001571325.1,d__Bacteria;p__Pseudomonadota;c__Gammaproteobacteria;o__Burkholderiales;f__Burkholderiaceae_B;g__Comamonas;s__Comamonas tsuruhatensis,blast,98.00,iPHoP-RF;93.40 CRISPR;83.50
k141_354318|provirus_96_6343,RS_GCF_001598795.1,d__Bacteria;p__Pseudomonadota;c__Gammaproteobacteria;o__Burkholderiales;f__Burkholderiaceae_B;g__Comamonas;s__Comamonas acidovorans,blast,95.90,iPHoP-RF;93.40 CRISPR;82.90
k141_35585,RS_GCF_000613925.1,d__Bacteria;p__Bacteroidota;c__Bacteroidia;o__Bacteroidales;f__Bacteroidaceae;g__Prevotella;s__Prevotella histicola,iPHoP-RF,92.40,None
k141_360976,GB_GCA_014075275.1,d__Bacteria;p__Pseudomonadota;c__Alphaproteobacteria;o__Rhodobacterales;f__Rhodobacteraceae;g__Boseongicola;s__Boseongicola sp014075275,blast,91.10,None
k141_364238,GB_GCA_905182525.1,d__Bacteria;p__Bacteroidota;c__Bacteroidia;o__Flavobacteriales;f__Parvicellaceae;g__MED-G20;s__MED-G20 sp905182525,blast,95.50,iPHoP-RF;61.40
k141_366876,RS_GCF_902506575.1,d__Bacteria;p__Actinomycetota;c__Actinomycetia;o__Streptomycetales;f__Streptomycetaceae;g__Streptomyces;s__Streptomyces mexicanus,blast,92.20,iPHoP-RF;65.60
k141_371571,RS_GCF_001598795.1,d__Bacteria;p__Pseudomonadota;c__Gammaproteobacteria;o__Burkholderiales;f__Burkholderiaceae_B;g__Comamonas;s__Comamonas acidovorans,blast,98.70,iPHoP-RF;80.00
k141_371571,RS_GCF_001571325.1,d__Bacteria;p__Pseudomonadota;c__Gammaproteobacteria;o__Burkholderiales;f__Burkholderiaceae_B;g__Comamonas;s__Comamonas tsuruhatensis,blast,91.80,iPHoP-RF;77.50
k141_373640,GB_GCA_002686195.1,d__Archaea;p__Nanoarchaeota;c__Nanoarchaeia;o__Pacearchaeales;f__GW2011-AR1;g__ARS23;s__ARS23 sp002686195,blast,93.90,iPHoP-RF;78.30
k141_37553,RS_GCF_902506575.1,d__Bacteria;p__Actinomycetota;c__Actinomycetia;o__Streptomycetales;f__Streptomycetaceae;g__Streptomyces;s__Streptomyces mexicanus,blast,92.50,None
k141_381208,3300013744_1,d__Archaea;p__Methanobacteriota;c__Methanobacteria;o__Methanobacteriales;f__Methanobacteriaceae;g__Methanobrevibacter_A;s__,iPHoP-RF,95.10,None
k141_381208,GB_GCA_902771435.1,d__Archaea;p__Methanobacteriota;c__Methanobacteria;o__Methanobacteriales;f__Methanobacteriaceae;g__Methanobrevibacter_A;s__Methanobrevibacter_A sp902771435,iPHoP-RF,91.10,None
k141_381208,GB_GCA_902789505.1,d__Archaea;p__Methanobacteriota;c__Methanobacteria;o__Methanobacteriales;f__Methanobacteriaceae;g__Methanobrevibacter_A;s__Methanobrevibacter_A sp902789505,iPHoP-RF,91.10,None
k141_381208,GB_GCA_902801725.1,d__Archaea;p__Methanobacteriota;c__Methanobacteria;o__Methanobacteriales;f__Methanobacteriaceae;g__Methanobrevibacter_A;s__Methanobrevibacter_A sp902801725,iPHoP-RF,91.10,None
k141_381208,GB_GCA_902764455.1,d__Archaea;p__Methanobacteriota;c__Methanobacteria;o__Methanobacteriales;f__Methanobacteriaceae;g__Methanobrevibacter_A;s__Methanobrevibacter_A sp902764455,iPHoP-RF,90.80,None
k141_381208,GB_GCA_902794475.1,d__Archaea;p__Methanobacteriota;c__Methanobacteria;o__Methanobacteriales;f__Methanobacteriaceae;g__Methanobrevibacter_A;s__Methanobrevibacter_A sp902794475,iPHoP-RF,90.80,None
k141_381208,GB_GCA_015062935.1,d__Archaea;p__Methanobacteriota;c__Methanobacteria;o__Methanobacteriales;f__Methanobacteriaceae;g__Methanobrevibacter_A;s__Methanobrevibacter_A sp015062935,iPHoP-RF,90.50,None
k141_382724,GB_GCA_023436175.1,d__Archaea;p__Methanobacteriota;c__Methanobacteria;o__Methanobacteriales;f__Methanobacteriaceae;g__Methanobacterium_D;s__Methanobacterium_D sp023436175,iPHoP-RF,94.70,None
k141_382724,3300025952_7,d__Archaea;p__Methanobacteriota;c__Methanobacteria;o__Methanobacteriales;f__Methanobacteriaceae;g__Methanobacterium_D;s__,iPHoP-RF,94.10,None
k141_382724,GB_GCA_023411115.1,d__Archaea;p__Methanobacteriota;c__Methanobacteria;o__Methanobacteriales;f__Methanobacteriaceae;g__Methanobacterium_D;s__Methanobacterium_D sp023411115,iPHoP-RF,93.10,None
k141_382724,RS_GCF_000745485.1,d__Archaea;p__Methanobacteriota;c__Methanobacteria;o__Methanobacteriales;f__Methanobacteriaceae;g__Methanobacterium_D;s__Methanobacterium_D veterum,iPHoP-RF,91.80,None
k141_382724,GB_GCA_002494885.1,d__Archaea;p__Methanobacteriota;c__Methanobacteria;o__Methanobacteriales;f__Methanobacteriaceae;g__Methanobacterium_D;s__Methanobacterium_D sp002494885,iPHoP-RF,90.50,None
k141_382724,GB_GCA_002509665.1,d__Archaea;p__Methanobacteriota;c__Methanobacteria;o__Methanobacteriales;f__Methanobacteriaceae;g__Methanobacterium_D;s__Methanobacterium_D sp002509665,iPHoP-RF,90.50,None
k141_382724,RS_GCF_002287175.1,d__Archaea;p__Methanobacteriota;c__Methanobacteria;o__Methanobacteriales;f__Methanobacteriaceae;g__Methanobacterium_D;s__Methanobacterium_D bryantii,iPHoP-RF,90.50,None
k141_383621,RS_GCF_902506575.1,d__Bacteria;p__Actinomycetota;c__Actinomycetia;o__Streptomycetales;f__Streptomycetaceae;g__Streptomyces;s__Streptomyces mexicanus,blast,92.20,iPHoP-RF;59.20
k141_385229,GB_GCA_012963075.1,d__Bacteria;p__Marinisomatota;c__Marinisomatia;o__Marinisomatales;f__Marinisomataceae;g__Marinisoma;s__Marinisoma sp012963075,blast,91.40,iPHoP-RF;53.00
k141_386102,GB_GCA_003217735.2,d__Bacteria;p__Pseudomonadota;c__Alphaproteobacteria;o__Rhodobacterales;f__Rhodobacteraceae;g__Marinibacterium;s__Marinibacterium sp003217735,blast,92.10,iPHoP-RF;59.80
k141_386102,RS_GCF_003111685.1,d__Bacteria;p__Pseudomonadota;c__Alphaproteobacteria;o__Rhodobacterales;f__Rhodobacteraceae;g__Salipiger;s__Salipiger pacificus_A,blast,91.80,iPHoP-RF;52.80
k141_386102,RS_GCF_001969385.1,d__Bacteria;p__Pseudomonadota;c__Alphaproteobacteria;o__Rhodobacterales;f__Rhodobacteraceae;g__Salipiger;s__Salipiger profundus,blast,91.20,iPHoP-RF;60.60
k141_405897,RS_GCF_001571325.1,d__Bacteria;p__Pseudomonadota;c__Gammaproteobacteria;o__Burkholderiales;f__Burkholderiaceae_B;g__Comamonas;s__Comamonas tsuruhatensis,blast,96.70,iPHoP-RF;79.80
k141_405897,RS_GCF_001598795.1,d__Bacteria;p__Pseudomonadota;c__Gammaproteobacteria;o__Burkholderiales;f__Burkholderiaceae_B;g__Comamonas;s__Comamonas acidovorans,blast,92.80,iPHoP-RF;82.80
k141_407159,GB_GCA_001872165.1,d__Bacteria;p__Chloroflexota;c__Anaerolineae;o__Anaerolineales;f__EnvOPS12;g__CG2-30-58-95;s__CG2-30-58-95 sp001872165,blast,93.60,None
k141_410638,RS_GCF_902506575.1,d__Bacteria;p__Actinomycetota;c__Actinomycetia;o__Streptomycetales;f__Streptomycetaceae;g__Streptomyces;s__Streptomyces mexicanus,blast,92.20,iPHoP-RF;57.30
k141_412907,RS_GCF_001571325.1,d__Bacteria;p__Pseudomonadota;c__Gammaproteobacteria;o__Burkholderiales;f__Burkholderiaceae_B;g__Comamonas;s__Comamonas tsuruhatensis,blast,92.80,iPHoP-RF;71.70 CRISPR;50.30
k141_412907,RS_GCF_001598795.1,d__Bacteria;p__Pseudomonadota;c__Gammaproteobacteria;o__Burkholderiales;f__Burkholderiaceae_B;g__Comamonas;s__Comamonas acidovorans,blast,92.10,iPHoP-RF;66.00
k141_413516,GB_GCA_024229695.1,d__Bacteria;p__Krumholzibacteriota;c__Krumholzibacteria;o__LZORAL124-64-63;f__LZORAL124-64-63;g__JABIBH01;s__JABIBH01 sp024229695,blast,93.00,None
k141_41414,RS_GCF_900102535.1,d__Bacteria;p__Pseudomonadota;c__Alphaproteobacteria;o__Rhodobacterales;f__Rhodobacteraceae;g__Sulfitobacter;s__Sulfitobacter delicatus,blast,93.00,None
k141_414323,GB_GCA_014075275.1,d__Bacteria;p__Pseudomonadota;c__Alphaproteobacteria;o__Rhodobacterales;f__Rhodobacteraceae;g__Boseongicola;s__Boseongicola sp014075275,blast,91.90,iPHoP-RF;54.90
k141_414323,3300006889_1,d__Bacteria;p__Pseudomonadota;c__Gammaproteobacteria;o__UBA4486;f__UBA4486;g__;s__,blast,91.40,None
k141_425705,RS_GCF_000260115.1,d__Bacteria;p__Bacteroidota;c__Bacteroidia;o__Flavobacteriales;f__Flavobacteriaceae;g__Joostella;s__Joostella marina,blast,92.10,iPHoP-RF;71.90
k141_430622,RS_GCF_902506575.1,d__Bacteria;p__Actinomycetota;c__Actinomycetia;o__Streptomycetales;f__Streptomycetaceae;g__Streptomyces;s__Streptomyces mexicanus,blast,92.50,None
k141_43789,3300006889_1,d__Bacteria;p__Pseudomonadota;c__Gammaproteobacteria;o__UBA4486;f__UBA4486;g__;s__,blast,90.90,None
k141_43789,GB_GCA_016125135.1,d__Bacteria;p__Pseudomonadota;c__Alphaproteobacteria;o__Micavibrionales;f__Micavibrionaceae;g__RI-185;s__RI-185 sp016125135,blast,90.90,iPHoP-RF;55.70
k141_43789,GB_GCA_001872685.1,d__Bacteria;p__Marinisomatota;c__UBA8477;o__UBA8477;f__UBA8477;g__UBA8477;s__UBA8477 sp001872685,blast,90.30,None
k141_447538,RS_GCF_900299525.1,d__Bacteria;p__Bacteroidota;c__Bacteroidia;o__Flavobacteriales;f__Flavobacteriaceae;g__Aquimarina;s__Aquimarina sp900299525,iPHoP-RF,93.70,None
k141_447538,RS_GCF_001632745.1,d__Bacteria;p__Bacteroidota;c__Bacteroidia;o__Flavobacteriales;f__Flavobacteriaceae;g__Aquimarina;s__Aquimarina aggregata,iPHoP-RF,92.40,None
k141_447538,GB_GCA_022448995.1,d__Bacteria;p__Bacteroidota;c__Bacteroidia;o__Chitinophagales;f__Saprospiraceae;g__JAKVCT01;s__JAKVCT01 sp022448995,iPHoP-RF,91.40,None
k141_448136,RS_GCF_024730565.1,d__Bacteria;p__Bacillota_A;c__Clostridia;o__Clostridiales;f__Clostridiaceae;g__Clostridium_AD;s__Clostridium_AD estertheticum_B,iPHoP-RF,91.10,None
k141_451274,GB_GCA_002719335.1,d__Bacteria;p__Actinomycetota;c__Acidimicrobiia;o__Acidimicrobiales;f__TK06;g__UBA2110;s__UBA2110 sp002719335,blast,91.20,iPHoP-RF;69.30
k141_453506,GB_GCA_002699485.1,d__Bacteria;p__Chloroflexota;c__Dehalococcoidia;o__SAR202;f__UBA2962;g__UBA2962;s__UBA2962 sp002699485,blast,93.90,None
k141_454342,3300002063_3,d__Bacteria;p__Pseudomonadota;c__Alphaproteobacteria;o__Rhodobacterales;f__Rhodobacteraceae;g__;s__,blast,92.70,None
k141_46072,GB_GCA_002689995.1,d__Bacteria;p__Marinisomatota;c__Marinisomatia;o__SCGC-AAA003-L08;f__GCA-2689995;g__GCA-2689995;s__GCA-2689995 sp002689995,blast,91.70,None
k141_463597,GB_GCA_902635985.1,d__Bacteria;p__Pseudomonadota;c__Alphaproteobacteria;o__Rhodobacterales;f__Rhodobacteraceae;g__MED-G52;s__MED-G52 sp902635985,iPHoP-RF,93.70,None
k141_463597,GB_GCA_902543185.1,d__Bacteria;p__Pseudomonadota;c__Alphaproteobacteria;o__Rhodobacterales;f__Rhodobacteraceae;g__MED-G52;s__MED-G52 sp902543185,iPHoP-RF,93.40,None
k141_463597,3300026292_14,d__Bacteria;p__Pseudomonadota;c__Alphaproteobacteria;o__Rhodobacterales;f__Rhodobacteraceae;g__MED-G52;s__,iPHoP-RF,92.40,None
k141_463597,GB_GCA_902573175.1,d__Bacteria;p__Pseudomonadota;c__Alphaproteobacteria;o__Rhodobacterales;f__Rhodobacteraceae;g__MED-G52;s__MED-G52 sp902573175,iPHoP-RF,92.40,None
k141_463597,GB_GCA_902554885.1,d__Bacteria;p__Pseudomonadota;c__Alphaproteobacteria;o__Rhodobacterales;f__Rhodobacteraceae;g__MED-G52;s__MED-G52 sp902554885,iPHoP-RF,91.40,None
k141_463597,GB_GCA_002686195.1,d__Archaea;p__Nanoarchaeota;c__Nanoarchaeia;o__Pacearchaeales;f__GW2011-AR1;g__ARS23;s__ARS23 sp002686195,blast,91.10,iPHoP-RF;66.50
k141_463597,GB_GCA_902534325.1,d__Bacteria;p__Pseudomonadota;c__Alphaproteobacteria;o__Rhodobacterales;f__Rhodobacteraceae;g__MED-G52;s__MED-G52 sp902534325,iPHoP-RF,91.10,None
k141_463597,GB_GCA_902554705.1,d__Bacteria;p__Pseudomonadota;c__Alphaproteobacteria;o__Rhodobacterales;f__Rhodobacteraceae;g__MED-G52;s__MED-G52 sp902554705,iPHoP-RF,91.10,None
k141_463597,GB_GCA_902632125.1,d__Bacteria;p__Pseudomonadota;c__Alphaproteobacteria;o__Rhodobacterales;f__Rhodobacteraceae;g__MED-G52;s__MED-G52 sp902632125,iPHoP-RF,90.50,None
k141_467106,GB_GCA_002686195.1,d__Archaea;p__Nanoarchaeota;c__Nanoarchaeia;o__Pacearchaeales;f__GW2011-AR1;g__ARS23;s__ARS23 sp002686195,blast,91.10,iPHoP-RF;56.50
k141_467165,3300005998_1,d__Bacteria;p__Desulfobacterota;c__Desulfobacteria;o__Desulfobacterales;f__CAFBRK01;g__CAFBRK01;s__,blast,90.00,None
k141_473885,GB_GCA_020629285.1,d__Bacteria;p__Bacteroidota;c__Bacteroidia;o__Flavobacteriales;f__Flavobacteriaceae;g__Maribacter;s__Maribacter sp020629285,iPHoP-RF,93.70,None
k141_473885,RS_GCF_000744105.1,d__Bacteria;p__Bacteroidota;c__Bacteroidia;o__Flavobacteriales;f__Flavobacteriaceae;g__Maribacter;s__Maribacter forsetii,iPHoP-RF,92.40,None
k141_473885,RS_GCF_005771495.1,d__Bacteria;p__Bacteroidota;c__Bacteroidia;o__Flavobacteriales;f__Flavobacteriaceae;g__Maribacter;s__Maribacter sp005771495,iPHoP-RF,92.40,None
k141_473885,RS_GCF_900155985.1,d__Bacteria;p__Bacteroidota;c__Bacteroidia;o__Flavobacteriales;f__Flavobacteriaceae;g__Maribacter;s__Maribacter ulvicola,iPHoP-RF,92.40,None
k141_473885,GB_GCA_011050675.1,d__Bacteria;p__Bacteroidota;c__Bacteroidia;o__Flavobacteriales;f__Flavobacteriaceae;g__Maribacter;s__Maribacter sp011050675,iPHoP-RF,91.80,None
k141_473885,RS_GCF_900142175.1,d__Bacteria;p__Bacteroidota;c__Bacteroidia;o__Flavobacteriales;f__Flavobacteriaceae;g__Maribacter;s__Maribacter aquivivus,iPHoP-RF,91.40,None
k141_473885,RS_GCF_016811105.1,d__Bacteria;p__Bacteroidota;c__Bacteroidia;o__Flavobacteriales;f__Flavobacteriaceae;g__Aurantibacter_A;s__Aurantibacter_A crassamenti,iPHoP-RF,91.10,None
k141_47485,GB_GCA_023150295.1,d__Bacteria;p__Pseudomonadota;c__Gammaproteobacteria;o__Burkholderiales;f__Burkholderiaceae_B;g__Giesbergeria;s__Giesbergeria sp023150295,iPHoP-RF,96.10,None
k141_47485,RS_GCF_010020825.1,d__Bacteria;p__Pseudomonadota;c__Gammaproteobacteria;o__Burkholderiales;f__Burkholderiaceae_B;g__Giesbergeria;s__Giesbergeria sp010020825,iPHoP-RF,96.10,None
k141_47485,RS_GCF_001598795.1,d__Bacteria;p__Pseudomonadota;c__Gammaproteobacteria;o__Burkholderiales;f__Burkholderiaceae_B;g__Comamonas;s__Comamonas acidovorans,iPHoP-RF,95.40,blast;95.00 CRISPR;69.40
k141_47485,GB_GCA_016192425.1,d__Bacteria;p__Pseudomonadota;c__Gammaproteobacteria;o__Burkholderiales;f__Burkholderiaceae_B;g__Giesbergeria;s__Giesbergeria sp016192425,iPHoP-RF,95.10,None
k141_47485,RS_GCF_001571325.1,d__Bacteria;p__Pseudomonadota;c__Gammaproteobacteria;o__Burkholderiales;f__Burkholderiaceae_B;g__Comamonas;s__Comamonas tsuruhatensis,iPHoP-RF,95.10,blast;93.60 CRISPR;72.80
k141_47485,RS_GCF_001544075.1,d__Bacteria;p__Pseudomonadota;c__Gammaproteobacteria;o__Burkholderiales;f__Burkholderiaceae_B;g__Comamonas;s__Comamonas terrae,blast,91.00,iPHoP-RF;83.90
k141_47485,GB_GCA_001770955.1,d__Bacteria;p__Pseudomonadota;c__Gammaproteobacteria;o__Burkholderiales;f__Burkholderiaceae_B;g__Giesbergeria;s__Giesbergeria sp001770955,iPHoP-RF,90.50,None
k141_479453,RS_GCF_900184945.1,d__Bacteria;p__Pseudomonadota;c__Alphaproteobacteria;o__Rhodobacterales;f__Rhodobacteraceae;g__Maliponia;s__Maliponia aquimaris,blast,91.70,None
k141_498345,GB_GCA_905205665.1,d__Bacteria;p__Bacillota;c__Bacilli;o__RF39;f__UBA660;g__Ventrenecus;s__Ventrenecus sp905205665,iPHoP-RF,90.50,None
k141_498345,GB_GCA_934085675.1,d__Bacteria;p__Bacillota;c__Bacilli;o__RF39;f__UBA660;g__Ventrenecus;s__Ventrenecus sp934085675,iPHoP-RF,90.50,None
k141_503781,3300027810_25,d__Bacteria;p__Bacteroidota;c__Bacteroidia;o__NS11-12g;f__UBA9320;g__UBA9320;s__,blast,95.70,None
k141_510031,GB_GCA_003480425.1,d__Bacteria;p__Bacillota_A;c__Clostridia;o__Lachnospirales;f__Lachnospiraceae;g__Schaedlerella;s__Schaedlerella sp900066545,iPHoP-RF,90.80,None
k141_510031,GB_GCA_934435195.1,d__Bacteria;p__Bacillota_A;c__Clostridia;o__Lachnospirales;f__Lachnospiraceae;g__Schaedlerella;s__Schaedlerella sp934435195,iPHoP-RF,90.50,None
k141_511819,RS_GCF_004028155.1,d__Bacteria;p__Bacteroidota;c__Bacteroidia;o__Flavobacteriales;f__Flavobacteriaceae;g__Flavobacterium;s__Flavobacterium cerinum,iPHoP-RF,93.70,None
k141_52655,RS_GCF_001598795.1,d__Bacteria;p__Pseudomonadota;c__Gammaproteobacteria;o__Burkholderiales;f__Burkholderiaceae_B;g__Comamonas;s__Comamonas acidovorans,blast,96.60,iPHoP-RF;81.10
k141_52655,GB_GCA_019236485.1,d__Bacteria;p__Pseudomonadota;c__Gammaproteobacteria;o__Burkholderiales;f__Burkholderiaceae_B;g__Comamonas;s__Comamonas sp019236485,blast,92.10,iPHoP-RF;81.60
k141_527334,GB_GCA_903854645.1,d__Bacteria;p__Patescibacteria;c__Paceibacteria;o__UBA9983_A;f__UBA9973;g__UBA8515;s__UBA8515 sp903854645,iPHoP-RF,93.10,None
k141_527334,GB_GCA_021831595.1,d__Bacteria;p__Patescibacteria;c__Paceibacteria;o__UBA9983_A;f__UBA9973;g__UBA8515;s__UBA8515 sp021831595,iPHoP-RF,91.80,None
k141_53960,RS_GCF_000511385.1,d__Bacteria;p__Pseudomonadota;c__Alphaproteobacteria;o__Rhodobacterales;f__Rhodobacteraceae;g__Phaeobacter;s__Phaeobacter gallaeciensis,blast,93.90,iPHoP-RF;67.30
k141_53960,RS_GCF_013179285.1,d__Bacteria;p__Pseudomonadota;c__Alphaproteobacteria;o__Rhodobacterales;f__Rhodobacteraceae;g__Rhodophyticola;s__Rhodophyticola sp013179285,blast,91.90,None
k141_540080,RS_GCF_000614145.1,d__Bacteria;p__Bacteroidota;c__Bacteroidia;o__Bacteroidales;f__Bacteroidaceae;g__Bacteroides;s__Bacteroides faecichinchillae,iPHoP-RF,93.40,None
k141_540080,RS_GCF_900155865.1,d__Bacteria;p__Bacteroidota;c__Bacteroidia;o__Bacteroidales;f__Bacteroidaceae;g__Bacteroides;s__Bacteroides bouchesdurhonensis,iPHoP-RF,93.10,None
k141_540080,RS_GCF_003865075.1,d__Bacteria;p__Bacteroidota;c__Bacteroidia;o__Bacteroidales;f__Bacteroidaceae;g__Bacteroides;s__Bacteroides faecalis,iPHoP-RF,92.40,None
k141_540080,GB_GCA_000613465.1,d__Bacteria;p__Bacteroidota;c__Bacteroidia;o__Bacteroidales;f__Bacteroidaceae;g__Bacteroides;s__Bacteroides nordii,iPHoP-RF,90.80,None
k141_540080,RS_GCF_903181435.1,d__Bacteria;p__Bacteroidota;c__Bacteroidia;o__Bacteroidales;f__Bacteroidaceae;g__Bacteroides;s__Bacteroides sp900765785,iPHoP-RF,90.10,None
k141_54838,RS_GCF_001571325.1,d__Bacteria;p__Pseudomonadota;c__Gammaproteobacteria;o__Burkholderiales;f__Burkholderiaceae_B;g__Comamonas;s__Comamonas tsuruhatensis,blast,98.50,iPHoP-RF;81.10 CRISPR;66.00
k141_54838,RS_GCF_001598795.1,d__Bacteria;p__Pseudomonadota;c__Gammaproteobacteria;o__Burkholderiales;f__Burkholderiaceae_B;g__Comamonas;s__Comamonas acidovorans,blast,96.60,iPHoP-RF;88.20 CRISPR;74.70
k141_549185,GB_GCA_002285055.1,d__Bacteria;p__Bacillota;c__Bacilli;o__Izemoplasmatales;f__Izemoplasmataceae;g__Izemoplasma_C;s__Izemoplasma_C sp002285055,iPHoP-RF,91.80,None
k141_552577,RS_GCF_000162755.2,d__Bacteria;p__Pseudomonadota;c__Gammaproteobacteria;o__Legionellales;f__Legionellaceae;g__Legionella;s__Legionella drancourtii,iPHoP-RF,91.10,None
k141_556500,GB_GCA_002730485.1,d__Bacteria;p__Chloroflexota;c__Dehalococcoidia;o__UBA3495;f__UBA3495;g__UBA9611;s__UBA9611 sp002730485,blast,92.40,None
k141_55961,GB_GCA_022631215.1,d__Bacteria;p__Pseudomonadota;c__Gammaproteobacteria;o__Burkholderiales;f__Burkholderiaceae;g__Ralstonia;s__Ralstonia sp001078575,blast,96.10,iPHoP-RF;84.20
k141_55961,RS_GCF_002251695.1,d__Bacteria;p__Pseudomonadota;c__Gammaproteobacteria;o__Burkholderiales;f__Burkholderiaceae;g__Ralstonia;s__Ralstonia solanacearum,blast,95.90,iPHoP-RF;67.70
k141_55961,RS_GCF_024925465.1,d__Bacteria;p__Pseudomonadota;c__Gammaproteobacteria;o__Burkholderiales;f__Burkholderiaceae;g__Ralstonia;s__Ralstonia pseudosolanacearum,blast,94.20,iPHoP-RF;60.30
k141_55961,RS_GCF_003851545.1,d__Bacteria;p__Pseudomonadota;c__Gammaproteobacteria;o__Burkholderiales;f__Burkholderiaceae;g__Ralstonia;s__Ralstonia sp003851545,iPHoP-RF,92.80,None
k141_55961,RS_GCF_008801405.1,d__Bacteria;p__Pseudomonadota;c__Gammaproteobacteria;o__Burkholderiales;f__Burkholderiaceae;g__Ralstonia;s__Ralstonia insidiosa,blast,92.10,iPHoP-RF;88.50
k141_55961,RS_GCF_016429285.1,d__Bacteria;p__Pseudomonadota;c__Gammaproteobacteria;o__Burkholderiales;f__Burkholderiaceae;g__Ralstonia;s__Ralstonia sp016429285,blast,92.10,iPHoP-RF;86.00
k141_55961,RS_GCF_000801955.1,d__Bacteria;p__Pseudomonadota;c__Gammaproteobacteria;o__Burkholderiales;f__Burkholderiaceae;g__Ralstonia;s__Ralstonia sp000801955,blast,91.50,iPHoP-RF;87.00
k141_55961,RS_GCF_900115545.1,d__Bacteria;p__Pseudomonadota;c__Gammaproteobacteria;o__Burkholderiales;f__Burkholderiaceae;g__Ralstonia;s__Ralstonia sp900115545,blast,90.90,iPHoP-RF;84.50
k141_55961,RS_GCF_000620465.1,d__Bacteria;p__Pseudomonadota;c__Gammaproteobacteria;o__Burkholderiales;f__Burkholderiaceae;g__Ralstonia;s__Ralstonia sp000620465,blast,90.60,iPHoP-RF;87.90
k141_55961,RS_GCF_007997035.1,d__Bacteria;p__Pseudomonadota;c__Gammaproteobacteria;o__Burkholderiales;f__Burkholderiaceae;g__Ralstonia;s__Ralstonia sp007997035,blast,90.60,iPHoP-RF;89.80
k141_560939,GB_GCA_002690445.1,d__Archaea;p__Nanoarchaeota;c__Nanoarchaeia;o__Pacearchaeales;f__GW2011-AR1;g__ARS10;s__ARS10 sp002690445,blast,91.40,iPHoP-RF;73.20
k141_56229,RS_GCF_000828575.1,d__Archaea;p__Methanobacteriota;c__Methanobacteria;o__Methanobacteriales;f__Methanothermobacteraceae;g__Methanothermobacter;s__Methanothermobacter sp000828575,CRISPR,92.10,iPHoP-RF;65.60
k141_563144,GB_GCA_002367285.1,d__Bacteria;p__Pseudomonadota;c__Alphaproteobacteria;o__Rhodobacterales;f__Rhodobacteraceae;g__N1Y82;s__N1Y82 sp002367285,blast,92.10,iPHoP-RF;72.20
k141_563144,GB_GCA_002732995.1,d__Bacteria;p__Pseudomonadota;c__Alphaproteobacteria;o__Rhodobacterales;f__Rhodobacteraceae;g__Profundibacter;s__Profundibacter sp002732995,blast,92.00,iPHoP-RF;64.30
k141_573945,RS_GCF_000246945.1,d__Bacteria;p__Bacteroidota;c__Bacteroidia;o__Flavobacteriales;f__Flavobacteriaceae;g__Flavobacterium;s__Flavobacterium injenense,iPHoP-RF,92.40,None
k141_577511,RS_GCF_000406945.1,d__Bacteria;p__Bacillota;c__Bacilli;o__Lactobacillales;f__Enterococcaceae;g__Enterococcus_C;s__Enterococcus_C dispar,iPHoP-RF,90.10,None
k141_577511,RS_GCF_017316025.1,d__Bacteria;p__Bacillota;c__Bacilli;o__Lactobacillales;f__Enterococcaceae;g__Enterococcus_C;s__Enterococcus_C sp017316025,iPHoP-RF,90.10,None
k141_584899,GB_GCA_002686195.1,d__Archaea;p__Nanoarchaeota;c__Nanoarchaeia;o__Pacearchaeales;f__GW2011-AR1;g__ARS23;s__ARS23 sp002686195,blast,92.20,None
k141_587314,3300003177_2,d__Bacteria;p__Pseudomonadota;c__Gammaproteobacteria;o__Pseudomonadales;f__Oleiphilaceae;g__;s__,blast,94.10,None
k141_58992,3300028593_15,d__Bacteria;p__Desulfobacterota;c__Syntrophobacteria;o__Syntrophobacterales;f__Syntrophobacteraceae;g__JADGQM01;s__,blast,90.90,None
k141_5946,GB_GCA_024636505.1,d__Bacteria;p__Pseudomonadota;c__Gammaproteobacteria;o__Methylococcales;f__Methylomonadaceae;g__Methylobacter_A;s__Methylobacter_A sp024636505,iPHoP-RF,90.80,None
k141_59774,3300026212_19,d__Archaea;p__Thermoproteota;c__Nitrososphaeria;o__Nitrososphaerales;f__JACPRH01;g__;s__,blast,94.40,iPHoP-RF;71.90
k141_59781,RS_GCF_000789235.1,d__Bacteria;p__Bacteroidota;c__Bacteroidia;o__Flavobacteriales;f__Flavobacteriaceae;g__Wocania;s__Wocania ichthyoenteri,iPHoP-RF,93.70,None
k141_59781,RS_GCF_006148925.1,d__Bacteria;p__Bacteroidota;c__Bacteroidia;o__Flavobacteriales;f__Flavobacteriaceae;g__Algibacter_D;s__Algibacter_D aestuarii,iPHoP-RF,92.10,None
k141_598836,GB_GCA_024232495.1,d__Bacteria;p__Bacteroidota;c__Bacteroidia;o__Flavobacteriales;f__Flavobacteriaceae;g__GCA-002733185;s__GCA-002733185 sp024232495,iPHoP-RF,94.70,None
k141_598836,GB_GCA_913061205.1,d__Bacteria;p__Bacteroidota;c__Bacteroidia;o__Flavobacteriales;f__Flavobacteriaceae;g__GCA-002733185;s__GCA-002733185 sp913061205,iPHoP-RF,94.70,None
k141_598836,GB_GCA_002713705.1,d__Bacteria;p__Bacteroidota;c__Bacteroidia;o__Flavobacteriales;f__Flavobacteriaceae;g__GCA-002733185;s__GCA-002733185 sp002713705,iPHoP-RF,92.80,None
k141_598836,GB_GCA_004214175.1,d__Bacteria;p__Bacteroidota;c__Bacteroidia;o__Flavobacteriales;f__Flavobacteriaceae;g__GCA-002733185;s__GCA-002733185 sp004214175,iPHoP-RF,91.80,None
k141_598836,GB_GCA_018669795.1,d__Bacteria;p__Bacteroidota;c__Bacteroidia;o__Flavobacteriales;f__Flavobacteriaceae;g__GCA-002733185;s__GCA-002733185 sp018669795,iPHoP-RF,90.10,None
k141_605921,GB_GCA_015057035.1,d__Bacteria;p__Bacillota_A;c__Clostridia;o__Lachnospirales;f__Lachnospiraceae;g__Agathobacter;s__Agathobacter sp015057035,iPHoP-RF,95.70,None
k141_605921,GB_GCA_023387655.1,d__Bacteria;p__Bacillota_A;c__Clostridia;o__Lachnospirales;f__Lachnospiraceae;g__Lachnoclostridium;s__Lachnoclostridium sp023387655,iPHoP-RF,93.10,None
k141_605921,GB_GCA_017936725.1,d__Bacteria;p__Bacillota_A;c__Clostridia;o__Lachnospirales;f__Lachnospiraceae;g__Agathobacter;s__Agathobacter sp017936725,iPHoP-RF,92.80,None
k141_605921,GB_GCA_017547315.1,d__Bacteria;p__Bacillota_A;c__Clostridia;o__Lachnospirales;f__Lachnospiraceae;g__Roseburia;s__Roseburia sp017547315,iPHoP-RF,92.10,None
k141_605921,GB_GCA_023428885.1,d__Bacteria;p__Bacillota_A;c__Clostridia;o__Lachnospirales;f__Lachnospiraceae;g__Lachnoclostridium;s__Lachnoclostridium sp023428885,iPHoP-RF,91.40,None
k141_606744,RS_GCF_900116635.1,d__Bacteria;p__Pseudomonadota;c__Gammaproteobacteria;o__Enterobacterales;f__Enterobacteriaceae;g__Xenorhabdus;s__Xenorhabdus koppenhoeferi,iPHoP-RF,91.10,None
k141_606744,RS_GCF_002632485.1,d__Bacteria;p__Pseudomonadota;c__Gammaproteobacteria;o__Enterobacterales;f__Enterobacteriaceae;g__Xenorhabdus;s__Xenorhabdus innexi,iPHoP-RF,90.50,None
k141_606744,RS_GCF_002632465.1,d__Bacteria;p__Pseudomonadota;c__Gammaproteobacteria;o__Enterobacterales;f__Enterobacteriaceae;g__Xenorhabdus;s__Xenorhabdus budapestensis,iPHoP-RF,90.10,None
k141_610774,GB_GCA_002686195.1,d__Archaea;p__Nanoarchaeota;c__Nanoarchaeia;o__Pacearchaeales;f__GW2011-AR1;g__ARS23;s__ARS23 sp002686195,blast,94.40,iPHoP-RF;79.00
k141_611505,RS_GCF_002807055.1,d__Bacteria;p__Bacteroidota;c__Bacteroidia;o__Flavobacteriales;f__Flavobacteriaceae;g__Confluentibacter;s__Confluentibacter citreus,iPHoP-RF,96.40,None
k141_611505,GB_GCA_024643405.1,d__Bacteria;p__Bacteroidota;c__Bacteroidia;o__Flavobacteriales;f__Flavobacteriaceae;g__Yeosuana;s__Yeosuana sp024643405,iPHoP-RF,95.40,None
k141_611505,RS_GCF_011762485.1,d__Bacteria;p__Bacteroidota;c__Bacteroidia;o__Flavobacteriales;f__Flavobacteriaceae;g__Yeosuana;s__Yeosuana marina,iPHoP-RF,95.40,None
k141_611505,3300025052_5,d__Bacteria;p__Bacteroidota;c__Bacteroidia;o__Flavobacteriales;f__Flavobacteriaceae;g__Yeosuana;s__,iPHoP-RF,94.10,None
k141_611505,GB_GCA_024641135.1,d__Bacteria;p__Bacteroidota;c__Bacteroidia;o__Flavobacteriales;f__Flavobacteriaceae;g__Yeosuana;s__Yeosuana sp024641135,iPHoP-RF,93.10,None
k141_611505,RS_GCF_002806995.1,d__Bacteria;p__Bacteroidota;c__Bacteroidia;o__Flavobacteriales;f__Flavobacteriaceae;g__Confluentibacter;s__Confluentibacter lentus,iPHoP-RF,93.10,None
k141_611505,RS_GCF_003258355.1,d__Bacteria;p__Bacteroidota;c__Bacteroidia;o__Flavobacteriales;f__Flavobacteriaceae;g__Confluentibacter;s__Confluentibacter sediminis,iPHoP-RF,92.40,None
k141_611505,GB_GCA_002441545.1,d__Bacteria;p__Bacteroidota;c__Bacteroidia;o__Flavobacteriales;f__Flavobacteriaceae;g__Yeosuana;s__Yeosuana sp002441545,iPHoP-RF,92.10,None
k141_616093,GB_GCA_017114945.1,d__Bacteria;p__Cyanobacteriota;c__Cyanobacteriia;o__Cyanobacteriales;f__Nostocaceae;g__Nostoc;s__Nostoc sp017114945,iPHoP-RF,91.40,None
k141_616093,GB_GCA_019359395.1,d__Bacteria;p__Cyanobacteriota;c__Cyanobacteriia;o__Cyanobacteriales;f__Nostocaceae;g__Komarekiella;s__Komarekiella atlantica,iPHoP-RF,90.80,None
k141_616093,RS_GCF_014831675.1,d__Bacteria;p__Cyanobacteriota;c__Cyanobacteriia;o__Cyanobacteriales;f__Nostocaceae;g__Komarekiella;s__Komarekiella sp014831675,iPHoP-RF,90.80,None
k141_616093,RS_GCF_015206995.1,d__Bacteria;p__Cyanobacteriota;c__Cyanobacteriia;o__Cyanobacteriales;f__Nostocaceae;g__Komarekiella;s__Komarekiella sp015206995,iPHoP-RF,90.50,None
k141_618765,RS_GCF_902506575.1,d__Bacteria;p__Actinomycetota;c__Actinomycetia;o__Streptomycetales;f__Streptomycetaceae;g__Streptomyces;s__Streptomyces mexicanus,blast,92.50,iPHoP-RF;51.70
k141_623354,RS_GCF_000260115.1,d__Bacteria;p__Bacteroidota;c__Bacteroidia;o__Flavobacteriales;f__Flavobacteriaceae;g__Joostella;s__Joostella marina,blast,91.20,iPHoP-RF;67.30
k141_626560_2,GB_GCA_018829185.1,d__Archaea;p__Nanoarchaeota;c__Nanoarchaeia;o__SCGC-AAA011-G17;f__PNOQ01;g__JAHJUI01;s__JAHJUI01 sp018829185,iPHoP-RF,94.70,None
k141_626560_2,GB_GCA_016181245.1,d__Archaea;p__Nanoarchaeota;c__Nanoarchaeia;o__SCGC-AAA011-G17;f__GW2011-AR20;g__JACQNJ01;s__JACQNJ01 sp016181245,iPHoP-RF,90.10,None
k141_63007,GB_GCA_013138865.1,d__Bacteria;p__Campylobacterota;c__Campylobacteria;o__Campylobacterales;f__Sulfurimonadaceae;g__GLR69;s__GLR69 sp013138865,blast,95.90,None
k141_633537,GB_GCA_021804525.1,d__Bacteria;p__Bacteroidota;c__Bacteroidia;o__Bacteroidales;f__Paludibacteraceae;g__Microbacter;s__Microbacter sp021804525,iPHoP-RF,96.40,None
k141_633537,GB_GCA_900317955.1,d__Bacteria;p__Bacteroidota;c__Bacteroidia;o__Bacteroidales;f__P3;g__UBA1711;s__UBA1711 sp900317955,iPHoP-RF,90.50,None
k141_634210,3300025052_5,d__Bacteria;p__Bacteroidota;c__Bacteroidia;o__Flavobacteriales;f__Flavobacteriaceae;g__Yeosuana;s__,blast,90.90,iPHoP-RF;72.80
k141_634545,GB_GCA_013824325.1,d__Bacteria;p__Nitrospirota;c__Thermodesulfovibrionia;o__Thermodesulfovibrionales;f__Dissulfurispiraceae;g__PNNP01;s__PNNP01 sp013824325,blast,94.40,None
k141_634545,GB_GCA_016195715.1,d__Bacteria;p__Patescibacteria;c__Microgenomatia;o__Daviesbacterales;f__UBA10151;g__JACPZA01;s__JACPZA01 sp016195715,blast,91.80,iPHoP-RF;51.50
k141_635039,GB_GCA_016744025.1,d__Bacteria;p__Campylobacterota;c__Campylobacteria;o__Campylobacterales;f__Sulfurimonadaceae;g__Sulfurimonas;s__Sulfurimonas sp016744025,blast,93.40,None
k141_63604,GB_GCA_001628005.1,d__Bacteria;p__Pseudomonadota;c__Gammaproteobacteria;o__SAR86;f__SAR86;g__AEGEAN-183;s__AEGEAN-183 sp001628005,blast,92.10,iPHoP-RF;72.60
k141_63604,GB_GCA_002689995.1,d__Bacteria;p__Marinisomatota;c__Marinisomatia;o__SCGC-AAA003-L08;f__GCA-2689995;g__GCA-2689995;s__GCA-2689995 sp002689995,blast,91.90,iPHoP-RF;70.60
k141_637350,GB_GCA_905181615.1,d__Bacteria;p__Bacteroidota;c__Bacteroidia;o__Flavobacteriales;f__Flavobacteriaceae;g__Arcticimaribacter;s__Arcticimaribacter sp905181615,iPHoP-RF,95.70,None
k141_637350,GB_GCA_018608425.1,d__Bacteria;p__Bacteroidota;c__Bacteroidia;o__Flavobacteriales;f__Flavobacteriaceae;g__Arcticimaribacter;s__Arcticimaribacter sp018608425,iPHoP-RF,94.10,None
k141_637350,RS_GCF_910589745.1,d__Bacteria;p__Bacteroidota;c__Bacteroidia;o__Flavobacteriales;f__Flavobacteriaceae;g__Arcticimaribacter;s__Arcticimaribacter forsetii,iPHoP-RF,93.40,None
k141_637350,GB_GCA_018646605.1,d__Bacteria;p__Bacteroidota;c__Bacteroidia;o__Flavobacteriales;f__Flavobacteriaceae;g__MS024-2A;s__MS024-2A sp018646605,iPHoP-RF,92.40,None
k141_64730,3300002063_3,d__Bacteria;p__Pseudomonadota;c__Alphaproteobacteria;o__Rhodobacterales;f__Rhodobacteraceae;g__;s__,blast,94.60,iPHoP-RF;56.00
k141_653154,GB_GCA_014075275.1,d__Bacteria;p__Pseudomonadota;c__Alphaproteobacteria;o__Rhodobacterales;f__Rhodobacteraceae;g__Boseongicola;s__Boseongicola sp014075275,blast,91.90,None
k141_653154,3300006889_1,d__Bacteria;p__Pseudomonadota;c__Gammaproteobacteria;o__UBA4486;f__UBA4486;g__;s__,blast,90.40,None
k141_653154,RS_GCF_018155095.1,d__Bacteria;p__Pseudomonadota;c__Alphaproteobacteria;o__Rhizobiales;f__Rhizobiaceae;g__Bartonella;s__Bartonella queenslandensis_B,blast,90.30,None
k141_653154,RS_GCF_020748165.1,d__Bacteria;p__Pseudomonadota;c__Alphaproteobacteria;o__Sphingomonadales;f__Emcibacteraceae;g__Pseudemcibacter;s__Pseudemcibacter aquimaris,blast,90.00,iPHoP-RF;54.40
k141_65337,3300003136_1,d__Bacteria;p__Pseudomonadota;c__Gammaproteobacteria;o__Thiomicrospirales;f__Thiomicrospiraceae;g__Hydrogenovibrio;s__,blast,91.80,iPHoP-RF;69.10
k141_660666,GB_GCA_002686195.1,d__Archaea;p__Nanoarchaeota;c__Nanoarchaeia;o__Pacearchaeales;f__GW2011-AR1;g__ARS23;s__ARS23 sp002686195,blast,92.20,None
k141_662010,RS_GCF_000260115.1,d__Bacteria;p__Bacteroidota;c__Bacteroidia;o__Flavobacteriales;f__Flavobacteriaceae;g__Joostella;s__Joostella marina,blast,91.30,iPHoP-RF;67.70
k141_675322,GB_GCA_002719335.1,d__Bacteria;p__Actinomycetota;c__Acidimicrobiia;o__Acidimicrobiales;f__TK06;g__UBA2110;s__UBA2110 sp002719335,blast,94.70,iPHoP-RF;69.10
k141_69623,RS_GCF_013403865.1,d__Bacteria;p__Bacteroidota;c__Bacteroidia;o__Flavobacteriales;f__Flavobacteriaceae;g__Winogradskyella;s__Winogradskyella costae,iPHoP-RF,93.10,None
k141_69623,GB_GCA_016744625.1,d__Bacteria;p__Bacteroidota;c__Bacteroidia;o__Flavobacteriales;f__Flavobacteriaceae;g__Winogradskyella;s__Winogradskyella sp016744625,iPHoP-RF,92.10,None
k141_69623,RS_GCF_000828715.1,d__Bacteria;p__Bacteroidota;c__Bacteroidia;o__Flavobacteriales;f__Flavobacteriaceae;g__Winogradskyella;s__Winogradskyella sp000828715,iPHoP-RF,92.10,None
k141_69623,RS_GCF_000427335.1,d__Bacteria;p__Bacteroidota;c__Bacteroidia;o__Flavobacteriales;f__Flavobacteriaceae;g__Winogradskyella;s__Winogradskyella psychrotolerans,iPHoP-RF,91.40,None
k141_69623,RS_GCF_013403915.1,d__Bacteria;p__Bacteroidota;c__Bacteroidia;o__Flavobacteriales;f__Flavobacteriaceae;g__Winogradskyella;s__Winogradskyella pacifica,iPHoP-RF,91.40,None
k141_69623,RS_GCF_018860545.1,d__Bacteria;p__Bacteroidota;c__Bacteroidia;o__Flavobacteriales;f__Flavobacteriaceae;g__Winogradskyella;s__Winogradskyella psychrotolerans_A,iPHoP-RF,90.80,None
k141_696506,RS_GCF_018403285.1,d__Bacteria;p__Bacillota;c__Bacilli;o__Paenibacillales;f__Paenibacillaceae;g__Paenibacillus;s__Paenibacillus sp018403285,iPHoP-RF,93.70,None
k141_696506,RS_GCF_003991425.1,d__Bacteria;p__Bacillota;c__Bacilli;o__Paenibacillales;f__Paenibacillaceae;g__Paenibacillus_A;s__Paenibacillus_A lutimineralis,iPHoP-RF,93.40,None
k141_699562,GB_GCA_002359215.1,d__Bacteria;p__Bacteroidota;c__Bacteroidia;o__Flavobacteriales;f__Vicingaceae;g__BRH-c54;s__BRH-c54 sp002359215,blast,92.10,iPHoP-RF;65.30
k141_707667,GB_GCA_003208695.1,d__Bacteria;p__Cyanobacteriota;c__Cyanobacteriia;o__PCC-6307;f__Cyanobiaceae;g__Prochlorococcus_A;s__Prochlorococcus_A sp003208695,blast,91.30,iPHoP-RF;75.20
k141_716652,RS_GCF_016238465.1,d__Bacteria;p__Bacillota;c__Bacilli;o__Staphylococcales;f__Staphylococcaceae;g__Staphylococcus;s__Staphylococcus caledonicus,iPHoP-RF,97.10,None
k141_716652,RS_GCF_004785665.1,d__Bacteria;p__Bacillota;c__Bacilli;o__Staphylococcales;f__Staphylococcaceae;g__Staphylococcus;s__Staphylococcus pragensis,iPHoP-RF,96.70,None
k141_716652,RS_GCF_001027105.1,d__Bacteria;p__Bacillota;c__Bacilli;o__Staphylococcales;f__Staphylococcaceae;g__Staphylococcus;s__Staphylococcus aureus,iPHoP-RF,95.40,None
k141_716652,RS_GCF_000236925.1,d__Bacteria;p__Bacillota;c__Bacilli;o__Staphylococcales;f__Staphylococcaceae;g__Staphylococcus;s__Staphylococcus argenteus,iPHoP-RF,95.10,None
k141_716652,RS_GCF_017357005.1,d__Bacteria;p__Bacillota;c__Bacilli;o__Staphylococcales;f__Staphylococcaceae;g__Staphylococcus;s__Staphylococcus simiae_A,iPHoP-RF,95.10,None
k141_716652,RS_GCF_022493055.1,d__Bacteria;p__Bacillota;c__Bacilli;o__Staphylococcales;f__Staphylococcaceae;g__Staphylococcus;s__Staphylococcus singaporensis,iPHoP-RF,95.10,None
k141_716652,GB_GCA_012841765.1,d__Bacteria;p__Bacillota;c__Bacilli;o__ML615J-28;f__CAG-698;g__DUUA01;s__DUUA01 sp012841765,iPHoP-RF,94.70,None
k141_716652,RS_GCF_002902625.1,d__Bacteria;p__Bacillota;c__Bacilli;o__Staphylococcales;f__Staphylococcaceae;g__Staphylococcus;s__Staphylococcus devriesei,iPHoP-RF,93.10,None
k141_716652,RS_GCF_015594545.1,d__Bacteria;p__Bacillota;c__Bacilli;o__Staphylococcales;f__Staphylococcaceae;g__Staphylococcus;s__Staphylococcus durrellii,iPHoP-RF,92.80,None
k141_720650,GB_GCA_002699485.1,d__Bacteria;p__Chloroflexota;c__Dehalococcoidia;o__SAR202;f__UBA2962;g__UBA2962;s__UBA2962 sp002699485,blast,92.00,iPHoP-RF;61.40
k141_722100,GB_GCA_012329085.1,d__Archaea;p__Halobacteriota;c__Methanosarcinia;o__Methanosarcinales;f__Methanosarcinaceae;g__JAAXQB01;s__JAAXQB01 sp012329085,blast,91.10,None
k141_722902,GB_GCA_002363635.1,d__Bacteria;p__Bacillota;c__Bacilli;o__RFN20;f__CAG-449;g__UBA3210;s__UBA3210 sp002363635,iPHoP-RF,93.10,None
k141_727978,RS_GCF_000260115.1,d__Bacteria;p__Bacteroidota;c__Bacteroidia;o__Flavobacteriales;f__Flavobacteriaceae;g__Joostella;s__Joostella marina,blast,90.30,iPHoP-RF;82.50
k141_735693,RS_GCF_020177595.1,d__Bacteria;p__Pseudomonadota;c__Alphaproteobacteria;o__Rhodobacterales;f__Rhodobacteraceae;g__JAHTBL01;s__JAHTBL01 sp020177595,blast,92.00,iPHoP-RF;52.80
k141_735693,RS_GCF_900102535.1,d__Bacteria;p__Pseudomonadota;c__Alphaproteobacteria;o__Rhodobacterales;f__Rhodobacteraceae;g__Sulfitobacter;s__Sulfitobacter delicatus,blast,91.20,iPHoP-RF;68.40
k141_736490,GB_GCA_002699485.1,d__Bacteria;p__Chloroflexota;c__Dehalococcoidia;o__SAR202;f__UBA2962;g__UBA2962;s__UBA2962 sp002699485,blast,92.40,iPHoP-RF;51.70
k141_740877,GB_GCA_022402565.1,d__Bacteria;p__Bacteroidota;c__Bacteroidia;o__Chitinophagales;f__Chitinophagaceae;g__JAFLBI01;s__JAFLBI01 sp022402565,iPHoP-RF,90.10,None
k141_74619,GB_GCA_002730475.1,d__Bacteria;p__Desulfobacterota_D;c__UBA1144;o__UBA1144;f__UBA1144;g__NP136;s__NP136 sp002730475,blast,93.90,None
k141_75277,RS_GCF_000020585.3,d__Bacteria;p__Pseudomonadota;c__Gammaproteobacteria;o__Enterobacterales_A;f__Alteromonadaceae;g__Alteromonas;s__Alteromonas mediterranea,iPHoP-RF,96.10,blast;91.60
k141_75277,RS_GCF_002993325.1,d__Bacteria;p__Pseudomonadota;c__Gammaproteobacteria;o__Enterobacterales_A;f__Alteromonadaceae;g__Alteromonas;s__Alteromonas gracilis,iPHoP-RF,95.70,None
k141_75277,RS_GCF_000172635.2,d__Bacteria;p__Pseudomonadota;c__Gammaproteobacteria;o__Enterobacterales_A;f__Alteromonadaceae;g__Alteromonas;s__Alteromonas macleodii,iPHoP-RF,95.40,None
k141_75277,RS_GCF_001953635.1,d__Bacteria;p__Pseudomonadota;c__Gammaproteobacteria;o__Enterobacterales_A;f__Alteromonadaceae;g__Alteromonas;s__Alteromonas abrolhosensis,iPHoP-RF,94.10,None
k141_75277,RS_GCF_016405965.1,d__Bacteria;p__Pseudomonadota;c__Gammaproteobacteria;o__Enterobacterales_A;f__Alteromonadaceae;g__Alteromonas;s__Alteromonas sp016405965,iPHoP-RF,93.40,blast;90.60
k141_75277,RS_GCF_009811415.1,d__Bacteria;p__Pseudomonadota;c__Gammaproteobacteria;o__Enterobacterales_A;f__Alteromonadaceae;g__Alteromonas;s__Alteromonas sp009811415,iPHoP-RF,92.80,None
k141_75277,RS_GCF_018619335.1,d__Bacteria;p__Pseudomonadota;c__Gammaproteobacteria;o__Enterobacterales_A;f__Alteromonadaceae;g__Alteromonas;s__Alteromonas sp018619335,iPHoP-RF,92.40,None
k141_75277,RS_GCF_000730385.1,d__Bacteria;p__Pseudomonadota;c__Gammaproteobacteria;o__Enterobacterales_A;f__Alteromonadaceae;g__Alteromonas;s__Alteromonas australica,blast,92.10,iPHoP-RF;81.10
k141_75277,RS_GCF_003443615.1,d__Bacteria;p__Pseudomonadota;c__Gammaproteobacteria;o__Enterobacterales_A;f__Alteromonadaceae;g__Alteromonas;s__Alteromonas sp003443615,iPHoP-RF,92.10,None
k141_75277,RS_GCF_010500915.1,d__Bacteria;p__Pseudomonadota;c__Gammaproteobacteria;o__Enterobacterales_A;f__Alteromonadaceae;g__Alteromonas;s__Alteromonas hispanica,blast,90.00,iPHoP-RF;82.80
k141_756045,3300027838_106,d__Archaea;p__Thermoproteota;c__Nitrososphaeria;o__Nitrososphaerales;f__UBA57;g__UBA57;s__,blast,93.70,iPHoP-RF;77.80
k141_761730,RS_GCF_023015965.1,d__Bacteria;p__Bacteroidota;c__Bacteroidia;o__Flavobacteriales;f__Flavobacteriaceae;g__Muricauda;s__Muricauda sp023015965,iPHoP-RF,92.10,None
k141_761730,GB_GCA_002167435.2,d__Bacteria;p__Bacteroidota;c__Bacteroidia;o__Flavobacteriales;f__Flavobacteriaceae;g__Muricauda;s__Muricauda sp002167435,iPHoP-RF,91.10,None
k141_76255,GB_GCA_023416275.1,d__Bacteria;p__Bacillota_A;c__Clostridia;o__Acetivibrionales;f__DSM-27016;g__Ruminiclostridium;s__Ruminiclostridium sp023416275,iPHoP-RF,93.70,None
k141_76255,GB_GCA_023395575.1,d__Bacteria;p__Bacillota_A;c__Clostridia;o__Acetivibrionales;f__DSM-27016;g__Ruminiclostridium;s__Ruminiclostridium sp023395575,iPHoP-RF,92.10,None
k141_76364,GB_GCA_015660615.1,d__Bacteria;p__Bacteroidota;c__Bacteroidia;o__Flavobacteriales;f__UA16;g__UBA974;s__UBA974 sp015660615,blast,93.20,iPHoP-RF;59.00
k141_76708,RS_GCF_000511385.1,d__Bacteria;p__Pseudomonadota;c__Alphaproteobacteria;o__Rhodobacterales;f__Rhodobacteraceae;g__Phaeobacter;s__Phaeobacter gallaeciensis,blast,91.90,iPHoP-RF;78.70
k141_77346,GB_GCA_002367285.1,d__Bacteria;p__Pseudomonadota;c__Alphaproteobacteria;o__Rhodobacterales;f__Rhodobacteraceae;g__N1Y82;s__N1Y82 sp002367285,blast,92.70,iPHoP-RF;68.20
k141_783436,RS_GCF_003063335.1,d__Bacteria;p__Pseudomonadota;c__Gammaproteobacteria;o__Burkholderiales;f__Burkholderiaceae_B;g__Limnohabitans_A;s__Limnohabitans_A sp003063335,blast,93.90,iPHoP-RF;81.60
k141_787805,RS_GCF_005047595.1,d__Bacteria;p__Bacteroidota;c__Bacteroidia;o__Flavobacteriales;f__Flavobacteriaceae;g__Pontimicrobium;s__Pontimicrobium aquaticum,iPHoP-RF,92.10,None
k141_787805,GB_GCA_013151975.1,d__Bacteria;p__Bacteroidota;c__Bacteroidia;o__Flavobacteriales;f__Flavobacteriaceae;g__JAADHG01;s__JAADHG01 sp013151975,iPHoP-RF,91.40,None
k141_787805,RS_GCF_003386195.1,d__Bacteria;p__Bacteroidota;c__Bacteroidia;o__Flavobacteriales;f__Flavobacteriaceae;g__Seonamhaeicola;s__Seonamhaeicola aphaedonensis,iPHoP-RF,90.80,None
k141_79832,RS_GCF_003605645.1,d__Bacteria;p__Pseudomonadota;c__Gammaproteobacteria;o__Enterobacterales_A;f__Vibrionaceae;g__Vibrio;s__Vibrio sinensis,blast,93.30,None
k141_79832,RS_GCF_000354175.2,d__Bacteria;p__Pseudomonadota;c__Gammaproteobacteria;o__Enterobacterales_A;f__Vibrionaceae;g__Vibrio;s__Vibrio alginolyticus,blast,92.00,None
k141_79832,GB_GCA_024347615.1,d__Bacteria;p__Pseudomonadota;c__Gammaproteobacteria;o__Enterobacterales_A;f__Vibrionaceae;g__Vibrio;s__Vibrio splendidus,blast,90.50,None
k141_79832,RS_GCF_900460535.1,d__Bacteria;p__Pseudomonadota;c__Gammaproteobacteria;o__Enterobacterales_A;f__Vibrionaceae;g__Vibrio;s__Vibrio parahaemolyticus,blast,90.20,None
k141_79832,RS_GCF_003144035.1,d__Bacteria;p__Pseudomonadota;c__Gammaproteobacteria;o__Enterobacterales_A;f__Vibrionaceae;g__Vibrio;s__Vibrio albus,blast,90.10,None
k141_798653,RS_GCF_902506575.1,d__Bacteria;p__Actinomycetota;c__Actinomycetia;o__Streptomycetales;f__Streptomycetaceae;g__Streptomyces;s__Streptomyces mexicanus,blast,92.20,None
k141_81042,RS_GCF_003544895.1,d__Bacteria;p__Pseudomonadota;c__Alphaproteobacteria;o__Rhodobacterales;f__Rhodobacteraceae;g__Profundibacter;s__Profundibacter amoris,blast,92.80,None
k141_81067,GB_GCA_012329085.1,d__Archaea;p__Halobacteriota;c__Methanosarcinia;o__Methanosarcinales;f__Methanosarcinaceae;g__JAAXQB01;s__JAAXQB01 sp012329085,blast,93.80,iPHoP-RF;66.50
k141_814674,GB_GCA_002706985.1,d__Bacteria;p__Pseudomonadota;c__Alphaproteobacteria;o__Sneathiellales;f__Sneathiellaceae;g__Sneathiella;s__Sneathiella sp002706985,blast,92.10,iPHoP-RF;70.90
k141_81517,RS_GCF_001294455.1,d__Bacteria;p__Pseudomonadota;c__Alphaproteobacteria;o__Rhodobacterales;f__Rhodobacteraceae;g__Pseudophaeobacter;s__Pseudophaeobacter sp001294455,blast,92.40,iPHoP-RF;58.40
k141_816717,GB_GCA_913058495.1,d__Bacteria;p__Bacteroidota;c__Rhodothermia;o__Balneolales;f__Balneolaceae;g__Balneola;s__Balneola sp913058495,blast,92.20,None
k141_817648,RS_GCF_009649685.1,d__Bacteria;p__Bacteroidota;c__Bacteroidia;o__Flavobacteriales;f__Flavobacteriaceae;g__Aurantibacter_A;s__Aurantibacter_A sp009649685,iPHoP-RF,90.80,None
k141_831783,GB_GCA_002724975.1,d__Bacteria;p__Patescibacteria;c__Paceibacteria;o__UBA9983_A;f__GCA-002724975;g__GCA-002724975;s__GCA-002724975 sp002724975,blast,93.10,None
k141_836693,GB_GCA_910584305.1,d__Bacteria;p__Bacillota;c__Bacilli;o__RF39;f__UBA660;g__CAKPTA01;s__CAKPTA01 sp910584305,iPHoP-RF,93.10,None
k141_836693,GB_GCA_018381595.1,d__Bacteria;p__Bacillota;c__Bacilli;o__RF39;f__UBA660;g__UMGS2016;s__UMGS2016 sp018381595,iPHoP-RF,90.10,None
k141_836693,GB_GCA_910578855.1,d__Bacteria;p__Bacillota;c__Bacilli;o__RF39;f__UBA660;g__MGBC107952;s__MGBC107952 sp910578855,iPHoP-RF,90.10,None
k141_84820,GB_GCA_014653455.1,d__Bacteria;p__Pseudomonadota;c__Alphaproteobacteria;o__Pelagibacterales;f__Pelagibacteraceae;g__Pelagibacter;s__Pelagibacter sp014653455,blast,92.10,iPHoP-RF;84.50
k141_84820,GB_GCA_001627925.1,d__Bacteria;p__Pseudomonadota;c__Alphaproteobacteria;o__Rhodobacterales;f__Rhodobacteraceae;g__MED-G52;s__MED-G52 sp001627925,blast,90.60,iPHoP-RF;80.80
k141_851665,GB_GCA_903820565.1,d__Bacteria;p__Actinomycetota;c__Actinomycetia;o__Nanopelagicales;f__Nanopelagicaceae;g__Planktophila;s__Planktophila sp903820565,iPHoP-RF,92.40,None
k141_852640,RS_GCF_007989605.1,d__Bacteria;p__Pseudomonadota;c__Gammaproteobacteria;o__Pseudomonadales;f__Halomonadaceae;g__Halomonas;s__Halomonas venusta,blast,93.90,iPHoP-RF;51.50
k141_852640,RS_GCF_013371085.1,d__Bacteria;p__Pseudomonadota;c__Gammaproteobacteria;o__Pseudomonadales;f__Halomonadaceae;g__Halomonas;s__Halomonas maris,blast,93.60,iPHoP-RF;60.10
k141_852640,GB_GCA_011050415.1,d__Bacteria;p__Pseudomonadota;c__Gammaproteobacteria;o__Pseudomonadales;f__Halomonadaceae;g__Halomonas;s__Halomonas sp011050415,blast,92.00,iPHoP-RF;57.10
k141_852640,RS_GCF_014651775.1,d__Bacteria;p__Pseudomonadota;c__Gammaproteobacteria;o__Pseudomonadales;f__Halomonadaceae;g__Halomonas;s__Halomonas hamiltonii,blast,91.40,None
k141_852640,RS_GCF_900111305.1,d__Bacteria;p__Pseudomonadota;c__Gammaproteobacteria;o__Pseudomonadales;f__Halomonadaceae;g__Halomonas;s__Halomonas subterranea,blast,90.80,None
k141_86907,RS_GCF_000260115.1,d__Bacteria;p__Bacteroidota;c__Bacteroidia;o__Flavobacteriales;f__Flavobacteriaceae;g__Joostella;s__Joostella marina,blast,91.70,iPHoP-RF;72.40
k141_883031,GB_GCA_002699485.1,d__Bacteria;p__Chloroflexota;c__Dehalococcoidia;o__SAR202;f__UBA2962;g__UBA2962;s__UBA2962 sp002699485,blast,91.90,None
k141_88591,3300002063_3,d__Bacteria;p__Pseudomonadota;c__Alphaproteobacteria;o__Rhodobacterales;f__Rhodobacteraceae;g__;s__,blast,91.20,None
k141_890638,GB_GCA_001628005.1,d__Bacteria;p__Pseudomonadota;c__Gammaproteobacteria;o__SAR86;f__SAR86;g__AEGEAN-183;s__AEGEAN-183 sp001628005,blast,91.40,None
k141_894118,GB_GCA_002686195.1,d__Archaea;p__Nanoarchaeota;c__Nanoarchaeia;o__Pacearchaeales;f__GW2011-AR1;g__ARS23;s__ARS23 sp002686195,blast,91.30,iPHoP-RF;71.90
k141_90031,GB_GCA_002719335.1,d__Bacteria;p__Actinomycetota;c__Acidimicrobiia;o__Acidimicrobiales;f__TK06;g__UBA2110;s__UBA2110 sp002719335,blast,92.70,None
k141_91122,RS_GCF_902506575.1,d__Bacteria;p__Actinomycetota;c__Actinomycetia;o__Streptomycetales;f__Streptomycetaceae;g__Streptomyces;s__Streptomyces mexicanus,blast,92.20,None
k141_925895,GB_GCA_002699485.1,d__Bacteria;p__Chloroflexota;c__Dehalococcoidia;o__SAR202;f__UBA2962;g__UBA2962;s__UBA2962 sp002699485,blast,91.20,iPHoP-RF;56.50
k141_93275,RS_GCF_000744825.1,d__Bacteria;p__Bacillota;c__Bacilli;o__Lactobacillales;f__Carnobacteriaceae;g__Carnobacterium_A;s__Carnobacterium_A mobile,iPHoP-RF,92.10,None
k141_93275,RS_GCF_000744285.1,d__Bacteria;p__Bacillota;c__Bacilli;o__Lactobacillales;f__Carnobacteriaceae;g__Carnobacterium_A;s__Carnobacterium_A pleistocenium,iPHoP-RF,91.40,None
k141_93275,RS_GCF_000744115.1,d__Bacteria;p__Bacillota;c__Bacilli;o__Lactobacillales;f__Carnobacteriaceae;g__Carnobacterium_A;s__Carnobacterium_A alterfunditum,iPHoP-RF,91.10,None
k141_93275,RS_GCF_900115825.1,d__Bacteria;p__Bacillota;c__Bacilli;o__Lactobacillales;f__Carnobacteriaceae;g__Desemzia;s__Desemzia incerta,iPHoP-RF,91.10,None
k141_936266,GB_GCA_002713325.1,d__Archaea;p__Thermoproteota;c__Nitrososphaeria;o__Nitrososphaerales;f__UBA213;g__UBA213;s__UBA213 sp002713325,blast,91.10,iPHoP-RF;72.20
k141_939820,GB_GCA_002162765.1,d__Bacteria;p__Bacteroidota;c__Bacteroidia;o__Flavobacteriales;f__Flavobacteriaceae;g__MAAR01;s__MAAR01 sp002162765,iPHoP-RF,93.70,None
k141_940966,RS_GCF_004151245.1,d__Bacteria;p__Bacteroidota;c__Bacteroidia;o__Flavobacteriales;f__Flavobacteriaceae;g__Flavobacterium;s__Flavobacterium beibuense_A,iPHoP-RF,92.40,None
k141_940966,RS_GCF_009826935.1,d__Bacteria;p__Bacteroidota;c__Bacteroidia;o__Flavobacteriales;f__Flavobacteriaceae;g__Flavobacterium;s__Flavobacterium sp009826935,iPHoP-RF,91.40,None
k141_940966,RS_GCF_008000935.1,d__Bacteria;p__Bacteroidota;c__Bacteroidia;o__Flavobacteriales;f__Flavobacteriaceae;g__Flavobacterium;s__Flavobacterium alkalisoli,iPHoP-RF,90.50,None
k141_940966,GB_GCA_023386255.1,d__Bacteria;p__Bacteroidota;c__Bacteroidia;o__Flavobacteriales;f__Flavobacteriaceae;g__Flavobacterium;s__Flavobacterium sp023386255,iPHoP-RF,90.10,None
k141_952923,GB_GCA_002364085.1,d__Bacteria;p__Bacteroidota;c__Rhodothermia;o__Balneolales;f__Balneolaceae;g__Balneola;s__Balneola sp002364085,blast,90.40,None
k141_967989,GB_GCA_002699485.1,d__Bacteria;p__Chloroflexota;c__Dehalococcoidia;o__SAR202;f__UBA2962;g__UBA2962;s__UBA2962 sp002699485,blast,94.10,iPHoP-RF;75.70
k141_968885,RS_GCF_004022485.1,d__Bacteria;p__Bacteroidota;c__Bacteroidia;o__Flavobacteriales;f__Flavobacteriaceae;g__Aequorivita;s__Aequorivita sp004022485,iPHoP-RF,96.10,None
k141_968885,3300025062_6,d__Bacteria;p__Bacteroidota;c__Bacteroidia;o__Flavobacteriales;f__Flavobacteriaceae;g__Aequorivita;s__,iPHoP-RF,94.10,None
k141_968885,RS_GCF_000429125.1,d__Bacteria;p__Bacteroidota;c__Bacteroidia;o__Flavobacteriales;f__Flavobacteriaceae;g__Aequorivita;s__Aequorivita capsosiphonis,iPHoP-RF,91.80,None
k141_973830,GB_GCA_016764785.1,d__Bacteria;p__Pseudomonadota;c__Alphaproteobacteria;o__Rhodobacterales;f__Rhodobacteraceae;g__UBA3077;s__UBA3077 sp016764785,iPHoP-RF,94.70,None
k141_973830,GB_GCA_015485015.1,d__Bacteria;p__Pseudomonadota;c__Alphaproteobacteria;o__Rhodobacterales;f__Rhodobacteraceae;g__UBA3077;s__UBA3077 sp015485015,iPHoP-RF,93.10,None
k141_973830,GB_GCA_021647745.1,d__Bacteria;p__Pseudomonadota;c__Alphaproteobacteria;o__Rhodobacterales;f__Rhodobacteraceae;g__UBA3077;s__UBA3077 sp021647745,iPHoP-RF,93.10,None
k141_973830,GB_GCA_021648225.1,d__Bacteria;p__Pseudomonadota;c__Alphaproteobacteria;o__Rhodobacterales;f__Rhodobacteraceae;g__UBA3077;s__UBA3077 sp021648225,iPHoP-RF,91.40,None
k141_975034,GB_GCA_902619925.1,d__Bacteria;p__Pseudomonadota;c__Alphaproteobacteria;o__Pelagibacterales;f__Pelagibacteraceae;g__Pelagibacter;s__Pelagibacter sp902619925,blast,91.80,iPHoP-RF;67.70
k141_975034,GB_GCA_014653455.1,d__Bacteria;p__Pseudomonadota;c__Alphaproteobacteria;o__Pelagibacterales;f__Pelagibacteraceae;g__Pelagibacter;s__Pelagibacter sp014653455,blast,90.90,iPHoP-RF;74.60
k141_975034,GB_GCA_902596515.1,d__Bacteria;p__Pseudomonadota;c__Alphaproteobacteria;o__Pelagibacterales;f__Pelagibacteraceae;g__Pelagibacter;s__Pelagibacter sp902596515,blast,90.80,iPHoP-RF;78.50
k141_987524,GB_GCA_003216955.1,d__Bacteria;p__Cyanobacteriota;c__Cyanobacteriia;o__PCC-6307;f__Cyanobiaceae;g__Prochlorococcus_B;s__Prochlorococcus_B sp003216955,blast,95.90,iPHoP-RF;73.90
k141_988751,GB_GCA_002713325.1,d__Archaea;p__Thermoproteota;c__Nitrososphaeria;o__Nitrososphaerales;f__UBA213;g__UBA213;s__UBA213 sp002713325,blast,93.20,iPHoP-RF;54.60
k141_991979,RS_GCF_010091925.1,d__Bacteria;p__Cyanobacteriota;c__Cyanobacteriia;o__Cyanobacteriales;f__Nostocaceae;g__Komarekiella;s__Komarekiella sp010091925,iPHoP-RF,96.10,None
k141_99281,3300027325_4,d__Bacteria;p__Bacteroidota;c__Bacteroidia;o__Chitinophagales;f__Saprospiraceae;g__JAHDHB01;s__,iPHoP-RF,92.80,None
k141_99536,RS_GCF_003544895.1,d__Bacteria;p__Pseudomonadota;c__Alphaproteobacteria;o__Rhodobacterales;f__Rhodobacteraceae;g__Profundibacter;s__Profundibacter amoris,blast,93.60,None
k141_99536,GB_GCA_900313015.1,d__Bacteria;p__Pseudomonadota;c__Alphaproteobacteria;o__Rhodobacterales;f__Rhodobacteraceae;g__OMPR01;s__OMPR01 sp900313015,blast,90.10,iPHoP-RF;76.80
k141_995965,3300020443_33,d__Archaea;p__Thermoproteota;c__Nitrososphaeria;o__Nitrososphaerales;f__UBA57;g__UBA57;s__,blast,93.90,iPHoP-RF;77.80
