contig_id	contig_length	viral_length	aai_expected_length	aai_completeness	aai_confidence	aai_error	aai_num_hits	aai_top_hit	aai_id	aai_af	hmm_completeness_lower	hmm_completeness_upper	hmm_num_hits	kmer_freq
k141_1016731|provirus_136_7188	7053	NA	58587.12250132706	12.038481664362749	high	4.90644612587249	68	CheckV-051622	66.5	34.19	8.007492750558054	16.484728634310123	4	1.0
k141_149142	3184	NA	NA	NA	NA	NA	0	NA	NA	NA	NA	NA	0	1.0
k141_447591	1514	NA	49638.37673706059	3.0500594490021466	medium	8.22784810126582	60	CheckV-047960	49.8	61.21	0.9	4.03	1	1.0
k141_1044124	4087	NA	229125.00441441956	1.783742464269776	low	16.7746825248758	53	CheckV-013217	33.3	24.23	NA	NA	0	1.02
k141_298736	1033	NA	26223.738607991407	3.9391789837517837	low	10.6764514907398	97	CheckV-000379	44.0	100.0	NA	NA	0	1.0
k141_447897	1085	NA	NA	NA	NA	NA	0	NA	NA	NA	NA	NA	0	1.0
k141_597153	1727	NA	42614.0	4.052658750645328	low	13.957011667213	1	CheckV-011906	32.7	52.43	NA	NA	0	1.0
k141_895608	4244	NA	NA	NA	NA	NA	0	NA	NA	NA	NA	NA	0	1.0
k141_597478	2359	NA	195922.56846648338	1.2040470980266655	high	3.78688054998568	23	CheckV-015755	87.5	43.99	1.0385165614125533	1.659472870215234	3	1.0
k141_895699	1509	NA	24407.251340083385	6.182588850231608	low	18.8069420012078	2	CheckV-000927	28.8	60.57	NA	NA	0	1.0
k141_1044908	1056	NA	183151.7883245592	0.5765709467868727	high	2.19422998780983	312	CheckV-059243	79.8	48.98	0.41830577956293546	0.6223684510191617	3	1.0
k141_448496	1080	NA	61136.98035411108	1.7665249309739204	medium	6.5590302496389	3	CheckV-058200	64.4	33.53	1.58	2.97	1	1.0
k141_299404	1229	NA	193249.01078930363	0.6359670328868898	high	0.797209765819631	7	CheckV-061481	91.4	65.77	0.6	2.9	1	1.0
k141_1045156	1215	NA	58852.64170517355	2.0644782711481806	high	3.47496706192358	486	CheckV-041606	76.8	38.87	1.4112157330154946	3.3984266984505367	2	1.0
k141_896142	3552	NA	NA	NA	NA	NA	0	NA	NA	NA	0.8099999999999999	3.5499999999999994	1	1.0
k141_1045356	2941	NA	181032.43356477204	1.6245707700480823	high	3.8458045310056	156	CheckV-061379	67.1	86.59	1.2142953020134228	1.8085906040268456	2	1.0
k141_299773	4203	NA	239900.3412702539	1.7519774993838848	low	18.451911776551	9	CheckV-042948	50.2	14.86	1.7596732149279806	3.305456694127117	3	1.0
k141_896372	2301	NA	181614.30344186345	1.2669706936032012	high	1.84318314803979	113	CheckV-015755	89.4	81.46	0.9493736017897091	1.4189038031319912	2	1.0
k141_299923	3028	NA	182409.39865205542	1.660002183207614	high	3.53497918923542	186	CheckV-042948	78.3	47.92	1.312765865374213	2.2048676028301273	3	1.0
k141_1492	4012	NA	98724.0	4.063854787083182	low	16.354663036079	2	CheckV-000144	41.3	19.02	NA	NA	0	1.0
k141_1045765	1482	NA	164136.4767053099	0.9029071597904333	medium	6.68889588021372	148	CheckV-061800	58.6	27.99	0.6487735849056604	0.9163207547169812	2	1.03
k141_896673	3010	NA	182332.41773407705	1.650830958864341	medium	7.41878841088674	87	CheckV-044683	52.2	35.62	NA	NA	0	1.0
k141_598408	14049	NA	138980.8278455207	10.10858851381694	low	16.4293487069065	52	CheckV-017320	27.4	27.66	5.0241575715331175	16.10094073789212	4	1.01
k141_598779	1077	NA	175506.42059503216	0.613652763442254	medium	7.29637658717869	102	CheckV-060753	52.1	100.0	0.56	1.39	1	1.0
k141_897059	1084	NA	208138.35837782736	0.5208074131305711	medium	9.32935933119225	15	CheckV-051884	33.8	25.13	0.5223076923076924	0.63	2	1.0
k141_151431	1600	NA	176676.98726862727	0.905607473126815	medium	6.41143235675985	22	CheckV-045663	53.7	51.06	0.7541207421766825	0.9501633896427581	3	1.0
k141_2124	1284	NA	17931.0	7.160783001505772	low	18.5122354407915	1	CheckV-000755	27.9	57.52	0.68	2.88	1	1.0
k141_151545	1115	NA	54463.71835316656	2.047234441045418	medium	7.69344577600237	49	CheckV-061657	55.7	39.12	0.54	13.77	1	1.0
k141_151662	1243	NA	42639.64544606331	2.915127428937755	low	10.6198315369057	7	CheckV-012209	43.9	50.3	NA	NA	0	1.0
k141_2328	4719	NA	535544.3858133752	0.8811594566214838	low	16.7746825248758	3	CheckV-000616	34.0	24.48	0.39	2.75	1	1.01
k141_2341	1160	NA	NA	NA	NA	NA	0	NA	NA	NA	NA	NA	0	1.0
k141_450160	2804	NA	51478.929683638526	5.446888692581329	medium	6.27705627705628	21	CheckV-012901	65.8	38.98	2.84	8.04	1	1.0
k141_1046902	11136	NA	310517.04284110153	3.5862765850499674	high	3.71484524843028	26	CheckV-000616	59.9	41.42	NA	NA	0	1.0
k141_450203	4302	NA	NA	NA	NA	NA	0	NA	NA	NA	NA	NA	0	1.0
k141_599358	1322	NA	NA	NA	NA	NA	0	NA	NA	NA	NA	NA	0	1.0
k141_599456	2269	NA	49015.653812014505	4.62913339624541	medium	7.44864970773602	30	CheckV-061284	52.6	29.87	2.641319727891157	6.868380952380952	2	1.0
k141_748517	2374	NA	36265.44872358648	6.54617572250247	high	4.62276493676406	37	CheckV-049711	67.2	55.31	4.36200647249191	6.941650485436894	2	1.0
k141_301197	2684	NA	NA	NA	NA	NA	0	NA	NA	NA	NA	NA	0	1.0
k141_151962	8533	NA	759022.5006316971	1.1242090969501435	low	16.1277892551785	20	CheckV-000616	47.4	13.27	0.69	5.72001082837033	2	1.02
k141_450389	1877	NA	56351.61261446148	3.330871847167523	medium	5.70841889117043	6	CheckV-001205	57.8	54.46	3.5494913323024337	5.500300317408644	3	1.0
k141_1047210	7127	5025	179082.11344713872	2.805975372567442	low	14.6911520575663	234	CheckV-051884	33.7	35.11	2.30052921052858	4.72708175736321	3	1.0
k141_1047385	2750	NA	NA	NA	NA	NA	0	NA	NA	NA	NA	NA	0	1.0
k141_152301	3674	NA	98601.69164241041	3.7261024012895785	medium	7.02632877950927	24	CheckV-002719	60.7	32.22	NA	NA	0	1.0
k141_599989	1181	NA	39557.17003778417	2.9855523003084747	low	15.3725496558318	24	CheckV-036182	35.8	32.83	1.37	4.6	1	1.0
k141_152433	3212	NA	71709.30534414295	4.479195530601174	low	21.1660950514454	8	CheckV-043841	31.9	43.72	2.87	9.56	1	1.0
k141_301609	2837	NA	173739.12392144557	1.632907969124284	low	10.9970674486804	188	CheckV-021500	40.5	45.47	NA	NA	0	1.0
k141_600344	1334	NA	181504.99907511816	0.7349659826437657	high	3.45919059461904	89	CheckV-047908	69.6	60.95	0.5704054054054054	0.8717567567567568	2	1.0
k141_3164	3115	NA	195117.98527664438	1.5964699489816152	medium	5.98605986059861	64	CheckV-059243	61.8	37.33	NA	NA	0	1.0
k141_3727	5036	NA	6867.119063634349	73.33497429320457	low	19.5078163840247	29	CheckV-031575	25.3	38.34	4.47	15.760000000000002	1	1.0
k141_3792	8314	NA	NA	NA	NA	NA	0	NA	NA	NA	NA	NA	0	1.02
k141_451927	11422	NA	43742.10753250147	26.112139181938527	medium	9.64299623523303	206	CheckV-061284	73.4	17.1	16.902848871287834	40.34100111115701	9	1.0
k141_302535	2932	NA	NA	NA	NA	NA	0	NA	NA	NA	NA	NA	0	1.0
k141_899898	2796	NA	184291.39115225986	1.517162566584551	high	2.76402957175269	148	CheckV-015755	82.1	62.51	1.449826833282292	1.69336926429712	4	1.0
k141_452074	2791	NA	352496.37322960305	0.7917811960527736	high	3.62493958434026	10	CheckV-008173	49.2	54.08	1.5068527918781727	5.980802030456853	2	1.0
k141_3921	1020	NA	41687.21673565937	2.446793237523792	medium	9.71165752697683	4	CheckV-013141	48.6	28.36	0.84	2.59	1	1.0
k141_1048894	2598	NA	NA	NA	NA	NA	0	NA	NA	NA	NA	NA	0	1.0
k141_452194	6940	NA	172001.10507850314	4.034857797473167	low	22.5747580936448	59	CheckV-058896	47.4	5.97	3.4314054054054055	12.639558558558559	2	1.0
k141_601575	2544	NA	NA	NA	NA	NA	0	NA	NA	NA	NA	NA	0	1.0
k141_601983	1410	NA	24324.76453398844	5.796561763341384	low	11.4280670985553	32	CheckV-000374	42.1	78.54	NA	NA	0	1.0
k141_303389	1033	NA	188406.60001748457	0.5482822788077144	high	4.09837430943138	79	CheckV-059243	66.1	54.41	0.4165384615384615	1.2299999999999998	2	1.0
k141_303462	1147	NA	194600.82602505636	0.5894116810441056	high	3.90091512983695	53	CheckV-059243	63.2	100.0	0.6	1.48	1	1.0
k141_303500	1538	NA	179587.21971467597	0.8564083805314983	medium	5.83158658427762	240	CheckV-059243	63.8	33.13	0.6265100772844371	1.3710744052129111	3	1.0
k141_751359	2614	NA	154171.76785005163	1.6955114652005494	low	10.6944003686965	55	CheckV-020449	40.9	66.84	NA	NA	0	1.01
k141_154591	1527	NA	182344.80450740567	0.8374244630249298	low	12.9831144465291	142	CheckV-061379	37.5	59.57	0.68	1.66	1	1.0
k141_901553	3281	NA	212511.06864048494	1.543919580749285	medium	7.56667930805488	13	CheckV-051884	45.7	100.0	1.46	1.9200000000000002	1	1.0
k141_901589	1151	NA	180474.39485616772	0.6377636012672656	low	13.92	3	CheckV-044657	36.1	100.0	NA	NA	0	1.0
k141_5011	6678	NA	NA	NA	NA	NA	0	NA	NA	NA	NA	NA	0	1.01
k141_5174	3626	NA	172885.48810527	2.097342026643745	medium	9.04973946797384	32	CheckV-047909	33.1	43.13	NA	NA	0	1.0
k141_5532	2547	NA	220396.85891782527	1.1556426042122707	low	10.6162263507551	6	CheckV-042948	58.4	24.86	1.3251282051282052	2.1647435897435896	2	1.0
k141_5659	4231	NA	101708.00309943203	4.159947959909978	medium	5.33054029793532	710	CheckV-048131	51.9	84.54	NA	NA	0	1.0
k141_603540	2397	NA	118253.8384569082	2.026995513446668	medium	6.68662674650699	73	CheckV-015755	71.3	24.25	1.2345454545454546	6.333636363636363	2	1.0
k141_155611	10254	NA	NA	NA	NA	NA	0	NA	NA	NA	NA	NA	0	1.0
k141_902710	1219	NA	NA	NA	NA	NA	0	NA	NA	NA	0.5145487364620939	1.5050180505415163	2	1.0
k141_752706	3241	NA	88666.19049759673	3.655282787961716	low	15.7078342823483	7	CheckV-016223	36.7	13.33	1.4203225806451611	3.2265501792114692	2	1.0
k141_603767	2585	NA	NA	NA	NA	NA	0	NA	NA	NA	NA	NA	0	1.0
k141_603837	3497	1362	139115.63628453706	0.9790416349850593	low	19.4474773902474	23	CheckV-002979	37.0	26.54	0.5937844311377245	2.377221556886228	2	1.0
k141_752827	2176	NA	59803.26019979078	3.6385976161339992	high	3.50734981563677	633	CheckV-058011	88.3	33.48	3.119631916162051	4.828828975657757	4	1.0
k141_155911	4173	NA	NA	NA	NA	NA	0	NA	NA	NA	NA	NA	0	1.0
k141_155951	1723	NA	52435.32986337807	3.2859524379637386	medium	9.51279250664113	2068	CheckV-001447	41.3	95.16	NA	NA	0	1.0
k141_753050	8311	NA	61187.45213543016	13.582850257606289	low	12.3244307299425	35	CheckV-012364	56.8	17.39	7.65	21.88	1	1.0
k141_6677	10718	NA	412753.6044154401	2.596706578778229	low	14.6579797588075	3	CheckV-001180	48.2	16.19	1.20205391701527	7.653270430583113	3	1.02
k141_6695	2547	NA	NA	NA	NA	NA	0	NA	NA	NA	NA	NA	0	1.0
k141_903486	9072	NA	179641.5544076632	5.050056502747008	high	4.48569873616738	82	CheckV-040179	29.1	63.9	4.055992779783393	6.002202166064982	2	1.0
k141_753687	1022	NA	179168.6298360951	0.5704123545148131	high	3.80705863737027	165	CheckV-044657	67.5	62.87	0.4526530612244898	0.65	2	1.0
k141_903705	2969	NA	NA	NA	NA	NA	0	NA	NA	NA	NA	NA	0	1.0
k141_7155	1649	NA	198025.82527898124	0.8327196706171371	high	3.53497918923542	46	CheckV-015755	79.1	51.84	0.7209955489781855	1.3110440508064183	4	1.0
k141_455511	3328	NA	NA	NA	NA	NA	0	NA	NA	NA	NA	NA	0	1.0
k141_1052289	6850	NA	NA	NA	NA	NA	0	NA	NA	NA	NA	NA	0	1.04
k141_7281	2793	NA	209011.1441163926	1.3362923837423015	high	3.94930684093227	28	CheckV-015755	71.9	60.61	1.2724485981308409	2.1773084112149528	2	1.0
k141_1052393	6067	NA	NA	NA	NA	NA	0	NA	NA	NA	NA	NA	0	1.02
k141_455612	2046	NA	89559.43861582212	2.2845163297378477	low	10.7660094224394	112	CheckV-001856	40.4	90.75	1.14	4.85	1	1.0
k141_7499	1103	NA	194983.06452655705	0.5656901550287048	medium	5.20086681113519	49	CheckV-032476	64.2	37.61	NA	NA	0	1.0
k141_754702	2700	NA	NA	NA	NA	NA	0	NA	NA	NA	NA	NA	0	1.0
k141_158061	1683	NA	59778.9719197299	2.8153712684452006	high	4.76556921306407	231	CheckV-013443	72.9	40.12	2.47	4.63	1	1.0
k141_8333	2555	NA	364836.0	0.700314661930292	low	11.7003954408002	1	CheckV-062254	31.5	89.39	NA	NA	0	1.0
k141_456606	2878	NA	55449.0	5.190355101083879	medium	7.44864970773602	1	CheckV-040637	57.4	27.54	NA	NA	0	1.05
k141_1053434	3131	NA	214977.12858135457	1.4564340033107868	medium	6.68662674650699	28	CheckV-015755	68.9	25.85	1.31	1.75	1	1.0
k141_306987	6149	NA	NA	NA	NA	NA	0	NA	NA	NA	NA	NA	0	1.0
k141_1053514	1116	NA	181472.48712069797	0.6149692538559548	medium	5.14326783727257	45	CheckV-056655	85.9	19.19	0.5538317757009346	0.6753271028037383	2	1.0
k141_307115	1125	NA	59949.78413738293	1.876570560157335	high	1.21634901077432	598	CheckV-019361	92.7	92.1	1.65	2.69	1	1.0
k141_1053605	2579	NA	NA	NA	NA	NA	0	NA	NA	NA	0.98	7.87	1	1.0
k141_8630	2515	NA	180840.50005819535	1.3907282932698488	high	3.10231074363737	165	CheckV-015755	87.6	31.07	1.1233852815447454	2.0462890053700917	4	1.0
k141_755207	27673	NA	113235.81384542037	24.438381339120113	low	27.441312952095	6	CheckV-002222	27.4	11.56	15.080580781414996	53.77860612460401	2	1.0
k141_606448	1929	NA	41891.31119760665	4.6047735075673835	low	11.2581598019399	29	CheckV-020097	53.7	22.37	3.546817288801572	8.421414538310412	2	1.0
k141_307395	4769	NA	44989.46192072443	10.600260141815914	medium	8.79473845212603	82	CheckV-019491	35.6	54.33	3.686580114885277	14.563165739172732	4	1.0
k141_1053791	2348	NA	63733.467046116966	3.6840926891691113	high	4.27568602425016	72	CheckV-013443	86.3	33.15	3.1494191571561787	5.819704249744659	3	1.02
k141_457166	8825	NA	244279.09247080088	3.612671027527609	medium	7.12377893726093	2	CheckV-056356	40.6	60.62	3.941660649819495	5.839205776173286	2	1.0
k141_9103	9305	NA	204485.29496661708	4.55044945971253	low	25.5595308871383	30	CheckV-000892	29.4	16.62	0.75	5.43	1	1.04
k141_9156	2357	NA	45829.187792976554	5.143010630359058	medium	9.43309616708745	18	CheckV-019490	48.1	85.18	3.8	6.26	1	1.0
k141_905742	1915	NA	61610.48940684277	3.108236955162558	medium	6.27705627705628	80	CheckV-056410	66.2	37.63	3.22	6.08	1	1.0
k141_158895	3256	NA	162778.87880128084	2.0002595078535337	high	3.10231074363737	10	CheckV-015755	91.5	30.48	NA	NA	0	1.0
k141_755709	1317	NA	59645.96166145369	2.2080287806829233	medium	7.28226900171001	140	CheckV-061150	56.6	43.99	1.832701252236136	3.7133989266547403	2	1.0
k141_159089	2004	NA	NA	NA	NA	NA	0	NA	NA	NA	1.8	7.04	1	1.0
k141_159147	1150	NA	79287.82493727615	1.4504118392827072	medium	7.69344577600237	89	CheckV-010203	54.4	38.55	1.03	3.01	1	1.0
k141_159525	2642	NA	NA	NA	NA	NA	0	NA	NA	NA	NA	NA	0	1.0
k141_159702	7857	NA	NA	NA	NA	NA	0	NA	NA	NA	NA	NA	0	1.02
k141_458250	12122	NA	NA	NA	NA	NA	0	NA	NA	NA	100.0	100.0	1	1.0
k141_10480	2809	NA	199252.6126536008	1.4097682146248318	high	2.94652600945798	9	CheckV-049660	71.3	82.91	1.1508097165991902	3.233805668016194	2	1.0
k141_906547	1778	NA	181631.73034212392	0.9789038493719879	medium	8.41622724100411	33	CheckV-009963	52.2	28.52	0.6	1.39	1	1.0
k141_160244	1076	NA	197062.57001478787	0.5460194698157318	low	10.6198315369057	17	CheckV-061307	47.5	49.03	0.4799999999999999	0.63	1	1.0
k141_906753	2764	NA	NA	NA	NA	NA	0	NA	NA	NA	NA	NA	0	1.0
k141_160488	1165	NA	183560.0360870031	0.6346697379422053	high	2.66829438437391	107	CheckV-059243	72.1	75.71	0.52	1.27	1	1.0
k141_458612	1090	NA	183102.10026230308	0.5952962846622292	high	2.94385480123092	63	CheckV-051991	77.1	59.0	NA	NA	0	1.0
k141_160631	2563	NA	145984.1688793001	1.7556698234307118	low	18.7834445672975	4	CheckV-012028	25.6	95.66	NA	NA	0	1.0
k141_11234	2471	NA	49990.73596298303	4.942915827103881	low	21.9381688466112	129	CheckV-032925	31.9	24.57	3.51	6.76	1	1.0
k141_907008	2490	NA	178772.37570101413	1.3928326399624362	high	4.93937043075139	285	CheckV-062295	51.1	51.35	1.0520654911838792	2.8046347607052895	2	1.0
k141_11285	1163	NA	188577.00694477474	0.6167241801332586	medium	9.50413223140496	20	CheckV-051884	68.0	14.79	0.5584415584415585	2.237012987012987	2	1.01
k141_160816	5298	NA	117219.42998187066	4.519728513284356	low	10.0351978014638	26	CheckV-061973	42.3	43.24	NA	NA	0	1.0
k141_11302	3156	NA	180712.7850629838	1.7464176643063962	low	19.2245446878348	130	CheckV-014636	36.5	18.41	1.3501739390652179	1.9234658761479042	3	1.01
k141_1055614	3093	NA	NA	NA	NA	NA	0	NA	NA	NA	NA	NA	0	1.0
k141_458803	5050	NA	NA	NA	NA	NA	0	NA	NA	NA	NA	NA	0	1.0
k141_161151	2663	NA	174957.2934559198	1.5220857315507903	high	3.50734981563677	16	CheckV-015755	89.5	33.26	NA	NA	0	1.0
k141_1055880	3732	NA	61448.73815359477	6.0733549819552755	low	15.1657311952622	24	CheckV-000199	39.4	27.18	4.295395894428152	10.453196480938415	2	1.0
k141_161175	4702	NA	7921.619892163865	59.35654656506883	high	3.21556557579932	34	CheckV-015526	61.8	73.42	36.14	100.00000000000001	1	1.0
k141_161298	2661	NA	59363.0	4.482590165591362	high	3.94930684093227	2	CheckV-047960	68.0	57.58	4.35	7.45	1	1.0
k141_608885	1776	NA	47150.79846575342	3.766638228385347	low	15.5486016037551	3	CheckV-019500	46.1	24.32	NA	NA	0	1.0
k141_608897	1860	NA	60352.0270700253	3.0819180238003896	high	3.23257594404676	65	CheckV-000501	66.7	94.86	2.8	5.52	1	1.0
k141_161619	2615	NA	NA	NA	NA	NA	0	NA	NA	NA	NA	NA	0	1.02
k141_12272	2790	NA	NA	NA	NA	NA	0	NA	NA	NA	NA	NA	0	1.0
k141_757795	3731	NA	106849.46569456466	3.4918284108834743	low	13.9757982883961	30	CheckV-002201	38.7	32.18	NA	NA	0	1.0
k141_309702	3485	3030	NA	NA	NA	NA	0	NA	NA	NA	2.03	8.33	1	1.02
k141_161735	3270	NA	205343.51638530803	1.5924534933278092	high	3.62493958434026	44	CheckV-002666	51.0	52.8	NA	NA	0	1.0
k141_1056325	6040	NA	165601.53165360578	3.6473092607827255	low	13.0126738159548	172	CheckV-017220	42.6	26.28	0.9699999999999999	9.43	1	1.01
k141_161828	17112	NA	148170.9748352005	11.548820556139553	high	3.51913143523066	93	CheckV-000892	58.4	25.1	5.321521934726576	16.476193258219034	8	1.01
k141_908107	6170	NA	196379.17990152896	3.14188092805655	low	10.6438896189225	26	CheckV-017320	52.2	30.59	2.6179133669306456	5.245763138948884	4	1.01
k141_310107	2471	NA	185412.18416405236	1.3327063758731539	high	3.26295744146756	188	CheckV-015755	93.5	47.53	1.196542308825824	1.7742683286236844	3	1.0
k141_1056990	1676	NA	91566.0	1.8303737195028722	low	16.4303586321935	1	CheckV-031666	25.8	100.0	NA	NA	0	1.0
k141_162937	3569	NA	NA	NA	NA	NA	0	NA	NA	NA	NA	NA	0	1.0
k141_163433	1413	NA	NA	NA	NA	NA	0	NA	NA	NA	NA	NA	0	1.0
k141_311193	4330	NA	NA	NA	NA	NA	0	NA	NA	NA	NA	NA	0	1.0
k141_1057984	2557	1933	227396.95761769352	0.8500553482557215	high	1.58845981140548	30	CheckV-015755	92.9	28.43	0.9851645856980703	1.4686492622020428	2	1.0
k141_164032	1545	NA	182691.4202097535	0.8456883187103911	high	3.94930684093227	128	CheckV-049660	70.1	57.76	0.6779834254143646	0.99	2	1.0
k141_311385	4557	NA	5305.9520607001205	85.88468097464687	high	1.60320641282565	33	CheckV-005311	85.8	100.0	42.48	100.0	1	1.0
k141_909620	2378	NA	90613.0	2.6243474998068708	low	11.9200678430089	1	CheckV-015262	28.9	100.0	1.64	6.3999999999999995	1	1.0
k141_311600	3291	NA	177677.92917451967	1.852227800768377	medium	5.38031390760123	371	CheckV-062293	64.5	46.72	1.4666132679984922	2.7964285714285713	3	1.0
k141_311656	2880	NA	NA	NA	NA	NA	0	NA	NA	NA	NA	NA	0	1.0
k141_1058543	3945	NA	NA	NA	NA	NA	0	NA	NA	NA	NA	NA	0	1.0
k141_910071	1331	NA	45074.767802032045	2.952871561858598	low	10.6764514907398	92	CheckV-010716	44.7	100.0	NA	NA	0	1.0
k141_312410	2506	NA	NA	NA	NA	NA	0	NA	NA	NA	NA	NA	0	1.0
k141_1059079	1286	NA	178358.35516029815	0.7210203294621201	high	3.80705863737027	325	CheckV-061461	64.9	66.11	0.5430117899249731	1.4196677384780276	2	1.0
k141_312644	5519	NA	NA	NA	NA	NA	0	NA	NA	NA	NA	NA	0	1.02
k141_910540	16911	NA	277873.76430467935	6.085857022996115	low	13.3626373626374	349	CheckV-000689	28.0	20.84	3.1592481069375653	14.016154195138608	3	1.01
k141_612091	1058	NA	NA	NA	NA	NA	0	NA	NA	NA	NA	NA	0	1.0
k141_1059210	1576	NA	186831.46090053744	0.8435410141330574	high	2.33183856502242	199	CheckV-015755	90.6	61.04	0.7639746545776053	1.132979994105716	3	1.0
k141_760753	2584	NA	NA	NA	NA	NA	0	NA	NA	NA	NA	NA	0	1.0
k141_1059432	4497	NA	181602.29971853938	2.4762902270344496	medium	7.95841548664635	8	CheckV-038831	39.9	59.65	NA	NA	0	1.0
k141_313124	1486	NA	183167.98394171853	0.8112771500901731	high	4.58851593116374	77	CheckV-061300	64.5	43.29	0.6908439897698209	2.531278772378516	2	1.0
k141_462764	1172	NA	14747.353857388336	7.947188433488595	high	2.51210968659322	77	CheckV-008558	86.6	83.2	1.59	7.529999999999999	1	1.0
k141_166246	1046	NA	48885.20194708382	2.139706819933466	medium	7.64857191755397	57	CheckV-019048	56.4	48.41	1.6113978494623655	2.8903225806451616	2	1.0
k141_166289	7978	NA	195222.23808583323	4.086624596779962	low	18.2447178718414	91	CheckV-019740	58.1	11.91	3.4056834392841866	7.642038516353259	5	1.0
k141_313400	1049	NA	191071.742514126	0.5490084437380619	high	1.61446920714027	42	CheckV-059243	84.6	74.21	0.45432432432432435	0.6817567567567568	2	1.0
k141_1059755	3640	NA	18930.0	19.22873745377707	low	19.5078163840247	1	CheckV-004520	26.0	42.31	6.75	10.95	1	1.0
k141_166562	8329	NA	586097.7125164755	1.4210940978149387	low	28.292853557284	3	CheckV-000616	27.2	17.68	NA	NA	0	1.03
k141_314169	2676	NA	303474.1554140127	0.8817884331366813	low	14.7561633975166	3	CheckV-002497	27.7	79.95	NA	NA	0	1.0
k141_314351	2126	NA	105250.64589866929	2.019940098084357	low	15.5486016037551	17	CheckV-005056	47.4	25.29	1.46	5.49	1	1.0
k141_167078	1196	NA	NA	NA	NA	NA	0	NA	NA	NA	1.07	4.2	1	1.0
k141_1060603	3736	NA	NA	NA	NA	NA	0	NA	NA	NA	NA	NA	0	1.0
k141_167351	1680	NA	180371.37624183178	0.9314116435789406	low	16.0119781574775	2	CheckV-048058	27.7	70.86	0.7172699386503067	0.9770245398773006	2	1.0
k141_912548	4124	NA	NA	NA	NA	NA	0	NA	NA	NA	38.45	93.69	1	1.0
k141_464205	2934	NA	NA	NA	NA	NA	0	NA	NA	NA	NA	NA	0	1.0
k141_167733	2125	NA	178773.7348586024	1.188653356535135	high	3.78688054998568	409	CheckV-015755	86.0	44.41	1.08	2.74	1	1.0
k141_18376	1893	NA	181085.26240164338	1.04536392133412	low	15.7159037542474	88	CheckV-000626	30.7	77.32	0.85	2.52	1	1.0
k141_763113	1091	NA	45320.78978343325	2.407283732727025	medium	7.29637658717869	82	CheckV-032276	48.6	100.0	1.8399999999999999	3.02	1	1.0
k141_18470	4848	NA	NA	NA	NA	NA	0	NA	NA	NA	NA	NA	0	1.0
k141_613957	2505	NA	NA	NA	NA	NA	0	NA	NA	NA	NA	NA	0	1.0
k141_763210	1393	NA	44727.40753221787	3.114421507655233	medium	6.53280625218078	91	CheckV-019522	57.9	49.85	2.4382978723404256	3.7582978723404254	2	1.0
k141_912909	2524	NA	158106.1124092015	1.5963962186784548	high	3.91864795187625	46	CheckV-015755	82.5	46.38	1.12	1.4900000000000002	1	1.0
k141_18587	3125	NA	185292.544678352	1.6865222534585325	low	10.7907508297973	159	CheckV-042948	47.3	29.79	1.3285063997988087	2.4142309247021303	5	1.0
k141_168097	1521	NA	129740.66668036363	1.1723386652137535	low	11.9200678430089	5	CheckV-062204	29.5	100.0	NA	NA	0	1.0
k141_18596	1922	645	55640.51793756794	1.1592271673741954	high	3.52700946723594	4	CheckV-041606	70.5	65.65	0.7470321811680571	1.805637663885578	2	1.0
k141_1061397	6399	NA	112793.0	5.673224402223542	medium	5.37918871252205	1	CheckV-049733	82.4	30.88	4.36030814380044	20.44070432868672	2	1.01
k141_18718	1845	NA	NA	NA	NA	NA	0	NA	NA	NA	2.69	5.1	1	1.0
k141_763990	1257	NA	NA	NA	NA	NA	0	NA	NA	NA	NA	NA	0	1.0
k141_614746	2867	NA	190824.5802669595	1.5024269913179573	medium	9.69093101478708	141	CheckV-059243	45.9	49.32	1.2321139795421336	1.8595062657751404	3	1.01
k141_913890	2917	NA	213764.05217371284	1.364588652927263	low	16.4303586321935	11	CheckV-002497	24.4	100.0	NA	NA	0	1.0
k141_913901	1008	NA	122747.24142426501	0.8211997176506288	high	1.97923426346528	56	CheckV-013338	80.7	100.0	0.75	2.96	1	1.0
k141_19522	3492	NA	81414.3499432655	4.289170155425229	low	15.760181986278	4	CheckV-017154	33.7	35.7	NA	NA	0	1.0
k141_315894	2205	NA	121637.97196620583	1.812756299992083	medium	9.89099717400081	5	CheckV-005636	43.3	40.28	1.03	6.500000000000001	1	1.02
k141_315958	32415	NA	652761.3942152554	4.965826761089182	low	13.6499940552004	56	CheckV-000616	37.6	14.82	3.2669862212392333	20.81359963349035	8	1.01
k141_1062139	1002	NA	174992.19227589463	0.5725969753097531	medium	9.40391650527222	2	CheckV-014636	46.4	65.26	0.46861163227016883	2.7022138836772984	2	1.0
k141_914321	1245	NA	182446.9134719885	0.6823902779759263	high	4.09837430943138	53	CheckV-047661	65.2	54.18	0.5426125052783979	1.115919798516016	3	1.0
k141_914368	4224	NA	55467.8855731581	7.615217267348062	medium	7.16312228715536	131	CheckV-001838	74.1	29.92	2.84	12.89	1	1.0
k141_615140	1975	NA	179830.4387137702	1.0982567879643212	low	12.5183531358589	106	CheckV-046697	72.5	13.79	0.9606508997822318	1.1559037632260993	7	1.0
k141_316184	6317	NA	7268.343257863015	86.91114021295243	high	2.30100919465801	3	CheckV-033089	84.5	74.32	58.88999999999999	100.0	1	1.0
k141_169564	2471	NA	62829.618258549	3.932858528332344	low	10.9970674486804	2	CheckV-057052	39.3	43.96	NA	NA	0	1.0
k141_465690	2215	NA	188122.88556257723	1.177421871547469	high	4.43371421418892	55	CheckV-015755	66.7	60.06	1.2254545454545456	1.299090909090909	2	1.0
k141_915150	3148	NA	5473.606745334607	57.51235239329492	high	4.93937043075139	70	CheckV-019610	52.5	52.39	29.350000000000005	71.51	1	1.0
k141_20719	3096	NA	180242.27012952825	1.7176880860272725	high	4.27568602425016	352	CheckV-058897	84.8	33.33	1.4229093799682033	2.4292050874403817	2	1.0
k141_765604	2881	NA	NA	NA	NA	NA	0	NA	NA	NA	NA	NA	0	1.0
k141_765611	1110	NA	164571.38248021516	0.6744793555668432	high	1.97923426346528	35	CheckV-061481	79.4	100.0	0.44	0.8	1	1.0
k141_170469	2567	NA	NA	NA	NA	NA	0	NA	NA	NA	NA	NA	0	1.0
k141_317070	1835	NA	41784.61638738453	4.391568377672164	high	2.60661557643379	449	CheckV-045511	73.8	92.28	3.87	5.33	1	1.0
k141_915607	2068	NA	55479.0	3.7275365453595053	high	3.78688054998568	1	CheckV-010267	86.8	45.02	2.7000000000000006	5.980000000000001	1	1.0
k141_1063246	6486	NA	NA	NA	NA	NA	0	NA	NA	NA	NA	NA	0	1.11
k141_21143	6946	NA	NA	NA	NA	NA	0	NA	NA	NA	NA	NA	0	1.0
k141_1063512	1531	NA	241022.31088764188	0.6352109040700846	low	14.8448260270765	10	CheckV-051985	42.3	28.02	NA	NA	0	1.0
k141_21553	1951	NA	235670.89824457362	0.8278493503153278	high	3.8353196099675	6	CheckV-059243	64.0	70.2	0.9588188976377952	1.5577952755905513	2	1.0
k141_21558	1331	NA	17742.357112835212	7.501821722645438	medium	6.91027496382055	41	CheckV-014634	62.5	40.32	3.23	8.98	1	1.0
k141_766665	2727	NA	5381.297701711124	50.67550897867775	high	4.45453017313834	61	CheckV-007750	60.4	100.0	25.42	61.949999999999996	1	1.0
k141_317591	2520	NA	57519.795444756914	4.381100420324435	low	11.993614049092	8	CheckV-016012	59.6	15.03	NA	NA	0	1.0
k141_21603	1191	NA	122880.08496104824	0.9692376111047898	high	1.86457108677268	60	CheckV-015712	86.0	100.0	0.56	1.62	1	1.04
k141_171293	1282	NA	39039.570279027845	3.2838476213676295	medium	7.69344577600237	83	CheckV-048259	54.7	41.25	1.9487224669603525	3.8894713656387667	2	1.0
k141_466674	1301	NA	347137.6682715368	0.374779264514255	medium	5.66789843012799	11	CheckV-001179	60.1	61.57	NA	NA	0	1.0
k141_916503	5335	NA	178689.23917252247	2.985630262183341	low	23.3177068073054	281	CheckV-056601	30.6	21.55	2.2911530797502544	3.459012531550281	3	1.0
k141_21950	3109	NA	190220.1970416364	1.6344216063026609	medium	6.26853028377806	56	CheckV-059243	59.8	51.03	1.3886642599277976	2.06028880866426	2	1.0
k141_616915	5446	NA	201091.07224741636	2.708225650763554	high	4.86692342125604	25	CheckV-015755	56.6	100.0	2.43	3.1799999999999997	1	1.0
k141_22134	1636	NA	105400.92354554104	1.5521685626342034	medium	9.38815150534153	17	CheckV-005056	47.4	33.02	1.13	4.23	1	1.0
k141_22215	1102	NA	54982.54478089836	2.0042724548152395	low	11.7908597461902	4	CheckV-001205	46.1	41.29	NA	NA	0	1.0
k141_22293	3384	NA	177013.90338464902	1.911714241251779	low	10.7907508297973	232	CheckV-014734	43.6	30.96	1.4340257145829312	3.8125718243229656	5	1.0
k141_318678	1665	NA	187321.73442784612	0.8888450691990235	low	10.7907508297973	15	CheckV-058196	43.2	30.54	NA	NA	0	1.0
k141_22340	1292	NA	NA	NA	NA	NA	0	NA	NA	NA	NA	NA	0	1.0
k141_1064595	3184	NA	NA	NA	NA	NA	0	NA	NA	NA	NA	NA	0	1.0
k141_617498	8315	NA	NA	NA	NA	NA	0	NA	NA	NA	NA	NA	0	1.04
k141_467587	5131	NA	NA	NA	NA	NA	0	NA	NA	NA	NA	NA	0	1.0
k141_767992	2596	NA	NA	NA	NA	NA	0	NA	NA	NA	NA	NA	0	1.0
k141_768219	2701	NA	NA	NA	NA	NA	0	NA	NA	NA	NA	NA	0	1.0
k141_618029	1166	NA	364591.04029135476	0.3198103823583315	medium	8.68542326048555	15	CheckV-062204	52.5	35.73	NA	NA	0	1.0
k141_319703	1066	NA	57515.46147786141	1.8534146690456788	high	4.7385831317676	346	CheckV-001453	59.6	100.0	NA	NA	0	1.0
k141_918377	2584	NA	182166.55791083525	1.4184820911337557	high	3.61079437476245	69	CheckV-051991	84.0	31.11	1.02	1.91	1	1.0
k141_768945	2116	1741	189451.7154192689	0.9189676621016888	medium	5.38031390760123	40	CheckV-059243	64.5	44.46	0.7685545722713865	1.0200000000000002	2	1.0
k141_768953	2517	NA	NA	NA	NA	NA	0	NA	NA	NA	NA	NA	0	1.0
k141_918573	1129	NA	180857.25576811098	0.6242492153301085	high	2.64972286061917	140	CheckV-056655	77.6	81.33	0.6380900409276945	0.7279399727148704	2	1.0
k141_320158	2098	NA	259050.85829159585	0.8098795787962318	low	13.5571486856677	54	CheckV-000813	34.9	56.86	0.68	0.89	1	1.0
k141_1065583	1003	NA	103420.0	0.9698317540127634	medium	9.40391650527222	1	CheckV-002780	43.5	63.17	0.92	2.55	2	1.0
k141_23399	1498	NA	61982.79806051369	2.416799574839305	high	3.46099789177793	247	CheckV-040629	67.9	45.38	2.136652680555844	3.2610965249361272	3	1.0
k141_918844	5147	NA	NA	NA	NA	NA	0	NA	NA	NA	NA	NA	0	1.02
k141_174151	1077	NA	42741.81558231758	2.5197806535049443	medium	7.15726505784103	207	CheckV-057232	55.5	82.23	1.9419512195121948	2.702229965156794	2	1.0
k141_619069	4550	NA	NA	NA	NA	NA	0	NA	NA	NA	NA	NA	0	1.0
k141_23704	1338	NA	87268.1596200754	1.533205244415631	medium	6.05080467115999	48	CheckV-020029	60.1	44.32	NA	NA	0	1.0
k141_320833	2123	NA	35360.03790018284	6.0039528407547955	medium	7.80727581216628	62	CheckV-010185	60.0	47.44	2.015943810359965	6.684363476733978	2	1.0
k141_619212	24209	NA	229634.93839543054	10.542385304762375	low	16.7308326916731	753	CheckV-002278	29.6	15.47	6.772654356950508	28.252141831371784	9	1.0
k141_321045	1773	NA	163220.31268516023	1.086261857260367	low	14.8448260270765	8	CheckV-000912	38.1	32.2	0.7899999999999999	1.04	1	1.0
k141_919489	5618	895	107703.21785657613	0.8309872423606081	low	13.5912336222927	34	CheckV-011850	25.4	49.86	0.6	2.73	1	1.0
k141_1066387	8081	NA	196805.12635877644	4.10609222915683	low	11.4453806865935	65	CheckV-044739	33.6	37.37	3.5514004696497032	6.961517650483314	7	1.0
k141_24030	2613	NA	NA	NA	NA	NA	0	NA	NA	NA	NA	NA	0	1.0
k141_619779	1077	NA	39309.591726140934	2.739789330561257	medium	7.76410691557064	6	CheckV-044073	52.0	55.89	NA	NA	0	1.0
k141_321671	4659	NA	NA	NA	NA	NA	0	NA	NA	NA	NA	NA	0	1.0
k141_321898	9867	NA	544605.5327445451	1.811770062319263	low	10.7181110029211	66	CheckV-000616	41.6	31.39	0.866517842359989	10.35208236808941	3	1.0
k141_1067132	5072	NA	48869.4923188829	10.378663168637436	low	15.8221246969266	194	CheckV-018880	52.8	13.52	5.990757381258023	14.31849807445443	2	1.0
k141_322192	6425	NA	NA	NA	NA	NA	0	NA	NA	NA	NA	NA	0	1.0
k141_176002	3265	NA	NA	NA	NA	NA	0	NA	NA	NA	NA	NA	0	1.0
k141_620526	1803	NA	140621.42213564162	1.2821659549573103	medium	5.80669068180352	12	CheckV-013217	53.0	63.67	NA	NA	0	1.0
k141_176169	1497	NA	107037.65619449831	1.3985732248095928	high	2.71012006861063	40	CheckV-013338	86.7	34.95	1.0809767441860465	1.836232558139535	2	1.0
k141_176250	2934	NA	NA	NA	NA	NA	0	NA	NA	NA	NA	NA	0	1.0
k141_921359	2207	NA	179990.55015885862	1.2261754842418753	high	4.04716205100082	228	CheckV-015755	75.2	43.16	0.9709018871219748	1.7985859905407684	4	1.0
k141_470470	2117	NA	183955.54845305646	1.1508214988906607	medium	6.5549443838636	48	CheckV-044506	65.5	28.45	0.9838120330418626	1.2804263876691233	4	1.0
k141_772112	2047	NA	42541.54762529511	4.811766647583968	high	4.04716205100082	164	CheckV-061284	72.7	45.76	2.6911323529411764	5.562029411764707	2	1.0
k141_921695	1093	NA	43370.26944688851	2.520159579221647	medium	5.34451919204702	272	CheckV-057546	54.6	76.49	1.4364117647058825	2.9710147058823533	2	1.0
k141_176783	1038	NA	211254.56547478097	0.4913503278223418	medium	6.12369555934197	14	CheckV-044128	55.1	64.07	0.46	0.66	1	1.0
k141_621205	3215	NA	193097.3642758205	1.6649631713293043	high	3.19324426796831	44	CheckV-015755	69.8	50.05	1.4525876793150476	3.0057019085611767	3	1.0
k141_470933	1070	NA	68856.81385057762	1.5539493336446675	low	13.92	39	CheckV-049748	34.4	100.0	NA	NA	0	1.0
k141_621563	1125	NA	31434.0	3.5789272761977475	low	11.4280975286117	1	CheckV-017123	38.4	100.0	1.0	3.11	1	1.0
k141_177429	1307	NA	197455.85697583787	0.6619200969865047	low	11.2856911752811	5	CheckV-016759	45.1	25.5	NA	NA	0	1.0
k141_1068287	2700	NA	NA	NA	NA	NA	0	NA	NA	NA	3.1199999999999997	7.03	1	1.04
k141_922374	5581	NA	499823.1727078891	1.1165948889011785	low	22.1130987526063	2	CheckV-000616	47.1	15.46	0.93	3.32	1	1.01
k141_773046	1013	NA	142171.59287941613	0.7125192730021555	medium	7.75308368376917	9	CheckV-017648	58.3	36.53	NA	NA	0	1.0
k141_26017	5086	NA	173846.3647876016	2.9255716714087563	low	26.9656238848579	23	CheckV-000892	40.9	10.22	1.6859657151412513	10.221932954764474	4	1.03
k141_1068514	1685	NA	178215.15414364063	0.9454863746558261	medium	5.38031390760123	47	CheckV-015755	66.3	43.15	0.8198335115319993	1.0163051779440964	3	1.02
k141_1068574	3034	NA	NA	NA	NA	NA	0	NA	NA	NA	NA	NA	0	1.0
k141_922628	2696	1486	153829.98047253935	0.9660015527761641	low	15.1381313075547	75	CheckV-013217	34.8	37.54	0.14	0.85	1	1.0
k141_773646	2747	NA	NA	NA	NA	NA	0	NA	NA	NA	NA	NA	0	1.0
k141_177966	2065	NA	174796.93922612938	1.1813708003940353	medium	7.36886830689784	215	CheckV-049660	52.9	46.41	0.8773083798636094	1.4806150824303148	3	1.0
k141_1068962	1111	NA	188717.32614141903	0.5887111812761963	medium	9.49055987122503	18	CheckV-015755	61.0	22.22	0.5345454545454545	2.1392207792207794	2	1.0
k141_774239	1705	NA	178614.90270668856	0.9545676055932779	high	4.90119268422954	138	CheckV-058914	59.7	59.15	0.76	1.57	1	1.0
k141_923482	1012	NA	NA	NA	NA	NA	0	NA	NA	NA	NA	NA	0	1.0
k141_1069443	1063	NA	NA	NA	NA	NA	0	NA	NA	NA	0.55	1.37	1	1.0
k141_472564	1112	NA	24453.4747296833	4.547411001063903	medium	9.21794557489581	53	CheckV-002211	43.1	57.81	0.24	3.73	1	1.0
k141_923574	1091	NA	75287.02578460966	1.4491208659527424	low	11.4280975286117	50	CheckV-057382	39.2	100.0	NA	NA	0	1.0
k141_472778	2108	NA	68921.47793275931	3.0585531001766855	low	10.513691784929	8	CheckV-002780	43.1	74.11	1.9066539440203558	5.548129770992366	2	1.0
k141_1069630	1667	NA	176988.89274550937	0.9418670144442134	high	4.66262623586707	444	CheckV-061800	65.6	50.64	0.7128342245989305	1.0667914438502675	2	1.0
k141_1069643	1161	NA	198242.16585255464	0.5856473545913082	low	13.8001033911972	33	CheckV-014636	42.5	33.87	0.5599999999999999	0.68	2	1.0
k141_472935	2539	NA	49403.997836929724	5.139260203962857	high	1.98829514316447	31	CheckV-000253	88.9	63.68	1.28	7.079999999999999	1	1.0
k141_623448	2909	NA	NA	NA	NA	NA	0	NA	NA	NA	NA	NA	0	1.0
k141_1069920	2660	NA	NA	NA	NA	NA	0	NA	NA	NA	NA	NA	0	1.0
k141_326466	1529	NA	101859.49178743328	1.5010874030186723	medium	8.75658521623847	84	CheckV-000156	52.2	68.11	1.17	4.06	1	1.0
k141_473410	2610	NA	183716.09357879974	1.4206703120870112	low	15.1381313075547	366	CheckV-048945	34.8	37.56	1.0884509008111973	2.4384850546231895	4	1.0
k141_473434	5914	NA	151057.77967610618	3.915058206654852	medium	8.10410146598583	59	CheckV-000892	42.7	58.29	2.376020892687559	5.537018043684711	2	1.02
k141_924426	4493	NA	NA	NA	NA	NA	0	NA	NA	NA	NA	NA	0	1.0
k141_1070217	1001	NA	NA	NA	NA	NA	0	NA	NA	NA	0.67	2.75	1	1.0
k141_623877	3042	2501	188235.47988224533	1.3286549387844169	medium	5.24868308593221	10	CheckV-049660	74.6	30.81	0.20422155688622753	1.07937125748503	2	1.0
k141_775607	1226	NA	NA	NA	NA	NA	0	NA	NA	NA	NA	NA	0	1.0
k141_924518	8231	NA	221944.00527455224	3.7085930704990093	low	23.5973739108457	10	CheckV-052001	43.1	10.93	0.66	1.38	1	1.01
k141_27926	3286	NA	87282.32463852443	3.764794319593127	low	11.7390330599321	51	CheckV-041415	41.9	38.14	NA	NA	0	1.0
k141_327193	1007	NA	NA	NA	NA	NA	0	NA	NA	NA	NA	NA	0	1.0
k141_179790	4848	NA	NA	NA	NA	NA	0	NA	NA	NA	NA	NA	0	1.0
k141_1070641	1027	NA	156850.61711411606	0.6547631235985576	medium	6.56994077002317	209	CheckV-016759	50.7	63.46	NA	NA	0	1.0
k141_327625	2850	NA	NA	NA	NA	NA	0	NA	NA	NA	NA	NA	0	1.0
k141_1070963	2920	NA	194220.510570544	1.5034457439238424	high	4.27568602425016	93	CheckV-015755	82.7	32.89	1.3122795869737889	2.88703733121525	3	1.0
k141_328257	1027	NA	46547.088716617094	2.2063678488089113	high	1.20967741935484	29	CheckV-061284	87.7	100.0	0.84	5.85	1	1.0
k141_28838	2600	NA	204935.02269564543	1.268694811555627	low	13.7748454522773	46	CheckV-062348	54.5	15.71	1.15	6.97	1	1.0
k141_474716	3553	NA	NA	NA	NA	NA	0	NA	NA	NA	0.99	5.889999999999999	1	1.0
k141_1071533	2846	NA	63169.66457220227	4.505327073166664	medium	6.1524334251607	155	CheckV-006273	71.9	28.98	1.69	6.63	1	1.0
k141_474826	2632	NA	49679.06493247464	5.298006320323254	medium	8.47685945009496	251	CheckV-009836	38.8	100.0	NA	NA	0	1.0
k141_474834	2674	NA	141012.21497128933	1.8962896232389779	medium	9.53752329324072	123	CheckV-002560	48.5	90.79	NA	NA	0	1.0
k141_28990	3047	NA	NA	NA	NA	NA	0	NA	NA	NA	NA	NA	0	1.0
k141_181035	1098	NA	38633.90055119059	2.8420635357414423	medium	6.56994077002317	108	CheckV-005443	48.7	64.94	1.43	3.18	1	1.0
k141_1071742	6397	3481	42757.04660881001	8.141348096018275	medium	5.55225339008813	259	CheckV-005389	69.4	23.06	5.21	11.42	1	1.0
k141_29314	9990	5362	209838.5628907182	2.5552977136964454	low	16.1277892551785	83	CheckV-061481	42.7	12.86	2.584776310244598	5.781533610191652	3	1.0
k141_181332	3099	NA	NA	NA	NA	NA	0	NA	NA	NA	NA	NA	0	1.0
k141_329271	12203	NA	406759.99999999994	3.0000491690431708	low	26.7589582006503	1	CheckV-001180	36.0	4.05	NA	NA	0	1.02
k141_475414	4159	NA	43850.990717338354	9.484392329488607	low	19.4362889019378	3	CheckV-010361	33.3	20.38	NA	NA	0	1.0
k141_625933	1137	NA	52302.02156367412	2.173912147192591	medium	5.99083426346975	1697	CheckV-033211	53.8	100.0	NA	NA	0	1.0
k141_625994	3006	NA	NA	NA	NA	NA	0	NA	NA	NA	NA	NA	0	1.0
k141_29929	1285	NA	190299.95531722566	0.6752497644352751	high	3.42701722574796	16	CheckV-044645	70.5	54.66	0.5353008962868118	1.0893341869398208	2	1.0
k141_182000	1278	NA	172858.90140284778	0.7393313214583148	low	14.602903501281	127	CheckV-047904	36.1	74.51	0.5645228215767635	1.5101244813278007	2	1.0
k141_1072415	4094	NA	NA	NA	NA	NA	0	NA	NA	NA	NA	NA	0	1.0
k141_29982	1316	NA	183055.2840495056	0.7189085017857775	high	3.42478034785727	121	CheckV-059243	71.1	100.0	0.52	0.85	1	1.0
k141_1072423	2857	NA	NA	NA	NA	NA	0	NA	NA	NA	NA	NA	0	1.01
k141_778517	5463	NA	67541.47160405824	8.08836389000407	low	23.3177068073054	25	CheckV-005631	31.2	20.44	1.44	12.86	1	1.0
k141_778843	1151	NA	104566.6334253134	1.100733534490331	high	2.14102198115901	13	CheckV-062272	79.9	56.91	0.93	3.08	1	1.02
k141_1072794	1224	NA	62867.77584064543	1.946943380186605	low	13.9604954804151	81	CheckV-025091	35.3	89.76	NA	NA	0	1.0
k141_626926	3171	NA	59015.07388147107	5.373203474029026	low	21.1303462321792	2	CheckV-002410	27.6	38.89	2.84	11.15	1	1.0
k141_30640	1787	NA	50345.60507776154	3.5494657323909027	low	11.2581598019399	74	CheckV-001855	55.4	20.52	2.8207834745170755	5.495044641156225	4	1.0
k141_330749	3361	NA	NA	NA	NA	NA	0	NA	NA	NA	NA	NA	0	1.0
k141_182688	2638	NA	139100.0	1.8964773544212796	medium	9.53752329324072	1	CheckV-048116	52.2	89.72	NA	NA	0	1.0
k141_779236	4858	NA	NA	NA	NA	NA	0	NA	NA	NA	47.59	57.65	1	1.01
k141_330821	1282	NA	300369.1788581644	0.42680810490392085	medium	7.69344577600237	29	CheckV-019141	55.2	39.34	0.45	0.9599999999999999	1	1.0
k141_927695	4805	NA	176092.41156050775	2.7286808996587206	low	12.4955291822468	5	CheckV-054812	33.9	40.69	2.26	4.52	1	1.02
k141_476759	2920	NA	45742.09385999006	6.383616825538634	low	15.760181986278	23	CheckV-019519	36.0	37.26	NA	NA	0	1.0
k141_182910	1140	NA	NA	NA	NA	NA	0	NA	NA	NA	0.62	3.3699999999999997	1	1.0
k141_1073491	1199	NA	NA	NA	NA	NA	0	NA	NA	NA	NA	NA	0	1.0
k141_627570	5285	NA	NA	NA	NA	NA	0	NA	NA	NA	NA	NA	0	1.0
k141_183166	4874	NA	9318.582178929297	52.30409418957361	medium	9.14599722775549	4	CheckV-007756	32.2	82.22	45.44	100.0	1	1.0
k141_928228	4231	NA	189748.33277625963	2.2297956130075476	high	2.84449824110149	66	CheckV-015755	72.7	57.76	1.781060606060606	3.9313636363636366	2	1.0
k141_331820	1562	NA	NA	NA	NA	NA	0	NA	NA	NA	0.7	0.9099999999999999	1	1.0
k141_332256	1394	NA	200410.18808588767	0.6955734203505604	high	2.71012006861063	27	CheckV-015755	84.1	34.94	0.6488449170346867	0.8254508425159715	4	1.0
k141_184070	1285	NA	88077.4895209581	1.4589425822522262	medium	7.04111901661928	3	CheckV-051902	47.9	61.83	0.5743321299638989	0.8493140794223827	2	1.0
k141_780490	3441	NA	NA	NA	NA	NA	0	NA	NA	NA	NA	NA	0	1.0
k141_1074692	1653	NA	147723.22703185212	1.1189844909383002	medium	7.56667930805488	23	CheckV-044731	45.7	100.0	0.64	1.65	1	1.0
k141_184294	3965	NA	79662.77477413388	4.977230596400737	low	10.6438896189225	13	CheckV-020000	50.5	28.47	NA	NA	0	1.0
k141_32340	2542	NA	NA	NA	NA	NA	0	NA	NA	NA	1.1300000000000001	1.5862264150943397	2	1.0
k141_1075098	1539	NA	179511.60389159113	0.8573261932022053	high	4.43371421418892	220	CheckV-020449	66.3	61.09	0.62	1.47	1	1.0
k141_1075166	4448	NA	NA	NA	NA	NA	0	NA	NA	NA	NA	NA	0	1.01
k141_32781	1342	NA	178864.42887833138	0.7502889246429575	high	2.7703075640318	302	CheckV-059243	68.6	66.89	0.6800000000000002	1.73	1	1.0
k141_781223	8524	NA	183109.40438885518	4.655140476508921	low	39.552960167154	54	CheckV-058898	95.4	14.07	3.9396664833288995	5.285304624611161	12	1.0
k141_629259	1095	NA	184368.75547011098	0.5939184202919439	high	3.90091512983695	112	CheckV-059243	66.5	100.0	0.57	1.41	1	1.0
k141_185044	3579	NA	NA	NA	NA	NA	0	NA	NA	NA	NA	NA	0	1.0
k141_479027	1855	NA	117697.16453828597	1.5760787503054783	medium	9.82267274135623	25	CheckV-056898	45.1	43.9	NA	NA	0	1.0
k141_33090	2700	NA	46167.4270602612	5.84827912648404	low	15.5486016037551	3	CheckV-011611	46.7	24.97	4.998808988764045	8.325235955056181	2	1.0
k141_33230	1676	NA	120705.17308980673	1.3885071841560817	high	3.42478034785727	55	CheckV-013277	76.7	59.29	1.3993442622950818	2.3854098360655733	2	1.0
k141_781646	1078	NA	38727.3563523019	2.783562064483457	medium	6.68889588021372	20	CheckV-002203	59.6	29.28	0.64	2.87	1	1.0
k141_930222	2873	NA	NA	NA	NA	NA	0	NA	NA	NA	NA	NA	0	1.0
k141_781743	6544	NA	191944.83867659263	3.409312823996257	medium	7.54266741111789	109	CheckV-015755	63.7	23.06	2.843088502617831	6.23301082039926	9	1.0
k141_334726	4764	NA	133185.97467604684	3.576953212669467	low	22.6418050767784	219	CheckV-048614	30.9	27.75	NA	NA	0	1.0
k141_33719	3162	NA	178617.26741655738	1.7702655771940727	medium	5.83158658427762	209	CheckV-042948	63.2	33.79	1.3130256898752426	2.014113883395982	4	1.0
k141_930540	4042	NA	34885.034228951336	11.58663045440132	low	12.610489098409	803	CheckV-057827	41.7	40.31	8.753513513513512	12.041621621621621	2	1.0
k141_335310	3103	NA	NA	NA	NA	NA	0	NA	NA	NA	NA	NA	0	1.0
k141_782458	3904	NA	NA	NA	NA	NA	0	NA	NA	NA	NA	NA	0	1.0
k141_335440	1146	NA	NA	NA	NA	NA	0	NA	NA	NA	0.51	0.74	1	1.0
k141_34074	5603	NA	NA	NA	NA	NA	0	NA	NA	NA	NA	NA	0	1.0
k141_34115	1567	NA	175930.70272451578	0.8906916051223389	high	3.52700946723594	293	CheckV-020449	69.8	64.09	0.6350867052023121	0.926329479768786	2	1.0
k141_930935	2210	NA	148082.3950919271	1.4924123820580217	high	3.76866434439809	431	CheckV-014636	74.3	34.0	1.0094210371454202	1.2919614024763613	5	1.0
k141_1076798	1099	NA	572167.0	0.19207678876971235	medium	6.8503937007874	1	CheckV-000467	58.0	80.83	0.47	0.7	1	1.0
k141_34277	3059	NA	NA	NA	NA	NA	0	NA	NA	NA	NA	NA	0	1.0
k141_931065	4538	NA	NA	NA	NA	NA	0	NA	NA	NA	NA	NA	0	1.0
k141_336009	2382	NA	42697.99064782959	5.57871685261864	medium	5.98605986059861	391	CheckV-062313	58.5	37.4	2.8530645068048965	6.6762211236443205	3	1.0
k141_34528	8995	NA	182006.29323109466	4.942136802148366	low	23.5973739108457	5	CheckV-001978	42.6	7.55	8.74	21.95	1	1.0
k141_336180	2520	NA	NA	NA	NA	NA	0	NA	NA	NA	NA	NA	0	1.0
k141_1077355	2785	NA	327235.65760140616	0.8510686214374312	medium	7.56667930805488	81	CheckV-004950	44.4	100.0	NA	NA	0	1.0
k141_1077633	2429	NA	32328.675444970886	7.51345351013402	low	16.0955816050496	12	CheckV-051890	43.4	17.97	4.257819115949959	7.246098039516501	4	1.0
k141_631862	1520	NA	187381.1029985549	0.8111810506375994	medium	6.5549443838636	4	CheckV-015755	63.2	31.36	NA	NA	0	1.0
k141_481652	8690	NA	125541.1516421025	6.922033043614084	low	26.9204150716114	220	CheckV-061494	39.4	11.58	3.4400000000000004	5.33	1	1.0
k141_35683	1435	NA	178550.45313243	0.8036944039204804	high	2.71012006861063	442	CheckV-015755	85.2	36.41	0.64	0.9147348484848484	2	1.0
k141_337896	1170	NA	181977.17607261275	0.6429377712362924	medium	7.75308368376917	116	CheckV-059243	60.9	33.03	0.53	0.8799999999999999	1	1.0
k141_338208	3032	NA	NA	NA	NA	NA	0	NA	NA	NA	NA	NA	0	1.02
k141_932812	1994	NA	99784.26471768798	1.998311062011102	medium	7.44864970773602	5	CheckV-000596	56.2	28.82	1.77	5.51	1	1.0
k141_482067	1706	NA	368221.08623240504	0.4633086109911825	medium	7.90591497421755	44	CheckV-061307	49.5	38.81	0.39000000000000007	0.51	3	1.0
k141_482468	1255	NA	52100.4311383093	2.408809241267875	low	10.0651710208396	51	CheckV-047756	50.0	25.77	2.075217391304348	3.683913043478261	2	1.0
k141_1079012	2608	NA	180882.06179507487	1.4418234589534138	medium	5.24868308593221	256	CheckV-051884	74.6	29.67	1.1635303246717574	1.6475979234192166	4	1.0
k141_785276	4914	NA	171588.8326220421	2.8638227353781494	low	14.6384327283204	156	CheckV-015755	67.2	13.86	2.2902080701309067	3.2058897177471994	9	1.0
k141_36654	2625	NA	NA	NA	NA	NA	0	NA	NA	NA	NA	NA	0	1.0
k141_933644	2710	NA	63986.87846140344	4.235243326699643	medium	5.70841889117043	2	CheckV-001979	58.6	56.28	NA	NA	0	1.0
k141_36781	7463	NA	NA	NA	NA	NA	0	NA	NA	NA	NA	NA	0	1.0
k141_482883	7484	NA	80708.27161529407	9.272903322317951	low	14.6911520575663	352	CheckV-009005	34.7	35.35	4.01	16.92	1	1.0
k141_933845	1082	NA	60997.681927890124	1.7738378997403743	high	1.61574618096357	79	CheckV-019150	85.5	60.92	1.5596153846153848	2.554519230769231	2	1.0
k141_483144	1604	NA	132699.4027243241	1.208746962736693	medium	7.59381898454746	242	CheckV-029838	57.8	30.43	NA	NA	0	1.0
k141_1079664	1081	NA	102919.73367995379	1.0503330715580272	low	19.0715755774068	13	CheckV-040107	28.3	100.0	NA	NA	0	1.0
k141_339760	2600	NA	NA	NA	NA	NA	0	NA	NA	NA	NA	NA	0	1.0
k141_634077	2610	NA	NA	NA	NA	NA	0	NA	NA	NA	NA	NA	0	1.05
k141_634161	6595	NA	NA	NA	NA	NA	0	NA	NA	NA	NA	NA	0	1.0
k141_37378	3800	NA	592096.0	0.6417878181916445	low	10.7645695954375	1	CheckV-000616	43.5	39.58	NA	NA	0	1.0
k141_483659	2175	NA	52116.23894164117	4.173363320472005	low	13.957011667213	4	CheckV-044110	36.5	50.85	1.18	6.43	1	1.0
k141_1080271	3215	NA	NA	NA	NA	NA	0	NA	NA	NA	NA	NA	0	1.0
k141_1080333	8451	NA	153265.74521809255	5.513952245476953	medium	5.0442578302315	101	CheckV-017320	53.0	41.96	2.6316452129415357	7.05356537984266	5	1.02
k141_1080374	3364	NA	183668.61161004112	1.831559552016612	high	4.62276493676406	115	CheckV-015755	62.8	55.08	1.598801778585704	3.7798509065932646	3	1.0
k141_935045	1261	NA	51889.56685995431	2.4301609674317297	medium	7.15726505784103	15	CheckV-001077	53.2	79.65	1.76	4.01	1	1.0
k141_634801	2643	NA	182619.10117472702	1.447274673349323	low	13.957011667213	79	CheckV-015755	35.8	50.63	1.1099810420155127	2.158310044844775	4	1.0
k141_484134	2168	NA	405323.4000816057	0.5348815290613633	high	3.91864795187625	41	CheckV-001167	78.4	44.89	0.31475539885412074	1.855244601145879	2	1.0
k141_1080599	1137	NA	56758.99225156948	2.0032068133989114	low	13.8078132016165	4	CheckV-000009	34.5	61.63	1.62	2.94	1	1.0
k141_190292	12114	NA	180048.3676331934	6.728192073742902	low	13.3435582822086	150	CheckV-016759	34.8	25.09	6.541727716493062	22.565142560633433	3	1.0
k141_1080728	1206	NA	183077.51653967059	0.6587373604331557	high	4.7385831317676	101	CheckV-042948	59.5	100.0	0.48	0.78	1	1.0
k141_787449	2645	NA	184428.3901003002	1.434160976280026	high	3.78688054998568	142	CheckV-015755	85.5	46.4	1.0813080950310912	2.092208508949328	3	1.0
k141_484575	3024	NA	NA	NA	NA	NA	0	NA	NA	NA	NA	NA	0	1.0
k141_341801	3960	NA	102038.45073938124	3.880889969717717	medium	5.33054029793532	730	CheckV-048131	51.7	85.38	NA	NA	0	1.0
k141_635498	1288	NA	255601.30838839008	0.5039097836083313	high	1.13394755492558	5	CheckV-019141	89.7	43.53	0.73	4.22	1	1.0
k141_484742	1627	NA	NA	NA	NA	NA	0	NA	NA	NA	0.98	4.66	1	1.0
k141_635748	2734	NA	NA	NA	NA	NA	0	NA	NA	NA	NA	NA	0	1.0
k141_485330	5802	NA	78105.98266466626	7.428368227450418	low	26.2236590521136	39	CheckV-039995	27.1	28.24	NA	NA	0	1.0
k141_788521	1107	NA	26491.966961852868	4.178625171902206	low	14.602903501281	2	CheckV-000400	35.0	73.33	NA	NA	0	1.12
k141_485800	1355	NA	NA	NA	NA	NA	0	NA	NA	NA	0.29	4.54	1	1.0
k141_485873	1101	NA	NA	NA	NA	NA	0	NA	NA	NA	NA	NA	0	1.0
k141_636948	2923	NA	NA	NA	NA	NA	0	NA	NA	NA	NA	NA	0	1.0
k141_1082369	12575	NA	49835.40135933272	25.23306656914296	medium	6.1342758208282	55	CheckV-053178	56.5	23.27	20.3671458208127	34.9270877160415	5	1.0
k141_1082380	1621	NA	49327.3720674863	3.2862079045732657	low	13.957011667213	7	CheckV-000009	36.0	52.3	2.31	4.18	1	1.02
k141_192218	1298	NA	28343.0	4.579614014042268	medium	9.96724597484611	1	CheckV-002615	46.3	20.34	NA	NA	0	1.0
k141_937489	3601	2882	NA	NA	NA	NA	0	NA	NA	NA	3.3300000000000005	7.510000000000001	1	1.0
k141_937783	1112	NA	193619.07858147277	0.5743235677738662	low	14.1542002301496	38	CheckV-058586	38.4	39.2	0.5	0.65	1	1.0
k141_937856	1707	NA	199230.26935882817	0.8567975165086833	high	3.55778550658532	43	CheckV-059243	86.1	49.38	0.6949937495887887	1.343825909599316	3	1.0
k141_40739	1661	NA	160834.99261206912	1.0327354595068126	low	21.9134402169615	7	CheckV-015475	26.0	82.51	0.8140157480314961	1.3258267716535435	2	1.0
k141_193080	3118	NA	182152.7680575588	1.7117499960334048	high	3.91864795187625	153	CheckV-051884	79.0	42.54	1.3698684210526317	1.9005263157894736	2	1.0
k141_193153	3132	NA	NA	NA	NA	NA	0	NA	NA	NA	NA	NA	0	1.0
k141_638087	1054	NA	47128.67531991327	2.236430353379047	low	11.3225278032974	37	CheckV-020867	44.4	43.79	0.67	2.72	1	1.0
k141_344924	1027	NA	177191.7931018527	0.5795979497818298	low	10.6764514907398	52	CheckV-044645	46.1	100.0	0.4600000000000001	0.6	1	1.0
k141_790056	3381	NA	NA	NA	NA	NA	0	NA	NA	NA	NA	NA	0	1.0
k141_41204	2732	NA	139895.94026044864	1.9528801156872388	low	16.7547169811321	8	CheckV-002527	33.9	27.96	1.7283590733590732	3.032683397683398	2	1.0
k141_638259	5037	NA	37765.51289009498	13.337565452000225	low	17.2676003861331	3	CheckV-009199	53.4	6.03	NA	NA	0	1.0
k141_41408	2429	NA	61922.80420159673	3.9226259716729146	low	10.8819485366333	170	CheckV-001865	38.1	47.81	2.8662002567394094	6.856495507060334	2	1.0
k141_193684	1830	NA	177612.03983733398	1.030335557024178	high	4.04716205100082	289	CheckV-015755	73.7	46.79	0.8085511531638083	1.2571023063276165	3	1.0
k141_193728	3439	NA	NA	NA	NA	NA	0	NA	NA	NA	NA	NA	0	1.0
k141_193824	1148	NA	NA	NA	NA	NA	0	NA	NA	NA	NA	NA	0	1.0
k141_638815	27946	NA	146735.06887774917	19.045208629222046	medium	7.7631262437403	87	CheckV-017320	60.5	15.27	9.128319618287394	22.985021295389085	12	1.0
k141_194176	2081	NA	194728.3711469462	1.0686681081667513	high	3.23415977961433	35	CheckV-061481	76.7	55.83	0.84	1.9900000000000002	1	1.0
k141_346253	7676	NA	7178.776864020173	100.0	medium	7.94487984251384	26	CheckV-003755	37.7	76.89	71.56	100.0	1	1.02
k141_791176	1474	NA	46299.86983951187	3.1835942630277168	high	3.19936479128857	54	CheckV-058030	79.1	36.3	2.7863422381754077	3.9667049966646553	3	1.0
k141_939247	3609	NA	166092.35414925189	2.172887498937443	low	10.6438896189225	387	CheckV-014734	52.0	29.01	1.4728678125337815	2.8068955452696134	3	1.0
k141_488406	1160	NA	37121.514503567036	3.1248725045647983	low	12.972234865726	35	CheckV-018775	40.4	52.2	2.460169799878715	3.471879927228624	3	1.0
k141_42115	2011	NA	251248.0	0.8004043813284086	low	12.3257720688713	1	CheckV-040179	36.6	66.32	0.8999999999999999	1.28	1	1.0
k141_639232	5287	NA	NA	NA	NA	NA	0	NA	NA	NA	NA	NA	0	1.0
k141_939491	1171	NA	25557.36608461102	4.581849303732046	low	11.7908597461902	26	CheckV-000394	42.6	38.95	0.25	3.93	1	1.0
k141_940219	1432	NA	127576.01772943913	1.1224680198412833	high	2.66829438437391	193	CheckV-002666	71.1	74.01	0.69	3.3699999999999997	1	1.0
k141_940294	2530	NA	NA	NA	NA	NA	0	NA	NA	NA	NA	NA	0	1.0
k141_489314	28687	NA	61041.118722309715	46.99618978233976	medium	8.85247539591347	399	CheckV-018442	57.1	16.28	30.203850849992385	49.394084984240344	11	1.0
k141_347808	2741	NA	187620.02814615614	1.4609314512333187	medium	6.29534285045635	57	CheckV-058897	54.8	54.07	1.5299999999999998	3.4599999999999995	1	1.0
k141_195631	3380	NA	117414.10614657376	2.878700107617888	low	16.7547169811321	35	CheckV-061307	35.8	31.8	NA	NA	0	1.0
k141_348173	6306	NA	6531.094316591075	96.55349768844613	low	11.5125421190565	59	CheckV-031575	46.0	36.57	58.79	100.0	1	1.02
k141_940681	14510	NA	312895.62135471776	4.637329195332705	low	26.2150433075829	6	CheckV-001180	41.2	6.33	3.2999999999999994	13.61	1	1.01
k141_1085766	2576	NA	223806.3073926272	1.1509952646155228	medium	9.85301735896608	8	CheckV-059243	67.3	18.77	0.9386432420335016	2.31250744572796	3	1.0
k141_640565	4872	NA	191500.20959255387	2.5441225418843816	high	2.87427072739924	295	CheckV-051884	86.7	46.56	2.246234903925881	3.736858214066838	4	1.0
k141_940904	2057	NA	170624.85889953581	1.205568762527836	medium	5.38031390760123	6	CheckV-044739	64.4	44.02	1.0861027190332324	4.63761329305136	2	1.0
k141_348873	6233	NA	169678.0706738488	3.6734269639244816	low	13.1645631304517	713	CheckV-049660	71.9	15.98	2.8260905482331924	4.3039161400104575	9	1.0
k141_793145	2234	NA	108870.42595126886	2.051980581944222	medium	9.89099717400081	11	CheckV-056898	47.3	37.79	NA	NA	0	1.0
k141_44239	1115	NA	215194.0846730884	0.5181369189092022	low	19.838337182448	14	CheckV-047397	32.2	86.0	0.09	1.02	1	1.0
k141_941349	1862	NA	188583.409016444	0.9873615127180346	medium	6.55782341160443	59	CheckV-044128	53.8	32.72	0.835945945945946	1.4278378378378378	2	1.0
k141_641467	2390	NA	177759.67225462414	1.3445119298918082	high	3.80699424524126	313	CheckV-061326	67.6	57.07	1.4194074074074072	1.6427037037037036	2	1.0
k141_44549	1753	NA	178679.8517834432	0.9810843150489091	high	2.38933414595539	285	CheckV-058914	73.9	86.68	0.7000000000000001	1.27	1	1.0
k141_349710	2658	NA	34499.47636882468	7.704464762259091	low	19.2245446878348	5	CheckV-049711	37.0	17.68	4.08	14.479999999999999	1	1.0
k141_793926	1324	NA	42814.26636654306	3.09242715655787	medium	5.81978340506243	203	CheckV-056746	56.0	69.45	2.864913294797688	3.6065317919075146	2	1.0
k141_350159	1099	NA	NA	NA	NA	NA	0	NA	NA	NA	NA	NA	0	1.0
k141_350387	1230	NA	179717.06846187648	0.6844091162442486	high	2.72532606579716	169	CheckV-042948	78.7	86.53	0.49754335260115606	0.7315895953757225	2	1.0
k141_1087433	1362	NA	NA	NA	NA	NA	0	NA	NA	NA	NA	NA	0	1.0
k141_350591	7424	NA	NA	NA	NA	NA	0	NA	NA	NA	NA	NA	0	1.0
k141_1087535	5377	NA	NA	NA	NA	NA	0	NA	NA	NA	NA	NA	0	1.0
k141_942396	2795	NA	NA	NA	NA	NA	0	NA	NA	NA	NA	NA	0	1.0
k141_197834	2377	NA	47415.04187298041	5.013177055432571	high	3.50672951331705	14	CheckV-015701	62.6	80.31	4.02	6.59	1	1.0
k141_794730	1886	NA	NA	NA	NA	NA	0	NA	NA	NA	1.02	5.58	1	1.03
k141_351208	2947	NA	115153.33382531245	2.5591964228066533	medium	8.75658521623847	589	CheckV-001978	51.2	67.87	NA	NA	0	1.0
k141_1088074	2808	NA	NA	NA	NA	NA	0	NA	NA	NA	26.18	63.79	1	1.0
k141_492020	3780	NA	NA	NA	NA	NA	0	NA	NA	NA	NA	NA	0	1.0
k141_1088201	4871	NA	NA	NA	NA	NA	0	NA	NA	NA	NA	NA	0	1.0
k141_351721	1102	NA	53596.35584838844	2.0561099398572926	low	11.4280975286117	875	CheckV-021799	42.0	100.0	NA	NA	0	1.0
k141_943196	4106	NA	178465.42895601742	2.30072570582391	medium	7.02632877950927	35	CheckV-015266	59.2	31.48	1.7007939914163093	5.657768240343348	2	1.0
k141_492243	1181	NA	181036.28857449445	0.6523553975279556	high	0.679579367388503	135	CheckV-059243	93.1	44.53	0.4668363026532366	0.6953074048385595	3	1.0
k141_795267	4121	NA	43237.63248526218	9.531049141982205	low	22.6418050767784	8	CheckV-013139	31.1	29.54	1.659676616915423	7.884402985074628	2	1.0
k141_492355	7076	NA	160924.5112542573	4.3970927392285635	high	4.88617161428684	25	CheckV-014734	53.5	77.53	3.1665770426556152	8.065565161326319	3	1.01
k141_46563	2933	NA	48192.16532772165	6.086051498318641	medium	6.5549443838636	32	CheckV-047960	67.4	27.51	4.038209366391185	7.99137741046832	2	1.0
k141_46573	1343	NA	181192.72078367422	0.7411997536056684	high	3.42744338112238	64	CheckV-058914	68.9	49.89	0.6250446428571429	1.3815178571428572	2	1.0
k141_795862	2655	NA	NA	NA	NA	NA	0	NA	NA	NA	1.41	5.95	1	1.0
k141_795894	1702	NA	173002.19941116357	0.9838025214667718	high	3.59564862876121	56	CheckV-040976	65.0	74.09	0.76	1.0	1	1.0
k141_492992	1088	NA	52074.58354467672	2.0893109957692975	medium	6.35063036659548	1377	CheckV-015407	60.8	86.68	NA	NA	0	1.06
k141_944062	8207	NA	523064.7610175933	1.5690217754363225	low	11.9600418915653	60	CheckV-000929	37.7	24.57	1.0102276378202155	3.7011459524945156	6	1.0
k141_199362	2545	NA	NA	NA	NA	NA	0	NA	NA	NA	NA	NA	0	1.0
k141_46964	1983	NA	171007.09574303037	1.1596010044985632	low	11.6206370876712	561	CheckV-061337	48.0	25.59	0.8799999999999999	1.2600000000000002	2	1.0
k141_493263	1661	NA	165017.5830874698	1.006559403502816	high	3.62493958434026	36	CheckV-062295	49.5	57.38	0.8448485555607411	3.2423132029682176	3	1.0
k141_944438	1139	NA	174385.736132172	0.6531497502391589	medium	9.12158367084226	66	CheckV-012505	46.5	71.79	0.4791246684350133	0.7870689655172414	2	1.0
k141_796502	2917	NA	54154.32735812175	5.3864578184305065	low	21.4175654853621	78	CheckV-041350	29.3	28.94	NA	NA	0	1.0
k141_1089823	2778	NA	NA	NA	NA	NA	0	NA	NA	NA	NA	NA	0	1.01
k141_353928	13176	NA	49178.40191298472	26.792249214021535	medium	8.19351450259302	88	CheckV-047960	71.7	20.66	21.342268571167505	49.012039531661905	5	1.0
k141_1090073	2556	NA	NA	NA	NA	NA	0	NA	NA	NA	NA	NA	0	1.0
k141_47984	3166	NA	NA	NA	NA	NA	0	NA	NA	NA	4.74	10.12	1	1.0
k141_645464	4106	NA	NA	NA	NA	NA	0	NA	NA	NA	NA	NA	0	1.0
k141_945618	1004	NA	23003.259225558588	4.364598903813031	low	13.92	3	CheckV-000927	33.9	100.0	NA	NA	0	1.09
k141_201357	1946	NA	178087.88908559995	1.0927188872819045	high	3.61079437476245	437	CheckV-059243	84.8	28.1	0.8700000000000001	1.2006296749062428	3	1.0
k141_946334	1738	NA	177549.6938678196	0.9788808767498574	medium	8.76990056085545	59	CheckV-044159	49.3	78.49	0.9146223564954683	3.917794561933535	2	1.0
k141_201655	1215	NA	62061.54500905508	1.957734052258489	high	0.796812749003984	17	CheckV-040629	90.0	55.84	1.73	2.540498614958449	2	1.0
k141_646590	1962	372	54118.7926083416	0.6873767541197173	low	12.3257720688713	54	CheckV-008060	34.9	64.53	0.49	1.17	1	1.0
k141_1091984	3113	NA	NA	NA	NA	NA	0	NA	NA	NA	NA	NA	0	1.0
k141_946757	4433	NA	67505.42846730044	6.566879287563282	low	23.0547056367741	10	CheckV-010896	30.3	25.12	NA	NA	0	1.01
k141_1092117	1910	NA	178726.22208092263	1.0686736270490858	high	3.8353196099675	304	CheckV-061326	65.7	70.14	0.7341133144475921	2.4279660056657226	2	1.0
k141_357350	1231	NA	72085.83651046258	1.7076863633556252	medium	6.05080467115999	24	CheckV-019297	59.5	43.64	NA	NA	0	1.08
k141_647063	2671	NA	NA	NA	NA	NA	0	NA	NA	NA	NA	NA	0	1.05
k141_496148	1047	NA	70302.01900587548	1.4892886645438976	low	12.972234865726	37	CheckV-029946	39.1	50.86	1.5542243692968327	2.9758489890857045	3	1.0
k141_357577	1115	NA	187135.5703955262	0.5958247262363627	high	3.42478034785727	58	CheckV-042948	72.2	89.4	0.44000000000000006	0.65	1	1.0
k141_1092691	1171	NA	158175.80221089066	0.7403155120014778	medium	6.12369555934197	264	CheckV-001898	55.6	64.73	0.63	2.65	1	1.0
k141_357744	1536	NA	183875.8601754901	0.8353461941845168	high	1.98829514316447	144	CheckV-015755	90.0	64.58	0.78	1.98	1	1.0
k141_1092709	10844	NA	223574.2891192967	4.850289379300571	medium	9.14234112693525	162	CheckV-000892	45.4	30.97	4.462058973899647	16.966081675122947	7	1.01
k141_203072	2228	NA	166032.49790209788	1.3419059691035633	low	16.7547169811321	15	CheckV-020821	34.7	28.34	0.58	2.39	1	1.0
k141_1093092	1062	NA	NA	NA	NA	NA	0	NA	NA	NA	NA	NA	0	1.0
k141_947836	1053	NA	119702.64955960073	0.8796797764077097	medium	6.03013749241285	6	CheckV-061807	48.5	73.78	NA	NA	0	1.0
k141_358899	1198	NA	180029.19055370195	0.665447640082924	medium	7.04111901661928	241	CheckV-019614	47.9	61.65	0.5143243243243244	0.7817567567567568	2	1.0
k141_50840	7175	NA	NA	NA	NA	NA	0	NA	NA	NA	NA	NA	0	1.0
k141_497221	1216	NA	217772.49908784294	0.55838088146727	medium	6.03013749241285	8	CheckV-061139	48.3	72.77	0.5036411609498681	1.0105013192612136	2	1.02
k141_50907	2571	NA	104363.0	2.4635167636039594	low	10.9970674486804	1	CheckV-051622	40.3	47.16	0.65	1.01	1	1.0
k141_1093713	1000	NA	45110.33673543972	2.21678682175382	high	2.14102198115901	101	CheckV-029811	79.4	56.38	2.0797841726618707	2.297625899280576	2	1.0
k141_51127	3921	NA	592096.0	0.6622236934551153	low	13.0126738159548	1	CheckV-000616	46.2	26.26	0.316426116838488	2.6325429553264605	2	1.0
k141_1093838	1309	NA	191255.03614539973	0.6844264215896756	medium	6.53280625218078	175	CheckV-019142	61.3	51.18	0.546431718061674	0.8719603524229076	2	1.0
k141_51459	1076	NA	20351.619050191803	5.287048648789735	low	11.4280975286117	2	CheckV-051890	39.1	100.0	1.24	3.53	1	1.0
k141_800762	3549	NA	NA	NA	NA	NA	0	NA	NA	NA	NA	NA	0	1.0
k141_1094251	1799	NA	184725.21067549704	0.9738789813374559	high	2.76533592989289	95	CheckV-059243	75.7	72.61	0.8000000000000002	1.211797752808989	2	1.0
k141_497965	1112	NA	136534.63091604738	0.814445384690532	medium	6.28729461781732	37	CheckV-005081	56.8	55.75	NA	NA	0	1.0
k141_949432	3494	NA	63153.844686882796	5.5325214439806105	low	14.855914629916	45	CheckV-020431	48.5	16.42	4.444085365853659	9.636615853658537	2	1.03
k141_801459	4691	NA	69878.6545544447	6.71306571357222	low	18.1585854626757	4	CheckV-044309	31.7	34.36	2.15	3.31	1	1.0
k141_498715	2716	NA	136021.35666243808	1.996745266068954	low	11.7003954408002	10	CheckV-058528	28.1	90.1	1.75	7.37	1	1.0
k141_206335	1214	NA	52454.06342350256	2.314406016934153	high	4.12714261940423	1035	CheckV-003308	66.4	79.89	NA	NA	0	1.0
k141_52681	2626	NA	NA	NA	NA	NA	0	NA	NA	NA	NA	NA	0	1.0
k141_52721	1065	502	168336.41138746392	0.29821236882882973	medium	6.28729461781732	559	CheckV-061807	54.1	54.05	0.22	0.32	1	1.0
k141_52744	2967	NA	NA	NA	NA	NA	0	NA	NA	NA	NA	NA	0	1.0
k141_499177	1414	NA	190459.22889318987	0.7424161109005517	high	3.90091512983695	56	CheckV-049660	65.3	100.0	0.63	0.86	1	1.0
k141_950104	1122	NA	58736.0	1.9102424407518388	medium	5.07235483084664	1	CheckV-000253	75.6	31.03	NA	NA	0	1.0
k141_52952	2785	NA	NA	NA	NA	NA	0	NA	NA	NA	NA	NA	0	1.0
k141_206936	8545	NA	239853.27436135482	3.5625946832505577	medium	5.99137900149934	410	CheckV-056620	53.0	29.86	2.815257636009815	5.879129367966833	3	1.0
k141_362380	1068	NA	55933.250955275435	1.9094187835675407	low	12.972234865726	8	CheckV-056858	37.6	48.53	NA	NA	0	1.0
k141_53341	4509	NA	6594.038405513945	68.3799475027256	high	3.88671588193675	143	CheckV-033089	46.1	100.0	42.04	100.0	1	1.0
k141_499900	1046	NA	217843.35007820095	0.4801615471046094	medium	6.22276417638962	6	CheckV-058897	51.4	89.57	NA	NA	0	1.0
k141_207679	3387	NA	59959.345565746524	5.648827498102181	medium	6.5549443838636	377	CheckV-057973	64.0	30.57	4.568670580026373	7.74411991106584	5	1.0
k141_362773	1835	NA	NA	NA	NA	NA	0	NA	NA	NA	NA	NA	0	1.0
k141_500112	3386	NA	213641.130574295	1.5849008058036362	medium	8.41622724100411	68	CheckV-001964	51.4	29.27	1.5236734693877552	3.873224489795918	2	1.0
k141_803061	3265	NA	31715.15294117647	10.294763534818019	low	11.3661940130542	2	CheckV-044073	41.1	54.56	NA	NA	0	1.0
k141_803086	9384	NA	NA	NA	NA	NA	0	NA	NA	NA	NA	NA	0	1.0
k141_500524	1600	NA	149062.04084909023	1.0733785683370813	high	4.70588235294118	292	CheckV-052019	61.6	63.77	0.7799999999999999	3.77	1	1.0
k141_803378	2229	NA	43951.020011469795	5.071554652015592	high	3.81403253953453	61	CheckV-061284	89.4	51.57	2.7045283018867927	9.561698113207548	2	1.0
k141_54348	1429	NA	66287.82486326815	2.1557503251126393	low	11.4280975286117	96	CheckV-015879	38.0	100.0	NA	NA	0	1.01
k141_363736	2832	NA	61946.20547364854	4.571708595136973	low	12.9948120840075	5	CheckV-044110	51.5	18.37	NA	NA	0	1.0
k141_208777	3201	NA	NA	NA	NA	NA	0	NA	NA	NA	NA	NA	0	1.0
k141_54427	1300	NA	181004.21869128154	0.7182153042616445	high	3.80705863737027	127	CheckV-044683	66.4	64.48	0.5604054054054055	0.8456756756756757	2	1.0
k141_363851	2683	NA	182360.97506417576	1.4712577617309894	high	3.45122623124897	112	CheckV-015755	81.3	40.58	1.176962425487166	2.4799877426495556	4	1.0
k141_803956	6336	NA	NA	NA	NA	NA	0	NA	NA	NA	NA	NA	0	1.0
k141_54791	3962	NA	176588.60666126164	2.243632856563643	medium	5.46581517655898	325	CheckV-062175	57.0	44.54	1.6009000250259737	3.206009418866551	3	1.0
k141_54813	9419	NA	NA	NA	NA	NA	0	NA	NA	NA	2.05	31.58	1	1.01
k141_209364	4766	NA	44396.99090054228	10.734961769541426	medium	6.24206248412497	366	CheckV-059606	58.5	42.15	8.848944482522276	12.986648389307744	3	1.0
k141_804120	3550	NA	197401.72427088817	1.7983632175007989	low	11.1328258931633	8	CheckV-013217	47.7	27.13	NA	NA	0	1.0
k141_365030	1142	NA	145999.5629901552	0.7821941220995337	high	1.86457108677268	21	CheckV-007573	85.8	100.0	0.44999999999999996	0.83	1	1.0
k141_55695	7236	NA	209104.19978650624	3.4604756898177556	low	14.6911520575663	17	CheckV-048945	33.2	37.44	3.604485981308411	4.38196261682243	2	1.0
k141_55993	1310	NA	NA	NA	NA	NA	0	NA	NA	NA	NA	NA	0	1.0
k141_211127	2250	NA	46910.9742893349	4.796319057716804	high	4.93937043075139	20	CheckV-007499	49.7	47.65	NA	NA	0	1.0
k141_502576	1033	NA	181181.78484719768	0.5701456141803635	high	2.61866578196099	6	CheckV-049660	79.0	61.08	0.59	3.38	1	1.0
k141_805671	3140	NA	NA	NA	NA	NA	0	NA	NA	NA	NA	NA	0	1.0
k141_56587	2928	NA	196634.64806983352	1.489055987203303	high	4.70588235294118	44	CheckV-002666	59.0	63.76	1.0719526627218936	1.8497041420118343	2	1.0
k141_502902	3511	NA	273315.78407329106	1.2845946720217618	medium	8.82865440464666	26	CheckV-032280	29.5	73.98	NA	NA	0	1.0
k141_211678	1328	NA	152382.94662871337	0.8714885946100784	medium	6.26294622599734	56	CheckV-002316	61.5	54.21	0.71	1.64	1	1.0
k141_367366	1295	NA	188923.0724817082	0.6854641854955984	medium	7.69344577600237	83	CheckV-044128	52.9	41.48	0.583963963963964	0.9964864864864865	2	1.0
k141_56954	1345	NA	48658.295414008215	2.76417410136564	high	4.65983116385467	569	CheckV-015758	62.9	50.47	0.73	3.98	1	1.0
k141_57012	3010	NA	112812.10941898824	2.668153282038856	low	10.9970674486804	191	CheckV-021471	39.0	43.28	NA	NA	0	1.0
k141_1100334	1005	NA	NA	NA	NA	NA	0	NA	NA	NA	0.45	0.65	1	1.0
k141_806886	1329	NA	151834.090920795	0.8752974986976274	medium	7.29637658717869	10	CheckV-013217	51.9	100.0	0.52	1.33	1	1.0
k141_1100673	3266	NA	NA	NA	NA	NA	0	NA	NA	NA	NA	NA	0	1.0
k141_368870	2596	NA	NA	NA	NA	NA	0	NA	NA	NA	1.17	1.9	1	1.0
k141_504308	2817	NA	NA	NA	NA	NA	0	NA	NA	NA	NA	NA	0	1.0
k141_369367	3241	NA	NA	NA	NA	NA	0	NA	NA	NA	2.02	6.47	1	1.0
k141_1101657	1562	NA	21853.47803833631	7.1476036778213174	high	4.04716205100082	14	CheckV-014635	73.3	44.98	NA	NA	0	1.0
k141_655804	3698	NA	NA	NA	NA	NA	0	NA	NA	NA	NA	NA	0	1.0
k141_213937	2655	NA	NA	NA	NA	NA	0	NA	NA	NA	NA	NA	0	1.0
k141_955868	7052	NA	NA	NA	NA	NA	0	NA	NA	NA	NA	NA	0	1.0
k141_1102109	5250	NA	NA	NA	NA	NA	0	NA	NA	NA	NA	NA	0	1.05
k141_214298	2742	NA	59610.52159340502	4.599859096524597	high	4.27568602425016	646	CheckV-013443	85.7	37.33	3.95375	6.478846153846154	2	1.0
k141_956157	2798	NA	NA	NA	NA	NA	0	NA	NA	NA	NA	NA	0	1.0
k141_370076	1199	NA	178086.8157865398	0.6732671336193451	medium	5.66789843012799	4	CheckV-014636	61.9	59.73	0.61	3.03	1	1.0
k141_59293	1076	NA	42133.0899193776	2.5538122223149187	high	2.90887460477086	406	CheckV-056784	76.6	100.0	2.27	3.13	1	1.0
k141_59451	1091	NA	198126.47553895175	0.550658359531313	medium	7.64857191755397	21	CheckV-002666	55.5	47.51	NA	NA	0	1.0
k141_214600	2826	NA	NA	NA	NA	NA	0	NA	NA	NA	1.9500000000000002	7.6	1	1.03
k141_370278	3092	NA	59297.00000000001	5.214429060492098	low	20.4541717367711	1	CheckV-029111	29.6	35.08	NA	NA	0	1.0
k141_1102505	2076	NA	117964.22098539442	1.7598556432268027	high	3.96829921888363	71	CheckV-049661	80.9	36.25	0.9852371705820685	2.3315156194322366	3	1.0
k141_59654	1674	NA	179491.44041694756	0.9326350026003475	high	3.64336673972188	168	CheckV-042948	66.8	100.0	0.66	1.08	1	1.0
k141_214783	3440	NA	5272.673134151124	65.24204919358849	medium	9.89099717400081	21	CheckV-007748	42.9	38.59	NA	NA	0	1.0
k141_59775	5878	NA	NA	NA	NA	NA	0	NA	NA	NA	NA	NA	0	1.0
k141_656879	7914	NA	NA	NA	NA	NA	0	NA	NA	NA	NA	NA	0	1.02
k141_956808	1740	NA	53347.001825612904	3.2616640869301734	low	10.5990783410138	1077	CheckV-004147	44.2	90.31	2.48	4.49	1	1.0
k141_370649	11945	NA	40414.49916527837	29.556224243061763	low	20.3878139483986	633	CheckV-020377	52.3	12.1	16.591783783783786	37.27462162162163	2	1.0
k141_1103127	1296	NA	NA	NA	NA	NA	0	NA	NA	NA	1.78	3.9599999999999995	1	1.0
k141_506764	1415	NA	NA	NA	NA	NA	0	NA	NA	NA	NA	NA	0	1.0
k141_809878	1230	NA	65122.6357891075	1.8887441902431894	low	15.1046859421735	343	CheckV-014012	35.3	77.86	NA	NA	0	1.0
k141_957739	17161	NA	122699.37583614212	13.986216215897885	low	27.4427620025844	450	CheckV-008198	34.5	7.33	10.14	28.3	1	1.0
k141_1103888	2856	NA	197008.57106128868	1.4496831201884655	low	10.586319218241	171	CheckV-023449	40.5	68.42	NA	NA	0	1.0
k141_810113	10608	NA	177757.86371151052	5.967668478068624	medium	9.48837978822797	122	CheckV-014734	45.5	24.34	4.731366064736698	9.252640952985637	8	1.0
k141_60940	2001	NA	176765.0749033521	1.1320109479172087	high	3.54623096917935	335	CheckV-061326	68.4	68.67	1.1908518518518518	1.3711481481481482	2	1.0
k141_371856	1234	NA	180184.81443481153	0.6848523855191164	high	4.1478960989169	199	CheckV-014734	64.4	71.65	0.5162641509433962	1.1198113207547171	2	1.0
k141_507271	5470	NA	164920.21849650392	3.3167552467898025	low	25.0788091068301	61	CheckV-016759	30.9	11.6	NA	NA	0	1.0
k141_216173	1539	NA	63167.83381630759	2.436366592014886	high	3.55778550658532	84	CheckV-013443	83.1	50.1	2.064525511790044	3.8113450863715084	3	1.0
k141_810546	1097	NA	41142.630965286844	2.6663341022735487	high	3.42701722574796	6	CheckV-020078	71.1	54.05	2.02	2.77	1	1.0
k141_958275	3245	NA	208050.35664416532	1.559718547154437	low	15.5486016037551	343	CheckV-014734	44.3	27.02	1.3634593074189973	2.044676062078841	5	1.0
k141_507479	2613	NA	35565.6953938985	7.3469672701753925	low	10.8819485366333	3	CheckV-016538	39.5	51.36	3.88	7.59	1	1.0
k141_958469	2041	NA	192469.04036353406	1.060430288499893	high	3.42478034785727	45	CheckV-015755	70.9	77.33	0.9143321299638989	1.3483032490974727	2	1.0
k141_372417	3796	NA	87068.9075996751	4.359765276317955	low	13.1821249631444	10	CheckV-029718	37.6	36.36	NA	NA	0	1.0
k141_61512	1102	NA	131757.2221772735	0.8363867891183284	high	4.15101920104459	31	CheckV-000626	65.9	85.33	NA	NA	0	1.0
k141_1104398	14117	NA	248877.32738598672	5.672272419618916	low	26.9204150716114	318	CheckV-001180	42.0	11.43	2.5964650283553876	55.99189035916824	2	1.0
k141_507706	5197	NA	181154.19489023244	2.868826749029489	high	3.50196771801745	127	CheckV-051884	83.0	49.61	2.2754071123382364	3.192217614308821	5	1.0
k141_810937	1179	NA	39961.878336097325	2.950311769842451	medium	7.69344577600237	55	CheckV-041643	54.0	41.47	0.32097826086956527	4.586594202898551	2	1.03
k141_1104634	1477	NA	156120.8650641996	0.946061885701589	high	2.59649500053758	11	CheckV-011238	79.9	73.02	NA	NA	0	1.0
k141_216863	2555	NA	NA	NA	NA	NA	0	NA	NA	NA	NA	NA	0	1.0
k141_811432	2903	NA	NA	NA	NA	NA	0	NA	NA	NA	NA	NA	0	1.0
k141_373140	3847	2685	42028.0	6.388598077472161	low	25.0788091068301	1	CheckV-062147	30.3	11.15	3.1	6.99	1	1.0
k141_1105413	4558	NA	180526.48094950107	2.524837340221026	low	14.0086581853272	2	CheckV-020028	28.1	41.38	1.4	13.609999999999998	1	1.0
k141_959798	1838	NA	147680.39333008975	1.2445795671005362	high	4.62276493676406	28	CheckV-001380	63.8	56.38	1.1533687943262412	1.5623758865248225	2	1.0
k141_62955	3147	NA	155102.4556191871	2.028981415824017	low	10.7907508297973	259	CheckV-014734	44.3	27.85	1.4806920941393118	2.877689485358742	3	1.0
k141_218043	1327	NA	182604.67195746303	0.7267064888181607	medium	6.05080467115999	118	CheckV-014636	60.7	46.72	0.59	1.45	1	1.0
k141_1105966	2645	NA	NA	NA	NA	NA	0	NA	NA	NA	1.19	1.9299999999999997	1	1.0
k141_812585	1286	NA	178689.19971654468	0.7196853542575524	medium	6.03013749241285	24	CheckV-044506	48.4	72.92	0.5720257234726688	1.4337942122186498	2	1.0
k141_660372	1027	NA	27297.92730747452	3.762190397945687	low	15.5702184012636	3	CheckV-000900	35.3	41.84	NA	NA	0	1.0
k141_218413	1216	NA	50430.014331603656	2.411262451769626	medium	7.29637658717869	7	CheckV-019490	47.9	100.0	NA	NA	0	1.0
k141_812838	2586	NA	NA	NA	NA	NA	0	NA	NA	NA	NA	NA	0	1.0
k141_374696	1934	NA	183738.1451725301	1.052584915442558	high	4.76556921306407	101	CheckV-059243	75.0	41.52	0.86	2.11	1	1.0
k141_374716	1676	NA	41155.58659630607	4.072351140174077	low	15.760181986278	2	CheckV-029170	37.3	34.9	3.09	4.23	1	1.0
k141_660699	8648	NA	NA	NA	NA	NA	0	NA	NA	NA	NA	NA	0	1.0
k141_813054	4009	NA	166115.99559298943	2.413373851018349	low	12.4955291822468	16	CheckV-044645	35.4	37.84	NA	NA	0	1.0
k141_510067	2764	NA	84278.19795755362	3.279614499341903	low	10.6944003686965	5	CheckV-001685	38.8	65.37	1.8900000000000001	7.02	1	1.0
k141_813286	1472	NA	NA	NA	NA	NA	0	NA	NA	NA	NA	NA	0	1.0
k141_63906	3816	3187	221099.30459423896	1.441433751159361	medium	5.55225339008813	42	CheckV-015755	69.1	22.94	1.302571428571429	1.7822857142857147	2	1.0
k141_1106723	9089	NA	62564.680208326994	14.52736587118415	low	17.48999801379	97	CheckV-049733	57.5	10.4	17.10124694376528	28.03948655256724	2	1.0
k141_661227	1158	NA	181648.1713189677	0.6374960956620881	high	4.16648955100849	34	CheckV-014636	89.0	18.86	0.5776635514018691	0.7014953271028037	2	1.0
k141_64625	1314	NA	181814.1070465346	0.7227161969690762	medium	9.40391650527222	130	CheckV-061139	44.6	62.68	0.5465963060686015	1.0982321899736147	2	1.0
k141_375826	2643	NA	111679.91735800254	2.3665848458031773	medium	9.85301735896608	118	CheckV-058898	66.4	22.27	4.009706194893592	6.850360148194951	3	1.0
k141_961738	4770	NA	5267.164301970335	90.56106334514082	high	2.30374449781511	42	CheckV-005311	85.6	70.33	44.47	100.0	1	1.0
k141_64843	1118	NA	36518.702351168955	3.061445035064925	high	3.42478034785727	161	CheckV-017663	70.3	100.0	1.46	3.24	1	1.0
k141_64877	5879	NA	5559.562861817479	100.0	high	4.54554919312858	79	CheckV-007750	54.8	68.55	54.81	100.0	1	1.02
k141_219923	18980	NA	327512.90261657164	5.7951915324143455	low	14.1695212703127	40	CheckV-000616	57.0	7.51	1.5290827784022105	4.092929624279773	3	1.01
k141_1107569	1441	NA	193126.60120641318	0.7461426810177554	high	2.63223288732552	57	CheckV-015755	79.4	63.09	0.6234355924490405	1.30881761262887	3	1.0
k141_219955	1653	NA	199095.7391121745	0.8302538303286676	medium	8.75658521623847	57	CheckV-009963	51.5	71.51	0.66	1.07	1	1.0
k141_662507	2648	NA	NA	NA	NA	NA	0	NA	NA	NA	NA	NA	0	1.0
k141_1108283	3987	NA	190964.80232498134	2.0878193004462555	high	2.91211559951083	256	CheckV-015755	90.6	59.92	1.9640350877192982	3.8052631578947365	2	1.0
k141_65832	3151	NA	51621.65603928166	6.104027343877222	low	15.1659419618674	16	CheckV-013547	52.6	10.93	NA	NA	0	1.01
k141_1108547	1179	NA	42780.07104478577	2.7559561524938183	high	1.86457108677268	73	CheckV-061284	86.6	100.0	1.76	3.8700000000000006	1	1.0
k141_66035	1950	NA	102314.48177572827	1.9058885566897257	low	10.3754165273183	12	CheckV-048116	39.2	79.52	0.95	4.59	1	1.0
k141_512350	6433	NA	212908.762085965	3.0214820362360584	high	4.70087466957381	96	CheckV-000892	58.8	42.73	2.897184986595174	4.377694369973191	2	1.0
k141_66264	1014	NA	60262.8931775738	1.6826274785913355	high	2.61866578196099	421	CheckV-014625	78.8	61.24	1.49	2.79	1	1.0
k141_963233	2895	NA	NA	NA	NA	NA	0	NA	NA	NA	NA	NA	0	1.0
k141_512557	3990	NA	168000.38380749038	2.374994574162457	high	3.47620096959013	43	CheckV-015755	85.5	24.25	NA	NA	0	1.0
k141_1109218	4387	NA	197819.00262552104	2.2176838128664307	medium	6.04248823304923	283	CheckV-023449	43.7	72.04	NA	NA	0	1.01
k141_1109310	1590	NA	176858.36253705743	0.8990244946245302	high	2.03258754197984	326	CheckV-015755	79.7	75.05	0.6450867052023121	0.9387861271676301	2	1.0
k141_377921	1565	NA	196450.6768205576	0.796637621884859	medium	8.22784810126582	62	CheckV-059243	49.8	58.55	0.6534353619013323	1.5312207418077062	3	1.0
k141_513134	4585	NA	202139.0222278574	2.2682409113623025	low	10.3161857728861	18	CheckV-058421	29.2	42.73	NA	NA	0	1.0
k141_378222	3654	NA	316388.25661827635	1.1549101218407625	low	11.8740654837217	60	CheckV-000929	59.4	18.45	0.2803191352864248	1.3463770713509835	4	1.01
k141_513323	1771	NA	63373.45466599877	2.7945454596625927	high	3.54623096917935	2	CheckV-057052	70.1	68.56	2.65	5.81	1	1.0
k141_664163	2948	NA	199647.17968765332	1.476604880976594	low	12.9948120840075	28	CheckV-011591	48.1	17.75	NA	NA	0	1.0
k141_816599	2878	NA	172311.61670464746	1.6702298167935283	medium	6.50440235702245	4	CheckV-038942	49.1	46.61	NA	NA	0	1.0
k141_664294	5500	NA	NA	NA	NA	NA	0	NA	NA	NA	NA	NA	0	1.02
k141_513684	2722	NA	181591.78339845853	1.4989665000575716	high	2.64384442301511	126	CheckV-015755	82.2	54.56	1.193187821210683	2.442685918371778	4	1.0
k141_378719	1314	NA	NA	NA	NA	NA	0	NA	NA	NA	NA	NA	0	1.0
k141_222250	4369	NA	NA	NA	NA	NA	0	NA	NA	NA	NA	NA	0	1.0
k141_378790	2506	NA	NA	NA	NA	NA	0	NA	NA	NA	NA	NA	0	1.0
k141_964541	2651	NA	476769.3630833125	0.5560340502702884	medium	9.38815150534153	38	CheckV-001180	46.0	35.03	0.3829790146136955	1.7684023201193284	3	1.06
k141_964573	3326	NA	29622.530614432326	11.22794012196766	low	21.9381688466112	31	CheckV-041215	28.3	25.12	0.6424955116696589	10.571795332136446	2	1.0
k141_379004	3519	NA	188878.0024357957	1.8631073786351564	high	4.86692342125604	45	CheckV-015755	57.4	100.0	1.5699999999999998	2.06	1	1.0
k141_379080	1477	NA	46411.23105831582	3.1824193547982946	high	3.43229860600155	103	CheckV-007499	64.1	61.38	1.36	4.03	1	1.0
k141_379426	4103	NA	NA	NA	NA	NA	0	NA	NA	NA	NA	NA	0	1.05
k141_817493	1391	NA	45656.0	3.0466970387243735	low	14.386066809884	1	CheckV-008521	33.5	84.33	1.047612456747405	3.745305651672434	2	1.0
k141_665534	1922	NA	51633.50085993744	3.7223894719315544	medium	5.70841889117043	1381	CheckV-011691	61.0	56.13	NA	NA	0	1.0
k141_514934	1384	NA	187280.46884012298	0.7389985771455372	high	4.7385831317676	79	CheckV-059243	58.7	100.0	0.72	1.7799999999999998	1	1.0
k141_68395	1355	NA	187522.11257216678	0.7225814499495553	high	4.7385831317676	86	CheckV-015755	59.2	100.0	0.71	1.7399999999999998	1	1.0
k141_223519	1482	NA	49130.808114621585	3.0164372557082957	low	12.2636936500242	6	CheckV-029468	39.8	94.05	1.85	3.1799999999999997	1	1.0
k141_223584	1143	NA	82808.35511899539	1.38029550080727	medium	5.34451919204702	48	CheckV-059243	54.2	73.81	0.62	3.38	1	1.0
k141_665852	3218	NA	57819.969615124915	5.565551177941496	medium	9.39265536723164	3	CheckV-009962	45.4	59.84	0.86	5.88	1	1.0
k141_223721	2666	NA	567960.0	0.4693992534685541	low	10.513691784929	1	CheckV-042373	42.8	73.14	1.59	6.679999999999999	1	1.0
k141_666019	2509	NA	NA	NA	NA	NA	0	NA	NA	NA	NA	NA	0	1.0
k141_515583	1082	NA	45264.53157042634	2.3903925710940674	medium	8.72859262464408	4	CheckV-019966	55.2	32.35	NA	NA	0	1.0
k141_224165	2598	551	556461.3181818182	0.09901856283565899	low	10.8990753492032	2	CheckV-000689	44.4	82.47	0.4	1.28	1	1.0
k141_818682	1759	NA	105158.48187516257	1.6727133832990975	high	4.50257385887133	28	CheckV-017333	67.9	43.53	1.31	1.39	1	1.0
k141_1112026	1914	NA	186113.76474243877	1.0284032471476616	high	3.94930684093227	55	CheckV-051884	68.9	60.34	0.8206060606060606	1.12	2	1.0
k141_380797	1613	NA	181675.90452987305	0.8878447607975298	high	3.42478034785727	192	CheckV-058914	76.0	58.67	0.680048019477059	1.4497082367988512	3	1.0
k141_966519	1095	NA	51276.39408438452	2.1354855768484438	medium	9.0304258705784	9	CheckV-056751	46.5	86.33	1.5599999999999998	3.14	1	1.0
k141_515984	6502	NA	163135.9107834821	3.9856337999238014	low	18.1585854626757	71	CheckV-010046	29.6	37.13	NA	NA	0	1.0
k141_69524	6947	NA	48436.44052086955	14.342507263734177	medium	7.30934783515452	4	CheckV-008521	78.3	16.15	10.23443269230769	17.12	2	1.01
k141_819341	3551	NA	198885.4155356589	1.7854501751353047	low	10.3521671826625	19	CheckV-045271	48.9	33.09	1.4743328100470956	4.958194662480376	2	1.01
k141_69826	1406	NA	76473.48710600077	1.8385456884568732	medium	9.21794557489581	20	CheckV-039000	45.3	62.11	0.56	0.82	1	1.0
k141_225191	1828	NA	175069.676928398	1.0441556939341565	medium	9.89099717400081	67	CheckV-061800	47.3	38.83	0.8100000000000002	1.07	1	1.0
k141_225717	1035	NA	190833.785547093	0.5423567933910675	high	3.23699421965318	447	CheckV-014734	73.5	68.66	0.4559006211180125	0.6600000000000001	2	1.0
k141_517032	1260	NA	177148.27743658822	0.7112685588777616	high	3.90091512983695	63	CheckV-058914	67.0	100.0	0.5	0.81	1	1.0
k141_517130	2856	NA	179063.0	1.5949693683228807	low	10.4791830322074	1	CheckV-044739	36.6	85.68	1.2786642599277978	1.8872924187725633	2	1.0
k141_225984	1721	NA	181086.13829310934	0.9503764430684131	high	1.71955321045389	134	CheckV-059243	86.1	100.0	0.83	4.05	1	1.0
k141_382719	11855	NA	403704.73454159155	2.936552134683633	low	16.1277892551785	3	CheckV-000616	42.9	16.44	NA	NA	0	1.0
k141_382734	1258	NA	63992.083252662145	1.9658681762757986	high	2.68197439460095	4	CheckV-057052	74.3	43.48	0.61	2.96	1	1.0
k141_968577	1176	NA	NA	NA	NA	NA	0	NA	NA	NA	NA	NA	0	1.0
k141_226556	5027	NA	NA	NA	NA	NA	0	NA	NA	NA	NA	NA	0	1.02
k141_517686	3051	NA	NA	NA	NA	NA	0	NA	NA	NA	NA	NA	0	1.0
k141_517742	2816	NA	NA	NA	NA	NA	0	NA	NA	NA	NA	NA	0	1.0
k141_383053	1028	NA	NA	NA	NA	NA	0	NA	NA	NA	NA	NA	0	1.03
k141_668603	2798	NA	NA	NA	NA	NA	0	NA	NA	NA	NA	NA	0	1.02
k141_821509	1099	NA	183214.74863116775	0.5998425389936335	medium	7.69344577600237	90	CheckV-046586	54.7	37.94	0.5854537731841993	0.7053914767096134	3	1.0
k141_821610	1605	NA	50621.6593203541	3.1705795929029477	medium	9.39323866118144	128	CheckV-041705	71.3	21.27	NA	NA	0	1.0
k141_227014	1023	NA	195954.10689376513	0.522061015314474	low	14.602903501281	9	CheckV-058586	34.7	74.2	0.45730337078651695	0.6916853932584269	2	1.0
k141_227248	3598	NA	NA	NA	NA	NA	0	NA	NA	NA	1.6499999999999997	2.54	1	1.0
k141_518632	1375	NA	15524.663262927286	8.856874875241152	high	2.87027633759153	189	CheckV-020072	73.3	73.71	1.8827597955706983	8.598023850085179	2	1.0
k141_383876	3055	NA	106258.27438292092	2.8750702171115208	medium	8.47685945009496	912	CheckV-004955	40.0	100.0	NA	NA	0	1.0
k141_969663	1287	NA	59502.58157861406	2.1629313650864574	high	4.09837430943138	359	CheckV-013117	64.1	53.66	1.6799999999999997	3.7199999999999998	1	1.0
k141_1115004	1057	NA	197383.82783014566	0.5355048646181785	high	2.63223288732552	6	CheckV-019614	80.2	66.15	0.44213828425096025	0.8950576184379001	2	1.0
k141_669436	1532	NA	211461.76159557924	0.7244808652119105	medium	6.26853028377806	21	CheckV-016759	60.5	48.53	0.6908620689655172	1.4561206896551724	2	1.0
k141_1115235	1522	NA	NA	NA	NA	NA	0	NA	NA	NA	NA	NA	0	1.0
k141_969973	3226	NA	221339.30988286214	1.4574907646126092	high	3.61079437476245	6	CheckV-015755	83.4	28.76	1.6299999999999997	3.920741431798094	3	1.0
k141_970288	1528	NA	50852.64859899488	3.00475991339063	medium	8.20276497695852	339	CheckV-008856	50.4	65.82	2.18	3.94	1	1.0
k141_970315	1438	NA	53621.857957149085	2.681742212567776	high	2.53233344201717	10	CheckV-010267	83.6	29.45	NA	NA	0	1.0
k141_970326	1130	NA	172317.16951538203	0.6557675031327216	medium	9.0304258705784	262	CheckV-018941	44.5	84.66	NA	NA	0	1.0
k141_72601	1172	NA	26676.5409242406	4.3933732013021976	low	14.386066809884	28	CheckV-000526	34.6	85.21	NA	NA	0	1.0
k141_384662	7702	NA	NA	NA	NA	NA	0	NA	NA	NA	NA	NA	0	1.0
k141_228173	3910	2268	NA	NA	NA	NA	0	NA	NA	NA	2.42	3.0	1	1.0
k141_384884	1137	NA	38852.8710720045	2.92642465956465	high	2.90887460477086	44	CheckV-044230	74.9	100.0	1.7	3.73	1	1.0
k141_228482	3508	NA	180499.65331563895	1.9434940375567236	medium	6.92502645511634	221	CheckV-051884	55.0	34.46	1.5723823529411762	4.751411764705882	2	1.0
k141_670591	1313	NA	202914.78101905657	0.6470696680675474	low	13.7461268634142	21	CheckV-058586	38.5	46.61	0.58	0.8886516853932586	2	1.0
k141_73124	4112	NA	NA	NA	NA	NA	0	NA	NA	NA	NA	NA	0	1.0
k141_1116119	1113	NA	237277.51944954603	0.46907098598384706	medium	6.68889588021372	18	CheckV-019142	62.5	29.58	NA	NA	0	1.0
k141_971150	3328	NA	NA	NA	NA	NA	0	NA	NA	NA	NA	NA	0	1.0
k141_73332	1310	NA	56852.77039134913	2.304197299414864	medium	8.38252894195698	21	CheckV-017651	50.0	45.1	NA	NA	0	1.0
k141_1116663	1530	NA	125492.6096004396	1.2191953015172938	low	10.586319218241	11	CheckV-019454	38.3	69.74	NA	NA	0	1.0
k141_229354	3219	NA	148341.24234234233	2.1699966571475673	medium	9.69093101478708	5	CheckV-000626	45.2	51.61	1.6948124045988748	8.887714181130015	3	1.0
k141_229679	2690	NA	NA	NA	NA	NA	0	NA	NA	NA	NA	NA	0	1.0
k141_671538	1323	NA	184274.59470951906	0.7179502969931958	high	2.19422998780983	100	CheckV-014636	81.1	50.92	0.6135714285714285	1.3626785714285716	2	1.0
k141_230030	1151	NA	186475.02005374138	0.6172408506341955	medium	6.91027496382055	99	CheckV-049660	59.4	42.44	0.5764723127151299	0.9784018972197507	3	1.0
k141_1117230	2120	NA	180848.93464322592	1.1722490951811693	medium	6.55782341160443	102	CheckV-049660	55.4	34.91	0.9088596902489611	3.299737768489308	3	1.0
k141_825100	5380	NA	162506.59185138016	3.3106349340710195	low	15.1657311952622	247	CheckV-032658	40.9	25.39	2.41	13.76	1	1.0
k141_521734	4451	NA	188172.5391082156	2.365382335325925	medium	9.60676095205243	80	CheckV-049683	55.9	25.89	NA	NA	0	1.0
k141_387414	1027	NA	51524.0753318692	1.9932429517367183	medium	5.99083426346975	1750	CheckV-015612	53.8	100.0	NA	NA	0	1.0
k141_1118084	4949	NA	6560.046731358529	75.44153574916844	medium	5.65610859728507	191	CheckV-005298	39.3	89.37	46.14	100.0	1	1.0
k141_673012	1322	NA	188299.1794949394	0.7020742222806814	medium	6.12369555934197	114	CheckV-042948	57.2	66.43	0.5536343612334802	0.8819603524229075	2	1.0
k141_973377	1284	NA	NA	NA	NA	NA	0	NA	NA	NA	0.28	4.3	1	1.0
k141_75531	2739	NA	111390.67626058457	2.4589131621684848	medium	8.47685945009496	807	CheckV-004955	39.6	100.0	NA	NA	0	1.0
k141_232558	1228	NA	120458.87111380282	1.0194350890436739	high	0.754906894816306	54	CheckV-013277	87.7	73.92	0.9539201451905625	5.093284936479129	2	1.0
k141_523011	1085	NA	118633.36701576268	0.9145824882942396	high	3.30243918760665	31	CheckV-013338	64.6	91.81	0.81	3.18	1	1.0
k141_523299	4162	NA	181710.53479674205	2.2904560842636528	high	3.7212758660112	131	CheckV-015755	76.5	44.68	1.7453680129206008	2.822205743354345	5	1.0
k141_232970	3453	NA	184384.73035082527	1.8727147272065554	low	10.8819485366333	29	CheckV-044159	42.0	52.14	1.5328407605887775	9.940162086047431	3	1.0
k141_974381	1044	NA	174044.68592365808	0.5998459501704831	medium	9.28434547078065	63	CheckV-061461	43.0	80.52	0.46265306122448985	0.6700000000000002	2	1.0
k141_76271	19986	NA	110581.77792938646	18.073502139531833	low	19.919469608367	60	CheckV-023628	36.2	10.32	10.232580054894784	32.801070448307414	2	1.0
k141_523434	2515	NA	8907.77037614241	28.233776734253258	high	3.95717835977825	4	CheckV-004975	61.8	95.55	23.45	57.13	1	1.0
k141_388846	8119	NA	NA	NA	NA	NA	0	NA	NA	NA	NA	NA	0	1.01
k141_388859	4693	NA	NA	NA	NA	NA	0	NA	NA	NA	NA	NA	0	1.0
k141_974455	5534	NA	194767.01804993523	2.8413434961463384	low	11.5125421190565	5	CheckV-017320	43.6	35.25	1.9079445350734097	10.765024469820554	2	1.0
k141_827363	2439	NA	174579.85478652533	1.397068409171486	high	3.28701941377998	325	CheckV-014734	72.7	64.3	1.0588552264318325	1.7746413657312243	3	1.0
k141_233574	2805	NA	NA	NA	NA	NA	0	NA	NA	NA	NA	NA	0	1.0
k141_76607	1132	NA	173982.5503358949	0.6506399623494044	low	14.6621127104172	219	CheckV-060753	35.8	68.62	0.49726141078838176	1.3407053941908713	2	1.0
k141_233688	5196	NA	135838.517394726	3.8251300880303467	low	16.7746825248758	6	CheckV-047611	35.4	23.45	NA	NA	0	1.0
k141_76840	2904	NA	NA	NA	NA	NA	0	NA	NA	NA	6.91	19.45	1	1.0
k141_674669	4442	NA	NA	NA	NA	NA	0	NA	NA	NA	2.661914893617021	6.197659574468085	2	1.0
k141_975084	5505	NA	NA	NA	NA	NA	0	NA	NA	NA	NA	NA	0	1.0
k141_975139	1151	NA	69016.54536352193	1.6677160439391547	medium	9.0304258705784	505	CheckV-011374	45.1	85.19	NA	NA	0	1.0
k141_234397	2893	NA	179556.63840710922	1.6111907783886519	high	3.94783221713077	208	CheckV-059243	76.7	50.72	1.4	6.82	1	1.0
k141_524330	10276	8198	74344.51337589796	11.027041038724105	low	20.6566983698812	7	CheckV-016817	34.5	15.72	6.5600000000000005	19.46	1	1.0
k141_234550	2355	NA	41454.48546782448	5.680929273209454	medium	7.59381898454746	880	CheckV-062227	60.2	29.32	3.4887960740325292	7.162767694896242	3	1.0
k141_389949	1785	NA	179264.72532341993	0.9957341003812086	high	2.64384442301511	150	CheckV-049660	79.1	53.47	0.7874272599392909	1.136089435107722	3	1.0
k141_675328	13107	10185	592096.0	1.7201602442847106	medium	7.11378726378323	1	CheckV-000616	24.3	48.69	2.141706231454006	10.278679525222552	2	1.0
k141_390080	2111	NA	205606.5777895121	1.0267181248262969	high	4.38108484005563	24	CheckV-015755	58.4	70.71	0.91	3.72	1	1.03
k141_525112	5015	NA	NA	NA	NA	NA	0	NA	NA	NA	NA	NA	0	1.0
k141_675705	1154	NA	41730.66356065459	2.76535262451	low	27.8875317648988	6	CheckV-023163	26.3	90.65	1.73	3.79	1	1.0
k141_976285	8717	NA	487275.79102666536	1.788925319198338	medium	5.57150768094838	38	CheckV-001180	73.3	22.06	0.999679984579229	6.751955649793601	3	1.04
k141_829175	3742	NA	NA	NA	NA	NA	0	NA	NA	NA	NA	NA	0	1.0
k141_675992	2563	NA	NA	NA	NA	NA	0	NA	NA	NA	NA	NA	0	1.0
k141_236338	1436	NA	182490.52907964378	0.7868901510901374	low	14.4123550401427	164	CheckV-059243	33.9	56.69	0.631988950276243	0.9199999999999999	2	1.0
k141_78612	1263	NA	1111191.588934467	0.11366176747351946	low	19.0715755774068	17	CheckV-050294	31.5	100.0	1.4199999999999997	3.67	1	1.0
k141_829818	6954	NA	NA	NA	NA	NA	0	NA	NA	NA	NA	NA	0	1.0
k141_391163	1226	NA	205377.46812138622	0.5969496124450153	high	2.14102198115901	20	CheckV-059243	82.3	53.41	0.55	0.9694599126501326	3	1.0
k141_236780	2512	NA	NA	NA	NA	NA	0	NA	NA	NA	NA	NA	0	1.0
k141_830112	3329	NA	NA	NA	NA	NA	0	NA	NA	NA	NA	NA	0	1.0
k141_1122266	7520	NA	686997.9455388754	1.094617538353972	medium	8.63432559025156	43	CheckV-000616	36.9	46.97	2.002474226804124	7.155773195876289	2	1.0
k141_236900	1291	NA	38226.70061322378	3.3772205795689407	low	14.1542002301496	145	CheckV-062145	42.4	38.11	1.9952999999999999	3.7854999999999994	2	1.0
k141_830235	1432	NA	NA	NA	NA	NA	0	NA	NA	NA	NA	NA	0	1.0
k141_1122402	2864	NA	197884.7529438251	1.4473070599901263	medium	7.44864970773602	58	CheckV-015755	56.8	29.66	1.2	1.6	1	1.0
k141_830274	2055	NA	52161.344146615564	3.939699088704056	medium	9.69093101478708	145	CheckV-002593	47.3	50.12	NA	NA	0	1.0
k141_237267	8494	7307	39379.169043488815	18.555495652867727	medium	9.48837978822797	286	CheckV-018480	46.5	25.55	11.112129276939566	20.61178201005854	4	1.0
k141_237319	1204	NA	41013.9020099418	2.935589985337532	medium	9.83914388195859	113	CheckV-018023	46.6	53.0	NA	NA	0	1.01
k141_526751	1813	NA	181269.28575932534	1.0001694398504744	low	11.993614049092	44	CheckV-060753	60.0	13.11	0.92	1.13	1	1.0
k141_1122976	1308	NA	182198.45243833758	0.7178985235578077	high	3.80705863737027	125	CheckV-015755	64.6	63.12	0.5447368421052632	0.9151578947368422	2	1.0
k141_677268	2602	NA	NA	NA	NA	NA	0	NA	NA	NA	NA	NA	0	1.0
k141_237491	1127	NA	184035.72590197375	0.6123810985483842	high	2.61866578196099	97	CheckV-015755	78.4	59.04	0.5206250000000001	1.1575446428571428	2	1.0
k141_677313	1010	NA	98123.26724772283	1.0293175393866019	medium	5.34451919204702	44	CheckV-016817	52.7	77.08	0.45	1.1	1	1.0
k141_237819	1018	NA	175208.62157556132	0.5810216362902966	high	3.09056853239312	238	CheckV-014734	72.9	79.12	0.4457750759878419	0.65	2	1.0
k141_1123494	2925	NA	177812.11337931818	1.6449947893933614	high	4.62276493676406	248	CheckV-042948	63.4	54.98	1.240782591423716	2.094870781929333	3	1.0
k141_831457	1143	NA	55039.47317612027	2.0766913890009913	low	10.6764514907398	52	CheckV-012470	44.9	100.0	1.63	2.95	1	1.0
k141_678070	3334	NA	5933.0	56.19416821169729	low	18.9139941690962	1	CheckV-008733	29.4	17.98	31.08	75.74	1	1.0
k141_1124255	2546	NA	NA	NA	NA	NA	0	NA	NA	NA	NA	NA	0	1.0
k141_978851	1281	NA	179379.77685427715	0.7141273238625148	high	2.87027633759153	291	CheckV-059243	72.6	74.81	0.5859501557632398	0.8814018691588784	2	1.0
k141_1124590	1110	NA	52388.53169102958	2.118784329643779	medium	7.29637658717869	1887	CheckV-010360	49.7	100.0	NA	NA	0	1.0
k141_979045	3999	NA	196495.61608749098	2.0351599082085468	low	43.6533033854663	23	CheckV-049660	91.6	20.29	2.037668877140049	2.6939342843400986	5	1.0
k141_1124797	2859	NA	NA	NA	NA	NA	0	NA	NA	NA	NA	NA	0	1.0
k141_678828	4208	NA	47142.279085406866	8.926170057193115	low	22.9181591811457	3	CheckV-040597	50.6	8.79	2.67	10.93	1	1.0
k141_393638	1007	NA	50901.04890594294	1.9783482298385957	medium	6.28729461781732	94	CheckV-056763	57.3	53.85	0.68	2.7899999999999996	1	1.0
k141_239026	3456	NA	NA	NA	NA	NA	0	NA	NA	NA	NA	NA	0	1.0
k141_1125422	7962	NA	162900.11057692306	4.887657824050564	medium	7.46177901320361	6	CheckV-000144	31.6	51.78	3.470984774231254	8.728155739950445	3	1.0
k141_239223	2742	NA	87124.99978039262	3.147202303485209	low	10.9394929934521	25	CheckV-001790	38.8	60.11	NA	NA	0	1.0
k141_528664	2792	NA	394453.5748177922	0.707814601829808	low	13.5571486856677	7	CheckV-058421	34.0	53.68	NA	NA	0	1.0
k141_1125593	9252	NA	390054.71613597655	2.371974909482871	low	16.1277892551785	7	CheckV-000616	47.0	12.92	0.74	0.91	1	1.03
k141_528800	8421	NA	242506.01213534197	3.4724912285062284	high	4.93210735010565	132	CheckV-000892	55.8	45.98	2.2986227837964095	8.911720908504439	3	1.01
k141_239543	1607	NA	54330.69605296011	2.9578122806185645	high	2.60661557643379	290	CheckV-000485	75.9	88.05	NA	NA	0	1.0
k141_1125873	1586	393	195451.88028166303	0.20107250921999476	high	3.94930684093227	30	CheckV-007573	70.8	61.87	0.59	1.03	1	1.0
k141_529191	2809	NA	NA	NA	NA	NA	0	NA	NA	NA	NA	NA	0	1.0
k141_394514	16688	NA	136425.04396702838	12.232358161477453	low	18.5642512859947	88	CheckV-011953	38.6	11.66	NA	NA	0	1.0
k141_529427	7215	NA	161494.2765011227	4.467650591908031	low	25.6613586747143	84	CheckV-060753	44.2	9.34	NA	NA	0	1.0
k141_1126851	2909	NA	NA	NA	NA	NA	0	NA	NA	NA	NA	NA	0	1.0
k141_834019	2360	NA	52452.51389246506	4.499307706849528	low	11.9200678430089	3	CheckV-048964	28.9	100.0	1.63	6.68	1	1.0
k141_980998	1252	NA	177559.47643103678	0.7051158435276591	high	4.7385831317676	47	CheckV-052019	62.1	100.0	0.5	0.91	1	1.0
k141_1127659	2370	NA	354123.7196542026	0.6692576262087938	low	10.8819485366333	27	CheckV-000967	38.4	49.48	0.6015384615384616	0.686923076923077	2	1.0
k141_834474	3230	NA	NA	NA	NA	NA	0	NA	NA	NA	NA	NA	0	1.01
k141_681161	4515	NA	NA	NA	NA	NA	0	NA	NA	NA	NA	NA	0	1.03
k141_1128073	3026	NA	NA	NA	NA	NA	0	NA	NA	NA	NA	NA	0	1.0
k141_681295	1117	NA	NA	NA	NA	NA	0	NA	NA	NA	NA	NA	0	1.0
k141_681437	3500	NA	483304.29282538	0.7241814426143667	low	15.7078342823483	3	CheckV-000689	34.7	15.38	0.17000000000000004	0.3400000000000001	1	1.02
k141_681556	1066	NA	26757.099959084957	3.983989302390958	low	11.4280975286117	75	CheckV-001498	41.1	100.0	NA	NA	0	1.0
k141_241894	1288	NA	122129.53781512605	1.0546179270322908	medium	6.05080467115999	3	CheckV-017333	61.5	44.62	0.9505476772616138	1.146684596577017	3	1.0
k141_1129081	3033	NA	NA	NA	NA	NA	0	NA	NA	NA	NA	NA	0	1.0
k141_835584	1038	NA	51608.12502038406	2.011311202625581	low	10.6764514907398	38	CheckV-005951	47.5	100.0	1.48	2.68	1	1.0
k141_531361	9573	NA	55153.4737963069	17.35702094732066	medium	9.64299623523303	89	CheckV-001979	77.1	12.59	8.723705063491066	27.993047973423923	4	1.0
k141_83872	1002	NA	155115.76948438276	0.645969138618677	medium	5.66789843012799	27	CheckV-016759	58.3	59.52	0.46861163227016883	2.7022138836772984	2	1.0
k141_682230	1029	NA	301750.6788713673	0.3410100033076149	high	2.63223288732552	3	CheckV-061346	82.5	67.5	0.41	0.98	1	1.0
k141_1129421	4551	NA	122497.33886287441	3.715182747842764	low	16.354663036079	67	CheckV-040637	38.6	17.96	1.93	12.93	1	1.01
k141_397007	1473	NA	182731.32088532607	0.8061015445318147	medium	5.68494985837863	131	CheckV-048945	61.6	76.37	0.77	1.8899999999999997	1	1.0
k141_532059	1197	NA	172697.62353350729	0.6931189761089878	low	10.2282704126427	265	CheckV-018941	46.1	92.93	0.54	2.43	1	1.0
k141_397603	1353	NA	291715.4938333782	0.46380806936939917	medium	7.64857191755397	27	CheckV-019141	53.1	51.36	NA	NA	0	1.0
k141_683177	4408	NA	207917.6147694619	2.120070492770692	medium	8.38293115600352	42	CheckV-041314	54.0	28.91	NA	NA	0	1.0
k141_1130848	2526	NA	331741.9197286296	0.7614352753689706	low	12.6850939406264	9	CheckV-019141	65.7	12.78	NA	NA	0	1.0
k141_837049	2459	NA	185844.75076155504	1.3231474065979825	medium	6.50440235702245	285	CheckV-051884	52.0	44.9	1.0027740744918745	1.576114659299491	4	1.0
k141_837157	2402	NA	173202.55024943623	1.3868156078191571	medium	6.41143235675985	67	CheckV-061800	55.6	52.09	1.07	1.41	1	1.0
k141_85518	1482	NA	95895.0	1.545440325355858	low	15.3725496558318	1	CheckV-007591	36.3	35.81	NA	NA	0	1.0
k141_984096	1271	NA	139100.0	0.9137311286843998	low	19.0715755774068	1	CheckV-048116	28.1	100.0	0.69	3.7600000000000002	1	1.0
k141_984137	1356	NA	44370.71728580095	3.056069594876558	low	10.6198315369057	8	CheckV-006226	47.5	51.89	2.38	7.889999999999999	1	1.0
k141_398283	1545	NA	38419.45990329003	4.021399582110457	low	10.9970674486804	8	CheckV-019105	42.3	44.59	2.4941400672177307	4.452277772731401	3	1.0
k141_984167	5495	3753	425712.51165445993	0.8815808549799483	low	11.8740654837217	4	CheckV-000616	59.3	21.55	0.4067498440424204	2.081434809731753	2	1.01
k141_683836	1269	NA	137660.0575541011	0.9218360231334907	low	13.92	29	CheckV-040107	33.1	100.0	NA	NA	0	1.0
k141_838015	1697	NA	180859.42802851874	0.9382977810437448	high	1.71955321045389	136	CheckV-059243	86.9	100.0	0.82	4.0	1	1.0
k141_399208	6504	NA	NA	NA	NA	NA	0	NA	NA	NA	NA	NA	0	1.0
k141_399219	1327	NA	136146.45550253964	0.9746856758788307	high	1.60892404749713	8	CheckV-059243	96.9	34.75	0.6976633250732146	1.0755012390177967	4	1.0
k141_399355	3760	NA	177743.22439276904	2.1154111572159398	medium	8.81450330814983	231	CheckV-061494	58.7	24.94	1.6752783658333628	3.6394111978486228	5	1.0
k141_684948	1079	NA	NA	NA	NA	NA	0	NA	NA	NA	NA	NA	0	1.0
k141_685331	2712	NA	120228.21550452644	2.2557100998458193	medium	7.60627655447017	28	CheckV-001232	53.4	38.49	NA	NA	0	1.0
k141_86920	2732	NA	252634.07359909578	1.081405988146873	medium	9.89099717400081	9	CheckV-042140	43.7	40.75	1.26	1.65	1	1.03
k141_685411	2897	NA	191840.1089202146	1.5101117364382068	low	13.812679693972	19	CheckV-015755	59.7	8.14	1.2956868131868131	2.7224725274725277	2	1.0
k141_400050	3178	NA	NA	NA	NA	NA	0	NA	NA	NA	NA	NA	0	1.0
k141_245601	1816	NA	69181.37163002904	2.6249840921219065	high	3.80699424524126	3	CheckV-040456	70.2	57.07	1.49	10.35	1	1.0
k141_245673	4059	NA	NA	NA	NA	NA	0	NA	NA	NA	NA	NA	0	1.0
k141_400271	3609	NA	NA	NA	NA	NA	0	NA	NA	NA	NA	NA	0	1.0
k141_685744	2930	NA	NA	NA	NA	NA	0	NA	NA	NA	NA	NA	0	1.0
k141_87330	1483	NA	174960.19154610205	0.8476213856963166	medium	6.35063036659548	68	CheckV-061800	61.2	86.16	0.66	0.8699999999999999	1	1.0
k141_534567	2542	NA	96650.1812308006	2.630103707648209	medium	6.55782341160443	14	CheckV-019740	52.8	35.77	NA	NA	0	1.0
k141_839322	3091	NA	114953.7216341027	2.688908158918632	low	10.6162263507551	101	CheckV-019234	59.6	26.85	2.2754079999999997	4.330944000000001	3	1.0
k141_685977	2679	NA	NA	NA	NA	NA	0	NA	NA	NA	NA	NA	0	1.0
k141_246097	5584	NA	37690.347405723965	14.815464394345083	low	23.0547056367741	2	CheckV-013172	31.2	26.77	NA	NA	0	1.0
k141_246215	2564	NA	NA	NA	NA	NA	0	NA	NA	NA	NA	NA	0	1.0
k141_686275	1319	NA	180856.5722248897	0.7293071983913657	high	2.23897140323653	132	CheckV-014636	86.3	93.18	0.5553697749196141	1.4561736334405144	2	1.0
k141_986721	12510	NA	341217.50521362695	3.6662831797471327	low	29.1891156069426	3	CheckV-043283	28.6	10.64	1.06	15.399999999999999	1	1.01
k141_840093	3614	NA	181352.09012782646	1.9928085733407668	low	11.6380162023316	515	CheckV-014734	45.0	29.6	1.584528035466021	2.7511527399037674	5	1.0
k141_88205	3921	NA	341475.3727019971	1.1482526452710913	medium	9.11498034181176	57	CheckV-016497	30.1	69.54	NA	NA	0	1.0
k141_1135298	3275	NA	197418.82492003712	1.6589096816509328	medium	6.27705627705628	40	CheckV-040441	65.7	41.19	NA	NA	0	1.0
k141_987054	1362	NA	189932.0444659751	0.7170985832482797	high	4.10213112844998	57	CheckV-042948	64.5	94.82	0.76	1.72	1	1.0
k141_987071	1109	NA	96666.95783649718	1.1472379237130503	low	14.4123550401427	2	CheckV-012161	35.7	54.1	NA	NA	0	1.0
k141_246907	1007	NA	151477.91398866923	0.664783382266094	medium	6.28729461781732	15	CheckV-058914	56.3	53.39	0.42	2.46	1	1.0
k141_401591	2596	NA	NA	NA	NA	NA	0	NA	NA	NA	NA	NA	0	1.0
k141_88518	3010	NA	101725.3182638271	2.9589487173620745	low	18.8068221050936	221	CheckV-021418	38.2	26.3	0.7942712294043092	5.56276299112801	2	1.0
k141_401651	3772	NA	91680.4072909432	4.114292367866284	medium	9.41844440769528	284	CheckV-019196	32.4	63.17	NA	NA	0	1.0
k141_1135910	6543	NA	45750.14649229964	14.301593550309777	low	22.1130987526063	79	CheckV-000464	43.9	16.61	3.8419953596287706	5.655916473317864	2	1.0
k141_840854	1865	NA	181283.73776390246	1.0287740218755363	high	2.60661557643379	133	CheckV-015755	76.6	88.54	0.9084641638225256	1.1170307167235496	2	1.0
k141_1136116	1493	NA	302168.06580374576	0.49409589197611775	low	13.8001033911972	5	CheckV-000966	40.5	34.52	0.66	0.95	1	1.0
k141_536291	1743	NA	107944.34280443138	1.614721026332883	medium	6.41143235675985	343	CheckV-016348	53.4	50.36	1.41	1.67	1	1.0
k141_987828	1381	NA	44236.60926188393	3.121848674758004	medium	8.68542326048555	35	CheckV-061280	47.7	36.55	2.2377386201464255	4.773815161562363	4	1.0
k141_1136692	1959	NA	182183.58292260242	1.0752889851948118	high	4.04716205100082	209	CheckV-058914	76.0	45.27	0.8856887800271499	1.7283081508587619	3	1.0
k141_987964	5882	NA	130664.44181835634	4.501607260663069	low	14.8948266060262	17	CheckV-002706	49.5	17.62	NA	NA	0	1.0
k141_987967	1373	NA	50843.58932030156	2.700438773805784	high	3.42478034785727	5	CheckV-000982	71.6	100.0	NA	NA	0	1.0
k141_1136848	2512	NA	196989.6745249186	1.275193741021304	high	2.60661557643379	39	CheckV-015755	75.7	91.48	1.0571212121212121	2.330909090909091	2	1.0
k141_841336	35233	NA	58642.44026007866	60.08106048067233	low	38.9899555618787	179	CheckV-013289	82.1	7.72	39.8845084952253	91.41892472852363	10	1.0
k141_247918	2947	NA	182471.7543656851	1.615044481949805	low	10.2803738317757	29	CheckV-048945	54.0	27.13	NA	NA	0	1.0
k141_841868	1708	NA	175923.35853465315	0.970877326482805	medium	8.20276497695852	189	CheckV-014734	49.4	62.94	0.6511791730474733	1.276799387442573	2	1.0
k141_988553	10467	NA	NA	NA	NA	NA	0	NA	NA	NA	1.3632227365460334	5.577843213967321	3	1.0
k141_688590	2734	NA	6864.6857461411	39.82702342254902	low	10.6944003686965	42	CheckV-006096	38.1	64.93	25.49	62.10999999999999	1	1.0
k141_989056	1135	NA	44055.29140311371	2.5763080071688758	high	2.94385480123092	30	CheckV-005314	75.1	59.89	1.27	3.3	1	1.0
k141_537901	8930	NA	310579.0640417994	2.8752742969172425	medium	6.1342758208282	17	CheckV-000616	56.1	25.32	1.308205091335388	6.325302077656832	3	1.01
k141_90532	2504	NA	NA	NA	NA	NA	0	NA	NA	NA	NA	NA	0	1.0
k141_1138373	1049	NA	361303.50263397663	0.29033762262269114	high	4.7385831317676	23	CheckV-061425	60.8	100.0	0.44999999999999996	0.67	1	1.0
k141_689460	1147	NA	179826.62391208968	0.637836586734078	high	4.1478960989169	109	CheckV-014734	63.7	72.14	NA	NA	0	1.0
k141_90839	1021	NA	180441.2488237233	0.5658351439350964	high	0.796812749003984	126	CheckV-059243	88.2	53.64	0.4152073732718894	0.6253456221198156	2	1.0
k141_989650	1185	NA	158543.37944519025	0.7474295073984242	low	13.8001033911972	24	CheckV-002178	41.1	34.73	0.32097826086956527	4.613097826086957	2	1.0
k141_250032	2534	NA	NA	NA	NA	NA	0	NA	NA	NA	4.73	8.12	1	1.0
k141_90972	1672	NA	179593.28825507045	0.9309924754121731	high	2.87283640536197	250	CheckV-059243	75.2	69.0	0.67	1.6000000000000003	1	1.0
k141_250234	5891	NA	NA	NA	NA	NA	0	NA	NA	NA	NA	NA	0	1.01
k141_689843	1040	NA	NA	NA	NA	NA	0	NA	NA	NA	0.63	2.67	1	1.0
k141_91270	2668	NA	59029.28328761938	4.519790604605864	medium	9.38815150534153	54	CheckV-056763	44.4	33.29	3.8	6.89	1	1.0
k141_250618	5531	NA	NA	NA	NA	NA	0	NA	NA	NA	NA	NA	0	1.0
k141_538858	1007	NA	177928.1536643026	0.5659587756414923	low	31.5733896515312	3	CheckV-049683	27.1	72.53	0.08	0.79	1	1.0
k141_990228	2726	NA	163476.85415147757	1.6675143488350281	medium	7.90591497421755	104	CheckV-061425	49.7	39.24	NA	NA	0	1.0
k141_990374	1036	NA	98694.0	1.049709202180477	low	28.2796463774007	1	CheckV-025512	23.0	100.0	0.55	2.32	1	1.0
k141_91756	3196	NA	139100.0	2.297627606038821	medium	8.74144713788569	1	CheckV-048116	52.4	73.81	NA	NA	0	1.01
k141_92008	2563	NA	159769.76016778915	1.6041834182565926	medium	9.69093101478708	56	CheckV-062254	45.0	50.3	NA	NA	0	1.0
k141_539516	3645	NA	NA	NA	NA	NA	0	NA	NA	NA	NA	NA	0	1.0
k141_690763	4353	NA	235442.88055604073	1.8488560748660596	medium	6.92502645511634	14	CheckV-042948	54.3	34.91	1.82	2.4299999999999997	1	1.0
k141_844207	2657	NA	NA	NA	NA	NA	0	NA	NA	NA	NA	NA	0	1.0
k141_690944	1606	NA	142034.3110307414	1.1307127048001824	low	11.9200678430089	2	CheckV-020823	27.8	100.0	NA	NA	0	1.0
k141_251987	4701	NA	223253.6881431158	2.1056762999527443	low	15.1657311952622	143	CheckV-001504	38.9	25.14	5.18	11.01	1	1.0
k141_1140276	1831	NA	175500.91668405436	1.0432993938694115	high	3.64336673972188	358	CheckV-014734	65.1	100.0	0.73	1.33	1	1.0
k141_844731	2702	NA	159123.6286734962	1.6980507687794126	high	4.93937043075139	88	CheckV-011023	50.5	49.41	1.43	3.33	1	1.0
k141_1140519	3218	NA	171335.4711669911	1.8781866814161297	medium	7.60627655447017	332	CheckV-012505	53.6	38.02	1.4198245614035088	2.139736842105263	2	1.0
k141_540434	1268	NA	185987.9485675495	0.6817646034412125	high	2.19422998780983	84	CheckV-015755	81.3	50.71	0.5835714285714286	1.3020535714285717	2	1.0
k141_93102	3038	NA	71032.73798937687	4.27690116697225	low	10.9394929934521	61	CheckV-019192	40.6	61.15	NA	NA	0	1.0
k141_540663	5826	NA	209640.5402485758	2.779042637980217	low	11.9081075052972	69	CheckV-015755	57.5	20.23	2.113008849557522	3.0895575221238936	2	1.0
k141_253236	2663	NA	NA	NA	NA	NA	0	NA	NA	NA	NA	NA	0	1.0
k141_540833	6222	NA	184021.22157687153	3.3811317774569125	low	13.0126738159548	340	CheckV-042948	43.5	23.22	2.7060500288286695	4.011196611522597	4	1.0
k141_692037	1214	NA	208885.69027982053	0.5811791120654275	medium	9.47840891502863	8	CheckV-059243	63.0	18.78	0.54	0.6991370558375635	2	1.0
k141_692069	1868	NA	146992.4433113046	1.27081362682291	low	18.8068221050936	10	CheckV-050086	38.0	25.86	1.19	1.3363636363636364	2	1.0
k141_406614	3839	NA	177475.38931741624	2.1631168213041168	medium	7.54266741111789	399	CheckV-044683	67.2	27.44	1.7023477820472008	3.0127158640565517	6	1.0
k141_406679	1142	NA	NA	NA	NA	NA	0	NA	NA	NA	NA	NA	0	1.0
k141_93808	1117	NA	180879.2607137379	0.6175390122628709	high	3.13206364758168	128	CheckV-015755	73.2	66.76	0.491988950276243	0.72	2	1.0
k141_692753	1439	NA	57421.291973137195	2.5060390502414895	low	13.92	42	CheckV-025091	37.1	100.0	NA	NA	0	1.0
k141_692895	11674	NA	489195.5774307669	2.386366626883939	low	28.292853557284	4	CheckV-054181	26.3	21.62	1.0677163079669865	3.3897533691339916	3	1.02
k141_846323	11633	NA	172817.25631653063	6.731387968972899	high	4.73066107956112	106	CheckV-002278	59.3	30.01	3.5764242329169615	13.474432355420737	7	1.0
k141_254592	4604	NA	NA	NA	NA	NA	0	NA	NA	NA	NA	NA	0	1.0
k141_94305	1003	NA	53865.37197974443	1.862049704914632	low	11.4280975286117	132	CheckV-057239	40.8	100.0	1.43	2.59	1	1.0
k141_255014	5838	NA	84345.42289486046	6.921537410841218	low	23.0547056367741	15	CheckV-000637	32.0	23.14	NA	NA	0	1.0
k141_407563	3784	NA	60252.99296308756	6.280185952452469	high	3.56566923490414	66	CheckV-000501	60.4	68.96	6.166535087719298	10.70125	3	1.0
k141_847009	1028	NA	NA	NA	NA	NA	0	NA	NA	NA	0.51	0.9600000000000001	1	1.0
k141_847236	2022	NA	178444.048370151	1.1331282934164968	medium	5.50798426290211	397	CheckV-040976	54.8	74.89	0.9187455621301774	1.969526627218935	2	1.0
k141_993500	2821	NA	NA	NA	NA	NA	0	NA	NA	NA	NA	NA	0	1.0
k141_847267	1164	NA	207377.72768895663	0.5612946062104942	low	11.4280975286117	25	CheckV-002666	41.7	100.0	NA	NA	0	1.0
k141_255792	1046	NA	61839.52826026442	1.6914747402303798	high	3.45891855008104	117	CheckV-007601	66.2	77.26	1.5096153846153846	2.474519230769231	2	1.0
k141_255855	1507	NA	46913.18824463861	3.212316315278838	low	20.4541717367711	2	CheckV-018944	31.5	33.57	NA	NA	0	1.0
k141_993597	3856	NA	51462.66463640381	7.492810617645965	low	10.4596183917162	334	CheckV-007389	62.8	20.45	1.88	7.19	1	1.0
k141_408184	3365	NA	106559.8792868834	3.1578489226143507	low	10.7907508297973	253	CheckV-017485	45.9	29.89	2.2607468123861567	7.2978688524590165	3	1.0
k141_694345	3877	NA	36167.539082318384	10.719557090063091	low	10.7645695954375	7	CheckV-015304	43.4	41.89	3.47	10.16	1	1.0
k141_543072	1026	NA	170691.5586444004	0.601084206007781	medium	9.83914388195859	102	CheckV-062300	44.4	53.31	0.4430213903743316	0.6533957219251337	2	1.0
k141_994265	5534	NA	386296.5132090945	1.432578294333337	high	3.56566923490414	140	CheckV-000616	58.9	67.52	1.01	3.57	1	1.02
k141_1143607	2626	NA	201510.95431719112	1.3031549619215779	medium	6.68662674650699	26	CheckV-002666	68.1	24.59	NA	NA	0	1.0
k141_994329	6210	NA	320353.52044324426	1.9384834577150216	medium	6.71526254676816	16	CheckV-000616	41.8	63.99	1.0918010167029775	3.847131445170661	2	1.01
k141_95706	1815	NA	NA	NA	NA	NA	0	NA	NA	NA	NA	NA	0	1.0
k141_1143728	1015	NA	61676.15937624114	1.6456926148858058	medium	5.20086681113519	43	CheckV-007317	64.5	42.11	0.83	3.1799999999999997	1	1.0
k141_409108	1187	NA	42409.87684124661	2.7988763194085924	medium	5.28180719139367	99	CheckV-047686	56.1	62.37	2.5686705202312137	3.2315028901734104	2	1.0
k141_848603	3199	NA	201568.12980041018	1.5870564474491096	low	10.8819485366333	145	CheckV-050998	39.3	49.91	NA	NA	0	1.0
k141_409500	3085	NA	NA	NA	NA	NA	0	NA	NA	NA	NA	NA	0	1.0
k141_995043	5000	NA	201523.65747291397	2.481098280320776	low	18.451911776551	30	CheckV-001044	47.6	15.09	0.4	2.9900000000000007	1	1.02
k141_695522	1244	NA	52644.51042840664	2.3630194105266966	medium	9.21794557489581	12	CheckV-030026	46.4	57.78	0.61	1.16	1	1.0
k141_257609	1315	NA	40863.801666860934	3.2180070046356395	low	13.1305637982196	10	CheckV-000002	38.8	30.98	NA	NA	0	1.06
k141_695766	1271	NA	47879.247075747975	2.65459479341686	high	4.7385831317676	14	CheckV-019966	58.1	100.0	2.15	3.52	1	1.0
k141_849829	6825	NA	172082.4473853476	3.9661221139635723	low	11.9081075052972	533	CheckV-061300	56.2	22.18	3.4385348992598685	7.981288034539474	3	1.0
k141_849877	3515	NA	183334.15873069523	1.917264095428765	low	11.5125421190565	37	CheckV-007573	45.2	32.87	1.3189795918367346	2.579948979591837	2	1.0
k141_258340	7289	NA	53210.378601036435	13.698455436019064	medium	8.81450330814983	9	CheckV-061852	59.7	26.68	3.271757009345794	4.908205607476635	2	1.0
k141_258543	3146	NA	109779.75979094277	2.865737733431948	low	18.4248232254532	131	CheckV-038091	31.6	66.76	NA	NA	0	1.0
k141_850071	3763	NA	169223.0	2.2236929968148536	low	19.4362889019378	1	CheckV-046158	32.9	22.3	1.74	5.253483309143687	2	1.0
k141_97466	1539	NA	186805.47883433293	0.8238516394719081	high	3.78688054998568	61	CheckV-049660	82.6	42.83	0.639551451187335	1.2825593667546173	2	1.0
k141_258817	1047	NA	184553.95337240823	0.5673137751144658	high	2.7703075640318	105	CheckV-059243	67.9	65.86	0.45302139037433153	0.6733957219251336	2	1.0
k141_696978	2999	NA	49958.80049036885	6.002946368934844	medium	7.94921313727752	942	CheckV-019405	83.7	9.91	2.068154335719968	8.897136038186158	2	1.0
k141_258968	6469	NA	342019.2115190671	1.8914142194726864	low	18.451911776551	14	CheckV-000616	52.1	12.75	0.6979905992949472	3.581539365452409	2	1.01
k141_97781	4522	NA	NA	NA	NA	NA	0	NA	NA	NA	NA	NA	0	1.0
k141_411305	3491	NA	208998.95097413918	1.6703433121212004	medium	8.41622724100411	88	CheckV-061320	48.4	28.0	NA	NA	0	1.0
k141_259169	1408	NA	174683.04589206396	0.8060312852971422	medium	5.81978340506243	182	CheckV-014734	53.1	68.24	0.6064864864864865	0.9156756756756758	2	1.0
k141_259349	1859	NA	172278.8054031002	1.0790648307841975	medium	9.69093101478708	172	CheckV-014734	47.4	52.2	0.94	1.09	1	1.0
k141_259407	1181	NA	181965.17421719577	0.6490252901856618	high	2.90049265054051	204	CheckV-059243	77.3	89.01	0.49298113207547173	1.0699622641509434	2	1.0
k141_259641	3461	NA	203686.5755253816	1.6991792370571428	medium	7.41878841088674	40	CheckV-048945	51.6	32.61	NA	NA	0	1.0
k141_546054	3051	NA	NA	NA	NA	NA	0	NA	NA	NA	NA	NA	0	1.0
k141_697689	3208	NA	NA	NA	NA	NA	0	NA	NA	NA	NA	NA	0	1.0
k141_98548	1799	NA	180128.3425671561	0.9987323340463705	high	1.82926829268293	134	CheckV-049660	88.9	74.82	0.8935294117647059	4.169411764705883	2	1.0
k141_259844	1025	NA	183115.33714827872	0.559756498807088	medium	6.05080467115999	28	CheckV-059243	58.3	45.33	0.5	0.59	1	1.0
k141_98789	3600	NA	78132.87465488681	4.607535580767012	low	11.1328258931633	11	CheckV-013262	50.0	25.93	NA	NA	0	1.0
k141_851534	1330	NA	52314.51571586023	2.5423154201096483	high	4.7385831317676	1424	CheckV-015407	59.9	100.0	NA	NA	0	1.0
k141_98793	3524	NA	294390.8273204178	1.1970481662339447	high	4.02098899218616	255	CheckV-000929	71.9	32.37	0.76	2.99	1	1.01
k141_260032	2554	NA	NA	NA	NA	NA	0	NA	NA	NA	NA	NA	0	1.0
k141_546376	1797	NA	195097.321820089	0.9210787637859642	high	3.45122623124897	34	CheckV-059243	78.3	40.34	0.7894857142857142	1.08552	3	1.0
k141_997623	1748	NA	186987.36054967664	0.9348225435459909	high	3.53497918923542	75	CheckV-014636	81.5	49.01	0.7514975845410627	3.480821256038647	2	1.0
k141_851609	4433	NA	NA	NA	NA	NA	0	NA	NA	NA	NA	NA	0	1.0
k141_997651	4440	NA	63566.31206830725	6.984831832353045	low	18.1585854626757	4	CheckV-000462	32.5	37.21	NA	NA	0	1.0
k141_260180	2672	NA	NA	NA	NA	NA	0	NA	NA	NA	1.2	1.95	1	1.0
k141_851876	2516	NA	196246.08699767236	1.282063779457596	medium	9.52100510404397	16	CheckV-015755	46.3	54.11	1.2514953271028038	1.5206542056074768	2	1.0
k141_412760	1239	NA	38085.73435134393	3.253186583118305	medium	7.64857191755397	24	CheckV-019972	55.2	51.13	2.91	3.35	1	1.0
k141_852235	2712	NA	NA	NA	NA	NA	0	NA	NA	NA	NA	NA	0	1.04
k141_99447	2578	NA	46988.41124686192	5.486459174914473	low	21.1660950514454	3	CheckV-004315	30.8	43.84	NA	NA	0	1.0
k141_99585	1883	NA	97544.7440367235	1.9303961670052576	high	3.76866434439809	11	CheckV-000956	74.9	36.66	0.92	3.51	1	1.0
k141_852649	1955	NA	179589.16518651223	1.088595739041181	medium	5.50798426290211	341	CheckV-007598	54.8	75.04	0.8095302013422818	1.1990604026845637	2	1.0
k141_261089	2811	NA	NA	NA	NA	NA	0	NA	NA	NA	NA	NA	0	1.0
k141_99871	1322	NA	209561.76281463064	0.63084027460171	high	2.14102198115901	22	CheckV-013047	81.3	52.61	0.5484635083226632	1.1256594110115237	2	1.0
k141_852823	2891	NA	76212.31454767537	3.793350217951334	low	28.6070582969958	31	CheckV-001057	26.5	39.63	NA	NA	0	1.0
k141_261291	4004	NA	154481.31012147453	2.5918993028033634	low	10.7645695954375	67	CheckV-001235	44.3	41.94	NA	NA	0	1.0
k141_261637	1086	NA	NA	NA	NA	NA	0	NA	NA	NA	0.25	0.32	1	1.0
k141_853320	2519	NA	155330.2742223404	1.6217057573685172	low	23.2068893916046	2	CheckV-055191	24.6	67.84	NA	NA	0	1.0
k141_261669	1402	NA	173451.84056001893	0.8082935271677736	medium	9.28434547078065	287	CheckV-014734	47.2	77.68	0.5818389662027833	2.976739562624254	2	1.0
k141_414085	3992	NA	187545.4829691536	2.1285503317915584	medium	7.16312228715536	105	CheckV-015755	75.1	29.47	1.9888594649979612	2.396276805555928	6	1.0
k141_261830	2392	NA	175588.68674382527	1.3622745544476924	medium	7.60627655447017	344	CheckV-059243	53.3	41.29	1.045909090909091	1.6886363636363637	2	1.0
k141_262044	1642	NA	192416.08602539956	0.8533590064726971	high	4.08059193313848	58	CheckV-059243	61.7	77.06	0.7343321299638988	1.0866425992779782	2	1.0
k141_700058	6514	NA	NA	NA	NA	NA	0	NA	NA	NA	60.730000000000004	100.0	1	1.0
k141_100991	1190	NA	51652.49536224324	2.303857716175049	high	3.90091512983695	1271	CheckV-016868	66.2	100.0	NA	NA	0	1.0
k141_700595	2641	NA	85730.13259029742	3.0805971251920092	high	3.52700946723594	563	CheckV-009963	71.9	63.63	NA	NA	0	1.0
k141_548575	2137	NA	178841.3351354678	1.1949139153883395	high	4.50257385887133	245	CheckV-049660	72.3	45.85	0.9412910800440629	1.7229342855337826	4	1.0
k141_1000105	1002	NA	NA	NA	NA	NA	0	NA	NA	NA	NA	NA	0	1.0
k141_101471	2833	NA	166601.7609747939	1.7004622180606004	medium	9.38815150534153	252	CheckV-009878	43.9	36.96	1.3899999999999997	3.8	1	1.0
k141_548893	1415	NA	497374.80108755804	0.28449370513061095	medium	8.35028413344106	5	CheckV-001225	50.9	50.45	0.12000000000000001	1.11	1	1.0
k141_854887	1113	NA	228143.0	0.48785191743774736	low	19.838337182448	1	CheckV-045663	31.7	82.67	0.59	2.5	1	1.0
k141_1150136	1177	NA	233139.96683665185	0.5048469449361542	medium	8.72859262464408	8	CheckV-042948	55.8	28.48	0.4668363026532366	0.6953074048385595	3	1.0
k141_701491	6718	NA	NA	NA	NA	NA	0	NA	NA	NA	NA	NA	0	1.03
k141_855511	1826	NA	180034.5111019573	1.0142499839744048	high	3.45122623124897	204	CheckV-051884	79.6	41.01	0.8131096011935965	1.199762288801968	3	1.0
k141_263843	1718	NA	185876.16720154934	0.9242712639631403	medium	5.98605986059861	57	CheckV-051884	59.7	32.94	0.7744444444444444	1.0999999999999999	2	1.0
k141_102448	1832	NA	183392.2229380408	0.9989518479302923	high	3.45122623124897	122	CheckV-045113	81.4	42.14	0.8434641386927273	2.0246794571438134	3	1.0
k141_264079	5261	NA	144189.5866835449	3.6486684794696007	low	11.8740654837217	280	CheckV-016759	62.1	21.07	2.275795043617951	4.054600463444605	7	1.0
k141_1150728	45953	NA	45498.97623565805	100.0	low	26.0831970943911	674	CheckV-026726	31.0	11.33	67.02752240298466	100.0	8	1.01
k141_1150802	3372	NA	NA	NA	NA	NA	0	NA	NA	NA	NA	NA	0	1.0
k141_103026	1160	NA	104217.69604322471	1.1130547345039035	low	10.4094095052806	3	CheckV-051622	46.0	36.19	0.93	2.8	1	1.0
k141_416789	4854	NA	NA	NA	NA	NA	0	NA	NA	NA	NA	NA	0	1.0
k141_1001802	1230	NA	44817.92743254293	2.744437483976289	medium	7.75308368376917	5	CheckV-008031	59.2	33.76	NA	NA	0	1.0
k141_856695	1327	NA	360423.8194553408	0.368177664285705	medium	8.84353741496599	31	CheckV-001179	46.4	73.1	0.3708683473389356	0.5348179271708683	2	1.0
k141_1002015	2982	NA	176211.32419925174	1.6922862441168027	medium	6.29534285045635	302	CheckV-014734	56.3	57.33	1.32	2.74	1	1.0
k141_857333	1444	NA	199758.98364688447	0.7228711188041336	medium	7.15726505784103	131	CheckV-009963	53.7	80.89	0.73	1.86	1	1.0
k141_703518	3026	NA	179063.0	1.6899080211992428	low	11.9200678430089	1	CheckV-044739	28.9	100.0	1.36	2.21	1	1.0
k141_104158	4027	NA	37662.12942510008	10.692438429453725	high	2.83185840707965	55	CheckV-049711	76.6	53.57	5.637421004060261	12.416815517815017	3	1.0
k141_104450	1157	NA	173532.84896097315	0.6667325563589431	low	30.2620342487303	3	CheckV-016766	23.4	63.12	0.5618110236220473	0.9200787401574803	2	1.0
k141_266322	1087	NA	272462.05988841754	0.39895462892894645	medium	5.66789843012799	3	CheckV-013047	61.9	61.16	0.46302139037433154	0.6933957219251338	2	1.0
k141_266366	1650	NA	182588.33094431346	0.9036722070170101	high	3.42478034785727	112	CheckV-051884	74.1	60.49	0.7094385026737968	1.0567914438502675	2	1.0
k141_857864	4012	NA	NA	NA	NA	NA	0	NA	NA	NA	NA	NA	0	1.0
k141_703896	2134	NA	177017.73406461175	1.2055289326102698	low	11.7003954408002	21	CheckV-039641	29.2	91.06	NA	NA	0	1.0
k141_1003182	3355	NA	115733.81904455526	2.8988933638389573	low	17.188684785418	4	CheckV-007637	39.5	12.8	2.4	9.74	1	1.0
k141_1003335	1261	227	201416.78342771693	0.11270163098472089	low	11.6489254870456	9	CheckV-020572	40.3	83.5	0.1	0.13	1	1.0
k141_104759	3125	NA	186117.52156065422	1.6790466441826044	low	12.3257720688713	32	CheckV-061690	36.3	65.66	NA	NA	0	1.0
k141_418672	1263	NA	NA	NA	NA	NA	0	NA	NA	NA	NA	NA	0	1.0
k141_104936	1059	NA	NA	NA	NA	NA	0	NA	NA	NA	NA	NA	0	1.0
k141_104983	2104	NA	188502.62903310423	1.1161648040624952	high	2.82660201664004	310	CheckV-059243	87.0	55.84	0.95	4.27	1	1.0
k141_1003860	1012	NA	41810.46223890598	2.4204468111770874	low	14.6621127104172	19	CheckV-011637	37.1	68.48	1.33	2.62	1	1.0
k141_552771	1528	1344	206379.36535893605	0.6512278965789571	medium	5.74880233284732	22	CheckV-058914	53.5	86.5	0.68	0.84	1	1.0
k141_1154471	1126	NA	75359.59894570781	1.4941693105495655	low	13.92	153	CheckV-012033	35.2	100.0	NA	NA	0	1.0
k141_106063	11687	NA	825960.2618137569	1.4149591136910245	low	16.1277892551785	34	CheckV-000616	44.2	15.8	2.6315084209824477	29.12971312875578	4	1.04
k141_106342	1250	NA	185358.89507403225	0.6743674208355367	high	2.94385480123092	93	CheckV-059243	75.2	57.73	0.5260281690140846	1.0542535211267605	2	1.0
k141_420438	5962	NA	NA	NA	NA	NA	0	NA	NA	NA	NA	NA	0	1.0
k141_860128	1438	NA	49386.38084100049	2.9117339143146417	medium	7.16053999452028	165	CheckV-059243	62.4	22.85	0.64	4.19	1	1.0
k141_1156203	5144	NA	183652.48545145377	2.80094221831795	high	4.17787537743618	125	CheckV-015755	68.4	44.5	2.170361058160544	6.1615018162669	5	1.0
k141_860417	2604	NA	197441.74874506434	1.3188700042169248	medium	9.82267274135623	38	CheckV-018433	47.1	47.34	1.06	1.74	1	1.0
k141_270307	2566	NA	NA	NA	NA	NA	0	NA	NA	NA	1.14	1.5	1	1.0
k141_421483	1137	NA	43912.75904623578	2.589224691627442	medium	6.5590302496389	302	CheckV-016882	67.5	37.38	NA	NA	0	1.0
k141_270518	2769	NA	NA	NA	NA	NA	0	NA	NA	NA	NA	NA	0	1.0
k141_707488	1202	NA	120759.38598913424	0.9953677638839222	high	4.69448121793811	393	CheckV-055013	72.9	36.29	0.5639897698209718	2.049539641943734	2	1.0
k141_1158025	2358	NA	44038.34403056652	5.354424767569231	low	18.8069420012078	4	CheckV-040152	32.2	59.87	NA	NA	0	1.0
k141_271166	3202	NA	38393.35773664547	8.339984280519891	low	14.8448260270765	123	CheckV-018031	39.7	28.34	6.265908501798714	9.613468428638914	3	1.0
k141_555782	1896	NA	165796.60454478933	1.143569860918233	medium	8.41622724100411	737	CheckV-061807	51.6	30.22	0.85	1.11	1	1.0
k141_1158434	1388	NA	15984.602516953766	8.68335636452545	high	3.19936479128857	70	CheckV-017667	78.8	33.33	NA	NA	0	1.0
k141_271414	2271	NA	121831.00281899814	1.8640575448385488	low	21.1660950514454	16	CheckV-029843	31.6	45.97	1.202203109984825	6.222621670457372	3	1.0
k141_108672	2512	NA	NA	NA	NA	NA	0	NA	NA	NA	NA	NA	0	1.0
k141_862349	1219	NA	257582.20426624597	0.47324697894890244	low	15.5702184012636	10	CheckV-001964	36.3	41.83	NA	NA	0	1.0
k141_1159036	5635	NA	285134.0018570016	1.9762637788901882	low	13.9757982883961	298	CheckV-002278	39.6	28.93	1.946489014158645	6.075883664641646	4	1.02
k141_109113	8002	6603	NA	NA	NA	NA	0	NA	NA	NA	7.63	17.2	1	1.0
k141_109157	3263	NA	NA	NA	NA	NA	0	NA	NA	NA	NA	NA	0	1.0
k141_1007862	1005	NA	NA	NA	NA	NA	0	NA	NA	NA	0.89	2.78	1	1.07
k141_862705	1248	NA	62315.92432638461	2.0026983688206257	low	10.7012750455373	3	CheckV-040456	41.0	65.33	NA	NA	0	1.0
k141_708644	5296	NA	NA	NA	NA	NA	0	NA	NA	NA	NA	NA	0	1.01
k141_272205	1840	NA	NA	NA	NA	NA	0	NA	NA	NA	NA	NA	0	1.0
k141_862859	1857	NA	188820.50778675373	0.9834736818403332	high	2.64384442301511	42	CheckV-014636	81.1	56.58	0.8300000000000001	1.143999336966206	3	1.0
k141_708875	6479	NA	NA	NA	NA	NA	0	NA	NA	NA	NA	NA	0	1.0
k141_708940	2706	NA	NA	NA	NA	NA	0	NA	NA	NA	0.8800000000000001	1.17	1	1.0
k141_109576	7551	NA	NA	NA	NA	NA	0	NA	NA	NA	NA	NA	0	1.02
k141_109832	3139	NA	NA	NA	NA	NA	0	NA	NA	NA	NA	NA	0	1.01
k141_557112	1733	NA	164407.8951257169	1.0540856317604677	high	3.87940589669696	46	CheckV-014734	63.1	64.62	0.9146223564954683	3.9077945619335344	2	1.0
k141_1008897	2760	NA	175391.39767808456	1.5736233569822715	low	10.6162263507551	319	CheckV-015755	60.3	24.46	1.3152910833973503	2.047114072175078	6	1.0
k141_709690	4130	NA	74466.45674192332	5.546121274862379	low	25.6613586747143	39	CheckV-049711	45.7	10.6	3.7	10.82	1	1.0
k141_110443	3165	NA	NA	NA	NA	NA	0	NA	NA	NA	NA	NA	0	1.0
k141_1161416	3062	NA	NA	NA	NA	NA	0	NA	NA	NA	NA	NA	0	1.03
k141_1161665	1155	NA	48917.414099239664	2.361122355439374	low	12.5268446162251	4	CheckV-010436	46.0	31.91	1.949844068177983	3.9569444788209487	3	1.0
k141_1161739	3058	NA	222183.01525032608	1.3763428300559586	low	19.4474773902474	44	CheckV-021782	33.7	23.56	1.279437903793221	6.632733429437743	3	1.0
k141_425088	1174	NA	44711.86985395823	2.6257009689700297	low	11.2165417334718	42	CheckV-005914	41.7	59.1	0.81	3.37	1	1.0
k141_274121	10652	NA	262095.07876657028	4.064173982254352	low	18.6356392398109	21	CheckV-000616	39.5	13.35	0.86	5.57	1	1.02
k141_558606	3898	NA	38106.85818049529	10.22912983677873	high	3.54623096917935	605	CheckV-005443	65.0	60.68	5.388613037447988	11.619098474341191	2	1.0
k141_1162244	1428	NA	189142.75569734373	0.7549852991911624	low	13.8001033911972	115	CheckV-020449	40.6	35.61	0.64	2.16	1	1.0
k141_274346	4861	NA	71992.95146797152	6.752049889443106	high	3.78771195771856	3	CheckV-000601	80.3	37.98	5.160348468848996	15.477930306230201	2	1.02
k141_1010493	1071	NA	238080.070469607	0.4498486571712951	low	18.5122354407915	5	CheckV-002431	27.6	62.26	NA	NA	0	1.0
k141_711256	13960	NA	180869.9982874071	7.718250750363363	low	18.6356392398109	133	CheckV-001044	41.5	14.34	3.2185400078274293	27.06722101097346	7	1.01
k141_559095	2731	NA	NA	NA	NA	NA	0	NA	NA	NA	NA	NA	0	1.0
k141_1010649	8767	NA	202866.66647072564	4.321557677522693	low	17.4785801713586	63	CheckV-000892	33.4	19.32	1.4083614089075558	28.273499313843725	3	1.03
k141_1010785	2699	NA	NA	NA	NA	NA	0	NA	NA	NA	NA	NA	0	1.0
k141_425808	1160	NA	38686.74120145631	2.998443301180233	low	10.4094095052806	2	CheckV-015701	47.4	37.14	NA	NA	0	1.0
k141_711585	3386	NA	NA	NA	NA	NA	0	NA	NA	NA	NA	NA	0	1.0
k141_865852	2873	NA	NA	NA	NA	NA	0	NA	NA	NA	NA	NA	0	1.0
k141_112163	2701	NA	95198.37637498401	2.837233262635519	low	12.1929432782492	85	CheckV-014212	40.5	34.81	NA	NA	0	1.0
k141_275340	1025	NA	138357.0	0.7408371097956735	high	2.90887460477086	1	CheckV-011238	73.6	100.0	NA	NA	0	1.0
k141_426225	2784	NA	54222.43002226777	5.134406552522051	low	10.9970674486804	74	CheckV-000468	38.4	46.8	1.4999999999999998	9.43	1	1.0
k141_275389	1651	NA	163929.76023052	1.0071386657787724	medium	5.83158658427762	8	CheckV-044128	67.1	33.72	0.6753456221198156	1.0105529953917052	2	1.0
k141_1163836	1408	NA	181069.75849282363	0.7776008604196617	high	2.94385480123092	140	CheckV-042948	76.9	60.75	0.6062299465240641	0.9033957219251338	2	1.0
k141_426636	1215	NA	299146.672370317	0.4061552784033439	high	2.70631473438022	96	CheckV-061307	76.4	53.03	0.31775743707093823	0.49844393592677344	2	1.0
k141_112719	1134	NA	91054.2442832691	1.2454114675556849	low	13.92	248	CheckV-004419	32.7	100.0	NA	NA	0	1.0
k141_112921	1207	NA	196042.27459123544	0.6156835317875677	high	3.91283601081597	16	CheckV-044128	82.4	22.86	0.54	0.71	1	1.02
k141_112940	3226	NA	NA	NA	NA	NA	0	NA	NA	NA	NA	NA	0	1.0
k141_276170	3623	NA	268251.320651293	1.3505991289077879	low	22.9181591811457	8	CheckV-015755	49.5	9.94	1.5460206422018348	2.754518348623853	2	1.0
k141_1012562	4359	1187	201358.78666932922	0.5894950101925712	medium	5.83275149041302	20	CheckV-015755	90.0	25.89	0.5574673372328214	0.9013959802474535	4	1.0
k141_1013314	1497	NA	188588.5971039536	0.7937913654317208	low	10.0651710208396	37	CheckV-015755	48.1	26.85	0.7207692307692307	0.8723076923076922	2	1.0
k141_714642	1832	NA	59363.98385836276	3.086046253854847	medium	7.44985673352436	126	CheckV-013443	60.7	42.23	2.5670647427378013	5.193095373710525	3	1.0
k141_114669	2926	NA	180676.00000000003	1.6194735327326262	low	12.3257720688713	1	CheckV-014636	32.6	65.15	1.3023075407296285	5.393932056782664	4	1.01
k141_114732	1170	NA	NA	NA	NA	NA	0	NA	NA	NA	NA	NA	0	1.0
k141_1166931	2881	NA	22607.200041048094	12.743727638844893	low	29.5168603908545	4	CheckV-038523	25.8	47.45	3.8441350906095546	8.40171334431631	2	1.0
k141_429779	1275	NA	141512.04169685236	0.9009833966859936	high	2.71012006861063	208	CheckV-015755	82.6	33.91	0.57	2.4499999999999997	1	1.0
k141_1013907	9031	NA	702000.6824830679	1.2864659857674463	medium	9.48837978822797	51	CheckV-000616	45.3	27.37	NA	NA	0	1.01
k141_868990	1179	NA	187982.07133537135	0.6271874714565694	medium	7.29637658717869	49	CheckV-059243	49.2	100.0	0.52	0.76	1	1.0
k141_430216	1767	NA	197023.44563590628	0.8968475778590157	medium	7.44864970773602	52	CheckV-044128	54.1	31.88	0.7939639639639641	1.355945945945946	2	1.0
k141_869252	1109	NA	48108.436063255045	2.3052090043871702	medium	6.12369555934197	139	CheckV-035818	55.8	62.97	NA	NA	0	1.0
k141_278633	1731	NA	NA	NA	NA	NA	0	NA	NA	NA	NA	NA	0	1.0
k141_562714	1027	NA	48870.63678549622	2.101466376441389	medium	9.40391650527222	22	CheckV-058659	46.3	65.86	NA	NA	0	1.0
k141_716130	1153	NA	366757.9877752622	0.3143762476705817	high	1.93591455273698	41	CheckV-061425	82.8	69.23	0.32162464985994393	0.4663305322128851	2	1.0
k141_115762	1120	NA	52367.06938818042	2.1387486698898432	low	10.6764514907398	1577	CheckV-029781	46.1	100.0	NA	NA	0	1.0
k141_279005	3246	NA	NA	NA	NA	NA	0	NA	NA	NA	NA	NA	0	1.0
k141_1168780	1393	NA	184002.03608187218	0.7570568400559334	high	2.63223288732552	158	CheckV-059243	78.2	65.31	0.5853697749196142	1.5339013933547696	2	1.0
k141_869957	1591	NA	207033.68635225375	0.7684739754346168	low	11.7390330599321	4	CheckV-049673	40.0	41.59	0.8171369598277084	0.9440650444189701	4	1.0
k141_563392	2732	NA	179005.01341154173	1.526214237206302	medium	6.27705627705628	360	CheckV-059243	63.7	38.14	1.1609447315251618	1.9096493462402524	4	1.0
k141_1016113	2532	NA	NA	NA	NA	NA	0	NA	NA	NA	1.61	1.721604938271605	2	1.0
k141_1016135	1528	NA	33564.31414276059	4.552454113916613	medium	5.80669068180352	19	CheckV-019105	53.5	66.4	2.9000000000000004	4.6	1	1.0
k141_1016639	9202	NA	307576.14886323793	2.991779445190862	low	27.4561384438116	133	CheckV-045863	34.8	11.62	0.7509661998075543	7.597110870129672	3	1.0
k141_280152	1815	NA	187424.99537400162	0.9683873788435825	medium	7.56667930805488	64	CheckV-048945	43.5	100.0	0.72	1.17	1	1.0
k141_718086	1068	NA	231082.3953476471	0.4621728100027999	medium	5.20086681113519	37	CheckV-001179	64.9	42.38	NA	NA	0	1.0
k141_117296	2781	NA	NA	NA	NA	NA	0	NA	NA	NA	NA	NA	0	1.01
k141_1170448	1421	NA	179912.04832519754	0.7898303716888883	high	2.64972286061917	260	CheckV-059243	78.8	82.29	0.5750867052023121	0.8414161849710983	2	1.0
k141_1170487	1741	NA	180651.580039539	0.9637336134114904	high	3.76866434439809	126	CheckV-059243	75.4	33.83	0.7153456221198157	1.0656221198156681	2	1.0
k141_117391	7059	NA	NA	NA	NA	NA	0	NA	NA	NA	NA	NA	0	1.0
k141_718772	13836	NA	484132.9410390687	2.857892704079283	low	15.7472323702244	5	CheckV-000616	38.1	17.8	1.0460498717907791	8.580752872909601	4	1.01
k141_718821	3678	NA	NA	NA	NA	NA	0	NA	NA	NA	NA	NA	0	1.0
k141_117720	1183	NA	54849.247655146784	2.1568208326901144	low	13.7461268634142	17	CheckV-060179	40.7	43.25	1.79	2.79	1	1.0
k141_565059	3072	NA	39590.35470495446	7.759465715561171	low	15.760181986278	81	CheckV-009926	35.5	37.4	3.4524011039558413	18.783523459061637	2	1.0
k141_1017966	1043	NA	NA	NA	NA	NA	0	NA	NA	NA	1.48	2.85	1	1.0
k141_117983	3858	NA	225356.07935362338	1.7119573659009741	low	10.7645695954375	42	CheckV-014566	46.5	37.79	NA	NA	0	1.0
k141_565190	1837	NA	117097.82691421664	1.568773775234742	high	2.76402957175269	33	CheckV-013277	82.2	65.33	1.619191256830601	5.215442622950818	2	1.0
k141_565214	2391	NA	49546.80990854542	4.825739546932203	high	3.50734981563677	48	CheckV-047960	88.8	34.6	1.42	6.36	1	1.0
k141_1171455	3535	NA	NA	NA	NA	NA	0	NA	NA	NA	NA	NA	0	1.0
k141_434354	3322	NA	NA	NA	NA	NA	0	NA	NA	NA	NA	NA	0	1.0
k141_720025	2979	NA	NA	NA	NA	NA	0	NA	NA	NA	NA	NA	0	1.0
k141_565808	3040	NA	NA	NA	NA	NA	0	NA	NA	NA	NA	NA	0	1.0
k141_118713	2993	NA	NA	NA	NA	NA	0	NA	NA	NA	NA	NA	0	1.0
k141_1172242	1400	NA	14760.049347569966	9.485063139240047	high	3.42478034785727	99	CheckV-014648	72.4	100.0	1.61	4.59	1	1.0
k141_1019280	1834	NA	132583.91716568146	1.3832748641060062	high	4.97446883422306	58	CheckV-049661	80.3	26.32	0.8754566534288385	2.0612720709368557	3	1.0
k141_720940	2875	NA	NA	NA	NA	NA	0	NA	NA	NA	NA	NA	0	1.0
k141_435634	1436	NA	51023.27138271121	2.8144020582862432	medium	7.29637658717869	352	CheckV-005951	49.4	100.0	2.04	3.71	1	1.0
k141_566638	2799	NA	NA	NA	NA	NA	0	NA	NA	NA	NA	NA	0	1.0
k141_1019770	3322	NA	46448.175016145404	7.152057102018048	medium	7.41878841088674	22	CheckV-007424	48.8	36.8	2.31	8.73	1	1.0
k141_119758	2918	NA	NA	NA	NA	NA	0	NA	NA	NA	NA	NA	0	1.0
k141_119766	1015	NA	44602.92088849287	2.275635720219974	low	14.1542002301496	4	CheckV-008825	38.8	38.89	1.44	2.78	1	1.0
k141_120034	1015	NA	50088.84799895756	2.0263991697735273	high	2.70631473438022	30	CheckV-001459	73.3	54.88	1.3	3.68	1	1.0
k141_436199	1790	NA	55393.62345622819	3.2314188679396474	low	10.0451710045171	421	CheckV-000578	38.6	73.95	NA	NA	0	1.0
k141_120284	3169	NA	46535.19113632721	6.80990004041512	low	11.7390330599321	365	CheckV-016295	38.4	40.74	3.7034657039711196	9.440902527075812	2	1.0
k141_1173445	1151	NA	226453.5053595272	0.5082721056459796	high	3.50533591367687	13	CheckV-059243	71.2	85.41	0.51	0.7	1	1.0
k141_1173583	2587	NA	69595.54522240168	3.7171919434396306	medium	6.50440235702245	3	CheckV-007389	51.0	46.01	1.4	3.49	1	1.0
k141_120521	2739	NA	NA	NA	NA	NA	0	NA	NA	NA	NA	NA	0	1.0
k141_1173948	1963	NA	25373.11146133413	7.7365363841616315	low	10.5427046263345	127	CheckV-001498	43.2	71.38	NA	NA	0	1.0
k141_121442	1623	NA	188663.63611020823	0.8602611682157559	low	11.993614049092	20	CheckV-058897	58.1	17.38	0.7289285714285714	3.168571428571429	2	1.0
k141_1174509	3132	NA	NA	NA	NA	NA	0	NA	NA	NA	NA	NA	0	1.0
k141_122258	1030	NA	189404.54391842923	0.5438095510758124	medium	5.99083426346975	56	CheckV-015755	55.3	100.0	0.57	1.3	1	1.0
k141_1021885	1622	NA	170625.66668506977	0.9506189962579232	medium	8.41622724100411	19	CheckV-000626	51.0	28.44	NA	NA	0	1.02
k141_122886	4261	NA	189906.4818795813	2.2437359472026226	medium	7.02632877950927	57	CheckV-015755	60.6	29.64	1.988616810070018	2.6768879324818364	5	1.0
k141_723496	2873	NA	NA	NA	NA	NA	0	NA	NA	NA	NA	NA	0	1.0
k141_875537	2820	NA	179940.3957702071	1.5671856160643778	medium	5.83158658427762	280	CheckV-049660	62.9	36.2	1.4581814538986297	2.0080317246232333	4	1.0
k141_569269	2854	NA	142662.41302662186	2.0005269358982614	low	11.3661940130542	13	CheckV-061284	40.7	52.92	NA	NA	0	1.0
k141_875812	1124	NA	26619.032341974766	4.222542673828145	low	11.0823071937784	42	CheckV-001498	40.0	70.67	NA	NA	0	1.0
k141_123496	2581	NA	99574.5163556334	2.5920286579970724	high	4.62276493676406	24	CheckV-014901	64.0	55.14	1.04	2.98	1	1.0
k141_1175889	2728	NA	NA	NA	NA	NA	0	NA	NA	NA	NA	NA	0	1.0
k141_439202	2750	NA	261514.0927188257	1.0515685680299993	low	21.4175654853621	10	CheckV-001167	30.5	30.91	NA	NA	0	1.0
k141_570123	1370	NA	89013.0939297973	1.5390994060722003	low	13.92	338	CheckV-001092	34.4	100.0	NA	NA	0	1.0
k141_570235	21750	NA	318006.37496353657	6.839485529965842	medium	8.26190467220944	60	CheckV-000616	47.0	24.21	2.0060339371056473	5.049483752029283	5	1.02
k141_1023521	4155	NA	172831.66719174484	2.404073320307854	low	15.1657311952622	265	CheckV-048944	38.1	25.24	1.9460461045431288	2.5374190073519514	3	1.0
k141_570448	2479	NA	55503.51590390383	4.466383722955539	low	12.6850939406264	148	CheckV-019965	62.8	16.69	3.6802415458937197	7.049472177491501	3	1.0
k141_1176685	1539	NA	42366.07374095246	3.632623616269523	medium	8.76990056085545	479	CheckV-002988	51.8	78.9	1.9188940955951264	4.855304592314901	2	1.0
k141_1023641	1458	NA	220115.0834742077	0.6623807769042975	medium	6.68889588021372	5	CheckV-048999	61.2	28.45	0.59	2.42	1	1.0
k141_1176780	1743	NA	179716.55997183567	0.9698605405496048	high	3.94930684093227	273	CheckV-046711	70.5	61.17	0.737088819203303	1.5666832341342192	3	1.0
k141_125110	1059	NA	41697.12509850558	2.5397434415399407	medium	7.64857191755397	11	CheckV-015701	57.2	49.5	1.5525195618153367	4.689859154929578	2	1.0
k141_440191	2018	NA	NA	NA	NA	NA	0	NA	NA	NA	NA	NA	0	1.03
k141_440399	1021	NA	47699.32415402535	2.1404915438698886	medium	6.28980688067528	310	CheckV-042439	48.1	81.6	0.8845004500450045	4.5795499549955	2	1.0
k141_1024328	2709	NA	NA	NA	NA	NA	0	NA	NA	NA	NA	NA	0	1.0
k141_287770	1155	NA	45965.833954294125	2.5127358749728503	medium	9.37925259080917	7	CheckV-010206	70.2	19.53	2.092173913043478	3.237391304347826	2	1.0
k141_440585	3295	NA	NA	NA	NA	NA	0	NA	NA	NA	NA	NA	0	1.0
k141_571989	1201	NA	194974.58122611456	0.6159777302494548	high	4.8687629098159	25	CheckV-059243	72.4	34.54	0.569165302782324	1.1073977086743043	2	1.0
k141_126749	2850	NA	NA	NA	NA	NA	0	NA	NA	NA	NA	NA	0	1.01
k141_878311	2679	NA	47665.07734052993	5.620467120740468	low	10.8819485366333	11	CheckV-007945	38.0	48.8	2.71	7.68	1	1.0
k141_1178371	3006	NA	167067.89484219765	1.7992684967026658	low	10.3754165273183	4	CheckV-001462	42.2	82.0	NA	NA	0	1.0
k141_572195	7844	NA	183595.46023333824	4.272436796656503	low	10.2824914415191	881	CheckV-016759	47.7	21.57	3.344892284949609	5.3554687935384955	7	1.0
k141_1025373	6379	NA	951634.3027689024	0.6703205192834557	low	25.6613586747143	16	CheckV-001225	43.8	8.34	0.51	3.56	1	1.02
k141_1025416	2592	NA	175959.0	1.4730704311799907	low	NA	1	CheckV-000794	22.3	24.88	NA	NA	0	1.0
k141_572682	3363	NA	NA	NA	NA	NA	0	NA	NA	NA	NA	NA	0	1.0
k141_1025567	1014	NA	238113.25313432573	0.4258477790095862	medium	7.76410691557064	46	CheckV-061337	50.5	56.29	0.36000000000000004	0.76	1	1.0
k141_127774	1481	NA	53039.13687320103	2.7922777166238193	low	13.8001033911972	6	CheckV-016853	38.8	35.73	2.66	4.07	1	1.0
k141_1025769	2060	NA	184642.0306494232	1.115672305354618	low	14.8448260270765	140	CheckV-014636	39.3	28.51	0.95096879129816	1.2444332621734269	3	1.0
k141_441989	1192	NA	NA	NA	NA	NA	0	NA	NA	NA	1.7800000000000002	3.19	1	1.0
k141_1025904	2012	NA	180389.43084554872	1.1153646810509066	medium	7.60627655447017	156	CheckV-013050	52.9	42.15	0.8239414844355403	1.597860855431023	3	1.0
k141_128401	1287	NA	49763.33009092831	2.5862417118154553	medium	7.92314988883452	179	CheckV-015158	54.0	35.71	2.02	3.8099999999999996	1	1.0
k141_1179411	4252	NA	184047.07249062444	2.3102785295411867	medium	8.81450330814983	477	CheckV-000929	59.1	25.8	0.35	3.69	1	1.01
k141_879699	2154	NA	51627.21203934096	4.172218322303768	high	3.28701941377998	17	CheckV-061284	74.7	66.21	3.1904246284501063	5.813864118895966	2	1.0
k141_443077	2622	NA	NA	NA	NA	NA	0	NA	NA	NA	NA	NA	0	1.0
k141_290561	1430	NA	185858.3700465796	0.7694030673149749	high	4.58851593116374	159	CheckV-015475	63.5	46.12	0.64	0.9100000000000001	2	1.0
k141_290828	1388	NA	194873.90871103518	0.7122554318229269	high	2.71012006861063	26	CheckV-015755	86.2	34.04	0.6516506189821183	0.81	3	1.0
k141_1180536	3100	NA	59958.2261175451	5.170266368325516	low	28.6070582969958	13	CheckV-023878	25.4	37.62	NA	NA	0	1.02
k141_130388	2087	NA	57550.566048056506	3.626376147642562	medium	8.74144713788569	451	CheckV-013443	52.0	75.97	2.96	5.989999999999999	1	1.01
k141_1027605	2835	NA	171656.8063425216	1.651551173766498	low	10.7907508297973	163	CheckV-001227	46.5	32.29	0.96	7.62	1	1.0
k141_130590	1360	NA	187825.6534914419	0.7240757450962189	high	4.58851593116374	208	CheckV-019142	63.5	46.48	0.4799999999999999	1.02	1	1.0
k141_1027741	1055	NA	204504.36698908667	0.515881404164	high	3.80705863737027	18	CheckV-015755	65.9	65.93	0.47	1.1744051446945338	2	1.0
k141_1181138	3738	NA	5453.011458065506	68.5492782977955	high	4.01766558873086	57	CheckV-007750	57.9	60.05	34.85	84.92	1	1.0
k141_575178	1935	NA	NA	NA	NA	NA	0	NA	NA	NA	2.82	5.34	1	1.0
k141_1028015	13344	NA	205180.0	6.50355785164246	low	29.1891156069426	2	CheckV-001311	30.7	10.07	14.250000000000002	31.450000000000003	1	1.0
k141_444197	1291	NA	180734.56996213543	0.7143071744771735	high	1.61446920714027	130	CheckV-051884	86.3	74.01	0.5430117899249731	1.422025723472669	2	1.0
k141_575321	1232	NA	36122.0	3.410663861358729	low	15.5702184012636	1	CheckV-056791	33.9	38.63	1.75	3.53	1	1.0
k141_729599	1113	NA	32776.35873136586	3.3957402319217875	high	2.70631473438022	42	CheckV-061905	75.8	56.49	3.5	7.62	1	1.0
k141_729649	7909	NA	92193.94215005962	8.578654752746013	low	18.6356392398109	622	CheckV-014229	40.8	16.98	4.134644078617356	17.211966801951757	3	1.0
k141_881642	3142	NA	40053.80912533092	7.844447428629028	low	12.1929432782492	842	CheckV-016973	39.4	35.07	4.599579530802592	9.32384617960783	3	1.0
k141_1181642	3390	NA	205191.0461659297	1.652118873285847	low	18.6274767169097	95	CheckV-047903	25.7	31.51	1.4899319148529429	3.169379669517772	5	1.0
k141_729962	8086	NA	NA	NA	NA	NA	0	NA	NA	NA	NA	NA	0	1.0
k141_729982	8714	NA	NA	NA	NA	NA	0	NA	NA	NA	NA	NA	0	1.01
k141_292229	6293	NA	NA	NA	NA	NA	0	NA	NA	NA	NA	NA	0	1.01
k141_1028537	2541	NA	NA	NA	NA	NA	0	NA	NA	NA	NA	NA	0	1.0
k141_730298	3848	NA	NA	NA	NA	NA	0	NA	NA	NA	NA	NA	0	1.0
k141_1028754	1873	NA	178841.6693343987	1.04729507780307	high	4.50257385887133	300	CheckV-047902	67.7	47.1	0.95	2.42	1	1.0
k141_575997	4873	NA	448338.8421261303	1.0869011430932607	low	10.7645695954375	70	CheckV-002666	45.6	42.41	1.5453153042785828	7.532986432268538	3	1.0
k141_730642	2666	NA	53640.80369595252	4.970097046105899	high	3.23415977961433	11	CheckV-061284	74.9	54.91	4.504415584415585	8.124632034632034	2	1.0
k141_1029736	1265	NA	186725.7680421031	0.6774640764710989	medium	6.05080467115999	139	CheckV-051884	58.4	44.69	0.563963963963964	0.9725225225225227	2	1.0
k141_132954	3295	NA	248654.73925128285	1.325130584649816	medium	6.3231850117096	2	CheckV-039937	53.7	61.45	NA	NA	0	1.0
k141_883207	2079	NA	175781.8434098536	1.1827160073367735	high	3.19324426796831	325	CheckV-049660	72.0	49.11	0.916702509501116	1.858856095795379	3	1.02
k141_731880	1250	NA	215445.7240685701	0.5801925312763049	medium	6.12369555934197	10	CheckV-061139	55.5	66.25	0.5165963060686015	1.0464116094986808	2	1.0
k141_1030243	1485	NA	261220.0	0.5684863333588546	medium	5.28180719139367	1	CheckV-015755	56.1	62.07	0.7266141732283464	1.1846456692913385	2	1.0
k141_883360	1476	NA	198462.26132016393	0.7437182213795712	high	3.36227523012465	290	CheckV-058914	72.6	47.78	0.52	1.1	1	1.0
k141_1183311	1456	NA	896751.2404333486	0.16236386796592536	low	18.9819526322458	3	CheckV-001167	28.3	69.0	0.4161294862772696	2.479985925404645	2	1.0
k141_133682	3400	NA	179016.03552430385	1.8992711965953486	medium	8.63813229571984	182	CheckV-023449	46.6	93.39	NA	NA	0	1.0
k141_294139	1308	526	NA	NA	NA	NA	0	NA	NA	NA	0.29	1.15	1	1.0
k141_732652	6886	NA	75648.74109310599	9.102596950721146	low	22.9181591811457	49	CheckV-000253	47.9	8.99	6.4205156037991875	19.094911804613297	2	1.02
k141_577739	2547	NA	115083.97441707794	2.213166527225911	low	10.8819485366333	21	CheckV-001780	40.1	51.32	1.38	7.49	1	1.0
k141_732790	6040	NA	NA	NA	NA	NA	0	NA	NA	NA	NA	NA	0	1.0
k141_884043	3220	NA	49866.42683318193	6.457250307450061	low	14.7807123818755	126	CheckV-054510	33.9	42.79	NA	NA	0	1.0
k141_733137	2937	NA	51878.67567567567	5.661285608678461	low	12.8819520773796	2	CheckV-004811	47.0	12.02	NA	NA	0	1.0
k141_1184255	4069	NA	178331.7902395063	2.281701986244393	high	4.99964123970491	391	CheckV-061800	60.9	36.58	1.6977125274201472	3.2995669715734266	5	1.0
k141_578618	3206	NA	186800.03104209946	1.716273804728361	high	4.62276493676406	125	CheckV-015755	62.9	56.38	1.3568338887914402	4.375223644974566	3	1.0
k141_447360	4347	NA	NA	NA	NA	NA	0	NA	NA	NA	NA	NA	0	1.0
k141_734075	3196	NA	60279.0	5.302012309427827	low	12.9948120840075	1	CheckV-061284	51.5	19.36	NA	NA	0	1.0
k141_295354	1592	NA	42500.27293725264	3.7458582968406517	high	4.70588235294118	38	CheckV-061905	61.2	67.28	1.83	5.22	1	1.0
k141_1033052	2512	NA	152747.61868932785	1.6445428226996694	medium	7.90591497421755	55	CheckV-009963	50.0	41.59	NA	NA	0	1.0
k141_295805	7210	NA	304287.16598596855	2.3694722636880687	low	13.9757982883961	104	CheckV-054812	38.0	27.8	1.5715784920117841	17.963751270082902	4	1.02
k141_734912	1177	NA	166544.86267868677	0.706716485317697	medium	8.38252894195698	463	CheckV-061800	52.4	46.55	0.52	0.75	2	1.0
k141_1033174	7644	NA	712430.7323907112	1.0729464146428593	high	3.57533966285403	51	CheckV-056621	63.6	27.65	1.0464285714285713	4.2890178571428565	2	1.0
k141_1185579	1977	NA	188621.26148670824	1.0481321057962043	high	2.5492837895334	34	CheckV-002666	75.0	77.65	1.0189359129383313	2.746469165659009	2	1.0
k141_735113	1272	NA	NA	NA	NA	NA	0	NA	NA	NA	0.56	0.75	1	1.0
k141_1185820	2974	NA	NA	NA	NA	NA	0	NA	NA	NA	NA	NA	0	1.0
k141_1033593	7288	NA	1088244.5086652285	0.6697024374548876	medium	8.28456428871274	15	CheckV-000616	39.1	47.62	NA	NA	0	1.0
k141_1033610	4814	NA	83225.80263163905	5.784263831382882	low	23.0547056367741	100	CheckV-001180	32.0	23.87	0.9087688565885862	2.2646075223673163	3	1.03
k141_1185881	1123	NA	181163.19807472857	0.619883073347364	medium	9.83914388195859	148	CheckV-061379	46.3	57.34	0.505469387755102	1.2801632653061223	2	1.0
k141_1033688	1559	NA	179163.23164834376	0.8701562176886598	medium	7.36886830689784	15	CheckV-051884	55.7	45.26	0.69	0.9099999999999999	1	1.0
k141_1033888	2658	NA	NA	NA	NA	NA	0	NA	NA	NA	NA	NA	0	1.0
k141_735931	3203	NA	NA	NA	NA	NA	0	NA	NA	NA	NA	NA	0	1.0
k141_735991	1168	NA	55433.23129458741	2.107039356578236	medium	6.82561045952701	170	CheckV-013516	54.6	84.57	1.66	3.35	1	1.0
k141_1034248	1755	NA	191801.64599023483	0.915007788874425	high	3.42478034785727	29	CheckV-059243	75.0	57.78	0.7800000000000001	4.87	1	1.0
k141_886641	1370	NA	183238.60848595595	0.7476590284765242	high	4.69448121793811	201	CheckV-059243	76.8	33.11	0.556510077284437	1.2209289286255494	3	1.0
k141_137017	1169	NA	33540.300902861876	3.4853593096424884	medium	7.16053999452028	15	CheckV-061862	58.1	23.37	1.66	3.2	1	1.0
k141_297626	1111	NA	188779.38853416053	0.5885176388305544	medium	7.29637658717869	64	CheckV-014636	51.2	100.0	0.49000000000000005	0.68	1	1.0
k141_297735	1103	NA	187329.47241957064	0.5888021707174613	high	1.97923426346528	80	CheckV-015755	80.8	100.0	0.49	1.2	1	1.0
k141_1187256	1449	NA	NA	NA	NA	NA	0	NA	NA	NA	0.65	0.85	1	1.0
k141_582366	6253	NA	122965.67815444779	5.085158797031221	low	25.7423874966316	191	CheckV-033066	34.6	14.43	4.23	20.03	1	1.0
k141_737881	1098	NA	94272.89431027157	1.164703818667384	low	12.972234865726	75	CheckV-000404	41.7	48.38	0.66	3.57	1	1.0
k141_138665	1739	NA	186554.4340551787	0.9321676050249452	high	2.76402957175269	144	CheckV-059243	80.1	62.87	0.7261132075471699	1.5817358490566038	2	1.0
k141_138666	3386	NA	NA	NA	NA	NA	0	NA	NA	NA	NA	NA	0	1.0
k141_1036614	1180	NA	186367.5657687844	0.6331573818289598	medium	5.55941234566949	162	CheckV-049660	59.2	71.57	0.4508422664624809	0.8810872894333843	2	1.0
k141_888472	1149	NA	17007.351091904497	6.755902161312612	high	3.90091512983695	62	CheckV-014635	64.6	100.0	NA	NA	0	1.0
k141_1188474	6055	NA	194637.8707071194	3.1109053844466055	low	10.6438896189225	5	CheckV-017320	51.5	27.91	1.2932827832292597	3.616066012488849	2	1.0
k141_1188527	2532	NA	NA	NA	NA	NA	0	NA	NA	NA	NA	NA	0	1.0
k141_139073	4384	NA	184699.08752385186	2.373590502678501	high	4.03145705411847	103	CheckV-015755	63.6	44.58	1.9917486373755722	3.384347219734384	3	1.0
k141_139133	6144	3528	45530.54568456153	7.748644227640504	low	11.1328258931633	397	CheckV-015879	52.4	23.18	5.148927905517557	9.720376737169532	3	1.0
k141_139207	2789	NA	182965.27402247113	1.5243329724182881	low	21.1660950514454	54	CheckV-032476	32.5	44.55	1.2724485981308409	2.1773084112149528	2	1.0
k141_739133	8576	NA	104363.0	8.21747170932227	low	23.7881428775411	1	CheckV-051622	50.0	2.54	7.859999999999999	25.87	1	1.0
k141_739293	2633	NA	182431.69538180807	1.4432799051115766	medium	7.36886830689784	113	CheckV-049660	54.2	45.41	1.1275420875420876	1.54	2	1.0
k141_584115	7102	NA	NA	NA	NA	NA	0	NA	NA	NA	NA	NA	0	1.0
k141_1189026	4670	NA	335005.59268792655	1.3940065783768345	low	15.1657311952622	7	CheckV-000616	41.6	24.03	0.37	0.77	1	1.01
k141_1189079	1742	NA	500938.69534552185	0.34774714275136154	medium	9.39265536723164	64	CheckV-049466	46.2	61.7	0.6783321194464677	3.090466132556446	2	1.0
k141_1037556	1823	NA	46471.44986868356	3.922838657178401	high	3.55778550658532	84	CheckV-061284	83.3	51.4	2.2129433962264153	7.818886792452831	2	1.0
k141_1189376	3296	NA	NA	NA	NA	NA	0	NA	NA	NA	1.4000000000000001	1.84	1	1.0
k141_1038097	4673	NA	354008.65339638933	1.3200242296810651	low	10.738170664253	5	CheckV-000966	31.7	56.49	2.6	2.7299999999999995	1	1.0
k141_889977	3661	NA	178789.90260363562	2.0476547873713953	low	13.1821249631444	254	CheckV-061494	40.3	32.51	1.4173341582283274	2.4985927964782033	3	1.0
k141_584720	5456	NA	5275.208211695927	100.0	high	3.249419193866	43	CheckV-005311	85.6	62.03	50.87	100.0	1	1.02
k141_1038362	1337	NA	148353.41637010677	0.9012262964436899	low	11.2856911752811	2	CheckV-059243	47.2	26.57	0.71	3.0	1	1.0
k141_890210	5378	NA	88732.15154693235	6.060937220884878	low	15.4714335542146	5	CheckV-000601	60.0	15.61	NA	NA	0	1.01
k141_1189974	2427	1281	142489.97773362417	0.8990105973591679	medium	6.1524334251607	9	CheckV-000967	68.1	30.44	0.61	3.39	1	1.0
k141_140326	4607	NA	NA	NA	NA	NA	0	NA	NA	NA	2.05	2.69	1	1.0
k141_1190120	1141	NA	62601.56775818641	1.822638059812474	high	3.45891855008104	2	CheckV-057052	65.3	72.94	0.85	3.35	1	1.0
k141_140401	7322	NA	201958.44862692844	3.62549823975213	low	25.7555927270877	4	CheckV-052001	32.1	16.68	0.36	2.58	1	1.02
k141_1038774	1217	NA	160616.8760618817	0.7577036920647866	medium	7.28226900171001	96	CheckV-046697	54.8	46.54	0.6466256157635467	0.71	3	1.0
k141_740734	2632	NA	NA	NA	NA	NA	0	NA	NA	NA	NA	NA	0	1.0
k141_1190350	3552	NA	NA	NA	NA	NA	0	NA	NA	NA	NA	NA	0	1.04
k141_585647	2545	NA	303191.002775421	0.8394048559168911	low	11.9200678430089	3	CheckV-002497	27.7	100.0	NA	NA	0	1.0
k141_585680	4120	NA	203081.8708425003	2.0287384506100286	low	19.9773130997658	5	CheckV-032811	56.0	9.95	NA	NA	0	1.0
k141_1190504	5488	NA	5337.233256626609	100.0	high	2.60922330097087	47	CheckV-005311	86.3	55.53	51.16	100.0	1	1.02
k141_1039168	2997	NA	NA	NA	NA	NA	0	NA	NA	NA	NA	NA	0	1.0
k141_1039229	8963	NA	272422.35156019696	3.2901118240363814	low	26.9204150716114	251	CheckV-001180	38.6	8.49	1.475305386725282	2.851168442345317	3	1.01
k141_1190629	5465	NA	5369.686772055834	100.0	medium	6.05636618029182	93	CheckV-015487	55.0	58.53	50.95	100.0	1	1.02
k141_1039500	4467	NA	518053.20432978746	0.8622666480326127	low	15.1657311952622	6	CheckV-000616	40.3	26.14	0.22	2.61	1	1.0
k141_741282	3165	NA	NA	NA	NA	NA	0	NA	NA	NA	NA	NA	0	1.0
k141_1190901	5948	NA	NA	NA	NA	NA	0	NA	NA	NA	NA	NA	0	1.02
k141_891580	2090	NA	178342.1045506893	1.1719049773834924	medium	8.41622724100411	77	CheckV-020449	51.3	28.89	0.93	1.9598051948051949	2	1.0
k141_1039869	2764	NA	214132.0	1.290792595221639	low	15.760181986278	1	CheckV-027970	33.6	37.07	NA	NA	0	1.0
k141_1039918	1316	NA	185111.99979089215	0.7109209567648729	low	10.9098357507713	84	CheckV-044159	38.4	73.0	0.5900000000000001	1.4679742765273311	2	1.0
k141_1039942	1203	NA	206406.80495777252	0.5828296214585146	low	22.408712705263	15	CheckV-055364	27.4	58.48	0.5690335087233453	0.7146219883688729	3	1.0
k141_892180	1199	NA	59389.58265071449	2.018872580822178	low	17.3716005451868	4	CheckV-041811	35.9	43.47	NA	NA	0	1.0
k141_141759	2760	NA	NA	NA	NA	NA	0	NA	NA	NA	NA	NA	0	1.0
k141_1040632	2652	NA	45161.49305350915	5.8722593534669105	medium	8.97110139919369	846	CheckV-008535	62.6	26.43	3.51	8.78	1	1.0
k141_142153	1644	NA	187723.49352476804	0.8757561289381675	high	3.59564862876121	54	CheckV-015755	62.7	73.76	0.65	0.96	1	1.0
k141_1040840	1503	NA	178616.1967449291	0.8414690422203663	high	2.58831684236444	263	CheckV-051884	84.1	70.18	0.76	1.94	1	1.0
k141_743757	4328	NA	71409.74033329872	6.060797840461873	high	3.59387057656267	8	CheckV-007389	73.0	50.07	2.1	10.2	1	1.0
k141_1041710	1098	NA	46288.05683842969	2.3721021684548407	high	3.80705863737027	180	CheckV-019105	67.1	62.96	1.01	2.834385964912281	2	1.0
k141_743868	1840	NA	45610.68803176404	4.034142170182992	low	11.9200678430089	7	CheckV-038534	27.6	100.0	NA	NA	0	1.0
k141_894345	1007	NA	188392.72393400583	0.5345217049639099	high	2.19422998780983	185	CheckV-049660	79.8	51.1	0.4220264317180617	0.6707709251101321	2	1.0
k141_894602	2847	NA	52277.315054499275	5.445956811347318	medium	9.52100510404397	1807	CheckV-000814	43.6	52.91	NA	NA	0	1.0
k141_143663	1783	NA	120442.9195079797	1.4803692963303425	high	2.33183856502242	52	CheckV-013338	88.9	59.86	0.84	2.42	1	1.0
k141_744556	3050	NA	NA	NA	NA	NA	0	NA	NA	NA	NA	NA	0	1.0
k141_589802	5048	NA	NA	NA	NA	NA	0	NA	NA	NA	NA	NA	0	1.0
k141_589958	1445	NA	182930.9001825299	0.7899157542865461	high	4.09837430943138	133	CheckV-015755	65.0	55.36	0.6162299465240642	0.9267914438502675	2	1.0
k141_1042907	4203	NA	110462.66777283826	3.8049053899759953	low	22.6418050767784	4	CheckV-031221	29.6	32.18	2.26	2.46	1	1.0
k141_591097	2953	NA	NA	NA	NA	NA	0	NA	NA	NA	NA	NA	0	1.0
k141_145868	1478	NA	NA	NA	NA	NA	0	NA	NA	NA	NA	NA	0	1.0
k141_146258	1659	NA	176173.321962044	0.9416862789006308	high	3.52700946723594	352	CheckV-061800	67.7	66.36	0.711756373937677	1.029943342776204	2	1.0
k141_594938	1350	NA	51424.64647948385	2.6252003512335085	low	10.6198315369057	219	CheckV-016569	46.5	51.44	1.2213231552162849	3.5540839694656485	2	1.0
k141_148092	2825	NA	NA	NA	NA	NA	0	NA	NA	NA	NA	NA	0	1.04
k141_596159	1311	NA	181550.8906306228	0.7221115773358091	medium	5.14326783727257	30	CheckV-059243	84.5	21.99	0.5955555555555555	0.8377777777777778	2	1.0
