contig_id	contig_length	viral_length	aai_expected_length	aai_completeness	aai_confidence	aai_error	aai_num_hits	aai_top_hit	aai_id	aai_af	hmm_completeness_lower	hmm_completeness_upper	hmm_num_hits	kmer_freq
k141_279318	2053	NA	NA	NA	NA	NA	0	NA	NA	NA	NA	NA	0	1.0
k141_163952	2327	NA	NA	NA	NA	NA	0	NA	NA	NA	2.9757558790593506	8.764759238521835	2	1.0
k141_230747	1470	NA	NA	NA	NA	NA	0	NA	NA	NA	1.12829373650108	3.508466522678186	2	1.0
k141_327904	2916	NA	NA	NA	NA	NA	0	NA	NA	NA	NA	NA	0	1.0
k141_133599	1106	NA	NA	NA	NA	NA	0	NA	NA	NA	0.39	1.81	1	1.0
k141_78950	6132	NA	NA	NA	NA	NA	0	NA	NA	NA	7.904308905456707	14.810637194384375	6	1.0
k141_212536	5621	NA	NA	NA	NA	NA	0	NA	NA	NA	7.2941394658753715	18.31440652818991	2	1.0
k141_291488	2554	NA	NA	NA	NA	NA	0	NA	NA	NA	NA	NA	0	1.0
k141_267188	8812	NA	NA	NA	NA	NA	0	NA	NA	NA	11.395223214738358	25.277592444259685	3	1.0
k141_327922	5336	NA	NA	NA	NA	NA	0	NA	NA	NA	2.3813332227252255	3.2784973098528125	3	1.0
k141_303638	2029	NA	NA	NA	NA	NA	0	NA	NA	NA	NA	NA	0	1.0
k141_236845	4901	NA	NA	NA	NA	NA	0	NA	NA	NA	1.11	1.71	1	1.0
k141_230768	3009	NA	NA	NA	NA	NA	0	NA	NA	NA	3.7506177076183937	7.18656142759094	3	1.0
k141_206473	3923	NA	NA	NA	NA	NA	0	NA	NA	NA	1.3778156028368795	3.0725390070921987	2	1.0
k141_303640	3788	NA	NA	NA	NA	NA	0	NA	NA	NA	5.728914317610942	10.453340775886131	3	1.0
k141_267195	4739	NA	NA	NA	NA	NA	0	NA	NA	NA	7.21	14.25	1	1.0
k141_376491	13799	NA	NA	NA	NA	NA	0	NA	NA	NA	7.587154340836014	14.87532154340836	2	1.0
k141_103251	4230	NA	NA	NA	NA	NA	0	NA	NA	NA	39.44	96.09	1	1.0
k141_230774	2559	NA	NA	NA	NA	NA	0	NA	NA	NA	3.63	7.0	1	1.0
k141_382577	2931	NA	NA	NA	NA	NA	0	NA	NA	NA	NA	NA	0	1.0
k141_285433	1001	NA	NA	NA	NA	NA	0	NA	NA	NA	1.8897183098591548	4.207786720321932	2	1.0
k141_297587	3317	NA	NA	NA	NA	NA	0	NA	NA	NA	1.4004841802492811	2.4598089302835233	3	1.0
k141_206490	2700	NA	NA	NA	NA	NA	0	NA	NA	NA	NA	NA	0	1.0
k141_297595	1898	NA	NA	NA	NA	NA	0	NA	NA	NA	2.987466977466977	5.473512043512043	2	1.0
k141_139727	4171	NA	NA	NA	NA	NA	0	NA	NA	NA	7.219175367734289	15.864027120066302	5	1.0
k141_224704	3138	NA	NA	NA	NA	NA	0	NA	NA	NA	1.09	1.98	1	1.0
k141_127552	1789	NA	NA	NA	NA	NA	0	NA	NA	NA	2.36	4.64	1	1.0
k141_267213	5159	NA	NA	NA	NA	NA	0	NA	NA	NA	NA	NA	0	1.0
k141_188308	4936	NA	NA	NA	NA	NA	0	NA	NA	NA	NA	NA	0	1.0
k141_267220	3353	NA	NA	NA	NA	NA	0	NA	NA	NA	NA	NA	0	1.0
k141_334043	4138	NA	NA	NA	NA	NA	0	NA	NA	NA	NA	NA	0	1.0
k141_230823	10609	NA	NA	NA	NA	NA	0	NA	NA	NA	11.93895588983955	29.86100820255847	4	1.0
k141_358306	1632	NA	NA	NA	NA	NA	0	NA	NA	NA	2.44	5.35	1	1.0
k141_224725	1592	NA	NA	NA	NA	NA	0	NA	NA	NA	2.5	3.95	1	1.0
k141_78995	1141	NA	NA	NA	NA	NA	0	NA	NA	NA	1.4979999999999998	2.5769999999999995	2	1.0
k141_218660	5306	3641	NA	NA	NA	NA	0	NA	NA	NA	4.82	12.05	1	1.0
k141_133664	4298	NA	NA	NA	NA	NA	0	NA	NA	NA	4.489057116953762	12.855330915684497	2	1.0
k141_151897	13782	NA	NA	NA	NA	NA	0	NA	NA	NA	1.11	12.94	1	1.01
k141_194397	1272	NA	NA	NA	NA	NA	0	NA	NA	NA	1.8640988372093026	5.771293604651165	2	1.0
k141_194398	1511	NA	NA	NA	NA	NA	0	NA	NA	NA	NA	NA	0	1.0
k141_358315	1942	NA	NA	NA	NA	NA	0	NA	NA	NA	3.950884084341218	5.033970887295302	3	1.0
k141_321916	2779	NA	NA	NA	NA	NA	0	NA	NA	NA	0.26573070984944974	1.1759206506784816	3	1.01
k141_42626	2780	NA	NA	NA	NA	NA	0	NA	NA	NA	NA	NA	0	1.0
k141_6142	4739	NA	NA	NA	NA	NA	0	NA	NA	NA	2.1578240537767344	3.7902276682707767	7	1.0
k141_285512	8199	NA	NA	NA	NA	NA	0	NA	NA	NA	NA	NA	0	1.0
k141_255136	2958	NA	NA	NA	NA	NA	0	NA	NA	NA	NA	NA	0	1.0
k141_358324	2346	NA	NA	NA	NA	NA	0	NA	NA	NA	3.980213278438292	7.017742861544063	3	1.0
k141_194414	6632	NA	NA	NA	NA	NA	0	NA	NA	NA	10.137515081009868	20.78981170887295	3	1.0
k141_376554	3029	NA	NA	NA	NA	NA	0	NA	NA	NA	NA	NA	0	1.0
k141_60833	3649	NA	NA	NA	NA	NA	0	NA	NA	NA	NA	NA	0	1.03
k141_151932	10001	NA	NA	NA	NA	NA	0	NA	NA	NA	8.680839941909896	27.61979866270633	6	1.0
k141_315909	4421	NA	NA	NA	NA	NA	0	NA	NA	NA	2.185762711864407	4.091864406779661	2	1.0
k141_242979	3843	NA	NA	NA	NA	NA	0	NA	NA	NA	NA	NA	0	1.0
k141_97260	3684	NA	NA	NA	NA	NA	0	NA	NA	NA	NA	NA	0	1.0
k141_230888	8140	NA	NA	NA	NA	NA	0	NA	NA	NA	2.14	6.14	1	1.0
k141_334094	1112	NA	NA	NA	NA	NA	0	NA	NA	NA	1.24	3.02	1	1.03
k141_194430	2412	NA	NA	NA	NA	NA	0	NA	NA	NA	0.62	1.52	1	1.0
k141_152	3242	NA	NA	NA	NA	NA	0	NA	NA	NA	6.53	9.84	1	1.0
k141_109396	1384	NA	NA	NA	NA	NA	0	NA	NA	NA	2.07	4.54	1	1.0
k141_346212	2797	NA	NA	NA	NA	NA	0	NA	NA	NA	NA	NA	0	1.0
k141_24435	1176	NA	NA	NA	NA	NA	0	NA	NA	NA	1.831898734177215	2.983164556962025	2	1.0
k141_42650	3331	NA	NA	NA	NA	NA	0	NA	NA	NA	4.192213685750454	8.894954836191557	4	1.0
k141_212652	10097	NA	NA	NA	NA	NA	0	NA	NA	NA	9.438495113849655	30.067340312947522	3	1.02
k141_145860	1125	NA	NA	NA	NA	NA	0	NA	NA	NA	2.2588679245283014	2.92	2	1.0
k141_243001	5167	NA	NA	NA	NA	NA	0	NA	NA	NA	7.540562880753295	14.235979289690679	3	1.0
k141_340211	4240	NA	NA	NA	NA	NA	0	NA	NA	NA	7.3591020398839575	14.329427553281405	3	1.0
k141_72975	3275	1348	NA	NA	NA	NA	0	NA	NA	NA	0.6	1.88	1	1.0
k141_91211	4841	NA	NA	NA	NA	NA	0	NA	NA	NA	5.565572967678746	15.096464250734575	2	1.0
k141_115531	20131	NA	NA	NA	NA	NA	0	NA	NA	NA	21.07339011392731	58.965158416756545	8	1.0
k141_145875	1005	NA	NA	NA	NA	NA	0	NA	NA	NA	0.49	2.3699999999999997	1	1.0
k141_182280	20964	17778	NA	NA	NA	NA	0	NA	NA	NA	6.4957278624231005	10.973682595337975	5	1.0
k141_18356	1828	NA	NA	NA	NA	NA	0	NA	NA	NA	0.7908408234270803	1.9816874456364162	3	1.0
k141_188395	2506	NA	NA	NA	NA	NA	0	NA	NA	NA	3.2511495844875347	7.373379501385041	2	1.0
k141_133735	1117	NA	NA	NA	NA	NA	0	NA	NA	NA	1.63	3.56	1	1.0
k141_206551	7279	NA	NA	NA	NA	NA	0	NA	NA	NA	1.56	15.86	1	1.03
k141_273323	50670	NA	NA	NA	NA	NA	0	NA	NA	NA	33.89081170952042	76.77938874937972	13	1.0
k141_370567	13393	NA	NA	NA	NA	NA	0	NA	NA	NA	28.7498169354753	35.65274302342741	7	1.0
k141_115547	7229	NA	NA	NA	NA	NA	0	NA	NA	NA	NA	NA	0	1.0
k141_30498	6730	NA	NA	NA	NA	NA	0	NA	NA	NA	2.83413520797068	5.725505902360768	6	1.0
k141_334113	19832	NA	NA	NA	NA	NA	0	NA	NA	NA	3.3790232718639897	13.98002689859752	5	1.0
k141_212683	7365	NA	NA	NA	NA	NA	0	NA	NA	NA	NA	NA	0	1.0
k141_42720	1641	NA	NA	NA	NA	NA	0	NA	NA	NA	2.15	3.7899999999999996	1	1.0
k141_212698	1781	NA	NA	NA	NA	NA	0	NA	NA	NA	0.7603305785123966	1.153388429752066	2	1.0
k141_12337	3678	NA	NA	NA	NA	NA	0	NA	NA	NA	NA	NA	0	1.0
k141_303771	3262	NA	NA	NA	NA	NA	0	NA	NA	NA	NA	NA	0	1.0
k141_145887	3917	NA	NA	NA	NA	NA	0	NA	NA	NA	1.6924899347692874	4.013023119963805	3	1.0
k141_267332	1059	NA	NA	NA	NA	NA	0	NA	NA	NA	1.8158901144211934	2.709757756932275	3	1.0
k141_194465	8436	NA	NA	NA	NA	NA	0	NA	NA	NA	NA	NA	0	1.0
k141_230963	3228	NA	NA	NA	NA	NA	0	NA	NA	NA	2.403819666720397	9.438817675298438	3	1.0
k141_54783	8451	NA	NA	NA	NA	NA	0	NA	NA	NA	12.64	27.72	1	1.0
k141_303782	2726	NA	NA	NA	NA	NA	0	NA	NA	NA	NA	NA	0	1.0
k141_200563	7712	NA	NA	NA	NA	NA	0	NA	NA	NA	7.064904369773481	22.622104945273485	3	1.0
k141_182313	1725	NA	NA	NA	NA	NA	0	NA	NA	NA	2.3400571428571433	5.7862857142857145	2	1.0
k141_255221	1277	NA	NA	NA	NA	NA	0	NA	NA	NA	0.76	3.85	1	1.0
k141_382673	20319	NA	NA	NA	NA	NA	0	NA	NA	NA	10.18	60.45	1	1.0
k141_243041	1889	NA	NA	NA	NA	NA	0	NA	NA	NA	3.249584664536741	5.10185303514377	2	1.0
k141_222	4823	NA	NA	NA	NA	NA	0	NA	NA	NA	3.5440732463412887	4.959170211232068	3	1.0
k141_18405	2741	NA	NA	NA	NA	NA	0	NA	NA	NA	3.0598252025908663	7.914216090546398	3	1.0
k141_285580	6708	NA	NA	NA	NA	NA	0	NA	NA	NA	2.9075852300136815	10.442257438882438	4	1.0
k141_24491	1669	NA	NA	NA	NA	NA	0	NA	NA	NA	NA	NA	0	1.0
k141_176270	4527	NA	NA	NA	NA	NA	0	NA	NA	NA	0.64	2.48	1	1.0
k141_218805	5842	NA	NA	NA	NA	NA	0	NA	NA	NA	8.025748439734755	10.332385255493435	5	1.0
k141_322033	2532	NA	NA	NA	NA	NA	0	NA	NA	NA	NA	NA	0	1.0
k141_133761	4254	NA	NA	NA	NA	NA	0	NA	NA	NA	0.937407756369821	8.59875507363255	3	1.01
k141_127668	49604	NA	NA	NA	NA	NA	0	NA	NA	NA	12.828677224143322	22.38454305278531	15	1.0
k141_273383	1034	NA	NA	NA	NA	NA	0	NA	NA	NA	1.55	3.39	1	1.0
k141_212733	2162	NA	NA	NA	NA	NA	0	NA	NA	NA	1.29	5.75	1	1.0
k141_158057	3122	NA	NA	NA	NA	NA	0	NA	NA	NA	NA	NA	0	1.0
k141_18419	1677	NA	NA	NA	NA	NA	0	NA	NA	NA	1.02	5.12	1	1.0
k141_279508	4358	NA	NA	NA	NA	NA	0	NA	NA	NA	NA	NA	0	1.0
k141_91283	7238	NA	NA	NA	NA	NA	0	NA	NA	NA	15.77522727272727	19.14931818181818	2	1.0
k141_133765	3070	NA	NA	NA	NA	NA	0	NA	NA	NA	0.69	0.9	1	1.0
k141_176291	1158	NA	NA	NA	NA	NA	0	NA	NA	NA	0.52	0.68	1	1.0
k141_158071	1232	NA	NA	NA	NA	NA	0	NA	NA	NA	2.96	3.5	1	1.0
k141_60914	2522	NA	NA	NA	NA	NA	0	NA	NA	NA	4.84	8.56	1	1.03
k141_231007	3825	NA	NA	NA	NA	NA	0	NA	NA	NA	1.6106782367867243	5.2081378512902425	5	1.0
k141_97348	6367	NA	NA	NA	NA	NA	0	NA	NA	NA	1.01	16.96	1	1.03
k141_316020	14639	NA	NA	NA	NA	NA	0	NA	NA	NA	2.35	6.799999999999999	1	1.0
k141_261295	16725	NA	NA	NA	NA	NA	0	NA	NA	NA	23.52902042316678	37.828066170368324	4	1.0
k141_158082	3021	NA	NA	NA	NA	NA	0	NA	NA	NA	1.68	7.65	1	1.0
k141_109501	2808	NA	NA	NA	NA	NA	0	NA	NA	NA	1.26	2.12	1	1.0
k141_303827	1697	NA	NA	NA	NA	NA	0	NA	NA	NA	3.5946800731261424	5.525502742230348	2	1.0
k141_60931	3010	NA	NA	NA	NA	NA	0	NA	NA	NA	4.58	9.05	1	1.0
k141_249211	2399	NA	NA	NA	NA	NA	0	NA	NA	NA	1.7330428065111738	5.9917168870307105	3	1.0
k141_382705	2075	NA	NA	NA	NA	NA	0	NA	NA	NA	4.2202413793103455	6.352758620689655	2	1.0
k141_316033	29322	NA	NA	NA	NA	NA	0	NA	NA	NA	3.812931659640582	15.331962111425272	11	1.0
k141_48774	2839	NA	NA	NA	NA	NA	0	NA	NA	NA	2.911946688892795	7.090366671867686	3	1.0
k141_73058	4728	NA	NA	NA	NA	NA	0	NA	NA	NA	1.11	6.54	1	1.0
k141_30598	4458	NA	NA	NA	NA	NA	0	NA	NA	NA	NA	NA	0	1.0
k141_316054	3166	947	NA	NA	NA	NA	0	NA	NA	NA	0.5	2.12	1	1.0
k141_352491	5527	NA	NA	NA	NA	NA	0	NA	NA	NA	10.69	13.67	1	1.0
k141_231023	5315	NA	NA	NA	NA	NA	0	NA	NA	NA	2.5008140608207516	5.49564991884154	5	1.0
k141_48783	5933	NA	NA	NA	NA	NA	0	NA	NA	NA	8.88	19.46	1	1.0
k141_200624	3945	NA	NA	NA	NA	NA	0	NA	NA	NA	5.075141552152794	12.218822006297751	3	1.0
k141_152032	3416	NA	NA	NA	NA	NA	0	NA	NA	NA	2.00804897314376	11.270236966824644	2	1.0
k141_109526	5092	NA	NA	NA	NA	NA	0	NA	NA	NA	6.151636726546905	13.0562874251497	2	1.0
k141_152046	1140	NA	NA	NA	NA	NA	0	NA	NA	NA	0.51	3.1	1	1.0
k141_73084	4030	NA	NA	NA	NA	NA	0	NA	NA	NA	5.825628891468544	10.990042664817356	3	1.0
k141_79122	5947	NA	NA	NA	NA	NA	0	NA	NA	NA	2.5742660729159716	10.700068830886513	3	1.0
k141_188521	1157	NA	NA	NA	NA	NA	0	NA	NA	NA	1.73	3.8	1	1.0
k141_30628	3191	NA	NA	NA	NA	NA	0	NA	NA	NA	NA	NA	0	1.0
k141_231047	2618	NA	NA	NA	NA	NA	0	NA	NA	NA	3.5302044830233923	8.816522146168408	3	1.0
k141_267438	2668	NA	NA	NA	NA	NA	0	NA	NA	NA	NA	NA	0	1.0
k141_328189	2123	NA	NA	NA	NA	NA	0	NA	NA	NA	1.21	6.96	1	1.0
k141_224933	1701	NA	NA	NA	NA	NA	0	NA	NA	NA	0.68	2.12	1	1.0
k141_243102	3244	NA	NA	NA	NA	NA	0	NA	NA	NA	NA	NA	0	1.0
k141_334207	2470	NA	NA	NA	NA	NA	0	NA	NA	NA	5.126923076923077	7.043198380566802	2	1.0
k141_12439	3418	NA	NA	NA	NA	NA	0	NA	NA	NA	1.8499999999999999	7.63	1	1.0
k141_109537	23033	NA	NA	NA	NA	NA	0	NA	NA	NA	10.160628222784068	36.620537523543334	7	1.01
k141_85314	5219	NA	NA	NA	NA	NA	0	NA	NA	NA	6.162695729537366	13.84752669039146	2	1.0
k141_109543	1470	NA	NA	NA	NA	NA	0	NA	NA	NA	2.41	4.65	1	1.0
k141_158166	6050	NA	NA	NA	NA	NA	0	NA	NA	NA	NA	NA	0	1.0
k141_85326	1964	NA	NA	NA	NA	NA	0	NA	NA	NA	3.0745513960921484	5.8865623115426375	3	1.0
k141_279578	33710	NA	NA	NA	NA	NA	0	NA	NA	NA	18.553736351111393	44.75772485429881	15	1.0
k141_158170	3928	NA	NA	NA	NA	NA	0	NA	NA	NA	1.1499781806558311	1.8466067445399525	3	1.0
k141_176374	2829	NA	NA	NA	NA	NA	0	NA	NA	NA	4.069865410497981	11.867752355316286	2	1.0
k141_6362	3295	NA	NA	NA	NA	NA	0	NA	NA	NA	NA	NA	0	1.01
k141_267481	1279	NA	NA	NA	NA	NA	0	NA	NA	NA	NA	NA	0	1.0
k141_231089	1264	NA	NA	NA	NA	NA	0	NA	NA	NA	1.8300000000000003	1.91	1	1.0
k141_297849	1315	NA	NA	NA	NA	NA	0	NA	NA	NA	NA	NA	0	1.0
k141_322167	18673	NA	NA	NA	NA	NA	0	NA	NA	NA	13.835962295012765	17.907887443048697	10	1.0
k141_194556	48890	NA	NA	NA	NA	NA	0	NA	NA	NA	52.549211267355766	70.37767961098909	14	1.0
k141_109592	2426	NA	NA	NA	NA	NA	0	NA	NA	NA	3.6147247706422014	6.371169724770644	2	1.0
k141_73139	3290	NA	NA	NA	NA	NA	0	NA	NA	NA	NA	NA	0	1.0
k141_6378	6474	NA	NA	NA	NA	NA	0	NA	NA	NA	3.014605989008556	5.495858837188577	7	1.0
k141_146072	2698	NA	NA	NA	NA	NA	0	NA	NA	NA	NA	NA	0	1.03
k141_360	1187	NA	NA	NA	NA	NA	0	NA	NA	NA	NA	NA	0	1.0
k141_103483	2158	NA	NA	NA	NA	NA	0	NA	NA	NA	3.467471451876019	5.495024469820555	3	1.0
k141_243149	1793	NA	NA	NA	NA	NA	0	NA	NA	NA	1.23	4.54	1	1.0
k141_170324	10015	6809	NA	NA	NA	NA	0	NA	NA	NA	2.1300370348597966	7.847678325789196	3	1.0
k141_91390	1545	NA	NA	NA	NA	NA	0	NA	NA	NA	0.7440608276333002	2.1619316302925906	3	1.0
k141_36689	2322	NA	NA	NA	NA	NA	0	NA	NA	NA	4.913049645390071	7.198297872340426	2	1.0
k141_219019	3724	NA	NA	NA	NA	NA	0	NA	NA	NA	NA	NA	0	1.0
k141_285694	1711	NA	NA	NA	NA	NA	0	NA	NA	NA	2.5220330739299612	5.5603112840466915	2	1.0
k141_261394	4990	NA	NA	NA	NA	NA	0	NA	NA	NA	2.0912231404958677	3.807818181818182	2	1.0
k141_224993	3510	NA	NA	NA	NA	NA	0	NA	NA	NA	NA	NA	0	1.0
k141_224994	4440	NA	NA	NA	NA	NA	0	NA	NA	NA	NA	NA	0	1.0
k141_206747	38971	NA	NA	NA	NA	NA	0	NA	NA	NA	26.80734714849676	56.21872510232286	8	1.0
k141_194567	4827	NA	NA	NA	NA	NA	0	NA	NA	NA	2.3986442953020135	13.949261744966446	2	1.0
k141_237159	1829	NA	NA	NA	NA	NA	0	NA	NA	NA	1.0158227848101267	5.709544303797468	2	1.0
k141_206751	2312	NA	NA	NA	NA	NA	0	NA	NA	NA	4.89	6.04	1	1.0
k141_200769	2106	NA	NA	NA	NA	NA	0	NA	NA	NA	2.212490761271249	6.076614929785662	2	1.0
k141_212942	3745	NA	NA	NA	NA	NA	0	NA	NA	NA	8.17	11.24	1	1.0
k141_54934	4887	NA	NA	NA	NA	NA	0	NA	NA	NA	2.18	3.12	1	1.01
k141_115685	2154	NA	NA	NA	NA	NA	0	NA	NA	NA	NA	NA	0	1.0
k141_91407	4066	NA	NA	NA	NA	NA	0	NA	NA	NA	NA	NA	0	1.0
k141_115688	1706	NA	NA	NA	NA	NA	0	NA	NA	NA	2.9391373801916933	4.610734824281151	2	1.0
k141_334273	3376	NA	NA	NA	NA	NA	0	NA	NA	NA	0.87	6.27	1	1.0
k141_261411	3718	NA	NA	NA	NA	NA	0	NA	NA	NA	2.9453836667913857	9.38924183217802	3	1.0
k141_67138	3174	NA	NA	NA	NA	NA	0	NA	NA	NA	1.2156355283307811	2.3706584992343034	2	1.0
k141_79209	6764	NA	NA	NA	NA	NA	0	NA	NA	NA	9.204142671815484	10.94549655168292	5	1.0
k141_54950	1488	NA	NA	NA	NA	NA	0	NA	NA	NA	1.96	3.86	1	1.0
k141_48921	6237	NA	NA	NA	NA	NA	0	NA	NA	NA	5.8668022826621495	17.94777215531696	5	1.0
k141_109655	6561	NA	NA	NA	NA	NA	0	NA	NA	NA	0.5337858642407278	3.59962211336599	2	1.0
k141_54951	3602	NA	NA	NA	NA	NA	0	NA	NA	NA	4.345748502994012	9.238522954091817	2	1.0
k141_133910	2953	NA	NA	NA	NA	NA	0	NA	NA	NA	1.1367534038345237	1.9659744038181786	3	1.0
k141_303983	3321	NA	NA	NA	NA	NA	0	NA	NA	NA	NA	NA	0	1.0
k141_164251	1178	NA	NA	NA	NA	NA	0	NA	NA	NA	NA	NA	0	1.0
k141_340439	27052	NA	NA	NA	NA	NA	0	NA	NA	NA	4.762276336321602	20.233586214530803	5	1.0
k141_206784	3060	NA	NA	NA	NA	NA	0	NA	NA	NA	NA	NA	0	1.0
k141_146121	1796	NA	NA	NA	NA	NA	0	NA	NA	NA	2.0465407319952775	5.821074380165289	2	1.0
k141_42923	5598	NA	NA	NA	NA	NA	0	NA	NA	NA	1.3141939425541789	2.013890955490521	7	1.0
k141_18544	2449	NA	NA	NA	NA	NA	0	NA	NA	NA	2.464603370677895	7.005005639279461	3	1.0
k141_219071	2726	NA	NA	NA	NA	NA	0	NA	NA	NA	2.6415748031496062	7.724094488188977	2	1.0
k141_291871	2069	NA	NA	NA	NA	NA	0	NA	NA	NA	NA	NA	0	1.0
k141_91437	6867	NA	NA	NA	NA	NA	0	NA	NA	NA	3.0396201073327154	6.105398291971753	5	1.0
k141_36747	7865	NA	NA	NA	NA	NA	0	NA	NA	NA	11.536477238593731	18.92431690217356	3	1.0
k141_67181	2550	NA	NA	NA	NA	NA	0	NA	NA	NA	3.78	7.41	1	1.0
k141_188661	1727	NA	NA	NA	NA	NA	0	NA	NA	NA	0.76	1.02	1	1.0
k141_188662	1203	NA	NA	NA	NA	NA	0	NA	NA	NA	1.3443898434591801	3.5571160047804713	3	1.0
k141_18568	2260	NA	NA	NA	NA	NA	0	NA	NA	NA	NA	NA	0	1.0
k141_61112	1185	NA	NA	NA	NA	NA	0	NA	NA	NA	1.7025196850393702	2.328464566929134	2	1.0
k141_358709	3333	NA	NA	NA	NA	NA	0	NA	NA	NA	4.33	9.2	1	1.01
k141_206819	4098	NA	NA	NA	NA	NA	0	NA	NA	NA	6.704107544380311	11.56772666015235	3	1.0
k141_200846	5110	NA	NA	NA	NA	NA	0	NA	NA	NA	3.932599469496021	14.167427055702918	2	1.0
k141_73233	3068	NA	NA	NA	NA	NA	0	NA	NA	NA	1.6553491124260356	2.665112426035503	2	1.0
k141_267536	5015	NA	NA	NA	NA	NA	0	NA	NA	NA	4.3080415237909255	13.329033915069576	4	1.0
k141_255468	2273	NA	NA	NA	NA	NA	0	NA	NA	NA	0.9747297297297298	1.4795945945945945	2	1.0
k141_103606	2674	NA	NA	NA	NA	NA	0	NA	NA	NA	1.2	3.56	1	1.0
k141_103608	2064	NA	NA	NA	NA	NA	0	NA	NA	NA	1.18	2.27	1	1.0
k141_103617	1236	NA	NA	NA	NA	NA	0	NA	NA	NA	2.085306324110672	3.9987450592885376	2	1.0
k141_304030	3026	NA	NA	NA	NA	NA	0	NA	NA	NA	1.3048302264372564	3.5221366889261083	3	1.0
k141_231196	5657	NA	NA	NA	NA	NA	0	NA	NA	NA	52.74	100.0	1	1.0
k141_103638	2630	NA	NA	NA	NA	NA	0	NA	NA	NA	4.3	7.37	1	1.0
k141_249416	2013	NA	NA	NA	NA	NA	0	NA	NA	NA	3.976737696390118	6.5213118798573495	4	1.0
k141_219112	3012	NA	NA	NA	NA	NA	0	NA	NA	NA	0.72	2.94	1	1.0
k141_225099	3635	NA	NA	NA	NA	NA	0	NA	NA	NA	1.9590978498555878	16.41194236926361	3	1.0
k141_170412	5988	NA	NA	NA	NA	NA	0	NA	NA	NA	NA	NA	0	1.07
k141_158302	1357	NA	NA	NA	NA	NA	0	NA	NA	NA	1.11	7.74	1	1.0
k141_291915	1624	NA	NA	NA	NA	NA	0	NA	NA	NA	NA	NA	0	1.0
k141_91508	1532	NA	NA	NA	NA	NA	0	NA	NA	NA	2.521694915254237	4.87271186440678	2	1.0
k141_30774	3551	2458	NA	NA	NA	NA	0	NA	NA	NA	1.5	7.51	1	1.0
k141_316276	5394	NA	NA	NA	NA	NA	0	NA	NA	NA	NA	NA	0	1.0
k141_194598	1459	NA	NA	NA	NA	NA	0	NA	NA	NA	2.31	4.55	1	1.0
k141_508	1233	NA	NA	NA	NA	NA	0	NA	NA	NA	1.8	3.93	1	1.0
k141_158320	4941	NA	NA	NA	NA	NA	0	NA	NA	NA	NA	NA	0	1.0
k141_43000	3493	NA	NA	NA	NA	NA	0	NA	NA	NA	6.73	10.15	1	1.0
k141_346457	6277	NA	NA	NA	NA	NA	0	NA	NA	NA	1.15	4.05	1	1.0
k141_261494	10357	NA	NA	NA	NA	NA	0	NA	NA	NA	16.425049516571473	29.496292159592638	5	1.0
k141_55047	2567	NA	NA	NA	NA	NA	0	NA	NA	NA	NA	NA	0	1.0
k141_316280	15951	NA	NA	NA	NA	NA	0	NA	NA	NA	6.688612487611497	39.87140733399405	2	1.02
k141_109746	1793	NA	NA	NA	NA	NA	0	NA	NA	NA	1.3709071274298055	4.282159827213823	2	1.0
k141_24718	2908	NA	NA	NA	NA	NA	0	NA	NA	NA	4.42	8.74	1	1.0
k141_249444	2163	NA	NA	NA	NA	NA	0	NA	NA	NA	0.39	1.46	1	1.0
k141_291941	4409	NA	NA	NA	NA	NA	0	NA	NA	NA	NA	NA	0	1.0
k141_146169	24018	NA	NA	NA	NA	NA	0	NA	NA	NA	32.48730367212346	74.30592508526881	14	1.0
k141_316288	1069	NA	NA	NA	NA	NA	0	NA	NA	NA	1.72	2.8	1	1.0
k141_12578	2599	1137	NA	NA	NA	NA	0	NA	NA	NA	0.26	0.34	1	1.0
k141_219151	3061	NA	NA	NA	NA	NA	0	NA	NA	NA	NA	NA	0	1.0
k141_340524	9156	NA	NA	NA	NA	NA	0	NA	NA	NA	5.361479400749063	26.79979400749064	2	1.0
k141_304083	5769	NA	NA	NA	NA	NA	0	NA	NA	NA	NA	NA	0	1.05
k141_127982	6167	NA	NA	NA	NA	NA	0	NA	NA	NA	5.955718126739077	18.565127851852026	4	1.0
k141_370867	2254	NA	NA	NA	NA	NA	0	NA	NA	NA	3.642287226665434	7.1997320974527295	3	1.0
k141_61187	4257	NA	NA	NA	NA	NA	0	NA	NA	NA	0.37007194244604313	1.6410749047820565	2	1.0
k141_115781	4659	NA	NA	NA	NA	NA	0	NA	NA	NA	1.7154471038754229	3.3501191854077583	4	1.0
k141_115784	4190	NA	NA	NA	NA	NA	0	NA	NA	NA	7.107764253808494	12.460598937216647	4	1.0
k141_164350	5089	NA	NA	NA	NA	NA	0	NA	NA	NA	2.65	11.48	1	1.0
k141_18624	2335	NA	NA	NA	NA	NA	0	NA	NA	NA	1.559728	2.954848	2	1.0
k141_231249	2043	NA	NA	NA	NA	NA	0	NA	NA	NA	1.4944593200562057	4.9088111964979815	4	1.0
k141_370882	5079	NA	NA	NA	NA	NA	0	NA	NA	NA	NA	NA	0	1.0
k141_249464	3539	NA	NA	NA	NA	NA	0	NA	NA	NA	1.5731521739130436	7.96254347826087	2	1.0
k141_103711	3505	NA	NA	NA	NA	NA	0	NA	NA	NA	NA	NA	0	1.0
k141_243318	2122	NA	NA	NA	NA	NA	0	NA	NA	NA	1.07	2.74	1	1.0
k141_249473	3796	NA	NA	NA	NA	NA	0	NA	NA	NA	6.334993531694695	11.718525226390684	2	1.02
k141_6548	3967	NA	NA	NA	NA	NA	0	NA	NA	NA	2.5706795164978766	11.167147990852664	2	1.0
k141_115816	1733	NA	NA	NA	NA	NA	0	NA	NA	NA	1.03	4.61	1	1.0
k141_176531	3800	NA	NA	NA	NA	NA	0	NA	NA	NA	4.39	9.9	1	1.01
k141_249476	6152	NA	NA	NA	NA	NA	0	NA	NA	NA	1.38	1.81	1	1.0
k141_213067	3738	NA	NA	NA	NA	NA	0	NA	NA	NA	5.57	10.81	1	1.0
k141_225188	42051	NA	NA	NA	NA	NA	0	NA	NA	NA	14.321305943503603	27.19102533637409	6	1.0
k141_225200	1556	NA	NA	NA	NA	NA	0	NA	NA	NA	0.649551451187335	1.2955145118733509	2	1.0
k141_18668	1797	NA	NA	NA	NA	NA	0	NA	NA	NA	1.8025668984506882	4.990599596905133	3	1.0
k141_267609	4141	NA	NA	NA	NA	NA	0	NA	NA	NA	6.436083916083916	12.39027972027972	2	1.0
k141_316336	2833	NA	NA	NA	NA	NA	0	NA	NA	NA	1.2305751099937146	2.391167504714016	3	1.0
k141_213095	4642	4119	NA	NA	NA	NA	0	NA	NA	NA	3.4422683706070285	11.61297124600639	2	1.0
k141_24768	5274	NA	NA	NA	NA	NA	0	NA	NA	NA	3.17	14.77	1	1.0
k141_140107	4062	NA	NA	NA	NA	NA	0	NA	NA	NA	4.0	11.09	1	1.0
k141_243324	6835	NA	NA	NA	NA	NA	0	NA	NA	NA	4.166565967435157	17.82972117964561	3	1.01
k141_225213	1203	NA	NA	NA	NA	NA	0	NA	NA	NA	NA	NA	0	1.0
k141_30840	3132	NA	NA	NA	NA	NA	0	NA	NA	NA	1.45	3.35	1	1.0
k141_194653	9332	NA	NA	NA	NA	NA	0	NA	NA	NA	2.7	12.02	1	1.0
k141_346498	5106	NA	NA	NA	NA	NA	0	NA	NA	NA	2.507924018500075	7.1025752976289045	6	1.0
k141_109832	1389	NA	NA	NA	NA	NA	0	NA	NA	NA	0.6422477064220183	1.1815366972477066	2	1.0
k141_128043	3363	NA	NA	NA	NA	NA	0	NA	NA	NA	NA	NA	0	1.0
k141_316354	2870	NA	NA	NA	NA	NA	0	NA	NA	NA	0.83	2.9099999999999997	1	1.0
k141_18694	14298	NA	NA	NA	NA	NA	0	NA	NA	NA	1.7774407195427782	5.710665089682811	5	1.02
k141_170518	3662	NA	NA	NA	NA	NA	0	NA	NA	NA	2.04	10.67	1	1.0
k141_55142	4527	NA	NA	NA	NA	NA	0	NA	NA	NA	9.51	14.64	1	1.0
k141_122007	3991	NA	NA	NA	NA	NA	0	NA	NA	NA	1.9092235609103079	6.475354752342704	2	1.0
k141_298049	14136	NA	NA	NA	NA	NA	0	NA	NA	NA	10.449676601141407	37.8791693088142	2	1.03
k141_12651	2932	NA	NA	NA	NA	NA	0	NA	NA	NA	4.226689479334406	8.120488459473965	3	1.0
k141_24793	15415	NA	NA	NA	NA	NA	0	NA	NA	NA	4.366059193314081	8.02809544381098	10	1.0
k141_91588	4331	NA	NA	NA	NA	NA	0	NA	NA	NA	2.68	13.17	1	1.02
k141_115869	1506	NA	NA	NA	NA	NA	0	NA	NA	NA	1.0719205298013246	4.104812362030906	2	1.0
k141_103771	3542	NA	NA	NA	NA	NA	0	NA	NA	NA	0.8	1.04	1	1.0
k141_291972	68016	NA	NA	NA	NA	NA	0	NA	NA	NA	9.486724526960707	37.561391853577355	16	1.0
k141_200934	146316	NA	NA	NA	NA	NA	0	NA	NA	NA	16.240758241031312	55.42142623162631	35	1.0
k141_194671	4087	NA	NA	NA	NA	NA	0	NA	NA	NA	2.8	10.38	1	1.0
k141_352753	2845	NA	NA	NA	NA	NA	0	NA	NA	NA	3.17235549132948	8.242312138728325	2	1.0
k141_225255	3652	NA	NA	NA	NA	NA	0	NA	NA	NA	NA	NA	0	1.0
k141_152287	1877	NA	NA	NA	NA	NA	0	NA	NA	NA	0.9084304352996688	2.631639844861914	3	1.0
k141_158412	2820	NA	NA	NA	NA	NA	0	NA	NA	NA	3.882291394700821	6.794085428001574	5	1.0
k141_255602	4268	NA	NA	NA	NA	NA	0	NA	NA	NA	NA	NA	0	1.0
k141_322412	3212	NA	NA	NA	NA	NA	0	NA	NA	NA	3.756750902527076	9.570974729241877	2	1.0
k141_18728	1493	NA	NA	NA	NA	NA	0	NA	NA	NA	0.6484434115055714	1.4951080266908523	3	1.0
k141_200964	3391	NA	NA	NA	NA	NA	0	NA	NA	NA	3.26	8.61	1	1.0
k141_285939	2150	NA	NA	NA	NA	NA	0	NA	NA	NA	3.38	5.34	1	1.0
k141_170572	6171	NA	NA	NA	NA	NA	0	NA	NA	NA	2.7600052908653208	11.392995423401496	3	1.0
k141_30913	1012	NA	NA	NA	NA	NA	0	NA	NA	NA	1.5	2.94	1	1.0
k141_91597	20986	NA	NA	NA	NA	NA	0	NA	NA	NA	2.163956834532374	8.238992805755394	2	1.0
k141_12684	7951	NA	NA	NA	NA	NA	0	NA	NA	NA	10.863445936330223	21.905481721041667	8	1.0
k141_115915	1321	NA	NA	NA	NA	NA	0	NA	NA	NA	1.5738246702870442	5.856749418153607	2	1.0
k141_170582	1096	NA	NA	NA	NA	NA	0	NA	NA	NA	1.6	3.33	1	1.0
k141_30919	9071	NA	NA	NA	NA	NA	0	NA	NA	NA	6.078415496066514	23.05552026530956	5	1.0
k141_322451	2798	NA	NA	NA	NA	NA	0	NA	NA	NA	4.25	8.41	1	1.0
k141_109869	1529	NA	NA	NA	NA	NA	0	NA	NA	NA	2.2637274815974706	4.065479929170386	3	1.0
k141_152305	2856	NA	NA	NA	NA	NA	0	NA	NA	NA	NA	NA	0	1.0
k141_200989	1854	NA	NA	NA	NA	NA	0	NA	NA	NA	2.9123636363636365	4.114327272727273	2	1.0
k141_91620	2609	NA	NA	NA	NA	NA	0	NA	NA	NA	1.16	2.0738832997987924	2	1.0
k141_140171	12434	NA	NA	NA	NA	NA	0	NA	NA	NA	4.6819226017233	27.72104659359118	4	1.01
k141_73387	3988	NA	NA	NA	NA	NA	0	NA	NA	NA	NA	NA	0	1.0
k141_273694	1919	NA	NA	NA	NA	NA	0	NA	NA	NA	1.32	5.02	1	1.0
k141_310159	1232	NA	NA	NA	NA	NA	0	NA	NA	NA	0.62	1.59	1	1.0
k141_73393	2978	NA	NA	NA	NA	NA	0	NA	NA	NA	3.96	7.71	1	1.0
k141_128118	3628	NA	NA	NA	NA	NA	0	NA	NA	NA	NA	NA	0	1.0
k141_103850	2968	NA	NA	NA	NA	NA	0	NA	NA	NA	1.512808988764045	5.249288389513109	2	1.0
k141_85667	1896	NA	NA	NA	NA	NA	0	NA	NA	NA	NA	NA	0	1.0
k141_213174	5606	NA	NA	NA	NA	NA	0	NA	NA	NA	11.077366999908877	19.792647371575914	4	1.0
k141_24916	3113	NA	NA	NA	NA	NA	0	NA	NA	NA	1.39	7.96	1	1.0
k141_328533	2763	NA	NA	NA	NA	NA	0	NA	NA	NA	0.21999999999999997	1.4	1	1.0
k141_364905	2799	NA	NA	NA	NA	NA	0	NA	NA	NA	4.3549416366668225	8.112024716754718	3	1.0
k141_67406	2556	NA	NA	NA	NA	NA	0	NA	NA	NA	4.3	7.75	1	1.0
k141_170643	1276	NA	NA	NA	NA	NA	0	NA	NA	NA	NA	NA	0	1.0
k141_43151	4031	NA	NA	NA	NA	NA	0	NA	NA	NA	NA	NA	0	1.0
k141_122089	1514	NA	NA	NA	NA	NA	0	NA	NA	NA	0.73	3.57	1	1.0
k141_279860	2924	NA	NA	NA	NA	NA	0	NA	NA	NA	NA	NA	0	1.0
k141_24918	13120	NA	NA	NA	NA	NA	0	NA	NA	NA	2.395694915254237	17.316152542372883	2	1.0
k141_292076	4956	NA	NA	NA	NA	NA	0	NA	NA	NA	3.1538404907975464	10.20439263803681	2	1.0
k141_140212	4301	NA	NA	NA	NA	NA	0	NA	NA	NA	5.208755413500687	9.028566297554526	4	1.0
k141_243427	21803	NA	NA	NA	NA	NA	0	NA	NA	NA	15.586586573006667	21.57116092493342	4	1.0
k141_243438	7260	5640	NA	NA	NA	NA	0	NA	NA	NA	1.8094724625194394	5.029455310781019	5	1.0
k141_30988	3215	NA	NA	NA	NA	NA	0	NA	NA	NA	NA	NA	0	1.0
k141_170679	1518	NA	NA	NA	NA	NA	0	NA	NA	NA	0.7	1.95	1	1.0
k141_310201	2748	NA	NA	NA	NA	NA	0	NA	NA	NA	2.0267303370786514	5.57047191011236	2	1.0
k141_55249	2516	NA	NA	NA	NA	NA	0	NA	NA	NA	0.54	1.9699999999999998	1	1.0
k141_43166	6191	NA	NA	NA	NA	NA	0	NA	NA	NA	0.49	0.61	1	1.0
k141_358847	1282	NA	NA	NA	NA	NA	0	NA	NA	NA	0.51	0.75	1	1.0
k141_225334	1903	NA	NA	NA	NA	NA	0	NA	NA	NA	2.15589880159787	4.168908122503328	2	1.0
k141_352806	1131	NA	NA	NA	NA	NA	0	NA	NA	NA	0.09	1.04	1	1.0
k141_279878	1661	NA	NA	NA	NA	NA	0	NA	NA	NA	1.9300000000000002	6.47	1	1.0
k141_298190	3413	NA	NA	NA	NA	NA	0	NA	NA	NA	0.9556302521008405	1.3866666666666665	2	1.0
k141_292097	2834	NA	NA	NA	NA	NA	0	NA	NA	NA	NA	NA	0	1.0
k141_91682	1587	NA	NA	NA	NA	NA	0	NA	NA	NA	1.3	9.05	1	1.0
k141_261684	2967	NA	NA	NA	NA	NA	0	NA	NA	NA	4.123285661169161	7.815560751104459	4	1.0
k141_188900	1415	NA	NA	NA	NA	NA	0	NA	NA	NA	NA	NA	0	1.0
k141_91689	1768	NA	NA	NA	NA	NA	0	NA	NA	NA	1.62	5.49	1	1.0
k141_364931	2832	NA	NA	NA	NA	NA	0	NA	NA	NA	NA	NA	0	1.0
k141_298199	3560	NA	NA	NA	NA	NA	0	NA	NA	NA	5.584231642153797	9.847546687635148	3	1.0
k141_340724	2284	NA	NA	NA	NA	NA	0	NA	NA	NA	1.405436137995391	4.569086079395154	4	1.0
k141_43190	1612	NA	NA	NA	NA	NA	0	NA	NA	NA	2.41	5.29	1	1.0
k141_73452	1242	NA	NA	NA	NA	NA	0	NA	NA	NA	0.57	1.33	1	1.0
k141_364935	3222	NA	NA	NA	NA	NA	0	NA	NA	NA	5.025379746835443	8.168860759493672	2	1.0
k141_91711	1174	NA	NA	NA	NA	NA	0	NA	NA	NA	1.07	3.65	1	1.0
k141_267734	2318	NA	NA	NA	NA	NA	0	NA	NA	NA	2.1	6.47	1	1.0
k141_61349	20997	NA	NA	NA	NA	NA	0	NA	NA	NA	8.742591516591753	37.22477013748206	5	1.0
k141_207086	2816	NA	NA	NA	NA	NA	0	NA	NA	NA	1.53	6.28	1	1.0
k141_328621	6042	NA	NA	NA	NA	NA	0	NA	NA	NA	NA	NA	0	1.0
k141_328622	1854	NA	NA	NA	NA	NA	0	NA	NA	NA	2.2	5.76	1	1.0
k141_334594	2718	NA	NA	NA	NA	NA	0	NA	NA	NA	1.2	7.29	1	1.0
k141_383098	3911	NA	NA	NA	NA	NA	0	NA	NA	NA	NA	NA	0	1.0
k141_267740	2482	NA	NA	NA	NA	NA	0	NA	NA	NA	4.099806837103404	7.934617142317467	5	1.0
k141_383101	2433	NA	NA	NA	NA	NA	0	NA	NA	NA	NA	NA	0	1.0
k141_12774	4257	NA	NA	NA	NA	NA	0	NA	NA	NA	5.198390969507551	11.576998916062811	3	1.0
k141_219341	3137	NA	NA	NA	NA	NA	0	NA	NA	NA	NA	NA	0	1.0
k141_182689	2981	NA	NA	NA	NA	NA	0	NA	NA	NA	4.475617977528089	7.801011235955056	2	1.0
k141_73477	2253	NA	NA	NA	NA	NA	0	NA	NA	NA	5.266687116564418	8.36	2	1.0
k141_267769	2823	NA	NA	NA	NA	NA	0	NA	NA	NA	3.6100000000000003	8.98	1	1.0
k141_261746	1155	NA	NA	NA	NA	NA	0	NA	NA	NA	1.1636003600360036	3.23043204320432	2	1.0
k141_37040	1276	NA	NA	NA	NA	NA	0	NA	NA	NA	1.9147191011235953	3.3392134831460676	2	1.0
k141_371103	4902	NA	NA	NA	NA	NA	0	NA	NA	NA	5.50740521683696	13.866650906364919	3	1.0
k141_134291	1596	NA	NA	NA	NA	NA	0	NA	NA	NA	NA	NA	0	1.0
k141_49220	5185	NA	NA	NA	NA	NA	0	NA	NA	NA	2.78	11.72	1	1.0
k141_352891	1024	NA	NA	NA	NA	NA	0	NA	NA	NA	1.39	6.58	1	1.0
k141_717	3919	NA	NA	NA	NA	NA	0	NA	NA	NA	1.649628975265018	11.71136925795053	2	1.0
k141_316558	3853	NA	NA	NA	NA	NA	0	NA	NA	NA	1.7229963898916967	2.5492779783393504	2	1.0
k141_722	6564	NA	NA	NA	NA	NA	0	NA	NA	NA	NA	NA	0	1.0
k141_279973	3800	NA	NA	NA	NA	NA	0	NA	NA	NA	1.09	5.71	1	1.0
k141_85835	1423	NA	NA	NA	NA	NA	0	NA	NA	NA	1.4345004500450045	3.973798379837984	2	1.0
k141_37058	3278	NA	NA	NA	NA	NA	0	NA	NA	NA	4.692614555256064	8.932321909896032	2	1.0
k141_79564	3160	NA	NA	NA	NA	NA	0	NA	NA	NA	NA	NA	0	1.01
k141_304356	2767	NA	NA	NA	NA	NA	0	NA	NA	NA	NA	NA	0	1.0
k141_61400	2873	NA	NA	NA	NA	NA	0	NA	NA	NA	4.5	8.55	1	1.0
k141_18892	1395	NA	NA	NA	NA	NA	0	NA	NA	NA	0.6077215189873418	1.0082700421940929	2	1.0
k141_225389	1475	NA	NA	NA	NA	NA	0	NA	NA	NA	NA	NA	0	1.0
k141_231518	3763	NA	NA	NA	NA	NA	0	NA	NA	NA	NA	NA	0	1.03
k141_225396	1204	NA	NA	NA	NA	NA	0	NA	NA	NA	1.9854427896301963	4.071145194526363	3	1.0
k141_219387	1368	NA	NA	NA	NA	NA	0	NA	NA	NA	2.1362362637362637	3.483763736263736	2	1.0
k141_219394	1027	NA	NA	NA	NA	NA	0	NA	NA	NA	0.84	5.85	1	1.0
k141_310326	14104	NA	NA	NA	NA	NA	0	NA	NA	NA	11.232932648937842	18.529815244025205	4	1.0
k141_213311	1038	NA	NA	NA	NA	NA	0	NA	NA	NA	0.4672413793103449	0.9840517241379311	2	1.0
k141_12817	8080	NA	NA	NA	NA	NA	0	NA	NA	NA	1.5731265204097573	9.988651549981029	3	1.0
k141_97762	13105	NA	NA	NA	NA	NA	0	NA	NA	NA	0.8867874526771228	7.772498647917794	2	1.0
k141_128261	2461	NA	NA	NA	NA	NA	0	NA	NA	NA	3.157266754270696	7.494993429697765	2	1.0
k141_316602	1991	NA	NA	NA	NA	NA	0	NA	NA	NA	0.16	0.33	1	1.0
k141_37074	3653	NA	NA	NA	NA	NA	0	NA	NA	NA	NA	NA	0	1.0
k141_310334	2257	NA	NA	NA	NA	NA	0	NA	NA	NA	2.5601699346405233	15.527686274509804	2	1.0
k141_213313	7095	NA	NA	NA	NA	NA	0	NA	NA	NA	NA	NA	0	1.0
k141_31110	2413	NA	NA	NA	NA	NA	0	NA	NA	NA	3.362446100690293	6.8238566890895616	3	1.0
k141_316608	2396	NA	NA	NA	NA	NA	0	NA	NA	NA	3.58	7.86	1	1.0
k141_261803	1671	NA	NA	NA	NA	NA	0	NA	NA	NA	1.2232576554973895	4.146710767536369	3	1.0
k141_73531	1261	NA	NA	NA	NA	NA	0	NA	NA	NA	2.1970780856423175	3.9580604534005035	2	1.0
k141_79592	5156	NA	NA	NA	NA	NA	0	NA	NA	NA	7.796141599188654	11.664613403306555	3	1.0
k141_213324	2104	NA	NA	NA	NA	NA	0	NA	NA	NA	3.2212300933552998	6.538813838550248	3	1.0
k141_201173	2591	NA	NA	NA	NA	NA	0	NA	NA	NA	NA	NA	0	1.0
k141_261812	1403	NA	NA	NA	NA	NA	0	NA	NA	NA	2.8136944444444443	4.155027777777778	2	1.0
k141_249760	3314	NA	NA	NA	NA	NA	0	NA	NA	NA	NA	NA	0	1.0
k141_280024	3857	NA	NA	NA	NA	NA	0	NA	NA	NA	1.790714285714286	3.9597321428571433	2	1.0
k141_6847	2504	NA	NA	NA	NA	NA	0	NA	NA	NA	2.0939783281733746	6.183111455108359	2	1.0
k141_134353	3618	NA	NA	NA	NA	NA	0	NA	NA	NA	1.5059026888604352	3.0705633802816905	2	1.0
k141_213332	3025	NA	NA	NA	NA	NA	0	NA	NA	NA	NA	NA	0	1.0
k141_134356	3316	NA	NA	NA	NA	NA	0	NA	NA	NA	NA	NA	0	1.0
k141_261819	3229	NA	NA	NA	NA	NA	0	NA	NA	NA	1.3943105446118191	5.095828505214368	2	1.0
k141_110014	2758	NA	NA	NA	NA	NA	0	NA	NA	NA	1.24	2.01	1	1.0
k141_243587	3526	NA	NA	NA	NA	NA	0	NA	NA	NA	5.01	9.65	1	1.0
k141_128292	4808	NA	NA	NA	NA	NA	0	NA	NA	NA	3.478049261083744	10.855211822660097	2	1.0
k141_365041	2884	NA	NA	NA	NA	NA	0	NA	NA	NA	4.435348189415042	5.61033426183844	2	1.0
k141_97785	2866	NA	NA	NA	NA	NA	0	NA	NA	NA	NA	NA	0	1.0
k141_73536	6833	NA	NA	NA	NA	NA	0	NA	NA	NA	11.264165132828396	16.84435469214948	6	1.0
k141_273845	1618	NA	NA	NA	NA	NA	0	NA	NA	NA	2.4168670886075945	5.0880379746835445	2	1.0
k141_304414	4971	NA	NA	NA	NA	NA	0	NA	NA	NA	2.67	5.21	1	1.0
k141_346775	5197	NA	NA	NA	NA	NA	0	NA	NA	NA	3.298964744794407	12.238791926633091	3	1.0
k141_201216	1247	NA	NA	NA	NA	NA	0	NA	NA	NA	NA	NA	0	1.0
k141_18950	2654	NA	NA	NA	NA	NA	0	NA	NA	NA	3.0192163742690057	8.044830409356726	2	1.0
k141_207163	1674	NA	NA	NA	NA	NA	0	NA	NA	NA	NA	NA	0	1.0
k141_67589	2328	NA	NA	NA	NA	NA	0	NA	NA	NA	3.3	6.37	1	1.0
k141_61446	20820	NA	NA	NA	NA	NA	0	NA	NA	NA	12.206021063616696	41.39077776216313	4	1.0
k141_128324	3946	NA	NA	NA	NA	NA	0	NA	NA	NA	1.6084399599940662	4.420186630552857	3	1.0
k141_176822	5182	NA	NA	NA	NA	NA	0	NA	NA	NA	NA	NA	0	1.0
k141_267829	4315	NA	NA	NA	NA	NA	0	NA	NA	NA	6.4	12.54	1	1.0
k141_18957	2672	NA	NA	NA	NA	NA	0	NA	NA	NA	4.258363636363637	6.498181818181817	2	1.0
k141_6872	46260	NA	NA	NA	NA	NA	0	NA	NA	NA	19.939860377432225	61.15713272894038	12	1.0
k141_110052	2257	NA	NA	NA	NA	NA	0	NA	NA	NA	0.9484581497797356	1.5099339207048457	2	1.0
k141_261878	3773	NA	NA	NA	NA	NA	0	NA	NA	NA	5.497417735638596	15.867713329615173	2	1.0
k141_237586	1134	NA	NA	NA	NA	NA	0	NA	NA	NA	0.5172413793103448	1.0730172413793102	2	1.0
k141_91848	1026	NA	NA	NA	NA	NA	0	NA	NA	NA	NA	NA	0	1.0
k141_249797	2694	NA	NA	NA	NA	NA	0	NA	NA	NA	0.67	1.12	1	1.0
k141_298360	17089	NA	NA	NA	NA	NA	0	NA	NA	NA	8.703771369711239	15.732432251514147	6	1.0
k141_182813	1006	NA	NA	NA	NA	NA	0	NA	NA	NA	0.57	3.3	1	1.0
k141_189069	1133	NA	NA	NA	NA	NA	0	NA	NA	NA	NA	NA	0	1.0
k141_79669	2620	NA	NA	NA	NA	NA	0	NA	NA	NA	1.28	1.58	1	1.0
k141_18979	1940	NA	NA	NA	NA	NA	0	NA	NA	NA	0.86	1.2347348484848484	2	1.0
k141_267860	2129	NA	NA	NA	NA	NA	0	NA	NA	NA	0.6542472241225069	1.229822133347366	3	1.0
k141_49313	12796	NA	NA	NA	NA	NA	0	NA	NA	NA	2.74	4.18	1	1.0
k141_176843	3582	NA	NA	NA	NA	NA	0	NA	NA	NA	2.3298394968239142	9.992205036941328	3	1.0
k141_140428	1307	NA	NA	NA	NA	NA	0	NA	NA	NA	1.9600000000000002	4.29	1	1.0
k141_91877	5948	NA	NA	NA	NA	NA	0	NA	NA	NA	NA	NA	0	1.0
k141_255866	1223	NA	NA	NA	NA	NA	0	NA	NA	NA	5.35	8.3	1	1.0
k141_840	2995	NA	NA	NA	NA	NA	0	NA	NA	NA	1.9	6.8	1	1.0
k141_97820	31837	NA	NA	NA	NA	NA	0	NA	NA	NA	14.77192404257589	27.082207211259167	18	1.0
k141_170839	39203	NA	NA	NA	NA	NA	0	NA	NA	NA	5.392530860469524	17.187013696646854	8	1.02
k141_304478	1127	NA	NA	NA	NA	NA	0	NA	NA	NA	1.5321428571428573	3.782085714285714	2	1.0
k141_292296	3885	NA	NA	NA	NA	NA	0	NA	NA	NA	3.239929577464788	15.41082159624413	2	1.0
k141_73619	6541	NA	NA	NA	NA	NA	0	NA	NA	NA	2.8519452081696777	9.43065102120974	3	1.02
k141_128347	37901	NA	NA	NA	NA	NA	0	NA	NA	NA	40.72974500439436	96.0078674066659	6	1.0
k141_365082	37766	NA	NA	NA	NA	NA	0	NA	NA	NA	16.523438714990196	33.62036409501713	28	1.0
k141_18990	19937	14002	NA	NA	NA	NA	0	NA	NA	NA	5.065678524374176	8.149855072463769	2	1.0
k141_273901	1044	NA	NA	NA	NA	NA	0	NA	NA	NA	1.93	2.63	1	1.0
k141_328815	6137	NA	NA	NA	NA	NA	0	NA	NA	NA	2.67699161052086	6.143715178802799	3	1.0
k141_110104	1702	NA	NA	NA	NA	NA	0	NA	NA	NA	1.4433417721518988	4.768329113924051	2	1.0
k141_194957	4278	NA	NA	NA	NA	NA	0	NA	NA	NA	6.25	11.99	1	1.0
k141_49343	1615	NA	NA	NA	NA	NA	0	NA	NA	NA	1.18	3.89	1	1.0
k141_848	14811	NA	NA	NA	NA	NA	0	NA	NA	NA	6.86306899056264	17.45788802506614	4	1.0
k141_346866	2337	NA	NA	NA	NA	NA	0	NA	NA	NA	3.5	7.67	1	1.0
k141_286154	1357	NA	NA	NA	NA	NA	0	NA	NA	NA	2.6449631449631448	3.6996232596232597	2	1.0
k141_213427	4227	994	NA	NA	NA	NA	0	NA	NA	NA	1.6573684210526316	2.726509695290859	2	1.0
k141_219535	2969	NA	NA	NA	NA	NA	0	NA	NA	NA	NA	NA	0	1.0
k141_267932	1054	NA	NA	NA	NA	NA	0	NA	NA	NA	1.59	2.49	1	1.0
k141_255914	2611	NA	NA	NA	NA	NA	0	NA	NA	NA	3.0441257551219763	7.244387085164906	3	1.0
k141_359029	3136	NA	NA	NA	NA	NA	0	NA	NA	NA	1.25	5.28	1	1.0
k141_25163	3822	NA	NA	NA	NA	NA	0	NA	NA	NA	1.7359289940828402	3.72407100591716	2	1.0
k141_61500	1966	NA	NA	NA	NA	NA	0	NA	NA	NA	3.094832944832945	5.664390054390054	2	1.0
k141_334736	10431	NA	NA	NA	NA	NA	0	NA	NA	NA	11.922744617764598	31.12562975377079	3	1.0
k141_176906	2059	NA	NA	NA	NA	NA	0	NA	NA	NA	3.473353022248474	5.661317188422918	3	1.0
k141_73658	2644	NA	NA	NA	NA	NA	0	NA	NA	NA	NA	NA	0	1.0
k141_73661	8008	NA	NA	NA	NA	NA	0	NA	NA	NA	NA	NA	0	1.0
k141_86024	1792	NA	NA	NA	NA	NA	0	NA	NA	NA	0.78	1.06	1	1.0
k141_170885	8945	NA	NA	NA	NA	NA	0	NA	NA	NA	13.565038042453358	21.48123092628815	5	1.0
k141_225526	14419	NA	NA	NA	NA	NA	0	NA	NA	NA	22.07722451877684	38.87771246676107	14	1.0
k141_182863	3220	NA	NA	NA	NA	NA	0	NA	NA	NA	5.567298311444652	10.468236397748594	2	1.0
k141_182865	1678	NA	NA	NA	NA	NA	0	NA	NA	NA	0.99	3.99	1	1.0
k141_261998	1568	NA	NA	NA	NA	NA	0	NA	NA	NA	2.69	4.81	1	1.0
k141_267955	3966	NA	NA	NA	NA	NA	0	NA	NA	NA	NA	NA	0	1.0
k141_140481	1360	NA	NA	NA	NA	NA	0	NA	NA	NA	1.4202761104441775	4.616902761104441	2	1.0
k141_359065	1849	NA	NA	NA	NA	NA	0	NA	NA	NA	2.2487735849056603	7.928075471698114	2	1.0
k141_322781	1670	NA	NA	NA	NA	NA	0	NA	NA	NA	2.93	9.71	1	1.0
k141_273949	4435	NA	NA	NA	NA	NA	0	NA	NA	NA	NA	NA	0	1.0
k141_86051	3919	NA	NA	NA	NA	NA	0	NA	NA	NA	1.8158021916268616	2.751371171677438	4	1.0
k141_116227	2948	NA	NA	NA	NA	NA	0	NA	NA	NA	1.858	3.812	2	1.0
k141_97895	2744	NA	NA	NA	NA	NA	0	NA	NA	NA	NA	NA	0	1.0
k141_43522	5145	NA	NA	NA	NA	NA	0	NA	NA	NA	NA	NA	0	1.0
k141_280174	1375	NA	NA	NA	NA	NA	0	NA	NA	NA	2.2095205479452056	3.7702511415525115	2	1.0
k141_19061	2504	NA	NA	NA	NA	NA	0	NA	NA	NA	1.7644417177914111	7.484609406952965	2	1.0
k141_110168	4470	NA	NA	NA	NA	NA	0	NA	NA	NA	NA	NA	0	1.0
k141_176953	2524	NA	NA	NA	NA	NA	0	NA	NA	NA	NA	NA	0	1.0
k141_213459	1337	NA	NA	NA	NA	NA	0	NA	NA	NA	NA	NA	0	1.0
k141_353070	2220	NA	NA	NA	NA	NA	0	NA	NA	NA	2.39	7.21	1	1.0
k141_67750	1721	NA	NA	NA	NA	NA	0	NA	NA	NA	0.9142410015649453	3.595492957746479	2	1.0
k141_61541	6022	NA	NA	NA	NA	NA	0	NA	NA	NA	2.6929963898916967	3.986245487364621	2	1.0
k141_19067	7975	NA	NA	NA	NA	NA	0	NA	NA	NA	3.797248921152903	15.130955384314678	4	1.0
k141_19069	1351	NA	NA	NA	NA	NA	0	NA	NA	NA	1.923929618510138	4.533392204682121	3	1.0
k141_255970	2717	NA	NA	NA	NA	NA	0	NA	NA	NA	NA	NA	0	1.0
k141_262057	2874	NA	NA	NA	NA	NA	0	NA	NA	NA	2.9715632301110544	7.7293395251922945	3	1.0
k141_79777	1545	NA	NA	NA	NA	NA	0	NA	NA	NA	0.88	5.06	1	1.0
k141_377318	8832	NA	NA	NA	NA	NA	0	NA	NA	NA	4.534773536751871	20.589140244991064	3	1.0
k141_134600	2022	NA	NA	NA	NA	NA	0	NA	NA	NA	NA	NA	0	1.0
k141_927	2403	NA	NA	NA	NA	NA	0	NA	NA	NA	5.201098265895954	6.543005780346822	2	1.0
k141_280194	1281	NA	NA	NA	NA	NA	0	NA	NA	NA	NA	NA	0	1.0
k141_328887	3353	NA	NA	NA	NA	NA	0	NA	NA	NA	NA	NA	0	1.0
k141_134606	1068	NA	NA	NA	NA	NA	0	NA	NA	NA	NA	NA	0	1.0
k141_219564	38972	NA	NA	NA	NA	NA	0	NA	NA	NA	13.966241712214295	35.491989753267084	17	1.01
k141_7035	3533	NA	NA	NA	NA	NA	0	NA	NA	NA	NA	NA	0	1.0
k141_67784	6644	NA	NA	NA	NA	NA	0	NA	NA	NA	1.8420754716981131	2.819083557951482	2	1.0
k141_195020	1662	NA	NA	NA	NA	NA	0	NA	NA	NA	0.88	3.7300000000000004	1	1.0
k141_195028	1692	NA	NA	NA	NA	NA	0	NA	NA	NA	3.258910577221405	4.568930811671231	3	1.0
k141_340982	7969	NA	NA	NA	NA	NA	0	NA	NA	NA	NA	NA	0	1.0
k141_249922	2551	NA	NA	NA	NA	NA	0	NA	NA	NA	1.095855614973262	1.6367914438502673	2	1.0
k141_334844	2161	NA	NA	NA	NA	NA	0	NA	NA	NA	NA	NA	0	1.0
k141_164828	3067	NA	NA	NA	NA	NA	0	NA	NA	NA	1.6300000000000001	12.809999999999999	1	1.0
k141_67798	13898	NA	NA	NA	NA	NA	0	NA	NA	NA	4.562170050761421	42.55851945854484	2	1.04
k141_316770	3853	NA	NA	NA	NA	NA	0	NA	NA	NA	2.09	8.6	1	1.0
k141_164843	3043	NA	NA	NA	NA	NA	0	NA	NA	NA	NA	NA	0	1.0
k141_146682	9928	NA	NA	NA	NA	NA	0	NA	NA	NA	14.4846988272493	25.3388515137587	6	1.0
k141_267987	1547	NA	NA	NA	NA	NA	0	NA	NA	NA	1.38	5.180000000000001	1	1.0
k141_19121	6497	NA	NA	NA	NA	NA	0	NA	NA	NA	60.57	100.0	1	1.0
k141_104203	1066	NA	NA	NA	NA	NA	0	NA	NA	NA	NA	NA	0	1.0
k141_304599	10224	NA	NA	NA	NA	NA	0	NA	NA	NA	NA	NA	0	1.0
k141_164865	3720	NA	NA	NA	NA	NA	0	NA	NA	NA	7.8724324162619785	10.145019195676236	4	1.0
k141_310505	1455	NA	NA	NA	NA	NA	0	NA	NA	NA	0.65	4.24	1	1.0
k141_256015	3904	NA	NA	NA	NA	NA	0	NA	NA	NA	2.559733929381896	10.664459690316594	4	1.0
k141_43624	1751	NA	NA	NA	NA	NA	0	NA	NA	NA	0.78	1.61	1	1.0
k141_219607	4869	NA	NA	NA	NA	NA	0	NA	NA	NA	1.3100900765650805	2.058362107791623	3	1.0
k141_219609	1050	NA	NA	NA	NA	NA	0	NA	NA	NA	1.5704430379746834	3.3064240506329114	2	1.0
k141_353142	3665	NA	NA	NA	NA	NA	0	NA	NA	NA	2.260007412898443	10.212349888806523	2	1.0
k141_37251	2546	NA	NA	NA	NA	NA	0	NA	NA	NA	3.6884765625000004	5.109648437500001	2	1.0
k141_286252	2568	NA	NA	NA	NA	NA	0	NA	NA	NA	NA	NA	0	1.0
k141_383416	5979	NA	NA	NA	NA	NA	0	NA	NA	NA	3.5997152156224574	13.971163547599675	2	1.0
k141_7086	1071	NA	NA	NA	NA	NA	0	NA	NA	NA	NA	NA	0	1.0
k141_225647	4344	NA	NA	NA	NA	NA	0	NA	NA	NA	1.25	2.68	1	1.0
k141_122466	2774	NA	NA	NA	NA	NA	0	NA	NA	NA	4.160429104477611	7.435149253731343	2	1.0
k141_177024	4638	NA	NA	NA	NA	NA	0	NA	NA	NA	2.4	10.56	1	1.0
k141_334894	4574	NA	NA	NA	NA	NA	0	NA	NA	NA	1.94	2.55	1	1.0
k141_243792	3055	NA	NA	NA	NA	NA	0	NA	NA	NA	1.31	1.97	1	1.0
k141_189303	1686	NA	NA	NA	NA	NA	0	NA	NA	NA	1.0740594059405941	7.302333804809052	2	1.0
k141_7099	6175	NA	NA	NA	NA	NA	0	NA	NA	NA	NA	NA	0	1.0
k141_86125	3099	NA	NA	NA	NA	NA	0	NA	NA	NA	NA	NA	0	1.0
k141_146719	4107	NA	NA	NA	NA	NA	0	NA	NA	NA	1.7392582050537324	3.9347214638396744	3	1.0
k141_237758	2168	NA	NA	NA	NA	NA	0	NA	NA	NA	2.7082661070643077	3.557470893278718	3	1.0
k141_304640	1100	NA	NA	NA	NA	NA	0	NA	NA	NA	0.44	0.8	1	1.0
k141_55562	6389	NA	NA	NA	NA	NA	0	NA	NA	NA	NA	NA	0	1.0
k141_92043	9651	NA	NA	NA	NA	NA	0	NA	NA	NA	0.9502474290835203	8.586276798310603	3	1.0
k141_67847	3400	NA	NA	NA	NA	NA	0	NA	NA	NA	NA	NA	0	1.0
k141_31331	4475	NA	NA	NA	NA	NA	0	NA	NA	NA	4.05099304962127	10.191986744988473	3	1.0
k141_146727	5891	3618	NA	NA	NA	NA	0	NA	NA	NA	1.200011363021564	3.0700163588119445	5	1.0
k141_347037	1671	NA	NA	NA	NA	NA	0	NA	NA	NA	3.3601886792452826	4.329999999999999	2	1.0
k141_128499	3519	NA	NA	NA	NA	NA	0	NA	NA	NA	0.9946801152737752	1.9835100864553317	2	1.0
k141_334919	2973	NA	NA	NA	NA	NA	0	NA	NA	NA	NA	NA	0	1.0
k141_310595	1070	NA	NA	NA	NA	NA	0	NA	NA	NA	1.3644140624999999	3.3427473958333334	2	1.0
k141_13110	1169	NA	NA	NA	NA	NA	0	NA	NA	NA	0.42999999999999994	2.57	1	1.0
k141_201438	1438	NA	NA	NA	NA	NA	0	NA	NA	NA	1.2585619834710744	4.255851239669422	2	1.0
k141_371427	5061	NA	NA	NA	NA	NA	0	NA	NA	NA	2.82	14.74	1	1.0
k141_274071	1817	NA	NA	NA	NA	NA	0	NA	NA	NA	2.02	4.96	1	1.0
k141_341067	1473	NA	NA	NA	NA	NA	0	NA	NA	NA	0.6114685314685315	0.9551748251748251	2	1.0
k141_328992	4793	NA	NA	NA	NA	NA	0	NA	NA	NA	0.39	1.35	1	1.0
k141_219668	5306	NA	NA	NA	NA	NA	0	NA	NA	NA	4.1283180987202925	15.388299817184643	2	1.0
k141_73816	3459	NA	NA	NA	NA	NA	0	NA	NA	NA	2.099586206896552	9.587793103448277	2	1.0
k141_116379	1159	NA	NA	NA	NA	NA	0	NA	NA	NA	1.9	3.74	1	1.0
k141_86173	2651	NA	NA	NA	NA	NA	0	NA	NA	NA	NA	NA	0	1.0
k141_377447	1573	NA	NA	NA	NA	NA	0	NA	NA	NA	2.566728550893579	4.928439902453676	3	1.0
k141_98038	3255	NA	NA	NA	NA	NA	0	NA	NA	NA	4.105130730600929	9.172783547299165	4	1.0
k141_128532	1335	NA	NA	NA	NA	NA	0	NA	NA	NA	NA	NA	0	1.0
k141_207428	2014	NA	NA	NA	NA	NA	0	NA	NA	NA	0.93	2.59	1	1.0
k141_280291	2906	NA	NA	NA	NA	NA	0	NA	NA	NA	2.13	8.42	1	1.0
k141_171083	1926	NA	NA	NA	NA	NA	0	NA	NA	NA	2.8102628120893565	6.246530880420499	2	1.01
k141_274098	3930	NA	NA	NA	NA	NA	0	NA	NA	NA	5.153324808184143	10.773273657289002	2	1.0
k141_359261	3258	NA	NA	NA	NA	NA	0	NA	NA	NA	1.4	7.61	1	1.01
k141_49514	6183	NA	NA	NA	NA	NA	0	NA	NA	NA	57.64	100.0	1	1.0
k141_219682	3791	NA	NA	NA	NA	NA	0	NA	NA	NA	7.337750882735553	9.37224911726445	4	1.0
k141_49527	1403	NA	NA	NA	NA	NA	0	NA	NA	NA	0.5918639575971731	4.189717314487631	2	1.0
k141_292513	2587	NA	NA	NA	NA	NA	0	NA	NA	NA	3.0	10.07	1	1.0
k141_322870	1307	NA	NA	NA	NA	NA	0	NA	NA	NA	2.312970297029703	3.913366336633663	2	1.0
k141_73849	3328	NA	NA	NA	NA	NA	0	NA	NA	NA	0.75	0.98	1	1.0
k141_92157	1148	NA	NA	NA	NA	NA	0	NA	NA	NA	NA	NA	0	1.0
k141_316804	8887	NA	NA	NA	NA	NA	0	NA	NA	NA	2.1561546824041	2.6616532070197234	3	1.0
k141_104312	3426	NA	NA	NA	NA	NA	0	NA	NA	NA	1.39117994100295	6.074896755162243	2	1.0
k141_171093	2640	NA	NA	NA	NA	NA	0	NA	NA	NA	1.47	6.68	1	1.0
k141_92180	3520	NA	NA	NA	NA	NA	0	NA	NA	NA	NA	NA	0	1.0
k141_128563	2287	NA	NA	NA	NA	NA	0	NA	NA	NA	1.0044655967961926	2.147694651614963	3	1.0
k141_31417	11337	NA	NA	NA	NA	NA	0	NA	NA	NA	NA	NA	0	1.0
k141_79914	6440	NA	NA	NA	NA	NA	0	NA	NA	NA	NA	NA	0	1.0
k141_347111	3858	NA	NA	NA	NA	NA	0	NA	NA	NA	2.07	13.069999999999999	1	1.0
k141_67924	1955	NA	NA	NA	NA	NA	0	NA	NA	NA	0.925368248772504	1.8070212765957445	2	1.0
k141_286397	2919	NA	NA	NA	NA	NA	0	NA	NA	NA	1.58	7.51	1	1.0
k141_335066	3727	NA	NA	NA	NA	NA	0	NA	NA	NA	NA	NA	0	1.0
k141_189401	1501	NA	NA	NA	NA	NA	0	NA	NA	NA	1.03	3.7800000000000002	1	1.0
k141_237846	3200	NA	NA	NA	NA	NA	0	NA	NA	NA	4.611426648721399	13.424535666218034	2	1.0
k141_359291	3979	NA	NA	NA	NA	NA	0	NA	NA	NA	NA	NA	0	1.0
k141_37321	1768	NA	NA	NA	NA	NA	0	NA	NA	NA	1.568105147864184	4.478017524644031	2	1.0
k141_219713	3287	NA	NA	NA	NA	NA	0	NA	NA	NA	NA	NA	0	1.0
k141_353288	4061	NA	NA	NA	NA	NA	0	NA	NA	NA	NA	NA	0	1.07
k141_286402	4917	NA	NA	NA	NA	NA	0	NA	NA	NA	NA	NA	0	1.0
k141_13210	1175	NA	NA	NA	NA	NA	0	NA	NA	NA	NA	NA	0	1.0
k141_79930	1517	NA	NA	NA	NA	NA	0	NA	NA	NA	0.61	1.8899999999999997	1	1.0
k141_25233	4306	NA	NA	NA	NA	NA	0	NA	NA	NA	5.468568587422231	12.48679746820014	5	1.0
k141_67942	1096	NA	NA	NA	NA	NA	0	NA	NA	NA	0.8364331210191083	2.626140127388535	2	1.0
k141_316834	4443	NA	NA	NA	NA	NA	0	NA	NA	NA	6.049274695122488	12.25581290743292	4	1.0
k141_158975	3595	NA	NA	NA	NA	NA	0	NA	NA	NA	1.87	8.11	1	1.02
k141_341123	1561	NA	NA	NA	NA	NA	0	NA	NA	NA	3.29	4.53	1	1.0
k141_274169	4009	NA	NA	NA	NA	NA	0	NA	NA	NA	9.240102040816327	14.092551020408163	2	1.0
k141_207455	18578	NA	NA	NA	NA	NA	0	NA	NA	NA	8.400797033611195	17.200702112040478	13	1.0
k141_371524	3229	NA	NA	NA	NA	NA	0	NA	NA	NA	3.47	10.49	1	1.0
k141_219724	7209	NA	NA	NA	NA	NA	0	NA	NA	NA	9.782175161254242	21.13098607434473	3	1.0
k141_1133	2636	NA	NA	NA	NA	NA	0	NA	NA	NA	NA	NA	0	1.0
k141_383571	1991	NA	NA	NA	NA	NA	0	NA	NA	NA	NA	NA	0	1.0
k141_274185	1077	NA	NA	NA	NA	NA	0	NA	NA	NA	0.4336645962732919	1.6000621118012421	2	1.01
k141_359305	14840	NA	NA	NA	NA	NA	0	NA	NA	NA	18.308278447145643	45.5812271719292	7	1.0
k141_43751	10121	NA	NA	NA	NA	NA	0	NA	NA	NA	NA	NA	0	1.0
k141_341129	4997	NA	NA	NA	NA	NA	0	NA	NA	NA	7.07	8.189830089115633	5	1.0
k141_286443	2510	NA	NA	NA	NA	NA	0	NA	NA	NA	3.9028834135926567	7.274176601679993	3	1.0
k141_37374	3061	NA	NA	NA	NA	NA	0	NA	NA	NA	NA	NA	0	1.0
k141_225823	3076	NA	NA	NA	NA	NA	0	NA	NA	NA	2.3	8.59	1	1.0
k141_73919	1842	NA	NA	NA	NA	NA	0	NA	NA	NA	2.297670136108887	4.880072057646117	2	1.0
k141_298668	2675	NA	NA	NA	NA	NA	0	NA	NA	NA	4.37	7.49	1	1.0
k141_207483	1244	NA	NA	NA	NA	NA	0	NA	NA	NA	NA	NA	0	1.0
k141_322920	5590	NA	NA	NA	NA	NA	0	NA	NA	NA	NA	NA	0	1.0
k141_183070	1806	NA	NA	NA	NA	NA	0	NA	NA	NA	0.79	1.14	1	1.0
k141_341164	1038	NA	NA	NA	NA	NA	0	NA	NA	NA	0.8	2.88	1	1.0
k141_213661	14706	NA	NA	NA	NA	NA	0	NA	NA	NA	2.490681334279631	11.546799148332148	2	1.0
k141_329089	2735	NA	NA	NA	NA	NA	0	NA	NA	NA	NA	NA	0	1.01
k141_61787	1606	NA	NA	NA	NA	NA	0	NA	NA	NA	0.8096774193548386	4.684193548387096	2	1.0
k141_55701	4282	NA	NA	NA	NA	NA	0	NA	NA	NA	NA	NA	0	1.0
k141_280469	10496	NA	NA	NA	NA	NA	0	NA	NA	NA	15.962249694540864	25.38488471709197	4	1.0
k141_237914	1367	NA	NA	NA	NA	NA	0	NA	NA	NA	0.4	1.33	1	1.0
k141_201562	1646	NA	NA	NA	NA	NA	0	NA	NA	NA	2.46	5.4	1	1.0
k141_292601	4556	NA	NA	NA	NA	NA	0	NA	NA	NA	NA	NA	0	1.0
k141_377555	1007	NA	NA	NA	NA	NA	0	NA	NA	NA	2.2099999999999995	2.6299999999999994	1	1.0
k141_171176	3430	NA	NA	NA	NA	NA	0	NA	NA	NA	5.151797752808989	8.977415730337079	2	1.0
k141_159019	3056	NA	NA	NA	NA	NA	0	NA	NA	NA	0.69	0.9	1	1.0
k141_213674	1043	NA	NA	NA	NA	NA	0	NA	NA	NA	1.6039215686274508	2.766383442265795	2	1.0
k141_371573	3884	NA	NA	NA	NA	NA	0	NA	NA	NA	NA	NA	0	1.0
k141_152917	3894	NA	NA	NA	NA	NA	0	NA	NA	NA	5.1	22.44	1	1.0
k141_128645	1257	NA	NA	NA	NA	NA	0	NA	NA	NA	2.0	3.8500000000000005	1	1.0
k141_365411	1420	NA	NA	NA	NA	NA	0	NA	NA	NA	1.77	3.29	1	1.0
k141_128649	6854	NA	NA	NA	NA	NA	0	NA	NA	NA	7.12	18.37	1	1.02
k141_25295	2668	NA	NA	NA	NA	NA	0	NA	NA	NA	1.84	6.98	1	1.0
k141_232053	1633	NA	NA	NA	NA	NA	0	NA	NA	NA	2.83	4.55	1	1.0
k141_256212	2329	NA	NA	NA	NA	NA	0	NA	NA	NA	1.9905853658536588	6.598947735191637	2	1.0
k141_61812	6646	NA	NA	NA	NA	NA	0	NA	NA	NA	2.963042964596542	5.310000787618635	3	1.0
k141_250155	4237	NA	NA	NA	NA	NA	0	NA	NA	NA	60.40171217036335	96.2601291384047	3	1.0
k141_322970	2342	NA	NA	NA	NA	NA	0	NA	NA	NA	0.9769628647214854	1.6105702917771885	2	1.0
k141_201594	1031	NA	NA	NA	NA	NA	0	NA	NA	NA	1.46	1.7874698795180721	2	1.0
k141_116524	3729	NA	NA	NA	NA	NA	0	NA	NA	NA	0.94	16.32	1	1.02
k141_61816	17296	NA	NA	NA	NA	NA	0	NA	NA	NA	36.211955336761044	62.12027780208598	6	1.0
k141_335161	3139	NA	NA	NA	NA	NA	0	NA	NA	NA	1.7989534411610548	2.7647999822829847	3	1.0
k141_371597	2663	NA	NA	NA	NA	NA	0	NA	NA	NA	6.34	17.84	1	1.0
k141_268245	4249	NA	NA	NA	NA	NA	0	NA	NA	NA	NA	NA	0	1.0
k141_383631	2165	NA	NA	NA	NA	NA	0	NA	NA	NA	3.428553961909241	5.814041852809781	3	1.0
k141_365432	11537	NA	NA	NA	NA	NA	0	NA	NA	NA	17.637194704243356	41.82489431573408	11	1.0
k141_335168	2322	NA	NA	NA	NA	NA	0	NA	NA	NA	3.044	5.251	2	1.0
k141_80045	4912	NA	NA	NA	NA	NA	0	NA	NA	NA	NA	NA	0	1.0
k141_383635	3006	NA	NA	NA	NA	NA	0	NA	NA	NA	1.735607476635514	5.058130841121496	2	1.02
k141_110463	23567	NA	NA	NA	NA	NA	0	NA	NA	NA	11.355984268033184	28.68719925223924	4	1.0
k141_274296	2990	NA	NA	NA	NA	NA	0	NA	NA	NA	NA	NA	0	1.0
k141_232091	1562	NA	NA	NA	NA	NA	0	NA	NA	NA	0.7167952522255192	0.9732344213649852	2	1.0
k141_122698	5525	NA	NA	NA	NA	NA	0	NA	NA	NA	2.2995915421762865	5.227232667429404	4	1.0
k141_219782	35177	NA	NA	NA	NA	NA	0	NA	NA	NA	13.924973108451068	30.35422590058153	11	1.0
k141_37423	37977	NA	NA	NA	NA	NA	0	NA	NA	NA	10.921020719926057	20.08729695293754	15	1.0
k141_268274	5802	NA	NA	NA	NA	NA	0	NA	NA	NA	1.5	6.23	1	1.0
k141_304892	1252	NA	NA	NA	NA	NA	0	NA	NA	NA	1.87	4.11	1	1.0
k141_329179	1351	NA	NA	NA	NA	NA	0	NA	NA	NA	1.7171223958333333	4.217200520833333	2	1.0
k141_116559	3921	NA	NA	NA	NA	NA	0	NA	NA	NA	2.09	10.7	1	1.0
k141_213706	2531	NA	NA	NA	NA	NA	0	NA	NA	NA	3.626584520600693	6.897939930689257	2	1.0
k141_329189	1031	NA	NA	NA	NA	NA	0	NA	NA	NA	1.56	2.76	1	1.0
k141_268283	6942	NA	NA	NA	NA	NA	0	NA	NA	NA	NA	NA	0	1.0
k141_244010	23515	NA	NA	NA	NA	NA	0	NA	NA	NA	26.724941923936175	66.06351355677647	14	1.0
k141_341248	3438	NA	NA	NA	NA	NA	0	NA	NA	NA	NA	NA	0	1.0
k141_25333	14239	NA	NA	NA	NA	NA	0	NA	NA	NA	1.1754213537990177	5.855117050469768	4	1.0
k141_98269	1900	NA	NA	NA	NA	NA	0	NA	NA	NA	2.9218518518518515	5.04069716775599	2	1.0
k141_104466	4200	NA	NA	NA	NA	NA	0	NA	NA	NA	NA	NA	0	1.0
k141_304909	1311	NA	NA	NA	NA	NA	0	NA	NA	NA	0.56	0.84	1	1.0
k141_201630	3729	NA	NA	NA	NA	NA	0	NA	NA	NA	0.3	2.18	1	1.0
k141_25347	2778	NA	NA	NA	NA	NA	0	NA	NA	NA	NA	NA	0	1.0
k141_43867	10151	NA	NA	NA	NA	NA	0	NA	NA	NA	3.197368295141915	17.49877958339741	3	1.0
k141_371641	2512	NA	NA	NA	NA	NA	0	NA	NA	NA	1.09	1.56	1	1.0
k141_134860	76685	NA	NA	NA	NA	NA	0	NA	NA	NA	19.07217699895643	51.74600263708104	23	1.01
k141_274354	7342	NA	NA	NA	NA	NA	0	NA	NA	NA	6.974788651740613	21.625472802688414	4	1.0
k141_13365	2699	NA	NA	NA	NA	NA	0	NA	NA	NA	1.65288256227758	6.27920818505338	2	1.0
k141_377669	3837	NA	NA	NA	NA	NA	0	NA	NA	NA	1.6975054947039154	3.295385965679216	4	1.0
k141_323040	2827	NA	NA	NA	NA	NA	0	NA	NA	NA	NA	NA	0	1.0
k141_31581	3047	NA	NA	NA	NA	NA	0	NA	NA	NA	NA	NA	0	1.0
k141_68074	3764	NA	NA	NA	NA	NA	0	NA	NA	NA	1.7	2.75	1	1.0
k141_25385	1654	NA	NA	NA	NA	NA	0	NA	NA	NA	0.5253003533568903	4.105971731448763	2	1.0
k141_140824	2949	NA	NA	NA	NA	NA	0	NA	NA	NA	2.36	9.24	1	1.0
k141_310888	2287	NA	NA	NA	NA	NA	0	NA	NA	NA	1.6604246763988342	5.642704117556918	4	1.0
k141_98329	1761	NA	NA	NA	NA	NA	0	NA	NA	NA	1.8899999999999997	5.72	1	1.0
k141_49756	1252	NA	NA	NA	NA	NA	0	NA	NA	NA	2.02	3.9699999999999998	1	1.0
k141_116624	1379	NA	NA	NA	NA	NA	0	NA	NA	NA	NA	NA	0	1.0
k141_122747	46307	NA	NA	NA	NA	NA	0	NA	NA	NA	28.723860685247026	89.18588953020148	8	1.0
k141_134895	1317	NA	NA	NA	NA	NA	0	NA	NA	NA	0.5632208588957055	0.7670245398773006	2	1.0
k141_274372	9791	NA	NA	NA	NA	NA	0	NA	NA	NA	12.32422854663432	29.034414832715186	5	1.01
k141_232184	3383	NA	NA	NA	NA	NA	0	NA	NA	NA	5.641578266494178	10.450012936610607	2	1.0
k141_134897	1581	NA	NA	NA	NA	NA	0	NA	NA	NA	2.02	5.37	1	1.0
k141_153032	1527	NA	NA	NA	NA	NA	0	NA	NA	NA	1.3954487059167031	4.216625424930656	3	1.0
k141_329258	3459	NA	NA	NA	NA	NA	0	NA	NA	NA	1.88	10.17	1	1.0
k141_232190	10815	NA	NA	NA	NA	NA	0	NA	NA	NA	3.7052602808544703	14.612156999047198	5	1.0
k141_280617	7029	NA	NA	NA	NA	NA	0	NA	NA	NA	3.0239732065681375	4.591868767829922	9	1.0
k141_213789	4432	NA	NA	NA	NA	NA	0	NA	NA	NA	NA	NA	0	1.0
k141_116650	9335	NA	NA	NA	NA	NA	0	NA	NA	NA	1.49	24.87	1	1.01
k141_86368	3079	NA	NA	NA	NA	NA	0	NA	NA	NA	NA	NA	0	1.0
k141_213796	1096	NA	NA	NA	NA	NA	0	NA	NA	NA	2.41	2.87	1	1.0
k141_55872	1160	NA	NA	NA	NA	NA	0	NA	NA	NA	NA	NA	0	1.0
k141_292778	1946	NA	NA	NA	NA	NA	0	NA	NA	NA	0.8499999999999999	1.15	1	1.0
k141_298808	1331	NA	NA	NA	NA	NA	0	NA	NA	NA	2.118739837398374	4.026138211382115	2	1.0
k141_68115	1101	NA	NA	NA	NA	NA	0	NA	NA	NA	1.74	3.44	1	1.0
k141_304946	3983	NA	NA	NA	NA	NA	0	NA	NA	NA	0.32	2.08	1	1.0
k141_49796	7149	NA	NA	NA	NA	NA	0	NA	NA	NA	NA	NA	0	1.0
k141_80127	1118	NA	NA	NA	NA	NA	0	NA	NA	NA	0.9874249605055292	3.4943917851500785	2	1.05
k141_43906	6239	NA	NA	NA	NA	NA	0	NA	NA	NA	1.74	5.83	1	1.0
k141_86395	3927	NA	NA	NA	NA	NA	0	NA	NA	NA	5.554573928809296	12.440091763487013	3	1.0
k141_189735	3398	NA	NA	NA	NA	NA	0	NA	NA	NA	3.01977358490566	8.725750943396227	2	1.0
k141_195341	6978	NA	NA	NA	NA	NA	0	NA	NA	NA	9.60847529169572	19.145991699797914	6	1.0
k141_359511	1609	NA	NA	NA	NA	NA	0	NA	NA	NA	1.6308813559322035	4.445943502824859	2	1.0
k141_177289	1718	NA	NA	NA	NA	NA	0	NA	NA	NA	NA	NA	0	1.0
k141_213814	1382	NA	NA	NA	NA	NA	0	NA	NA	NA	0.59	0.8800000000000001	1	1.0
k141_55889	4578	NA	NA	NA	NA	NA	0	NA	NA	NA	3.2862000240743634	11.227223383004452	5	1.0
k141_171286	5732	NA	NA	NA	NA	NA	0	NA	NA	NA	NA	NA	0	1.01
k141_292803	2950	NA	NA	NA	NA	NA	0	NA	NA	NA	NA	NA	0	1.0
k141_80147	3211	NA	NA	NA	NA	NA	0	NA	NA	NA	4.904736842105263	8.249583300940682	3	1.0
k141_183338	3331	NA	NA	NA	NA	NA	0	NA	NA	NA	5.07	10.01	1	1.0
k141_134927	5434	NA	NA	NA	NA	NA	0	NA	NA	NA	6.957070933769044	14.805941155386066	8	1.0
k141_359517	4490	NA	NA	NA	NA	NA	0	NA	NA	NA	1.9338468231353183	5.22623039610206	3	1.0
k141_359530	2205	NA	NA	NA	NA	NA	0	NA	NA	NA	0.9811617805421617	2.530437575002039	4	1.0
k141_74094	3518	NA	NA	NA	NA	NA	0	NA	NA	NA	1.9040779610194902	4.406716641679161	2	1.0
k141_116694	3961	NA	NA	NA	NA	NA	0	NA	NA	NA	1.456036538479547	8.76897818991144	3	1.0
k141_31637	11321	NA	NA	NA	NA	NA	0	NA	NA	NA	22.04865298677994	29.971608413553472	6	1.0
k141_244136	18806	NA	NA	NA	NA	NA	0	NA	NA	NA	1.51	9.46	1	1.0
k141_80170	2104	NA	NA	NA	NA	NA	0	NA	NA	NA	1.72	11.99	1	1.0
k141_371715	1426	NA	NA	NA	NA	NA	0	NA	NA	NA	2.1187757702312906	4.107603390610345	3	1.0
k141_341385	7226	NA	NA	NA	NA	NA	0	NA	NA	NA	1.8	3.0	1	1.0
k141_383742	3399	NA	NA	NA	NA	NA	0	NA	NA	NA	NA	NA	0	1.0
k141_80193	2739	NA	NA	NA	NA	NA	0	NA	NA	NA	NA	NA	0	1.0
k141_365543	1260	NA	NA	NA	NA	NA	0	NA	NA	NA	0.1	1.15	1	1.0
k141_159196	3151	NA	NA	NA	NA	NA	0	NA	NA	NA	5.216400617595159	9.895007247290144	3	1.0
k141_226081	6187	NA	NA	NA	NA	NA	0	NA	NA	NA	9.745280348390427	16.35497043084112	9	1.0
k141_195355	3767	NA	NA	NA	NA	NA	0	NA	NA	NA	1.52	3.5999999999999996	1	1.0
k141_31650	2700	NA	NA	NA	NA	NA	0	NA	NA	NA	4.672051694145987	6.958023415675162	5	1.0
k141_25456	5818	NA	NA	NA	NA	NA	0	NA	NA	NA	54.24	100.0	1	1.0
k141_250314	1094	NA	NA	NA	NA	NA	0	NA	NA	NA	0.6547037037037037	0.7532222222222222	2	1.0
k141_86469	1230	NA	NA	NA	NA	NA	0	NA	NA	NA	0.95	3.42	1	1.0
k141_298847	2897	NA	NA	NA	NA	NA	0	NA	NA	NA	0.23	0.28	1	1.0
k141_226090	6180	3386	NA	NA	NA	NA	0	NA	NA	NA	1.128590308370044	1.4800440528634362	2	1.0
k141_219962	4175	NA	NA	NA	NA	NA	0	NA	NA	NA	1.816266416510319	5.381219512195122	2	1.02
k141_116706	3273	NA	NA	NA	NA	NA	0	NA	NA	NA	NA	NA	0	1.0
k141_304998	1647	NA	NA	NA	NA	NA	0	NA	NA	NA	0.92	3.9000000000000004	1	1.0
k141_92452	1633	NA	NA	NA	NA	NA	0	NA	NA	NA	1.4499999999999997	5.47	1	1.0
k141_43941	2542	NA	NA	NA	NA	NA	0	NA	NA	NA	1.2810638297872339	2.1193617021276596	2	1.0
k141_104600	6489	NA	NA	NA	NA	NA	0	NA	NA	NA	NA	NA	0	1.0
k141_128852	1084	NA	NA	NA	NA	NA	0	NA	NA	NA	NA	NA	0	1.0
k141_37603	1421	NA	NA	NA	NA	NA	0	NA	NA	NA	1.0518010404501537	3.4774133135152354	3	1.0
k141_37608	1783	NA	NA	NA	NA	NA	0	NA	NA	NA	NA	NA	0	1.0
k141_61944	3588	NA	NA	NA	NA	NA	0	NA	NA	NA	NA	NA	0	1.0
k141_13546	3591	NA	NA	NA	NA	NA	0	NA	NA	NA	5.89	9.58	1	1.0
k141_371743	5625	NA	NA	NA	NA	NA	0	NA	NA	NA	11.5	15.212	2	1.0
k141_311011	4069	NA	NA	NA	NA	NA	0	NA	NA	NA	7.2615384615384615	8.914477095937771	2	1.0
k141_213899	2106	NA	NA	NA	NA	NA	0	NA	NA	NA	0.8773958333333334	3.2687187500000006	2	1.0
k141_110565	6902	NA	NA	NA	NA	NA	0	NA	NA	NA	6.743011049723757	15.513011049723756	2	1.0
k141_171349	23543	NA	NA	NA	NA	NA	0	NA	NA	NA	11.376876704461399	16.670316617522733	18	1.0
k141_25508	1003	NA	NA	NA	NA	NA	0	NA	NA	NA	NA	NA	0	1.0
k141_183400	6464	NA	NA	NA	NA	NA	0	NA	NA	NA	NA	NA	0	1.0
k141_323230	2093	NA	NA	NA	NA	NA	0	NA	NA	NA	2.148394415357766	5.144834205933682	2	1.0
k141_92494	4634	NA	NA	NA	NA	NA	0	NA	NA	NA	8.438774370107168	17.355645220933475	4	1.0
k141_256421	4819	NA	NA	NA	NA	NA	0	NA	NA	NA	NA	NA	0	1.0
k141_49893	3265	NA	NA	NA	NA	NA	0	NA	NA	NA	4.559841015535685	6.3411436590303625	4	1.0
k141_25515	6884	NA	NA	NA	NA	NA	0	NA	NA	NA	3.0079634146341463	17.68410975609756	2	1.0
k141_268522	1134	NA	NA	NA	NA	NA	0	NA	NA	NA	NA	NA	0	1.0
k141_165262	28167	NA	NA	NA	NA	NA	0	NA	NA	NA	2.603868073878627	25.46298680738786	2	1.01
k141_341457	1138	NA	NA	NA	NA	NA	0	NA	NA	NA	0.09	0.19	1	1.0
k141_298907	5848	NA	NA	NA	NA	NA	0	NA	NA	NA	8.76	18.69	1	1.0
k141_49905	2028	NA	NA	NA	NA	NA	0	NA	NA	NA	NA	NA	0	1.0
k141_292895	3331	NA	NA	NA	NA	NA	0	NA	NA	NA	3.7992479032563855	12.000997566964891	3	1.0
k141_201792	2484	NA	NA	NA	NA	NA	0	NA	NA	NA	3.0824006908462867	6.166528497409327	2	1.0
k141_159304	9393	NA	NA	NA	NA	NA	0	NA	NA	NA	10.066181474439567	23.228360278937622	5	1.0
k141_25533	2414	NA	NA	NA	NA	NA	0	NA	NA	NA	2.78	7.91	1	1.0
k141_80288	1096	NA	NA	NA	NA	NA	0	NA	NA	NA	0.6827432077125329	2.9639702015775633	2	1.0
k141_116775	1766	NA	NA	NA	NA	NA	0	NA	NA	NA	2.0703911838596913	6.528374136961877	3	1.0
k141_262553	3179	NA	NA	NA	NA	NA	0	NA	NA	NA	NA	NA	0	1.0
k141_25547	2756	NA	NA	NA	NA	NA	0	NA	NA	NA	NA	NA	0	1.0
k141_213934	2895	NA	NA	NA	NA	NA	0	NA	NA	NA	1.333412017167382	3.1957725321888417	2	1.0
k141_286782	2918	NA	NA	NA	NA	NA	0	NA	NA	NA	NA	NA	0	1.0
k141_25555	3132	NA	NA	NA	NA	NA	0	NA	NA	NA	NA	NA	0	1.0
k141_86543	1142	NA	NA	NA	NA	NA	0	NA	NA	NA	1.71	3.75	1	1.0
k141_195432	1112	NA	NA	NA	NA	NA	0	NA	NA	NA	0.6896451233167763	3.4529322338911124	3	1.0
k141_353612	3170	NA	NA	NA	NA	NA	0	NA	NA	NA	1.8999999999999997	9.23	1	1.0
k141_122956	3481	NA	NA	NA	NA	NA	0	NA	NA	NA	NA	NA	0	1.0
k141_298940	2610	NA	NA	NA	NA	NA	0	NA	NA	NA	NA	NA	0	1.0
k141_68214	8978	NA	NA	NA	NA	NA	0	NA	NA	NA	0.72	2.64	1	1.03
k141_189926	3463	NA	NA	NA	NA	NA	0	NA	NA	NA	1.81	9.97	1	1.0
k141_25562	3922	NA	NA	NA	NA	NA	0	NA	NA	NA	NA	NA	0	1.0
k141_329408	1104	NA	NA	NA	NA	NA	0	NA	NA	NA	1.25	2.92	1	1.0
k141_183414	43052	NA	NA	NA	NA	NA	0	NA	NA	NA	20.444191211391892	67.48039086910649	8	1.01
k141_317147	2767	NA	NA	NA	NA	NA	0	NA	NA	NA	3.037843691148776	8.472457627118644	2	1.0
k141_359615	2346	NA	NA	NA	NA	NA	0	NA	NA	NA	NA	NA	0	1.0
k141_335436	2178	NA	NA	NA	NA	NA	0	NA	NA	NA	1.8790009000900092	9.772223222322234	2	1.0
k141_347513	1166	NA	NA	NA	NA	NA	0	NA	NA	NA	0.69	3.1	1	1.0
k141_353621	7623	NA	NA	NA	NA	NA	0	NA	NA	NA	9.380771515305495	19.023504368584117	6	1.0
k141_171411	1031	NA	NA	NA	NA	NA	0	NA	NA	NA	1.29	2.43	1	1.0
k141_365631	1722	NA	NA	NA	NA	NA	0	NA	NA	NA	3.7400000000000007	4.46	1	1.0
k141_19545	3228	NA	NA	NA	NA	NA	0	NA	NA	NA	NA	NA	0	1.0
k141_250402	2644	NA	NA	NA	NA	NA	0	NA	NA	NA	NA	NA	0	1.0
k141_311073	1110	NA	NA	NA	NA	NA	0	NA	NA	NA	0.6774236983842011	3.4038509874326746	2	1.0
k141_347528	3876	NA	NA	NA	NA	NA	0	NA	NA	NA	5.919999999999999	11.62	1	1.0
k141_238297	5087	NA	NA	NA	NA	NA	0	NA	NA	NA	7.01	14.21	1	1.0
k141_226211	6046	NA	NA	NA	NA	NA	0	NA	NA	NA	NA	NA	0	1.01
k141_104710	3634	NA	NA	NA	NA	NA	0	NA	NA	NA	1.389249617151608	2.7198162327718225	2	1.0
k141_274565	3742	NA	NA	NA	NA	NA	0	NA	NA	NA	1.7401231395696422	3.212359641612269	3	1.0
k141_335471	4504	NA	NA	NA	NA	NA	0	NA	NA	NA	1.95	4.87	1	1.0
k141_335473	9573	NA	NA	NA	NA	NA	0	NA	NA	NA	4.653376623376624	9.842337662337663	2	1.0
k141_98527	4355	2710	NA	NA	NA	NA	0	NA	NA	NA	3.7723913043478263	7.062427536231884	2	1.0
k141_262623	1824	NA	NA	NA	NA	NA	0	NA	NA	NA	2.71	5.299999999999999	1	1.0
k141_86580	1258	NA	NA	NA	NA	NA	0	NA	NA	NA	1.41	3.65	1	1.0
k141_159378	2880	NA	NA	NA	NA	NA	0	NA	NA	NA	3.1747908440323527	8.793523535297217	3	1.0
k141_195481	4163	NA	NA	NA	NA	NA	0	NA	NA	NA	NA	NA	0	1.0
k141_244275	1159	NA	NA	NA	NA	NA	0	NA	NA	NA	1.04	4.07	1	1.0
k141_262626	2253	NA	NA	NA	NA	NA	0	NA	NA	NA	3.37	7.389999999999999	1	1.0
k141_31809	3733	NA	NA	NA	NA	NA	0	NA	NA	NA	NA	NA	0	1.02
k141_13678	4532	2665	NA	NA	NA	NA	0	NA	NA	NA	2.65	7.32	1	1.0
k141_104719	1819	NA	NA	NA	NA	NA	0	NA	NA	NA	2.73	5.39	1	1.0
k141_116897	4286	NA	NA	NA	NA	NA	0	NA	NA	NA	NA	NA	0	1.02
k141_171470	1108	NA	NA	NA	NA	NA	0	NA	NA	NA	0.8871615149889639	2.9639129769515553	3	1.0
k141_305092	32975	NA	NA	NA	NA	NA	0	NA	NA	NA	3.240352961901098	19.006459692834266	13	1.0
k141_159403	1280	NA	NA	NA	NA	NA	0	NA	NA	NA	0.5351694915254237	2.104237288135593	2	1.0
k141_268634	1656	NA	NA	NA	NA	NA	0	NA	NA	NA	1.436157708227867	4.664813853071678	3	1.0
k141_353703	2061	NA	NA	NA	NA	NA	0	NA	NA	NA	0.8614472484606405	1.74517565745213	4	1.0
k141_377897	1167	NA	NA	NA	NA	NA	0	NA	NA	NA	1.04	3.47	1	1.0
k141_335529	2666	NA	NA	NA	NA	NA	0	NA	NA	NA	NA	NA	0	1.0
k141_147319	3044	NA	NA	NA	NA	NA	0	NA	NA	NA	NA	NA	0	1.0
k141_189972	1220	NA	NA	NA	NA	NA	0	NA	NA	NA	NA	NA	0	1.0
k141_195518	3762	NA	NA	NA	NA	NA	0	NA	NA	NA	NA	NA	0	1.0
k141_244293	4626	NA	NA	NA	NA	NA	0	NA	NA	NA	2.286663844199831	9.158450465707029	2	1.0
k141_50027	3073	NA	NA	NA	NA	NA	0	NA	NA	NA	1.6	8.85	1	1.0
k141_13711	5191	NA	NA	NA	NA	NA	0	NA	NA	NA	NA	NA	0	1.0
k141_377907	1106	NA	NA	NA	NA	NA	0	NA	NA	NA	0.99	3.29	1	1.0
k141_262659	1523	NA	NA	NA	NA	NA	0	NA	NA	NA	NA	NA	0	1.0
k141_250456	1524	NA	NA	NA	NA	NA	0	NA	NA	NA	0.65	0.98	1	1.0
k141_74249	5988	NA	NA	NA	NA	NA	0	NA	NA	NA	NA	NA	0	1.0
k141_135100	2867	NA	NA	NA	NA	NA	0	NA	NA	NA	1.83	6.929999999999999	1	1.0
k141_341574	2749	NA	NA	NA	NA	NA	0	NA	NA	NA	1.7783985102420858	8.540800744878958	2	1.0
k141_68270	2975	NA	NA	NA	NA	NA	0	NA	NA	NA	4.308800776851141	9.544691789205684	3	1.0
k141_147327	5655	NA	NA	NA	NA	NA	0	NA	NA	NA	6.96753596287703	12.44096983758701	3	1.0
k141_268651	1544	NA	NA	NA	NA	NA	0	NA	NA	NA	1.141169471895727	3.7763401302975645	3	1.0
k141_165424	4288	NA	NA	NA	NA	NA	0	NA	NA	NA	6.41	14.07	1	1.0
k141_68283	3701	NA	NA	NA	NA	NA	0	NA	NA	NA	0.59	1.72	1	1.0
k141_153289	4870	NA	NA	NA	NA	NA	0	NA	NA	NA	2.0435339643825445	4.981101037045282	4	1.0
k141_359715	2945	NA	NA	NA	NA	NA	0	NA	NA	NA	NA	NA	0	1.0
k141_98601	4329	NA	NA	NA	NA	NA	0	NA	NA	NA	3.552192105002608	10.98688949111036	4	1.0
k141_165445	4464	NA	NA	NA	NA	NA	0	NA	NA	NA	NA	NA	0	1.0
k141_147335	32394	NA	NA	NA	NA	NA	0	NA	NA	NA	4.6411520791177585	17.89403493914061	11	1.0
k141_323428	7610	NA	NA	NA	NA	NA	0	NA	NA	NA	2.077071603254706	5.088647817892634	4	1.0
k141_293071	1271	NA	NA	NA	NA	NA	0	NA	NA	NA	0.5333855506195933	1.0433481412204817	3	1.0
k141_50080	4369	NA	NA	NA	NA	NA	0	NA	NA	NA	8.287796292586352	12.47599361278386	3	1.0
k141_311179	9467	NA	NA	NA	NA	NA	0	NA	NA	NA	18.246122657184632	30.032497233338887	9	1.0
k141_62143	3028	NA	NA	NA	NA	NA	0	NA	NA	NA	NA	NA	0	1.0
k141_129008	1252	NA	NA	NA	NA	NA	0	NA	NA	NA	0.8833782581426217	3.181216616345046	3	1.0
k141_123081	4974	NA	NA	NA	NA	NA	0	NA	NA	NA	2.1789417989417994	2.8792063492063495	2	1.0
k141_74278	1263	NA	NA	NA	NA	NA	0	NA	NA	NA	NA	NA	0	1.0
k141_190021	7038	NA	NA	NA	NA	NA	0	NA	NA	NA	11.406370744142942	21.902664635863633	5	1.0
k141_13760	2803	NA	NA	NA	NA	NA	0	NA	NA	NA	1.2	1.81	1	1.0
k141_129015	2808	NA	NA	NA	NA	NA	0	NA	NA	NA	NA	NA	0	1.05
k141_299039	2557	NA	NA	NA	NA	NA	0	NA	NA	NA	2.7608190838083173	5.361975934135528	3	1.0
k141_171566	1866	NA	NA	NA	NA	NA	0	NA	NA	NA	2.0	6.079999999999999	1	1.0
k141_383934	11524	NA	NA	NA	NA	NA	0	NA	NA	NA	15.020164003238603	20.477284122408204	4	1.01
k141_317275	7518	NA	NA	NA	NA	NA	0	NA	NA	NA	4.084383442311527	15.685696113519242	3	1.0
k141_305192	3372	NA	NA	NA	NA	NA	0	NA	NA	NA	5.13	10.14	1	1.0
k141_207923	1487	NA	NA	NA	NA	NA	0	NA	NA	NA	45.0617579581302	72.24627186693432	2	1.0
k141_147392	1346	NA	NA	NA	NA	NA	0	NA	NA	NA	1.21	4.73	1	1.0
k141_214094	4979	NA	NA	NA	NA	NA	0	NA	NA	NA	2.2455750266175625	3.5125394027193555	3	1.0
k141_195599	1751	NA	NA	NA	NA	NA	0	NA	NA	NA	2.7066	5.1396999999999995	2	1.0
k141_104828	1002	NA	NA	NA	NA	NA	0	NA	NA	NA	0.8338341158059468	3.973184663536776	2	1.0
k141_250526	1094	NA	NA	NA	NA	NA	0	NA	NA	NA	1.55	2.99	1	1.0
k141_171585	1041	NA	NA	NA	NA	NA	0	NA	NA	NA	NA	NA	0	1.0
k141_135178	1493	NA	NA	NA	NA	NA	0	NA	NA	NA	NA	NA	0	1.0
k141_37873	2019	NA	NA	NA	NA	NA	0	NA	NA	NA	1.08	4.56	1	1.0
k141_13785	2957	NA	NA	NA	NA	NA	0	NA	NA	NA	NA	NA	0	1.02
k141_68342	4055	NA	NA	NA	NA	NA	0	NA	NA	NA	1.7672400557139156	4.059673166623478	3	1.0
k141_80514	1108	NA	NA	NA	NA	NA	0	NA	NA	NA	0.77	3.14	1	1.0
k141_183564	1668	NA	NA	NA	NA	NA	0	NA	NA	NA	0.9512888329135181	11.386788413098236	2	1.0
k141_335644	12593	NA	NA	NA	NA	NA	0	NA	NA	NA	1.97	7.35	1	1.02
k141_377997	2096	NA	NA	NA	NA	NA	0	NA	NA	NA	3.579218209813777	5.987941276158934	3	1.0
k141_74312	1221	NA	NA	NA	NA	NA	0	NA	NA	NA	0.8755543478260871	3.185576086956522	2	1.0
k141_341678	3704	NA	NA	NA	NA	NA	0	NA	NA	NA	5.63	11.14	1	1.0
k141_317299	1737	NA	NA	NA	NA	NA	0	NA	NA	NA	1.54	5.82	1	1.0
k141_299059	18900	NA	NA	NA	NA	NA	0	NA	NA	NA	2.1276755070202813	8.515686427457098	2	1.01
k141_329582	1659	NA	NA	NA	NA	NA	0	NA	NA	NA	NA	NA	0	1.0
k141_214119	1829	NA	NA	NA	NA	NA	0	NA	NA	NA	2.7384646061814557	7.829840478564308	2	1.0
k141_365821	2726	NA	NA	NA	NA	NA	0	NA	NA	NA	1.11	1.8200000000000003	1	1.0
k141_1637	21687	NA	NA	NA	NA	NA	0	NA	NA	NA	10.870528352800127	28.397893530051597	5	1.0
k141_317301	14724	NA	NA	NA	NA	NA	0	NA	NA	NA	7.654346450995906	11.453183548784986	10	1.0
k141_177564	2794	NA	NA	NA	NA	NA	0	NA	NA	NA	NA	NA	0	1.0
k141_232506	132954	NA	NA	NA	NA	NA	0	NA	NA	NA	19.346380670310996	53.780975627942766	44	1.0
k141_311229	1222	NA	NA	NA	NA	NA	0	NA	NA	NA	1.7930232558139534	5.543764534883723	2	1.0
k141_183620	3429	NA	NA	NA	NA	NA	0	NA	NA	NA	1.36	2.48	1	1.01
k141_62239	1341	NA	NA	NA	NA	NA	0	NA	NA	NA	1.54	4.4	1	1.0
k141_104876	4031	NA	NA	NA	NA	NA	0	NA	NA	NA	NA	NA	0	1.0
k141_68378	2875	NA	NA	NA	NA	NA	0	NA	NA	NA	3.2726446280991732	9.318406139315229	2	1.0
k141_171649	4847	NA	NA	NA	NA	NA	0	NA	NA	NA	1.4534159779614324	3.3050137741046828	2	1.0
k141_7577	1299	NA	NA	NA	NA	NA	0	NA	NA	NA	2.3885658153241645	5.672161100196463	2	1.0
k141_25740	1314	NA	NA	NA	NA	NA	0	NA	NA	NA	2.745423697571929	3.731078304874575	3	1.0
k141_110770	3342	NA	NA	NA	NA	NA	0	NA	NA	NA	1.657858131506819	4.519988620759454	3	1.0
k141_214140	2226	NA	NA	NA	NA	NA	0	NA	NA	NA	0.88	1.61	1	1.0
k141_153449	3079	NA	NA	NA	NA	NA	0	NA	NA	NA	4.63	5.9	1	1.0
k141_141266	2675	NA	NA	NA	NA	NA	0	NA	NA	NA	NA	NA	0	1.0
k141_238481	4357	NA	NA	NA	NA	NA	0	NA	NA	NA	NA	NA	0	1.0
k141_31966	7180	NA	NA	NA	NA	NA	0	NA	NA	NA	8.962296029127934	16.387893660423465	5	1.0
k141_341707	2898	NA	NA	NA	NA	NA	0	NA	NA	NA	NA	NA	0	1.0
k141_378054	3658	NA	NA	NA	NA	NA	0	NA	NA	NA	6.4	9.38	1	1.0
k141_37911	4547	NA	NA	NA	NA	NA	0	NA	NA	NA	NA	NA	0	1.0
k141_190095	13289	NA	NA	NA	NA	NA	0	NA	NA	NA	NA	NA	0	1.0
k141_25764	4963	NA	NA	NA	NA	NA	0	NA	NA	NA	2.82	17.03	1	1.01
k141_56262	7306	NA	NA	NA	NA	NA	0	NA	NA	NA	NA	NA	0	1.0
k141_268824	2623	NA	NA	NA	NA	NA	0	NA	NA	NA	1.41	8.88	1	1.0
k141_347709	5517	NA	NA	NA	NA	NA	0	NA	NA	NA	2.12	8.43	1	1.0
k141_19754	1144	NA	NA	NA	NA	NA	0	NA	NA	NA	0.55	14.13	1	1.0
k141_50197	1068	NA	NA	NA	NA	NA	0	NA	NA	NA	0.5849072164948453	2.7224948453608246	2	1.02
k141_256672	2890	NA	NA	NA	NA	NA	0	NA	NA	NA	4.699554497397199	8.655676929905976	3	1.0
k141_287079	1453	NA	NA	NA	NA	NA	0	NA	NA	NA	2.63	4.75	1	1.0
k141_92793	3139	NA	NA	NA	NA	NA	0	NA	NA	NA	3.9001220338164986	8.589502285019078	4	1.0
k141_25783	13491	NA	NA	NA	NA	NA	0	NA	NA	NA	5.487404207362885	29.013863636363634	3	1.01
k141_19762	2739	NA	NA	NA	NA	NA	0	NA	NA	NA	4.239841139876747	7.70676927111409	3	1.0
k141_56283	1975	NA	NA	NA	NA	NA	0	NA	NA	NA	NA	NA	0	1.0
k141_365875	6175	NA	NA	NA	NA	NA	0	NA	NA	NA	2.588540977957167	6.3147791551166526	4	1.0
k141_293239	8072	NA	NA	NA	NA	NA	0	NA	NA	NA	NA	NA	0	1.0
k141_165558	5286	NA	NA	NA	NA	NA	0	NA	NA	NA	7.528746306541748	9.86401492654758	4	1.0
k141_238518	9269	NA	NA	NA	NA	NA	0	NA	NA	NA	16.002445670263484	22.728065574320528	9	1.0
k141_250646	4079	NA	NA	NA	NA	NA	0	NA	NA	NA	0.94	3.44	1	1.0
k141_244438	2567	NA	NA	NA	NA	NA	0	NA	NA	NA	2.9122593068035942	7.269345314505777	2	1.0
k141_335764	1079	NA	NA	NA	NA	NA	0	NA	NA	NA	0.24000000000000002	0.31495535714285716	2	1.0
k141_365892	21086	NA	NA	NA	NA	NA	0	NA	NA	NA	1.6291078330855084	8.741422704336552	5	1.02
k141_13865	3224	NA	NA	NA	NA	NA	0	NA	NA	NA	3.0608073100762616	8.924008901459791	4	1.0
k141_232611	3182	NA	NA	NA	NA	NA	0	NA	NA	NA	NA	NA	0	1.0
k141_68477	1253	NA	NA	NA	NA	NA	0	NA	NA	NA	1.44	4.11	1	1.0
k141_317405	2708	NA	NA	NA	NA	NA	0	NA	NA	NA	NA	NA	0	1.0
k141_378134	1339	NA	NA	NA	NA	NA	0	NA	NA	NA	1.7351483679525224	4.360296735905044	2	1.0
k141_372115	1040	NA	NA	NA	NA	NA	0	NA	NA	NA	1.8166972477064223	2.808880733944954	2	1.0
k141_25838	3784	NA	NA	NA	NA	NA	0	NA	NA	NA	NA	NA	0	1.0
k141_256701	6611	5269	NA	NA	NA	NA	0	NA	NA	NA	2.4142727180656895	4.389962615423229	3	1.0
k141_190147	3769	NA	NA	NA	NA	NA	0	NA	NA	NA	NA	NA	0	1.0
k141_384136	2879	NA	NA	NA	NA	NA	0	NA	NA	NA	1.1103707995365004	5.4325492468134415	2	1.0
k141_7672	16973	NA	NA	NA	NA	NA	0	NA	NA	NA	3.8354464285714287	5.020535714285714	2	1.01
k141_378148	1397	NA	NA	NA	NA	NA	0	NA	NA	NA	0.6002882699375637	0.9054704866492495	3	1.0
k141_32040	88346	NA	NA	NA	NA	NA	0	NA	NA	NA	13.830814441253436	49.278294425942654	34	1.0
k141_74442	3585	NA	NA	NA	NA	NA	0	NA	NA	NA	NA	NA	0	1.0
k141_299199	1189	NA	NA	NA	NA	NA	0	NA	NA	NA	1.78	3.8999999999999995	1	1.0
k141_1776	3828	NA	NA	NA	NA	NA	0	NA	NA	NA	NA	NA	0	1.0
k141_68514	2707	NA	NA	NA	NA	NA	0	NA	NA	NA	NA	NA	0	1.0
k141_117141	9043	NA	NA	NA	NA	NA	0	NA	NA	NA	NA	NA	0	1.0
k141_274815	1159	NA	NA	NA	NA	NA	0	NA	NA	NA	1.73	3.8	1	1.0
k141_268897	1933	NA	NA	NA	NA	NA	0	NA	NA	NA	NA	NA	0	1.0
k141_214224	3257	NA	NA	NA	NA	NA	0	NA	NA	NA	1.63	9.69	1	1.0
k141_378168	1272	NA	NA	NA	NA	NA	0	NA	NA	NA	1.02	3.02	1	1.0
k141_268921	2205	NA	NA	NA	NA	NA	0	NA	NA	NA	3.614929577464789	9.711699530516432	2	1.0
k141_341796	6250	NA	NA	NA	NA	NA	0	NA	NA	NA	9.004331129762305	15.894387521222948	9	1.0
k141_347786	1069	NA	NA	NA	NA	NA	0	NA	NA	NA	NA	NA	0	1.0
k141_135376	3627	NA	NA	NA	NA	NA	0	NA	NA	NA	1.655287254017701	2.98785360885096	4	1.0
k141_105046	3086	NA	NA	NA	NA	NA	0	NA	NA	NA	2.38	8.57	1	1.0
k141_335838	3959	NA	NA	NA	NA	NA	0	NA	NA	NA	4.449613615455382	24.207387304507815	2	1.0
k141_274836	8050	NA	NA	NA	NA	NA	0	NA	NA	NA	5.632921817175439	16.437847841718554	6	1.02
k141_1834	1045	NA	NA	NA	NA	NA	0	NA	NA	NA	NA	NA	0	1.0
k141_341811	1639	NA	NA	NA	NA	NA	0	NA	NA	NA	1.76	5.32	1	1.0
k141_238609	7596	NA	NA	NA	NA	NA	0	NA	NA	NA	NA	NA	0	1.0
k141_262905	4320	NA	NA	NA	NA	NA	0	NA	NA	NA	3.036868717051203	11.859852090581176	3	1.0
k141_341817	3359	NA	NA	NA	NA	NA	0	NA	NA	NA	2.76	10.53	1	1.0
k141_141413	2313	NA	NA	NA	NA	NA	0	NA	NA	NA	1.04	4.53	1	1.0
k141_7725	2538	NA	NA	NA	NA	NA	0	NA	NA	NA	NA	NA	0	1.0
k141_171866	3800	NA	NA	NA	NA	NA	0	NA	NA	NA	NA	NA	0	1.0
k141_159666	3739	NA	NA	NA	NA	NA	0	NA	NA	NA	5.68432726222029	11.399916761167736	4	1.0
k141_311390	4219	NA	NA	NA	NA	NA	0	NA	NA	NA	3.07232741617357	12.021893491124263	2	1.0
k141_274859	4631	NA	NA	NA	NA	NA	0	NA	NA	NA	1.9840429988479777	2.5215303939316858	4	1.0
k141_68565	8172	NA	NA	NA	NA	NA	0	NA	NA	NA	2.4926318367725826	5.341228834988678	5	1.0
k141_159676	10443	NA	NA	NA	NA	NA	0	NA	NA	NA	14.057524293672998	29.214346973133235	6	1.0
k141_305415	10791	NA	NA	NA	NA	NA	0	NA	NA	NA	1.0437419296717816	13.835172997807875	3	1.0
k141_13945	3340	NA	NA	NA	NA	NA	0	NA	NA	NA	NA	NA	0	1.0
k141_92944	2628	NA	NA	NA	NA	NA	0	NA	NA	NA	NA	NA	0	1.0
k141_208088	37491	33274	NA	NA	NA	NA	0	NA	NA	NA	14.35176912282088	33.538220809661844	8	1.0
k141_62480	1591	NA	NA	NA	NA	NA	0	NA	NA	NA	2.38	5.22	1	1.0
k141_287243	3302	NA	NA	NA	NA	NA	0	NA	NA	NA	1.9862427745664741	8.355447976878613	2	1.0
k141_274878	1276	NA	NA	NA	NA	NA	0	NA	NA	NA	1.5513962264150944	5.474301886792452	2	1.0
k141_50403	2612	NA	NA	NA	NA	NA	0	NA	NA	NA	1.44	6.14	1	1.0
k141_378243	3989	NA	NA	NA	NA	NA	0	NA	NA	NA	NA	NA	0	1.0
k141_384226	5673	NA	NA	NA	NA	NA	0	NA	NA	NA	NA	NA	0	1.0
k141_62493	5663	NA	NA	NA	NA	NA	0	NA	NA	NA	6.454118268215418	14.992914466737066	2	1.0
k141_359876	24655	NA	NA	NA	NA	NA	0	NA	NA	NA	18.187320868665193	23.645830490416593	13	1.0
k141_50414	2778	NA	NA	NA	NA	NA	0	NA	NA	NA	3.852092806854361	7.889204575128134	4	1.0
k141_232717	2672	NA	NA	NA	NA	NA	0	NA	NA	NA	NA	NA	0	1.0
k141_25962	2663	NA	NA	NA	NA	NA	0	NA	NA	NA	NA	NA	0	1.01
k141_268980	1263	NA	NA	NA	NA	NA	0	NA	NA	NA	NA	NA	0	1.0
k141_74537	18240	NA	NA	NA	NA	NA	0	NA	NA	NA	7.510017800352897	15.597810438183215	7	1.0
k141_32112	5554	NA	NA	NA	NA	NA	0	NA	NA	NA	6.729567278655235	19.515248584206297	4	1.0
k141_111012	2261	NA	NA	NA	NA	NA	0	NA	NA	NA	1.0718494271685761	2.0921112929623567	2	1.0
k141_105101	1932	NA	NA	NA	NA	NA	0	NA	NA	NA	NA	NA	0	1.0
k141_19923	2752	NA	NA	NA	NA	NA	0	NA	NA	NA	4.12	9.03	1	1.0
k141_50438	4123	NA	NA	NA	NA	NA	0	NA	NA	NA	8.531691975735862	15.301505923543543	3	1.0
k141_287272	1186	NA	NA	NA	NA	NA	0	NA	NA	NA	1.36	3.8899999999999997	1	1.0
k141_62527	3790	NA	NA	NA	NA	NA	0	NA	NA	NA	6.059999999999999	12.07	1	1.0
k141_378302	6942	NA	NA	NA	NA	NA	0	NA	NA	NA	5.45684692535259	13.4438491794079	4	1.0
k141_293445	1459	NA	NA	NA	NA	NA	0	NA	NA	NA	0.65	0.85	1	1.0
k141_335906	2588	NA	NA	NA	NA	NA	0	NA	NA	NA	3.15	6.68	1	1.0
k141_1922	3764	NA	NA	NA	NA	NA	0	NA	NA	NA	NA	NA	0	1.0
k141_19945	2805	NA	NA	NA	NA	NA	0	NA	NA	NA	1.3606091272935972	7.106694600459439	3	1.0
k141_13971	2733	NA	NA	NA	NA	NA	0	NA	NA	NA	0.98	3.6699999999999995	1	1.0
k141_172043	2899	NA	NA	NA	NA	NA	0	NA	NA	NA	NA	NA	0	1.0
k141_19948	2095	NA	NA	NA	NA	NA	0	NA	NA	NA	3.4749756097560978	6.273479674796747	2	1.0
k141_250900	14938	NA	NA	NA	NA	NA	0	NA	NA	NA	6.017541176470588	21.50216470588235	2	1.0
k141_129336	3156	NA	NA	NA	NA	NA	0	NA	NA	NA	1.270526805127492	2.7925741414525938	3	1.0
k141_172051	3084	NA	NA	NA	NA	NA	0	NA	NA	NA	9.23	71.0	1	1.01
k141_80824	3525	NA	NA	NA	NA	NA	0	NA	NA	NA	NA	NA	0	1.0
k141_38135	3904	NA	NA	NA	NA	NA	0	NA	NA	NA	1.7300000000000002	10.83	1	1.02
k141_111048	2511	NA	NA	NA	NA	NA	0	NA	NA	NA	NA	NA	0	1.0
k141_153639	3586	NA	NA	NA	NA	NA	0	NA	NA	NA	NA	NA	0	1.0
k141_269030	5912	NA	NA	NA	NA	NA	0	NA	NA	NA	0.4799999999999999	0.58	1	1.0
k141_323725	2973	NA	NA	NA	NA	NA	0	NA	NA	NA	3.6295613556375	7.1609555184404226	5	1.02
k141_50469	16518	NA	NA	NA	NA	NA	0	NA	NA	NA	21.366684516623394	39.82729781067935	5	1.0
k141_50470	3034	NA	NA	NA	NA	NA	0	NA	NA	NA	5.77	9.88	1	1.0
k141_135476	4996	NA	NA	NA	NA	NA	0	NA	NA	NA	NA	NA	0	1.02
k141_250939	4193	NA	NA	NA	NA	NA	0	NA	NA	NA	8.747497789132357	11.113690675051586	3	1.0
k141_44436	10043	NA	NA	NA	NA	NA	0	NA	NA	NA	4.299364288931118	8.694609502807833	10	1.0
k141_62571	3513	NA	NA	NA	NA	NA	0	NA	NA	NA	NA	NA	0	1.0
k141_195884	1298	NA	NA	NA	NA	NA	0	NA	NA	NA	1.8111419249592167	3.3753181076672103	2	1.0
k141_214373	1971	NA	NA	NA	NA	NA	0	NA	NA	NA	3.3973684210526307	5.196315789473683	2	1.0
k141_44442	4726	NA	NA	NA	NA	NA	0	NA	NA	NA	NA	NA	0	1.0
k141_378345	2558	NA	NA	NA	NA	NA	0	NA	NA	NA	NA	NA	0	1.0
k141_74583	3185	NA	NA	NA	NA	NA	0	NA	NA	NA	2.264753833666411	6.990031701107212	7	1.0
k141_56494	6592	NA	NA	NA	NA	NA	0	NA	NA	NA	6.953483524345495	17.714895503985733	8	1.0
k141_38177	3096	NA	NA	NA	NA	NA	0	NA	NA	NA	1.52	8.81	1	1.0
k141_172122	1685	NA	NA	NA	NA	NA	0	NA	NA	NA	2.2079999999999997	3.8120000000000003	2	1.0
k141_80864	4897	3830	NA	NA	NA	NA	0	NA	NA	NA	2.3293944099378883	5.649580745341615	2	1.0
k141_153681	3164	NA	NA	NA	NA	NA	0	NA	NA	NA	0.57	2.14	1	1.0
k141_220458	2536	NA	NA	NA	NA	NA	0	NA	NA	NA	NA	NA	0	1.01
k141_62604	3524	NA	NA	NA	NA	NA	0	NA	NA	NA	1.84	7.95	1	1.0
k141_68739	12093	NA	NA	NA	NA	NA	0	NA	NA	NA	25.711517965715924	32.127206359109664	7	1.0
k141_141589	2887	NA	NA	NA	NA	NA	0	NA	NA	NA	0.52	1.98	1	1.02
k141_305554	3533	NA	NA	NA	NA	NA	0	NA	NA	NA	1.5624299065420562	2.1314953271028036	2	1.0
k141_68752	2646	NA	NA	NA	NA	NA	0	NA	NA	NA	NA	NA	0	1.0
k141_99057	3452	NA	NA	NA	NA	NA	0	NA	NA	NA	NA	NA	0	1.0
k141_244648	3487	NA	NA	NA	NA	NA	0	NA	NA	NA	32.51	79.21	1	1.0
k141_26098	6544	NA	NA	NA	NA	NA	0	NA	NA	NA	NA	NA	0	1.0
k141_80903	3314	NA	NA	NA	NA	NA	0	NA	NA	NA	6.36	8.22	1	1.0
k141_87077	1246	NA	NA	NA	NA	NA	0	NA	NA	NA	0.5584621183565774	1.0570090463626085	3	1.0
k141_7871	3338	NA	NA	NA	NA	NA	0	NA	NA	NA	1.63	2.02	1	1.0
k141_274983	5262	NA	NA	NA	NA	NA	0	NA	NA	NA	8.784440796731515	17.168879957698366	3	1.0
k141_378361	32753	NA	NA	NA	NA	NA	0	NA	NA	NA	59.973344554179604	94.5976677667017	16	1.0
k141_384343	7213	NA	NA	NA	NA	NA	0	NA	NA	NA	10.44	19.92	1	1.0
k141_26129	2141	NA	NA	NA	NA	NA	0	NA	NA	NA	3.2	7.02	1	1.0
k141_26132	1102	NA	NA	NA	NA	NA	0	NA	NA	NA	1.65	3.61	1	1.0
k141_26140	2526	NA	NA	NA	NA	NA	0	NA	NA	NA	3.3	3.62	1	1.0
k141_335985	3483	NA	NA	NA	NA	NA	0	NA	NA	NA	3.09	10.9	1	1.0
k141_226709	1122	NA	NA	NA	NA	NA	0	NA	NA	NA	0.5	1.22	1	1.0
k141_232835	6825	NA	NA	NA	NA	NA	0	NA	NA	NA	9.722790706622476	22.988086010282714	4	1.0
k141_384359	1681	NA	NA	NA	NA	NA	0	NA	NA	NA	2.52	3.416753246753247	2	1.0
k141_44491	37210	NA	NA	NA	NA	NA	0	NA	NA	NA	12.568192416833792	55.82687153616675	4	1.0
k141_159821	4080	NA	NA	NA	NA	NA	0	NA	NA	NA	5.552337100599972	13.47890987286501	3	1.0
k141_323781	4678	NA	NA	NA	NA	NA	0	NA	NA	NA	1.98	2.98	1	1.0
k141_384367	1406	NA	NA	NA	NA	NA	0	NA	NA	NA	0.54	2.05	1	1.0
k141_141630	1350	NA	NA	NA	NA	NA	0	NA	NA	NA	0.3888059701492537	0.5641791044776119	2	1.0
k141_372394	2050	NA	NA	NA	NA	NA	0	NA	NA	NA	2.3053909843606255	12.537120515179392	2	1.05
k141_323786	2935	NA	NA	NA	NA	NA	0	NA	NA	NA	1.31	1.8647348484848487	2	1.0
k141_165901	1839	NA	NA	NA	NA	NA	0	NA	NA	NA	3.22404833836858	5.629395770392749	2	1.0
k141_26165	1257	NA	NA	NA	NA	NA	0	NA	NA	NA	0.9845430460557614	3.5756725759263426	3	1.0
k141_256982	4675	NA	NA	NA	NA	NA	0	NA	NA	NA	5.456388187335947	16.84434072669719	4	1.0
k141_372401	2801	NA	NA	NA	NA	NA	0	NA	NA	NA	NA	NA	0	1.08
k141_341978	2565	1137	NA	NA	NA	NA	0	NA	NA	NA	0.26	0.34	1	1.0
k141_348010	5165	NA	NA	NA	NA	NA	0	NA	NA	NA	0.44	3.69	1	1.0
k141_366153	4922	NA	NA	NA	NA	NA	0	NA	NA	NA	NA	NA	0	1.0
k141_93125	2826	NA	NA	NA	NA	NA	0	NA	NA	NA	26.35	64.2	1	1.0
k141_117390	4770	NA	NA	NA	NA	NA	0	NA	NA	NA	NA	NA	0	1.0
k141_165925	3125	NA	NA	NA	NA	NA	0	NA	NA	NA	2.8	8.19	1	1.0
k141_159868	2550	NA	NA	NA	NA	NA	0	NA	NA	NA	3.13	4.1	1	1.0
k141_263098	2449	NA	NA	NA	NA	NA	0	NA	NA	NA	3.375716034271725	11.169204406364749	2	1.0
k141_195973	3846	NA	NA	NA	NA	NA	0	NA	NA	NA	NA	NA	0	1.0
k141_366167	2841	NA	NA	NA	NA	NA	0	NA	NA	NA	NA	NA	0	1.0
k141_311583	1136	NA	NA	NA	NA	NA	0	NA	NA	NA	NA	NA	0	1.0
k141_299504	1272	NA	NA	NA	NA	NA	0	NA	NA	NA	NA	NA	0	1.0
k141_359974	5271	NA	NA	NA	NA	NA	0	NA	NA	NA	7.401377702036057	14.41238137949592	3	1.0
k141_135573	1766	NA	NA	NA	NA	NA	0	NA	NA	NA	NA	NA	0	1.0
k141_220528	3216	NA	NA	NA	NA	NA	0	NA	NA	NA	1.9965193737489277	8.113060837861024	3	1.07
k141_105296	1321	NA	NA	NA	NA	NA	0	NA	NA	NA	0.74	2.88	1	1.0
k141_275036	3141	NA	NA	NA	NA	NA	0	NA	NA	NA	NA	NA	0	1.0
k141_105308	2813	NA	NA	NA	NA	NA	0	NA	NA	NA	3.68	7.77	1	1.0
k141_208296	1303	NA	NA	NA	NA	NA	0	NA	NA	NA	1.5	4.27	1	1.0
k141_129482	1179	NA	NA	NA	NA	NA	0	NA	NA	NA	NA	NA	0	1.0
k141_195989	2559	NA	NA	NA	NA	NA	0	NA	NA	NA	1.88	7.41	1	1.0
k141_50612	5182	NA	NA	NA	NA	NA	0	NA	NA	NA	NA	NA	0	1.0
k141_141660	6027	NA	NA	NA	NA	NA	0	NA	NA	NA	11.451603324574599	16.347050887982377	5	1.0
k141_117418	2584	NA	NA	NA	NA	NA	0	NA	NA	NA	NA	NA	0	1.0
k141_226774	2840	NA	NA	NA	NA	NA	0	NA	NA	NA	NA	NA	0	1.0
k141_311614	2215	NA	NA	NA	NA	NA	0	NA	NA	NA	1.9064376840039254	6.512423945044161	2	1.0
k141_56573	1931	NA	NA	NA	NA	NA	0	NA	NA	NA	0.16	0.5937688044338876	2	1.0
k141_257025	3412	NA	NA	NA	NA	NA	0	NA	NA	NA	2.7595469917790885	7.7726725196773545	3	1.0
k141_56577	6155	4690	NA	NA	NA	NA	0	NA	NA	NA	2.27	11.05	1	1.0
k141_20108	5391	NA	NA	NA	NA	NA	0	NA	NA	NA	NA	NA	0	1.0
k141_269169	2786	NA	NA	NA	NA	NA	0	NA	NA	NA	3.197006711409396	8.641637583892617	2	1.0
k141_329975	3396	NA	NA	NA	NA	NA	0	NA	NA	NA	NA	NA	0	1.0
k141_244744	5836	NA	NA	NA	NA	NA	0	NA	NA	NA	4.779255319148937	15.754340425531915	2	1.0
k141_214547	1656	NA	NA	NA	NA	NA	0	NA	NA	NA	NA	NA	0	1.0
k141_342031	11217	NA	NA	NA	NA	NA	0	NA	NA	NA	NA	NA	0	1.0
k141_263175	2530	NA	NA	NA	NA	NA	0	NA	NA	NA	NA	NA	0	1.0
k141_111232	1947	NA	NA	NA	NA	NA	0	NA	NA	NA	2.55	5.635763962065332	2	1.0
k141_50654	1171	NA	NA	NA	NA	NA	0	NA	NA	NA	NA	NA	0	1.0
k141_172230	3197	NA	NA	NA	NA	NA	0	NA	NA	NA	2.3222850653269105	7.887303397592263	4	1.0
k141_214551	4262	NA	NA	NA	NA	NA	0	NA	NA	NA	2.5301984126984127	10.092460317460318	2	1.0
k141_105364	4818	NA	NA	NA	NA	NA	0	NA	NA	NA	4.90536523929471	12.743853904282117	2	1.0
k141_26235	3022	NA	NA	NA	NA	NA	0	NA	NA	NA	4.1054314314356235	7.261668972817569	5	1.0
k141_38347	2565	NA	NA	NA	NA	NA	0	NA	NA	NA	NA	NA	0	1.0
k141_202500	2686	NA	NA	NA	NA	NA	0	NA	NA	NA	0.51	1.04	1	1.0
k141_62772	3597	NA	NA	NA	NA	NA	0	NA	NA	NA	NA	NA	0	1.0
k141_196013	1097	NA	NA	NA	NA	NA	0	NA	NA	NA	0.53	2.58	1	1.0
k141_336061	1315	NA	NA	NA	NA	NA	0	NA	NA	NA	0.24	1.5899999999999999	1	1.0
k141_111240	3184	NA	NA	NA	NA	NA	0	NA	NA	NA	NA	NA	0	1.0
k141_372480	1282	NA	NA	NA	NA	NA	0	NA	NA	NA	2.02	3.18	1	1.0
k141_135601	2832	NA	NA	NA	NA	NA	0	NA	NA	NA	3.22	8.775277777777776	2	1.0
k141_81045	1438	NA	NA	NA	NA	NA	0	NA	NA	NA	2.42	3.52	1	1.0
k141_269212	4866	NA	NA	NA	NA	NA	0	NA	NA	NA	NA	NA	0	1.0
k141_129539	2669	NA	NA	NA	NA	NA	0	NA	NA	NA	1.1163976164680391	3.6739978331527623	3	1.0
k141_184073	6307	NA	NA	NA	NA	NA	0	NA	NA	NA	8.449934599709103	17.983266538264324	5	1.0
k141_105387	2661	NA	NA	NA	NA	NA	0	NA	NA	NA	3.3036309543806994	4.604015551101007	4	1.0
k141_299577	2965	2167	NA	NA	NA	NA	0	NA	NA	NA	0.97	1.27	1	1.0
k141_220633	4230	NA	NA	NA	NA	NA	0	NA	NA	NA	3.7599999999999993	11.68	1	1.0
k141_26266	1393	NA	NA	NA	NA	NA	0	NA	NA	NA	1.25	4.9	1	1.0
k141_111264	1932	NA	NA	NA	NA	NA	0	NA	NA	NA	2.53	5.588967334035827	2	1.0
k141_220641	2549	NA	NA	NA	NA	NA	0	NA	NA	NA	NA	NA	0	1.0
k141_153825	12056	NA	NA	NA	NA	NA	0	NA	NA	NA	15.265119547337527	24.01624648662767	6	1.0
k141_317765	3801	NA	NA	NA	NA	NA	0	NA	NA	NA	4.788517298388635	10.750240292893801	4	1.0
k141_184082	4132	NA	NA	NA	NA	NA	0	NA	NA	NA	6.29339333106363	11.125567207807022	5	1.0
k141_348100	2824	NA	NA	NA	NA	NA	0	NA	NA	NA	0.79	3.22	1	1.0
k141_238956	2520	NA	NA	NA	NA	NA	0	NA	NA	NA	NA	NA	0	1.0
k141_141742	2997	NA	NA	NA	NA	NA	0	NA	NA	NA	6.55	7.789629629629629	2	1.0
k141_330010	2510	NA	NA	NA	NA	NA	0	NA	NA	NA	1.7540190415759014	6.066593053592319	3	1.0
k141_269240	1786	NA	NA	NA	NA	NA	0	NA	NA	NA	1.322946509519492	4.2682320942883045	3	1.0
k141_238960	1162	NA	NA	NA	NA	NA	0	NA	NA	NA	0.5272413793103449	1.1020689655172415	2	1.0
k141_32332	13565	NA	NA	NA	NA	NA	0	NA	NA	NA	9.198663708031802	38.234394687838	3	1.0
k141_166006	1476	NA	NA	NA	NA	NA	0	NA	NA	NA	1.4814671467146716	4.126831683168318	2	1.05
k141_184095	1499	NA	NA	NA	NA	NA	0	NA	NA	NA	0.6438720538720539	0.8800000000000001	2	1.0
k141_99245	4041	NA	NA	NA	NA	NA	0	NA	NA	NA	6.19021897810219	10.294124087591241	2	1.0
k141_196041	8764	NA	NA	NA	NA	NA	0	NA	NA	NA	2.7238099156516804	6.196345708698997	5	1.0
k141_378481	1199	NA	NA	NA	NA	NA	0	NA	NA	NA	1.9599999999999997	3.36	1	1.0
k141_330027	1425	NA	NA	NA	NA	NA	0	NA	NA	NA	1.4345004500450045	3.9807650765076503	2	1.0
k141_342107	2748	NA	NA	NA	NA	NA	0	NA	NA	NA	1.3081190476190474	6.534706349206349	2	1.0
k141_287514	1733	NA	NA	NA	NA	NA	0	NA	NA	NA	NA	NA	0	1.0
k141_20192	3202	NA	NA	NA	NA	NA	0	NA	NA	NA	2.07	10.23	1	1.0
k141_336111	3916	NA	NA	NA	NA	NA	0	NA	NA	NA	5.7898914116485685	14.23633761105627	2	1.0
k141_99282	5021	NA	NA	NA	NA	NA	0	NA	NA	NA	0.8	13.38	1	1.0
k141_238997	1653	NA	NA	NA	NA	NA	0	NA	NA	NA	0.3	1.12	1	1.0
k141_117516	4423	NA	NA	NA	NA	NA	0	NA	NA	NA	NA	NA	0	1.0
k141_68985	4363	NA	NA	NA	NA	NA	0	NA	NA	NA	3.8588882229929613	11.47261829924513	3	1.0
k141_20202	3464	NA	NA	NA	NA	NA	0	NA	NA	NA	1.4874275882834929	3.382990178264927	5	1.0
k141_135675	1112	NA	NA	NA	NA	NA	0	NA	NA	NA	2.47	4.13	1	1.0
k141_8066	4034	NA	NA	NA	NA	NA	0	NA	NA	NA	NA	NA	0	1.0
k141_81122	3693	NA	NA	NA	NA	NA	0	NA	NA	NA	5.0085428571428565	12.387828571428571	2	1.0
k141_62810	28744	NA	NA	NA	NA	NA	0	NA	NA	NA	8.285160051216389	22.915480153649167	2	1.0
k141_305715	7720	NA	NA	NA	NA	NA	0	NA	NA	NA	NA	NA	0	1.0
k141_50747	4114	NA	NA	NA	NA	NA	0	NA	NA	NA	8.036327193932829	12.365503791982665	2	1.0
k141_251193	1529	NA	NA	NA	NA	NA	0	NA	NA	NA	0.74	3.6	1	1.0
k141_117531	1781	NA	NA	NA	NA	NA	0	NA	NA	NA	NA	NA	0	1.0
k141_372548	2865	NA	NA	NA	NA	NA	0	NA	NA	NA	NA	NA	0	1.01
k141_147894	2282	NA	NA	NA	NA	NA	0	NA	NA	NA	1.11	5.38	1	1.0
k141_342135	5409	NA	NA	NA	NA	NA	0	NA	NA	NA	NA	NA	0	1.0
k141_305727	1237	NA	NA	NA	NA	NA	0	NA	NA	NA	0.7488945454545455	3.672167272727273	2	1.0
k141_214623	1578	NA	NA	NA	NA	NA	0	NA	NA	NA	1.1	5.38	1	1.0
k141_177921	9608	NA	NA	NA	NA	NA	0	NA	NA	NA	13.898273645194589	29.74496364917958	7	1.0
k141_263311	3005	NA	NA	NA	NA	NA	0	NA	NA	NA	1.67	8.65	1	1.0
k141_81157	3061	NA	NA	NA	NA	NA	0	NA	NA	NA	NA	NA	0	1.0
k141_305755	1741	NA	NA	NA	NA	NA	0	NA	NA	NA	2.3600571428571433	5.8426	2	1.0
k141_184183	14084	NA	NA	NA	NA	NA	0	NA	NA	NA	6.437900702691061	37.12093795512121	9	1.01
k141_336119	9782	NA	NA	NA	NA	NA	0	NA	NA	NA	4.173316782522344	10.782293942403177	2	1.0
k141_323972	1991	NA	NA	NA	NA	NA	0	NA	NA	NA	1.07	4.5	1	1.0
k141_239040	2673	NA	NA	NA	NA	NA	0	NA	NA	NA	1.03	4.08	1	1.0
k141_160083	6827	NA	NA	NA	NA	NA	0	NA	NA	NA	NA	NA	0	1.0
k141_299711	1079	NA	NA	NA	NA	NA	0	NA	NA	NA	NA	NA	0	1.0
k141_26356	2225	NA	NA	NA	NA	NA	0	NA	NA	NA	NA	NA	0	1.0
k141_135749	1529	NA	NA	NA	NA	NA	0	NA	NA	NA	0.35000000000000003	0.45495535714285723	2	1.0
k141_111368	1259	NA	NA	NA	NA	NA	0	NA	NA	NA	1.4451778656126482	2.96201581027668	2	1.0
k141_2275	1207	NA	NA	NA	NA	NA	0	NA	NA	NA	NA	NA	0	1.0
k141_44704	1379	NA	NA	NA	NA	NA	0	NA	NA	NA	2.04	3.81	1	1.0
k141_56727	2787	NA	NA	NA	NA	NA	0	NA	NA	NA	NA	NA	0	1.0
k141_324003	16641	NA	NA	NA	NA	NA	0	NA	NA	NA	7.161237209302325	27.86170232558139	2	1.02
k141_348182	1165	NA	NA	NA	NA	NA	0	NA	NA	NA	1.75	3.45	1	1.0
k141_257202	5015	NA	NA	NA	NA	NA	0	NA	NA	NA	1.61	4.9	1	1.0
k141_251265	2269	NA	NA	NA	NA	NA	0	NA	NA	NA	2.06	6.33	1	1.0
k141_214661	1894	NA	NA	NA	NA	NA	0	NA	NA	NA	3.070405474990172	6.542187353871168	4	1.0
k141_153939	2586	NA	NA	NA	NA	NA	0	NA	NA	NA	NA	NA	0	1.0
k141_299741	3724	NA	NA	NA	NA	NA	0	NA	NA	NA	34.72	84.6	1	1.0
k141_287654	3998	NA	NA	NA	NA	NA	0	NA	NA	NA	NA	NA	0	1.01
k141_44717	4478	NA	NA	NA	NA	NA	0	NA	NA	NA	1.8058386645646272	3.404300201224211	3	1.01
k141_330097	4037	NA	NA	NA	NA	NA	0	NA	NA	NA	6.04	13.24	1	1.0
k141_32475	17706	NA	NA	NA	NA	NA	0	NA	NA	NA	3.79	5.78	1	1.02
k141_38467	1693	NA	NA	NA	NA	NA	0	NA	NA	NA	0.67	1.23	1	1.0
k141_166121	1609	NA	NA	NA	NA	NA	0	NA	NA	NA	0.8043478260869565	0.94	2	1.0
k141_220769	2078	NA	NA	NA	NA	NA	0	NA	NA	NA	0.9416341829085458	1.7551724137931037	2	1.0
k141_44720	4479	NA	NA	NA	NA	NA	0	NA	NA	NA	1.8058386645646272	3.404300201224211	3	1.0
k141_372625	2554	NA	NA	NA	NA	NA	0	NA	NA	NA	2.31	6.31	1	1.0
k141_62902	3026	NA	NA	NA	NA	NA	0	NA	NA	NA	NA	NA	0	1.0
k141_105536	4663	NA	NA	NA	NA	NA	0	NA	NA	NA	NA	NA	0	1.0
k141_32487	2534	NA	NA	NA	NA	NA	0	NA	NA	NA	NA	NA	0	1.0
k141_153962	4798	NA	NA	NA	NA	NA	0	NA	NA	NA	NA	NA	0	1.0
k141_166134	4125	NA	NA	NA	NA	NA	0	NA	NA	NA	8.714042191221505	11.021000340251787	3	1.0
k141_62919	2153	NA	NA	NA	NA	NA	0	NA	NA	NA	1.5201811578348579	5.471531381729606	3	1.0
k141_220778	8175	NA	NA	NA	NA	NA	0	NA	NA	NA	5.326758241758242	21.52642857142857	2	1.0
k141_93414	2347	NA	NA	NA	NA	NA	0	NA	NA	NA	1.63	8.0	1	1.02
k141_166152	1606	NA	NA	NA	NA	NA	0	NA	NA	NA	0.72	0.9399999999999998	1	1.0
k141_378588	11621	NA	NA	NA	NA	NA	0	NA	NA	NA	10.74	31.700000000000003	1	1.0
k141_269429	1478	NA	NA	NA	NA	NA	0	NA	NA	NA	2.22	4.38	1	1.0
k141_166153	4455	NA	NA	NA	NA	NA	0	NA	NA	NA	4.482204007285975	13.19704918032787	2	1.0
k141_111419	1268	NA	NA	NA	NA	NA	0	NA	NA	NA	NA	NA	0	1.0
k141_93425	9073	NA	NA	NA	NA	NA	0	NA	NA	NA	12.71	21.270000000000003	1	1.0
k141_354442	5412	NA	NA	NA	NA	NA	0	NA	NA	NA	NA	NA	0	1.0
k141_14335	3806	NA	NA	NA	NA	NA	0	NA	NA	NA	NA	NA	0	1.0
k141_69153	1457	NA	NA	NA	NA	NA	0	NA	NA	NA	2.099423076923077	3.4443269230769236	2	1.0
k141_257264	2825	NA	NA	NA	NA	NA	0	NA	NA	NA	NA	NA	0	1.0
k141_172434	2577	NA	NA	NA	NA	NA	0	NA	NA	NA	NA	NA	0	1.0
k141_32518	5731	NA	NA	NA	NA	NA	0	NA	NA	NA	0.46	3.2	1	1.0
k141_62940	2516	NA	NA	NA	NA	NA	0	NA	NA	NA	4.2702325581395355	7.2013953488372096	2	1.0
k141_196044	174250	NA	NA	NA	NA	NA	0	NA	NA	NA	23.531997387703065	66.32628438952285	45	1.0
k141_56848	1379	NA	NA	NA	NA	NA	0	NA	NA	NA	1.5361481481481483	4.472707818930041	2	1.0
k141_287739	3543	NA	NA	NA	NA	NA	0	NA	NA	NA	0.76	2.79	1	1.01
k141_14377	1309	NA	NA	NA	NA	NA	0	NA	NA	NA	1.239407114624506	4.0044664031620565	2	1.0
k141_275277	2263	NA	NA	NA	NA	NA	0	NA	NA	NA	0.18	1.2649966555183947	2	1.0
k141_305898	3178	NA	NA	NA	NA	NA	0	NA	NA	NA	NA	NA	0	1.0
k141_208561	1389	NA	NA	NA	NA	NA	0	NA	NA	NA	2.93	4.03	1	1.0
k141_166193	1238	NA	NA	NA	NA	NA	0	NA	NA	NA	1.727334525939177	3.4887656529516993	2	1.0
k141_87447	13493	NA	NA	NA	NA	NA	0	NA	NA	NA	NA	NA	0	1.01
k141_135893	1433	NA	NA	NA	NA	NA	0	NA	NA	NA	1.7549406481125933	6.87999165233651	3	1.0
k141_105601	2723	NA	NA	NA	NA	NA	0	NA	NA	NA	NA	NA	0	1.0
k141_2362	3998	NA	NA	NA	NA	NA	0	NA	NA	NA	NA	NA	0	1.0
k141_354473	4170	NA	NA	NA	NA	NA	0	NA	NA	NA	5.410628571428572	8.291028571428573	2	1.0
k141_123728	5477	NA	NA	NA	NA	NA	0	NA	NA	NA	0.4223424783310175	2.023999536195264	4	1.0
k141_251373	2527	NA	NA	NA	NA	NA	0	NA	NA	NA	4.055979381443299	7.8907216494845365	2	1.0
k141_74998	4710	NA	NA	NA	NA	NA	0	NA	NA	NA	9.471509433962265	12.21	2	1.0
k141_14396	2677	NA	NA	NA	NA	NA	0	NA	NA	NA	NA	NA	0	1.04
k141_275290	4632	NA	NA	NA	NA	NA	0	NA	NA	NA	6.678399503722084	15.577146401985111	2	1.0
k141_62984	5536	NA	NA	NA	NA	NA	0	NA	NA	NA	NA	NA	0	1.0
k141_129786	1817	NA	NA	NA	NA	NA	0	NA	NA	NA	1.08	4.83	1	1.0
k141_2377	4215	NA	NA	NA	NA	NA	0	NA	NA	NA	2.67	9.28	1	1.0
k141_305910	5414	NA	NA	NA	NA	NA	0	NA	NA	NA	NA	NA	0	1.0
k141_324154	4701	NA	NA	NA	NA	NA	0	NA	NA	NA	1.41	11.5	1	1.0
k141_372745	1574	NA	NA	NA	NA	NA	0	NA	NA	NA	1.69	5.11	1	1.0
k141_263478	2502	NA	NA	NA	NA	NA	0	NA	NA	NA	NA	NA	0	1.0
k141_99510	2199	NA	NA	NA	NA	NA	0	NA	NA	NA	0.9004147465437788	1.3457603686635944	2	1.0
k141_142011	1012	NA	NA	NA	NA	NA	0	NA	NA	NA	1.16	2.7	1	1.0
k141_69214	3361	NA	NA	NA	NA	NA	0	NA	NA	NA	1.0957142857142856	4.291428571428571	2	1.0
k141_172487	1404	NA	NA	NA	NA	NA	0	NA	NA	NA	0.56	0.91	1	1.0
k141_366449	19040	NA	NA	NA	NA	NA	0	NA	NA	NA	7.936437934152813	33.05622298267325	7	1.0
k141_111487	4032	NA	NA	NA	NA	NA	0	NA	NA	NA	NA	NA	0	1.0
k141_269527	3496	NA	NA	NA	NA	NA	0	NA	NA	NA	NA	NA	0	1.04
k141_208606	5051	NA	NA	NA	NA	NA	0	NA	NA	NA	NA	NA	0	1.0
k141_311990	2628	NA	NA	NA	NA	NA	0	NA	NA	NA	0.22	1.53	1	1.0
k141_305921	1737	NA	NA	NA	NA	NA	0	NA	NA	NA	0.7422085889570552	1.4130674846625766	2	1.0
k141_384748	1211	NA	NA	NA	NA	NA	0	NA	NA	NA	1.3	3.9300000000000006	1	1.0
k141_202870	16882	NA	NA	NA	NA	NA	0	NA	NA	NA	17.65813644906341	41.659389028968015	8	1.01
k141_330257	1571	NA	NA	NA	NA	NA	0	NA	NA	NA	0.7810144927536231	4.753333333333333	2	1.0
k141_154102	1011	NA	NA	NA	NA	NA	0	NA	NA	NA	2.0	3.14	1	1.0
k141_32599	19997	NA	NA	NA	NA	NA	0	NA	NA	NA	9.048564628844183	16.610063512318817	13	1.0
k141_360267	24986	NA	NA	NA	NA	NA	0	NA	NA	NA	7.346599224665647	19.889778207561093	4	1.0
k141_56922	3266	NA	NA	NA	NA	NA	0	NA	NA	NA	NA	NA	0	1.0
k141_166266	1618	NA	NA	NA	NA	NA	0	NA	NA	NA	3.01	4.98	1	1.0
k141_44877	5357	NA	NA	NA	NA	NA	0	NA	NA	NA	2.2983155080213904	3.436978609625669	2	1.0
k141_275344	1727	NA	NA	NA	NA	NA	0	NA	NA	NA	2.6	5.12	1	1.0
k141_44879	3114	NA	NA	NA	NA	NA	0	NA	NA	NA	1.2989777492134738	2.5058015310697273	3	1.0
k141_111514	8013	NA	NA	NA	NA	NA	0	NA	NA	NA	1.48	5.52	1	1.0
k141_263525	5915	NA	NA	NA	NA	NA	0	NA	NA	NA	NA	NA	0	1.0
k141_324170	6930	NA	NA	NA	NA	NA	0	NA	NA	NA	2.9611811926605505	5.274529816513761	2	1.0
k141_372792	3092	NA	NA	NA	NA	NA	0	NA	NA	NA	3.3300000000000005	8.61	1	1.0
k141_160291	2445	778	NA	NA	NA	NA	0	NA	NA	NA	0.46	2.07	1	1.01
k141_32632	3653	NA	NA	NA	NA	NA	0	NA	NA	NA	NA	NA	0	1.0
k141_251470	2943	NA	NA	NA	NA	NA	0	NA	NA	NA	1.4083574879227052	8.100305958132045	2	1.0
k141_81431	2963	NA	NA	NA	NA	NA	0	NA	NA	NA	3.272136279926335	8.860165745856351	2	1.0
k141_263557	10457	NA	NA	NA	NA	NA	0	NA	NA	NA	NA	NA	0	1.0
k141_123818	2190	NA	NA	NA	NA	NA	0	NA	NA	NA	4.06	6.59	1	1.0
k141_93609	1328	NA	NA	NA	NA	NA	0	NA	NA	NA	1.49	3.8599999999999994	1	1.0
k141_20497	3170	NA	NA	NA	NA	NA	0	NA	NA	NA	5.501671231953357	9.499338240871072	4	1.0
k141_269625	1046	NA	NA	NA	NA	NA	0	NA	NA	NA	1.2610877862595418	2.124026717557252	2	1.0
k141_178115	1858	NA	NA	NA	NA	NA	0	NA	NA	NA	2.52	11.94	1	1.0
k141_227098	2607	NA	NA	NA	NA	NA	0	NA	NA	NA	1.25	1.71	1	1.0
k141_105718	11599	NA	NA	NA	NA	NA	0	NA	NA	NA	NA	NA	0	1.0
k141_20514	2728	NA	NA	NA	NA	NA	0	NA	NA	NA	1.2444524495677236	8.001678674351584	2	1.0
k141_306030	3438	NA	NA	NA	NA	NA	0	NA	NA	NA	32.05	78.1	1	1.0
k141_99592	2531	NA	NA	NA	NA	NA	0	NA	NA	NA	NA	NA	0	1.01
k141_69312	4853	NA	NA	NA	NA	NA	0	NA	NA	NA	4.32	16.25	1	1.0
k141_123837	1711	NA	NA	NA	NA	NA	0	NA	NA	NA	2.73	4.31	1	1.0
k141_111597	1246	NA	NA	NA	NA	NA	0	NA	NA	NA	0.6741725601131541	3.1996888260254592	2	1.0
k141_142158	2882	NA	NA	NA	NA	NA	0	NA	NA	NA	3.452038216560509	12.547919320594477	2	1.0
k141_123843	2314	NA	NA	NA	NA	NA	0	NA	NA	NA	2.4091793508144113	7.2191819828915	3	1.0
k141_75127	1630	NA	NA	NA	NA	NA	0	NA	NA	NA	0.71	0.9700000000000001	1	1.0
k141_105744	3174	NA	NA	NA	NA	NA	0	NA	NA	NA	1.41	9.25	1	1.0
k141_2475	40825	NA	NA	NA	NA	NA	0	NA	NA	NA	17.82710501789671	42.52472084230176	21	1.0
k141_105756	5512	NA	NA	NA	NA	NA	0	NA	NA	NA	NA	NA	0	1.0
k141_160334	3591	NA	NA	NA	NA	NA	0	NA	NA	NA	5.080029583264221	10.744833008579691	3	1.0
k141_312062	1160	NA	NA	NA	NA	NA	0	NA	NA	NA	2.44	3.75	1	1.0
k141_123875	2595	NA	NA	NA	NA	NA	0	NA	NA	NA	NA	NA	0	1.0
k141_14567	7011	NA	NA	NA	NA	NA	0	NA	NA	NA	65.36	100.0	1	1.0
k141_105776	1060	NA	NA	NA	NA	NA	0	NA	NA	NA	NA	NA	0	1.0
k141_378817	1223	NA	NA	NA	NA	NA	0	NA	NA	NA	NA	NA	0	1.0
k141_2518	4199	NA	NA	NA	NA	NA	0	NA	NA	NA	5.336989396025436	9.936402438643375	3	1.0
k141_318153	3112	2359	NA	NA	NA	NA	0	NA	NA	NA	1.42	6.2	1	1.0
k141_378825	6141	NA	NA	NA	NA	NA	0	NA	NA	NA	4.11	7.119999999999999	1	1.0
k141_312065	11138	NA	NA	NA	NA	NA	0	NA	NA	NA	5.3517092426549375	18.480571815259687	3	1.0
k141_378834	1102	NA	NA	NA	NA	NA	0	NA	NA	NA	NA	NA	0	1.0
k141_263635	5392	NA	NA	NA	NA	NA	0	NA	NA	NA	NA	NA	0	1.0
k141_44997	2273	NA	NA	NA	NA	NA	0	NA	NA	NA	1.0785420518253843	1.8557677937965678	3	1.0
k141_227193	2524	NA	NA	NA	NA	NA	0	NA	NA	NA	NA	NA	0	1.1
k141_75162	2833	NA	NA	NA	NA	NA	0	NA	NA	NA	4.020849598163031	7.22118254879449	2	1.0
k141_136045	2460	NA	NA	NA	NA	NA	0	NA	NA	NA	0.65	2.55	1	1.0
k141_245327	8121	NA	NA	NA	NA	NA	0	NA	NA	NA	15.186956529462968	23.18810165035263	4	1.0
k141_117964	2025	NA	NA	NA	NA	NA	0	NA	NA	NA	3.03	6.64	1	1.0
k141_2551	4428	NA	NA	NA	NA	NA	0	NA	NA	NA	2.167244094488189	3.533937007874016	2	1.0
k141_123920	10108	NA	NA	NA	NA	NA	0	NA	NA	NA	4.2314703343269695	13.86231698461006	5	1.0
k141_26643	2671	NA	NA	NA	NA	NA	0	NA	NA	NA	NA	NA	0	1.0
k141_117977	1151	NA	NA	NA	NA	NA	0	NA	NA	NA	1.97	3.53	1	1.0
k141_32787	3695	NA	NA	NA	NA	NA	0	NA	NA	NA	NA	NA	0	1.0
k141_312098	2614	NA	NA	NA	NA	NA	0	NA	NA	NA	1.54	5.000000000000001	1	1.0
k141_154281	1155	NA	NA	NA	NA	NA	0	NA	NA	NA	NA	NA	0	1.0
k141_63106	2953	2093	NA	NA	NA	NA	0	NA	NA	NA	0.9853407682775712	2.203482032218092	2	1.0
k141_32797	2846	NA	NA	NA	NA	NA	0	NA	NA	NA	NA	NA	0	1.0
k141_8379	1893	NA	NA	NA	NA	NA	0	NA	NA	NA	0.43000000000000005	0.5599107142857144	2	1.0
k141_348474	2672	NA	NA	NA	NA	NA	0	NA	NA	NA	1.2527369973641393	4.338957725148358	4	1.0
k141_32798	2648	NA	NA	NA	NA	NA	0	NA	NA	NA	4.872740619902121	8.625725938009788	2	1.0
k141_312103	5146	NA	NA	NA	NA	NA	0	NA	NA	NA	2.07	6.41	1	1.0
k141_208782	1230	NA	NA	NA	NA	NA	0	NA	NA	NA	1.29	4.15	1	1.0
k141_354698	5106	NA	NA	NA	NA	NA	0	NA	NA	NA	6.884884198928047	15.763137139682959	4	1.0
k141_93748	3546	NA	NA	NA	NA	NA	0	NA	NA	NA	4.318829605881974	12.058078682411178	3	1.0
k141_245366	1089	NA	NA	NA	NA	NA	0	NA	NA	NA	NA	NA	0	1.0
k141_129928	86548	NA	NA	NA	NA	NA	0	NA	NA	NA	17.180285288961713	51.58867591997133	6	1.0
k141_51030	2926	NA	NA	NA	NA	NA	0	NA	NA	NA	1.3122781065088758	3.4484171597633133	2	1.0
k141_111687	2597	NA	NA	NA	NA	NA	0	NA	NA	NA	NA	NA	0	1.0
k141_93764	1922	NA	NA	NA	NA	NA	0	NA	NA	NA	2.0342065538821266	7.412951224124889	3	1.0
k141_384852	14037	NA	NA	NA	NA	NA	0	NA	NA	NA	5.375634341218863	9.627707347642174	3	1.0
k141_93773	2320	NA	NA	NA	NA	NA	0	NA	NA	NA	1.1098387096774194	2.9619009216589864	2	1.0
k141_214968	2961	NA	NA	NA	NA	NA	0	NA	NA	NA	1.8273392743475494	9.64903882877148	2	1.03
k141_378902	2359	NA	NA	NA	NA	NA	0	NA	NA	NA	3.016517357222844	8.882474804031354	2	1.0
k141_105866	1016	NA	NA	NA	NA	NA	0	NA	NA	NA	NA	NA	0	1.0
k141_123952	4193	NA	NA	NA	NA	NA	0	NA	NA	NA	NA	NA	0	1.0
k141_14707	8775	NA	NA	NA	NA	NA	0	NA	NA	NA	3.7273576114420828	11.504848281137718	3	1.0
k141_360476	1805	NA	NA	NA	NA	NA	0	NA	NA	NA	0.39000000000000007	6.05	1	1.0
k141_190918	8385	NA	NA	NA	NA	NA	0	NA	NA	NA	13.063857662076634	26.358922651800516	10	1.0
k141_354719	9129	NA	NA	NA	NA	NA	0	NA	NA	NA	12.032951719345135	24.8113076043724	9	1.0
k141_257566	3146	NA	NA	NA	NA	NA	0	NA	NA	NA	NA	NA	0	1.0
k141_300102	2120	NA	NA	NA	NA	NA	0	NA	NA	NA	0.48	0.6299408331764516	3	1.0
k141_330501	3879	NA	NA	NA	NA	NA	0	NA	NA	NA	1.710883534136546	2.4317670682730923	2	1.0
k141_14717	1286	NA	NA	NA	NA	NA	0	NA	NA	NA	0.57	1.5007465618860512	2	1.0
k141_330504	3917	NA	NA	NA	NA	NA	0	NA	NA	NA	1.311475490547875	6.512361205051238	3	1.0
k141_221159	2852	NA	NA	NA	NA	NA	0	NA	NA	NA	NA	NA	0	1.0
k141_263712	4112	NA	NA	NA	NA	NA	0	NA	NA	NA	1.7003045790526745	5.117078819419248	3	1.0
k141_154338	1835	NA	NA	NA	NA	NA	0	NA	NA	NA	1.05	2.02	1	1.0
k141_318233	1264	NA	NA	NA	NA	NA	0	NA	NA	NA	0.54	0.81	1	1.0
k141_93831	3286	NA	NA	NA	NA	NA	0	NA	NA	NA	1.81	9.11	1	1.0
k141_118045	14415	NA	NA	NA	NA	NA	0	NA	NA	NA	29.946068923379425	41.16658240975786	6	1.0
k141_372945	1531	NA	NA	NA	NA	NA	0	NA	NA	NA	2.279393680614859	4.0095559350982075	2	1.0
k141_366611	3328	NA	NA	NA	NA	NA	0	NA	NA	NA	5.555436292672535	10.858009312446267	3	1.0
k141_160452	4278	NA	NA	NA	NA	NA	0	NA	NA	NA	NA	NA	0	1.0
k141_75250	3282	NA	NA	NA	NA	NA	0	NA	NA	NA	0.26	1.67	1	1.0
k141_384891	1973	NA	NA	NA	NA	NA	0	NA	NA	NA	2.8561417322834646	5.887322834645669	2	1.0
k141_190947	13482	NA	NA	NA	NA	NA	0	NA	NA	NA	6.077460818888632	15.898420092319006	3	1.0
k141_184558	2528	NA	NA	NA	NA	NA	0	NA	NA	NA	NA	NA	0	1.0
k141_354760	2202	NA	NA	NA	NA	NA	0	NA	NA	NA	0.9856868131868131	2.071510989010989	2	1.0
k141_324396	2611	NA	NA	NA	NA	NA	0	NA	NA	NA	NA	NA	0	1.0
k141_318258	3293	NA	NA	NA	NA	NA	0	NA	NA	NA	NA	NA	0	1.0
k141_287982	1514	NA	NA	NA	NA	NA	0	NA	NA	NA	0.7	1.62	1	1.0
k141_111746	2653	NA	NA	NA	NA	NA	0	NA	NA	NA	1.4336209335219234	6.815205091937765	2	1.0
k141_196365	2089	NA	NA	NA	NA	NA	0	NA	NA	NA	0.93	5.79	1	1.0
k141_63233	2993	NA	NA	NA	NA	NA	0	NA	NA	NA	NA	NA	0	1.0
k141_251609	3587	NA	NA	NA	NA	NA	0	NA	NA	NA	NA	NA	0	1.0
k141_14806	1732	NA	NA	NA	NA	NA	0	NA	NA	NA	2.2583333333333333	5.066666666666666	2	1.0
k141_227319	7494	NA	NA	NA	NA	NA	0	NA	NA	NA	1.7586795146324052	11.209014989293362	2	1.0
k141_257614	2627	NA	NA	NA	NA	NA	0	NA	NA	NA	NA	NA	0	1.0
k141_105984	4810	NA	NA	NA	NA	NA	0	NA	NA	NA	NA	NA	0	1.0
k141_336633	5232	NA	NA	NA	NA	NA	0	NA	NA	NA	NA	NA	0	1.01
k141_378972	2921	NA	NA	NA	NA	NA	0	NA	NA	NA	1.56	6.599999999999999	1	1.0
k141_239431	2638	NA	NA	NA	NA	NA	0	NA	NA	NA	3.346795065535852	7.300803700848111	3	1.0
k141_93926	4155	NA	NA	NA	NA	NA	0	NA	NA	NA	1.9479407211526294	6.105588845248365	3	1.0
k141_38846	2546	NA	NA	NA	NA	NA	0	NA	NA	NA	3.859475218658892	7.076530612244897	3	1.0
k141_330585	6324	NA	NA	NA	NA	NA	0	NA	NA	NA	NA	NA	0	1.01
k141_136253	3352	NA	NA	NA	NA	NA	0	NA	NA	NA	3.8361140683608275	9.0492671179037	3	1.0
k141_2681	1792	NA	NA	NA	NA	NA	0	NA	NA	NA	0.84	5.16	1	1.0
k141_45169	5178	NA	NA	NA	NA	NA	0	NA	NA	NA	7.0243367137690615	15.180082677752507	3	1.0
k141_342622	2656	NA	NA	NA	NA	NA	0	NA	NA	NA	1.1913433962264153	6.359169811320755	2	1.0
k141_282154	3688	NA	NA	NA	NA	NA	0	NA	NA	NA	NA	NA	0	1.0
k141_75318	1066	NA	NA	NA	NA	NA	0	NA	NA	NA	1.61	2.8000000000000003	1	1.0
k141_130039	4173	NA	NA	NA	NA	NA	0	NA	NA	NA	1.764201126951513	3.143232754002284	5	1.0
k141_263786	5278	NA	NA	NA	NA	NA	0	NA	NA	NA	NA	NA	0	1.0
k141_136284	2156	NA	NA	NA	NA	NA	0	NA	NA	NA	1.17	6.34	1	1.0
k141_160529	3229	NA	NA	NA	NA	NA	0	NA	NA	NA	1.32	9.8	1	1.05
k141_26759	2995	NA	NA	NA	NA	NA	0	NA	NA	NA	1.0671596858638743	1.9637696335078534	2	1.0
k141_69591	2852	NA	NA	NA	NA	NA	0	NA	NA	NA	NA	NA	0	1.0
k141_130054	1022	NA	NA	NA	NA	NA	0	NA	NA	NA	0.55	2.28	1	1.0
k141_106109	3234	NA	NA	NA	NA	NA	0	NA	NA	NA	0.72	0.96	1	1.0
k141_93958	3124	NA	NA	NA	NA	NA	0	NA	NA	NA	0.16	0.79	1	1.0
k141_69611	2547	1052	NA	NA	NA	NA	0	NA	NA	NA	0.08	0.39	1	1.0
k141_282173	1281	NA	NA	NA	NA	NA	0	NA	NA	NA	0.5650413223140496	0.7948760330578513	2	1.0
k141_2704	1100	NA	NA	NA	NA	NA	0	NA	NA	NA	0.57	3.17	1	1.0
k141_32977	17244	13247	NA	NA	NA	NA	0	NA	NA	NA	3.393434923467568	5.747194364564688	10	1.0
k141_300201	1396	NA	NA	NA	NA	NA	0	NA	NA	NA	0.32	0.49	1	1.0
k141_233574	3541	NA	NA	NA	NA	NA	0	NA	NA	NA	1.9889599834558556	2.579511067830511	4	1.0
k141_166532	3622	NA	NA	NA	NA	NA	0	NA	NA	NA	4.5130708661417325	11.423464566929134	2	1.0
k141_106143	3806	NA	NA	NA	NA	NA	0	NA	NA	NA	NA	NA	0	1.0
k141_269891	3403	NA	NA	NA	NA	NA	0	NA	NA	NA	4.25	4.89	1	1.0
k141_306331	3713	NA	NA	NA	NA	NA	0	NA	NA	NA	NA	NA	0	1.0
k141_245535	1911	NA	NA	NA	NA	NA	0	NA	NA	NA	2.983164556962025	4.845379746835443	2	1.01
k141_38897	5740	NA	NA	NA	NA	NA	0	NA	NA	NA	4.299121447028424	4.847924203273041	2	1.0
k141_8611	2578	NA	NA	NA	NA	NA	0	NA	NA	NA	2.78	7.17	1	1.0
k141_69618	2614	NA	NA	NA	NA	NA	0	NA	NA	NA	0.2	0.98	1	1.0
k141_51215	10050	NA	NA	NA	NA	NA	0	NA	NA	NA	10.840155820348304	29.687176901924836	2	1.0
k141_312275	1716	NA	NA	NA	NA	NA	0	NA	NA	NA	1.9054265597661493	5.203985510810678	3	1.0
k141_154490	3612	NA	NA	NA	NA	NA	0	NA	NA	NA	2.0546920675440257	4.115310800570505	4	1.0
k141_57338	5994	NA	NA	NA	NA	NA	0	NA	NA	NA	10.74990769230769	18.171846153846154	2	1.0
k141_379036	2464	NA	NA	NA	NA	NA	0	NA	NA	NA	5.111295546558705	7.028825910931175	2	1.0
k141_184661	1793	NA	NA	NA	NA	NA	0	NA	NA	NA	0.7235434412265759	1.640221465076661	2	1.0
k141_75369	4971	NA	NA	NA	NA	NA	0	NA	NA	NA	7.412023692003948	17.545907744772503	3	1.0
k141_2742	2008	NA	NA	NA	NA	NA	0	NA	NA	NA	1.82	5.61	1	1.0
k141_360583	4468	NA	NA	NA	NA	NA	0	NA	NA	NA	4.212609474250059	12.306161282620106	4	1.0
k141_373046	16116	NA	NA	NA	NA	NA	0	NA	NA	NA	6.869224871066831	17.460481115375533	9	1.0
k141_38927	2475	NA	NA	NA	NA	NA	0	NA	NA	NA	1.1	7.219999999999999	1	1.0
k141_306381	1101	NA	NA	NA	NA	NA	0	NA	NA	NA	NA	NA	0	1.0
k141_136370	1266	NA	NA	NA	NA	NA	0	NA	NA	NA	0.5741330166270784	1.4305581947743469	2	1.0
k141_45265	3014	NA	NA	NA	NA	NA	0	NA	NA	NA	NA	NA	0	1.0
k141_263878	6677	NA	NA	NA	NA	NA	0	NA	NA	NA	NA	NA	0	1.0
k141_118240	3631	NA	NA	NA	NA	NA	0	NA	NA	NA	NA	NA	0	1.0
k141_245581	6849	NA	NA	NA	NA	NA	0	NA	NA	NA	8.010456176666107	20.7144653753236	3	1.0
k141_348681	1650	NA	NA	NA	NA	NA	0	NA	NA	NA	2.47	5.41	1	1.0
k141_275659	1583	NA	NA	NA	NA	NA	0	NA	NA	NA	1.4199999999999997	4.71	1	1.0
k141_87777	4621	NA	NA	NA	NA	NA	0	NA	NA	NA	2.89	14.41	1	1.0
k141_106204	1096	NA	NA	NA	NA	NA	0	NA	NA	NA	NA	NA	0	1.0
k141_178358	2608	NA	NA	NA	NA	NA	0	NA	NA	NA	1.16	1.67	1	1.0
k141_342735	2584	NA	NA	NA	NA	NA	0	NA	NA	NA	2.8397169811320757	8.47575471698113	2	1.0
k141_106206	4419	NA	NA	NA	NA	NA	0	NA	NA	NA	4.521909871244635	12.389334763948495	2	1.0
k141_130160	9445	NA	NA	NA	NA	NA	0	NA	NA	NA	NA	NA	0	1.0
k141_239561	1981	NA	NA	NA	NA	NA	0	NA	NA	NA	1.4864899145851345	5.319132834842424	3	1.0
k141_94049	1268	NA	NA	NA	NA	NA	0	NA	NA	NA	0.67	2.84	1	1.0
k141_38973	3155	NA	NA	NA	NA	NA	0	NA	NA	NA	3.831830188679245	13.535735849056605	2	1.0
k141_373072	2534	NA	NA	NA	NA	NA	0	NA	NA	NA	2.879331366764995	8.483244837758113	2	1.0
k141_148530	6809	NA	NA	NA	NA	NA	0	NA	NA	NA	1.08	5.18	1	1.0
k141_63377	12535	NA	NA	NA	NA	NA	0	NA	NA	NA	17.621344788756076	36.87861242478989	7	1.0
k141_203338	1705	NA	NA	NA	NA	NA	0	NA	NA	NA	1.36	4.05	1	1.0
k141_282285	4913	NA	NA	NA	NA	NA	0	NA	NA	NA	1.05	2.85	1	1.0
k141_208927	1155	NA	NA	NA	NA	NA	0	NA	NA	NA	1.64	2.98	1	1.0
k141_366787	1544	NA	NA	NA	NA	NA	0	NA	NA	NA	0.9227777777777778	1.0571851851851852	2	1.0
k141_38978	19650	NA	NA	NA	NA	NA	0	NA	NA	NA	3.3492679717453746	13.850506675621938	5	1.0
k141_342759	1062	NA	NA	NA	NA	NA	0	NA	NA	NA	NA	NA	0	1.0
k141_2788	3504	NA	NA	NA	NA	NA	0	NA	NA	NA	NA	NA	0	1.0
k141_38993	1139	NA	NA	NA	NA	NA	0	NA	NA	NA	0.55	2.68	1	1.0
k141_2799	1094	NA	NA	NA	NA	NA	0	NA	NA	NA	0.39	3.0	1	1.0
k141_2804	2120	NA	NA	NA	NA	NA	0	NA	NA	NA	NA	NA	0	1.0
k141_251721	1777	NA	NA	NA	NA	NA	0	NA	NA	NA	NA	NA	0	1.0
k141_196571	2343	NA	NA	NA	NA	NA	0	NA	NA	NA	NA	NA	0	1.0
k141_87834	2664	NA	NA	NA	NA	NA	0	NA	NA	NA	1.2	5.21	1	1.0
k141_324629	4727	NA	NA	NA	NA	NA	0	NA	NA	NA	0.38999999999999996	3.9146204620462046	2	1.0
k141_111891	2295	NA	NA	NA	NA	NA	0	NA	NA	NA	2.07	5.67	1	1.0
k141_294277	5428	NA	NA	NA	NA	NA	0	NA	NA	NA	6.973988320164891	7.834695980762624	3	1.0
k141_154626	2588	NA	NA	NA	NA	NA	0	NA	NA	NA	0.9530675526024364	2.171373200442968	2	1.0
k141_8744	3511	NA	NA	NA	NA	NA	0	NA	NA	NA	3.9266831683168313	9.61128712871287	2	1.0
k141_160662	5304	NA	NA	NA	NA	NA	0	NA	NA	NA	1.6775100274507915	3.299734298353641	3	1.0
k141_20828	1887	NA	NA	NA	NA	NA	0	NA	NA	NA	4.2	5.77	1	1.0
k141_215173	1091	NA	NA	NA	NA	NA	0	NA	NA	NA	0.65	2.9	1	1.0
k141_336744	75391	NA	NA	NA	NA	NA	0	NA	NA	NA	9.817544263287296	54.46509099849904	14	1.01
k141_39031	2770	NA	NA	NA	NA	NA	0	NA	NA	NA	3.805849056603774	8.478867924528302	2	1.0
k141_306477	5951	NA	NA	NA	NA	NA	0	NA	NA	NA	NA	NA	0	1.0
k141_8783	2566	NA	NA	NA	NA	NA	0	NA	NA	NA	5.93	7.0	1	1.0
k141_106293	3896	NA	NA	NA	NA	NA	0	NA	NA	NA	4.267291818339404	10.381164204350176	4	1.0
k141_282349	3282	NA	NA	NA	NA	NA	0	NA	NA	NA	3.23	8.84	1	1.0
k141_94157	2793	NA	NA	NA	NA	NA	0	NA	NA	NA	3.8900000000000006	9.4	1	1.0
k141_8790	1151	NA	NA	NA	NA	NA	0	NA	NA	NA	1.51	6.63	1	1.0
k141_45348	10458	NA	NA	NA	NA	NA	0	NA	NA	NA	2.823859840124565	6.137345400732405	5	1.0
k141_57426	6154	NA	NA	NA	NA	NA	0	NA	NA	NA	NA	NA	0	1.0
k141_100065	2536	NA	NA	NA	NA	NA	0	NA	NA	NA	1.93	6.47	1	1.0
k141_324694	4343	NA	NA	NA	NA	NA	0	NA	NA	NA	6.503386744483719	17.07575815846026	3	1.0
k141_203429	1468	NA	NA	NA	NA	NA	0	NA	NA	NA	1.6600000000000001	4.22	1	1.0
k141_239639	19272	NA	NA	NA	NA	NA	0	NA	NA	NA	8.20185094343729	25.61334602061764	7	1.0
k141_196634	2609	NA	NA	NA	NA	NA	0	NA	NA	NA	NA	NA	0	1.0
k141_45373	2700	NA	NA	NA	NA	NA	0	NA	NA	NA	NA	NA	0	1.0
k141_63455	3605	NA	NA	NA	NA	NA	0	NA	NA	NA	NA	NA	0	1.0
k141_111938	4667	NA	NA	NA	NA	NA	0	NA	NA	NA	NA	NA	0	1.0
k141_215215	2174	NA	NA	NA	NA	NA	0	NA	NA	NA	0.8700000000000001	2.08	1	1.0
k141_312423	8397	NA	NA	NA	NA	NA	0	NA	NA	NA	8.166479832419437	30.42965286293134	4	1.0
k141_172973	1440	NA	NA	NA	NA	NA	0	NA	NA	NA	2.37	3.74	1	1.0
k141_118373	2928	NA	NA	NA	NA	NA	0	NA	NA	NA	2.1105674696435566	4.276748922835879	3	1.0
k141_294343	1002	NA	NA	NA	NA	NA	0	NA	NA	NA	0.6	2.67	1	1.0
k141_39095	7630	1635	NA	NA	NA	NA	0	NA	NA	NA	0.77	2.22	1	1.0
k141_324748	1396	NA	NA	NA	NA	NA	0	NA	NA	NA	0.11	1.09	1	1.0
k141_209060	1108	NA	NA	NA	NA	NA	0	NA	NA	NA	NA	NA	0	1.0
k141_33148	4019	NA	NA	NA	NA	NA	0	NA	NA	NA	1.2093581963849958	2.7573258902541737	3	1.0
k141_191285	1047	NA	NA	NA	NA	NA	0	NA	NA	NA	1.57	3.43	1	1.0
k141_26912	3432	NA	NA	NA	NA	NA	0	NA	NA	NA	1.5275231676495369	5.785037910699242	2	1.0
k141_184785	2081	NA	NA	NA	NA	NA	0	NA	NA	NA	NA	NA	0	1.0
k141_148690	3360	NA	NA	NA	NA	NA	0	NA	NA	NA	2.4572974530130502	8.867814998785974	3	1.0
k141_142649	7031	NA	NA	NA	NA	NA	0	NA	NA	NA	NA	NA	0	1.0
k141_106394	3275	NA	NA	NA	NA	NA	0	NA	NA	NA	NA	NA	0	1.0
k141_294371	2826	NA	NA	NA	NA	NA	0	NA	NA	NA	3.0918854496282755	8.802355279149467	3	1.0
k141_87965	2298	NA	NA	NA	NA	NA	0	NA	NA	NA	5.64	8.54	1	1.0
k141_39121	2651	NA	NA	NA	NA	NA	0	NA	NA	NA	1.7662237762237762	3.0483916083916087	2	1.0
k141_306563	5652	NA	NA	NA	NA	NA	0	NA	NA	NA	9.034360716224919	14.996595947670894	5	1.0
k141_324763	6188	NA	NA	NA	NA	NA	0	NA	NA	NA	3.04	8.3	1	1.0
k141_39129	1611	NA	NA	NA	NA	NA	0	NA	NA	NA	2.199071087726068	4.879326970886611	3	1.0
k141_124325	3183	NA	NA	NA	NA	NA	0	NA	NA	NA	1.6398952270081493	5.577764842840513	2	1.02
k141_184789	7385	NA	NA	NA	NA	NA	0	NA	NA	NA	10.18	16.91	1	1.0
k141_336861	2674	NA	NA	NA	NA	NA	0	NA	NA	NA	4.0	8.77	1	1.0
k141_306575	2120	NA	NA	NA	NA	NA	0	NA	NA	NA	NA	NA	0	1.0
k141_239720	1069	NA	NA	NA	NA	NA	0	NA	NA	NA	1.7069350327147133	4.230320823097317	3	1.0
k141_166786	3302	NA	NA	NA	NA	NA	0	NA	NA	NA	3.937884299339752	9.856506608449127	4	1.0
k141_215247	55660	NA	NA	NA	NA	NA	0	NA	NA	NA	36.68539451202636	80.02833770045973	12	1.01
k141_203510	2932	NA	NA	NA	NA	NA	0	NA	NA	NA	NA	NA	0	1.0
k141_312475	11454	NA	NA	NA	NA	NA	0	NA	NA	NA	NA	NA	0	1.0
k141_355112	4430	NA	NA	NA	NA	NA	0	NA	NA	NA	NA	NA	0	1.0
k141_51453	8017	NA	NA	NA	NA	NA	0	NA	NA	NA	12.578771827089415	21.127843860333574	11	1.0
k141_81912	1115	NA	NA	NA	NA	NA	0	NA	NA	NA	NA	NA	0	1.0
k141_306615	1510	NA	NA	NA	NA	NA	0	NA	NA	NA	2.26	3.94	1	1.0
k141_173018	1558	NA	NA	NA	NA	NA	0	NA	NA	NA	1.08	5.31	1	1.0
k141_173019	1659	NA	NA	NA	NA	NA	0	NA	NA	NA	0.84	2.14	1	1.0
k141_142663	5407	NA	NA	NA	NA	NA	0	NA	NA	NA	7.2505263157894735	14.67	2	1.0
k141_227623	3209	NA	NA	NA	NA	NA	0	NA	NA	NA	2.355462256149279	9.517387616624257	2	1.0
k141_160846	1072	NA	NA	NA	NA	NA	0	NA	NA	NA	NA	NA	0	1.0
k141_81925	5014	NA	NA	NA	NA	NA	0	NA	NA	NA	NA	NA	0	1.0
k141_63508	1514	NA	NA	NA	NA	NA	0	NA	NA	NA	NA	NA	0	1.0
k141_20903	4415	NA	NA	NA	NA	NA	0	NA	NA	NA	7.5728278951437105	14.59137143377133	7	1.0
k141_342941	1902	NA	NA	NA	NA	NA	0	NA	NA	NA	2.4709495548961424	6.199317507418398	2	1.0
k141_348942	3686	NA	NA	NA	NA	NA	0	NA	NA	NA	2.02	4.06	1	1.0
k141_366945	1828	NA	NA	NA	NA	NA	0	NA	NA	NA	NA	NA	0	1.0
k141_282429	4642	NA	NA	NA	NA	NA	0	NA	NA	NA	NA	NA	0	1.0
k141_173025	11981	NA	NA	NA	NA	NA	0	NA	NA	NA	5.457110699081943	11.35386036201424	5	1.0
k141_94331	2765	NA	NA	NA	NA	NA	0	NA	NA	NA	NA	NA	0	1.0
k141_124403	1447	NA	NA	NA	NA	NA	0	NA	NA	NA	3.05	5.37	1	1.0
k141_15120	1399	NA	NA	NA	NA	NA	0	NA	NA	NA	1.6372100413143909	5.170475435062987	3	1.0
k141_94336	7506	NA	NA	NA	NA	NA	0	NA	NA	NA	4.03	25.42	1	1.0
k141_106493	2529	NA	NA	NA	NA	NA	0	NA	NA	NA	0.55	8.48	1	1.0
k141_51504	2121	NA	NA	NA	NA	NA	0	NA	NA	NA	3.1299999999999994	6.8999999999999995	1	1.0
k141_227648	1349	NA	NA	NA	NA	NA	0	NA	NA	NA	1.7762352941176471	3.6713529411764707	2	1.0
k141_33262	2434	1211	NA	NA	NA	NA	0	NA	NA	NA	1.1	3.38	1	1.0
k141_275850	1190	NA	NA	NA	NA	NA	0	NA	NA	NA	1.5129296874999998	3.7178125	2	1.0
k141_360775	1325	NA	NA	NA	NA	NA	0	NA	NA	NA	0.5539787798408488	0.9150795755968171	2	1.0
k141_100226	1073	NA	NA	NA	NA	NA	0	NA	NA	NA	0.78	2.58	1	1.0
k141_342955	8609	NA	NA	NA	NA	NA	0	NA	NA	NA	11.507246376811594	24.674865424430642	2	1.0
k141_294474	2875	NA	NA	NA	NA	NA	0	NA	NA	NA	NA	NA	0	1.0
k141_33274	1399	NA	NA	NA	NA	NA	0	NA	NA	NA	1.15	7.980000000000001	1	1.0
k141_75620	2310	NA	NA	NA	NA	NA	0	NA	NA	NA	1.034332129963899	1.5312996389891695	2	1.0
k141_221480	1441	NA	NA	NA	NA	NA	0	NA	NA	NA	3.0447260973120107	3.849343314052399	3	1.0
k141_63533	10801	NA	NA	NA	NA	NA	0	NA	NA	NA	NA	NA	0	1.01
k141_379266	2001	NA	NA	NA	NA	NA	0	NA	NA	NA	2.99	6.56	1	1.0
k141_142744	2516	NA	NA	NA	NA	NA	0	NA	NA	NA	2.9186729485669414	7.768700431880643	3	1.0
k141_324830	6137	NA	NA	NA	NA	NA	0	NA	NA	NA	5.631960227272728	11.743664772727275	2	1.0
k141_300500	1453	NA	NA	NA	NA	NA	0	NA	NA	NA	NA	NA	0	1.0
k141_63540	1490	NA	NA	NA	NA	NA	0	NA	NA	NA	1.0501966189705219	3.786303038259018	3	1.0
k141_154815	4355	NA	NA	NA	NA	NA	0	NA	NA	NA	5.428819119025304	13.73319587628866	2	1.0
k141_69896	11865	NA	NA	NA	NA	NA	0	NA	NA	NA	4.722926787786308	14.094233936099748	4	1.0
k141_373357	7292	NA	NA	NA	NA	NA	0	NA	NA	NA	3.233656438050143	4.517112283928961	4	1.0
k141_27005	2936	NA	NA	NA	NA	NA	0	NA	NA	NA	1.769046653144016	9.564178498985804	2	1.0
k141_221500	8762	NA	NA	NA	NA	NA	0	NA	NA	NA	12.376184185931137	15.32712465927201	7	1.0
k141_275905	1737	NA	NA	NA	NA	NA	0	NA	NA	NA	2.8116143497757844	5.1292376681614344	2	1.0
k141_294512	1309	NA	NA	NA	NA	NA	0	NA	NA	NA	0.11	1.2	1	1.0
k141_343052	2821	NA	NA	NA	NA	NA	0	NA	NA	NA	NA	NA	0	1.0
k141_63557	2519	NA	NA	NA	NA	NA	0	NA	NA	NA	1.1141146312868033	2.01300494797014	3	1.0
k141_88081	3022	NA	NA	NA	NA	NA	0	NA	NA	NA	5.708886628143567	8.851025474078295	3	1.0
k141_154833	12431	NA	NA	NA	NA	NA	0	NA	NA	NA	4.147321777364219	12.02857970909057	7	1.0
k141_160953	3619	NA	NA	NA	NA	NA	0	NA	NA	NA	9.88	12.63	1	1.0
k141_3038	2571	NA	NA	NA	NA	NA	0	NA	NA	NA	NA	NA	0	1.0
k141_27026	5315	NA	NA	NA	NA	NA	0	NA	NA	NA	7.03	17.6	1	1.02
k141_51577	5072	NA	NA	NA	NA	NA	0	NA	NA	NA	1.3561979166666667	5.92671875	2	1.0
k141_306740	4358	NA	NA	NA	NA	NA	0	NA	NA	NA	0.2965154749199573	2.5235432230522945	2	1.0
k141_3045	1956	NA	NA	NA	NA	NA	0	NA	NA	NA	2.78	5.05	1	1.0
k141_57645	3078	NA	NA	NA	NA	NA	0	NA	NA	NA	4.54	10.02	1	1.0
k141_360841	3716	NA	NA	NA	NA	NA	0	NA	NA	NA	5.07802275673045	11.026059815079302	4	1.0
k141_173102	3264	NA	NA	NA	NA	NA	0	NA	NA	NA	4.459641541468483	8.53421671231916	5	1.0
k141_45564	4215	NA	NA	NA	NA	NA	0	NA	NA	NA	NA	NA	0	1.0
k141_300550	2383	NA	NA	NA	NA	NA	0	NA	NA	NA	0.53	0.71	1	1.0
k141_331011	2006	NA	NA	NA	NA	NA	0	NA	NA	NA	3.1999999999999997	6.139999999999999	1	1.0
k141_221552	2534	NA	NA	NA	NA	NA	0	NA	NA	NA	1.045121951219512	4.994390243902439	2	1.0
k141_306768	6315	NA	NA	NA	NA	NA	0	NA	NA	NA	2.560424162593478	6.405652291206574	4	1.0
k141_360858	4132	NA	NA	NA	NA	NA	0	NA	NA	NA	1.880128104749371	3.40463152333515	4	1.0
k141_136748	1530	NA	NA	NA	NA	NA	0	NA	NA	NA	NA	NA	0	1.0
k141_343108	7760	NA	NA	NA	NA	NA	0	NA	NA	NA	3.174545510798596	6.143111326110097	4	1.0
k141_51625	2781	NA	NA	NA	NA	NA	0	NA	NA	NA	NA	NA	0	1.0
k141_39356	1335	NA	NA	NA	NA	NA	0	NA	NA	NA	NA	NA	0	1.0
k141_51630	3762	NA	NA	NA	NA	NA	0	NA	NA	NA	1.09	4.85	1	1.01
k141_360874	3523	NA	NA	NA	NA	NA	0	NA	NA	NA	2.2006821480406384	5.318432510885341	2	1.0
k141_39372	4649	NA	NA	NA	NA	NA	0	NA	NA	NA	NA	NA	0	1.0
k141_191508	2831	NA	NA	NA	NA	NA	0	NA	NA	NA	NA	NA	0	1.0
k141_88120	7052	NA	NA	NA	NA	NA	0	NA	NA	NA	11.589967948717948	21.12459935897436	2	1.0
k141_306778	2153	NA	NA	NA	NA	NA	0	NA	NA	NA	1.4942662116040955	5.21230944254835	2	1.0
k141_264153	4835	NA	NA	NA	NA	NA	0	NA	NA	NA	7.489278671586112	12.820943115247209	4	1.0
k141_221586	1573	NA	NA	NA	NA	NA	0	NA	NA	NA	NA	NA	0	1.0
k141_264157	2426	NA	NA	NA	NA	NA	0	NA	NA	NA	1.3078885135135137	11.712753378378379	2	1.0
k141_234001	3260	NA	NA	NA	NA	NA	0	NA	NA	NA	4.8235109030939105	8.624665216228497	4	1.0
k141_360888	1687	NA	NA	NA	NA	NA	0	NA	NA	NA	1.5399378238341965	4.417647668393782	2	1.0
k141_57691	1364	NA	NA	NA	NA	NA	0	NA	NA	NA	2.5059644874899107	3.5904600484261495	2	1.0
k141_100324	2621	NA	NA	NA	NA	NA	0	NA	NA	NA	3.8445010615711253	6.687600849256899	2	1.0
k141_178681	1050	NA	NA	NA	NA	NA	0	NA	NA	NA	0.86	5.990000000000001	1	1.0
k141_275977	3516	NA	NA	NA	NA	NA	0	NA	NA	NA	2.81	11.01	1	1.0
k141_106611	2111	NA	NA	NA	NA	NA	0	NA	NA	NA	2.96440383303665	5.709883378529006	3	1.0
k141_39382	2816	NA	NA	NA	NA	NA	0	NA	NA	NA	0.94	37.71	1	1.0
k141_306796	2682	NA	NA	NA	NA	NA	0	NA	NA	NA	0.7434096109839816	1.665903890160183	2	1.0
k141_51674	2805	NA	NA	NA	NA	NA	0	NA	NA	NA	3.407735849056604	12.031301886792454	2	1.0
k141_118575	1038	NA	NA	NA	NA	NA	0	NA	NA	NA	0.45	0.66	1	1.0
k141_373461	3977	NA	NA	NA	NA	NA	0	NA	NA	NA	NA	NA	0	1.0
k141_324939	4171	NA	NA	NA	NA	NA	0	NA	NA	NA	8.171989502624342	11.228552236940766	4	1.0
k141_100356	2520	NA	NA	NA	NA	NA	0	NA	NA	NA	NA	NA	0	1.0
k141_276005	8133	NA	NA	NA	NA	NA	0	NA	NA	NA	1.31	3.78	1	1.0
k141_349118	1956	NA	NA	NA	NA	NA	0	NA	NA	NA	1.3459392789373814	4.970588235294117	2	1.0
k141_258094	2967	NA	NA	NA	NA	NA	0	NA	NA	NA	NA	NA	0	1.0
k141_112139	1110	NA	NA	NA	NA	NA	0	NA	NA	NA	2.01	3.63	1	1.0
k141_39422	1203	NA	NA	NA	NA	NA	0	NA	NA	NA	1.29	3.92	1	1.0
k141_215440	10950	NA	NA	NA	NA	NA	0	NA	NA	NA	2.511215189207668	20.331603071501828	3	1.0
k141_100374	5543	NA	NA	NA	NA	NA	0	NA	NA	NA	NA	NA	0	1.0
k141_270302	2873	NA	NA	NA	NA	NA	0	NA	NA	NA	0.2570318021201414	3.8380035335689047	2	1.0
k141_185027	5252	NA	NA	NA	NA	NA	0	NA	NA	NA	NA	NA	0	1.01
k141_203748	1324	NA	NA	NA	NA	NA	0	NA	NA	NA	0.9547787610619468	4.2715929203539815	2	1.0
k141_185031	3444	NA	NA	NA	NA	NA	0	NA	NA	NA	2.65	9.57	1	1.0
k141_234060	2216	NA	NA	NA	NA	NA	0	NA	NA	NA	3.0215303430079152	6.7374934036939305	2	1.0
k141_136824	1685	NA	NA	NA	NA	NA	0	NA	NA	NA	1.2381786941580755	4.560773195876289	2	1.0
k141_331081	3211	NA	NA	NA	NA	NA	0	NA	NA	NA	1.796124361158433	8.700996592844973	2	1.0
k141_234062	1871	NA	NA	NA	NA	NA	0	NA	NA	NA	NA	NA	0	1.0
k141_318709	5219	NA	NA	NA	NA	NA	0	NA	NA	NA	1.19	1.55	2	1.0
k141_178733	5787	NA	NA	NA	NA	NA	0	NA	NA	NA	6.759850006279463	15.471733952988387	4	1.0
k141_221652	2319	NA	NA	NA	NA	NA	0	NA	NA	NA	2.35447401774398	6.228542458808619	2	1.0
k141_185033	4904	NA	NA	NA	NA	NA	0	NA	NA	NA	2.73	11.62	1	1.0
k141_373490	1448	NA	NA	NA	NA	NA	0	NA	NA	NA	1.0602314250064477	3.5950227242626807	3	1.0
k141_130613	3244	NA	NA	NA	NA	NA	0	NA	NA	NA	NA	NA	0	1.0
k141_9213	1819	NA	NA	NA	NA	NA	0	NA	NA	NA	2.2066189339697693	6.050875099443119	2	1.0
k141_94600	1928	NA	NA	NA	NA	NA	0	NA	NA	NA	2.88	6.32	1	1.0
k141_94602	3229	NA	NA	NA	NA	NA	0	NA	NA	NA	NA	NA	0	1.0
k141_63674	2592	NA	NA	NA	NA	NA	0	NA	NA	NA	2.79	8.42	1	1.0
k141_215479	2471	NA	NA	NA	NA	NA	0	NA	NA	NA	NA	NA	0	1.12
k141_15368	1424	NA	NA	NA	NA	NA	0	NA	NA	NA	0.61	1.47	1	1.0
k141_167104	3147	NA	NA	NA	NA	NA	0	NA	NA	NA	NA	NA	0	1.0
k141_215481	1180	NA	NA	NA	NA	NA	0	NA	NA	NA	1.9527733333333332	3.1149066666666667	2	1.0
k141_130663	2077	NA	NA	NA	NA	NA	0	NA	NA	NA	NA	NA	0	1.0
k141_239929	3231	NA	NA	NA	NA	NA	0	NA	NA	NA	1.3979305354558609	2.259030390738061	2	1.0
k141_276066	2242	NA	NA	NA	NA	NA	0	NA	NA	NA	2.7203584905660376	9.614207547169812	2	1.0
k141_70039	2637	NA	NA	NA	NA	NA	0	NA	NA	NA	NA	NA	0	1.0
k141_191644	7401	NA	NA	NA	NA	NA	0	NA	NA	NA	3.22685393258427	6.298314606741572	2	1.0
k141_15384	3051	NA	NA	NA	NA	NA	0	NA	NA	NA	NA	NA	0	1.0
k141_33494	2694	NA	NA	NA	NA	NA	0	NA	NA	NA	0.71	2.79	1	1.0
k141_94623	3255	NA	NA	NA	NA	NA	0	NA	NA	NA	NA	NA	0	1.0
k141_367193	1008	NA	NA	NA	NA	NA	0	NA	NA	NA	0.4761802030456853	1.2731979695431475	2	1.0
k141_227914	1543	NA	NA	NA	NA	NA	0	NA	NA	NA	NA	NA	0	1.0
k141_9238	2968	NA	NA	NA	NA	NA	0	NA	NA	NA	1.61	4.01	1	1.0
k141_106680	2095	NA	NA	NA	NA	NA	0	NA	NA	NA	NA	NA	0	1.0
k141_331118	1448	NA	NA	NA	NA	NA	0	NA	NA	NA	NA	NA	0	1.0
k141_136909	8783	NA	NA	NA	NA	NA	0	NA	NA	NA	NA	NA	0	1.0
k141_252155	13396	NA	NA	NA	NA	NA	0	NA	NA	NA	6.041342914453857	17.100046725848728	7	1.01
k141_136921	1203	NA	NA	NA	NA	NA	0	NA	NA	NA	1.78	3.5	1	1.0
k141_124587	3287	NA	NA	NA	NA	NA	0	NA	NA	NA	NA	NA	0	1.0
k141_155052	4158	NA	NA	NA	NA	NA	0	NA	NA	NA	NA	NA	0	1.0
k141_27159	6554	NA	NA	NA	NA	NA	0	NA	NA	NA	3.68587810402842	4.779242852865757	4	1.0
k141_197113	1237	NA	NA	NA	NA	NA	0	NA	NA	NA	NA	NA	0	1.0
k141_15416	2507	NA	NA	NA	NA	NA	0	NA	NA	NA	NA	NA	0	1.0
k141_270405	4880	NA	NA	NA	NA	NA	0	NA	NA	NA	2.65	10.89	1	1.0
k141_343262	3375	NA	NA	NA	NA	NA	0	NA	NA	NA	NA	NA	0	1.0
k141_203834	4976	NA	NA	NA	NA	NA	0	NA	NA	NA	2.0170240954074434	7.399328256389173	3	1.0
k141_9267	3831	NA	NA	NA	NA	NA	0	NA	NA	NA	1.7441861878080067	2.4136602983865525	3	1.0
k141_276122	5904	NA	NA	NA	NA	NA	0	NA	NA	NA	2.6633850493653033	4.659887165021156	2	1.0
k141_221739	1392	NA	NA	NA	NA	NA	0	NA	NA	NA	2.67	4.05	1	1.0
k141_130754	2811	NA	NA	NA	NA	NA	0	NA	NA	NA	NA	NA	0	1.0
k141_239997	4039	NA	NA	NA	NA	NA	0	NA	NA	NA	NA	NA	0	1.0
k141_94660	4347	NA	NA	NA	NA	NA	0	NA	NA	NA	1.2	7.78	1	1.0
k141_130760	2783	NA	NA	NA	NA	NA	0	NA	NA	NA	1.48	3.4299999999999997	1	1.01
k141_197139	4267	NA	NA	NA	NA	NA	0	NA	NA	NA	6.557933465142267	11.7093979770194	3	1.0
k141_215580	2361	NA	NA	NA	NA	NA	0	NA	NA	NA	1.3999999999999997	7.119999999999999	1	1.0
k141_264326	8249	NA	NA	NA	NA	NA	0	NA	NA	NA	NA	NA	0	1.01
k141_82185	1405	NA	NA	NA	NA	NA	0	NA	NA	NA	0.6189795918367347	0.9	2	1.0
k141_185185	2640	NA	NA	NA	NA	NA	0	NA	NA	NA	NA	NA	0	1.0
k141_70114	1423	NA	NA	NA	NA	NA	0	NA	NA	NA	2.2363922942206655	4.266497373029773	2	1.0
k141_167151	2714	NA	NA	NA	NA	NA	0	NA	NA	NA	NA	NA	0	1.0
k141_258232	8018	NA	NA	NA	NA	NA	0	NA	NA	NA	3.778510502387927	6.170617866785107	5	1.0
k141_343290	1260	NA	NA	NA	NA	NA	0	NA	NA	NA	1.65	2.91	1	1.0
k141_246129	4682	NA	NA	NA	NA	NA	0	NA	NA	NA	NA	NA	0	1.0
k141_9288	1384	NA	NA	NA	NA	NA	0	NA	NA	NA	0.61	3.84	1	1.0
k141_373559	6669	NA	NA	NA	NA	NA	0	NA	NA	NA	62.17000000000001	100.0	1	1.0
k141_94679	3796	NA	NA	NA	NA	NA	0	NA	NA	NA	4.933	12.314117647058824	2	1.0
k141_306968	1406	NA	NA	NA	NA	NA	0	NA	NA	NA	NA	NA	0	1.0
k141_282714	3066	NA	NA	NA	NA	NA	0	NA	NA	NA	1.68	3.38	1	1.0
k141_112280	2513	NA	NA	NA	NA	NA	0	NA	NA	NA	NA	NA	0	1.0
k141_270477	2010	NA	NA	NA	NA	NA	0	NA	NA	NA	NA	NA	0	1.0
k141_185210	1515	NA	NA	NA	NA	NA	0	NA	NA	NA	0.9498342541436463	1.771086556169429	2	1.01
k141_178841	4222	3320	NA	NA	NA	NA	0	NA	NA	NA	0.75	0.98	1	1.0
k141_130805	2382	NA	NA	NA	NA	NA	0	NA	NA	NA	5.044137461721673	6.383443348077578	3	1.0
k141_343320	3878	NA	NA	NA	NA	NA	0	NA	NA	NA	5.565914915470787	11.486637161121156	3	1.0
k141_155117	5237	NA	NA	NA	NA	NA	0	NA	NA	NA	0.42	2.98	1	1.0
k141_112292	2959	NA	NA	NA	NA	NA	0	NA	NA	NA	3.46	7.949999999999999	1	1.0
k141_276176	14290	NA	NA	NA	NA	NA	0	NA	NA	NA	1.15	7.0135642661804924	2	1.0
k141_136988	2763	NA	NA	NA	NA	NA	0	NA	NA	NA	NA	NA	0	1.01
k141_343329	1134	NA	NA	NA	NA	NA	0	NA	NA	NA	2.39	3.29	1	1.0
k141_276183	3420	NA	NA	NA	NA	NA	0	NA	NA	NA	NA	NA	0	1.0
k141_149131	2021	NA	NA	NA	NA	NA	0	NA	NA	NA	0.830548128342246	2.259879679144385	2	1.0
k141_149132	1284	NA	NA	NA	NA	NA	0	NA	NA	NA	2.783607666290868	3.5569898534385573	2	1.0
k141_161210	5467	NA	NA	NA	NA	NA	0	NA	NA	NA	4.97	16.28	1	1.0
k141_343339	4752	NA	NA	NA	NA	NA	0	NA	NA	NA	NA	NA	0	1.02
k141_312814	1520	NA	NA	NA	NA	NA	0	NA	NA	NA	NA	NA	0	1.0
k141_300655	1434	NA	NA	NA	NA	NA	0	NA	NA	NA	NA	NA	0	1.0
k141_276195	3846	NA	NA	NA	NA	NA	0	NA	NA	NA	NA	NA	0	1.0
k141_331163	4505	NA	NA	NA	NA	NA	0	NA	NA	NA	NA	NA	0	1.0
k141_361129	5396	2826	NA	NA	NA	NA	0	NA	NA	NA	2.9343109540636045	7.4857950530035335	2	1.0
k141_349289	5889	3518	NA	NA	NA	NA	0	NA	NA	NA	0.64	2.41	1	1.0
k141_264415	1321	NA	NA	NA	NA	NA	0	NA	NA	NA	NA	NA	0	1.0
k141_45767	1336	NA	NA	NA	NA	NA	0	NA	NA	NA	NA	NA	0	1.0
k141_185246	5006	NA	NA	NA	NA	NA	0	NA	NA	NA	0.42	3.18	1	1.0
k141_373607	4590	NA	NA	NA	NA	NA	0	NA	NA	NA	2.6252775776403623	3.4444617387494483	4	1.0
k141_51871	4038	NA	NA	NA	NA	NA	0	NA	NA	NA	6.17	12.1	1	1.0
k141_112325	1494	NA	NA	NA	NA	NA	0	NA	NA	NA	NA	NA	0	1.0
k141_63807	2529	NA	NA	NA	NA	NA	0	NA	NA	NA	NA	NA	0	1.0
k141_203928	4194	NA	NA	NA	NA	NA	0	NA	NA	NA	NA	NA	0	1.01
k141_45783	1080	NA	NA	NA	NA	NA	0	NA	NA	NA	NA	NA	0	1.0
k141_349312	3293	NA	NA	NA	NA	NA	0	NA	NA	NA	0.8860754716981133	5.826283018867924	2	1.0
k141_203942	1008	NA	NA	NA	NA	NA	0	NA	NA	NA	0.7470735746894575	2.466852744452702	3	1.0
k141_337194	5308	NA	NA	NA	NA	NA	0	NA	NA	NA	NA	NA	0	1.0
k141_343394	3036	NA	NA	NA	NA	NA	0	NA	NA	NA	4.59	9.27	1	1.0
k141_33617	2026	NA	NA	NA	NA	NA	0	NA	NA	NA	NA	NA	0	1.0
k141_21234	6299	NA	NA	NA	NA	NA	0	NA	NA	NA	0.5740893470790378	1.1166323024054985	2	1.01
k141_228003	4998	4430	NA	NA	NA	NA	0	NA	NA	NA	5.092539453672796	12.695919729799126	3	1.0
k141_118829	1078	NA	NA	NA	NA	NA	0	NA	NA	NA	0.96	3.61	1	1.0
k141_124630	1124	NA	NA	NA	NA	NA	0	NA	NA	NA	NA	NA	0	1.0
k141_82225	3888	NA	NA	NA	NA	NA	0	NA	NA	NA	NA	NA	0	1.0
k141_343415	1248	NA	NA	NA	NA	NA	0	NA	NA	NA	NA	NA	0	1.0
k141_21252	1407	NA	NA	NA	NA	NA	0	NA	NA	NA	2.38	3.9	1	1.01
k141_124655	2156	NA	NA	NA	NA	NA	0	NA	NA	NA	0.18	1.69	1	1.01
k141_21264	1165	NA	NA	NA	NA	NA	0	NA	NA	NA	0.62	2.61	1	1.0
k141_361193	3514	NA	NA	NA	NA	NA	0	NA	NA	NA	0.9036037728495147	4.709951826012395	3	1.0
k141_63828	2185	NA	NA	NA	NA	NA	0	NA	NA	NA	3.69	6.06	1	1.0
k141_155186	1682	NA	NA	NA	NA	NA	0	NA	NA	NA	NA	NA	0	1.0
k141_252282	2070	NA	NA	NA	NA	NA	0	NA	NA	NA	NA	NA	0	1.0
k141_45829	1062	NA	NA	NA	NA	NA	0	NA	NA	NA	0.6150938337801609	0.7043789097408399	3	1.0
k141_21278	6181	NA	NA	NA	NA	NA	0	NA	NA	NA	10.59	18.63	1	1.03
k141_178941	1284	NA	NA	NA	NA	NA	0	NA	NA	NA	2.05	3.93	1	1.0
k141_112364	2523	NA	NA	NA	NA	NA	0	NA	NA	NA	NA	NA	0	1.0
k141_167224	2652	NA	NA	NA	NA	NA	0	NA	NA	NA	NA	NA	0	1.0
k141_21280	3922	NA	NA	NA	NA	NA	0	NA	NA	NA	0.88	1.15	1	1.0
k141_379598	3918	NA	NA	NA	NA	NA	0	NA	NA	NA	1.83	8.8	1	1.0
k141_173438	1616	NA	NA	NA	NA	NA	0	NA	NA	NA	0.69	1.03	1	1.0
k141_94798	1947	NA	NA	NA	NA	NA	0	NA	NA	NA	1.401629331725971	3.558470766099149	3	1.0
k141_130872	1968	NA	NA	NA	NA	NA	0	NA	NA	NA	1.61	11.22	1	1.0
k141_173442	8109	NA	NA	NA	NA	NA	0	NA	NA	NA	4.57	19.3	1	1.0
k141_307074	18744	NA	NA	NA	NA	NA	0	NA	NA	NA	0.93	5.41	1	1.02
k141_178946	3496	NA	NA	NA	NA	NA	0	NA	NA	NA	NA	NA	0	1.0
k141_51908	7195	NA	NA	NA	NA	NA	0	NA	NA	NA	NA	NA	0	1.0
k141_124667	1045	NA	NA	NA	NA	NA	0	NA	NA	NA	1.48	2.86	1	1.0
k141_294945	2657	NA	NA	NA	NA	NA	0	NA	NA	NA	NA	NA	0	1.0
k141_264499	2789	NA	NA	NA	NA	NA	0	NA	NA	NA	4.562781750428039	7.091742370832915	3	1.0
k141_130897	2537	NA	NA	NA	NA	NA	0	NA	NA	NA	23.65	57.63	1	1.0
k141_3452	2561	NA	NA	NA	NA	NA	0	NA	NA	NA	1.15	3.41	1	1.01
k141_75976	1781	NA	NA	NA	NA	NA	0	NA	NA	NA	0.76	1.14	1	1.0
k141_318935	3010	NA	NA	NA	NA	NA	0	NA	NA	NA	NA	NA	0	1.1
k141_173459	1574	NA	NA	NA	NA	NA	0	NA	NA	NA	0.46223837209302326	0.6570639534883722	2	1.0
k141_349375	1390	NA	NA	NA	NA	NA	0	NA	NA	NA	1.7899999999999998	4.05	1	1.0
k141_331268	4715	NA	NA	NA	NA	NA	0	NA	NA	NA	0.8600000000000001	3.04	1	1.0
k141_331269	1728	NA	NA	NA	NA	NA	0	NA	NA	NA	0.73	1.1	1	1.0
k141_45906	3481	NA	NA	NA	NA	NA	0	NA	NA	NA	2.528045530155411	5.334695499263343	3	1.0
k141_343501	2250	NA	NA	NA	NA	NA	0	NA	NA	NA	1.14	5.54	1	1.0
k141_173483	3105	NA	NA	NA	NA	NA	0	NA	NA	NA	4.869724770642202	9.187186544342508	2	1.0
k141_9369	1402	NA	NA	NA	NA	NA	0	NA	NA	NA	0.71	1.81	1	1.03
k141_21338	2535	NA	NA	NA	NA	NA	0	NA	NA	NA	1.39	2.79	1	1.0
k141_33716	3038	NA	NA	NA	NA	NA	0	NA	NA	NA	NA	NA	0	1.01
k141_15700	2933	NA	NA	NA	NA	NA	0	NA	NA	NA	5.33046335642354	7.890702602014087	3	1.0
k141_379661	15202	NA	NA	NA	NA	NA	0	NA	NA	NA	23.455495953718053	50.96009353731077	6	1.0
k141_288812	3267	NA	NA	NA	NA	NA	0	NA	NA	NA	2.21	8.14	1	1.0
k141_331304	3449	NA	NA	NA	NA	NA	0	NA	NA	NA	5.150382099254172	8.981857167694848	4	1.0
k141_179015	3329	NA	NA	NA	NA	NA	0	NA	NA	NA	7.254204545454545	8.804772727272727	2	1.0
k141_307148	2571	NA	NA	NA	NA	NA	0	NA	NA	NA	4.31	4.5	1	1.0
k141_106974	1628	NA	NA	NA	NA	NA	0	NA	NA	NA	2.6002707275803725	4.275397631133672	2	1.0
k141_307150	8529	NA	NA	NA	NA	NA	0	NA	NA	NA	1.57	9.654899833055092	2	1.0
k141_179025	3591	NA	NA	NA	NA	NA	0	NA	NA	NA	3.1627846298372684	6.980379405436529	3	1.0
k141_270650	1100	NA	NA	NA	NA	NA	0	NA	NA	NA	0.44	0.8	1	1.0
k141_137189	2994	NA	NA	NA	NA	NA	0	NA	NA	NA	3.03	8.78	1	1.0
k141_94866	4163	NA	NA	NA	NA	NA	0	NA	NA	NA	NA	NA	0	1.0
k141_209704	4918	NA	NA	NA	NA	NA	0	NA	NA	NA	7.129435721953838	16.00137077294686	3	1.0
k141_379700	3330	NA	NA	NA	NA	NA	0	NA	NA	NA	4.131157081394908	9.000249015177896	4	1.0
k141_300800	2445	NA	NA	NA	NA	NA	0	NA	NA	NA	4.418330198749556	6.114978396787476	3	1.0
k141_228158	2099	NA	NA	NA	NA	NA	0	NA	NA	NA	2.438854961832061	4.9129007633587785	2	1.0
k141_185371	1060	NA	NA	NA	NA	NA	0	NA	NA	NA	1.1	2.84	1	1.0
k141_343568	2010	NA	NA	NA	NA	NA	0	NA	NA	NA	4.352369942196531	5.477919075144508	2	1.0
k141_179048	4954	615	NA	NA	NA	NA	0	NA	NA	NA	0.8	0.9	1	1.0
k141_149322	3807	NA	NA	NA	NA	NA	0	NA	NA	NA	NA	NA	0	1.0
k141_234395	2777	NA	NA	NA	NA	NA	0	NA	NA	NA	1.3	3.7699999999999996	1	1.0
k141_9445	2409	NA	NA	NA	NA	NA	0	NA	NA	NA	0.54	0.71	1	1.0
k141_21386	20520	NA	NA	NA	NA	NA	0	NA	NA	NA	7.298254612546127	8.81890774907749	3	1.01
k141_39790	2979	NA	NA	NA	NA	NA	0	NA	NA	NA	1.2012024601290734	2.4102061988579053	3	1.0
k141_191966	5038	2354	NA	NA	NA	NA	0	NA	NA	NA	1.0524341077744264	4.560825708158792	3	1.0
k141_270720	1202	NA	NA	NA	NA	NA	0	NA	NA	NA	1.7016055045871556	5.2719266055045875	2	1.0
k141_331375	4163	NA	NA	NA	NA	NA	0	NA	NA	NA	NA	NA	0	1.0
k141_258456	22627	NA	NA	NA	NA	NA	0	NA	NA	NA	8.547429226584454	21.777322293732354	10	1.02
k141_355756	3341	NA	NA	NA	NA	NA	0	NA	NA	NA	4.736265060240964	5.8024096385542165	2	1.0
k141_209746	1256	NA	NA	NA	NA	NA	0	NA	NA	NA	0.85	3.22	1	1.0
k141_21400	3437	NA	NA	NA	NA	NA	0	NA	NA	NA	0.77	1.01	1	1.0
k141_349486	3734	NA	NA	NA	NA	NA	0	NA	NA	NA	NA	NA	0	1.09
k141_88687	1828	NA	NA	NA	NA	NA	0	NA	NA	NA	0.98	5.37	1	1.02
k141_46024	5682	NA	NA	NA	NA	NA	0	NA	NA	NA	2.434919786096257	3.6403743315508024	2	1.0
k141_325389	1258	NA	NA	NA	NA	NA	0	NA	NA	NA	0.8867874385565717	3.1978074359310957	3	1.0
k141_137276	3933	NA	NA	NA	NA	NA	0	NA	NA	NA	1.2388342013470839	2.4457263451919835	3	1.0
k141_76100	1223	NA	NA	NA	NA	NA	0	NA	NA	NA	NA	NA	0	1.0
k141_94931	7729	NA	NA	NA	NA	NA	0	NA	NA	NA	NA	NA	0	1.0
k141_361328	3249	NA	NA	NA	NA	NA	0	NA	NA	NA	4.86	10.66	1	1.0
k141_70452	2653	NA	NA	NA	NA	NA	0	NA	NA	NA	2.82	9.85	1	1.0
k141_331407	1235	NA	NA	NA	NA	NA	0	NA	NA	NA	1.8678713968957872	3.402838137472284	2	1.0
k141_264629	1070	NA	NA	NA	NA	NA	0	NA	NA	NA	NA	NA	0	1.0
k141_112495	3227	NA	NA	NA	NA	NA	0	NA	NA	NA	3.6538951596021794	9.72697843938121	4	1.0
k141_313037	6758	NA	NA	NA	NA	NA	0	NA	NA	NA	0.54	0.79	1	1.01
k141_58092	1066	NA	NA	NA	NA	NA	0	NA	NA	NA	1.5	2.96	1	1.0
k141_9505	6053	NA	NA	NA	NA	NA	0	NA	NA	NA	2.5581077694235588	7.969912280701753	2	1.0
k141_39851	2727	NA	NA	NA	NA	NA	0	NA	NA	NA	NA	NA	0	1.02
k141_33854	21433	NA	NA	NA	NA	NA	0	NA	NA	NA	5.579566115702479	19.913884297520664	2	1.01
k141_52020	3767	NA	NA	NA	NA	NA	0	NA	NA	NA	2.2547520661157026	5.888842975206613	2	1.0
k141_27489	2166	NA	NA	NA	NA	NA	0	NA	NA	NA	3.295856079404467	5.663076923076924	2	1.0
k141_70468	3626	NA	NA	NA	NA	NA	0	NA	NA	NA	5.197931096176034	8.053259528668876	4	1.0
k141_131058	1476	427	NA	NA	NA	NA	0	NA	NA	NA	0.5404817708333334	1.3330989583333333	2	1.0
k141_337408	4730	NA	NA	NA	NA	NA	0	NA	NA	NA	8.196898907121147	14.953653961004298	4	1.0
k141_9523	2931	NA	NA	NA	NA	NA	0	NA	NA	NA	NA	NA	0	1.0
k141_361360	4181	NA	NA	NA	NA	NA	0	NA	NA	NA	3.44	13.11	1	1.0
k141_131068	3025	NA	NA	NA	NA	NA	0	NA	NA	NA	2.9673594132029337	7.878924205378974	2	1.0
k141_39882	3456	NA	NA	NA	NA	NA	0	NA	NA	NA	NA	NA	0	1.01
k141_300926	3923	NA	NA	NA	NA	NA	0	NA	NA	NA	0.29331051482635734	2.308667645528756	3	1.0
k141_270796	2432	NA	NA	NA	NA	NA	0	NA	NA	NA	4.250544041450777	7.141373056994819	2	1.0
k141_192037	1391	NA	NA	NA	NA	NA	0	NA	NA	NA	1.97	4.02	1	1.0
k141_331439	2154	NA	NA	NA	NA	NA	0	NA	NA	NA	NA	NA	0	1.0
k141_234477	8384	NA	NA	NA	NA	NA	0	NA	NA	NA	11.908733153638813	23.958598382749326	2	1.0
k141_246467	1576	NA	NA	NA	NA	NA	0	NA	NA	NA	2.23	4.55	1	1.0
k141_240297	1053	NA	NA	NA	NA	NA	0	NA	NA	NA	1.07	3.17	1	1.0
k141_295099	5233	NA	NA	NA	NA	NA	0	NA	NA	NA	NA	NA	0	1.0
k141_319115	9259	NA	NA	NA	NA	NA	0	NA	NA	NA	13.36515283842795	25.669563318777296	2	1.0
k141_70509	1285	NA	NA	NA	NA	NA	0	NA	NA	NA	0.57	0.82	1	1.0
k141_119076	1079	NA	NA	NA	NA	NA	0	NA	NA	NA	0.75	3.6800000000000006	1	1.0
k141_21470	4361	NA	NA	NA	NA	NA	0	NA	NA	NA	5.988020050125313	21.79197994987469	2	1.0
k141_58182	4742	NA	NA	NA	NA	NA	0	NA	NA	NA	2.22	12.14	1	1.0
k141_70537	3403	NA	NA	NA	NA	NA	0	NA	NA	NA	4.47	10.36	1	1.0
k141_167481	1105	NA	NA	NA	NA	NA	0	NA	NA	NA	1.139269368396918	3.2542502402291773	3	1.0
k141_264679	1940	NA	NA	NA	NA	NA	0	NA	NA	NA	4.08	6.27	1	1.0
k141_204203	2597	NA	NA	NA	NA	NA	0	NA	NA	NA	24.21	58.99999999999999	1	1.0
k141_88773	2645	NA	NA	NA	NA	NA	0	NA	NA	NA	NA	NA	0	1.0
k141_161491	4185	NA	NA	NA	NA	NA	0	NA	NA	NA	2.25	14.17	1	1.0
k141_21506	2631	NA	NA	NA	NA	NA	0	NA	NA	NA	NA	NA	0	1.0
k141_300996	1091	NA	NA	NA	NA	NA	0	NA	NA	NA	NA	NA	0	1.0
k141_288996	7951	NA	NA	NA	NA	NA	0	NA	NA	NA	NA	NA	0	1.01
k141_264690	2832	NA	NA	NA	NA	NA	0	NA	NA	NA	2.83	6.419999999999999	1	1.0
k141_228374	4141	NA	NA	NA	NA	NA	0	NA	NA	NA	NA	NA	0	1.0
k141_52087	2135	1589	NA	NA	NA	NA	0	NA	NA	NA	1.3	9.06	1	1.0
k141_355841	1199	NA	NA	NA	NA	NA	0	NA	NA	NA	NA	NA	0	1.0
k141_283068	4021	NA	NA	NA	NA	NA	0	NA	NA	NA	5.799596638655462	13.140386554621848	2	1.0
k141_52089	5052	NA	NA	NA	NA	NA	0	NA	NA	NA	2.4135864297253637	11.43677436725902	2	1.0
k141_15859	1214	NA	NA	NA	NA	NA	0	NA	NA	NA	1.12	3.31	1	1.0
k141_295145	21366	NA	NA	NA	NA	NA	0	NA	NA	NA	10.107079737909851	26.319351542368594	9	1.01
k141_88829	10502	NA	NA	NA	NA	NA	0	NA	NA	NA	2.9340500968922703	4.670312351970144	3	1.0
k141_173726	3048	NA	NA	NA	NA	NA	0	NA	NA	NA	3.9932798789712565	7.969618759455371	3	1.0
k141_33962	4246	NA	NA	NA	NA	NA	0	NA	NA	NA	5.888939231397024	12.062049307341603	4	1.0
k141_301051	1153	NA	NA	NA	NA	NA	0	NA	NA	NA	1.6609959623149393	4.834602960969044	2	1.0
k141_349554	20869	NA	NA	NA	NA	NA	0	NA	NA	NA	35.95954936426158	54.322233719405425	11	1.0
k141_295175	5892	NA	NA	NA	NA	NA	0	NA	NA	NA	2.3553530791109556	3.590005868435103	5	1.0
k141_39964	2609	NA	NA	NA	NA	NA	0	NA	NA	NA	1.4	8.84	1	1.0
k141_15890	2038	NA	NA	NA	NA	NA	0	NA	NA	NA	4.698775510204081	7.165816326530612	2	1.0
k141_149465	30958	NA	NA	NA	NA	NA	0	NA	NA	NA	14.318558564642235	31.592319048735543	20	1.0
k141_283110	3639	NA	NA	NA	NA	NA	0	NA	NA	NA	5.174348413336544	6.1469126044236075	4	1.0
k141_264722	4544	NA	NA	NA	NA	NA	0	NA	NA	NA	NA	NA	0	1.0
k141_46210	6388	NA	NA	NA	NA	NA	0	NA	NA	NA	1.64	11.86	1	1.0
k141_9607	15679	NA	NA	NA	NA	NA	0	NA	NA	NA	5.225820704386438	24.496447758052724	5	1.0
k141_331505	1005	NA	NA	NA	NA	NA	0	NA	NA	NA	NA	NA	0	1.0
k141_3772	3840	1379	NA	NA	NA	NA	0	NA	NA	NA	0.32	0.41	1	1.0
k141_361465	3115	NA	NA	NA	NA	NA	0	NA	NA	NA	NA	NA	0	1.0
k141_192125	2929	NA	NA	NA	NA	NA	0	NA	NA	NA	1.17	4.93	1	1.02
k141_173775	2477	NA	NA	NA	NA	NA	0	NA	NA	NA	4.333031088082902	7.277616580310881	2	1.0
k141_173779	2510	NA	NA	NA	NA	NA	0	NA	NA	NA	0.49342313787638664	1.6605705229793977	2	1.0
k141_222232	3844	NA	NA	NA	NA	NA	0	NA	NA	NA	5.09	10.48	1	1.0
k141_137445	1085	NA	NA	NA	NA	NA	0	NA	NA	NA	NA	NA	0	1.0
k141_379901	1361	NA	NA	NA	NA	NA	0	NA	NA	NA	0.6099999999999999	0.8647348484848485	2	1.0
k141_385894	1420	NA	NA	NA	NA	NA	0	NA	NA	NA	0.621988950276243	0.9099999999999999	2	1.0
k141_107350	1033	NA	NA	NA	NA	NA	0	NA	NA	NA	0.46	0.66	1	1.0
k141_337514	3241	NA	NA	NA	NA	NA	0	NA	NA	NA	NA	NA	0	1.04
k141_276552	3191	NA	NA	NA	NA	NA	0	NA	NA	NA	5.7	8.01	1	1.0
k141_52161	6251	NA	NA	NA	NA	NA	0	NA	NA	NA	1.88	15.29	1	1.0
k141_95079	2158	NA	NA	NA	NA	NA	0	NA	NA	NA	0.983706197533309	2.221349748599971	3	1.0
k141_331530	3477	NA	NA	NA	NA	NA	0	NA	NA	NA	NA	NA	0	1.0
k141_246631	4718	NA	NA	NA	NA	NA	0	NA	NA	NA	4.784317353144891	9.217801122490505	4	1.0
k141_173809	2504	NA	NA	NA	NA	NA	0	NA	NA	NA	3.0920647773279355	7.139817813765181	2	1.0
k141_343788	5127	NA	NA	NA	NA	NA	0	NA	NA	NA	9.957061855670103	16.127938144329896	2	1.0
k141_119175	2700	NA	NA	NA	NA	NA	0	NA	NA	NA	NA	NA	0	1.0
k141_355949	1100	NA	NA	NA	NA	NA	0	NA	NA	NA	1.57	2.84	1	1.0
k141_234629	4636	NA	NA	NA	NA	NA	0	NA	NA	NA	6.0	7.84	1	1.0
k141_76292	3829	NA	NA	NA	NA	NA	0	NA	NA	NA	NA	NA	0	1.0
k141_313247	6756	NA	NA	NA	NA	NA	0	NA	NA	NA	3.02246279522479	7.920638638166635	3	1.0
k141_343807	1337	NA	NA	NA	NA	NA	0	NA	NA	NA	0.542608695652174	1.9798136645962732	2	1.0
k141_192193	2633	1981	NA	NA	NA	NA	0	NA	NA	NA	2.0	5.81	1	1.0
k141_58388	3618	NA	NA	NA	NA	NA	0	NA	NA	NA	2.6519415807560134	9.78946735395189	2	1.0
k141_343819	4478	NA	NA	NA	NA	NA	0	NA	NA	NA	7.302396396396397	12.928522522522522	2	1.0
k141_325589	3413	NA	NA	NA	NA	NA	0	NA	NA	NA	4.295902421830252	8.978599626958834	3	1.0
k141_15952	1052	NA	NA	NA	NA	NA	0	NA	NA	NA	NA	NA	0	1.0
k141_52201	3752	1395	NA	NA	NA	NA	0	NA	NA	NA	0.75	3.59	1	1.0
k141_234642	4147	NA	NA	NA	NA	NA	0	NA	NA	NA	1.7197889182058046	3.456068601583113	2	1.0
k141_46275	1239	NA	NA	NA	NA	NA	0	NA	NA	NA	2.29	3.86	1	1.0
k141_88922	4077	NA	NA	NA	NA	NA	0	NA	NA	NA	5.799621456257333	10.101115582814797	3	1.0
k141_40064	2842	NA	NA	NA	NA	NA	0	NA	NA	NA	2.044858812074002	7.294410905550147	2	1.0
k141_258660	3062	NA	NA	NA	NA	NA	0	NA	NA	NA	4.66	9.21	1	1.0
k141_349633	1810	NA	NA	NA	NA	NA	0	NA	NA	NA	2.38916961130742	4.049752650176678	2	1.0
k141_9699	1548	NA	NA	NA	NA	NA	0	NA	NA	NA	3.3851851851851853	4.024814814814814	2	1.0
k141_167686	4902	NA	NA	NA	NA	NA	0	NA	NA	NA	6.618194635463805	14.961331575823264	4	1.0
k141_64187	4083	NA	NA	NA	NA	NA	0	NA	NA	NA	NA	NA	0	1.0
k141_234660	1011	NA	NA	NA	NA	NA	0	NA	NA	NA	NA	NA	0	1.0
k141_385943	1741	NA	NA	NA	NA	NA	0	NA	NA	NA	2.72	4.87	1	1.0
k141_76343	2846	NA	NA	NA	NA	NA	0	NA	NA	NA	4.622243837937532	9.715104640447429	5	1.0
k141_21653	3966	NA	NA	NA	NA	NA	0	NA	NA	NA	0.9846153846153848	1.199526627218935	2	1.0
k141_3850	10254	NA	NA	NA	NA	NA	0	NA	NA	NA	1.996898938624827	21.336091370558375	2	1.0
k141_88932	5813	NA	NA	NA	NA	NA	0	NA	NA	NA	2.24	8.88	1	1.0
k141_349646	1478	NA	NA	NA	NA	NA	0	NA	NA	NA	2.32	3.67	1	1.0
k141_240507	6411	NA	NA	NA	NA	NA	0	NA	NA	NA	8.699698639957756	21.821782966093377	4	1.0
k141_228541	2764	NA	NA	NA	NA	NA	0	NA	NA	NA	1.44	1.6	1	1.05
k141_82572	3223	NA	NA	NA	NA	NA	0	NA	NA	NA	NA	NA	0	1.0
k141_283279	5512	NA	NA	NA	NA	NA	0	NA	NA	NA	2.276502470429705	7.83522084144333	3	1.0
k141_143486	4145	NA	NA	NA	NA	NA	0	NA	NA	NA	NA	NA	0	1.0
k141_137550	1195	NA	NA	NA	NA	NA	0	NA	NA	NA	2.06	3.4500000000000006	1	1.0
k141_88959	3167	NA	NA	NA	NA	NA	0	NA	NA	NA	1.3500000000000003	1.77	1	1.0
k141_367751	2545	NA	NA	NA	NA	NA	0	NA	NA	NA	1.6999999999999997	7.879999999999999	1	1.0
k141_349661	2911	NA	NA	NA	NA	NA	0	NA	NA	NA	NA	NA	0	1.01
k141_143513	1894	NA	NA	NA	NA	NA	0	NA	NA	NA	0.75	1.37	1	1.0
k141_192282	2260	NA	NA	NA	NA	NA	0	NA	NA	NA	2.897923784494086	6.881458607095927	2	1.0
k141_301163	2702	NA	NA	NA	NA	NA	0	NA	NA	NA	1.696510465497908	5.5558680418141995	5	1.0
k141_82615	7023	NA	NA	NA	NA	NA	0	NA	NA	NA	9.608017527830958	18.23106464697016	3	1.0
k141_319274	10928	NA	NA	NA	NA	NA	0	NA	NA	NA	0.88	10.01	1	1.0
k141_58442	12694	NA	NA	NA	NA	NA	0	NA	NA	NA	7.329849822055729	12.814297722139955	7	1.0
k141_271020	2231	NA	NA	NA	NA	NA	0	NA	NA	NA	2.17	5.44	1	1.0
k141_319278	3211	NA	NA	NA	NA	NA	0	NA	NA	NA	4.2696	10.52522162162162	2	1.0
k141_246705	1909	NA	NA	NA	NA	NA	0	NA	NA	NA	NA	NA	0	1.0
k141_9758	1324	NA	NA	NA	NA	NA	0	NA	NA	NA	NA	NA	0	1.0
k141_192284	8472	NA	NA	NA	NA	NA	0	NA	NA	NA	9.863603120749291	28.336283261033124	5	1.0
k141_380027	2927	NA	NA	NA	NA	NA	0	NA	NA	NA	3.6509278350515464	9.231321462043113	2	1.0
k141_355998	10760	NA	NA	NA	NA	NA	0	NA	NA	NA	16.037348468024444	28.79188543674019	3	1.0
k141_197679	2671	NA	NA	NA	NA	NA	0	NA	NA	NA	NA	NA	0	1.0
k141_210085	3440	NA	NA	NA	NA	NA	0	NA	NA	NA	4.047611292073833	10.257763300760043	2	1.0
k141_228600	1608	NA	NA	NA	NA	NA	0	NA	NA	NA	1.1408695652173912	6.5146547314578	2	1.0
k141_3917	2248	NA	NA	NA	NA	NA	0	NA	NA	NA	3.19	5.26	1	1.0
k141_349701	2908	NA	NA	NA	NA	NA	0	NA	NA	NA	2.24	8.08	1	1.0
k141_252669	2166	NA	NA	NA	NA	NA	0	NA	NA	NA	1.1982241014799153	1.599936575052854	2	1.0
k141_95219	4009	NA	NA	NA	NA	NA	0	NA	NA	NA	1.28	10.54	1	1.04
k141_185761	3266	NA	NA	NA	NA	NA	0	NA	NA	NA	1.1883809523809523	2.2983809523809526	2	1.0
k141_27698	1680	NA	NA	NA	NA	NA	0	NA	NA	NA	1.13	4.62	1	1.0
k141_246718	31397	NA	NA	NA	NA	NA	0	NA	NA	NA	19.59581560051109	77.71030498390623	8	1.0
k141_143569	4423	NA	NA	NA	NA	NA	0	NA	NA	NA	1.9313824884792625	4.878940092165898	2	1.02
k141_89005	3690	NA	NA	NA	NA	NA	0	NA	NA	NA	1.651891891891892	2.8336936936936934	2	1.0
k141_125119	4241	NA	NA	NA	NA	NA	0	NA	NA	NA	0.9411972522080471	2.996957801766438	2	1.0
k141_161723	1323	NA	NA	NA	NA	NA	0	NA	NA	NA	1.88	3.62	1	1.0
k141_222405	3072	NA	NA	NA	NA	NA	0	NA	NA	NA	1.2888507718696398	2.7998799313893654	2	1.0
k141_173980	1708	NA	NA	NA	NA	NA	0	NA	NA	NA	3.509527559055118	4.667716535433071	2	1.0
k141_289280	1207	NA	NA	NA	NA	NA	0	NA	NA	NA	0.84	4.11	1	1.0
k141_271098	1090	NA	NA	NA	NA	NA	0	NA	NA	NA	0.76	3.72	1	1.0
k141_252712	1045	NA	NA	NA	NA	NA	0	NA	NA	NA	0.62	2.78	1	1.0
k141_46516	1824	NA	NA	NA	NA	NA	0	NA	NA	NA	NA	NA	0	1.0
k141_228640	1327	NA	NA	NA	NA	NA	0	NA	NA	NA	0.5680941704035875	1.207130044843049	2	1.0
k141_16070	10520	NA	NA	NA	NA	NA	0	NA	NA	NA	15.799999999999999	25.22	1	1.0
k141_325657	3062	NA	NA	NA	NA	NA	0	NA	NA	NA	NA	NA	0	1.0
k141_167798	5387	NA	NA	NA	NA	NA	0	NA	NA	NA	NA	NA	0	1.01
k141_52392	6046	NA	NA	NA	NA	NA	0	NA	NA	NA	2.57	3.37	1	1.0
k141_119294	1699	NA	NA	NA	NA	NA	0	NA	NA	NA	3.11	5.06	1	1.0
k141_246748	1178	NA	NA	NA	NA	NA	0	NA	NA	NA	0.6	1.52	1	1.0
k141_325667	6486	NA	NA	NA	NA	NA	0	NA	NA	NA	2.1411552346570395	9.537653429602887	3	1.0
k141_112844	3041	NA	NA	NA	NA	NA	0	NA	NA	NA	1.34	8.16	1	1.0
k141_210112	1132	NA	NA	NA	NA	NA	0	NA	NA	NA	1.524398845638194	2.9402254186833914	3	1.0
k141_252735	1721	NA	NA	NA	NA	NA	0	NA	NA	NA	3.0499999999999994	4.71	1	1.0
k141_155802	1477	NA	NA	NA	NA	NA	0	NA	NA	NA	3.2015846994535524	3.914590163934426	2	1.0
k141_185828	6209	NA	NA	NA	NA	NA	0	NA	NA	NA	18.59	100.0	1	1.0
k141_27760	4479	NA	NA	NA	NA	NA	0	NA	NA	NA	NA	NA	0	1.0
k141_9857	11450	NA	NA	NA	NA	NA	0	NA	NA	NA	4.857637197420129	9.853809742298402	7	1.0
k141_192365	7373	NA	NA	NA	NA	NA	0	NA	NA	NA	10.11412818425393	19.20904184830987	7	1.0
k141_265008	8422	NA	NA	NA	NA	NA	0	NA	NA	NA	18.020239202167975	22.467732543977515	4	1.0
k141_204481	3170	NA	NA	NA	NA	NA	0	NA	NA	NA	2.4950340798442063	9.508257059396298	2	1.0
k141_70863	2668	NA	NA	NA	NA	NA	0	NA	NA	NA	4.633329830733033	9.01712474587112	3	1.0
k141_82756	2357	NA	NA	NA	NA	NA	0	NA	NA	NA	1.1	3.2	1	1.0
k141_16113	3247	NA	NA	NA	NA	NA	0	NA	NA	NA	2.708087649402391	9.764701195219125	2	1.0
k141_374031	1311	NA	NA	NA	NA	NA	0	NA	NA	NA	0.64	3.09	1	1.0
k141_216237	1584	NA	NA	NA	NA	NA	0	NA	NA	NA	2.23	2.79	1	1.0
k141_240701	1313	NA	NA	NA	NA	NA	0	NA	NA	NA	0.5640723320044742	1.373547767229759	3	1.0
k141_319402	1970	NA	NA	NA	NA	NA	0	NA	NA	NA	1.3005182926829268	5.570701219512195	2	1.0
k141_58623	5817	NA	NA	NA	NA	NA	0	NA	NA	NA	2.35688429217841	10.396056884292177	2	1.0
k141_337817	1045	NA	NA	NA	NA	NA	0	NA	NA	NA	0.7964331210191082	2.506140127388535	2	1.0
k141_228762	1205	NA	NA	NA	NA	NA	0	NA	NA	NA	1.5357682291666663	3.7649739583333335	2	1.0
k141_174088	2978	NA	NA	NA	NA	NA	0	NA	NA	NA	1.27	1.66	1	1.0
k141_58649	1032	NA	NA	NA	NA	NA	0	NA	NA	NA	0.45	0.65	1	1.0
k141_386157	2712	NA	NA	NA	NA	NA	0	NA	NA	NA	0.84	6.48	1	1.02
k141_367892	2642	NA	NA	NA	NA	NA	0	NA	NA	NA	NA	NA	0	1.01
k141_337826	2103	NA	NA	NA	NA	NA	0	NA	NA	NA	2.96	3.71	1	1.0
k141_349795	3718	NA	NA	NA	NA	NA	0	NA	NA	NA	NA	NA	0	1.0
k141_155901	6976	NA	NA	NA	NA	NA	0	NA	NA	NA	NA	NA	0	1.0
k141_276796	3685	NA	NA	NA	NA	NA	0	NA	NA	NA	2.151657963446475	5.354778067885118	2	1.0
k141_344132	2678	NA	NA	NA	NA	NA	0	NA	NA	NA	NA	NA	0	1.01
k141_4093	2725	NA	NA	NA	NA	NA	0	NA	NA	NA	NA	NA	0	1.0
k141_240730	5593	NA	NA	NA	NA	NA	0	NA	NA	NA	NA	NA	0	1.0
k141_82833	1312	NA	NA	NA	NA	NA	0	NA	NA	NA	1.01	3.65	1	1.0
k141_34277	1101	NA	NA	NA	NA	NA	0	NA	NA	NA	NA	NA	0	1.0
k141_319434	4671	NA	NA	NA	NA	NA	0	NA	NA	NA	1.6634966385618246	6.938213794896556	3	1.0
k141_46606	1208	NA	NA	NA	NA	NA	0	NA	NA	NA	1.2205670567056706	3.376498649864987	2	1.0
k141_76582	1097	NA	NA	NA	NA	NA	0	NA	NA	NA	0.75	2.82	1	1.0
k141_4105	1441	771	NA	NA	NA	NA	0	NA	NA	NA	0.17	0.61	1	1.03
k141_95388	4534	NA	NA	NA	NA	NA	0	NA	NA	NA	5.757681405086687	11.050259973059427	3	1.0
k141_337842	4709	NA	NA	NA	NA	NA	0	NA	NA	NA	2.6	8.56	1	1.0
k141_197875	1228	NA	NA	NA	NA	NA	0	NA	NA	NA	0.1	0.9600000000000001	1	1.0
k141_76585	4032	NA	NA	NA	NA	NA	0	NA	NA	NA	2.1354485431753294	7.397414660893569	3	1.08
k141_125248	6136	NA	NA	NA	NA	NA	0	NA	NA	NA	NA	NA	0	1.1
k141_125256	2639	NA	NA	NA	NA	NA	0	NA	NA	NA	1.22	3.65	1	1.0
k141_149745	3147	NA	NA	NA	NA	NA	0	NA	NA	NA	3.906891191709845	7.8103799654576855	2	1.0
k141_95403	2127	NA	NA	NA	NA	NA	0	NA	NA	NA	0.95	1.3547348484848485	2	1.0
k141_265094	19717	NA	NA	NA	NA	NA	0	NA	NA	NA	2.4627380952380955	10.727119047619047	2	1.0
k141_344179	3323	NA	NA	NA	NA	NA	0	NA	NA	NA	NA	NA	0	1.0
k141_34298	9058	NA	NA	NA	NA	NA	0	NA	NA	NA	12.38564852316507	21.766099970364518	4	1.0
k141_143721	3243	NA	NA	NA	NA	NA	0	NA	NA	NA	1.83	9.98	1	1.0
k141_76594	3378	NA	NA	NA	NA	NA	0	NA	NA	NA	NA	NA	0	1.0
k141_27863	4007	NA	NA	NA	NA	NA	0	NA	NA	NA	NA	NA	0	1.0
k141_344190	1655	NA	NA	NA	NA	NA	0	NA	NA	NA	2.59	4.7	1	1.0
k141_307627	3772	NA	NA	NA	NA	NA	0	NA	NA	NA	1.5827153063609412	3.6708454949323466	5	1.0
k141_34322	2542	NA	NA	NA	NA	NA	0	NA	NA	NA	3.87	7.64	1	1.0
k141_185959	6922	NA	NA	NA	NA	NA	0	NA	NA	NA	2.9294659150576208	6.057819261055192	6	1.0
k141_9992	5569	NA	NA	NA	NA	NA	0	NA	NA	NA	4.09	16.13	1	1.0
k141_349885	1814	NA	NA	NA	NA	NA	0	NA	NA	NA	2.71	5.95	1	1.0
k141_155951	2567	NA	NA	NA	NA	NA	0	NA	NA	NA	1.38	7.54	1	1.0
k141_344202	2763	NA	NA	NA	NA	NA	0	NA	NA	NA	4.01054054054054	15.4248	2	1.0
k141_58747	5055	NA	NA	NA	NA	NA	0	NA	NA	NA	3.888765670202507	15.773365477338478	2	1.0
k141_265110	1326	NA	NA	NA	NA	NA	0	NA	NA	NA	NA	NA	0	1.0
k141_361730	2730	NA	NA	NA	NA	NA	0	NA	NA	NA	NA	NA	0	1.0
k141_125304	2089	NA	NA	NA	NA	NA	0	NA	NA	NA	2.2097617942369854	8.054911027439653	3	1.0
k141_325790	2043	NA	NA	NA	NA	NA	0	NA	NA	NA	3.34	5.72	1	1.0
k141_295542	1030	NA	NA	NA	NA	NA	0	NA	NA	NA	1.94	3.04	1	1.0
k141_64446	2857	NA	NA	NA	NA	NA	0	NA	NA	NA	NA	NA	0	1.0
k141_155984	1069	NA	NA	NA	NA	NA	0	NA	NA	NA	0.48	0.63	1	1.0
k141_344223	3097	NA	NA	NA	NA	NA	0	NA	NA	NA	NA	NA	0	1.0
k141_149831	3223	NA	NA	NA	NA	NA	0	NA	NA	NA	NA	NA	0	1.0
k141_179578	1893	NA	NA	NA	NA	NA	0	NA	NA	NA	2.1517925736235597	3.0765941101152365	2	1.0
k141_167931	4649	NA	NA	NA	NA	NA	0	NA	NA	NA	NA	NA	0	1.0
k141_210296	1772	NA	NA	NA	NA	NA	0	NA	NA	NA	NA	NA	0	1.0
k141_10031	2776	NA	NA	NA	NA	NA	0	NA	NA	NA	3.8767312348668286	6.783510895883777	2	1.0
k141_197958	2418	NA	NA	NA	NA	NA	0	NA	NA	NA	NA	NA	0	1.0
k141_174191	3197	NA	NA	NA	NA	NA	0	NA	NA	NA	NA	NA	0	1.0
k141_258917	6062	NA	NA	NA	NA	NA	0	NA	NA	NA	1.7746605146307737	2.847204830830595	3	1.0
k141_349958	2196	NA	NA	NA	NA	NA	0	NA	NA	NA	2.7211352957516093	6.485599792770152	4	1.0
k141_228876	29670	NA	NA	NA	NA	NA	0	NA	NA	NA	8.595911770656555	18.050756040250963	14	1.0
k141_10051	7155	NA	NA	NA	NA	NA	0	NA	NA	NA	3.8471114469178844	15.208276050332104	4	1.0
k141_265161	1616	NA	NA	NA	NA	NA	0	NA	NA	NA	2.42	5.3	1	1.0
k141_240855	3335	NA	NA	NA	NA	NA	0	NA	NA	NA	3.85	8.69	1	1.0
k141_156044	24156	NA	NA	NA	NA	NA	0	NA	NA	NA	17.826842696629214	48.943	2	1.0
k141_4226	1039	NA	NA	NA	NA	NA	0	NA	NA	NA	NA	NA	0	1.0
k141_46727	3844	NA	NA	NA	NA	NA	0	NA	NA	NA	5.538212093509207	12.511683426929604	3	1.0
k141_119483	3888	NA	NA	NA	NA	NA	0	NA	NA	NA	0.97	1.61	1	1.01
k141_283669	5047	NA	NA	NA	NA	NA	0	NA	NA	NA	NA	NA	0	1.0
k141_228908	4768	NA	NA	NA	NA	NA	0	NA	NA	NA	5.4	11.380000000000003	1	1.0
k141_82974	2522	NA	NA	NA	NA	NA	0	NA	NA	NA	1.4932046332046334	7.402210424710424	2	1.0
k141_228915	1423	NA	NA	NA	NA	NA	0	NA	NA	NA	0.9900000000000001	4.85	1	1.0
k141_40402	24690	NA	NA	NA	NA	NA	0	NA	NA	NA	4.517519294377069	25.40013781697905	2	1.01
k141_228916	2916	NA	NA	NA	NA	NA	0	NA	NA	NA	0.7446153846153847	0.8469230769230769	2	1.0
k141_361814	1743	NA	NA	NA	NA	NA	0	NA	NA	NA	1.5210413223140495	5.157652892561983	2	1.0
k141_356299	12867	NA	NA	NA	NA	NA	0	NA	NA	NA	NA	NA	0	1.0
k141_240875	6531	NA	NA	NA	NA	NA	0	NA	NA	NA	10.862456968468813	17.185634068167314	5	1.01
k141_119510	1312	NA	NA	NA	NA	NA	0	NA	NA	NA	NA	NA	0	1.0
k141_240882	6634	NA	NA	NA	NA	NA	0	NA	NA	NA	NA	NA	0	1.0
k141_21962	1612	NA	NA	NA	NA	NA	0	NA	NA	NA	1.76	3.66	1	1.0
k141_258978	6424	NA	NA	NA	NA	NA	0	NA	NA	NA	8.836335734735032	20.892471220314707	4	1.0
k141_252965	4400	NA	NA	NA	NA	NA	0	NA	NA	NA	NA	NA	0	1.0
k141_119537	2939	NA	NA	NA	NA	NA	0	NA	NA	NA	1.19	6.05	1	1.0
k141_119542	1887	NA	NA	NA	NA	NA	0	NA	NA	NA	2.7608455636953964	5.078593501495662	3	1.0
k141_46772	2769	NA	NA	NA	NA	NA	0	NA	NA	NA	NA	NA	0	1.0
k141_313630	1341	NA	NA	NA	NA	NA	0	NA	NA	NA	NA	NA	0	1.0
k141_125416	6471	NA	NA	NA	NA	NA	0	NA	NA	NA	9.855453172009414	17.8114101184803	7	1.0
k141_246986	4606	NA	NA	NA	NA	NA	0	NA	NA	NA	NA	NA	0	1.0
k141_210361	1022	NA	NA	NA	NA	NA	0	NA	NA	NA	0.84	5.83	1	1.0
k141_4311	2756	NA	NA	NA	NA	NA	0	NA	NA	NA	0.22	0.32	1	1.0
k141_179645	2825	NA	NA	NA	NA	NA	0	NA	NA	NA	NA	NA	0	1.0
k141_271374	1236	NA	NA	NA	NA	NA	0	NA	NA	NA	NA	NA	0	1.0
k141_198040	1931	NA	NA	NA	NA	NA	0	NA	NA	NA	0.16	1.52	1	1.0
k141_143873	1684	NA	NA	NA	NA	NA	0	NA	NA	NA	1.54	5.23	1	1.0
k141_162074	3045	NA	NA	NA	NA	NA	0	NA	NA	NA	3.42	8.84	1	1.0
k141_16331	1644	NA	NA	NA	NA	NA	0	NA	NA	NA	1.77	5.34	1	1.0
k141_386378	1076	NA	NA	NA	NA	NA	0	NA	NA	NA	0.476039603960396	0.6520792079207921	2	1.0
k141_52702	5090	NA	NA	NA	NA	NA	0	NA	NA	NA	NA	NA	0	1.0
k141_131612	3172	NA	NA	NA	NA	NA	0	NA	NA	NA	NA	NA	0	1.0
k141_198054	4369	NA	NA	NA	NA	NA	0	NA	NA	NA	2.8341728327182945	18.724123796825204	3	1.0
k141_22021	1230	NA	NA	NA	NA	NA	0	NA	NA	NA	1.99	3.36	1	1.0
k141_259036	3387	NA	NA	NA	NA	NA	0	NA	NA	NA	1.83	8.71	1	1.0
k141_150008	1582	NA	NA	NA	NA	NA	0	NA	NA	NA	1.930981941309255	4.509988713318284	2	1.0
k141_143936	1034	NA	NA	NA	NA	NA	0	NA	NA	NA	1.17	2.7399999999999998	1	1.0
k141_95579	13312	NA	NA	NA	NA	NA	0	NA	NA	NA	5.62909090909091	13.371724795121022	3	1.0
k141_83041	5794	NA	NA	NA	NA	NA	0	NA	NA	NA	1.3207853399311513	2.155933398258149	4	1.0
k141_76796	1192	NA	NA	NA	NA	NA	0	NA	NA	NA	1.3552066115702481	3.8640495867768596	2	1.0
k141_10271	1313	NA	NA	NA	NA	NA	0	NA	NA	NA	1.87	3.39	1	1.0
k141_253004	16100	NA	NA	NA	NA	NA	0	NA	NA	NA	25.28454183266932	42.66701195219124	2	1.0
k141_162120	4222	NA	NA	NA	NA	NA	0	NA	NA	NA	NA	NA	0	1.01
k141_210432	3699	NA	NA	NA	NA	NA	0	NA	NA	NA	4.623458767013611	9.800144115292234	2	1.0
k141_22040	5337	NA	NA	NA	NA	NA	0	NA	NA	NA	NA	NA	0	1.0
k141_76808	2829	NA	NA	NA	NA	NA	0	NA	NA	NA	NA	NA	0	1.0
k141_338077	2227	NA	NA	NA	NA	NA	0	NA	NA	NA	2.386637168141593	5.904265486725664	2	1.0
k141_380421	1275	NA	NA	NA	NA	NA	0	NA	NA	NA	0.8699999999999999	3.21	1	1.0
k141_344361	1686	NA	NA	NA	NA	NA	0	NA	NA	NA	0.93	5.07	1	1.0
k141_204795	1523	NA	NA	NA	NA	NA	0	NA	NA	NA	NA	NA	0	1.0
k141_247053	1277	NA	NA	NA	NA	NA	0	NA	NA	NA	1.67	3.57	1	1.0
k141_46807	32740	NA	NA	NA	NA	NA	0	NA	NA	NA	30.548359031160622	97.84875629868043	5	1.0
k141_28049	3599	NA	NA	NA	NA	NA	0	NA	NA	NA	3.8200000000000003	10.04	1	1.0
k141_138001	5218	NA	NA	NA	NA	NA	0	NA	NA	NA	7.7436734693877565	14.450476190476193	2	1.0
k141_76819	1592	NA	NA	NA	NA	NA	0	NA	NA	NA	1.8141558441558439	5.157638724911452	2	1.0
k141_46815	2268	NA	NA	NA	NA	NA	0	NA	NA	NA	3.1330596436870644	5.269271882261813	3	1.0
k141_143964	1510	NA	NA	NA	NA	NA	0	NA	NA	NA	NA	NA	0	1.0
k141_210459	3368	NA	NA	NA	NA	NA	0	NA	NA	NA	1.8739401820546164	6.394720416124838	2	1.0
k141_338110	2946	NA	NA	NA	NA	NA	0	NA	NA	NA	3.823842729970326	9.595103857566766	2	1.0
k141_162172	6397	NA	NA	NA	NA	NA	0	NA	NA	NA	6.35	29.58	1	1.0
k141_265311	10490	NA	NA	NA	NA	NA	0	NA	NA	NA	NA	NA	0	1.0
k141_338126	1734	NA	NA	NA	NA	NA	0	NA	NA	NA	3.7899999999999996	4.65	1	1.0
k141_247093	3005	1978	NA	NA	NA	NA	0	NA	NA	NA	2.5683679525222556	6.445445103857566	2	1.0
k141_295784	2031	NA	NA	NA	NA	NA	0	NA	NA	NA	1.6599999999999997	11.58	1	1.0
k141_40598	4674	NA	NA	NA	NA	NA	0	NA	NA	NA	43.58	100.0	1	1.0
k141_28089	2477	2275	NA	NA	NA	NA	0	NA	NA	NA	2.5276970480560452	6.903706688777553	3	1.0
k141_113202	3458	NA	NA	NA	NA	NA	0	NA	NA	NA	1.8800000000000001	10.22	1	1.0
k141_101416	4194	NA	NA	NA	NA	NA	0	NA	NA	NA	1.0820652173913043	1.2398913043478261	2	1.0
k141_179654	93802	NA	NA	NA	NA	NA	0	NA	NA	NA	48.67487934719023	88.90010938392082	12	1.0
k141_350099	3572	NA	NA	NA	NA	NA	0	NA	NA	NA	2.186930632289749	10.724935543278086	2	1.0
k141_332009	3449	NA	NA	NA	NA	NA	0	NA	NA	NA	1.53	2.11	1	1.0
k141_34606	3140	NA	NA	NA	NA	NA	0	NA	NA	NA	0.72	3.14	1	1.0
k141_101440	5180	NA	NA	NA	NA	NA	0	NA	NA	NA	7.5	14.31	1	1.0
k141_368214	2619	NA	NA	NA	NA	NA	0	NA	NA	NA	NA	NA	0	1.0
k141_46856	1404	NA	NA	NA	NA	NA	0	NA	NA	NA	NA	NA	0	1.0
k141_361947	2564	NA	NA	NA	NA	NA	0	NA	NA	NA	NA	NA	0	1.0
k141_192742	1512	NA	NA	NA	NA	NA	0	NA	NA	NA	1.9612759643916913	4.929970326409495	2	1.0
k141_301670	2393	NA	NA	NA	NA	NA	0	NA	NA	NA	3.73	6.69	1	1.0
k141_265371	4962	NA	NA	NA	NA	NA	0	NA	NA	NA	NA	NA	0	1.0
k141_198167	3758	NA	NA	NA	NA	NA	0	NA	NA	NA	3.841457287596592	11.39797714560628	3	1.0
k141_10423	5964	NA	NA	NA	NA	NA	0	NA	NA	NA	NA	NA	0	1.0
k141_179694	4917	NA	NA	NA	NA	NA	0	NA	NA	NA	1.6276066597294485	6.840395421436004	2	1.0
k141_10428	8534	NA	NA	NA	NA	NA	0	NA	NA	NA	10.149543673146422	24.54988633077443	4	1.0
k141_319723	1749	NA	NA	NA	NA	NA	0	NA	NA	NA	2.82	4.22	1	1.0
k141_83141	4405	NA	NA	NA	NA	NA	0	NA	NA	NA	4.27	10.94	1	1.02
k141_156287	3252	1705	NA	NA	NA	NA	0	NA	NA	NA	0.84	4.85	1	1.0
k141_235181	4718	NA	NA	NA	NA	NA	0	NA	NA	NA	9.970694113644097	12.604348417829195	3	1.0
k141_344476	1679	NA	NA	NA	NA	NA	0	NA	NA	NA	2.094224698235841	4.88255338904364	2	1.0
k141_386477	2044	NA	NA	NA	NA	NA	0	NA	NA	NA	1.2764000000000002	4.367066666666667	2	1.0
k141_40656	11854	NA	NA	NA	NA	NA	0	NA	NA	NA	16.46372972972973	36.99254054054054	2	1.0
k141_168200	4055	NA	NA	NA	NA	NA	0	NA	NA	NA	0.9144186046511629	1.2827906976744186	2	1.0
k141_119689	3609	NA	NA	NA	NA	NA	0	NA	NA	NA	NA	NA	0	1.0
k141_241106	2643	NA	NA	NA	NA	NA	0	NA	NA	NA	NA	NA	0	1.0
k141_192763	2804	NA	NA	NA	NA	NA	0	NA	NA	NA	1.5199999999999998	6.26	1	1.0
k141_374277	1742	NA	NA	NA	NA	NA	0	NA	NA	NA	2.02	6.78	1	1.0
k141_107913	2545	NA	NA	NA	NA	NA	0	NA	NA	NA	1.1200826446280991	1.5797520661157027	2	1.0
k141_101480	4367	NA	NA	NA	NA	NA	0	NA	NA	NA	NA	NA	0	1.0
k141_229077	6446	NA	NA	NA	NA	NA	0	NA	NA	NA	14.0147509765625	16.966040039062495	3	1.0
k141_368269	1105	NA	NA	NA	NA	NA	0	NA	NA	NA	2.08	3.26	1	1.0
k141_16494	1211	NA	NA	NA	NA	NA	0	NA	NA	NA	0.67	3.0200000000000005	1	1.0
k141_344519	2603	NA	NA	NA	NA	NA	0	NA	NA	NA	1.58	4.34	1	1.0
k141_89403	6199	NA	NA	NA	NA	NA	0	NA	NA	NA	1.7	16.52	1	1.02
k141_64596	3291	NA	NA	NA	NA	NA	0	NA	NA	NA	1.4612011857878149	4.998231199842662	3	1.0
k141_131804	1497	NA	NA	NA	NA	NA	0	NA	NA	NA	1.5999999999999999	4.88	1	1.0
k141_107930	2042	NA	NA	NA	NA	NA	0	NA	NA	NA	2.6193750113733554	5.5395915373137035	3	1.0
k141_198207	3713	NA	NA	NA	NA	NA	0	NA	NA	NA	NA	NA	0	1.0
k141_332063	2708	NA	NA	NA	NA	NA	0	NA	NA	NA	1.07	8.56	1	1.0
k141_64612	2800	NA	NA	NA	NA	NA	0	NA	NA	NA	NA	NA	0	1.0
k141_229091	4368	NA	NA	NA	NA	NA	0	NA	NA	NA	NA	NA	0	1.0
k141_253142	5116	NA	NA	NA	NA	NA	0	NA	NA	NA	7.478309488943761	16.198793034783193	3	1.0
k141_186311	2605	NA	NA	NA	NA	NA	0	NA	NA	NA	1.45	6.6	1	1.0
k141_10549	1002	NA	NA	NA	NA	NA	0	NA	NA	NA	0.56	2.92	1	1.0
k141_95706	1347	NA	NA	NA	NA	NA	0	NA	NA	NA	2.794313725490196	3.549988465974625	2	1.0
k141_16516	1742	NA	NA	NA	NA	NA	0	NA	NA	NA	2.9899999999999998	5.34	1	1.0
k141_10572	2729	761	NA	NA	NA	NA	0	NA	NA	NA	0.2	0.79	1	1.0
k141_216434	4846	NA	NA	NA	NA	NA	0	NA	NA	NA	7.966083916083916	15.416013986013986	2	1.0
k141_46949	2110	NA	NA	NA	NA	NA	0	NA	NA	NA	0.17	1.98	1	1.0
k141_83215	2531	NA	NA	NA	NA	NA	0	NA	NA	NA	NA	NA	0	1.0
k141_59075	3292	NA	NA	NA	NA	NA	0	NA	NA	NA	0.16000000000000003	0.95	1	1.0
k141_192807	6996	NA	NA	NA	NA	NA	0	NA	NA	NA	9.168193444712832	20.812983009883293	5	1.0
k141_59081	2658	NA	NA	NA	NA	NA	0	NA	NA	NA	3.64	8.12	1	1.0
k141_344613	3430	NA	NA	NA	NA	NA	0	NA	NA	NA	NA	NA	0	1.0
k141_89472	2509	NA	NA	NA	NA	NA	0	NA	NA	NA	NA	NA	0	1.0
k141_380597	8936	NA	NA	NA	NA	NA	0	NA	NA	NA	16.233589743589743	21.68595141700405	2	1.0
k141_162321	2774	NA	NA	NA	NA	NA	0	NA	NA	NA	4.04122927966746	8.200552542201045	3	1.0
k141_186403	14808	NA	NA	NA	NA	NA	0	NA	NA	NA	NA	NA	0	1.0
k141_241190	1014	NA	NA	NA	NA	NA	0	NA	NA	NA	1.44	2.62	1	1.0
k141_362070	3688	NA	NA	NA	NA	NA	0	NA	NA	NA	NA	NA	0	1.0
k141_295919	2170	NA	NA	NA	NA	NA	0	NA	NA	NA	0.86	1.4	1	1.0
k141_144153	2963	NA	NA	NA	NA	NA	0	NA	NA	NA	1.32	1.7399999999999998	1	1.0
k141_192826	4110	NA	NA	NA	NA	NA	0	NA	NA	NA	NA	NA	0	1.0
k141_162328	1145	NA	NA	NA	NA	NA	0	NA	NA	NA	1.7163509471585245	4.903359920239282	2	1.0
k141_313901	1793	NA	NA	NA	NA	NA	0	NA	NA	NA	1.4144218887908209	5.997493380406001	2	1.0
k141_344636	1513	NA	NA	NA	NA	NA	0	NA	NA	NA	1.99	3.92	1	1.02
k141_380619	1575	NA	NA	NA	NA	NA	0	NA	NA	NA	NA	NA	0	1.0
k141_356621	1966	NA	NA	NA	NA	NA	0	NA	NA	NA	1.2075575462376706	3.9328330320572262	4	1.0
k141_162339	5311	NA	NA	NA	NA	NA	0	NA	NA	NA	3.7666147859922177	7.969416342412451	2	1.0
k141_162341	1230	NA	NA	NA	NA	NA	0	NA	NA	NA	1.3968035943517332	3.48602053915276	2	1.0
k141_192845	3174	NA	NA	NA	NA	NA	0	NA	NA	NA	NA	NA	0	1.0
k141_216498	1042	NA	NA	NA	NA	NA	0	NA	NA	NA	0.44999999999999996	0.67	1	1.0
k141_204998	15941	NA	NA	NA	NA	NA	0	NA	NA	NA	13.950000000000001	45.66	1	1.0
k141_186447	1384	NA	NA	NA	NA	NA	0	NA	NA	NA	NA	NA	0	1.0
k141_198276	1361	NA	NA	NA	NA	NA	0	NA	NA	NA	NA	NA	0	1.0
k141_47014	4169	NA	NA	NA	NA	NA	0	NA	NA	NA	6.99589172585909	11.823695526972546	3	1.0
k141_253219	5107	NA	NA	NA	NA	NA	0	NA	NA	NA	NA	NA	0	1.0
k141_89548	2312	NA	NA	NA	NA	NA	0	NA	NA	NA	3.6438201213320265	6.09093230302888	3	1.0
k141_40780	4238	NA	NA	NA	NA	NA	0	NA	NA	NA	1.0825961538461537	2.0146153846153845	3	1.0
k141_10668	1060	NA	NA	NA	NA	NA	0	NA	NA	NA	NA	NA	0	1.0
k141_186493	2629	NA	NA	NA	NA	NA	0	NA	NA	NA	1.5	8.61	1	1.0
k141_338418	5294	NA	NA	NA	NA	NA	0	NA	NA	NA	1.2	1.84	1	1.0
k141_77063	3154	NA	NA	NA	NA	NA	0	NA	NA	NA	NA	NA	0	1.0
k141_28306	7698	NA	NA	NA	NA	NA	0	NA	NA	NA	2.45	17.46	1	1.0
k141_338426	5410	NA	NA	NA	NA	NA	0	NA	NA	NA	2.73	15.09	1	1.0
k141_271645	1092	NA	NA	NA	NA	NA	0	NA	NA	NA	1.96	3.47	1	1.0
k141_22177	1066	NA	NA	NA	NA	NA	0	NA	NA	NA	1.68	2.65	1	1.0
k141_186510	7149	NA	NA	NA	NA	NA	0	NA	NA	NA	3.817094937914031	10.575625419669075	3	1.0
k141_313964	2785	NA	NA	NA	NA	NA	0	NA	NA	NA	3.4200000000000004	4.47	1	1.0
k141_283985	3737	NA	NA	NA	NA	NA	0	NA	NA	NA	5.59	12.26	1	1.0
k141_113408	2984	NA	NA	NA	NA	NA	0	NA	NA	NA	1.4585812443162505	7.682014366681057	3	1.0
k141_47057	1880	NA	NA	NA	NA	NA	0	NA	NA	NA	NA	NA	0	1.0
k141_295986	1764	NA	NA	NA	NA	NA	0	NA	NA	NA	3.23	5.25	1	1.0
k141_198318	1088	NA	NA	NA	NA	NA	0	NA	NA	NA	1.65	3.27	1	1.0
k141_380675	3296	NA	NA	NA	NA	NA	0	NA	NA	NA	2.0426903178122693	7.652379896526239	2	1.0
k141_131967	3705	NA	NA	NA	NA	NA	0	NA	NA	NA	1.47	2.68	1	1.0
k141_125736	5646	NA	NA	NA	NA	NA	0	NA	NA	NA	2.48	13.909999999999998	1	1.0
k141_308046	4127	NA	NA	NA	NA	NA	0	NA	NA	NA	NA	NA	0	1.0
k141_241294	3011	NA	NA	NA	NA	NA	0	NA	NA	NA	NA	NA	0	1.0
k141_295994	1426	NA	NA	NA	NA	NA	0	NA	NA	NA	1.8043028846153846	3.967548076923077	2	1.0
k141_205064	3161	NA	NA	NA	NA	NA	0	NA	NA	NA	NA	NA	0	1.0
k141_28355	1073	NA	NA	NA	NA	NA	0	NA	NA	NA	1.63	3.1299999999999994	1	1.0
k141_362183	1249	NA	NA	NA	NA	NA	0	NA	NA	NA	0.5	0.81	1	1.0
k141_40853	3858	NA	NA	NA	NA	NA	0	NA	NA	NA	1.6957727761966166	4.565662290388998	4	1.0
k141_332195	5516	NA	NA	NA	NA	NA	0	NA	NA	NA	NA	NA	0	1.0
k141_247433	2670	NA	NA	NA	NA	NA	0	NA	NA	NA	1.7400000000000002	4.0	1	1.0
k141_338471	4901	NA	NA	NA	NA	NA	0	NA	NA	NA	1.116120941531795	1.4599097206263745	5	1.0
k141_113454	3286	NA	NA	NA	NA	NA	0	NA	NA	NA	NA	NA	0	1.01
k141_210714	2231	NA	NA	NA	NA	NA	0	NA	NA	NA	NA	NA	0	1.0
k141_34754	1879	NA	NA	NA	NA	NA	0	NA	NA	NA	2.2825536992840094	6.247907716785998	2	1.0
k141_368418	1057	NA	NA	NA	NA	NA	0	NA	NA	NA	2.35	3.92	1	1.0
k141_223095	1942	NA	NA	NA	NA	NA	0	NA	NA	NA	4.08	6.28	1	1.0
k141_308055	1549	NA	NA	NA	NA	NA	0	NA	NA	NA	3.1815748031496063	4.228425196850393	2	1.0
k141_216601	1282	NA	NA	NA	NA	NA	0	NA	NA	NA	NA	NA	0	1.0
k141_344774	1187	NA	NA	NA	NA	NA	0	NA	NA	NA	NA	NA	0	1.0
k141_241328	4989	NA	NA	NA	NA	NA	0	NA	NA	NA	3.425538899140693	10.626586278406037	6	1.0
k141_253293	3919	NA	NA	NA	NA	NA	0	NA	NA	NA	NA	NA	0	1.0
k141_34778	1808	NA	NA	NA	NA	NA	0	NA	NA	NA	2.7	5.93	1	1.0
k141_241339	2167	NA	NA	NA	NA	NA	0	NA	NA	NA	3.35	5.52	1	1.0
k141_356731	4370	NA	NA	NA	NA	NA	0	NA	NA	NA	NA	NA	0	1.0
k141_53021	1114	NA	NA	NA	NA	NA	0	NA	NA	NA	0.8334997176543062	2.799317921251219	3	1.0
k141_125796	5199	NA	NA	NA	NA	NA	0	NA	NA	NA	2.3019308761637545	5.009771712791736	3	1.0
k141_247479	3307	NA	NA	NA	NA	NA	0	NA	NA	NA	4.2520350404312675	8.665970350404312	2	1.0
k141_113505	1825	NA	NA	NA	NA	NA	0	NA	NA	NA	NA	NA	0	1.0
k141_338509	9894	NA	NA	NA	NA	NA	0	NA	NA	NA	11.770848422289063	32.121797459323815	5	1.0
k141_113508	1202	NA	NA	NA	NA	NA	0	NA	NA	NA	2.8091411042944783	4.46	2	1.0
k141_77153	1439	NA	NA	NA	NA	NA	0	NA	NA	NA	2.13	4.18	1	1.0
k141_125810	4111	NA	NA	NA	NA	NA	0	NA	NA	NA	NA	NA	0	1.0
k141_179984	1692	NA	NA	NA	NA	NA	0	NA	NA	NA	0.9000000000000001	1.55	1	1.0
k141_368430	9260	NA	NA	NA	NA	NA	0	NA	NA	NA	NA	NA	0	1.1
k141_89654	2436	NA	NA	NA	NA	NA	0	NA	NA	NA	NA	NA	0	1.0
k141_156547	1035	NA	NA	NA	NA	NA	0	NA	NA	NA	1.321575520833333	3.2355859375	2	1.0
k141_362254	3891	NA	NA	NA	NA	NA	0	NA	NA	NA	1.7721663576890216	3.2064298684207393	4	1.0
k141_338546	2084	NA	NA	NA	NA	NA	0	NA	NA	NA	1.24	5.54	1	1.0
k141_386715	25414	NA	NA	NA	NA	NA	0	NA	NA	NA	36.21418892155272	74.53976803938944	18	1.0
k141_356742	5964	NA	NA	NA	NA	NA	0	NA	NA	NA	0.48	0.98	1	1.01
k141_144298	1423	NA	NA	NA	NA	NA	0	NA	NA	NA	3.17	4.35	1	1.0
k141_259471	2679	NA	NA	NA	NA	NA	0	NA	NA	NA	2.73815291112029	7.6103399368779945	3	1.0
k141_301952	1448	NA	NA	NA	NA	NA	0	NA	NA	NA	0.7644407894736841	1.1004605263157894	2	1.0
k141_108259	3504	NA	NA	NA	NA	NA	0	NA	NA	NA	1.350285714285714	4.291857142857142	2	1.02
k141_223147	4858	NA	NA	NA	NA	NA	0	NA	NA	NA	6.49684778023272	17.31754207063453	5	1.0
k141_125856	1096	NA	NA	NA	NA	NA	0	NA	NA	NA	NA	NA	0	1.0
k141_77190	1190	NA	NA	NA	NA	NA	0	NA	NA	NA	0.53	0.76	1	1.0
k141_368438	4309	NA	NA	NA	NA	NA	0	NA	NA	NA	1.0953846153846152	1.2492307692307694	2	1.0
k141_271743	2752	NA	NA	NA	NA	NA	0	NA	NA	NA	4.06	8.96	1	1.0
k141_34822	7980	NA	NA	NA	NA	NA	0	NA	NA	NA	0.64	0.78	1	1.02
k141_64808	1017	NA	NA	NA	NA	NA	0	NA	NA	NA	1.155173299101412	2.881412066752247	2	1.0
k141_156570	1377	NA	NA	NA	NA	NA	0	NA	NA	NA	0.79	1.51	1	1.04
k141_108277	3484	NA	NA	NA	NA	NA	0	NA	NA	NA	4.39	10.56	1	1.0
k141_101764	4084	NA	NA	NA	NA	NA	0	NA	NA	NA	1.7967152226354581	3.254082998165361	6	1.0
k141_16723	2618	NA	NA	NA	NA	NA	0	NA	NA	NA	3.421406727828746	6.542079510703363	2	1.0
k141_119963	3453	NA	NA	NA	NA	NA	0	NA	NA	NA	4.95	23.709999999999997	1	1.0
k141_174747	1372	NA	NA	NA	NA	NA	0	NA	NA	NA	NA	NA	0	1.0
k141_380802	2617	NA	NA	NA	NA	NA	0	NA	NA	NA	NA	NA	0	1.0
k141_174758	1847	NA	NA	NA	NA	NA	0	NA	NA	NA	0.8075724774369539	1.732576104936301	3	1.0
k141_10819	2534	NA	NA	NA	NA	NA	0	NA	NA	NA	NA	NA	0	1.0
k141_47214	1317	NA	NA	NA	NA	NA	0	NA	NA	NA	1.841043263343341	3.071943029617053	3	1.0
k141_241380	2538	NA	NA	NA	NA	NA	0	NA	NA	NA	NA	NA	0	1.0
k141_216702	5736	NA	NA	NA	NA	NA	0	NA	NA	NA	2.454916996047431	9.963905138339921	2	1.0
k141_64833	1022	NA	NA	NA	NA	NA	0	NA	NA	NA	1.0266336633663367	2.8552655265526554	2	1.0
k141_368505	3516	NA	NA	NA	NA	NA	0	NA	NA	NA	NA	NA	0	1.0
k141_210855	1510	NA	NA	NA	NA	NA	0	NA	NA	NA	1.51	4.91	1	1.0
k141_320013	1116	NA	NA	NA	NA	NA	0	NA	NA	NA	0.25	0.33	1	1.0
k141_4819	9752	NA	NA	NA	NA	NA	0	NA	NA	NA	0.88	28.74	1	1.0
k141_186721	35297	NA	NA	NA	NA	NA	0	NA	NA	NA	48.64719399160434	100.00000000000001	5	1.01
k141_247576	2650	NA	NA	NA	NA	NA	0	NA	NA	NA	0.77	3.41	1	1.01
k141_198475	1744	NA	NA	NA	NA	NA	0	NA	NA	NA	NA	NA	0	1.0
k141_162659	1090	NA	NA	NA	NA	NA	0	NA	NA	NA	NA	NA	0	1.0
k141_144388	5290	NA	NA	NA	NA	NA	0	NA	NA	NA	3.2502547169811318	15.611405660377358	2	1.0
k141_132111	1455	NA	NA	NA	NA	NA	0	NA	NA	NA	1.43	3.97	1	1.0
k141_40955	1665	NA	NA	NA	NA	NA	0	NA	NA	NA	2.3452977412731	4.3978439425051326	2	1.0
k141_344908	2487	NA	NA	NA	NA	NA	0	NA	NA	NA	1.241495327102804	1.5106542056074768	2	1.0
k141_320050	4581	NA	NA	NA	NA	NA	0	NA	NA	NA	2.25	6.15	1	1.0
k141_180121	3393	NA	NA	NA	NA	NA	0	NA	NA	NA	1.44	1.9899999999999998	1	1.0
k141_125890	2017	NA	NA	NA	NA	NA	0	NA	NA	NA	NA	NA	0	1.0
k141_344913	3491	NA	NA	NA	NA	NA	0	NA	NA	NA	2.18088534107402	5.272307692307693	2	1.0
k141_235589	1004	NA	NA	NA	NA	NA	0	NA	NA	NA	1.49	2.92	1	1.0
k141_296180	2164	NA	NA	NA	NA	NA	0	NA	NA	NA	2.13	5.909999999999999	1	1.0
k141_216738	2937	NA	NA	NA	NA	NA	0	NA	NA	NA	6.42	7.639629629629629	2	1.0
k141_386793	2894	NA	NA	NA	NA	NA	0	NA	NA	NA	NA	NA	0	1.0
k141_198488	1347	NA	NA	NA	NA	NA	0	NA	NA	NA	0.35	0.41	1	1.0
k141_120011	3608	NA	NA	NA	NA	NA	0	NA	NA	NA	1.16	3.53	1	1.01
k141_180135	1043	NA	NA	NA	NA	NA	0	NA	NA	NA	0.9568301886792452	3.049688679245283	2	1.0
k141_16804	1956	NA	NA	NA	NA	NA	0	NA	NA	NA	3.9807629565991447	5.598045874693358	3	1.0
k141_216754	2104	NA	NA	NA	NA	NA	0	NA	NA	NA	3.12	6.11	1	1.0
k141_59323	1045	NA	NA	NA	NA	NA	0	NA	NA	NA	1.37	2.92	1	1.0
k141_380892	2068	NA	NA	NA	NA	NA	0	NA	NA	NA	3.1778431372549014	5.4887581699346395	2	1.0
k141_113608	1221	NA	NA	NA	NA	NA	0	NA	NA	NA	2.2	3.35	1	1.0
k141_89799	1849	NA	NA	NA	NA	NA	0	NA	NA	NA	3.184472843450479	4.991629392971246	2	1.0
k141_362391	1057	NA	NA	NA	NA	NA	0	NA	NA	NA	0.4612396694214876	0.7444628099173555	2	1.0
k141_113611	1330	NA	NA	NA	NA	NA	0	NA	NA	NA	1.97	3.86	1	1.0
k141_132165	2091	NA	NA	NA	NA	NA	0	NA	NA	NA	NA	NA	0	1.0
k141_186787	4381	NA	NA	NA	NA	NA	0	NA	NA	NA	1.9334688344670465	3.867882638270768	3	1.0
k141_144442	5238	NA	NA	NA	NA	NA	0	NA	NA	NA	1.5619164118246687	3.6040672782874617	3	1.0
k141_138514	1000	NA	NA	NA	NA	NA	0	NA	NA	NA	1.77	2.74	1	1.0
k141_229429	4833	NA	NA	NA	NA	NA	0	NA	NA	NA	6.366165998428197	13.64339815912512	3	1.0
k141_320088	2670	NA	NA	NA	NA	NA	0	NA	NA	NA	5.0	7.22	1	1.0
k141_28560	8198	NA	NA	NA	NA	NA	0	NA	NA	NA	NA	NA	0	1.0
k141_350470	2600	NA	NA	NA	NA	NA	0	NA	NA	NA	5.667167630057803	6.941502890173411	2	1.0
k141_210929	1254	NA	NA	NA	NA	NA	0	NA	NA	NA	0.61	2.95	1	1.0
k141_186815	2761	NA	NA	NA	NA	NA	0	NA	NA	NA	4.07	8.98	1	1.0
k141_271876	4724	NA	NA	NA	NA	NA	0	NA	NA	NA	4.13	13.53	1	1.0
k141_41000	2880	NA	NA	NA	NA	NA	0	NA	NA	NA	6.085382783259612	7.697138482477033	3	1.0
k141_47322	4282	NA	NA	NA	NA	NA	0	NA	NA	NA	NA	NA	0	1.0
k141_265849	2800	1809	NA	NA	NA	NA	0	NA	NA	NA	0.15	1.57	1	1.0
k141_320104	3088	NA	NA	NA	NA	NA	0	NA	NA	NA	NA	NA	0	1.0
k141_138526	4428	NA	NA	NA	NA	NA	0	NA	NA	NA	NA	NA	0	1.0
k141_223296	3601	NA	NA	NA	NA	NA	0	NA	NA	NA	NA	NA	0	1.0
k141_216814	2601	NA	NA	NA	NA	NA	0	NA	NA	NA	1.120810810810811	1.6935135135135138	2	1.0
k141_113629	1490	NA	NA	NA	NA	NA	0	NA	NA	NA	1.3008925619834713	4.410512396694215	2	1.0
k141_265871	2506	NA	NA	NA	NA	NA	0	NA	NA	NA	3.8518082788671024	6.644923747276687	2	1.0
k141_120100	4511	NA	NA	NA	NA	NA	0	NA	NA	NA	NA	NA	0	1.0
k141_144500	4611	NA	NA	NA	NA	NA	0	NA	NA	NA	2.157817319098458	9.515504151838673	2	1.0
k141_138544	8351	NA	NA	NA	NA	NA	0	NA	NA	NA	3.55	4.9	1	1.0
k141_235627	1079	NA	NA	NA	NA	NA	0	NA	NA	NA	NA	NA	0	1.0
k141_64960	9680	NA	NA	NA	NA	NA	0	NA	NA	NA	NA	NA	0	1.0
k141_53278	2541	NA	NA	NA	NA	NA	0	NA	NA	NA	1.29	3.28	1	1.0
k141_125949	3541	NA	NA	NA	NA	NA	0	NA	NA	NA	1.2190557939914162	4.085009196811772	2	1.0
k141_138548	1020	NA	NA	NA	NA	NA	0	NA	NA	NA	0.6	1.95	1	1.0
k141_96050	3728	NA	NA	NA	NA	NA	0	NA	NA	NA	NA	NA	0	1.0
k141_210994	3377	NA	NA	NA	NA	NA	0	NA	NA	NA	1.3708285385500574	5.24698504027618	2	1.02
k141_16891	2507	NA	NA	NA	NA	NA	0	NA	NA	NA	1.8	6.98	1	1.0
k141_113674	2976	NA	NA	NA	NA	NA	0	NA	NA	NA	NA	NA	0	1.0
k141_59435	1033	NA	NA	NA	NA	NA	0	NA	NA	NA	NA	NA	0	1.0
k141_223343	2588	NA	NA	NA	NA	NA	0	NA	NA	NA	5.02	5.3	1	1.03
k141_253488	1021	NA	NA	NA	NA	NA	0	NA	NA	NA	NA	NA	0	1.0
k141_247711	3181	NA	NA	NA	NA	NA	0	NA	NA	NA	NA	NA	0	1.0
k141_180229	1677	NA	NA	NA	NA	NA	0	NA	NA	NA	2.355664804469274	4.695932960893855	2	1.0
k141_290219	6144	NA	NA	NA	NA	NA	0	NA	NA	NA	13.39791907514451	16.398890173410404	2	1.0
k141_290223	1311	NA	NA	NA	NA	NA	0	NA	NA	NA	0.9267874385565718	3.334139792003968	3	1.0
k141_253505	1982	NA	NA	NA	NA	NA	0	NA	NA	NA	3.4098083067092655	5.352523961661342	2	1.0
k141_368610	1051	NA	NA	NA	NA	NA	0	NA	NA	NA	1.06	2.52	1	1.0
k141_11023	5029	NA	NA	NA	NA	NA	0	NA	NA	NA	NA	NA	0	1.05
k141_83549	1055	NA	NA	NA	NA	NA	0	NA	NA	NA	1.25	3.28	1	1.0
k141_198637	4332	NA	NA	NA	NA	NA	0	NA	NA	NA	6.9383333333333335	12.342222222222224	3	1.0
k141_362504	1332	NA	NA	NA	NA	NA	0	NA	NA	NA	2.05	3.48	1	1.0
k141_193180	2991	NA	NA	NA	NA	NA	0	NA	NA	NA	1.58	1.7499999999999998	1	1.0
k141_277631	3564	NA	NA	NA	NA	NA	0	NA	NA	NA	4.967275693311582	9.270587275693313	2	1.0
k141_241570	2318	NA	NA	NA	NA	NA	0	NA	NA	NA	0.18999999999999995	0.926852850245904	3	1.0
k141_193195	3313	NA	NA	NA	NA	NA	0	NA	NA	NA	3.7439452389875627	6.003619953428012	4	1.0
k141_229585	7980	NA	NA	NA	NA	NA	0	NA	NA	NA	2.1004004854368934	5.013398058252428	2	1.0
k141_144572	2509	NA	NA	NA	NA	NA	0	NA	NA	NA	NA	NA	0	1.0
k141_290272	2869	NA	NA	NA	NA	NA	0	NA	NA	NA	NA	NA	0	1.0
k141_211075	3924	NA	NA	NA	NA	NA	0	NA	NA	NA	1.8778412391093902	7.365818005808326	2	1.0
k141_132318	1006	NA	NA	NA	NA	NA	0	NA	NA	NA	0.4259010600706714	3.0054681978798587	2	1.0
k141_253549	1918	NA	NA	NA	NA	NA	0	NA	NA	NA	3.5099999999999993	5.710000000000001	1	1.0
k141_144598	1058	NA	NA	NA	NA	NA	0	NA	NA	NA	2.13	3.21	1	1.0
k141_241605	1895	NA	NA	NA	NA	NA	0	NA	NA	NA	1.6334383438343836	8.497101710171018	2	1.0
k141_381059	1250	NA	NA	NA	NA	NA	0	NA	NA	NA	1.41	3.3100000000000005	1	1.0
k141_132339	1690	NA	NA	NA	NA	NA	0	NA	NA	NA	2.4791569767441866	7.665828488372093	2	1.0
k141_368691	2925	NA	NA	NA	NA	NA	0	NA	NA	NA	1.59	8.6	1	1.0
k141_345045	1894	NA	NA	NA	NA	NA	0	NA	NA	NA	2.8552497436648596	5.920969051455355	3	1.0
k141_253564	2119	NA	NA	NA	NA	NA	0	NA	NA	NA	3.7174924471299096	6.48262839879154	2	1.0
k141_150666	4570	NA	NA	NA	NA	NA	0	NA	NA	NA	7.310787277763887	13.43007257003463	5	1.0
k141_198702	1030	NA	NA	NA	NA	NA	0	NA	NA	NA	0.7148039215686275	2.686568627450981	2	1.0
k141_386995	1168	NA	NA	NA	NA	NA	0	NA	NA	NA	1.06	3.26	1	1.0
k141_229644	3802	NA	NA	NA	NA	NA	0	NA	NA	NA	1.7000000000000002	12.09	1	1.0
k141_253579	2027	NA	NA	NA	NA	NA	0	NA	NA	NA	NA	NA	0	1.0
k141_53426	3341	NA	NA	NA	NA	NA	0	NA	NA	NA	1.5	2.44	1	1.0
k141_284353	1159	NA	NA	NA	NA	NA	0	NA	NA	NA	NA	NA	0	1.0
k141_120214	2025	NA	NA	NA	NA	NA	0	NA	NA	NA	1.100416778574765	2.4976046810008796	4	1.0
k141_235714	6312	NA	NA	NA	NA	NA	0	NA	NA	NA	7.904191702432045	17.976423462088697	2	1.0
k141_53440	3547	NA	NA	NA	NA	NA	0	NA	NA	NA	3.53	9.74	1	1.0
k141_296437	2957	NA	NA	NA	NA	NA	0	NA	NA	NA	NA	NA	0	1.0
k141_259758	1760	NA	NA	NA	NA	NA	0	NA	NA	NA	NA	NA	0	1.0
k141_96114	22408	NA	NA	NA	NA	NA	0	NA	NA	NA	5.801251798561151	15.226	2	1.0
k141_223441	2839	NA	NA	NA	NA	NA	0	NA	NA	NA	1.15	1.75	1	1.0
k141_53464	7188	NA	NA	NA	NA	NA	0	NA	NA	NA	NA	NA	0	1.0
k141_253594	5948	NA	NA	NA	NA	NA	0	NA	NA	NA	1.6710236946087138	3.7719438330372053	3	1.0
k141_77478	2692	NA	NA	NA	NA	NA	0	NA	NA	NA	1.2245993756503641	2.6908428720083246	2	1.0
k141_77488	3100	NA	NA	NA	NA	NA	0	NA	NA	NA	4.523236263956318	8.540259791116904	3	1.0
k141_247840	2629	NA	NA	NA	NA	NA	0	NA	NA	NA	1.0852127659574469	6.4077577741407525	2	1.0
k141_144658	4026	NA	NA	NA	NA	NA	0	NA	NA	NA	5.5053214285714285	11.412339285714287	2	1.0
k141_150718	1493	NA	NA	NA	NA	NA	0	NA	NA	NA	0.65	0.8899999999999999	1	1.0
k141_216978	5963	NA	NA	NA	NA	NA	0	NA	NA	NA	2.8674029850746274	6.170776119402984	2	1.02
k141_59554	7319	NA	NA	NA	NA	NA	0	NA	NA	NA	NA	NA	0	1.0
k141_265999	9564	NA	NA	NA	NA	NA	0	NA	NA	NA	5.34	27.86	1	1.0
k141_211119	5167	NA	NA	NA	NA	NA	0	NA	NA	NA	7.301269738355374	19.49790977285209	4	1.0
k141_345102	1510	NA	NA	NA	NA	NA	0	NA	NA	NA	1.9339697576189188	4.004943149726185	3	1.0
k141_338771	1747	NA	NA	NA	NA	NA	0	NA	NA	NA	0.75	4.57	1	1.0
k141_350632	15140	NA	NA	NA	NA	NA	0	NA	NA	NA	6.72226268185814	14.212888370339599	5	1.0
k141_41214	2850	NA	NA	NA	NA	NA	0	NA	NA	NA	NA	NA	0	1.0
k141_381173	6014	NA	NA	NA	NA	NA	0	NA	NA	NA	10.698930113859442	27.405054574008634	3	1.0
k141_198757	1028	NA	NA	NA	NA	NA	0	NA	NA	NA	0.09	0.81	1	1.0
k141_338787	1631	NA	NA	NA	NA	NA	0	NA	NA	NA	2.46	3.85	1	1.0
k141_247871	2816	NA	NA	NA	NA	NA	0	NA	NA	NA	0.7414802981895634	3.6720979765708197	2	1.0
k141_277743	3897	NA	NA	NA	NA	NA	0	NA	NA	NA	NA	NA	0	1.0
k141_126119	2365	NA	NA	NA	NA	NA	0	NA	NA	NA	1.44	3.9399999999999995	1	1.0
k141_22625	2077	NA	NA	NA	NA	NA	0	NA	NA	NA	1.1032705527213942	5.6750523281105885	3	1.0
k141_241721	2946	NA	NA	NA	NA	NA	0	NA	NA	NA	1.3972111553784858	4.4251394422310755	2	1.0
k141_90043	4208	NA	NA	NA	NA	NA	0	NA	NA	NA	4.981024643320364	8.950791180285345	2	1.0
k141_108641	3180	1611	NA	NA	NA	NA	0	NA	NA	NA	0.7186415845828727	3.118693871494015	3	1.0
k141_168771	2507	NA	NA	NA	NA	NA	0	NA	NA	NA	4.22	6.14	1	1.0
k141_5145	5923	NA	NA	NA	NA	NA	0	NA	NA	NA	11.16	15.01	1	1.0
k141_296515	2746	NA	NA	NA	NA	NA	0	NA	NA	NA	NA	NA	0	1.01
k141_374810	3665	NA	NA	NA	NA	NA	0	NA	NA	NA	2.34	8.97	1	1.0
k141_113886	3532	1884	NA	NA	NA	NA	0	NA	NA	NA	0.8399999999999999	5.23	1	1.0
k141_113889	1038	NA	NA	NA	NA	NA	0	NA	NA	NA	NA	NA	0	1.0
k141_59635	21281	NA	NA	NA	NA	NA	0	NA	NA	NA	22.120022260188318	60.76692459926259	4	1.0
k141_362700	4743	NA	NA	NA	NA	NA	0	NA	NA	NA	2.236316314594372	10.308849170852541	3	1.0
k141_28910	1153	NA	NA	NA	NA	NA	0	NA	NA	NA	1.72	3.78	1	1.0
k141_71817	2702	NA	NA	NA	NA	NA	0	NA	NA	NA	0.6100000000000001	0.7950892857142857	2	1.0
k141_217059	2056	NA	NA	NA	NA	NA	0	NA	NA	NA	NA	NA	0	1.0
k141_259893	1781	NA	NA	NA	NA	NA	0	NA	NA	NA	1.91	5.81	1	1.0
k141_217062	1391	NA	NA	NA	NA	NA	0	NA	NA	NA	1.39	4.52	1	1.0
k141_156925	1338	NA	NA	NA	NA	NA	0	NA	NA	NA	NA	NA	0	1.0
k141_175211	7832	NA	NA	NA	NA	NA	0	NA	NA	NA	NA	NA	0	1.0
k141_108676	3110	NA	NA	NA	NA	NA	0	NA	NA	NA	2.857452830188679	9.08254716981132	2	1.0
k141_96187	1375	NA	NA	NA	NA	NA	0	NA	NA	NA	1.3845004500450047	3.844698469846985	2	1.0
k141_113949	3300	NA	NA	NA	NA	NA	0	NA	NA	NA	NA	NA	0	1.0
k141_284459	1208	NA	NA	NA	NA	NA	0	NA	NA	NA	1.61	3.13	1	1.0
k141_144734	3020	NA	NA	NA	NA	NA	0	NA	NA	NA	2.2017583585403697	7.5685833833805285	5	1.0
k141_326797	4379	NA	NA	NA	NA	NA	0	NA	NA	NA	NA	NA	0	1.0
k141_266096	2810	NA	NA	NA	NA	NA	0	NA	NA	NA	2.8786372950819668	9.54156762295082	2	1.0
k141_47680	4099	NA	NA	NA	NA	NA	0	NA	NA	NA	2.1984362139917697	10.775318930041152	2	1.0
k141_205595	3109	NA	NA	NA	NA	NA	0	NA	NA	NA	4.21	19.98	1	1.0
k141_235865	4172	NA	NA	NA	NA	NA	0	NA	NA	NA	1.7013404849905343	6.0554007031461285	3	1.0
k141_175256	1732	NA	NA	NA	NA	NA	0	NA	NA	NA	3.33	5.88	1	1.0
k141_96208	4393	NA	NA	NA	NA	NA	0	NA	NA	NA	6.319624458142207	12.016434057172873	4	1.0
k141_253741	1038	NA	NA	NA	NA	NA	0	NA	NA	NA	1.17	2.75	1	1.0
k141_345192	1456	NA	NA	NA	NA	NA	0	NA	NA	NA	0.87	3.8699999999999997	1	1.0
k141_47723	1092	NA	NA	NA	NA	NA	0	NA	NA	NA	2.09	3.18	1	1.0
k141_113998	4453	NA	NA	NA	NA	NA	0	NA	NA	NA	NA	NA	0	1.0
k141_41338	1460	NA	NA	NA	NA	NA	0	NA	NA	NA	NA	NA	0	1.0
k141_162970	1342	NA	NA	NA	NA	NA	0	NA	NA	NA	0.63	1.8200000000000003	1	1.0
k141_284510	1124	NA	NA	NA	NA	NA	0	NA	NA	NA	1.48	3.42	1	1.0
k141_108694	13928	NA	NA	NA	NA	NA	0	NA	NA	NA	2.251767722777943	23.55887384938782	3	1.0
k141_247966	18495	NA	NA	NA	NA	NA	0	NA	NA	NA	6.63349384387516	14.196713233812554	3	1.0
k141_387172	15664	NA	NA	NA	NA	NA	0	NA	NA	NA	30.999999999999996	42.57	1	1.0
k141_59775	1835	NA	NA	NA	NA	NA	0	NA	NA	NA	3.9273314203730276	5.324407281205164	3	1.0
k141_193451	1614	NA	NA	NA	NA	NA	0	NA	NA	NA	0.9599999999999999	4.29	1	1.0
k141_41351	1583	NA	NA	NA	NA	NA	0	NA	NA	NA	1.42	5.56	1	1.0
k141_205642	5543	NA	NA	NA	NA	NA	0	NA	NA	NA	4.334033970276008	14.577855626326963	2	1.0
k141_120427	1041	NA	NA	NA	NA	NA	0	NA	NA	NA	NA	NA	0	1.0
k141_374915	3381	NA	NA	NA	NA	NA	0	NA	NA	NA	6.0777011494252875	10.559741379310346	2	1.0
k141_114022	1826	NA	NA	NA	NA	NA	0	NA	NA	NA	1.4361332099907493	5.295374653098983	2	1.0
k141_108717	1715	NA	NA	NA	NA	NA	0	NA	NA	NA	1.048846153846154	1.2288914027149322	2	1.0
k141_253782	3776	NA	NA	NA	NA	NA	0	NA	NA	NA	NA	NA	0	1.0
k141_266156	1209	NA	NA	NA	NA	NA	0	NA	NA	NA	2.5872286821705424	3.3093410852713174	2	1.0
k141_175341	2739	NA	NA	NA	NA	NA	0	NA	NA	NA	NA	NA	0	1.03
k141_180457	5717	NA	NA	NA	NA	NA	0	NA	NA	NA	NA	NA	0	1.0
k141_290498	1825	NA	NA	NA	NA	NA	0	NA	NA	NA	NA	NA	0	1.0
k141_17163	1001	NA	NA	NA	NA	NA	0	NA	NA	NA	0.6989161145213969	2.4200168547123795	3	1.0
k141_90169	2737	NA	NA	NA	NA	NA	0	NA	NA	NA	4.27	7.6499999999999995	1	1.0
k141_5311	1136	NA	NA	NA	NA	NA	0	NA	NA	NA	1.5	3.76	1	1.0
k141_120441	4857	NA	NA	NA	NA	NA	0	NA	NA	NA	2.1131041257367387	7.100235756385069	2	1.01
k141_35366	1109	NA	NA	NA	NA	NA	0	NA	NA	NA	2.06	7.49	1	1.0
k141_168911	4852	NA	NA	NA	NA	NA	0	NA	NA	NA	NA	NA	0	1.02
k141_187151	1846	NA	NA	NA	NA	NA	0	NA	NA	NA	2.3532812499999998	5.764622395833334	2	1.0
k141_163018	1114	NA	NA	NA	NA	NA	0	NA	NA	NA	NA	NA	0	1.0
k141_168916	7396	NA	NA	NA	NA	NA	0	NA	NA	NA	2.04	4.04	1	1.0
k141_284572	2815	NA	NA	NA	NA	NA	0	NA	NA	NA	NA	NA	0	1.0
k141_83846	1534	NA	NA	NA	NA	NA	0	NA	NA	NA	3.2093103448275864	4.290344827586208	2	1.0
k141_163022	1279	NA	NA	NA	NA	NA	0	NA	NA	NA	NA	NA	0	1.0
k141_277881	3598	NA	NA	NA	NA	NA	0	NA	NA	NA	0.57	9.59	1	1.0
k141_338937	1892	NA	NA	NA	NA	NA	0	NA	NA	NA	1.23989746665197	5.7482624352306075	4	1.0
k141_284587	4380	NA	NA	NA	NA	NA	0	NA	NA	NA	40.83	99.5	1	1.0
k141_77795	3762	NA	NA	NA	NA	NA	0	NA	NA	NA	7.422264477269356	10.068021341086776	6	1.0
k141_374953	4236	NA	NA	NA	NA	NA	0	NA	NA	NA	NA	NA	0	1.0
k141_241869	6818	NA	NA	NA	NA	NA	0	NA	NA	NA	3.52	12.17	1	1.0
k141_193562	2314	NA	NA	NA	NA	NA	0	NA	NA	NA	1.7510061780317312	6.2821617310090785	3	1.0
k141_272248	1419	NA	NA	NA	NA	NA	0	NA	NA	NA	1.6500000000000001	5.53	1	1.0
k141_381405	3770	NA	NA	NA	NA	NA	0	NA	NA	NA	2.1021625887924227	9.133346487766376	2	1.0
k141_277917	1604	NA	NA	NA	NA	NA	0	NA	NA	NA	3.3805084745762715	4.539661016949153	2	1.0
k141_350818	6939	NA	NA	NA	NA	NA	0	NA	NA	NA	NA	NA	0	1.0
k141_369037	3071	NA	NA	NA	NA	NA	0	NA	NA	NA	NA	NA	0	1.0
k141_314635	2860	NA	NA	NA	NA	NA	0	NA	NA	NA	4.35	8.6	1	1.0
k141_350823	10816	NA	NA	NA	NA	NA	0	NA	NA	NA	NA	NA	0	1.0
k141_205766	17905	NA	NA	NA	NA	NA	0	NA	NA	NA	26.734746450304264	51.308255578093316	2	1.0
k141_22778	10975	NA	NA	NA	NA	NA	0	NA	NA	NA	7.770310559006211	18.971341614906834	2	1.0
k141_139053	1939	NA	NA	NA	NA	NA	0	NA	NA	NA	3.34	5.590000000000001	1	1.0
k141_387274	2445	NA	NA	NA	NA	NA	0	NA	NA	NA	NA	NA	0	1.0
k141_83900	3099	NA	NA	NA	NA	NA	0	NA	NA	NA	1.3886642599277976	2.0502888086642597	2	1.0
k141_187175	3036	NA	NA	NA	NA	NA	0	NA	NA	NA	0.68	0.89	1	1.0
k141_35417	1123	NA	NA	NA	NA	NA	0	NA	NA	NA	0.09	0.88	1	1.0
k141_11389	2592	NA	NA	NA	NA	NA	0	NA	NA	NA	2.06	6.61	1	1.0
k141_357282	10450	NA	NA	NA	NA	NA	0	NA	NA	NA	2.9401279484724516	6.373120376011838	4	1.0
k141_96403	3386	NA	NA	NA	NA	NA	0	NA	NA	NA	5.031282539572881	9.039799239384571	5	1.0
k141_284636	4473	NA	NA	NA	NA	NA	0	NA	NA	NA	1.7954270351096626	3.317469014750076	4	1.0
k141_314664	4259	NA	NA	NA	NA	NA	0	NA	NA	NA	1.92	8.33	1	1.0
k141_387287	4954	NA	NA	NA	NA	NA	0	NA	NA	NA	2.237997179125529	3.909858956276446	2	1.0
k141_205826	1046	NA	NA	NA	NA	NA	0	NA	NA	NA	1.1894993581514763	2.9600641848523748	2	1.0
k141_320512	3946	NA	NA	NA	NA	NA	0	NA	NA	NA	NA	NA	0	1.0
k141_29091	1494	NA	NA	NA	NA	NA	0	NA	NA	NA	1.9412759643916913	4.87126112759644	2	1.0
k141_223745	7268	NA	NA	NA	NA	NA	0	NA	NA	NA	1.63	2.14	1	1.0
k141_266235	1029	NA	NA	NA	NA	NA	0	NA	NA	NA	1.53	2.99	1	1.0
k141_108809	1361	NA	NA	NA	NA	NA	0	NA	NA	NA	NA	NA	0	1.0
k141_253865	1805	NA	NA	NA	NA	NA	0	NA	NA	NA	2.0911547344110852	6.539087759815244	2	1.0
k141_83938	6151	NA	NA	NA	NA	NA	0	NA	NA	NA	2.85	8.69	1	1.0
k141_266244	2496	NA	NA	NA	NA	NA	0	NA	NA	NA	NA	NA	0	1.0
k141_332860	1035	NA	NA	NA	NA	NA	0	NA	NA	NA	0.46546938775510205	1.1846938775510203	2	1.0
k141_205856	1462	NA	NA	NA	NA	NA	0	NA	NA	NA	0.6160281690140844	1.2332957746478872	2	1.0
k141_187183	14342	NA	NA	NA	NA	NA	0	NA	NA	NA	3.5568115657981894	5.688496740576137	8	1.0
k141_345375	2165	NA	NA	NA	NA	NA	0	NA	NA	NA	0.49	0.7500000000000001	1	1.0
k141_357313	1432	NA	NA	NA	NA	NA	0	NA	NA	NA	0.6265010365379632	1.431857508421871	3	1.0
k141_169028	5026	NA	NA	NA	NA	NA	0	NA	NA	NA	NA	NA	0	1.0
k141_102342	2619	NA	NA	NA	NA	NA	0	NA	NA	NA	NA	NA	0	1.0
k141_151037	1542	NA	NA	NA	NA	NA	0	NA	NA	NA	2.2	3.98	1	1.01
k141_17264	2421	NA	NA	NA	NA	NA	0	NA	NA	NA	NA	NA	0	1.0
k141_102347	10072	NA	NA	NA	NA	NA	0	NA	NA	NA	3.433820116054159	13.056798839458414	2	1.0
k141_320543	3118	NA	NA	NA	NA	NA	0	NA	NA	NA	NA	NA	0	1.0
k141_83985	1210	NA	NA	NA	NA	NA	0	NA	NA	NA	0.8550845070422536	5.428985915492958	2	1.0
k141_114164	1246	NA	NA	NA	NA	NA	0	NA	NA	NA	1.64	3.75	1	1.0
k141_65492	5797	NA	NA	NA	NA	NA	0	NA	NA	NA	1.850908973224881	3.7015624932576756	3	1.0
k141_114167	3972	NA	NA	NA	NA	NA	0	NA	NA	NA	4.813098751418842	10.776640181611803	2	1.0
k141_77929	1619	NA	NA	NA	NA	NA	0	NA	NA	NA	1.44	4.47	1	1.0
k141_369133	1578	NA	NA	NA	NA	NA	0	NA	NA	NA	2.291945525291829	5.096420233463035	2	1.0
k141_180613	5537	NA	NA	NA	NA	NA	0	NA	NA	NA	NA	NA	0	1.0
k141_357343	3549	NA	NA	NA	NA	NA	0	NA	NA	NA	4.683483146067417	11.515280898876407	2	1.0
k141_241969	6323	NA	NA	NA	NA	NA	0	NA	NA	NA	7.773678140768122	15.879493204492073	9	1.0
k141_362976	2442	NA	NA	NA	NA	NA	0	NA	NA	NA	NA	NA	0	1.0
k141_369144	1420	NA	NA	NA	NA	NA	0	NA	NA	NA	1.4314671467146716	3.9707650765076505	2	1.0
k141_369147	1116	NA	NA	NA	NA	NA	0	NA	NA	NA	1.4236718750000001	3.4834895833333333	2	1.0
k141_108841	1126	NA	NA	NA	NA	NA	0	NA	NA	NA	0.8391678035470669	2.7708321964529334	2	1.0
k141_205944	6141	NA	NA	NA	NA	NA	0	NA	NA	NA	9.892516478375951	22.656770497788045	7	1.0
k141_253943	3504	NA	NA	NA	NA	NA	0	NA	NA	NA	NA	NA	0	1.0
k141_205952	1627	NA	NA	NA	NA	NA	0	NA	NA	NA	0.7221428571428571	1.3823087071240108	3	1.0
k141_205959	1145	NA	NA	NA	NA	NA	0	NA	NA	NA	1.2969411764705885	7.873993464052288	2	1.0
k141_72181	2692	NA	NA	NA	NA	NA	0	NA	NA	NA	3.7521924129513935	6.544167854248016	5	1.0
k141_284711	5218	NA	NA	NA	NA	NA	0	NA	NA	NA	11.310546448087432	13.823497267759564	2	1.0
k141_47954	2155	NA	NA	NA	NA	NA	0	NA	NA	NA	NA	NA	0	1.0
k141_41551	4533	NA	NA	NA	NA	NA	0	NA	NA	NA	NA	NA	0	1.0
k141_320592	3046	NA	NA	NA	NA	NA	0	NA	NA	NA	NA	NA	0	1.0
k141_35566	3649	NA	NA	NA	NA	NA	0	NA	NA	NA	34.02	82.9	1	1.0
k141_151115	2191	NA	NA	NA	NA	NA	0	NA	NA	NA	NA	NA	0	1.0
k141_102422	1379	NA	NA	NA	NA	NA	0	NA	NA	NA	NA	NA	0	1.0
k141_272389	3554	NA	NA	NA	NA	NA	0	NA	NA	NA	3.953988739205012	9.484291909792422	4	1.0
k141_175609	1225	NA	NA	NA	NA	NA	0	NA	NA	NA	1.0700370800509327	3.058370856479215	3	1.0
k141_175615	2648	NA	NA	NA	NA	NA	0	NA	NA	NA	4.55	7.5	1	1.0
k141_327067	2510	NA	NA	NA	NA	NA	0	NA	NA	NA	1.6	6.52	1	1.0
k141_108872	15996	NA	NA	NA	NA	NA	0	NA	NA	NA	6.307880134501529	31.41990639213801	3	1.0
k141_332976	9790	NA	NA	NA	NA	NA	0	NA	NA	NA	NA	NA	0	1.0
k141_180714	3433	NA	NA	NA	NA	NA	0	NA	NA	NA	1.86	7.659999999999999	1	1.0
k141_169186	4097	NA	NA	NA	NA	NA	0	NA	NA	NA	3.72	12.2	1	1.0
k141_206007	1436	NA	NA	NA	NA	NA	0	NA	NA	NA	NA	NA	0	1.0
k141_199130	7316	NA	NA	NA	NA	NA	0	NA	NA	NA	7.422080698028717	18.11675556171101	4	1.0
k141_175630	3237	NA	NA	NA	NA	NA	0	NA	NA	NA	NA	NA	0	1.0
k141_139227	2208	NA	NA	NA	NA	NA	0	NA	NA	NA	1.6	5.54	1	1.0
k141_144988	3066	NA	NA	NA	NA	NA	0	NA	NA	NA	4.354835390946502	8.162736625514404	2	1.0
k141_5525	2684	NA	NA	NA	NA	NA	0	NA	NA	NA	5.480794823929799	11.922439711989028	3	1.0
k141_248224	1744	NA	NA	NA	NA	NA	0	NA	NA	NA	0.7	1.67	1	1.0
k141_5528	1931	NA	NA	NA	NA	NA	0	NA	NA	NA	0.7903047290743384	1.261856890377757	4	1.0
k141_175635	2852	NA	NA	NA	NA	NA	0	NA	NA	NA	NA	NA	0	1.0
k141_230183	4690	NA	NA	NA	NA	NA	0	NA	NA	NA	0.75	3.57	1	1.0
k141_17409	4685	NA	NA	NA	NA	NA	0	NA	NA	NA	NA	NA	0	1.0
k141_157228	48514	NA	NA	NA	NA	NA	0	NA	NA	NA	80.19724258133618	100.0	46	1.0
k141_242064	2520	NA	NA	NA	NA	NA	0	NA	NA	NA	1.2877518656716416	7.366791044776119	2	1.0
k141_48020	3412	NA	NA	NA	NA	NA	0	NA	NA	NA	2.3415538132573057	9.897605131860299	2	1.0
k141_169220	3263	NA	NA	NA	NA	NA	0	NA	NA	NA	NA	NA	0	1.0
k141_108896	2461	NA	NA	NA	NA	NA	0	NA	NA	NA	3.198622201262318	6.372730991308426	3	1.0
k141_266361	2363	NA	NA	NA	NA	NA	0	NA	NA	NA	2.72	7.739999999999999	1	1.0
k141_217374	2556	NA	NA	NA	NA	NA	0	NA	NA	NA	1.15	5.0	1	1.01
k141_53937	3361	NA	NA	NA	NA	NA	0	NA	NA	NA	NA	NA	0	1.0
k141_169234	3031	NA	NA	NA	NA	NA	0	NA	NA	NA	1.63	10.26	1	1.0
k141_175651	1096	NA	NA	NA	NA	NA	0	NA	NA	NA	1.71	3.0169829683698297	2	1.0
k141_126675	21815	NA	NA	NA	NA	NA	0	NA	NA	NA	11.59	48.92	1	1.0
k141_175654	3574	NA	NA	NA	NA	NA	0	NA	NA	NA	1.9748357664233576	8.165419708029198	2	1.04
k141_84129	2991	NA	NA	NA	NA	NA	0	NA	NA	NA	NA	NA	0	1.0
k141_242083	4559	NA	NA	NA	NA	NA	0	NA	NA	NA	NA	NA	0	1.0
k141_242085	3905	NA	NA	NA	NA	NA	0	NA	NA	NA	NA	NA	0	1.0
k141_78105	2616	NA	NA	NA	NA	NA	0	NA	NA	NA	3.708103975535168	11.483425076452598	2	1.0
k141_41649	1040	NA	NA	NA	NA	NA	0	NA	NA	NA	NA	NA	0	1.0
k141_302649	8835	NA	NA	NA	NA	NA	0	NA	NA	NA	NA	NA	0	1.0
k141_284780	2951	NA	NA	NA	NA	NA	0	NA	NA	NA	3.867880988774547	8.977821405274891	3	1.0
k141_278156	20134	NA	NA	NA	NA	NA	0	NA	NA	NA	8.843904246806474	27.27180593860942	11	1.0
k141_108917	1272	NA	NA	NA	NA	NA	0	NA	NA	NA	2.5562264150943395	3.3000000000000003	2	1.0
k141_327117	1592	NA	NA	NA	NA	NA	0	NA	NA	NA	2.38	5.22	1	1.0
k141_290797	3915	NA	NA	NA	NA	NA	0	NA	NA	NA	4.329214780600463	11.320854503464204	2	1.0
k141_60170	3237	NA	NA	NA	NA	NA	0	NA	NA	NA	NA	NA	0	1.0
k141_5588	2626	NA	NA	NA	NA	NA	0	NA	NA	NA	NA	NA	0	1.0
k141_266379	2735	NA	NA	NA	NA	NA	0	NA	NA	NA	5.166663139903964	8.010736550826078	3	1.0
k141_41674	2533	NA	NA	NA	NA	NA	0	NA	NA	NA	NA	NA	0	1.0
k141_211485	6523	NA	NA	NA	NA	NA	0	NA	NA	NA	1.7340473473328069	4.296079331138383	6	1.0
k141_84145	1028	NA	NA	NA	NA	NA	0	NA	NA	NA	1.77	2.9700000000000006	1	1.0
k141_163274	1292	NA	NA	NA	NA	NA	0	NA	NA	NA	NA	NA	0	1.0
k141_363088	3223	NA	NA	NA	NA	NA	0	NA	NA	NA	4.171768292682927	8.523597560975611	3	1.0
k141_206047	3154	1780	NA	NA	NA	NA	0	NA	NA	NA	0.7424005305039788	1.2226790450928382	2	1.0
k141_120817	3771	NA	NA	NA	NA	NA	0	NA	NA	NA	NA	NA	0	1.0
k141_248283	2001	NA	NA	NA	NA	NA	0	NA	NA	NA	1.6765814696485621	5.639744408945687	2	1.0
k141_272483	48714	NA	NA	NA	NA	NA	0	NA	NA	NA	4.791840740238599	20.822898025830288	11	1.0
k141_199218	2362	NA	NA	NA	NA	NA	0	NA	NA	NA	3.744470045514537	6.046439998519853	3	1.0
k141_284814	3245	NA	NA	NA	NA	NA	0	NA	NA	NA	NA	NA	0	1.0
k141_206064	1050	NA	NA	NA	NA	NA	0	NA	NA	NA	NA	NA	0	1.0
k141_297001	3884	NA	NA	NA	NA	NA	0	NA	NA	NA	NA	NA	0	1.0
k141_217458	2967	NA	NA	NA	NA	NA	0	NA	NA	NA	1.5917197020988492	8.96996614759648	2	1.0
k141_266398	1869	NA	NA	NA	NA	NA	0	NA	NA	NA	1.740177156493322	5.347852759540027	3	1.0
k141_320748	3392	NA	NA	NA	NA	NA	0	NA	NA	NA	NA	NA	0	1.0
k141_157337	1183	NA	NA	NA	NA	NA	0	NA	NA	NA	2.14	3.87	1	1.0
k141_108951	4552	NA	NA	NA	NA	NA	0	NA	NA	NA	NA	NA	0	1.0
k141_60222	3977	NA	NA	NA	NA	NA	0	NA	NA	NA	NA	NA	0	1.0
k141_266416	3135	NA	NA	NA	NA	NA	0	NA	NA	NA	4.77	6.01	1	1.0
k141_375176	1690	NA	NA	NA	NA	NA	0	NA	NA	NA	1.49	3.7799999999999994	1	1.0
k141_17515	3401	NA	NA	NA	NA	NA	0	NA	NA	NA	NA	NA	0	1.0
k141_157371	2126	NA	NA	NA	NA	NA	0	NA	NA	NA	0.8577083333333335	1.688	2	1.0
k141_363123	11723	NA	NA	NA	NA	NA	0	NA	NA	NA	3.779078564500485	20.381231813773038	2	1.0
k141_29333	1430	NA	NA	NA	NA	NA	0	NA	NA	NA	3.020943396226415	4.423018867924529	2	1.0
k141_193953	1103	NA	NA	NA	NA	NA	0	NA	NA	NA	0.49000000000000005	0.67	1	1.0
k141_248361	1011	NA	NA	NA	NA	NA	0	NA	NA	NA	1.32	2.73	1	1.0
k141_175708	3935	NA	NA	NA	NA	NA	0	NA	NA	NA	1.7007941289852797	3.098679592798298	3	1.0
k141_302726	1193	NA	NA	NA	NA	NA	0	NA	NA	NA	1.9410554951033732	3.7296626768226333	2	1.0
k141_230284	4193	NA	NA	NA	NA	NA	0	NA	NA	NA	6.54	11.72	1	1.0
k141_5697	1580	NA	NA	NA	NA	NA	0	NA	NA	NA	2.718913738019169	4.264952076677317	2	1.0
k141_308951	3624	NA	NA	NA	NA	NA	0	NA	NA	NA	1.512257942883373	5.141561034788025	4	1.0
k141_375226	3221	NA	NA	NA	NA	NA	0	NA	NA	NA	3.1	6.9	1	1.0
k141_351065	2852	NA	NA	NA	NA	NA	0	NA	NA	NA	NA	NA	0	1.0
k141_23147	1658	NA	NA	NA	NA	NA	0	NA	NA	NA	NA	NA	0	1.0
k141_157412	2995	NA	NA	NA	NA	NA	0	NA	NA	NA	NA	NA	0	1.0
k141_278257	3552	NA	NA	NA	NA	NA	0	NA	NA	NA	1.65	4.91	1	1.0
k141_23150	3169	NA	NA	NA	NA	NA	0	NA	NA	NA	29.54	71.99	1	1.0
k141_297036	2818	NA	NA	NA	NA	NA	0	NA	NA	NA	NA	NA	0	1.0
k141_224076	11786	NA	NA	NA	NA	NA	0	NA	NA	NA	NA	NA	0	1.0
k141_230296	3152	NA	NA	NA	NA	NA	0	NA	NA	NA	1.4166600815781116	3.1163907665785446	3	1.0
k141_308966	3874	NA	NA	NA	NA	NA	0	NA	NA	NA	NA	NA	0	1.0
k141_211594	4427	NA	NA	NA	NA	NA	0	NA	NA	NA	2.441735159817352	11.920000000000002	2	1.0
k141_351073	4043	NA	NA	NA	NA	NA	0	NA	NA	NA	2.19	9.02	1	1.0
k141_211603	2276	NA	NA	NA	NA	NA	0	NA	NA	NA	0.9926341431458925	2.5025674407371152	4	1.0
k141_109044	3094	NA	NA	NA	NA	NA	0	NA	NA	NA	NA	NA	0	1.0
k141_132903	1017	NA	NA	NA	NA	NA	0	NA	NA	NA	1.331	2.2989999999999995	2	1.0
k141_339355	1358	NA	NA	NA	NA	NA	0	NA	NA	NA	2.6	3.95	1	1.0
k141_60307	1155	NA	NA	NA	NA	NA	0	NA	NA	NA	1.9	2.97	1	1.0
k141_23169	2431	NA	NA	NA	NA	NA	0	NA	NA	NA	3.7358169934640517	6.448888888888889	2	1.0
k141_84291	5378	NA	NA	NA	NA	NA	0	NA	NA	NA	NA	NA	0	1.0
k141_187423	3471	NA	NA	NA	NA	NA	0	NA	NA	NA	3.0155933479174526	8.593442655453178	4	1.03
k141_333180	1329	NA	NA	NA	NA	NA	0	NA	NA	NA	0.4600000000000001	0.63	1	1.0
k141_339370	17103	NA	NA	NA	NA	NA	0	NA	NA	NA	30.901196088584065	47.597023487169906	3	1.0
k141_41866	1236	NA	NA	NA	NA	NA	0	NA	NA	NA	1.39	3.2699999999999996	1	1.0
k141_345558	5604	NA	NA	NA	NA	NA	0	NA	NA	NA	NA	NA	0	1.0
k141_302810	2486	NA	NA	NA	NA	NA	0	NA	NA	NA	3.72	8.15	1	1.0
k141_199411	14735	NA	NA	NA	NA	NA	0	NA	NA	NA	4.165841012827689	9.811977645314114	5	1.0
k141_109079	3653	NA	NA	NA	NA	NA	0	NA	NA	NA	2.52	10.34	1	1.0
k141_151313	1100	NA	NA	NA	NA	NA	0	NA	NA	NA	0.63	3.6000000000000005	1	1.0
k141_194047	1195	NA	NA	NA	NA	NA	0	NA	NA	NA	0.5172578656035794	1.2548914446324608	3	1.0
k141_84347	1103	NA	NA	NA	NA	NA	0	NA	NA	NA	0.5091493167346355	0.8944888030335549	3	1.0
k141_96730	2384	NA	NA	NA	NA	NA	0	NA	NA	NA	2.694873501997337	5.225272969374168	2	1.0
k141_29451	5335	1202	NA	NA	NA	NA	0	NA	NA	NA	0.09	0.45	1	1.0
k141_248428	1768	NA	NA	NA	NA	NA	0	NA	NA	NA	0.72	1.18	1	1.0
k141_248432	1789	NA	NA	NA	NA	NA	0	NA	NA	NA	1.1124715742766462	3.104322250639386	3	1.0
k141_126751	2885	NA	NA	NA	NA	NA	0	NA	NA	NA	4.75	7.48	1	1.0
k141_309043	2450	NA	NA	NA	NA	NA	0	NA	NA	NA	NA	NA	0	1.0
k141_199450	2902	2332	NA	NA	NA	NA	0	NA	NA	NA	1.04	1.36	1	1.0
k141_357615	5212	NA	NA	NA	NA	NA	0	NA	NA	NA	5.44549554541521	15.790854026210031	4	1.0
k141_236337	4097	NA	NA	NA	NA	NA	0	NA	NA	NA	3.3783074265975825	10.222072538860104	2	1.0
k141_314965	1111	NA	NA	NA	NA	NA	0	NA	NA	NA	NA	NA	0	1.0
k141_387658	3177	NA	NA	NA	NA	NA	0	NA	NA	NA	3.691059262359677	8.210077905517952	5	1.0
k141_206170	10160	NA	NA	NA	NA	NA	0	NA	NA	NA	7.3289108910891105	14.782838283828385	2	1.03
k141_175789	1797	NA	NA	NA	NA	NA	0	NA	NA	NA	1.517479478780019	4.8340900243921086	4	1.0
k141_357616	5348	NA	NA	NA	NA	NA	0	NA	NA	NA	5.896553986450878	16.327806172716926	3	1.0
k141_199477	1389	NA	NA	NA	NA	NA	0	NA	NA	NA	NA	NA	0	1.0
k141_84387	1167	NA	NA	NA	NA	NA	0	NA	NA	NA	0.56	3.09	1	1.0
k141_345595	1693	NA	NA	NA	NA	NA	0	NA	NA	NA	0.67	1.09	1	1.0
k141_109125	2930	NA	NA	NA	NA	NA	0	NA	NA	NA	NA	NA	0	1.0
k141_175806	15630	NA	NA	NA	NA	NA	0	NA	NA	NA	32.09063677139319	44.9131405987004	7	1.0
k141_236356	44661	NA	NA	NA	NA	NA	0	NA	NA	NA	47.762019922523514	77.39739900387383	2	1.0
k141_132948	4153	NA	NA	NA	NA	NA	0	NA	NA	NA	NA	NA	0	1.0
k141_145185	7563	NA	NA	NA	NA	NA	0	NA	NA	NA	1.7129279399946422	2.3401687650683094	3	1.0
k141_180963	2958	2121	NA	NA	NA	NA	0	NA	NA	NA	0.98	2.73	1	1.0
k141_248492	3449	NA	NA	NA	NA	NA	0	NA	NA	NA	5.16	11.31	1	1.0
k141_217654	3812	NA	NA	NA	NA	NA	0	NA	NA	NA	3.39	10.53	1	1.0
k141_194122	1410	NA	NA	NA	NA	NA	0	NA	NA	NA	NA	NA	0	1.0
k141_60422	1135	NA	NA	NA	NA	NA	0	NA	NA	NA	1.1692693683969178	3.344998235313818	3	1.0
k141_357646	13402	NA	NA	NA	NA	NA	0	NA	NA	NA	15.46570720270207	34.47231893274287	7	1.0
k141_96787	3495	NA	NA	NA	NA	NA	0	NA	NA	NA	0.34	2.0	1	1.0
k141_302882	10093	7534	NA	NA	NA	NA	0	NA	NA	NA	3.461233141765324	8.381606722418413	4	1.01
k141_272707	1697	NA	NA	NA	NA	NA	0	NA	NA	NA	1.18	5.78	1	1.0
k141_17717	2501	NA	NA	NA	NA	NA	0	NA	NA	NA	3.6	6.96	1	1.0
k141_145240	2512	NA	NA	NA	NA	NA	0	NA	NA	NA	0.2	1.33	1	1.0
k141_163448	1368	NA	NA	NA	NA	NA	0	NA	NA	NA	NA	NA	0	1.0
k141_194155	1282	NA	NA	NA	NA	NA	0	NA	NA	NA	1.0861843409316156	3.5234985133795838	2	1.0
k141_278458	3024	NA	NA	NA	NA	NA	0	NA	NA	NA	2.24	6.39	1	1.0
k141_169504	4136	NA	NA	NA	NA	NA	0	NA	NA	NA	4.1987499999999995	10.225104166666666	2	1.0
k141_120897	3903	NA	NA	NA	NA	NA	0	NA	NA	NA	1.9700000000000002	10.78	1	1.0
k141_315035	3411	NA	NA	NA	NA	NA	0	NA	NA	NA	NA	NA	0	1.0
k141_309086	2651	NA	NA	NA	NA	NA	0	NA	NA	NA	5.574776834143853	7.811058259350256	4	1.0
k141_327371	12960	NA	NA	NA	NA	NA	0	NA	NA	NA	20.484381649336164	43.868022866544216	8	1.0
k141_35904	1172	NA	NA	NA	NA	NA	0	NA	NA	NA	1.2072552045361453	3.453732066537686	3	1.0
k141_132976	2282	NA	NA	NA	NA	NA	0	NA	NA	NA	0.7428678537956889	2.608659793814433	2	1.0
k141_151396	1273	NA	NA	NA	NA	NA	0	NA	NA	NA	1.67	2.94	1	1.0
k141_114483	4388	NA	NA	NA	NA	NA	0	NA	NA	NA	2.6056307977736552	11.421549165120597	2	1.0
k141_54252	1210	NA	NA	NA	NA	NA	0	NA	NA	NA	0.9900000000000001	6.9	1	1.0
k141_230397	4150	NA	NA	NA	NA	NA	0	NA	NA	NA	3.728171945701358	11.740588235294119	2	1.0
k141_254310	1244	NA	NA	NA	NA	NA	0	NA	NA	NA	1.33	4.06	1	1.0
k141_175892	2941	NA	NA	NA	NA	NA	0	NA	NA	NA	NA	NA	0	1.0
k141_339571	1655	NA	NA	NA	NA	NA	0	NA	NA	NA	1.3772908366533863	4.977609561752988	2	1.0
k141_78361	4972	NA	NA	NA	NA	NA	0	NA	NA	NA	1.07	10.83	1	1.0
k141_272750	1253	NA	NA	NA	NA	NA	0	NA	NA	NA	0.9593736501079914	2.988466522678186	2	1.0
k141_181041	2435	NA	NA	NA	NA	NA	0	NA	NA	NA	NA	NA	0	1.0
k141_230406	6237	NA	NA	NA	NA	NA	0	NA	NA	NA	2.4634296800797544	8.739406829473316	4	1.0
k141_320934	1231	NA	NA	NA	NA	NA	0	NA	NA	NA	NA	NA	0	1.0
k141_96841	2154	NA	NA	NA	NA	NA	0	NA	NA	NA	1.28	6.500000000000001	1	1.0
k141_199558	30275	NA	NA	NA	NA	NA	0	NA	NA	NA	8.65039406650261	17.6305772182506	14	1.0
k141_357733	1813	NA	NA	NA	NA	NA	0	NA	NA	NA	1.36	5.31	1	1.0
k141_11794	9214	NA	NA	NA	NA	NA	0	NA	NA	NA	2.4447471447843316	5.20223123538843	7	1.0
k141_278515	5450	NA	NA	NA	NA	NA	0	NA	NA	NA	NA	NA	0	1.0
k141_320955	2657	NA	NA	NA	NA	NA	0	NA	NA	NA	0.6	0.79	1	1.0
k141_248559	2219	NA	NA	NA	NA	NA	0	NA	NA	NA	2.5164575163398695	15.26924183006536	2	1.0
k141_254340	7454	NA	NA	NA	NA	NA	0	NA	NA	NA	7.6909163331092625	27.29544488632692	4	1.0
k141_206295	3023	NA	NA	NA	NA	NA	0	NA	NA	NA	2.2790569813986346	5.379707440546269	3	1.01
k141_48341	2677	NA	NA	NA	NA	NA	0	NA	NA	NA	3.077789351851852	6.958854166666667	2	1.0
k141_23368	2844	NA	NA	NA	NA	NA	0	NA	NA	NA	NA	NA	0	1.0
k141_236485	7873	NA	NA	NA	NA	NA	0	NA	NA	NA	3.767202323330107	14.774356243949663	2	1.0
k141_78395	2329	NA	NA	NA	NA	NA	0	NA	NA	NA	0.8484761904761905	1.637047619047619	2	1.0
k141_181072	2137	NA	NA	NA	NA	NA	0	NA	NA	NA	NA	NA	0	1.0
k141_109246	3509	NA	NA	NA	NA	NA	0	NA	NA	NA	2.322095146564152	18.948154733301298	2	1.0
k141_48361	3828	NA	NA	NA	NA	NA	0	NA	NA	NA	5.719223744292237	9.981232876712328	2	1.0
k141_248589	21545	NA	NA	NA	NA	NA	0	NA	NA	NA	9.693733488279097	14.496897401600583	7	1.0
k141_23405	3241	NA	NA	NA	NA	NA	0	NA	NA	NA	NA	NA	0	1.0
k141_320981	1074	NA	NA	NA	NA	NA	0	NA	NA	NA	0.48	0.81	1	1.0
k141_357744	27041	NA	NA	NA	NA	NA	0	NA	NA	NA	7.690021863989588	14.899810291131443	4	1.0
k141_387850	4969	NA	NA	NA	NA	NA	0	NA	NA	NA	5.549948014051064	19.034373165643995	4	1.0
k141_339633	1004	NA	NA	NA	NA	NA	0	NA	NA	NA	NA	NA	0	1.0
k141_187648	1007	NA	NA	NA	NA	NA	0	NA	NA	NA	0.4	0.73	1	1.0
k141_169585	2889	NA	NA	NA	NA	NA	0	NA	NA	NA	26.93	65.63	1	1.0
k141_23409	15280	NA	NA	NA	NA	NA	0	NA	NA	NA	8.427224421254648	34.27975690696094	3	1.0
k141_17776	2644	NA	NA	NA	NA	NA	0	NA	NA	NA	1.1539776483551076	5.779127971037304	3	1.0
k141_65887	1716	NA	NA	NA	NA	NA	0	NA	NA	NA	0.7364864864864866	1.1156756756756758	2	1.0
k141_29669	3759	NA	NA	NA	NA	NA	0	NA	NA	NA	1.5377056888002025	2.5382796682203326	4	1.0
k141_139568	6994	NA	NA	NA	NA	NA	0	NA	NA	NA	9.081760898267262	20.301348382347786	3	1.0
k141_363394	4620	NA	NA	NA	NA	NA	0	NA	NA	NA	8.917664068542335	11.285261808111288	6	1.0
k141_285173	1973	NA	NA	NA	NA	NA	0	NA	NA	NA	0.8252824858757061	3.246864406779661	2	1.0
k141_157677	1029	NA	NA	NA	NA	NA	0	NA	NA	NA	NA	NA	0	1.0
k141_11898	1331	NA	NA	NA	NA	NA	0	NA	NA	NA	0.5560653409090909	1.9009801136363635	2	1.0
k141_90779	2686	NA	NA	NA	NA	NA	0	NA	NA	NA	1.7	6.5	1	1.01
k141_145357	2479	NA	NA	NA	NA	NA	0	NA	NA	NA	0.9623748211731046	2.3283547925608015	2	1.0
k141_187670	3657	NA	NA	NA	NA	NA	0	NA	NA	NA	1.64	2.46	1	1.0
k141_206354	2232	NA	NA	NA	NA	NA	0	NA	NA	NA	2.3439804241435565	3.0572104404567697	2	1.0
k141_194300	3491	NA	NA	NA	NA	NA	0	NA	NA	NA	1.27	7.67	1	1.0
k141_90799	1075	NA	NA	NA	NA	NA	0	NA	NA	NA	1.9775060532687652	2.826263115415658	2	1.0
k141_230462	4216	NA	NA	NA	NA	NA	0	NA	NA	NA	3.95	12.85	1	1.0
k141_163543	3980	NA	NA	NA	NA	NA	0	NA	NA	NA	NA	NA	0	1.0
k141_369539	3047	1805	NA	NA	NA	NA	0	NA	NA	NA	0.51	1.62	1	1.0
k141_48429	4998	NA	NA	NA	NA	NA	0	NA	NA	NA	1.44	5.08	1	1.0
k141_351349	7547	NA	NA	NA	NA	NA	0	NA	NA	NA	3.35	20.93	1	1.0
k141_242539	12472	NA	NA	NA	NA	NA	0	NA	NA	NA	5.726929492043427	8.984883608006381	7	1.0
k141_254457	1378	NA	NA	NA	NA	NA	0	NA	NA	NA	2.89	4.46	1	1.0
k141_139641	3905	NA	NA	NA	NA	NA	0	NA	NA	NA	1.7078141499472017	7.590950369588174	2	1.0
k141_102788	1632	NA	NA	NA	NA	NA	0	NA	NA	NA	1.59	3.62	1	1.0
k141_36069	6088	NA	NA	NA	NA	NA	0	NA	NA	NA	NA	NA	0	1.01
k141_133072	1767	NA	NA	NA	NA	NA	0	NA	NA	NA	1.2552045944005743	4.4052045944005735	2	1.0
k141_54381	1969	NA	NA	NA	NA	NA	0	NA	NA	NA	3.4574320241691843	6.026012084592145	2	1.0
k141_369549	4175	NA	NA	NA	NA	NA	0	NA	NA	NA	0.35	5.14	1	1.0
k141_303021	4871	NA	NA	NA	NA	NA	0	NA	NA	NA	6.362729330972226	11.601647306456067	5	1.0
k141_375475	9906	NA	NA	NA	NA	NA	0	NA	NA	NA	4.308424328439851	6.387507576765571	4	1.0
k141_36084	2861	NA	NA	NA	NA	NA	0	NA	NA	NA	NA	NA	0	1.06
k141_17910	3558	NA	NA	NA	NA	NA	0	NA	NA	NA	NA	NA	0	1.01
k141_102847	2713	NA	NA	NA	NA	NA	0	NA	NA	NA	2.48	8.39	1	1.0
k141_151544	3987	NA	NA	NA	NA	NA	0	NA	NA	NA	6.131800484585178	6.747165176706491	3	1.0
k141_357885	2803	NA	NA	NA	NA	NA	0	NA	NA	NA	2.9326071983430584	8.84824942390637	5	1.0
k141_333464	3621	NA	NA	NA	NA	NA	0	NA	NA	NA	1.16	3.54	1	1.0
k141_327573	14089	NA	NA	NA	NA	NA	0	NA	NA	NA	3.382077242822886	4.327454380177327	4	1.0
k141_84611	2937	NA	NA	NA	NA	NA	0	NA	NA	NA	4.203809523809523	5.987142857142857	2	1.0
k141_121009	1255	NA	NA	NA	NA	NA	0	NA	NA	NA	1.03	7.150000000000001	1	1.0
k141_206416	3333	NA	NA	NA	NA	NA	0	NA	NA	NA	NA	NA	0	1.02
k141_169678	4726	NA	NA	NA	NA	NA	0	NA	NA	NA	1.82	7.22	1	1.0
k141_375501	3446	NA	NA	NA	NA	NA	0	NA	NA	NA	NA	NA	0	1.0
k141_272915	3764	NA	NA	NA	NA	NA	0	NA	NA	NA	NA	NA	0	1.0
k141_151565	1179	NA	NA	NA	NA	NA	0	NA	NA	NA	1.9514285714285715	2.1844239631336406	2	1.0
k141_242633	1820	NA	NA	NA	NA	NA	0	NA	NA	NA	2.9394505494505494	5.934747252747253	2	1.0
k141_236580	3847	NA	NA	NA	NA	NA	0	NA	NA	NA	0.9826520995384564	1.5061814543459313	3	1.0
k141_114616	6357	NA	NA	NA	NA	NA	0	NA	NA	NA	6.426069541456871	16.80139282617423	8	1.0
k141_54460	6536	NA	NA	NA	NA	NA	0	NA	NA	NA	NA	NA	0	1.0
k141_382051	2742	NA	NA	NA	NA	NA	0	NA	NA	NA	2.83	7.61	1	1.0
k141_285334	1382	NA	NA	NA	NA	NA	0	NA	NA	NA	0.6152651515151515	0.8799999999999999	2	1.0
k141_72833	1205	NA	NA	NA	NA	NA	0	NA	NA	NA	NA	NA	0	1.0
k141_339727	1235	NA	NA	NA	NA	NA	0	NA	NA	NA	0.95	3.43	1	1.0
k141_36115	1301	NA	NA	NA	NA	NA	0	NA	NA	NA	1.0655128205128206	3.6050699300699307	2	1.0
k141_278676	2971	NA	NA	NA	NA	NA	0	NA	NA	NA	NA	NA	0	1.0
k141_114623	3443	NA	NA	NA	NA	NA	0	NA	NA	NA	4.74	9.62	1	1.0
k141_339730	2124	NA	NA	NA	NA	NA	0	NA	NA	NA	0.950938775510204	2.424857142857143	2	1.0
k141_272933	3732	NA	NA	NA	NA	NA	0	NA	NA	NA	NA	NA	0	1.0
k141_357922	1113	NA	NA	NA	NA	NA	0	NA	NA	NA	0.63	3.6499999999999995	1	1.0
k141_230484	2545	NA	NA	NA	NA	NA	0	NA	NA	NA	1.7551829268292685	5.433125	2	1.01
k141_254520	5944	NA	NA	NA	NA	NA	0	NA	NA	NA	9.04	17.87	1	1.0
k141_291230	2875	NA	NA	NA	NA	NA	0	NA	NA	NA	NA	NA	0	1.0
k141_102895	5539	NA	NA	NA	NA	NA	0	NA	NA	NA	NA	NA	0	1.0
k141_303095	3249	NA	NA	NA	NA	NA	0	NA	NA	NA	3.3292520491803277	11.031055327868852	2	1.0
k141_29816	1177	NA	NA	NA	NA	NA	0	NA	NA	NA	1.76	3.86	1	1.0
k141_345905	4887	NA	NA	NA	NA	NA	0	NA	NA	NA	1.95264943457189	3.392423263327948	2	1.0
k141_187768	2077	NA	NA	NA	NA	NA	0	NA	NA	NA	0.92	1.32	1	1.0
k141_345908	1226	NA	NA	NA	NA	NA	0	NA	NA	NA	0.62	1.58	1	1.0
k141_206450	2857	NA	NA	NA	NA	NA	0	NA	NA	NA	5.25	8.58	1	1.0
k141_169722	5677	NA	NA	NA	NA	NA	0	NA	NA	NA	NA	NA	0	1.0
k141_145475	5927	NA	NA	NA	NA	NA	0	NA	NA	NA	4.029133126934984	14.271331269349846	2	1.0
k141_181245	2886	NA	NA	NA	NA	NA	0	NA	NA	NA	NA	NA	0	1.0
k141_65950	1400	NA	NA	NA	NA	NA	0	NA	NA	NA	1.56	3.8200000000000003	1	1.0
k141_199715	9654	NA	NA	NA	NA	NA	0	NA	NA	NA	NA	NA	0	1.03
k141_23528	5526	3795	NA	NA	NA	NA	0	NA	NA	NA	5.68	12.45	1	1.0
k141_29849	3204	NA	NA	NA	NA	NA	0	NA	NA	NA	NA	NA	0	1.02
k141_351437	26346	NA	NA	NA	NA	NA	0	NA	NA	NA	10.27153304107022	30.176165381671286	8	1.0
k141_42130	3590	NA	NA	NA	NA	NA	0	NA	NA	NA	NA	NA	0	1.0
k141_345930	1036	NA	NA	NA	NA	NA	0	NA	NA	NA	NA	NA	0	1.0
k141_363525	33030	NA	NA	NA	NA	NA	0	NA	NA	NA	5.414283472895315	23.09531312552012	7	1.0
k141_339770	3722	NA	NA	NA	NA	NA	0	NA	NA	NA	3.919096566452426	10.152352376845688	3	1.0
k141_217901	1242	NA	NA	NA	NA	NA	0	NA	NA	NA	0.55	3.44	1	1.0
k141_114665	1620	NA	NA	NA	NA	NA	0	NA	NA	NA	NA	NA	0	1.02
k141_285372	1410	NA	NA	NA	NA	NA	0	NA	NA	NA	0.6300000000000001	0.8947348484848485	2	1.0
k141_36159	14122	NA	NA	NA	NA	NA	0	NA	NA	NA	9.156116551529298	26.491125355338202	6	1.0
k141_351466	3207	NA	NA	NA	NA	NA	0	NA	NA	NA	0.73	1.12	1	1.0
k141_357953	1551	NA	NA	NA	NA	NA	0	NA	NA	NA	2.383877995642701	4.114575163398692	2	1.0
k141_224358	2212	NA	NA	NA	NA	NA	0	NA	NA	NA	NA	NA	0	1.0
k141_127004	3791	NA	NA	NA	NA	NA	0	NA	NA	NA	NA	NA	0	1.0
k141_285384	5218	NA	NA	NA	NA	NA	0	NA	NA	NA	2.3329963898916968	3.452924187725632	2	1.0
k141_102945	1498	NA	NA	NA	NA	NA	0	NA	NA	NA	2.3346228710462285	4.125474452554744	2	1.0
k141_36181	6809	4728	NA	NA	NA	NA	0	NA	NA	NA	0.39	4.13	1	1.01
k141_248755	3405	NA	NA	NA	NA	NA	0	NA	NA	NA	2.15	8.24	1	1.0
k141_29871	2835	NA	NA	NA	NA	NA	0	NA	NA	NA	2.98	9.57	1	1.0
k141_48563	3852	NA	NA	NA	NA	NA	0	NA	NA	NA	6.204999281505964	11.716479379221154	3	1.0
k141_212019	26620	NA	NA	NA	NA	NA	0	NA	NA	NA	17.56	79.73	1	1.11
k141_248763	3453	NA	NA	NA	NA	NA	0	NA	NA	NA	0.16999999999999998	2.02	1	1.0
k141_23581	3222	NA	NA	NA	NA	NA	0	NA	NA	NA	1.1260000000000001	2.1176	2	1.0
k141_54575	3020	NA	NA	NA	NA	NA	0	NA	NA	NA	3.677863247863247	8.038366571699905	2	1.0
k141_224388	13863	11708	NA	NA	NA	NA	0	NA	NA	NA	5.743825503355705	25.14941834451902	2	1.0
k141_351510	3042	NA	NA	NA	NA	NA	0	NA	NA	NA	NA	NA	0	1.0
k141_217985	2686	NA	NA	NA	NA	NA	0	NA	NA	NA	4.08	8.07	1	1.0
k141_54581	3190	NA	NA	NA	NA	NA	0	NA	NA	NA	NA	NA	0	1.0
k141_273007	1033	NA	NA	NA	NA	NA	0	NA	NA	NA	NA	NA	0	1.0
k141_248795	1568	NA	NA	NA	NA	NA	0	NA	NA	NA	0.6771764705882352	1.2577882352941177	2	1.0
k141_169809	2260	849	NA	NA	NA	NA	0	NA	NA	NA	0.5	2.56	1	1.0
k141_12077	6755	NA	NA	NA	NA	NA	0	NA	NA	NA	9.674746031539447	21.238932508497715	7	1.0
k141_163658	2735	NA	NA	NA	NA	NA	0	NA	NA	NA	1.64	7.1899999999999995	1	1.0
k141_388069	7307	NA	NA	NA	NA	NA	0	NA	NA	NA	NA	NA	0	1.0
k141_266954	2136	NA	NA	NA	NA	NA	0	NA	NA	NA	NA	NA	0	1.0
k141_224423	9135	NA	NA	NA	NA	NA	0	NA	NA	NA	13.594098900666046	23.84670178862329	6	1.0
k141_42194	1349	NA	NA	NA	NA	NA	0	NA	NA	NA	0.93	3.25	1	1.0
k141_297504	59141	NA	NA	NA	NA	NA	0	NA	NA	NA	6.980302641359191	21.56230109898863	7	1.0
k141_187880	3360	NA	NA	NA	NA	NA	0	NA	NA	NA	NA	NA	0	1.0
k141_358022	6343	NA	NA	NA	NA	NA	0	NA	NA	NA	NA	NA	0	1.0
k141_236728	2887	NA	NA	NA	NA	NA	0	NA	NA	NA	1.17	8.29	1	1.0
k141_97150	1228	NA	NA	NA	NA	NA	0	NA	NA	NA	0.21999999999999997	0.72	1	1.0
k141_363626	2480	NA	NA	NA	NA	NA	0	NA	NA	NA	3.25	6.92	1	1.0
k141_363627	1811	NA	NA	NA	NA	NA	0	NA	NA	NA	3.0699257780232987	4.91393253523639	3	1.0
k141_327798	5209	NA	NA	NA	NA	NA	0	NA	NA	NA	1.9120704738760628	3.285798298906439	3	1.0
k141_254684	5794	NA	NA	NA	NA	NA	0	NA	NA	NA	2.6089736594606494	4.6496515498162365	3	1.0
k141_254685	1677	NA	NA	NA	NA	NA	0	NA	NA	NA	2.304896551724138	4.718206896551725	2	1.0
k141_163721	3451	NA	NA	NA	NA	NA	0	NA	NA	NA	NA	NA	0	1.0
k141_254693	3593	NA	NA	NA	NA	NA	0	NA	NA	NA	6.273212631559452	13.412020936296356	5	1.0
k141_303212	1019	NA	NA	NA	NA	NA	0	NA	NA	NA	1.66	3.28	1	1.0
k141_278872	1220	NA	NA	NA	NA	NA	0	NA	NA	NA	NA	NA	0	1.0
k141_145584	9750	NA	NA	NA	NA	NA	0	NA	NA	NA	3.6132151490837345	7.4151116556843295	4	1.0
k141_145585	4799	NA	NA	NA	NA	NA	0	NA	NA	NA	NA	NA	0	1.0
k141_66097	1745	NA	NA	NA	NA	NA	0	NA	NA	NA	1.8157499999999998	5.51	2	1.0
k141_339869	1060	NA	NA	NA	NA	NA	0	NA	NA	NA	0.9145004500450045	4.755049504950494	2	1.0
k141_133288	3105	NA	NA	NA	NA	NA	0	NA	NA	NA	1.3520471624773256	3.1073513215859028	3	1.0
k141_242791	2882	NA	NA	NA	NA	NA	0	NA	NA	NA	3.0321468285487345	7.359282715469031	3	1.0
k141_230674	2222	NA	NA	NA	NA	NA	0	NA	NA	NA	4.720243902439025	6.117804878048781	2	1.0
k141_199818	9786	NA	NA	NA	NA	NA	0	NA	NA	NA	NA	NA	0	1.0
k141_121232	1041	NA	NA	NA	NA	NA	0	NA	NA	NA	0.4600000000000001	2.89	1	1.0
k141_248907	1085	NA	NA	NA	NA	NA	0	NA	NA	NA	NA	NA	0	1.0
k141_42268	1193	NA	NA	NA	NA	NA	0	NA	NA	NA	0.98	6.8	1	1.0
k141_151724	3080	NA	NA	NA	NA	NA	0	NA	NA	NA	NA	NA	0	1.12
k141_363681	3565	NA	NA	NA	NA	NA	0	NA	NA	NA	1.5604963041182685	6.932407602956705	2	1.0
k141_78659	3098	NA	NA	NA	NA	NA	0	NA	NA	NA	NA	NA	0	1.0
k141_230705	1612	NA	NA	NA	NA	NA	0	NA	NA	NA	3.24	4.89	1	1.0
k141_54650	8128	NA	NA	NA	NA	NA	0	NA	NA	NA	9.835563497897255	14.801156143982672	8	1.0
k141_351595	28324	NA	NA	NA	NA	NA	0	NA	NA	NA	16.54703169737053	66.0810900384913	4	1.0
k141_273089	2532	NA	NA	NA	NA	NA	0	NA	NA	NA	NA	NA	0	1.02
k141_242832	1965	NA	NA	NA	NA	NA	0	NA	NA	NA	2.97	5.16	1	1.0
k141_133324	6791	NA	NA	NA	NA	NA	0	NA	NA	NA	1.0800000000000003	18.09	1	1.0
k141_273090	1444	NA	NA	NA	NA	NA	0	NA	NA	NA	1.2013147410358567	4.342031872509961	2	1.0
k141_224513	1259	NA	NA	NA	NA	NA	0	NA	NA	NA	0.9187183097609769	3.1233346809889935	3	1.0
k141_333722	2267	NA	NA	NA	NA	NA	0	NA	NA	NA	3.4845189504373177	5.401137026239067	2	1.0
k141_163745	3010	NA	NA	NA	NA	NA	0	NA	NA	NA	1.28	1.6799999999999997	1	1.0
k141_230721	2699	NA	NA	NA	NA	NA	0	NA	NA	NA	25.16	61.31000000000001	1	1.0
k141_163763	1515	NA	NA	NA	NA	NA	0	NA	NA	NA	0.61	3.8899999999999997	1	1.0
k141_30007	1417	NA	NA	NA	NA	NA	0	NA	NA	NA	NA	NA	0	1.0
k141_303303	3788	NA	NA	NA	NA	NA	0	NA	NA	NA	0.86	1.13	1	1.0
k141_145653	3139	NA	NA	NA	NA	NA	0	NA	NA	NA	NA	NA	0	1.0
k141_12110	2574	NA	NA	NA	NA	NA	0	NA	NA	NA	4.445101088646966	6.237465007776049	2	1.0
k141_212185	1279	NA	NA	NA	NA	NA	0	NA	NA	NA	1.6314453125	3.9992968749999998	2	1.0
k141_261056	2611	NA	NA	NA	NA	NA	0	NA	NA	NA	3.82	6.23	1	1.0
k141_224567	3324	NA	NA	NA	NA	NA	0	NA	NA	NA	5.147553516819572	7.585902140672783	2	1.0
k141_254799	8042	NA	NA	NA	NA	NA	0	NA	NA	NA	NA	NA	0	1.0
k141_199901	1567	NA	NA	NA	NA	NA	0	NA	NA	NA	1.86	4.87	1	1.0
k141_78722	2891	NA	NA	NA	NA	NA	0	NA	NA	NA	0.76	2.18	1	1.0
k141_84880	3661	NA	NA	NA	NA	NA	0	NA	NA	NA	NA	NA	0	1.0
k141_267102	4208	NA	NA	NA	NA	NA	0	NA	NA	NA	0.34	0.89	2	1.0
k141_278990	4836	NA	NA	NA	NA	NA	0	NA	NA	NA	4.7	11.8	1	1.06
k141_188028	3454	NA	NA	NA	NA	NA	0	NA	NA	NA	NA	NA	0	1.0
k141_66221	1012	NA	NA	NA	NA	NA	0	NA	NA	NA	1.09	3.29	1	1.0
k141_103165	1976	NA	NA	NA	NA	NA	0	NA	NA	NA	1.05	4.43	1	1.0
k141_267104	1202	NA	NA	NA	NA	NA	0	NA	NA	NA	1.3710271546635184	3.8982290436835894	2	1.0
k141_254804	2674	NA	NA	NA	NA	NA	0	NA	NA	NA	NA	NA	0	1.0
k141_309593	1337	NA	NA	NA	NA	NA	0	NA	NA	NA	0.9967715596114912	5.582328004709127	4	1.0
k141_169959	1300	NA	NA	NA	NA	NA	0	NA	NA	NA	1.37	4.39	1	1.0
k141_36381	5893	5127	NA	NA	NA	NA	0	NA	NA	NA	1.54	12.54	1	1.0
k141_30078	2636	NA	NA	NA	NA	NA	0	NA	NA	NA	NA	NA	0	1.0
k141_121375	5259	NA	NA	NA	NA	NA	0	NA	NA	NA	8.6400258250503	15.260329719828235	3	1.0
k141_351679	1383	NA	NA	NA	NA	NA	0	NA	NA	NA	0.56	1.32	1	1.0
k141_273190	9437	NA	NA	NA	NA	NA	0	NA	NA	NA	12.99216089674443	18.646949647006206	6	1.0
k141_23862	3473	NA	NA	NA	NA	NA	0	NA	NA	NA	NA	NA	0	1.0
k141_114896	2583	NA	NA	NA	NA	NA	0	NA	NA	NA	2.1502396313364054	6.643179723502304	2	1.01
k141_224628	1246	NA	NA	NA	NA	NA	0	NA	NA	NA	2.169908256880734	3.3657798165137613	2	1.0
k141_199948	1132	NA	NA	NA	NA	NA	0	NA	NA	NA	0.5180412371134021	0.9510652920962198	2	1.0
k141_212239	3624	NA	NA	NA	NA	NA	0	NA	NA	NA	NA	NA	0	1.0
k141_224638	11008	NA	NA	NA	NA	NA	0	NA	NA	NA	4.043636363636364	6.4507792207792205	2	1.0
k141_254857	3287	NA	NA	NA	NA	NA	0	NA	NA	NA	2.1	8.7	1	1.0
k141_84926	1234	NA	NA	NA	NA	NA	0	NA	NA	NA	1.2390571428571426	3.3619714285714286	2	1.0
k141_382439	3195	NA	NA	NA	NA	NA	0	NA	NA	NA	1.4259815005138745	2.023525179856115	3	1.0
k141_133456	7164	NA	NA	NA	NA	NA	0	NA	NA	NA	1.61	2.11	1	1.0
k141_273229	3632	NA	NA	NA	NA	NA	0	NA	NA	NA	1.59	8.95	1	1.02
k141_218215	1607	NA	NA	NA	NA	NA	0	NA	NA	NA	0.7	0.9500000000000001	1	1.03
k141_273242	3016	NA	NA	NA	NA	NA	0	NA	NA	NA	4.59	9.07	1	1.0
k141_279103	1113	NA	NA	NA	NA	NA	0	NA	NA	NA	NA	NA	0	1.0
k141_23925	18635	NA	NA	NA	NA	NA	0	NA	NA	NA	30.001317031287492	63.238443562546784	12	1.0
k141_78862	2504	NA	NA	NA	NA	NA	0	NA	NA	NA	1.1674759615384616	3.685400641025641	2	1.0
k141_200032	1336	NA	NA	NA	NA	NA	0	NA	NA	NA	0.93	1.72	1	1.0
k141_188153	6947	NA	NA	NA	NA	NA	0	NA	NA	NA	1.8418902057773272	3.1103315224187513	3	1.0
k141_333905	3821	NA	NA	NA	NA	NA	0	NA	NA	NA	NA	NA	0	1.0
k141_200044	1901	NA	NA	NA	NA	NA	0	NA	NA	NA	NA	NA	0	1.0
k141_315674	2908	NA	NA	NA	NA	NA	0	NA	NA	NA	NA	NA	0	1.0
k141_30234	11414	NA	NA	NA	NA	NA	0	NA	NA	NA	3.9971072319201992	15.52708229426434	2	1.04
k141_127399	9078	NA	NA	NA	NA	NA	0	NA	NA	NA	13.450268041237115	26.113628865979383	2	1.0
k141_218260	2998	NA	NA	NA	NA	NA	0	NA	NA	NA	1.71	9.82	1	1.0
k141_382505	3269	NA	NA	NA	NA	NA	0	NA	NA	NA	NA	NA	0	1.0
k141_315675	36822	NA	NA	NA	NA	NA	0	NA	NA	NA	24.568956141070515	55.97923505026865	7	1.0
k141_279169	4419	NA	NA	NA	NA	NA	0	NA	NA	NA	0.36	0.74	1	1.0
k141_30276	4600	NA	NA	NA	NA	NA	0	NA	NA	NA	0.73	12.26	1	1.0
k141_114988	4596	NA	NA	NA	NA	NA	0	NA	NA	NA	6.88	15.08	1	1.0
k141_363996	5012	NA	NA	NA	NA	NA	0	NA	NA	NA	2.447414698162729	14.652624671916007	2	1.02
k141_279189	6133	NA	NA	NA	NA	NA	0	NA	NA	NA	2.6600000000000006	6.63	1	1.0
k141_254986	3217	NA	NA	NA	NA	NA	0	NA	NA	NA	NA	NA	0	1.0
k141_321687	11223	NA	NA	NA	NA	NA	0	NA	NA	NA	4.362204496907359	13.651950309103968	5	1.0
k141_364013	4879	NA	NA	NA	NA	NA	0	NA	NA	NA	2.1	2.79	1	1.0
k141_181735	2738	NA	NA	NA	NA	NA	0	NA	NA	NA	4.14	7.19	1	1.0
k141_212416	2989	NA	NA	NA	NA	NA	0	NA	NA	NA	NA	NA	0	1.0
k141_254992	25105	NA	NA	NA	NA	NA	0	NA	NA	NA	37.690002317330055	83.80693830872418	7	1.0
k141_181736	21835	NA	NA	NA	NA	NA	0	NA	NA	NA	10.065000059796692	19.385808353115042	11	1.0
k141_321734	1935	NA	NA	NA	NA	NA	0	NA	NA	NA	1.59	11.03	1	1.0
k141_66494	7334	NA	NA	NA	NA	NA	0	NA	NA	NA	3.194480472993063	8.326484567795129	4	1.0
k141_66497	1748	NA	NA	NA	NA	NA	0	NA	NA	NA	2.6262178959063323	4.4290860268353125	3	1.0
k141_24148	3805	NA	NA	NA	NA	NA	0	NA	NA	NA	NA	NA	0	1.0
k141_181795	2664	NA	NA	NA	NA	NA	0	NA	NA	NA	NA	NA	0	1.0
k141_66513	1052	NA	NA	NA	NA	NA	0	NA	NA	NA	1.92	3.29	1	1.0
k141_351961	3673	NA	NA	NA	NA	NA	0	NA	NA	NA	NA	NA	0	1.0
k141_370210	2823	NA	NA	NA	NA	NA	0	NA	NA	NA	0.3123570190641248	0.8428596187175044	2	1.0
k141_200272	1327	NA	NA	NA	NA	NA	0	NA	NA	NA	0.5535238095238095	1.965619047619048	2	1.0
k141_370231	4084	NA	NA	NA	NA	NA	0	NA	NA	NA	4.515257426460684	11.661067913130873	3	1.0
k141_181851	6440	NA	NA	NA	NA	NA	0	NA	NA	NA	NA	NA	0	1.0
k141_200297	4449	NA	NA	NA	NA	NA	0	NA	NA	NA	3.66	13.949999999999998	1	1.0
k141_364208	1715	NA	NA	NA	NA	NA	0	NA	NA	NA	3.14	5.1	1	1.0
k141_115175	7078	NA	NA	NA	NA	NA	0	NA	NA	NA	2.4876470588235295	10.551176470588237	2	1.0
k141_376016	3545	NA	NA	NA	NA	NA	0	NA	NA	NA	NA	NA	0	1.03
k141_181920	1267	NA	NA	NA	NA	NA	0	NA	NA	NA	NA	NA	0	1.0
k141_364272	50608	NA	NA	NA	NA	NA	0	NA	NA	NA	15.671564975001374	38.637080737905784	12	1.0
k141_370384	3065	NA	NA	NA	NA	NA	0	NA	NA	NA	NA	NA	0	1.0
k141_364280	4591	NA	NA	NA	NA	NA	0	NA	NA	NA	8.098344827586208	13.560413793103448	2	1.0
k141_352156	3730	NA	NA	NA	NA	NA	0	NA	NA	NA	1.4099999999999997	8.45	1	1.0
k141_182066	1510	NA	NA	NA	NA	NA	0	NA	NA	NA	2.1644104673657933	3.9652058078440167	4	1.0
k141_376220	1546	NA	NA	NA	NA	NA	0	NA	NA	NA	2.4900000000000007	4.05	1	1.0
k141_182139	3462	NA	NA	NA	NA	NA	0	NA	NA	NA	5.661639344262295	10.393927780239254	3	1.0
k141_182155	2132	NA	NA	NA	NA	NA	0	NA	NA	NA	1.95	6.62	1	1.0
