contig_id	contig_length	viral_length	aai_expected_length	aai_completeness	aai_confidence	aai_error	aai_num_hits	aai_top_hit	aai_id	aai_af	hmm_completeness_lower	hmm_completeness_upper	hmm_num_hits	kmer_freq
k141_189900|provirus_1975_44198	42224	NA	56934.63141042236	74.16224353086889	low	12.2561147132961	3	CheckV-054129	46.13	17.98	37.89545711057375	100.0	10	1.0
k141_13449|provirus_4675_32813	28139	NA	74300.43697375382	37.871917240459744	medium	7.63126410322424	20	CheckV-060044	42.45	39.89	18.3388309352518	40.71035971223022	2	1.0
k141_76573|provirus_2_29906	29905	NA	74260.61374165758	40.27033779176047	medium	8.49858683739978	20	CheckV-060044	46.35	36.01	29.717552473977978	68.17760151910277	7	1.0
k141_40649	13137	NA	87501.68122530336	15.013425817698574	low	32.8609121902687	5	CheckV-014481	24.8	9.37	6.459999999999999	17.63	1	1.0
k141_188457	1301	NA	NA	NA	NA	NA	0	NA	NA	NA	1.2485248041775456	3.634817232375979	2	1.0
k141_177387	1128	NA	159305.78411597852	0.7080722186325565	low	12.972234865726	5	CheckV-003080	41.0	52.42	NA	NA	0	1.0
k141_188461	5944	NA	65758.03660222144	9.039199323963999	low	13.9757982883961	4	CheckV-060044	41.74	31.87	NA	NA	0	1.0
k141_225418	1324	NA	103257.0	1.2822375238482622	low	17.9409267776344	1	CheckV-044786	31.4	51.93	1.7	4.8	1	1.0
k141_114581	2745	NA	45155.53888222094	6.078988465091238	medium	7.56667930805488	223	CheckV-032358	43.94	100.0	2.0128522336769756	7.431288659793814	2	1.0
k141_62840	13077	NA	76255.43686499176	17.14894116094631	low	13.3435582822086	16	CheckV-060039	37.46	26.02	14.952631578947368	32.385069252077564	2	1.0
k141_125652	1696	NA	NA	NA	NA	NA	0	NA	NA	NA	1.97	6.6000000000000005	1	1.0
k141_147822	6027	NA	116911.2978690523	5.155190396355537	low	16.0458909824481	2	CheckV-044766	36.8	28.28	3.89	16.35	1	1.02
k141_147825	3595	NA	111046.8607897048	3.2373720197350178	high	4.71761886228158	3	CheckV-044766	62.3	47.81	NA	NA	0	1.0
k141_210633	2630	NA	41269.270803265485	6.372780397641283	medium	9.82267274135623	517	CheckV-031569	43.0	46.11	2.34	8.81	1	1.0
k141_188464	1519	NA	NA	NA	NA	NA	0	NA	NA	NA	1.95	5.5	1	1.0
k141_158926	1540	NA	240028.98203755167	0.6415891893250927	low	12.9831144465291	9	CheckV-002619	35.7	61.04	0.71	1.98	1	1.0
k141_59153	1031	NA	36885.88903149184	2.7951068201711755	high	2.90887460477086	2	CheckV-044817	76.4	100.0	0.92	3.45	1	1.0
k141_151531	3231	NA	46042.85301953144	7.017375744785853	high	3.80699424524126	53	CheckV-018112	69.52	56.17	3.3807387221733967	9.582470818863642	3	1.0
k141_25923	1946	NA	36656.26631044264	5.308778541489436	low	10.5427046263345	3	CheckV-044817	43.29	69.46	2.26	7.58	1	1.0
k141_133065	2816	NA	175785.13635756777	1.601955693382359	low	11.3661940130542	28	CheckV-018433	41.69	54.08	0.6495585996955859	3.805114155251142	2	1.0
k141_232817	2899	NA	NA	NA	NA	NA	0	NA	NA	NA	NA	NA	0	1.0
k141_170001	4177	NA	106233.0	3.931923225363117	low	14.0086581853272	1	CheckV-000545	28.5	40.79	4.780000000000001	12.17	1	1.0
k141_29619	4875	NA	74097.68642274778	6.579152785131209	high	4.95140329802337	20	CheckV-060044	53.27	94.06	2.3253238275210446	10.011972169730287	3	1.0
k141_18544	2729	NA	60279.0	4.527281474477015	low	16.4303586321935	1	CheckV-061284	23.6	100.0	NA	NA	0	1.0
k141_195889	2802	NA	369986.5340161508	0.7573248597954881	medium	8.63813229571984	24	CheckV-062241	43.7	96.26	0.8283792048929663	1.1529357798165139	2	1.0
k141_70280	3946	NA	295413.3466659987	1.335755491257963	medium	8.30341430665155	4	CheckV-062241	51.95	51.76	1.5200000000000002	6.03	1	1.0
k141_133089	3702	NA	140626.09000952006	2.6325129282549087	medium	6.05636618029182	12	CheckV-044766	56.92	60.64	NA	NA	0	1.0
k141_166344	2972	NA	44975.81349166833	6.607996096725536	low	15.7159037542474	20	CheckV-003235	30.9	72.63	4.808609865470851	8.771614349775783	2	1.0
k141_44361	3842	NA	NA	NA	NA	NA	0	NA	NA	NA	0.86	1.13	1	1.0
k141_121978	7025	NA	115776.7360876897	6.06771294250275	low	NA	25	CheckV-008353	22.0	15.37	3.6208184143222506	8.234680306905371	2	1.0
k141_192190	1531	NA	16511.067512716436	9.272568226257084	low	14.7807123818755	2	CheckV-054007	36.6	43.78	1.9600000000000002	5.54	1	1.0
k141_44374	1868	NA	50968.07586579718	3.6650392785448407	low	10.5427046263345	435	CheckV-005483	43.0	70.29	1.66	6.26	1	1.0
k141_22230	2469	NA	43134.82457312152	5.723913391173268	high	4.38108484005563	37	CheckV-018112	59.36	71.58	3.723678696158324	7.166018626309663	2	1.0
k141_177424	3249	NA	NA	NA	NA	NA	0	NA	NA	NA	NA	NA	0	1.0
k141_74002	2810	NA	NA	NA	NA	NA	0	NA	NA	NA	NA	NA	0	1.0
k141_151573	2524	1822	358865.2071380072	0.5077115205819664	medium	8.47685945009496	9	CheckV-000523	42.15	100.0	0.41	0.54	1	1.0
k141_88752	2158	NA	229834.2122910889	0.9389376709794871	high	3.62493958434026	9	CheckV-062241	49.25	53.48	NA	NA	0	1.0
k141_55526	2958	NA	NA	NA	NA	NA	0	NA	NA	NA	NA	NA	0	1.0
k141_147894	18219	NA	143855.0	12.66483611970387	high	3.8339939599849	1	CheckV-044766	61.51	54.96	5.6143861293345845	38.446026241799444	2	1.0
k141_62887	8019	NA	9916.915931421696	80.86183300789958	medium	7.71885786005648	4	CheckV-043820	48.32	30.33	NA	NA	0	1.0
k141_84	2530	NA	200756.6045041081	1.2602325120258886	low	17.188684785418	18	CheckV-000484	39.6	14.36	NA	NA	0	1.0
k141_88765	2579	NA	53043.443331671406	4.8620523819955705	low	11.3661940130542	11	CheckV-019949	40.2	55.85	3.82	7.489999999999999	1	1.0
k141_85087	15497	NA	68595.85887761197	22.5917427867615	low	27.4427620025844	45	CheckV-017459	36.1	6.73	14.709999999999999	34.39	1	1.01
k141_22265	6296	NA	NA	NA	NA	NA	0	NA	NA	NA	NA	NA	0	1.0
k141_136823	2781	NA	55145.0	5.043068274548917	low	17.188684785418	1	CheckV-054129	41.7	13.35	NA	NA	0	1.0
k141_81339	3268	NA	105372.48678078949	3.101378832216941	low	10.7617896009674	23	CheckV-044766	59.7	22.38	1.340368782161235	5.674048027444254	2	1.0
k141_3790	3161	NA	103257.0	3.061293665320511	low	19.4474773902474	1	CheckV-044786	33.8	24.06	4.05	11.449999999999998	1	1.0
k141_184855	15786	NA	102480.93444380647	15.403840807731862	medium	7.51083778606714	3	CheckV-044637	50.82	53.52	18.357926045016075	49.71922829581993	2	1.0
k141_184857	1717	NA	53487.37301950728	3.210103437635264	low	10.7660094224394	42	CheckV-002916	40.05	90.06	1.53	5.75	1	1.0
k141_29678	2663	NA	41064.29330254041	6.484952706674865	low	29.192375253277	7	CheckV-039733	27.2	52.03	4.199097222222222	8.367881944444445	2	1.0
k141_195962	3141	NA	306134.61172289966	1.026019234585308	medium	5.43936183472517	24	CheckV-062241	55.97	80.93	NA	NA	0	1.0
k141_206979	1941	NA	50292.12230652174	3.859451363316788	low	10.9454880691546	8	CheckV-000645	40.6	83.84	2.9	6.37	1	1.0
k141_3810	5205	NA	182926.7394488109	2.8454013971295518	high	4.90281702200531	132	CheckV-049748	64.11	39.66	3.0497727402937187	3.8614315929186636	3	1.0
k141_218069	2789	NA	170750.59654460556	1.6333764311455412	medium	9.52100510404397	40	CheckV-014992	46.99	53.66	1.2178417336097433	2.793361784140969	3	1.0
k141_195967	2929	NA	NA	NA	NA	NA	0	NA	NA	NA	NA	NA	0	1.0
k141_173751	7597	NA	123949.30854180874	6.1291184996304295	high	2.64972286061917	32	CheckV-000545	71.79	58.55	NA	NA	0	1.0
k141_162677	2540	NA	419316.00000000006	0.6057484093142164	low	21.1303462321792	1	CheckV-014244	30.0	42.08	NA	NA	0	1.0
k141_232889	1802	NA	141682.0	1.2718623396055957	low	23.7617171740707	1	CheckV-061326	23.3	59.97	0.8242056074766354	1.4090841121495328	2	1.0
k141_103522	3491	NA	234111.38250185203	1.4911705542435054	low	11.3661940130542	46	CheckV-002597	40.69	55.53	NA	NA	0	1.0
k141_96159	1049	NA	NA	NA	NA	NA	0	NA	NA	NA	NA	NA	0	1.0
k141_192240	1509	NA	51664.52744630403	2.9207660934639024	low	10.9454880691546	1543	CheckV-010648	40.2	86.16	NA	NA	0	1.0
k141_81353	6195	NA	103173.86536539339	6.004427553489655	medium	8.30341430665155	145	CheckV-044786	50.2	51.85	NA	NA	0	1.0
k141_92479	8076	NA	94011.45223536396	8.590442768378042	medium	7.3692152917505	8	CheckV-029551	25.65	60.06	NA	NA	0	1.0
k141_55590	2517	NA	143209.13078462475	1.7575694972867126	high	1.52060170045782	80	CheckV-000545	80.03	100.0	NA	NA	0	1.0
k141_195973	9936	NA	37884.0	26.227431105479887	high	2.28458561202005	1	CheckV-018098	68.39	80.01	16.207334527587648	27.291877065340376	10	1.0
k141_44436	3155	NA	NA	NA	NA	NA	0	NA	NA	NA	NA	NA	0	1.0
k141_221853	5138	NA	NA	NA	NA	NA	0	NA	NA	NA	NA	NA	0	1.0
k141_81368	10103	NA	89176.52722725036	11.329214440313782	low	17.4785801713586	5	CheckV-048081	36.7	18.35	NA	NA	0	1.01
k141_121999	2542	NA	NA	NA	NA	NA	0	NA	NA	NA	NA	NA	0	1.0
k141_99963	2852	NA	115267.85318107666	2.4742371106016297	low	21.4175654853621	2	CheckV-028223	31.4	31.4	NA	NA	0	1.0
k141_59233	1118	NA	NA	NA	NA	NA	0	NA	NA	NA	NA	NA	0	1.0
k141_85150	3032	2435	269869.4843483039	0.9022880100283202	low	10.2803738317757	198	CheckV-000545	57.3	27.49	1.36	7.090000000000001	1	1.0
k141_70316	2314	NA	59898.140280126056	3.86322511713736	low	10.9970674486804	14	CheckV-001736	38.0	44.07	NA	NA	0	1.0
k141_81404	1958	NA	46197.81820126015	4.238295391938209	medium	6.3231850117096	6	CheckV-011676	53.5	61.04	1.7088595041322314	5.792462809917356	2	1.0
k141_155352	1357	NA	44373.94513949539	3.0581008646720287	medium	9.12158367084226	22	CheckV-056129	43.2	68.98	2.3451782363977487	4.411294559099438	2	1.0
k141_37039	1398	NA	103289.18269230767	1.3534815200973744	high	3.80705863737027	4	CheckV-000545	65.4	64.44	0.83	3.72	1	1.0
k141_207048	2701	NA	143855.0	1.877585068297939	medium	8.76990056085545	1	CheckV-044766	49.52	79.9	NA	NA	0	1.0
k141_210779	5915	NA	540540.3109943576	1.0942754646954986	low	13.9757982883961	65	CheckV-061346	40.3	31.84	NA	NA	0	1.0
k141_99997	3869	NA	183262.5122734964	2.1111791778920943	medium	5.70526590293573	93	CheckV-007598	42.31	76.05	1.7763785024270677	4.327318570673331	3	1.0
k141_181205	1021	NA	39544.34143699882	2.581911755002002	medium	7.29637658717869	125	CheckV-032323	48.8	100.0	1.96	2.97	1	1.0
k141_136874	3775	NA	419318.57115967793	0.9002701667993778	low	25.8572281138783	3	CheckV-002554	42.1	7.4	NA	NA	0	1.0
k141_118343	2388	NA	36798.02533445285	6.489478656247866	medium	9.51279250664113	3	CheckV-054009	40.8	95.22	3.06	8.65	1	1.0
k141_225579	1179	NA	NA	NA	NA	NA	0	NA	NA	NA	NA	NA	0	1.07
k141_229236	4992	NA	143855.0	3.4701609259323623	low	25.7423874966316	1	CheckV-044766	35.62	14.7	NA	NA	0	1.0
k141_136898	3347	NA	NA	NA	NA	NA	0	NA	NA	NA	NA	NA	0	1.0
k141_96238	2533	NA	NA	NA	NA	NA	0	NA	NA	NA	NA	NA	0	1.0
k141_100009	2880	NA	110984.98362760236	2.5949456456771816	low	15.760181986278	5	CheckV-018901	37.2	35.24	1.0	4.56	1	1.0
k141_203330	3288	NA	NA	NA	NA	NA	0	NA	NA	NA	NA	NA	0	1.0
k141_199691	6262	NA	42203.94377558599	14.837475931864033	low	13.1645631304517	3	CheckV-060046	69.3	15.17	6.1000000000000005	16.32	1	1.0
k141_33442	5484	NA	211832.01659259258	2.5888437867950533	low	27.3298538986542	2	CheckV-032515	36.8	7.76	3.789469440176135	16.844829704378142	3	1.0
k141_81431	4267	NA	61161.09285148485	6.976657546589943	medium	8.79473845212603	61	CheckV-031540	37.05	52.58	2.6000000000000005	13.03	1	1.0
k141_26049	3100	NA	76246.77015065552	4.065745990124866	low	12.1929432782492	16	CheckV-060040	40.7	36.48	NA	NA	0	1.0
k141_29750	4750	NA	NA	NA	NA	NA	0	NA	NA	NA	NA	NA	0	1.0
k141_40783	11092	NA	83531.35899177814	13.278845374815186	low	26.9204150716114	16	CheckV-044766	40.6	8.12	10.016754563894526	27.74793103448276	2	1.0
k141_181259	2682	NA	NA	NA	NA	NA	0	NA	NA	NA	NA	NA	0	1.0
k141_44561	1467	NA	NA	NA	NA	NA	0	NA	NA	NA	NA	NA	0	1.0
k141_181273	1184	NA	44692.08639836398	2.6492385910256857	medium	6.28980688067528	46	CheckV-021486	50.6	79.32	0.82	4.04	1	1.0
k141_96270	14707	NA	119607.84484865409	12.296016217506066	low	23.7881428775411	167	CheckV-044766	49.0	5.31	5.98	30.289999999999996	1	1.01
k141_207088	2570	NA	36603.0	7.021282408545748	high	4.38108484005563	1	CheckV-060046	57.76	69.47	3.84	8.43	1	1.0
k141_225597	3608	NA	43358.78556595232	8.321266273733455	high	4.01766558873086	81	CheckV-044735	57.58	58.65	2.949873947340368	10.94224043278968	3	1.0
k141_151688	1433	NA	NA	NA	NA	NA	0	NA	NA	NA	NA	NA	0	1.0
k141_185000	2598	NA	38059.0	6.826243464095221	low	12.1929432782492	1	CheckV-054009	39.1	34.21	3.02	10.12	1	1.0
k141_48221	1304	NA	59966.99275656786	2.1745295871238763	medium	7.15726505784103	59	CheckV-044817	56.5	80.0	1.16	4.37	1	1.0
k141_81458	3292	NA	NA	NA	NA	NA	0	NA	NA	NA	NA	NA	0	1.0
k141_188596	4581	NA	39226.472477442294	11.678337894477677	medium	6.23139655881712	6	CheckV-032581	54.6	53.83	NA	NA	0	1.0
k141_122094	4000	NA	87430.33316037981	4.575071208595888	low	16.7746825248758	5	CheckV-014764	34.9	24.29	NA	NA	0	1.0
k141_207102	4334	NA	49103.217194710145	8.826305581596186	medium	8.72970391595033	9	CheckV-054009	49.4	57.26	NA	NA	0	1.0
k141_111012	4039	NA	132543.3839646808	3.047304119741113	high	1.47912775115731	35	CheckV-000545	83.96	91.76	NA	NA	0	1.0
k141_103620	5272	NA	43545.0	12.10701573085314	low	27.3298538986542	1	CheckV-018590	34.4	8.7	3.37	13.96	1	1.0
k141_144233	5633	NA	143855.0	3.9157484967502	medium	8.10410146598583	1	CheckV-044766	45.82	58.17	NA	NA	0	1.0
k141_210841	3067	NA	64512.927015533576	4.7540859512722475	low	10.6944003686965	222	CheckV-001688	39.47	66.36	2.24715242881072	2.713701842546064	2	1.0
k141_173837	14963	NA	31095.93212558056	48.11883412779556	low	26.9204150716114	83	CheckV-044766	38.65	10.29	20.362085531218735	44.95850735512979	3	1.0
k141_203379	2971	NA	NA	NA	NA	NA	0	NA	NA	NA	NA	NA	0	1.0
k141_11285	5237	NA	50391.39384112199	10.392647634458438	low	26.9656238848579	25	CheckV-031422	38.5	10.67	NA	NA	0	1.0
k141_96295	2068	NA	36765.70377615939	5.624807327477268	medium	8.76990056085545	3	CheckV-060046	51.32	79.38	2.65	7.49	1	1.0
k141_15011	1067	NA	36603.0	2.915061606972106	medium	5.99083426346975	1	CheckV-060046	56.9	100.0	0.9499999999999998	3.57	1	1.0
k141_85208	3864	NA	114342.0971364402	3.3793328063497308	low	14.6911520575663	2	CheckV-049710	34.2	34.1	NA	NA	0	1.0
k141_225637	3167	NA	36769.25971834443	8.613173135003212	medium	9.39265536723164	3	CheckV-044817	47.08	58.65	3.513305288461538	9.297896634615384	2	1.0
k141_159113	1235	NA	32189.0	3.836714405542266	medium	7.29637658717869	1	CheckV-044737	48.0	100.0	NA	NA	0	1.0
k141_210852	4118	NA	368745.10639779095	1.1167605830021856	medium	5.65610859728507	32	CheckV-061348	41.39	89.28	1.435301408626805	3.6087142717927123	3	1.0
k141_111042	3182	NA	40566.05780138529	7.843996120055171	low	15.1381313075547	308	CheckV-039634	35.54	42.32	4.55549095109742	8.670404312668463	2	1.0
k141_192346	9666	NA	70272.95549069192	13.754935924504158	low	27.4561384438116	6	CheckV-042212	34.5	9.76	NA	NA	0	1.0
k141_229293	1174	NA	98322.4516955736	1.194030437356204	low	11.0079848272345	107	CheckV-062163	41.54	88.57	NA	NA	0	1.0
k141_55712	1259	NA	46115.34734962753	2.73011062988376	low	10.6764514907398	3	CheckV-044789	42.6	100.0	1.03	7.18	1	1.0
k141_114750	3735	NA	231729.57975696257	1.6117925056944646	low	16.0458909824481	10	CheckV-016220	32.9	29.24	NA	NA	0	1.0
k141_88952	2641	NA	32189.000000000004	8.20466619031346	low	12.9948120840075	1	CheckV-044737	49.2	19.91	NA	NA	0	1.0
k141_92598	2822	NA	NA	NA	NA	NA	0	NA	NA	NA	3.6200000000000006	10.22	1	1.0
k141_103660	2542	NA	57791.0	4.398608779913827	low	10.4444444060709	1	CheckV-000145	36.7	91.37	NA	NA	0	1.0
k141_170268	2666	NA	NA	NA	NA	NA	0	NA	NA	NA	NA	NA	0	1.0
k141_148007	1068	NA	311262.8298215307	0.34311838667416894	medium	6.82561045952701	14	CheckV-061735	54.0	84.09	0.52	0.64	1	1.0
k141_11299	2935	NA	106233.0	2.7627949883746106	low	17.1259981821213	1	CheckV-000545	42.7	13.67	2.41	9.2	1	1.0
k141_51929	4395	NA	NA	NA	NA	NA	0	NA	NA	NA	7.279999999999999	28.25	1	1.0
k141_148015	3399	NA	57339.16232007981	5.92788569359635	low	16.0809671071127	3	CheckV-042284	50.5	9.17	NA	NA	0	1.0
k141_188642	2539	NA	NA	NA	NA	NA	0	NA	NA	NA	NA	NA	0	1.0
k141_66764	4085	NA	75249.39870001272	5.4286148069902245	low	18.451911776551	214	CheckV-029320	52.3	17.24	NA	NA	0	1.0
k141_218214	1043	NA	39515.220537963374	2.639489254521459	high	3.42478034785727	173	CheckV-008485	69.0	100.0	1.56	3.42	1	1.0
k141_59328	1121	NA	NA	NA	NA	NA	0	NA	NA	NA	1.44	4.06	1	1.0
k141_221992	10248	NA	49027.41718866379	20.90258999482755	low	17.7188662440404	94	CheckV-037166	29.6	27.22	NA	NA	0	1.0
k141_199780	6945	NA	59945.405183305294	11.585541842219747	low	23.0547056367741	112	CheckV-011997	28.0	25.39	NA	NA	0	1.0
k141_144273	1530	NA	106233.0	1.4402304368698993	low	23.7617171740707	1	CheckV-000545	26.4	57.51	1.75	4.46	1	1.0
k141_218249	1212	NA	36938.239716212905	3.2811525652318236	high	2.90887460477086	2	CheckV-054009	73.9	100.0	1.08	4.06	1	1.0
k141_11312	5741	NA	NA	NA	NA	NA	0	NA	NA	NA	NA	NA	0	1.0
k141_196057	14372	NA	131107.47167286824	10.961999203111917	medium	6.91190561181355	2	CheckV-000545	30.73	53.24	16.41803077560611	41.71342926922814	3	1.0
k141_210892	2546	NA	NA	NA	NA	NA	0	NA	NA	NA	NA	NA	0	1.0
k141_233087	1697	NA	NA	NA	NA	NA	0	NA	NA	NA	2.6	9.25	1	1.01
k141_70468	6491	NA	183135.7168879159	3.544365954551984	low	10.7959242051495	105	CheckV-038942	31.6	61.39	NA	NA	0	1.0
k141_81521	1711	NA	37721.74273277563	4.5358455788240875	medium	9.43309616708745	76	CheckV-013720	49.57	86.53	1.423784860557769	5.148127490039841	2	1.0
k141_222009	1458	NA	106233.0	1.372454886899551	low	13.8078132016165	1	CheckV-000545	33.3	60.8	NA	NA	0	1.0
k141_192380	1661	NA	NA	NA	NA	NA	0	NA	NA	NA	NA	NA	0	1.0
k141_222013	3041	NA	74036.97929977419	4.107406904983325	high	4.70588235294118	20	CheckV-060044	57.77	63.21	1.16	4.43	1	1.0
k141_173907	7044	NA	121002.35029850254	5.821374529191416	high	3.896834889588	35	CheckV-000545	73.22	20.37	NA	NA	0	1.0
k141_11324	13502	NA	106233.0	12.70979827360613	medium	8.32540437678401	1	CheckV-000545	34.46	54.8	9.33	38.22	1	1.0
k141_188670	7891	NA	58903.25614176353	13.396542936452592	low	12.5453716678203	118	CheckV-061440	28.1	28.04	11.78210953346856	22.616227180527385	2	1.0
k141_89013	5159	NA	92927.05635532511	5.551666223315561	low	14.0086581853272	2	CheckV-044786	31.5	38.59	7.91	28.109999999999996	1	1.0
k141_148060	3280	NA	190377.1857421885	1.7228955177653602	medium	9.38815150534153	427	CheckV-055088	42.85	35.61	1.348869139778287	2.1791032389917633	3	1.0
k141_96395	1558	NA	64613.56457226135	2.411258394911168	medium	7.56667930805488	240	CheckV-011671	46.5	100.0	1.43	4.84	1	1.0
k141_207152	2960	NA	367206.456043956	0.8060860454059329	medium	9.14521112255407	4	CheckV-062241	32.7	93.04	NA	NA	0	1.0
k141_33579	1465	NA	103206.46039434751	1.4194847826408319	medium	6.12369555934197	4	CheckV-000545	56.4	66.53	0.87	3.9000000000000004	1	1.0
k141_159191	2233	NA	106233.0	2.1019833761637154	medium	5.30687183073964	1	CheckV-000545	56.16	87.76	1.33	5.94	1	1.0
k141_173920	4668	NA	NA	NA	NA	NA	0	NA	NA	NA	NA	NA	0	1.0
k141_111150	4027	NA	149484.58560037558	2.6939232455482567	high	2.66137504377262	85	CheckV-000545	78.86	72.14	NA	NA	0	1.0
k141_181409	5346	NA	68569.90608439369	7.7964231034826135	low	16.7746825248758	8	CheckV-002509	37.0	24.73	NA	NA	0	1.0
k141_100094	1199	NA	43276.19058180161	2.7705765777457323	low	13.9180409795102	4	CheckV-057166	34.8	66.13	NA	NA	0	1.0
k141_63123	1868	NA	35722.0	5.2292704775768435	medium	9.38815150534153	1	CheckV-044817	45.05	35.56	NA	NA	0	1.0
k141_199832	3821	NA	NA	NA	NA	NA	0	NA	NA	NA	NA	NA	0	1.0
k141_11358	1843	NA	NA	NA	NA	NA	0	NA	NA	NA	NA	NA	0	1.0
k141_177649	3182	NA	307365.8153563315	1.035248502280933	low	10.586319218241	81	CheckV-040607	37.78	67.52	NA	NA	0	1.0
k141_144304	1374	NA	37165.99648635746	3.696927648648826	high	3.30243918760665	775	CheckV-016204	66.0	89.11	2.06	4.51	1	1.0
k141_229357	7573	NA	143855.0	5.264328664280004	medium	7.37677077586998	1	CheckV-044766	50.41	65.59	4.896549295774648	8.790563380281691	2	1.0
k141_15112	6113	NA	52756.54916982725	11.587186986627572	low	10.2654867256637	11	CheckV-032581	51.4	37.53	NA	NA	0	1.0
k141_44662	2352	NA	63628.389857733004	3.6964631750997428	medium	9.82267274135623	160	CheckV-015630	44.7	46.94	2.09	7.88	1	1.0
k141_229363	2720	NA	NA	NA	NA	NA	0	NA	NA	NA	NA	NA	0	1.0
k141_29963	3334	NA	NA	NA	NA	NA	0	NA	NA	NA	NA	NA	0	1.0
k141_129626	14476	NA	143855.0	10.06291056967085	medium	6.43765355791306	1	CheckV-044766	52.97	56.45	9.36656103286385	16.814765258215964	2	1.0
k141_96426	4441	NA	73836.6983792782	6.014624295885823	medium	5.78034682080925	20	CheckV-060033	37.44	80.81	4.33	11.58	1	1.0
k141_22477	2889	NA	NA	NA	NA	NA	0	NA	NA	NA	NA	NA	0	1.0
k141_85408	1919	NA	NA	NA	NA	NA	0	NA	NA	NA	2.7804724409448816	5.727322834645669	2	1.0
k141_70542	3163	NA	NA	NA	NA	NA	0	NA	NA	NA	NA	NA	0	1.01
k141_222056	1799	NA	58790.33104284188	3.0600269943862486	medium	7.80727581216628	87	CheckV-000211	58.1	44.66	NA	NA	0	1.0
k141_4022	9469	NA	54948.26385088977	17.232573581752337	low	22.0478038089032	58	CheckV-015909	27.42	25.19	8.41	29.630000000000003	1	1.0
k141_103756	3434	NA	NA	NA	NA	NA	0	NA	NA	NA	NA	NA	0	1.0
k141_199849	31213	NA	74759.20583511548	41.751379848578864	medium	8.49620178479239	20	CheckV-056690	37.15	31.19	28.15216799298179	64.30673030109004	4	1.0
k141_233182	9813	NA	143855.0	6.8214521566855515	medium	8.13503653657515	1	CheckV-044766	47.3	74.06	0.46	23.79	1	1.0
k141_48348	1273	NA	36886.57364341085	3.4511202160068333	medium	8.79104251777879	3	CheckV-054009	54.0	25.8	1.63	4.61	1	1.0
k141_173993	8300	NA	42700.0	19.437939110070257	medium	8.69377272611692	1	CheckV-019949	42.93	64.1	10.026692180965206	27.084805883059875	4	1.0
k141_207227	2392	NA	60241.87177723328	3.970660156187227	medium	8.20276497695852	98	CheckV-033609	48.28	65.17	1.42	7.219999999999999	1	1.0
k141_188734	1137	NA	NA	NA	NA	NA	0	NA	NA	NA	NA	NA	0	1.0
k141_48356	4342	NA	61022.38759774345	7.115421357522502	low	14.0086581853272	7	CheckV-061321	32.0	42.42	3.06	7.35	1	1.0
k141_177718	1014	NA	47900.65445236615	2.1168813069315204	medium	7.28226900171001	9	CheckV-032920	54.8	43.62	0.9	3.4	1	1.0
k141_92649	2231	NA	344763.9685726345	0.647109385947904	high	4.45453017313834	5	CheckV-062241	58.8	100.0	NA	NA	0	1.0
k141_118594	8387	NA	170695.0	4.913442104338147	low	11.8293142109682	1	CheckV-001623	30.1	41.29	NA	NA	0	1.0
k141_89102	5320	NA	36769.38544045487	14.468558384298595	medium	5.55225339008813	605	CheckV-016204	69.4	22.71	8.680418687783014	16.64598973664451	3	1.0
k141_85434	2550	NA	155262.8080811377	1.642376581690712	low	12.3257720688713	99	CheckV-044818	34.06	63.12	NA	NA	0	1.0
k141_78013	14300	NA	175404.95131174763	8.152563478430308	low	23.7881428775411	37	CheckV-062143	50.4	3.2	4.86	11.189999999999998	1	1.0
k141_159262	4642	NA	106233.00000000001	4.369640318921615	low	17.2676003861331	1	CheckV-000545	55.3	6.83	NA	NA	0	1.0
k141_126024	3716	NA	191365.63545204594	1.9418324461557714	low	25.4390035413359	2	CheckV-008512	41.5	13.18	1.04	9.26	1	1.0
k141_96458	3009	NA	35270.0	8.53132974199036	high	3.87940589669696	1	CheckV-060045	67.12	65.03	NA	NA	0	1.0
k141_222088	2986	NA	101738.528685437	2.934974624247166	medium	6.68662674650699	12	CheckV-025767	68.6	25.16	0.33	8.97	1	1.0
k141_222092	2700	NA	113079.47371659454	2.38770124343422	low	21.1660950514454	4	CheckV-060313	30.6	44.04	NA	NA	0	1.0
k141_48367	1198	NA	89674.40764940238	1.33594414661069	medium	9.60051358370539	7	CheckV-022107	50.7	38.65	NA	NA	0	1.0
k141_96467	5277	NA	82496.16459301166	6.396661015737719	low	16.354663036079	110	CheckV-061337	41.81	22.35	2.083864164676389	10.367116084715052	3	1.0
k141_4093	4050	NA	45952.79889977586	8.813391342784465	medium	6.78473434771764	49	CheckV-021676	33.3	64.43	NA	NA	0	1.0
k141_4096	1517	NA	103338.35848914545	1.467993126830386	high	3.64336673972188	4	CheckV-000545	67.2	100.0	NA	NA	0	1.0
k141_52060	2738	NA	118837.56368628389	2.3039853015061578	low	14.855914629916	2	CheckV-044766	48.8	15.09	NA	NA	0	1.0
k141_129675	3008	NA	348944.4048334076	0.862028437291056	high	3.52719593630501	18	CheckV-061425	58.32	82.02	0.8478642366543796	1.9055586199581003	3	1.0
k141_89126	5114	NA	NA	NA	NA	NA	0	NA	NA	NA	NA	NA	0	1.0
k141_44720	1175	NA	75894.8144597631	1.5481953653407319	low	13.92	305	CheckV-041778	36.8	100.0	NA	NA	0	1.0
k141_114943	2828	NA	89130.46952677729	3.1728768119530546	low	21.9134402169615	2	CheckV-007736	27.1	87.27	NA	NA	0	1.0
k141_111213	6674	NA	367289.9460444174	1.8170930274233248	high	3.52240950255266	38	CheckV-062241	61.08	89.02	2.089775733316677	3.4623009740651702	4	1.0
k141_199869	2398	NA	72924.6103630876	3.288327476911417	low	15.1381313075547	4	CheckV-000545	36.0	38.88	NA	NA	0	1.0
k141_103811	2509	NA	154662.24456521738	1.622244657739992	low	25.0908173089957	2	CheckV-000545	26.0	53.53	1.876	5.13	2	1.0
k141_199890	2853	NA	41271.86609658925	6.912699303014493	low	10.8819485366333	2	CheckV-043375	38.24	51.49	NA	NA	0	1.0
k141_151890	3504	NA	36149.433296292314	9.693098011468383	high	4.88617161428684	3	CheckV-060046	55.49	80.52	NA	NA	0	1.0
k141_107605	1541	NA	52953.44239116309	2.910103537021728	medium	5.80669068180352	4	CheckV-042284	56.2	63.57	2.348135593220339	4.419491525423728	2	1.0
k141_159277	3380	NA	79182.97441540041	4.268594385288233	low	16.0809671071127	35	CheckV-008811	51.3	12.44	NA	NA	0	1.0
k141_15208	2817	NA	181780.0	1.5496754318406865	low	NA	1	CheckV-000334	22.3	100.0	NA	NA	0	1.0
k141_162939	1494	NA	32189.000000000004	4.641337102736959	high	4.7385831317676	1	CheckV-044737	60.2	100.0	1.22	8.52	1	1.0
k141_133322	1227	NA	36559.364350889875	3.356185266853892	low	15.5702184012636	4	CheckV-017996	36.8	38.77	1.42	4.78	1	1.0
k141_114968	2564	NA	106233.0	2.413562640610733	medium	9.43309616708745	1	CheckV-000545	48.92	82.76	NA	NA	0	1.0
k141_188787	8751	NA	58994.74254846112	14.833525195590958	low	22.555739773824	153	CheckV-007629	28.6	22.4	7.7700000000000005	27.38	1	1.0
k141_133331	3430	NA	180536.39207588372	1.8998939552078176	medium	5.50798426290211	97	CheckV-014992	57.07	75.13	1.525592164502669	3.9340223354199364	4	1.0
k141_18889	1052	NA	54548.618939901586	1.928554783685781	medium	6.5590302496389	107	CheckV-018112	65.3	33.14	1.501255411255411	2.6975757575757573	2	1.0
k141_181537	3294	NA	NA	NA	NA	NA	0	NA	NA	NA	NA	NA	0	1.0
k141_33714	11298	NA	186263.00829291545	6.065616626481664	medium	8.12710242975227	163	CheckV-023449	39.68	46.96	NA	NA	0	1.0
k141_151929	2423	NA	53327.12239259275	4.5436541318729775	low	15.760181986278	11	CheckV-000711	32.7	36.92	NA	NA	0	1.0
k141_103856	4192	NA	52643.00000000001	7.963072013373097	low	17.2676003861331	1	CheckV-044735	55.8	3.51	5.38	15.18	1	1.0
k141_446	4679	NA	185162.0	2.526976377442456	low	23.3177068073054	3	CheckV-040127	30.0	21.05	NA	NA	0	1.0
k141_140818	5027	NA	175102.59392541848	2.8708883673882934	high	4.56709794829606	12	CheckV-049748	57.11	73.23	2.871702127659575	3.3147517730496454	2	1.0
k141_144428	2539	NA	58318.15250103856	4.353704448978873	low	14.8448260270765	42	CheckV-012978	37.7	27.6	2.25	7.94	1	1.0
k141_229485	4961	NA	NA	NA	NA	NA	0	NA	NA	NA	NA	NA	0	1.0
k141_122336	5620	NA	NA	NA	NA	NA	0	NA	NA	NA	NA	NA	0	1.0
k141_166769	2683	NA	148180.0392798691	1.810635233354603	low	15.1659419618674	2	CheckV-000545	53.3	9.1	NA	NA	0	1.0
k141_22615	1278	NA	57640.55714391249	2.2171888394645256	medium	9.40391650527222	108	CheckV-000338	44.0	64.55	NA	NA	0	1.0
k141_92737	11194	NA	NA	NA	NA	NA	0	NA	NA	NA	NA	NA	0	1.0
k141_159335	3873	NA	197273.0	1.9632691752039053	low	24.9335613192971	1	CheckV-016918	25.4	15.82	NA	NA	0	1.0
k141_74386	1881	NA	75369.16116887442	2.4957157155900602	medium	7.44985673352436	12	CheckV-042284	60.9	40.51	2.79	5.460000000000001	1	1.0
k141_37356	1952	NA	57725.45244392539	3.381523950628497	medium	5.43936183472517	3	CheckV-019949	52.9	81.04	2.92	6.4	1	1.0
k141_159341	3434	NA	NA	NA	NA	NA	0	NA	NA	NA	NA	NA	0	1.0
k141_63306	5019	NA	NA	NA	NA	NA	0	NA	NA	NA	NA	NA	0	1.0
k141_129777	5546	NA	179970.5837271493	3.0816147201079302	medium	6.05636618029182	111	CheckV-014992	56.83	61.9	2.3474751052880087	4.852757249932208	6	1.0
k141_15235	18644	NA	157035.32595188616	11.87248785391913	medium	8.40707262595249	27	CheckV-016031	36.46	33.53	11.07643668099479	38.67082630326736	5	1.0
k141_174111	3445	NA	NA	NA	NA	NA	0	NA	NA	NA	NA	NA	0	1.0
k141_118695	1026	NA	NA	NA	NA	NA	0	NA	NA	NA	1.52	2.98	1	1.0
k141_137174	2528	NA	52790.86758384659	4.788707054273795	medium	9.89099717400081	14	CheckV-018494	44.8	42.19	NA	NA	0	1.0
k141_33740	5759	NA	NA	NA	NA	NA	0	NA	NA	NA	NA	NA	0	1.0
k141_85544	2965	NA	348661.81479815935	0.8503942428328268	high	4.43371421418892	16	CheckV-061735	64.92	60.56	1.3895136427428476	3.9437265323260946	3	1.0
k141_233286	2846	NA	284724.6661738154	0.9995621518307821	low	14.7561633975166	34	CheckV-012033	32.08	81.31	NA	NA	0	1.0
k141_52126	5084	NA	143855.0	3.5341142122275904	low	16.0458909824481	1	CheckV-044766	34.21	30.66	6.33	13.11	1	1.0
k141_59552	3942	NA	161328.18137173756	2.4434664585455885	medium	8.79473845212603	2	CheckV-020772	37.28	54.46	1.9510160880609655	7.806409822184589	2	1.02
k141_92754	4183	NA	349070.3961163735	1.1983256232950408	high	4.01766558873086	6	CheckV-062241	58.46	58.34	NA	NA	0	1.0
k141_67005	4472	NA	NA	NA	NA	NA	0	NA	NA	NA	NA	NA	0	1.03
k141_111302	1675	NA	137629.49853807883	1.21703560486095	low	10.7660094224394	127	CheckV-014784	38.77	87.84	0.67	2.09	1	1.0
k141_44781	4617	NA	61787.31601658505	7.472407441619081	low	16.0458909824481	9	CheckV-000288	33.0	28.63	NA	NA	0	1.0
k141_81707	2587	NA	201440.8477043334	1.2842479712938324	low	15.5486016037551	49	CheckV-009245	46.8	25.79	NA	NA	0	1.0
k141_185305	3085	NA	35693.0	8.64315131818564	high	3.62493958434026	1	CheckV-018112	50.96	55.52	1.6212322274881514	5.14909952606635	2	1.0
k141_4171	1779	NA	202955.41128496348	0.8765472123835912	medium	8.20276497695852	2	CheckV-014992	49.33	64.62	0.79	1.13	1	1.0
k141_233308	1859	NA	45199.18093797012	4.1129063877312975	medium	9.89099717400081	27	CheckV-040654	44.6	40.52	2.378141097424412	7.0013437849944005	2	1.0
k141_144487	4857	NA	143855.0	3.376316429738278	medium	6.23139655881712	1	CheckV-044766	55.05	56.81	NA	NA	0	1.0
k141_37424	4685	NA	106233.0	4.410117383487241	high	2.93727915194346	1	CheckV-000545	61.84	100.0	NA	NA	0	1.0
k141_37426	2790	NA	60842.593900481545	4.585603310344594	low	28.6070582969958	8	CheckV-001700	25.5	40.39	4.14	8.11	1	1.0
k141_122381	13680	NA	143855.0	9.509575614333878	medium	6.89081578481685	1	CheckV-044766	44.99	49.29	15.314829612220919	43.687696827262045	2	1.0
k141_159405	2891	NA	63301.0	4.567068450735375	low	10.9970674486804	1	CheckV-060036	40.1	46.27	1.87	7.84	1	1.0
k141_199978	6041	NA	60065.661169038096	10.057327069120717	low	25.4390035413359	3	CheckV-041441	38.0	17.36	NA	NA	0	1.0
k141_148308	1203	NA	106233.0	1.1324164807545678	medium	6.26294622599734	1	CheckV-000545	58.42	56.22	1.4	4.68	1	1.0
k141_196308	1500	NA	86395.72690713203	1.7361969783671949	low	10.9098357507713	4	CheckV-034826	39.51	74.39	1.2	3.62	1	1.0
k141_81725	2013	NA	75233.36504822626	2.675674547735067	low	11.7390330599321	6	CheckV-044637	40.0	38.59	2.3165030674846627	6.682776073619631	2	1.0
k141_92793	8529	NA	NA	NA	NA	NA	0	NA	NA	NA	3.6902191235059765	7.42085657370518	2	1.0
k141_163050	6052	NA	NA	NA	NA	NA	0	NA	NA	NA	NA	NA	0	1.0
k141_159410	3832	NA	143855.0	2.66379340307949	low	14.0086581853272	1	CheckV-044766	29.2	42.0	NA	NA	0	1.0
k141_166837	2495	NA	32189.0	7.751095094597534	low	10.5427046263345	1	CheckV-044737	43.74	71.61	4.063460264900662	8.111804635761589	2	1.0
k141_30131	3687	NA	161601.81031409916	2.281533847197455	medium	6.64055213579556	11	CheckV-061284	43.0	64.94	NA	NA	0	1.0
k141_118767	3164	NA	NA	NA	NA	NA	0	NA	NA	NA	2.92	8.63	1	1.0
k141_11591	3135	NA	191872.658648901	1.6338961590856949	low	16.0955816050496	74	CheckV-018576	46.4	21.9	1.1	2.35	1	1.0
k141_185350	7373	NA	26107.774380897466	28.240630137338233	low	13.9757982883961	2	CheckV-054117	38.34	31.78	NA	NA	0	1.0
k141_144545	3632	NA	NA	NA	NA	NA	0	NA	NA	NA	NA	NA	0	1.0
k141_229574	6157	NA	46878.58542067503	13.133928732594725	low	25.4390035413359	28	CheckV-026443	38.5	15.43	5.47	19.26	1	1.0
k141_218569	3130	NA	143855.0	2.1758020228702515	low	12.9831144465291	1	CheckV-044766	35.49	59.39	3.650848765432099	9.02567901234568	2	1.0
k141_222213	3402	NA	NA	NA	NA	NA	0	NA	NA	NA	NA	NA	0	1.0
k141_7684	2685	NA	45823.674503948	5.8594166204822145	medium	5.52296238786106	80	CheckV-005345	52.57	69.87	1.59	8.1	1	1.0
k141_214827	12442	NA	73457.5114390859	16.937682418383364	low	20.6566983698812	23	CheckV-000545	35.8	12.72	NA	NA	0	1.0
k141_74449	2358	NA	NA	NA	NA	NA	0	NA	NA	NA	3.02	8.54	1	1.0
k141_52149	5032	NA	143855.0	3.4979667025824615	high	3.74339358191958	1	CheckV-044766	59.27	82.25	4.72	15.330000000000002	1	1.0
k141_192689	3332	NA	51168.0	6.511882426516573	low	21.9381688466112	1	CheckV-000251	27.7	27.23	NA	NA	0	1.0
k141_19039	1272	NA	338123.7825279632	0.3761935911428544	medium	9.83914388195859	5	CheckV-061735	46.7	53.87	NA	NA	0	1.0
k141_163087	1157	NA	58498.00000000001	1.9778453964238092	medium	7.29637658717869	1	CheckV-042284	51.4	100.0	0.86	3.39	1	1.0
k141_122424	2640	NA	75519.49573913765	3.4957860538677186	medium	5.70841889117043	386	CheckV-015072	60.1	55.14	NA	NA	0	1.0
k141_67045	6454	NA	210281.66825628016	3.0692166623550876	low	15.8221246969266	30	CheckV-009900	54.7	14.66	NA	NA	0	1.0
k141_85640	6522	NA	343322.66017597564	1.899670705294268	medium	5.64074565166524	8	CheckV-061425	46.09	75.69	1.4792633270827753	2.019708009643718	3	1.0
k141_222219	8986	NA	45487.4352424341	19.754905837419436	low	22.555739773824	22	CheckV-012808	30.9	20.12	NA	NA	0	1.0
k141_89225	2610	NA	102524.77307593137	2.5457261905539603	low	10.4444444060709	20	CheckV-000337	37.15	90.07	NA	NA	0	1.0
k141_33795	1492	NA	41777.1167919663	3.5713330994802166	low	13.8001033911972	14	CheckV-040120	38.4	34.54	1.33	5.0	1	1.0
k141_115099	5477	NA	NA	NA	NA	NA	0	NA	NA	NA	2.0307900943396224	9.273349056603776	2	1.0
k141_166873	1704	NA	NA	NA	NA	NA	0	NA	NA	NA	NA	NA	0	1.0
k141_67048	17807	NA	222429.48957137554	8.005683074809152	medium	7.63126410322424	22	CheckV-000715	39.35	42.23	15.23076723016905	39.75288686605982	2	1.0
k141_59635	4825	NA	129125.35592173017	3.736678954770659	low	16.7746825248758	2	CheckV-040127	35.3	26.71	NA	NA	0	1.0
k141_118820	1129	NA	42031.010578896865	2.6861119550783625	low	11.4280975286117	161	CheckV-060046	40.3	100.0	1.69	3.7	1	1.0
k141_192700	2605	NA	NA	NA	NA	NA	0	NA	NA	NA	NA	NA	0	1.0
k141_19092	1605	NA	44727.72451674474	3.5883783879931905	low	11.5402298850575	61	CheckV-004957	32.7	77.99	1.43	5.38	1	1.0
k141_233359	1245	NA	NA	NA	NA	NA	0	NA	NA	NA	NA	NA	0	1.0
k141_203649	4589	NA	67364.0541944738	6.812238448048244	low	10.0351978014638	440	CheckV-054615	39.13	47.33	NA	NA	0	1.0
k141_7689	25538	NA	106233.0	24.039611043649337	medium	7.91799598251211	1	CheckV-000545	54.35	68.08	20.66119448372903	49.95733690878576	5	1.0
k141_70730	2969	NA	64125.278047791064	4.629999417370595	medium	6.3231850117096	5	CheckV-002599	52.69	59.63	1.92	9.48	1	1.0
k141_192717	1109	NA	38059.0	2.91389684437321	low	13.1305637982196	1	CheckV-054009	41.4	30.9	NA	NA	0	1.0
k141_185382	7310	NA	38904.0	18.789841661525806	high	3.29113924050633	1	CheckV-012012	60.78	82.87	11.469014149836786	19.265182662647792	11	1.0
k141_192721	1346	NA	74694.71545227636	1.8020016434227946	medium	7.69344577600237	17	CheckV-060044	54.4	40.99	0.51	1.96	1	1.0
k141_207395	2849	NA	NA	NA	NA	NA	0	NA	NA	NA	NA	NA	0	1.0
k141_41124	1113	NA	59924.69791154553	1.8573310150731044	high	4.7385831317676	350	CheckV-011671	60.7	100.0	1.02	3.46	1	1.0
k141_44933	2618	NA	NA	NA	NA	NA	0	NA	NA	NA	NA	NA	0	1.0
k141_115139	2739	NA	75783.3240847637	3.614251595689345	low	10.3754165273183	28	CheckV-002958	41.55	78.55	NA	NA	0	1.0
k141_225955	1276	NA	38059.0	3.3526892456449198	low	18.3455780942327	1	CheckV-054009	28.9	66.75	1.64	4.62	1	1.0
k141_174236	1806	NA	53575.10745251502	3.370968507344019	high	4.66262623586707	31	CheckV-054009	63.78	51.63	2.1	7.03	1	1.0
k141_181666	1295	NA	87142.18998442277	1.4860769510514822	low	15.5702184012636	3	CheckV-016032	33.5	42.49	0.79	2.16	1	1.0
k141_185390	2504	NA	48479.0	5.165123042967058	low	28.6070582969958	1	CheckV-011033	26.6	41.06	NA	NA	0	1.0
k141_115140	5983	NA	44885.623299496205	13.329435039987855	low	14.0086581853272	40	CheckV-023831	31.6	38.96	NA	NA	0	1.0
k141_129933	4413	NA	77069.36173936458	5.726010830249265	medium	9.77042178323545	25	CheckV-060044	44.88	43.29	4.712625418060201	12.248227424749164	2	1.0
k141_92888	1004	NA	53651.89252550727	1.8713226183450598	medium	6.28980688067528	39	CheckV-044766	48.9	81.48	0.7	3.42	1	1.0
k141_92904	8224	NA	83640.43318463808	9.832565048826732	low	10.1448366309843	51	CheckV-002884	38.8	36.77	2.89	16.52	1	1.0
k141_26480	2518	NA	51928.555655159274	4.848969836020903	low	18.8068221050936	17	CheckV-019787	38.3	24.13	NA	NA	0	1.0
k141_214860	2842	NA	48853.748551379016	5.817363220370073	low	11.7390330599321	274	CheckV-013816	39.9	40.36	3.981762037577566	7.571370867656914	3	1.0
k141_177910	2908	NA	372791.21282910235	0.7800613050751029	medium	9.53752329324072	31	CheckV-062241	49.94	92.0	0.66	0.87	1	1.0
k141_63434	3494	NA	NA	NA	NA	NA	0	NA	NA	NA	NA	NA	0	1.0
k141_107809	2558	NA	NA	NA	NA	NA	0	NA	NA	NA	2.04	8.01	1	1.0
k141_111479	1074	NA	158981.55863439728	0.6755500507262162	low	19.0715755774068	12	CheckV-012505	28.7	100.0	0.47	0.68	1	1.0
k141_214877	1499	NA	48509.63628944358	3.090107687173496	medium	7.29637658717869	8	CheckV-021809	50.91	100.0	1.696145251396648	4.473966480446927	2	1.0
k141_11680	4883	NA	157041.08269077368	3.1093774420894777	low	14.8948266060262	21	CheckV-013262	48.2	21.51	NA	NA	0	1.0
k141_118885	2660	NA	106233.0	2.503930040571197	medium	7.56667930805488	1	CheckV-000545	46.65	100.0	NA	NA	0	1.0
k141_155820	2974	NA	NA	NA	NA	NA	0	NA	NA	NA	NA	NA	0	1.0
k141_15410	1297	NA	31498.070028011207	4.117712605396391	medium	7.92314988883452	2	CheckV-044737	53.5	34.03	2.51	4.17	1	1.0
k141_70759	3943	NA	320053.0939147101	1.231983091233843	medium	8.72970391595033	3	CheckV-062241	50.44	56.86	1.5200000000000002	6.03	1	1.0
k141_41167	2606	NA	53167.53915876222	4.9014869622201065	high	4.04716205100082	201	CheckV-008973	75.0	44.7	NA	NA	0	1.0
k141_74508	5391	NA	NA	NA	NA	NA	0	NA	NA	NA	NA	NA	0	1.0
k141_104084	1194	NA	NA	NA	NA	NA	0	NA	NA	NA	NA	NA	0	1.0
k141_89252	5730	NA	74276.18817018053	7.7144508100920675	low	16.354663036079	20	CheckV-044784	40.07	22.1	6.0850506912442395	17.03747465437788	2	1.0
k141_200092	1584	NA	207166.0	0.7646042304239112	low	10.2803738317757	1	CheckV-041987	55.9	23.74	0.6808867984053689	1.6634029311383256	3	1.05
k141_30189	9588	NA	345981.0945307269	2.7712496872133228	low	20.3878139483986	12	CheckV-062241	50.15	10.16	2.0199355216881596	16.202432590855803	2	1.0
k141_52268	1736	NA	175871.00408019504	0.9870871034593088	low	16.4303586321935	35	CheckV-060753	27.4	100.0	0.77	1.06	1	1.0
k141_44994	1850	NA	69123.84764861794	2.6763556470470706	high	4.93937043075139	7	CheckV-060044	48.09	51.06	0.7	2.7	1	1.0
k141_126248	4633	NA	143855.0	3.2206040804977234	low	16.0736975857687	1	CheckV-044766	46.6	18.6	3.087584905660377	10.952716981132074	2	1.0
k141_203733	3069	NA	143036.58412774	2.1456049294767863	low	18.4248232254532	68	CheckV-002885	28.16	64.05	NA	NA	0	1.0
k141_137298	1202	NA	113795.51712315652	1.0562806254477684	low	15.1180229826029	3	CheckV-062282	36.1	93.73	NA	NA	0	1.0
k141_211168	3646	NA	46574.3705478581	7.828339829635497	high	3.29113924050633	86	CheckV-061590	61.66	83.71	5.457007057552521	14.33403651490776	3	1.0
k141_100331	6887	NA	45039.579505582435	15.290995332552761	medium	5.33054029793532	56	CheckV-033403	51.15	86.62	10.656997954505181	17.6787752737291	5	1.0
k141_155839	3293	NA	80025.0	4.11496407372696	low	28.6070582969958	1	CheckV-001119	25.8	38.08	NA	NA	0	1.0
k141_30196	2852	NA	143855.0	1.9825518751520628	high	3.8458045310056	1	CheckV-044766	65.3	85.98	NA	NA	0	1.0
k141_177981	3192	NA	192435.04654725973	1.658741511627968	low	21.9381688466112	8	CheckV-061352	28.2	24.14	NA	NA	0	1.0
k141_15464	2667	NA	88024.32328205806	3.0298443663736894	low	11.1946870712599	4	CheckV-030959	29.1	92.69	NA	NA	0	1.0
k141_192796	1816	NA	62657.0	2.8983194216129085	low	13.2625055334219	1	CheckV-018104	71.4	11.3	1.660901554404145	4.759575129533679	2	1.0
k141_70792	1251	NA	109998.55822964484	1.1372876337054143	low	10.4094095052806	25	CheckV-023932	45.8	33.17	NA	NA	0	1.0
k141_22849	1087	NA	42372.80396448317	2.5653246854069933	medium	5.99083426346975	495	CheckV-010189	56.5	100.0	NA	NA	0	1.0
k141_7739	8675	NA	NA	NA	NA	NA	0	NA	NA	NA	NA	NA	0	1.0
k141_81868	1504	NA	37106.43443141843	4.053205388892193	high	4.45453017313834	3	CheckV-018399	61.15	100.0	2.83	4.44	1	1.0
k141_141041	1520	778	179146.57908276725	0.434281248340532	medium	5.02001011001649	174	CheckV-014992	70.98	41.22	0.35	0.4947348484848485	2	1.0
k141_159581	3440	NA	37741.94048684025	9.114528706332546	low	19.2245446878348	2	CheckV-060045	36.6	21.27	NA	NA	0	1.0
k141_33886	5600	NA	46149.98992313294	12.13434717824926	low	23.0547056367741	20	CheckV-061321	29.5	24.06	NA	NA	0	1.0
k141_74533	1872	NA	62343.015135811635	3.002742161125712	low	10.5427046263345	451	CheckV-000211	46.9	71.09	1.71	5.82	1	1.0
k141_214921	1741	NA	62826.78628423551	2.7711110228104276	low	15.1381313075547	4	CheckV-044786	34.6	40.62	2.23	6.31	1	1.0
k141_211187	3213	2026	43151.9234032594	4.69503985040669	low	10.7660094224394	87	CheckV-020505	41.62	87.95	1.584696282864914	5.839510426110608	2	1.0
k141_185439	6452	NA	127966.2669350979	5.041953754322093	low	22.1130987526063	50	CheckV-031173	45.5	15.09	NA	NA	0	1.0
k141_52283	26159	NA	85954.31892320781	30.433607441378985	medium	7.60123977440171	22	CheckV-041981	45.52	45.3	18.51814304305717	36.893561124250766	6	1.0
k141_4310	3829	NA	62011.251371017664	6.174685908353671	low	18.1585854626757	14	CheckV-031586	29.6	35.55	NA	NA	0	1.03
k141_728	2657	NA	59898.67048811817	4.435824665802986	medium	7.59381898454746	6	CheckV-044789	61.3	30.05	NA	NA	0	1.0
k141_22879	5358	NA	331950.0	1.614098508811568	low	23.0547056367741	1	CheckV-003751	28.2	22.9	NA	NA	0	1.0
k141_96753	2840	NA	41951.74321558648	6.769682931661454	medium	8.20276497695852	48	CheckV-013036	50.81	66.14	6.0751194700733375	7.5371043293115685	4	1.0
k141_81895	4380	NA	NA	NA	NA	NA	0	NA	NA	NA	1.8599999999999999	2.44	1	1.0
k141_37649	3072	NA	111937.28071856973	2.7443939858817505	high	4.93937043075139	552	CheckV-044766	48.9	47.6	NA	NA	0	1.0
k141_96762	7979	NA	143855.0	5.546557297278509	medium	5.65610859728507	1	CheckV-044766	53.68	66.26	3.43	5.16	1	1.0
k141_192836	1199	NA	46522.79927064708	2.5772309895301	medium	7.75308368376917	267	CheckV-018112	62.2	37.04	0.65	3.54	1	1.0
k141_207460	3414	NA	NA	NA	NA	NA	0	NA	NA	NA	NA	NA	0	1.0
k141_137374	2559	NA	106233.0	2.4088560051961254	medium	9.43309616708745	1	CheckV-000545	50.27	85.56	NA	NA	0	1.0
k141_89273	5554	NA	46529.68500068395	11.936465935495502	low	25.4390035413359	106	CheckV-010878	41.2	14.54	NA	NA	0	1.03
k141_85809	3889	NA	58632.29122738928	6.632863766004946	low	10.6438896189225	172	CheckV-044789	49.6	31.64	2.125549936788875	7.86882427307206	2	1.0
k141_7764	8281	NA	92175.085650337	8.9839894821619	low	28.292853557284	72	CheckV-012369	26.7	20.03	4.89066400580067	21.234514160498556	3	1.0
k141_130057	1313	NA	177755.27332319136	0.7386560046591291	low	12.5268446162251	118	CheckV-059022	42.9	32.1	0.6191653027823241	1.2168412438625205	2	1.0
k141_7770	1602	NA	57606.25593630039	2.780947961227428	low	11.3595528049511	91	CheckV-037240	45.5	86.47	NA	NA	0	1.0
k141_226057	2040	NA	51950.750106413965	3.9267960439865464	low	10.7617896009674	10	CheckV-042284	59.7	21.31	2.9	5.58	1	1.0
k141_4359	1336	NA	420887.89464313124	0.3174241922858788	low	12.972234865726	4	CheckV-017266	39.3	48.44	NA	NA	0	1.0
k141_222395	2584	NA	102230.56560828944	2.5276197824249094	low	10.9970674486804	5	CheckV-000529	40.9	46.73	NA	NA	0	1.0
k141_203783	3438	NA	NA	NA	NA	NA	0	NA	NA	NA	NA	NA	0	1.0
k141_144707	4332	NA	61303.99999999999	7.066423071903955	low	26.9656238848579	1	CheckV-000211	39.7	9.46	3.02	13.19	1	1.0
k141_115245	1116	NA	82869.7756414022	1.3466912289339423	medium	8.38252894195698	338	CheckV-029151	48.9	46.57	0.59	3.03	1	1.0
k141_152159	2448	NA	187755.77126501894	1.303821439685402	high	4.66262623586707	2	CheckV-014992	63.87	51.62	1.005483870967742	1.4958986175115208	2	1.0
k141_203791	3788	NA	143855.0	2.6332070487643806	high	4.56709794829606	1	CheckV-044766	54.06	76.41	NA	NA	0	1.0
k141_63525	1181	NA	53833.91102935454	2.1937845076052986	low	19.0715755774068	25	CheckV-016938	30.5	100.0	1.86	2.93	1	1.0
k141_152165	4164	NA	118820.32911392406	3.5044508217172057	low	23.3876629889669	2	CheckV-000662	26.1	36.56	1.2	4.23	1	1.0
k141_189151	3081	NA	NA	NA	NA	NA	0	NA	NA	NA	NA	NA	0	1.0
k141_218779	1159	NA	59995.63825096454	1.9318071009626552	medium	6.28980688067528	2	CheckV-032919	48.9	82.02	1.07	3.16	1	1.0
k141_81945	4991	NA	143855.0	3.46946578151611	medium	8.10410146598583	1	CheckV-044766	45.14	58.83	2.96	11.63	1	1.0
k141_148635	2553	NA	53272.14433636503	4.792373259616006	low	10.9394929934521	151	CheckV-039944	40.77	58.16	2.27	7.990000000000001	1	1.0
k141_214976	1268	NA	56908.400530078754	2.2281420461462496	high	3.43229860600155	4	CheckV-042284	64.6	60.68	NA	NA	0	1.0
k141_174408	2963	NA	134561.12406502443	2.2019732820960827	medium	7.52853380158033	2	CheckV-044766	51.12	97.36	1.13	4.32	1	1.0
k141_144714	3873	NA	60213.645528036315	6.432096854518926	low	11.8740654837217	6	CheckV-044789	60.8	20.2	3.1900000000000004	12.15	1	1.0
k141_85852	6241	NA	36386.0	17.152201396141372	high	2.90916927055274	1	CheckV-018108	71.28	70.14	11.671758007496756	17.823225204739654	4	1.0
k141_203797	11206	NA	103257.0	10.852533000184007	medium	5.55490348808673	1	CheckV-044786	54.46	49.33	14.18691304347826	34.38855072463768	2	1.0
k141_174421	1902	NA	NA	NA	NA	NA	0	NA	NA	NA	NA	NA	0	1.0
k141_211250	2679	NA	75426.154495474	3.551818355210931	low	15.1381313075547	19	CheckV-060043	37.2	37.68	NA	NA	0	1.0
k141_152172	1235	NA	177733.9776308023	0.6948586963857875	high	3.42701722574796	4	CheckV-014992	69.7	54.25	0.49	0.72	1	1.0
k141_104142	2617	NA	NA	NA	NA	NA	0	NA	NA	NA	NA	NA	0	1.0
k141_159646	6279	NA	74625.37705688644	8.414027838296294	low	11.5125421190565	16	CheckV-060044	46.12	34.06	6.154660515106156	13.664136259589586	4	1.0
k141_59857	1879	NA	NA	NA	NA	NA	0	NA	NA	NA	NA	NA	0	1.0
k141_159647	2094	NA	168489.0	1.2428111033954738	low	24.3312955035068	1	CheckV-048058	25.3	75.47	0.9356868131868131	1.969945054945055	2	1.0
k141_59862	2053	NA	179387.5042929829	1.1444498367327514	medium	7.52853380158033	125	CheckV-049748	49.04	93.89	0.9031121042398214	1.9257749789605036	3	1.0
k141_226073	15981	NA	143855.0	11.109102916130826	high	3.8339939599849	1	CheckV-044766	61.89	54.72	NA	NA	0	1.0
k141_196511	1410	NA	64274.02315914489	2.1937322898067033	low	10.6764514907398	11	CheckV-044789	46.1	100.0	1.16	8.04	1	1.0
k141_30271	1232	NA	36580.10328488832	3.367951124700498	high	2.7027027027027	28	CheckV-018108	79.0	68.15	2.016524064171123	3.5684491978609625	2	1.0
k141_59871	5375	NA	52236.48720306226	10.289742453594586	low	19.4362889019378	27	CheckV-056600	34.1	22.25	3.148426966292135	15.728792134831462	2	1.0
k141_96798	15957	NA	143855.0	11.092419450140767	low	19.919469608367	1	CheckV-044766	36.81	11.49	7.84	21.41	1	1.0
k141_178055	1051	NA	44552.34349593497	2.3590229324208165	low	28.2796463774007	4	CheckV-011586	25.8	100.0	NA	NA	0	1.0
k141_85868	1221	NA	62380.34931824	1.9573471667671152	medium	5.99083426346975	397	CheckV-011671	55.1	100.0	1.12	3.79	1	1.0
k141_107952	1329	NA	49481.57766315104	2.6858480726852556	medium	9.40391650527222	10	CheckV-043193	42.64	66.27	1.1928532339740687	3.5986120135878723	3	1.0
k141_203804	5964	NA	159117.05892802813	3.7481839094937257	low	16.354663036079	165	CheckV-016005	38.0	18.0	NA	NA	0	1.0
k141_178070	4574	NA	100012.1380996724	4.573444870703131	low	10.4744923756553	11	CheckV-000993	31.07	49.77	NA	NA	0	1.0
k141_185533	5600	NA	169853.49196494647	3.296959005797597	high	4.82495225970719	36	CheckV-061890	40.23	94.8	2.5070604395604397	5.2675	2	1.0
k141_229735	4625	NA	49086.17606380546	9.4222047241735	medium	7.95841548664635	30	CheckV-005782	39.92	58.9	2.75	12.3	1	1.0
k141_141218	7792	NA	120314.23874012133	6.476373936779598	low	17.4785801713586	258	CheckV-016988	33.1	17.58	NA	NA	0	1.0
k141_26628	3772	NA	146144.2770892366	2.581011090633945	high	3.1056848531095	64	CheckV-000545	81.86	56.35	NA	NA	0	1.0
k141_148701	3043	NA	122748.16598863843	2.4790594429587323	low	15.7078342823483	6	CheckV-006494	36.5	16.76	NA	NA	0	1.0
k141_141231	3747	NA	46038.1970813714	8.138893869751824	medium	5.8050418842338	8	CheckV-003312	48.3	81.03	4.286656394453004	10.356825885978427	2	1.0
k141_37735	1229	NA	74403.07426984276	1.651813466124667	medium	6.12369555934197	20	CheckV-060044	53.1	67.08	0.47	1.79	1	1.0
k141_19308	6538	NA	562622.3431253016	1.1620583647073401	medium	7.95841548664635	49	CheckV-000846	40.94	61.02	NA	NA	0	1.0
k141_159687	1184	NA	NA	NA	NA	NA	0	NA	NA	NA	NA	NA	0	1.0
k141_163272	3156	NA	NA	NA	NA	NA	0	NA	NA	NA	NA	NA	0	1.0
k141_167086	5557	NA	NA	NA	NA	NA	0	NA	NA	NA	NA	NA	0	1.0
k141_189199	4338	NA	81075.50959480889	5.350567664242908	medium	5.51537070524412	66	CheckV-012180	56.2	38.04	NA	NA	0	1.0
k141_170843	1511	NA	41504.864518553695	3.640537121436804	medium	6.1524334251607	157	CheckV-032920	67.8	30.26	1.3400000000000003	5.06	1	1.0
k141_226097	3079	NA	115006.90302037059	2.677230600196783	low	10.9394929934521	2	CheckV-044766	37.8	62.45	1.99	8.35	1	1.0
k141_122675	19930	NA	56363.779849853105	35.35958740363284	low	13.6499940552004	23	CheckV-060046	38.02	14.37	21.384575214665336	51.70773319105276	4	1.0
k141_89380	2565	NA	NA	NA	NA	NA	0	NA	NA	NA	NA	NA	0	1.0
k141_178121	11988	NA	107161.31426391556	11.186872876975082	low	20.6566983698812	8	CheckV-013278	33.1	12.93	5.2	12.95	1	1.0
k141_163285	1414	NA	48894.06467242468	2.891966559690565	low	15.5702184012636	12	CheckV-020408	35.7	41.95	0.9851029270545045	3.4196611777903048	3	1.0
k141_130161	1757	NA	38059.0	4.616516461283796	low	11.9200678430089	1	CheckV-054009	29.0	100.0	2.9599999999999995	4.91	1	1.0
k141_59940	1137	NA	75490.33102712892	1.5061531517081266	medium	8.35028413344106	48	CheckV-022653	51.0	47.64	1.32	4.43	1	1.0
k141_33974	2021	NA	36918.361627457	5.4742407596358165	medium	9.53752329324072	3	CheckV-054009	51.09	89.24	1.8	6.77	1	1.0
k141_52434	3628	NA	43163.67923319688	8.405214903945748	low	19.4362889019378	7	CheckV-060046	32.7	17.9	NA	NA	0	1.0
k141_822	4413	NA	47567.63824004306	9.277315761885102	medium	6.92502645511634	4	CheckV-044789	54.49	34.0	5.890337078651685	11.499101123595505	2	1.0
k141_826	1291	NA	43975.02112192561	2.935757543857818	medium	5.66789843012799	2	CheckV-060046	58.45	61.62	1.83	3.53	1	1.0
k141_7855	1245	NA	41166.37120907262	3.0243132037968303	medium	8.68542326048555	29	CheckV-054660	51.8	34.34	2.6031365523732894	3.813817606291323	3	1.0
k141_63590	4262	NA	365242.55753470125	1.1668957825636386	high	4.16323039799627	27	CheckV-061425	61.8	93.31	1.2681651376146788	2.931946992864424	3	1.0
k141_141263	2647	NA	NA	NA	NA	NA	0	NA	NA	NA	NA	NA	0	1.0
k141_178160	3456	NA	35270.0	9.798695775446555	high	4.43371421418892	1	CheckV-060045	63.03	61.64	NA	NA	0	1.0
k141_33977	14400	NA	254714.02267182636	5.653398995842865	low	29.1891156069426	5	CheckV-003371	28.4	8.21	12.88	37.73	1	1.0
k141_211289	6152	NA	181008.99198846892	3.39872618062638	low	10.0351978014638	49	CheckV-000298	38.15	44.52	2.62	17.48	1	1.01
k141_7878	3186	NA	43418.76770152677	7.337840681940792	low	11.7390330599321	20	CheckV-057143	39.3	41.7	NA	NA	0	1.0
k141_181927	2571	NA	106233.0	2.4201519301911834	low	12.1929432782492	1	CheckV-000545	41.8	37.44	1.05	5.29	1	1.0
k141_137506	1106	NA	363981.5654296942	0.3038615427389364	high	3.43229860600155	20	CheckV-062241	65.86	60.16	0.25	0.39	1	1.0
k141_52442	2961	NA	NA	NA	NA	NA	0	NA	NA	NA	NA	NA	0	1.0
k141_141276	2700	NA	170695.0	1.5817686516886844	low	11.9200678430089	1	CheckV-001623	30.4	100.0	NA	NA	0	1.0
k141_115350	3015	NA	88975.33650490319	3.3885794855452462	low	15.7159037542474	4	CheckV-000334	29.3	75.42	NA	NA	0	1.0
k141_840	3556	NA	33923.0	10.482563452524836	low	10.738170664253	1	CheckV-021890	29.7	54.8	NA	NA	0	1.0
k141_7880	24117	NA	143855.0	16.764797886760974	medium	5.99065324568611	1	CheckV-044766	53.81	51.43	11.406545384683591	45.54958502054207	3	1.01
k141_115359	3917	NA	45176.88406130323	8.670363353711574	medium	9.04973946797384	37	CheckV-012808	35.9	47.35	NA	NA	0	1.0
k141_170903	4488	NA	88064.28169556517	5.09627730288523	low	12.4955291822468	18	CheckV-012787	33.6	39.35	NA	NA	0	1.0
k141_152306	2802	NA	55450.54357148049	5.053151546455054	low	NA	4	CheckV-012077	32.6	11.99	2.6402220393320754	8.706455476506745	4	1.0
k141_200272	1176	NA	48911.78705619722	2.404328426292898	low	19.9248772031205	27	CheckV-000108	31.6	74.55	1.85	2.92	1	1.0
k141_52492	1815	NA	44722.85206778358	4.058327937693061	low	13.0466682388701	12	CheckV-026562	73.8	13.84	2.4	6.01	1	1.0
k141_185574	2525	NA	98561.87202095443	2.5618425748479905	medium	9.51279933938893	11	CheckV-059998	34.1	100.0	2.31	7.84	1	1.0
k141_108058	2880	NA	78823.57666800068	3.6537291528020304	low	10.9970674486804	562	CheckV-060046	38.8	45.03	NA	NA	0	1.0
k141_115381	5521	NA	147500.0561764888	3.74304942188899	high	3.1056848531095	78	CheckV-000545	77.63	53.91	NA	NA	0	1.0
k141_163359	2420	NA	55844.06413917279	4.333495488381636	low	16.0955816050496	127	CheckV-008766	44.7	21.2	3.1951844466600194	7.178055832502492	2	1.0
k141_60004	4439	NA	106233.0	4.178550921088551	medium	6.05636618029182	1	CheckV-000545	53.45	61.26	2.64	11.81	1	1.0
k141_100507	1062	NA	NA	NA	NA	NA	0	NA	NA	NA	0.9797319034852547	2.4312868632707776	2	1.0
k141_185590	2755	NA	36540.32279080253	7.53961593544941	medium	8.29076313594662	4	CheckV-054009	74.3	20.21	3.065954135954136	8.785323505323506	2	1.0
k141_15630	3230	NA	182030.95816284942	1.7744234456593706	low	10.9394929934521	43	CheckV-040441	41.91	58.37	NA	NA	0	1.0
k141_7890	11095	NA	111675.94902717145	9.93499504293491	low	20.6566983698812	14	CheckV-006611	34.3	15.09	NA	NA	0	1.0
k141_11951	5142	NA	NA	NA	NA	NA	0	NA	NA	NA	NA	NA	0	1.0
k141_193021	2958	NA	185073.98922438634	1.5982797001331606	medium	9.69093101478708	23	CheckV-059078	46.8	50.31	0.7803833865814696	3.8589350372736955	2	1.0
k141_218999	2530	NA	NA	NA	NA	NA	0	NA	NA	NA	NA	NA	0	1.0
k141_122777	2692	NA	56428.0	4.770681222088325	low	16.7547169811321	1	CheckV-001700	33.3	31.57	1.1	8.17	1	1.0
k141_193034	1558	NA	NA	NA	NA	NA	0	NA	NA	NA	NA	NA	0	1.0
k141_122778	5265	NA	50653.43292343691	10.394162243570129	low	19.4362889019378	39	CheckV-000130	36.2	19.95	6.840838453770644	14.118061906315909	4	1.0
k141_34035	4469	NA	95851.00569015818	4.662444559472023	low	11.9081075052972	4	CheckV-000267	55.2	20.15	2.941636363636363	11.312363636363637	2	1.0
k141_148824	2094	NA	59215.52085800226	3.536235043885494	low	14.8448260270765	14	CheckV-018775	39.2	30.34	2.679089128305583	6.44095984329089	2	1.0
k141_60044	1481	NA	290114.0633129868	0.5104888687875283	low	13.9180409795102	5	CheckV-002688	33.2	63.26	0.802840579710145	3.435565217391304	2	1.0
k141_196664	2366	NA	50906.37553582364	4.647747900132877	medium	8.22784810126582	5	CheckV-044789	52.3	62.45	1.652920353982301	6.6530265486725675	2	1.0
k141_45276	2456	NA	73742.74139906779	3.330497284755198	low	10.513691784929	21	CheckV-059154	44.98	76.81	2.812049861495845	6.078781163434902	2	1.0
k141_211401	1068	NA	49979.990112490006	2.1368551646293876	medium	6.26294622599734	296	CheckV-044735	59.9	55.92	0.97	2.98	1	1.0
k141_203964	3261	NA	42271.0	7.714508764874264	high	3.61079437476245	1	CheckV-043375	83.07	27.93	NA	NA	0	1.0
k141_30437	10964	NA	356682.1611184033	3.0738851546770847	low	20.6566983698812	3	CheckV-004548	36.1	12.57	3.558201438848921	22.04748201438849	2	1.05
k141_137607	2623	NA	38059.0	6.891930949315537	medium	9.39265536723164	1	CheckV-054009	44.7	58.88	3.36	9.499999999999998	1	1.0
k141_74755	3046	NA	52370.529821159456	5.816248203716499	low	21.1660950514454	9	CheckV-019845	32.09	44.22	NA	NA	0	1.0
k141_41555	4320	NA	143855.0	3.003023878210698	high	3.72932048244917	1	CheckV-044766	57.81	63.72	NA	NA	0	1.0
k141_196691	1307	NA	41639.99519997957	3.1388091994800265	medium	5.75210558051383	568	CheckV-040243	51.91	86.93	NA	NA	0	1.0
k141_12024	3274	NA	36267.34338800759	9.02740508168184	low	12.1929432782492	319	CheckV-024680	40.85	35.48	4.9	10.74	1	1.0
k141_182057	3370	NA	133641.54641698522	2.5216709102459838	low	19.7445197918309	123	CheckV-001625	38.03	19.58	1.37	6.94	1	1.0
k141_193055	1249	NA	NA	NA	NA	NA	0	NA	NA	NA	0.06	7.83	1	1.0
k141_30449	6061	NA	99782.5628872354	6.074207581588735	low	10.3521671826625	41	CheckV-044818	48.7	37.32	9.07	19.88	1	1.0
k141_74773	3081	NA	170837.85395910978	1.8034644714850145	low	14.7807123818755	10	CheckV-016637	34.3	47.36	NA	NA	0	1.0
k141_41589	4756	4365	345477.8246442417	1.2634674901333798	high	3.21556557579932	11	CheckV-061425	59.81	73.15	2.584913627639155	5.172264875239923	2	1.0
k141_41591	2536	NA	NA	NA	NA	NA	0	NA	NA	NA	NA	NA	0	1.0
k141_23210	5061	NA	41646.14757919982	12.152384540191465	high	4.90281702200531	959	CheckV-028128	63.4	37.72	5.609612041577488	13.58500859850308	4	1.0
k141_152385	9941	NA	143855.0	6.910430641965869	low	11.4453806865935	1	CheckV-044766	36.5	33.8	11.358344218607758	28.85198540351929	3	1.0
k141_144902	2630	NA	NA	NA	NA	NA	0	NA	NA	NA	NA	NA	0	1.0
k141_23218	2667	NA	NA	NA	NA	NA	0	NA	NA	NA	NA	NA	0	1.0
k141_167196	1485	NA	230768.94629629626	0.6435007932537558	low	11.4280975286117	16	CheckV-051504	42.4	100.0	0.38	0.9400000000000001	1	1.0
k141_171058	1556	NA	54178.388695275426	2.871993865952107	medium	9.52100510404397	92	CheckV-000338	45.7	52.51	1.8100000000000003	6.06	1	1.0
k141_141403	1611	NA	43586.17300064496	3.6961262921068148	high	3.23415977961433	210	CheckV-018098	75.2	57.33	2.8239577039274923	4.926132930513595	2	1.0
k141_163482	2162	NA	37602.687573284835	5.749589030801118	medium	8.22784810126582	5	CheckV-017649	49.4	62.16	NA	NA	0	1.0
k141_182077	4131	NA	106233.0	3.8886221795487277	high	3.92309601747745	1	CheckV-000545	54.6	85.53	NA	NA	0	1.0
k141_37945	3250	NA	103267.86118776244	3.14715533237473	medium	8.75658521623847	3	CheckV-000545	47.91	69.49	NA	NA	0	1.0
k141_207741	61467	NA	60751.16826408143	100.0	low	11.5877136788159	7	CheckV-001700	27.08	12.9	65.19540145985403	73.0178102189781	2	1.0
k141_48942	2722	NA	NA	NA	NA	NA	0	NA	NA	NA	NA	NA	0	1.0
k141_222611	4550	NA	35099.0	12.963332288669193	medium	9.11498034181176	1	CheckV-049988	29.6	69.53	NA	NA	0	1.0
k141_122830	3028	NA	170968.00530799624	1.7710916112901385	medium	6.50440235702245	106	CheckV-002597	49.0	46.96	NA	NA	0	1.0
k141_126541	5690	NA	127597.29449904172	4.45934220027113	low	14.6911520575663	2	CheckV-027412	35.5	32.74	NA	NA	0	1.0
k141_185653	2744	NA	98802.20337641785	2.7772659983562056	low	NA	2	CheckV-021530	20.1	47.32	0.79	2.79	1	1.0
k141_78744	6101	NA	74861.52056255154	8.149714237907082	low	22.1130987526063	16	CheckV-060044	44.7	17.38	4.26	18.58	1	1.0
k141_200387	1213	NA	NA	NA	NA	NA	0	NA	NA	NA	0.84	3.43	1	1.0
k141_41616	4123	NA	41406.90338372113	9.957276838095872	medium	8.82865440464666	63	CheckV-035312	31.8	77.2	1.24	10.09	1	1.0
k141_4644	4705	NA	103028.51415622624	4.566696936797148	low	12.610489098409	4	CheckV-044637	42.18	39.1	5.592966573816156	13.55655988857939	2	1.0
k141_60108	4466	3110	201799.7999810872	1.5411313590456834	low	14.6911520575663	115	CheckV-002233	35.7	34.72	2.03116704805492	9.575903890160182	2	1.0
k141_189410	1605	NA	94457.97119592314	1.6991684022843725	low	10.4791830322074	4	CheckV-062282	35.7	87.43	NA	NA	0	1.0
k141_200399	2542	NA	NA	NA	NA	NA	0	NA	NA	NA	NA	NA	0	1.0
k141_119282	6674	NA	NA	NA	NA	NA	0	NA	NA	NA	NA	NA	0	1.0
k141_144948	1588	NA	36168.16522643854	4.39060148630152	medium	9.14521112255407	2	CheckV-060046	35.4	95.93	2.04	5.75	1	1.0
k141_189421	1683	NA	106233.0	1.584253480556889	low	10.3754165273183	1	CheckV-000545	41.9	77.54	2.54	4.42	1	1.0
k141_152455	4477	NA	55653.712111768225	8.044387032097575	low	10.6438896189225	618	CheckV-032003	52.4	27.75	1.95727340374981	7.267449038909163	4	1.0
k141_152456	2765	NA	214434.08361577665	1.28944053733283	medium	6.26853028377806	130	CheckV-062241	60.9	50.22	0.8	2.8099999999999996	1	1.0
k141_15764	3582	NA	183068.89327760832	1.9566404405844107	medium	8.38293115600352	19	CheckV-038982	53.3	27.68	NA	NA	0	1.01
k141_196750	2930	NA	180977.0	1.6189902584306293	medium	8.47685945009496	1	CheckV-044618	38.8	100.0	1.18	4.86	1	1.0
k141_26857	2509	NA	55042.78148677408	4.558272551329684	high	3.95717835977825	394	CheckV-006491	60.46	96.53	NA	NA	0	1.0
k141_193107	3019	NA	143855.0	2.0986409926662266	low	10.7660094224394	1	CheckV-044766	37.6	87.51	3.87	10.93	1	1.0
k141_48980	2414	NA	51218.33875709765	4.713155597350328	low	11.3595528049511	2	CheckV-019949	43.9	85.79	1.17	5.69	1	1.0
k141_159883	1298	NA	38059.0	3.4104942326387975	medium	7.29637658717869	1	CheckV-054009	49.6	100.0	1.66	4.7	1	1.0
k141_148951	2876	NA	106233.00000000001	2.7072566904822417	low	12.9831144465291	1	CheckV-000545	36.09	58.63	NA	NA	0	1.0
k141_126610	2917	NA	NA	NA	NA	NA	0	NA	NA	NA	NA	NA	0	1.0
k141_126612	1988	NA	349218.63085584866	0.5692708877323935	high	3.96835057821059	28	CheckV-062241	59.53	85.87	0.8800000000000001	5.51	1	1.0
k141_12079	2624	NA	NA	NA	NA	NA	0	NA	NA	NA	0.69	1.98	1	1.0
k141_219083	1226	NA	106233.0	1.1540670036617624	medium	7.04111901661928	1	CheckV-000545	51.68	58.55	1.8300000000000003	4.02	1	1.0
k141_71113	6331	NA	72789.21235226611	8.697717416367812	low	25.4390035413359	11	CheckV-060044	38.94	15.67	NA	NA	0	1.0
k141_126617	1991	NA	364637.7634337189	0.5460213394386698	high	3.96835057821059	24	CheckV-062241	60.56	86.53	0.8800000000000001	5.52	1	1.0
k141_145017	3075	NA	36603.0	8.40095074174248	low	13.5571486856677	1	CheckV-060046	34.93	53.47	NA	NA	0	1.0
k141_12090	1611	NA	35722.0	4.509825877610436	low	11.2581598019399	1	CheckV-044817	54.1	21.0	1.8699999999999999	6.27	1	1.0
k141_189463	2623	NA	NA	NA	NA	NA	0	NA	NA	NA	NA	NA	0	1.0
k141_156202	1430	NA	98543.85182620738	1.4511306119045944	medium	7.16053999452028	2	CheckV-027309	62.3	25.0	NA	NA	0	1.0
k141_148974	1537	NA	96793.87585448852	1.587910378039404	medium	7.56667930805488	4	CheckV-044637	47.47	100.0	2.3	5.04	1	1.0
k141_189481	1351	NA	62332.601382249784	2.167405129965776	medium	5.99083426346975	360	CheckV-011671	55.7	100.0	1.24	4.2	1	1.0
k141_26930	9221	NA	152367.01693620248	6.051834698490501	high	2.99964695354049	52	CheckV-000545	78.02	46.58	NA	NA	0	1.0
k141_193136	1927	NA	374414.814470043	0.5146698061954436	medium	7.56667930805488	26	CheckV-062204	44.84	100.0	0.5711926605504586	0.7920183486238531	2	1.0
k141_182137	12485	NA	74689.77691645536	16.7158083949898	low	15.7472323702244	20	CheckV-044765	39.72	17.99	14.274570637119112	30.91664819944598	2	1.0
k141_67434	3923	NA	143855.0	2.727051544958465	low	15.1657311952622	1	CheckV-044766	38.2	22.78	4.89	10.12	1	1.0
k141_15840	2592	NA	39219.2992994428	6.608991099534574	high	2.94652600945798	6	CheckV-044789	70.3	85.01	2.53	6.76	1	1.0
k141_219109	6090	NA	152740.3673606957	3.98715814635858	medium	6.46233739979285	28	CheckV-051986	35.16	70.17	2.579602888086643	7.531949458483754	2	1.0
k141_126637	3570	NA	NA	NA	NA	NA	0	NA	NA	NA	NA	NA	0	1.0
k141_126653	1088	NA	195912.033736707	0.5553512866198924	medium	9.12158367084226	9	CheckV-000626	42.9	71.52	0.48	0.69	1	1.0
k141_74885	2025	NA	84968.53241427218	2.383235231281764	medium	8.47685945009496	10	CheckV-020792	38.0	100.0	1.85	6.29	1	1.0
k141_204060	2835	NA	NA	NA	NA	NA	0	NA	NA	NA	NA	NA	0	1.0
k141_130365	3683	NA	56757.61620395426	6.488996977542915	medium	5.64074565166524	2	CheckV-001700	47.15	76.96	NA	NA	0	1.0
k141_133782	3243	NA	361894.0	0.8961187530050235	low	30.4660239344517	2	CheckV-002649	27.4	26.84	NA	NA	0	1.0
k141_78854	1552	NA	36996.693182154595	4.194969513514817	high	4.45453017313834	4	CheckV-016204	60.1	100.0	2.852442244224423	4.572145214521453	2	1.0
k141_233787	3010	NA	36622.53059581321	8.218984190961702	low	11.1946870712599	9	CheckV-021798	29.7	94.21	NA	NA	0	1.0
k141_174691	5748	NA	141096.83114470058	4.073798081336916	medium	9.60676095205243	51	CheckV-044516	55.73	26.72	NA	NA	0	1.0
k141_111842	1334	NA	142036.16683414372	0.9391974098806242	low	19.838337182448	17	CheckV-032716	28.1	83.89	NA	NA	0	1.0
k141_152493	1882	NA	152312.6558613872	1.2356162981707326	high	4.93937043075139	13	CheckV-002910	50.0	48.46	1.0	4.22	1	1.0
k141_156259	2854	NA	29222.0	9.76661419478475	low	18.9139941690962	1	CheckV-021547	31.5	18.61	3.693	4.516928571428571	2	1.0
k141_111844	1102	NA	NA	NA	NA	NA	0	NA	NA	NA	NA	NA	0	1.0
k141_233797	2737	NA	32189.0	8.502904719003386	medium	7.36886830689784	1	CheckV-044737	53.3	46.76	NA	NA	0	1.0
k141_222751	2760	NA	109797.52544358482	2.5137178537034686	low	12.1929432782492	4	CheckV-002460	40.1	36.21	NA	NA	0	1.0
k141_19577	3491	NA	42776.22950740145	8.161074597273615	low	15.1381313075547	34	CheckV-000253	34.5	38.87	NA	NA	0	1.0
k141_226391	2956	NA	109929.5337642254	2.6889953034277103	low	10.7907508297973	2	CheckV-008176	43.4	31.93	NA	NA	0	1.0
k141_130410	1171	NA	39939.015518356195	2.9319701169444246	medium	7.76410691557064	18	CheckV-023157	49.02	54.16	1.75	3.84	1	1.0
k141_141517	1020	NA	279615.5717287934	0.36478655093977574	low	10.7012750455373	6	CheckV-001998	38.7	64.6	NA	NA	0	1.0
k141_89602	6669	NA	106233.0	6.2777103160035015	low	10.6438896189225	1	CheckV-000545	51.0	31.66	3.4300000000000006	15.559999999999999	1	1.01
k141_49066	4064	NA	NA	NA	NA	NA	0	NA	NA	NA	NA	NA	0	1.0
k141_23357	2741	NA	34936.0	7.845775131669338	low	NA	1	CheckV-007118	29.3	11.25	1.8300000000000003	8.49	1	1.02
k141_137800	17048	NA	223497.29311901165	7.627832875327931	medium	7.42318358164892	26	CheckV-009245	38.92	36.13	11.967926729184676	45.56847538490157	4	1.0
k141_89606	2573	NA	NA	NA	NA	NA	0	NA	NA	NA	NA	NA	0	1.0
k141_185844	1570	NA	115408.29147528221	1.3603875249606807	low	11.7390330599321	46	CheckV-049673	38.4	39.21	0.7938071895424835	3.9181209150326795	2	1.0
k141_159944	2945	NA	NA	NA	NA	NA	0	NA	NA	NA	NA	NA	0	1.0
k141_219160	4711	NA	440001.0	1.07067938481958	low	27.3188716901985	1	CheckV-048530	23.7	19.39	NA	NA	0	1.0
k141_71162	3228	NA	106233.0	3.038603823670611	medium	9.82267274135623	1	CheckV-000545	46.8	43.04	2.23	9.14	1	1.0
k141_119406	2996	NA	NA	NA	NA	NA	0	NA	NA	NA	NA	NA	0	1.0
k141_89618	2856	NA	NA	NA	NA	NA	0	NA	NA	NA	NA	NA	0	1.0
k141_178522	1595	NA	45251.732881136944	3.5247268965137715	medium	6.26853028377806	8	CheckV-018104	59.5	50.57	0.77	19.7	1	1.0
k141_104427	2809	NA	45676.074931481744	6.149827900522877	low	13.7748454522773	105	CheckV-061599	54.1	13.18	NA	NA	0	1.0
k141_171231	3396	NA	51221.21167306034	6.630065726824884	medium	7.80727581216628	722	CheckV-018112	59.8	43.13	4.88	11.16	1	1.0
k141_60294	3366	NA	54801.83112815089	6.142130528683987	medium	8.63813229571984	86	CheckV-059180	44.52	95.94	5.5	8.14	1	1.0
k141_45452	2573	NA	171428.0	1.5009216697388992	low	21.9134402169615	1	CheckV-061360	24.6	84.44	1.1513736263736263	2.4191483516483516	2	1.0
k141_230077	19253	NA	102557.71746564806	18.772843697939003	medium	8.34098931386297	3	CheckV-044818	47.27	32.03	18.67061730904629	72.98842685520724	3	1.0
k141_178526	3158	NA	NA	NA	NA	NA	0	NA	NA	NA	NA	NA	0	1.0
k141_178529	2540	NA	NA	NA	NA	NA	0	NA	NA	NA	NA	NA	0	1.0
k141_185863	1087	NA	78876.51957594907	1.3781034024369485	medium	7.04111901661928	24	CheckV-014520	51.9	62.13	0.76	1.4	1	1.0
k141_104437	1463	NA	114601.49879820787	1.2765976146403404	low	13.1305637982196	24	CheckV-029120	39.7	28.6	NA	NA	0	1.0
k141_163637	3677	NA	147755.89617320598	2.488563972898691	medium	8.38293115600352	164	CheckV-016000	52.8	31.78	NA	NA	0	1.0
k141_34238	5025	NA	95305.2973743856	5.2725295848565565	low	10.3161857728861	6	CheckV-000334	30.6	46.5	NA	NA	0	1.0
k141_149082	7620	NA	197273.0	3.86266747096663	low	22.0478038089032	1	CheckV-016918	25.0	25.96	NA	NA	0	1.0
k141_137851	1918	NA	NA	NA	NA	NA	0	NA	NA	NA	NA	NA	0	1.0
k141_167367	2636	NA	NA	NA	NA	NA	0	NA	NA	NA	NA	NA	0	1.0
k141_149091	3109	NA	NA	NA	NA	NA	0	NA	NA	NA	NA	NA	0	1.0
k141_119441	1496	NA	NA	NA	NA	NA	0	NA	NA	NA	NA	NA	0	1.0
k141_82292	2660	NA	41326.334655165854	6.436573730033172	low	12.9831144465291	64	CheckV-004640	33.3	60.23	3.98	8.73	1	1.0
k141_67534	1019	NA	46828.39467162396	2.1760301781548606	medium	5.68494985837863	166	CheckV-003762	57.7	76.83	1.35	3.37	1	1.0
k141_160002	2882	NA	60279.0	4.781101212694304	low	NA	1	CheckV-061284	22.1	100.0	NA	NA	0	1.0
k141_130442	3328	NA	80888.60223921026	4.114300294321036	low	16.0955816050496	2	CheckV-000545	46.2	21.08	NA	NA	0	1.0
k141_19608	2529	NA	12625.623274161737	20.030694287984844	low	10.9970674486804	2	CheckV-054117	38.3	46.62	NA	NA	0	1.0
k141_67547	3445	NA	41758.179524594016	8.249880716114607	low	17.188684785418	7	CheckV-052172	37.7	17.25	5.1	8.62	1	1.0
k141_34264	1320	NA	62112.02825402272	2.1251922326566586	medium	6.28980688067528	444	CheckV-011565	50.0	80.18	1.21	4.1	1	1.0
k141_167376	2023	NA	36081.614959073064	5.606733518703817	high	3.40684956069571	4	CheckV-018112	68.01	81.03	3.0010997756590014	6.155862086371285	3	1.0
k141_78983	3010	NA	91823.21297323062	3.278038202472299	low	10.586319218241	34	CheckV-002210	40.15	67.59	NA	NA	0	1.0
k141_215462	5576	NA	100197.88516959794	5.564987714622814	low	19.4362889019378	25	CheckV-019359	34.4	20.46	NA	NA	0	1.0
k141_215468	1226	NA	NA	NA	NA	NA	0	NA	NA	NA	NA	NA	0	1.0
k141_222803	1184	NA	61304.0	1.9313584757927704	low	18.5122354407915	1	CheckV-000211	28.7	61.04	1.2600334448160535	3.2880602006688964	2	1.0
k141_56675	1109	NA	46858.8842941977	2.366680335445635	low	18.5122354407915	4	CheckV-030116	31.8	61.81	0.81	2.67	1	1.0
k141_130445	10253	NA	58130.52062104037	17.63789467299029	low	22.555739773824	130	CheckV-041421	27.7	20.07	9.1	32.08	1	1.0
k141_149107	2064	NA	60062.0	3.4364490026972128	low	51.690248465207	1	CheckV-005627	21.3	53.63	3.25	5.13	1	1.0
k141_86161	1171	NA	NA	NA	NA	NA	0	NA	NA	NA	NA	NA	0	1.0
k141_100741	53700	NA	106233.0	50.5492643528847	medium	5.98247404002937	1	CheckV-000545	49.75	31.44	30.344778768001124	100.0	3	1.0
k141_71206	2515	NA	49992.36177994515	5.030768522340373	medium	7.90591497421755	20	CheckV-012012	51.2	38.74	4.85	7.31	1	1.0
k141_23376	53165	NA	106233.0	50.04565436352169	high	3.69925979947683	1	CheckV-000545	60.03	57.4	39.0602350290855	84.94938840727073	9	1.0
k141_156360	2777	NA	54320.64870689655	5.1122364443476025	low	14.8448260270765	2	CheckV-042284	37.6	28.98	3.5938809523809523	4.3993095238095234	2	1.0
k141_152601	8111	NA	116301.60521561274	6.97410838394099	low	17.7188662440404	2	CheckV-044766	32.33	23.69	9.46871913580247	23.382237654320992	2	1.0
k141_49148	2721	NA	NA	NA	NA	NA	0	NA	NA	NA	NA	NA	0	1.01
k141_215492	3730	NA	171141.43737044962	2.179483856925959	low	10.4744923756553	27	CheckV-000846	32.2	52.26	NA	NA	0	1.0
k141_230150	1073	NA	NA	NA	NA	NA	0	NA	NA	NA	NA	NA	0	1.0
k141_152640	4992	NA	12544.46835966795	39.79443254885086	low	14.6911520575663	2	CheckV-054117	35.4	35.61	NA	NA	0	1.0
k141_93365	9241	NA	NA	NA	NA	NA	0	NA	NA	NA	NA	NA	0	1.0
k141_4797	2270	NA	177403.73328245617	1.2795672097755595	medium	9.14521112255407	279	CheckV-019142	36.67	92.97	1.3855656108597283	1.6211990950226245	2	1.0
k141_34324	11319	NA	NA	NA	NA	NA	0	NA	NA	NA	NA	NA	0	1.0
k141_82330	3580	NA	39213.59721091059	9.129486337978499	medium	6.00604023021255	6	CheckV-060046	49.8	64.36	NA	NA	0	1.0
k141_215508	2632	2359	61219.53929539296	3.853344907771178	low	11.993614049092	3	CheckV-044817	57.9	17.16	1.06	7.5	1	1.0
k141_133883	5131	NA	128522.50613442455	3.992296878052917	low	25.7555927270877	22	CheckV-039850	29.6	14.41	2.31	3.8699999999999997	1	1.0
k141_19653	4646	NA	NA	NA	NA	NA	0	NA	NA	NA	NA	NA	0	1.0
k141_119467	2925	NA	92529.85060184124	3.161142032517013	high	4.43371421418892	139	CheckV-005266	64.0	59.14	NA	NA	0	1.0
k141_137892	4006	NA	67292.09721496953	5.953150764795663	low	26.9656238848579	4	CheckV-001795	38.5	10.72	NA	NA	0	1.0
k141_108353	2366	NA	42558.222459446675	5.559442719334763	low	10.6944003686965	93	CheckV-011385	38.56	64.25	5.0528571428571425	6.481428571428573	2	1.0
k141_100753	7297	NA	59803.76206181258	12.201573527193645	low	25.7423874966316	53	CheckV-060773	36.0	15.41	NA	NA	0	1.0
k141_178600	4384	NA	NA	NA	NA	NA	0	NA	NA	NA	NA	NA	0	1.0
k141_182297	3575	NA	NA	NA	NA	NA	0	NA	NA	NA	NA	NA	0	1.0
k141_145135	2908	NA	211229.79854326067	1.3766996986480724	low	18.8069420012078	12	CheckV-052010	29.1	58.91	NA	NA	0	1.0
k141_4808	1970	NA	37099.1851961989	5.3100896679581036	medium	6.27705627705628	84	CheckV-014077	62.6	39.24	1.5965544989027063	6.6484564740307235	2	1.0
k141_93389	1911	NA	56935.37079761527	3.3564372607546833	low	21.1660950514454	4	CheckV-004866	29.7	46.48	NA	NA	0	1.0
k141_230188	3107	NA	NA	NA	NA	NA	0	NA	NA	NA	NA	NA	0	1.0
k141_133904	4902	NA	106233.0	4.614385360481206	medium	6.29168364601544	1	CheckV-000545	40.07	69.46	NA	NA	0	1.0
k141_145151	7854	NA	89602.32195256255	8.765397847790242	medium	5.93639422692371	249	CheckV-044818	53.0	37.1	NA	NA	0	1.0
k141_52781	2977	NA	180129.90725408605	1.6526961265797633	low	16.7547169811321	8	CheckV-021302	34.1	30.33	NA	NA	0	1.0
k141_89716	3033	NA	NA	NA	NA	NA	0	NA	NA	NA	2.1	8.58	1	1.0
k141_4825	1022	NA	151895.4566744731	0.6728311842731719	low	28.2796463774007	3	CheckV-062300	26.6	100.0	0.45	0.62	1	1.0
k141_133907	2078	NA	NA	NA	NA	NA	0	NA	NA	NA	NA	NA	0	1.0
k141_174858	2907	NA	114018.52587887814	2.549585672672269	low	13.957011667213	27	CheckV-040448	33.5	47.67	NA	NA	0	1.0
k141_19693	1284	NA	42700.0	3.0070257611241216	high	3.90091512983695	1	CheckV-019949	66.7	100.0	NA	NA	0	1.0
k141_208011	1354	NA	58509.60445551042	2.314149980332811	low	12.2511878772313	8	CheckV-000352	33.9	29.28	1.4000000000000001	3.7599999999999993	1	1.0
k141_233931	28119	NA	59660.98239033723	47.13130571003502	low	27.441312952095	253	CheckV-018233	25.09	11.58	NA	NA	0	1.0
k141_226530	3873	NA	38509.85986229456	10.057164616670285	high	3.30095027624136	7	CheckV-044817	63.24	71.46	5.409128567927805	11.296685489627837	3	1.0
k141_60385	5044	NA	76106.72399759397	6.62753530182098	low	26.9656238848579	13	CheckV-044734	40.6	10.4	NA	NA	0	1.0
k141_126841	4474	NA	64224.92251284299	6.966143087374436	medium	9.11498034181176	8	CheckV-054129	31.16	68.28	6.69	14.679999999999998	1	1.0
k141_152707	4975	2254	80920.92015639419	2.7854354543222453	low	10.738170664253	154	CheckV-028333	28.56	55.64	1.52	6.88	1	1.0
k141_52821	4432	NA	11841.448890137679	37.42785229340689	medium	7.95841548664635	2	CheckV-044210	40.83	57.7	NA	NA	0	1.0
k141_34379	3047	NA	102904.15184213482	2.9610078363741827	low	14.0347901471891	60	CheckV-000642	32.3	85.84	NA	NA	0	1.0
k141_200677	3225	NA	42759.83526054873	7.542124473466959	medium	9.38815150534153	10	CheckV-043375	44.6	34.82	2.87	10.8	1	1.0
k141_215562	2830	NA	148338.47229453482	1.9077990734466157	low	13.957011667213	87	CheckV-004103	33.46	50.06	NA	NA	0	1.0
k141_60393	1200	NA	42385.715099815425	2.8311425138730892	medium	7.76410691557064	60	CheckV-059654	49.2	54.12	0.8299999999999998	4.09	1	1.0
k141_152709	3623	NA	NA	NA	NA	NA	0	NA	NA	NA	NA	NA	0	1.0
k141_60402	1008	NA	201464.7390818869	0.5003356937763143	medium	5.34498110846389	49	CheckV-000626	61.2	65.49	0.45	2.8	1	1.0
k141_52823	3136	NA	67993.0	4.612239495242157	low	21.9381688466112	1	CheckV-032919	29.2	25.0	NA	NA	0	1.0
k141_104558	1071	NA	NA	NA	NA	NA	0	NA	NA	NA	NA	NA	0	1.0
k141_141678	3602	NA	56593.0	6.364744756418638	low	12.610489098409	1	CheckV-060044	39.0	40.97	NA	NA	0	1.0
k141_56822	3473	NA	58752.49757547318	5.911238063605042	low	24.3312955035068	4	CheckV-000951	25.6	73.04	NA	NA	0	1.0
k141_123140	6910	NA	32189.0	21.46696076299357	medium	5.46581517655898	1	CheckV-044737	54.31	44.13	13.380000000000003	22.24	1	1.0
k141_8217	34752	NA	171261.12209111365	20.29182080303747	medium	5.72859861576455	107	CheckV-061807	31.44	33.65	16.01749513104674	28.296611613949274	12	1.0
k141_82398	2691	NA	228276.2244677218	1.1788349865495986	low	19.6969102730118	3	CheckV-061379	27.8	54.35	0.7800000000000001	2.73	1	1.01
k141_126882	1174	NA	38059.0	3.0846843059460314	medium	6.22276417638962	1	CheckV-054009	50.6	88.58	1.51	4.25	1	1.0
k141_1297	1535	NA	36890.5	4.160962849514102	low	10.5990783410138	2	CheckV-054009	47.0	92.01	1.97	5.56	1	1.0
k141_82403	8533	NA	49633.93884829315	17.191865481563404	low	28.292853557284	74	CheckV-024579	25.9	19.12	NA	NA	0	1.0
k141_226576	5042	NA	NA	NA	NA	NA	0	NA	NA	NA	NA	NA	0	1.0
k141_82405	5296	NA	92895.15794939501	5.701050643441519	low	14.6911520575663	16	CheckV-015216	37.28	33.56	3.54	12.470000000000002	1	1.0
k141_41838	2451	NA	32189.0	7.614402435614651	low	10.586319218241	1	CheckV-044737	38.7	70.48	2.18	8.21	1	1.0
k141_52844	1557	NA	45643.37567624525	3.4112288517922416	high	3.87940589669696	37	CheckV-004114	63.0	64.2	NA	NA	0	1.0
k141_100838	4854	NA	106233.0	4.569201660500974	medium	5.64074565166524	1	CheckV-000545	42.8	73.39	NA	NA	0	1.0
k141_1311	4887	NA	NA	NA	NA	NA	0	NA	NA	NA	4.34	16.24	1	1.0
k141_75127	1385	NA	174388.35973059456	0.794204385051634	low	10.6764514907398	68	CheckV-014992	46.22	100.0	0.6079834254143646	0.8899999999999999	2	1.0
k141_56853	2070	NA	51125.334078181084	4.048873297990673	high	4.38108484005563	3	CheckV-003291	59.8	70.55	1.9099999999999997	5.65	1	1.0
k141_133984	6412	NA	47938.7736100344	13.375394314755393	low	16.0458909824481	16	CheckV-003325	36.73	28.8	9.821206616006195	15.949385154153912	5	1.0
k141_182359	10895	NA	143855.0	7.573598415070731	low	20.6566983698812	1	CheckV-044766	32.6	15.87	7.04	29.55	1	1.0
k141_93488	7553	NA	36798.86225230659	20.525091097148174	low	11.8293142109682	3	CheckV-054009	31.1	40.04	10.100467289719628	23.24065420560748	2	1.0
k141_189736	2779	NA	49404.067460585444	5.62504292225956	medium	6.68662674650699	1009	CheckV-027781	68.1	25.41	2.04	8.05	1	1.0
k141_145209	1995	NA	31423.409747460628	6.348769964918333	low	19.7445197918309	14	CheckV-016204	39.7	21.72	3.92	6.390000000000001	1	1.0
k141_160134	1758	NA	182218.90400470275	0.9647736658292211	medium	5.98605986059861	113	CheckV-041987	60.3	34.7	0.75	1.12	1	1.0
k141_215645	7088	NA	141461.0	5.010568283837948	medium	8.72970391595033	1	CheckV-058914	48.13	54.18	NA	NA	0	1.0
k141_82436	2409	NA	NA	NA	NA	NA	0	NA	NA	NA	3.57	7.0	1	1.0
k141_86304	17240	9852	106233.0	9.273954420942644	medium	6.90348421014353	1	CheckV-000545	48.55	49.67	11.373894749914747	29.21756504253456	4	1.0
k141_4921	3165	NA	66278.14529914531	4.775329764758541	low	14.0347901471891	5	CheckV-000253	30.12	85.69	NA	NA	0	1.0
k141_167487	3882	NA	NA	NA	NA	NA	0	NA	NA	NA	NA	NA	0	1.0
k141_34465	1064	NA	56471.13183738122	1.88414852931225	medium	9.40391650527222	11	CheckV-021771	43.7	65.06	NA	NA	0	1.0
k141_60467	1397	906	48328.80481448807	1.8746584019152037	medium	8.35028413344106	211	CheckV-021268	51.9	49.1	0.82	2.53	1	1.0
k141_211759	8583	NA	146524.86199164204	5.857708980807356	high	3.33661664194729	48	CheckV-000545	66.01	55.05	NA	NA	0	1.0
k141_16047	4116	NA	76861.44563394875	5.355090534729695	high	2.05978491113554	5	CheckV-060047	71.1	95.84	0.42	5.42	1	1.0
k141_171484	10518	NA	22637.0	46.46375403101118	high	4.92520462884561	1	CheckV-018405	72.19	22.93	NA	NA	0	1.0
k141_56907	4459	NA	NA	NA	NA	NA	0	NA	NA	NA	NA	NA	0	1.0
k141_119642	1171	NA	187060.0	0.6260023521864643	low	28.2796463774007	1	CheckV-000773	24.0	100.0	0.62	1.89	1	1.0
k141_30735	7957	NA	56608.5	14.05619297455329	low	22.555739773824	2	CheckV-054129	30.2	21.58	NA	NA	0	1.0
k141_160158	1041	NA	57791.0	1.8013185444100293	low	11.4280975286117	1	CheckV-000145	41.0	100.0	NA	NA	0	1.0
k141_4958	3044	NA	304353.8132662886	1.0001517534254483	low	21.1303462321792	4	CheckV-019614	27.8	38.7	NA	NA	0	1.0
k141_211792	2785	NA	57530.17853852152	4.840937523138742	low	21.1303462321792	2	CheckV-026492	31.0	37.81	NA	NA	0	1.0
k141_186060	3115	NA	63301.0	4.920933318588964	low	21.1303462321792	1	CheckV-060036	29.7	42.03	NA	NA	0	1.0
k141_82471	4374	NA	NA	NA	NA	NA	0	NA	NA	NA	NA	NA	0	1.0
k141_89844	1347	NA	36603.0	3.6800262273584132	high	3.42478034785727	1	CheckV-060046	68.89	100.0	2.158134715025907	4.1238860103626935	2	1.0
k141_82476	1554	NA	170846.10336785545	0.9095905433991793	medium	6.50440235702245	36	CheckV-056657	51.03	45.01	0.7000163321194224	1.537121546437247	3	1.0
k141_204340	3541	NA	44909.881191621855	7.8846790640376705	low	25.6613586747143	5	CheckV-001021	47.4	11.86	4.575071428571429	5.610214285714287	2	1.0
k141_200786	1651	NA	NA	NA	NA	NA	0	NA	NA	NA	NA	NA	0	1.0
k141_56940	3576	NA	164478.0033920891	2.174150905440767	medium	8.06270996640538	36	CheckV-011952	34.4	59.18	2.16	10.63	1	1.0
k141_130651	5702	NA	136358.04174737027	4.181638227515808	low	15.8221246969266	71	CheckV-012571	54.1	16.84	1.9464628820960697	7.7829694323144105	2	1.0
k141_49294	1383	NA	36306.3741627949	3.8092484636409516	high	4.00049721353249	2	CheckV-060046	68.28	38.15	NA	NA	0	1.0
k141_126950	2298	NA	171064.3234299921	1.3433543324072796	high	3.62493958434026	58	CheckV-049748	49.18	55.66	0.9995358649789031	1.6510548523206752	2	1.0
k141_182421	5415	NA	103169.13608087826	5.248662735486098	low	19.4362889019378	9	CheckV-056620	35.3	18.49	3.21	17.57	1	1.0
k141_230220	11957	NA	96108.26110597391	12.441178169705513	low	13.3435582822086	330	CheckV-001462	32.99	23.34	3.4242646090716864	15.566255411305761	3	1.0
k141_234103	3149	NA	103257.00000000001	3.0496721771889552	medium	8.63813229571984	1	CheckV-044786	42.94	96.06	NA	NA	0	1.0
k141_30743	4494	NA	NA	NA	NA	NA	0	NA	NA	NA	NA	NA	0	1.0
k141_60528	3135	NA	303639.9543638798	1.0324728201753843	medium	5.43936183472517	25	CheckV-062241	57.34	80.9	NA	NA	0	1.0
k141_141831	2755	NA	36840.35609675144	7.478212188733252	medium	7.56667930805488	2	CheckV-044817	42.51	100.0	3.807393103448276	6.843268965517242	2	1.0
k141_189785	2826	NA	58699.060686952274	4.814387090572589	low	16.7547169811321	88	CheckV-002437	35.6	30.78	NA	NA	0	1.0
k141_215732	4690	NA	NA	NA	NA	NA	0	NA	NA	NA	NA	NA	0	1.0
k141_186090	3521	NA	143025.79674703217	2.46179366245905	medium	8.82865440464666	8	CheckV-000115	30.5	77.22	NA	NA	0	1.0
k141_1445	1555	NA	55021.50419332577	2.826167737138355	low	12.2982618713685	11	CheckV-054188	37.4	75.41	NA	NA	0	1.0
k141_89893	5598	NA	106233.0	5.269549010194572	medium	6.00604023021255	1	CheckV-000545	49.68	66.75	NA	NA	0	1.0
k141_52954	2921	NA	182955.31872200995	1.5965646806028586	high	4.43371421418892	18	CheckV-061481	64.89	61.77	1.17	2.79	1	1.0
k141_156589	1823	NA	106233.00000000001	1.7160392721658992	medium	8.74144713788569	1	CheckV-000545	52.49	73.62	NA	NA	0	1.0
k141_226700	4039	NA	36817.32497891836	10.970378761392187	high	2.87427072739924	3	CheckV-060046	83.89	47.25	4.109030159668835	13.889077468953282	2	1.0
k141_27240	6824	NA	NA	NA	NA	NA	0	NA	NA	NA	NA	NA	0	1.0
k141_171565	12392	NA	170391.52086453128	7.2726623585056105	low	22.555739773824	53	CheckV-000715	31.1	21.6	NA	NA	0	1.0
k141_23564	2906	NA	NA	NA	NA	NA	0	NA	NA	NA	2.8299999999999996	7.58	1	1.0
k141_123260	5709	NA	180328.33674168386	3.165891785592194	low	25.4390035413359	40	CheckV-003296	41.1	12.76	2.42	3.35	1	1.0
k141_130720	1067	NA	NA	NA	NA	NA	0	NA	NA	NA	NA	NA	0	1.0
k141_234143	3644	NA	57405.41293626755	6.347833442197567	medium	8.79473845212603	69	CheckV-017138	34.54	55.87	2.6636948884350233	9.042083347855485	3	1.0
k141_86358	2447	NA	NA	NA	NA	NA	0	NA	NA	NA	3.63	7.11	1	1.0
k141_226729	1296	NA	42918.27624688261	3.0196925723318992	high	3.45919059461904	197	CheckV-012012	70.7	61.57	1.6168884723523897	4.088444236176195	2	1.0
k141_12444	9876	6178	57119.46754218601	10.81592715379777	medium	7.52355836258882	3	CheckV-054129	48.31	41.59	5.877030146636574	15.072596216783559	5	1.0
k141_215760	2633	NA	NA	NA	NA	NA	0	NA	NA	NA	NA	NA	0	1.0
k141_45762	5012	NA	106233.0	4.717931339602572	low	11.5125421190565	1	CheckV-000545	43.12	36.95	4.12	15.72	1	1.0
k141_200827	2252	NA	173505.68686359134	1.2979401659442453	low	13.5571486856677	3	CheckV-040976	35.7	53.67	0.9586972193119888	1.5288261132844416	3	1.0
k141_8318	9186	NA	146409.10679198836	6.274199878188633	low	14.6579797588075	4	CheckV-000545	50.66	14.96	NA	NA	0	1.0
k141_112214	8305	NA	36728.67685957429	22.611759284857236	medium	7.12377893726093	3	CheckV-060046	39.52	59.3	NA	NA	0	1.0
k141_197114	1769	NA	99213.7884827014	1.7830182951923432	low	16.4303586321935	24	CheckV-009680	24.0	100.0	NA	NA	0	1.0
k141_5015	2901	NA	39825.21299664527	7.284330155985279	low	10.7617896009674	152	CheckV-061534	57.9	22.13	3.21	8.29	1	1.0
k141_34569	6601	NA	45700.289793638105	14.444109719669479	low	23.3177068073054	25	CheckV-061321	29.7	20.0	NA	NA	0	1.0
k141_208243	2613	NA	NA	NA	NA	NA	0	NA	NA	NA	NA	NA	0	1.0
k141_115953	11008	NA	NA	NA	NA	NA	0	NA	NA	NA	NA	NA	0	1.0
k141_82548	5130	1149	136929.18825244906	0.8391198506790604	medium	5.55225339008813	62	CheckV-018806	70.3	24.14	0.51	3.19	1	1.0
k141_97356	1693	NA	66275.12059123564	2.5545030848633203	low	12.2982618713685	8	CheckV-027609	34.66	77.05	2.2011916519852317	4.386112396669982	3	1.0
k141_145296	3163	NA	61077.374760679086	5.178677067234237	low	12.1929432782492	51	CheckV-044818	40.3	34.69	NA	NA	0	1.0
k141_8338	1424	NA	44396.0002097508	3.207496155672248	low	11.2165417334718	19	CheckV-019949	41.9	61.96	2.13	4.67	1	1.0
k141_104680	5161	4052	112926.88304643854	3.588162438109365	low	11.5125421190565	521	CheckV-044766	42.7	33.59	1.62	2.9800000000000004	1	1.0
k141_230265	6148	NA	36720.855981358756	16.74252910422626	low	11.5125421190565	3	CheckV-044817	45.18	35.3	5.714250120902276	19.718384991807522	5	1.0
k141_89923	2894	NA	56593.0	5.113706642164225	low	10.586319218241	1	CheckV-060044	39.24	69.99	1.92	7.11	1	1.0
k141_104685	1121	NA	38616.15683069176	2.9029299961539405	medium	7.29637658717869	49	CheckV-008485	49.3	100.0	1.68	3.68	1	1.0
k141_182551	3802	NA	88262.82738447528	4.307589177308341	medium	8.38293115600352	512	CheckV-060046	54.1	30.9	4.880000000000001	13.770000000000001	1	1.0
k141_204417	2844	NA	NA	NA	NA	NA	0	NA	NA	NA	NA	NA	0	1.0
k141_193449	2860	NA	103751.91014352383	2.7565757546474634	low	14.7807123818755	15	CheckV-021248	35.13	45.55	NA	NA	0	1.0
k141_97366	1935	NA	42799.4565393849	4.521085444670017	low	10.8819485366333	18	CheckV-023450	39.4	51.81	3.58	6.03	1	1.0
k141_75307	4336	NA	NA	NA	NA	NA	0	NA	NA	NA	NA	NA	0	1.0
k141_134090	2816	NA	143855.0	1.9575266761669736	medium	8.63813229571984	1	CheckV-044766	44.4	95.2	NA	NA	0	1.0
k141_93578	9310	NA	106233.0	8.76375514199919	high	2.92081834797477	1	CheckV-000545	57.92	87.9	NA	NA	0	1.0
k141_171612	2618	NA	170695.0	1.5337297518966577	low	16.4303586321935	1	CheckV-001623	27.4	100.0	NA	NA	0	1.0
k141_200843	1070	NA	52049.42660263103	2.0557383046097053	low	15.1046859421735	2	CheckV-000145	32.6	82.48	NA	NA	0	1.0
k141_82558	2034	NA	NA	NA	NA	NA	0	NA	NA	NA	NA	NA	0	1.0
k141_49417	2688	NA	NA	NA	NA	NA	0	NA	NA	NA	NA	NA	0	1.0
k141_45807	1278	NA	56881.065342197544	2.2467933613963247	high	4.09837430943138	4	CheckV-032920	67.4	56.69	NA	NA	0	1.0
k141_163966	2617	NA	NA	NA	NA	NA	0	NA	NA	NA	NA	NA	0	1.0
k141_211867	16721	NA	93582.060065716	17.867740877106186	low	21.1704738531244	61	CheckV-039779	27.4	13.34	22.09832618485953	58.1466008241169	3	1.0
k141_152878	2882	NA	73466.87627389876	3.922856321337721	low	21.9381688466112	5	CheckV-000439	29.2	27.05	NA	NA	0	1.0
k141_30775	3179	NA	84128.70345782716	3.7787340935232643	low	21.4175654853621	7	CheckV-000652	31.8	31.33	3.64	9.269999999999998	1	1.0
k141_27276	3524	NA	130479.57115967314	2.700805933587518	low	16.354663036079	3	CheckV-021500	39.8	18.51	NA	NA	0	1.0
k141_49426	1489	NA	36208.977745338365	4.112239816523673	medium	9.60051358370539	6	CheckV-018775	50.0	38.03	3.0000000000000004	4.52	1	1.0
k141_171628	3975	NA	306687.6774170093	1.2961068515951861	medium	6.24206248412497	36	CheckV-000523	58.65	39.59	NA	NA	0	1.0
k141_119736	7921	NA	140291.9994635157	5.646081052583424	medium	8.54613302114583	18	CheckV-004950	44.2	40.34	5.47178226866284	22.795515146600394	3	1.0
k141_127046	3695	NA	NA	NA	NA	NA	0	NA	NA	NA	2.7353239312472453	11.764504186866462	2	1.0
k141_123351	3718	3376	143855.0	2.3468075492683607	medium	8.81450330814983	1	CheckV-044766	58.7	24.74	1.47	6.6	1	1.0
k141_141907	3340	NA	1634428.5109535756	0.20435277392777135	low	18.4248232254532	3	CheckV-044881	28.1	67.15	NA	NA	0	1.0
k141_45820	1250	NA	52598.82072409762	2.376479135448231	medium	6.26294622599734	5	CheckV-042284	60.3	55.18	1.524170616113744	3.887405213270142	2	1.0
k141_223151	3575	1259	348856.82139915176	0.360893043441306	medium	6.92502645511634	40	CheckV-061425	57.31	36.87	0.55	0.8	1	1.0
k141_193483	1474	NA	57912.08787390703	2.545237193328904	low	13.9180409795102	23	CheckV-031110	34.8	64.29	NA	NA	0	1.0
k141_20041	4106	NA	54707.12174107767	7.505421358910476	low	16.0736975857687	27	CheckV-040329	46.1	21.42	NA	NA	0	1.0
k141_164023	3532	NA	104709.9697496739	3.3731267504362927	high	4.71761886228158	2	CheckV-000545	59.32	51.61	1.9	11.96	1	1.0
k141_60618	2866	NA	43053.66112131895	6.656809027051216	low	18.6274767169097	2	CheckV-027567	23.5	31.65	6.27	7.44	1	1.0
k141_112239	8479	NA	46474.0	18.244609889400525	high	4.93210735010565	1	CheckV-059090	52.87	47.16	11.102114760650819	22.527425563714317	4	1.0
k141_130807	4972	NA	92614.3925481889	5.368496043865948	low	15.4714335542146	168	CheckV-018900	60.2	17.31	NA	NA	0	1.0
k141_152896	4103	NA	186065.77405521125	2.2051341902259347	low	14.6911520575663	25	CheckV-013402	32.76	35.48	1.790718480302418	4.217569244668458	3	1.0
k141_5037	5152	NA	348423.46223171864	1.4786604687871645	medium	8.50356765363445	8	CheckV-061425	35.91	47.7	NA	NA	0	1.0
k141_42003	4919	NA	39784.0	12.364267042026945	high	2.36221501213025	1	CheckV-044789	64.46	89.07	5.933228146989836	14.82286880375293	3	1.0
k141_160291	22825	NA	57077.993239356605	39.98914240779865	medium	8.34098931386297	3	CheckV-054129	46.41	32.39	29.441717741110423	44.0577410517305	9	1.0
k141_204444	14977	NA	NA	NA	NA	NA	0	NA	NA	NA	NA	NA	0	1.0
k141_5043	11301	NA	125226.82285425154	9.024424434334614	low	13.3435582822086	101	CheckV-000645	36.3	26.41	4.85	7.299999999999999	1	1.0
k141_20045	4337	NA	NA	NA	NA	NA	0	NA	NA	NA	NA	NA	0	1.0
k141_234202	1129	NA	96260.31184494721	1.1728613572523579	low	11.4280975286117	68	CheckV-013538	40.6	100.0	NA	NA	0	1.0
k141_186184	10987	NA	199486.54934853828	5.507639505460475	medium	6.1342758208282	9	CheckV-048945	56.07	25.34	5.512504962325943	11.663942270532345	5	1.0
k141_182614	1170	NA	40379.0	2.8975457539810296	low	27.2766386020296	1	CheckV-021827	24.5	78.67	NA	NA	0	1.0
k141_219658	2922	NA	184477.17191168483	1.583935816946964	low	21.4175654853621	17	CheckV-035878	31.2	30.31	NA	NA	0	1.0
k141_164049	8625	NA	93774.85926322536	9.197561124341107	low	11.345462708111	4	CheckV-044766	36.1	28.36	4.81	25.12	1	1.0
k141_89949	2260	NA	48592.82638053217	4.65089225784452	low	17.188684785418	6	CheckV-015508	38.8	15.48	NA	NA	0	1.0
k141_178848	2985	NA	98465.83118655095	3.0315084573294184	low	18.8068221050936	119	CheckV-000545	39.4	25.39	4.24	8.17	1	1.0
k141_226823	1809	NA	47469.784630838025	3.8108451809254906	low	10.586319218241	33	CheckV-044789	39.6	71.88	2.71	5.93	1	1.0
k141_49481	2755	NA	36894.0	7.4673388626877	medium	9.51279250664113	1	CheckV-018775	38.62	96.08	5.55	8.36	1	1.0
k141_30808	3115	NA	45934.37019555179	6.78141441090587	low	16.0119781574775	170	CheckV-019403	32.4	69.64	NA	NA	0	1.0
k141_67793	1406	NA	NA	NA	NA	NA	0	NA	NA	NA	0.7400000000000001	2.27	1	1.0
k141_60643	1576	NA	203624.13673499168	0.7739750430721768	medium	5.83158658427762	48	CheckV-020552	62.8	32.71	0.6647236842105263	3.1554868421052626	2	1.0
k141_79252	1059	NA	170144.73331341022	0.6224112726717784	medium	5.66789843012799	19	CheckV-006211	58.5	60.74	0.47000000000000003	0.62	1	1.0
k141_171684	1077	NA	41335.616844753255	2.6055012171342593	low	14.6621127104172	11	CheckV-057828	36.5	70.83	2.27	3.13	1	1.0
k141_123401	2016	NA	177969.95408002828	1.1327754791089395	low	10.9454880691546	275	CheckV-019142	37.8	82.91	0.955368248772504	1.8667430441898525	2	1.0
k141_156695	2549	NA	61106.13772237687	4.171430391462239	low	15.5486016037551	17	CheckV-041458	46.4	23.14	3.78	7.41	1	1.0
k141_1576	3986	NA	65119.592032233224	6.1210457185097065	low	15.1657311952622	7	CheckV-044818	40.6	24.2	2.75	11.28	1	1.0
k141_23726	2666	NA	143855.0	1.8532550137291022	low	14.1004862236629	1	CheckV-044766	66.1	7.76	NA	NA	0	1.0
k141_30824	1171	NA	NA	NA	NA	NA	0	NA	NA	NA	NA	NA	0	1.0
k141_189943	4058	NA	40718.43536154959	9.966001797387255	medium	9.11672823021493	27	CheckV-043375	47.03	52.89	5.8500906211155215	14.602298809094188	3	1.0
k141_145367	3026	NA	66350.59398977543	4.560622321582086	medium	9.69093101478708	154	CheckV-032874	47.08	50.96	1.81	9.85	1	1.0
k141_67804	2831	NA	143855.0	1.9679538424107608	medium	9.38815150534153	1	CheckV-044766	42.9	34.68	1.68	6.6	1	1.0
k141_127109	2151	NA	369286.00000000006	0.5824753713923625	low	12.1929432782492	2	CheckV-062241	40.1	35.94	1.7171162001696352	5.641323155216285	2	1.0
k141_38520	5782	NA	54729.0770120482	10.564767972840354	low	23.0547056367741	39	CheckV-034531	30.3	27.15	NA	NA	0	1.01
k141_60677	3020	NA	46642.92711520738	6.474722292922659	low	19.6969102730118	2	CheckV-007849	31.7	53.92	NA	NA	0	1.0
k141_164089	2793	NA	52234.32487460381	5.347058675889864	low	13.5571486856677	37	CheckV-049988	36.3	56.83	NA	NA	0	1.0
k141_186235	23361	NA	102319.00000000001	22.83153666474457	low	26.8672114679771	1	CheckV-044637	41.8	3.69	34.65	67.87	1	1.0
k141_108687	1128	NA	101068.09540754258	1.1160792092217648	low	10.6764514907398	7	CheckV-044818	45.4	100.0	NA	NA	0	1.0
k141_197233	2775	NA	70023.84869002059	3.9629355596895057	low	12.9948120840075	45	CheckV-010630	50.3	21.41	3.22	10.8	1	1.0
k141_211917	3264	NA	179261.50467730322	1.8208036387263817	high	3.52719593630501	100	CheckV-049748	61.27	78.66	1.2988967007251324	3.097494521736007	4	1.0
k141_219690	2810	NA	66894.24531835206	4.2006602909220545	low	14.8448260270765	5	CheckV-044818	40.2	28.38	NA	NA	0	1.0
k141_71595	6497	NA	120999.73616184785	5.3694331955482015	low	25.6613586747143	46	CheckV-048138	44.4	8.85	2.4326937738246506	19.096721728081324	2	1.01
k141_208370	3294	NA	NA	NA	NA	NA	0	NA	NA	NA	NA	NA	0	1.0
k141_171730	4746	NA	35270.0	13.456195066628863	high	3.54623096917935	1	CheckV-060045	67.2	58.18	NA	NA	0	1.0
k141_145388	1306	NA	34898.652072400284	3.742264879716814	high	3.54623096917935	92	CheckV-018112	71.29	80.54	1.9603832752613237	3.9804878048780488	2	1.0
k141_197248	4268	NA	88157.79592041399	4.841318859483525	low	19.9773130997658	7	CheckV-017330	57.0	12.44	NA	NA	0	1.0
k141_138320	2507	NA	NA	NA	NA	NA	0	NA	NA	NA	NA	NA	0	1.0
k141_156785	2831	NA	35475.055830895086	7.98025523481909	high	3.76866434439809	2	CheckV-060045	75.93	34.88	3.14	8.09	1	1.0
k141_104810	1413	NA	NA	NA	NA	NA	0	NA	NA	NA	NA	NA	0	1.0
k141_119881	3210	NA	8128.724121738619	39.48959211711353	low	10.8990753492032	2	CheckV-043820	43.66	80.68	NA	NA	0	1.0
k141_211935	1777	NA	NA	NA	NA	NA	0	NA	NA	NA	2.64	5.159999999999999	1	1.0
k141_208388	2008	NA	74072.70521368923	2.7108500954666166	low	10.7907508297973	13	CheckV-057558	43.3	28.01	NA	NA	0	1.0
k141_145413	3137	NA	88900.3553480222	3.528669809833094	low	21.1303462321792	5	CheckV-032320	32.1	37.78	NA	NA	0	1.0
k141_123449	1752	NA	86350.77339450343	2.02893376761756	low	10.8819485366333	21	CheckV-006225	42.3	49.91	1.68	1.9099999999999997	1	1.0
k141_182740	1339	NA	NA	NA	NA	NA	0	NA	NA	NA	2.02	3.52	1	1.0
k141_145422	1460	NA	57045.909523542236	2.5593421372262872	medium	5.28180719139367	111	CheckV-052992	55.7	58.59	0.7941725601131542	3.750792079207921	2	1.0
k141_138366	1141	NA	NA	NA	NA	NA	0	NA	NA	NA	NA	NA	0	1.0
k141_34719	3391	NA	141461.0	2.397127123376761	low	NA	1	CheckV-058914	22.5	100.0	1.44	1.89	1	1.0
k141_178960	2900	NA	112599.73240885712	2.5754945753067218	low	14.8448260270765	56	CheckV-040156	42.5	31.37	NA	NA	0	1.0
k141_86496	4111	NA	72041.56026715394	5.706428323810662	low	25.7423874966316	2	CheckV-000545	34.4	14.57	NA	NA	0	1.0
k141_75443	2366	NA	46452.73925202481	5.093348719789155	medium	8.47685945009496	475	CheckV-007212	42.18	100.0	1.32	6.89	1	1.0
k141_30896	2841	NA	439992.3152916447	0.6456930953707385	low	19.2245446878348	2	CheckV-000467	34.1	19.68	NA	NA	0	1.0
k141_134237	5683	NA	199960.73826442836	2.842057920632796	low	10.738170664253	51	CheckV-061306	31.61	54.51	2.25	3.68	1	1.0
k141_211970	4841	NA	83547.89865824782	5.794280978630092	low	19.4362889019378	4	CheckV-000072	35.0	21.8	NA	NA	0	1.0
k141_152995	2258	NA	179426.0595141415	1.258457108245213	high	3.54623096917935	364	CheckV-014992	69.0	68.51	1.191842900302115	5.090392749244713	2	1.0
k141_82767	2927	NA	350359.3298248034	0.8354280165633499	medium	5.74880233284732	16	CheckV-062241	54.25	84.03	0.7657731958762887	1.1508762886597936	2	1.0
k141_197275	3515	NA	42646.292550606406	8.242217059850889	medium	8.89537258399073	12	CheckV-059090	46.9	49.63	3.13	11.77	1	1.0
k141_57268	6019	NA	352858.08866704954	1.7057849014421824	high	3.30095027624136	27	CheckV-061425	66.93	68.36	1.7652804572604264	4.234026953357879	4	1.0
k141_112386	7183	NA	NA	NA	NA	NA	0	NA	NA	NA	NA	NA	0	1.0
k141_234353	1634	NA	36165.479438980874	4.518120664643525	medium	7.56667930805488	2	CheckV-060046	44.6	100.0	2.1	5.92	1	1.0
k141_138392	2865	NA	140017.95599973612	2.0461661360100125	low	28.6070582969958	4	CheckV-001210	27.4	41.28	NA	NA	0	1.0
k141_130957	4320	NA	NA	NA	NA	NA	0	NA	NA	NA	NA	NA	0	1.0
k141_82768	11496	NA	103072.49182780755	11.15331529891134	low	23.7881428775411	26	CheckV-002666	49.1	3.23	NA	NA	0	1.0
k141_160439	3162	NA	NA	NA	NA	NA	0	NA	NA	NA	NA	NA	0	1.0
k141_197287	1269	NA	NA	NA	NA	NA	0	NA	NA	NA	1.88	3.69	1	1.0
k141_75470	1012	NA	NA	NA	NA	NA	0	NA	NA	NA	NA	NA	0	1.0
k141_79369	12059	NA	369286.0	3.2654907036822407	low	25.1029277801869	2	CheckV-062241	47.01	5.85	5.224999039834719	9.005666211231947	3	1.0
k141_53178	3126	NA	57174.432113897135	5.467478878972857	low	20.2028081123245	14	CheckV-018714	29.5	50.47	3.6100000000000003	9.97	1	1.0
k141_49606	1173	NA	46439.163492249034	2.5258852911848435	medium	6.28980688067528	1211	CheckV-036138	50.2	81.93	NA	NA	0	1.0
k141_23892	1203	NA	60692.72199375323	1.9821157471299742	high	4.7385831317676	363	CheckV-011671	60.5	100.0	1.1	3.74	1	1.0
k141_208465	2428	NA	67680.42051321991	3.587448159435922	low	11.3661940130542	34	CheckV-044817	40.75	53.43	3.8832124352331614	7.436424870466321	2	1.0
k141_49619	5045	NA	59887.370356471074	8.424146810872399	low	11.6380162023316	48	CheckV-037240	44.18	32.26	NA	NA	0	1.0
k141_234363	2755	NA	44044.0	6.255108527835801	low	21.9381688466112	1	CheckV-019550	29.4	25.58	NA	NA	0	1.0
k141_204574	1309	NA	51313.29935794543	2.5509955827802613	high	2.66829438437391	2	CheckV-003291	71.6	74.58	1.21	3.5699999999999994	1	1.0
k141_215977	6878	NA	74769.56573640164	9.198929982084193	medium	7.95841548664635	20	CheckV-060037	38.97	59.42	7.7388525023108405	18.768659712135218	3	1.0
k141_86531	33006	NA	83743.12125610352	39.41338644288279	medium	5.85198399827008	6	CheckV-041356	24.19	52.39	18.002235667091284	69.8770477875225	5	1.0
k141_149536	1898	NA	40063.15474778544	4.737520077858859	high	3.59564862876121	5	CheckV-059090	63.8	72.85	1.69	6.36	1	1.0
k141_8584	7236	NA	106233.0	6.811442772019994	low	11.9081075052972	1	CheckV-000545	53.13	19.59	NA	NA	0	1.0
k141_90081	28432	NA	102935.5553017911	27.621165414265054	medium	7.60123977440171	4	CheckV-044786	45.56	46.52	12.21	18.38	1	1.0
k141_108754	9984	NA	148312.9147435316	6.731713160155146	high	3.22509509895805	87	CheckV-000545	76.37	31.97	NA	NA	0	1.0
k141_8601	1118	NA	148195.96627658588	0.7544064984288561	low	18.9819526322458	10	CheckV-060021	32.3	71.77	0.4679489795918368	2.4512346938775513	2	1.0
k141_79421	2910	NA	NA	NA	NA	NA	0	NA	NA	NA	3.4	5.79	1	1.0
k141_204595	1580	NA	45037.5606789577	3.50818289485692	medium	8.75658521623847	4	CheckV-032920	50.37	70.45	1.41	5.29	1	1.0
k141_82801	4591	NA	NA	NA	NA	NA	0	NA	NA	NA	NA	NA	0	1.0
k141_42192	1305	NA	50999.11971297851	2.558867696823985	medium	5.81978340506243	2	CheckV-018399	54.3	69.68	NA	NA	0	1.0
k141_67951	2612	NA	386442.0	0.6759099683781784	low	18.8068221050936	1	CheckV-051503	38.4	23.48	0.59	0.7750892857142857	2	1.0
k141_12680	1458	NA	50122.27097981984	2.9088865518224782	medium	7.28226900171001	257	CheckV-019257	55.2	45.65	0.89	4.45	1	1.0
k141_160469	1547	NA	194908.55145843377	0.7937055549509399	low	15.5486016037551	17	CheckV-018102	46.3	27.31	0.69	0.9099999999999999	1	1.0
k141_179040	6293	NA	103209.06373262905	6.097332707428193	low	16.354663036079	4	CheckV-000545	41.0	19.19	NA	NA	0	1.0
k141_167886	1347	NA	NA	NA	NA	NA	0	NA	NA	NA	NA	NA	0	1.0
k141_34771	1423	NA	45247.512550489075	3.1449242616644546	medium	7.28226900171001	97	CheckV-015250	55.6	45.7	0.9900000000000001	4.85	1	1.0
k141_34790	1292	NA	53018.74753168691	2.43687386094481	medium	6.53280625218078	56	CheckV-012878	57.8	51.12	0.9	4.4	1	1.0
k141_116165	2115	NA	106233.0	1.9909067803789784	low	19.6969102730118	1	CheckV-000545	28.1	56.83	NA	NA	0	1.0
k141_53212	1452	NA	45810.0	3.169613621480026	low	19.0715755774068	1	CheckV-007681	27.7	100.0	NA	NA	0	1.0
k141_149556	1053	NA	106233.0	0.9912174183163424	medium	5.68494985837863	1	CheckV-000545	58.32	74.07	1.22	4.1	1	1.0
k141_175339	3567	NA	133002.48715878525	2.681904734414125	low	16.354663036079	31	CheckV-012088	41.0	18.8	NA	NA	0	1.0
k141_67956	2610	NA	158374.26868480697	1.647994981554968	low	10.9970674486804	165	CheckV-001070	38.6	45.47	NA	NA	0	1.0
k141_67959	2683	NA	102229.41445217632	2.624489257204077	low	10.513691784929	47	CheckV-060044	46.2	76.61	1.15	1.73	1	1.0
k141_204656	3628	1249	104701.55169648943	1.1929145077244143	high	4.01766558873086	2	CheckV-000545	59.84	59.22	1.22	3.2600000000000002	1	1.0
k141_71744	1996	NA	58018.16058650291	3.440302105103864	low	13.957011667213	9	CheckV-000711	33.3	48.95	NA	NA	0	1.0
k141_204674	1423	NA	62255.70047211549	2.285734461597402	low	13.92	93	CheckV-018581	37.3	100.0	NA	NA	0	1.0
k141_101226	1741	1167	36981.40633288385	3.155639862625516	high	4.38108484005563	702	CheckV-016204	62.4	72.31	1.75	3.8299999999999996	1	1.0
k141_93807	6229	NA	103366.64176706827	6.02612205786539	low	24.9335613192971	3	CheckV-002322	24.2	15.45	NA	NA	0	1.0
k141_101244	1046	NA	146646.90376298813	0.7132779302934028	low	11.6489254870456	111	CheckV-000626	39.56	85.76	0.47000000000000003	0.61	1	1.0
k141_201148	2815	NA	63802.92232999462	4.412023614593324	low	13.5571486856677	5	CheckV-000211	33.58	53.06	3.2406288343558285	9.338711656441717	2	1.0
k141_186345	3208	NA	NA	NA	NA	NA	0	NA	NA	NA	NA	NA	0	1.0
k141_90133	3483	NA	58102.73729579105	5.994554064240805	low	17.188684785418	9	CheckV-009067	40.7	13.37	3.12	9.13	1	1.0
k141_164234	20795	NA	142890.3020709149	14.553122009413674	medium	8.26190467220944	73	CheckV-054129	44.82	26.85	29.5604329329522	53.01751573736053	6	1.0
k141_182839	1504	NA	60804.954549234026	2.473482648165134	medium	5.30687183073964	351	CheckV-011671	52.9	92.06	1.38	4.67	1	1.0
k141_145519	1022	NA	32189.0	3.1749976700114946	medium	6.50135470901849	1	CheckV-044737	56.7	88.79	NA	NA	0	1.0
k141_219825	1117	NA	NA	NA	NA	NA	0	NA	NA	NA	0.06	7.0	1	1.0
k141_8645	4788	NA	65631.69869817556	7.29525533388807	low	25.4390035413359	47	CheckV-008065	41.1	16.76	4.036646666666666	13.102920000000001	2	1.0
k141_8650	2678	NA	84023.93533238515	3.187187066883101	high	4.45453017313834	103	CheckV-044786	57.7	100.0	NA	NA	0	1.0
k141_123542	2096	NA	86484.18496145144	2.4235644944035135	low	14.0347901471891	215	CheckV-000715	28.2	87.33	NA	NA	0	1.0
k141_97639	3201	NA	84976.10834659338	3.76694115826537	low	21.4175654853621	2	CheckV-044818	28.6	30.47	1.04	9.64	1	1.0
k141_23960	2565	NA	37302.85524590411	6.876149246729953	medium	8.47685945009496	2	CheckV-060046	40.3	100.0	NA	NA	0	1.0
k141_90144	2354	NA	NA	NA	NA	NA	0	NA	NA	NA	3.61	12.829999999999998	1	1.0
k141_71764	2622	NA	NA	NA	NA	NA	0	NA	NA	NA	NA	NA	0	1.0
k141_204681	2673	NA	35687.97292499204	7.489918257946549	medium	7.90591497421755	11	CheckV-054009	50.18	39.53	3.43	9.68	1	1.0
k141_90155	4281	NA	NA	NA	NA	NA	0	NA	NA	NA	6.75	12.94	1	1.0
k141_38693	1867	NA	355393.2986617518	0.5253334846296388	low	12.3257720688713	3	CheckV-061291	37.4	62.95	0.8299999999999998	1.09	1	1.0
k141_208584	3047	NA	155413.15934160847	1.9605804379167733	low	21.1303462321792	5	CheckV-000283	32.4	38.16	NA	NA	0	1.0
k141_104917	1005	NA	72561.11493823947	1.3850393573133595	medium	5.99083426346975	28	CheckV-044637	53.6	100.0	1.5	3.3	1	1.0
k141_142161	4821	NA	120635.15002315171	3.9963476640720197	medium	8.06270996640538	2	CheckV-044766	36.61	58.03	2.27325637910085	8.255650060753341	2	1.0
k141_179125	3295	NA	32189.0	10.236416167013576	low	10.5427046263345	1	CheckV-044737	44.26	72.43	NA	NA	0	1.01
k141_208614	2548	NA	59314.150078587016	4.295770902262078	low	14.8448260270765	62	CheckV-001713	39.5	27.6	NA	NA	0	1.0
k141_97651	3586	NA	41232.01249003453	8.697125809385872	low	10.4744923756553	13	CheckV-003958	32.3	52.24	3.19	12.01	1	1.0
k141_190134	7947	NA	344079.3023426696	2.30964197668756	medium	8.12710242975227	12	CheckV-019614	40.37	42.8	NA	NA	0	1.0
k141_234421	13309	NA	143855.0	9.251677035904208	medium	7.17902053223105	1	CheckV-044766	49.74	48.88	8.889129752050167	30.41916755861968	4	1.0
k141_93859	3941	NA	44897.783142152315	8.777716234946997	medium	9.60676095205243	75	CheckV-020800	55.2	23.37	6.637644859813084	10.993570093457942	2	1.0
k141_90179	12854	NA	386307.79193345096	3.3273985843429097	medium	8.09239400932085	3	CheckV-062241	49.71	53.82	NA	NA	0	1.0
k141_134418	6613	NA	157474.22835433058	4.199417307268958	low	19.4362889019378	11	CheckV-023821	35.3	21.95	NA	NA	0	1.0
k141_42276	1777	NA	44220.807594181795	4.018470255694297	low	10.513691784929	145	CheckV-001176	45.44	73.4	2.5266666666666664	4.468666666666667	2	1.0
k141_193751	2020	NA	44446.536784334334	4.544786042164642	medium	9.69093101478708	39	CheckV-048461	43.72	50.6	1.4	6.89	1	1.0
k141_101299	3017	NA	76821.0	3.927311542416787	low	21.9381688466112	1	CheckV-060034	28.1	23.16	NA	NA	0	1.0
k141_157039	1368	NA	38059.0	3.5944191912556818	low	14.1542002301496	1	CheckV-054009	39.39	39.43	NA	NA	0	1.0
k141_193754	2927	NA	53199.51188267824	5.501930180214738	low	11.3661940130542	2	CheckV-042284	41.3	54.69	3.6577628635346753	4.247360178970917	2	1.0
k141_175404	3018	NA	NA	NA	NA	NA	0	NA	NA	NA	NA	NA	0	1.0
k141_104984	2085	NA	NA	NA	NA	NA	0	NA	NA	NA	NA	NA	0	1.01
k141_5317	2588	NA	NA	NA	NA	NA	0	NA	NA	NA	NA	NA	0	1.0
k141_93875	4166	NA	282635.4526484752	1.4739835222233844	low	10.2654867256637	4	CheckV-007591	48.55	42.12	1.7886310981030407	2.97594868498434	3	1.01
k141_134444	1444	NA	NA	NA	NA	NA	0	NA	NA	NA	1.28	4.84	1	1.0
k141_216101	2165	NA	35314.366570907405	6.130649393506508	medium	8.20276497695852	7	CheckV-018108	49.06	64.08	2.4051265169028833	6.5666970691363415	3	1.0
k141_219880	1345	NA	347774.403897133	0.3867449659687528	medium	9.40391650527222	11	CheckV-061735	45.4	66.05	NA	NA	0	1.0
k141_60876	2583	NA	NA	NA	NA	NA	0	NA	NA	NA	3.31	9.349999999999998	1	1.0
k141_68021	12415	NA	76526.72499277665	16.22309069305115	low	20.6566983698812	4	CheckV-032919	35.8	15.3	NA	NA	0	1.0
k141_105009	3384	NA	73771.2134233606	4.587155128626924	low	10.0451710045171	24	CheckV-035468	42.19	76.85	1.89	9.86	1	1.0
k141_145574	2805	NA	75205.2691563374	3.729791850314292	medium	9.52100510404397	19	CheckV-060038	45.8	53.79	NA	NA	0	1.0
k141_197414	4377	NA	107671.53557792434	4.06514124323254	low	16.7746825248758	10	CheckV-025512	32.8	26.18	NA	NA	0	1.0
k141_8709	2813	NA	115014.63438334003	2.44577571809198	medium	8.47685945009496	27	CheckV-044786	38.7	100.0	1.57	8.19	1	1.0
k141_138615	2387	NA	40882.16722724114	5.838731559244401	low	10.9454880691546	14	CheckV-028072	38.1	83.14	3.582961876832844	7.343929618768329	2	1.0
k141_60894	2511	NA	NA	NA	NA	NA	0	NA	NA	NA	NA	NA	0	1.0
k141_127378	1362	NA	57192.52576036367	2.381430059072354	low	11.2165417334718	7	CheckV-011971	38.7	59.08	NA	NA	0	1.0
k141_223462	4621	NA	76821.0	6.015282279585009	low	26.9656238848579	1	CheckV-060034	40.8	12.06	NA	NA	0	1.0
k141_79536	1336	NA	196423.99035229825	0.6801613171608029	low	11.0079848272345	59	CheckV-061690	40.3	88.22	0.53	0.86	1	1.0
k141_197421	2094	NA	365923.6369706109	0.5722505431285324	high	3.65868382270181	27	CheckV-061425	72.34	100.0	0.6162500000000001	0.8682848837209303	2	1.0
k141_186445	1079	NA	NA	NA	NA	NA	0	NA	NA	NA	NA	NA	0	1.0
k141_216131	3426	NA	123564.0	2.7726522288045063	low	16.0119781574775	1	CheckV-002152	28.4	70.09	NA	NA	0	1.0
k141_120145	1733	NA	74224.23930030658	2.3348167880689106	low	10.6944003686965	20	CheckV-059154	38.1	65.1	NA	NA	0	1.0
k141_212103	3003	NA	95382.21292613319	3.1483857502085972	medium	7.41878841088674	7	CheckV-044766	49.0	33.92	0.14	7.28	1	1.0
k141_123636	2597	NA	72400.25806451614	3.5870037889724147	low	21.1303462321792	16	CheckV-056942	32.0	41.5	NA	NA	0	1.0
k141_212118	3699	NA	106233.0	3.481968879726639	low	26.9656238848579	1	CheckV-000545	42.0	10.82	NA	NA	0	1.0
k141_46193	3838	NA	349879.7255469406	1.0969483853345159	medium	8.89537258399073	15	CheckV-062241	44.4	47.7	0.8650892857142857	1.1350892857142856	2	1.0
k141_223473	9549	NA	92365.32444908145	10.338295303952632	low	29.17924392698	60	CheckV-016808	27.0	15.96	NA	NA	0	1.0
k141_112567	2592	NA	36763.016386204195	7.0505640036998765	low	11.2581598019399	3	CheckV-060046	53.6	18.41	NA	NA	0	1.0
k141_175471	1036	NA	177504.08189391156	0.5836485499072543	medium	6.53280625218078	4	CheckV-046012	58.5	50.0	NA	NA	0	1.0
k141_168046	1997	NA	NA	NA	NA	NA	0	NA	NA	NA	NA	NA	0	1.0
k141_57432	2621	NA	71997.2155750387	3.640418562115471	low	21.1303462321792	3	CheckV-000545	29.5	41.16	NA	NA	0	1.0
k141_68066	2929	NA	106233.0	2.7571470258770816	high	3.95717835977825	1	CheckV-000545	61.87	94.26	NA	NA	0	1.0
k141_97724	6169	NA	NA	NA	NA	NA	0	NA	NA	NA	NA	NA	0	1.0
k141_42346	3000	NA	143855.0	2.0854332487574294	low	10.513691784929	1	CheckV-044766	45.08	77.38	1.8199999999999998	8.6	1	1.0
k141_145610	1121	NA	35139.153711179424	3.190173585891902	medium	6.12369555934197	9	CheckV-060046	55.1	66.58	1.68	3.68	1	1.0
k141_97735	3730	NA	67167.6424561187	5.55326919868722	low	10.6438896189225	12	CheckV-018383	48.9	32.4	3.34	10.36	1	1.0
k141_79593	3306	NA	74591.48533388127	4.432141262775383	low	10.5990783410138	20	CheckV-044734	43.63	88.67	4.95	10.84	1	1.0
k141_204790	1475	NA	36044.23748240683	4.092193657085814	high	3.46099789177793	20	CheckV-030094	72.1	42.56	1.03	5.03	1	1.0
k141_160658	2781	NA	57451.0	4.840646812065934	low	29.5168603908545	1	CheckV-001703	23.6	45.1	NA	NA	0	1.0
k141_112589	3414	NA	173951.75660179762	1.9626131214157108	low	21.1660950514454	11	CheckV-000299	31.4	44.53	NA	NA	0	1.0
k141_112600	1604	NA	NA	NA	NA	NA	0	NA	NA	NA	NA	NA	0	1.0
k141_60968	3666	NA	NA	NA	NA	NA	0	NA	NA	NA	NA	NA	0	1.0
k141_38767	3307	NA	92939.1434249279	3.5582423918843706	low	19.6969102730118	55	CheckV-000467	28.1	54.41	NA	NA	0	1.0
k141_12856	12048	NA	143855.0	8.375099927009837	medium	5.41788820282687	1	CheckV-044766	55.67	72.81	NA	NA	0	1.0
k141_164414	2661	NA	31598.0	8.421419077156783	medium	5.86385453857612	1	CheckV-052019	48.8	100.0	1.13	4.21	1	1.0
k141_145633	1646	NA	NA	NA	NA	NA	0	NA	NA	NA	NA	NA	0	1.0
k141_105074	2626	NA	NA	NA	NA	NA	0	NA	NA	NA	NA	NA	0	1.0
k141_42372	5911	NA	162443.48450606407	3.6388039926460336	low	19.5078163840247	193	CheckV-020028	25.24	41.71	NA	NA	0	1.0
k141_68110	3327	NA	52219.385360638626	6.371197165617715	low	15.5486016037551	98	CheckV-013851	45.8	25.02	3.27	8.96	1	1.0
k141_220001	16026	NA	143855.0	11.140384414862188	medium	5.60693372990055	1	CheckV-044766	53.51	38.99	9.98	32.0	1	1.0
k141_168098	3058	1233	170714.23892340838	0.7222596121892271	low	13.7748454522773	4	CheckV-038745	53.3	16.37	0.55	0.72	1	1.0
k141_186507	3225	NA	61304.0	5.2606681456348685	low	21.9381688466112	1	CheckV-000211	29.2	23.35	2.7502033598585323	8.695075154730327	2	1.0
k141_186508	1795	NA	NA	NA	NA	NA	0	NA	NA	NA	NA	NA	0	1.0
k141_193847	2816	NA	35722.0	7.883097250993785	low	11.993614049092	1	CheckV-044817	57.6	16.52	NA	NA	0	1.0
k141_108972	3845	NA	355090.9766440161	1.0828210945654833	high	3.29113924050633	23	CheckV-062241	58.22	85.8	1.2024767962614398	6.008926461997794	3	1.0
k141_79656	5224	NA	58736.0	8.894034323072733	medium	7.18356758350334	1	CheckV-000253	29.06	100.0	NA	NA	0	1.0
k141_230646	3348	NA	152007.87597177524	2.2025174541756343	high	4.90119268422954	7	CheckV-041987	60.0	58.86	1.4823318748896723	2.877871568735295	4	1.0
k141_193861	1481	NA	42860.1363094662	3.4554253148114755	medium	8.35028413344106	75	CheckV-016822	49.5	50.32	2.3350271950271946	4.272634032634032	2	1.0
k141_16564	1123	NA	38059.0	2.950681836096587	medium	7.29637658717869	1	CheckV-054009	49.3	100.0	1.44	4.07	1	1.0
k141_20499	3884	NA	55995.942072389116	6.936216904751658	low	13.5912336222927	28	CheckV-001375	24.5	49.42	NA	NA	0	1.0
k141_57483	2113	NA	359312.2377622378	0.588067919189049	low	18.8069420012078	2	CheckV-061367	29.1	58.22	0.47000000000000003	0.63	1	1.0
k141_186518	1335	NA	38059.0	3.507711710764865	low	11.4280975286117	1	CheckV-054009	39.3	100.0	1.71	4.84	1	1.0
k141_208760	3946	NA	113931.32520325204	3.4634899514776873	medium	6.46233739979285	2	CheckV-000334	33.2	68.86	NA	NA	0	1.0
k141_53362	2950	NA	73459.00536885922	4.0158452802174285	low	19.6969102730118	31	CheckV-040357	29.0	57.32	4.41	9.68	1	1.0
k141_138645	2200	NA	49729.65436473797	4.423919747891841	medium	9.82267274135623	168	CheckV-011892	45.9	47.44	3.26	6.39	1	1.0
k141_120223	3040	NA	143855.0	2.1132390254075286	low	10.8819485366333	1	CheckV-044766	41.67	49.54	NA	NA	0	1.0
k141_105082	5613	NA	NA	NA	NA	NA	0	NA	NA	NA	NA	NA	0	1.01
k141_160705	1598	NA	NA	NA	NA	NA	0	NA	NA	NA	NA	NA	0	1.0
k141_190318	3815	NA	48861.50469935162	7.807782473081767	low	10.3161857728861	44	CheckV-004110	30.33	45.61	2.7387990293969997	9.35685565328243	5	1.0
k141_216236	5066	NA	40178.09860064781	12.608859494207918	low	14.6384327283204	6	CheckV-060046	63.5	16.84	5.128693652253909	14.617727690892364	2	1.0
k141_197537	1507	NA	114204.30741605317	1.3195649394465554	low	19.4474773902474	2	CheckV-015265	35.5	24.83	0.67	0.8800000000000001	1	1.0
k141_24083	2886	467	37390.0	1.2489970580369083	low	15.7078342823483	1	CheckV-010996	33.8	14.12	0.69	1.36	1	1.02
k141_204831	3740	NA	354444.45341072575	1.0551723871007046	medium	5.78034682080925	14	CheckV-061425	34.33	81.24	0.8771780975956393	1.355487626797023	6	1.0
k141_172087	2902	NA	39615.91897159134	7.325338084624594	low	15.760181986278	2	CheckV-004511	33.2	34.98	NA	NA	0	1.0
k141_49848	1556	NA	NA	NA	NA	NA	0	NA	NA	NA	NA	NA	0	1.0
k141_46253	9686	NA	NA	NA	NA	NA	0	NA	NA	NA	NA	NA	0	1.0
k141_83063	12171	NA	175960.56200513168	6.91689084264521	low	23.5973739108457	16	CheckV-015687	42.9	9.41	10.89	31.89	1	1.0
k141_131236	2544	NA	280900.56999877654	0.9056585396074777	low	15.760181986278	114	CheckV-016743	33.6	37.47	NA	NA	0	1.0
k141_38832	1304	NA	NA	NA	NA	NA	0	NA	NA	NA	1.97	3.42	1	1.0
k141_208801	2338	NA	NA	NA	NA	NA	0	NA	NA	NA	NA	NA	0	1.0
k141_57501	1207	NA	326369.6604377577	0.36982604277035375	low	11.6489254870456	5	CheckV-062163	38.83	87.27	0.27	0.36	1	1.0
k141_230673	2034	NA	168108.94529024683	1.2099296658415277	low	11.7390330599321	83	CheckV-000626	41.49	42.46	0.9100000000000001	1.19	1	1.0
k141_168125	1234	NA	207166.0	0.595657588600446	medium	9.65684937534007	1	CheckV-041987	32.9	18.68	0.5500000000000002	1.265625	2	1.0
k141_97798	2614	NA	NA	NA	NA	NA	0	NA	NA	NA	NA	NA	0	1.0
k141_38866	1750	NA	48681.47373156292	3.594796676965384	medium	6.29534285045635	440	CheckV-014966	54.2	55.07	3.0	5.36	1	1.0
k141_16605	1890	NA	182585.38728213194	1.0351321253762558	low	10.9454880691546	61	CheckV-049748	39.52	84.45	0.848204081632653	2.1611836734693877	2	1.0
k141_164482	3865	NA	106233.0	3.638229175491608	medium	9.77042178323545	1	CheckV-000545	46.66	43.09	NA	NA	0	1.0
k141_16607	3449	NA	184225.4094023014	1.8721630263653057	low	11.7390330599321	79	CheckV-049748	38.4	42.4	3.773247561055457	6.758615203299941	3	1.0
k141_75707	3261	NA	NA	NA	NA	NA	0	NA	NA	NA	NA	NA	0	1.0
k141_20559	6435	NA	166072.2789606709	3.874818868189273	low	25.4390035413359	134	CheckV-012033	37.8	16.63	8.02	16.6	1	1.0
k141_120290	2604	NA	65126.072555454506	3.998398641009264	low	11.7003954408002	3	CheckV-000253	29.65	91.07	NA	NA	0	1.0
k141_8802	4898	NA	82775.4755725559	5.917211548614679	low	15.7608836305676	124	CheckV-000545	73.0	12.42	NA	NA	0	1.0
k141_197565	3143	NA	NA	NA	NA	NA	0	NA	NA	NA	NA	NA	0	1.0
k141_16612	1294	NA	46556.952679639515	2.7793915312801336	high	3.13206364758168	15	CheckV-012012	76.8	65.97	1.16	3.85	1	1.0
k141_204881	4197	NA	57200.625470887586	7.33733235510873	medium	8.06270996640538	3	CheckV-042284	37.4	60.63	5.293458333333334	6.049166666666666	2	1.0
k141_193921	4234	NA	86709.60381907818	4.882965454246971	medium	5.46581517655898	4	CheckV-060036	53.0	45.89	NA	NA	0	1.0
k141_120292	2562	NA	202669.39663815984	1.2641277087206815	low	21.1303462321792	2	CheckV-020982	30.6	38.86	NA	NA	0	1.0
k141_20589	3552	NA	47181.36029592108	7.528396760334775	low	13.0126738159548	25	CheckV-018104	45.54	23.52	1.93	10.5	1	1.0
k141_31298	2927	NA	116034.23107533391	2.5225314744402265	low	11.7390330599321	94	CheckV-000708	38.3	41.49	1.86	6.65	1	1.0
k141_179348	4950	NA	38080.11210091802	12.998911313290664	high	4.05454545454545	4	CheckV-018399	62.0	53.84	7.516721311475411	13.918761384335157	2	1.0
k141_190347	18079	NA	36780.18569975522	49.15418358021048	medium	6.48181636070989	2	CheckV-018775	37.9	48.67	35.91285979294715	51.82884783598927	8	1.0
k141_179359	5001	NA	45493.99763480663	10.99265894403139	low	14.6911520575663	37	CheckV-000253	35.8	35.45	NA	NA	0	1.0
k141_83100	8743	NA	35056.25709623395	24.93991294050399	low	13.4916850450021	2	CheckV-060490	24.88	41.02	NA	NA	0	1.0
k141_123732	2592	NA	51650.92691043405	5.018302971589824	medium	6.26853028377806	201	CheckV-014520	58.2	51.62	4.0820283975659235	7.779533468559839	2	1.0
k141_145707	1930	NA	NA	NA	NA	NA	0	NA	NA	NA	2.86	5.610000000000001	1	1.0
k141_53465	1058	NA	106233.0	0.9959240537309499	medium	6.56994077002317	1	CheckV-000545	51.68	64.02	1.58	3.47	1	1.0
k141_127539	2786	NA	NA	NA	NA	NA	0	NA	NA	NA	NA	NA	0	1.0
k141_101492	1496	NA	44255.78765060817	3.3803488298765862	low	18.5122354407915	40	CheckV-031814	31.0	60.53	2.34	11.39	1	1.0
k141_212315	4265	NA	NA	NA	NA	NA	0	NA	NA	NA	NA	NA	0	1.0
k141_27764	5114	1632	52812.520387695746	3.0901763218636753	medium	7.95841548664635	25	CheckV-043375	39.3	61.06	3.88	10.93	1	1.0
k141_193939	14701	NA	71688.94609628766	20.5066482359144	low	28.292853557284	89	CheckV-002708	25.3	22.19	NA	NA	0	1.0
k141_190385	1073	NA	NA	NA	NA	NA	0	NA	NA	NA	NA	NA	0	1.0
k141_175624	2172	NA	96121.21140354328	2.2596469273377617	low	10.9970674486804	4	CheckV-044766	40.2	47.17	1.4	5.89	1	1.0
k141_186563	2792	NA	143328.13959651144	1.9479775624380995	high	2.00580746035291	78	CheckV-000545	79.99	92.35	NA	NA	0	1.0
k141_208849	7867	NA	61341.28981921445	12.824966711958107	low	25.5595308871383	72	CheckV-011803	30.3	16.43	NA	NA	0	1.0
k141_38941	1598	NA	39848.91506870787	4.010146818915179	high	2.94652600945798	5	CheckV-060045	67.9	85.63	1.42	5.35	1	1.0
k141_112710	18159	NA	88095.1116956713	20.612948494498898	medium	8.09634270615345	25	CheckV-000545	49.88	24.98	NA	NA	0	1.0
k141_42454	2656	NA	NA	NA	NA	NA	0	NA	NA	NA	NA	NA	0	1.0
k141_172212	2688	NA	NA	NA	NA	NA	0	NA	NA	NA	NA	NA	0	1.0
k141_109082	3007	NA	NA	NA	NA	NA	0	NA	NA	NA	NA	NA	0	1.0
k141_175643	3469	NA	NA	NA	NA	NA	0	NA	NA	NA	NA	NA	0	1.0
k141_112719	1965	NA	64545.0	3.0443876365326514	low	19.7445197918309	1	CheckV-000267	40.7	18.69	1.944880847308032	6.516663724624891	2	1.0
k141_230782	4003	NA	40731.349422306586	9.827810904314775	low	13.5912336222927	159	CheckV-001032	25.4	51.97	2.94	11.59	1	1.0
k141_12953	6160	NA	361027.1670218287	1.7062427879915056	high	4.82495225970719	22	CheckV-061348	42.45	96.74	2.370137094537233	7.686751758861554	3	1.0
k141_201381	1443	NA	32188.999999999996	4.482897884370438	medium	6.52300524170064	1	CheckV-044737	52.43	69.82	2.79	4.64	1	1.0
k141_204927	2279	NA	NA	NA	NA	NA	0	NA	NA	NA	NA	NA	0	1.0
k141_5538	2551	NA	175336.9300125858	1.454913120594097	medium	9.97120230381569	11	CheckV-018102	44.31	63.16	1.8200344234079169	2.493184165232358	2	1.0
k141_172242	7131	NA	NA	NA	NA	NA	0	NA	NA	NA	NA	NA	0	1.0
k141_175655	2175	NA	124683.72506534714	1.7444137146689156	low	10.9454880691546	2	CheckV-044766	40.46	83.45	1.4	5.9	1	1.0
k141_223637	4881	NA	NA	NA	NA	NA	0	NA	NA	NA	NA	NA	0	1.0
k141_220170	3247	NA	67707.11310881251	4.7956556570086315	low	33.1585347120968	6	CheckV-016171	26.2	35.62	NA	NA	0	1.0
k141_179419	2732	NA	NA	NA	NA	NA	0	NA	NA	NA	NA	NA	0	1.0
k141_5556	3923	NA	65198.13078147036	6.017043668244146	medium	9.41844440769528	3	CheckV-000253	30.47	64.41	NA	NA	0	1.0
k141_42472	6158	NA	NA	NA	NA	NA	0	NA	NA	NA	NA	NA	0	1.0
k141_123791	3019	NA	NA	NA	NA	NA	0	NA	NA	NA	NA	NA	0	1.0
k141_149878	3970	NA	NA	NA	NA	NA	0	NA	NA	NA	NA	NA	0	1.0
k141_153389	2052	NA	48393.40175175752	4.24024748358484	low	12.1929432782492	4	CheckV-044784	39.4	37.17	NA	NA	0	1.0
k141_175668	1927	NA	49431.25546196095	3.8983432283707473	high	3.62493958434026	39	CheckV-013842	52.31	55.3	1.6062549800796813	5.797211155378486	2	1.0
k141_27786	3736	NA	111200.88487917921	3.3596854953620183	low	13.0126738159548	64	CheckV-002183	42.7	26.87	1.8011879576891778	9.442978030919447	2	1.0
k141_201423	3595	NA	NA	NA	NA	NA	0	NA	NA	NA	4.597077267637178	13.534904815229563	2	1.0
k141_183226	2899	NA	52752.196754675635	5.4955057388070765	low	13.957011667213	41	CheckV-012808	36.2	49.89	NA	NA	0	1.0
k141_168206	2948	NA	65868.9762284112	4.4755515704044635	low	21.9381688466112	3	CheckV-060033	30.3	24.41	NA	NA	0	1.0
k141_168214	2702	NA	217605.057278447	1.2416990826378296	low	11.3595528049511	10	CheckV-049748	45.2	86.32	NA	NA	0	1.0
k141_86753	4562	NA	236268.01400459214	1.930858063551223	medium	9.77042178323545	16	CheckV-000523	45.1	43.35	NA	NA	0	1.0
k141_230811	2699	NA	51423.02657044448	5.248621444524732	low	21.1303462321792	7	CheckV-052012	28.9	41.73	NA	NA	0	1.0
k141_35065	3512	NA	143855.0	2.441347189878697	low	11.6380162023316	1	CheckV-044766	43.8	29.14	NA	NA	0	1.03
k141_131378	11110	NA	172064.4793118693	6.456881771549703	high	3.57533966285403	88	CheckV-041987	64.47	32.09	4.354583510795729	11.75603153175915	4	1.0
k141_83180	1179	NA	NA	NA	NA	NA	0	NA	NA	NA	NA	NA	0	1.0
k141_123809	2763	NA	38974.13281243648	7.089317453955867	medium	9.51279250664113	5	CheckV-044737	38.79	93.91	NA	NA	0	1.0
k141_194040	8618	NA	44198.18391729512	19.49853870947784	low	22.0478038089032	63	CheckV-025841	27.4	26.91	NA	NA	0	1.0
k141_197683	2741	NA	56660.31777482191	4.837600824783965	high	3.1931553463185	90	CheckV-016989	71.27	95.99	NA	NA	0	1.0
k141_5593	8538	NA	114500.42228739004	7.456741057749174	low	17.4785801713586	2	CheckV-044766	34.3	19.73	5.51	23.16	1	1.0
k141_127618	5961	NA	NA	NA	NA	NA	0	NA	NA	NA	NA	NA	0	1.0
k141_24262	4193	904	262896.26233148127	0.3438618685495659	low	13.0126738159548	43	CheckV-019443	42.8	23.69	0.25842975206611574	0.503305785123967	2	1.0
k141_35104	2829	NA	35722.0	7.919489390291697	medium	9.38815150534153	1	CheckV-044817	44.04	33.94	3.28	11.02	1	1.0
k141_172289	1171	NA	48932.98346365467	2.3930688813809375	low	10.7012750455373	103	CheckV-009079	41.6	65.04	0.7	3.11	1	1.0
k141_164648	4204	NA	38059.0	11.04600751464831	low	11.5125421190565	1	CheckV-054009	46.39	33.92	5.39	15.230000000000002	1	1.0
k141_83197	12052	NA	108389.46212180947	11.119162106788396	low	23.7881428775411	66	CheckV-061723	51.4	3.82	4.9	24.82	1	1.0
k141_194054	1827	NA	36896.05046800382	4.951749514719388	high	2.60661557643379	2	CheckV-054009	76.01	91.86	1.6199999999999999	6.12	1	1.0
k141_175717	4825	NA	88406.68646298903	5.457731980510275	low	11.6380162023316	3	CheckV-003291	43.16	30.48	3.9699999999999998	15.130000000000003	1	1.0
k141_83204	1693	NA	39884.16700035752	4.244792175262991	medium	9.97120230381569	134	CheckV-054009	42.6	63.34	2.17	6.13	1	1.0
k141_120405	7675	NA	55464.09719293281	13.837780453366763	low	20.455764075067	20	CheckV-031663	26.1	33.49	NA	NA	0	1.0
k141_216441	2125	NA	77297.0954497667	2.7491330529760725	low	18.4248232254532	36	CheckV-014012	30.3	63.57	NA	NA	0	1.0
k141_208929	1329	NA	32189.0	4.128739631551151	high	4.7385831317676	1	CheckV-044737	57.9	100.0	1.09	7.58	1	1.0
k141_223694	4468	NA	168475.85922496722	2.6520119977746144	low	16.354663036079	15	CheckV-059104	41.0	20.66	NA	NA	0	1.0
k141_234737	1166	NA	47111.76720980416	2.474965532087598	low	10.7012750455373	338	CheckV-022149	37.7	65.81	1.6687445887445889	2.984891774891775	2	1.0
k141_94136	3620	NA	NA	NA	NA	NA	0	NA	NA	NA	NA	NA	0	1.0
k141_216467	4044	NA	97234.727889661	4.159007885113853	high	4.65404134175022	56	CheckV-044473	45.0	96.05	5.276190476190476	12.826666666666668	2	1.0
k141_109177	1030	NA	36178.673125133566	2.8469811384112154	high	2.69320843091335	331	CheckV-016204	69.2	71.55	1.54	3.38	1	1.0
k141_138839	1194	NA	NA	NA	NA	NA	0	NA	NA	NA	NA	NA	0	1.0
k141_131428	2838	NA	NA	NA	NA	NA	0	NA	NA	NA	NA	NA	0	1.03
k141_46429	3803	NA	143855.0	2.6436342150081678	high	3.21556557579932	1	CheckV-044766	58.3	77.32	NA	NA	0	1.0
k141_109194	3629	NA	283422.33703995973	1.280421309731966	low	11.8740654837217	7	CheckV-021782	61.0	21.86	NA	NA	0	1.0
k141_2117	2827	NA	45524.716835540115	6.209813473882006	low	10.7660094224394	76	CheckV-061320	37.65	91.15	3.6698496369073044	7.3195506193934206	3	1.0
k141_50043	1016	NA	170350.0501743299	0.5964189614034533	medium	5.75210558051383	7	CheckV-015475	52.3	85.15	0.36	1.67	1	1.0
k141_105262	3849	NA	NA	NA	NA	NA	0	NA	NA	NA	NA	NA	0	1.0
k141_90506	2066	NA	35600.56708552898	5.803278343955913	low	14.7807123818755	2	CheckV-040789	33.5	43.04	2.6267317708333335	6.451171875	2	1.0
k141_57680	2189	NA	50456.850622889746	4.338360347458865	low	17.188684785418	2	CheckV-000337	42.2	15.84	2.54	8.52	1	1.0
k141_112802	1848	NA	NA	NA	NA	NA	0	NA	NA	NA	NA	NA	0	1.0
k141_64839	10317	NA	74726.58044053082	13.806332283879247	medium	9.14234112693525	20	CheckV-060035	45.33	29.19	15.43	33.84	1	1.0
k141_16779	5555	NA	51999.20747305191	10.682855124049391	low	10.4596183917162	37	CheckV-012808	64.6	18.68	NA	NA	0	1.0
k141_216488	3260	NA	36167.983402489626	9.013496726432356	low	14.8448260270765	2	CheckV-060046	41.56	28.92	3.6280549682875263	11.487558139534881	2	1.0
k141_234750	6506	NA	143855.0	4.522609572138612	medium	7.54266741111789	1	CheckV-044766	66.48	25.97	5.116125108601216	18.306281494352735	2	1.01
k141_13038	2921	NA	NA	NA	NA	NA	0	NA	NA	NA	NA	NA	0	1.0
k141_5632	4220	NA	164119.3268286482	2.571299847217853	low	10.3161857728861	6	CheckV-018941	31.11	42.64	1.9052088571880075	3.9969743942949134	6	1.0
k141_134727	2898	NA	146572.1054589171	1.9771838515428057	low	15.1381313075547	253	CheckV-016005	37.0	42.25	NA	NA	0	1.0
k141_94157	4274	NA	118978.53067390343	3.59224473171062	low	15.1657311952622	9	CheckV-016010	40.6	24.87	NA	NA	0	1.0
k141_190501	2819	NA	NA	NA	NA	NA	0	NA	NA	NA	NA	NA	0	1.0
k141_175766	3111	NA	51192.148674400414	6.077103775789965	low	14.8448260270765	193	CheckV-015392	39.0	28.21	NA	NA	0	1.0
k141_57728	2303	NA	135318.072737166	1.7019160511347322	medium	9.53752329324072	152	CheckV-024279	52.07	89.19	NA	NA	0	1.01
k141_46459	3121	NA	39793.89542386382	7.842911498753103	low	10.8990753492032	562	CheckV-018775	44.14	78.93	5.095939968404424	8.424518167456554	2	1.0
k141_227482	4238	2122	39278.38685234289	5.402462193717679	medium	8.16402444995913	5	CheckV-060046	47.7	45.66	2.43	6.19	1	1.0
k141_86864	3421	NA	41382.791429398705	8.266721218737533	high	1.52060170045782	2	CheckV-043375	82.4	100.0	3.33	8.92	1	1.0
k141_116606	14867	NA	102545.44881862597	14.497961802571597	medium	7.81059947871416	3	CheckV-044818	40.96	53.11	6.286051454138702	14.177930648769575	2	1.0
k141_83230	1052	NA	250526.31563734464	0.41991596664154346	medium	9.0304258705784	2	CheckV-062348	44.7	84.07	0.4699999999999999	0.62	1	1.0
k141_42579	12236	NA	94658.63369154124	12.926448991301484	low	11.4453806865935	37	CheckV-044766	33.22	35.35	NA	NA	0	1.0
k141_209005	2287	NA	106233.0	2.1528150386414766	low	10.6944003686965	1	CheckV-000545	41.57	67.14	NA	NA	0	1.0
k141_120464	2264	NA	39401.89529408631	5.745916492346488	high	4.90119268422954	23	CheckV-019220	61.15	60.69	3.017593850554165	5.944890954594208	3	1.0
k141_223766	2851	NA	NA	NA	NA	NA	0	NA	NA	NA	NA	NA	0	1.0
k141_179531	1681	NA	NA	NA	NA	NA	0	NA	NA	NA	NA	NA	0	1.0
k141_227524	5558	NA	198067.0294989851	2.806120743093428	low	14.6911520575663	83	CheckV-051516	35.7	35.21	NA	NA	0	1.0
k141_72142	2596	NA	NA	NA	NA	NA	0	NA	NA	NA	NA	NA	0	1.0
k141_86906	11672	NA	143855.0	8.113725626498905	medium	7.71885786005648	1	CheckV-044766	51.21	31.57	10.33417794115664	35.536373001130706	3	1.0
k141_186723	1921	NA	NA	NA	NA	NA	0	NA	NA	NA	NA	NA	0	1.0
k141_138924	2722	NA	74841.33100624125	3.637027780509414	low	14.8448260270765	102	CheckV-002509	41.4	29.87	NA	NA	0	1.0
k141_75907	2353	NA	57820.435276691984	4.069495479824792	medium	7.52853380158033	85	CheckV-011671	48.74	93.19	2.15	7.31	1	1.0
k141_216557	4317	NA	NA	NA	NA	NA	0	NA	NA	NA	NA	NA	0	1.0
k141_2190	1371	NA	289022.68959562044	0.47435722154485643	medium	8.84353741496599	29	CheckV-061425	43.0	77.02	0.61	0.8	1	1.0
k141_179553	8350	NA	44396.26584051155	18.80788810031098	low	17.6045073650536	2	CheckV-059090	62.54	12.16	NA	NA	0	1.0
k141_98018	6375	NA	76861.16238746248	8.294175890631449	high	3.21556557579932	5	CheckV-060039	60.1	76.43	0.66	8.39	1	1.0
k141_197787	12452	NA	105156.82283128289	11.841361943749863	low	15.7472323702244	68	CheckV-026226	37.8	18.91	13.893141419620758	39.672052630669214	6	1.0
k141_46511	1711	NA	37526.080064857575	4.559495681517552	low	16.0119781574775	63	CheckV-000659	29.4	67.6	2.0763018867924528	7.336301886792453	2	1.0
k141_101679	1119	NA	219731.1379185158	0.5092587289175945	medium	7.29637658717869	16	CheckV-061678	50.4	100.0	0.2	0.66	1	1.0
k141_209057	6029	NA	75967.07201572815	7.9363332560082895	medium	7.32074781258497	118	CheckV-000545	73.0	13.47	NA	NA	0	1.0
k141_90600	4004	NA	36746.599643388836	10.896246289064106	medium	5.64074565166524	3	CheckV-044817	43.2	72.58	5.14	14.5	1	1.0
k141_220382	1910	NA	68867.13387474959	2.7734564988195465	low	14.7807123818755	11	CheckV-044766	35.4	46.86	2.122832980972516	6.73553911205074	2	1.0
k141_53687	5193	NA	36251.4416496549	14.324947543291524	medium	8.79473845212603	7	CheckV-018405	34.9	56.12	1.42	13.84	1	1.0
k141_186742	2573	NA	NA	NA	NA	NA	0	NA	NA	NA	NA	NA	0	1.0
k141_138946	1911	NA	38224.967741296525	4.999350196796745	medium	8.75658521623847	160	CheckV-044157	50.66	69.39	4.190502872318929	5.879215380618343	3	1.0
k141_61254	2528	NA	110732.83899637655	2.282972262711265	low	29.5168603908545	2	CheckV-019320	26.0	43.6	1.69	4.94	1	1.0
k141_94213	3993	NA	85526.1124360869	4.668749562285954	low	19.6271853652889	24	CheckV-041510	58.4	9.98	2.05	9.32	1	1.0
k141_61270	3595	NA	247836.78498229486	1.4505514184493726	low	22.6418050767784	5	CheckV-040127	32.5	31.29	NA	NA	0	1.0
k141_80104	3588	NA	71561.1501553944	5.013893700993751	medium	5.39638386648122	2	CheckV-060033	34.5	90.95	NA	NA	0	1.0
k141_134830	2024	NA	36427.05380934087	5.556309907997535	low	19.7445197918309	33	CheckV-011940	41.0	21.79	2.17	6.6	1	1.0
k141_131630	1578	NA	196161.3620709108	0.8044397649673565	medium	9.53752329324072	47	CheckV-053867	49.3	92.12	0.84	3.54	1	1.0
k141_157525	3297	NA	NA	NA	NA	NA	0	NA	NA	NA	4.64	7.77	1	1.0
k141_172540	1685	NA	50538.353868876315	3.334101471472135	low	12.9948120840075	81	CheckV-027681	51.2	18.65	2.39	4.61	1	1.0
k141_212582	3584	NA	39784.0	9.008646692137543	medium	6.04248823304923	1	CheckV-044789	44.5	71.61	3.19	12.0	1	1.0
k141_120560	9329	NA	126847.59500177945	7.354494974752285	medium	5.44821583986075	84	CheckV-014136	28.76	58.73	3.0785676463008707	19.154718970438516	3	1.0
k141_105356	4207	NA	60221.81593285701	6.985840487923018	low	15.2023692003949	50	CheckV-040086	25.5	45.45	NA	NA	0	1.0
k141_35241	3099	NA	170041.51912180055	1.822496068022181	low	16.0119781574775	24	CheckV-002220	27.8	68.89	NA	NA	0	1.0
k141_212612	2647	NA	41581.81203250895	6.365763949706081	medium	9.52100510404397	16	CheckV-060046	46.3	54.71	3.96	8.68	1	1.0
k141_160964	3070	NA	190353.0	1.612793073920558	low	21.9134402169615	1	CheckV-000988	25.2	85.73	NA	NA	0	1.0
k141_124038	5267	NA	215328.57256867853	2.446029311005674	low	18.1585854626757	5	CheckV-009963	31.43	35.49	0.51	3.01	1	1.0
k141_157529	6808	NA	38968.758595585765	17.470405127997033	low	15.1657311952622	5	CheckV-044737	42.4	25.79	6.06	22.8	1	1.02
k141_153609	3327	NA	NA	NA	NA	NA	0	NA	NA	NA	NA	NA	0	1.0
k141_131669	4558	NA	143855.0	3.1684682492787877	medium	6.46199838462795	1	CheckV-044766	33.23	96.01	3.9001560468140446	10.173641092327697	2	1.0
k141_83327	2761	NA	369078.2477464756	0.7480798494243868	high	3.59564862876121	36	CheckV-062241	64.93	73.26	1.0552986217457885	2.064777947932619	2	1.0
k141_227586	1103	NA	40713.84761898516	2.7091519581304895	medium	9.43002938697405	41	CheckV-032421	44.95	90.24	0.77	3.76	1	1.0
k141_194214	1433	NA	45944.7997945839	3.11896015742118	low	15.1046859421735	13	CheckV-015923	37.3	80.17	2.6500000000000004	4.46	1	1.0
k141_39240	1460	NA	103256.99999999999	1.4139477226725552	low	13.8078132016165	1	CheckV-044786	33.8	62.0	1.87	5.29	1	1.0
k141_98062	6066	NA	NA	NA	NA	NA	0	NA	NA	NA	NA	NA	0	1.0
k141_168422	17818	NA	267013.54162585916	6.673069796949354	low	22.2765314016457	39	CheckV-044786	24.9	20.09	NA	NA	0	1.0
k141_101752	7396	NA	556160.7806539132	1.3298312749245027	low	16.7746825248758	2	CheckV-000689	34.1	26.65	NA	NA	0	1.0
k141_98075	3865	NA	143855.0	2.6867331688158216	high	4.54554919312858	1	CheckV-044766	53.65	71.32	NA	NA	0	1.0
k141_98076	3082	NA	NA	NA	NA	NA	0	NA	NA	NA	NA	NA	0	1.0
k141_139010	2197	NA	137333.54233529276	1.5997548469522018	medium	8.47685945009496	19	CheckV-000115	39.5	100.0	NA	NA	0	1.0
k141_179650	4599	NA	46524.84391488754	9.885041223165416	low	10.7959242051495	78	CheckV-009333	29.8	58.04	NA	NA	0	1.0
k141_223834	2394	NA	44792.30382386233	5.344668158650589	medium	9.38815150534153	25	CheckV-040654	46.0	33.16	3.0603583426651735	9.020190369540874	2	1.0
k141_175864	1504	NA	NA	NA	NA	NA	0	NA	NA	NA	1.97	4.2	1	1.0
k141_175865	1208	NA	NA	NA	NA	NA	0	NA	NA	NA	NA	NA	0	1.0
k141_50154	2521	NA	79918.5084858546	3.154463274857302	low	10.4791830322074	8	CheckV-003291	33.4	84.23	NA	NA	0	1.0
k141_201636	3270	NA	NA	NA	NA	NA	0	NA	NA	NA	NA	NA	0	1.0
k141_197846	3054	NA	32189.0	9.487713193948244	medium	6.50440235702245	1	CheckV-044737	51.99	47.11	5.92	9.83	1	1.0
k141_83360	2774	NA	183876.12859180762	1.5086243229310585	low	15.1381313075547	3	CheckV-040127	36.0	40.14	NA	NA	0	1.0
k141_197855	3666	NA	55350.81046869654	6.62320925196442	low	10.7959242051495	2	CheckV-013796	28.3	60.05	NA	NA	0	1.0
k141_183440	4468	NA	247809.7505628771	1.8029960442845159	low	10.3161857728861	3	CheckV-020772	32.1	42.74	NA	NA	0	1.0
k141_168445	3398	NA	171357.38739424534	1.9829900838661563	medium	8.41622724100411	56	CheckV-016497	52.2	30.82	1.24	7.46	1	1.0
k141_57861	2540	NA	NA	NA	NA	NA	0	NA	NA	NA	NA	NA	0	1.0
k141_50180	1630	NA	76262.84705648749	2.1373448053842883	high	4.08059193313848	419	CheckV-014520	58.7	72.64	NA	NA	0	1.0
k141_116774	1356	NA	184484.63091188244	0.735020577756248	medium	6.22276417638962	6	CheckV-061494	51.88	89.81	0.55	0.88	1	1.0
k141_223860	3479	NA	NA	NA	NA	NA	0	NA	NA	NA	NA	NA	0	1.0
k141_209155	1626	NA	90018.58441891393	1.8062936786843748	low	12.9831144465291	6	CheckV-044766	36.4	60.48	1.69	4.85	1	1.0
k141_161026	2525	2138	147789.9074743065	1.4466481754660376	low	11.3661940130542	27	CheckV-047659	40.5	55.75	1.08	4.96	1	1.0
k141_42781	1198	NA	71196.28270445479	1.682672120640142	medium	6.28980688067528	2	CheckV-030960	48.01	79.43	1.78	3.7899999999999996	1	1.0
k141_227651	2219	NA	57088.0	3.8869815022421523	medium	9.51279933938893	1	CheckV-000337	33.6	100.0	3.5	6.71	1	1.0
k141_212683	3263	NA	NA	NA	NA	NA	0	NA	NA	NA	NA	NA	0	1.0
k141_42793	1856	NA	37231.67714099642	4.985002402581342	medium	9.51279250664113	2	CheckV-054009	42.21	94.31	NA	NA	0	1.0
k141_145890	3424	NA	57854.365066373495	5.918308836458254	low	29.5168603908545	134	CheckV-021196	25.3	47.12	NA	NA	0	1.0
k141_139033	3292	NA	75918.37963527071	4.336235857266082	low	15.1381313075547	3	CheckV-054009	33.9	40.66	NA	NA	0	1.0
k141_101798	3798	NA	43027.32912783195	8.826948074597752	medium	5.55225339008813	140	CheckV-012012	71.8	25.73	5.821954022788687	10.604297024446998	5	1.0
k141_145891	2607	NA	NA	NA	NA	NA	0	NA	NA	NA	NA	NA	0	1.0
k141_197896	5053	NA	286025.55936202087	1.7666253363058535	low	11.5125421190565	8	CheckV-061425	43.81	33.21	NA	NA	0	1.0
k141_161065	2513	2126	132474.39969539506	1.604838372461711	low	11.3661940130542	38	CheckV-060825	41.3	55.6	1.08	4.93	1	1.0
k141_109408	3771	NA	NA	NA	NA	NA	0	NA	NA	NA	NA	NA	0	1.0
k141_186823	2279	NA	369286.0	0.6171368532790303	low	10.0451710045171	2	CheckV-062241	39.0	74.11	0.59	0.69	1	1.0
k141_50239	5991	NA	141320.84047600813	4.239289817284298	low	22.1130987526063	45	CheckV-001355	42.8	15.18	NA	NA	0	1.0
k141_50240	3071	NA	167160.39511215492	1.8371576580322972	low	20.4541717367711	6	CheckV-018576	29.7	36.62	NA	NA	0	1.0
k141_68457	2584	NA	68650.74145059686	3.763979740640564	low	14.8448260270765	31	CheckV-060047	39.3	31.24	1.44	7.529999999999999	1	1.0
k141_142689	1624	NA	55692.41030207975	2.9160167268597355	medium	9.52100510404397	55	CheckV-000338	43.9	55.6	NA	NA	0	1.0
k141_2356	4275	NA	NA	NA	NA	NA	0	NA	NA	NA	NA	NA	0	1.0
k141_42832	2692	NA	59758.0	4.504836172562669	low	NA	1	CheckV-005091	21.3	33.63	NA	NA	0	1.0
k141_150195	2402	NA	38766.009301791455	6.196149779825283	low	15.1381313075547	2	CheckV-057543	36.5	41.69	2.8264788732394366	5.96	2	1.0
k141_61360	3849	NA	NA	NA	NA	NA	0	NA	NA	NA	NA	NA	0	1.0
k141_145920	1571	NA	NA	NA	NA	NA	0	NA	NA	NA	NA	NA	0	1.0
k141_183505	3041	NA	84873.02860945427	3.5829992752977518	low	12.2982618713685	374	CheckV-000715	33.2	72.58	NA	NA	0	1.0
k141_201709	2466	NA	90390.0106874484	2.72817757321322	medium	8.41622724100411	304	CheckV-058586	52.2	29.48	3.73	6.48	1	1.0
k141_53872	2673	NA	NA	NA	NA	NA	0	NA	NA	NA	NA	NA	0	1.0
k141_209239	2871	NA	73927.11140867505	3.883554957434871	medium	9.69093101478708	20	CheckV-060044	44.4	49.12	NA	NA	0	1.0
k141_76079	1354	NA	230594.20829426753	0.5871786676758697	medium	7.76410691557064	12	CheckV-061348	50.4	56.61	0.6	0.86	1	1.0
k141_28122	1238	NA	NA	NA	NA	NA	0	NA	NA	NA	NA	NA	0	1.0
k141_212731	2021	NA	143855.0	1.404886865246255	high	2.94652600945798	1	CheckV-044766	68.42	84.27	0.98	4.760000000000001	1	1.0
k141_57969	1854	NA	NA	NA	NA	NA	0	NA	NA	NA	2.38	6.71	1	1.0
k141_17036	22598	NA	146828.56622952368	15.390738042537725	medium	6.55769092693201	79	CheckV-000545	83.42	16.96	NA	NA	0	1.0
k141_124116	1420	NA	106233.0	1.336684457748534	high	4.7385831317676	1	CheckV-000545	59.24	100.0	1.48	4.23	1	1.0
k141_205186	1234	NA	111208.39408528197	1.1096284683813409	low	28.2796463774007	5	CheckV-000145	27.3	100.0	NA	NA	0	1.0
k141_17052	7557	NA	129778.2239817282	5.823010801152564	low	27.4561384438116	8	CheckV-040127	33.0	12.28	NA	NA	0	1.0
k141_216796	5314	NA	56770.0	9.360577769948916	low	37.2876909620282	1	CheckV-003832	29.1	7.14	NA	NA	0	1.0
k141_209280	2774	NA	NA	NA	NA	NA	0	NA	NA	NA	NA	NA	0	1.0
k141_153745	3223	NA	NA	NA	NA	NA	0	NA	NA	NA	NA	NA	0	1.0
k141_234972	3801	NA	63637.62580335731	5.972881533552548	medium	6.92502645511634	2	CheckV-060036	53.1	37.06	2.68	9.34	1	1.0
k141_65108	2619	NA	151226.41109755545	1.7318403452096045	low	12.1929432782492	5	CheckV-002307	39.8	33.38	NA	NA	0	1.0
k141_150252	6976	NA	228004.4018793899	3.0595900528666875	medium	9.11672823021493	103	CheckV-002765	46.0	56.22	4.132723833543507	21.04311475409836	2	1.0
k141_168614	2522	NA	35270.0	7.1505528777998295	low	12.6850939406264	1	CheckV-060045	66.1	16.19	NA	NA	0	1.0
k141_153765	1084	NA	74722.5466298721	1.4507000214666739	medium	5.28180719139367	17	CheckV-060044	54.4	60.78	NA	NA	0	1.0
k141_168627	1353	NA	36881.76337194972	3.6684796937584037	low	13.8001033911972	2	CheckV-044817	40.6	35.53	1.57	5.27	1	1.0
k141_150263	1445	NA	36241.01129460084	3.9871955786600117	high	4.65983116385467	2	CheckV-060046	67.17	50.0	1.6799999999999997	5.63	1	1.0
k141_24627	6635	NA	89428.45003183985	7.419339145023416	medium	8.56875945487214	7	CheckV-000253	27.23	83.08	NA	NA	0	1.0
k141_212777	2886	NA	67456.16184815297	4.278334137208286	low	13.0466682388701	283	CheckV-000545	73.0	13.82	NA	NA	0	1.0
k141_53966	2977	NA	NA	NA	NA	NA	0	NA	NA	NA	NA	NA	0	1.0
k141_168633	2503	NA	166867.41622907037	1.4999932620542047	low	11.1946870712599	7	CheckV-044739	31.4	93.36	1.13	1.83	1	1.0
k141_98182	4124	NA	NA	NA	NA	NA	0	NA	NA	NA	NA	NA	0	1.09
k141_168634	4466	NA	146329.67622193502	3.052012493505771	medium	6.00604023021255	83	CheckV-060036	50.8	64.86	1.9199999999999997	2.89	1	1.01
k141_17069	7389	NA	58319.40662397158	12.669881995957807	high	4.63833041958042	3	CheckV-001700	68.39	40.98	NA	NA	0	1.0
k141_9215	2663	NA	53652.65641341358	4.963407551493069	high	1.89164987687486	321	CheckV-008973	73.1	100.0	NA	NA	0	1.0
k141_68543	2868	NA	NA	NA	NA	NA	0	NA	NA	NA	3.68	10.39	1	1.0
k141_72303	11633	NA	102573.09839816933	11.341180272085474	medium	7.12377893726093	3	CheckV-044637	42.29	60.14	5.24	15.47	1	1.0
k141_168639	3677	NA	44234.229956388735	8.312566995345495	low	16.7746825248758	19	CheckV-019372	36.91	26.07	NA	NA	0	1.0
k141_227751	4533	NA	NA	NA	NA	NA	0	NA	NA	NA	NA	NA	0	1.0
k141_116945	1336	NA	32188.999999999996	4.150486190934791	medium	6.28980688067528	1	CheckV-044737	49.19	81.8	2.248152284263959	4.2238274111675125	2	1.0
k141_28156	8874	7568	56428.0	13.41178138512795	medium	8.54613302114583	1	CheckV-001700	43.34	42.15	5.906253902185225	20.721789802289283	2	1.0
k141_2465	1700	NA	346768.4971013566	0.49024061130417756	high	3.52700946723594	16	CheckV-061735	67.55	62.86	0.4	2.35	1	1.0
k141_24659	4233	NA	NA	NA	NA	NA	0	NA	NA	NA	NA	NA	0	1.0
k141_80313	5378	NA	207607.95633170634	2.5904594867295363	high	4.70087466957381	26	CheckV-059253	58.51	46.83	NA	NA	0	1.0
k141_235006	16745	NA	342471.29139086086	4.88946093320535	medium	5.20184620871619	12	CheckV-061348	54.66	42.85	4.675550994042919	7.446492930452882	3	1.0
k141_24666	6805	NA	111864.82647376317	6.083234752611044	low	25.4390035413359	47	CheckV-009964	37.7	17.27	NA	NA	0	1.0
k141_83513	1479	NA	173291.72189502534	0.8534741208792025	low	14.602903501281	3	CheckV-040976	33.5	73.04	0.6198828412355487	1.1066243872976047	3	1.0
k141_76164	2536	NA	36762.07721624244	6.89841323460234	low	11.3595528049511	3	CheckV-044817	44.5	83.17	NA	NA	0	1.0
k141_90824	4414	NA	50232.460614407995	8.787146689632696	medium	5.88604635628883	175	CheckV-002905	36.81	75.02	5.327664670658683	11.313293413173652	2	1.0
k141_190757	1156	NA	NA	NA	NA	NA	0	NA	NA	NA	NA	NA	0	1.0
k141_128081	2576	NA	NA	NA	NA	NA	0	NA	NA	NA	1.09	1.44	1	1.0
k141_65168	3249	NA	266897.4949305223	1.217321279409448	medium	6.55782341160443	311	CheckV-000545	53.8	34.89	NA	NA	0	1.0
k141_65169	1056	NA	75122.3753238342	1.4057063497364695	low	15.1046859421735	6	CheckV-044818	37.2	78.12	1.21	3.08	1	1.0
k141_131824	4508	NA	75957.0	5.93493687217768	low	18.1585854626757	1	CheckV-001620	30.4	35.49	NA	NA	0	1.0
k141_209323	1021	NA	48120.27331000014	2.121766834993891	medium	6.91027496382055	297	CheckV-018112	60.9	39.77	0.55	3.02	1	1.0
k141_24688	6460	NA	206082.44390268202	3.1346677949192974	low	18.1585854626757	6	CheckV-003025	31.3	33.77	NA	NA	0	1.0
k141_105502	3073	NA	NA	NA	NA	NA	0	NA	NA	NA	NA	NA	0	1.0
k141_142819	3991	NA	110777.85425142391	3.6027056373035866	medium	8.82865440464666	2	CheckV-000334	28.1	72.62	NA	NA	0	1.0
k141_46780	2857	NA	58630.13234544113	4.872920946463035	low	14.953663227837	7	CheckV-003866	42.0	11.81	NA	NA	0	1.0
k141_194466	1345	NA	35270.0	3.8134391834420187	medium	5.66789843012799	1	CheckV-060045	57.7	61.51	NA	NA	0	1.0
k141_83531	1377	NA	NA	NA	NA	NA	0	NA	NA	NA	1.22	4.61	1	1.0
k141_131845	1157	NA	NA	NA	NA	NA	0	NA	NA	NA	1.72	3.36	1	1.0
k141_157709	1190	NA	106233.0	1.1201792286765881	medium	9.21794557489581	1	CheckV-000545	47.31	62.12	1.38	4.63	1	1.0
k141_117009	4075	NA	NA	NA	NA	NA	0	NA	NA	NA	NA	NA	0	1.0
k141_165035	12309	NA	106233.0	11.586795063680777	high	4.93210735010565	1	CheckV-000545	53.18	43.27	8.17	30.24	1	1.0
k141_205288	2507	NA	NA	NA	NA	NA	0	NA	NA	NA	NA	NA	0	1.0
k141_231180	9967	NA	114094.53051635083	8.735738650128924	low	17.4785801713586	2	CheckV-032920	34.4	18.9	6.44	27.03	1	1.0
k141_165040	2974	NA	NA	NA	NA	NA	0	NA	NA	NA	NA	NA	0	1.0
k141_146093	4182	NA	35270.0	11.857102353274739	high	3.15210140093396	1	CheckV-060045	71.46	72.59	NA	NA	0	1.0
k141_165044	2359	NA	NA	NA	NA	NA	0	NA	NA	NA	NA	NA	0	1.0
k141_61507	5372	NA	44261.191301607316	12.137043405347564	low	13.1821249631444	4	CheckV-059090	41.1	35.09	4.78	17.99	1	1.0
k141_153857	3284	NA	NA	NA	NA	NA	0	NA	NA	NA	NA	NA	0	1.0
k141_235040	3543	NA	125908.52411797638	2.8139476852895253	high	3.30095027624136	117	CheckV-040988	66.9	70.54	NA	NA	0	1.0
k141_231214	2920	NA	32361.0	9.023206946633293	low	22.3173989712224	1	CheckV-038134	24.9	78.88	NA	NA	0	1.0
k141_165066	24003	NA	208880.52151392432	11.491258172868895	low	13.3626373626374	148	CheckV-020228	30.8	21.48	10.582330034042347	26.99735035871714	6	1.0
k141_231235	1737	NA	160270.01867044935	1.0837959678357914	low	24.3312955035068	3	CheckV-061429	27.3	74.18	NA	NA	0	1.0
k141_209347	3158	NA	103356.30003369141	3.055449932873541	medium	9.52100510404397	4	CheckV-000545	46.73	57.25	NA	NA	0	1.0
k141_235047	2679	NA	56649.34290218559	4.72909280629386	medium	9.69093101478708	40	CheckV-037240	46.16	48.59	NA	NA	0	1.0
k141_35545	5455	NA	70821.86161318015	7.702423906610227	low	26.9656238848579	17	CheckV-000474	40.0	9.95	4.432575640031032	15.260116369278508	2	1.01
k141_35554	1417	NA	349782.51907758485	0.40510886700021076	low	10.2282704126427	11	CheckV-061735	43.72	95.06	NA	NA	0	1.0
k141_124264	1164	NA	NA	NA	NA	NA	0	NA	NA	NA	2.16	3.64	1	1.0
k141_124267	1208	NA	NA	NA	NA	NA	0	NA	NA	NA	2.24	3.78	1	1.0
k141_24781	1093	NA	48243.027323160284	2.2656123809943365	medium	7.64857191755397	197	CheckV-012748	53.9	50.77	0.9899999999999999	3.05	1	1.0
k141_168701	4114	NA	106233.0	3.872619619139062	high	3.29113924050633	1	CheckV-000545	61.83	84.08	1.77	2.66	1	1.0
k141_209364	3255	NA	68651.1872843888	4.741360096972691	low	21.1303462321792	90	CheckV-016686	30.3	42.15	NA	NA	0	1.0
k141_216918	1526	NA	62213.59989561091	2.4528398976437584	high	3.62493958434026	10	CheckV-054129	52.3	53.33	2.26	4.429999999999999	1	1.0
k141_220683	1118	NA	NA	NA	NA	NA	0	NA	NA	NA	NA	NA	0	1.0
k141_142850	4962	NA	106233.0	4.670864985456497	medium	8.73964953649821	1	CheckV-000545	32.5	82.58	3.43	14.04	1	1.0
k141_179951	1021	NA	45858.50029693116	2.2264138456100473	medium	7.29637658717869	557	CheckV-040979	50.83	100.0	1.3241839762611276	3.3257863501483675	2	1.0
k141_31811	4051	NA	NA	NA	NA	NA	0	NA	NA	NA	NA	NA	0	1.0
k141_146123	4255	NA	160619.76923076922	2.649113506001034	low	14.6911520575663	2	CheckV-020772	35.4	36.48	NA	NA	0	1.01
k141_109677	1099	NA	344203.41874359024	0.3192879385136745	high	2.11578019394652	14	CheckV-014862	83.8	89.03	0.66	0.94	1	1.0
k141_183633	1317	NA	53181.016102250825	2.4764476057919085	low	14.4123550401427	12	CheckV-044786	37.1	57.44	NA	NA	0	1.0
k141_165095	2663	NA	115568.26866243806	2.3042657217426386	medium	9.97120230381569	44	CheckV-015963	44.43	66.67	1.2503914259086673	5.1794315004659826	2	1.0
k141_150379	1401	NA	36603.0	3.8275551184329153	high	3.42701722574796	1	CheckV-060046	71.3	53.39	1.25	4.69	1	1.0
k141_68616	3406	NA	218664.8555095482	1.5576348526895645	low	14.0347901471891	62	CheckV-019111	31.83	84.07	NA	NA	0	1.0
k141_13436	6186	NA	NA	NA	NA	NA	0	NA	NA	NA	NA	NA	0	1.0
k141_109692	3293	NA	187866.53652456345	1.7528401070881732	low	16.0809671071127	14	CheckV-062190	50.7	10.07	1.3639024390243901	6.483902439024391	2	1.0
k141_87215	4805	NA	41558.93992746941	11.561892599729227	medium	5.88604635628883	3	CheckV-044817	34.96	73.78	6.16	17.4	1	1.0
k141_102056	4046	NA	455058.23469236266	0.8891169726299439	low	10.4744923756553	4	CheckV-020818	30.69	51.06	NA	NA	0	1.0
k141_186988	5680	NA	88200.76681986412	6.439853308305683	low	16.354663036079	95	CheckV-044766	42.0	18.16	NA	NA	0	1.0
k141_209381	3508	NA	160527.36333763073	2.185297214794318	low	16.7746825248758	36	CheckV-011960	36.9	24.06	NA	NA	0	1.0
k141_90889	3254	NA	120234.29415924198	2.7063825863944464	low	18.8068221050936	2	CheckV-002509	39.1	23.54	NA	NA	0	1.0
k141_61585	1132	NA	356559.06294536823	0.31747895864687203	low	12.5268446162251	2	CheckV-048530	45.8	29.53	0.5	2.79	1	1.0
k141_61588	2787	NA	NA	NA	NA	NA	0	NA	NA	NA	NA	NA	0	1.0
k141_9298	4738	NA	182638.80386385528	2.5941913217586854	low	25.4390035413359	12	CheckV-002885	38.1	15.74	NA	NA	0	1.0
k141_72378	1102	NA	NA	NA	NA	NA	0	NA	NA	NA	2.32	3.2	1	1.0
k141_9299	2505	NA	175777.56153185957	1.425096569874745	medium	6.50440235702245	109	CheckV-002597	49.4	43.97	NA	NA	0	1.0
k141_131956	8501	NA	58737.706851494346	14.47281559951421	low	28.292853557284	173	CheckV-017101	27.3	22.44	7.55	26.6	1	1.0
k141_135093	2758	NA	43171.79404881776	6.3884303646990235	low	23.2068893916046	9	CheckV-021271	27.1	72.12	NA	NA	0	1.0
k141_212894	3936	NA	49331.895532120616	7.978610911954966	medium	7.95841548664635	10	CheckV-054009	40.59	60.87	NA	NA	0	1.0
k141_124287	1051	NA	34477.582786281055	3.0483575560239173	medium	5.34451919204702	12	CheckV-060046	53.4	76.9	1.57	3.45	1	1.0
k141_120850	1008	NA	58966.71891191709	1.7094388472007804	low	13.92	3	CheckV-044786	32.8	100.0	1.29	3.65	1	1.0
k141_54100	2861	NA	NA	NA	NA	NA	0	NA	NA	NA	NA	NA	0	1.0
k141_28278	4464	NA	NA	NA	NA	NA	0	NA	NA	NA	4.19	13.6	1	1.0
k141_76274	3413	NA	518643.0	0.6580634463397751	low	19.4474773902474	1	CheckV-000523	36.9	26.06	NA	NA	0	1.0
k141_139325	2298	NA	40319.6553695341	5.699453477314169	medium	5.30687183073964	10	CheckV-008485	56.44	89.2	2.789509433962264	9.858415094339623	2	1.0
k141_190892	3213	NA	305380.6594105263	1.0521294983781968	low	12.1929432782492	7	CheckV-062241	38.3	34.86	NA	NA	0	1.0
k141_227917	3292	NA	103257.0	3.1881615774233225	low	19.4474773902474	1	CheckV-044786	34.6	24.21	4.22	11.92	1	1.0
k141_24867	7365	NA	141461.0	5.2063819710026085	high	4.01766558873086	1	CheckV-058914	59.85	62.31	NA	NA	0	1.0
k141_90898	2794	NA	NA	NA	NA	NA	0	NA	NA	NA	NA	NA	0	1.0
k141_157828	1135	NA	NA	NA	NA	NA	0	NA	NA	NA	2.68	3.23	1	1.0
k141_87223	2684	NA	NA	NA	NA	NA	0	NA	NA	NA	NA	NA	0	1.0
k141_172942	3793	NA	50959.1007018477	7.443223973264645	medium	5.8050418842338	79	CheckV-056181	47.56	81.73	5.46203021329235	9.114859242043707	4	1.0
k141_180028	2527	NA	NA	NA	NA	NA	0	NA	NA	NA	NA	NA	0	1.0
k141_190901	1657	NA	NA	NA	NA	NA	0	NA	NA	NA	NA	NA	0	1.0
k141_139373	2981	NA	53929.96050620876	5.527539742323395	low	19.6969102730118	17	CheckV-041705	32.23	56.8	NA	NA	0	1.0
k141_212927	3590	NA	54595.66528469446	6.575613615622398	medium	8.56875945487214	2	CheckV-000253	25.28	86.52	NA	NA	0	1.0
k141_9347	1667	NA	57250.35576750506	2.91177229844601	medium	8.22784810126582	3	CheckV-052246	49.22	61.92	1.33	3.96	1	1.0
k141_76318	4538	NA	NA	NA	NA	NA	0	NA	NA	NA	NA	NA	0	1.0
k141_58231	2899	NA	114211.02502032337	2.538283847364241	low	12.3257720688713	2	CheckV-044766	33.4	62.7	1.87	7.86	1	1.0
k141_128204	6243	NA	56995.05611574292	10.953581635786103	medium	9.77042178323545	3	CheckV-054129	46.19	46.47	6.525650851651846	15.272993096589921	3	1.0
k141_109822	5645	NA	114695.0	4.921748986442304	low	10.7959242051495	1	CheckV-009962	28.2	58.09	NA	NA	0	1.0
k141_183686	3518	NA	143855.0	2.445518056376212	low	13.1821249631444	1	CheckV-044766	42.4	32.76	NA	NA	0	1.0
k141_205431	3716	NA	NA	NA	NA	NA	0	NA	NA	NA	5.86	11.23	1	1.0
k141_105651	5241	NA	138064.1134449752	3.7960624736048993	low	16.7746825248758	189	CheckV-002436	33.4	24.14	NA	NA	0	1.0
k141_105655	11558	NA	54746.0	21.11204471559566	low	17.4785801713586	1	CheckV-032920	33.98	18.75	7.46	31.35	1	1.01
k141_90934	3046	NA	58072.0	5.245212839234054	medium	5.74880233284732	1	CheckV-052246	53.28	87.37	3.5234191016052234	9.151351398107408	3	1.0
k141_28325	10361	NA	55291.49459355336	18.738867661587914	low	29.17924392698	9	CheckV-039789	25.8	17.48	NA	NA	0	1.0
k141_24906	3357	NA	331950.0	1.0112968820605512	low	20.4541717367711	1	CheckV-003751	28.7	36.45	NA	NA	0	1.0
k141_109848	2969	NA	72222.26672993267	4.11092054352469	medium	9.52100510404397	131	CheckV-009996	42.84	57.34	1.81	9.07	1	1.0
k141_46956	3501	NA	57882.179211990246	6.048493763819401	low	10.4596183917162	400	CheckV-032921	63.6	19.8	2.161360294117647	3.1658823529411766	2	1.0
k141_58252	3435	1904	140221.64435968635	1.3578502867331934	low	12.6850939406264	140	CheckV-017278	65.8	14.34	1.14	5.01	1	1.0
k141_72448	2892	NA	NA	NA	NA	NA	0	NA	NA	NA	NA	NA	0	1.0
k141_180067	1292	NA	174964.12326973485	0.7384371011925558	low	11.2165417334718	36	CheckV-061893	40.9	59.62	0.5540723320044741	1.3541907821148937	3	1.0
k141_120930	5333	NA	56827.87924109501	9.38447830751257	low	13.0126738159548	2	CheckV-042284	47.25	23.26	NA	NA	0	1.0
k141_21205	3099	NA	NA	NA	NA	NA	0	NA	NA	NA	NA	NA	0	1.0
k141_227978	1211	NA	74635.71805754332	1.6225475302137944	medium	9.60051358370539	14	CheckV-017330	52.1	41.38	NA	NA	0	1.0
k141_58274	3452	NA	143855.0	2.3996385249035486	medium	9.14521112255407	1	CheckV-044766	34.68	97.27	NA	NA	0	1.0
k141_187039	1173	NA	35722.0	3.2836907228038745	medium	8.79104251777879	1	CheckV-044817	52.9	22.57	1.5	4.25	1	1.0
k141_61642	3049	NA	361893.99999999994	0.842511895748479	low	21.1303462321792	2	CheckV-002649	29.7	41.13	1.34	7.51	1	1.0
k141_61645	1505	NA	103257.0	1.457528303165887	low	11.5402298850575	1	CheckV-044786	35.1	79.36	1.93	5.45	1	1.0
k141_142968	3119	NA	NA	NA	NA	NA	0	NA	NA	NA	NA	NA	0	1.0
k141_61649	2674	NA	NA	NA	NA	NA	0	NA	NA	NA	NA	NA	0	1.0
k141_21215	4945	NA	440001.0	1.1238610821339043	low	27.3188716901985	1	CheckV-048530	23.7	18.34	NA	NA	0	1.0
k141_146179	4464	NA	NA	NA	NA	NA	0	NA	NA	NA	NA	NA	0	1.0
k141_139435	1283	NA	52385.26938247072	2.449161787510671	medium	5.28180719139367	5	CheckV-042284	57.1	60.66	1.6382418812989918	4.832463605823068	2	1.0
k141_132045	4095	NA	76861.24579004245	5.327782496768374	high	2.11770428006129	5	CheckV-060035	76.1	93.51	0.42	5.39	1	1.0
k141_231362	3724	NA	43330.45978727684	8.594416071932569	low	10.7645695954375	266	CheckV-001005	47.47	38.89	6.082298549199165	11.431397972569094	5	1.0
k141_68684	20484	NA	215679.6754983598	9.497417850183929	high	3.5948207353361	5	CheckV-060778	25.1	40.07	7.8	24.22	1	1.0
k141_161444	4632	NA	42271.0	10.957867095644769	low	23.0547056367741	1	CheckV-043375	31.6	26.24	NA	NA	0	1.0
k141_132054	1104	NA	NA	NA	NA	NA	0	NA	NA	NA	NA	NA	0	1.0
k141_201954	3885	NA	NA	NA	NA	NA	0	NA	NA	NA	NA	NA	0	1.01
k141_135223	4818	NA	68396.71772750074	7.044197675092226	low	19.4362889019378	71	CheckV-021262	35.7	19.72	4.57	10.69	1	1.0
k141_224202	9165	NA	355309.51620811893	2.5794411863237836	medium	5.41788820282687	21	CheckV-062241	53.57	72.77	2.68850439882698	3.7764809384164226	2	1.0
k141_9434	2635	NA	NA	NA	NA	NA	0	NA	NA	NA	4.57	7.35	1	1.0
k141_180102	1889	NA	35270.0	5.355826481428976	high	3.87940589669696	1	CheckV-060045	64.0	62.66	3.0242487046632127	5.7865803108808285	2	1.0
k141_94648	5843	NA	43320.0	13.487996306555864	low	25.7555927270877	1	CheckV-013464	28.1	14.64	NA	NA	0	1.0
k141_72459	2906	NA	NA	NA	NA	NA	0	NA	NA	NA	NA	NA	0	1.0
k141_47005	2503	NA	183326.09870777893	1.3653266052368092	medium	9.38815150534153	5	CheckV-061494	43.6	33.0	1.0834823529411766	2.008635294117647	2	1.0
k141_220868	3841	NA	51844.747526063875	7.408657932163749	low	13.6363636363636	71	CheckV-009190	24.93	64.87	NA	NA	0	1.0
k141_54222	5917	NA	NA	NA	NA	NA	0	NA	NA	NA	NA	NA	0	1.0
k141_187086	3085	NA	76821.0	4.0158290050897545	low	19.2245446878348	1	CheckV-060034	35.4	17.59	NA	NA	0	1.0
k141_98415	2567	NA	42514.325217051344	6.037964819844879	low	11.3661940130542	321	CheckV-030965	42.2	55.48	2.2800000000000002	8.6	1	1.0
k141_6227	2672	NA	65079.09146073988	4.105773359807784	low	11.1946870712599	3	CheckV-000253	30.98	93.07	NA	NA	0	1.0
k141_58295	9028	NA	106233.0	8.498300904615327	high	4.01951099036799	1	CheckV-000545	60.94	62.12	NA	NA	0	1.0
k141_90959	1424	NA	74366.15357547026	1.9148496076980208	medium	6.12369555934197	20	CheckV-060044	55.6	64.39	0.54	2.07	1	1.0
k141_209525	1152	NA	55662.35144464108	2.069621512748559	low	11.4280670985553	4	CheckV-032920	38.8	82.18	1.72	3.78	1	1.0
k141_24959	11228	NA	146744.93927364267	7.651371185661526	high	3.7708804233971	52	CheckV-000545	77.58	32.87	12.27	36.84	1	1.0
k141_83721	4359	NA	165559.87912221145	2.632884261036645	low	16.0736975857687	2	CheckV-044766	46.6	20.65	2.6497543859649126	9.488912280701753	2	1.0
k141_76421	1578	NA	193378.55535620725	0.8160160246793093	low	10.0451710045171	12	CheckV-061893	37.6	73.24	0.9300000000000002	3.0199999999999996	1	1.0
k141_98433	4927	NA	122865.99997228062	4.010059740783913	low	22.1130987526063	95	CheckV-062204	45.4	13.47	2.0	10.15	1	1.02
k141_139513	1956	NA	107867.3887844076	1.8133376751238675	medium	9.38815150534153	3	CheckV-044818	43.2	36.25	2.96	5.14	1	1.0
k141_54264	1283	NA	35270.0	3.637652395803799	high	4.5750393307315	1	CheckV-060045	85.1	23.73	1.65	4.65	1	1.0
k141_2875	4941	NA	NA	NA	NA	NA	0	NA	NA	NA	NA	NA	0	1.0
k141_209545	2186	NA	NA	NA	NA	NA	0	NA	NA	NA	NA	NA	0	1.0
k141_231440	2886	NA	187752.41936607857	1.5371306584193165	low	20.4541717367711	27	CheckV-008131	32.2	33.8	NA	NA	0	1.0
k141_13627	1711	NA	74382.4598673879	2.300273482552797	low	20.4541717367711	3	CheckV-018399	31.9	34.97	NA	NA	0	1.0
k141_39634	2685	NA	NA	NA	NA	NA	0	NA	NA	NA	1.3	6.33	1	1.0
k141_72505	1227	NA	46474.0	2.640185910401515	medium	6.4712837762981	1	CheckV-059090	65.2	32.12	1.13	3.35	1	1.0
k141_94714	1114	NA	36603.0	3.0434663825369506	high	2.69320843091335	1	CheckV-060046	69.9	69.07	0.99	3.73	1	1.0
k141_161527	1167	NA	67780.05688730627	1.7217453829233267	medium	9.0304258705784	41	CheckV-060038	47.2	87.11	1.331218836565097	2.894293628808864	2	1.0
k141_143044	2810	NA	89334.65108149442	3.145475989419394	low	10.9970674486804	4	CheckV-044786	38.2	43.78	2.932738419618529	7.960967302452316	2	1.0
k141_209573	1357	NA	106233.0	1.277380851524479	low	19.838337182448	1	CheckV-000545	29.9	83.86	NA	NA	0	1.02
k141_76463	1358	NA	40233.57149407099	3.3752907076621854	medium	8.72859262464408	114	CheckV-037537	53.7	28.41	1.58	5.29	1	1.0
k141_68759	4142	NA	364011.84748366533	1.137875052318419	high	4.95140329802337	24	CheckV-000962	53.83	93.76	1.1813735343383585	3.2475879396984926	2	1.0
k141_228035	9228	NA	707409.2994853312	1.3044781863503552	medium	7.11378726378323	6	CheckV-001998	27.3	47.66	2.6569270166453265	7.355531370038412	2	1.0
k141_187159	2303	NA	63644.34400982424	3.6185462130688397	medium	5.80669068180352	21	CheckV-049030	53.42	66.57	NA	NA	0	1.0
k141_24970	3300	NA	331950.0	0.9941256213285133	low	20.4541717367711	1	CheckV-003751	28.4	36.45	NA	NA	0	1.0
k141_35801	1350	NA	50097.0	2.694772142044434	low	20.0089325591782	1	CheckV-000645	32.3	78.62	1.644845971563981	4.20021327014218	2	1.0
k141_32043	3701	NA	212951.4348473567	1.737954948579178	low	12.4955291822468	73	CheckV-000283	36.8	40.83	NA	NA	0	1.0
k141_209579	12047	NA	218023.23126030527	5.525557955618354	low	28.292853557284	3	CheckV-043407	23.5	22.37	NA	NA	0	1.0
k141_24979	1105	NA	38801.49338447938	2.847828533429594	low	10.6764514907398	6	CheckV-044737	46.9	100.0	0.98	3.7	1	1.0
k141_146251	3395	NA	94668.14764461179	3.586211502463292	low	12.2982618713685	4	CheckV-044766	36.7	75.66	NA	NA	0	1.0
k141_9522	5801	NA	106233.0	5.460638408027638	low	22.9181591811457	1	CheckV-000545	48.7	11.24	NA	NA	0	1.0
k141_65470	6552	NA	100745.32107575789	6.50352783636777	low	16.0736975857687	99	CheckV-029149	43.8	21.35	NA	NA	0	1.0
k141_220930	3402	NA	351611.6220937127	0.9675448097370593	high	3.59564862876121	50	CheckV-062241	62.53	76.04	NA	NA	0	1.0
k141_65472	3427	NA	37280.31987531542	9.192517691537121	low	13.5571486856677	2	CheckV-060046	33.8	53.03	NA	NA	0	1.0
k141_231479	3980	NA	45063.00000000001	8.832079533098106	low	19.5078163840247	1	CheckV-032676	26.9	37.64	NA	NA	0	1.0
k141_135257	3275	NA	11515.610051278669	28.43965699964242	low	10.513691784929	2	CheckV-044210	46.65	74.68	NA	NA	0	1.0
k141_231484	2846	NA	186132.3334582074	1.529019674939506	low	12.9948120840075	19	CheckV-017258	52.2	20.12	1.14	4.79	1	1.0
k141_76498	3622	NA	100695.03477473084	3.596999601919728	medium	6.29168364601544	3	CheckV-044766	38.0	71.56	NA	NA	0	1.0
k141_173117	14023	NA	32600.505617350547	43.014670277189566	low	29.1891156069426	5	CheckV-021637	29.1	9.1	NA	NA	0	1.0
k141_98464	7422	NA	143855.0	5.15936185742588	high	3.92309601747745	1	CheckV-044766	55.13	83.28	3.1107023411371237	13.245183946488293	2	1.0
k141_220948	1091	NA	86801.1997290198	1.256895069890666	medium	7.64857191755397	64	CheckV-026982	53.9	50.83	NA	NA	0	1.0
k141_117332	1307	NA	62730.32911322636	2.083521668826102	low	13.9180409795102	23	CheckV-015072	36.1	65.38	NA	NA	0	1.0
k141_32077	1218	NA	NA	NA	NA	NA	0	NA	NA	NA	NA	NA	0	1.0
k141_105872	2668	NA	37015.49365283127	7.207792566602521	low	15.1659419618674	2	CheckV-061272	56.4	7.95	2.962145499383477	7.648545006165229	2	1.04
k141_124478	3668	NA	37188.0	9.863396794664945	low	23.1634067457262	1	CheckV-016022	20.1	60.78	5.75	10.92	1	1.0
k141_154083	4846	NA	106468.0277536892	4.55160117289961	medium	8.40200644930133	68	CheckV-024259	37.76	57.14	NA	NA	0	1.0
k141_202030	3741	NA	162386.44795037335	2.30376367438204	medium	5.64074565166524	35	CheckV-061893	45.33	72.82	2.2028036437246965	7.675870445344128	2	1.0
k141_17343	4221	NA	92900.06234622168	4.543592214469242	low	18.1585854626757	15	CheckV-034826	30.4	34.58	2.21553772070626	6.971348314606742	2	1.0
k141_43285	3631	NA	36199.725636250776	10.030462762303037	low	23.0547056367741	2	CheckV-011671	30.4	25.16	1.9	9.21	1	1.0
k141_146270	13323	NA	56941.77574119581	23.397584333431976	medium	7.37677077586998	3	CheckV-054129	48.18	62.67	15.919251130216953	24.903118877904006	8	1.0
k141_13717	1286	NA	83249.89477814139	1.5447466971906134	high	4.58851593116374	620	CheckV-021537	64.1	43.46	1.68	4.1	1	1.0
k141_169017	2751	NA	58072.00000000001	4.7372227579556405	low	19.7445197918309	1	CheckV-052246	40.9	20.31	3.670095011876484	8.301543942992872	2	1.0
k141_143145	4536	NA	71559.99291526157	6.338737351988487	medium	5.78034682080925	2	CheckV-060038	33.2	80.83	NA	NA	0	1.0
k141_83812	49768	NA	225325.0074374913	22.0872066380854	medium	7.55870278412634	5	CheckV-060778	36.65	19.88	35.07374440514617	75.12629660808832	8	1.0
k141_105914	1212	NA	90563.24948028916	1.3382912019558093	low	13.9180409795102	6	CheckV-044766	35.8	62.7	1.2599999999999998	3.61	1	1.0
k141_9598	1046	NA	57788.82561095597	1.810038513400232	high	4.7385831317676	152	CheckV-011671	61.0	100.0	NA	NA	0	1.0
k141_76538	4371	NA	70070.58310524857	6.23799575555779	low	10.7645695954375	19	CheckV-020408	42.57	42.44	6.208614148926873	11.910681991139008	7	1.0
k141_50820	8080	NA	58033.324715799026	13.923034807275648	low	22.555739773824	63	CheckV-028989	28.9	21.86	NA	NA	0	1.0
k141_224332	3557	NA	56593.0	6.285229622038061	low	15.8221246969266	1	CheckV-060044	54.5	13.58	NA	NA	0	1.0
k141_173200	4437	NA	350330.12618301244	1.2665196819762259	high	4.54554919312858	15	CheckV-062241	54.94	71.63	5.423075060532687	6.4063196125908	2	1.0
k141_91062	1371	NA	171886.0	0.7976216794852402	low	30.2620342487303	1	CheckV-020771	25.9	67.45	1.11	3.67	1	1.0
k141_143187	1178	NA	80109.93907474673	1.4704792109514213	low	14.6621127104172	58	CheckV-014785	37.3	71.52	0.4699999999999999	1.13	1	1.0
k141_110049	2336	NA	NA	NA	NA	NA	0	NA	NA	NA	NA	NA	0	1.0
k141_194739	2963	NA	447737.91781173606	0.6617710678785701	medium	9.51279250664113	5	CheckV-014862	41.8	92.91	1.91	8.04	1	1.0
k141_213097	2745	NA	12111.317176489756	22.664751983611975	low	11.5402298850575	2	CheckV-044210	36.25	81.9	NA	NA	0	1.0
k141_132190	1924	NA	180513.71868714038	1.0658469694121169	medium	5.43936183472517	91	CheckV-014992	55.81	80.97	0.86	1.23	1	1.0
k141_54376	2654	NA	65032.6950328926	4.081024165856336	medium	5.70841889117043	101	CheckV-060045	59.8	55.68	NA	NA	0	1.0
k141_150783	2836	NA	72120.74885610155	3.93229416635497	low	10.9970674486804	21	CheckV-060044	38.3	45.81	2.76	7.39	1	1.0
k141_187278	1849	NA	48830.84460080906	3.786541099412736	low	11.6206370876712	95	CheckV-028031	51.2	22.73	2.9590611943966576	5.004782501843205	3	1.0
k141_158102	2639	NA	61768.55652086942	4.272400309546452	medium	9.97120230381569	147	CheckV-015630	43.01	62.85	3.173242630385488	8.013537414965986	2	1.0
k141_68858	2699	NA	53418.19055644656	5.052585967224009	low	11.9200678430089	4	CheckV-000253	31.24	100.0	NA	NA	0	1.0
k141_205645	1167	NA	66920.0	1.7438732815301854	low	15.1046859421735	1	CheckV-001702	33.8	81.77	1.5	4.23	1	1.0
k141_143210	2537	NA	95790.43640274274	2.6484898652443754	low	15.1381313075547	57	CheckV-040127	34.2	38.34	NA	NA	0	1.0
k141_72613	1437	NA	185162.96754709788	0.7760731095619787	medium	8.68542326048555	48	CheckV-014992	50.3	36.67	0.5152195293877202	2.824101225644052	3	1.02
k141_161625	3269	NA	48794.190419944585	6.699568067152107	low	11.1946870712599	43	CheckV-025187	30.9	93.31	NA	NA	0	1.0
k141_191151	2749	NA	NA	NA	NA	NA	0	NA	NA	NA	NA	NA	0	1.0
k141_17403	2605	NA	16752.97870496471	15.549473594376467	low	17.188684785418	2	CheckV-049501	38.1	12.96	NA	NA	0	1.0
k141_83860	4820	NA	106232.99999999999	4.537196539681644	high	3.21556557579932	1	CheckV-000545	60.21	73.38	7.21	15.809999999999999	1	1.0
k141_91080	1361	NA	171886.0	0.791803870006865	low	30.2620342487303	1	CheckV-020771	25.9	67.22	1.0999999999999999	3.65	1	1.0
k141_25119	2646	NA	NA	NA	NA	NA	0	NA	NA	NA	NA	NA	0	1.0
k141_61839	1181	NA	173528.1131101802	0.6805813645020932	low	28.2796463774007	28	CheckV-029798	25.7	100.0	0.52	0.72	1	1.0
k141_135365	25687	NA	224701.68006562756	11.431601220114473	high	4.74504937139157	2	CheckV-059003	24.79	60.86	10.037712765957448	38.727978723404256	2	1.0
k141_32168	1432	NA	114106.71239269656	1.2549656106748508	low	14.386066809884	3	CheckV-062282	37.2	85.89	NA	NA	0	1.0
k141_94827	8346	NA	147031.49955552374	5.676334680139943	medium	5.0603326448527	117	CheckV-000545	83.4	23.09	NA	NA	0	1.0
k141_47173	1085	NA	76474.62604522024	1.4187712397029941	medium	8.84353741496599	6	CheckV-044818	43.6	74.34	1.24	3.1599999999999997	1	1.0
k141_91103	7248	NA	369286.0	1.9627064118325634	low	16.354663036079	2	CheckV-062241	37.87	18.33	NA	NA	0	1.0
k141_6445	3461	NA	NA	NA	NA	NA	0	NA	NA	NA	NA	NA	0	1.0
k141_83913	5861	NA	NA	NA	NA	NA	0	NA	NA	NA	NA	NA	0	1.0
k141_217181	1104	NA	47080.26877423811	2.344931387911062	high	4.09837430943138	118	CheckV-018108	65.2	57.23	0.6	3.26	1	1.0
k141_32182	2999	NA	60747.08411749746	4.936862474253599	low	15.1659419618674	3	CheckV-032919	56.0	10.18	NA	NA	0	1.0
k141_183894	2663	NA	NA	NA	NA	NA	0	NA	NA	NA	NA	NA	0	1.0
k141_61860	1151	NA	97525.39896139083	1.180205374453959	medium	7.64857191755397	61	CheckV-049030	55.5	51.19	0.56	14.22	1	1.0
k141_154189	1123	NA	NA	NA	NA	NA	0	NA	NA	NA	NA	NA	0	1.0
k141_117443	4321	NA	36386.0	11.87544660034079	high	3.21556557579932	1	CheckV-018108	60.71	73.17	2.8035177253649706	18.515753004523013	3	1.0
k141_102403	2622	NA	NA	NA	NA	NA	0	NA	NA	NA	NA	NA	0	1.04
k141_102406	2696	NA	75473.39787313782	3.5721195493697913	medium	6.68662674650699	24	CheckV-043375	70.7	25.67	2.146929922135706	6.781145717463849	2	1.0
k141_176358	3175	NA	NA	NA	NA	NA	0	NA	NA	NA	NA	NA	0	1.0
k141_94861	2638	NA	55614.786872160126	4.743342820073884	medium	9.38815150534153	6	CheckV-042284	42.8	33.33	3.02	7.69	1	1.0
k141_154198	4931	NA	37328.5692141245	13.209721411272824	low	10.7645695954375	2	CheckV-060046	45.2	38.56	NA	NA	0	1.0
k141_231611	3627	NA	NA	NA	NA	NA	0	NA	NA	NA	NA	NA	0	1.0
k141_47193	6955	NA	58498.0	11.889295360525146	low	15.1657311952622	1	CheckV-042284	38.6	24.54	8.991904761904761	11.012238095238095	2	1.0
k141_94867	3958	NA	NA	NA	NA	NA	0	NA	NA	NA	NA	NA	0	1.0
k141_61902	5230	NA	143855.0	3.6356052970004518	medium	8.30341430665155	1	CheckV-044766	51.19	50.65	3.11	12.18	1	1.07
k141_224457	1972	NA	70748.38545059717	2.7873427604606276	low	14.7807123818755	6	CheckV-001942	36.3	43.39	NA	NA	0	1.0
k141_32198	5491	NA	NA	NA	NA	NA	0	NA	NA	NA	NA	NA	0	1.0
k141_132270	2557	NA	43745.79610589521	5.845133081611508	low	18.8069420012078	26	CheckV-004969	30.2	59.82	3.2695632698768193	9.6318477043673	2	1.0
k141_217220	7209	NA	143855.0	5.011296096764103	medium	6.00604023021255	1	CheckV-044766	51.4	66.85	4.666619718309859	8.371396713615024	2	1.0
k141_173318	1543	NA	105414.41615514262	1.4637466641461117	low	16.4303586321935	4	CheckV-000715	25.7	100.0	NA	NA	0	1.0
k141_28543	3416	NA	106233.0	3.2155733152598533	medium	5.52296238786106	1	CheckV-000545	56.19	69.07	2.7188431590656283	8.58893214682981	2	1.0
k141_128491	1119	NA	NA	NA	NA	NA	0	NA	NA	NA	0.43	1.63	1	1.0
k141_121213	2305	NA	48606.52975676458	4.742161210715135	high	3.96835057821059	79	CheckV-008900	59.5	83.29	NA	NA	0	1.0
k141_209755	3248	NA	119030.81365822961	2.728705198408461	low	10.7617896009674	187	CheckV-023394	59.4	19.98	NA	NA	0	1.0
k141_21484	3875	NA	43454.44446423737	8.917384741137564	medium	5.63060811237177	5	CheckV-059090	33.3	86.13	NA	NA	0	1.0
k141_61921	1640	NA	51577.05060947162	3.1797087670205597	medium	6.3231850117096	848	CheckV-033981	57.1	60.22	2.4013866126759598	4.478496833062012	3	1.0
k141_76653	2803	NA	164346.26492019914	1.7055453017816011	low	15.1659419618674	21	CheckV-000545	55.9	12.36	NA	NA	0	1.0
k141_169176	1548	NA	106233.0	1.4571743243624862	medium	5.74880233284732	1	CheckV-000545	54.13	83.78	1.8	6.03	1	1.0
k141_146415	2017	NA	124959.51626785706	1.6141227657095425	medium	9.14521112255407	161	CheckV-000524	34.09	93.77	0.87	1.3	1	1.0
k141_106062	4956	NA	NA	NA	NA	NA	0	NA	NA	NA	NA	NA	0	1.0
k141_183954	3405	NA	359150.10064186965	0.948071570609229	low	11.3595528049511	19	CheckV-001179	46.85	83.48	NA	NA	0	1.0
k141_110140	3916	NA	66920.0	5.8517632994620445	low	18.1585854626757	1	CheckV-001702	31.0	37.22	6.3	12.87	1	1.0
k141_80829	3387	NA	66463.120913403	5.096059218183621	low	14.7561633975166	5	CheckV-000253	30.38	81.13	NA	NA	0	1.0
k141_17546	1020	NA	169420.67803969598	0.6020516573313499	low	13.92	7	CheckV-010784	34.0	100.0	NA	NA	0	1.0
k141_17548	3306	NA	72923.35390702274	4.533527084087697	low	16.7547169811321	6	CheckV-060033	33.68	31.22	NA	NA	0	1.0
k141_50906	1498	NA	NA	NA	NA	NA	0	NA	NA	NA	1.92	5.43	1	1.0
k141_150875	6562	NA	209452.55469809726	3.1329290824160148	low	25.4390035413359	22	CheckV-004950	41.7	17.41	NA	NA	0	1.0
k141_72734	1353	NA	NA	NA	NA	NA	0	NA	NA	NA	NA	NA	0	1.0
k141_146443	3176	NA	NA	NA	NA	NA	0	NA	NA	NA	NA	NA	0	1.0
k141_158221	4229	NA	78556.49841562354	5.383386588370294	medium	6.64055213579556	31	CheckV-012166	47.27	66.84	6.24	11.16	1	1.0
k141_221153	1372	NA	NA	NA	NA	NA	0	NA	NA	NA	NA	NA	0	1.0
k141_47271	6651	NA	NA	NA	NA	NA	0	NA	NA	NA	NA	NA	0	1.0
k141_106123	2615	NA	NA	NA	NA	NA	0	NA	NA	NA	1.81	7.4	1	1.0
k141_35912	8023	NA	NA	NA	NA	NA	0	NA	NA	NA	NA	NA	0	1.0
k141_198562	5581	NA	80305.17766021588	6.949738687602571	low	23.3876629889669	62	CheckV-039803	26.0	33.33	NA	NA	0	1.0
k141_6542	16572	NA	63555.796282428826	26.074726412611458	medium	7.90179090067877	2	CheckV-060036	49.2	67.76	21.431762729361672	53.58617320403887	7	1.0
k141_165609	4564	NA	210833.0	2.164746505528072	low	22.6418050767784	1	CheckV-020028	30.9	28.46	NA	NA	0	1.05
k141_6545	2514	NA	NA	NA	NA	NA	0	NA	NA	NA	NA	NA	0	1.0
k141_58653	1467	NA	177258.07984844982	0.8276068437919668	low	10.9098357507713	98	CheckV-061494	38.29	74.9	0.68	1.57	1	1.0
k141_154265	3177	NA	369365.0	0.8601248087934699	low	23.4654606721646	1	CheckV-004809	23.8	62.91	NA	NA	0	1.0
k141_65660	1984	NA	37151.411244035684	5.340308573926684	medium	9.52100510404397	3	CheckV-060046	43.5	53.66	1.7599999999999998	6.64	1	1.0
k141_102521	3389	NA	NA	NA	NA	NA	0	NA	NA	NA	NA	NA	0	1.0
k141_110186	2620	NA	143855.0	1.8212783705814883	low	10.9394929934521	1	CheckV-044766	40.02	59.05	NA	NA	0	1.0
k141_58686	3260	NA	102770.61855013284	3.17211285286731	low	21.1660950514454	8	CheckV-011830	29.9	44.35	NA	NA	0	1.0
k141_161847	5881	NA	106233.0	5.535944574661357	low	19.9773130997658	1	CheckV-000545	53.67	11.65	4.84	18.44	1	1.0
k141_235497	1345	NA	202705.1466239729	0.6635253334218667	low	11.4280670985553	17	CheckV-058914	38.9	78.4	0.6676635514018692	0.8153271028037384	2	1.0
k141_121283	2930	NA	NA	NA	NA	NA	0	NA	NA	NA	NA	NA	0	1.0
k141_143417	20183	NA	89107.61897610381	22.6501394963909	medium	8.26190467220944	22	CheckV-044786	45.58	25.42	NA	NA	0	1.01
k141_205791	2555	NA	8128.610424276481	31.432186642496372	medium	9.52100510404397	2	CheckV-043820	44.95	56.22	NA	NA	0	1.0
k141_205794	1167	NA	38059.0	3.066291810084343	low	11.4280975286117	1	CheckV-054009	42.4	100.0	1.5	4.23	1	1.0
k141_21601	4868	NA	NA	NA	NA	NA	0	NA	NA	NA	NA	NA	0	1.0
k141_54575	3749	NA	62254.06779824126	6.022096438983081	medium	5.46581517655898	17	CheckV-018114	55.8	42.88	3.6499999999999995	9.77	1	1.0
k141_47320	1937	NA	189079.0908448859	1.0244390277870805	low	13.5571486856677	65	CheckV-007573	34.0	54.38	NA	NA	0	1.0
k141_173406	1260	NA	63668.31535545534	1.9790063439962502	medium	6.8503937007874	2	CheckV-060036	61.1	78.1	1.8800000000000001	4.13	1	1.0
k141_228275	1600	NA	45512.96330602067	3.5154819281748337	low	20.4541717367711	2	CheckV-056838	29.8	36.34	2.39	5.25	1	1.0
k141_47328	1311	NA	106233.0	1.2340798057100901	medium	5.42268862289476	1	CheckV-000545	61.3	91.47	0.64	3.09	1	1.0
k141_231707	3453	NA	35262.71894596169	9.792211443739053	low	15.7078342823483	10	CheckV-009108	36.9	17.33	NA	NA	0	1.0
k141_91224	3917	NA	NA	NA	NA	NA	0	NA	NA	NA	2.18	9.28	1	1.0
k141_69017	7139	NA	143855.0	4.962635987626429	medium	6.23139655881712	1	CheckV-044766	53.0	53.29	6.322595589764484	21.740401118919635	3	1.0
k141_117595	1776	NA	62657.91429904267	2.8344384262837408	medium	5.43936183472517	59	CheckV-001700	55.9	82.36	2.79	4.41	1	1.0
k141_224646	1812	NA	185584.3296377503	0.9763755396465409	low	10.5427046263345	18	CheckV-061481	42.81	69.3	NA	NA	0	1.0
k141_231728	2643	NA	35270.0	7.493620640771193	medium	5.43936183472517	1	CheckV-060045	55.72	82.45	NA	NA	0	1.0
k141_224651	3615	NA	42746.303552095684	8.456871587959261	medium	6.92502645511634	2	CheckV-019949	55.06	34.2	4.021860465116278	12.743953488372092	2	1.0
k141_191337	1499	NA	NA	NA	NA	NA	0	NA	NA	NA	NA	NA	0	1.0
k141_231729	6471	NA	75545.610549103	8.565686282717897	low	15.1657311952622	18	CheckV-044735	41.7	24.36	NA	NA	0	1.0
k141_161898	1721	NA	46622.416361272015	3.691357364800998	low	14.8448260270765	2	CheckV-060045	40.0	28.18	NA	NA	0	1.0
k141_21631	1372	NA	35270.0	3.889991494187695	medium	7.16053999452028	1	CheckV-060045	59.5	26.4	1.76	4.97	1	1.0
k141_14016	2818	NA	42788.40854297862	6.585895797385109	low	13.957011667213	75	CheckV-009188	36.4	51.06	3.211003541912633	9.135867768595043	2	1.0
k141_62059	1080	NA	NA	NA	NA	NA	0	NA	NA	NA	NA	NA	0	1.0
k141_217364	2914	NA	36735.07807163073	7.932472592865904	high	4.45453017313834	3	CheckV-044817	57.7	100.0	2.449302554027505	8.269685658153241	2	1.0
k141_91249	16170	NA	99239.9303009731	16.29384457542434	low	27.4427620025844	2	CheckV-014511	32.6	4.93	6.48	11.889999999999999	1	1.0
k141_187458	2606	NA	35270.0	7.388715622341934	high	3.42648511180738	1	CheckV-060045	87.86	42.94	2.37	7.6	1	1.0
k141_14020	2824	NA	98098.01056803172	2.87875358903587	low	11.9200678430089	6	CheckV-000253	30.5	100.0	NA	NA	0	1.0
k141_202255	1436	NA	166423.17304668334	0.8628606063154365	medium	6.28729461781732	4	CheckV-013262	56.4	56.15	0.6194588235294118	1.1481176470588237	2	1.0
k141_106187	2457	NA	64990.30671964582	3.78056378561032	low	15.5486016037551	20	CheckV-040329	45.5	24.51	2.72	7.02	1	1.0
k141_91275	5232	NA	55365.02891638097	9.450008610854345	low	14.0086581853272	4	CheckV-000288	31.4	37.6	NA	NA	0	1.0
k141_106190	7047	NA	36603.0	19.252520285222523	medium	8.79473845212603	1	CheckV-060046	36.08	53.9	NA	NA	0	1.0
k141_117624	5113	NA	NA	NA	NA	NA	0	NA	NA	NA	2.67	14.72	1	1.0
k141_224677	3036	NA	173516.23337091316	1.7496921994094705	low	16.0809671071127	2	CheckV-032405	48.4	8.94	NA	NA	0	1.0
k141_91283	3036	NA	NA	NA	NA	NA	0	NA	NA	NA	NA	NA	0	1.0
k141_58762	1357	NA	NA	NA	NA	NA	0	NA	NA	NA	NA	NA	0	1.0
k141_21669	3149	NA	70484.82178524906	4.467628519504914	low	21.1660950514454	6	CheckV-017380	31.3	42.84	NA	NA	0	1.0
k141_158353	1939	NA	42112.11925770076	4.6043752586624525	medium	9.52100510404397	135	CheckV-017187	45.9	53.85	2.54	5.9	1	1.0
k141_135555	7606	NA	52278.95849266818	14.548874383307956	medium	7.81059947871416	77	CheckV-001008	37.73	55.43	4.85	18.61	1	1.0
k141_54593	2303	NA	NA	NA	NA	NA	0	NA	NA	NA	2.95	8.34	1	1.0
k141_72854	7294	NA	99501.07562764747	7.330574020421224	low	12.4955291822468	4	CheckV-044766	35.67	40.47	9.639736070381232	23.93	2	1.0
k141_135563	2907	NA	344770.2982627928	0.8431700800932131	high	4.70588235294118	14	CheckV-061425	59.32	64.61	0.8584709480122324	1.1963914373088684	2	1.0
k141_209926	1209	NA	173857.6593014943	0.6953964552711591	medium	9.43002938697405	18	CheckV-014992	42.81	89.97	0.4885510760836618	0.7961079114883298	3	1.0
k141_135564	4379	NA	70271.01023375525	6.23158822597446	low	19.4362889019378	65	CheckV-002403	35.7	20.12	4.16	9.72	1	1.0
k141_6682	4614	NA	NA	NA	NA	NA	0	NA	NA	NA	NA	NA	0	1.0
k141_173504	5097	NA	236599.98860537593	2.154268911864262	low	13.6363636363636	6	CheckV-001998	27.17	62.99	2.1908604986863014	4.887584144226475	3	1.0
k141_62105	3745	NA	177216.94224319173	2.113229103603876	medium	7.70338372930166	24	CheckV-016497	50.13	61.17	1.37	8.22	1	1.01
k141_72872	2643	NA	NA	NA	NA	NA	0	NA	NA	NA	3.75	7.58	1	1.0
k141_9814	3461	NA	163923.76255641453	2.1113473397786935	low	13.5571486856677	91	CheckV-012033	34.18	56.12	NA	NA	0	1.0
k141_198588	1312	NA	58498.0	2.2428117200588056	medium	9.21794557489581	1	CheckV-042284	47.1	60.73	1.32	3.61	1	1.0
k141_135568	13213	NA	137788.3392951079	9.589345562617664	low	18.6356392398109	26	CheckV-044766	40.1	14.23	NA	NA	0	1.0
k141_17651	1292	NA	58523.92766354223	2.2076440382261935	low	13.9180409795102	11	CheckV-000248	34.96	66.82	1.443435316706177	3.8168802335377445	3	1.0
k141_91302	2678	NA	37186.5435706374	7.201529754743209	medium	8.20276497695852	2	CheckV-060046	50.26	66.0	4.697703927492447	8.192447129909366	2	1.0
k141_135570	4169	NA	67822.21125821401	6.146953811528946	medium	5.64074565166524	492	CheckV-006794	43.3	72.67	NA	NA	0	1.0
k141_21687	1591	NA	75028.65676334445	2.1205231022838853	low	10.6944003686965	10	CheckV-056690	40.8	67.07	0.96	4.56	1	1.0
k141_146571	1147	NA	80339.11920660918	1.4276980023271664	medium	9.21794557489581	9	CheckV-057558	47.4	60.93	NA	NA	0	1.0
k141_54646	1054	NA	180952.67296398207	0.5824727442461127	high	3.42478034785727	316	CheckV-014992	71.4	100.0	0.51	2.48	1	1.0
k141_54648	4349	NA	161618.31719876415	2.690907859566091	low	27.3298538986542	2	CheckV-001978	34.1	10.27	1.66	9.6	1	1.0
k141_84138	3989	NA	NA	NA	NA	NA	0	NA	NA	NA	NA	NA	0	1.0
k141_146584	1174	NA	182630.76867321288	0.6428270594976666	medium	6.53280625218078	20	CheckV-061481	61.7	48.53	NA	NA	0	1.0
k141_51090	3327	NA	NA	NA	NA	NA	0	NA	NA	NA	NA	NA	0	1.0
k141_217464	2005	NA	49066.410250122615	4.086298528421467	low	21.9134402169615	5	CheckV-015029	25.6	84.01	1.64	11.43	1	1.0
k141_47423	6550	NA	46490.0	14.08905140890514	medium	6.36	1	CheckV-038784	41.14	83.62	NA	NA	0	1.0
k141_235641	1010	NA	NA	NA	NA	NA	0	NA	NA	NA	1.3	3.66	1	1.0
k141_32437	4951	NA	155073.5916046254	3.1926777143480605	low	13.9757982883961	252	CheckV-044600	39.5	28.49	NA	NA	0	1.0
k141_106225	1688	NA	371389.23228256224	0.4545096769837762	medium	5.43936183472517	25	CheckV-062241	54.71	80.89	0.5181034573488397	0.9741756564752934	3	1.0
k141_32439	37808	NA	131314.7382454177	28.791893815711372	low	26.0831970943911	65	CheckV-023715	32.16	8.88	NA	NA	0	1.0
k141_28763	2684	NA	154464.15020323195	1.7376200215186506	low	18.8069420012078	9	CheckV-003793	27.7	61.68	NA	NA	0	1.0
k141_113739	1494	NA	38952.99999999999	3.835391369085822	low	18.9871240422095	1	CheckV-057275	30.1	41.72	0.6308303249097472	1.8463537906137184	2	1.0
k141_169349	1266	NA	106233.0	1.1917200869786224	medium	6.82561045952701	1	CheckV-000545	53.39	84.6	1.47	4.93	1	1.0
k141_117719	1229	NA	41972.77223753112	2.928088697703545	low	14.4123550401427	34	CheckV-017385	34.4	54.57	1.09	4.12	1	1.0
k141_209966	4449	NA	106233.0	4.187964191917765	low	22.1130987526063	1	CheckV-000545	44.8	13.97	NA	NA	0	1.0
k141_9896	3348	NA	69437.0	4.82163687947348	low	11.8649517684887	1	CheckV-017871	35.7	72.26	NA	NA	0	1.0
k141_14132	1722	NA	106233.0	1.6209652367908276	low	12.9831144465291	1	CheckV-000545	32.6	57.52	2.58	5.65	1	1.0
k141_36065	1188	NA	41686.78335667133	2.8498241033266933	low	10.9098357507713	6	CheckV-041481	41.56	75.94	1.2226292020784653	3.499106064080006	3	1.0
k141_69151	6061	NA	NA	NA	NA	NA	0	NA	NA	NA	NA	NA	0	1.01
k141_217519	7002	NA	106233.0	6.591172234616362	medium	5.33054029793532	1	CheckV-000545	48.29	82.78	3.18	9.21	1	1.0
k141_205918	5662	NA	NA	NA	NA	NA	0	NA	NA	NA	NA	NA	0	1.0
k141_113763	2680	NA	103445.54396212808	2.590735083747214	high	3.8458045310056	4	CheckV-000545	63.41	86.94	NA	NA	0	1.0
k141_14158	1441	NA	64545.0	2.232550933457278	low	10.8503425550577	1	CheckV-000267	38.8	26.06	1.421288614298323	4.781279788172993	2	1.0
k141_176522	1870	NA	38777.67142269448	4.822362796404504	high	3.54623096917935	4	CheckV-060045	69.6	68.44	1.66	6.26	1	1.0
k141_202346	3014	NA	NA	NA	NA	NA	0	NA	NA	NA	NA	NA	0	1.0
k141_110350	1201	NA	50606.30402011953	2.3732221177869834	high	4.7385831317676	624	CheckV-018112	59.9	100.0	NA	NA	0	1.0
k141_128696	3017	NA	173428.1748454779	1.7396250653552143	low	12.2982618713685	14	CheckV-054193	33.8	75.78	NA	NA	0	1.0
k141_14181	3757	NA	190787.69011688008	1.9692046157162404	high	3.88671588193675	160	CheckV-021175	43.07	100.0	NA	NA	0	1.0
k141_6822	3561	NA	245793.1239550664	1.4487793404061982	medium	8.40200644930133	25	CheckV-000523	42.1	54.56	NA	NA	0	1.0
k141_139817	1495	NA	38059.0	3.9281116161748866	low	18.9819526322458	1	CheckV-054009	28.3	71.65	NA	NA	0	1.0
k141_43652	2497	NA	249294.68866935768	1.0016258321940419	low	18.7834445672975	20	CheckV-013709	27.09	94.96	1.26	3.22	1	1.0
k141_180720	2960	NA	367228.597664739	0.806037443386239	medium	9.14521112255407	4	CheckV-062241	32.8	93.04	NA	NA	0	1.0
k141_65950	3298	NA	NA	NA	NA	NA	0	NA	NA	NA	NA	NA	0	1.0
k141_91327	25340	NA	126656.75049411149	20.006829403994622	low	26.8672114679771	74	CheckV-011018	38.2	5.6	12.8	70.66	1	1.0
k141_231836	2315	NA	NA	NA	NA	NA	0	NA	NA	NA	3.43	6.73	1	1.0
k141_213471	5267	3549	40374.5874547171	8.790182695935778	low	10.3521671826625	24	CheckV-060045	48.5	36.22	3.16	11.89	1	1.0
k141_202375	2226	NA	36830.96928234868	6.043826821214872	low	16.0809671071127	3	CheckV-054009	49.1	11.05	2.754247104247104	6.518841698841699	2	1.0
k141_54726	1477	NA	167815.74684798621	0.8801319469369713	medium	9.49055987122503	11	CheckV-014992	62.2	21.66	0.5970357751277683	1.3447700170357753	2	1.0
k141_117785	5756	NA	50098.58816453205	11.489345729856387	medium	5.25388435047253	17	CheckV-018098	48.66	73.52	4.19439842209073	16.402386587771204	2	1.0
k141_9931	4540	2186	100102.00242283916	2.1837724991415803	low	10.2654867256637	5	CheckV-000545	49.52	40.26	1.94	6.84	1	1.0
k141_210003	2910	NA	106233.00000000001	2.7392618113015725	high	4.04716205100082	1	CheckV-000545	77.1	45.28	NA	NA	0	1.0
k141_158509	3583	NA	73766.84906178036	4.857195400876086	low	10.7645695954375	15	CheckV-012166	46.88	40.9	6.091906995916084	8.710260940585815	4	1.0
k141_205952	3319	NA	340352.3699796421	0.9751658259933736	medium	9.51279250664113	11	CheckV-061735	39.31	95.66	NA	NA	0	1.0
k141_3349	4064	NA	58736.0	6.91909561427404	low	13.6363636363636	1	CheckV-000253	25.1	62.69	NA	NA	0	1.0
k141_58844	3585	NA	35722.0	10.035832260231789	low	11.6380162023316	1	CheckV-044817	42.59	27.65	4.16	13.959999999999999	1	1.0
k141_139861	2638	NA	59375.788097695215	4.44288839696664	low	12.1929432782492	7	CheckV-044789	38.1	35.17	NA	NA	0	1.0
k141_143556	5328	NA	110830.5574190979	4.8073384489555036	low	22.6418050767784	241	CheckV-003431	28.8	31.59	NA	NA	0	1.0
k141_210013	1310	NA	37306.144922335574	3.5114858496560695	high	2.7703075640318	2	CheckV-060046	71.79	66.9	1.52	5.1	1	1.0
k141_132498	1415	NA	331598.00114080234	0.4267215107244166	medium	9.83914388195859	7	CheckV-016114	43.2	53.7	NA	NA	0	1.0
k141_191559	2254	NA	87033.45154252909	2.5898088149458003	low	14.0347901471891	365	CheckV-000715	31.8	85.37	NA	NA	0	1.0
k141_217579	2848	NA	44814.0	6.355156870620788	low	14.8448260270765	1	CheckV-011671	41.7	30.92	NA	NA	0	1.0
k141_91359	1566	NA	106233.0	1.4741182118550733	medium	7.36886830689784	1	CheckV-000545	55.3	46.17	NA	NA	0	1.0
k141_169465	1638	NA	133440.65390433394	1.2275119703582331	low	18.8068221050936	24	CheckV-032913	39.3	24.72	0.74	1.23	1	1.0
k141_202411	4782	NA	106233.0	4.501426110530626	low	13.5912336222927	1	CheckV-000545	24.8	50.35	5.47	13.94	1	1.0
k141_21800	4084	NA	79802.58680493206	5.117628592645565	low	10.3521671826625	21	CheckV-059154	50.0	32.59	1.08	9.61	1	1.0
k141_73047	3193	NA	NA	NA	NA	NA	0	NA	NA	NA	NA	NA	0	1.0
k141_76905	1857	NA	NA	NA	NA	NA	0	NA	NA	NA	2.38	6.73	1	1.0
k141_54782	9190	NA	161652.17104570504	5.685045824346923	medium	9.48837978822797	12	CheckV-061284	44.0	23.42	NA	NA	0	1.0
k141_205986	1236	NA	39539.653421557276	3.1259758066724093	medium	7.15726505784103	3	CheckV-060046	52.7	80.87	1.1	4.14	1	1.0
k141_224854	4377	NA	343935.80443202367	1.2726212111670627	low	18.1585854626757	7	CheckV-004859	27.9	34.25	NA	NA	0	1.0
k141_14276	1434	NA	NA	NA	NA	NA	0	NA	NA	NA	1.44	3.95	1	1.0
k141_47577	5158	NA	NA	NA	NA	NA	0	NA	NA	NA	NA	NA	0	1.0
k141_91386	2905	NA	143851.42041223674	2.0194447796727393	medium	7.60627655447017	165	CheckV-016000	52.8	39.65	NA	NA	0	1.0
k141_81061	6848	NA	150997.05311708254	4.535187845480724	high	3.4998469111378	66	CheckV-000545	74.71	37.14	NA	NA	0	1.0
k141_14292	2610	NA	NA	NA	NA	NA	0	NA	NA	NA	NA	NA	0	1.0
k141_210022	2806	NA	153122.52501761078	1.8325194152050974	low	14.0347901471891	50	CheckV-000283	30.49	84.48	NA	NA	0	1.0
k141_87670	2954	NA	58498.0	5.04974529043728	low	10.8819485366333	1	CheckV-042284	39.0	48.54	3.86	4.02	1	1.0
k141_162089	2572	NA	48078.866807454724	5.349543720113649	low	10.586319218241	324	CheckV-018775	37.6	70.16	1.38	8.71	1	1.0
k141_158586	4116	NA	NA	NA	NA	NA	0	NA	NA	NA	NA	NA	0	1.0
k141_117840	3600	NA	36386.0	9.893915242126093	high	4.17787537743618	1	CheckV-018108	70.6	45.78	5.324970760233917	10.638742690058479	2	1.0
k141_221411	1718	NA	53084.44375857339	3.2363530223909236	low	18.4248232254532	2	CheckV-042284	31.3	64.49	1.6442297650130546	4.806422976501306	2	1.0
k141_76954	1164	NA	58442.39879711764	1.991704693780311	high	4.15101920104459	274	CheckV-041256	63.8	87.37	1.08	3.18	1	1.0
k141_58941	8314	NA	48872.16554616749	17.01172826513307	low	15.7472323702244	256	CheckV-029359	38.99	18.03	12.44	27.27	1	1.0
k141_58943	2001	NA	170601.56633144827	1.1729083401921503	medium	5.43936183472517	161	CheckV-041987	52.88	78.96	0.8685147264505793	3.3738296918919652	3	1.0
k141_165914	30899	NA	102969.49652260626	30.00791597851149	medium	8.19045947082916	4	CheckV-044786	42.43	28.03	25.33262023559475	59.62156415445567	5	1.0
k141_146717	3934	NA	NA	NA	NA	NA	0	NA	NA	NA	NA	NA	0	1.0
k141_51225	4190	NA	143855.0	2.9126551040978765	low	18.1585854626757	1	CheckV-044766	30.0	33.43	NA	NA	0	1.0
k141_32579	6475	NA	189271.08049467384	3.4210191980080173	low	26.9656238848579	84	CheckV-023542	40.5	10.76	2.6	4.76	1	1.0
k141_221417	1548	NA	32189.0	4.809096275125043	medium	5.86385453857612	1	CheckV-044737	52.3	100.0	NA	NA	0	1.0
k141_62311	3613	NA	309724.0624386812	1.1665222170832457	low	25.7555927270877	7	CheckV-061735	30.3	12.74	0.93	6.71	1	1.0
k141_180821	4596	NA	94670.48347699267	4.85473384227191	high	4.95140329802337	94	CheckV-040761	54.0	94.86	2.558326771653544	5.600314960629922	2	1.0
k141_228448	1315	NA	173859.7345112845	0.7563568434614449	high	4.12714261940423	310	CheckV-041987	62.9	78.92	0.53	1.26	1	1.0
k141_206022	2679	NA	NA	NA	NA	NA	0	NA	NA	NA	NA	NA	0	1.01
k141_165923	3227	NA	36748.40679282828	8.781333074362758	high	3.50672951331705	3	CheckV-044817	64.83	81.0	2.6316162570888464	9.188969754253307	2	1.0
k141_221443	2706	NA	89741.38328294795	3.015331278623355	low	16.0809671071127	2	CheckV-044786	51.3	10.94	NA	NA	0	1.0
k141_6971	2753	NA	NA	NA	NA	NA	0	NA	NA	NA	NA	NA	0	1.0
k141_191613	2438	NA	155827.94637132736	1.5645460629959227	low	11.3661940130542	6	CheckV-058914	38.0	56.68	1.1	6.64	1	1.0
k141_143649	5941	NA	75742.7513770515	7.843654860681494	low	14.6911520575663	154	CheckV-002197	36.56	36.79	7.05768	15.62912	2	1.0
k141_221448	3492	NA	51116.57038815841	6.831444233216693	medium	6.26853028377806	3	CheckV-003291	58.3	50.05	2.980210970464135	10.27	2	1.0
k141_187612	3720	NA	180400.13283694733	2.0620827387983582	low	13.1821249631444	20	CheckV-000299	42.5	35.5	2.32	7.43	1	1.0
k141_102773	2544	NA	36945.68715566154	6.885783418458246	high	3.23415977961433	3	CheckV-054009	72.62	52.75	NA	NA	0	1.0
k141_40233	4333	NA	NA	NA	NA	NA	0	NA	NA	NA	NA	NA	0	1.0
k141_135804	2319	NA	46964.29414275313	4.93779379064262	low	11.7390330599321	4	CheckV-007543	38.1	40.62	2.14	6.33	1	1.0
k141_143661	4877	NA	42259.47609900664	11.540606865485111	low	10.2654867256637	2	CheckV-032419	48.5	42.17	NA	NA	0	1.0
k141_54850	3917	NA	NA	NA	NA	NA	0	NA	NA	NA	4.411412300683372	11.306173120728928	2	1.0
k141_184291	6713	NA	50860.087506672826	13.198954876196893	low	11.9081075052972	249	CheckV-008676	55.5	22.07	7.706404160475483	17.2255720653789	2	1.0
k141_6998	3846	NA	166596.0	2.3085788374270693	low	12.682199503915	1	CheckV-049748	25.96	76.12	1.7642982828053348	3.4305931535056557	5	1.0
k141_210051	1095	NA	174758.46400570584	0.6265790937394874	medium	9.60051358370539	162	CheckV-058929	48.4	38.33	0.5159247135842879	1.0179541734860882	2	1.0
k141_135826	1822	NA	45060.718444677295	4.043433089592073	low	16.0955816050496	4	CheckV-054009	43.4	20.36	1.6892906574394466	6.659290657439446	2	1.0
k141_187636	1080	NA	103007.0223567981	1.048472206350234	medium	9.0304258705784	4	CheckV-044786	44.4	86.22	0.64	2.87	1	1.0
k141_21911	4867	NA	106233.0	4.581438912578954	low	15.4714335542146	1	CheckV-000545	62.28	12.68	NA	NA	0	1.0
k141_169556	4400	NA	103543.6974826853	4.249413635953819	high	4.54554919312858	3	CheckV-000545	55.9	71.37	NA	NA	0	1.0
k141_106452	1132	NA	36603.0	3.0926426795617847	medium	5.99083426346975	1	CheckV-060046	55.2	100.0	1.01	3.79	1	1.0
k141_84309	2602	NA	NA	NA	NA	NA	0	NA	NA	NA	NA	NA	0	1.0
k141_128881	9872	NA	102595.4692914687	9.622257267476531	medium	7.03932723083913	3	CheckV-044818	48.79	33.74	NA	NA	0	1.0
k141_117913	2556	NA	57687.27659188439	4.430786390008894	low	10.0451710045171	5	CheckV-060036	39.4	72.64	2.9242105263157896	6.326426592797784	2	1.0
k141_198779	2532	827	73914.18441124458	1.1188650819695554	low	18.8068221050936	12	CheckV-056690	38.7	24.88	1.09	1.9799999999999998	1	1.0
k141_73199	2267	NA	51976.16027850895	4.361614993975145	medium	9.51279933938893	99	CheckV-020408	33.87	100.0	3.479825708061002	6.014836601307189	2	1.0
k141_110523	3367	NA	87616.0413011292	3.8429035939068457	low	11.7390330599321	6	CheckV-033077	40.4	41.81	1.4099405106042333	8.89378949718293	3	1.02
k141_235818	5237	NA	NA	NA	NA	NA	0	NA	NA	NA	NA	NA	0	1.0
k141_235825	1063	NA	42060.41874937096	2.5273167305684465	low	10.6764514907398	43	CheckV-032292	45.9	100.0	0.74	3.62	1	1.0
k141_231988	1772	NA	185670.65140392736	0.9543780810813259	low	19.7445197918309	4	CheckV-051385	38.9	18.8	0.94	3.9699999999999998	1	1.0
k141_110528	3571	NA	NA	NA	NA	NA	0	NA	NA	NA	NA	NA	0	1.0
k141_117928	3907	NA	141461.0	2.761891970225009	high	4.56709794829606	1	CheckV-058914	53.16	75.7	NA	NA	0	1.0
k141_228502	2078	NA	37135.19510252837	5.5957697118939285	high	4.50257385887133	2	CheckV-060046	70.3	43.87	2.67	7.53	1	1.0
k141_162195	2786	NA	106233.0	2.6225372530193067	medium	8.41622724100411	1	CheckV-000545	51.42	27.63	2.564343163538874	6.390831099195712	2	1.0
k141_206083	2087	NA	45499.412783631546	4.58687238431965	low	10.0451710045171	638	CheckV-013876	42.0	74.68	1.44	5.39	1	1.0
k141_91499	1276	NA	38059.0	3.3526892456449198	medium	7.7824144533864	1	CheckV-054009	38.6	20.22	1.48	4.97	1	1.0
k141_158683	2623	NA	NA	NA	NA	NA	0	NA	NA	NA	NA	NA	0	1.0
k141_17894	4768	NA	143855.0	3.3144485766918077	high	4.80727376725394	1	CheckV-044766	54.92	63.26	0.22	11.56	1	1.0
k141_66061	2827	NA	86171.28298229579	3.280675304069475	low	13.957011667213	93	CheckV-006451	37.4	51.07	NA	NA	0	1.0
k141_25540	7884	NA	58063.468750000015	13.578244927022205	low	20.6566983698812	50	CheckV-021982	34.9	13.32	5.183555133079849	10.91522813688213	2	1.0
k141_162210	3121	NA	40587.240506329115	7.689608756508873	low	15.5486016037551	2	CheckV-011671	46.0	22.53	NA	NA	0	1.0
k141_69326	3827	NA	67702.0	5.652713361495968	medium	8.79473845212603	1	CheckV-007108	34.8	53.75	5.75	11.35	1	1.0
k141_32640	11344	NA	96504.2981484727	11.754916845824999	medium	8.47654632777342	4	CheckV-044818	47.27	34.31	NA	NA	0	1.0
k141_228537	4102	NA	NA	NA	NA	NA	0	NA	NA	NA	2.1962382864792502	6.302115127175368	2	1.0
k141_180951	2709	NA	72179.09634169699	3.753164194762914	low	16.0955816050496	3	CheckV-000545	45.53	20.44	NA	NA	0	1.0
k141_210117	1735	NA	350679.76871564286	0.4947533775200093	high	4.50257385887133	33	CheckV-061735	69.4	46.09	0.8	2.23	1	1.0
k141_146826	1086	NA	43035.36912036058	2.5235057168039945	medium	9.28434547078065	188	CheckV-043387	46.9	81.16	1.75	3.45	1	1.0
k141_210121	1348	NA	62761.46004527525	2.1478149154394615	medium	7.29637658717869	10	CheckV-044789	48.6	100.0	1.11	7.68	1	1.0
k141_87794	3258	NA	37884.0	8.599936648717136	medium	9.53752329324072	1	CheckV-018098	50.05	91.89	5.34654341036852	9.16279575265459	3	1.0
k141_43859	3063	NA	56152.0	5.454836871349195	low	25.0908173089957	1	CheckV-000094	26.7	53.27	NA	NA	0	1.0
k141_151306	1393	NA	42990.02640536362	3.2402864489197043	low	12.2636936500242	331	CheckV-030965	42.4	94.85	1.24	4.67	1	1.0
k141_154638	4103	NA	311254.022050859	1.3182158974092129	medium	8.38293115600352	12	CheckV-061337	54.97	29.96	1.19	3.09	1	1.0
k141_66103	3721	NA	57096.31017138599	6.517058613473751	low	11.5125421190565	3	CheckV-054129	45.6	37.37	3.618864516129032	10.068929032258064	2	1.0
k141_95346	1019	NA	36887.143130934746	2.762480131310125	high	4.00049721353249	3	CheckV-060046	71.86	40.49	NA	NA	0	1.0
k141_73239	6326	NA	77475.01271840882	8.165213244936817	medium	6.04248823304923	23	CheckV-060041	45.51	71.49	2.72	4.09	1	1.0
k141_132690	4085	NA	80710.71601191266	5.0612857893579655	low	15.4714335542146	8	CheckV-017084	60.9	12.81	2.57	6.81	1	1.0
k141_132693	2451	NA	40480.13746624911	6.054821335632954	low	10.9970674486804	214	CheckV-040339	38.29	44.98	2.9447566063977746	8.05191933240612	2	1.0
k141_198825	2989	NA	76764.64754098361	3.893719434332338	low	21.4175654853621	3	CheckV-008302	31.6	29.76	NA	NA	0	1.0
k141_81214	1107	NA	32189.0	3.439063033955699	medium	6.82561045952701	1	CheckV-044737	53.7	84.45	NA	NA	0	1.0
k141_140070	2280	NA	58072.0	3.9261606281857007	medium	7.56667930805488	1	CheckV-052246	47.18	100.0	2.7676811594202895	6.645362318840581	2	1.0
k141_225036	3589	NA	76544.08221012886	4.688801402239659	low	16.7746825248758	86	CheckV-001807	34.8	26.85	3.0051143200962693	9.177882069795425	2	1.0
k141_169708	7782	NA	47912.04318543831	16.242262868816972	low	17.4785801713586	137	CheckV-007368	33.2	19.75	11.64	25.53	1	1.01
k141_91545	11945	NA	193328.01977894857	6.178618088396045	low	22.555739773824	38	CheckV-007342	30.49	22.39	NA	NA	0	1.0
k141_154669	1009	NA	53000.9685231938	1.9037387959400227	high	4.7385831317676	515	CheckV-059307	58.2	100.0	NA	NA	0	1.0
k141_36229	1165	NA	NA	NA	NA	NA	0	NA	NA	NA	NA	NA	0	1.0
k141_140087	1247	NA	84893.11917068154	1.4689058573673666	low	13.7461268634142	14	CheckV-000211	40.8	46.7	0.7	3.63	1	1.0
k141_187719	4571	NA	177736.24118828372	2.571788381165179	medium	5.46581517655898	207	CheckV-014992	54.68	43.63	1.8671927311828769	4.062084797429339	4	1.03
k141_202533	1244	NA	53719.87560322119	2.315716456955843	medium	7.04111901661928	49	CheckV-041693	47.7	61.68	0.35	2.92	1	1.0
k141_95382	3708	NA	372332.6252818972	0.9958837201528155	high	3.92309601747745	5	CheckV-062241	55.73	86.76	NA	NA	0	1.0
k141_17940	2956	NA	35722.0	8.275012597278987	medium	5.98605986059861	1	CheckV-044817	60.84	37.17	4.43	9.45	1	1.0
k141_158746	5975	NA	42810.94823569628	13.956710248753549	high	4.99964123970491	90	CheckV-044735	58.26	36.02	4.884104040081014	18.122760633194755	3	1.0
k141_32695	2575	NA	NA	NA	NA	NA	0	NA	NA	NA	NA	NA	0	1.0
k141_132728	2776	NA	47653.85638699924	5.825341767633602	low	14.953663227837	2	CheckV-017535	40.8	12.01	NA	NA	0	1.0
k141_110615	2991	NA	NA	NA	NA	NA	0	NA	NA	NA	NA	NA	0	1.0
k141_10179	2874	NA	91556.91200010061	3.1390311634765946	medium	6.50440235702245	146	CheckV-004343	50.8	47.3	2.11	8.32	1	1.0
k141_198843	3090	NA	NA	NA	NA	NA	0	NA	NA	NA	NA	NA	0	1.0
k141_110632	1193	NA	NA	NA	NA	NA	0	NA	NA	NA	NA	NA	0	1.0
k141_10188	3092	NA	349927.6778370014	0.8836111562001888	medium	6.27705627705628	18	CheckV-061367	65.9	40.75	NA	NA	0	1.0
k141_114017	20775	NA	181213.9753292712	11.464347582602946	medium	8.49620178479239	78	CheckV-020789	33.11	29.81	4.45	16.36	1	1.0
k141_210154	2745	NA	36191.86666666667	7.584577013620002	low	10.7617896009674	2	CheckV-060046	61.7	18.17	NA	NA	0	1.0
k141_228621	1150	NA	NA	NA	NA	NA	0	NA	NA	NA	NA	NA	0	1.0
k141_202557	2376	NA	36466.467478451705	6.515574894672744	high	3.42478034785727	2	CheckV-018112	68.2	73.93	3.4755867798567905	6.509732992114346	4	1.0
k141_81241	2598	NA	48037.9732783259	5.408221502076115	low	15.760181986278	14	CheckV-030897	33.6	32.52	NA	NA	0	1.0
k141_36251	3550	NA	103256.99999999999	3.4380235722517605	medium	8.50356765363445	1	CheckV-044786	36.68	51.46	NA	NA	0	1.0
k141_91580	1119	NA	32362.999999999996	3.457652257207305	low	28.2796463774007	1	CheckV-041151	24.5	100.0	NA	NA	0	1.0
k141_95411	2649	NA	229636.2137374069	1.1535636983760664	low	19.6969102730118	177	CheckV-047990	29.1	56.43	NA	NA	0	1.0
k141_187754	1346	NA	173210.84096224906	0.7770876190673065	low	27.8875317648988	30	CheckV-029798	25.9	88.69	0.6043321299638988	0.8893140794223826	2	1.0
k141_29092	2585	NA	NA	NA	NA	NA	0	NA	NA	NA	NA	NA	0	1.0
k141_91602	1074	NA	369286.0	0.2908314964553219	low	12.3950755456072	2	CheckV-062241	39.6	54.15	0.2451351351351351	0.32	2	1.0
k141_121711	3247	NA	226664.6355513454	1.432512836465162	medium	6.5549443838636	4	CheckV-061425	66.56	29.08	0.74	1.13	1	1.0
k141_210161	2418	NA	36261.40887957381	6.6682461457311675	high	4.43371421418892	10	CheckV-018112	66.15	58.1	3.4334853911107377	7.178407883128886	3	1.0
k141_225105	1017	NA	NA	NA	NA	NA	0	NA	NA	NA	0.9	3.41	1	1.0
k141_110682	4253	NA	63228.99079799764	6.726344903380437	medium	9.60676095205243	3	CheckV-060036	52.8	25.39	4.016713384723197	11.591934127540295	2	1.0
k141_106594	2615	NA	NA	NA	NA	NA	0	NA	NA	NA	NA	NA	0	1.0
k141_29105	3323	NA	45806.6909594096	7.25439871425026	medium	6.5549443838636	5	CheckV-060046	67.0	32.24	NA	NA	0	1.0
k141_195163	2437	NA	290023.0214872006	0.840278122579159	high	4.50195005338972	3	CheckV-002649	53.03	100.0	0.6299999999999999	1.54	1	1.0
k141_166065	1418	NA	43894.57311932505	3.2304676847983984	medium	5.60344827586207	859	CheckV-061871	51.7	93.39	2.5900000000000003	4.22	1	1.0
k141_32745	2015	NA	119182.57267672756	1.6906834235450794	low	10.7907508297973	2	CheckV-044766	45.3	28.69	NA	NA	0	1.0
k141_87900	2536	1181	196191.0160322242	0.6019643630399578	low	11.7390330599321	74	CheckV-000523	39.1	38.28	0.56	2.04	1	1.0
k141_87901	1039	NA	143855.0	0.722255048486323	medium	6.50135470901849	1	CheckV-044766	57.11	88.66	1.08	3.1	1	1.0
k141_232071	3639	NA	236950.9249439743	1.5357610445540235	low	10.2654867256637	204	CheckV-021514	49.7	42.34	NA	NA	0	1.0
k141_228641	17697	NA	127136.74990252702	13.919657387472862	medium	7.42318358164892	2	CheckV-044766	37.99	36.94	12.98	51.25	1	1.0
k141_118082	1273	NA	NA	NA	NA	NA	0	NA	NA	NA	NA	NA	0	1.0
k141_66211	2632	NA	76899.51151518711	3.4226485294125677	low	13.957011667213	3	CheckV-059154	35.14	49.32	NA	NA	0	1.0
k141_191842	3561	NA	NA	NA	NA	NA	0	NA	NA	NA	NA	NA	0	1.0
k141_29132	1275	NA	207216.94248864366	0.6152971782555258	low	14.386066809884	59	CheckV-016180	33.3	82.86	NA	NA	0	1.0
k141_84522	5310	NA	368805.5542085686	1.4397830887864191	low	10.0351978014638	6	CheckV-062241	42.02	45.41	1.39	4.01	1	1.0
k141_114083	7601	NA	159010.03318129882	4.780201505482079	low	20.6566983698812	158	CheckV-002486	35.5	14.77	NA	NA	0	1.0
k141_235950	1554	NA	32189.000000000004	4.827736183168162	medium	8.76990056085545	1	CheckV-044737	52.5	81.78	NA	NA	0	1.0
k141_66227	3114	NA	NA	NA	NA	NA	0	NA	NA	NA	NA	NA	0	1.0
k141_132844	2958	NA	76821.0	3.8505096262740657	low	16.7547169811321	1	CheckV-060034	35.4	29.66	NA	NA	0	1.0
k141_166107	3099	NA	67043.59245503963	4.622365667648602	low	12.9831144465291	25	CheckV-007918	36.19	62.48	5.69	7.07	1	1.0
k141_221656	3617	NA	57607.0	6.278750846251324	low	23.3177068073054	1	CheckV-014972	31.0	19.26	1.39	5.53	1	1.0
k141_202641	2619	NA	126126.99003662216	2.076478634144483	high	4.38108484005563	2	CheckV-000545	59.42	67.86	1.27	6.17	1	1.0
k141_140196	1872	NA	36203.774413045656	5.170731589039634	high	3.52700946723594	600	CheckV-016204	68.9	65.19	2.336044985941893	5.9038800374882845	2	1.0
k141_114094	6938	NA	76114.77857179656	9.115181217344821	low	13.9757982883961	14	CheckV-060048	40.3	29.56	9.12	16.62	1	1.0
k141_235983	2554	NA	156884.6802868937	1.6279473530044626	low	11.3661940130542	186	CheckV-001070	39.4	53.89	NA	NA	0	1.0
k141_73339	4957	NA	63690.30173410404	7.782974589592329	low	19.4362889019378	23	CheckV-060376	33.0	22.48	NA	NA	0	1.0
k141_47821	8119	NA	69789.43032006308	11.633566806270302	low	12.5453716678203	17	CheckV-002417	30.8	30.72	NA	NA	0	1.0
k141_47826	1030	NA	NA	NA	NA	NA	0	NA	NA	NA	NA	NA	0	1.0
k141_77194	2947	NA	51448.822722549354	5.728022224905776	medium	7.44985673352436	22	CheckV-018112	59.28	40.65	2.2557434813248762	9.317477096546863	2	1.0
k141_110733	3109	NA	130558.68550392258	2.381304612557999	medium	7.60627655447017	475	CheckV-046198	55.3	38.12	NA	NA	0	1.0
k141_162335	2769	NA	41297.347397012214	6.705031132823635	low	15.1381313075547	3	CheckV-032419	36.5	41.77	NA	NA	0	1.0
k141_129064	1483	NA	50443.305928639245	2.9399341948324307	low	15.5702184012636	13	CheckV-020408	35.5	40.0	1.0351029270545045	3.5831186883351225	3	1.0
k141_69518	2762	NA	NA	NA	NA	NA	0	NA	NA	NA	NA	NA	0	1.0
k141_81289	2695	NA	286507.5598362422	0.9406383557698683	low	24.3312955035068	3	CheckV-015910	26.0	76.97	NA	NA	0	1.0
k141_99202	2340	NA	55442.22157787683	4.220610093542378	low	14.8448260270765	2	CheckV-054129	42.27	28.57	2.7	6.86	1	1.0
k141_210255	1061	NA	447633.99999999994	0.23702399728349502	low	16.0413971539457	1	CheckV-014862	33.9	47.84	1.23	4.13	1	1.0
k141_114118	1685	NA	NA	NA	NA	NA	0	NA	NA	NA	1.992575342465753	3.6338630136986305	2	1.0
k141_235985	11161	NA	90774.48609961901	12.29530507917339	low	25.1029277801869	35	CheckV-014300	47.4	4.17	NA	NA	0	1.0
k141_66245	1466	NA	38059.0	3.85191413331932	low	13.1305637982196	1	CheckV-054009	38.0	28.89	NA	NA	0	1.0
k141_125190	2321	NA	45671.99967790347	5.081888282467564	medium	7.44864970773602	46	CheckV-005726	53.7	28.42	3.5370758620689657	6.955324137931035	2	1.0
k141_202696	2118	NA	61902.209611745864	3.4215256826601426	medium	8.20276497695852	460	CheckV-011671	50.9	63.81	1.9400000000000002	6.58	1	1.0
k141_206214	1509	NA	63712.256450499095	2.3684610843635867	low	11.3661940130542	2	CheckV-060036	40.7	57.46	NA	NA	0	1.0
k141_84569	2863	NA	75073.71100455333	3.813585290630371	low	16.7547169811321	16	CheckV-060044	37.0	28.15	NA	NA	0	1.0
k141_10348	2881	NA	33517.95434633868	8.5953932934893	medium	8.22784810126582	39	CheckV-018775	51.4	59.42	6.128340514246004	8.423186935371787	3	1.0
k141_198922	6469	NA	106233.0	6.089444899419201	low	19.9773130997658	1	CheckV-000545	54.41	10.07	5.32	20.29	1	1.0
k141_106700	10741	NA	106233.0	10.11079419765986	high	4.73066107956112	1	CheckV-000545	58.35	32.32	4.37	22.12	1	1.0
k141_154799	4793	NA	NA	NA	NA	NA	0	NA	NA	NA	NA	NA	0	1.0
k141_18054	1866	NA	32189.000000000004	5.797011401410419	medium	9.97120230381569	1	CheckV-044737	44.3	64.8	3.0373675496688737	6.070596026490066	2	1.0
k141_73361	2156	NA	57087.99999999999	3.776625560538117	low	17.1259981821213	1	CheckV-000337	44.1	15.98	2.5	8.39	1	1.0
k141_225195	1186	NA	106233.0	1.1164139203449022	medium	6.28729461781732	1	CheckV-000545	56.34	55.56	1.38	4.62	1	1.0
k141_10364	2674	NA	99326.51390320533	2.692131128860356	low	10.0451710045171	128	CheckV-000597	39.97	74.05	NA	NA	0	1.0
k141_14587	4568	NA	106233.0	4.299982114785425	low	11.6380162023316	1	CheckV-000545	43.16	29.96	NA	NA	0	1.0
k141_217907	2490	NA	NA	NA	NA	NA	0	NA	NA	NA	3.25	3.39	1	1.0
k141_99245	5812	NA	54178.925522806145	10.727418353015306	low	19.4362889019378	22	CheckV-001598	33.49	22.49	8.445908950041618	14.909252963400784	7	1.0
k141_32858	3427	NA	46474.0	7.37401557860309	medium	5.02001011001649	1	CheckV-059090	68.28	38.8	NA	NA	0	1.0
k141_210304	2507	NA	42145.50369171059	5.94844000047647	medium	9.52100510404397	12	CheckV-060046	42.9	54.14	3.75	8.22	1	1.0
k141_73373	2701	NA	61304.0	4.405911522902257	low	11.2581598019399	1	CheckV-000211	53.5	18.81	0.87	7.51	1	1.0
k141_232166	3369	NA	53726.031874276545	6.270703200049735	low	15.7078342823483	51	CheckV-011792	34.2	17.5	NA	NA	0	1.0
k141_36388	3481	NA	151445.55594867986	2.298515778950689	low	13.7748454522773	261	CheckV-061112	54.0	14.17	NA	NA	0	1.0
k141_187905	1929	NA	103292.54101617326	1.8675114204983714	low	10.4444444060709	4	CheckV-000545	33.37	92.19	0.9125307950727882	4.1130123180291145	2	1.0
k141_132970	19093	NA	143855.0	13.272392339508533	low	16.7308326916731	1	CheckV-044766	28.23	13.49	9.39	25.62	1	1.0
k141_36392	3438	NA	162649.43481259563	2.1137485070029642	low	20.2028081123245	3	CheckV-010203	29.4	50.09	1.4603937007874015	8.605964566929133	2	1.0
k141_169878	3404	NA	102319.53982877573	3.3268327884354694	low	16.4303586321935	6	CheckV-005358	26.0	100.0	NA	NA	0	1.0
k141_187906	2152	NA	54256.81295704106	3.9663221680637415	low	11.9200678430089	53	CheckV-022664	32.0	100.0	NA	NA	0	1.0
k141_187908	4927	NA	185403.0	2.6574543022496937	low	NA	1	CheckV-002524	20.2	81.55	NA	NA	0	1.0
k141_202714	2655	NA	36873.524945184145	7.2002880222243455	high	3.80699424524126	3	CheckV-054009	67.85	55.38	3.08	10.34	1	1.0
k141_18108	1005	NA	57791.0	1.7390251077157344	low	13.92	1	CheckV-000145	33.7	100.0	NA	NA	0	1.0
k141_132988	2552	NA	106233.0	2.402266715615675	low	10.9394929934521	1	CheckV-000545	41.5	61.31	NA	NA	0	1.0
k141_51533	2833	NA	368171.2329498238	0.7694789126520636	high	2.5492837895334	37	CheckV-061735	73.55	79.35	1.14	2.71	1	1.0
k141_55145	1064	NA	283343.7703562049	0.3755155790658094	medium	5.20086681113519	31	CheckV-041541	65.5	37.61	NA	NA	0	1.0
k141_66283	1018	NA	183379.01766627692	0.5551343948480582	low	13.92	22	CheckV-049748	34.5	100.0	0.53	1.31	1	1.0
k141_132990	4741	NA	108528.50791330473	4.368437465101086	low	13.9757982883961	14	CheckV-060036	39.66	29.44	NA	NA	0	1.0
k141_143889	3422	NA	35270.0	9.702296569322371	low	11.2581598019399	1	CheckV-060045	56.8	18.39	NA	NA	0	1.0
k141_154827	3055	NA	200932.0	1.5204148667210797	medium	8.74144713788569	1	CheckV-018102	48.86	76.78	NA	NA	0	1.0
k141_213864	7415	NA	44674.59170575166	16.597801383029427	low	14.7128418035278	2	CheckV-059090	72.4	4.48	NA	NA	0	1.0
k141_151464	2796	NA	143855.0	1.9436237878419242	low	15.760181986278	1	CheckV-044766	36.2	33.62	NA	NA	0	1.0
k141_3673	8616	NA	267389.0037568189	3.22227162633657	low	13.3435582822086	16	CheckV-046198	35.01	23.63	NA	NA	0	1.0
k141_118222	1473	NA	143855.0	1.0239477251398978	low	11.0079848272345	1	CheckV-044766	39.54	87.53	1.53	4.39	1	1.0
k141_210313	1454	NA	183381.19096863084	0.7928839333630029	medium	9.83914388195859	94	CheckV-046571	43.0	56.11	0.629015401382396	1.5228752115180542	3	1.0
k141_195307	2820	NA	NA	NA	NA	NA	0	NA	NA	NA	1.2	1.5699999999999998	1	1.0
k141_18136	4242	NA	NA	NA	NA	NA	0	NA	NA	NA	NA	NA	0	1.0
k141_10407	5389	NA	90191.81876165795	5.975043051566617	low	10.2654867256637	19	CheckV-000545	51.8	41.05	4.870848585690516	16.787321131447587	2	1.0
k141_187922	5802	NA	106233.0	5.461579735110559	medium	9.11672823021493	1	CheckV-000545	46.35	53.36	NA	NA	0	1.0
k141_236072	1106	NA	42271.0	2.6164509947718293	high	2.11539796792186	1	CheckV-043375	93.0	24.1	NA	NA	0	1.0
k141_99269	3628	NA	43511.273394877484	8.338069003577171	medium	6.29168364601544	2	CheckV-018473	40.28	70.75	6.17104937299611	12.478737497054999	4	1.0
k141_29255	11168	NA	174225.58805045742	6.4100802442208655	high	4.92520462884561	94	CheckV-041987	69.7	27.46	4.407001409264881	11.961080390478878	5	1.0
k141_121883	2332	NA	51466.43935865981	4.5311080950223435	low	17.1259981821213	13	CheckV-013218	42.9	15.5	1.8125059101654846	6.969574468085106	2	1.0
k141_7350	1082	NA	42623.213551221284	2.5385228138646467	low	10.6764514907398	47	CheckV-015695	46.37	100.0	0.75	3.6899999999999995	1	1.0
k141_66305	2147	NA	57566.18864977082	3.7296198521361505	low	10.6944003686965	3	CheckV-042284	42.43	64.79	1.52	5.17	1	1.0
k141_10420	1136	NA	NA	NA	NA	NA	0	NA	NA	NA	NA	NA	0	1.0
k141_7356	3040	NA	35058.603192171024	8.671195436214258	low	14.855914629916	2	CheckV-044737	50.0	14.0	NA	NA	0	1.0
k141_129118	3514	NA	NA	NA	NA	NA	0	NA	NA	NA	NA	NA	0	1.0
k141_51591	2835	NA	368040.77675984526	0.7702950811480056	high	2.5492837895334	37	CheckV-061735	73.43	79.33	1.14	2.71	1	1.0
k141_95607	13555	NA	74866.05887609036	18.105667913459513	medium	7.12377893726093	20	CheckV-042212	41.31	57.78	14.896230573162288	30.752827720663685	4	1.0
k141_25847	1113	NA	34836.0	3.1949707199448847	low	10.6198315369057	1	CheckV-016098	44.6	50.7	1.29	4.33	1	1.0
k141_147060	3934	NA	NA	NA	NA	NA	0	NA	NA	NA	NA	NA	0	1.0
k141_133022	6684	NA	93214.37299415811	7.170567998584184	low	27.3298538986542	2	CheckV-041368	36.4	10.24	8.066830357142857	19.423995535714287	2	1.0
k141_210366	13763	NA	117230.95388223472	11.74007337159922	low	12.5453716678203	90	CheckV-044786	30.44	30.02	3.555881383855024	22.073360790774302	2	1.0
k141_7390	1571	NA	NA	NA	NA	NA	0	NA	NA	NA	2.02	5.69	1	1.0
k141_44071	1091	NA	42286.27953672695	2.5800330791750845	medium	5.99083426346975	46	CheckV-015250	53.21	100.0	0.76	3.72	1	1.0
k141_210379	6716	NA	NA	NA	NA	NA	0	NA	NA	NA	NA	NA	0	1.0
k141_95627	5085	NA	NA	NA	NA	NA	0	NA	NA	NA	NA	NA	0	1.0
k141_140321	1354	NA	NA	NA	NA	NA	0	NA	NA	NA	NA	NA	0	1.0
k141_236102	1386	NA	NA	NA	NA	NA	0	NA	NA	NA	NA	NA	0	1.0
k141_25865	1277	NA	42042.55737784699	3.037398482978286	medium	6.12369555934197	2	CheckV-060046	56.62	65.36	1.81	3.49	1	1.0
k141_51615	4094	NA	38301.01436093824	10.689011944747124	medium	7.02632877950927	2	CheckV-060046	60.34	30.49	4.53	11.69	1	1.0
k141_199021	1270	NA	42313.34912614288	3.0014168725191817	medium	9.0304258705784	30	CheckV-021918	46.9	83.78	0.88	4.33	1	1.0
k141_129171	1489	NA	85931.5037673112	1.732775448724806	low	19.0715755774068	279	CheckV-032716	28.1	100.0	NA	NA	0	1.0
k141_10484	1950	NA	NA	NA	NA	NA	0	NA	NA	NA	NA	NA	0	1.0
k141_91806	2280	NA	51963.08238910111	4.3877304716592676	medium	9.89099717400081	43	CheckV-005789	44.0	38.37	NA	NA	0	1.0
k141_140330	3647	NA	39985.3059137088	9.120850564130963	medium	9.04973946797384	74	CheckV-039962	35.04	44.03	3.1321749999999997	9.7145	2	1.0
k141_147090	2334	NA	127012.21222144848	1.8376185716146898	low	10.2803738317757	2	CheckV-000545	55.6	24.12	NA	NA	0	1.0
k141_51665	2261	NA	170265.8452689566	1.3279233990988988	low	12.1929432782492	2	CheckV-049673	39.1	34.66	0.9647107438016528	1.4602479338842973	2	1.02
k141_66348	3908	NA	60622.668225245594	6.446433511437822	medium	8.40200644930133	4	CheckV-060036	39.22	56.4	4.464847645429363	9.67601108033241	2	1.0
k141_202804	5197	NA	44072.426826603885	11.79195332366604	low	13.1821249631444	69	CheckV-027583	37.85	36.2	NA	NA	0	1.0
k141_166238	2574	NA	NA	NA	NA	NA	0	NA	NA	NA	NA	NA	0	1.0
k141_188056	3002	NA	146553.43419081724	2.048399627463728	high	2.87283640536197	84	CheckV-032282	74.71	68.92	NA	NA	0	1.0
k141_55295	2601	NA	221504.19823295376	1.1742441094793852	low	10.3754165273183	197	CheckV-051907	39.2	82.33	NA	NA	0	1.0
k141_95658	1097	NA	51254.91708147501	2.1402824596442223	medium	9.60051358370539	18	CheckV-017665	47.6	40.26	1.41	3.97	1	1.0
k141_199049	6953	NA	181813.53459821022	3.824247746662776	medium	5.43302927220296	53	CheckV-011817	40.0	100.0	NA	NA	0	1.0
k141_44123	1823	NA	41030.65358914985	4.443019646370133	low	18.8069420012078	2	CheckV-012576	31.9	62.17	2.6311853448275864	4.872715517241379	2	1.0
k141_184649	4640	NA	211149.66059932922	2.197493468296269	low	16.354663036079	20	CheckV-060778	39.3	19.99	3.58	11.619999999999997	1	1.0
k141_32970	5777	2060	55856.7985468969	3.688002272938076	low	15.1657311952622	128	CheckV-010663	42.06	25.87	3.33	5.19	1	1.0
k141_140364	9668	NA	62628.91085117306	15.436960133275118	low	18.6356392398109	192	CheckV-044766	38.61	15.63	10.225850773430391	27.84036396724295	2	1.0
k141_32971	2515	NA	46515.932114643	5.406749656873563	low	10.3754165273183	10	CheckV-044737	40.5	82.38	NA	NA	0	1.0
k141_73517	2977	NA	NA	NA	NA	NA	0	NA	NA	NA	NA	NA	0	1.0
k141_99347	7470	NA	81271.19371445727	9.191448603850354	low	25.0788091068301	18	CheckV-039850	32.0	10.65	4.82	20.26	1	1.0
k141_184657	5451	NA	102548.44862659594	5.315536288460519	medium	5.63301787048028	3	CheckV-044637	45.87	81.21	8.15	17.88	1	1.0
k141_228874	2554	NA	58498.0	4.365961229443742	low	21.1303462321792	1	CheckV-042284	31.5	41.89	3.118791469194313	7.947843601895734	2	1.0
k141_103150	4168	NA	103466.47727272728	4.028357889303189	medium	7.70338372930166	4	CheckV-000545	51.2	60.37	NA	NA	0	1.0
k141_125405	12758	NA	227419.8341248349	5.609888886383103	high	4.48569873616738	8	CheckV-059003	30.44	64.3	5.36	31.51	1	1.0
k141_176943	4289	NA	63736.0	6.729320948914271	medium	6.86392568381215	1	CheckV-001384	24.6	93.21	6.0	12.58	1	1.0
k141_188098	1156	NA	NA	NA	NA	NA	0	NA	NA	NA	1.49	3.4799999999999995	1	1.0
k141_106951	19278	NA	110575.99182018783	17.434164218349267	medium	8.49620178479239	2	CheckV-044766	36.26	27.69	NA	NA	0	1.0
k141_99391	1262	NA	106233.0	1.1879547786469364	medium	6.28980688067528	1	CheckV-000545	51.87	81.95	1.47	4.91	1	1.0
k141_62717	7695	NA	197273.0	3.9006858515863803	low	28.292853557284	1	CheckV-016918	26.7	21.73	NA	NA	0	1.0
k141_14724	3325	NA	36266.59757207891	9.168215996528625	medium	6.29946185501741	3	CheckV-060045	78.88	10.36	NA	NA	0	1.0
k141_99404	3735	NA	46735.93974901125	7.991708351342219	low	10.7645695954375	350	CheckV-044789	46.9	41.75	3.1973333333333334	16.652358974358975	2	1.0
k141_73573	3583	NA	102565.50004378155	3.49337740124169	low	16.7746825248758	3	CheckV-044786	36.3	27.03	3.738767029972752	10.155776566757494	2	1.0
k141_202839	1978	NA	NA	NA	NA	NA	0	NA	NA	NA	NA	NA	0	1.0
k141_140408	2913	NA	143855.0	2.024955684543464	low	13.957011667213	1	CheckV-044766	34.49	48.31	3.63	7.51	1	1.0
k141_114375	4149	NA	173137.15133254332	2.3963660994000326	medium	5.46581517655898	500	CheckV-000298	52.8	44.32	NA	NA	0	1.01
k141_44189	3271	NA	170695.0	1.916283429508773	low	11.1946870712599	1	CheckV-001623	32.1	95.33	NA	NA	0	1.0
k141_236215	1042	NA	NA	NA	NA	NA	0	NA	NA	NA	NA	NA	0	1.0
k141_177008	1719	NA	103257.0	1.664778174845289	low	15.1381313075547	1	CheckV-044786	34.4	41.36	2.2	6.23	1	1.0
k141_84845	1531	NA	127383.44614096438	1.2018830125743127	medium	6.55782341160443	2	CheckV-000545	54.2	37.27	NA	NA	0	1.0
k141_195371	3242	NA	221435.81931436766	1.4640811093879091	low	18.8068221050936	51	CheckV-024642	38.6	27.11	1.96	2.42	1	1.0
k141_232416	2978	NA	29385.418379685612	10.134278033824819	low	11.6206370876712	2	CheckV-044817	48.46	27.41	3.0256179775280896	8.840898876404493	2	1.0
k141_228927	1603	NA	NA	NA	NA	NA	0	NA	NA	NA	1.11	4.54	1	1.0
k141_136179	4642	NA	55106.927371457154	8.423623347224295	medium	8.28456428871274	27	CheckV-059090	40.2	49.54	NA	NA	0	1.0
k141_147196	5018	NA	106233.0	4.7235793021001005	high	4.80727376725394	1	CheckV-000545	54.33	66.04	NA	NA	0	1.0
k141_144061	5270	NA	35270.0	14.941876949248654	low	13.1821249631444	1	CheckV-060045	39.47	36.5	4.85	17.53	1	1.0
k141_147205	3086	NA	NA	NA	NA	NA	0	NA	NA	NA	NA	NA	0	1.0
k141_40600	1808	NA	39499.40438644024	4.57728420993778	low	11.3661940130542	21	CheckV-007396	40.72	56.61	2.2084868421052635	5.485065789473684	2	1.0
k141_84870	4628	NA	143855.0	3.217128358416461	medium	5.46581517655898	1	CheckV-044766	53.03	46.56	2.49	11.79	1	1.0
k141_125519	2792	NA	107663.04302522543	2.5932761340823656	low	10.3754165273183	466	CheckV-060047	41.72	77.68	NA	NA	0	1.0
k141_107045	4466	NA	165766.84710430785	2.694145468779891	medium	6.71526254676816	124	CheckV-021667	41.59	64.02	NA	NA	0	1.0
k141_66463	20805	NA	106233.0	19.584309960181866	medium	7.91799598251211	1	CheckV-000545	54.27	68.73	21.099999975186172	64.36225980557998	6	1.0
k141_188172	3016	NA	143855.0	2.096555559417469	low	15.1381313075547	1	CheckV-044766	35.17	40.71	NA	NA	0	1.0
k141_188174	2876	NA	NA	NA	NA	NA	0	NA	NA	NA	NA	NA	0	1.03
k141_206396	3064	NA	36603.0	8.370898560227303	medium	7.36886830689784	1	CheckV-060046	56.7	42.74	2.73	10.26	1	1.0
k141_69755	6151	NA	NA	NA	NA	NA	0	NA	NA	NA	NA	NA	0	1.0
k141_232459	3960	NA	62738.59393317973	6.311904286885408	low	13.9757982883961	260	CheckV-002728	41.1	29.98	NA	NA	0	1.0
k141_144096	1297	NA	106233.0	1.220901226549189	medium	5.28180719139367	1	CheckV-000545	57.5	61.57	0.77	3.45	1	1.0
k141_188181	1783	NA	173455.19969909836	1.0279311332799834	high	4.72049567240535	326	CheckV-049748	55.3	96.26	0.71	1.15	1	1.0
k141_66492	4504	NA	52590.14622880412	8.564342035491654	low	14.9479361225252	17	CheckV-037418	58.7	4.14	NA	NA	0	1.01
k141_73643	1491	NA	42580.07368997977	3.5016379042830827	high	4.15101920104459	51	CheckV-015695	65.79	86.25	1.04	5.08	1	1.0
k141_136220	5052	NA	86907.85970695969	5.813053062213923	low	19.4362889019378	9	CheckV-002484	33.9	20.45	NA	NA	0	1.0
k141_199204	3289	NA	11992.91212315587	27.42453180866398	low	10.586319218241	2	CheckV-044210	39.04	70.56	NA	NA	0	1.0
k141_125570	1461	NA	46421.456297087454	3.147251543876415	medium	9.60051358370539	44	CheckV-021486	50.9	39.29	1.1869348939283102	4.926342355523043	2	1.0
k141_202879	7594	NA	53581.526620289114	14.172795138547743	medium	7.94642646608031	324	CheckV-048112	27.64	44.05	NA	NA	0	1.0
k141_69789	1570	NA	38452.451575262545	4.0829646373185255	medium	5.50798426290211	3	CheckV-060046	55.3	75.62	1.4	5.26	1	1.0
k141_33131	10315	NA	102524.00243406997	10.061058635155469	medium	8.1899920076474	3	CheckV-044818	44.28	57.79	5.877405063291139	28.845369198312238	2	1.0
k141_188220	1083	NA	NA	NA	NA	NA	0	NA	NA	NA	NA	NA	0	1.0
k141_18415	4546	NA	75910.771657402	5.988609917597541	low	15.1657311952622	62	CheckV-001581	40.6	25.42	NA	NA	0	1.0
k141_107116	1863	NA	236310.10877909634	0.7883708444066352	medium	6.1524334251607	48	CheckV-061481	70.7	29.87	0.7754617414248021	1.554617414248021	2	1.0
k141_177120	4861	NA	51263.0	9.482472738622398	low	14.9479361225252	1	CheckV-000338	61.6	4.87	NA	NA	0	1.0
k141_114508	3104	NA	59505.03051370045	5.216365697493987	low	10.6162263507551	38	CheckV-033267	60.4	27.44	2.22	9.01	1	1.01
k141_77496	3289	NA	39311.8457984529	8.366434933791476	medium	5.50798426290211	6	CheckV-032581	52.7	75.55	NA	NA	0	1.0
k141_88261	4743	NA	81787.79939912628	5.799153461574451	low	16.354663036079	132	CheckV-040975	38.9	22.19	2.827672281776417	10.700612557427261	2	1.0
k141_214158	3160	NA	35270.0	8.959455628012476	low	11.7390330599321	1	CheckV-060045	42.0	41.33	2.83	11.11	1	1.0
k141_155176	2347	NA	87100.60103002217	2.6945853096823376	high	4.50195005338972	29	CheckV-016031	56.13	100.0	NA	NA	0	1.0
k141_210587	10747	NA	34227.020544643	31.399168928485814	low	28.292853557284	4	CheckV-021495	27.5	17.99	NA	NA	0	1.0
k141_177137	3776	NA	65592.0	5.7567996097085015	medium	8.51611620017901	1	CheckV-004799	23.0	91.47	NA	NA	0	1.0
k141_84962	1734	NA	NA	NA	NA	NA	0	NA	NA	NA	1.3899999999999997	4.18	1	1.0
k141_103304	1327	NA	NA	NA	NA	NA	0	NA	NA	NA	1.7	4.81	1	1.0
k141_88292	2679	NA	42485.810085282945	6.305634739274994	medium	9.38815150534153	266	CheckV-020559	44.2	35.2	1.3990760486636291	4.410768753816526	3	1.0
k141_44337	3344	NA	106233.0	3.1477977652895053	low	10.8990753492032	1	CheckV-000545	46.01	81.4	NA	NA	0	1.0
k141_177180	2660	NA	318363.8698630137	0.8355219457360381	low	11.9200678430089	2	CheckV-061348	31.7	100.0	NA	NA	0	1.0
k141_229036	5243	NA	65575.0	7.995425085779642	low	27.3298538986542	1	CheckV-040863	33.3	8.07	4.31	16.44	1	1.0
k141_92048	3269	NA	50263.99999999999	6.50366067165367	low	16.7547169811321	1	CheckV-010779	33.2	30.57	4.088724832214766	4.748814317673379	2	1.0
k141_77533	4102	NA	59001.37373644364	6.952380495958351	low	12.610489098409	196	CheckV-018114	40.5	39.23	NA	NA	0	1.0
k141_236324	7101	NA	43100.13067758776	16.475588097677274	low	22.6418050767784	134	CheckV-021798	32.3	30.61	4.4	19.38	1	1.02
k141_206537	1104	NA	NA	NA	NA	NA	0	NA	NA	NA	1.02	3.0100000000000002	1	1.0
k141_199277	4163	NA	43904.95332858306	9.481845861090571	high	3.30999363462763	2	CheckV-043375	70.3	79.15	NA	NA	0	1.0
k141_103319	1096	NA	47908.37293821316	2.2877003178828423	medium	5.28180719139367	65	CheckV-015250	56.9	62.04	0.76	3.74	1	1.0
k141_188279	3104	NA	56017.22476115826	5.541152767268614	high	2.38933414595539	61	CheckV-008406	73.78	83.16	3.34	8.64	1	1.0
k141_99569	1863	NA	225272.97394964081	0.8269966731191061	medium	9.82267274135623	4	CheckV-023650	45.4	44.96	NA	NA	0	1.0
k141_33209	2597	NA	38059.0	6.823615964686408	low	10.586319218241	1	CheckV-054009	42.0	68.36	3.3300000000000005	9.41	1	1.0
k141_177227	6657	NA	NA	NA	NA	NA	0	NA	NA	NA	NA	NA	0	1.0
k141_69872	6450	NA	49736.428136225004	12.968361906355335	medium	8.40200644930133	33	CheckV-003312	39.03	57.23	8.46	20.32	1	1.0
k141_36807	1024	NA	58269.35835747574	1.7573558880087181	low	13.8001033911972	2	CheckV-052246	40.2	34.19	0.66	2.78	1	1.0
k141_236337	2561	NA	NA	NA	NA	NA	0	NA	NA	NA	NA	NA	0	1.05
k141_229075	2917	NA	143855.0	2.027736262208474	low	20.2028081123245	1	CheckV-044766	29.0	50.98	NA	NA	0	1.0
k141_103396	4401	NA	125451.51379850524	3.5081282534929747	low	15.8221246969266	79	CheckV-021667	56.4	17.29	NA	NA	0	1.0
k141_232594	2195	NA	369286.0	0.5943902557909047	medium	9.38815150534153	2	CheckV-062241	43.8	35.34	0.4944186046511628	0.6986046511627907	2	1.0
k141_203031	3895	NA	NA	NA	NA	NA	0	NA	NA	NA	2.69	11.02	1	1.0
k141_147447	1602	NA	50613.84542651228	3.1651418431069236	medium	7.44985673352436	7	CheckV-044789	60.3	38.22	2.27	4.38	1	1.0
k141_95938	4180	NA	102105.0	4.0938249840850105	low	26.9656238848579	1	CheckV-044818	39.6	9.48	NA	NA	0	1.0
k141_92123	3124	NA	NA	NA	NA	NA	0	NA	NA	NA	NA	NA	0	1.0
k141_95952	3320	NA	63668.895131568344	5.214477168387167	low	17.188684785418	98	CheckV-009261	41.7	17.49	2.9499999999999997	10.39	1	1.0
k141_206620	2521	NA	352552.9941354912	0.7150698028198119	low	10.586319218241	10	CheckV-062241	39.77	68.87	2.3286492146596856	5.677947643979057	2	1.0
k141_195570	4806	NA	352938.7352287007	1.3617094187425365	high	4.88617161428684	15	CheckV-062241	57.09	79.97	1.9299999999999997	5.99	1	1.0
k141_73866	2387	NA	50366.82150636158	4.739230963181805	medium	8.76990056085545	7	CheckV-060046	51.5	78.53	3.57	7.830000000000001	1	1.0
k141_199342	3406	NA	NA	NA	NA	NA	0	NA	NA	NA	0.77	1.0	1	1.0
k141_232669	1530	NA	36951.920553254036	4.140515505263139	high	2.22410360618904	2	CheckV-054009	80.1	68.13	1.36	5.12	1	1.0
k141_199358	3666	NA	59255.37690553964	6.186780325174634	medium	8.06270996640538	20	CheckV-017228	35.3	62.04	NA	NA	0	1.0
k141_92172	3464	NA	68546.0913498503	5.053533953263937	low	17.1259981821213	73	CheckV-012110	43.0	16.77	2.21	9.17	1	1.0
k141_96064	1307	NA	32189.0	4.06039330205971	medium	9.12158367084226	1	CheckV-044737	46.54	71.79	2.53	4.21	1	1.0
k141_92175	1249	NA	56640.24172954149	2.205145956057188	medium	6.26294622599734	2	CheckV-054129	61.59	53.98	1.4400000000000002	3.6599999999999997	1	1.0
k141_69977	10881	NA	154650.3565720593	7.035871265469731	medium	8.42881601475043	26	CheckV-018433	33.08	48.18	4.461950564982654	15.054341343840022	5	1.0
k141_10830	10180	NA	354663.9942614022	2.870322379693529	medium	9.48837978822797	18	CheckV-062241	45.65	27.25	4.33	5.68	1	1.0
k141_88509	1328	NA	57848.97053001832	2.295632900348485	low	20.0089325591782	13	CheckV-033065	28.4	82.39	0.93	3.84	1	1.0
k141_69984	5910	NA	121062.7555081231	4.881765638981718	high	3.19289731995147	35	CheckV-000545	78.02	24.37	NA	NA	0	1.0
k141_177278	10591	NA	242100.3733838154	4.374631832231621	low	17.4785801713586	35	CheckV-008512	32.97	17.66	7.499006211180125	18.30448447204969	2	1.0
k141_188376	2803	NA	75319.7604772705	3.7214669593192227	low	12.9948120840075	14	CheckV-000211	47.7	20.9	2.798842821782178	7.908657178217822	2	1.0
k141_188386	1101	NA	NA	NA	NA	NA	0	NA	NA	NA	2.04	3.43	1	1.0
k141_199415	2519	NA	36855.479166666664	6.834804639518208	low	NA	2	CheckV-044817	58.7	6.29	3.23	9.12	1	1.0
k141_195761	7760	NA	NA	NA	NA	NA	0	NA	NA	NA	NA	NA	0	1.0
k141_214274	5535	NA	109297.18576418111	5.064174307234479	low	15.1657311952622	3	CheckV-044766	40.8	25.79	NA	NA	0	1.0
k141_136543	2976	NA	346437.273691793	0.8590299676147408	medium	5.98605986059861	8	CheckV-061425	61.36	36.39	0.68	1.04	1	1.0
k141_214305	3053	NA	NA	NA	NA	NA	0	NA	NA	NA	NA	NA	0	1.0
k141_136564	2551	NA	52769.71673177681	4.834212040527861	high	2.27923627684964	461	CheckV-061421	73.3	96.1	3.32	7.05	1	1.0
k141_11006	23177	NA	102540.73912530887	22.602723754191768	medium	9.52095613801761	3	CheckV-044818	44.57	22.3	34.67	76.02	1	1.0
k141_88664	4869	NA	NA	NA	NA	NA	0	NA	NA	NA	NA	NA	0	1.0
k141_88682	3862	NA	118053.00349824321	3.2714118959772773	low	12.2245323052055	23	CheckV-009965	24.3	55.67	NA	NA	0	1.0
k141_136685	1891	NA	42473.59378785549	4.452178003691072	medium	7.59381898454746	109	CheckV-050078	61.7	31.13	3.4791419141914193	5.572739273927393	2	1.0
k141_206897	1225	NA	47626.0	2.572124469827405	low	17.3716005451868	1	CheckV-018399	34.9	44.35	1.8300000000000003	4.02	1	1.0
k141_206904	3822	NA	270067.33702125814	1.415202609154899	medium	6.04248823304923	6	CheckV-062163	46.56	67.67	1.2493164118834728	2.9719017402172874	3	1.0
k141_206913	1148	NA	175910.5654088169	0.6526043488815143	low	13.92	4	CheckV-049641	37.3	100.0	0.5	0.68	1	1.0
