seq_name	length	topology	coordinates	n_genes	genetic_code	virus_score	fdr	n_hallmarks	marker_enrichment	taxonomy
k141_1852562	7160	No terminal repeats	NA	9	11	0.9838	NA	1	14.9514	Viruses;Duplodnaviria;Heunggongvirae;Uroviricota;Caudoviricetes;;
k141_1503893	6292	No terminal repeats	NA	9	11	0.9837	NA	2	15.4645	Viruses;Duplodnaviria;Heunggongvirae;Uroviricota;Caudoviricetes;;
k141_35476	7490	No terminal repeats	NA	13	11	0.9837	NA	2	21.4772	Viruses;Duplodnaviria;Heunggongvirae;Uroviricota;Caudoviricetes;;
k141_1547824	4619	No terminal repeats	NA	6	11	0.9837	NA	0	9.0803	Viruses;Duplodnaviria;Heunggongvirae;Uroviricota;Caudoviricetes;;
k141_1782108	4817	No terminal repeats	NA	7	11	0.9837	NA	1	11.7224	Viruses;Duplodnaviria;Heunggongvirae;Uroviricota;Caudoviricetes;;
k141_711995	5835	No terminal repeats	NA	6	11	0.9836	NA	1	10.0048	Viruses;Duplodnaviria;Heunggongvirae;Uroviricota;Caudoviricetes;;
k141_2351264	8099	No terminal repeats	NA	9	11	0.9836	NA	5	15.3378	Viruses;Duplodnaviria;Heunggongvirae;Uroviricota;Caudoviricetes;;
k141_1759959	3995	No terminal repeats	NA	7	11	0.9836	NA	3	12.0239	Viruses;Duplodnaviria;Heunggongvirae;Uroviricota;Caudoviricetes;;
k141_771966	7398	No terminal repeats	NA	11	11	0.9836	NA	5	17.9882	Viruses;Duplodnaviria;Heunggongvirae;Uroviricota;Caudoviricetes;;
k141_673658	3963	No terminal repeats	NA	8	11	0.9836	NA	0	12.7482	Viruses;Duplodnaviria;Heunggongvirae;Uroviricota;Caudoviricetes;;
k141_1856610	8489	No terminal repeats	NA	15	11	0.9836	NA	1	25.2384	Viruses;Duplodnaviria;Heunggongvirae;Uroviricota;Caudoviricetes;;
k141_2322514	4822	No terminal repeats	NA	9	11	0.9836	NA	3	15.2775	Viruses;Duplodnaviria;Heunggongvirae;Uroviricota;Caudoviricetes;;
k141_2264842	6253	No terminal repeats	NA	8	11	0.9836	NA	2	13.5399	Viruses;Duplodnaviria;Heunggongvirae;Uroviricota;Caudoviricetes;;
k141_1820943	4495	No terminal repeats	NA	8	11	0.9836	NA	0	12.9262	Viruses;Duplodnaviria;Heunggongvirae;Uroviricota;Caudoviricetes;;
k141_1477349	4390	No terminal repeats	NA	8	11	0.9836	NA	1	13.5499	Viruses;Duplodnaviria;Heunggongvirae;Uroviricota;Caudoviricetes;;
k141_1951856	7600	No terminal repeats	NA	12	11	0.9836	NA	2	20.1832	Viruses;Duplodnaviria;Heunggongvirae;Uroviricota;Caudoviricetes;;
k141_1074791	4261	No terminal repeats	NA	7	11	0.9836	NA	3	11.8216	Viruses;Duplodnaviria;Heunggongvirae;Uroviricota;Caudoviricetes;;
k141_82177	4888	No terminal repeats	NA	6	11	0.9836	NA	3	10.0962	Viruses;Duplodnaviria;Heunggongvirae;Uroviricota;Caudoviricetes;;
k141_1467780	16391	No terminal repeats	NA	19	11	0.9836	NA	7	30.2386	Viruses;Duplodnaviria;Heunggongvirae;Uroviricota;Caudoviricetes;;
k141_74089	7206	No terminal repeats	NA	9	11	0.9836	NA	2	15.2704	Viruses;Duplodnaviria;Heunggongvirae;Uroviricota;Caudoviricetes;;
k141_1181862	8142	No terminal repeats	NA	9	11	0.9836	NA	0	15.2695	Viruses;Duplodnaviria;Heunggongvirae;Uroviricota;Caudoviricetes;;
k141_2042609	4357	No terminal repeats	NA	6	11	0.9836	NA	1	10.0986	Viruses;Duplodnaviria;Heunggongvirae;Uroviricota;Caudoviricetes;;
k141_214289	6260	No terminal repeats	NA	8	11	0.9836	NA	2	13.7463	Viruses;Duplodnaviria;Heunggongvirae;Uroviricota;Caudoviricetes;;
k141_2317002	5186	No terminal repeats	NA	8	11	0.9836	NA	2	13.7463	Viruses;Duplodnaviria;Heunggongvirae;Uroviricota;Caudoviricetes;;
k141_1335319	6055	No terminal repeats	NA	14	11	0.9836	NA	2	24.0511	Viruses;Duplodnaviria;Heunggongvirae;Uroviricota;Caudoviricetes;;
k141_111450	7959	No terminal repeats	NA	17	11	0.9835	NA	3	27.2625	Viruses;Duplodnaviria;Heunggongvirae;Uroviricota;Caudoviricetes;;
k141_1846537	4749	No terminal repeats	NA	9	11	0.9835	NA	0	14.6000	Viruses;Duplodnaviria;Heunggongvirae;Uroviricota;Caudoviricetes;;
k141_1538324	6862	No terminal repeats	NA	10	15	0.9835	NA	1	16.6725	Viruses;Duplodnaviria;Heunggongvirae;Uroviricota;Caudoviricetes;;
k141_1444782	6318	No terminal repeats	NA	6	11	0.9835	NA	0	10.3075	Viruses;Varidnaviria;Bamfordvirae;Nucleocytoviricota;Megaviricetes;Pimascovirales;Iridoviridae
k141_7581	9413	No terminal repeats	NA	12	11	0.9835	NA	5	19.6196	Viruses;Duplodnaviria;Heunggongvirae;Uroviricota;Caudoviricetes;;
k141_488946	26323	No terminal repeats	NA	35	11	0.9835	NA	0	52.6972	Viruses;Duplodnaviria;Heunggongvirae;Uroviricota;Caudoviricetes;;
k141_1265528	6775	No terminal repeats	NA	9	11	0.9835	NA	5	14.2622	Viruses;Duplodnaviria;Heunggongvirae;Uroviricota;Caudoviricetes;;
k141_1950104	5385	No terminal repeats	NA	9	11	0.9835	NA	5	14.7104	Viruses;Duplodnaviria;Heunggongvirae;Uroviricota;Caudoviricetes;;
k141_2110301	7139	No terminal repeats	NA	7	11	0.9835	NA	1	11.9569	Viruses;Duplodnaviria;Heunggongvirae;Uroviricota;Caudoviricetes;;
k141_695231	6393	No terminal repeats	NA	10	11	0.9835	NA	2	16.4168	Viruses;Duplodnaviria;Heunggongvirae;Uroviricota;Caudoviricetes;;
k141_819148	6711	No terminal repeats	NA	11	11	0.9835	NA	0	18.3882	Viruses;Duplodnaviria;Heunggongvirae;Uroviricota;Caudoviricetes;;
k141_770119	6306	No terminal repeats	NA	10	11	0.9835	NA	0	15.2624	Viruses;Duplodnaviria;Heunggongvirae;Uroviricota;Caudoviricetes;;
k141_30102	4529	No terminal repeats	NA	5	11	0.9835	NA	0	8.0245	Viruses;Varidnaviria;Bamfordvirae;Nucleocytoviricota;Megaviricetes;Imitervirales;Mimiviridae
k141_360648	4998	No terminal repeats	NA	8	11	0.9835	NA	1	13.7192	Viruses;Duplodnaviria;Heunggongvirae;Uroviricota;Caudoviricetes;;
k141_2001893	7695	No terminal repeats	NA	10	11	0.9835	NA	0	16.6064	Viruses;Duplodnaviria;Heunggongvirae;Uroviricota;Caudoviricetes;;
k141_873398	8415	No terminal repeats	NA	11	11	0.9835	NA	2	16.0560	Viruses;Duplodnaviria;Heunggongvirae;Uroviricota;Caudoviricetes;;
k141_657885	4265	No terminal repeats	NA	9	11	0.9835	NA	2	14.8550	Viruses;Duplodnaviria;Heunggongvirae;Uroviricota;Caudoviricetes;;
k141_620749	5873	No terminal repeats	NA	9	11	0.9835	NA	2	14.9584	Viruses;Duplodnaviria;Heunggongvirae;Uroviricota;Caudoviricetes;;
k141_2233374	6328	No terminal repeats	NA	8	11	0.9835	NA	1	12.6204	Viruses;Duplodnaviria;Heunggongvirae;Uroviricota;Caudoviricetes;;
k141_2223314	5691	No terminal repeats	NA	8	11	0.9835	NA	1	13.0543	Viruses;Duplodnaviria;Heunggongvirae;Uroviricota;Caudoviricetes;;
k141_113608	7102	No terminal repeats	NA	11	11	0.9835	NA	3	17.9000	Viruses;Duplodnaviria;Heunggongvirae;Uroviricota;Caudoviricetes;;
k141_836014	5188	No terminal repeats	NA	5	11	0.9834	NA	1	8.5882	Viruses;Duplodnaviria;Heunggongvirae;Uroviricota;Caudoviricetes;;
k141_1945146	6454	No terminal repeats	NA	7	11	0.9834	NA	2	11.9365	Viruses;Duplodnaviria;Heunggongvirae;Uroviricota;Caudoviricetes;;
k141_467504	5358	No terminal repeats	NA	7	11	0.9834	NA	2	12.0280	Viruses;Duplodnaviria;Heunggongvirae;Uroviricota;Caudoviricetes;;
k141_1911483	8251	No terminal repeats	NA	13	11	0.9834	NA	3	20.3491	Viruses;Duplodnaviria;Heunggongvirae;Uroviricota;Caudoviricetes;;
k141_938677	5999	No terminal repeats	NA	5	11	0.9834	NA	2	8.3580	Viruses;Duplodnaviria;Heunggongvirae;Uroviricota;Caudoviricetes;;
k141_870745	5141	No terminal repeats	NA	7	11	0.9834	NA	1	11.5843	Viruses;Duplodnaviria;Heunggongvirae;Uroviricota;Caudoviricetes;;
k141_1716661	8164	No terminal repeats	NA	7	11	0.9834	NA	1	12.0280	Viruses;Duplodnaviria;Heunggongvirae;Uroviricota;Caudoviricetes;;
k141_357863	5674	No terminal repeats	NA	7	11	0.9834	NA	1	11.2875	Viruses;Duplodnaviria;Heunggongvirae;Uroviricota;Caudoviricetes;;
k141_2186573	5561	No terminal repeats	NA	6	11	0.9834	NA	1	9.8334	Viruses;Duplodnaviria;Heunggongvirae;Uroviricota;Caudoviricetes;;
k141_1595748	5760	No terminal repeats	NA	12	11	0.9834	NA	1	18.5088	Viruses;Duplodnaviria;Heunggongvirae;Uroviricota;Caudoviricetes;;
k141_1356183	5556	No terminal repeats	NA	7	11	0.9834	NA	0	12.0280	Viruses;Duplodnaviria;Heunggongvirae;Uroviricota;Caudoviricetes;;Zobellviridae
k141_1064886	3888	No terminal repeats	NA	7	11	0.9834	NA	0	11.9256	Viruses;Duplodnaviria;Heunggongvirae;Uroviricota;Caudoviricetes;;
k141_777210	6208	No terminal repeats	NA	8	11	0.9834	NA	2	13.7463	Viruses;Duplodnaviria;Heunggongvirae;Uroviricota;Caudoviricetes;;
k141_1172665	6882	No terminal repeats	NA	7	11	0.9834	NA	1	9.8297	Viruses;Duplodnaviria;Heunggongvirae;Uroviricota;Caudoviricetes;;
k141_1934414	4546	No terminal repeats	NA	7	11	0.9834	NA	2	12.0280	Viruses;Duplodnaviria;Heunggongvirae;Uroviricota;Caudoviricetes;;
k141_831829	5480	No terminal repeats	NA	7	11	0.9834	NA	3	11.2657	Viruses;Duplodnaviria;Heunggongvirae;Uroviricota;Caudoviricetes;;
k141_1842196	3891	No terminal repeats	NA	7	11	0.9834	NA	1	12.0262	Viruses;Duplodnaviria;Heunggongvirae;Uroviricota;Caudoviricetes;;
k141_2128419	6902	No terminal repeats	NA	14	11	0.9834	NA	2	21.8574	Viruses;Duplodnaviria;Heunggongvirae;Uroviricota;Caudoviricetes;;
k141_333767	5126	No terminal repeats	NA	10	11	0.9834	NA	1	14.0560	Viruses;Duplodnaviria;Heunggongvirae;Uroviricota;Caudoviricetes;;
k141_635992	5147	No terminal repeats	NA	8	11	0.9834	NA	0	11.1000	Viruses;Duplodnaviria;Heunggongvirae;Uroviricota;Caudoviricetes;;
k141_2046294	5207	No terminal repeats	NA	7	11	0.9834	NA	0	9.6157	Viruses;Duplodnaviria;Heunggongvirae;Uroviricota;Caudoviricetes;;
k141_1471304	5025	No terminal repeats	NA	13	11	0.9834	NA	1	20.6168	Viruses;Duplodnaviria;Heunggongvirae;Uroviricota;Caudoviricetes;;
k141_633664	7989	No terminal repeats	NA	14	11	0.9833	NA	2	23.3984	Viruses;Duplodnaviria;Heunggongvirae;Uroviricota;Caudoviricetes;;
k141_796831	7587	No terminal repeats	NA	9	15	0.9833	NA	5	14.4168	Viruses;Duplodnaviria;Heunggongvirae;Uroviricota;Caudoviricetes;;
k141_884339	6394	No terminal repeats	NA	8	11	0.9833	NA	2	13.5400	Viruses;Duplodnaviria;Heunggongvirae;Uroviricota;Caudoviricetes;;
k141_1966126	7168	No terminal repeats	NA	8	11	0.9833	NA	2	12.7039	Viruses;Duplodnaviria;Heunggongvirae;Uroviricota;Caudoviricetes;;
k141_116022	5867	No terminal repeats	NA	11	11	0.9833	NA	3	16.7238	Viruses;Duplodnaviria;Heunggongvirae;Uroviricota;Caudoviricetes;;
k141_17580	5951	No terminal repeats	NA	8	11	0.9833	NA	2	11.6413	Viruses;Duplodnaviria;Heunggongvirae;Uroviricota;Caudoviricetes;;
k141_1523165	4575	No terminal repeats	NA	6	11	0.9833	NA	2	9.8868	Viruses;Duplodnaviria;Heunggongvirae;Uroviricota;Caudoviricetes;;
k141_988412	6012	No terminal repeats	NA	9	11	0.9833	NA	1	12.7423	Viruses;Duplodnaviria;Heunggongvirae;Uroviricota;Caudoviricetes;;
k141_415110	5579	No terminal repeats	NA	5	11	0.9833	NA	1	8.0416	Viruses;Duplodnaviria;Heunggongvirae;Uroviricota;Caudoviricetes;;
k141_1844749	6307	No terminal repeats	NA	13	11	0.9833	NA	1	21.7236	Viruses;Duplodnaviria;Heunggongvirae;Uroviricota;Caudoviricetes;;
k141_1012419	4484	No terminal repeats	NA	7	11	0.9833	NA	1	12.0280	Viruses;Duplodnaviria;Heunggongvirae;Uroviricota;Caudoviricetes;;
k141_883318	3581	No terminal repeats	NA	5	11	0.9833	NA	1	8.1943	Viruses;Duplodnaviria;Heunggongvirae;Uroviricota;Caudoviricetes;;
k141_767363	6906	No terminal repeats	NA	9	11	0.9833	NA	1	13.0851	Viruses;Duplodnaviria;Heunggongvirae;Uroviricota;Caudoviricetes;;
k141_616741	4556	No terminal repeats	NA	6	11	0.9833	NA	2	10.0872	Viruses;Duplodnaviria;Heunggongvirae;Uroviricota;Caudoviricetes;;
k141_1140457	4813	No terminal repeats	NA	14	11	0.9833	NA	1	17.3525	Viruses;Duplodnaviria;Heunggongvirae;Uroviricota;Caudoviricetes;;
k141_7586	6768	No terminal repeats	NA	10	11	0.9833	NA	1	15.4645	Viruses;Duplodnaviria;Heunggongvirae;Uroviricota;Caudoviricetes;;
k141_6199	4242	No terminal repeats	NA	5	11	0.9833	NA	1	8.5457	Viruses;Duplodnaviria;Heunggongvirae;Uroviricota;Caudoviricetes;;
k141_1450775	5065	No terminal repeats	NA	7	11	0.9833	NA	1	10.0185	Viruses;Duplodnaviria;Heunggongvirae;Uroviricota;Caudoviricetes;;
k141_2049147	8173	No terminal repeats	NA	15	11	0.9833	NA	1	20.1341	Viruses;Duplodnaviria;Heunggongvirae;Uroviricota;Caudoviricetes;;
k141_1108510	6972	No terminal repeats	NA	9	11	0.9833	NA	1	15.2280	Viruses;Duplodnaviria;Heunggongvirae;Uroviricota;Caudoviricetes;;
k141_1312874	4229	No terminal repeats	NA	5	15	0.9833	NA	0	8.0647	Viruses;Duplodnaviria;Heunggongvirae;Uroviricota;Caudoviricetes;;
k141_1050754	6141	No terminal repeats	NA	11	11	0.9833	NA	0	15.6796	Viruses;Duplodnaviria;Heunggongvirae;Uroviricota;Caudoviricetes;;
k141_307020	7126	No terminal repeats	NA	9	11	0.9833	NA	3	13.7558	Viruses;Duplodnaviria;Heunggongvirae;Uroviricota;Caudoviricetes;;
k141_1287659	5795	No terminal repeats	NA	8	11	0.9833	NA	1	13.3907	Viruses;Duplodnaviria;Heunggongvirae;Uroviricota;Caudoviricetes;;
k141_356267	8345	No terminal repeats	NA	16	11	0.9833	NA	1	23.3667	Viruses;Duplodnaviria;Heunggongvirae;Uroviricota;Caudoviricetes;;
k141_2012630	9729	No terminal repeats	NA	13	11	0.9833	NA	0	21.2161	Viruses;Duplodnaviria;Heunggongvirae;Uroviricota;Caudoviricetes;;
k141_44403	8110	No terminal repeats	NA	15	11	0.9832	NA	1	21.1468	Viruses;Duplodnaviria;Heunggongvirae;Uroviricota;Caudoviricetes;;
k141_1228597	7253	No terminal repeats	NA	14	11	0.9832	NA	3	23.2465	Viruses;Duplodnaviria;Heunggongvirae;Uroviricota;Caudoviricetes;;
k141_1244768	5772	No terminal repeats	NA	8	11	0.9832	NA	1	12.2437	Viruses;Duplodnaviria;Heunggongvirae;Uroviricota;Caudoviricetes;;
k141_1837642	6179	No terminal repeats	NA	8	11	0.9832	NA	1	11.9233	Viruses;Duplodnaviria;Heunggongvirae;Uroviricota;Caudoviricetes;;
k141_1928468	8060	No terminal repeats	NA	15	11	0.9832	NA	2	18.1750	Viruses;Duplodnaviria;Heunggongvirae;Uroviricota;Caudoviricetes;;
k141_1451580	5655	No terminal repeats	NA	7	11	0.9832	NA	0	9.6264	Viruses;Duplodnaviria;Heunggongvirae;Uroviricota;Caudoviricetes;;
k141_616450	5879	No terminal repeats	NA	16	11	0.9832	NA	2	23.4489	Viruses;Duplodnaviria;Heunggongvirae;Uroviricota;Caudoviricetes;;
k141_1942511	3984	No terminal repeats	NA	5	11	0.9832	NA	0	8.5716	Viruses;Duplodnaviria;Heunggongvirae;Uroviricota;Caudoviricetes;;
k141_1995296	8568	No terminal repeats	NA	17	11	0.9832	NA	2	27.9525	Viruses;Duplodnaviria;Heunggongvirae;Uroviricota;Caudoviricetes;;
k141_185818	5431	No terminal repeats	NA	5	11	0.9832	NA	0	6.8710	Viruses;Varidnaviria;Bamfordvirae;Nucleocytoviricota;Megaviricetes;Imitervirales;Mimiviridae
k141_1140251	4968	No terminal repeats	NA	7	11	0.9832	NA	0	10.0330	Viruses;Duplodnaviria;Heunggongvirae;Uroviricota;Caudoviricetes;;
k141_2231884	4567	No terminal repeats	NA	8	11	0.9832	NA	1	13.2136	Viruses;Duplodnaviria;Heunggongvirae;Uroviricota;Caudoviricetes;;
k141_1932893	6036	No terminal repeats	NA	7	11	0.9832	NA	4	11.2355	Viruses;Duplodnaviria;Heunggongvirae;Uroviricota;Caudoviricetes;;
k141_1751567	7140	No terminal repeats	NA	9	11	0.9832	NA	1	13.6413	Viruses;Duplodnaviria;Heunggongvirae;Uroviricota;Caudoviricetes;;
k141_1073468	5822	No terminal repeats	NA	6	11	0.9832	NA	1	9.8195	Viruses;Duplodnaviria;Heunggongvirae;Uroviricota;Caudoviricetes;;
k141_1300688	4575	No terminal repeats	NA	6	11	0.9832	NA	0	9.9412	Viruses;Duplodnaviria;Heunggongvirae;Uroviricota;Caudoviricetes;;
k141_1654617	7362	No terminal repeats	NA	9	11	0.9832	NA	1	14.4938	Viruses;Duplodnaviria;Heunggongvirae;Uroviricota;Caudoviricetes;;
k141_502746	4634	No terminal repeats	NA	5	11	0.9832	NA	0	7.9616	Viruses;Duplodnaviria;Heunggongvirae;Uroviricota;Caudoviricetes;;
k141_28493	7534	No terminal repeats	NA	10	11	0.9832	NA	1	16.2871	Viruses;Duplodnaviria;Heunggongvirae;Uroviricota;Caudoviricetes;;
k141_994254	3871	No terminal repeats	NA	6	11	0.9832	NA	2	10.3097	Viruses;Duplodnaviria;Heunggongvirae;Uroviricota;Caudoviricetes;;
k141_2359867	9956	No terminal repeats	NA	13	11	0.9832	NA	8	21.9639	Viruses;Duplodnaviria;Heunggongvirae;Uroviricota;Caudoviricetes;;
k141_602852	5823	No terminal repeats	NA	11	11	0.9832	NA	4	18.8374	Viruses;Duplodnaviria;Heunggongvirae;Uroviricota;Caudoviricetes;;
k141_1714397	6988	No terminal repeats	NA	18	11	0.9832	NA	0	27.3698	Viruses;Duplodnaviria;Heunggongvirae;Uroviricota;Caudoviricetes;;
k141_1382592	6518	No terminal repeats	NA	11	11	0.9832	NA	1	14.9878	Viruses;Duplodnaviria;Heunggongvirae;Uroviricota;Caudoviricetes;;
k141_1079617	5202	No terminal repeats	NA	9	11	0.9832	NA	2	12.5503	Viruses;Duplodnaviria;Heunggongvirae;Uroviricota;Caudoviricetes;;
k141_635615	8065	No terminal repeats	NA	8	11	0.9832	NA	5	11.8598	Viruses;Duplodnaviria;Heunggongvirae;Uroviricota;Caudoviricetes;;
k141_2355306	4696	No terminal repeats	NA	6	11	0.9832	NA	1	9.5478	Viruses;Duplodnaviria;Heunggongvirae;Uroviricota;Caudoviricetes;;
k141_500485	5749	No terminal repeats	NA	6	11	0.9832	NA	2	10.3087	Viruses;Duplodnaviria;Heunggongvirae;Uroviricota;Caudoviricetes;;
k141_1288594	6365	No terminal repeats	NA	11	11	0.9832	NA	0	14.8815	Viruses;Duplodnaviria;Heunggongvirae;Uroviricota;Caudoviricetes;;
k141_1639213	4187	No terminal repeats	NA	6	11	0.9832	NA	0	8.5914	Viruses;Duplodnaviria;Heunggongvirae;Uroviricota;Caudoviricetes;;
k141_388584	7612	No terminal repeats	NA	9	11	0.9832	NA	5	15.4645	Viruses;Duplodnaviria;Heunggongvirae;Uroviricota;Caudoviricetes;;
k141_767178	8773	No terminal repeats	NA	15	11	0.9832	NA	4	22.8667	Viruses;Duplodnaviria;Heunggongvirae;Uroviricota;Caudoviricetes;;
k141_824735	7150	No terminal repeats	NA	15	11	0.9832	NA	0	23.8545	Viruses;Duplodnaviria;Heunggongvirae;Uroviricota;Caudoviricetes;;
k141_1687578	3757	No terminal repeats	NA	7	11	0.9832	NA	1	11.0521	Viruses;Duplodnaviria;Heunggongvirae;Uroviricota;Caudoviricetes;;
k141_516130	6467	No terminal repeats	NA	13	11	0.9832	NA	1	19.9634	Viruses;Duplodnaviria;Heunggongvirae;Uroviricota;Caudoviricetes;;
k141_1844398	5110	No terminal repeats	NA	8	11	0.9832	NA	1	12.0280	Viruses;Duplodnaviria;Heunggongvirae;Uroviricota;Caudoviricetes;;
k141_2231501	7445	No terminal repeats	NA	7	11	0.9832	NA	1	12.0179	Viruses;Duplodnaviria;Heunggongvirae;Uroviricota;Caudoviricetes;;
k141_497176	5653	No terminal repeats	NA	7	11	0.9832	NA	5	11.6249	Viruses;Duplodnaviria;Heunggongvirae;Uroviricota;Caudoviricetes;;
k141_2268947	4773	No terminal repeats	NA	7	11	0.9832	NA	2	11.1939	Viruses;Duplodnaviria;Heunggongvirae;Uroviricota;Caudoviricetes;;
k141_880859	4624	No terminal repeats	NA	7	11	0.9832	NA	3	11.7518	Viruses;Duplodnaviria;Heunggongvirae;Uroviricota;Caudoviricetes;;
k141_2226195	6918	No terminal repeats	NA	11	11	0.9832	NA	2	16.6314	Viruses;Duplodnaviria;Heunggongvirae;Uroviricota;Caudoviricetes;;
k141_1308553	6098	No terminal repeats	NA	8	11	0.9832	NA	5	11.2069	Viruses;Duplodnaviria;Heunggongvirae;Uroviricota;Caudoviricetes;;
k141_1641838	5047	No terminal repeats	NA	5	11	0.9832	NA	0	8.5816	Viruses;Duplodnaviria;Heunggongvirae;Uroviricota;Caudoviricetes;;
k141_215378	5084	No terminal repeats	NA	11	11	0.9832	NA	2	16.9547	Viruses;Duplodnaviria;Heunggongvirae;Uroviricota;Caudoviricetes;;
k141_1218324	6494	No terminal repeats	NA	16	11	0.9832	NA	1	20.6404	Viruses;Duplodnaviria;Heunggongvirae;Uroviricota;Caudoviricetes;;
k141_2351394	7470	No terminal repeats	NA	13	11	0.9832	NA	2	18.5775	Viruses;Duplodnaviria;Heunggongvirae;Uroviricota;Caudoviricetes;;
k141_1192581	7263	No terminal repeats	NA	6	11	0.9832	NA	0	8.4974	Viruses;Varidnaviria;Bamfordvirae;Nucleocytoviricota;Megaviricetes;Imitervirales;Mimiviridae
k141_1947426	9439	No terminal repeats	NA	19	11	0.9831	NA	0	27.5207	Viruses;Duplodnaviria;Heunggongvirae;Uroviricota;Caudoviricetes;;
k141_1296712	4908	No terminal repeats	NA	10	11	0.9831	NA	1	16.5304	Viruses;Duplodnaviria;Heunggongvirae;Uroviricota;Caudoviricetes;;
k141_99655	4064	No terminal repeats	NA	7	11	0.9831	NA	3	11.8216	Viruses;Duplodnaviria;Heunggongvirae;Uroviricota;Caudoviricetes;;
k141_424629	4468	No terminal repeats	NA	10	11	0.9831	NA	0	14.7007	Viruses;Duplodnaviria;Heunggongvirae;Uroviricota;Caudoviricetes;;
k141_2156173	9358	No terminal repeats	NA	11	11	0.9831	NA	1	17.3067	Viruses;Duplodnaviria;Heunggongvirae;Uroviricota;Caudoviricetes;;
k141_1749587	5823	No terminal repeats	NA	5	11	0.9831	NA	1	8.5914	Viruses;Duplodnaviria;Heunggongvirae;Uroviricota;Caudoviricetes;;
k141_1817702	6955	No terminal repeats	NA	9	11	0.9831	NA	1	13.7431	Viruses;Duplodnaviria;Heunggongvirae;Uroviricota;Caudoviricetes;;
k141_606514	5640	No terminal repeats	NA	5	11	0.9831	NA	2	8.5525	Viruses;Duplodnaviria;Heunggongvirae;Uroviricota;Caudoviricetes;;
k141_1065870	4076	No terminal repeats	NA	7	11	0.9831	NA	0	11.1793	Viruses;Duplodnaviria;Heunggongvirae;Uroviricota;Caudoviricetes;;
k141_1649253	18447	No terminal repeats	NA	37	11	0.9831	NA	4	45.9909	Viruses;Duplodnaviria;Heunggongvirae;Uroviricota;Caudoviricetes;;
k141_836128	5958	No terminal repeats	NA	15	11	0.9831	NA	2	20.6194	Viruses;Duplodnaviria;Heunggongvirae;Uroviricota;Caudoviricetes;;
k141_2040310	4244	No terminal repeats	NA	6	15	0.9831	NA	0	8.8831	Viruses;Duplodnaviria;Heunggongvirae;Uroviricota;Caudoviricetes;;
k141_956164	5307	No terminal repeats	NA	10	11	0.9831	NA	0	16.7065	Viruses;Duplodnaviria;Heunggongvirae;Uroviricota;Caudoviricetes;;
k141_975888	4251	No terminal repeats	NA	9	15	0.9831	NA	0	15.3593	Viruses;Duplodnaviria;Heunggongvirae;Uroviricota;Caudoviricetes;;
k141_1973015	3644	No terminal repeats	NA	5	11	0.9831	NA	1	8.1500	Viruses;Duplodnaviria;Heunggongvirae;Uroviricota;Caudoviricetes;;
k141_2226906	3900	No terminal repeats	NA	8	11	0.9831	NA	1	13.6649	Viruses;Duplodnaviria;Heunggongvirae;Uroviricota;Caudoviricetes;;
k141_2318002	5199	No terminal repeats	NA	10	11	0.9831	NA	2	15.2859	Viruses;Duplodnaviria;Heunggongvirae;Uroviricota;Caudoviricetes;;
k141_1954246	6558	No terminal repeats	NA	13	11	0.9831	NA	1	18.1825	Viruses;Duplodnaviria;Heunggongvirae;Uroviricota;Caudoviricetes;;
k141_199598	5138	No terminal repeats	NA	8	11	0.9831	NA	0	13.5156	Viruses;Duplodnaviria;Heunggongvirae;Uroviricota;Caudoviricetes;;
k141_115784	8485	No terminal repeats	NA	17	11	0.9831	NA	4	26.5591	Viruses;Duplodnaviria;Heunggongvirae;Uroviricota;Caudoviricetes;;
k141_610774	5113	No terminal repeats	NA	6	11	0.9831	NA	0	9.7765	Viruses;Duplodnaviria;Heunggongvirae;Uroviricota;Caudoviricetes;;
k141_33359	7761	No terminal repeats	NA	13	11	0.9831	NA	1	17.3607	Viruses;Duplodnaviria;Heunggongvirae;Uroviricota;Caudoviricetes;;
k141_1848404	4120	No terminal repeats	NA	8	11	0.9831	NA	2	13.2842	Viruses;Duplodnaviria;Heunggongvirae;Uroviricota;Caudoviricetes;;
k141_1187696	6899	No terminal repeats	NA	9	11	0.9831	NA	0	11.6112	Viruses;Duplodnaviria;Heunggongvirae;Uroviricota;Caudoviricetes;;
k141_1509535	5290	No terminal repeats	NA	6	11	0.9831	NA	0	10.1172	Viruses;Duplodnaviria;Heunggongvirae;Uroviricota;Caudoviricetes;;
k141_1948521	4455	No terminal repeats	NA	6	11	0.9831	NA	3	10.2218	Viruses;Duplodnaviria;Heunggongvirae;Uroviricota;Caudoviricetes;;
k141_1828508	4092	No terminal repeats	NA	7	11	0.9831	NA	0	10.3097	Viruses;Duplodnaviria;Heunggongvirae;Uroviricota;Caudoviricetes;;
k141_840459	4194	No terminal repeats	NA	6	11	0.9831	NA	4	10.3097	Viruses;Duplodnaviria;Heunggongvirae;Uroviricota;Caudoviricetes;;
k141_1109204	4418	No terminal repeats	NA	7	11	0.9831	NA	1	9.9236	Viruses;Duplodnaviria;Heunggongvirae;Uroviricota;Caudoviricetes;;
k141_1093560	5223	No terminal repeats	NA	7	11	0.9831	NA	1	9.7149	Viruses;Duplodnaviria;Heunggongvirae;Uroviricota;Caudoviricetes;;
k141_379425	6464	No terminal repeats	NA	15	11	0.9831	NA	2	21.6788	Viruses;Duplodnaviria;Heunggongvirae;Uroviricota;Caudoviricetes;;
k141_1171271	7105	No terminal repeats	NA	6	11	0.9831	NA	0	9.5965	Viruses;Duplodnaviria;Heunggongvirae;Uroviricota;Caudoviricetes;;
k141_687093	7253	No terminal repeats	NA	10	11	0.9831	NA	1	11.9950	Viruses;Varidnaviria;Bamfordvirae;Nucleocytoviricota;Megaviricetes;Algavirales;Phycodnaviridae
k141_382720	3911	No terminal repeats	NA	9	11	0.9830	NA	2	13.3683	Viruses;Duplodnaviria;Heunggongvirae;Uroviricota;Caudoviricetes;;
k141_226953	5249	No terminal repeats	NA	18	11	0.9830	NA	2	20.8210	Viruses;Duplodnaviria;Heunggongvirae;Uroviricota;Caudoviricetes;;
k141_1296807	7173	No terminal repeats	NA	7	11	0.9830	NA	0	12.0193	Viruses;Duplodnaviria;Heunggongvirae;Uroviricota;Caudoviricetes;;
k141_1461389	4494	No terminal repeats	NA	11	11	0.9830	NA	0	17.1501	Viruses;Duplodnaviria;Heunggongvirae;Uroviricota;Caudoviricetes;;
k141_725751	6504	No terminal repeats	NA	10	11	0.9830	NA	3	13.6482	Viruses;Duplodnaviria;Heunggongvirae;Uroviricota;Caudoviricetes;;
k141_1350594	7270	No terminal repeats	NA	13	11	0.9830	NA	0	14.7146	Viruses;Duplodnaviria;Heunggongvirae;Uroviricota;Caudoviricetes;;
k141_997074	3797	No terminal repeats	NA	6	11	0.9830	NA	0	10.2996	Viruses;Duplodnaviria;Heunggongvirae;Uroviricota;Caudoviricetes;;
k141_1304707	6459	No terminal repeats	NA	12	11	0.9830	NA	1	16.0319	Viruses;Duplodnaviria;Heunggongvirae;Uroviricota;Caudoviricetes;;
k141_1095846	5414	No terminal repeats	NA	7	11	0.9830	NA	1	11.9853	Viruses;Duplodnaviria;Heunggongvirae;Uroviricota;Caudoviricetes;Crassvirales;
k141_446465	8929	No terminal repeats	NA	22	11	0.9830	NA	0	32.6327	Viruses;Duplodnaviria;Heunggongvirae;Uroviricota;Caudoviricetes;;
k141_460464	3928	No terminal repeats	NA	5	11	0.9830	NA	2	8.5914	Viruses;Duplodnaviria;Heunggongvirae;Uroviricota;Caudoviricetes;;
k141_1975567	4992	No terminal repeats	NA	7	11	0.9830	NA	1	10.3097	Viruses;Duplodnaviria;Heunggongvirae;Uroviricota;Caudoviricetes;;
k141_42310	5826	No terminal repeats	NA	7	11	0.9830	NA	0	10.1997	Viruses;Duplodnaviria;Heunggongvirae;Uroviricota;Caudoviricetes;;
k141_1644491	9396	No terminal repeats	NA	15	11	0.9830	NA	3	22.8653	Viruses;Duplodnaviria;Heunggongvirae;Uroviricota;Caudoviricetes;;
k141_1891622	4568	No terminal repeats	NA	10	11	0.9830	NA	1	16.5732	Viruses;Duplodnaviria;Heunggongvirae;Uroviricota;Caudoviricetes;;
k141_1876730	7583	No terminal repeats	NA	7	11	0.9830	NA	1	9.5382	Viruses;Duplodnaviria;Heunggongvirae;Uroviricota;Caudoviricetes;;
k141_1021812	35201	No terminal repeats	NA	59	11	0.9830	NA	10	75.6502	Viruses;Duplodnaviria;Heunggongvirae;Uroviricota;Caudoviricetes;;
k141_1088416	5618	No terminal repeats	NA	9	11	0.9830	NA	2	13.7463	Viruses;Duplodnaviria;Heunggongvirae;Uroviricota;Caudoviricetes;;
k141_1943174	5703	No terminal repeats	NA	9	11	0.9830	NA	2	12.9887	Viruses;Duplodnaviria;Heunggongvirae;Uroviricota;Caudoviricetes;;
k141_1862944	4494	No terminal repeats	NA	10	11	0.9830	NA	0	12.6675	Viruses;Duplodnaviria;Heunggongvirae;Uroviricota;Caudoviricetes;;
k141_2123484	7353	No terminal repeats	NA	13	11	0.9830	NA	2	20.2762	Viruses;Duplodnaviria;Heunggongvirae;Uroviricota;Caudoviricetes;;
k141_2229488	3520	No terminal repeats	NA	5	11	0.9830	NA	0	8.0561	Viruses;Duplodnaviria;Heunggongvirae;Uroviricota;Caudoviricetes;;
k141_973526	6309	No terminal repeats	NA	6	11	0.9830	NA	0	9.7640	Viruses;Duplodnaviria;Heunggongvirae;Uroviricota;Caudoviricetes;;Stanwilliamsviridae
k141_28426	3538	No terminal repeats	NA	7	11	0.9830	NA	1	9.6984	Viruses;Duplodnaviria;Heunggongvirae;Uroviricota;Caudoviricetes;;
k141_1611642	6508	No terminal repeats	NA	8	11	0.9830	NA	1	11.5524	Viruses;Duplodnaviria;Heunggongvirae;Uroviricota;Caudoviricetes;;
k141_691127	6202	No terminal repeats	NA	13	11	0.9830	NA	0	16.8030	Viruses;Duplodnaviria;Heunggongvirae;Uroviricota;Caudoviricetes;;
k141_1934918	9977	No terminal repeats	NA	13	11	0.9830	NA	3	21.4059	Viruses;Duplodnaviria;Heunggongvirae;Uroviricota;Caudoviricetes;;Stanwilliamsviridae
k141_187815	5328	No terminal repeats	NA	9	11	0.9830	NA	0	12.8122	Viruses;Duplodnaviria;Heunggongvirae;Uroviricota;Caudoviricetes;;
k141_501884	5873	No terminal repeats	NA	14	11	0.9830	NA	2	21.7281	Viruses;Duplodnaviria;Heunggongvirae;Uroviricota;Caudoviricetes;;
k141_2258353	3843	No terminal repeats	NA	6	11	0.9830	NA	1	9.7535	Viruses;Duplodnaviria;Heunggongvirae;Uroviricota;Caudoviricetes;;
k141_2316211	5256	No terminal repeats	NA	7	11	0.9830	NA	1	10.3097	Viruses;Duplodnaviria;Heunggongvirae;Uroviricota;Caudoviricetes;;
k141_249540	6722	No terminal repeats	NA	10	11	0.9830	NA	0	13.5538	Viruses;Duplodnaviria;Heunggongvirae;Uroviricota;Caudoviricetes;;
k141_2251043	6074	No terminal repeats	NA	7	11	0.9830	NA	1	10.3097	Viruses;Duplodnaviria;Heunggongvirae;Uroviricota;Caudoviricetes;Crassvirales;Suoliviridae
k141_1678662	6933	No terminal repeats	NA	12	11	0.9830	NA	3	15.7044	Viruses;Duplodnaviria;Heunggongvirae;Uroviricota;Caudoviricetes;;
k141_826188	6269	No terminal repeats	NA	12	11	0.9830	NA	2	18.6603	Viruses;Duplodnaviria;Heunggongvirae;Uroviricota;Caudoviricetes;;
k141_2191615	3760	No terminal repeats	NA	6	11	0.9830	NA	5	9.6845	Viruses;Duplodnaviria;Heunggongvirae;Uroviricota;Caudoviricetes;;
k141_1967570	6172	No terminal repeats	NA	10	11	0.9830	NA	0	14.9111	Viruses;Duplodnaviria;Heunggongvirae;Uroviricota;Caudoviricetes;;
k141_283048	6798	No terminal repeats	NA	6	11	0.9830	NA	0	8.5904	Viruses;Duplodnaviria;Heunggongvirae;Uroviricota;Caudoviricetes;;
k141_2067844	5021	No terminal repeats	NA	9	11	0.9830	NA	1	11.0773	Viruses;Duplodnaviria;Heunggongvirae;Uroviricota;Caudoviricetes;;
k141_1289442	5391	No terminal repeats	NA	8	11	0.9829	NA	2	10.9267	Viruses;Duplodnaviria;Heunggongvirae;Uroviricota;Caudoviricetes;;
k141_1577873	3702	No terminal repeats	NA	5	11	0.9829	NA	1	8.5221	Viruses;Duplodnaviria;Heunggongvirae;Uroviricota;Caudoviricetes;;
k141_1744816	7679	No terminal repeats	NA	12	11	0.9829	NA	0	16.7632	Viruses;Duplodnaviria;Heunggongvirae;Uroviricota;Caudoviricetes;;
k141_1900547	4673	No terminal repeats	NA	6	11	0.9829	NA	1	8.3850	Viruses;Duplodnaviria;Heunggongvirae;Uroviricota;Caudoviricetes;;
k141_1391636	8407	No terminal repeats	NA	20	11	0.9829	NA	0	27.4770	Viruses;Duplodnaviria;Heunggongvirae;Uroviricota;Caudoviricetes;;
k141_496449	7400	No terminal repeats	NA	17	11	0.9829	NA	2	27.4850	Viruses;Duplodnaviria;Heunggongvirae;Uroviricota;Caudoviricetes;;
k141_1742581	4191	No terminal repeats	NA	9	11	0.9829	NA	1	13.7343	Viruses;Duplodnaviria;Heunggongvirae;Uroviricota;Caudoviricetes;;
k141_108062	7241	No terminal repeats	NA	7	11	0.9829	NA	3	10.0988	Viruses;Duplodnaviria;Heunggongvirae;Uroviricota;Caudoviricetes;;
k141_149167	4284	No terminal repeats	NA	11	11	0.9829	NA	2	18.9011	Viruses;Duplodnaviria;Heunggongvirae;Uroviricota;Caudoviricetes;;
k141_898002	8067	No terminal repeats	NA	10	11	0.9829	NA	2	12.6070	Viruses;Duplodnaviria;Heunggongvirae;Uroviricota;Caudoviricetes;;
k141_972339	3894	No terminal repeats	NA	7	11	0.9829	NA	2	11.7074	Viruses;Duplodnaviria;Heunggongvirae;Uroviricota;Caudoviricetes;;
k141_1869095	4463	No terminal repeats	NA	5	11	0.9829	NA	0	8.5914	Viruses;Duplodnaviria;Heunggongvirae;Uroviricota;Caudoviricetes;;
k141_916060	3518	No terminal repeats	NA	9	11	0.9829	NA	0	13.3043	Viruses;Duplodnaviria;Heunggongvirae;Uroviricota;Caudoviricetes;;
k141_1250926	6464	No terminal repeats	NA	9	11	0.9829	NA	4	15.4645	Viruses;Duplodnaviria;Heunggongvirae;Uroviricota;Caudoviricetes;;
k141_973297	9600	No terminal repeats	NA	6	11	0.9829	NA	2	8.8539	Viruses;Duplodnaviria;Heunggongvirae;Uroviricota;Caudoviricetes;;
k141_1780173	7789	No terminal repeats	NA	10	11	0.9829	NA	3	16.7128	Viruses;Duplodnaviria;Heunggongvirae;Uroviricota;Caudoviricetes;;
k141_1700743	3952	No terminal repeats	NA	8	11	0.9829	NA	1	12.0280	Viruses;Duplodnaviria;Heunggongvirae;Uroviricota;Caudoviricetes;;
k141_1739345	6052	No terminal repeats	NA	8	11	0.9829	NA	0	12.5542	Viruses;Duplodnaviria;Heunggongvirae;Uroviricota;Caudoviricetes;;
k141_2047056	4202	No terminal repeats	NA	5	11	0.9829	NA	0	6.8731	Viruses;Duplodnaviria;Heunggongvirae;Uroviricota;Caudoviricetes;;
k141_719812	9884	No terminal repeats	NA	10	11	0.9829	NA	1	13.2952	Viruses;Duplodnaviria;Heunggongvirae;Uroviricota;Caudoviricetes;;
k141_1860841	4095	No terminal repeats	NA	6	11	0.9829	NA	1	9.8713	Viruses;Duplodnaviria;Heunggongvirae;Uroviricota;Caudoviricetes;;
k141_282077	7753	No terminal repeats	NA	17	11	0.9829	NA	1	26.3661	Viruses;Duplodnaviria;Heunggongvirae;Uroviricota;Caudoviricetes;;
k141_2337217	4076	No terminal repeats	NA	5	11	0.9829	NA	1	8.4447	Viruses;Duplodnaviria;Heunggongvirae;Uroviricota;Caudoviricetes;;
k141_783657	4000	No terminal repeats	NA	10	11	0.9829	NA	1	13.5341	Viruses;Duplodnaviria;Heunggongvirae;Uroviricota;Caudoviricetes;;
k141_1768866	4991	No terminal repeats	NA	6	11	0.9829	NA	1	8.3733	Viruses;Duplodnaviria;Heunggongvirae;Uroviricota;Caudoviricetes;;
k141_2263263	6392	No terminal repeats	NA	10	11	0.9829	NA	2	12.4774	Viruses;Duplodnaviria;Heunggongvirae;Uroviricota;Caudoviricetes;;
k141_198087	3843	No terminal repeats	NA	5	11	0.9829	NA	1	8.1372	Viruses;Duplodnaviria;Heunggongvirae;Uroviricota;Caudoviricetes;;
k141_702874	6110	No terminal repeats	NA	12	11	0.9829	NA	3	19.5656	Viruses;Duplodnaviria;Heunggongvirae;Uroviricota;Caudoviricetes;;
k141_684521	5946	No terminal repeats	NA	9	11	0.9829	NA	1	13.7463	Viruses;Duplodnaviria;Heunggongvirae;Uroviricota;Caudoviricetes;;
k141_2166175	5578	No terminal repeats	NA	10	11	0.9829	NA	1	14.6827	Viruses;Duplodnaviria;Heunggongvirae;Uroviricota;Caudoviricetes;;
k141_623700	7654	No terminal repeats	NA	12	11	0.9829	NA	2	17.4554	Viruses;Duplodnaviria;Heunggongvirae;Uroviricota;Caudoviricetes;;
k141_1837183	3793	No terminal repeats	NA	11	11	0.9829	NA	1	16.1648	Viruses;Duplodnaviria;Heunggongvirae;Uroviricota;Caudoviricetes;;
k141_1295382	4255	No terminal repeats	NA	10	11	0.9829	NA	0	14.4986	Viruses;Duplodnaviria;Heunggongvirae;Uroviricota;Caudoviricetes;;
k141_1504308	34990	No terminal repeats	NA	51	11	0.9829	NA	8	61.7670	Viruses;Duplodnaviria;Heunggongvirae;Uroviricota;Caudoviricetes;;
k141_2163604	8470	No terminal repeats	NA	10	11	0.9829	NA	3	14.3684	Viruses;Duplodnaviria;Heunggongvirae;Uroviricota;Caudoviricetes;;
k141_1413866	4887	No terminal repeats	NA	8	11	0.9829	NA	0	11.1738	Viruses;Duplodnaviria;Heunggongvirae;Uroviricota;Caudoviricetes;;
k141_505160	4119	No terminal repeats	NA	6	11	0.9829	NA	1	10.0211	Viruses;Duplodnaviria;Heunggongvirae;Uroviricota;Caudoviricetes;;
k141_1274358	3866	No terminal repeats	NA	6	11	0.9829	NA	1	7.7769	Viruses;Duplodnaviria;Heunggongvirae;Uroviricota;Caudoviricetes;;
k141_1867896	3869	No terminal repeats	NA	6	11	0.9829	NA	2	10.3097	Viruses;Duplodnaviria;Heunggongvirae;Uroviricota;Caudoviricetes;;
k141_1109692	4637	No terminal repeats	NA	13	11	0.9829	NA	3	15.2868	Viruses;Duplodnaviria;Heunggongvirae;Uroviricota;Caudoviricetes;;
k141_27261	4887	No terminal repeats	NA	5	11	0.9829	NA	2	8.3826	Viruses;Duplodnaviria;Heunggongvirae;Uroviricota;Caudoviricetes;;
k141_2305612	5872	No terminal repeats	NA	8	11	0.9828	NA	0	11.6818	Viruses;Duplodnaviria;Heunggongvirae;Uroviricota;Caudoviricetes;;
k141_2086160	4910	No terminal repeats	NA	8	11	0.9828	NA	2	10.8221	Viruses;Duplodnaviria;Heunggongvirae;Uroviricota;Caudoviricetes;;
k141_606074	7425	No terminal repeats	NA	15	11	0.9828	NA	1	23.7190	Viruses;Duplodnaviria;Heunggongvirae;Uroviricota;Caudoviricetes;;Stanwilliamsviridae
k141_536937	5488	No terminal repeats	NA	19	11	0.9828	NA	0	21.9460	Viruses;Duplodnaviria;Heunggongvirae;Uroviricota;Caudoviricetes;;
k141_1667471	9987	No terminal repeats	NA	20	11	0.9828	NA	2	25.5152	Viruses;Duplodnaviria;Heunggongvirae;Uroviricota;Caudoviricetes;;
k141_1498463	4812	No terminal repeats	NA	5	11	0.9828	NA	3	8.5882	Viruses;Duplodnaviria;Heunggongvirae;Uroviricota;Caudoviricetes;;
k141_283923	40599	No terminal repeats	NA	48	11	0.9828	NA	4	55.3387	Viruses;Duplodnaviria;Heunggongvirae;Uroviricota;Caudoviricetes;;
k141_1577194	3803	No terminal repeats	NA	6	15	0.9828	NA	0	10.1546	Viruses;Duplodnaviria;Heunggongvirae;Uroviricota;Caudoviricetes;;
k141_2058421	6292	No terminal repeats	NA	11	11	0.9828	NA	1	13.3118	Viruses;Duplodnaviria;Heunggongvirae;Uroviricota;Caudoviricetes;;
k141_163025	7305	No terminal repeats	NA	9	11	0.9828	NA	2	13.7463	Viruses;Duplodnaviria;Heunggongvirae;Uroviricota;Caudoviricetes;;
k141_227051	4307	No terminal repeats	NA	9	11	0.9828	NA	1	15.0093	Viruses;Duplodnaviria;Heunggongvirae;Uroviricota;Caudoviricetes;;
k141_61553	3839	No terminal repeats	NA	5	11	0.9828	NA	0	8.1484	Viruses;Duplodnaviria;Heunggongvirae;Uroviricota;Caudoviricetes;;
k141_2256925	4894	No terminal repeats	NA	8	11	0.9828	NA	1	10.0603	Viruses;Duplodnaviria;Heunggongvirae;Uroviricota;Caudoviricetes;;
k141_1186044	5819	No terminal repeats	NA	10	11	0.9828	NA	2	15.4645	Viruses;Duplodnaviria;Heunggongvirae;Uroviricota;Caudoviricetes;;
k141_2372571	7179	No terminal repeats	NA	6	11	0.9828	NA	0	8.3595	Viruses;Duplodnaviria;Heunggongvirae;Uroviricota;Caudoviricetes;;
k141_36338	8380	No terminal repeats	NA	15	11	0.9828	NA	2	17.3718	Viruses;Duplodnaviria;Heunggongvirae;Uroviricota;Caudoviricetes;;
k141_1789880	6962	No terminal repeats	NA	14	11	0.9828	NA	1	21.9243	Viruses;Duplodnaviria;Heunggongvirae;Uroviricota;Caudoviricetes;;
k141_953885	5407	No terminal repeats	NA	6	11	0.9828	NA	6	9.7106	Viruses;Duplodnaviria;Heunggongvirae;Uroviricota;Caudoviricetes;;
k141_523350	4503	No terminal repeats	NA	10	11	0.9828	NA	2	15.4368	Viruses;Duplodnaviria;Heunggongvirae;Uroviricota;Caudoviricetes;;
k141_2147523	4020	No terminal repeats	NA	14	11	0.9828	NA	2	18.2685	Viruses;Duplodnaviria;Heunggongvirae;Uroviricota;Caudoviricetes;;
k141_1397746	4412	No terminal repeats	NA	5	11	0.9828	NA	0	6.4324	Viruses;Varidnaviria;Bamfordvirae;Nucleocytoviricota;Megaviricetes;Algavirales;Phycodnaviridae
k141_421680	4695	No terminal repeats	NA	9	11	0.9828	NA	1	11.9512	Viruses;Duplodnaviria;Heunggongvirae;Uroviricota;Caudoviricetes;;Stanwilliamsviridae
k141_342956	7753	No terminal repeats	NA	12	11	0.9828	NA	4	18.3516	Viruses;Duplodnaviria;Heunggongvirae;Uroviricota;Caudoviricetes;;
k141_145808	7566	No terminal repeats	NA	7	11	0.9828	NA	0	12.0193	Viruses;Duplodnaviria;Heunggongvirae;Uroviricota;Caudoviricetes;;
k141_2398749	5679	No terminal repeats	NA	7	11	0.9828	NA	3	11.5281	Viruses;Duplodnaviria;Heunggongvirae;Uroviricota;Caudoviricetes;;
k141_591086	7025	No terminal repeats	NA	12	11	0.9828	NA	3	16.3432	Viruses;Duplodnaviria;Heunggongvirae;Uroviricota;Caudoviricetes;;Stanwilliamsviridae
k141_1858945	4532	No terminal repeats	NA	5	11	0.9828	NA	2	8.2126	Viruses;Duplodnaviria;Heunggongvirae;Uroviricota;Caudoviricetes;;
k141_2364484	5568	No terminal repeats	NA	18	11	0.9828	NA	2	18.1765	Viruses;Duplodnaviria;Heunggongvirae;Uroviricota;Caudoviricetes;;
k141_1564131	5067	No terminal repeats	NA	8	11	0.9828	NA	1	10.6305	Viruses;Duplodnaviria;Heunggongvirae;Uroviricota;Caudoviricetes;;
k141_2382395	4380	No terminal repeats	NA	6	11	0.9828	NA	1	8.3746	Viruses;Duplodnaviria;Heunggongvirae;Uroviricota;Caudoviricetes;;
k141_560359	7710	No terminal repeats	NA	8	11	0.9828	NA	4	12.3833	Viruses;Duplodnaviria;Heunggongvirae;Uroviricota;Caudoviricetes;;
k141_1527	5983	No terminal repeats	NA	8	11	0.9828	NA	0	10.3097	Viruses;Varidnaviria;Bamfordvirae;Nucleocytoviricota;Megaviricetes;Algavirales;Phycodnaviridae
k141_163937	6869	No terminal repeats	NA	6	11	0.9828	NA	0	8.5505	Viruses;Duplodnaviria;Heunggongvirae;Uroviricota;Caudoviricetes;;
k141_2160882	3514	No terminal repeats	NA	13	11	0.9828	NA	1	18.8972	Viruses;Duplodnaviria;Heunggongvirae;Uroviricota;Caudoviricetes;;Kyanoviridae
k141_1943949	5699	No terminal repeats	NA	9	11	0.9828	NA	0	12.8521	Viruses;Duplodnaviria;Heunggongvirae;Uroviricota;Caudoviricetes;;
k141_403477	7125	No terminal repeats	NA	5	11	0.9828	NA	1	6.8731	Viruses;Varidnaviria;Bamfordvirae;Nucleocytoviricota;Megaviricetes;;
k141_25387	4872	No terminal repeats	NA	7	11	0.9828	NA	0	10.3097	Viruses;Duplodnaviria;Heunggongvirae;Uroviricota;Caudoviricetes;;
k141_2030339	4604	No terminal repeats	NA	6	11	0.9827	NA	1	8.3746	Viruses;Duplodnaviria;Heunggongvirae;Uroviricota;Caudoviricetes;;
k141_1666253	3728	No terminal repeats	NA	9	11	0.9827	NA	1	13.4755	Viruses;Duplodnaviria;Heunggongvirae;Uroviricota;Caudoviricetes;;
k141_1070611	61005	No terminal repeats	NA	57	11	0.9827	NA	7	88.4308	Viruses;Duplodnaviria;Heunggongvirae;Uroviricota;Caudoviricetes;;
k141_1061896	3902	No terminal repeats	NA	10	11	0.9827	NA	0	16.8831	Viruses;Duplodnaviria;Heunggongvirae;Uroviricota;Caudoviricetes;;
k141_903003	8303	No terminal repeats	NA	9	11	0.9827	NA	1	9.3167	Viruses;Varidnaviria;Bamfordvirae;Nucleocytoviricota;Megaviricetes;Algavirales;Phycodnaviridae
k141_601568	6997	No terminal repeats	NA	20	15	0.9827	NA	0	27.2308	Viruses;Duplodnaviria;Heunggongvirae;Uroviricota;Caudoviricetes;;
k141_466116	4470	No terminal repeats	NA	5	11	0.9827	NA	1	8.5430	Viruses;Duplodnaviria;Heunggongvirae;Uroviricota;Caudoviricetes;;
k141_2219862	9245	No terminal repeats	NA	14	11	0.9827	NA	1	19.9861	Viruses;Duplodnaviria;Heunggongvirae;Uroviricota;Caudoviricetes;;
k141_2044081	44151	No terminal repeats	NA	59	11	0.9827	NA	5	77.4132	Viruses;Duplodnaviria;Heunggongvirae;Uroviricota;Caudoviricetes;;
k141_1460508	5981	No terminal repeats	NA	7	11	0.9827	NA	0	11.6558	Viruses;Duplodnaviria;Heunggongvirae;Uroviricota;Caudoviricetes;;
k141_572603	9920	No terminal repeats	NA	18	11	0.9827	NA	1	23.0942	Viruses;Duplodnaviria;Heunggongvirae;Uroviricota;Caudoviricetes;;
k141_928257	7579	No terminal repeats	NA	13	11	0.9827	NA	0	17.1828	Viruses;Duplodnaviria;Heunggongvirae;Uroviricota;Caudoviricetes;;Kyanoviridae
k141_1113485	9417	No terminal repeats	NA	10	11	0.9827	NA	1	15.4645	Viruses;Duplodnaviria;Heunggongvirae;Uroviricota;Caudoviricetes;;
k141_2271720	5051	No terminal repeats	NA	5	11	0.9827	NA	1	8.0265	Viruses;Duplodnaviria;Heunggongvirae;Uroviricota;Caudoviricetes;;
k141_377416	6169	No terminal repeats	NA	7	11	0.9827	NA	3	9.6674	Viruses;Duplodnaviria;Heunggongvirae;Uroviricota;Caudoviricetes;;
k141_507367	3538	No terminal repeats	NA	8	11	0.9827	NA	0	13.3535	Viruses;Duplodnaviria;Heunggongvirae;Uroviricota;Caudoviricetes;;
k141_2087097	5386	No terminal repeats	NA	10	11	0.9827	NA	1	15.3091	Viruses;Duplodnaviria;Heunggongvirae;Uroviricota;Caudoviricetes;;
k141_1100190	4199	No terminal repeats	NA	6	11	0.9827	NA	0	8.5503	Viruses;Duplodnaviria;Heunggongvirae;Uroviricota;Caudoviricetes;;
k141_1288387	3645	No terminal repeats	NA	6	11	0.9827	NA	0	9.3386	Viruses;Duplodnaviria;Heunggongvirae;Uroviricota;Caudoviricetes;;
k141_2071783	3702	No terminal repeats	NA	5	11	0.9827	NA	1	6.6488	Viruses;Duplodnaviria;Heunggongvirae;Uroviricota;Caudoviricetes;;
k141_211970	3797	No terminal repeats	NA	8	11	0.9827	NA	1	12.9591	Viruses;Duplodnaviria;Heunggongvirae;Uroviricota;Caudoviricetes;;
k141_1214757	7959	No terminal repeats	NA	10	11	0.9827	NA	0	11.4312	Viruses;Varidnaviria;Bamfordvirae;Nucleocytoviricota;Megaviricetes;;
k141_951213	8461	No terminal repeats	NA	7	11	0.9827	NA	3	9.8722	Viruses;Duplodnaviria;Heunggongvirae;Uroviricota;Caudoviricetes;;
k141_306030	6010	No terminal repeats	NA	12	11	0.9827	NA	1	15.0368	Viruses;Duplodnaviria;Heunggongvirae;Uroviricota;Caudoviricetes;;
k141_1191920	5923	No terminal repeats	NA	8	11	0.9827	NA	3	12.0241	Viruses;Duplodnaviria;Heunggongvirae;Uroviricota;Caudoviricetes;;
k141_1073303	4565	No terminal repeats	NA	8	11	0.9827	NA	1	13.7266	Viruses;Duplodnaviria;Heunggongvirae;Uroviricota;Caudoviricetes;;
k141_810913	5574	No terminal repeats	NA	12	11	0.9827	NA	0	15.7315	Viruses;Duplodnaviria;Heunggongvirae;Uroviricota;Caudoviricetes;;Stanwilliamsviridae
k141_1751777	8395	No terminal repeats	NA	16	11	0.9827	NA	3	24.2215	Viruses;Duplodnaviria;Heunggongvirae;Uroviricota;Caudoviricetes;;
k141_21966	4564	No terminal repeats	NA	5	11	0.9827	NA	3	8.2513	Viruses;Duplodnaviria;Heunggongvirae;Uroviricota;Caudoviricetes;;
k141_481970	5648	No terminal repeats	NA	7	11	0.9827	NA	1	8.3553	Viruses;Duplodnaviria;Heunggongvirae;Uroviricota;Caudoviricetes;;
k141_275294	5968	No terminal repeats	NA	7	11	0.9827	NA	2	9.2928	Viruses;Duplodnaviria;Heunggongvirae;Uroviricota;Caudoviricetes;;
k141_2256758	4114	No terminal repeats	NA	10	11	0.9827	NA	1	10.9586	Viruses;Duplodnaviria;Heunggongvirae;Uroviricota;Caudoviricetes;;
k141_2316382	7634	No terminal repeats	NA	5	11	0.9827	NA	1	8.2155	Viruses;Duplodnaviria;Heunggongvirae;Uroviricota;Caudoviricetes;;
k141_326105	4718	No terminal repeats	NA	8	11	0.9827	NA	0	10.3097	Viruses;Duplodnaviria;Heunggongvirae;Uroviricota;Caudoviricetes;;
k141_1453999	3814	No terminal repeats	NA	9	11	0.9827	NA	0	9.7653	Viruses;Duplodnaviria;Heunggongvirae;Uroviricota;Caudoviricetes;;
k141_2020122	4473	No terminal repeats	NA	6	11	0.9827	NA	2	9.8718	Viruses;Duplodnaviria;Heunggongvirae;Uroviricota;Caudoviricetes;;
k141_993424	5881	No terminal repeats	NA	7	11	0.9827	NA	1	9.5483	Viruses;Duplodnaviria;Heunggongvirae;Uroviricota;Caudoviricetes;;
k141_1701332	6066	No terminal repeats	NA	8	11	0.9827	NA	0	11.2623	Viruses;Duplodnaviria;Heunggongvirae;Uroviricota;Caudoviricetes;;
k141_771441	6564	No terminal repeats	NA	9	11	0.9827	NA	1	11.6065	Viruses;Duplodnaviria;Heunggongvirae;Uroviricota;Caudoviricetes;;
k141_572812	6819	No terminal repeats	NA	11	11	0.9827	NA	3	11.6989	Viruses;Duplodnaviria;Heunggongvirae;Uroviricota;Caudoviricetes;;
k141_858508	5026	No terminal repeats	NA	10	11	0.9827	NA	4	16.6339	Viruses;Duplodnaviria;Heunggongvirae;Uroviricota;Caudoviricetes;;
k141_345969	7180	No terminal repeats	NA	5	11	0.9827	NA	0	6.8561	Viruses;Varidnaviria;Bamfordvirae;Nucleocytoviricota;Megaviricetes;Imitervirales;Mimiviridae
k141_9046	4247	No terminal repeats	NA	7	11	0.9827	NA	1	11.6195	Viruses;Duplodnaviria;Heunggongvirae;Uroviricota;Caudoviricetes;;
k141_952034	5563	No terminal repeats	NA	9	11	0.9827	NA	4	13.3033	Viruses;Duplodnaviria;Heunggongvirae;Uroviricota;Caudoviricetes;;
k141_28253	3694	No terminal repeats	NA	9	11	0.9827	NA	0	13.2272	Viruses;Duplodnaviria;Heunggongvirae;Uroviricota;Caudoviricetes;;
k141_1431552	7163	No terminal repeats	NA	9	11	0.9827	NA	1	12.0016	Viruses;Duplodnaviria;Heunggongvirae;Uroviricota;Caudoviricetes;;
k141_821073	4301	No terminal repeats	NA	6	11	0.9827	NA	2	10.3097	Viruses;Duplodnaviria;Heunggongvirae;Uroviricota;Caudoviricetes;;Stanwilliamsviridae
k141_455803	5306	No terminal repeats	NA	15	11	0.9827	NA	0	18.5608	Viruses;Duplodnaviria;Heunggongvirae;Uroviricota;Caudoviricetes;;
k141_1433130	4362	No terminal repeats	NA	11	11	0.9827	NA	2	15.2221	Viruses;Duplodnaviria;Heunggongvirae;Uroviricota;Caudoviricetes;;
k141_401367	4140	No terminal repeats	NA	5	11	0.9827	NA	4	7.3321	Viruses;Duplodnaviria;Heunggongvirae;Uroviricota;Caudoviricetes;;
k141_528076	8560	No terminal repeats	NA	12	11	0.9827	NA	2	19.1487	Viruses;Duplodnaviria;Heunggongvirae;Uroviricota;Caudoviricetes;;
k141_1777031	6692	No terminal repeats	NA	7	11	0.9827	NA	2	8.5914	Viruses;Duplodnaviria;Heunggongvirae;Uroviricota;Caudoviricetes;;
k141_2402528	4453	No terminal repeats	NA	7	11	0.9827	NA	2	7.9683	Viruses;Duplodnaviria;Heunggongvirae;Uroviricota;Caudoviricetes;;
k141_1872296	4305	No terminal repeats	NA	5	11	0.9827	NA	1	8.2096	Viruses;Duplodnaviria;Heunggongvirae;Uroviricota;Caudoviricetes;;
k141_464913	5702	No terminal repeats	NA	6	11	0.9827	NA	1	10.3097	Unclassified
k141_1976251	3918	No terminal repeats	NA	6	11	0.9827	NA	0	6.6170	Viruses;Duplodnaviria;Heunggongvirae;Uroviricota;Caudoviricetes;;
k141_162427	9131	No terminal repeats	NA	5	11	0.9827	NA	0	6.6183	Viruses;Duplodnaviria;Heunggongvirae;Uroviricota;Caudoviricetes;;Stanwilliamsviridae
k141_1078296	7622	No terminal repeats	NA	6	11	0.9827	NA	0	9.9551	Viruses;Duplodnaviria;Heunggongvirae;Uroviricota;Caudoviricetes;;
k141_967002	6905	No terminal repeats	NA	14	11	0.9827	NA	1	14.9074	Viruses;Duplodnaviria;Heunggongvirae;Uroviricota;Caudoviricetes;;
k141_2102167	3645	No terminal repeats	NA	5	11	0.9827	NA	1	6.6169	Viruses;Duplodnaviria;Heunggongvirae;Uroviricota;Caudoviricetes;;
k141_406155	3695	No terminal repeats	NA	5	11	0.9827	NA	0	8.1425	Viruses;Duplodnaviria;Heunggongvirae;Uroviricota;Caudoviricetes;;
k141_1561010	5480	No terminal repeats	NA	5	11	0.9827	NA	2	6.8614	Viruses;Duplodnaviria;Heunggongvirae;Uroviricota;Caudoviricetes;;
k141_1308373	5406	No terminal repeats	NA	10	11	0.9826	NA	2	14.5665	Viruses;Duplodnaviria;Heunggongvirae;Uroviricota;Caudoviricetes;;
k141_1479830	3799	No terminal repeats	NA	5	11	0.9826	NA	1	8.5914	Viruses;Duplodnaviria;Heunggongvirae;Uroviricota;Caudoviricetes;;
k141_29755	6717	No terminal repeats	NA	10	11	0.9826	NA	1	16.5395	Viruses;Duplodnaviria;Heunggongvirae;Uroviricota;Caudoviricetes;;
k141_1557381	10772	No terminal repeats	NA	15	15	0.9826	NA	5	20.6593	Viruses;Duplodnaviria;Heunggongvirae;Uroviricota;Caudoviricetes;;
k141_435977	5554	No terminal repeats	NA	9	11	0.9826	NA	4	14.5595	Viruses;Duplodnaviria;Heunggongvirae;Uroviricota;Caudoviricetes;;
k141_2068181	9323	No terminal repeats	NA	7	11	0.9826	NA	0	10.3097	Viruses;Duplodnaviria;Heunggongvirae;Uroviricota;Caudoviricetes;;
k141_501518	3917	No terminal repeats	NA	5	15	0.9826	NA	0	6.5949	Viruses;Duplodnaviria;Heunggongvirae;Uroviricota;Caudoviricetes;;
k141_1221190	6031	No terminal repeats	NA	10	11	0.9826	NA	0	13.1774	Viruses;Duplodnaviria;Heunggongvirae;Uroviricota;Caudoviricetes;;
k141_1784191	5339	No terminal repeats	NA	7	11	0.9826	NA	2	9.6157	Viruses;Duplodnaviria;Heunggongvirae;Uroviricota;Caudoviricetes;;
k141_786137	6843	No terminal repeats	NA	13	15	0.9826	NA	1	18.1948	Viruses;Duplodnaviria;Heunggongvirae;Uroviricota;Caudoviricetes;;
k141_1856433	3604	No terminal repeats	NA	8	11	0.9826	NA	1	13.7463	Viruses;Duplodnaviria;Heunggongvirae;Uroviricota;Caudoviricetes;;
k141_1916411	7609	No terminal repeats	NA	10	11	0.9826	NA	6	16.7692	Viruses;Duplodnaviria;Heunggongvirae;Uroviricota;Caudoviricetes;;
k141_1358377	4437	No terminal repeats	NA	7	11	0.9826	NA	1	12.0280	Viruses;Duplodnaviria;Heunggongvirae;Uroviricota;Caudoviricetes;;
k141_1888728	4934	No terminal repeats	NA	8	11	0.9826	NA	1	11.6510	Viruses;Duplodnaviria;Heunggongvirae;Uroviricota;Caudoviricetes;;
k141_884564	4715	No terminal repeats	NA	5	11	0.9826	NA	0	6.2708	Viruses;Duplodnaviria;Heunggongvirae;Uroviricota;Caudoviricetes;;
k141_898774	9839	No terminal repeats	NA	9	11	0.9826	NA	0	15.1108	Viruses;Duplodnaviria;Heunggongvirae;Uroviricota;Caudoviricetes;;
k141_871108	8021	No terminal repeats	NA	12	11	0.9826	NA	2	17.7067	Viruses;Duplodnaviria;Heunggongvirae;Uroviricota;Caudoviricetes;;
k141_1495803	9645	No terminal repeats	NA	12	11	0.9826	NA	2	16.6784	Viruses;Duplodnaviria;Heunggongvirae;Uroviricota;Caudoviricetes;;
k141_792914	113720	DTR	NA	128	11	0.9826	NA	3	162.9609	Viruses;Duplodnaviria;Heunggongvirae;Uroviricota;Caudoviricetes;;
k141_1722467	3819	No terminal repeats	NA	6	11	0.9826	NA	1	10.0530	Viruses;Duplodnaviria;Heunggongvirae;Uroviricota;Caudoviricetes;;
k141_2015362	5841	No terminal repeats	NA	9	11	0.9826	NA	1	12.0211	Viruses;Duplodnaviria;Heunggongvirae;Uroviricota;Caudoviricetes;;
k141_2254215	6529	No terminal repeats	NA	17	11	0.9826	NA	1	18.1071	Viruses;Duplodnaviria;Heunggongvirae;Uroviricota;Caudoviricetes;;
k141_2210912	8398	No terminal repeats	NA	6	11	0.9826	NA	4	6.8731	Viruses;Varidnaviria;Bamfordvirae;Nucleocytoviricota;Megaviricetes;Imitervirales;Mimiviridae
k141_312305	7721	No terminal repeats	NA	12	11	0.9826	NA	0	16.7320	Viruses;Duplodnaviria;Heunggongvirae;Uroviricota;Caudoviricetes;;
k141_296884	5264	No terminal repeats	NA	11	11	0.9826	NA	2	17.1681	Viruses;Duplodnaviria;Heunggongvirae;Uroviricota;Caudoviricetes;;
k141_1774270	4071	No terminal repeats	NA	7	11	0.9826	NA	1	10.3073	Viruses;Duplodnaviria;Heunggongvirae;Uroviricota;Caudoviricetes;;
k141_1617224	4076	No terminal repeats	NA	6	11	0.9826	NA	1	10.3097	Viruses;Duplodnaviria;Heunggongvirae;Uroviricota;Caudoviricetes;;
k141_985665	5740	No terminal repeats	NA	11	11	0.9826	NA	1	11.9337	Viruses;Duplodnaviria;Heunggongvirae;Uroviricota;Caudoviricetes;;
k141_2272099	4893	No terminal repeats	NA	8	11	0.9826	NA	0	13.1375	Viruses;Duplodnaviria;Heunggongvirae;Uroviricota;Caudoviricetes;;
k141_820270	4567	No terminal repeats	NA	6	11	0.9826	NA	2	8.5904	Viruses;Duplodnaviria;Heunggongvirae;Uroviricota;Caudoviricetes;;
k141_999550	5542	No terminal repeats	NA	11	11	0.9826	NA	0	13.4562	Viruses;Duplodnaviria;Heunggongvirae;Uroviricota;Caudoviricetes;;
k141_368508	6822	No terminal repeats	NA	10	11	0.9826	NA	0	15.8797	Viruses;Duplodnaviria;Heunggongvirae;Uroviricota;Caudoviricetes;;
k141_1864862	9191	No terminal repeats	NA	14	11	0.9826	NA	0	13.7439	Viruses;Varidnaviria;Bamfordvirae;Nucleocytoviricota;Megaviricetes;;
k141_2137248	5078	No terminal repeats	NA	5	11	0.9826	NA	3	8.5914	Viruses;Duplodnaviria;Heunggongvirae;Uroviricota;Caudoviricetes;;
k141_733255	8251	No terminal repeats	NA	11	11	0.9826	NA	0	11.3963	Viruses;Varidnaviria;Bamfordvirae;Nucleocytoviricota;Megaviricetes;;
k141_585950	6404	No terminal repeats	NA	9	11	0.9826	NA	3	13.3548	Viruses;Duplodnaviria;Heunggongvirae;Uroviricota;Caudoviricetes;;
k141_13200	6037	No terminal repeats	NA	8	11	0.9826	NA	0	8.2352	Viruses;Varidnaviria;Bamfordvirae;Nucleocytoviricota;Megaviricetes;Algavirales;Phycodnaviridae
k141_522851	4120	No terminal repeats	NA	7	15	0.9826	NA	0	9.9014	Viruses;Duplodnaviria;Heunggongvirae;Uroviricota;Caudoviricetes;;
k141_724226	4757	No terminal repeats	NA	7	11	0.9826	NA	1	9.7592	Viruses;Duplodnaviria;Heunggongvirae;Uroviricota;Caudoviricetes;;
k141_843671	5178	No terminal repeats	NA	8	11	0.9826	NA	2	10.1058	Viruses;Duplodnaviria;Heunggongvirae;Uroviricota;Caudoviricetes;;
k141_1830686	4592	No terminal repeats	NA	8	11	0.9826	NA	1	12.0253	Viruses;Varidnaviria;Bamfordvirae;Nucleocytoviricota;Megaviricetes;Algavirales;Phycodnaviridae
k141_121111	5352	No terminal repeats	NA	12	11	0.9826	NA	1	15.0463	Viruses;Duplodnaviria;Heunggongvirae;Uroviricota;Caudoviricetes;;
k141_1818569	6077	No terminal repeats	NA	12	11	0.9826	NA	0	13.7463	Viruses;Duplodnaviria;Heunggongvirae;Uroviricota;Caudoviricetes;;
k141_2083428	9616	No terminal repeats	NA	14	11	0.9826	NA	1	22.7242	Viruses;Duplodnaviria;Heunggongvirae;Uroviricota;Caudoviricetes;;
k141_1170896	9908	No terminal repeats	NA	15	11	0.9826	NA	1	22.9917	Viruses;Duplodnaviria;Heunggongvirae;Uroviricota;Caudoviricetes;;
k141_2282301	9629	No terminal repeats	NA	8	11	0.9826	NA	0	13.2005	Viruses;Duplodnaviria;Heunggongvirae;Uroviricota;Caudoviricetes;;Stanwilliamsviridae
k141_2037721	8371	No terminal repeats	NA	7	11	0.9826	NA	4	12.0214	Viruses;Duplodnaviria;Heunggongvirae;Uroviricota;Caudoviricetes;;
k141_1806984	4450	No terminal repeats	NA	11	11	0.9826	NA	1	11.9736	Viruses;Duplodnaviria;Heunggongvirae;Uroviricota;Caudoviricetes;;
k141_1285752	5423	No terminal repeats	NA	10	11	0.9826	NA	1	11.7781	Viruses;Duplodnaviria;Heunggongvirae;Uroviricota;Caudoviricetes;;
k141_334729	4631	No terminal repeats	NA	6	11	0.9825	NA	1	10.2932	Viruses;Duplodnaviria;Heunggongvirae;Uroviricota;Caudoviricetes;;
k141_1126842	6016	No terminal repeats	NA	7	11	0.9825	NA	0	11.8685	Viruses;Duplodnaviria;Heunggongvirae;Uroviricota;Caudoviricetes;;
k141_1951671	4854	No terminal repeats	NA	10	11	0.9825	NA	1	11.5162	Viruses;Duplodnaviria;Heunggongvirae;Uroviricota;Caudoviricetes;;Autographiviridae
k141_161681	7729	No terminal repeats	NA	7	11	0.9825	NA	1	8.5914	Viruses;Duplodnaviria;Heunggongvirae;Uroviricota;Caudoviricetes;;
k141_882978	7678	No terminal repeats	NA	12	11	0.9825	NA	0	15.6345	Viruses;Duplodnaviria;Heunggongvirae;Uroviricota;Caudoviricetes;;
k141_1163345	5259	No terminal repeats	NA	10	11	0.9825	NA	2	13.4047	Viruses;Duplodnaviria;Heunggongvirae;Uroviricota;Caudoviricetes;;
k141_198889	3867	No terminal repeats	NA	6	11	0.9825	NA	0	9.2853	Viruses;Duplodnaviria;Heunggongvirae;Uroviricota;Caudoviricetes;;
k141_34622	7366	No terminal repeats	NA	15	11	0.9825	NA	0	17.2186	Viruses;Duplodnaviria;Heunggongvirae;Uroviricota;Caudoviricetes;;
k141_1673615	5261	No terminal repeats	NA	7	11	0.9825	NA	2	11.6879	Viruses;Duplodnaviria;Heunggongvirae;Uroviricota;Caudoviricetes;;
k141_1934080	57048	No terminal repeats	NA	84	11	0.9825	NA	5	104.3554	Viruses;Duplodnaviria;Heunggongvirae;Uroviricota;Caudoviricetes;;
k141_1004345	9415	No terminal repeats	NA	11	11	0.9825	NA	0	17.2765	Viruses;Duplodnaviria;Heunggongvirae;Uroviricota;Caudoviricetes;;
k141_1276264	5818	No terminal repeats	NA	7	11	0.9825	NA	0	10.3052	Viruses;Duplodnaviria;Heunggongvirae;Uroviricota;Caudoviricetes;;
k141_596333	4517	No terminal repeats	NA	11	11	0.9825	NA	1	13.4980	Viruses;Duplodnaviria;Heunggongvirae;Uroviricota;Caudoviricetes;;
k141_1637796	3530	No terminal repeats	NA	6	11	0.9825	NA	0	10.2926	Viruses;Duplodnaviria;Heunggongvirae;Uroviricota;Caudoviricetes;;
k141_488161	8482	No terminal repeats	NA	9	11	0.9825	NA	0	13.4355	Viruses;Duplodnaviria;Heunggongvirae;Uroviricota;Caudoviricetes;;
k141_271327	8330	No terminal repeats	NA	16	11	0.9825	NA	0	22.0894	Viruses;Duplodnaviria;Heunggongvirae;Uroviricota;Caudoviricetes;;
k141_1563040	3734	No terminal repeats	NA	6	11	0.9825	NA	0	8.3154	Viruses;Duplodnaviria;Heunggongvirae;Uroviricota;Caudoviricetes;;
k141_1012588	4340	No terminal repeats	NA	5	11	0.9825	NA	0	8.0457	Viruses;Duplodnaviria;Heunggongvirae;Uroviricota;Caudoviricetes;;Stanwilliamsviridae
k141_129271	4010	No terminal repeats	NA	5	11	0.9825	NA	0	6.8310	Viruses;Duplodnaviria;Heunggongvirae;Uroviricota;Caudoviricetes;;
k141_1549381	7836	No terminal repeats	NA	10	11	0.9825	NA	5	14.6434	Viruses;Duplodnaviria;Heunggongvirae;Uroviricota;Caudoviricetes;;
k141_1576200	5178	No terminal repeats	NA	6	11	0.9825	NA	1	10.0712	Viruses;Duplodnaviria;Heunggongvirae;Uroviricota;Caudoviricetes;;
k141_929229	3848	No terminal repeats	NA	5	11	0.9825	NA	0	8.1477	Viruses;Duplodnaviria;Heunggongvirae;Uroviricota;Caudoviricetes;;
k141_1235422	3765	No terminal repeats	NA	10	11	0.9825	NA	1	12.9096	Viruses;Duplodnaviria;Heunggongvirae;Uroviricota;Caudoviricetes;;
k141_1836542	6083	No terminal repeats	NA	16	11	0.9825	NA	3	23.3154	Viruses;Duplodnaviria;Heunggongvirae;Uroviricota;Caudoviricetes;;
k141_2079788	13131	No terminal repeats	NA	13	11	0.9825	NA	2	14.5136	Viruses;Duplodnaviria;Heunggongvirae;Uroviricota;Caudoviricetes;;
k141_1815124	6342	No terminal repeats	NA	6	11	0.9825	NA	2	10.3087	Viruses;Duplodnaviria;Heunggongvirae;Uroviricota;Caudoviricetes;;
k141_1761130	3922	No terminal repeats	NA	9	11	0.9825	NA	1	11.6972	Viruses;Duplodnaviria;Heunggongvirae;Uroviricota;Caudoviricetes;;
k141_1462541	6806	No terminal repeats	NA	9	11	0.9825	NA	0	9.4328	Viruses;Duplodnaviria;Heunggongvirae;Uroviricota;Caudoviricetes;;
k141_1641722	4154	No terminal repeats	NA	5	11	0.9825	NA	1	8.2747	Viruses;Duplodnaviria;Heunggongvirae;Uroviricota;Caudoviricetes;;
k141_1799353	4847	No terminal repeats	NA	5	11	0.9824	NA	0	6.8731	Viruses;Duplodnaviria;Heunggongvirae;Uroviricota;Caudoviricetes;;
k141_2251209	3926	No terminal repeats	NA	7	11	0.9824	NA	0	11.5087	Viruses;Duplodnaviria;Heunggongvirae;Uroviricota;Caudoviricetes;;
k141_1359646	9718	No terminal repeats	NA	6	11	0.9824	NA	1	8.5914	Viruses;Duplodnaviria;Heunggongvirae;Uroviricota;Caudoviricetes;;
k141_325476	9840	No terminal repeats	NA	8	11	0.9824	NA	0	9.9569	Viruses;Duplodnaviria;Heunggongvirae;Uroviricota;Caudoviricetes;;
k141_2001554	5264	No terminal repeats	NA	5	11	0.9824	NA	1	6.8731	Viruses;Varidnaviria;Bamfordvirae;Nucleocytoviricota;Megaviricetes;;
k141_1034753	7138	No terminal repeats	NA	12	11	0.9824	NA	2	15.0747	Viruses;Duplodnaviria;Heunggongvirae;Uroviricota;Caudoviricetes;;
k141_1956033	5354	No terminal repeats	NA	7	11	0.9824	NA	4	12.0074	Viruses;Duplodnaviria;Heunggongvirae;Uroviricota;Caudoviricetes;;Kyanoviridae
k141_927270	5274	No terminal repeats	NA	12	11	0.9824	NA	1	17.9943	Viruses;Duplodnaviria;Heunggongvirae;Uroviricota;Caudoviricetes;;
k141_709246	4184	No terminal repeats	NA	5	11	0.9824	NA	0	7.3237	Viruses;Duplodnaviria;Heunggongvirae;Uroviricota;Caudoviricetes;;
k141_1732914	4590	No terminal repeats	NA	7	11	0.9824	NA	0	12.0280	Viruses;Varidnaviria;Bamfordvirae;Nucleocytoviricota;Megaviricetes;Imitervirales;Schizomimiviridae
k141_580016	34739	DTR	NA	59	11	0.9824	NA	3	79.4121	Viruses;Duplodnaviria;Heunggongvirae;Uroviricota;Caudoviricetes;;
k141_2244369	4926	No terminal repeats	NA	10	11	0.9824	NA	0	10.0347	Viruses;Duplodnaviria;Heunggongvirae;Uroviricota;Caudoviricetes;;
k141_521755	5887	No terminal repeats	NA	11	15	0.9824	NA	0	12.9866	Viruses;Duplodnaviria;Heunggongvirae;Uroviricota;Caudoviricetes;;
k141_566365	6164	No terminal repeats	NA	9	11	0.9824	NA	1	13.9980	Viruses;Duplodnaviria;Heunggongvirae;Uroviricota;Caudoviricetes;;
k141_512818	7154	No terminal repeats	NA	9	11	0.9824	NA	0	15.1489	Viruses;Duplodnaviria;Heunggongvirae;Uroviricota;Caudoviricetes;;
k141_2293222	5062	No terminal repeats	NA	5	11	0.9824	NA	0	8.3734	Viruses;Duplodnaviria;Heunggongvirae;Uroviricota;Caudoviricetes;;
k141_1672062	5380	No terminal repeats	NA	10	11	0.9824	NA	1	12.0267	Viruses;Duplodnaviria;Heunggongvirae;Uroviricota;Caudoviricetes;;
k141_2191639	7570	No terminal repeats	NA	12	11	0.9824	NA	0	14.7543	Viruses;Duplodnaviria;Heunggongvirae;Uroviricota;Caudoviricetes;;
k141_888092	6790	No terminal repeats	NA	7	11	0.9824	NA	2	10.2996	Viruses;Duplodnaviria;Heunggongvirae;Uroviricota;Caudoviricetes;;
k141_900390	5707	No terminal repeats	NA	7	11	0.9824	NA	1	11.7570	Viruses;Duplodnaviria;Heunggongvirae;Uroviricota;Caudoviricetes;;
k141_1488523	4765	No terminal repeats	NA	13	11	0.9824	NA	1	19.3086	Viruses;Duplodnaviria;Heunggongvirae;Uroviricota;Caudoviricetes;;
k141_328003	7964	No terminal repeats	NA	15	11	0.9824	NA	1	16.6877	Viruses;Duplodnaviria;Heunggongvirae;Uroviricota;Caudoviricetes;;
k141_1304537	7080	No terminal repeats	NA	14	11	0.9824	NA	1	15.9436	Viruses;Duplodnaviria;Heunggongvirae;Uroviricota;Caudoviricetes;;
k141_780936	4824	No terminal repeats	NA	6	11	0.9824	NA	0	7.8100	Viruses;Duplodnaviria;Heunggongvirae;Uroviricota;Caudoviricetes;;
k141_1382774	7675	No terminal repeats	NA	10	11	0.9824	NA	0	10.3097	Viruses;Duplodnaviria;Heunggongvirae;Uroviricota;Caudoviricetes;;
k141_239142	4925	No terminal repeats	NA	12	11	0.9824	NA	2	17.0152	Viruses;Duplodnaviria;Heunggongvirae;Uroviricota;Caudoviricetes;;
k141_442859	6280	No terminal repeats	NA	5	11	0.9824	NA	0	6.8731	Viruses;Duplodnaviria;Heunggongvirae;Uroviricota;Caudoviricetes;;
k141_1362599	5235	No terminal repeats	NA	6	11	0.9824	NA	3	10.1420	Viruses;Duplodnaviria;Heunggongvirae;Uroviricota;Caudoviricetes;;
k141_2130418	38986	No terminal repeats	NA	58	11	0.9824	NA	3	71.6494	Viruses;Duplodnaviria;Heunggongvirae;Uroviricota;Caudoviricetes;;
k141_162040	4674	No terminal repeats	NA	5	11	0.9824	NA	2	6.8721	Viruses;Duplodnaviria;Heunggongvirae;Uroviricota;Caudoviricetes;;
k141_485854	6298	No terminal repeats	NA	9	11	0.9824	NA	2	13.7463	Viruses;Duplodnaviria;Heunggongvirae;Uroviricota;Caudoviricetes;;
k141_779582	5004	No terminal repeats	NA	9	11	0.9824	NA	3	10.8164	Viruses;Duplodnaviria;Heunggongvirae;Uroviricota;Caudoviricetes;;
k141_1717257	4522	No terminal repeats	NA	8	11	0.9824	NA	4	12.0280	Viruses;Duplodnaviria;Heunggongvirae;Uroviricota;Caudoviricetes;;
k141_1731517	6628	No terminal repeats	NA	10	11	0.9824	NA	1	13.2905	Viruses;Duplodnaviria;Heunggongvirae;Uroviricota;Caudoviricetes;;
k141_2078818	5986	No terminal repeats	NA	16	11	0.9824	NA	1	18.8052	Viruses;Duplodnaviria;Heunggongvirae;Uroviricota;Caudoviricetes;;
k141_2318699	4803	No terminal repeats	NA	8	11	0.9824	NA	0	11.7818	Viruses;Duplodnaviria;Heunggongvirae;Uroviricota;Caudoviricetes;;
k141_198009	4182	No terminal repeats	NA	9	11	0.9824	NA	0	11.7060	Viruses;Duplodnaviria;Heunggongvirae;Uroviricota;Caudoviricetes;;
k141_1564945	5009	No terminal repeats	NA	7	11	0.9824	NA	1	11.1234	Viruses;Duplodnaviria;Heunggongvirae;Uroviricota;Caudoviricetes;;
k141_2096315	2825	No terminal repeats	NA	5	11	0.9824	NA	1	8.5914	Viruses;Duplodnaviria;Heunggongvirae;Uroviricota;Caudoviricetes;;
k141_1378787	22612	No terminal repeats	NA	26	11	0.9824	NA	2	31.2008	Viruses;Duplodnaviria;Heunggongvirae;Uroviricota;Caudoviricetes;;
k141_605046	4678	No terminal repeats	NA	7	11	0.9823	NA	3	8.4966	Viruses;Duplodnaviria;Heunggongvirae;Uroviricota;Caudoviricetes;;
k141_225571	5753	No terminal repeats	NA	8	11	0.9823	NA	1	10.2952	Viruses;Duplodnaviria;Heunggongvirae;Uroviricota;Caudoviricetes;;
k141_1412245	5680	No terminal repeats	NA	8	11	0.9823	NA	1	13.2110	Viruses;Duplodnaviria;Heunggongvirae;Uroviricota;Caudoviricetes;;
k141_2183133	5726	No terminal repeats	NA	10	11	0.9823	NA	1	15.2209	Viruses;Duplodnaviria;Heunggongvirae;Uroviricota;Caudoviricetes;;
k141_1198624	6503	No terminal repeats	NA	8	11	0.9823	NA	1	7.9013	Viruses;Duplodnaviria;Heunggongvirae;Uroviricota;Caudoviricetes;;
k141_663628	4466	No terminal repeats	NA	6	11	0.9823	NA	1	8.2803	Viruses;Duplodnaviria;Heunggongvirae;Uroviricota;Caudoviricetes;;
k141_2408486	15040	DTR	NA	21	11	0.9823	NA	2	21.3241	Viruses;Duplodnaviria;Heunggongvirae;Uroviricota;Caudoviricetes;;
k141_2338809	8609	No terminal repeats	NA	16	11	0.9823	NA	1	23.5420	Viruses;Duplodnaviria;Heunggongvirae;Uroviricota;Caudoviricetes;;
k141_1256066	4989	No terminal repeats	NA	7	11	0.9823	NA	2	11.2790	Viruses;Duplodnaviria;Heunggongvirae;Uroviricota;Caudoviricetes;;
k141_2138209	4103	No terminal repeats	NA	7	11	0.9823	NA	1	8.2455	Viruses;Duplodnaviria;Heunggongvirae;Uroviricota;Caudoviricetes;;Straboviridae
k141_345572	4826	No terminal repeats	NA	6	11	0.9823	NA	1	9.2237	Viruses;Duplodnaviria;Heunggongvirae;Uroviricota;Caudoviricetes;;
k141_1353326	6970	No terminal repeats	NA	6	11	0.9823	NA	1	6.8102	Viruses;Duplodnaviria;Heunggongvirae;Uroviricota;Caudoviricetes;;
k141_712790	4806	No terminal repeats	NA	13	11	0.9823	NA	2	13.3379	Viruses;Duplodnaviria;Heunggongvirae;Uroviricota;Caudoviricetes;;
k141_1076944	7568	No terminal repeats	NA	11	11	0.9823	NA	2	11.5148	Viruses;Duplodnaviria;Heunggongvirae;Uroviricota;Caudoviricetes;;
k141_795591	5413	No terminal repeats	NA	12	11	0.9823	NA	0	13.5317	Viruses;Duplodnaviria;Heunggongvirae;Uroviricota;Caudoviricetes;;
k141_800905	5800	No terminal repeats	NA	6	11	0.9823	NA	2	10.3097	Viruses;Duplodnaviria;Heunggongvirae;Uroviricota;Caudoviricetes;;
k141_295521	3801	No terminal repeats	NA	5	11	0.9823	NA	0	8.3475	Viruses;Duplodnaviria;Heunggongvirae;Uroviricota;Caudoviricetes;;
k141_2122440	3530	No terminal repeats	NA	5	11	0.9823	NA	1	6.8731	Viruses;Duplodnaviria;Heunggongvirae;Uroviricota;Caudoviricetes;;
k141_1071181	3649	No terminal repeats	NA	9	11	0.9823	NA	1	10.9878	Viruses;Duplodnaviria;Heunggongvirae;Uroviricota;Caudoviricetes;;
k141_395387	6939	No terminal repeats	NA	6	11	0.9823	NA	1	10.3097	Viruses;Duplodnaviria;Heunggongvirae;Uroviricota;Caudoviricetes;;
k141_713103	4061	No terminal repeats	NA	8	11	0.9823	NA	0	11.2433	Viruses;Duplodnaviria;Heunggongvirae;Uroviricota;Caudoviricetes;;
k141_785899	4420	No terminal repeats	NA	6	11	0.9823	NA	1	8.5260	Viruses;Duplodnaviria;Heunggongvirae;Uroviricota;Caudoviricetes;;
k141_812899	3626	No terminal repeats	NA	7	11	0.9823	NA	1	6.8731	Viruses;Duplodnaviria;Heunggongvirae;Uroviricota;Caudoviricetes;;
k141_655965	3940	No terminal repeats	NA	7	11	0.9823	NA	3	11.5993	Viruses;Duplodnaviria;Heunggongvirae;Uroviricota;Caudoviricetes;;
k141_2229413	5407	No terminal repeats	NA	6	11	0.9823	NA	1	6.3027	Viruses;Varidnaviria;Bamfordvirae;Nucleocytoviricota;Megaviricetes;Algavirales;Phycodnaviridae
k141_2251729	8114	No terminal repeats	NA	5	11	0.9823	NA	3	6.8731	Viruses;Duplodnaviria;Heunggongvirae;Uroviricota;Caudoviricetes;;
k141_567761	5486	No terminal repeats	NA	7	11	0.9823	NA	2	9.8098	Viruses;Duplodnaviria;Heunggongvirae;Uroviricota;Caudoviricetes;;
k141_2374663	3975	No terminal repeats	NA	6	15	0.9823	NA	1	7.8846	Viruses;Duplodnaviria;Heunggongvirae;Uroviricota;Caudoviricetes;;
k141_429952	7313	No terminal repeats	NA	18	11	0.9823	NA	0	25.2987	Viruses;Duplodnaviria;Heunggongvirae;Uroviricota;Caudoviricetes;;
k141_339315	4369	No terminal repeats	NA	5	11	0.9823	NA	0	6.4759	Viruses;Duplodnaviria;Heunggongvirae;Uroviricota;Caudoviricetes;;
k141_2222172	6024	No terminal repeats	NA	10	11	0.9823	NA	1	12.9727	Viruses;Duplodnaviria;Heunggongvirae;Uroviricota;Caudoviricetes;;
k141_1877425	7427	No terminal repeats	NA	9	11	0.9822	NA	0	9.2154	Viruses;Duplodnaviria;Heunggongvirae;Uroviricota;Caudoviricetes;;
k141_2141235	7087	No terminal repeats	NA	13	11	0.9822	NA	3	17.4916	Viruses;Duplodnaviria;Heunggongvirae;Uroviricota;Caudoviricetes;;
k141_426739	7481	No terminal repeats	NA	9	11	0.9822	NA	3	13.9665	Viruses;Duplodnaviria;Heunggongvirae;Uroviricota;Caudoviricetes;;
k141_1213072	7087	No terminal repeats	NA	12	11	0.9822	NA	1	13.9619	Viruses;Duplodnaviria;Heunggongvirae;Uroviricota;Caudoviricetes;;
k141_2156355	5330	No terminal repeats	NA	9	11	0.9822	NA	3	10.0946	Viruses;Duplodnaviria;Heunggongvirae;Uroviricota;Caudoviricetes;;
k141_1837425	6035	No terminal repeats	NA	11	11	0.9822	NA	2	9.8114	Viruses;Duplodnaviria;Heunggongvirae;Uroviricota;Caudoviricetes;;
k141_1851311	5389	No terminal repeats	NA	7	11	0.9822	NA	0	11.0173	Viruses;Duplodnaviria;Heunggongvirae;Uroviricota;Caudoviricetes;;
k141_1374807	5499	No terminal repeats	NA	8	11	0.9822	NA	1	12.0144	Viruses;Duplodnaviria;Heunggongvirae;Uroviricota;Caudoviricetes;;
k141_2344797	8834	No terminal repeats	NA	6	11	0.9822	NA	3	9.8722	Viruses;Duplodnaviria;Heunggongvirae;Uroviricota;Caudoviricetes;;
k141_77724	6847	No terminal repeats	NA	9	11	0.9822	NA	2	15.1663	Viruses;Duplodnaviria;Heunggongvirae;Uroviricota;Caudoviricetes;;
k141_894123	4574	No terminal repeats	NA	7	11	0.9822	NA	2	8.5797	Viruses;Duplodnaviria;Heunggongvirae;Uroviricota;Caudoviricetes;;
k141_445298	4398	No terminal repeats	NA	9	11	0.9822	NA	0	10.5592	Viruses;Duplodnaviria;Heunggongvirae;Uroviricota;Caudoviricetes;;
k141_1144794	7475	No terminal repeats	NA	9	11	0.9822	NA	1	13.7386	Viruses;Duplodnaviria;Heunggongvirae;Uroviricota;Caudoviricetes;;
k141_2152895	7047	No terminal repeats	NA	13	11	0.9822	NA	1	14.9792	Viruses;Duplodnaviria;Heunggongvirae;Uroviricota;Caudoviricetes;;
k141_976149	4559	No terminal repeats	NA	5	11	0.9822	NA	1	8.0984	Viruses;Duplodnaviria;Heunggongvirae;Uroviricota;Caudoviricetes;;
k141_219277	8101	No terminal repeats	NA	15	11	0.9822	NA	1	16.5447	Viruses;Duplodnaviria;Heunggongvirae;Uroviricota;Caudoviricetes;;
k141_634866	7840	No terminal repeats	NA	8	11	0.9822	NA	0	6.8731	Viruses;Varidnaviria;Bamfordvirae;Nucleocytoviricota;Megaviricetes;Algavirales;Phycodnaviridae
k141_2309801	63092	DTR	NA	105	11	0.9822	NA	6	120.8682	Viruses;Duplodnaviria;Heunggongvirae;Uroviricota;Caudoviricetes;;
k141_950144	4747	No terminal repeats	NA	7	11	0.9822	NA	2	10.2175	Viruses;Duplodnaviria;Heunggongvirae;Uroviricota;Caudoviricetes;;
k141_707940	9545	No terminal repeats	NA	5	11	0.9822	NA	0	7.5296	Viruses;Duplodnaviria;Heunggongvirae;Uroviricota;Caudoviricetes;;
k141_196438	8614	No terminal repeats	NA	6	11	0.9822	NA	0	7.8571	Viruses;Duplodnaviria;Heunggongvirae;Uroviricota;Caudoviricetes;;
k141_759454	7965	No terminal repeats	NA	11	11	0.9822	NA	2	17.1828	Viruses;Duplodnaviria;Heunggongvirae;Uroviricota;Caudoviricetes;;
k141_1569767	3597	No terminal repeats	NA	5	11	0.9822	NA	1	8.5914	Viruses;Duplodnaviria;Heunggongvirae;Uroviricota;Caudoviricetes;;
k141_910229	16387	No terminal repeats	NA	21	11	0.9822	NA	7	29.7366	Viruses;Duplodnaviria;Heunggongvirae;Uroviricota;Caudoviricetes;;
k141_764161	3713	No terminal repeats	NA	6	11	0.9822	NA	0	6.6605	Viruses;Duplodnaviria;Heunggongvirae;Uroviricota;Caudoviricetes;;
k141_1793611	5337	No terminal repeats	NA	11	11	0.9822	NA	2	18.3412	Viruses;Duplodnaviria;Heunggongvirae;Uroviricota;Caudoviricetes;;
k141_1863810	7190	No terminal repeats	NA	11	11	0.9822	NA	3	15.0243	Viruses;Duplodnaviria;Heunggongvirae;Uroviricota;Caudoviricetes;;
k141_877084	3683	No terminal repeats	NA	7	11	0.9822	NA	1	10.0871	Viruses;Duplodnaviria;Heunggongvirae;Uroviricota;Caudoviricetes;;
k141_1483204	7832	No terminal repeats	NA	9	11	0.9822	NA	1	9.6275	Viruses;Duplodnaviria;Heunggongvirae;Uroviricota;Caudoviricetes;;
k141_548624	8558	No terminal repeats	NA	10	11	0.9822	NA	2	15.9496	Viruses;Duplodnaviria;Heunggongvirae;Uroviricota;Caudoviricetes;;
k141_124513	5324	No terminal repeats	NA	7	11	0.9822	NA	1	9.7103	Viruses;Duplodnaviria;Heunggongvirae;Uroviricota;Caudoviricetes;;
k141_2024721	7149	No terminal repeats	NA	10	11	0.9822	NA	2	11.2702	Viruses;Duplodnaviria;Heunggongvirae;Uroviricota;Caudoviricetes;;
k141_2323734	6843	No terminal repeats	NA	13	11	0.9822	NA	2	18.1247	Viruses;Duplodnaviria;Heunggongvirae;Uroviricota;Caudoviricetes;;
k141_648932	4500	No terminal repeats	NA	6	11	0.9822	NA	2	10.1034	Viruses;Duplodnaviria;Heunggongvirae;Uroviricota;Caudoviricetes;;
k141_631574	5666	No terminal repeats	NA	6	11	0.9821	NA	3	9.2619	Viruses;Duplodnaviria;Heunggongvirae;Uroviricota;Caudoviricetes;;
k141_779153	4805	No terminal repeats	NA	14	11	0.9821	NA	3	14.2987	Viruses;Duplodnaviria;Heunggongvirae;Uroviricota;Caudoviricetes;;
k141_369909	6183	No terminal repeats	NA	8	11	0.9821	NA	0	6.5981	Viruses;Duplodnaviria;Heunggongvirae;Uroviricota;Caudoviricetes;;
k141_1939279	14931	DTR	NA	21	11	0.9821	NA	4	28.5167	Viruses;Duplodnaviria;Heunggongvirae;Uroviricota;Caudoviricetes;;
k141_1156449	4107	No terminal repeats	NA	7	11	0.9821	NA	0	8.5914	Viruses;Duplodnaviria;Heunggongvirae;Uroviricota;Caudoviricetes;;
k141_103286	5865	No terminal repeats	NA	7	11	0.9821	NA	3	11.4194	Viruses;Duplodnaviria;Heunggongvirae;Uroviricota;Caudoviricetes;;Stanwilliamsviridae
k141_633557	5083	No terminal repeats	NA	9	11	0.9821	NA	3	13.0305	Viruses;Duplodnaviria;Heunggongvirae;Uroviricota;Caudoviricetes;;
k141_51335	40778	DTR	NA	65	11	0.9821	NA	3	69.7334	Viruses;Duplodnaviria;Heunggongvirae;Uroviricota;Caudoviricetes;;
k141_1408837	59902	No terminal repeats	NA	82	11	0.9821	NA	4	101.3899	Viruses;Duplodnaviria;Heunggongvirae;Uroviricota;Caudoviricetes;;
k141_443905	8472	No terminal repeats	NA	10	11	0.9821	NA	2	12.7694	Viruses;Duplodnaviria;Heunggongvirae;Uroviricota;Caudoviricetes;;
k141_1147153	4436	No terminal repeats	NA	6	11	0.9821	NA	1	7.4285	Viruses;Duplodnaviria;Heunggongvirae;Uroviricota;Caudoviricetes;;
k141_163680	3739	No terminal repeats	NA	6	11	0.9821	NA	0	10.1173	Viruses;Duplodnaviria;Heunggongvirae;Uroviricota;Caudoviricetes;;
k141_7624	4822	No terminal repeats	NA	9	11	0.9821	NA	1	13.3602	Viruses;Duplodnaviria;Heunggongvirae;Uroviricota;Caudoviricetes;;
k141_1805562	3765	No terminal repeats	NA	5	11	0.9821	NA	2	8.5425	Viruses;Duplodnaviria;Heunggongvirae;Uroviricota;Caudoviricetes;;
k141_2205656	6209	No terminal repeats	NA	5	11	0.9821	NA	1	6.2416	Viruses;Duplodnaviria;Heunggongvirae;Uroviricota;Caudoviricetes;;
k141_1845504	8194	No terminal repeats	NA	14	11	0.9821	NA	1	22.3272	Viruses;Duplodnaviria;Heunggongvirae;Uroviricota;Caudoviricetes;;
k141_1398187	8631	No terminal repeats	NA	14	11	0.9821	NA	0	11.7409	Viruses;Duplodnaviria;Heunggongvirae;Uroviricota;Caudoviricetes;;
k141_1436675	4054	No terminal repeats	NA	5	11	0.9821	NA	2	8.1570	Viruses;Duplodnaviria;Heunggongvirae;Uroviricota;Caudoviricetes;;
k141_706275	6600	No terminal repeats	NA	9	11	0.9821	NA	0	15.3588	Viruses;Duplodnaviria;Heunggongvirae;Uroviricota;Caudoviricetes;;
k141_698819	15264	DTR	NA	23	11	0.9821	NA	6	29.4249	Viruses;Duplodnaviria;Heunggongvirae;Uroviricota;Caudoviricetes;;
k141_1700070	5098	No terminal repeats	NA	6	11	0.9821	NA	3	7.5601	Viruses;Duplodnaviria;Heunggongvirae;Uroviricota;Caudoviricetes;;
k141_966534	3548	No terminal repeats	NA	5	11	0.9821	NA	1	6.8613	Viruses;Duplodnaviria;Heunggongvirae;Uroviricota;Caudoviricetes;;
k141_2258849	9925	No terminal repeats	NA	8	11	0.9821	NA	0	10.3087	Viruses;Duplodnaviria;Heunggongvirae;Uroviricota;Caudoviricetes;;
k141_1835850	4183	No terminal repeats	NA	6	11	0.9821	NA	1	10.3077	Viruses;Duplodnaviria;Heunggongvirae;Uroviricota;Caudoviricetes;;Stanwilliamsviridae
k141_198230	6765	No terminal repeats	NA	9	11	0.9821	NA	0	11.1550	Viruses;Duplodnaviria;Heunggongvirae;Uroviricota;Caudoviricetes;;
k141_989657	4438	No terminal repeats	NA	8	11	0.9821	NA	2	13.5666	Viruses;Duplodnaviria;Heunggongvirae;Uroviricota;Caudoviricetes;;
k141_997312	9735	No terminal repeats	NA	12	11	0.9821	NA	5	17.8082	Viruses;Duplodnaviria;Heunggongvirae;Uroviricota;Caudoviricetes;;
k141_1362921	4881	No terminal repeats	NA	11	11	0.9821	NA	2	11.6054	Viruses;Duplodnaviria;Heunggongvirae;Uroviricota;Caudoviricetes;;
k141_1540468	5548	No terminal repeats	NA	13	11	0.9821	NA	0	15.7100	Viruses;Duplodnaviria;Heunggongvirae;Uroviricota;Caudoviricetes;;
k141_1557854	7110	No terminal repeats	NA	11	11	0.9821	NA	1	12.9240	Viruses;Duplodnaviria;Heunggongvirae;Uroviricota;Caudoviricetes;;
k141_2196663	3970	No terminal repeats	NA	5	11	0.9821	NA	1	5.1548	Viruses;Varidnaviria;Bamfordvirae;Nucleocytoviricota;Megaviricetes;;
k141_1751947	5709	No terminal repeats	NA	8	11	0.9821	NA	3	11.9430	Viruses;Duplodnaviria;Heunggongvirae;Uroviricota;Caudoviricetes;;
k141_2297560	3707	No terminal repeats	NA	6	11	0.9821	NA	2	10.1300	Viruses;Duplodnaviria;Heunggongvirae;Uroviricota;Caudoviricetes;;
k141_1436200	4852	No terminal repeats	NA	5	11	0.9821	NA	0	8.5733	Viruses;Duplodnaviria;Heunggongvirae;Uroviricota;Caudoviricetes;;
k141_2367257	9757	No terminal repeats	NA	15	11	0.9821	NA	3	16.5269	Viruses;Duplodnaviria;Heunggongvirae;Uroviricota;Caudoviricetes;;
k141_2241018	5147	No terminal repeats	NA	7	11	0.9821	NA	1	11.5281	Viruses;Duplodnaviria;Heunggongvirae;Uroviricota;Caudoviricetes;;
k141_324832	7481	No terminal repeats	NA	10	11	0.9820	NA	0	13.3642	Viruses;Varidnaviria;Bamfordvirae;Nucleocytoviricota;Megaviricetes;Imitervirales;
k141_1677	5948	No terminal repeats	NA	5	11	0.9820	NA	3	6.8731	Viruses;Duplodnaviria;Heunggongvirae;Uroviricota;Caudoviricetes;;
k141_1735035	3845	No terminal repeats	NA	9	11	0.9820	NA	1	11.6400	Viruses;Duplodnaviria;Heunggongvirae;Uroviricota;Caudoviricetes;;
k141_1874872	3501	No terminal repeats	NA	6	11	0.9820	NA	0	6.8731	Viruses;Varidnaviria;Bamfordvirae;Nucleocytoviricota;Megaviricetes;;
k141_2333314	5078	No terminal repeats	NA	7	11	0.9820	NA	1	11.9689	Viruses;Duplodnaviria;Heunggongvirae;Uroviricota;Caudoviricetes;;Kyanoviridae
k141_1187232	4728	No terminal repeats	NA	9	11	0.9820	NA	2	8.5189	Viruses;Duplodnaviria;Heunggongvirae;Uroviricota;Caudoviricetes;;
k141_2220189	9270	No terminal repeats	NA	15	11	0.9820	NA	1	23.6908	Viruses;Duplodnaviria;Heunggongvirae;Uroviricota;Caudoviricetes;;
k141_969401	4744	No terminal repeats	NA	7	11	0.9820	NA	1	8.3816	Viruses;Duplodnaviria;Heunggongvirae;Uroviricota;Caudoviricetes;;
k141_1872976	3688	No terminal repeats	NA	6	11	0.9820	NA	2	8.5914	Viruses;Duplodnaviria;Heunggongvirae;Uroviricota;Caudoviricetes;;
k141_1391610	5042	No terminal repeats	NA	10	11	0.9820	NA	1	13.4473	Viruses;Duplodnaviria;Heunggongvirae;Uroviricota;Caudoviricetes;;
k141_1352264	7262	No terminal repeats	NA	18	11	0.9820	NA	1	21.2788	Viruses;Duplodnaviria;Heunggongvirae;Uroviricota;Caudoviricetes;;
k141_1588636	6436	No terminal repeats	NA	10	11	0.9820	NA	0	8.3515	Viruses;Varidnaviria;Bamfordvirae;Nucleocytoviricota;Megaviricetes;Algavirales;Phycodnaviridae
k141_2002067	4397	No terminal repeats	NA	8	11	0.9820	NA	0	12.7685	Viruses;Duplodnaviria;Heunggongvirae;Uroviricota;Caudoviricetes;;
k141_420507	4876	No terminal repeats	NA	7	11	0.9820	NA	1	6.8666	Viruses;Duplodnaviria;Heunggongvirae;Uroviricota;Caudoviricetes;;
k141_36119	8742	No terminal repeats	NA	12	11	0.9820	NA	0	13.2795	Viruses;Duplodnaviria;Heunggongvirae;Uroviricota;Caudoviricetes;;
k141_1848851	8545	No terminal repeats	NA	17	11	0.9820	NA	0	24.9954	Viruses;Duplodnaviria;Heunggongvirae;Uroviricota;Caudoviricetes;;
k141_1547253	5601	No terminal repeats	NA	7	11	0.9820	NA	1	11.3390	Viruses;Duplodnaviria;Heunggongvirae;Uroviricota;Caudoviricetes;;
k141_2351410	5029	No terminal repeats	NA	7	11	0.9820	NA	1	11.5242	Viruses;Duplodnaviria;Heunggongvirae;Uroviricota;Caudoviricetes;;
k141_1017156	8008	No terminal repeats	NA	12	11	0.9820	NA	0	17.0355	Viruses;Duplodnaviria;Heunggongvirae;Uroviricota;Caudoviricetes;;Stanwilliamsviridae
k141_293052	6047	No terminal repeats	NA	6	11	0.9820	NA	1	10.2934	Viruses;Duplodnaviria;Heunggongvirae;Uroviricota;Caudoviricetes;;
k141_498015	43289	No terminal repeats	NA	61	11	0.9820	NA	4	63.3727	Viruses;Duplodnaviria;Heunggongvirae;Uroviricota;Caudoviricetes;;
k141_2123433	7277	No terminal repeats	NA	19	11	0.9820	NA	2	21.3158	Viruses;Duplodnaviria;Heunggongvirae;Uroviricota;Caudoviricetes;;
k141_798452	7604	No terminal repeats	NA	5	11	0.9820	NA	0	8.0848	Viruses;Duplodnaviria;Heunggongvirae;Uroviricota;Caudoviricetes;;
k141_992771	4520	No terminal repeats	NA	5	11	0.9820	NA	1	8.2642	Viruses;Duplodnaviria;Heunggongvirae;Uroviricota;Caudoviricetes;;
k141_1105441	5625	No terminal repeats	NA	8	11	0.9820	NA	3	13.0859	Viruses;Duplodnaviria;Heunggongvirae;Uroviricota;Caudoviricetes;;
k141_148391	6425	No terminal repeats	NA	15	11	0.9820	NA	1	12.5916	Viruses;Duplodnaviria;Heunggongvirae;Uroviricota;Caudoviricetes;;
k141_674489	3924	No terminal repeats	NA	7	11	0.9820	NA	0	8.5753	Viruses;Duplodnaviria;Heunggongvirae;Uroviricota;Caudoviricetes;;
k141_1265736	9779	No terminal repeats	NA	12	11	0.9820	NA	8	19.0595	Viruses;Duplodnaviria;Heunggongvirae;Uroviricota;Caudoviricetes;;
k141_2265487	4475	No terminal repeats	NA	7	11	0.9820	NA	0	9.0747	Viruses;Duplodnaviria;Heunggongvirae;Uroviricota;Caudoviricetes;;
k141_310433	9422	No terminal repeats	NA	11	11	0.9820	NA	0	15.2685	Viruses;Duplodnaviria;Heunggongvirae;Uroviricota;Caudoviricetes;;
k141_2151198	3624	No terminal repeats	NA	8	11	0.9820	NA	0	11.7862	Viruses;Duplodnaviria;Heunggongvirae;Uroviricota;Caudoviricetes;;
k141_2407415	3590	No terminal repeats	NA	8	11	0.9820	NA	1	13.2296	Viruses;Duplodnaviria;Heunggongvirae;Uroviricota;Caudoviricetes;;
k141_26908	5011	No terminal repeats	NA	8	11	0.9819	NA	2	11.9114	Viruses;Duplodnaviria;Heunggongvirae;Uroviricota;Caudoviricetes;;
k141_1113980	5540	No terminal repeats	NA	6	11	0.9819	NA	4	8.2413	Viruses;Duplodnaviria;Heunggongvirae;Uroviricota;Caudoviricetes;;
k141_1105876	4180	No terminal repeats	NA	10	11	0.9819	NA	8	10.8445	Viruses;Duplodnaviria;Heunggongvirae;Uroviricota;Caudoviricetes;;
k141_2048744	7736	No terminal repeats	NA	13	11	0.9819	NA	1	14.2825	Viruses;Duplodnaviria;Heunggongvirae;Uroviricota;Caudoviricetes;;
k141_1021518	5548	No terminal repeats	NA	12	11	0.9819	NA	3	14.9380	Viruses;Duplodnaviria;Heunggongvirae;Uroviricota;Caudoviricetes;;
k141_2139709	3557	No terminal repeats	NA	7	11	0.9819	NA	1	8.5914	Viruses;Duplodnaviria;Heunggongvirae;Uroviricota;Caudoviricetes;;Stanwilliamsviridae
k141_1961405	8150	No terminal repeats	NA	22	11	0.9819	NA	0	14.4875	Viruses;Duplodnaviria;Heunggongvirae;Uroviricota;Caudoviricetes;;
k141_112356	3787	No terminal repeats	NA	8	11	0.9819	NA	1	13.7400	Viruses;Duplodnaviria;Heunggongvirae;Uroviricota;Caudoviricetes;;
k141_1977438	4531	No terminal repeats	NA	9	11	0.9819	NA	1	15.4529	Viruses;Duplodnaviria;Heunggongvirae;Uroviricota;Caudoviricetes;;
k141_975421	7107	No terminal repeats	NA	13	11	0.9819	NA	1	16.7246	Viruses;Duplodnaviria;Heunggongvirae;Uroviricota;Caudoviricetes;;
k141_936767	3593	No terminal repeats	NA	8	11	0.9819	NA	1	11.0132	Viruses;Duplodnaviria;Heunggongvirae;Uroviricota;Caudoviricetes;;
k141_1009456	5187	No terminal repeats	NA	5	11	0.9819	NA	0	5.1548	Viruses;;;;;;
k141_584672	6765	No terminal repeats	NA	20	11	0.9819	NA	0	26.6947	Viruses;Duplodnaviria;Heunggongvirae;Uroviricota;Caudoviricetes;;
k141_1079580	46851	No terminal repeats	NA	60	11	0.9819	NA	4	76.0393	Viruses;Duplodnaviria;Heunggongvirae;Uroviricota;Caudoviricetes;;
k141_1940326	4593	No terminal repeats	NA	5	11	0.9819	NA	2	6.8731	Viruses;Duplodnaviria;Heunggongvirae;Uroviricota;Caudoviricetes;;
k141_2095396	5122	No terminal repeats	NA	6	11	0.9819	NA	0	6.5337	Viruses;Varidnaviria;Bamfordvirae;Nucleocytoviricota;Megaviricetes;Algavirales;Phycodnaviridae
k141_2226313	7186	No terminal repeats	NA	8	11	0.9819	NA	0	13.2723	Viruses;Duplodnaviria;Heunggongvirae;Uroviricota;Caudoviricetes;;
k141_1751440	3772	No terminal repeats	NA	12	11	0.9819	NA	0	14.9165	Viruses;Duplodnaviria;Heunggongvirae;Uroviricota;Caudoviricetes;;
k141_1724299	7576	No terminal repeats	NA	9	11	0.9819	NA	0	8.5475	Viruses;Varidnaviria;Bamfordvirae;Nucleocytoviricota;Megaviricetes;Imitervirales;Mimiviridae
k141_2279078	9606	No terminal repeats	NA	6	11	0.9819	NA	0	6.8731	Viruses;Duplodnaviria;Heunggongvirae;Uroviricota;Caudoviricetes;;
k141_1016449	9203	No terminal repeats	NA	9	11	0.9819	NA	1	13.2625	Viruses;Duplodnaviria;Heunggongvirae;Uroviricota;Caudoviricetes;;
k141_1915733	5402	No terminal repeats	NA	9	11	0.9819	NA	1	8.5835	Viruses;Duplodnaviria;Heunggongvirae;Uroviricota;Caudoviricetes;;
k141_1078774	4198	No terminal repeats	NA	11	11	0.9819	NA	5	17.1828	Viruses;Duplodnaviria;Heunggongvirae;Uroviricota;Caudoviricetes;;
k141_1185950	4346	No terminal repeats	NA	6	11	0.9819	NA	1	8.0409	Viruses;Duplodnaviria;Heunggongvirae;Uroviricota;Caudoviricetes;;
k141_710708	5348	No terminal repeats	NA	5	11	0.9819	NA	0	7.7632	Viruses;Duplodnaviria;Heunggongvirae;Uroviricota;Caudoviricetes;;
k141_1933462	4231	No terminal repeats	NA	7	11	0.9819	NA	2	8.5726	Viruses;Duplodnaviria;Heunggongvirae;Uroviricota;Caudoviricetes;;
k141_1719955	5496	No terminal repeats	NA	7	11	0.9819	NA	0	9.7550	Viruses;Duplodnaviria;Heunggongvirae;Uroviricota;Caudoviricetes;;
k141_238799	58217	No terminal repeats	NA	78	11	0.9819	NA	7	80.7805	Viruses;Duplodnaviria;Heunggongvirae;Uroviricota;Caudoviricetes;;
k141_228914	4503	No terminal repeats	NA	10	11	0.9819	NA	1	11.3399	Viruses;Duplodnaviria;Heunggongvirae;Uroviricota;Caudoviricetes;;
k141_1103709	3712	No terminal repeats	NA	7	11	0.9819	NA	0	6.8707	Viruses;Varidnaviria;Bamfordvirae;Nucleocytoviricota;Megaviricetes;;
k141_597423	7369	No terminal repeats	NA	7	11	0.9819	NA	1	6.8709	Viruses;Duplodnaviria;Heunggongvirae;Uroviricota;Caudoviricetes;;
k141_232793	5170	No terminal repeats	NA	7	11	0.9819	NA	1	9.2279	Viruses;Duplodnaviria;Heunggongvirae;Uroviricota;Caudoviricetes;;
k141_2325666	43798	No terminal repeats	NA	59	11	0.9819	NA	3	71.0141	Viruses;Duplodnaviria;Heunggongvirae;Uroviricota;Caudoviricetes;;
k141_2079387	4168	No terminal repeats	NA	5	11	0.9819	NA	0	4.7953	Viruses;Varidnaviria;Bamfordvirae;Nucleocytoviricota;Megaviricetes;Algavirales;Phycodnaviridae
k141_1821307	9754	No terminal repeats	NA	19	11	0.9819	NA	1	14.7260	Viruses;Duplodnaviria;Heunggongvirae;Uroviricota;Caudoviricetes;;
k141_1840313	6211	No terminal repeats	NA	6	11	0.9819	NA	1	8.3082	Viruses;Duplodnaviria;Heunggongvirae;Uroviricota;Caudoviricetes;;
k141_832755	3551	No terminal repeats	NA	6	11	0.9819	NA	0	8.1881	Viruses;Duplodnaviria;Heunggongvirae;Uroviricota;Caudoviricetes;;
k141_2296929	3506	No terminal repeats	NA	5	11	0.9819	NA	1	6.8731	Viruses;Varidnaviria;Bamfordvirae;Nucleocytoviricota;Megaviricetes;;
k141_2337287	6815	No terminal repeats	NA	10	11	0.9819	NA	2	10.3097	Viruses;Varidnaviria;Bamfordvirae;Nucleocytoviricota;Megaviricetes;Algavirales;Phycodnaviridae
k141_492234	4952	No terminal repeats	NA	9	11	0.9819	NA	0	13.9267	Viruses;Duplodnaviria;Heunggongvirae;Uroviricota;Caudoviricetes;;
k141_240711	3914	No terminal repeats	NA	6	11	0.9818	NA	0	6.8731	Viruses;Varidnaviria;Bamfordvirae;Nucleocytoviricota;Megaviricetes;Algavirales;Phycodnaviridae
k141_1609235	4305	No terminal repeats	NA	6	11	0.9818	NA	1	8.4312	Viruses;Duplodnaviria;Heunggongvirae;Uroviricota;Caudoviricetes;;
k141_1672972	6347	No terminal repeats	NA	8	11	0.9818	NA	1	6.6717	Viruses;Varidnaviria;Bamfordvirae;Nucleocytoviricota;Megaviricetes;Imitervirales;Mimiviridae
k141_562894	3503	No terminal repeats	NA	6	11	0.9818	NA	0	10.3097	Viruses;Duplodnaviria;Heunggongvirae;Uroviricota;Caudoviricetes;;
k141_1288755	4896	No terminal repeats	NA	5	11	0.9818	NA	1	8.5914	Viruses;Duplodnaviria;Heunggongvirae;Uroviricota;Caudoviricetes;;Demerecviridae
k141_1407267	3899	No terminal repeats	NA	6	11	0.9818	NA	0	8.1779	Viruses;Varidnaviria;Bamfordvirae;Nucleocytoviricota;Megaviricetes;Algavirales;Phycodnaviridae
k141_904716	7677	No terminal repeats	NA	11	11	0.9818	NA	0	9.9904	Viruses;Duplodnaviria;Heunggongvirae;Uroviricota;Caudoviricetes;;
k141_300212	6619	No terminal repeats	NA	9	11	0.9818	NA	1	13.1155	Viruses;Duplodnaviria;Heunggongvirae;Uroviricota;Caudoviricetes;;
k141_543264	5881	No terminal repeats	NA	8	11	0.9818	NA	3	9.5656	Viruses;Duplodnaviria;Heunggongvirae;Uroviricota;Caudoviricetes;;
k141_1368952	6728	No terminal repeats	NA	7	11	0.9818	NA	1	9.8849	Viruses;Duplodnaviria;Heunggongvirae;Uroviricota;Caudoviricetes;;
k141_624547	5457	No terminal repeats	NA	9	11	0.9818	NA	1	15.2109	Viruses;Duplodnaviria;Heunggongvirae;Uroviricota;Caudoviricetes;;Stanwilliamsviridae
k141_1627798	3971	No terminal repeats	NA	14	11	0.9818	NA	0	17.2426	Viruses;Duplodnaviria;Heunggongvirae;Uroviricota;Caudoviricetes;;
k141_327779	8979	No terminal repeats	NA	12	11	0.9818	NA	1	12.0269	Viruses;Duplodnaviria;Heunggongvirae;Uroviricota;Caudoviricetes;;
k141_711960	9383	No terminal repeats	NA	10	11	0.9818	NA	0	11.0686	Viruses;Duplodnaviria;Heunggongvirae;Uroviricota;Caudoviricetes;;
k141_2252811	5434	No terminal repeats	NA	5	11	0.9818	NA	1	5.9387	Viruses;Duplodnaviria;Heunggongvirae;Uroviricota;Caudoviricetes;;
k141_932301	4000	No terminal repeats	NA	5	11	0.9818	NA	1	5.8307	Viruses;Duplodnaviria;Heunggongvirae;Uroviricota;Caudoviricetes;;Autographiviridae
k141_1837161	8390	No terminal repeats	NA	12	11	0.9818	NA	5	18.3854	Viruses;Duplodnaviria;Heunggongvirae;Uroviricota;Caudoviricetes;;
k141_1949575	4220	No terminal repeats	NA	5	11	0.9818	NA	1	8.1919	Viruses;Duplodnaviria;Heunggongvirae;Uroviricota;Caudoviricetes;;
k141_1750461	7202	No terminal repeats	NA	11	11	0.9818	NA	0	13.7263	Viruses;Duplodnaviria;Heunggongvirae;Uroviricota;Caudoviricetes;;
k141_2408476	60154	DTR	NA	75	11	0.9818	NA	8	49.8619	Viruses;Duplodnaviria;Heunggongvirae;Uroviricota;Caudoviricetes;;
k141_10873	7741	No terminal repeats	NA	14	11	0.9818	NA	1	19.6065	Viruses;Duplodnaviria;Heunggongvirae;Uroviricota;Caudoviricetes;;
k141_1158439	4784	No terminal repeats	NA	5	11	0.9818	NA	0	6.6664	Viruses;Varidnaviria;Bamfordvirae;Nucleocytoviricota;Megaviricetes;Algavirales;Phycodnaviridae
k141_507441	9295	No terminal repeats	NA	7	11	0.9818	NA	1	6.8731	Viruses;Duplodnaviria;Heunggongvirae;Uroviricota;Caudoviricetes;;
k141_266634	6931	No terminal repeats	NA	10	11	0.9818	NA	1	16.2649	Viruses;Duplodnaviria;Heunggongvirae;Uroviricota;Caudoviricetes;;
k141_2244547	4062	No terminal repeats	NA	5	11	0.9818	NA	1	8.5914	Viruses;Duplodnaviria;Heunggongvirae;Uroviricota;Caudoviricetes;;
k141_97075	9494	No terminal repeats	NA	9	11	0.9818	NA	0	8.5965	Viruses;Duplodnaviria;Heunggongvirae;Uroviricota;Caudoviricetes;;
k141_391331	6246	No terminal repeats	NA	19	11	0.9818	NA	0	20.6194	Viruses;Duplodnaviria;Heunggongvirae;Uroviricota;Caudoviricetes;;Kyanoviridae
k141_1358398	7129	No terminal repeats	NA	15	11	0.9818	NA	0	17.3920	Viruses;Duplodnaviria;Heunggongvirae;Uroviricota;Caudoviricetes;;
k141_2275179	6067	No terminal repeats	NA	10	11	0.9817	NA	0	10.3149	Viruses;Duplodnaviria;Heunggongvirae;Uroviricota;Caudoviricetes;;
k141_2222425	6378	No terminal repeats	NA	10	11	0.9817	NA	0	13.4173	Viruses;Duplodnaviria;Heunggongvirae;Uroviricota;Caudoviricetes;;
k141_538980	4670	No terminal repeats	NA	6	11	0.9817	NA	0	8.0889	Viruses;Duplodnaviria;Heunggongvirae;Uroviricota;Caudoviricetes;;
k141_1185962	5081	No terminal repeats	NA	8	11	0.9817	NA	0	12.0280	Viruses;Duplodnaviria;Heunggongvirae;Uroviricota;Caudoviricetes;;
k141_749358	5803	No terminal repeats	NA	7	11	0.9817	NA	1	11.2190	Viruses;Duplodnaviria;Heunggongvirae;Uroviricota;Caudoviricetes;;
k141_1962898	4733	No terminal repeats	NA	7	11	0.9817	NA	3	9.6776	Viruses;Duplodnaviria;Heunggongvirae;Uroviricota;Caudoviricetes;;
k141_1444807	8412	No terminal repeats	NA	15	11	0.9817	NA	5	18.5784	Viruses;Duplodnaviria;Heunggongvirae;Uroviricota;Caudoviricetes;;
k141_1750182	6339	No terminal repeats	NA	7	11	0.9817	NA	2	9.9252	Viruses;Duplodnaviria;Heunggongvirae;Uroviricota;Caudoviricetes;;
k141_771160	3760	No terminal repeats	NA	6	11	0.9817	NA	3	8.5914	Viruses;Duplodnaviria;Heunggongvirae;Uroviricota;Caudoviricetes;;
k141_2260482	4924	No terminal repeats	NA	7	11	0.9817	NA	0	10.1822	Viruses;Duplodnaviria;Heunggongvirae;Uroviricota;Caudoviricetes;;
k141_820688	44468	No terminal repeats	NA	64	11	0.9817	NA	12	74.3605	Viruses;Duplodnaviria;Heunggongvirae;Uroviricota;Caudoviricetes;;
k141_1497963	3609	No terminal repeats	NA	5	11	0.9817	NA	0	5.1548	Viruses;Varidnaviria;Bamfordvirae;Nucleocytoviricota;Megaviricetes;Imitervirales;
k141_623599	5254	No terminal repeats	NA	8	11	0.9817	NA	0	6.7823	Viruses;Varidnaviria;Bamfordvirae;Nucleocytoviricota;Megaviricetes;;
k141_1107272	6030	No terminal repeats	NA	9	11	0.9817	NA	0	12.8763	Viruses;Duplodnaviria;Heunggongvirae;Uroviricota;Caudoviricetes;;
k141_1299503	7211	No terminal repeats	NA	10	11	0.9817	NA	3	13.2227	Viruses;Duplodnaviria;Heunggongvirae;Uroviricota;Caudoviricetes;;
k141_2081908	5537	No terminal repeats	NA	15	11	0.9817	NA	0	13.5131	Viruses;Duplodnaviria;Heunggongvirae;Uroviricota;Caudoviricetes;;
k141_723145	5209	No terminal repeats	NA	8	11	0.9817	NA	2	12.0280	Viruses;Duplodnaviria;Heunggongvirae;Uroviricota;Caudoviricetes;;Zobellviridae
k141_1262331	7048	No terminal repeats	NA	10	11	0.9817	NA	1	7.6212	Viruses;Varidnaviria;Bamfordvirae;Nucleocytoviricota;Megaviricetes;Algavirales;Phycodnaviridae
k141_1592349	8938	No terminal repeats	NA	11	11	0.9817	NA	1	10.0769	Viruses;Varidnaviria;Bamfordvirae;Nucleocytoviricota;Megaviricetes;Algavirales;Phycodnaviridae
k141_1069277	36125	No terminal repeats	NA	58	11	0.9817	NA	9	74.9085	Viruses;Duplodnaviria;Heunggongvirae;Uroviricota;Caudoviricetes;;
k141_557216	5601	No terminal repeats	NA	8	11	0.9817	NA	1	10.3532	Viruses;Duplodnaviria;Heunggongvirae;Uroviricota;Caudoviricetes;;
k141_1517875	8654	No terminal repeats	NA	11	11	0.9817	NA	1	17.0441	Viruses;Duplodnaviria;Heunggongvirae;Uroviricota;Caudoviricetes;;
k141_2138098	3771	No terminal repeats	NA	6	11	0.9817	NA	1	6.5272	Viruses;Duplodnaviria;Heunggongvirae;Uroviricota;Caudoviricetes;;Straboviridae
k141_477312	4067	No terminal repeats	NA	8	11	0.9817	NA	1	9.2990	Viruses;Duplodnaviria;Heunggongvirae;Uroviricota;Caudoviricetes;;
k141_1766917	5725	No terminal repeats	NA	12	11	0.9817	NA	1	12.5662	Viruses;Duplodnaviria;Heunggongvirae;Uroviricota;Caudoviricetes;;
k141_589863	3620	No terminal repeats	NA	11	11	0.9817	NA	0	12.5561	Viruses;Duplodnaviria;Heunggongvirae;Uroviricota;Caudoviricetes;;
k141_1380732	4086	No terminal repeats	NA	8	11	0.9817	NA	0	10.0154	Viruses;Duplodnaviria;Heunggongvirae;Uroviricota;Caudoviricetes;;
k141_1879520	3963	No terminal repeats	NA	11	11	0.9817	NA	0	13.1620	Viruses;Duplodnaviria;Heunggongvirae;Uroviricota;Caudoviricetes;;
k141_738802	5441	No terminal repeats	NA	6	11	0.9817	NA	1	6.8731	Viruses;Duplodnaviria;Heunggongvirae;Uroviricota;Caudoviricetes;;
k141_603931	8872	No terminal repeats	NA	7	11	0.9817	NA	2	9.6693	Viruses;Varidnaviria;Bamfordvirae;Nucleocytoviricota;Megaviricetes;;
k141_194750	4293	No terminal repeats	NA	5	11	0.9817	NA	0	7.8027	Viruses;Varidnaviria;Bamfordvirae;Nucleocytoviricota;Megaviricetes;Imitervirales;Mimiviridae
k141_448705	5319	No terminal repeats	NA	5	11	0.9817	NA	1	8.2646	Viruses;Duplodnaviria;Heunggongvirae;Uroviricota;Caudoviricetes;;
k141_876794	60006	No terminal repeats	NA	75	11	0.9817	NA	8	74.6116	Viruses;Duplodnaviria;Heunggongvirae;Uroviricota;Caudoviricetes;;
k141_678928	5154	No terminal repeats	NA	14	11	0.9817	NA	0	13.2495	Viruses;Duplodnaviria;Heunggongvirae;Uroviricota;Caudoviricetes;;
k141_1160404	3634	No terminal repeats	NA	8	11	0.9817	NA	5	13.3157	Viruses;Duplodnaviria;Heunggongvirae;Uroviricota;Caudoviricetes;;
k141_497688	5877	No terminal repeats	NA	12	11	0.9816	NA	1	10.9593	Viruses;Duplodnaviria;Heunggongvirae;Uroviricota;Caudoviricetes;;
k141_276611	9400	No terminal repeats	NA	5	11	0.9816	NA	0	8.3541	Viruses;Duplodnaviria;Heunggongvirae;Uroviricota;Caudoviricetes;;
k141_590203	3721	No terminal repeats	NA	8	11	0.9816	NA	0	9.9087	Viruses;Varidnaviria;Bamfordvirae;Nucleocytoviricota;Megaviricetes;;
k141_1285438	4248	No terminal repeats	NA	8	11	0.9816	NA	1	10.3071	Viruses;Duplodnaviria;Heunggongvirae;Uroviricota;Caudoviricetes;;
k141_199431	7507	No terminal repeats	NA	9	11	0.9816	NA	0	6.6740	Viruses;Varidnaviria;Bamfordvirae;Nucleocytoviricota;Megaviricetes;;
k141_2359149	6627	No terminal repeats	NA	13	11	0.9816	NA	1	11.5347	Viruses;Duplodnaviria;Heunggongvirae;Uroviricota;Caudoviricetes;;
k141_1549306	6137	No terminal repeats	NA	7	11	0.9816	NA	0	10.0660	Viruses;Duplodnaviria;Heunggongvirae;Uroviricota;Caudoviricetes;;Stanwilliamsviridae
k141_1649011	4258	No terminal repeats	NA	10	11	0.9816	NA	1	15.4592	Viruses;Duplodnaviria;Heunggongvirae;Uroviricota;Caudoviricetes;;
k141_2104473	4330	No terminal repeats	NA	6	11	0.9816	NA	1	7.0492	Viruses;Duplodnaviria;Heunggongvirae;Uroviricota;Caudoviricetes;;
k141_2082089	3558	No terminal repeats	NA	7	11	0.9816	NA	0	8.0215	Viruses;Duplodnaviria;Heunggongvirae;Uroviricota;Caudoviricetes;;
k141_331973	3516	No terminal repeats	NA	7	11	0.9816	NA	1	8.3035	Viruses;Duplodnaviria;Heunggongvirae;Uroviricota;Caudoviricetes;;Stanwilliamsviridae
k141_1576798	23012	No terminal repeats	NA	32	15	0.9816	NA	3	24.6550	Viruses;Duplodnaviria;Heunggongvirae;Uroviricota;Caudoviricetes;;
k141_852666	4093	No terminal repeats	NA	8	11	0.9816	NA	0	9.0761	Viruses;Duplodnaviria;Heunggongvirae;Uroviricota;Caudoviricetes;;
k141_466265	5153	No terminal repeats	NA	7	11	0.9816	NA	1	9.8542	Viruses;Duplodnaviria;Heunggongvirae;Uroviricota;Caudoviricetes;;
k141_676722	7281	No terminal repeats	NA	13	11	0.9816	NA	3	13.3904	Viruses;Duplodnaviria;Heunggongvirae;Uroviricota;Caudoviricetes;;
k141_1163520	5787	No terminal repeats	NA	5	11	0.9816	NA	1	6.6394	Viruses;Duplodnaviria;Heunggongvirae;Uroviricota;Caudoviricetes;;Stanwilliamsviridae
k141_446609	7209	No terminal repeats	NA	4	11	0.9816	NA	0	5.1486	Viruses;;;;;;
k141_2275236	6179	No terminal repeats	NA	10	11	0.9816	NA	1	13.3558	Viruses;Duplodnaviria;Heunggongvirae;Uroviricota;Caudoviricetes;;
k141_634526	4217	No terminal repeats	NA	12	11	0.9816	NA	0	15.6690	Viruses;Duplodnaviria;Heunggongvirae;Uroviricota;Caudoviricetes;;
k141_701651	4411	No terminal repeats	NA	15	15	0.9816	NA	0	20.5680	Viruses;Duplodnaviria;Heunggongvirae;Uroviricota;Caudoviricetes;;
k141_1948585	8149	No terminal repeats	NA	7	11	0.9816	NA	1	8.3692	Viruses;Duplodnaviria;Heunggongvirae;Uroviricota;Caudoviricetes;;
k141_747998	3761	No terminal repeats	NA	5	11	0.9816	NA	3	6.7684	Viruses;Duplodnaviria;Heunggongvirae;Uroviricota;Caudoviricetes;;
k141_1534552	4137	No terminal repeats	NA	8	11	0.9816	NA	1	8.5914	Viruses;Duplodnaviria;Heunggongvirae;Uroviricota;Caudoviricetes;;
k141_314286	9810	No terminal repeats	NA	14	11	0.9816	NA	2	22.8658	Viruses;Duplodnaviria;Heunggongvirae;Uroviricota;Caudoviricetes;;
k141_785769	4363	No terminal repeats	NA	6	11	0.9816	NA	1	8.5260	Viruses;Duplodnaviria;Heunggongvirae;Uroviricota;Caudoviricetes;;
k141_779813	6402	No terminal repeats	NA	6	11	0.9816	NA	1	10.1717	Viruses;Duplodnaviria;Heunggongvirae;Uroviricota;Caudoviricetes;;
k141_1146798	4479	No terminal repeats	NA	12	11	0.9815	NA	1	13.0804	Viruses;Duplodnaviria;Heunggongvirae;Uroviricota;Caudoviricetes;;
k141_2014783	5373	No terminal repeats	NA	11	11	0.9815	NA	1	10.0621	Viruses;Duplodnaviria;Heunggongvirae;Uroviricota;Caudoviricetes;;
k141_1868994	4301	No terminal repeats	NA	9	11	0.9815	NA	2	15.2700	Viruses;Duplodnaviria;Heunggongvirae;Uroviricota;Caudoviricetes;;
k141_871987	6382	No terminal repeats	NA	7	11	0.9815	NA	0	11.6256	Viruses;Duplodnaviria;Heunggongvirae;Uroviricota;Caudoviricetes;;
k141_1779501	3610	No terminal repeats	NA	5	11	0.9815	NA	0	5.1548	Viruses;Varidnaviria;Bamfordvirae;Nucleocytoviricota;Megaviricetes;Algavirales;Phycodnaviridae
k141_722615	5608	No terminal repeats	NA	8	11	0.9815	NA	1	11.8054	Viruses;Duplodnaviria;Heunggongvirae;Uroviricota;Caudoviricetes;;
k141_1658656	4000	No terminal repeats	NA	6	11	0.9815	NA	2	9.9880	Viruses;Duplodnaviria;Heunggongvirae;Uroviricota;Caudoviricetes;;
k141_33991	8024	No terminal repeats	NA	9	11	0.9815	NA	0	7.8994	Viruses;Duplodnaviria;Heunggongvirae;Uroviricota;Caudoviricetes;;
k141_2278305	4840	No terminal repeats	NA	5	11	0.9815	NA	2	4.9170	Viruses;Duplodnaviria;Heunggongvirae;Uroviricota;Caudoviricetes;;
k141_2083581	6415	No terminal repeats	NA	6	11	0.9815	NA	2	10.2788	Viruses;Duplodnaviria;Heunggongvirae;Uroviricota;Caudoviricetes;;
k141_2341534	5610	No terminal repeats	NA	7	11	0.9815	NA	4	10.1207	Viruses;Duplodnaviria;Heunggongvirae;Uroviricota;Caudoviricetes;;
k141_312281	3802	No terminal repeats	NA	6	11	0.9815	NA	0	7.5717	Viruses;Duplodnaviria;Heunggongvirae;Uroviricota;Caudoviricetes;;
k141_130273	5515	No terminal repeats	NA	14	11	0.9815	NA	1	10.8768	Viruses;Duplodnaviria;Heunggongvirae;Uroviricota;Caudoviricetes;;
k141_173543	5516	No terminal repeats	NA	7	11	0.9815	NA	1	8.4822	Viruses;Duplodnaviria;Heunggongvirae;Uroviricota;Caudoviricetes;;
k141_2264345	4013	No terminal repeats	NA	7	11	0.9815	NA	1	10.1236	Viruses;Duplodnaviria;Heunggongvirae;Uroviricota;Caudoviricetes;;
k141_1355980	5959	No terminal repeats	NA	7	11	0.9815	NA	1	9.0946	Viruses;Duplodnaviria;Heunggongvirae;Uroviricota;Caudoviricetes;;
k141_492935	7098	No terminal repeats	NA	7	11	0.9815	NA	2	11.6999	Viruses;Duplodnaviria;Heunggongvirae;Uroviricota;Caudoviricetes;;
k141_1539879	9518	No terminal repeats	NA	12	11	0.9815	NA	0	8.4303	Viruses;Varidnaviria;Bamfordvirae;Nucleocytoviricota;Megaviricetes;Algavirales;Phycodnaviridae
k141_1365433	6635	No terminal repeats	NA	9	11	0.9815	NA	2	14.2563	Viruses;Duplodnaviria;Heunggongvirae;Uroviricota;Caudoviricetes;;
k141_1114605	8000	No terminal repeats	NA	13	11	0.9815	NA	4	19.9816	Viruses;Duplodnaviria;Heunggongvirae;Uroviricota;Caudoviricetes;;
k141_2390534	4177	No terminal repeats	NA	6	11	0.9815	NA	0	7.7481	Viruses;Duplodnaviria;Heunggongvirae;Uroviricota;Caudoviricetes;;
k141_1551357	3906	No terminal repeats	NA	7	11	0.9815	NA	0	9.7229	Viruses;Duplodnaviria;Heunggongvirae;Uroviricota;Caudoviricetes;;
k141_242551	7062	No terminal repeats	NA	7	11	0.9815	NA	0	6.8710	Viruses;Varidnaviria;Bamfordvirae;Nucleocytoviricota;Megaviricetes;;
k141_538293	4488	No terminal repeats	NA	7	11	0.9815	NA	0	8.3908	Viruses;Duplodnaviria;Heunggongvirae;Uroviricota;Caudoviricetes;;
k141_227101	4845	No terminal repeats	NA	5	11	0.9815	NA	0	5.1492	Viruses;Varidnaviria;Bamfordvirae;Nucleocytoviricota;Megaviricetes;Imitervirales;Mimiviridae
k141_1939122	5402	No terminal repeats	NA	9	11	0.9814	NA	0	14.6233	Viruses;Duplodnaviria;Heunggongvirae;Uroviricota;Caudoviricetes;;
k141_503808	8559	No terminal repeats	NA	6	11	0.9814	NA	3	6.8731	Viruses;Varidnaviria;Bamfordvirae;Nucleocytoviricota;Megaviricetes;Algavirales;Phycodnaviridae
k141_1347081	26938	No terminal repeats	NA	39	11	0.9814	NA	3	42.8671	Viruses;Duplodnaviria;Heunggongvirae;Uroviricota;Caudoviricetes;;
k141_1131464	4432	No terminal repeats	NA	10	11	0.9814	NA	2	12.1555	Viruses;Duplodnaviria;Heunggongvirae;Uroviricota;Caudoviricetes;;
k141_390123	3676	No terminal repeats	NA	5	11	0.9814	NA	0	4.9963	Viruses;Varidnaviria;Bamfordvirae;Nucleocytoviricota;Megaviricetes;Algavirales;Phycodnaviridae
k141_710787	5356	No terminal repeats	NA	10	11	0.9814	NA	3	14.6250	Viruses;Duplodnaviria;Heunggongvirae;Uroviricota;Caudoviricetes;;Stanwilliamsviridae
k141_836857	4880	No terminal repeats	NA	7	11	0.9814	NA	1	8.5914	Viruses;Duplodnaviria;Heunggongvirae;Uroviricota;Caudoviricetes;;
k141_1170653	4333	No terminal repeats	NA	8	11	0.9814	NA	1	9.5071	Viruses;Duplodnaviria;Heunggongvirae;Uroviricota;Caudoviricetes;;
k141_609120	4281	No terminal repeats	NA	6	11	0.9814	NA	0	6.3705	Viruses;Varidnaviria;Bamfordvirae;Nucleocytoviricota;Megaviricetes;Imitervirales;
k141_631357	4867	No terminal repeats	NA	5	11	0.9814	NA	0	5.1527	Viruses;Varidnaviria;Bamfordvirae;Nucleocytoviricota;Megaviricetes;Imitervirales;Mimiviridae
k141_2271417	4265	No terminal repeats	NA	10	11	0.9814	NA	0	9.2607	Viruses;Duplodnaviria;Heunggongvirae;Uroviricota;Caudoviricetes;;
k141_607000	8816	No terminal repeats	NA	19	11	0.9814	NA	0	10.5212	Viruses;Duplodnaviria;Heunggongvirae;Uroviricota;Caudoviricetes;;
k141_1658060	9376	No terminal repeats	NA	13	11	0.9814	NA	2	21.5169	Viruses;Duplodnaviria;Heunggongvirae;Uroviricota;Caudoviricetes;;Stanwilliamsviridae
k141_2408503	57123	DTR	NA	69	11	0.9814	NA	4	93.8124	Viruses;Duplodnaviria;Heunggongvirae;Uroviricota;Caudoviricetes;;
k141_594379	4171	No terminal repeats	NA	10	11	0.9814	NA	0	15.4645	Viruses;Duplodnaviria;Heunggongvirae;Uroviricota;Caudoviricetes;;
k141_1110168	4942	No terminal repeats	NA	6	11	0.9814	NA	2	6.5219	Viruses;Duplodnaviria;Heunggongvirae;Uroviricota;Caudoviricetes;;
k141_856968	9329	No terminal repeats	NA	8	11	0.9814	NA	4	13.6865	Viruses;Duplodnaviria;Heunggongvirae;Uroviricota;Caudoviricetes;;
k141_811901	7082	No terminal repeats	NA	12	11	0.9814	NA	2	17.0524	Viruses;Duplodnaviria;Heunggongvirae;Uroviricota;Caudoviricetes;;
k141_2231827	5194	No terminal repeats	NA	14	11	0.9814	NA	3	17.3576	Viruses;Duplodnaviria;Heunggongvirae;Uroviricota;Caudoviricetes;;
k141_1445077	4457	No terminal repeats	NA	5	11	0.9814	NA	0	6.7993	Viruses;Duplodnaviria;Heunggongvirae;Uroviricota;Caudoviricetes;;
k141_2382503	3703	No terminal repeats	NA	6	11	0.9814	NA	2	10.3097	Viruses;Duplodnaviria;Heunggongvirae;Uroviricota;Caudoviricetes;;
k141_264350	72926	No terminal repeats	NA	78	11	0.9814	NA	7	109.6441	Viruses;Duplodnaviria;Heunggongvirae;Uroviricota;Caudoviricetes;;
k141_935989	4329	No terminal repeats	NA	8	11	0.9814	NA	0	8.1904	Viruses;Varidnaviria;Bamfordvirae;Nucleocytoviricota;Megaviricetes;;
k141_1181813	5110	No terminal repeats	NA	13	11	0.9814	NA	1	14.3723	Viruses;Duplodnaviria;Heunggongvirae;Uroviricota;Caudoviricetes;;
k141_2636	4834	No terminal repeats	NA	13	11	0.9814	NA	0	6.3251	Viruses;Duplodnaviria;Heunggongvirae;Uroviricota;Caudoviricetes;;
k141_1738805	4211	No terminal repeats	NA	5	11	0.9814	NA	1	5.1384	Viruses;Duplodnaviria;Heunggongvirae;Uroviricota;Caudoviricetes;;
k141_1043240	8403	No terminal repeats	NA	13	11	0.9814	NA	0	14.9779	Viruses;Varidnaviria;Bamfordvirae;Nucleocytoviricota;Megaviricetes;Imitervirales;Mimiviridae
k141_1950728	6389	No terminal repeats	NA	9	11	0.9814	NA	3	13.7463	Viruses;Duplodnaviria;Heunggongvirae;Uroviricota;Caudoviricetes;;
k141_1749176	7021	No terminal repeats	NA	8	11	0.9814	NA	1	12.6779	Viruses;Duplodnaviria;Heunggongvirae;Uroviricota;Caudoviricetes;;Kyanoviridae
k141_1984385	3993	No terminal repeats	NA	14	11	0.9814	NA	0	18.8370	Viruses;Duplodnaviria;Heunggongvirae;Uroviricota;Caudoviricetes;;
k141_1010024	4342	No terminal repeats	NA	9	11	0.9814	NA	1	8.1565	Viruses;Duplodnaviria;Heunggongvirae;Uroviricota;Caudoviricetes;;
k141_796644	6625	No terminal repeats	NA	8	11	0.9813	NA	0	10.6633	Viruses;Duplodnaviria;Heunggongvirae;Uroviricota;Caudoviricetes;;
k141_240527	32982	DTR	NA	49	11	0.9813	NA	4	62.2631	Viruses;Duplodnaviria;Heunggongvirae;Uroviricota;Caudoviricetes;;
k141_2073921	3728	No terminal repeats	NA	8	11	0.9813	NA	0	11.6064	Viruses;Duplodnaviria;Heunggongvirae;Uroviricota;Caudoviricetes;;
k141_1966676	9011	No terminal repeats	NA	8	11	0.9813	NA	2	13.1280	Viruses;Duplodnaviria;Heunggongvirae;Uroviricota;Caudoviricetes;;
k141_51321	4863	No terminal repeats	NA	5	11	0.9813	NA	0	6.8731	Viruses;Duplodnaviria;Heunggongvirae;Uroviricota;Caudoviricetes;;
k141_2365408	6119	No terminal repeats	NA	8	11	0.9813	NA	0	11.6766	Viruses;Duplodnaviria;Heunggongvirae;Uroviricota;Caudoviricetes;;
k141_1690674	4003	No terminal repeats	NA	8	11	0.9813	NA	0	11.2559	Viruses;Duplodnaviria;Heunggongvirae;Uroviricota;Caudoviricetes;;
k141_955853	3994	No terminal repeats	NA	10	11	0.9813	NA	0	13.1666	Viruses;Duplodnaviria;Heunggongvirae;Uroviricota;Caudoviricetes;;
k141_1418226	6254	No terminal repeats	NA	10	11	0.9813	NA	2	11.5849	Viruses;Duplodnaviria;Heunggongvirae;Uroviricota;Caudoviricetes;;
k141_447791	3939	No terminal repeats	NA	12	11	0.9813	NA	2	14.7783	Viruses;Duplodnaviria;Heunggongvirae;Uroviricota;Caudoviricetes;;
k141_1868762	3954	No terminal repeats	NA	5	11	0.9813	NA	0	5.1488	Viruses;Varidnaviria;Bamfordvirae;Nucleocytoviricota;Megaviricetes;Algavirales;Phycodnaviridae
k141_617821	6537	No terminal repeats	NA	7	11	0.9813	NA	1	8.0728	Viruses;Duplodnaviria;Heunggongvirae;Uroviricota;Caudoviricetes;;
k141_2334362	3603	No terminal repeats	NA	11	11	0.9813	NA	2	11.1340	Viruses;Duplodnaviria;Heunggongvirae;Uroviricota;Caudoviricetes;;
k141_890736	3733	No terminal repeats	NA	5	11	0.9813	NA	1	6.8731	Viruses;Duplodnaviria;Heunggongvirae;Uroviricota;Caudoviricetes;;Kyanoviridae
k141_1940152	5491	No terminal repeats	NA	7	11	0.9813	NA	1	8.3363	Viruses;Duplodnaviria;Heunggongvirae;Uroviricota;Caudoviricetes;;
k141_1356865	8890	No terminal repeats	NA	18	11	0.9813	NA	0	14.3281	Viruses;Duplodnaviria;Heunggongvirae;Uroviricota;Caudoviricetes;;
k141_2336163	6276	No terminal repeats	NA	5	11	0.9813	NA	0	8.2376	Viruses;Duplodnaviria;Heunggongvirae;Uroviricota;Caudoviricetes;;
k141_1017678	2986	No terminal repeats	NA	4	11	0.9813	NA	0	6.3913	Viruses;Duplodnaviria;Heunggongvirae;Uroviricota;Caudoviricetes;;
k141_1227499	6221	No terminal repeats	NA	6	15	0.9813	NA	1	6.0420	Viruses;Duplodnaviria;Heunggongvirae;Uroviricota;Caudoviricetes;;
k141_1137029	5367	No terminal repeats	NA	8	11	0.9813	NA	3	11.9405	Viruses;Duplodnaviria;Heunggongvirae;Uroviricota;Caudoviricetes;;
k141_834382	3752	No terminal repeats	NA	6	11	0.9813	NA	0	9.8229	Viruses;Duplodnaviria;Heunggongvirae;Uroviricota;Caudoviricetes;;
k141_1239479	6574	No terminal repeats	NA	20	11	0.9813	NA	2	19.3171	Viruses;Duplodnaviria;Heunggongvirae;Uroviricota;Caudoviricetes;;
k141_689925	4251	No terminal repeats	NA	8	11	0.9813	NA	2	11.4503	Viruses;Duplodnaviria;Heunggongvirae;Uroviricota;Caudoviricetes;;
k141_1508002	4235	No terminal repeats	NA	9	11	0.9813	NA	1	11.4930	Viruses;Duplodnaviria;Heunggongvirae;Uroviricota;Caudoviricetes;;
k141_1985313	4343	No terminal repeats	NA	8	11	0.9813	NA	1	10.5884	Viruses;Duplodnaviria;Heunggongvirae;Uroviricota;Caudoviricetes;;
k141_1962407	3308	No terminal repeats	NA	6	11	0.9813	NA	0	10.2931	Viruses;Duplodnaviria;Heunggongvirae;Uroviricota;Caudoviricetes;;
k141_1677948	4618	No terminal repeats	NA	5	11	0.9813	NA	0	6.4294	Viruses;Duplodnaviria;Heunggongvirae;Uroviricota;Caudoviricetes;;
k141_1735567	6858	No terminal repeats	NA	9	11	0.9813	NA	1	11.7844	Viruses;Duplodnaviria;Heunggongvirae;Uroviricota;Caudoviricetes;;Stanwilliamsviridae
k141_1867958	5623	No terminal repeats	NA	8	11	0.9813	NA	1	6.4820	Viruses;Duplodnaviria;Heunggongvirae;Uroviricota;Caudoviricetes;;
k141_2058232	48790	DTR	NA	74	11	0.9813	NA	11	63.2510	Viruses;Duplodnaviria;Heunggongvirae;Uroviricota;Caudoviricetes;;
k141_2050844	9229	No terminal repeats	NA	11	11	0.9813	NA	2	13.6669	Viruses;Varidnaviria;Bamfordvirae;Nucleocytoviricota;Megaviricetes;;
k141_1276401	5316	No terminal repeats	NA	7	11	0.9812	NA	1	8.3625	Viruses;Duplodnaviria;Heunggongvirae;Uroviricota;Caudoviricetes;;
k141_2459	4093	No terminal repeats	NA	5	11	0.9812	NA	1	6.8731	Viruses;Duplodnaviria;Heunggongvirae;Uroviricota;Caudoviricetes;;
k141_509670	4935	No terminal repeats	NA	5	11	0.9812	NA	0	7.7936	Viruses;Duplodnaviria;Heunggongvirae;Uroviricota;Caudoviricetes;;Stanwilliamsviridae
k141_2138504	4559	No terminal repeats	NA	14	11	0.9812	NA	0	13.5595	Viruses;Duplodnaviria;Heunggongvirae;Uroviricota;Caudoviricetes;;
k141_877485	4346	No terminal repeats	NA	8	11	0.9812	NA	1	12.0174	Viruses;Duplodnaviria;Heunggongvirae;Uroviricota;Caudoviricetes;;
k141_426180	30057	No terminal repeats	NA	48	11	0.9812	NA	4	38.9350	Viruses;Duplodnaviria;Heunggongvirae;Uroviricota;Caudoviricetes;;
k141_314890	5433	No terminal repeats	NA	8	11	0.9812	NA	0	5.8825	Viruses;Varidnaviria;Bamfordvirae;Nucleocytoviricota;Megaviricetes;;
k141_513164	9920	No terminal repeats	NA	17	11	0.9812	NA	3	17.9100	Viruses;Duplodnaviria;Heunggongvirae;Uroviricota;Caudoviricetes;;
k141_1224917	8279	No terminal repeats	NA	14	11	0.9812	NA	3	15.8750	Viruses;Duplodnaviria;Heunggongvirae;Uroviricota;Caudoviricetes;;
k141_485795	4393	No terminal repeats	NA	11	11	0.9812	NA	0	11.7259	Viruses;Duplodnaviria;Heunggongvirae;Uroviricota;Caudoviricetes;;
k141_1685454	3666	No terminal repeats	NA	7	11	0.9812	NA	2	10.3097	Viruses;Duplodnaviria;Heunggongvirae;Uroviricota;Caudoviricetes;;
k141_1921758	5158	No terminal repeats	NA	5	11	0.9812	NA	0	6.8725	Viruses;Duplodnaviria;Heunggongvirae;Uroviricota;Caudoviricetes;;
k141_896757	4521	DTR	NA	6	11	0.9812	NA	3	7.7837	Viruses;Monodnaviria;Sangervirae;Phixviricota;Malgrandaviricetes;Petitvirales;Microviridae
k141_1444411	4274	No terminal repeats	NA	6	11	0.9812	NA	0	6.8731	Viruses;Varidnaviria;Bamfordvirae;Nucleocytoviricota;Megaviricetes;Algavirales;Phycodnaviridae
k141_1603547	5407	No terminal repeats	NA	6	15	0.9812	NA	2	9.4683	Viruses;Duplodnaviria;Heunggongvirae;Uroviricota;Caudoviricetes;;
k141_782439	9890	No terminal repeats	NA	13	11	0.9812	NA	0	14.4948	Viruses;Duplodnaviria;Heunggongvirae;Uroviricota;Caudoviricetes;;
k141_1088608	4546	No terminal repeats	NA	6	11	0.9812	NA	0	10.2283	Viruses;Duplodnaviria;Heunggongvirae;Uroviricota;Caudoviricetes;;
k141_1287797	4571	No terminal repeats	NA	9	11	0.9812	NA	0	8.5914	Viruses;Duplodnaviria;Heunggongvirae;Uroviricota;Caudoviricetes;;
k141_121029	6105	No terminal repeats	NA	12	11	0.9812	NA	0	8.5806	Viruses;Varidnaviria;Bamfordvirae;Preplasmiviricota;Maveriviricetes;Priklausovirales;
k141_547448	6785	No terminal repeats	NA	11	11	0.9812	NA	0	7.7559	Viruses;Duplodnaviria;Heunggongvirae;Uroviricota;Caudoviricetes;;
k141_1606168	8106	No terminal repeats	NA	24	11	0.9812	NA	0	31.8210	Viruses;Duplodnaviria;Heunggongvirae;Uroviricota;Caudoviricetes;;
k141_1550406	7510	No terminal repeats	NA	6	11	0.9812	NA	2	5.1548	Viruses;Duplodnaviria;Heunggongvirae;Uroviricota;Caudoviricetes;;
k141_2247289	3844	No terminal repeats	NA	5	11	0.9811	NA	0	5.1548	Viruses;Duplodnaviria;Heunggongvirae;Uroviricota;Caudoviricetes;;
k141_2089979	3660	No terminal repeats	NA	6	11	0.9811	NA	1	6.2553	Viruses;Duplodnaviria;Heunggongvirae;Uroviricota;Caudoviricetes;;
k141_2407671	6825	No terminal repeats	NA	9	11	0.9811	NA	0	9.9835	Viruses;;;;;;
k141_2222190	7784	No terminal repeats	NA	9	11	0.9811	NA	3	13.7224	Viruses;Duplodnaviria;Heunggongvirae;Uroviricota;Caudoviricetes;;
k141_1499594	6432	No terminal repeats	NA	7	11	0.9811	NA	0	10.3097	Viruses;Varidnaviria;Bamfordvirae;Nucleocytoviricota;Megaviricetes;Imitervirales;Schizomimiviridae
k141_2218997	3876	No terminal repeats	NA	5	11	0.9811	NA	0	8.3708	Viruses;Duplodnaviria;Heunggongvirae;Uroviricota;Caudoviricetes;;
k141_678401	4226	No terminal repeats	NA	13	11	0.9811	NA	3	11.2639	Viruses;Duplodnaviria;Heunggongvirae;Uroviricota;Caudoviricetes;;
k141_599172	7672	No terminal repeats	NA	9	11	0.9811	NA	0	11.4028	Viruses;Varidnaviria;Bamfordvirae;Nucleocytoviricota;Megaviricetes;Algavirales;Phycodnaviridae
k141_575621	4004	No terminal repeats	NA	8	11	0.9811	NA	2	11.8088	Viruses;Duplodnaviria;Heunggongvirae;Uroviricota;Caudoviricetes;;
k141_2176393	4049	No terminal repeats	NA	6	11	0.9811	NA	2	9.3553	Viruses;Duplodnaviria;Heunggongvirae;Uroviricota;Caudoviricetes;;
k141_86300	9046	No terminal repeats	NA	12	11	0.9811	NA	0	11.3441	Viruses;Varidnaviria;Bamfordvirae;Nucleocytoviricota;Megaviricetes;;
k141_58897	3746	No terminal repeats	NA	5	11	0.9811	NA	0	6.6465	Viruses;Varidnaviria;Bamfordvirae;Nucleocytoviricota;Megaviricetes;Algavirales;Phycodnaviridae
k141_1652342	13406	No terminal repeats	NA	17	11	0.9811	NA	4	16.2494	Viruses;Duplodnaviria;Heunggongvirae;Uroviricota;Caudoviricetes;;
k141_1616031	2621	No terminal repeats	NA	5	11	0.9811	NA	1	7.9714	Viruses;Duplodnaviria;Heunggongvirae;Uroviricota;Caudoviricetes;;
k141_2339309	5866	No terminal repeats	NA	13	11	0.9811	NA	0	11.5396	Viruses;Duplodnaviria;Heunggongvirae;Uroviricota;Caudoviricetes;;
k141_2272332	5748	No terminal repeats	NA	5	11	0.9811	NA	0	6.2987	Viruses;Duplodnaviria;Heunggongvirae;Uroviricota;Caudoviricetes;;Kyanoviridae
k141_2317400	9898	No terminal repeats	NA	8	11	0.9811	NA	1	12.0262	Viruses;Duplodnaviria;Heunggongvirae;Uroviricota;Caudoviricetes;;
k141_491503	3813	No terminal repeats	NA	5	11	0.9811	NA	3	8.5584	Viruses;Duplodnaviria;Heunggongvirae;Uroviricota;Caudoviricetes;;
k141_1725605	5587	No terminal repeats	NA	14	11	0.9811	NA	1	11.8666	Viruses;Duplodnaviria;Heunggongvirae;Uroviricota;Caudoviricetes;;
k141_17901	6974	No terminal repeats	NA	8	11	0.9811	NA	1	7.5592	Viruses;Duplodnaviria;Heunggongvirae;Uroviricota;Caudoviricetes;;
k141_2408471	45944	DTR	NA	46	11	0.9810	NA	6	32.8688	Viruses;Duplodnaviria;Heunggongvirae;Uroviricota;Caudoviricetes;;
k141_1548242	6501	No terminal repeats	NA	9	11	0.9810	NA	1	8.5362	Viruses;Varidnaviria;Bamfordvirae;Nucleocytoviricota;Megaviricetes;Algavirales;Phycodnaviridae
k141_1207408	3872	No terminal repeats	NA	5	11	0.9810	NA	0	6.8731	Viruses;Duplodnaviria;Heunggongvirae;Uroviricota;Caudoviricetes;;
k141_466647	5469	No terminal repeats	NA	13	11	0.9810	NA	0	11.8726	Viruses;Duplodnaviria;Heunggongvirae;Uroviricota;Caudoviricetes;;
k141_425871	3697	No terminal repeats	NA	9	11	0.9810	NA	1	8.5782	Viruses;Duplodnaviria;Heunggongvirae;Uroviricota;Caudoviricetes;;
k141_897032	7319	No terminal repeats	NA	5	11	0.9810	NA	0	4.9137	Viruses;Duplodnaviria;Heunggongvirae;Uroviricota;Caudoviricetes;;
k141_925076	8185	No terminal repeats	NA	13	11	0.9810	NA	2	15.1552	Viruses;Duplodnaviria;Heunggongvirae;Uroviricota;Caudoviricetes;;
k141_1235559	3907	No terminal repeats	NA	8	11	0.9810	NA	0	7.9349	Viruses;Duplodnaviria;Heunggongvirae;Uroviricota;Caudoviricetes;;
k141_1584342	8715	No terminal repeats	NA	10	11	0.9810	NA	0	8.5914	Viruses;Varidnaviria;Bamfordvirae;Nucleocytoviricota;Megaviricetes;Algavirales;Phycodnaviridae
k141_107760	9302	No terminal repeats	NA	8	11	0.9810	NA	1	6.5182	Viruses;Varidnaviria;Bamfordvirae;Nucleocytoviricota;Megaviricetes;;
k141_1647163	5947	No terminal repeats	NA	11	11	0.9810	NA	1	10.2744	Viruses;Duplodnaviria;Heunggongvirae;Uroviricota;Caudoviricetes;;
k141_619194	5094	No terminal repeats	NA	6	11	0.9810	NA	0	5.1503	Viruses;Varidnaviria;Bamfordvirae;Nucleocytoviricota;Megaviricetes;Algavirales;Phycodnaviridae
k141_926960	3535	No terminal repeats	NA	6	11	0.9810	NA	1	8.0348	Viruses;Duplodnaviria;Heunggongvirae;Uroviricota;Caudoviricetes;;
k141_1264922	6549	No terminal repeats	NA	10	11	0.9810	NA	1	12.0280	Viruses;Duplodnaviria;Heunggongvirae;Uroviricota;Caudoviricetes;;Kyanoviridae
k141_255299	4038	No terminal repeats	NA	11	11	0.9810	NA	0	8.8407	Viruses;Duplodnaviria;Heunggongvirae;Uroviricota;Caudoviricetes;;
k141_469367	5688	No terminal repeats	NA	6	11	0.9810	NA	0	4.9608	Viruses;Varidnaviria;Bamfordvirae;Nucleocytoviricota;Megaviricetes;Algavirales;Phycodnaviridae
k141_495608	5914	No terminal repeats	NA	7	11	0.9810	NA	0	4.7568	Viruses;Duplodnaviria;Heunggongvirae;Uroviricota;Caudoviricetes;;
k141_1877760	8696	No terminal repeats	NA	8	11	0.9810	NA	0	6.8731	Viruses;Duplodnaviria;Heunggongvirae;Uroviricota;Caudoviricetes;;Stanwilliamsviridae
k141_747583	5200	No terminal repeats	NA	7	11	0.9810	NA	3	9.9789	Viruses;Duplodnaviria;Heunggongvirae;Uroviricota;Caudoviricetes;;
k141_1163457	6445	No terminal repeats	NA	9	11	0.9810	NA	0	10.3601	Viruses;Duplodnaviria;Heunggongvirae;Uroviricota;Caudoviricetes;;
k141_1720687	5399	No terminal repeats	NA	8	11	0.9810	NA	0	5.8825	Viruses;Varidnaviria;Bamfordvirae;Nucleocytoviricota;Megaviricetes;;
k141_1862766	7036	No terminal repeats	NA	6	11	0.9810	NA	4	10.2387	Viruses;Duplodnaviria;Heunggongvirae;Uroviricota;Caudoviricetes;;Straboviridae
k141_1365959	4193	No terminal repeats	NA	9	11	0.9809	NA	0	11.6213	Viruses;Duplodnaviria;Heunggongvirae;Uroviricota;Caudoviricetes;;
k141_535114	5489	No terminal repeats	NA	7	11	0.9809	NA	1	6.8710	Viruses;Varidnaviria;Bamfordvirae;Nucleocytoviricota;Megaviricetes;Imitervirales;Mimiviridae
k141_562061	3747	No terminal repeats	NA	6	11	0.9809	NA	0	6.8128	Viruses;Duplodnaviria;Heunggongvirae;Uroviricota;Caudoviricetes;;
k141_409449	8942	No terminal repeats	NA	5	11	0.9809	NA	3	7.5392	Viruses;Duplodnaviria;Heunggongvirae;Uroviricota;Caudoviricetes;;
k141_1533456	10463	No terminal repeats	NA	13	11	0.9809	NA	4	19.2076	Viruses;Duplodnaviria;Heunggongvirae;Uroviricota;Caudoviricetes;;
k141_1598931	9230	No terminal repeats	NA	14	11	0.9809	NA	4	19.1567	Viruses;Duplodnaviria;Heunggongvirae;Uroviricota;Caudoviricetes;;
k141_686251	6873	No terminal repeats	NA	6	11	0.9809	NA	0	8.1989	Viruses;Duplodnaviria;Heunggongvirae;Uroviricota;Caudoviricetes;;
k141_2372057	7160	No terminal repeats	NA	11	11	0.9809	NA	2	18.7874	Viruses;Duplodnaviria;Heunggongvirae;Uroviricota;Caudoviricetes;;
k141_2150887	6062	No terminal repeats	NA	7	11	0.9809	NA	0	11.2514	Viruses;Duplodnaviria;Heunggongvirae;Uroviricota;Caudoviricetes;;
k141_345693	3961	No terminal repeats	NA	5	11	0.9809	NA	0	5.1548	Viruses;Varidnaviria;Bamfordvirae;Nucleocytoviricota;Megaviricetes;Imitervirales;Mimiviridae
k141_293606	3864	No terminal repeats	NA	8	11	0.9809	NA	1	9.2852	Viruses;Duplodnaviria;Heunggongvirae;Uroviricota;Caudoviricetes;;
k141_1402471	4167	No terminal repeats	NA	9	11	0.9809	NA	1	12.5784	Viruses;Duplodnaviria;Heunggongvirae;Uroviricota;Caudoviricetes;;
k141_296808	9509	No terminal repeats	NA	19	11	0.9809	NA	1	14.3488	Viruses;Duplodnaviria;Heunggongvirae;Uroviricota;Caudoviricetes;;
k141_1029091	4265	No terminal repeats	NA	6	11	0.9809	NA	1	7.7923	Viruses;Duplodnaviria;Heunggongvirae;Uroviricota;Caudoviricetes;;
k141_2058481	4537	No terminal repeats	NA	5	11	0.9809	NA	0	8.5238	Viruses;Duplodnaviria;Heunggongvirae;Uroviricota;Caudoviricetes;;
k141_245164	4159	No terminal repeats	NA	6	11	0.9809	NA	3	8.5914	Viruses;Duplodnaviria;Heunggongvirae;Uroviricota;Caudoviricetes;;
k141_1602667	5667	No terminal repeats	NA	9	11	0.9809	NA	1	11.7979	Viruses;Duplodnaviria;Heunggongvirae;Uroviricota;Caudoviricetes;;
k141_778306	4338	No terminal repeats	NA	6	11	0.9809	NA	0	6.4529	Viruses;Duplodnaviria;Heunggongvirae;Uroviricota;Caudoviricetes;;
k141_2027722	9292	No terminal repeats	NA	18	11	0.9809	NA	2	11.8998	Viruses;Duplodnaviria;Heunggongvirae;Uroviricota;Caudoviricetes;;
k141_1760712	6324	No terminal repeats	NA	8	11	0.9809	NA	0	11.6910	Viruses;Duplodnaviria;Heunggongvirae;Uroviricota;Caudoviricetes;;
k141_1881818	5510	No terminal repeats	NA	11	11	0.9809	NA	1	13.5639	Viruses;Duplodnaviria;Heunggongvirae;Uroviricota;Caudoviricetes;;
k141_273869	4469	No terminal repeats	NA	8	11	0.9809	NA	0	10.3097	Viruses;Duplodnaviria;Heunggongvirae;Uroviricota;Caudoviricetes;;
k141_63000	5754	No terminal repeats	NA	12	11	0.9808	NA	0	6.4550	Viruses;Duplodnaviria;Heunggongvirae;Uroviricota;Caudoviricetes;;
k141_292109	7421	No terminal repeats	NA	8	11	0.9808	NA	0	8.6606	Viruses;Duplodnaviria;Heunggongvirae;Uroviricota;Caudoviricetes;;
k141_182872	8308	No terminal repeats	NA	12	11	0.9808	NA	1	17.9433	Viruses;Duplodnaviria;Heunggongvirae;Uroviricota;Caudoviricetes;;
k141_2283107	9400	No terminal repeats	NA	11	15	0.9808	NA	3	17.3810	Viruses;Duplodnaviria;Heunggongvirae;Uroviricota;Caudoviricetes;;
k141_590728	7334	No terminal repeats	NA	12	11	0.9808	NA	3	15.0228	Viruses;Duplodnaviria;Heunggongvirae;Uroviricota;Caudoviricetes;;
k141_2280851	17443	No terminal repeats	NA	25	11	0.9808	NA	5	19.9276	Viruses;Duplodnaviria;Heunggongvirae;Uroviricota;Caudoviricetes;;
k141_1362341	23342	No terminal repeats	NA	27	11	0.9808	NA	3	28.5112	Viruses;Duplodnaviria;Heunggongvirae;Uroviricota;Caudoviricetes;;
k141_384752	6138	No terminal repeats	NA	8	11	0.9808	NA	1	7.8167	Viruses;Varidnaviria;Bamfordvirae;Nucleocytoviricota;Megaviricetes;Algavirales;Phycodnaviridae
k141_1745992	7557	No terminal repeats	NA	17	11	0.9808	NA	2	21.7076	Viruses;Duplodnaviria;Heunggongvirae;Uroviricota;Caudoviricetes;;
k141_1256448	5127	No terminal repeats	NA	5	11	0.9808	NA	0	7.9441	Viruses;Duplodnaviria;Heunggongvirae;Uroviricota;Caudoviricetes;;Stanwilliamsviridae
k141_2055343	7380	No terminal repeats	NA	8	11	0.9808	NA	0	8.5018	Viruses;Varidnaviria;Bamfordvirae;Nucleocytoviricota;Megaviricetes;Algavirales;Phycodnaviridae
k141_128791	4446	No terminal repeats	NA	5	11	0.9808	NA	0	6.8731	Viruses;Varidnaviria;Bamfordvirae;Nucleocytoviricota;Megaviricetes;Algavirales;Phycodnaviridae
k141_1021088	8209	No terminal repeats	NA	9	11	0.9808	NA	0	7.7560	Viruses;Varidnaviria;Bamfordvirae;Nucleocytoviricota;Megaviricetes;;
k141_617178	7115	No terminal repeats	NA	14	11	0.9808	NA	4	18.0345	Viruses;Duplodnaviria;Heunggongvirae;Uroviricota;Caudoviricetes;;
k141_1191407	4312	No terminal repeats	NA	10	11	0.9808	NA	0	10.3097	Viruses;Duplodnaviria;Heunggongvirae;Uroviricota;Caudoviricetes;;
k141_1011533	3624	No terminal repeats	NA	7	11	0.9808	NA	1	9.9003	Viruses;Duplodnaviria;Heunggongvirae;Uroviricota;Caudoviricetes;;
k141_25657	4751	No terminal repeats	NA	5	11	0.9808	NA	3	5.9758	Viruses;Duplodnaviria;Heunggongvirae;Uroviricota;Caudoviricetes;;
k141_774516	5555	No terminal repeats	NA	10	11	0.9808	NA	1	14.5553	Viruses;Duplodnaviria;Heunggongvirae;Uroviricota;Caudoviricetes;;
k141_2366184	4551	No terminal repeats	NA	5	11	0.9808	NA	1	6.8731	Viruses;Duplodnaviria;Heunggongvirae;Uroviricota;Caudoviricetes;;
k141_544482	6724	No terminal repeats	NA	10	11	0.9808	NA	1	15.4645	Viruses;Varidnaviria;Bamfordvirae;Nucleocytoviricota;Megaviricetes;;
k141_1027257	3714	No terminal repeats	NA	5	11	0.9808	NA	3	6.0135	Viruses;Duplodnaviria;Heunggongvirae;Uroviricota;Caudoviricetes;;Stanwilliamsviridae
k141_2239473	9643	No terminal repeats	NA	14	11	0.9808	NA	3	18.1650	Viruses;Duplodnaviria;Heunggongvirae;Uroviricota;Caudoviricetes;;
k141_972255	4038	No terminal repeats	NA	6	11	0.9808	NA	1	10.3097	Viruses;Duplodnaviria;Heunggongvirae;Uroviricota;Caudoviricetes;;
k141_1214311	3624	No terminal repeats	NA	8	11	0.9808	NA	1	7.8169	Viruses;Duplodnaviria;Heunggongvirae;Uroviricota;Caudoviricetes;;
k141_1779123	4960	No terminal repeats	NA	10	11	0.9807	NA	1	13.5191	Viruses;Duplodnaviria;Heunggongvirae;Uroviricota;Caudoviricetes;;
k141_1551046	6187	No terminal repeats	NA	10	11	0.9807	NA	4	17.1797	Viruses;Duplodnaviria;Heunggongvirae;Uroviricota;Caudoviricetes;;
k141_221223	5622	No terminal repeats	NA	5	11	0.9807	NA	0	5.1501	Viruses;Varidnaviria;Bamfordvirae;Nucleocytoviricota;Megaviricetes;;
k141_307088	8024	No terminal repeats	NA	9	11	0.9807	NA	0	5.1548	Viruses;Varidnaviria;Bamfordvirae;Nucleocytoviricota;Megaviricetes;;
k141_2034914	4499	No terminal repeats	NA	8	11	0.9807	NA	0	11.6148	Viruses;Duplodnaviria;Heunggongvirae;Uroviricota;Caudoviricetes;;
k141_2044133	6647	No terminal repeats	NA	7	11	0.9807	NA	1	9.8075	Viruses;Duplodnaviria;Heunggongvirae;Uroviricota;Caudoviricetes;;
k141_237070	4624	No terminal repeats	NA	6	11	0.9807	NA	2	7.8108	Viruses;Duplodnaviria;Heunggongvirae;Uroviricota;Caudoviricetes;;
k141_2166455	6700	No terminal repeats	NA	9	11	0.9807	NA	1	8.8630	Viruses;Duplodnaviria;Heunggongvirae;Uroviricota;Caudoviricetes;;
k141_978740	3637	No terminal repeats	NA	9	11	0.9807	NA	3	12.9486	Viruses;Duplodnaviria;Heunggongvirae;Uroviricota;Caudoviricetes;;
k141_1876682	4758	No terminal repeats	NA	11	11	0.9807	NA	3	15.6700	Viruses;Duplodnaviria;Heunggongvirae;Uroviricota;Caudoviricetes;;
k141_1619253	5293	No terminal repeats	NA	5	11	0.9807	NA	4	7.6327	Viruses;Duplodnaviria;Heunggongvirae;Uroviricota;Caudoviricetes;;
k141_1896745	6020	No terminal repeats	NA	7	11	0.9807	NA	0	12.0280	Viruses;Duplodnaviria;Heunggongvirae;Uroviricota;Caudoviricetes;;
k141_1126208	4012	No terminal repeats	NA	9	11	0.9807	NA	0	10.1526	Viruses;Duplodnaviria;Heunggongvirae;Uroviricota;Caudoviricetes;;
k141_2278874	9637	No terminal repeats	NA	6	11	0.9807	NA	0	5.1548	Viruses;Duplodnaviria;Heunggongvirae;Uroviricota;Caudoviricetes;;
k141_2259555	5030	No terminal repeats	NA	12	11	0.9807	NA	1	13.3379	Viruses;Duplodnaviria;Heunggongvirae;Uroviricota;Caudoviricetes;;
k141_1696578	4271	No terminal repeats	NA	11	11	0.9807	NA	0	14.7214	Viruses;Duplodnaviria;Heunggongvirae;Uroviricota;Caudoviricetes;;
k141_111535	4714	No terminal repeats	NA	7	11	0.9807	NA	2	9.8043	Viruses;Duplodnaviria;Heunggongvirae;Uroviricota;Caudoviricetes;;
k141_488514	3831	No terminal repeats	NA	9	11	0.9807	NA	0	13.7313	Viruses;Duplodnaviria;Heunggongvirae;Uroviricota;Caudoviricetes;;
k141_2178015	3540	No terminal repeats	NA	6	11	0.9807	NA	0	10.2948	Viruses;Duplodnaviria;Heunggongvirae;Uroviricota;Caudoviricetes;;
k141_381391	7950	No terminal repeats	NA	21	11	0.9807	NA	0	22.8781	Viruses;Duplodnaviria;Heunggongvirae;Uroviricota;Caudoviricetes;;
k141_107384	6257	No terminal repeats	NA	17	11	0.9807	NA	3	20.5964	Viruses;Duplodnaviria;Heunggongvirae;Uroviricota;Caudoviricetes;;
k141_2129325	7327	No terminal repeats	NA	9	11	0.9807	NA	2	14.6211	Viruses;Duplodnaviria;Heunggongvirae;Uroviricota;Caudoviricetes;;
k141_2121533	4758	No terminal repeats	NA	7	11	0.9807	NA	1	9.2105	Viruses;Duplodnaviria;Heunggongvirae;Uroviricota;Caudoviricetes;;
k141_507541	8403	No terminal repeats	NA	11	11	0.9807	NA	0	7.2827	Viruses;Varidnaviria;Bamfordvirae;Nucleocytoviricota;Megaviricetes;;
k141_42470	6583	No terminal repeats	NA	9	11	0.9807	NA	0	11.0766	Viruses;Duplodnaviria;Heunggongvirae;Uroviricota;Caudoviricetes;;
k141_2230097	4226	No terminal repeats	NA	5	11	0.9807	NA	1	6.4069	Viruses;Duplodnaviria;Heunggongvirae;Uroviricota;Caudoviricetes;;
k141_1016402	6177	No terminal repeats	NA	7	11	0.9806	NA	0	4.5879	Viruses;Varidnaviria;Bamfordvirae;Nucleocytoviricota;Megaviricetes;Algavirales;Phycodnaviridae
k141_480180	4090	No terminal repeats	NA	5	11	0.9806	NA	0	5.1548	Viruses;Duplodnaviria;Heunggongvirae;Uroviricota;Caudoviricetes;;
k141_690571	2876	No terminal repeats	NA	7	11	0.9806	NA	1	9.6443	Viruses;Duplodnaviria;Heunggongvirae;Uroviricota;Caudoviricetes;;
k141_1615703	4618	No terminal repeats	NA	8	11	0.9806	NA	0	6.8637	Viruses;Varidnaviria;Bamfordvirae;Nucleocytoviricota;Megaviricetes;Algavirales;Phycodnaviridae
k141_1758117	3647	No terminal repeats	NA	12	11	0.9806	NA	1	17.0781	Viruses;Duplodnaviria;Heunggongvirae;Uroviricota;Caudoviricetes;;
k141_2160224	3633	No terminal repeats	NA	9	11	0.9806	NA	1	11.5274	Viruses;Duplodnaviria;Heunggongvirae;Uroviricota;Caudoviricetes;;
k141_1290683	5751	No terminal repeats	NA	8	11	0.9806	NA	0	8.5687	Viruses;Duplodnaviria;Heunggongvirae;Uroviricota;Caudoviricetes;;
k141_1559770	8725	No terminal repeats	NA	14	11	0.9806	NA	2	12.8090	Viruses;Duplodnaviria;Heunggongvirae;Uroviricota;Caudoviricetes;;
k141_468549	4460	No terminal repeats	NA	11	11	0.9806	NA	0	8.5763	Viruses;Duplodnaviria;Heunggongvirae;Uroviricota;Caudoviricetes;;
k141_1363646	4153	No terminal repeats	NA	19	11	0.9806	NA	0	24.0035	Viruses;Duplodnaviria;Heunggongvirae;Uroviricota;Caudoviricetes;;
k141_1917928	5277	No terminal repeats	NA	11	11	0.9806	NA	0	8.2005	Viruses;Duplodnaviria;Heunggongvirae;Uroviricota;Caudoviricetes;;
k141_146267	3541	No terminal repeats	NA	5	11	0.9806	NA	1	5.8958	Viruses;Duplodnaviria;Heunggongvirae;Uroviricota;Caudoviricetes;;
k141_521325	4105	No terminal repeats	NA	6	11	0.9806	NA	2	6.2411	Viruses;Duplodnaviria;Heunggongvirae;Uroviricota;Caudoviricetes;;
k141_1739102	7055	No terminal repeats	NA	9	11	0.9806	NA	1	9.8400	Viruses;Duplodnaviria;Heunggongvirae;Uroviricota;Caudoviricetes;;
k141_1121570	8050	No terminal repeats	NA	15	11	0.9806	NA	1	20.8587	Viruses;Duplodnaviria;Heunggongvirae;Uroviricota;Caudoviricetes;;
k141_1542127	8127	No terminal repeats	NA	17	11	0.9806	NA	1	20.6894	Viruses;Duplodnaviria;Heunggongvirae;Uroviricota;Caudoviricetes;;
k141_1364322	8132	No terminal repeats	NA	9	11	0.9806	NA	0	9.5711	Viruses;Duplodnaviria;Heunggongvirae;Uroviricota;Caudoviricetes;;
k141_1557651	4543	No terminal repeats	NA	6	11	0.9806	NA	2	10.3097	Viruses;Duplodnaviria;Heunggongvirae;Uroviricota;Caudoviricetes;;
k141_883240	34325	DTR	NA	54	11	0.9806	NA	3	66.4428	Viruses;Duplodnaviria;Heunggongvirae;Uroviricota;Caudoviricetes;;
k141_1090573	4527	No terminal repeats	NA	10	11	0.9806	NA	1	10.2789	Viruses;Duplodnaviria;Heunggongvirae;Uroviricota;Caudoviricetes;;
k141_1130459	4477	No terminal repeats	NA	9	11	0.9806	NA	0	8.4369	Viruses;Duplodnaviria;Heunggongvirae;Uroviricota;Caudoviricetes;;
k141_2219249	3678	No terminal repeats	NA	9	11	0.9806	NA	0	8.5914	Viruses;Duplodnaviria;Heunggongvirae;Uroviricota;Caudoviricetes;;
k141_2315347	3564	No terminal repeats	NA	5	11	0.9806	NA	0	4.9221	Viruses;Varidnaviria;Bamfordvirae;Nucleocytoviricota;Megaviricetes;Algavirales;Phycodnaviridae
k141_1203311	4479	No terminal repeats	NA	18	11	0.9806	NA	0	12.9279	Viruses;Duplodnaviria;Heunggongvirae;Uroviricota;Caudoviricetes;;
k141_2241138	7884	No terminal repeats	NA	7	11	0.9806	NA	0	9.6949	Viruses;Duplodnaviria;Heunggongvirae;Uroviricota;Caudoviricetes;;
k141_2274546	4671	No terminal repeats	NA	9	11	0.9806	NA	1	14.4266	Viruses;Duplodnaviria;Heunggongvirae;Uroviricota;Caudoviricetes;;
k141_1488216	38800	No terminal repeats	NA	56	11	0.9806	NA	5	81.5447	Viruses;Duplodnaviria;Heunggongvirae;Uroviricota;Caudoviricetes;;
k141_786067	5817	No terminal repeats	NA	5	11	0.9806	NA	3	5.9289	Viruses;Duplodnaviria;Heunggongvirae;Uroviricota;Caudoviricetes;;
k141_1640058	7485	No terminal repeats	NA	21	11	0.9806	NA	0	24.8798	Viruses;Duplodnaviria;Heunggongvirae;Uroviricota;Caudoviricetes;;Kyanoviridae
k141_2163679	3131	No terminal repeats	NA	4	11	0.9806	NA	0	6.4294	Viruses;Duplodnaviria;Heunggongvirae;Uroviricota;Caudoviricetes;;Stanwilliamsviridae
k141_1713050	3244	No terminal repeats	NA	4	11	0.9806	NA	1	5.1548	Viruses;Varidnaviria;Bamfordvirae;Nucleocytoviricota;Megaviricetes;;
k141_1747993	6281	No terminal repeats	NA	6	11	0.9806	NA	0	6.7172	Viruses;Duplodnaviria;Heunggongvirae;Uroviricota;Caudoviricetes;;
k141_388411	8661	No terminal repeats	NA	12	11	0.9805	NA	2	12.8084	Viruses;Duplodnaviria;Heunggongvirae;Uroviricota;Caudoviricetes;;
k141_2406909	5028	No terminal repeats	NA	6	11	0.9805	NA	0	8.3808	Viruses;Duplodnaviria;Heunggongvirae;Uroviricota;Caudoviricetes;;
k141_601460	4124	No terminal repeats	NA	12	11	0.9805	NA	0	7.1420	Viruses;Duplodnaviria;Heunggongvirae;Uroviricota;Caudoviricetes;;
k141_298959	9032	No terminal repeats	NA	12	11	0.9805	NA	3	18.7999	Viruses;Duplodnaviria;Heunggongvirae;Uroviricota;Caudoviricetes;;
k141_2007187	3565	No terminal repeats	NA	6	11	0.9805	NA	0	8.1040	Viruses;Duplodnaviria;Heunggongvirae;Uroviricota;Caudoviricetes;;
k141_1101448	5125	No terminal repeats	NA	5	11	0.9805	NA	1	8.5797	Viruses;Duplodnaviria;Heunggongvirae;Uroviricota;Caudoviricetes;;
k141_65252	6644	No terminal repeats	NA	7	11	0.9805	NA	3	8.6843	Viruses;Duplodnaviria;Heunggongvirae;Uroviricota;Caudoviricetes;;
k141_219147	6555	No terminal repeats	NA	8	11	0.9805	NA	3	8.1721	Viruses;Varidnaviria;Bamfordvirae;Nucleocytoviricota;Megaviricetes;Imitervirales;Mimiviridae
k141_352452	4569	No terminal repeats	NA	6	11	0.9805	NA	2	10.3000	Viruses;Duplodnaviria;Heunggongvirae;Uroviricota;Caudoviricetes;;
k141_759393	7745	No terminal repeats	NA	10	11	0.9805	NA	1	14.8203	Viruses;Duplodnaviria;Heunggongvirae;Uroviricota;Caudoviricetes;;
k141_503649	6287	No terminal repeats	NA	8	11	0.9805	NA	2	10.6547	Viruses;Duplodnaviria;Heunggongvirae;Uroviricota;Caudoviricetes;;
k141_1472758	3847	No terminal repeats	NA	6	11	0.9805	NA	2	5.8859	Viruses;Duplodnaviria;Heunggongvirae;Uroviricota;Caudoviricetes;;
k141_690718	7398	No terminal repeats	NA	8	11	0.9805	NA	1	6.8731	Viruses;Varidnaviria;Bamfordvirae;Nucleocytoviricota;Megaviricetes;;
k141_1849075	7409	No terminal repeats	NA	16	11	0.9805	NA	0	22.7383	Viruses;Duplodnaviria;Heunggongvirae;Uroviricota;Caudoviricetes;;Stanwilliamsviridae
k141_389284	4401	No terminal repeats	NA	10	11	0.9805	NA	3	15.0565	Viruses;Duplodnaviria;Heunggongvirae;Uroviricota;Caudoviricetes;;
k141_225110	3957	No terminal repeats	NA	6	11	0.9805	NA	0	5.1548	Viruses;Varidnaviria;Bamfordvirae;Nucleocytoviricota;Megaviricetes;Imitervirales;Mimiviridae
k141_1343493	6149	No terminal repeats	NA	11	11	0.9805	NA	0	11.1240	Viruses;Duplodnaviria;Heunggongvirae;Uroviricota;Caudoviricetes;;
k141_516910	90117	No terminal repeats	NA	154	11	0.9805	NA	9	121.5258	Viruses;Duplodnaviria;Heunggongvirae;Uroviricota;Caudoviricetes;;
k141_1885472	5264	No terminal repeats	NA	5	11	0.9805	NA	0	6.6241	Viruses;Duplodnaviria;Heunggongvirae;Uroviricota;Caudoviricetes;;
k141_387839	4514	No terminal repeats	NA	5	11	0.9805	NA	2	6.8673	Viruses;Duplodnaviria;Heunggongvirae;Uroviricota;Caudoviricetes;;
k141_1098923	5481	No terminal repeats	NA	8	11	0.9805	NA	0	6.8688	Viruses;Varidnaviria;Bamfordvirae;Nucleocytoviricota;Megaviricetes;Algavirales;Phycodnaviridae
k141_1017776	9943	No terminal repeats	NA	23	11	0.9805	NA	0	28.8280	Viruses;Duplodnaviria;Heunggongvirae;Uroviricota;Caudoviricetes;;
k141_1974950	4920	No terminal repeats	NA	6	11	0.9805	NA	0	7.6181	Viruses;Duplodnaviria;Heunggongvirae;Uroviricota;Caudoviricetes;;
k141_1055004	6218	No terminal repeats	NA	15	11	0.9805	NA	1	9.3868	Viruses;Duplodnaviria;Heunggongvirae;Uroviricota;Caudoviricetes;;
k141_113162	4388	No terminal repeats	NA	6	11	0.9805	NA	1	6.4385	Viruses;Duplodnaviria;Heunggongvirae;Uroviricota;Caudoviricetes;;
k141_1261351	4845	No terminal repeats	NA	13	11	0.9805	NA	0	13.2350	Viruses;Duplodnaviria;Heunggongvirae;Uroviricota;Caudoviricetes;;
k141_482672	4859	No terminal repeats	NA	12	11	0.9805	NA	2	14.7136	Viruses;Duplodnaviria;Heunggongvirae;Uroviricota;Caudoviricetes;;
k141_1916503	4811	No terminal repeats	NA	7	11	0.9805	NA	0	5.1548	Viruses;Varidnaviria;Bamfordvirae;Nucleocytoviricota;Megaviricetes;Algavirales;Phycodnaviridae
k141_2345714	6647	No terminal repeats	NA	14	11	0.9805	NA	0	9.8209	Viruses;Duplodnaviria;Heunggongvirae;Uroviricota;Caudoviricetes;;
k141_1700754	4472	No terminal repeats	NA	12	11	0.9805	NA	1	15.0055	Viruses;Duplodnaviria;Heunggongvirae;Uroviricota;Caudoviricetes;;
k141_199698	3847	No terminal repeats	NA	14	11	0.9805	NA	0	14.8702	Viruses;Duplodnaviria;Heunggongvirae;Uroviricota;Caudoviricetes;;
k141_633279	5362	No terminal repeats	NA	9	11	0.9805	NA	0	6.5318	Viruses;Duplodnaviria;Heunggongvirae;Uroviricota;Caudoviricetes;;
k141_882769	76945	No terminal repeats	NA	115	11	0.9804	NA	9	121.3259	Viruses;Duplodnaviria;Heunggongvirae;Uroviricota;Caudoviricetes;;
k141_1677168	8278	No terminal repeats	NA	12	11	0.9804	NA	3	6.1183	Viruses;Duplodnaviria;Heunggongvirae;Uroviricota;Caudoviricetes;;
k141_1208107	4928	No terminal repeats	NA	6	11	0.9804	NA	1	6.6277	Viruses;Varidnaviria;Bamfordvirae;Nucleocytoviricota;Megaviricetes;Algavirales;Phycodnaviridae
k141_113959	7581	No terminal repeats	NA	7	4	0.9804	NA	1	10.3097	Viruses;Duplodnaviria;Heunggongvirae;Uroviricota;Caudoviricetes;;
k141_2015924	7582	No terminal repeats	NA	13	11	0.9804	NA	0	13.3919	Viruses;Duplodnaviria;Heunggongvirae;Uroviricota;Caudoviricetes;;
k141_2124057	4280	No terminal repeats	NA	10	11	0.9804	NA	0	13.3303	Viruses;Duplodnaviria;Heunggongvirae;Uroviricota;Caudoviricetes;;
k141_722535	6421	No terminal repeats	NA	21	11	0.9804	NA	0	12.6111	Viruses;Duplodnaviria;Heunggongvirae;Uroviricota;Caudoviricetes;;
k141_215894	5932	No terminal repeats	NA	8	11	0.9804	NA	0	10.8776	Viruses;Duplodnaviria;Heunggongvirae;Uroviricota;Caudoviricetes;;
k141_477918	4710	No terminal repeats	NA	12	11	0.9804	NA	1	11.5693	Viruses;Duplodnaviria;Heunggongvirae;Uroviricota;Caudoviricetes;;
k141_683439	6825	No terminal repeats	NA	10	11	0.9804	NA	0	13.3478	Viruses;Duplodnaviria;Heunggongvirae;Uroviricota;Caudoviricetes;;
k141_678215	9731	No terminal repeats	NA	18	11	0.9804	NA	2	19.3093	Viruses;Duplodnaviria;Heunggongvirae;Uroviricota;Caudoviricetes;;
k141_2076070	6303	No terminal repeats	NA	24	11	0.9804	NA	0	20.1711	Viruses;Duplodnaviria;Heunggongvirae;Uroviricota;Caudoviricetes;;
k141_252355	3657	No terminal repeats	NA	7	15	0.9804	NA	0	7.8892	Viruses;Duplodnaviria;Heunggongvirae;Uroviricota;Caudoviricetes;;
k141_992660	5061	No terminal repeats	NA	7	11	0.9804	NA	0	5.7604	Viruses;Varidnaviria;Bamfordvirae;Nucleocytoviricota;Megaviricetes;Algavirales;Phycodnaviridae
k141_1449716	6361	No terminal repeats	NA	11	11	0.9804	NA	1	12.9339	Viruses;Duplodnaviria;Heunggongvirae;Uroviricota;Caudoviricetes;;
k141_1555697	5950	No terminal repeats	NA	8	11	0.9804	NA	0	11.3035	Viruses;Duplodnaviria;Heunggongvirae;Uroviricota;Caudoviricetes;;
k141_1647033	3820	No terminal repeats	NA	11	11	0.9804	NA	3	14.5869	Viruses;Duplodnaviria;Heunggongvirae;Uroviricota;Caudoviricetes;;
k141_1709630	4026	No terminal repeats	NA	9	11	0.9804	NA	0	10.2950	Viruses;Duplodnaviria;Heunggongvirae;Uroviricota;Caudoviricetes;;
k141_1383418	9155	No terminal repeats	NA	6	11	0.9804	NA	0	8.5910	Viruses;Duplodnaviria;Heunggongvirae;Uroviricota;Caudoviricetes;;
k141_641678	5461	No terminal repeats	NA	11	11	0.9804	NA	1	6.6768	Viruses;Duplodnaviria;Heunggongvirae;Uroviricota;Caudoviricetes;;
k141_2341447	3840	No terminal repeats	NA	12	11	0.9804	NA	2	11.3720	Viruses;Duplodnaviria;Heunggongvirae;Uroviricota;Caudoviricetes;;
k141_230068	5757	No terminal repeats	NA	5	11	0.9804	NA	0	5.9484	Viruses;Duplodnaviria;Heunggongvirae;Uroviricota;Caudoviricetes;;
k141_1355704	3744	No terminal repeats	NA	7	11	0.9803	NA	3	12.0206	Viruses;Duplodnaviria;Heunggongvirae;Uroviricota;Caudoviricetes;;
k141_994184	8885	No terminal repeats	NA	9	11	0.9803	NA	1	10.2387	Viruses;Duplodnaviria;Heunggongvirae;Uroviricota;Caudoviricetes;;
k141_1116824	4597	No terminal repeats	NA	7	11	0.9803	NA	1	6.8731	Viruses;Varidnaviria;Bamfordvirae;Nucleocytoviricota;Megaviricetes;Imitervirales;
k141_925140	4768	No terminal repeats	NA	5	11	0.9803	NA	0	6.5194	Viruses;Duplodnaviria;Heunggongvirae;Uroviricota;Caudoviricetes;;
k141_1645989	5867	No terminal repeats	NA	12	11	0.9803	NA	1	13.0767	Viruses;Duplodnaviria;Heunggongvirae;Uroviricota;Caudoviricetes;;
k141_2346597	4483	No terminal repeats	NA	6	11	0.9803	NA	0	10.2831	Viruses;Duplodnaviria;Heunggongvirae;Uroviricota;Caudoviricetes;;Ackermannviridae
k141_1066305	9564	No terminal repeats	NA	12	11	0.9803	NA	1	20.1165	Viruses;Duplodnaviria;Heunggongvirae;Uroviricota;Caudoviricetes;;
k141_202170	3791	No terminal repeats	NA	11	11	0.9803	NA	0	12.5630	Viruses;Duplodnaviria;Heunggongvirae;Uroviricota;Caudoviricetes;;
k141_1572912	3869	No terminal repeats	NA	7	11	0.9803	NA	1	8.0769	Viruses;Duplodnaviria;Heunggongvirae;Uroviricota;Caudoviricetes;;
k141_530652	8052	No terminal repeats	NA	12	11	0.9803	NA	2	6.8731	Viruses;Duplodnaviria;Heunggongvirae;Uroviricota;Caudoviricetes;Crassvirales;
k141_1763712	5697	No terminal repeats	NA	7	11	0.9803	NA	0	6.5837	Viruses;Duplodnaviria;Heunggongvirae;Uroviricota;Caudoviricetes;;
k141_1168013	3704	No terminal repeats	NA	5	11	0.9803	NA	1	8.2711	Viruses;Duplodnaviria;Heunggongvirae;Uroviricota;Caudoviricetes;;
k141_2067698	9974	No terminal repeats	NA	12	11	0.9803	NA	1	19.5892	Viruses;Duplodnaviria;Heunggongvirae;Uroviricota;Caudoviricetes;;
k141_1043219	5850	No terminal repeats	NA	8	11	0.9803	NA	2	12.0280	Viruses;Duplodnaviria;Heunggongvirae;Uroviricota;Caudoviricetes;;
k141_52406	4475	No terminal repeats	NA	12	11	0.9803	NA	0	15.1060	Viruses;Duplodnaviria;Heunggongvirae;Uroviricota;Caudoviricetes;;
k141_1713888	5730	No terminal repeats	NA	5	11	0.9803	NA	0	6.8731	Viruses;Varidnaviria;Bamfordvirae;Nucleocytoviricota;Megaviricetes;;
k141_2254003	3510	No terminal repeats	NA	5	11	0.9803	NA	0	4.8799	Viruses;Duplodnaviria;Heunggongvirae;Uroviricota;Caudoviricetes;;
k141_2132777	5854	No terminal repeats	NA	11	11	0.9803	NA	2	6.3432	Viruses;Duplodnaviria;Heunggongvirae;Uroviricota;Caudoviricetes;;
k141_97799	4006	No terminal repeats	NA	5	11	0.9803	NA	1	5.9845	Viruses;Duplodnaviria;Heunggongvirae;Uroviricota;Caudoviricetes;;
k141_2153421	6885	No terminal repeats	NA	13	11	0.9803	NA	1	15.4645	Viruses;Duplodnaviria;Heunggongvirae;Uroviricota;Caudoviricetes;;Kyanoviridae
k141_2129542	5696	No terminal repeats	NA	9	11	0.9803	NA	0	11.5314	Viruses;Duplodnaviria;Heunggongvirae;Uroviricota;Caudoviricetes;;
k141_1384595	3755	No terminal repeats	NA	5	11	0.9803	NA	1	7.9448	Viruses;Duplodnaviria;Heunggongvirae;Uroviricota;Caudoviricetes;;
k141_2380969	4514	No terminal repeats	NA	9	11	0.9803	NA	0	6.7842	Viruses;Duplodnaviria;Heunggongvirae;Uroviricota;Caudoviricetes;;
k141_1704083	7418	No terminal repeats	NA	7	11	0.9803	NA	0	6.6802	Viruses;Varidnaviria;Bamfordvirae;Nucleocytoviricota;Megaviricetes;;
k141_1663373	5128	No terminal repeats	NA	13	11	0.9803	NA	0	9.8320	Viruses;Duplodnaviria;Heunggongvirae;Uroviricota;Caudoviricetes;;
k141_1181669	5271	No terminal repeats	NA	12	11	0.9803	NA	2	13.0843	Viruses;Duplodnaviria;Heunggongvirae;Uroviricota;Caudoviricetes;;
k141_506068	9901	No terminal repeats	NA	18	11	0.9803	NA	2	9.4724	Viruses;Duplodnaviria;Heunggongvirae;Uroviricota;Caudoviricetes;;
k141_2125940	9526	No terminal repeats	NA	14	11	0.9803	NA	1	19.6177	Viruses;Duplodnaviria;Heunggongvirae;Uroviricota;Caudoviricetes;;
k141_1309133	5983	No terminal repeats	NA	12	11	0.9803	NA	0	11.4717	Viruses;Duplodnaviria;Heunggongvirae;Uroviricota;Caudoviricetes;;
k141_900228	8041	No terminal repeats	NA	12	11	0.9802	NA	1	14.7277	Viruses;Duplodnaviria;Heunggongvirae;Uroviricota;Caudoviricetes;;
k141_85405	4831	No terminal repeats	NA	7	11	0.9802	NA	2	10.1621	Viruses;Duplodnaviria;Heunggongvirae;Uroviricota;Caudoviricetes;;
k141_1421256	3815	No terminal repeats	NA	10	11	0.9802	NA	1	17.0961	Viruses;Duplodnaviria;Heunggongvirae;Uroviricota;Caudoviricetes;;
k141_365368	3931	No terminal repeats	NA	6	11	0.9802	NA	0	8.2846	Viruses;Varidnaviria;Bamfordvirae;Nucleocytoviricota;Megaviricetes;Imitervirales;Mimiviridae
k141_733463	3529	No terminal repeats	NA	6	11	0.9802	NA	1	7.9286	Viruses;Duplodnaviria;Heunggongvirae;Uroviricota;Caudoviricetes;;
k141_1086522	8033	No terminal repeats	NA	6	11	0.9802	NA	0	5.1503	Viruses;Varidnaviria;Bamfordvirae;Nucleocytoviricota;Megaviricetes;Algavirales;Phycodnaviridae
k141_2344993	5458	No terminal repeats	NA	6	11	0.9802	NA	5	9.9286	Viruses;Duplodnaviria;Heunggongvirae;Uroviricota;Caudoviricetes;;
k141_2255640	6044	No terminal repeats	NA	5	11	0.9802	NA	0	8.1806	Viruses;Duplodnaviria;Heunggongvirae;Uroviricota;Caudoviricetes;;
k141_2068888	7503	No terminal repeats	NA	8	11	0.9802	NA	1	8.5914	Viruses;Duplodnaviria;Heunggongvirae;Uroviricota;Caudoviricetes;;
k141_1194756	5003	No terminal repeats	NA	7	11	0.9802	NA	0	9.7452	Viruses;Duplodnaviria;Heunggongvirae;Uroviricota;Caudoviricetes;;
k141_489633	5068	No terminal repeats	NA	9	11	0.9802	NA	0	6.0169	Viruses;Duplodnaviria;Heunggongvirae;Uroviricota;Caudoviricetes;;
k141_2045109	4874	No terminal repeats	NA	13	11	0.9802	NA	1	16.1786	Viruses;Duplodnaviria;Heunggongvirae;Uroviricota;Caudoviricetes;;
k141_1519423	7918	No terminal repeats	NA	22	11	0.9802	NA	0	11.9931	Viruses;Duplodnaviria;Heunggongvirae;Uroviricota;Caudoviricetes;;
k141_1747490	6042	No terminal repeats	NA	7	11	0.9802	NA	1	9.5674	Viruses;Duplodnaviria;Heunggongvirae;Uroviricota;Caudoviricetes;;
k141_278326	4082	No terminal repeats	NA	5	11	0.9802	NA	0	5.1378	Viruses;Varidnaviria;Bamfordvirae;Nucleocytoviricota;Megaviricetes;;
k141_644663	5272	No terminal repeats	NA	8	11	0.9802	NA	1	12.0280	Viruses;Duplodnaviria;Heunggongvirae;Uroviricota;Caudoviricetes;;Kyanoviridae
k141_1562764	4299	No terminal repeats	NA	8	11	0.9802	NA	1	9.9309	Viruses;Duplodnaviria;Heunggongvirae;Uroviricota;Caudoviricetes;;
k141_1847853	6862	No terminal repeats	NA	6	11	0.9802	NA	0	5.1548	Viruses;Varidnaviria;Bamfordvirae;Nucleocytoviricota;Megaviricetes;Algavirales;Phycodnaviridae
k141_1467565	3634	No terminal repeats	NA	5	11	0.9802	NA	1	4.8871	Viruses;Duplodnaviria;Heunggongvirae;Uroviricota;Caudoviricetes;;
k141_941220	4693	No terminal repeats	NA	13	11	0.9802	NA	0	12.2304	Viruses;Duplodnaviria;Heunggongvirae;Uroviricota;Caudoviricetes;;
k141_591228	7563	No terminal repeats	NA	7	11	0.9802	NA	0	5.9767	Viruses;Varidnaviria;Bamfordvirae;Nucleocytoviricota;Megaviricetes;Algavirales;Phycodnaviridae
k141_1609894	4724	No terminal repeats	NA	6	11	0.9802	NA	0	9.4919	Viruses;Duplodnaviria;Heunggongvirae;Uroviricota;Caudoviricetes;;
k141_1789884	7070	No terminal repeats	NA	15	11	0.9802	NA	2	15.9366	Viruses;Duplodnaviria;Heunggongvirae;Uroviricota;Caudoviricetes;;
k141_1363264	9280	No terminal repeats	NA	10	11	0.9802	NA	1	9.7773	Viruses;Varidnaviria;Bamfordvirae;Nucleocytoviricota;Megaviricetes;Algavirales;Phycodnaviridae
k141_27451	5853	No terminal repeats	NA	8	11	0.9802	NA	0	8.5368	Viruses;Duplodnaviria;Heunggongvirae;Uroviricota;Caudoviricetes;;
k141_2377591	7773	No terminal repeats	NA	11	11	0.9802	NA	1	6.8688	Viruses;Varidnaviria;Bamfordvirae;Nucleocytoviricota;Megaviricetes;;
k141_2270609	8137	No terminal repeats	NA	11	11	0.9802	NA	0	16.5623	Viruses;Duplodnaviria;Heunggongvirae;Uroviricota;Caudoviricetes;;
k141_293769	8973	No terminal repeats	NA	16	11	0.9802	NA	1	21.7253	Viruses;Duplodnaviria;Heunggongvirae;Uroviricota;Caudoviricetes;;Stanwilliamsviridae
k141_2045544	5420	No terminal repeats	NA	9	11	0.9802	NA	2	11.1996	Viruses;Duplodnaviria;Heunggongvirae;Uroviricota;Caudoviricetes;;
k141_2235050	6136	No terminal repeats	NA	10	11	0.9802	NA	0	8.5761	Viruses;Varidnaviria;Bamfordvirae;Nucleocytoviricota;Megaviricetes;Algavirales;Phycodnaviridae
k141_2265769	5107	No terminal repeats	NA	6	11	0.9801	NA	4	8.2177	Viruses;Duplodnaviria;Heunggongvirae;Uroviricota;Caudoviricetes;;
k141_1413989	5419	No terminal repeats	NA	13	11	0.9801	NA	0	6.8731	Viruses;Duplodnaviria;Heunggongvirae;Uroviricota;Caudoviricetes;;Kyanoviridae
k141_656462	9469	No terminal repeats	NA	18	11	0.9801	NA	0	19.0207	Viruses;Duplodnaviria;Heunggongvirae;Uroviricota;Caudoviricetes;;
k141_910044	3560	No terminal repeats	NA	7	11	0.9801	NA	0	6.8557	Viruses;Duplodnaviria;Heunggongvirae;Uroviricota;Caudoviricetes;;
k141_1497811	5972	No terminal repeats	NA	11	11	0.9801	NA	0	7.8177	Viruses;Duplodnaviria;Heunggongvirae;Uroviricota;Caudoviricetes;;
k141_803691	5130	No terminal repeats	NA	14	11	0.9801	NA	0	14.4044	Viruses;Duplodnaviria;Heunggongvirae;Uroviricota;Caudoviricetes;;
k141_1478074	6019	No terminal repeats	NA	8	11	0.9801	NA	0	4.8993	Viruses;Varidnaviria;Bamfordvirae;Nucleocytoviricota;Megaviricetes;;
k141_103341	43511	No terminal repeats	NA	51	11	0.9801	NA	3	25.8233	Viruses;Duplodnaviria;Heunggongvirae;Uroviricota;Caudoviricetes;;
k141_132015	4567	No terminal repeats	NA	5	11	0.9801	NA	2	6.3732	Viruses;Duplodnaviria;Heunggongvirae;Uroviricota;Caudoviricetes;;
k141_246862	7106	No terminal repeats	NA	7	11	0.9801	NA	0	8.5914	Viruses;Duplodnaviria;Heunggongvirae;Uroviricota;Caudoviricetes;;
k141_101678	6664	No terminal repeats	NA	5	11	0.9801	NA	0	5.1548	Viruses;Varidnaviria;Bamfordvirae;Nucleocytoviricota;Megaviricetes;Imitervirales;Mimiviridae
k141_249785	3517	No terminal repeats	NA	7	11	0.9801	NA	0	8.5914	Viruses;Duplodnaviria;Heunggongvirae;Uroviricota;Caudoviricetes;;
k141_1418446	5998	No terminal repeats	NA	9	11	0.9801	NA	0	8.5914	Viruses;Varidnaviria;Bamfordvirae;Nucleocytoviricota;Megaviricetes;;
k141_1316948	5112	No terminal repeats	NA	5	11	0.9801	NA	0	6.3603	Viruses;Duplodnaviria;Heunggongvirae;Uroviricota;Caudoviricetes;;
k141_1235558	6247	No terminal repeats	NA	10	11	0.9801	NA	1	6.3856	Viruses;Varidnaviria;Bamfordvirae;Nucleocytoviricota;Megaviricetes;;
k141_549812	7465	No terminal repeats	NA	12	11	0.9801	NA	1	18.5175	Viruses;Duplodnaviria;Heunggongvirae;Uroviricota;Caudoviricetes;;
k141_2386274	6984	No terminal repeats	NA	10	11	0.9801	NA	0	6.7997	Viruses;Varidnaviria;Bamfordvirae;Nucleocytoviricota;Megaviricetes;Imitervirales;Mimiviridae
k141_2100342	4618	No terminal repeats	NA	6	15	0.9801	NA	0	6.8276	Viruses;Duplodnaviria;Heunggongvirae;Uroviricota;Caudoviricetes;;
k141_1783294	4921	No terminal repeats	NA	6	11	0.9801	NA	3	8.5914	Viruses;Duplodnaviria;Heunggongvirae;Uroviricota;Caudoviricetes;;
k141_14204	8408	No terminal repeats	NA	5	11	0.9801	NA	0	5.1518	Viruses;Duplodnaviria;Heunggongvirae;Uroviricota;Caudoviricetes;;
k141_1585214	5840	No terminal repeats	NA	14	11	0.9801	NA	0	13.7221	Viruses;Duplodnaviria;Heunggongvirae;Uroviricota;Caudoviricetes;;
k141_1453856	8906	No terminal repeats	NA	7	11	0.9800	NA	1	8.5914	Viruses;Duplodnaviria;Heunggongvirae;Uroviricota;Caudoviricetes;;
k141_1912169	8620	No terminal repeats	NA	10	11	0.9800	NA	7	14.0674	Viruses;Duplodnaviria;Heunggongvirae;Uroviricota;Caudoviricetes;;
k141_2241992	9617	No terminal repeats	NA	24	11	0.9800	NA	1	24.4979	Viruses;Duplodnaviria;Heunggongvirae;Uroviricota;Caudoviricetes;;
k141_2238532	8119	No terminal repeats	NA	17	11	0.9800	NA	0	18.7237	Viruses;Varidnaviria;Bamfordvirae;Nucleocytoviricota;Megaviricetes;;
k141_408373	9306	No terminal repeats	NA	7	11	0.9800	NA	1	10.3025	Viruses;Duplodnaviria;Heunggongvirae;Uroviricota;Caudoviricetes;;
k141_108564	9879	No terminal repeats	NA	16	11	0.9800	NA	1	10.3075	Viruses;Duplodnaviria;Heunggongvirae;Uroviricota;Caudoviricetes;;
k141_1618263	4628	No terminal repeats	NA	7	11	0.9800	NA	1	8.5186	Viruses;Duplodnaviria;Heunggongvirae;Uroviricota;Caudoviricetes;;
k141_935959	4726	No terminal repeats	NA	5	11	0.9800	NA	0	8.3553	Viruses;Duplodnaviria;Heunggongvirae;Uroviricota;Caudoviricetes;;
k141_831224	8656	No terminal repeats	NA	11	11	0.9800	NA	0	16.7277	Viruses;Duplodnaviria;Heunggongvirae;Uroviricota;Caudoviricetes;;
k141_2040653	3566	No terminal repeats	NA	6	11	0.9800	NA	0	5.1548	Viruses;Varidnaviria;Bamfordvirae;Nucleocytoviricota;Megaviricetes;Algavirales;Phycodnaviridae
k141_1142985	6674	No terminal repeats	NA	5	11	0.9800	NA	0	8.3182	Viruses;Duplodnaviria;Heunggongvirae;Uroviricota;Caudoviricetes;;Kyanoviridae
k141_2242135	5326	No terminal repeats	NA	14	11	0.9800	NA	1	9.9233	Viruses;Duplodnaviria;Heunggongvirae;Uroviricota;Caudoviricetes;;
k141_1033732	6340	No terminal repeats	NA	9	11	0.9800	NA	0	11.6256	Viruses;Duplodnaviria;Heunggongvirae;Uroviricota;Caudoviricetes;;
k141_1763690	6153	No terminal repeats	NA	12	11	0.9800	NA	0	6.1952	Viruses;Duplodnaviria;Heunggongvirae;Uroviricota;Caudoviricetes;;
k141_1992168	101533	No terminal repeats	NA	171	11	0.9800	NA	17	158.0686	Viruses;Duplodnaviria;Heunggongvirae;Uroviricota;Caudoviricetes;;
k141_1203384	3840	No terminal repeats	NA	7	11	0.9800	NA	1	9.8735	Viruses;Duplodnaviria;Heunggongvirae;Uroviricota;Caudoviricetes;;
k141_678722	7265	No terminal repeats	NA	15	11	0.9800	NA	2	16.5910	Viruses;Duplodnaviria;Heunggongvirae;Uroviricota;Caudoviricetes;;
k141_676443	7341	No terminal repeats	NA	11	11	0.9800	NA	1	9.3042	Viruses;Duplodnaviria;Heunggongvirae;Uroviricota;Caudoviricetes;;
k141_2118621	5607	No terminal repeats	NA	8	11	0.9800	NA	0	10.9573	Viruses;Duplodnaviria;Heunggongvirae;Uroviricota;Caudoviricetes;;
k141_460735	8563	No terminal repeats	NA	21	11	0.9800	NA	0	21.8316	Viruses;Duplodnaviria;Heunggongvirae;Uroviricota;Caudoviricetes;;
k141_1099180	6374	No terminal repeats	NA	11	11	0.9800	NA	0	14.8709	Viruses;Duplodnaviria;Heunggongvirae;Uroviricota;Caudoviricetes;;
k141_2100696	9536	No terminal repeats	NA	10	11	0.9800	NA	0	6.6298	Viruses;Duplodnaviria;Heunggongvirae;Uroviricota;Caudoviricetes;;
k141_310500	6421	No terminal repeats	NA	7	11	0.9800	NA	0	8.3808	Viruses;Duplodnaviria;Heunggongvirae;Uroviricota;Caudoviricetes;;
k141_14414	4139	No terminal repeats	NA	16	4	0.9800	NA	1	11.0315	Viruses;Duplodnaviria;Heunggongvirae;Uroviricota;Caudoviricetes;;
k141_513380	7357	No terminal repeats	NA	5	11	0.9800	NA	0	5.1385	Viruses;Duplodnaviria;Heunggongvirae;Uroviricota;Caudoviricetes;;
k141_888336	6900	No terminal repeats	NA	7	11	0.9800	NA	0	7.3213	Viruses;Duplodnaviria;Heunggongvirae;Uroviricota;Caudoviricetes;;
k141_1649357	4786	No terminal repeats	NA	6	11	0.9800	NA	0	8.3289	Viruses;Duplodnaviria;Heunggongvirae;Uroviricota;Caudoviricetes;;
k141_770401	5748	No terminal repeats	NA	16	11	0.9799	NA	0	6.1476	Viruses;Duplodnaviria;Heunggongvirae;Uroviricota;Caudoviricetes;;
k141_1837384	4467	No terminal repeats	NA	6	11	0.9799	NA	1	6.2642	Viruses;Duplodnaviria;Heunggongvirae;Uroviricota;Caudoviricetes;;
k141_773240	5054	No terminal repeats	NA	6	11	0.9799	NA	2	9.5442	Viruses;Duplodnaviria;Heunggongvirae;Uroviricota;Caudoviricetes;;
k141_1376499	4642	No terminal repeats	NA	7	11	0.9799	NA	1	6.5253	Viruses;Duplodnaviria;Heunggongvirae;Uroviricota;Caudoviricetes;;
k141_1062390	9311	No terminal repeats	NA	12	11	0.9799	NA	0	18.2138	Viruses;Duplodnaviria;Heunggongvirae;Uroviricota;Caudoviricetes;;Stanwilliamsviridae
k141_1973598	4672	No terminal repeats	NA	5	11	0.9799	NA	5	8.2104	Viruses;Duplodnaviria;Heunggongvirae;Uroviricota;Caudoviricetes;;
k141_2207850	3789	No terminal repeats	NA	6	11	0.9799	NA	0	8.1197	Viruses;Duplodnaviria;Heunggongvirae;Uroviricota;Caudoviricetes;;
k141_1057817	5898	No terminal repeats	NA	9	11	0.9799	NA	0	7.6522	Viruses;Duplodnaviria;Heunggongvirae;Uroviricota;Caudoviricetes;;
k141_1323623	8831	No terminal repeats	NA	15	11	0.9799	NA	1	16.2848	Viruses;Duplodnaviria;Heunggongvirae;Uroviricota;Caudoviricetes;;
k141_71413	6692	No terminal repeats	NA	17	11	0.9799	NA	0	12.7608	Viruses;Duplodnaviria;Heunggongvirae;Uroviricota;Caudoviricetes;;
k141_1720627	3572	No terminal repeats	NA	6	11	0.9799	NA	1	8.3570	Viruses;Duplodnaviria;Heunggongvirae;Uroviricota;Caudoviricetes;;
k141_1832252	6773	No terminal repeats	NA	7	11	0.9799	NA	3	9.7867	Viruses;Duplodnaviria;Heunggongvirae;Uroviricota;Caudoviricetes;;
k141_2287054	4251	No terminal repeats	NA	10	11	0.9799	NA	0	8.6302	Viruses;Duplodnaviria;Heunggongvirae;Uroviricota;Caudoviricetes;;
k141_1178329	9330	No terminal repeats	NA	20	11	0.9799	NA	1	9.4631	Viruses;Duplodnaviria;Heunggongvirae;Uroviricota;Caudoviricetes;;
k141_1120689	5129	No terminal repeats	NA	11	11	0.9799	NA	1	6.6002	Viruses;Duplodnaviria;Heunggongvirae;Uroviricota;Caudoviricetes;;
k141_1996059	3563	No terminal repeats	NA	6	11	0.9799	NA	1	7.3811	Viruses;Duplodnaviria;Heunggongvirae;Uroviricota;Caudoviricetes;;
k141_175491	8193	No terminal repeats	NA	9	11	0.9799	NA	1	9.4686	Viruses;Varidnaviria;Bamfordvirae;Nucleocytoviricota;Megaviricetes;Imitervirales;
k141_1002836	3831	No terminal repeats	NA	14	11	0.9799	NA	0	10.3097	Viruses;Duplodnaviria;Heunggongvirae;Uroviricota;Caudoviricetes;;
k141_2236305	28595	No terminal repeats	NA	35	11	0.9799	NA	2	36.0279	Viruses;Duplodnaviria;Heunggongvirae;Uroviricota;Caudoviricetes;;
k141_768508	7177	No terminal repeats	NA	12	11	0.9799	NA	0	10.5709	Viruses;Duplodnaviria;Heunggongvirae;Uroviricota;Caudoviricetes;;
k141_2369475	9061	No terminal repeats	NA	13	11	0.9799	NA	0	16.8389	Viruses;Duplodnaviria;Heunggongvirae;Uroviricota;Caudoviricetes;;
k141_575637	5728	No terminal repeats	NA	5	11	0.9799	NA	1	7.4526	Viruses;Duplodnaviria;Heunggongvirae;Uroviricota;Caudoviricetes;;
k141_127802	3596	No terminal repeats	NA	9	11	0.9799	NA	1	11.1613	Viruses;Duplodnaviria;Heunggongvirae;Uroviricota;Caudoviricetes;;
k141_1353034	7199	No terminal repeats	NA	17	11	0.9799	NA	0	8.7982	Viruses;Duplodnaviria;Heunggongvirae;Uroviricota;Caudoviricetes;;
k141_891640	4316	No terminal repeats	NA	6	11	0.9799	NA	1	8.2793	Viruses;Duplodnaviria;Heunggongvirae;Uroviricota;Caudoviricetes;;
k141_1713773	8459	No terminal repeats	NA	8	11	0.9798	NA	0	6.5136	Viruses;Varidnaviria;Bamfordvirae;Nucleocytoviricota;Megaviricetes;;
k141_387167	3941	No terminal repeats	NA	7	11	0.9798	NA	0	4.9221	Viruses;Varidnaviria;Bamfordvirae;Nucleocytoviricota;Megaviricetes;Algavirales;Phycodnaviridae
k141_733818	3763	No terminal repeats	NA	7	11	0.9798	NA	1	8.1674	Viruses;Duplodnaviria;Heunggongvirae;Uroviricota;Caudoviricetes;;
k141_2230568	5861	No terminal repeats	NA	11	11	0.9798	NA	1	8.5914	Viruses;Duplodnaviria;Heunggongvirae;Uroviricota;Caudoviricetes;;
k141_104902	124525	No terminal repeats	NA	171	11	0.9798	NA	13	91.6905	Viruses;Duplodnaviria;Heunggongvirae;Uroviricota;Caudoviricetes;;
k141_1410532	5117	No terminal repeats	NA	8	11	0.9798	NA	0	10.3097	Viruses;Duplodnaviria;Heunggongvirae;Uroviricota;Caudoviricetes;;
k141_2323144	7205	No terminal repeats	NA	8	11	0.9798	NA	1	6.8731	Viruses;Varidnaviria;Bamfordvirae;Nucleocytoviricota;Megaviricetes;Imitervirales;
k141_1874092	3734	No terminal repeats	NA	5	11	0.9798	NA	0	6.8532	Viruses;Duplodnaviria;Heunggongvirae;Uroviricota;Caudoviricetes;;
k141_1965607	9421	No terminal repeats	NA	13	11	0.9798	NA	2	13.1519	Viruses;Duplodnaviria;Heunggongvirae;Uroviricota;Caudoviricetes;;
k141_126335	4829	No terminal repeats	NA	6	11	0.9798	NA	0	5.1548	Viruses;Varidnaviria;Bamfordvirae;Nucleocytoviricota;Megaviricetes;;
k141_2179658	4375	No terminal repeats	NA	6	11	0.9798	NA	0	4.9712	Unclassified
k141_1007393	6174	No terminal repeats	NA	9	11	0.9798	NA	3	6.8956	Viruses;Duplodnaviria;Heunggongvirae;Uroviricota;Caudoviricetes;;
k141_1197320	3854	No terminal repeats	NA	11	11	0.9798	NA	2	11.6159	Viruses;Duplodnaviria;Heunggongvirae;Uroviricota;Caudoviricetes;;
k141_490611	7719	No terminal repeats	NA	16	11	0.9798	NA	0	12.6162	Viruses;Duplodnaviria;Heunggongvirae;Uroviricota;Caudoviricetes;;
k141_1658990	5377	No terminal repeats	NA	18	11	0.9798	NA	0	23.4510	Viruses;Duplodnaviria;Heunggongvirae;Uroviricota;Caudoviricetes;;
k141_2315912	7547	No terminal repeats	NA	20	11	0.9798	NA	0	23.1058	Viruses;Duplodnaviria;Heunggongvirae;Uroviricota;Caudoviricetes;;
k141_540770	4945	No terminal repeats	NA	6	11	0.9798	NA	1	6.6148	Viruses;Duplodnaviria;Heunggongvirae;Uroviricota;Caudoviricetes;;
k141_706022	5996	No terminal repeats	NA	9	11	0.9798	NA	0	6.8646	Viruses;Varidnaviria;Bamfordvirae;Nucleocytoviricota;Megaviricetes;Imitervirales;Mimiviridae
k141_1992216	9388	No terminal repeats	NA	11	11	0.9798	NA	3	15.1446	Viruses;Duplodnaviria;Heunggongvirae;Uroviricota;Caudoviricetes;;
k141_1702983	7857	No terminal repeats	NA	12	11	0.9798	NA	0	4.9481	Viruses;Varidnaviria;Bamfordvirae;Nucleocytoviricota;Megaviricetes;Algavirales;Phycodnaviridae
k141_1918753	9037	No terminal repeats	NA	9	11	0.9798	NA	0	6.5663	Viruses;Varidnaviria;Bamfordvirae;Nucleocytoviricota;Megaviricetes;Imitervirales;Mimiviridae
k141_1014815	5272	No terminal repeats	NA	15	11	0.9798	NA	0	8.0858	Viruses;Duplodnaviria;Heunggongvirae;Uroviricota;Caudoviricetes;;
k141_989371	3697	No terminal repeats	NA	5	11	0.9797	NA	2	8.0196	Viruses;Duplodnaviria;Heunggongvirae;Uroviricota;Caudoviricetes;;
k141_1273542	3512	No terminal repeats	NA	6	11	0.9797	NA	2	6.0513	Viruses;Duplodnaviria;Heunggongvirae;Uroviricota;Caudoviricetes;;
k141_1070505	4443	No terminal repeats	NA	8	11	0.9797	NA	0	12.7106	Viruses;Duplodnaviria;Heunggongvirae;Uroviricota;Caudoviricetes;;
k141_1832946	6187	No terminal repeats	NA	6	11	0.9797	NA	0	5.9871	Viruses;Duplodnaviria;Heunggongvirae;Uroviricota;Caudoviricetes;;
k141_1079413	4302	No terminal repeats	NA	8	11	0.9797	NA	2	9.6599	Viruses;Duplodnaviria;Heunggongvirae;Uroviricota;Caudoviricetes;;
k141_1171447	7299	No terminal repeats	NA	17	11	0.9797	NA	0	5.3181	Viruses;Duplodnaviria;Heunggongvirae;Uroviricota;Caudoviricetes;;
k141_80623	4717	No terminal repeats	NA	7	11	0.9797	NA	0	5.1548	Viruses;Duplodnaviria;Heunggongvirae;Uroviricota;Caudoviricetes;;
k141_2307203	3802	No terminal repeats	NA	6	11	0.9797	NA	1	6.7677	Viruses;Duplodnaviria;Heunggongvirae;Uroviricota;Caudoviricetes;;
k141_973647	7587	No terminal repeats	NA	11	11	0.9797	NA	0	10.1979	Viruses;Duplodnaviria;Heunggongvirae;Uroviricota;Caudoviricetes;;Kyanoviridae
k141_230775	4354	No terminal repeats	NA	6	11	0.9797	NA	0	6.0984	Viruses;Varidnaviria;Bamfordvirae;Nucleocytoviricota;Megaviricetes;Algavirales;Phycodnaviridae
k141_1970471	9180	No terminal repeats	NA	8	11	0.9797	NA	0	5.1503	Viruses;Varidnaviria;Bamfordvirae;Nucleocytoviricota;Megaviricetes;Algavirales;Phycodnaviridae
k141_879269	4398	No terminal repeats	NA	5	11	0.9797	NA	2	7.8677	Viruses;Duplodnaviria;Heunggongvirae;Uroviricota;Caudoviricetes;;
k141_1551124	5017	No terminal repeats	NA	9	11	0.9797	NA	0	10.4135	Viruses;Duplodnaviria;Heunggongvirae;Uroviricota;Caudoviricetes;;
k141_1448627	2833	No terminal repeats	NA	6	11	0.9797	NA	1	6.8731	Viruses;Varidnaviria;Bamfordvirae;Nucleocytoviricota;Megaviricetes;Algavirales;Phycodnaviridae
k141_2132176	7176	No terminal repeats	NA	17	11	0.9797	NA	0	13.0912	Viruses;Duplodnaviria;Heunggongvirae;Uroviricota;Caudoviricetes;;
k141_1315596	4316	No terminal repeats	NA	10	11	0.9797	NA	1	8.2962	Viruses;Duplodnaviria;Heunggongvirae;Uroviricota;Caudoviricetes;;
k141_2065258	3530	No terminal repeats	NA	6	11	0.9797	NA	0	6.5803	Viruses;Duplodnaviria;Heunggongvirae;Uroviricota;Caudoviricetes;;Grimontviridae
k141_342650	6462	No terminal repeats	NA	5	11	0.9797	NA	0	6.8731	Viruses;Duplodnaviria;Heunggongvirae;Uroviricota;Caudoviricetes;;
k141_351027	4359	No terminal repeats	NA	5	11	0.9796	NA	0	5.1526	Viruses;Varidnaviria;Bamfordvirae;Nucleocytoviricota;Megaviricetes;Algavirales;Phycodnaviridae
k141_2063449	8094	No terminal repeats	NA	6	11	0.9796	NA	0	6.8631	Viruses;Varidnaviria;Bamfordvirae;Nucleocytoviricota;Megaviricetes;Imitervirales;Mimiviridae
k141_1682597	8488	No terminal repeats	NA	10	11	0.9796	NA	1	8.0710	Viruses;Duplodnaviria;Heunggongvirae;Uroviricota;Caudoviricetes;;
k141_802323	7903	No terminal repeats	NA	8	11	0.9796	NA	0	9.7022	Viruses;Duplodnaviria;Heunggongvirae;Uroviricota;Caudoviricetes;;
k141_1740272	4491	No terminal repeats	NA	9	11	0.9796	NA	1	8.0303	Viruses;Duplodnaviria;Heunggongvirae;Uroviricota;Caudoviricetes;;
k141_339171	3847	No terminal repeats	NA	5	11	0.9796	NA	0	6.8300	Viruses;Duplodnaviria;Heunggongvirae;Uroviricota;Caudoviricetes;;
k141_714784	10181	No terminal repeats	NA	19	11	0.9796	NA	2	23.8966	Viruses;Duplodnaviria;Heunggongvirae;Uroviricota;Caudoviricetes;;
k141_726795	7751	No terminal repeats	NA	6	11	0.9796	NA	1	5.5624	Viruses;Duplodnaviria;Heunggongvirae;Uroviricota;Caudoviricetes;;
k141_967801	8369	No terminal repeats	NA	13	11	0.9796	NA	0	10.5079	Viruses;Duplodnaviria;Heunggongvirae;Uroviricota;Caudoviricetes;;
k141_2346399	7253	No terminal repeats	NA	7	11	0.9796	NA	2	8.0803	Viruses;Duplodnaviria;Heunggongvirae;Uroviricota;Caudoviricetes;;
k141_597157	6560	No terminal repeats	NA	10	11	0.9796	NA	0	5.1323	Viruses;Varidnaviria;Bamfordvirae;Nucleocytoviricota;Megaviricetes;Imitervirales;Mimiviridae
k141_1403421	4245	No terminal repeats	NA	13	11	0.9796	NA	0	7.6775	Viruses;Duplodnaviria;Heunggongvirae;Uroviricota;Caudoviricetes;;
k141_1285371	7604	No terminal repeats	NA	10	11	0.9796	NA	3	9.7601	Viruses;Varidnaviria;Bamfordvirae;Nucleocytoviricota;Megaviricetes;;
k141_1257707	6744	No terminal repeats	NA	9	11	0.9796	NA	2	6.7909	Viruses;Duplodnaviria;Heunggongvirae;Uroviricota;Caudoviricetes;;
k141_873730	3922	No terminal repeats	NA	6	11	0.9796	NA	3	10.3097	Viruses;Duplodnaviria;Heunggongvirae;Uroviricota;Caudoviricetes;;
k141_305667	5319	No terminal repeats	NA	7	11	0.9796	NA	2	11.9569	Viruses;Duplodnaviria;Heunggongvirae;Uroviricota;Caudoviricetes;;
k141_288267	4336	No terminal repeats	NA	6	11	0.9795	NA	4	7.9593	Viruses;Duplodnaviria;Heunggongvirae;Uroviricota;Caudoviricetes;;
k141_594414	5551	No terminal repeats	NA	8	11	0.9795	NA	0	6.8646	Viruses;Duplodnaviria;Heunggongvirae;Uroviricota;Caudoviricetes;;
k141_1110589	6513	No terminal repeats	NA	9	11	0.9795	NA	2	13.7279	Viruses;Duplodnaviria;Heunggongvirae;Uroviricota;Caudoviricetes;;
k141_168205	6626	No terminal repeats	NA	12	11	0.9795	NA	0	8.5474	Viruses;Duplodnaviria;Heunggongvirae;Uroviricota;Caudoviricetes;;
k141_1073532	7109	No terminal repeats	NA	13	11	0.9795	NA	1	16.7287	Viruses;Duplodnaviria;Heunggongvirae;Uroviricota;Caudoviricetes;;
k141_590039	4251	No terminal repeats	NA	9	11	0.9795	NA	0	6.3265	Viruses;Duplodnaviria;Heunggongvirae;Uroviricota;Caudoviricetes;;
k141_1897906	9621	No terminal repeats	NA	14	11	0.9795	NA	0	11.4019	Viruses;Duplodnaviria;Heunggongvirae;Uroviricota;Caudoviricetes;;
k141_1282294	7129	No terminal repeats	NA	13	11	0.9795	NA	1	9.2557	Viruses;Duplodnaviria;Heunggongvirae;Uroviricota;Caudoviricetes;;
k141_927566	6429	No terminal repeats	NA	9	11	0.9795	NA	1	6.7727	Viruses;Varidnaviria;Bamfordvirae;Nucleocytoviricota;Megaviricetes;;
k141_1846734	8693	No terminal repeats	NA	9	11	0.9795	NA	3	13.7463	Viruses;Duplodnaviria;Heunggongvirae;Uroviricota;Caudoviricetes;;
k141_2350763	3435	No terminal repeats	NA	7	11	0.9795	NA	1	9.7964	Viruses;Duplodnaviria;Heunggongvirae;Uroviricota;Caudoviricetes;;
k141_402917	4737	No terminal repeats	NA	10	11	0.9795	NA	0	13.0405	Viruses;Duplodnaviria;Heunggongvirae;Uroviricota;Caudoviricetes;;
k141_1296047	4442	No terminal repeats	NA	10	11	0.9795	NA	0	9.4584	Viruses;Duplodnaviria;Heunggongvirae;Uroviricota;Caudoviricetes;;
k141_1875323	8973	No terminal repeats	NA	10	11	0.9795	NA	2	15.4461	Viruses;Duplodnaviria;Heunggongvirae;Uroviricota;Caudoviricetes;;
k141_1737168	4404	No terminal repeats	NA	8	11	0.9795	NA	1	11.6879	Viruses;Duplodnaviria;Heunggongvirae;Uroviricota;Caudoviricetes;;Kyanoviridae
k141_691537	9445	No terminal repeats	NA	16	11	0.9795	NA	3	12.2246	Viruses;Duplodnaviria;Heunggongvirae;Uroviricota;Caudoviricetes;;
k141_1651600	6103	No terminal repeats	NA	6	11	0.9795	NA	4	8.1759	Viruses;Duplodnaviria;Heunggongvirae;Uroviricota;Caudoviricetes;;
k141_1747006	3565	No terminal repeats	NA	5	11	0.9794	NA	1	5.1548	Viruses;Varidnaviria;Bamfordvirae;Nucleocytoviricota;Megaviricetes;;
k141_100754	4174	No terminal repeats	NA	10	11	0.9794	NA	2	12.7399	Viruses;Duplodnaviria;Heunggongvirae;Uroviricota;Caudoviricetes;;
k141_620179	5166	No terminal repeats	NA	7	11	0.9794	NA	1	6.2063	Viruses;Duplodnaviria;Heunggongvirae;Uroviricota;Caudoviricetes;;
k141_1362406	3759	No terminal repeats	NA	6	11	0.9794	NA	1	8.1828	Viruses;Duplodnaviria;Heunggongvirae;Uroviricota;Caudoviricetes;;
k141_2341842	3537	No terminal repeats	NA	7	11	0.9794	NA	3	8.3204	Viruses;Duplodnaviria;Heunggongvirae;Uroviricota;Caudoviricetes;;
k141_1483226	8889	No terminal repeats	NA	28	11	0.9794	NA	0	29.0879	Viruses;Duplodnaviria;Heunggongvirae;Uroviricota;Caudoviricetes;;
k141_2076629	5599	No terminal repeats	NA	5	11	0.9794	NA	0	8.3394	Viruses;Duplodnaviria;Heunggongvirae;Uroviricota;Caudoviricetes;;
k141_440328	6238	No terminal repeats	NA	8	11	0.9794	NA	0	8.3573	Viruses;Varidnaviria;Bamfordvirae;Nucleocytoviricota;Megaviricetes;Algavirales;Phycodnaviridae
k141_1111222	7500	No terminal repeats	NA	12	11	0.9794	NA	0	12.8141	Viruses;Duplodnaviria;Heunggongvirae;Uroviricota;Caudoviricetes;;
k141_459497	4390	No terminal repeats	NA	5	11	0.9794	NA	1	4.6053	Viruses;Varidnaviria;Bamfordvirae;;;;
k141_1062334	6592	No terminal repeats	NA	9	11	0.9794	NA	3	9.1511	Viruses;Duplodnaviria;Heunggongvirae;Uroviricota;Caudoviricetes;;
k141_116572	4016	No terminal repeats	NA	5	11	0.9794	NA	0	5.1502	Viruses;Varidnaviria;Bamfordvirae;Nucleocytoviricota;Megaviricetes;Imitervirales;
k141_26924	4774	No terminal repeats	NA	7	11	0.9794	NA	1	9.2753	Viruses;Duplodnaviria;Heunggongvirae;Uroviricota;Caudoviricetes;;
k141_1074343	5065	No terminal repeats	NA	6	11	0.9794	NA	0	9.9468	Viruses;Duplodnaviria;Heunggongvirae;Uroviricota;Caudoviricetes;;
k141_2261975	2868	No terminal repeats	NA	4	11	0.9794	NA	0	3.4335	Viruses;Varidnaviria;Bamfordvirae;Nucleocytoviricota;Megaviricetes;Algavirales;Phycodnaviridae
k141_1457766	4288	No terminal repeats	NA	7	11	0.9794	NA	3	8.4009	Viruses;Duplodnaviria;Heunggongvirae;Uroviricota;Caudoviricetes;;
k141_789603	9127	No terminal repeats	NA	6	11	0.9794	NA	0	7.3732	Viruses;Duplodnaviria;Heunggongvirae;Uroviricota;Caudoviricetes;;
k141_1866149	4571	No terminal repeats	NA	14	11	0.9794	NA	0	9.4282	Viruses;Duplodnaviria;Heunggongvirae;Uroviricota;Caudoviricetes;;
k141_718714	9480	No terminal repeats	NA	5	11	0.9794	NA	0	4.9087	Viruses;Duplodnaviria;Heunggongvirae;Uroviricota;Caudoviricetes;;
k141_1965573	9610	No terminal repeats	NA	11	11	0.9794	NA	0	13.4040	Viruses;Varidnaviria;Bamfordvirae;Nucleocytoviricota;Megaviricetes;Algavirales;Phycodnaviridae
k141_1824547	4266	No terminal repeats	NA	5	11	0.9794	NA	0	5.1166	Viruses;Varidnaviria;Bamfordvirae;Nucleocytoviricota;Megaviricetes;;
k141_1353656	4988	No terminal repeats	NA	6	11	0.9794	NA	0	5.9047	Viruses;Duplodnaviria;Heunggongvirae;Uroviricota;Caudoviricetes;;
k141_107280	5838	No terminal repeats	NA	18	11	0.9794	NA	0	5.1548	Viruses;Duplodnaviria;Heunggongvirae;Uroviricota;Caudoviricetes;;
k141_1393460	4511	No terminal repeats	NA	10	11	0.9794	NA	1	6.8731	Viruses;Duplodnaviria;Heunggongvirae;Uroviricota;Caudoviricetes;;Kyanoviridae
k141_1024403	6982	No terminal repeats	NA	7	11	0.9793	NA	0	9.1599	Viruses;Duplodnaviria;Heunggongvirae;Uroviricota;Caudoviricetes;;
k141_671244	6346	No terminal repeats	NA	12	11	0.9793	NA	3	8.1649	Viruses;Duplodnaviria;Heunggongvirae;Uroviricota;Caudoviricetes;;
k141_175307	7478	No terminal repeats	NA	7	11	0.9793	NA	0	6.5730	Unclassified
k141_483579	6810	No terminal repeats	NA	12	11	0.9793	NA	0	12.0253	Viruses;Varidnaviria;Bamfordvirae;Nucleocytoviricota;Megaviricetes;Algavirales;Phycodnaviridae
k141_2014864	6577	No terminal repeats	NA	11	11	0.9793	NA	0	17.1405	Viruses;Duplodnaviria;Heunggongvirae;Uroviricota;Caudoviricetes;;
k141_108501	6286	No terminal repeats	NA	6	11	0.9793	NA	2	4.6053	Viruses;Varidnaviria;Bamfordvirae;;;;
k141_497540	5606	No terminal repeats	NA	5	11	0.9793	NA	3	4.6464	Viruses;Duplodnaviria;Heunggongvirae;Uroviricota;Caudoviricetes;;
k141_522246	7833	No terminal repeats	NA	7	11	0.9793	NA	0	5.1503	Viruses;Varidnaviria;Bamfordvirae;Nucleocytoviricota;Megaviricetes;Algavirales;Phycodnaviridae
k141_2393464	38254	No terminal repeats	NA	67	11	0.9793	NA	10	56.5941	Viruses;Duplodnaviria;Heunggongvirae;Uroviricota;Caudoviricetes;;
k141_640322	9294	No terminal repeats	NA	12	11	0.9792	NA	1	5.1069	Viruses;Varidnaviria;Bamfordvirae;Nucleocytoviricota;Megaviricetes;Imitervirales;Mimiviridae
k141_2149741	7204	No terminal repeats	NA	16	11	0.9792	NA	1	16.7339	Viruses;Duplodnaviria;Heunggongvirae;Uroviricota;Caudoviricetes;;
k141_1762445	4861	No terminal repeats	NA	5	11	0.9792	NA	0	4.8893	Viruses;Varidnaviria;Bamfordvirae;Nucleocytoviricota;Megaviricetes;;
k141_882974	5348	No terminal repeats	NA	11	11	0.9792	NA	1	15.0199	Viruses;Duplodnaviria;Heunggongvirae;Uroviricota;Caudoviricetes;;
k141_126183	4547	No terminal repeats	NA	6	11	0.9792	NA	0	5.1548	Viruses;Varidnaviria;Bamfordvirae;Nucleocytoviricota;Megaviricetes;;
k141_69193	5873	No terminal repeats	NA	7	11	0.9792	NA	0	6.5788	Viruses;Varidnaviria;Bamfordvirae;Nucleocytoviricota;Megaviricetes;Algavirales;Phycodnaviridae
k141_1323539	5369	No terminal repeats	NA	9	11	0.9792	NA	2	12.7520	Viruses;Duplodnaviria;Heunggongvirae;Uroviricota;Caudoviricetes;;
k141_2408470	15650	DTR	NA	16	11	0.9792	NA	2	15.6967	Viruses;Duplodnaviria;Heunggongvirae;Uroviricota;Caudoviricetes;;
k141_1659473	27471	No terminal repeats	NA	42	11	0.9792	NA	1	26.7577	Viruses;Duplodnaviria;Heunggongvirae;Uroviricota;Caudoviricetes;;
k141_882700	5608	No terminal repeats	NA	11	11	0.9792	NA	0	14.9670	Viruses;Duplodnaviria;Heunggongvirae;Uroviricota;Caudoviricetes;;
k141_2407261	8822	No terminal repeats	NA	6	11	0.9792	NA	0	6.5485	Viruses;Varidnaviria;Bamfordvirae;Nucleocytoviricota;Megaviricetes;Algavirales;Phycodnaviridae
k141_2052179	6187	No terminal repeats	NA	8	11	0.9792	NA	0	9.8220	Viruses;Varidnaviria;Bamfordvirae;Nucleocytoviricota;Megaviricetes;Algavirales;Phycodnaviridae
k141_1858682	4118	No terminal repeats	NA	8	11	0.9792	NA	0	9.9897	Viruses;Duplodnaviria;Heunggongvirae;Uroviricota;Caudoviricetes;;
k141_431658	5429	No terminal repeats	NA	7	11	0.9792	NA	0	6.8731	Viruses;Varidnaviria;Bamfordvirae;Nucleocytoviricota;Megaviricetes;Algavirales;Phycodnaviridae
k141_1092966	4417	DTR	NA	7	11	0.9792	NA	4	11.3726	Viruses;Monodnaviria;Sangervirae;Phixviricota;Malgrandaviricetes;Petitvirales;Microviridae
k141_395557	8576	No terminal repeats	NA	14	11	0.9792	NA	4	11.2638	Viruses;Duplodnaviria;Heunggongvirae;Uroviricota;Caudoviricetes;;
k141_227372	4008	No terminal repeats	NA	5	11	0.9791	NA	1	5.8237	Viruses;Duplodnaviria;Heunggongvirae;Uroviricota;Caudoviricetes;;
k141_965540	4251	No terminal repeats	NA	5	11	0.9791	NA	1	6.8731	Viruses;Duplodnaviria;Heunggongvirae;Uroviricota;Caudoviricetes;;Kyanoviridae
k141_681043	8181	No terminal repeats	NA	10	11	0.9791	NA	0	11.8679	Viruses;Varidnaviria;Bamfordvirae;Nucleocytoviricota;Megaviricetes;;
k141_1265977	5379	No terminal repeats	NA	8	11	0.9791	NA	1	9.8638	Viruses;Duplodnaviria;Heunggongvirae;Uroviricota;Caudoviricetes;;
k141_1584262	8749	No terminal repeats	NA	11	11	0.9791	NA	0	9.8616	Viruses;Duplodnaviria;Heunggongvirae;Uroviricota;Caudoviricetes;;
k141_2224326	5487	No terminal repeats	NA	7	11	0.9791	NA	0	11.5016	Viruses;;;;;;
k141_1067410	5321	No terminal repeats	NA	5	11	0.9791	NA	0	4.8893	Viruses;Varidnaviria;Bamfordvirae;Nucleocytoviricota;Megaviricetes;;
k141_743265	3967	No terminal repeats	NA	5	11	0.9791	NA	2	7.2113	Viruses;Duplodnaviria;Heunggongvirae;Uroviricota;Caudoviricetes;;
k141_1955394	3562	No terminal repeats	NA	5	11	0.9791	NA	1	7.3811	Viruses;Duplodnaviria;Heunggongvirae;Uroviricota;Caudoviricetes;;
k141_1633488	3809	No terminal repeats	NA	5	11	0.9791	NA	1	4.9456	Viruses;Duplodnaviria;Heunggongvirae;Uroviricota;Caudoviricetes;;
k141_1821388	3693	No terminal repeats	NA	8	11	0.9791	NA	0	6.4935	Viruses;Duplodnaviria;Heunggongvirae;Uroviricota;Caudoviricetes;;
k141_1503085	6934	No terminal repeats	NA	9	11	0.9791	NA	0	11.5403	Viruses;Varidnaviria;Bamfordvirae;Nucleocytoviricota;Megaviricetes;Algavirales;Phycodnaviridae
k141_942644	6557	No terminal repeats	NA	7	11	0.9791	NA	0	4.8126	Viruses;Duplodnaviria;Heunggongvirae;Uroviricota;Caudoviricetes;;
k141_872592	9120	No terminal repeats	NA	13	11	0.9791	NA	0	4.8993	Viruses;Varidnaviria;Bamfordvirae;Nucleocytoviricota;Megaviricetes;;
k141_201901	4916	No terminal repeats	NA	7	11	0.9791	NA	0	4.7886	Viruses;Varidnaviria;Bamfordvirae;Nucleocytoviricota;Megaviricetes;Imitervirales;Mimiviridae
k141_710246	3905	No terminal repeats	NA	7	11	0.9791	NA	2	10.7725	Viruses;Duplodnaviria;Heunggongvirae;Uroviricota;Caudoviricetes;;
k141_380684	7518	No terminal repeats	NA	14	11	0.9791	NA	1	9.2775	Viruses;Duplodnaviria;Heunggongvirae;Uroviricota;Caudoviricetes;;
k141_2285778	5006	No terminal repeats	NA	7	11	0.9791	NA	1	5.9812	Viruses;Duplodnaviria;Heunggongvirae;Uroviricota;Caudoviricetes;;
k141_438589	5028	No terminal repeats	NA	6	11	0.9790	NA	1	9.0180	Viruses;Duplodnaviria;Heunggongvirae;Uroviricota;Caudoviricetes;;Stanwilliamsviridae
k141_1648356	5089	No terminal repeats	NA	6	11	0.9790	NA	0	9.6003	Viruses;Duplodnaviria;Heunggongvirae;Uroviricota;Caudoviricetes;;
k141_592590	6779	No terminal repeats	NA	7	11	0.9790	NA	0	11.4136	Viruses;Duplodnaviria;Heunggongvirae;Uroviricota;Caudoviricetes;;
k141_45491	8210	No terminal repeats	NA	15	11	0.9790	NA	0	4.3284	Viruses;Duplodnaviria;Heunggongvirae;Uroviricota;Caudoviricetes;;
k141_785490	8666	No terminal repeats	NA	24	11	0.9790	NA	0	25.3169	Viruses;Duplodnaviria;Heunggongvirae;Uroviricota;Caudoviricetes;;
k141_2274196	3578	No terminal repeats	NA	5	11	0.9790	NA	0	5.1548	Viruses;Varidnaviria;Bamfordvirae;Nucleocytoviricota;Megaviricetes;Algavirales;Phycodnaviridae
k141_2132113	6254	No terminal repeats	NA	18	11	0.9790	NA	1	12.8397	Viruses;Duplodnaviria;Heunggongvirae;Uroviricota;Caudoviricetes;;
k141_2232582	6115	No terminal repeats	NA	12	11	0.9790	NA	1	11.4995	Viruses;Duplodnaviria;Heunggongvirae;Uroviricota;Caudoviricetes;;
k141_635980	5228	No terminal repeats	NA	10	11	0.9790	NA	0	11.8487	Viruses;Duplodnaviria;Heunggongvirae;Uroviricota;Caudoviricetes;;
k141_1021358	7869	No terminal repeats	NA	11	11	0.9790	NA	0	11.8024	Viruses;Varidnaviria;Bamfordvirae;Nucleocytoviricota;Megaviricetes;Algavirales;Phycodnaviridae
k141_202768	8836	No terminal repeats	NA	9	11	0.9790	NA	2	11.7207	Viruses;Duplodnaviria;Heunggongvirae;Uroviricota;Caudoviricetes;;
k141_590555	3757	No terminal repeats	NA	9	11	0.9790	NA	0	5.6981	Viruses;Duplodnaviria;Heunggongvirae;Uroviricota;Caudoviricetes;;
k141_2379605	8612	No terminal repeats	NA	9	11	0.9790	NA	0	12.6597	Viruses;Varidnaviria;Bamfordvirae;Nucleocytoviricota;Megaviricetes;Algavirales;Phycodnaviridae
k141_1328397	145752	No terminal repeats	NA	187	11	0.9789	NA	38	178.9017	Viruses;Duplodnaviria;Heunggongvirae;Uroviricota;Caudoviricetes;;
k141_1835555	43068	No terminal repeats	NA	34	11	0.9789	NA	3	41.5005	Viruses;Duplodnaviria;Heunggongvirae;Uroviricota;Caudoviricetes;;
k141_640714	7641	No terminal repeats	NA	9	11	0.9789	NA	0	8.5905	Viruses;Varidnaviria;Bamfordvirae;Preplasmiviricota;Maveriviricetes;Priklausovirales;
k141_2360986	6122	No terminal repeats	NA	7	11	0.9789	NA	1	10.2068	Viruses;Duplodnaviria;Heunggongvirae;Uroviricota;Caudoviricetes;;
k141_709247	8578	No terminal repeats	NA	13	11	0.9789	NA	4	22.1083	Viruses;Duplodnaviria;Heunggongvirae;Uroviricota;Caudoviricetes;;
k141_2372199	4319	No terminal repeats	NA	9	11	0.9789	NA	1	9.4607	Viruses;Duplodnaviria;Heunggongvirae;Uroviricota;Caudoviricetes;;
k141_941716	8766	No terminal repeats	NA	9	11	0.9789	NA	0	5.8949	Viruses;Duplodnaviria;Heunggongvirae;Uroviricota;Caudoviricetes;;
k141_289505	8029	No terminal repeats	NA	19	11	0.9789	NA	0	10.7078	Viruses;Duplodnaviria;Heunggongvirae;Uroviricota;Caudoviricetes;;
k141_168872	3981	No terminal repeats	NA	6	11	0.9789	NA	0	6.8483	Viruses;Duplodnaviria;Heunggongvirae;Uroviricota;Caudoviricetes;;
k141_2199332	6741	No terminal repeats	NA	13	11	0.9789	NA	2	16.6794	Viruses;Duplodnaviria;Heunggongvirae;Uroviricota;Caudoviricetes;Crassvirales;
k141_43226	7757	No terminal repeats	NA	8	11	0.9789	NA	0	11.0570	Viruses;Duplodnaviria;Heunggongvirae;Uroviricota;Caudoviricetes;;Autographiviridae
k141_2385213	6250	No terminal repeats	NA	8	11	0.9789	NA	1	8.6286	Viruses;Duplodnaviria;Heunggongvirae;Uroviricota;Caudoviricetes;;
k141_1252678	4700	No terminal repeats	NA	8	11	0.9789	NA	0	9.9087	Viruses;Varidnaviria;Bamfordvirae;Nucleocytoviricota;Megaviricetes;;
k141_1170000	6001	No terminal repeats	NA	14	11	0.9789	NA	2	12.2806	Viruses;Duplodnaviria;Heunggongvirae;Uroviricota;Caudoviricetes;;
k141_668763	4550	No terminal repeats	NA	7	11	0.9789	NA	5	10.3097	Viruses;Duplodnaviria;Heunggongvirae;Uroviricota;Caudoviricetes;;
k141_1742410	5830	No terminal repeats	NA	12	11	0.9789	NA	0	7.6133	Viruses;Duplodnaviria;Heunggongvirae;Uroviricota;Caudoviricetes;;
k141_264508	6862	No terminal repeats	NA	16	11	0.9789	NA	0	8.5032	Viruses;Duplodnaviria;Heunggongvirae;Uroviricota;Caudoviricetes;;
k141_465857	7722	No terminal repeats	NA	10	11	0.9788	NA	0	5.1548	Viruses;Varidnaviria;Bamfordvirae;Nucleocytoviricota;Megaviricetes;Imitervirales;
k141_1202223	5510	No terminal repeats	NA	10	11	0.9788	NA	0	8.0227	Viruses;Duplodnaviria;Heunggongvirae;Uroviricota;Caudoviricetes;;
k141_1854020	4213	No terminal repeats	NA	6	11	0.9788	NA	0	9.8748	Viruses;Duplodnaviria;Heunggongvirae;Uroviricota;Caudoviricetes;;
k141_655050	4656	No terminal repeats	NA	7	11	0.9788	NA	1	7.5447	Viruses;Duplodnaviria;Heunggongvirae;Uroviricota;Caudoviricetes;;
k141_448794	4682	No terminal repeats	NA	6	11	0.9788	NA	0	3.4366	Viruses;Varidnaviria;Bamfordvirae;Nucleocytoviricota;Megaviricetes;;
k141_792942	4448	No terminal repeats	NA	6	11	0.9788	NA	0	8.4121	Viruses;Duplodnaviria;Heunggongvirae;Uroviricota;Caudoviricetes;;
k141_411505	3825	No terminal repeats	NA	5	11	0.9788	NA	0	6.4813	Viruses;Duplodnaviria;Heunggongvirae;Uroviricota;Caudoviricetes;;
k141_1389626	7231	No terminal repeats	NA	5	11	0.9788	NA	1	5.5206	Viruses;Duplodnaviria;Heunggongvirae;Uroviricota;Caudoviricetes;;
k141_401931	7375	No terminal repeats	NA	16	11	0.9788	NA	0	9.2751	Viruses;Duplodnaviria;Heunggongvirae;Uroviricota;Caudoviricetes;;
k141_2041174	3912	No terminal repeats	NA	8	11	0.9788	NA	1	7.6245	Viruses;Duplodnaviria;Heunggongvirae;Uroviricota;Caudoviricetes;;
k141_387916	4432	No terminal repeats	NA	5	11	0.9788	NA	2	5.6364	Viruses;Duplodnaviria;Heunggongvirae;Uroviricota;Caudoviricetes;;
k141_2406904	4303	No terminal repeats	NA	5	11	0.9788	NA	0	6.6349	Viruses;Duplodnaviria;Heunggongvirae;Uroviricota;Caudoviricetes;;
k141_2394623	9274	No terminal repeats	NA	9	11	0.9788	NA	0	5.1548	Viruses;Duplodnaviria;Heunggongvirae;Uroviricota;Caudoviricetes;;Stanwilliamsviridae
k141_684335	6294	No terminal repeats	NA	9	11	0.9788	NA	1	9.9181	Viruses;Duplodnaviria;Heunggongvirae;Uroviricota;Caudoviricetes;;
k141_826390	6248	No terminal repeats	NA	7	11	0.9787	NA	1	8.5816	Viruses;Varidnaviria;Bamfordvirae;Nucleocytoviricota;Megaviricetes;;
k141_78662	4716	No terminal repeats	NA	7	11	0.9787	NA	0	10.0699	Viruses;Duplodnaviria;Heunggongvirae;Uroviricota;Caudoviricetes;;
k141_615254	6384	No terminal repeats	NA	11	11	0.9787	NA	4	13.0482	Viruses;Duplodnaviria;Heunggongvirae;Uroviricota;Caudoviricetes;;
k141_1914543	5342	No terminal repeats	NA	7	11	0.9787	NA	0	6.1229	Viruses;Varidnaviria;Bamfordvirae;Nucleocytoviricota;Megaviricetes;Algavirales;Phycodnaviridae
k141_1675800	7962	No terminal repeats	NA	17	11	0.9787	NA	1	11.2693	Viruses;Duplodnaviria;Heunggongvirae;Uroviricota;Caudoviricetes;;
k141_1132849	4968	No terminal repeats	NA	7	11	0.9787	NA	2	3.4366	Viruses;Varidnaviria;Bamfordvirae;Nucleocytoviricota;Megaviricetes;Imitervirales;Mimiviridae
k141_36728	3612	No terminal repeats	NA	5	11	0.9787	NA	0	5.1486	Viruses;Duplodnaviria;Heunggongvirae;Uroviricota;Caudoviricetes;;Kyanoviridae
k141_1885912	5896	No terminal repeats	NA	14	11	0.9787	NA	0	7.8862	Viruses;Duplodnaviria;Heunggongvirae;Uroviricota;Caudoviricetes;;Kyanoviridae
k141_350691	9241	No terminal repeats	NA	9	11	0.9787	NA	0	8.5764	Viruses;Duplodnaviria;Heunggongvirae;Uroviricota;Caudoviricetes;;
k141_343117	3848	No terminal repeats	NA	13	11	0.9787	NA	0	12.1555	Viruses;Duplodnaviria;Heunggongvirae;Uroviricota;Caudoviricetes;;
k141_1728282	3951	No terminal repeats	NA	8	11	0.9787	NA	0	5.1548	Viruses;Duplodnaviria;Heunggongvirae;Uroviricota;Caudoviricetes;;
k141_271305	3764	No terminal repeats	NA	6	11	0.9787	NA	0	4.3183	Viruses;Varidnaviria;Bamfordvirae;Nucleocytoviricota;Megaviricetes;;
k141_1478652	8010	No terminal repeats	NA	11	11	0.9787	NA	3	16.7123	Viruses;Duplodnaviria;Heunggongvirae;Uroviricota;Caudoviricetes;;
k141_2149576	7120	No terminal repeats	NA	9	11	0.9787	NA	0	10.2303	Viruses;Varidnaviria;Bamfordvirae;Nucleocytoviricota;Megaviricetes;Algavirales;Phycodnaviridae
k141_719547	3650	No terminal repeats	NA	5	11	0.9787	NA	0	7.3443	Viruses;Duplodnaviria;Heunggongvirae;Uroviricota;Caudoviricetes;;
k141_900004	4811	No terminal repeats	NA	15	11	0.9787	NA	0	13.6518	Viruses;Duplodnaviria;Heunggongvirae;Uroviricota;Caudoviricetes;;
k141_1211050	4497	No terminal repeats	NA	10	11	0.9787	NA	1	13.5495	Viruses;Duplodnaviria;Heunggongvirae;Uroviricota;Caudoviricetes;;
k141_249743	4156	No terminal repeats	NA	6	11	0.9787	NA	2	8.0466	Viruses;Duplodnaviria;Heunggongvirae;Uroviricota;Caudoviricetes;;
k141_2261552	8999	No terminal repeats	NA	7	11	0.9786	NA	0	6.0768	Viruses;Duplodnaviria;Heunggongvirae;Uroviricota;Caudoviricetes;;
k141_1161703	4579	No terminal repeats	NA	5	11	0.9786	NA	2	5.8855	Viruses;Duplodnaviria;Heunggongvirae;Uroviricota;Caudoviricetes;;Stanwilliamsviridae
k141_227378	3575	No terminal repeats	NA	5	15	0.9786	NA	1	5.9425	Viruses;Duplodnaviria;Heunggongvirae;Uroviricota;Caudoviricetes;;
k141_1965699	4644	No terminal repeats	NA	6	11	0.9786	NA	0	4.8850	Unclassified
k141_1087389	7447	No terminal repeats	NA	10	11	0.9786	NA	0	8.2215	Viruses;Duplodnaviria;Heunggongvirae;Uroviricota;Caudoviricetes;;
k141_955946	8931	No terminal repeats	NA	26	11	0.9786	NA	0	21.4429	Viruses;Duplodnaviria;Heunggongvirae;Uroviricota;Caudoviricetes;;
k141_450585	3701	No terminal repeats	NA	9	11	0.9786	NA	2	10.0673	Viruses;Duplodnaviria;Heunggongvirae;Uroviricota;Caudoviricetes;;
k141_1471751	4851	No terminal repeats	NA	11	11	0.9786	NA	0	11.0958	Viruses;Duplodnaviria;Heunggongvirae;Uroviricota;Caudoviricetes;;
k141_303076	5063	No terminal repeats	NA	7	11	0.9786	NA	0	8.6125	Viruses;Duplodnaviria;Heunggongvirae;Uroviricota;Caudoviricetes;;
k141_1364411	112011	DTR	NA	148	11	0.9786	NA	12	189.8427	Viruses;Duplodnaviria;Heunggongvirae;Uroviricota;Caudoviricetes;;
k141_7188	5475	No terminal repeats	NA	11	11	0.9785	NA	0	4.4651	Viruses;Duplodnaviria;Heunggongvirae;Uroviricota;Caudoviricetes;;
k141_2330062	8024	No terminal repeats	NA	19	11	0.9785	NA	1	19.2577	Viruses;Duplodnaviria;Heunggongvirae;Uroviricota;Caudoviricetes;;
k141_398430	4536	No terminal repeats	NA	5	11	0.9785	NA	0	5.1498	Viruses;Duplodnaviria;Heunggongvirae;Uroviricota;Caudoviricetes;;
k141_508563	8890	No terminal repeats	NA	10	11	0.9785	NA	0	4.8861	Viruses;Varidnaviria;Bamfordvirae;Nucleocytoviricota;Megaviricetes;;
k141_964538	4479	No terminal repeats	NA	9	11	0.9785	NA	2	10.2980	Viruses;Duplodnaviria;Heunggongvirae;Uroviricota;Caudoviricetes;;
k141_648372	4588	No terminal repeats	NA	7	11	0.9785	NA	3	8.0737	Viruses;Duplodnaviria;Heunggongvirae;Uroviricota;Caudoviricetes;;
k141_746840	3811	No terminal repeats	NA	10	11	0.9785	NA	0	10.5767	Viruses;Duplodnaviria;Heunggongvirae;Uroviricota;Caudoviricetes;;Stanwilliamsviridae
k141_1493392	4415	No terminal repeats	NA	7	11	0.9785	NA	1	8.5914	Viruses;Varidnaviria;Bamfordvirae;Nucleocytoviricota;Megaviricetes;;
k141_1586311	4260	No terminal repeats	NA	7	11	0.9785	NA	0	11.2042	Viruses;Duplodnaviria;Heunggongvirae;Uroviricota;Caudoviricetes;;
k141_400561	4498	No terminal repeats	NA	6	11	0.9785	NA	0	4.4462	Viruses;Duplodnaviria;Heunggongvirae;Uroviricota;Caudoviricetes;;
k141_222433	7557	No terminal repeats	NA	10	11	0.9785	NA	0	6.6790	Viruses;Varidnaviria;Bamfordvirae;Nucleocytoviricota;Megaviricetes;;
k141_1564475	5767	No terminal repeats	NA	23	11	0.9785	NA	0	11.4919	Viruses;Duplodnaviria;Heunggongvirae;Uroviricota;Caudoviricetes;;
k141_1095827	6906	No terminal repeats	NA	10	11	0.9785	NA	4	7.1947	Viruses;Duplodnaviria;Heunggongvirae;Uroviricota;Caudoviricetes;;
k141_2111797	7282	No terminal repeats	NA	10	11	0.9785	NA	0	13.3689	Viruses;Duplodnaviria;Heunggongvirae;Uroviricota;Caudoviricetes;;
k141_1259283	4264	No terminal repeats	NA	9	11	0.9785	NA	0	11.1790	Viruses;Duplodnaviria;Heunggongvirae;Uroviricota;Caudoviricetes;;
k141_144409	6527	No terminal repeats	NA	11	11	0.9785	NA	0	10.4434	Viruses;Duplodnaviria;Heunggongvirae;Uroviricota;Caudoviricetes;;
k141_510067	6763	No terminal repeats	NA	8	11	0.9785	NA	0	5.1296	Viruses;Varidnaviria;Bamfordvirae;Nucleocytoviricota;Megaviricetes;;
k141_1873640	4960	No terminal repeats	NA	8	11	0.9785	NA	0	10.3097	Viruses;Varidnaviria;Bamfordvirae;Nucleocytoviricota;Megaviricetes;Imitervirales;Mimiviridae
k141_665170	3804	No terminal repeats	NA	6	11	0.9784	NA	1	8.5896	Viruses;Duplodnaviria;Heunggongvirae;Uroviricota;Caudoviricetes;;
k141_1178685	6745	No terminal repeats	NA	9	11	0.9784	NA	0	3.4342	Viruses;Varidnaviria;Bamfordvirae;Nucleocytoviricota;Megaviricetes;;
k141_1239463	6271	No terminal repeats	NA	8	11	0.9784	NA	2	9.0670	Viruses;Duplodnaviria;Heunggongvirae;Uroviricota;Caudoviricetes;;
k141_1695549	8138	No terminal repeats	NA	6	11	0.9784	NA	0	6.8105	Viruses;Varidnaviria;Bamfordvirae;Nucleocytoviricota;Megaviricetes;;
k141_1220661	4252	No terminal repeats	NA	6	11	0.9784	NA	0	8.0169	Viruses;Duplodnaviria;Heunggongvirae;Uroviricota;Caudoviricetes;;
k141_466011	3886	No terminal repeats	NA	6	11	0.9784	NA	0	3.4366	Viruses;Varidnaviria;Bamfordvirae;Nucleocytoviricota;Megaviricetes;;
k141_1083871	3569	No terminal repeats	NA	7	11	0.9784	NA	0	6.0102	Viruses;Varidnaviria;Bamfordvirae;Nucleocytoviricota;Megaviricetes;;
k141_906953	9263	No terminal repeats	NA	12	11	0.9784	NA	0	13.1999	Viruses;Varidnaviria;Bamfordvirae;Nucleocytoviricota;Megaviricetes;;
k141_1077092	3661	No terminal repeats	NA	12	11	0.9784	NA	0	8.6499	Viruses;Duplodnaviria;Heunggongvirae;Uroviricota;Caudoviricetes;;
k141_573550	5110	No terminal repeats	NA	9	11	0.9784	NA	1	10.1517	Viruses;Duplodnaviria;Heunggongvirae;Uroviricota;Caudoviricetes;;
k141_1936853	5207	No terminal repeats	NA	7	11	0.9784	NA	2	6.4577	Viruses;Duplodnaviria;Heunggongvirae;Uroviricota;Caudoviricetes;;
k141_1951700	4643	No terminal repeats	NA	15	11	0.9783	NA	0	11.7112	Viruses;Duplodnaviria;Heunggongvirae;Uroviricota;Caudoviricetes;;
k141_463875	5593	No terminal repeats	NA	13	11	0.9783	NA	0	13.3753	Viruses;Duplodnaviria;Heunggongvirae;Uroviricota;Caudoviricetes;;
k141_1819545	3904	No terminal repeats	NA	5	11	0.9783	NA	1	6.3464	Viruses;Duplodnaviria;Heunggongvirae;Uroviricota;Caudoviricetes;;
k141_286242	4139	No terminal repeats	NA	5	11	0.9783	NA	0	5.1296	Viruses;Varidnaviria;Bamfordvirae;Nucleocytoviricota;Megaviricetes;Imitervirales;Mimiviridae
k141_280390	6942	No terminal repeats	NA	8	11	0.9783	NA	1	3.4366	Viruses;Varidnaviria;Bamfordvirae;Nucleocytoviricota;Megaviricetes;;
k141_99109	5152	No terminal repeats	NA	17	11	0.9783	NA	0	8.1925	Viruses;Duplodnaviria;Heunggongvirae;Uroviricota;Caudoviricetes;;
k141_2389858	3501	No terminal repeats	NA	7	11	0.9783	NA	0	4.5428	Viruses;Duplodnaviria;Heunggongvirae;Uroviricota;Caudoviricetes;;
k141_24356	9273	No terminal repeats	NA	13	11	0.9783	NA	2	20.4774	Viruses;Duplodnaviria;Heunggongvirae;Uroviricota;Caudoviricetes;;Kyanoviridae
k141_1861967	8829	No terminal repeats	NA	7	11	0.9783	NA	0	6.8731	Viruses;Duplodnaviria;Heunggongvirae;Uroviricota;Caudoviricetes;;Stanwilliamsviridae
k141_829563	4313	No terminal repeats	NA	6	11	0.9783	NA	1	3.4366	Viruses;Varidnaviria;Bamfordvirae;Nucleocytoviricota;Megaviricetes;Imitervirales;
k141_2364231	173444	DTR	NA	196	11	0.9783	NA	3	119.2952	Viruses;Duplodnaviria;Heunggongvirae;Uroviricota;Caudoviricetes;;
k141_2054988	6387	No terminal repeats	NA	14	11	0.9783	NA	1	10.4855	Viruses;Duplodnaviria;Heunggongvirae;Uroviricota;Caudoviricetes;;
k141_2111151	6385	No terminal repeats	NA	11	11	0.9783	NA	0	15.1829	Viruses;Duplodnaviria;Heunggongvirae;Uroviricota;Caudoviricetes;;
k141_1173712	6555	No terminal repeats	NA	9	11	0.9783	NA	0	9.3252	Viruses;Duplodnaviria;Heunggongvirae;Uroviricota;Caudoviricetes;;
k141_2340535	7621	No terminal repeats	NA	6	11	0.9783	NA	0	6.4528	Viruses;;;;;;
k141_916851	4033	No terminal repeats	NA	5	11	0.9783	NA	1	6.5852	Viruses;Duplodnaviria;Heunggongvirae;Uroviricota;Caudoviricetes;;
k141_240543	3755	No terminal repeats	NA	5	11	0.9783	NA	0	8.0589	Viruses;Duplodnaviria;Heunggongvirae;Uroviricota;Caudoviricetes;;
k141_1214431	5014	No terminal repeats	NA	8	11	0.9783	NA	0	6.5450	Viruses;Varidnaviria;Bamfordvirae;Nucleocytoviricota;Megaviricetes;Imitervirales;Allomimiviridae
k141_2364201	3524	No terminal repeats	NA	5	11	0.9783	NA	2	5.1059	Viruses;Duplodnaviria;Heunggongvirae;Uroviricota;Caudoviricetes;;
k141_2403027	4279	No terminal repeats	NA	9	11	0.9783	NA	5	8.8749	Viruses;Duplodnaviria;Heunggongvirae;Uroviricota;Caudoviricetes;;
k141_904396	4263	No terminal repeats	NA	11	11	0.9783	NA	0	14.9117	Viruses;Duplodnaviria;Heunggongvirae;Uroviricota;Caudoviricetes;;
k141_1092240	3728	No terminal repeats	NA	6	11	0.9783	NA	1	8.2599	Viruses;Duplodnaviria;Heunggongvirae;Uroviricota;Caudoviricetes;;
k141_1207032	4283	No terminal repeats	NA	13	11	0.9783	NA	0	6.5144	Viruses;Duplodnaviria;Heunggongvirae;Uroviricota;Caudoviricetes;;
k141_418614	3710	No terminal repeats	NA	5	11	0.9783	NA	0	6.1601	Viruses;Duplodnaviria;Heunggongvirae;Uroviricota;Caudoviricetes;;
k141_122981	6787	No terminal repeats	NA	7	11	0.9783	NA	0	3.4366	Viruses;Varidnaviria;Bamfordvirae;Nucleocytoviricota;Megaviricetes;Imitervirales;Mimiviridae
k141_483528	5890	No terminal repeats	NA	10	11	0.9783	NA	1	7.9994	Viruses;Duplodnaviria;Heunggongvirae;Uroviricota;Caudoviricetes;;
k141_2002252	4348	No terminal repeats	NA	5	11	0.9782	NA	1	7.8058	Viruses;Duplodnaviria;Heunggongvirae;Uroviricota;Caudoviricetes;;
k141_641875	5220	No terminal repeats	NA	9	11	0.9782	NA	2	5.1548	Viruses;Varidnaviria;Bamfordvirae;Nucleocytoviricota;Megaviricetes;;
k141_1789749	7198	No terminal repeats	NA	8	11	0.9782	NA	0	4.0368	Viruses;Varidnaviria;Bamfordvirae;Nucleocytoviricota;Megaviricetes;Imitervirales;Mimiviridae
k141_1398703	5614	No terminal repeats	NA	11	11	0.9782	NA	0	12.5824	Viruses;Duplodnaviria;Heunggongvirae;Uroviricota;Caudoviricetes;;
k141_1157194	4262	No terminal repeats	NA	6	11	0.9782	NA	0	7.9005	Viruses;Duplodnaviria;Heunggongvirae;Uroviricota;Caudoviricetes;;
k141_973911	3543	No terminal repeats	NA	7	11	0.9782	NA	0	5.8212	Viruses;Duplodnaviria;Heunggongvirae;Uroviricota;Caudoviricetes;;
k141_193536	3583	No terminal repeats	NA	5	11	0.9782	NA	1	8.2430	Viruses;Duplodnaviria;Heunggongvirae;Uroviricota;Caudoviricetes;;
k141_1599527	4962	No terminal repeats	NA	9	11	0.9782	NA	0	6.6711	Viruses;Varidnaviria;Bamfordvirae;Nucleocytoviricota;Megaviricetes;Algavirales;Phycodnaviridae
k141_1528359	3720	No terminal repeats	NA	12	11	0.9782	NA	0	5.3408	Viruses;Duplodnaviria;Heunggongvirae;Uroviricota;Caudoviricetes;;
k141_289249	4739	No terminal repeats	NA	5	11	0.9782	NA	0	8.5675	Viruses;Duplodnaviria;Heunggongvirae;Uroviricota;Caudoviricetes;;
k141_207830	4604	No terminal repeats	NA	11	4	0.9782	NA	0	7.5561	Viruses;Duplodnaviria;Heunggongvirae;Uroviricota;Caudoviricetes;;
k141_2221694	5069	No terminal repeats	NA	8	11	0.9782	NA	0	5.1093	Viruses;Duplodnaviria;Heunggongvirae;Uroviricota;Caudoviricetes;;
k141_1066861	4499	No terminal repeats	NA	6	11	0.9781	NA	1	5.1548	Viruses;Varidnaviria;Bamfordvirae;Nucleocytoviricota;Megaviricetes;Imitervirales;Mimiviridae
k141_91980	7201	No terminal repeats	NA	11	11	0.9781	NA	0	5.1548	Viruses;Varidnaviria;Bamfordvirae;Nucleocytoviricota;Megaviricetes;Algavirales;Phycodnaviridae
k141_76267	7395	No terminal repeats	NA	8	11	0.9781	NA	1	8.1308	Viruses;Duplodnaviria;Heunggongvirae;Uroviricota;Caudoviricetes;;
k141_1501196	5193	No terminal repeats	NA	9	11	0.9781	NA	0	11.0399	Viruses;Duplodnaviria;Heunggongvirae;Uroviricota;Caudoviricetes;;
k141_149749	4457	No terminal repeats	NA	8	11	0.9781	NA	2	8.1334	Viruses;Duplodnaviria;Heunggongvirae;Uroviricota;Caudoviricetes;;
k141_1864267	39809	DTR	NA	41	11	0.9781	NA	4	20.0028	Viruses;Duplodnaviria;Heunggongvirae;Uroviricota;Caudoviricetes;;
k141_1378488	3654	No terminal repeats	NA	5	11	0.9781	NA	2	8.5720	Viruses;Duplodnaviria;Heunggongvirae;Uroviricota;Caudoviricetes;;
k141_1777633	7876	No terminal repeats	NA	9	11	0.9781	NA	0	6.6311	Viruses;Varidnaviria;Bamfordvirae;Nucleocytoviricota;Megaviricetes;;
k141_1407029	6274	No terminal repeats	NA	5	11	0.9781	NA	0	5.9423	Viruses;Duplodnaviria;Heunggongvirae;Uroviricota;Caudoviricetes;;
k141_1696487	3535	No terminal repeats	NA	8	11	0.9781	NA	0	11.6622	Viruses;Duplodnaviria;Heunggongvirae;Uroviricota;Caudoviricetes;;
k141_1876129	4564	No terminal repeats	NA	8	11	0.9781	NA	2	11.0144	Viruses;Duplodnaviria;Heunggongvirae;Uroviricota;Caudoviricetes;;
k141_1131524	4124	No terminal repeats	NA	8	11	0.9781	NA	0	3.1921	Viruses;Duplodnaviria;Heunggongvirae;Uroviricota;Caudoviricetes;;
k141_1913275	5845	No terminal repeats	NA	7	11	0.9780	NA	3	10.3097	Viruses;Duplodnaviria;Heunggongvirae;Uroviricota;Caudoviricetes;;
k141_783868	2932	No terminal repeats	NA	5	11	0.9780	NA	0	4.8101	Viruses;Duplodnaviria;Heunggongvirae;Uroviricota;Caudoviricetes;;
k141_1855568	5667	No terminal repeats	NA	7	11	0.9780	NA	5	9.2216	Viruses;Duplodnaviria;Heunggongvirae;Uroviricota;Caudoviricetes;;
k141_2378767	115374	No terminal repeats	NA	154	11	0.9780	NA	20	154.1402	Viruses;Duplodnaviria;Heunggongvirae;Uroviricota;Caudoviricetes;;
k141_942185	8554	No terminal repeats	NA	19	11	0.9780	NA	1	27.8235	Viruses;Duplodnaviria;Heunggongvirae;Uroviricota;Caudoviricetes;;
k141_672894	6320	No terminal repeats	NA	8	11	0.9780	NA	2	11.8623	Viruses;Duplodnaviria;Heunggongvirae;Uroviricota;Caudoviricetes;;
k141_419853	6649	No terminal repeats	NA	5	11	0.9780	NA	0	6.6784	Viruses;Duplodnaviria;Heunggongvirae;Uroviricota;Caudoviricetes;;
k141_2277349	5628	No terminal repeats	NA	13	11	0.9780	NA	1	12.4938	Viruses;Duplodnaviria;Heunggongvirae;Uroviricota;Caudoviricetes;;
k141_864227	5330	No terminal repeats	NA	6	11	0.9780	NA	0	6.4212	Viruses;Varidnaviria;Bamfordvirae;Nucleocytoviricota;Megaviricetes;Algavirales;Phycodnaviridae
k141_2405239	7868	No terminal repeats	NA	12	11	0.9780	NA	6	18.1322	Viruses;Duplodnaviria;Heunggongvirae;Uroviricota;Caudoviricetes;;
k141_1849264	5264	No terminal repeats	NA	8	11	0.9780	NA	1	8.5914	Viruses;Duplodnaviria;Heunggongvirae;Uroviricota;Caudoviricetes;;
k141_141608	5720	No terminal repeats	NA	9	11	0.9780	NA	1	9.1943	Viruses;Duplodnaviria;Heunggongvirae;Uroviricota;Caudoviricetes;;
k141_111179	3971	No terminal repeats	NA	7	11	0.9780	NA	0	5.5312	Viruses;Duplodnaviria;Heunggongvirae;Uroviricota;Caudoviricetes;;
k141_2071243	4772	No terminal repeats	NA	6	11	0.9780	NA	0	5.1548	Viruses;Varidnaviria;Bamfordvirae;Preplasmiviricota;Maveriviricetes;Priklausovirales;
k141_1484507	5303	No terminal repeats	NA	21	11	0.9780	NA	0	5.1539	Unclassified
k141_3001	6149	No terminal repeats	NA	10	11	0.9779	NA	1	6.9365	Viruses;Duplodnaviria;Heunggongvirae;Uroviricota;Caudoviricetes;;
k141_193381	4939	No terminal repeats	NA	9	11	0.9779	NA	6	9.8292	Viruses;Duplodnaviria;Heunggongvirae;Uroviricota;Caudoviricetes;;
k141_1670198	111665	No terminal repeats	NA	164	11	0.9779	NA	12	132.9550	Viruses;Duplodnaviria;Heunggongvirae;Uroviricota;Caudoviricetes;;
k141_1989832	5046	No terminal repeats	NA	7	11	0.9779	NA	0	3.4366	Viruses;Varidnaviria;Bamfordvirae;Nucleocytoviricota;Megaviricetes;Imitervirales;Mimiviridae
k141_1082403	9712	No terminal repeats	NA	14	11	0.9779	NA	0	10.1333	Viruses;Duplodnaviria;Heunggongvirae;Uroviricota;Caudoviricetes;;
k141_779993	5547	No terminal repeats	NA	17	11	0.9779	NA	0	12.0816	Viruses;Duplodnaviria;Heunggongvirae;Uroviricota;Caudoviricetes;;
k141_199582	8375	No terminal repeats	NA	12	11	0.9779	NA	4	10.8476	Viruses;Duplodnaviria;Heunggongvirae;Uroviricota;Caudoviricetes;;
k141_725096	8049	No terminal repeats	NA	17	11	0.9779	NA	4	21.3144	Viruses;Duplodnaviria;Heunggongvirae;Uroviricota;Caudoviricetes;;
k141_1217960	7203	No terminal repeats	NA	10	11	0.9779	NA	1	17.0754	Viruses;Duplodnaviria;Heunggongvirae;Uroviricota;Caudoviricetes;;
k141_403435	4088	No terminal repeats	NA	6	11	0.9779	NA	0	4.9115	Viruses;Duplodnaviria;Heunggongvirae;Uroviricota;Caudoviricetes;;
k141_226403	3824	No terminal repeats	NA	7	11	0.9779	NA	0	8.0560	Viruses;Duplodnaviria;Heunggongvirae;Uroviricota;Caudoviricetes;;
k141_1525113	4808	No terminal repeats	NA	5	11	0.9779	NA	1	6.3238	Viruses;Duplodnaviria;Heunggongvirae;Uroviricota;Caudoviricetes;;Kyanoviridae
k141_465039	7969	No terminal repeats	NA	16	11	0.9779	NA	1	24.6210	Viruses;Duplodnaviria;Heunggongvirae;Uroviricota;Caudoviricetes;;
k141_511032	5051	No terminal repeats	NA	7	11	0.9779	NA	1	9.1282	Viruses;Duplodnaviria;Heunggongvirae;Uroviricota;Caudoviricetes;;
k141_780867	7548	No terminal repeats	NA	7	11	0.9779	NA	1	10.3097	Viruses;Duplodnaviria;Heunggongvirae;Uroviricota;Caudoviricetes;;
k141_1159580	21112	No terminal repeats	NA	29	11	0.9779	NA	0	18.7867	Viruses;Duplodnaviria;Heunggongvirae;Uroviricota;Caudoviricetes;;
k141_325959	7446	No terminal repeats	NA	7	11	0.9779	NA	3	4.9902	Viruses;Duplodnaviria;Heunggongvirae;Uroviricota;Caudoviricetes;;
k141_2235629	6302	No terminal repeats	NA	8	11	0.9779	NA	0	4.9473	Viruses;Varidnaviria;Bamfordvirae;Nucleocytoviricota;Megaviricetes;Imitervirales;Mimiviridae
k141_1564346	6717	No terminal repeats	NA	9	11	0.9778	NA	0	14.0776	Viruses;Duplodnaviria;Heunggongvirae;Uroviricota;Caudoviricetes;;
k141_771693	4386	No terminal repeats	NA	8	11	0.9778	NA	0	5.6755	Viruses;Duplodnaviria;Heunggongvirae;Uroviricota;Caudoviricetes;;
k141_1106666	5741	No terminal repeats	NA	10	11	0.9778	NA	0	3.4366	Viruses;Varidnaviria;Bamfordvirae;Nucleocytoviricota;Megaviricetes;Imitervirales;Mimiviridae
k141_1586752	5777	No terminal repeats	NA	7	11	0.9778	NA	0	9.2615	Viruses;Duplodnaviria;Heunggongvirae;Uroviricota;Caudoviricetes;;
k141_1175843	7510	No terminal repeats	NA	14	11	0.9778	NA	1	5.8534	Viruses;Duplodnaviria;Heunggongvirae;Uroviricota;Caudoviricetes;;
k141_2065678	4011	No terminal repeats	NA	8	11	0.9778	NA	1	5.8920	Viruses;Duplodnaviria;Heunggongvirae;Uroviricota;Caudoviricetes;;
k141_1921942	6057	No terminal repeats	NA	7	11	0.9778	NA	0	6.8212	Viruses;Duplodnaviria;Heunggongvirae;Uroviricota;Caudoviricetes;;
k141_1985592	3533	No terminal repeats	NA	9	11	0.9778	NA	1	4.6847	Viruses;Duplodnaviria;Heunggongvirae;Uroviricota;Caudoviricetes;;
k141_1151708	4600	No terminal repeats	NA	7	11	0.9778	NA	0	6.6325	Viruses;Varidnaviria;Bamfordvirae;Nucleocytoviricota;Megaviricetes;Algavirales;Phycodnaviridae
k141_14362	4455	No terminal repeats	NA	6	11	0.9778	NA	1	6.1080	Viruses;Duplodnaviria;Heunggongvirae;Uroviricota;Caudoviricetes;;
k141_2321045	7913	No terminal repeats	NA	11	11	0.9778	NA	0	9.9842	Viruses;Varidnaviria;Bamfordvirae;Nucleocytoviricota;Megaviricetes;Imitervirales;Mimiviridae
k141_407632	7156	No terminal repeats	NA	9	11	0.9778	NA	3	4.2633	Viruses;Duplodnaviria;Heunggongvirae;Uroviricota;Caudoviricetes;;
k141_1932312	119098	No terminal repeats	NA	166	11	0.9777	NA	4	66.7355	Viruses;Duplodnaviria;Heunggongvirae;Uroviricota;Caudoviricetes;;
k141_1664467	7433	No terminal repeats	NA	7	11	0.9777	NA	0	4.4854	Viruses;;;;;;
k141_1020604	7113	No terminal repeats	NA	15	11	0.9777	NA	2	5.1548	Viruses;Duplodnaviria;Heunggongvirae;Uroviricota;Caudoviricetes;;
k141_653367	6699	No terminal repeats	NA	8	11	0.9777	NA	0	10.3137	Viruses;Duplodnaviria;Heunggongvirae;Uroviricota;Caudoviricetes;;
k141_1665965	2641	No terminal repeats	NA	4	11	0.9777	NA	0	4.8943	Viruses;Duplodnaviria;Heunggongvirae;Uroviricota;Caudoviricetes;;
k141_2132689	5002	No terminal repeats	NA	6	11	0.9777	NA	4	5.7047	Viruses;Duplodnaviria;Heunggongvirae;Uroviricota;Caudoviricetes;;
k141_865945	9722	No terminal repeats	NA	10	11	0.9777	NA	0	6.8087	Viruses;Varidnaviria;Bamfordvirae;Nucleocytoviricota;Megaviricetes;Imitervirales;Mimiviridae
k141_179410	7199	No terminal repeats	NA	6	11	0.9777	NA	0	5.1390	Viruses;Varidnaviria;Bamfordvirae;Nucleocytoviricota;Megaviricetes;Imitervirales;Mimiviridae
k141_2181816	8357	No terminal repeats	NA	11	11	0.9777	NA	3	16.6651	Viruses;Duplodnaviria;Heunggongvirae;Uroviricota;Caudoviricetes;;Kyanoviridae
k141_1428570	6404	No terminal repeats	NA	5	11	0.9777	NA	0	5.1086	Viruses;Duplodnaviria;Heunggongvirae;Uroviricota;Caudoviricetes;;
k141_1580265	4544	No terminal repeats	NA	9	11	0.9777	NA	1	9.2053	Viruses;Duplodnaviria;Heunggongvirae;Uroviricota;Caudoviricetes;;
k141_1103116	6895	No terminal repeats	NA	9	11	0.9777	NA	3	10.2316	Viruses;Duplodnaviria;Heunggongvirae;Uroviricota;Caudoviricetes;;
k141_1097752	5597	No terminal repeats	NA	6	11	0.9777	NA	0	5.1485	Viruses;Varidnaviria;Bamfordvirae;Nucleocytoviricota;Megaviricetes;Imitervirales;Mimiviridae
k141_927314	5530	No terminal repeats	NA	9	11	0.9777	NA	0	3.4366	Viruses;Varidnaviria;Bamfordvirae;Nucleocytoviricota;Megaviricetes;Imitervirales;Mimiviridae
k141_1706137	4777	No terminal repeats	NA	8	11	0.9777	NA	0	6.8502	Viruses;Duplodnaviria;Heunggongvirae;Uroviricota;Caudoviricetes;;
k141_769379	7854	No terminal repeats	NA	12	11	0.9777	NA	1	10.4721	Viruses;Duplodnaviria;Heunggongvirae;Uroviricota;Caudoviricetes;;
k141_2298617	8508	No terminal repeats	NA	11	11	0.9777	NA	1	8.7740	Viruses;Duplodnaviria;Heunggongvirae;Uroviricota;Caudoviricetes;;
k141_1860903	5848	No terminal repeats	NA	7	11	0.9777	NA	2	5.0430	Viruses;Duplodnaviria;Heunggongvirae;Uroviricota;Caudoviricetes;;
k141_389675	4552	No terminal repeats	NA	7	11	0.9777	NA	0	8.5550	Viruses;Duplodnaviria;Heunggongvirae;Uroviricota;Caudoviricetes;;
k141_679860	5437	No terminal repeats	NA	9	11	0.9777	NA	1	13.0543	Viruses;Duplodnaviria;Heunggongvirae;Uroviricota;Caudoviricetes;;
k141_380007	6603	No terminal repeats	NA	18	11	0.9777	NA	0	21.2278	Viruses;Duplodnaviria;Heunggongvirae;Uroviricota;Caudoviricetes;;
k141_2065044	4901	No terminal repeats	NA	6	11	0.9777	NA	1	9.4732	Viruses;Duplodnaviria;Heunggongvirae;Uroviricota;Caudoviricetes;;
k141_2240972	4091	No terminal repeats	NA	12	11	0.9776	NA	0	6.0199	Viruses;Duplodnaviria;Heunggongvirae;Uroviricota;Caudoviricetes;;
k141_950705	4548	No terminal repeats	NA	12	11	0.9776	NA	1	18.0136	Viruses;Duplodnaviria;Heunggongvirae;Uroviricota;Caudoviricetes;;
k141_311046	8261	No terminal repeats	NA	7	11	0.9776	NA	0	3.4366	Viruses;Duplodnaviria;Heunggongvirae;Uroviricota;Caudoviricetes;;
k141_968395	4152	No terminal repeats	NA	12	11	0.9776	NA	0	10.5874	Viruses;Duplodnaviria;Heunggongvirae;Uroviricota;Caudoviricetes;;
k141_1233189	7707	No terminal repeats	NA	15	11	0.9776	NA	1	20.9892	Viruses;Duplodnaviria;Heunggongvirae;Uroviricota;Caudoviricetes;;
k141_2021049	3732	No terminal repeats	NA	7	11	0.9776	NA	0	4.3945	Viruses;Duplodnaviria;Heunggongvirae;Uroviricota;Caudoviricetes;;
k141_1829764	5647	No terminal repeats	NA	10	11	0.9776	NA	0	12.0234	Viruses;Duplodnaviria;Heunggongvirae;Uroviricota;Caudoviricetes;;Kyanoviridae
k141_1340912	4559	No terminal repeats	NA	15	11	0.9775	NA	0	5.1275	Viruses;Duplodnaviria;Heunggongvirae;Uroviricota;Caudoviricetes;;
k141_835477	3712	No terminal repeats	NA	5	11	0.9775	NA	0	6.8731	Viruses;Duplodnaviria;Heunggongvirae;Uroviricota;Caudoviricetes;;
k141_501154	4605	No terminal repeats	NA	10	11	0.9775	NA	0	10.3478	Viruses;Duplodnaviria;Heunggongvirae;Uroviricota;Caudoviricetes;;
k141_894259	7401	No terminal repeats	NA	16	11	0.9775	NA	1	14.1544	Viruses;Duplodnaviria;Heunggongvirae;Uroviricota;Caudoviricetes;;
k141_1949498	8750	No terminal repeats	NA	16	11	0.9775	NA	1	14.2049	Viruses;Duplodnaviria;Heunggongvirae;Uroviricota;Caudoviricetes;;
k141_2052799	5426	No terminal repeats	NA	9	11	0.9775	NA	0	6.2100	Viruses;Duplodnaviria;Heunggongvirae;Uroviricota;Caudoviricetes;;
k141_55193	6240	No terminal repeats	NA	7	11	0.9775	NA	0	8.0017	Viruses;Duplodnaviria;Heunggongvirae;Uroviricota;Caudoviricetes;;
k141_843625	7556	No terminal repeats	NA	11	11	0.9775	NA	2	7.5274	Viruses;Duplodnaviria;Heunggongvirae;Uroviricota;Caudoviricetes;;
k141_983445	5387	No terminal repeats	NA	8	11	0.9775	NA	1	8.5898	Viruses;Varidnaviria;Bamfordvirae;Nucleocytoviricota;Megaviricetes;Imitervirales;Allomimiviridae
k141_1560648	5248	No terminal repeats	NA	12	11	0.9775	NA	1	7.7624	Viruses;Duplodnaviria;Heunggongvirae;Uroviricota;Caudoviricetes;;
k141_496811	8046	No terminal repeats	NA	11	11	0.9775	NA	0	15.0347	Viruses;Duplodnaviria;Heunggongvirae;Uroviricota;Caudoviricetes;;
k141_1902017	4378	No terminal repeats	NA	8	11	0.9775	NA	1	7.8365	Viruses;Duplodnaviria;Heunggongvirae;Uroviricota;Caudoviricetes;;
k141_878111	6044	No terminal repeats	NA	15	11	0.9775	NA	0	9.4661	Viruses;Duplodnaviria;Heunggongvirae;Uroviricota;Caudoviricetes;;
k141_1968134	4345	No terminal repeats	NA	9	11	0.9775	NA	0	11.0671	Viruses;Duplodnaviria;Heunggongvirae;Uroviricota;Caudoviricetes;;
k141_1659575	6357	No terminal repeats	NA	5	11	0.9775	NA	0	4.5982	Viruses;Varidnaviria;Bamfordvirae;Nucleocytoviricota;Megaviricetes;Imitervirales;Mimiviridae
k141_39784	4543	No terminal repeats	NA	6	11	0.9774	NA	0	4.4368	Viruses;Varidnaviria;Bamfordvirae;Nucleocytoviricota;Megaviricetes;Algavirales;Phycodnaviridae
k141_110438	4823	No terminal repeats	NA	6	11	0.9774	NA	0	6.5602	Viruses;Duplodnaviria;Heunggongvirae;Uroviricota;Caudoviricetes;;
k141_1296983	5707	No terminal repeats	NA	5	11	0.9774	NA	1	5.9164	Viruses;Duplodnaviria;Heunggongvirae;Uroviricota;Caudoviricetes;;
k141_1296458	3755	No terminal repeats	NA	6	11	0.9774	NA	1	8.0083	Viruses;Duplodnaviria;Heunggongvirae;Uroviricota;Caudoviricetes;;Kyanoviridae
k141_1941587	8438	No terminal repeats	NA	9	11	0.9774	NA	0	9.8994	Viruses;Varidnaviria;Bamfordvirae;Nucleocytoviricota;Megaviricetes;;
k141_1931793	9846	No terminal repeats	NA	14	11	0.9774	NA	0	5.5245	Viruses;Varidnaviria;Bamfordvirae;Nucleocytoviricota;Megaviricetes;;
k141_595877	9090	No terminal repeats	NA	11	11	0.9774	NA	1	14.7458	Viruses;Duplodnaviria;Heunggongvirae;Uroviricota;Caudoviricetes;;
k141_2039562	5467	No terminal repeats	NA	11	11	0.9774	NA	0	10.7928	Viruses;Duplodnaviria;Heunggongvirae;Uroviricota;Caudoviricetes;;
k141_116881	6340	No terminal repeats	NA	7	11	0.9774	NA	0	8.2777	Viruses;Duplodnaviria;Heunggongvirae;Uroviricota;Caudoviricetes;;
k141_937525	7474	No terminal repeats	NA	6	11	0.9774	NA	0	5.1548	Viruses;Varidnaviria;Bamfordvirae;Nucleocytoviricota;Megaviricetes;Algavirales;Phycodnaviridae
k141_578005	5863	No terminal repeats	NA	7	11	0.9774	NA	0	4.3801	Viruses;Varidnaviria;Bamfordvirae;Nucleocytoviricota;Megaviricetes;Imitervirales;
k141_847178	4144	No terminal repeats	NA	5	11	0.9774	NA	0	8.5414	Viruses;Duplodnaviria;Heunggongvirae;Uroviricota;Caudoviricetes;;
k141_2389227	4588	No terminal repeats	NA	8	11	0.9774	NA	1	7.8651	Viruses;Duplodnaviria;Heunggongvirae;Uroviricota;Caudoviricetes;;
k141_367346	7477	No terminal repeats	NA	24	11	0.9774	NA	0	6.3780	Viruses;Duplodnaviria;Heunggongvirae;Uroviricota;Caudoviricetes;;
k141_139078	5471	No terminal repeats	NA	5	11	0.9773	NA	0	4.5717	Viruses;Varidnaviria;Bamfordvirae;Nucleocytoviricota;Megaviricetes;Imitervirales;Mimiviridae
k141_2096781	4892	No terminal repeats	NA	9	11	0.9773	NA	0	6.5136	Viruses;Varidnaviria;Bamfordvirae;Nucleocytoviricota;Megaviricetes;Algavirales;Phycodnaviridae
k141_1772163	8197	No terminal repeats	NA	8	11	0.9773	NA	3	10.6710	Viruses;Duplodnaviria;Heunggongvirae;Uroviricota;Caudoviricetes;;
k141_1463665	5165	No terminal repeats	NA	11	11	0.9773	NA	0	12.3536	Viruses;Duplodnaviria;Heunggongvirae;Uroviricota;Caudoviricetes;;
k141_2391090	5319	No terminal repeats	NA	15	11	0.9773	NA	3	11.9567	Viruses;Duplodnaviria;Heunggongvirae;Uroviricota;Caudoviricetes;;
k141_16502	6681	No terminal repeats	NA	8	11	0.9773	NA	3	6.0423	Viruses;Duplodnaviria;Heunggongvirae;Uroviricota;Caudoviricetes;;
k141_1297115	8083	No terminal repeats	NA	12	11	0.9773	NA	1	10.1933	Viruses;Duplodnaviria;Heunggongvirae;Uroviricota;Caudoviricetes;;
k141_882498	3875	No terminal repeats	NA	6	11	0.9773	NA	1	8.0334	Viruses;Duplodnaviria;Heunggongvirae;Uroviricota;Caudoviricetes;;
k141_1903159	6836	No terminal repeats	NA	13	11	0.9773	NA	0	13.7463	Viruses;Varidnaviria;Bamfordvirae;Nucleocytoviricota;Megaviricetes;Imitervirales;Mimiviridae
k141_1292926	4478	No terminal repeats	NA	6	11	0.9773	NA	0	4.3205	Viruses;Duplodnaviria;Heunggongvirae;Uroviricota;Caudoviricetes;;
k141_1657138	4638	No terminal repeats	NA	6	11	0.9773	NA	1	8.4329	Viruses;Duplodnaviria;Heunggongvirae;Uroviricota;Caudoviricetes;;
k141_687413	5098	No terminal repeats	NA	7	11	0.9773	NA	4	8.9236	Viruses;Duplodnaviria;Heunggongvirae;Uroviricota;Caudoviricetes;;
k141_1046223	7349	No terminal repeats	NA	11	11	0.9773	NA	1	8.2319	Viruses;Varidnaviria;Bamfordvirae;Nucleocytoviricota;Megaviricetes;Algavirales;Phycodnaviridae
k141_1645693	4018	No terminal repeats	NA	5	11	0.9773	NA	0	6.7837	Viruses;Duplodnaviria;Heunggongvirae;Uroviricota;Caudoviricetes;;
k141_1956233	4724	No terminal repeats	NA	12	11	0.9773	NA	1	6.6811	Viruses;Duplodnaviria;Heunggongvirae;Uroviricota;Caudoviricetes;;
k141_1575864	6307	No terminal repeats	NA	10	11	0.9772	NA	1	8.5770	Viruses;Duplodnaviria;Heunggongvirae;Uroviricota;Caudoviricetes;;
k141_958768	3847	No terminal repeats	NA	5	11	0.9772	NA	1	7.9323	Viruses;Duplodnaviria;Heunggongvirae;Uroviricota;Caudoviricetes;;
k141_1697823	9289	No terminal repeats	NA	11	11	0.9772	NA	0	9.9026	Viruses;Varidnaviria;Bamfordvirae;Nucleocytoviricota;Megaviricetes;Imitervirales;
k141_1168557	3549	No terminal repeats	NA	5	11	0.9772	NA	2	6.2691	Viruses;Duplodnaviria;Heunggongvirae;Uroviricota;Caudoviricetes;;
k141_1681886	4511	No terminal repeats	NA	8	11	0.9772	NA	0	6.8502	Viruses;Duplodnaviria;Heunggongvirae;Uroviricota;Caudoviricetes;;
k141_208746	5653	No terminal repeats	NA	9	11	0.9772	NA	4	14.9968	Viruses;Duplodnaviria;Heunggongvirae;Uroviricota;Caudoviricetes;;Kyanoviridae
k141_836400	5592	No terminal repeats	NA	10	11	0.9772	NA	0	3.4366	Viruses;Duplodnaviria;Heunggongvirae;Uroviricota;Caudoviricetes;;Kyanoviridae
k141_2222870	7175	No terminal repeats	NA	10	11	0.9772	NA	2	13.5660	Viruses;Duplodnaviria;Heunggongvirae;Uroviricota;Caudoviricetes;;
k141_693110	5886	No terminal repeats	NA	10	11	0.9772	NA	0	9.4014	Viruses;Duplodnaviria;Heunggongvirae;Uroviricota;Caudoviricetes;;
k141_1088422	7238	No terminal repeats	NA	8	11	0.9771	NA	0	6.0694	Viruses;Duplodnaviria;Heunggongvirae;Uroviricota;Caudoviricetes;;
k141_23193	3735	No terminal repeats	NA	10	11	0.9771	NA	0	6.2922	Viruses;Duplodnaviria;Heunggongvirae;Uroviricota;Caudoviricetes;;
k141_1768050	4161	No terminal repeats	NA	11	11	0.9771	NA	0	6.6187	Viruses;Duplodnaviria;Heunggongvirae;Uroviricota;Caudoviricetes;;
k141_376680	4923	No terminal repeats	NA	6	11	0.9771	NA	0	6.3855	Viruses;Varidnaviria;Bamfordvirae;Nucleocytoviricota;Megaviricetes;;
k141_135140	7586	No terminal repeats	NA	7	11	0.9771	NA	2	8.5654	Viruses;Varidnaviria;Bamfordvirae;Nucleocytoviricota;Megaviricetes;Imitervirales;
k141_44877	4093	No terminal repeats	NA	6	11	0.9771	NA	0	7.9323	Viruses;Duplodnaviria;Heunggongvirae;Uroviricota;Caudoviricetes;;
k141_2140879	9500	No terminal repeats	NA	23	11	0.9771	NA	2	20.6654	Viruses;Duplodnaviria;Heunggongvirae;Uroviricota;Caudoviricetes;;
k141_450923	5878	No terminal repeats	NA	7	11	0.9771	NA	0	4.6682	Viruses;Duplodnaviria;Heunggongvirae;Uroviricota;Caudoviricetes;;
k141_974948	5198	No terminal repeats	NA	9	11	0.9771	NA	2	10.2931	Viruses;Duplodnaviria;Heunggongvirae;Uroviricota;Caudoviricetes;;
k141_2374584	4300	No terminal repeats	NA	5	11	0.9771	NA	2	6.8242	Viruses;Duplodnaviria;Heunggongvirae;Uroviricota;Caudoviricetes;;
k141_1189335	5477	No terminal repeats	NA	15	11	0.9771	NA	1	9.3038	Viruses;Duplodnaviria;Heunggongvirae;Uroviricota;Caudoviricetes;;
k141_1089661	7362	No terminal repeats	NA	5	11	0.9771	NA	0	4.8872	Viruses;Varidnaviria;Bamfordvirae;Nucleocytoviricota;Megaviricetes;Imitervirales;Mimiviridae
k141_118813	3765	No terminal repeats	NA	7	11	0.9771	NA	1	8.7099	Viruses;Duplodnaviria;Heunggongvirae;Uroviricota;Caudoviricetes;;
k141_525569	3632	No terminal repeats	NA	6	11	0.9771	NA	1	7.6532	Viruses;Duplodnaviria;Heunggongvirae;Uroviricota;Caudoviricetes;;
k141_1901172	6250	No terminal repeats	NA	8	11	0.9770	NA	3	7.2018	Viruses;Duplodnaviria;Heunggongvirae;Uroviricota;Caudoviricetes;;
k141_1109121	8569	No terminal repeats	NA	12	11	0.9770	NA	0	15.0636	Viruses;Varidnaviria;Bamfordvirae;Nucleocytoviricota;Megaviricetes;;
k141_341361	3681	No terminal repeats	NA	5	11	0.9770	NA	0	6.8731	Viruses;Duplodnaviria;Heunggongvirae;Uroviricota;Caudoviricetes;;Kyanoviridae
k141_1287263	8708	No terminal repeats	NA	13	11	0.9770	NA	1	19.6606	Viruses;Duplodnaviria;Heunggongvirae;Uroviricota;Caudoviricetes;;
k141_244603	7557	No terminal repeats	NA	16	11	0.9770	NA	0	4.9392	Viruses;Duplodnaviria;Heunggongvirae;Uroviricota;Caudoviricetes;;
k141_1402017	8741	No terminal repeats	NA	8	11	0.9770	NA	1	5.1492	Viruses;Varidnaviria;Bamfordvirae;Nucleocytoviricota;Megaviricetes;Imitervirales;
k141_2128727	6314	No terminal repeats	NA	9	11	0.9770	NA	1	6.0945	Viruses;Duplodnaviria;Heunggongvirae;Uroviricota;Caudoviricetes;;
k141_1961888	4547	No terminal repeats	NA	11	11	0.9770	NA	0	9.7802	Viruses;Duplodnaviria;Heunggongvirae;Uroviricota;Caudoviricetes;;
k141_703571	4969	No terminal repeats	NA	9	11	0.9770	NA	0	9.8921	Viruses;Duplodnaviria;Heunggongvirae;Uroviricota;Caudoviricetes;;
k141_1299784	8974	No terminal repeats	NA	9	11	0.9770	NA	2	4.8732	Viruses;Duplodnaviria;Heunggongvirae;Uroviricota;Caudoviricetes;;
k141_1644748	5506	No terminal repeats	NA	12	11	0.9770	NA	1	9.8927	Viruses;Duplodnaviria;Heunggongvirae;Uroviricota;Caudoviricetes;;
k141_1796275	8941	No terminal repeats	NA	6	11	0.9770	NA	0	9.7387	Viruses;Duplodnaviria;Heunggongvirae;Uroviricota;Caudoviricetes;;
k141_166379	5515	No terminal repeats	NA	9	11	0.9770	NA	1	7.5419	Viruses;Duplodnaviria;Heunggongvirae;Uroviricota;Caudoviricetes;;
k141_2304665	4471	No terminal repeats	NA	6	11	0.9770	NA	0	5.1548	Viruses;Duplodnaviria;Heunggongvirae;Uroviricota;Caudoviricetes;;
k141_1935498	7404	No terminal repeats	NA	5	11	0.9769	NA	0	3.4366	Viruses;Duplodnaviria;Heunggongvirae;Uroviricota;Caudoviricetes;;
k141_499304	4438	No terminal repeats	NA	5	11	0.9769	NA	0	6.6594	Viruses;Varidnaviria;Bamfordvirae;Nucleocytoviricota;Megaviricetes;Algavirales;Phycodnaviridae
k141_2394018	6842	No terminal repeats	NA	15	11	0.9769	NA	1	4.6377	Viruses;Duplodnaviria;Heunggongvirae;Uroviricota;Caudoviricetes;;
k141_397391	4738	No terminal repeats	NA	7	11	0.9769	NA	0	6.5724	Viruses;Duplodnaviria;Heunggongvirae;Uroviricota;Caudoviricetes;;Kyanoviridae
k141_1984831	4523	No terminal repeats	NA	11	11	0.9769	NA	1	12.6183	Viruses;Duplodnaviria;Heunggongvirae;Uroviricota;Caudoviricetes;;
k141_624538	3567	No terminal repeats	NA	8	11	0.9769	NA	1	7.5724	Viruses;Duplodnaviria;Heunggongvirae;Uroviricota;Caudoviricetes;;
k141_107012	7852	No terminal repeats	NA	13	11	0.9769	NA	1	3.4366	Viruses;Varidnaviria;Bamfordvirae;Nucleocytoviricota;Megaviricetes;Algavirales;Phycodnaviridae
k141_1892709	5313	No terminal repeats	NA	10	11	0.9769	NA	4	7.8663	Viruses;Duplodnaviria;Heunggongvirae;Uroviricota;Caudoviricetes;;
k141_721796	7041	No terminal repeats	NA	7	11	0.9769	NA	0	3.4366	Viruses;Varidnaviria;Bamfordvirae;Nucleocytoviricota;Megaviricetes;Imitervirales;
k141_1234789	4736	No terminal repeats	NA	7	11	0.9769	NA	0	8.3565	Viruses;Duplodnaviria;Heunggongvirae;Uroviricota;Caudoviricetes;;
k141_1398680	5680	No terminal repeats	NA	6	11	0.9769	NA	0	3.4366	Viruses;Varidnaviria;Bamfordvirae;Nucleocytoviricota;Megaviricetes;Imitervirales;Mimiviridae
k141_695416	5350	No terminal repeats	NA	5	11	0.9769	NA	1	6.8688	Viruses;Varidnaviria;Bamfordvirae;Nucleocytoviricota;Megaviricetes;;
k141_1807782	5466	No terminal repeats	NA	7	11	0.9769	NA	0	6.7967	Viruses;Varidnaviria;Bamfordvirae;Nucleocytoviricota;Megaviricetes;Imitervirales;
k141_1854031	5786	No terminal repeats	NA	14	11	0.9769	NA	0	10.7770	Viruses;Duplodnaviria;Heunggongvirae;Uroviricota;Caudoviricetes;;
k141_1758903	122059	No terminal repeats	NA	152	11	0.9769	NA	34	195.9505	Viruses;Duplodnaviria;Heunggongvirae;Uroviricota;Caudoviricetes;;
k141_1042373	3985	No terminal repeats	NA	10	11	0.9769	NA	2	8.5914	Viruses;Duplodnaviria;Heunggongvirae;Uroviricota;Caudoviricetes;;
k141_325092	5927	No terminal repeats	NA	5	11	0.9769	NA	1	5.1505	Viruses;Varidnaviria;Bamfordvirae;Nucleocytoviricota;Megaviricetes;;
k141_728237	8694	No terminal repeats	NA	12	11	0.9769	NA	2	7.9089	Viruses;Duplodnaviria;Heunggongvirae;Uroviricota;Caudoviricetes;;
k141_1284085	3814	No terminal repeats	NA	9	11	0.9769	NA	0	9.6677	Viruses;Duplodnaviria;Heunggongvirae;Uroviricota;Caudoviricetes;;
k141_1026481	4029	No terminal repeats	NA	7	11	0.9769	NA	0	7.9754	Viruses;Duplodnaviria;Heunggongvirae;Uroviricota;Caudoviricetes;;
k141_93210	8863	No terminal repeats	NA	26	11	0.9768	NA	0	11.3058	Viruses;Duplodnaviria;Heunggongvirae;Uroviricota;Caudoviricetes;;
k141_2279271	9113	No terminal repeats	NA	11	11	0.9768	NA	0	6.8731	Viruses;Varidnaviria;Bamfordvirae;Preplasmiviricota;Maveriviricetes;Priklausovirales;
k141_260325	5578	No terminal repeats	NA	5	11	0.9768	NA	1	5.1548	Viruses;Duplodnaviria;Heunggongvirae;Uroviricota;Caudoviricetes;;
k141_154026	8525	No terminal repeats	NA	7	11	0.9768	NA	3	10.8574	Viruses;Duplodnaviria;Heunggongvirae;Uroviricota;Caudoviricetes;;
k141_877957	7287	No terminal repeats	NA	18	11	0.9768	NA	0	16.1216	Viruses;Duplodnaviria;Heunggongvirae;Uroviricota;Caudoviricetes;;
k141_1855286	4821	No terminal repeats	NA	15	11	0.9768	NA	0	7.3632	Viruses;Duplodnaviria;Heunggongvirae;Uroviricota;Caudoviricetes;;
k141_463432	30499	No terminal repeats	NA	44	11	0.9768	NA	5	25.2460	Viruses;Duplodnaviria;Heunggongvirae;Uroviricota;Caudoviricetes;;
k141_1263129	3834	No terminal repeats	NA	5	11	0.9768	NA	0	8.0399	Viruses;Duplodnaviria;Heunggongvirae;Uroviricota;Caudoviricetes;;
k141_925346	7728	No terminal repeats	NA	14	11	0.9767	NA	0	8.6599	Viruses;Duplodnaviria;Heunggongvirae;Uroviricota;Caudoviricetes;;
k141_1016465	6676	No terminal repeats	NA	16	11	0.9767	NA	1	4.6410	Viruses;Duplodnaviria;Heunggongvirae;Uroviricota;Caudoviricetes;;
k141_886656	8215	No terminal repeats	NA	7	11	0.9767	NA	0	5.1548	Viruses;Varidnaviria;Bamfordvirae;Nucleocytoviricota;Megaviricetes;Algavirales;Phycodnaviridae
k141_686958	7784	No terminal repeats	NA	12	11	0.9767	NA	0	14.7628	Viruses;Duplodnaviria;Heunggongvirae;Uroviricota;Caudoviricetes;;
k141_607509	9218	No terminal repeats	NA	8	11	0.9767	NA	0	6.6807	Viruses;Varidnaviria;Bamfordvirae;Nucleocytoviricota;Megaviricetes;Algavirales;Phycodnaviridae
k141_229334	2885	No terminal repeats	NA	6	11	0.9767	NA	0	5.1548	Viruses;Duplodnaviria;Heunggongvirae;Uroviricota;Caudoviricetes;;
k141_1280537	4356	No terminal repeats	NA	10	11	0.9767	NA	0	5.1475	Viruses;Duplodnaviria;Heunggongvirae;Uroviricota;Caudoviricetes;;
k141_1995806	6649	No terminal repeats	NA	23	11	0.9767	NA	1	21.4384	Viruses;Duplodnaviria;Heunggongvirae;Uroviricota;Caudoviricetes;;
k141_2279407	6020	No terminal repeats	NA	8	11	0.9767	NA	2	11.0531	Viruses;Duplodnaviria;Heunggongvirae;Uroviricota;Caudoviricetes;;
k141_1461307	8291	No terminal repeats	NA	17	11	0.9767	NA	0	17.7802	Viruses;Duplodnaviria;Heunggongvirae;Uroviricota;Caudoviricetes;;Kyanoviridae
k141_1419564	19305	No terminal repeats	NA	22	11	0.9767	NA	3	22.5443	Viruses;Duplodnaviria;Heunggongvirae;Uroviricota;Caudoviricetes;;
k141_677504	9224	No terminal repeats	NA	23	11	0.9767	NA	0	21.6680	Viruses;Duplodnaviria;Heunggongvirae;Uroviricota;Caudoviricetes;;
k141_967906	5763	No terminal repeats	NA	6	11	0.9767	NA	0	5.1548	Viruses;Duplodnaviria;Heunggongvirae;Uroviricota;Caudoviricetes;;
k141_578042	3993	No terminal repeats	NA	6	11	0.9767	NA	0	7.6063	Viruses;Duplodnaviria;Heunggongvirae;Uroviricota;Caudoviricetes;;
k141_701483	7205	No terminal repeats	NA	8	11	0.9766	NA	0	9.8946	Viruses;Duplodnaviria;Heunggongvirae;Uroviricota;Caudoviricetes;;
k141_2253416	9588	No terminal repeats	NA	15	11	0.9766	NA	0	8.5825	Viruses;Varidnaviria;Bamfordvirae;Nucleocytoviricota;Megaviricetes;Imitervirales;Schizomimiviridae
k141_1105985	6295	No terminal repeats	NA	10	11	0.9766	NA	0	9.6391	Viruses;Duplodnaviria;Heunggongvirae;Uroviricota;Caudoviricetes;;
k141_657675	4745	No terminal repeats	NA	6	11	0.9766	NA	0	5.9875	Viruses;Duplodnaviria;Heunggongvirae;Uroviricota;Caudoviricetes;;
k141_1894404	9242	No terminal repeats	NA	15	11	0.9766	NA	1	10.3097	Viruses;Varidnaviria;Bamfordvirae;Nucleocytoviricota;Megaviricetes;Algavirales;Phycodnaviridae
k141_220869	5335	No terminal repeats	NA	13	11	0.9766	NA	1	8.1214	Viruses;Duplodnaviria;Heunggongvirae;Uroviricota;Caudoviricetes;;
k141_793093	7958	No terminal repeats	NA	24	11	0.9766	NA	1	19.8183	Viruses;Duplodnaviria;Heunggongvirae;Uroviricota;Caudoviricetes;;
k141_710397	3092	No terminal repeats	NA	4	11	0.9766	NA	1	5.1548	Viruses;Varidnaviria;Bamfordvirae;Nucleocytoviricota;Megaviricetes;Imitervirales;
k141_727553	2917	No terminal repeats	NA	7	11	0.9766	NA	0	8.0736	Viruses;Duplodnaviria;Heunggongvirae;Uroviricota;Caudoviricetes;;
k141_1712362	9768	No terminal repeats	NA	12	11	0.9766	NA	0	14.4406	Viruses;Duplodnaviria;Heunggongvirae;Uroviricota;Caudoviricetes;;
k141_591114	3533	No terminal repeats	NA	5	11	0.9766	NA	1	5.1548	Viruses;Varidnaviria;Bamfordvirae;Nucleocytoviricota;Megaviricetes;Algavirales;Phycodnaviridae
k141_1823079	5062	No terminal repeats	NA	18	11	0.9765	NA	0	4.4196	Unclassified
k141_1077418	4487	No terminal repeats	NA	6	11	0.9765	NA	0	6.8731	Unclassified
k141_377855	3769	No terminal repeats	NA	6	11	0.9765	NA	1	4.5631	Viruses;Duplodnaviria;Heunggongvirae;Uroviricota;Caudoviricetes;;
k141_79094	3605	No terminal repeats	NA	11	11	0.9765	NA	1	8.7949	Viruses;Duplodnaviria;Heunggongvirae;Uroviricota;Caudoviricetes;;
k141_1795906	9154	No terminal repeats	NA	9	11	0.9765	NA	1	14.3042	Viruses;Duplodnaviria;Heunggongvirae;Uroviricota;Caudoviricetes;;
k141_417849	6417	No terminal repeats	NA	14	11	0.9765	NA	2	5.1548	Viruses;Duplodnaviria;Heunggongvirae;Uroviricota;Caudoviricetes;;
k141_2367028	7117	No terminal repeats	NA	6	11	0.9765	NA	0	10.3097	Viruses;Duplodnaviria;Heunggongvirae;Uroviricota;Caudoviricetes;;
k141_1123081	3637	No terminal repeats	NA	5	11	0.9765	NA	0	5.1336	Viruses;Duplodnaviria;Heunggongvirae;Uroviricota;Caudoviricetes;;
k141_1061734	4360	No terminal repeats	NA	5	11	0.9765	NA	0	6.1247	Viruses;Duplodnaviria;Heunggongvirae;Uroviricota;Caudoviricetes;;
k141_440987	5050	No terminal repeats	NA	6	11	0.9765	NA	0	7.3815	Viruses;Duplodnaviria;Heunggongvirae;Uroviricota;Caudoviricetes;;
k141_1645339	4791	No terminal repeats	NA	6	11	0.9765	NA	0	8.1587	Viruses;Duplodnaviria;Heunggongvirae;Uroviricota;Caudoviricetes;;
k141_19600	6454	No terminal repeats	NA	5	11	0.9765	NA	0	3.4334	Viruses;Duplodnaviria;Heunggongvirae;Uroviricota;Caudoviricetes;;
k141_2050911	4631	No terminal repeats	NA	6	11	0.9765	NA	0	8.0851	Viruses;Duplodnaviria;Heunggongvirae;Uroviricota;Caudoviricetes;;
k141_1180895	4819	No terminal repeats	NA	5	11	0.9764	NA	0	5.1548	Viruses;Duplodnaviria;Heunggongvirae;Uroviricota;Caudoviricetes;;
k141_719486	8375	No terminal repeats	NA	12	11	0.9764	NA	1	8.5914	Viruses;Varidnaviria;Bamfordvirae;Nucleocytoviricota;Megaviricetes;Algavirales;Phycodnaviridae
k141_1607786	3774	No terminal repeats	NA	6	11	0.9764	NA	0	8.3521	Viruses;Duplodnaviria;Heunggongvirae;Uroviricota;Caudoviricetes;;
k141_2312892	6548	No terminal repeats	NA	11	11	0.9764	NA	5	16.3776	Viruses;Duplodnaviria;Heunggongvirae;Uroviricota;Caudoviricetes;;
k141_1425215	5551	No terminal repeats	NA	7	11	0.9764	NA	0	8.5914	Viruses;Varidnaviria;Bamfordvirae;Nucleocytoviricota;Megaviricetes;Imitervirales;Allomimiviridae
k141_1437445	5276	No terminal repeats	NA	11	15	0.9764	NA	0	8.5751	Viruses;Duplodnaviria;Heunggongvirae;Uroviricota;Caudoviricetes;;
k141_2201031	5136	No terminal repeats	NA	7	11	0.9764	NA	1	8.5914	Viruses;Duplodnaviria;Heunggongvirae;Uroviricota;Caudoviricetes;;
k141_1942737	4435	No terminal repeats	NA	7	11	0.9764	NA	0	5.1469	Viruses;Duplodnaviria;Heunggongvirae;Uroviricota;Caudoviricetes;;
k141_1472958	5491	No terminal repeats	NA	8	11	0.9764	NA	0	3.4366	Viruses;Varidnaviria;Bamfordvirae;Nucleocytoviricota;Megaviricetes;;
k141_1007514	5254	No terminal repeats	NA	8	11	0.9764	NA	2	11.5281	Viruses;Duplodnaviria;Heunggongvirae;Uroviricota;Caudoviricetes;;
k141_344813	9595	No terminal repeats	NA	13	11	0.9764	NA	0	9.7483	Viruses;;;;;;
k141_1829714	5535	No terminal repeats	NA	5	11	0.9764	NA	0	3.4345	Viruses;Varidnaviria;Bamfordvirae;Nucleocytoviricota;Megaviricetes;Imitervirales;Mimiviridae
k141_1982997	9355	No terminal repeats	NA	8	11	0.9763	NA	1	8.5891	Viruses;Varidnaviria;Bamfordvirae;Nucleocytoviricota;Megaviricetes;;
k141_1287573	3620	No terminal repeats	NA	5	11	0.9763	NA	1	8.2793	Viruses;Duplodnaviria;Heunggongvirae;Uroviricota;Caudoviricetes;;
k141_733696	1254	No terminal repeats	NA	4	11	0.9763	NA	1	4.6733	Viruses;Duplodnaviria;Heunggongvirae;Uroviricota;Caudoviricetes;;Kyanoviridae
k141_1064981	4107	No terminal repeats	NA	6	11	0.9763	NA	1	4.6888	Viruses;Duplodnaviria;Heunggongvirae;Uroviricota;Caudoviricetes;;
k141_1023547	7435	No terminal repeats	NA	19	11	0.9763	NA	0	8.9647	Viruses;Duplodnaviria;Heunggongvirae;Uroviricota;Caudoviricetes;;Kyanoviridae
k141_157977	7006	No terminal repeats	NA	6	11	0.9763	NA	0	8.0405	Viruses;Varidnaviria;Bamfordvirae;Nucleocytoviricota;Megaviricetes;Algavirales;Phycodnaviridae
k141_889071	5161	No terminal repeats	NA	8	11	0.9763	NA	1	6.6594	Viruses;Varidnaviria;Bamfordvirae;Nucleocytoviricota;Megaviricetes;Algavirales;Phycodnaviridae
k141_1247911	6397	No terminal repeats	NA	7	11	0.9763	NA	0	5.1548	Viruses;Varidnaviria;Bamfordvirae;Nucleocytoviricota;Megaviricetes;Imitervirales;Mimiviridae
k141_2174606	6407	No terminal repeats	NA	11	11	0.9763	NA	1	11.5616	Viruses;Duplodnaviria;Heunggongvirae;Uroviricota;Caudoviricetes;;
k141_1359508	4539	No terminal repeats	NA	6	11	0.9763	NA	1	9.3046	Viruses;Duplodnaviria;Heunggongvirae;Uroviricota;Caudoviricetes;;
k141_341819	5882	No terminal repeats	NA	13	11	0.9763	NA	0	14.6934	Viruses;Duplodnaviria;Heunggongvirae;Uroviricota;Caudoviricetes;;
k141_1750536	6357	No terminal repeats	NA	16	11	0.9763	NA	3	12.9121	Viruses;Duplodnaviria;Heunggongvirae;Uroviricota;Caudoviricetes;;
k141_1188175	6326	No terminal repeats	NA	8	11	0.9763	NA	1	6.5230	Viruses;Duplodnaviria;Heunggongvirae;Uroviricota;Caudoviricetes;;
k141_1180152	8356	No terminal repeats	NA	8	11	0.9763	NA	2	6.8471	Viruses;Varidnaviria;Bamfordvirae;Nucleocytoviricota;Megaviricetes;;
k141_1385388	5087	No terminal repeats	NA	6	11	0.9763	NA	0	5.1465	Viruses;Duplodnaviria;Heunggongvirae;Uroviricota;Caudoviricetes;;
k141_2263740	8615	No terminal repeats	NA	12	11	0.9763	NA	1	15.1964	Viruses;Duplodnaviria;Heunggongvirae;Uroviricota;Caudoviricetes;;
k141_1882654	5528	No terminal repeats	NA	6	11	0.9763	NA	1	8.5914	Viruses;Varidnaviria;Bamfordvirae;Nucleocytoviricota;Megaviricetes;;
k141_2368140	7094	No terminal repeats	NA	13	11	0.9763	NA	0	8.7961	Viruses;Duplodnaviria;Heunggongvirae;Uroviricota;Caudoviricetes;;
k141_465519	3576	No terminal repeats	NA	7	11	0.9763	NA	1	6.2193	Viruses;Duplodnaviria;Heunggongvirae;Uroviricota;Caudoviricetes;;
k141_1948560	8366	No terminal repeats	NA	7	11	0.9763	NA	0	7.5331	Viruses;Varidnaviria;Bamfordvirae;Nucleocytoviricota;Megaviricetes;Imitervirales;
k141_1554881	6615	No terminal repeats	NA	8	11	0.9762	NA	0	6.8562	Viruses;Duplodnaviria;Heunggongvirae;Uroviricota;Caudoviricetes;;
k141_912102	9668	No terminal repeats	NA	14	11	0.9762	NA	2	7.7778	Viruses;Duplodnaviria;Heunggongvirae;Uroviricota;Caudoviricetes;;
k141_1734248	5033	No terminal repeats	NA	6	11	0.9762	NA	0	5.1548	Viruses;Varidnaviria;Bamfordvirae;Nucleocytoviricota;Megaviricetes;Algavirales;Phycodnaviridae
k141_899474	6467	No terminal repeats	NA	8	11	0.9762	NA	0	8.5888	Viruses;Duplodnaviria;Heunggongvirae;Uroviricota;Caudoviricetes;;
k141_1065930	7958	No terminal repeats	NA	7	11	0.9762	NA	3	8.8169	Viruses;Duplodnaviria;Heunggongvirae;Uroviricota;Caudoviricetes;;
k141_397860	5230	No terminal repeats	NA	13	11	0.9762	NA	0	10.5621	Viruses;Duplodnaviria;Heunggongvirae;Uroviricota;Caudoviricetes;;
k141_2083972	4846	No terminal repeats	NA	16	11	0.9762	NA	3	20.3374	Viruses;Duplodnaviria;Heunggongvirae;Uroviricota;Caudoviricetes;;
k141_2408469	209904	DTR	NA	258	11	0.9762	NA	30	228.1411	Viruses;Duplodnaviria;Heunggongvirae;Uroviricota;Caudoviricetes;;
k141_788860	3046	No terminal repeats	NA	6	11	0.9762	NA	0	5.1241	Viruses;Varidnaviria;Bamfordvirae;Nucleocytoviricota;Megaviricetes;Algavirales;Phycodnaviridae
k141_1928505	5363	No terminal repeats	NA	7	11	0.9762	NA	0	6.8604	Viruses;Varidnaviria;Bamfordvirae;Nucleocytoviricota;Megaviricetes;Algavirales;Phycodnaviridae
k141_2407927	5322	No terminal repeats	NA	9	11	0.9762	NA	1	12.0151	Viruses;Duplodnaviria;Heunggongvirae;Uroviricota;Caudoviricetes;;
k141_1210927	5719	No terminal repeats	NA	12	11	0.9762	NA	0	6.3833	Viruses;Duplodnaviria;Heunggongvirae;Uroviricota;Caudoviricetes;;
k141_751520	7654	No terminal repeats	NA	12	11	0.9762	NA	0	9.6989	Viruses;Varidnaviria;Bamfordvirae;Nucleocytoviricota;Megaviricetes;Algavirales;Phycodnaviridae
k141_1561908	6610	No terminal repeats	NA	11	11	0.9762	NA	1	6.8592	Viruses;Duplodnaviria;Heunggongvirae;Uroviricota;Caudoviricetes;;
k141_1500237	4151	No terminal repeats	NA	5	11	0.9761	NA	0	3.4334	Viruses;Varidnaviria;Bamfordvirae;Nucleocytoviricota;Megaviricetes;Imitervirales;Mimiviridae
k141_1115721	2150	No terminal repeats	NA	4	11	0.9761	NA	1	4.7700	Viruses;Duplodnaviria;Heunggongvirae;Uroviricota;Caudoviricetes;;
k141_943571	9862	No terminal repeats	NA	15	11	0.9761	NA	3	20.9819	Viruses;Duplodnaviria;Heunggongvirae;Uroviricota;Caudoviricetes;;
k141_2235312	7856	No terminal repeats	NA	5	11	0.9761	NA	0	3.4366	Viruses;Duplodnaviria;Heunggongvirae;Uroviricota;Caudoviricetes;;
k141_2051467	5102	No terminal repeats	NA	7	11	0.9761	NA	0	6.8731	Viruses;Duplodnaviria;Heunggongvirae;Uroviricota;Caudoviricetes;;
k141_56780	8879	No terminal repeats	NA	10	11	0.9761	NA	2	7.7205	Viruses;Duplodnaviria;Heunggongvirae;Uroviricota;Caudoviricetes;;
k141_1457824	7375	No terminal repeats	NA	18	11	0.9761	NA	0	8.8046	Viruses;Duplodnaviria;Heunggongvirae;Uroviricota;Caudoviricetes;;
k141_1602424	5287	No terminal repeats	NA	7	11	0.9761	NA	0	8.5885	Viruses;Duplodnaviria;Heunggongvirae;Uroviricota;Caudoviricetes;;
k141_1564496	3581	No terminal repeats	NA	7	11	0.9761	NA	0	4.8081	Viruses;Duplodnaviria;Heunggongvirae;Uroviricota;Caudoviricetes;;
k141_1745608	7291	No terminal repeats	NA	22	11	0.9761	NA	0	8.4948	Viruses;Duplodnaviria;Heunggongvirae;Uroviricota;Caudoviricetes;;
k141_1387750	5887	No terminal repeats	NA	8	11	0.9761	NA	1	12.7980	Viruses;Varidnaviria;Bamfordvirae;Nucleocytoviricota;Megaviricetes;Pimascovirales;Iridoviridae
k141_1297063	7539	No terminal repeats	NA	11	11	0.9761	NA	1	3.4366	Viruses;Varidnaviria;Bamfordvirae;Nucleocytoviricota;Megaviricetes;;
k141_1037244	5206	No terminal repeats	NA	15	11	0.9761	NA	0	7.4530	Viruses;Duplodnaviria;Heunggongvirae;Uroviricota;Caudoviricetes;;
k141_65443	4722	No terminal repeats	NA	8	11	0.9761	NA	0	7.8684	Viruses;Duplodnaviria;Heunggongvirae;Uroviricota;Caudoviricetes;;
k141_323126	4862	No terminal repeats	NA	5	11	0.9761	NA	0	4.9328	Viruses;Varidnaviria;Bamfordvirae;Nucleocytoviricota;Megaviricetes;Algavirales;Phycodnaviridae
k141_804027	9629	No terminal repeats	NA	19	11	0.9761	NA	6	22.2511	Viruses;Duplodnaviria;Heunggongvirae;Uroviricota;Caudoviricetes;;
k141_2311248	3612	No terminal repeats	NA	5	11	0.9760	NA	1	5.7355	Viruses;Duplodnaviria;Heunggongvirae;Uroviricota;Caudoviricetes;;Straboviridae
k141_341856	8956	No terminal repeats	NA	13	11	0.9760	NA	1	20.8698	Viruses;Duplodnaviria;Heunggongvirae;Uroviricota;Caudoviricetes;;
k141_1413929	9866	No terminal repeats	NA	7	11	0.9760	NA	0	6.2210	Viruses;Duplodnaviria;Heunggongvirae;Uroviricota;Caudoviricetes;;
k141_680867	8718	No terminal repeats	NA	14	11	0.9760	NA	0	11.8105	Viruses;Duplodnaviria;Heunggongvirae;Uroviricota;Caudoviricetes;;
k141_77922	8500	No terminal repeats	NA	12	11	0.9760	NA	1	8.5890	Viruses;Varidnaviria;Bamfordvirae;Nucleocytoviricota;Megaviricetes;Algavirales;Phycodnaviridae
k141_1453240	3105	No terminal repeats	NA	4	11	0.9760	NA	0	5.1548	Viruses;Duplodnaviria;Heunggongvirae;Uroviricota;Caudoviricetes;;
k141_326511	6561	No terminal repeats	NA	5	11	0.9760	NA	0	6.0027	Viruses;Duplodnaviria;Heunggongvirae;Uroviricota;Caudoviricetes;;
k141_922143	4936	No terminal repeats	NA	11	11	0.9760	NA	0	5.4846	Viruses;Duplodnaviria;Heunggongvirae;Uroviricota;Caudoviricetes;;
k141_1651345	4235	No terminal repeats	NA	4	11	0.9760	NA	0	4.8636	Viruses;Duplodnaviria;Heunggongvirae;Uroviricota;Caudoviricetes;;
k141_324293	9306	No terminal repeats	NA	14	11	0.9760	NA	2	13.5741	Viruses;Duplodnaviria;Heunggongvirae;Uroviricota;Caudoviricetes;;
k141_1322740	5801	No terminal repeats	NA	9	11	0.9760	NA	3	10.1174	Viruses;Duplodnaviria;Heunggongvirae;Uroviricota;Caudoviricetes;;
k141_823547	3973	No terminal repeats	NA	6	11	0.9759	NA	1	7.7913	Viruses;Duplodnaviria;Heunggongvirae;Uroviricota;Caudoviricetes;;
k141_1066	4051	No terminal repeats	NA	7	11	0.9759	NA	0	5.1548	Viruses;Duplodnaviria;Heunggongvirae;Uroviricota;Caudoviricetes;;
k141_711074	7077	No terminal repeats	NA	5	11	0.9759	NA	1	3.0087	Viruses;Varidnaviria;Bamfordvirae;Nucleocytoviricota;Megaviricetes;Algavirales;Phycodnaviridae
k141_1790282	3506	No terminal repeats	NA	10	11	0.9759	NA	0	8.3692	Viruses;Duplodnaviria;Heunggongvirae;Uroviricota;Caudoviricetes;;
k141_31955	6814	No terminal repeats	NA	10	11	0.9759	NA	0	6.5507	Viruses;Duplodnaviria;Heunggongvirae;Uroviricota;Caudoviricetes;;
k141_676972	5922	No terminal repeats	NA	8	11	0.9759	NA	3	8.1627	Viruses;Duplodnaviria;Heunggongvirae;Uroviricota;Caudoviricetes;;
k141_1760368	8012	No terminal repeats	NA	14	11	0.9759	NA	1	6.8348	Viruses;Duplodnaviria;Heunggongvirae;Uroviricota;Caudoviricetes;;
k141_1468996	3538	No terminal repeats	NA	6	11	0.9759	NA	2	9.5562	Viruses;Duplodnaviria;Heunggongvirae;Uroviricota;Caudoviricetes;;
k141_168836	4315	No terminal repeats	NA	6	11	0.9759	NA	0	3.4366	Unclassified
k141_584896	6881	No terminal repeats	NA	15	11	0.9759	NA	1	3.9921	Viruses;Duplodnaviria;Heunggongvirae;Uroviricota;Caudoviricetes;;
k141_1735723	4173	No terminal repeats	NA	5	11	0.9759	NA	1	3.0074	Viruses;Duplodnaviria;Heunggongvirae;Uroviricota;Caudoviricetes;;
k141_2128733	4047	No terminal repeats	NA	12	11	0.9759	NA	1	6.2157	Viruses;Duplodnaviria;Heunggongvirae;Uroviricota;Caudoviricetes;Crassvirales;
k141_1984725	3119	No terminal repeats	NA	5	11	0.9759	NA	1	6.1457	Viruses;Duplodnaviria;Heunggongvirae;Uroviricota;Caudoviricetes;;
k141_1643238	6766	No terminal repeats	NA	7	11	0.9758	NA	1	11.2959	Viruses;Duplodnaviria;Heunggongvirae;Uroviricota;Caudoviricetes;;
k141_1061220	8621	No terminal repeats	NA	15	11	0.9758	NA	1	14.2049	Viruses;Duplodnaviria;Heunggongvirae;Uroviricota;Caudoviricetes;;
k141_1573582	5167	No terminal repeats	NA	8	11	0.9758	NA	0	10.0124	Viruses;Duplodnaviria;Heunggongvirae;Uroviricota;Caudoviricetes;;Kyanoviridae
k141_499310	8463	No terminal repeats	NA	9	11	0.9758	NA	0	8.6443	Viruses;Duplodnaviria;Heunggongvirae;Uroviricota;Caudoviricetes;;
k141_1768222	9228	No terminal repeats	NA	13	11	0.9758	NA	0	4.2606	Viruses;Varidnaviria;Bamfordvirae;Nucleocytoviricota;Megaviricetes;;
k141_1791357	7756	No terminal repeats	NA	8	11	0.9758	NA	0	6.5612	Viruses;Duplodnaviria;Heunggongvirae;Uroviricota;Caudoviricetes;;
k141_2006582	3781	No terminal repeats	NA	7	11	0.9758	NA	0	4.1391	Viruses;Duplodnaviria;Heunggongvirae;Uroviricota;Caudoviricetes;;
k141_1618111	4763	No terminal repeats	NA	5	11	0.9758	NA	0	2.2262	Viruses;Varidnaviria;Bamfordvirae;Nucleocytoviricota;Megaviricetes;Algavirales;Phycodnaviridae
k141_2070772	3665	No terminal repeats	NA	5	11	0.9758	NA	1	6.4063	Viruses;Duplodnaviria;Heunggongvirae;Uroviricota;Caudoviricetes;;
k141_903928	4927	No terminal repeats	NA	9	11	0.9758	NA	1	10.5346	Viruses;Duplodnaviria;Heunggongvirae;Uroviricota;Caudoviricetes;;
k141_936147	5684	No terminal repeats	NA	7	11	0.9758	NA	0	8.1904	Viruses;Varidnaviria;Bamfordvirae;Nucleocytoviricota;Megaviricetes;Imitervirales;
k141_245188	7824	No terminal repeats	NA	14	11	0.9757	NA	2	6.8731	Viruses;Varidnaviria;Bamfordvirae;Nucleocytoviricota;Megaviricetes;Imitervirales;
k141_2347574	8592	No terminal repeats	NA	26	11	0.9757	NA	0	30.9073	Viruses;Duplodnaviria;Heunggongvirae;Uroviricota;Caudoviricetes;;
k141_196101	8490	No terminal repeats	NA	16	11	0.9757	NA	1	4.5507	Viruses;Duplodnaviria;Heunggongvirae;Uroviricota;Caudoviricetes;;
k141_1534258	5324	No terminal repeats	NA	6	11	0.9757	NA	0	4.6002	Viruses;;;;;;
k141_367856	7161	No terminal repeats	NA	9	11	0.9757	NA	2	5.1548	Viruses;Varidnaviria;Bamfordvirae;Nucleocytoviricota;Megaviricetes;;
k141_141168	6516	No terminal repeats	NA	10	11	0.9757	NA	0	6.0905	Viruses;Duplodnaviria;Heunggongvirae;Uroviricota;Caudoviricetes;;
k141_1942406	9541	No terminal repeats	NA	8	11	0.9757	NA	2	13.7463	Viruses;Duplodnaviria;Heunggongvirae;Uroviricota;Caudoviricetes;;
k141_1945501	7717	No terminal repeats	NA	9	11	0.9757	NA	0	3.3933	Viruses;Varidnaviria;Bamfordvirae;Nucleocytoviricota;Pokkesviricetes;Chitovirales;Poxviridae
k141_2031950	5205	No terminal repeats	NA	8	11	0.9757	NA	0	5.1548	Viruses;Duplodnaviria;Heunggongvirae;Uroviricota;Caudoviricetes;;
k141_2390175	3813	No terminal repeats	NA	7	11	0.9756	NA	0	9.0100	Viruses;Duplodnaviria;Heunggongvirae;Uroviricota;Caudoviricetes;;
k141_454854	22217	No terminal repeats	NA	35	11	0.9756	NA	2	19.5737	Viruses;Duplodnaviria;Heunggongvirae;Uroviricota;Caudoviricetes;;
k141_217940	4418	No terminal repeats	NA	11	11	0.9756	NA	0	12.3208	Viruses;Duplodnaviria;Heunggongvirae;Uroviricota;Caudoviricetes;;
k141_2243627	8468	No terminal repeats	NA	9	11	0.9756	NA	0	9.5494	Viruses;Varidnaviria;Bamfordvirae;Nucleocytoviricota;Megaviricetes;Algavirales;Phycodnaviridae
k141_475277	8260	No terminal repeats	NA	18	11	0.9756	NA	0	8.0432	Viruses;Duplodnaviria;Heunggongvirae;Uroviricota;Caudoviricetes;;
k141_51039	7981	No terminal repeats	NA	7	11	0.9756	NA	0	6.3831	Viruses;Varidnaviria;Bamfordvirae;Nucleocytoviricota;Megaviricetes;;
k141_2408682	4788	DTR	NA	7	11	0.9756	NA	3	4.9139	Viruses;Riboviria;Orthornavirae;Kitrinoviricota;Tolucaviricetes;Tolivirales;Tombusviridae
k141_2328908	5882	No terminal repeats	NA	10	11	0.9756	NA	1	5.9074	Viruses;Duplodnaviria;Heunggongvirae;Uroviricota;Caudoviricetes;;
k141_1973807	8434	No terminal repeats	NA	22	11	0.9756	NA	0	3.4366	Viruses;Duplodnaviria;Heunggongvirae;Uroviricota;Caudoviricetes;;
k141_653418	6473	No terminal repeats	NA	6	11	0.9755	NA	0	6.7540	Viruses;Duplodnaviria;Heunggongvirae;Uroviricota;Caudoviricetes;;
k141_1093227	7517	No terminal repeats	NA	9	11	0.9755	NA	2	11.8558	Viruses;Duplodnaviria;Heunggongvirae;Uroviricota;Caudoviricetes;;
k141_1419035	4390	No terminal repeats	NA	13	11	0.9755	NA	1	9.9269	Viruses;Duplodnaviria;Heunggongvirae;Uroviricota;Caudoviricetes;;
k141_400073	5172	No terminal repeats	NA	14	11	0.9755	NA	0	4.8245	Viruses;Duplodnaviria;Heunggongvirae;Uroviricota;Caudoviricetes;;
k141_1919581	9708	No terminal repeats	NA	7	11	0.9755	NA	0	3.4321	Viruses;Varidnaviria;Bamfordvirae;Nucleocytoviricota;Megaviricetes;Algavirales;Phycodnaviridae
k141_1029343	9288	No terminal repeats	NA	9	11	0.9755	NA	1	10.2200	Viruses;Varidnaviria;Bamfordvirae;Nucleocytoviricota;Megaviricetes;Imitervirales;
k141_2120720	8321	No terminal repeats	NA	5	11	0.9755	NA	0	3.4342	Viruses;Varidnaviria;Bamfordvirae;Nucleocytoviricota;Megaviricetes;Algavirales;Phycodnaviridae
k141_512791	4841	No terminal repeats	NA	9	11	0.9755	NA	1	5.6621	Viruses;Duplodnaviria;Heunggongvirae;Uroviricota;Caudoviricetes;;
k141_2181051	9892	No terminal repeats	NA	6	11	0.9755	NA	1	3.4343	Viruses;Varidnaviria;Bamfordvirae;Nucleocytoviricota;Megaviricetes;Algavirales;Phycodnaviridae
k141_781209	4936	No terminal repeats	NA	13	11	0.9755	NA	0	8.7993	Viruses;Duplodnaviria;Heunggongvirae;Uroviricota;Caudoviricetes;;
k141_862411	8748	No terminal repeats	NA	10	11	0.9755	NA	0	8.5399	Viruses;Duplodnaviria;Heunggongvirae;Uroviricota;Caudoviricetes;;
k141_641538	9266	No terminal repeats	NA	14	11	0.9755	NA	1	6.0396	Viruses;Duplodnaviria;Heunggongvirae;Uroviricota;Caudoviricetes;;
k141_703651	3883	No terminal repeats	NA	5	11	0.9754	NA	0	4.5568	Viruses;Duplodnaviria;Heunggongvirae;Uroviricota;Caudoviricetes;;
k141_338786	5536	No terminal repeats	NA	8	11	0.9754	NA	3	11.4544	Viruses;Duplodnaviria;Heunggongvirae;Uroviricota;Caudoviricetes;;
k141_493955	7922	No terminal repeats	NA	22	11	0.9754	NA	0	8.7692	Viruses;Duplodnaviria;Heunggongvirae;Uroviricota;Caudoviricetes;;
k141_1383688	7410	No terminal repeats	NA	10	11	0.9754	NA	0	6.6784	Viruses;Duplodnaviria;Heunggongvirae;Uroviricota;Caudoviricetes;;
k141_116908	9141	No terminal repeats	NA	10	11	0.9754	NA	0	6.8731	Viruses;Varidnaviria;Bamfordvirae;Nucleocytoviricota;Megaviricetes;Algavirales;Phycodnaviridae
k141_43695	8956	No terminal repeats	NA	8	11	0.9754	NA	0	10.3056	Viruses;Duplodnaviria;Heunggongvirae;Uroviricota;Caudoviricetes;;
k141_1329422	4592	No terminal repeats	NA	5	11	0.9754	NA	0	4.5520	Viruses;Duplodnaviria;Heunggongvirae;Uroviricota;Caudoviricetes;;
k141_779020	7068	No terminal repeats	NA	6	11	0.9754	NA	0	6.2489	Viruses;Varidnaviria;Bamfordvirae;Nucleocytoviricota;Megaviricetes;Imitervirales;Mimiviridae
k141_1348430	3036	No terminal repeats	NA	4	11	0.9754	NA	0	5.0230	Viruses;Duplodnaviria;Heunggongvirae;Uroviricota;Caudoviricetes;;
k141_263337	7123	No terminal repeats	NA	8	11	0.9754	NA	0	8.2088	Viruses;Duplodnaviria;Heunggongvirae;Uroviricota;Caudoviricetes;;
k141_496353	8928	No terminal repeats	NA	8	11	0.9754	NA	0	8.5946	Viruses;Varidnaviria;Bamfordvirae;Nucleocytoviricota;Megaviricetes;;
k141_1847474|provirus_32979_125483	92505	Provirus	32979-125483	144	11	0.9754	NA	7	77.1859	Viruses;Duplodnaviria;Heunggongvirae;Uroviricota;Caudoviricetes;;
k141_74120	4949	No terminal repeats	NA	7	11	0.9754	NA	0	8.5914	Viruses;Varidnaviria;Bamfordvirae;Nucleocytoviricota;Megaviricetes;Imitervirales;Allomimiviridae
k141_590805	4271	No terminal repeats	NA	15	11	0.9754	NA	0	5.5510	Viruses;Duplodnaviria;Heunggongvirae;Uroviricota;Caudoviricetes;;
k141_781217	4225	No terminal repeats	NA	10	11	0.9753	NA	1	5.1469	Viruses;Duplodnaviria;Heunggongvirae;Uroviricota;Caudoviricetes;;
k141_2053283	5379	No terminal repeats	NA	11	11	0.9753	NA	1	7.8907	Viruses;Duplodnaviria;Heunggongvirae;Uroviricota;Caudoviricetes;;
k141_622625	3808	No terminal repeats	NA	8	11	0.9753	NA	0	9.5778	Viruses;Duplodnaviria;Heunggongvirae;Uroviricota;Caudoviricetes;;
k141_1977348	4404	No terminal repeats	NA	9	11	0.9753	NA	0	6.4746	Viruses;Duplodnaviria;Heunggongvirae;Uroviricota;Caudoviricetes;;
k141_1857013	3652	No terminal repeats	NA	6	11	0.9753	NA	1	5.9216	Viruses;Duplodnaviria;Heunggongvirae;Uroviricota;Caudoviricetes;;
k141_1074348	6672	No terminal repeats	NA	7	11	0.9753	NA	0	5.8748	Viruses;Duplodnaviria;Heunggongvirae;Uroviricota;Caudoviricetes;;
k141_284243	5267	No terminal repeats	NA	17	11	0.9753	NA	2	14.2449	Viruses;Duplodnaviria;Heunggongvirae;Uroviricota;Caudoviricetes;;
k141_2012290	9681	No terminal repeats	NA	21	11	0.9753	NA	0	9.2354	Viruses;Duplodnaviria;Heunggongvirae;Uroviricota;Caudoviricetes;;
k141_616591	9256	No terminal repeats	NA	13	11	0.9752	NA	1	11.8574	Viruses;Duplodnaviria;Heunggongvirae;Uroviricota;Caudoviricetes;;
k141_2010779	68119	DTR	NA	86	11	0.9752	NA	1	53.4241	Viruses;Duplodnaviria;Heunggongvirae;Uroviricota;Caudoviricetes;;
k141_690244	6213	No terminal repeats	NA	6	11	0.9752	NA	0	9.3755	Viruses;Duplodnaviria;Heunggongvirae;Uroviricota;Caudoviricetes;;
k141_194127	5979	No terminal repeats	NA	8	11	0.9752	NA	0	5.0599	Viruses;Varidnaviria;Bamfordvirae;Nucleocytoviricota;Megaviricetes;Algavirales;Phycodnaviridae
k141_1404725	5854	No terminal repeats	NA	8	11	0.9752	NA	0	5.5267	Viruses;Duplodnaviria;Heunggongvirae;Uroviricota;Caudoviricetes;;
k141_1256177	8507	No terminal repeats	NA	13	11	0.9752	NA	6	17.3743	Viruses;Duplodnaviria;Heunggongvirae;Uroviricota;Caudoviricetes;;
k141_1940528	6252	No terminal repeats	NA	6	11	0.9752	NA	0	4.7460	Viruses;Varidnaviria;Bamfordvirae;Nucleocytoviricota;Megaviricetes;;
k141_2085157	3901	No terminal repeats	NA	7	11	0.9752	NA	0	7.9975	Viruses;Varidnaviria;Bamfordvirae;Nucleocytoviricota;Megaviricetes;Algavirales;Phycodnaviridae
k141_416337	5638	No terminal repeats	NA	6	11	0.9752	NA	0	3.3162	Viruses;Varidnaviria;Bamfordvirae;Nucleocytoviricota;Megaviricetes;Algavirales;Phycodnaviridae
k141_313744	4358	No terminal repeats	NA	5	11	0.9752	NA	0	3.4366	Viruses;Duplodnaviria;Heunggongvirae;Uroviricota;Caudoviricetes;;
k141_2010876	4098	No terminal repeats	NA	9	11	0.9752	NA	0	5.1130	Viruses;Duplodnaviria;Heunggongvirae;Uroviricota;Caudoviricetes;;
k141_2221757	5224	No terminal repeats	NA	10	11	0.9752	NA	0	7.6463	Viruses;Duplodnaviria;Heunggongvirae;Uroviricota;Caudoviricetes;;Kyanoviridae
k141_1570387	6646	No terminal repeats	NA	8	11	0.9751	NA	0	6.4764	Viruses;Duplodnaviria;Heunggongvirae;Uroviricota;Caudoviricetes;;
k141_1957207	4475	No terminal repeats	NA	7	11	0.9751	NA	0	6.8731	Viruses;Varidnaviria;Bamfordvirae;Nucleocytoviricota;Megaviricetes;Algavirales;Phycodnaviridae
k141_1137791	3307	No terminal repeats	NA	5	11	0.9751	NA	0	3.4366	Viruses;Varidnaviria;Bamfordvirae;Nucleocytoviricota;Megaviricetes;Imitervirales;Mimiviridae
k141_64535	7768	No terminal repeats	NA	24	11	0.9751	NA	1	5.4126	Viruses;Duplodnaviria;Heunggongvirae;Uroviricota;Caudoviricetes;;
k141_521899	8789	No terminal repeats	NA	16	11	0.9751	NA	2	7.7977	Viruses;Duplodnaviria;Heunggongvirae;Uroviricota;Caudoviricetes;;
k141_632764	4338	No terminal repeats	NA	7	11	0.9751	NA	0	8.0576	Viruses;Varidnaviria;Bamfordvirae;Nucleocytoviricota;Megaviricetes;Algavirales;Phycodnaviridae
k141_429818	5131	No terminal repeats	NA	9	11	0.9751	NA	2	10.2659	Viruses;Duplodnaviria;Heunggongvirae;Uroviricota;Caudoviricetes;;Ackermannviridae
k141_664387	6378	No terminal repeats	NA	9	11	0.9751	NA	3	11.2958	Viruses;Duplodnaviria;Heunggongvirae;Uroviricota;Caudoviricetes;;
k141_1942937	8686	No terminal repeats	NA	15	11	0.9751	NA	0	9.6814	Viruses;Duplodnaviria;Heunggongvirae;Uroviricota;Caudoviricetes;;
k141_110767	5148	No terminal repeats	NA	10	11	0.9750	NA	1	9.6282	Viruses;Duplodnaviria;Heunggongvirae;Uroviricota;Caudoviricetes;;
k141_311854	4759	No terminal repeats	NA	5	11	0.9750	NA	2	4.6371	Viruses;Duplodnaviria;Heunggongvirae;Uroviricota;Caudoviricetes;;
k141_2087691	4509	No terminal repeats	NA	7	11	0.9750	NA	0	5.1548	Viruses;Duplodnaviria;Heunggongvirae;Uroviricota;Caudoviricetes;;
k141_128073	7847	No terminal repeats	NA	17	11	0.9750	NA	0	9.2354	Viruses;Duplodnaviria;Heunggongvirae;Uroviricota;Caudoviricetes;;
k141_2396379	8578	No terminal repeats	NA	14	11	0.9750	NA	5	12.2762	Viruses;Duplodnaviria;Heunggongvirae;Uroviricota;Caudoviricetes;;
k141_1937285	4813	No terminal repeats	NA	5	11	0.9750	NA	0	4.7188	Viruses;Duplodnaviria;Heunggongvirae;Uroviricota;Caudoviricetes;;
k141_1535685	5629	No terminal repeats	NA	6	11	0.9750	NA	2	8.1432	Viruses;Duplodnaviria;Heunggongvirae;Uroviricota;Caudoviricetes;;
k141_1758205	115713	No terminal repeats	NA	113	11	0.9750	NA	15	118.1440	Viruses;Duplodnaviria;Heunggongvirae;Uroviricota;Caudoviricetes;;
k141_1821036	5538	No terminal repeats	NA	7	11	0.9750	NA	0	6.3546	Viruses;Varidnaviria;Bamfordvirae;Nucleocytoviricota;Megaviricetes;;
k141_1012076	3513	No terminal repeats	NA	7	11	0.9750	NA	0	5.1548	Viruses;Varidnaviria;Bamfordvirae;Nucleocytoviricota;Megaviricetes;Algavirales;Phycodnaviridae
k141_1237612	4498	No terminal repeats	NA	8	11	0.9750	NA	0	8.2517	Viruses;Duplodnaviria;Heunggongvirae;Uroviricota;Caudoviricetes;;
k141_126265	4313	No terminal repeats	NA	9	11	0.9750	NA	0	11.7196	Viruses;Duplodnaviria;Heunggongvirae;Uroviricota;Caudoviricetes;;
k141_1374189	4455	No terminal repeats	NA	7	11	0.9749	NA	0	4.2920	Viruses;Varidnaviria;Bamfordvirae;Nucleocytoviricota;Megaviricetes;;
k141_1113081	8508	No terminal repeats	NA	11	11	0.9749	NA	1	11.6191	Viruses;Varidnaviria;Bamfordvirae;Nucleocytoviricota;Megaviricetes;;
k141_693864	5609	No terminal repeats	NA	5	11	0.9749	NA	0	3.2310	Viruses;Duplodnaviria;Heunggongvirae;Uroviricota;Caudoviricetes;;
k141_1270947	7686	No terminal repeats	NA	12	11	0.9749	NA	0	9.2433	Viruses;Duplodnaviria;Heunggongvirae;Uroviricota;Caudoviricetes;;
k141_1281352	3718	No terminal repeats	NA	7	11	0.9749	NA	1	6.3644	Viruses;Duplodnaviria;Heunggongvirae;Uroviricota;Caudoviricetes;;
k141_144842	4085	No terminal repeats	NA	8	11	0.9749	NA	1	7.1393	Viruses;Duplodnaviria;Heunggongvirae;Uroviricota;Caudoviricetes;;
k141_1558995	9348	No terminal repeats	NA	16	11	0.9749	NA	2	14.7100	Viruses;Duplodnaviria;Heunggongvirae;Uroviricota;Caudoviricetes;;
k141_683776	4032	No terminal repeats	NA	6	11	0.9749	NA	0	5.1548	Viruses;Duplodnaviria;Heunggongvirae;Uroviricota;Caudoviricetes;;
k141_18083	9667	No terminal repeats	NA	6	11	0.9749	NA	0	6.8731	Viruses;Duplodnaviria;Heunggongvirae;Uroviricota;Caudoviricetes;;
k141_1267169	3526	No terminal repeats	NA	9	11	0.9749	NA	0	3.4366	Viruses;Duplodnaviria;Heunggongvirae;Uroviricota;Caudoviricetes;;Mesyanzhinovviridae
k141_363495	9374	No terminal repeats	NA	12	11	0.9748	NA	5	13.0689	Viruses;Duplodnaviria;Heunggongvirae;Uroviricota;Caudoviricetes;;
k141_2223004	5211	No terminal repeats	NA	14	11	0.9748	NA	0	6.1320	Viruses;Duplodnaviria;Heunggongvirae;Uroviricota;Caudoviricetes;;
k141_2139323	6159	No terminal repeats	NA	15	11	0.9748	NA	1	13.3381	Viruses;Duplodnaviria;Heunggongvirae;Uroviricota;Caudoviricetes;;
k141_1799195	6401	No terminal repeats	NA	10	11	0.9748	NA	0	8.0451	Viruses;Duplodnaviria;Heunggongvirae;Uroviricota;Caudoviricetes;;
k141_1432325	6807	No terminal repeats	NA	6	11	0.9747	NA	0	8.1967	Viruses;Duplodnaviria;Heunggongvirae;Uroviricota;Caudoviricetes;;
k141_1008507	129340	DTR	NA	167	11	0.9747	NA	8	117.9003	Viruses;Duplodnaviria;Heunggongvirae;Uroviricota;Caudoviricetes;;
k141_606606	9464	No terminal repeats	NA	14	11	0.9747	NA	0	2.9815	Viruses;Duplodnaviria;Heunggongvirae;Uroviricota;Caudoviricetes;;
k141_1928532	4884	No terminal repeats	NA	6	11	0.9747	NA	0	3.4366	Viruses;Varidnaviria;Bamfordvirae;Nucleocytoviricota;Megaviricetes;Imitervirales;Mimiviridae
k141_2139553	4461	No terminal repeats	NA	6	11	0.9747	NA	0	5.1548	Viruses;Varidnaviria;Bamfordvirae;Nucleocytoviricota;Megaviricetes;Algavirales;Phycodnaviridae
k141_1551461	5607	No terminal repeats	NA	9	11	0.9747	NA	1	10.3075	Viruses;Varidnaviria;Bamfordvirae;Nucleocytoviricota;Megaviricetes;Algavirales;Phycodnaviridae
k141_960275	5033	No terminal repeats	NA	9	11	0.9747	NA	1	6.8709	Viruses;Varidnaviria;Bamfordvirae;Nucleocytoviricota;Megaviricetes;Imitervirales;Schizomimiviridae
k141_776688	3579	No terminal repeats	NA	11	11	0.9747	NA	0	11.7876	Viruses;Duplodnaviria;Heunggongvirae;Uroviricota;Caudoviricetes;;
k141_1563760	7201	No terminal repeats	NA	15	11	0.9746	NA	1	8.0608	Viruses;Duplodnaviria;Heunggongvirae;Uroviricota;Caudoviricetes;;
k141_908784	4252	No terminal repeats	NA	6	11	0.9746	NA	0	9.4103	Viruses;Duplodnaviria;Heunggongvirae;Uroviricota;Caudoviricetes;;
k141_59351	5598	No terminal repeats	NA	8	11	0.9746	NA	0	3.4366	Viruses;Varidnaviria;Bamfordvirae;Nucleocytoviricota;Megaviricetes;Imitervirales;Mimiviridae
k141_1410645	6028	No terminal repeats	NA	5	11	0.9746	NA	0	5.1115	Viruses;Varidnaviria;Bamfordvirae;Nucleocytoviricota;Megaviricetes;;
k141_444219	3693	No terminal repeats	NA	5	11	0.9746	NA	0	6.4721	Viruses;Varidnaviria;Bamfordvirae;Nucleocytoviricota;Megaviricetes;;
k141_1750256	4279	No terminal repeats	NA	5	11	0.9746	NA	0	6.3626	Viruses;Duplodnaviria;Heunggongvirae;Uroviricota;Caudoviricetes;;
k141_1244209	3668	No terminal repeats	NA	9	11	0.9746	NA	3	11.0497	Viruses;Duplodnaviria;Heunggongvirae;Uroviricota;Caudoviricetes;;
k141_158770	16700	No terminal repeats	NA	24	11	0.9746	NA	2	23.5877	Viruses;Duplodnaviria;Heunggongvirae;Uroviricota;Caudoviricetes;;
k141_47190	3873	No terminal repeats	NA	8	11	0.9746	NA	0	6.0640	Viruses;Duplodnaviria;Heunggongvirae;Uroviricota;Caudoviricetes;;
k141_300503	4532	No terminal repeats	NA	6	15	0.9746	NA	0	3.6785	Viruses;Duplodnaviria;Heunggongvirae;Uroviricota;Caudoviricetes;;
k141_405217	6405	No terminal repeats	NA	8	11	0.9746	NA	1	6.8731	Viruses;Varidnaviria;Bamfordvirae;Nucleocytoviricota;Megaviricetes;;
k141_1262209	3844	No terminal repeats	NA	8	11	0.9745	NA	0	9.9595	Viruses;Duplodnaviria;Heunggongvirae;Uroviricota;Caudoviricetes;;
k141_2141941	5856	No terminal repeats	NA	7	11	0.9745	NA	1	3.4366	Viruses;Duplodnaviria;Heunggongvirae;Uroviricota;Caudoviricetes;;Fredfastierviridae
k141_1606549	5241	No terminal repeats	NA	6	11	0.9745	NA	0	5.1548	Viruses;Varidnaviria;Bamfordvirae;Nucleocytoviricota;Megaviricetes;Imitervirales;Mimiviridae
k141_839554	4909	No terminal repeats	NA	9	11	0.9745	NA	0	3.4329	Viruses;Duplodnaviria;Heunggongvirae;Uroviricota;Caudoviricetes;;
k141_1642905	4071	No terminal repeats	NA	5	11	0.9745	NA	2	6.8051	Viruses;Duplodnaviria;Heunggongvirae;Uroviricota;Caudoviricetes;;
k141_1512687	7003	No terminal repeats	NA	9	11	0.9745	NA	0	5.5996	Viruses;Duplodnaviria;Heunggongvirae;Uroviricota;Caudoviricetes;;
k141_420751	9110	No terminal repeats	NA	24	11	0.9745	NA	0	17.4750	Viruses;Duplodnaviria;Heunggongvirae;Uroviricota;Caudoviricetes;;
k141_1482723	5788	No terminal repeats	NA	6	11	0.9744	NA	0	3.0433	Viruses;Varidnaviria;Bamfordvirae;Nucleocytoviricota;Megaviricetes;Algavirales;Phycodnaviridae
k141_948757	4555	No terminal repeats	NA	8	11	0.9744	NA	0	8.5852	Viruses;Varidnaviria;Bamfordvirae;Nucleocytoviricota;Megaviricetes;Algavirales;Phycodnaviridae
k141_2408473	32649	DTR	NA	59	11	0.9744	NA	6	33.6842	Viruses;Duplodnaviria;Heunggongvirae;Uroviricota;Caudoviricetes;;
k141_1710702	4451	No terminal repeats	NA	5	11	0.9744	NA	0	3.4366	Viruses;Duplodnaviria;Heunggongvirae;Uroviricota;Caudoviricetes;;Stanwilliamsviridae
k141_1811497	5105	No terminal repeats	NA	13	11	0.9744	NA	0	7.1334	Viruses;Duplodnaviria;Heunggongvirae;Uroviricota;Caudoviricetes;;
k141_2288648	4034	No terminal repeats	NA	10	11	0.9744	NA	0	6.8731	Viruses;Duplodnaviria;Heunggongvirae;Uroviricota;Caudoviricetes;;
k141_2216686	5192	No terminal repeats	NA	11	11	0.9743	NA	0	3.4366	Viruses;Varidnaviria;Bamfordvirae;Nucleocytoviricota;Megaviricetes;Imitervirales;Mimiviridae
k141_321134	7521	No terminal repeats	NA	8	11	0.9743	NA	1	6.8722	Viruses;Varidnaviria;Bamfordvirae;Preplasmiviricota;Maveriviricetes;Priklausovirales;
k141_1794315	6125	No terminal repeats	NA	13	11	0.9743	NA	0	8.3196	Viruses;Duplodnaviria;Heunggongvirae;Uroviricota;Caudoviricetes;;
k141_1646019	6224	No terminal repeats	NA	15	11	0.9743	NA	1	8.5951	Viruses;Duplodnaviria;Heunggongvirae;Uroviricota;Caudoviricetes;;
k141_115328	5374	No terminal repeats	NA	12	11	0.9743	NA	0	4.4661	Viruses;Duplodnaviria;Heunggongvirae;Uroviricota;Caudoviricetes;;
k141_753585	6670	No terminal repeats	NA	7	11	0.9743	NA	1	6.4585	Viruses;Duplodnaviria;Heunggongvirae;Uroviricota;Caudoviricetes;;
k141_508224	4473	No terminal repeats	NA	6	11	0.9743	NA	0	3.4334	Viruses;Varidnaviria;Bamfordvirae;Nucleocytoviricota;Megaviricetes;Imitervirales;Mimiviridae
k141_593124	5289	No terminal repeats	NA	9	11	0.9743	NA	0	8.5914	Viruses;Varidnaviria;Bamfordvirae;Nucleocytoviricota;Megaviricetes;Algavirales;Phycodnaviridae
k141_1516208	9875	No terminal repeats	NA	19	11	0.9743	NA	1	9.8228	Viruses;Duplodnaviria;Heunggongvirae;Uroviricota;Caudoviricetes;;
k141_997341	4534	No terminal repeats	NA	5	11	0.9743	NA	1	8.5914	Viruses;Duplodnaviria;Heunggongvirae;Uroviricota;Caudoviricetes;;
k141_715844	1807	No terminal repeats	NA	5	11	0.9742	NA	1	8.1697	Viruses;Duplodnaviria;Heunggongvirae;Uroviricota;Caudoviricetes;;Kyanoviridae
k141_1933231	6667	No terminal repeats	NA	15	11	0.9742	NA	0	6.6321	Viruses;Duplodnaviria;Heunggongvirae;Uroviricota;Caudoviricetes;;
k141_416902	4946	No terminal repeats	NA	3	11	0.9742	NA	0	3.4268	Viruses;Duplodnaviria;Heunggongvirae;Uroviricota;Caudoviricetes;;
k141_679999	5074	No terminal repeats	NA	5	11	0.9742	NA	0	6.8731	Viruses;Varidnaviria;Bamfordvirae;Nucleocytoviricota;Megaviricetes;Imitervirales;Schizomimiviridae
k141_1246948	8340	No terminal repeats	NA	21	11	0.9742	NA	0	7.5062	Viruses;Duplodnaviria;Heunggongvirae;Uroviricota;Caudoviricetes;;
k141_618237	6727	No terminal repeats	NA	6	11	0.9742	NA	0	7.7826	Viruses;Duplodnaviria;Heunggongvirae;Uroviricota;Caudoviricetes;;
k141_1064637	9252	No terminal repeats	NA	11	11	0.9741	NA	1	8.5837	Viruses;Varidnaviria;Bamfordvirae;Nucleocytoviricota;Megaviricetes;Algavirales;Phycodnaviridae
k141_1563332	4267	No terminal repeats	NA	6	11	0.9741	NA	1	3.8773	Viruses;Duplodnaviria;Heunggongvirae;Uroviricota;Caudoviricetes;;
k141_199255	6442	No terminal repeats	NA	6	11	0.9741	NA	0	4.9591	Viruses;Varidnaviria;Bamfordvirae;Nucleocytoviricota;Megaviricetes;Algavirales;Phycodnaviridae
k141_1130527	5498	No terminal repeats	NA	14	11	0.9741	NA	1	11.3295	Viruses;Duplodnaviria;Heunggongvirae;Uroviricota;Caudoviricetes;;
k141_1961858	9923	No terminal repeats	NA	13	11	0.9741	NA	0	11.4610	Viruses;Varidnaviria;Bamfordvirae;Nucleocytoviricota;Megaviricetes;Imitervirales;Mimiviridae
k141_876695	22916	No terminal repeats	NA	43	11	0.9741	NA	2	26.0763	Viruses;Duplodnaviria;Heunggongvirae;Uroviricota;Caudoviricetes;;
k141_1364467	7928	No terminal repeats	NA	8	11	0.9741	NA	1	2.8100	Viruses;Varidnaviria;Bamfordvirae;Nucleocytoviricota;Megaviricetes;;
k141_2251232	5482	No terminal repeats	NA	9	11	0.9741	NA	0	3.2559	Viruses;Duplodnaviria;Heunggongvirae;Uroviricota;Caudoviricetes;;
k141_846334	4481	No terminal repeats	NA	12	11	0.9741	NA	0	13.3057	Viruses;Duplodnaviria;Heunggongvirae;Uroviricota;Caudoviricetes;;
k141_1670299	4072	No terminal repeats	NA	5	11	0.9741	NA	1	6.8731	Viruses;Duplodnaviria;Heunggongvirae;Uroviricota;Caudoviricetes;;
k141_765452	4072	No terminal repeats	NA	8	11	0.9741	NA	0	3.4366	Viruses;Duplodnaviria;Heunggongvirae;Uroviricota;Caudoviricetes;;
k141_1765561	6741	No terminal repeats	NA	10	11	0.9741	NA	1	11.2372	Viruses;Duplodnaviria;Heunggongvirae;Uroviricota;Caudoviricetes;;
k141_1534411	90589	No terminal repeats	NA	82	11	0.9741	NA	4	26.8062	Viruses;Duplodnaviria;Heunggongvirae;Uroviricota;Caudoviricetes;;
k141_230694	5442	No terminal repeats	NA	5	11	0.9740	NA	0	6.4116	Viruses;Duplodnaviria;Heunggongvirae;Uroviricota;Caudoviricetes;;Straboviridae
k141_1642065	9423	No terminal repeats	NA	9	11	0.9740	NA	1	6.8449	Viruses;Duplodnaviria;Heunggongvirae;Uroviricota;Caudoviricetes;;
k141_2390353	6514	No terminal repeats	NA	13	11	0.9740	NA	0	10.7809	Viruses;Varidnaviria;Bamfordvirae;Nucleocytoviricota;Megaviricetes;;
k141_1902882	8017	No terminal repeats	NA	5	11	0.9740	NA	0	3.4366	Viruses;Varidnaviria;Bamfordvirae;Nucleocytoviricota;Megaviricetes;Imitervirales;Mimiviridae
k141_1429137	3761	No terminal repeats	NA	10	11	0.9740	NA	0	6.7751	Viruses;Duplodnaviria;Heunggongvirae;Uroviricota;Caudoviricetes;;
k141_883951	2935	No terminal repeats	NA	6	11	0.9740	NA	0	8.4160	Viruses;Duplodnaviria;Heunggongvirae;Uroviricota;Caudoviricetes;;
k141_124511	6240	No terminal repeats	NA	10	11	0.9740	NA	0	5.9788	Viruses;Varidnaviria;Bamfordvirae;Nucleocytoviricota;Megaviricetes;Imitervirales;
k141_361153	8675	No terminal repeats	NA	13	11	0.9739	NA	1	17.9115	Viruses;Duplodnaviria;Heunggongvirae;Uroviricota;Caudoviricetes;;
k141_1040842	8365	No terminal repeats	NA	8	11	0.9739	NA	1	3.3762	Viruses;Varidnaviria;Bamfordvirae;Nucleocytoviricota;Megaviricetes;Imitervirales;
k141_442869	4669	No terminal repeats	NA	5	11	0.9739	NA	0	3.4366	Viruses;Varidnaviria;Bamfordvirae;Nucleocytoviricota;Megaviricetes;Imitervirales;Mimiviridae
k141_1989085	3594	No terminal repeats	NA	6	11	0.9739	NA	1	7.5046	Viruses;Duplodnaviria;Heunggongvirae;Uroviricota;Caudoviricetes;;
k141_1141059	4687	No terminal repeats	NA	7	11	0.9739	NA	1	6.8709	Viruses;Varidnaviria;Bamfordvirae;Nucleocytoviricota;Megaviricetes;Algavirales;Phycodnaviridae
k141_294447	4963	No terminal repeats	NA	5	11	0.9738	NA	0	5.1086	Viruses;Duplodnaviria;Heunggongvirae;Uroviricota;Caudoviricetes;;
k141_446787	4796	No terminal repeats	NA	8	11	0.9738	NA	0	3.4366	Viruses;Varidnaviria;Bamfordvirae;Preplasmiviricota;Maveriviricetes;Priklausovirales;
k141_296417	7411	No terminal repeats	NA	30	11	0.9738	NA	0	10.2793	Viruses;Duplodnaviria;Heunggongvirae;Uroviricota;Caudoviricetes;;
k141_1666718	4174	No terminal repeats	NA	8	11	0.9738	NA	1	4.3172	Viruses;Duplodnaviria;Heunggongvirae;Uroviricota;Caudoviricetes;;
k141_100618	5995	No terminal repeats	NA	16	11	0.9738	NA	1	14.6796	Viruses;Duplodnaviria;Heunggongvirae;Uroviricota;Caudoviricetes;;
k141_485411	5756	No terminal repeats	NA	6	11	0.9738	NA	0	5.1520	Viruses;Varidnaviria;Bamfordvirae;Nucleocytoviricota;Megaviricetes;Imitervirales;Mimiviridae
k141_925257	5409	No terminal repeats	NA	9	11	0.9738	NA	0	4.9056	Viruses;Duplodnaviria;Heunggongvirae;Uroviricota;Caudoviricetes;;
k141_1871063	5273	No terminal repeats	NA	10	11	0.9738	NA	1	13.8996	Viruses;Duplodnaviria;Heunggongvirae;Uroviricota;Caudoviricetes;;
k141_2278788	151779	DTR	NA	194	11	0.9738	NA	5	173.4419	Viruses;Duplodnaviria;Heunggongvirae;Uroviricota;Caudoviricetes;;
k141_676597	4433	No terminal repeats	NA	5	11	0.9738	NA	0	4.5879	Viruses;Varidnaviria;Bamfordvirae;Nucleocytoviricota;Megaviricetes;Imitervirales;Mimiviridae
k141_1841080	3872	No terminal repeats	NA	7	11	0.9738	NA	0	4.8127	Viruses;Duplodnaviria;Heunggongvirae;Uroviricota;Caudoviricetes;;
k141_1454862	6181	No terminal repeats	NA	6	11	0.9738	NA	1	3.4366	Viruses;Varidnaviria;Bamfordvirae;Nucleocytoviricota;Megaviricetes;;
k141_2148061	4356	No terminal repeats	NA	6	11	0.9738	NA	1	5.3227	Viruses;Duplodnaviria;Heunggongvirae;Uroviricota;Caudoviricetes;;
k141_1004031	4585	No terminal repeats	NA	7	11	0.9738	NA	1	8.5874	Viruses;Duplodnaviria;Heunggongvirae;Uroviricota;Caudoviricetes;;
k141_1892518	4840	No terminal repeats	NA	10	11	0.9738	NA	0	9.4676	Viruses;Duplodnaviria;Heunggongvirae;Uroviricota;Caudoviricetes;;
k141_771139	5014	No terminal repeats	NA	8	11	0.9738	NA	0	5.1548	Viruses;Duplodnaviria;Heunggongvirae;Uroviricota;Caudoviricetes;;
k141_1057934	9062	No terminal repeats	NA	12	11	0.9737	NA	0	3.4366	Viruses;Varidnaviria;Bamfordvirae;Nucleocytoviricota;Megaviricetes;;
k141_311233	3722	No terminal repeats	NA	5	11	0.9737	NA	1	4.8193	Viruses;Duplodnaviria;Heunggongvirae;Uroviricota;Caudoviricetes;;
k141_2135546	7417	No terminal repeats	NA	9	11	0.9737	NA	0	3.4366	Viruses;Varidnaviria;Bamfordvirae;Nucleocytoviricota;Megaviricetes;;
k141_696485	4025	No terminal repeats	NA	9	11	0.9737	NA	1	6.4296	Viruses;Duplodnaviria;Heunggongvirae;Uroviricota;Caudoviricetes;;
k141_1413168	4268	No terminal repeats	NA	6	11	0.9737	NA	2	8.3749	Viruses;Duplodnaviria;Heunggongvirae;Uroviricota;Caudoviricetes;;
k141_1425381	4293	No terminal repeats	NA	6	11	0.9737	NA	1	8.5870	Viruses;Duplodnaviria;Heunggongvirae;Uroviricota;Caudoviricetes;;Kyanoviridae
k141_962864	73921	No terminal repeats	NA	100	11	0.9737	NA	3	86.2979	Viruses;Duplodnaviria;Heunggongvirae;Uroviricota;Caudoviricetes;;
k141_1853905	5658	No terminal repeats	NA	5	11	0.9737	NA	0	2.9790	Viruses;Duplodnaviria;Heunggongvirae;Uroviricota;Caudoviricetes;;
k141_1371858	7291	No terminal repeats	NA	15	11	0.9737	NA	0	12.5072	Viruses;Duplodnaviria;Heunggongvirae;Uroviricota;Caudoviricetes;;
k141_1039605	3607	No terminal repeats	NA	7	11	0.9736	NA	0	3.1400	Viruses;Duplodnaviria;Heunggongvirae;Uroviricota;Caudoviricetes;;
k141_1598092	3887	No terminal repeats	NA	12	11	0.9736	NA	0	3.4366	Viruses;Duplodnaviria;Heunggongvirae;Uroviricota;Caudoviricetes;;Zobellviridae
k141_1213641	4778	No terminal repeats	NA	8	11	0.9736	NA	1	11.6879	Viruses;Duplodnaviria;Heunggongvirae;Uroviricota;Caudoviricetes;;Kyanoviridae
k141_1170622	8979	No terminal repeats	NA	12	11	0.9736	NA	1	7.8829	Viruses;Varidnaviria;Bamfordvirae;Nucleocytoviricota;Megaviricetes;Imitervirales;Mimiviridae
k141_1061487	9781	No terminal repeats	NA	9	11	0.9736	NA	0	12.9700	Viruses;Duplodnaviria;Heunggongvirae;Uroviricota;Caudoviricetes;;
k141_75602	4113	No terminal repeats	NA	6	11	0.9736	NA	2	7.8632	Viruses;Duplodnaviria;Heunggongvirae;Uroviricota;Caudoviricetes;;
k141_1965515	3692	No terminal repeats	NA	5	11	0.9736	NA	0	5.1548	Viruses;Duplodnaviria;Heunggongvirae;Uroviricota;Caudoviricetes;;
k141_1452464	8609	No terminal repeats	NA	25	11	0.9736	NA	0	8.9836	Viruses;Duplodnaviria;Heunggongvirae;Uroviricota;Caudoviricetes;;
k141_706720	9368	No terminal repeats	NA	13	11	0.9736	NA	1	5.1548	Viruses;Varidnaviria;Bamfordvirae;Nucleocytoviricota;Megaviricetes;;
k141_1684315	5557	No terminal repeats	NA	11	11	0.9736	NA	0	6.9654	Viruses;Duplodnaviria;Heunggongvirae;Uroviricota;Caudoviricetes;;
k141_609912	7854	No terminal repeats	NA	9	11	0.9736	NA	1	3.3947	Viruses;Varidnaviria;Bamfordvirae;Nucleocytoviricota;Megaviricetes;;
k141_1587138	9149	No terminal repeats	NA	11	11	0.9735	NA	0	12.8269	Viruses;Duplodnaviria;Heunggongvirae;Uroviricota;Caudoviricetes;;
k141_682640	4182	No terminal repeats	NA	9	11	0.9735	NA	1	6.6465	Viruses;Duplodnaviria;Heunggongvirae;Uroviricota;Caudoviricetes;;
k141_20655	7746	No terminal repeats	NA	13	11	0.9735	NA	1	8.5530	Viruses;Duplodnaviria;Heunggongvirae;Uroviricota;Caudoviricetes;;
k141_1408715	4652	No terminal repeats	NA	6	11	0.9735	NA	0	3.0670	Viruses;Duplodnaviria;Heunggongvirae;Uroviricota;Caudoviricetes;;
k141_47806	3133	No terminal repeats	NA	6	11	0.9734	NA	0	8.1763	Viruses;Duplodnaviria;Heunggongvirae;Uroviricota;Caudoviricetes;;
k141_1191672	7965	No terminal repeats	NA	12	11	0.9734	NA	0	6.8496	Viruses;Varidnaviria;Bamfordvirae;Nucleocytoviricota;Megaviricetes;Algavirales;Phycodnaviridae
k141_207893	5791	No terminal repeats	NA	10	11	0.9734	NA	1	4.0546	Viruses;Duplodnaviria;Heunggongvirae;Uroviricota;Caudoviricetes;;
k141_690001	5717	No terminal repeats	NA	10	11	0.9734	NA	0	9.8209	Viruses;Duplodnaviria;Heunggongvirae;Uroviricota;Caudoviricetes;;
k141_2313095	3617	No terminal repeats	NA	7	11	0.9734	NA	2	5.9267	Viruses;Duplodnaviria;Heunggongvirae;Uroviricota;Caudoviricetes;;
k141_1490580	4996	No terminal repeats	NA	7	11	0.9734	NA	0	6.1452	Viruses;Varidnaviria;Bamfordvirae;Nucleocytoviricota;Megaviricetes;Imitervirales;Mimiviridae
k141_2172888	3681	No terminal repeats	NA	13	11	0.9734	NA	0	3.0645	Viruses;Duplodnaviria;Heunggongvirae;Uroviricota;Caudoviricetes;;
k141_1404464	5895	No terminal repeats	NA	12	11	0.9734	NA	0	17.1763	Viruses;Duplodnaviria;Heunggongvirae;Uroviricota;Caudoviricetes;;
k141_1852055	8890	No terminal repeats	NA	5	11	0.9734	NA	0	3.0168	Viruses;Varidnaviria;Bamfordvirae;Nucleocytoviricota;Megaviricetes;Imitervirales;Mimiviridae
k141_1965720	3774	No terminal repeats	NA	10	11	0.9734	NA	0	4.2201	Viruses;Duplodnaviria;Heunggongvirae;Uroviricota;Caudoviricetes;;
k141_2137764	5826	No terminal repeats	NA	12	11	0.9734	NA	1	6.1225	Viruses;Duplodnaviria;Heunggongvirae;Uroviricota;Caudoviricetes;;
k141_578689	5603	No terminal repeats	NA	7	11	0.9733	NA	0	4.6933	Viruses;Duplodnaviria;Heunggongvirae;Uroviricota;Caudoviricetes;;
k141_1375083	4659	No terminal repeats	NA	7	11	0.9733	NA	0	3.4366	Viruses;Varidnaviria;Bamfordvirae;Nucleocytoviricota;Megaviricetes;Imitervirales;Mimiviridae
k141_246284	5912	No terminal repeats	NA	8	11	0.9733	NA	0	5.0717	Viruses;Duplodnaviria;Heunggongvirae;Uroviricota;Caudoviricetes;;
k141_14351	3512	No terminal repeats	NA	10	11	0.9733	NA	0	6.6366	Viruses;Duplodnaviria;Heunggongvirae;Uroviricota;Caudoviricetes;;
k141_1564850	3820	No terminal repeats	NA	8	11	0.9732	NA	1	9.2581	Viruses;Duplodnaviria;Heunggongvirae;Uroviricota;Caudoviricetes;;
k141_1937265	6544	No terminal repeats	NA	12	11	0.9732	NA	0	5.9579	Viruses;Duplodnaviria;Heunggongvirae;Uroviricota;Caudoviricetes;;
k141_1881585	5206	No terminal repeats	NA	8	11	0.9732	NA	2	8.5914	Viruses;Duplodnaviria;Heunggongvirae;Uroviricota;Caudoviricetes;;
k141_2213887	4651	No terminal repeats	NA	7	11	0.9732	NA	1	4.7971	Viruses;Varidnaviria;Bamfordvirae;Nucleocytoviricota;Megaviricetes;Imitervirales;Mimiviridae
k141_1363536	4422	No terminal repeats	NA	7	11	0.9732	NA	0	10.0492	Viruses;Duplodnaviria;Heunggongvirae;Uroviricota;Caudoviricetes;;
k141_1660832	9330	No terminal repeats	NA	13	11	0.9732	NA	0	5.6903	Viruses;Varidnaviria;Bamfordvirae;Nucleocytoviricota;Megaviricetes;Algavirales;Phycodnaviridae
k141_55449	8014	No terminal repeats	NA	9	11	0.9732	NA	3	13.0376	Viruses;Duplodnaviria;Heunggongvirae;Uroviricota;Caudoviricetes;;
k141_516669	9385	No terminal repeats	NA	11	11	0.9732	NA	0	9.5880	Viruses;Varidnaviria;Bamfordvirae;Nucleocytoviricota;Megaviricetes;Algavirales;Phycodnaviridae
k141_369585	8846	No terminal repeats	NA	11	11	0.9732	NA	0	11.8058	Viruses;Varidnaviria;Bamfordvirae;Nucleocytoviricota;Megaviricetes;Imitervirales;Mimiviridae
k141_1849985	7628	No terminal repeats	NA	28	11	0.9732	NA	0	25.7227	Viruses;Duplodnaviria;Heunggongvirae;Uroviricota;Caudoviricetes;;
k141_58042	41376	DTR	NA	59	11	0.9732	NA	6	45.4415	Viruses;Duplodnaviria;Heunggongvirae;Uroviricota;Caudoviricetes;;
k141_2305216	4808	No terminal repeats	NA	5	11	0.9731	NA	2	5.1288	Viruses;Varidnaviria;Bamfordvirae;Nucleocytoviricota;Megaviricetes;Imitervirales;
k141_2061842	3587	No terminal repeats	NA	6	11	0.9731	NA	1	6.8719	Viruses;Duplodnaviria;Heunggongvirae;Uroviricota;Caudoviricetes;;
k141_2257508	3687	No terminal repeats	NA	8	11	0.9731	NA	0	4.6201	Viruses;Duplodnaviria;Heunggongvirae;Uroviricota;Caudoviricetes;;
k141_46279	9523	No terminal repeats	NA	10	11	0.9731	NA	0	10.3097	Viruses;Varidnaviria;Bamfordvirae;Nucleocytoviricota;Megaviricetes;Algavirales;Phycodnaviridae
k141_493683	3897	No terminal repeats	NA	5	11	0.9731	NA	1	5.1548	Viruses;Varidnaviria;Bamfordvirae;Nucleocytoviricota;Megaviricetes;Imitervirales;Mimiviridae
k141_85310	4067	No terminal repeats	NA	10	11	0.9731	NA	1	3.2132	Viruses;Duplodnaviria;Heunggongvirae;Uroviricota;Caudoviricetes;;
k141_107356	8144	No terminal repeats	NA	22	11	0.9731	NA	0	10.8724	Viruses;Duplodnaviria;Heunggongvirae;Uroviricota;Caudoviricetes;;
k141_54830	3713	No terminal repeats	NA	10	11	0.9731	NA	1	8.1181	Viruses;Duplodnaviria;Heunggongvirae;Uroviricota;Caudoviricetes;;
k141_1658840	4791	No terminal repeats	NA	7	11	0.9730	NA	0	4.1263	Viruses;Duplodnaviria;Heunggongvirae;Uroviricota;Caudoviricetes;;
k141_1868047	5055	No terminal repeats	NA	12	11	0.9730	NA	0	4.5330	Viruses;Duplodnaviria;Heunggongvirae;Uroviricota;Caudoviricetes;;
k141_299629	5887	No terminal repeats	NA	6	11	0.9730	NA	5	6.8261	Viruses;Duplodnaviria;Heunggongvirae;Uroviricota;Caudoviricetes;;
k141_380738	4008	No terminal repeats	NA	7	11	0.9730	NA	0	3.4159	Viruses;Varidnaviria;Bamfordvirae;Nucleocytoviricota;Megaviricetes;Algavirales;Phycodnaviridae
k141_976802	3597	No terminal repeats	NA	7	11	0.9730	NA	0	3.4366	Viruses;Duplodnaviria;Heunggongvirae;Uroviricota;Caudoviricetes;;Kyanoviridae
k141_1883353	5886	No terminal repeats	NA	17	11	0.9730	NA	3	15.3324	Viruses;Duplodnaviria;Heunggongvirae;Uroviricota;Caudoviricetes;;
k141_977313	9053	No terminal repeats	NA	16	11	0.9730	NA	5	16.5651	Viruses;Duplodnaviria;Heunggongvirae;Uroviricota;Caudoviricetes;;
k141_2026455	4790	No terminal repeats	NA	6	11	0.9730	NA	0	6.7997	Viruses;Varidnaviria;Bamfordvirae;Nucleocytoviricota;Megaviricetes;Imitervirales;Mimiviridae
k141_1906019	8749	No terminal repeats	NA	20	11	0.9729	NA	0	12.6977	Viruses;Duplodnaviria;Heunggongvirae;Uroviricota;Caudoviricetes;;
k141_1252826	5887	No terminal repeats	NA	5	11	0.9729	NA	4	6.8731	Viruses;Duplodnaviria;Heunggongvirae;Uroviricota;Caudoviricetes;;
k141_431507	5560	No terminal repeats	NA	7	11	0.9729	NA	0	6.8731	Viruses;Varidnaviria;Bamfordvirae;Nucleocytoviricota;Megaviricetes;Algavirales;Phycodnaviridae
k141_331398	5447	No terminal repeats	NA	8	11	0.9729	NA	0	3.9926	Viruses;Duplodnaviria;Heunggongvirae;Uroviricota;Caudoviricetes;;Kyanoviridae
k141_1607064	6084	No terminal repeats	NA	5	11	0.9729	NA	0	5.9339	Viruses;Duplodnaviria;Heunggongvirae;Uroviricota;Caudoviricetes;;
k141_805853	7141	No terminal repeats	NA	6	11	0.9729	NA	0	4.8459	Viruses;Varidnaviria;Bamfordvirae;Nucleocytoviricota;Megaviricetes;Imitervirales;Mimiviridae
k141_456883	1580	No terminal repeats	NA	4	11	0.9729	NA	1	5.8990	Viruses;Duplodnaviria;Heunggongvirae;Uroviricota;Caudoviricetes;;
k141_2270751	7979	No terminal repeats	NA	11	11	0.9728	NA	0	5.5877	Viruses;Duplodnaviria;Heunggongvirae;Uroviricota;Caudoviricetes;;
k141_1950548	3928	No terminal repeats	NA	5	11	0.9728	NA	2	6.0046	Viruses;Duplodnaviria;Heunggongvirae;Uroviricota;Caudoviricetes;;
k141_2098774	7352	No terminal repeats	NA	9	11	0.9728	NA	0	5.1517	Viruses;Varidnaviria;Bamfordvirae;Nucleocytoviricota;Megaviricetes;Imitervirales;
k141_1458436	3535	No terminal repeats	NA	10	11	0.9728	NA	0	3.7402	Viruses;Duplodnaviria;Heunggongvirae;Uroviricota;Caudoviricetes;;
k141_51160	3921	No terminal repeats	NA	6	11	0.9728	NA	0	3.4366	Viruses;Varidnaviria;Bamfordvirae;Nucleocytoviricota;Megaviricetes;Algavirales;Phycodnaviridae
k141_2388222	3899	No terminal repeats	NA	10	11	0.9728	NA	0	6.3186	Viruses;Duplodnaviria;Heunggongvirae;Uroviricota;Caudoviricetes;;
k141_375847	6021	No terminal repeats	NA	11	11	0.9728	NA	0	8.2160	Viruses;Duplodnaviria;Heunggongvirae;Uroviricota;Caudoviricetes;;
k141_1669856	4221	No terminal repeats	NA	5	11	0.9728	NA	2	8.5914	Viruses;Duplodnaviria;Heunggongvirae;Uroviricota;Caudoviricetes;;
k141_1274556	8024	No terminal repeats	NA	17	11	0.9728	NA	2	7.3425	Viruses;Duplodnaviria;Heunggongvirae;Uroviricota;Caudoviricetes;;
k141_2408467	37766	DTR	NA	52	11	0.9728	NA	3	21.8288	Viruses;Duplodnaviria;Heunggongvirae;Uroviricota;Caudoviricetes;;
k141_146906	3118	No terminal repeats	NA	7	11	0.9728	NA	0	10.0557	Viruses;Duplodnaviria;Heunggongvirae;Uroviricota;Caudoviricetes;;
k141_405021	50790	No terminal repeats	NA	66	11	0.9728	NA	0	50.6603	Viruses;Duplodnaviria;Heunggongvirae;Uroviricota;Caudoviricetes;;
k141_1259768	3853	No terminal repeats	NA	8	11	0.9728	NA	1	3.4366	Viruses;Duplodnaviria;Heunggongvirae;Uroviricota;Caudoviricetes;;
k141_2188063	3729	No terminal repeats	NA	15	11	0.9728	NA	0	4.7389	Viruses;Duplodnaviria;Heunggongvirae;Uroviricota;Caudoviricetes;;Stanwilliamsviridae
k141_2338080	9973	No terminal repeats	NA	15	11	0.9728	NA	0	13.3164	Viruses;Duplodnaviria;Heunggongvirae;Uroviricota;Caudoviricetes;;
k141_993709	3578	No terminal repeats	NA	5	11	0.9727	NA	0	3.9362	Viruses;Duplodnaviria;Heunggongvirae;Uroviricota;Caudoviricetes;;
k141_1838378	8510	No terminal repeats	NA	6	11	0.9727	NA	0	4.5475	Viruses;Duplodnaviria;Heunggongvirae;Uroviricota;Caudoviricetes;;Fredfastierviridae
k141_1852360	6238	No terminal repeats	NA	14	11	0.9727	NA	3	13.0508	Viruses;Duplodnaviria;Heunggongvirae;Uroviricota;Caudoviricetes;;
k141_219345	3806	No terminal repeats	NA	5	11	0.9727	NA	0	6.7193	Viruses;Duplodnaviria;Heunggongvirae;Uroviricota;Caudoviricetes;;Kyanoviridae
k141_1460395	4151	DTR	NA	6	11	0.9727	NA	1	4.6856	Viruses;Monodnaviria;Sangervirae;Phixviricota;Malgrandaviricetes;Petitvirales;Microviridae
k141_1219366|provirus_18668_189671	171004	No terminal repeats	NA	206	11	0.9726	NA	5	167.9288	Viruses;Duplodnaviria;Heunggongvirae;Uroviricota;Caudoviricetes;;
k141_1136188	5458	No terminal repeats	NA	7	11	0.9726	NA	0	4.5196	Viruses;Duplodnaviria;Heunggongvirae;Uroviricota;Caudoviricetes;;
k141_445545	4588	No terminal repeats	NA	6	11	0.9726	NA	0	7.7790	Viruses;Duplodnaviria;Heunggongvirae;Uroviricota;Caudoviricetes;;
k141_618355	9232	No terminal repeats	NA	16	11	0.9726	NA	3	11.3386	Viruses;Duplodnaviria;Heunggongvirae;Uroviricota;Caudoviricetes;;
k141_2394092	7790	No terminal repeats	NA	17	11	0.9726	NA	0	6.0010	Viruses;Duplodnaviria;Heunggongvirae;Uroviricota;Caudoviricetes;;
k141_717030	6112	No terminal repeats	NA	10	11	0.9725	NA	2	4.0164	Viruses;Duplodnaviria;Heunggongvirae;Uroviricota;Caudoviricetes;;
k141_1426182	6628	No terminal repeats	NA	8	11	0.9725	NA	0	3.4366	Viruses;Varidnaviria;Bamfordvirae;Nucleocytoviricota;Megaviricetes;Imitervirales;
k141_503343	5053	No terminal repeats	NA	14	11	0.9725	NA	0	5.7519	Viruses;Duplodnaviria;Heunggongvirae;Uroviricota;Caudoviricetes;;
k141_2148575	7571	No terminal repeats	NA	14	11	0.9725	NA	2	16.1063	Viruses;Duplodnaviria;Heunggongvirae;Uroviricota;Caudoviricetes;;
k141_2277434	8290	No terminal repeats	NA	9	11	0.9724	NA	0	5.1548	Viruses;Varidnaviria;Bamfordvirae;Nucleocytoviricota;Megaviricetes;Imitervirales;Mimiviridae
k141_786617	6651	No terminal repeats	NA	13	11	0.9724	NA	2	8.5904	Viruses;Duplodnaviria;Heunggongvirae;Uroviricota;Caudoviricetes;;
k141_1119774	8733	No terminal repeats	NA	11	11	0.9724	NA	1	10.2330	Viruses;Duplodnaviria;Heunggongvirae;Uroviricota;Caudoviricetes;;
k141_108283	4162	No terminal repeats	NA	9	11	0.9724	NA	0	6.3362	Viruses;Duplodnaviria;Heunggongvirae;Uroviricota;Caudoviricetes;;
k141_817087	3758	No terminal repeats	NA	10	11	0.9724	NA	0	6.4566	Viruses;Duplodnaviria;Heunggongvirae;Uroviricota;Caudoviricetes;;
k141_1686977	7533	No terminal repeats	NA	16	11	0.9724	NA	0	9.7836	Viruses;Duplodnaviria;Heunggongvirae;Uroviricota;Caudoviricetes;;
k141_1470987	4700	No terminal repeats	NA	7	11	0.9723	NA	4	7.0423	Viruses;Duplodnaviria;Heunggongvirae;Uroviricota;Caudoviricetes;;
k141_1097301	4477	No terminal repeats	NA	5	11	0.9723	NA	0	4.9094	Viruses;Varidnaviria;Bamfordvirae;Nucleocytoviricota;Megaviricetes;Algavirales;Phycodnaviridae
k141_367405	5029	No terminal repeats	NA	5	11	0.9723	NA	0	3.4366	Viruses;Varidnaviria;Bamfordvirae;Nucleocytoviricota;Megaviricetes;Algavirales;Phycodnaviridae
k141_767138	30069	No terminal repeats	NA	50	15	0.9723	NA	0	17.1597	Viruses;Duplodnaviria;Heunggongvirae;Uroviricota;Caudoviricetes;;
k141_1341377	3743	No terminal repeats	NA	5	11	0.9723	NA	0	6.8484	Viruses;Duplodnaviria;Heunggongvirae;Uroviricota;Caudoviricetes;;
k141_2224162	3723	No terminal repeats	NA	11	11	0.9723	NA	2	6.5998	Viruses;Duplodnaviria;Heunggongvirae;Uroviricota;Caudoviricetes;;
k141_114463	9137	No terminal repeats	NA	13	11	0.9723	NA	2	16.6394	Viruses;Duplodnaviria;Heunggongvirae;Uroviricota;Caudoviricetes;;
k141_1647327	3838	No terminal repeats	NA	10	11	0.9723	NA	1	7.9433	Viruses;Duplodnaviria;Heunggongvirae;Uroviricota;Caudoviricetes;;
k141_1038363	4226	No terminal repeats	NA	8	11	0.9722	NA	1	6.0774	Viruses;Duplodnaviria;Heunggongvirae;Uroviricota;Caudoviricetes;;
k141_1299529	9231	No terminal repeats	NA	5	11	0.9722	NA	0	5.9177	Viruses;Varidnaviria;Bamfordvirae;Nucleocytoviricota;Megaviricetes;Algavirales;Phycodnaviridae
k141_2186637	4740	No terminal repeats	NA	5	11	0.9722	NA	0	5.1548	Viruses;Duplodnaviria;Heunggongvirae;Uroviricota;Caudoviricetes;;
k141_543128	7332	No terminal repeats	NA	8	11	0.9722	NA	2	13.7463	Viruses;Duplodnaviria;Heunggongvirae;Uroviricota;Caudoviricetes;;
k141_619013	3666	No terminal repeats	NA	10	11	0.9722	NA	0	9.3056	Viruses;Duplodnaviria;Heunggongvirae;Uroviricota;Caudoviricetes;;
k141_99418	5714	No terminal repeats	NA	8	11	0.9722	NA	0	3.3162	Viruses;Varidnaviria;Bamfordvirae;Nucleocytoviricota;Megaviricetes;Algavirales;Phycodnaviridae
k141_1421374	3755	No terminal repeats	NA	6	11	0.9722	NA	0	6.5642	Viruses;Varidnaviria;Bamfordvirae;Nucleocytoviricota;Megaviricetes;Imitervirales;Mimiviridae
k141_642089	9186	No terminal repeats	NA	7	11	0.9721	NA	0	4.8778	Viruses;Varidnaviria;Bamfordvirae;Nucleocytoviricota;;;
k141_1455847	3888	No terminal repeats	NA	7	11	0.9721	NA	2	10.0327	Viruses;Duplodnaviria;Heunggongvirae;Uroviricota;Caudoviricetes;;Kyanoviridae
k141_1104781	4082	No terminal repeats	NA	8	11	0.9721	NA	1	4.6754	Viruses;Duplodnaviria;Heunggongvirae;Uroviricota;Caudoviricetes;;
k141_996912	3612	No terminal repeats	NA	8	11	0.9721	NA	0	11.5480	Viruses;Duplodnaviria;Heunggongvirae;Uroviricota;Caudoviricetes;;Stanwilliamsviridae
k141_761853	3663	No terminal repeats	NA	5	11	0.9721	NA	0	5.1007	Viruses;Duplodnaviria;Heunggongvirae;Uroviricota;Caudoviricetes;;
k141_404152	6036	No terminal repeats	NA	7	11	0.9720	NA	0	4.7227	Viruses;Duplodnaviria;Heunggongvirae;Uroviricota;Caudoviricetes;;
k141_2285120	5736	No terminal repeats	NA	6	11	0.9720	NA	3	8.3709	Viruses;Duplodnaviria;Heunggongvirae;Uroviricota;Caudoviricetes;;
k141_917887	7035	No terminal repeats	NA	6	11	0.9720	NA	4	8.1234	Viruses;Duplodnaviria;Heunggongvirae;Uroviricota;Caudoviricetes;;
k141_2120548	6632	No terminal repeats	NA	21	11	0.9720	NA	0	3.4366	Viruses;Duplodnaviria;Heunggongvirae;Uroviricota;Caudoviricetes;;
k141_1009661	4101	No terminal repeats	NA	11	11	0.9720	NA	1	14.1079	Viruses;Duplodnaviria;Heunggongvirae;Uroviricota;Caudoviricetes;;
k141_406386	5336	No terminal repeats	NA	7	11	0.9720	NA	0	6.4985	Viruses;Varidnaviria;Bamfordvirae;Nucleocytoviricota;Megaviricetes;Pimascovirales;Marseilleviridae
k141_1997183	3628	No terminal repeats	NA	7	11	0.9720	NA	1	10.0223	Viruses;Duplodnaviria;Heunggongvirae;Uroviricota;Caudoviricetes;;
k141_445045	5894	No terminal repeats	NA	6	11	0.9719	NA	3	7.9488	Viruses;Varidnaviria;Bamfordvirae;Nucleocytoviricota;Megaviricetes;;
k141_348125	3653	No terminal repeats	NA	5	11	0.9719	NA	3	7.8927	Viruses;Duplodnaviria;Heunggongvirae;Uroviricota;Caudoviricetes;;
k141_1363919	3209	No terminal repeats	NA	5	11	0.9719	NA	1	6.2055	Viruses;Duplodnaviria;Heunggongvirae;Uroviricota;Caudoviricetes;;
k141_1810922	4509	No terminal repeats	NA	6	11	0.9719	NA	0	3.4366	Viruses;Varidnaviria;Bamfordvirae;Nucleocytoviricota;Megaviricetes;Imitervirales;Mimiviridae
k141_286744	4005	No terminal repeats	NA	7	11	0.9719	NA	1	3.2371	Viruses;Duplodnaviria;Heunggongvirae;Uroviricota;Caudoviricetes;;
k141_1516087	5402	No terminal repeats	NA	8	11	0.9719	NA	2	13.4491	Viruses;Duplodnaviria;Heunggongvirae;Uroviricota;Caudoviricetes;;Kyanoviridae
k141_110800	5249	No terminal repeats	NA	5	11	0.9718	NA	0	4.4444	Viruses;Duplodnaviria;Heunggongvirae;Uroviricota;Caudoviricetes;;
k141_103490	4562	No terminal repeats	NA	5	11	0.9718	NA	1	6.7522	Viruses;Duplodnaviria;Heunggongvirae;Uroviricota;Caudoviricetes;;
k141_2082658	4732	No terminal repeats	NA	17	11	0.9718	NA	0	6.2471	Viruses;Duplodnaviria;Heunggongvirae;Uroviricota;Caudoviricetes;;
k141_1803621	8831	No terminal repeats	NA	7	11	0.9718	NA	1	3.0168	Viruses;Varidnaviria;Bamfordvirae;Nucleocytoviricota;Megaviricetes;Imitervirales;Mimiviridae
k141_2241873	6880	No terminal repeats	NA	8	11	0.9718	NA	0	5.1548	Viruses;Varidnaviria;Bamfordvirae;Nucleocytoviricota;Megaviricetes;Algavirales;Phycodnaviridae
k141_475522	6576	No terminal repeats	NA	9	11	0.9718	NA	0	12.7643	Viruses;Duplodnaviria;Heunggongvirae;Uroviricota;Caudoviricetes;;
k141_1880157	9062	No terminal repeats	NA	7	11	0.9718	NA	0	2.9815	Viruses;Duplodnaviria;Heunggongvirae;Uroviricota;Caudoviricetes;;
k141_1127840	12914	No terminal repeats	NA	13	11	0.9717	NA	1	5.4837	Viruses;Varidnaviria;Bamfordvirae;Preplasmiviricota;Maveriviricetes;Priklausovirales;
k141_1765453	8294	No terminal repeats	NA	13	11	0.9717	NA	0	18.5127	Viruses;Duplodnaviria;Heunggongvirae;Uroviricota;Caudoviricetes;;
k141_1753479	5310	No terminal repeats	NA	5	11	0.9717	NA	0	4.6535	Viruses;Varidnaviria;Bamfordvirae;Nucleocytoviricota;Megaviricetes;Algavirales;Phycodnaviridae
k141_1971824	3574	No terminal repeats	NA	10	11	0.9717	NA	0	2.9822	Viruses;Duplodnaviria;Heunggongvirae;Uroviricota;Caudoviricetes;;Stanwilliamsviridae
k141_1990629	33248	No terminal repeats	NA	35	11	0.9717	NA	4	31.6094	Viruses;Duplodnaviria;Heunggongvirae;Uroviricota;Caudoviricetes;;
k141_406259	9760	No terminal repeats	NA	18	11	0.9716	NA	0	5.9943	Viruses;Duplodnaviria;Heunggongvirae;Uroviricota;Caudoviricetes;;
k141_61027	5381	No terminal repeats	NA	10	11	0.9716	NA	0	3.1734	Viruses;Varidnaviria;Bamfordvirae;Nucleocytoviricota;Megaviricetes;Algavirales;Phycodnaviridae
k141_38826	5076	No terminal repeats	NA	5	11	0.9716	NA	0	3.4323	Viruses;Varidnaviria;Bamfordvirae;Nucleocytoviricota;Megaviricetes;Algavirales;Phycodnaviridae
k141_816611	8789	No terminal repeats	NA	14	11	0.9715	NA	4	10.2475	Viruses;Duplodnaviria;Heunggongvirae;Uroviricota;Caudoviricetes;;
k141_1383391	4205	No terminal repeats	NA	10	11	0.9715	NA	0	3.4366	Viruses;Varidnaviria;Bamfordvirae;Nucleocytoviricota;Megaviricetes;Imitervirales;
k141_1313348	6351	No terminal repeats	NA	9	11	0.9715	NA	0	11.7050	Viruses;Duplodnaviria;Heunggongvirae;Uroviricota;Caudoviricetes;;
k141_1724761	6971	No terminal repeats	NA	16	11	0.9715	NA	2	13.1049	Viruses;Duplodnaviria;Heunggongvirae;Uroviricota;Caudoviricetes;;
k141_1453794	4555	No terminal repeats	NA	6	11	0.9715	NA	1	5.0877	Viruses;Duplodnaviria;Heunggongvirae;Uroviricota;Caudoviricetes;;
k141_499864	7401	No terminal repeats	NA	10	11	0.9715	NA	3	8.4992	Viruses;Duplodnaviria;Heunggongvirae;Uroviricota;Caudoviricetes;;
k141_2271518	7095	No terminal repeats	NA	11	11	0.9715	NA	2	13.4610	Viruses;Duplodnaviria;Heunggongvirae;Uroviricota;Caudoviricetes;;
k141_2344534	5199	No terminal repeats	NA	6	11	0.9714	NA	2	8.3897	Viruses;Duplodnaviria;Heunggongvirae;Uroviricota;Caudoviricetes;;
k141_194782	3522	No terminal repeats	NA	5	11	0.9714	NA	0	3.3693	Viruses;Varidnaviria;Bamfordvirae;Nucleocytoviricota;Megaviricetes;Imitervirales;Mimiviridae
k141_485891	3516	No terminal repeats	NA	5	11	0.9714	NA	2	4.7808	Viruses;Duplodnaviria;Heunggongvirae;Uroviricota;Caudoviricetes;;
k141_2227296	3536	No terminal repeats	NA	5	11	0.9714	NA	1	4.5631	Viruses;Duplodnaviria;Heunggongvirae;Uroviricota;Caudoviricetes;;
k141_2317796	7528	No terminal repeats	NA	13	11	0.9714	NA	6	10.1390	Viruses;Duplodnaviria;Heunggongvirae;Uroviricota;Caudoviricetes;;
k141_2408560	48723	DTR	NA	45	11	0.9714	NA	3	20.2178	Viruses;Duplodnaviria;Heunggongvirae;Uroviricota;Caudoviricetes;;
k141_494507	4364	No terminal repeats	NA	6	11	0.9713	NA	0	4.7953	Viruses;Varidnaviria;Bamfordvirae;Nucleocytoviricota;Megaviricetes;Algavirales;Phycodnaviridae
k141_230067	6580	No terminal repeats	NA	7	11	0.9713	NA	1	3.4366	Viruses;Varidnaviria;Bamfordvirae;Nucleocytoviricota;Megaviricetes;Imitervirales;
k141_622535	4751	No terminal repeats	NA	10	11	0.9713	NA	0	14.5485	Viruses;Duplodnaviria;Heunggongvirae;Uroviricota;Caudoviricetes;;
k141_1284486	4511	No terminal repeats	NA	10	11	0.9713	NA	0	8.3681	Viruses;Duplodnaviria;Heunggongvirae;Uroviricota;Caudoviricetes;;
k141_395174	5733	No terminal repeats	NA	15	11	0.9713	NA	0	6.3005	Viruses;Duplodnaviria;Heunggongvirae;Uroviricota;Caudoviricetes;;
k141_1191170	8988	No terminal repeats	NA	22	11	0.9712	NA	1	6.8503	Viruses;Duplodnaviria;Heunggongvirae;Uroviricota;Caudoviricetes;;
k141_1190261	4212	No terminal repeats	NA	6	11	0.9712	NA	0	3.4307	Viruses;Varidnaviria;Bamfordvirae;Nucleocytoviricota;Megaviricetes;;
k141_970728	4423	No terminal repeats	NA	6	11	0.9712	NA	0	6.8731	Viruses;Duplodnaviria;Heunggongvirae;Uroviricota;Caudoviricetes;;
k141_401927	7111	No terminal repeats	NA	5	11	0.9712	NA	0	5.8152	Viruses;Duplodnaviria;Heunggongvirae;Uroviricota;Caudoviricetes;;
k141_1680792	7726	No terminal repeats	NA	7	11	0.9711	NA	0	3.4303	Viruses;Varidnaviria;Bamfordvirae;Nucleocytoviricota;Megaviricetes;Algavirales;Phycodnaviridae
k141_308851	3701	No terminal repeats	NA	5	11	0.9711	NA	1	4.7648	Viruses;Duplodnaviria;Heunggongvirae;Uroviricota;Caudoviricetes;;
k141_2092202	6891	No terminal repeats	NA	10	11	0.9711	NA	1	8.3847	Viruses;Varidnaviria;Bamfordvirae;Nucleocytoviricota;Megaviricetes;Algavirales;Phycodnaviridae
k141_441513	5763	No terminal repeats	NA	5	11	0.9711	NA	0	3.4114	Viruses;Duplodnaviria;Heunggongvirae;Uroviricota;Caudoviricetes;;
k141_1162832	60149	No terminal repeats	NA	81	11	0.9711	NA	1	21.5749	Viruses;Duplodnaviria;Heunggongvirae;Uroviricota;Caudoviricetes;;
k141_1693983	4135	No terminal repeats	NA	14	11	0.9711	NA	0	3.0708	Viruses;Duplodnaviria;Heunggongvirae;Uroviricota;Caudoviricetes;;
k141_1099937	3745	No terminal repeats	NA	7	11	0.9711	NA	2	2.9382	Viruses;Duplodnaviria;Heunggongvirae;Uroviricota;Caudoviricetes;;
k141_2321717	5629	No terminal repeats	NA	12	11	0.9711	NA	2	7.3244	Viruses;Duplodnaviria;Heunggongvirae;Uroviricota;Caudoviricetes;;
k141_2070174	5571	No terminal repeats	NA	5	11	0.9710	NA	0	4.4740	Viruses;Duplodnaviria;Heunggongvirae;Uroviricota;Caudoviricetes;;
k141_54380	5692	No terminal repeats	NA	9	11	0.9710	NA	2	4.3002	Viruses;Duplodnaviria;Heunggongvirae;Uroviricota;Caudoviricetes;;
k141_2262639	5504	No terminal repeats	NA	10	11	0.9710	NA	0	7.5698	Viruses;Duplodnaviria;Heunggongvirae;Uroviricota;Caudoviricetes;;
k141_2116453	3937	No terminal repeats	NA	6	11	0.9710	NA	1	3.0434	Viruses;Duplodnaviria;Heunggongvirae;Uroviricota;Caudoviricetes;;
k141_1975659	8842	No terminal repeats	NA	12	11	0.9709	NA	2	14.1796	Viruses;Duplodnaviria;Heunggongvirae;Uroviricota;Caudoviricetes;;
k141_1666831	4598	No terminal repeats	NA	7	11	0.9709	NA	0	3.4366	Viruses;Duplodnaviria;Heunggongvirae;Uroviricota;Caudoviricetes;;
k141_1607814	6735	No terminal repeats	NA	10	11	0.9709	NA	2	6.3216	Viruses;Duplodnaviria;Heunggongvirae;Uroviricota;Caudoviricetes;;
k141_1885847	4930	No terminal repeats	NA	6	11	0.9709	NA	2	7.2025	Viruses;Duplodnaviria;Heunggongvirae;Uroviricota;Caudoviricetes;;
k141_1121202	51613	No terminal repeats	NA	64	11	0.9709	NA	6	76.2424	Viruses;Duplodnaviria;Heunggongvirae;Uroviricota;Caudoviricetes;;
k141_366218	4111	No terminal repeats	NA	7	11	0.9709	NA	0	8.3848	Viruses;Duplodnaviria;Heunggongvirae;Uroviricota;Caudoviricetes;;
k141_748665	5193	No terminal repeats	NA	11	11	0.9708	NA	0	3.2104	Viruses;Duplodnaviria;Heunggongvirae;Uroviricota;Caudoviricetes;;
k141_1684525	9883	No terminal repeats	NA	10	11	0.9708	NA	2	15.4450	Viruses;Duplodnaviria;Heunggongvirae;Uroviricota;Caudoviricetes;;Kyanoviridae
k141_1385112	3798	No terminal repeats	NA	7	11	0.9708	NA	1	9.4815	Viruses;Varidnaviria;Bamfordvirae;Nucleocytoviricota;Megaviricetes;;
k141_255075	3734	No terminal repeats	NA	5	11	0.9708	NA	1	7.7739	Viruses;Duplodnaviria;Heunggongvirae;Uroviricota;Caudoviricetes;;
k141_572126	5494	No terminal repeats	NA	5	11	0.9708	NA	0	2.7454	Viruses;Varidnaviria;Bamfordvirae;Nucleocytoviricota;Megaviricetes;Algavirales;Phycodnaviridae
k141_827635	3801	No terminal repeats	NA	9	11	0.9708	NA	0	8.6867	Viruses;Duplodnaviria;Heunggongvirae;Uroviricota;Caudoviricetes;;
k141_1877066	6519	No terminal repeats	NA	14	11	0.9708	NA	0	4.9059	Viruses;Duplodnaviria;Heunggongvirae;Uroviricota;Caudoviricetes;;Straboviridae
k141_3691	5916	No terminal repeats	NA	8	11	0.9708	NA	0	5.0849	Viruses;Duplodnaviria;Heunggongvirae;Uroviricota;Caudoviricetes;;
k141_692508	7065	No terminal repeats	NA	12	11	0.9707	NA	0	8.8880	Viruses;Duplodnaviria;Heunggongvirae;Uroviricota;Caudoviricetes;;
k141_1894720	9978	No terminal repeats	NA	13	11	0.9707	NA	0	5.1548	Viruses;Varidnaviria;Bamfordvirae;Nucleocytoviricota;Megaviricetes;;
k141_1644908	4330	No terminal repeats	NA	8	11	0.9706	NA	0	5.1497	Viruses;Duplodnaviria;Heunggongvirae;Uroviricota;Caudoviricetes;;
k141_416016	8763	No terminal repeats	NA	11	11	0.9706	NA	1	10.0911	Viruses;Varidnaviria;Bamfordvirae;Nucleocytoviricota;Megaviricetes;Algavirales;Phycodnaviridae
k141_1110257	5006	No terminal repeats	NA	5	11	0.9706	NA	1	3.4366	Viruses;Varidnaviria;Bamfordvirae;Nucleocytoviricota;Megaviricetes;Algavirales;Phycodnaviridae
k141_1599981	7256	No terminal repeats	NA	16	11	0.9706	NA	0	14.3346	Viruses;Duplodnaviria;Heunggongvirae;Uroviricota;Caudoviricetes;;Kyanoviridae
k141_1366060	6256	No terminal repeats	NA	9	11	0.9706	NA	1	5.1516	Viruses;Duplodnaviria;Heunggongvirae;Uroviricota;Caudoviricetes;;
k141_690766	5118	No terminal repeats	NA	8	11	0.9705	NA	2	4.3459	Viruses;Duplodnaviria;Heunggongvirae;Uroviricota;Caudoviricetes;;
k141_4451	6786	No terminal repeats	NA	9	11	0.9705	NA	3	13.7010	Viruses;Duplodnaviria;Heunggongvirae;Uroviricota;Caudoviricetes;;Kyanoviridae
k141_1157179	7116	No terminal repeats	NA	9	11	0.9705	NA	2	3.0528	Viruses;Duplodnaviria;Heunggongvirae;Uroviricota;Caudoviricetes;;
k141_676197	4082	No terminal repeats	NA	6	11	0.9705	NA	0	8.3782	Viruses;Duplodnaviria;Heunggongvirae;Uroviricota;Caudoviricetes;;
k141_1402308	9875	No terminal repeats	NA	12	11	0.9705	NA	1	8.3134	Viruses;;;;;;
k141_1287477	9151	No terminal repeats	NA	17	11	0.9705	NA	0	10.1403	Viruses;Duplodnaviria;Heunggongvirae;Uroviricota;Caudoviricetes;;
k141_1213360	3615	No terminal repeats	NA	5	11	0.9704	NA	0	4.6974	Viruses;Varidnaviria;Bamfordvirae;Nucleocytoviricota;Megaviricetes;Algavirales;Phycodnaviridae
k141_2257421	3966	No terminal repeats	NA	8	11	0.9704	NA	1	5.7843	Viruses;Duplodnaviria;Heunggongvirae;Uroviricota;Caudoviricetes;;
k141_369207	7845	No terminal repeats	NA	10	11	0.9704	NA	1	6.6277	Viruses;Varidnaviria;Bamfordvirae;Nucleocytoviricota;Megaviricetes;Algavirales;Phycodnaviridae
k141_1894681	4290	No terminal repeats	NA	5	11	0.9704	NA	0	5.1548	Viruses;Varidnaviria;Bamfordvirae;Nucleocytoviricota;Megaviricetes;Imitervirales;Schizomimiviridae
k141_2272211	7627	No terminal repeats	NA	10	11	0.9704	NA	1	7.9312	Viruses;Varidnaviria;Bamfordvirae;Nucleocytoviricota;Megaviricetes;Algavirales;Phycodnaviridae
k141_1482368	4895	No terminal repeats	NA	10	11	0.9704	NA	2	10.7515	Viruses;Duplodnaviria;Heunggongvirae;Uroviricota;Caudoviricetes;;
k141_1734446	3802	No terminal repeats	NA	5	11	0.9704	NA	0	3.4366	Viruses;Duplodnaviria;Heunggongvirae;Uroviricota;Caudoviricetes;;
k141_186282	4257	No terminal repeats	NA	6	11	0.9704	NA	0	5.1548	Viruses;Varidnaviria;Bamfordvirae;Nucleocytoviricota;Megaviricetes;Algavirales;Phycodnaviridae
k141_989391	5385	No terminal repeats	NA	8	11	0.9704	NA	2	8.2132	Viruses;Duplodnaviria;Heunggongvirae;Uroviricota;Caudoviricetes;;
k141_583626	4596	No terminal repeats	NA	5	11	0.9704	NA	0	3.4343	Viruses;Varidnaviria;Bamfordvirae;Nucleocytoviricota;Megaviricetes;;
k141_358052	6743	No terminal repeats	NA	7	11	0.9704	NA	0	3.1652	Viruses;Varidnaviria;Bamfordvirae;Nucleocytoviricota;Megaviricetes;Imitervirales;Mimiviridae
k141_580119	3547	No terminal repeats	NA	6	11	0.9703	NA	1	7.6797	Viruses;Duplodnaviria;Heunggongvirae;Uroviricota;Caudoviricetes;;
k141_1533903	5499	No terminal repeats	NA	6	11	0.9703	NA	2	6.1476	Viruses;Duplodnaviria;Heunggongvirae;Uroviricota;Caudoviricetes;Crassvirales;
k141_319940	4632	No terminal repeats	NA	12	11	0.9703	NA	0	9.6337	Viruses;Duplodnaviria;Heunggongvirae;Uroviricota;Caudoviricetes;;
k141_2463	7316	No terminal repeats	NA	10	11	0.9702	NA	2	8.5914	Viruses;Varidnaviria;Bamfordvirae;Nucleocytoviricota;Megaviricetes;Imitervirales;Mimiviridae
k141_2256679	5570	No terminal repeats	NA	13	11	0.9702	NA	0	10.7081	Viruses;Duplodnaviria;Heunggongvirae;Uroviricota;Caudoviricetes;;
k141_143688	6891	No terminal repeats	NA	6	11	0.9702	NA	1	3.0462	Viruses;Varidnaviria;Bamfordvirae;Nucleocytoviricota;Megaviricetes;Imitervirales;
k141_1651408	4067	No terminal repeats	NA	8	11	0.9702	NA	0	6.3202	Viruses;Duplodnaviria;Heunggongvirae;Uroviricota;Caudoviricetes;;
k141_13389	7852	No terminal repeats	NA	7	11	0.9702	NA	0	5.0652	Viruses;Varidnaviria;Bamfordvirae;Nucleocytoviricota;Megaviricetes;Algavirales;Phycodnaviridae
k141_1160627	3612	No terminal repeats	NA	5	11	0.9702	NA	0	3.4366	Viruses;Varidnaviria;Bamfordvirae;Nucleocytoviricota;Megaviricetes;Algavirales;Phycodnaviridae
k141_1912814	7375	No terminal repeats	NA	9	11	0.9701	NA	2	3.4366	Viruses;;;;;;
k141_1124604	7592	No terminal repeats	NA	9	11	0.9701	NA	0	3.4366	Viruses;Varidnaviria;Bamfordvirae;Preplasmiviricota;Maveriviricetes;Priklausovirales;
k141_1354903	8525	No terminal repeats	NA	11	11	0.9700	NA	0	8.3433	Viruses;Duplodnaviria;Heunggongvirae;Uroviricota;Caudoviricetes;;
k141_2293956	3660	No terminal repeats	NA	5	11	0.9700	NA	0	4.8164	Viruses;Duplodnaviria;Heunggongvirae;Uroviricota;Caudoviricetes;;
k141_1544738	5812	No terminal repeats	NA	9	11	0.9700	NA	0	3.4342	Viruses;Varidnaviria;Bamfordvirae;Nucleocytoviricota;Megaviricetes;;
k141_690950	4800	No terminal repeats	NA	6	11	0.9700	NA	0	5.1548	Viruses;Varidnaviria;Bamfordvirae;Nucleocytoviricota;Megaviricetes;;
k141_1340247	4530	No terminal repeats	NA	7	11	0.9699	NA	3	8.2166	Viruses;Duplodnaviria;Heunggongvirae;Uroviricota;Caudoviricetes;;
k141_1357632	5336	No terminal repeats	NA	7	11	0.9699	NA	0	6.5745	Viruses;Duplodnaviria;Heunggongvirae;Uroviricota;Caudoviricetes;;
k141_602237	4783	No terminal repeats	NA	5	11	0.9699	NA	1	7.8798	Viruses;Duplodnaviria;Heunggongvirae;Uroviricota;Caudoviricetes;;
k141_2045589	6779	No terminal repeats	NA	8	11	0.9699	NA	0	4.6073	Viruses;Varidnaviria;Bamfordvirae;Nucleocytoviricota;Megaviricetes;Algavirales;Phycodnaviridae
k141_342926	3727	No terminal repeats	NA	10	11	0.9699	NA	1	5.2239	Viruses;Duplodnaviria;Heunggongvirae;Uroviricota;Caudoviricetes;;
k141_375784	4119	No terminal repeats	NA	5	11	0.9698	NA	0	3.4366	Viruses;Duplodnaviria;Heunggongvirae;Uroviricota;Caudoviricetes;;
k141_907171	5611	No terminal repeats	NA	15	11	0.9698	NA	0	13.4301	Viruses;Duplodnaviria;Heunggongvirae;Uroviricota;Caudoviricetes;;
k141_762423	4174	No terminal repeats	NA	8	11	0.9698	NA	1	8.4052	Viruses;Duplodnaviria;Heunggongvirae;Uroviricota;Caudoviricetes;;
k141_1554736	5497	No terminal repeats	NA	6	11	0.9698	NA	0	8.2642	Viruses;Duplodnaviria;Heunggongvirae;Uroviricota;Caudoviricetes;;Kyanoviridae
k141_1007007	4862	No terminal repeats	NA	4	11	0.9697	NA	0	2.9815	Viruses;Duplodnaviria;Heunggongvirae;Uroviricota;Caudoviricetes;;
k141_1293853	3184	No terminal repeats	NA	4	11	0.9697	NA	1	2.9349	Viruses;Duplodnaviria;Heunggongvirae;Uroviricota;Caudoviricetes;;
k141_455721	5038	No terminal repeats	NA	6	11	0.9696	NA	1	8.5200	Viruses;Duplodnaviria;Heunggongvirae;Uroviricota;Caudoviricetes;;
k141_578757	4648	No terminal repeats	NA	5	11	0.9696	NA	0	3.4366	Viruses;Varidnaviria;Bamfordvirae;Nucleocytoviricota;Megaviricetes;;
k141_2138051	3827	No terminal repeats	NA	6	11	0.9696	NA	1	4.9908	Viruses;Duplodnaviria;Heunggongvirae;Uroviricota;Caudoviricetes;;
k141_1285591	7552	No terminal repeats	NA	10	11	0.9696	NA	0	4.6279	Viruses;Duplodnaviria;Heunggongvirae;Uroviricota;Caudoviricetes;;
k141_462381	8817	No terminal repeats	NA	11	11	0.9696	NA	0	9.2126	Viruses;Duplodnaviria;Heunggongvirae;Uroviricota;Caudoviricetes;;
k141_1865131	6286	No terminal repeats	NA	8	11	0.9695	NA	1	6.8731	Viruses;Varidnaviria;Bamfordvirae;Nucleocytoviricota;Megaviricetes;Imitervirales;
k141_930387	8882	No terminal repeats	NA	11	11	0.9695	NA	0	9.9453	Viruses;Duplodnaviria;Heunggongvirae;Uroviricota;Caudoviricetes;;
k141_1448728	3855	No terminal repeats	NA	6	11	0.9695	NA	0	6.8182	Viruses;Duplodnaviria;Heunggongvirae;Uroviricota;Caudoviricetes;;
k141_1847973	3743	No terminal repeats	NA	5	11	0.9695	NA	0	3.4366	Viruses;Varidnaviria;Bamfordvirae;Nucleocytoviricota;Megaviricetes;;
k141_117760	5031	No terminal repeats	NA	6	11	0.9695	NA	0	3.4366	Viruses;Varidnaviria;Bamfordvirae;Nucleocytoviricota;Megaviricetes;Algavirales;Phycodnaviridae
k141_57936	7578	No terminal repeats	NA	17	11	0.9695	NA	0	8.9240	Viruses;Duplodnaviria;Heunggongvirae;Uroviricota;Caudoviricetes;;
k141_1457968	6279	No terminal repeats	NA	10	11	0.9694	NA	1	6.5448	Viruses;Duplodnaviria;Heunggongvirae;Uroviricota;Caudoviricetes;;
k141_427820	6733	No terminal repeats	NA	11	11	0.9694	NA	0	3.7233	Viruses;Varidnaviria;Bamfordvirae;Nucleocytoviricota;Megaviricetes;;
k141_2343823	5306	No terminal repeats	NA	6	11	0.9694	NA	0	3.4339	Viruses;Varidnaviria;Bamfordvirae;Nucleocytoviricota;Megaviricetes;Pimascovirales;
k141_1347447	8400	No terminal repeats	NA	17	11	0.9694	NA	0	9.2822	Viruses;Duplodnaviria;Heunggongvirae;Uroviricota;Caudoviricetes;;
k141_1474602	9675	No terminal repeats	NA	8	11	0.9694	NA	1	10.0017	Viruses;Duplodnaviria;Heunggongvirae;Uroviricota;Caudoviricetes;;
k141_1500034	4855	No terminal repeats	NA	5	11	0.9694	NA	3	5.1548	Viruses;Varidnaviria;Bamfordvirae;Nucleocytoviricota;Megaviricetes;Imitervirales;Schizomimiviridae
k141_2047391	3709	No terminal repeats	NA	3	11	0.9694	NA	1	2.9480	Viruses;Duplodnaviria;Heunggongvirae;Uroviricota;Caudoviricetes;;
k141_833574	5607	No terminal repeats	NA	6	11	0.9693	NA	0	2.0597	Viruses;Varidnaviria;Bamfordvirae;Nucleocytoviricota;Megaviricetes;Algavirales;Phycodnaviridae
k141_1644149	3681	No terminal repeats	NA	5	11	0.9693	NA	0	5.8396	Viruses;Duplodnaviria;Heunggongvirae;Uroviricota;Caudoviricetes;;
k141_1648348	5130	No terminal repeats	NA	5	11	0.9693	NA	1	2.6221	Viruses;Duplodnaviria;Heunggongvirae;Uroviricota;Caudoviricetes;;
k141_1015559	7906	No terminal repeats	NA	10	11	0.9693	NA	0	3.4366	Viruses;Varidnaviria;Bamfordvirae;Nucleocytoviricota;Megaviricetes;Algavirales;Phycodnaviridae
k141_1624257	8165	No terminal repeats	NA	13	11	0.9693	NA	2	11.1311	Viruses;Duplodnaviria;Heunggongvirae;Uroviricota;Caudoviricetes;;
k141_688488	8930	No terminal repeats	NA	13	11	0.9692	NA	0	4.7957	Viruses;Varidnaviria;Bamfordvirae;Nucleocytoviricota;Megaviricetes;Algavirales;Phycodnaviridae
k141_1639721	7833	No terminal repeats	NA	12	11	0.9692	NA	0	9.3366	Viruses;Varidnaviria;Bamfordvirae;Nucleocytoviricota;Megaviricetes;Algavirales;Phycodnaviridae
k141_492126	5493	No terminal repeats	NA	5	11	0.9692	NA	0	7.5721	Viruses;Duplodnaviria;Heunggongvirae;Uroviricota;Caudoviricetes;;
k141_138988	9759	No terminal repeats	NA	10	11	0.9692	NA	1	6.7515	Viruses;Varidnaviria;Bamfordvirae;Nucleocytoviricota;Megaviricetes;;
k141_2019903	7528	No terminal repeats	NA	14	11	0.9692	NA	0	9.9890	Viruses;Duplodnaviria;Heunggongvirae;Uroviricota;Caudoviricetes;;
k141_1361042	9257	No terminal repeats	NA	8	11	0.9692	NA	3	11.5061	Viruses;Duplodnaviria;Heunggongvirae;Uroviricota;Caudoviricetes;;
k141_637268	8684	No terminal repeats	NA	20	11	0.9692	NA	0	5.9843	Viruses;Duplodnaviria;Heunggongvirae;Uroviricota;Caudoviricetes;;
k141_1252456	7948	No terminal repeats	NA	9	11	0.9692	NA	0	8.1389	Viruses;Varidnaviria;Bamfordvirae;Nucleocytoviricota;Megaviricetes;Algavirales;Phycodnaviridae
k141_2061355	9982	No terminal repeats	NA	7	11	0.9692	NA	0	6.3651	Viruses;Varidnaviria;Bamfordvirae;Nucleocytoviricota;Megaviricetes;Imitervirales;
k141_1703131	9182	No terminal repeats	NA	9	11	0.9691	NA	0	8.5719	Viruses;Duplodnaviria;Heunggongvirae;Uroviricota;Caudoviricetes;;
k141_2354420	9481	No terminal repeats	NA	9	11	0.9691	NA	1	3.2462	Viruses;Duplodnaviria;Heunggongvirae;Uroviricota;Caudoviricetes;;
k141_419676	4220	No terminal repeats	NA	7	11	0.9691	NA	0	5.0637	Viruses;Duplodnaviria;Heunggongvirae;Uroviricota;Caudoviricetes;;
k141_2408518	46047	DTR	NA	66	11	0.9691	NA	7	43.2760	Viruses;Duplodnaviria;Heunggongvirae;Uroviricota;Caudoviricetes;;
k141_208819	8285	No terminal repeats	NA	11	11	0.9691	NA	0	3.4307	Viruses;Varidnaviria;Bamfordvirae;Nucleocytoviricota;Megaviricetes;;
k141_1495165	3673	No terminal repeats	NA	5	11	0.9691	NA	0	4.5978	Viruses;Duplodnaviria;Heunggongvirae;Uroviricota;Caudoviricetes;;
k141_1046274	3694	No terminal repeats	NA	7	11	0.9691	NA	0	9.5744	Viruses;Duplodnaviria;Heunggongvirae;Uroviricota;Caudoviricetes;;
k141_366461	6380	No terminal repeats	NA	8	11	0.9690	NA	0	4.2606	Viruses;Duplodnaviria;Heunggongvirae;Uroviricota;Caudoviricetes;;
k141_783660	6308	No terminal repeats	NA	5	11	0.9690	NA	0	5.1288	Viruses;Varidnaviria;Bamfordvirae;Nucleocytoviricota;Megaviricetes;Algavirales;Phycodnaviridae
k141_2219778	6436	No terminal repeats	NA	14	11	0.9689	NA	1	12.0778	Viruses;Duplodnaviria;Heunggongvirae;Uroviricota;Caudoviricetes;;
k141_1475210	4142	No terminal repeats	NA	8	11	0.9689	NA	1	5.1523	Viruses;Varidnaviria;Bamfordvirae;Nucleocytoviricota;Megaviricetes;Algavirales;Phycodnaviridae
k141_484926	2847	No terminal repeats	NA	6	11	0.9688	NA	1	7.0494	Viruses;Duplodnaviria;Heunggongvirae;Uroviricota;Caudoviricetes;;
k141_833429	6577	No terminal repeats	NA	7	11	0.9688	NA	1	5.1548	Viruses;Varidnaviria;Bamfordvirae;Nucleocytoviricota;Megaviricetes;Algavirales;Phycodnaviridae
k141_1828332	3757	No terminal repeats	NA	6	11	0.9688	NA	1	4.9335	Viruses;Varidnaviria;Bamfordvirae;Nucleocytoviricota;Megaviricetes;Imitervirales;
k141_1515242	4765	No terminal repeats	NA	5	11	0.9688	NA	0	3.4333	Viruses;Varidnaviria;Bamfordvirae;Nucleocytoviricota;Megaviricetes;Imitervirales;Mimiviridae
k141_415754	6265	No terminal repeats	NA	13	11	0.9688	NA	0	11.0568	Viruses;Duplodnaviria;Heunggongvirae;Uroviricota;Caudoviricetes;;
k141_221512	5568	No terminal repeats	NA	9	11	0.9687	NA	0	3.1098	Viruses;Varidnaviria;Bamfordvirae;;;;
k141_821047	7557	No terminal repeats	NA	17	11	0.9687	NA	1	13.2143	Viruses;Duplodnaviria;Heunggongvirae;Uroviricota;Caudoviricetes;;
k141_359593	6643	No terminal repeats	NA	10	11	0.9686	NA	1	9.0912	Viruses;;;;;;
k141_590934	3145	No terminal repeats	NA	5	11	0.9686	NA	0	4.0384	Viruses;Duplodnaviria;Heunggongvirae;Uroviricota;Caudoviricetes;;
k141_1484744	8957	No terminal repeats	NA	24	11	0.9686	NA	1	18.8382	Viruses;Duplodnaviria;Heunggongvirae;Uroviricota;Caudoviricetes;;
k141_2376787	4013	No terminal repeats	NA	14	11	0.9686	NA	0	12.0280	Viruses;Duplodnaviria;Heunggongvirae;Uroviricota;Caudoviricetes;;
k141_66641	7942	No terminal repeats	NA	7	11	0.9686	NA	0	10.1782	Viruses;Duplodnaviria;Heunggongvirae;Uroviricota;Caudoviricetes;;
k141_20169	4449	No terminal repeats	NA	7	11	0.9686	NA	0	3.1899	Viruses;Varidnaviria;Bamfordvirae;Nucleocytoviricota;Megaviricetes;Algavirales;Phycodnaviridae
k141_1580178	5359	No terminal repeats	NA	8	11	0.9685	NA	1	6.6650	Viruses;Duplodnaviria;Heunggongvirae;Uroviricota;Caudoviricetes;;
k141_1468478	5839	No terminal repeats	NA	14	11	0.9685	NA	1	6.2438	Viruses;Duplodnaviria;Heunggongvirae;Uroviricota;Caudoviricetes;;
k141_1317597	8378	No terminal repeats	NA	11	11	0.9685	NA	0	3.7913	Viruses;Varidnaviria;Bamfordvirae;Nucleocytoviricota;Megaviricetes;Algavirales;Phycodnaviridae
k141_1632915	3757	No terminal repeats	NA	9	11	0.9684	NA	0	6.6625	Viruses;Duplodnaviria;Heunggongvirae;Uroviricota;Caudoviricetes;;
k141_342489	6167	No terminal repeats	NA	11	11	0.9684	NA	0	16.4794	Viruses;Duplodnaviria;Heunggongvirae;Uroviricota;Caudoviricetes;;
k141_1667320	9298	No terminal repeats	NA	15	11	0.9684	NA	0	22.2618	Viruses;Duplodnaviria;Heunggongvirae;Uroviricota;Caudoviricetes;;
k141_2017743	5537	No terminal repeats	NA	7	11	0.9684	NA	0	5.0055	Viruses;Varidnaviria;Bamfordvirae;;;;
k141_1804140	4752	No terminal repeats	NA	5	11	0.9684	NA	2	6.9955	Viruses;Duplodnaviria;Heunggongvirae;Uroviricota;Caudoviricetes;;
k141_711605	61181	DTR	NA	78	11	0.9683	NA	6	48.1562	Viruses;Duplodnaviria;Heunggongvirae;Uroviricota;Caudoviricetes;;
k141_683417	4164	No terminal repeats	NA	4	11	0.9682	NA	3	4.1474	Viruses;Duplodnaviria;Heunggongvirae;Uroviricota;Caudoviricetes;;
k141_2257779	33249	DTR	NA	50	11	0.9682	NA	9	25.4140	Viruses;Duplodnaviria;Heunggongvirae;Uroviricota;Caudoviricetes;;
k141_396356	3741	No terminal repeats	NA	9	11	0.9682	NA	0	4.5735	Viruses;Duplodnaviria;Heunggongvirae;Uroviricota;Caudoviricetes;;
k141_827861	7876	No terminal repeats	NA	8	11	0.9682	NA	0	6.6277	Viruses;Varidnaviria;Bamfordvirae;Nucleocytoviricota;Megaviricetes;Algavirales;Phycodnaviridae
k141_1688511	5040	No terminal repeats	NA	5	11	0.9681	NA	3	8.4030	Viruses;Duplodnaviria;Heunggongvirae;Uroviricota;Caudoviricetes;;Kyanoviridae
k141_1445182	3953	No terminal repeats	NA	5	11	0.9681	NA	0	5.0934	Viruses;Duplodnaviria;Heunggongvirae;Uroviricota;Caudoviricetes;;
k141_476008	6908	No terminal repeats	NA	8	11	0.9681	NA	2	5.9206	Viruses;Duplodnaviria;Heunggongvirae;Uroviricota;Caudoviricetes;;
k141_15239	6330	No terminal repeats	NA	10	11	0.9681	NA	2	13.7463	Viruses;Duplodnaviria;Heunggongvirae;Uroviricota;Caudoviricetes;;
k141_340385	7240	No terminal repeats	NA	5	11	0.9680	NA	1	3.4202	Viruses;Duplodnaviria;Heunggongvirae;Uroviricota;Caudoviricetes;;
k141_717421	3833	No terminal repeats	NA	6	11	0.9680	NA	0	3.4366	Viruses;Varidnaviria;Bamfordvirae;Nucleocytoviricota;Megaviricetes;Imitervirales;Mimiviridae
k141_1722749	6442	No terminal repeats	NA	15	11	0.9680	NA	0	4.7172	Viruses;Duplodnaviria;Heunggongvirae;Uroviricota;Caudoviricetes;;
k141_1854819	3805	No terminal repeats	NA	5	11	0.9679	NA	1	5.0571	Viruses;Varidnaviria;Bamfordvirae;Nucleocytoviricota;Megaviricetes;Algavirales;Phycodnaviridae
k141_828806	5829	No terminal repeats	NA	15	11	0.9679	NA	2	13.1093	Viruses;Duplodnaviria;Heunggongvirae;Uroviricota;Caudoviricetes;;
k141_1800873	5855	No terminal repeats	NA	8	11	0.9679	NA	0	8.3827	Viruses;Duplodnaviria;Heunggongvirae;Uroviricota;Caudoviricetes;;
k141_214439	9266	No terminal repeats	NA	23	11	0.9679	NA	1	10.7017	Viruses;Duplodnaviria;Heunggongvirae;Uroviricota;Caudoviricetes;;
k141_1972061	5460	No terminal repeats	NA	8	11	0.9679	NA	1	7.8477	Viruses;Duplodnaviria;Heunggongvirae;Uroviricota;Caudoviricetes;;
k141_1808325	3648	No terminal repeats	NA	5	11	0.9679	NA	1	4.8342	Viruses;Varidnaviria;Bamfordvirae;Nucleocytoviricota;Megaviricetes;Imitervirales;Schizomimiviridae
k141_1743111	5327	No terminal repeats	NA	8	11	0.9678	NA	1	1.7183	Viruses;Varidnaviria;Bamfordvirae;Nucleocytoviricota;Megaviricetes;Imitervirales;Mimiviridae
k141_1648481	3505	No terminal repeats	NA	6	11	0.9678	NA	0	5.1308	Viruses;Varidnaviria;Bamfordvirae;Nucleocytoviricota;Megaviricetes;Algavirales;Phycodnaviridae
k141_1668648	4197	No terminal repeats	NA	6	11	0.9678	NA	0	8.5751	Viruses;Duplodnaviria;Heunggongvirae;Uroviricota;Caudoviricetes;;
k141_1794818	6676	No terminal repeats	NA	5	11	0.9677	NA	1	8.4260	Viruses;Varidnaviria;Bamfordvirae;Nucleocytoviricota;Megaviricetes;Imitervirales;Mimiviridae
k141_1741804	4351	No terminal repeats	NA	7	11	0.9677	NA	0	3.4329	Unclassified
k141_2165773	9951	No terminal repeats	NA	18	11	0.9676	NA	1	6.5028	Viruses;Duplodnaviria;Heunggongvirae;Uroviricota;Caudoviricetes;;
k141_2180918	6356	No terminal repeats	NA	10	11	0.9676	NA	1	14.9696	Viruses;Duplodnaviria;Heunggongvirae;Uroviricota;Caudoviricetes;;
k141_1265713	8482	No terminal repeats	NA	20	11	0.9676	NA	2	9.8473	Viruses;Duplodnaviria;Heunggongvirae;Uroviricota;Caudoviricetes;;
k141_634225	7776	No terminal repeats	NA	16	11	0.9676	NA	0	19.1681	Viruses;Duplodnaviria;Heunggongvirae;Uroviricota;Caudoviricetes;;Stanwilliamsviridae
k141_2009187	9054	No terminal repeats	NA	10	11	0.9675	NA	0	13.5505	Viruses;Varidnaviria;Bamfordvirae;Nucleocytoviricota;Megaviricetes;Algavirales;Phycodnaviridae
k141_2021740	6133	No terminal repeats	NA	9	11	0.9675	NA	0	3.4366	Viruses;Varidnaviria;Bamfordvirae;Nucleocytoviricota;Megaviricetes;Imitervirales;Mimiviridae
k141_1732388	6773	No terminal repeats	NA	21	11	0.9675	NA	1	6.7264	Viruses;Duplodnaviria;Heunggongvirae;Uroviricota;Caudoviricetes;;
k141_354741	8592	No terminal repeats	NA	11	11	0.9675	NA	0	10.3070	Viruses;Varidnaviria;Bamfordvirae;Nucleocytoviricota;Megaviricetes;Imitervirales;
k141_1688412	4864	No terminal repeats	NA	11	11	0.9674	NA	0	8.7756	Viruses;Duplodnaviria;Heunggongvirae;Uroviricota;Caudoviricetes;;
k141_1861004	6431	No terminal repeats	NA	13	11	0.9674	NA	1	5.1102	Viruses;Duplodnaviria;Heunggongvirae;Uroviricota;Caudoviricetes;;
k141_1154657	8841	No terminal repeats	NA	17	11	0.9674	NA	0	11.9640	Viruses;Duplodnaviria;Heunggongvirae;Uroviricota;Caudoviricetes;;
k141_2012022	8288	No terminal repeats	NA	6	11	0.9674	NA	0	6.2083	Viruses;Varidnaviria;Bamfordvirae;Nucleocytoviricota;Megaviricetes;Algavirales;Phycodnaviridae
k141_2232758	5178	No terminal repeats	NA	9	11	0.9673	NA	4	6.6028	Viruses;Duplodnaviria;Heunggongvirae;Uroviricota;Caudoviricetes;;
k141_215113	143213	No terminal repeats	NA	134	11	0.9673	NA	5	130.4593	Viruses;Duplodnaviria;Heunggongvirae;Uroviricota;Caudoviricetes;;
k141_58218	6902	No terminal repeats	NA	11	11	0.9673	NA	0	1.7056	Viruses;Varidnaviria;Bamfordvirae;Nucleocytoviricota;Megaviricetes;Imitervirales;Mimiviridae
k141_344121	7414	No terminal repeats	NA	9	11	0.9673	NA	0	12.0259	Viruses;Varidnaviria;Bamfordvirae;Nucleocytoviricota;Megaviricetes;;
k141_1314379	4631	No terminal repeats	NA	7	11	0.9672	NA	1	5.1548	Viruses;Varidnaviria;Bamfordvirae;Nucleocytoviricota;Megaviricetes;Algavirales;Phycodnaviridae
k141_1979066	6122	No terminal repeats	NA	10	11	0.9672	NA	0	12.8423	Viruses;Duplodnaviria;Heunggongvirae;Uroviricota;Caudoviricetes;;
k141_1768248	4479	No terminal repeats	NA	9	11	0.9672	NA	0	4.1102	Viruses;Duplodnaviria;Heunggongvirae;Uroviricota;Caudoviricetes;;
k141_663415	4184	No terminal repeats	NA	7	11	0.9672	NA	0	3.4366	Viruses;Varidnaviria;Bamfordvirae;Nucleocytoviricota;Megaviricetes;Imitervirales;Mimiviridae
k141_1447571	8715	No terminal repeats	NA	13	11	0.9672	NA	0	7.6513	Viruses;Duplodnaviria;Heunggongvirae;Uroviricota;Caudoviricetes;;
k141_1396197	3821	No terminal repeats	NA	6	11	0.9672	NA	0	3.0040	Viruses;Duplodnaviria;Heunggongvirae;Uroviricota;Caudoviricetes;;
k141_731756	7299	No terminal repeats	NA	12	11	0.9671	NA	0	6.6324	Viruses;Duplodnaviria;Heunggongvirae;Uroviricota;Caudoviricetes;;
k141_199463	4215	No terminal repeats	NA	6	11	0.9671	NA	3	6.5450	Viruses;Duplodnaviria;Heunggongvirae;Uroviricota;Caudoviricetes;;
k141_2124164	4355	No terminal repeats	NA	7	11	0.9670	NA	1	4.6292	Viruses;Duplodnaviria;Heunggongvirae;Uroviricota;Caudoviricetes;;
k141_1892139	9870	No terminal repeats	NA	16	11	0.9670	NA	0	15.4230	Viruses;Duplodnaviria;Heunggongvirae;Uroviricota;Caudoviricetes;;
k141_444446	4345	No terminal repeats	NA	5	11	0.9670	NA	0	2.7158	Unclassified
k141_2296033	3750	No terminal repeats	NA	9	11	0.9670	NA	0	5.5527	Viruses;Duplodnaviria;Heunggongvirae;Uroviricota;Caudoviricetes;;
k141_796113	3951	No terminal repeats	NA	8	11	0.9670	NA	0	13.7291	Viruses;Duplodnaviria;Heunggongvirae;Uroviricota;Caudoviricetes;;
k141_734518	9821	No terminal repeats	NA	16	11	0.9669	NA	3	18.2012	Viruses;Duplodnaviria;Heunggongvirae;Uroviricota;Caudoviricetes;;
k141_2297181	7436	No terminal repeats	NA	10	11	0.9669	NA	0	8.4187	Viruses;Varidnaviria;Bamfordvirae;Nucleocytoviricota;Megaviricetes;Imitervirales;
k141_2231977	4882	No terminal repeats	NA	6	11	0.9669	NA	0	3.4366	Viruses;Duplodnaviria;Heunggongvirae;Uroviricota;Caudoviricetes;;
k141_153614	4855	No terminal repeats	NA	7	11	0.9669	NA	0	9.6208	Viruses;Duplodnaviria;Heunggongvirae;Uroviricota;Caudoviricetes;;
k141_1921162	4030	No terminal repeats	NA	7	11	0.9668	NA	0	4.2313	Viruses;Varidnaviria;Bamfordvirae;Nucleocytoviricota;Megaviricetes;Algavirales;Phycodnaviridae
k141_1867389	4493	No terminal repeats	NA	11	11	0.9668	NA	3	9.3397	Viruses;Duplodnaviria;Heunggongvirae;Uroviricota;Caudoviricetes;;
k141_1183064	4678	No terminal repeats	NA	6	11	0.9668	NA	0	3.2452	Viruses;Varidnaviria;Bamfordvirae;Nucleocytoviricota;Pokkesviricetes;Chitovirales;Poxviridae
k141_1617634	3808	No terminal repeats	NA	6	11	0.9668	NA	0	8.2103	Viruses;Duplodnaviria;Heunggongvirae;Uroviricota;Caudoviricetes;;
k141_1593360	9153	No terminal repeats	NA	21	11	0.9667	NA	1	19.4885	Viruses;Duplodnaviria;Heunggongvirae;Uroviricota;Caudoviricetes;;
k141_1496868	5337	No terminal repeats	NA	8	11	0.9667	NA	0	2.0678	Viruses;Duplodnaviria;Heunggongvirae;Uroviricota;Caudoviricetes;;
k141_1995678	4450	No terminal repeats	NA	6	11	0.9667	NA	0	7.9842	Viruses;Duplodnaviria;Heunggongvirae;Uroviricota;Caudoviricetes;;
k141_2198396	5627	No terminal repeats	NA	7	11	0.9667	NA	0	2.6977	Viruses;Duplodnaviria;Heunggongvirae;Uroviricota;Caudoviricetes;;
k141_1990315	4050	No terminal repeats	NA	13	11	0.9667	NA	0	5.4730	Viruses;Duplodnaviria;Heunggongvirae;Uroviricota;Caudoviricetes;;
k141_1652281	4334	No terminal repeats	NA	7	11	0.9667	NA	0	2.3600	Viruses;Duplodnaviria;Heunggongvirae;Uroviricota;Caudoviricetes;;
k141_200679	3984	No terminal repeats	NA	8	11	0.9667	NA	0	3.8045	Viruses;Duplodnaviria;Heunggongvirae;Uroviricota;Caudoviricetes;;
k141_1791184	5964	No terminal repeats	NA	8	11	0.9667	NA	0	3.6975	Viruses;Varidnaviria;Bamfordvirae;Nucleocytoviricota;Megaviricetes;Algavirales;Phycodnaviridae
k141_655995	4180	No terminal repeats	NA	9	11	0.9666	NA	0	4.0956	Viruses;Duplodnaviria;Heunggongvirae;Uroviricota;Caudoviricetes;;
k141_2072212	3880	No terminal repeats	NA	5	11	0.9666	NA	0	5.1105	Viruses;Varidnaviria;Bamfordvirae;Nucleocytoviricota;Megaviricetes;Imitervirales;Mimiviridae
k141_239603	3721	No terminal repeats	NA	8	11	0.9666	NA	0	5.3937	Viruses;Duplodnaviria;Heunggongvirae;Uroviricota;Caudoviricetes;;
k141_2320477	4237	No terminal repeats	NA	10	11	0.9666	NA	0	3.9612	Viruses;Duplodnaviria;Heunggongvirae;Uroviricota;Caudoviricetes;;
k141_284921	8935	No terminal repeats	NA	12	11	0.9666	NA	2	10.0297	Viruses;Duplodnaviria;Heunggongvirae;Uroviricota;Caudoviricetes;;
k141_2289313	5628	No terminal repeats	NA	6	11	0.9666	NA	0	3.4366	Viruses;Duplodnaviria;Heunggongvirae;Uroviricota;Caudoviricetes;;
k141_1557703	4276	No terminal repeats	NA	4	11	0.9665	NA	0	5.0923	Viruses;Duplodnaviria;Heunggongvirae;Uroviricota;Caudoviricetes;;
k141_1162657	8168	No terminal repeats	NA	10	11	0.9665	NA	0	8.5852	Viruses;Varidnaviria;Bamfordvirae;Nucleocytoviricota;Megaviricetes;Algavirales;Phycodnaviridae
k141_2300906	9584	No terminal repeats	NA	17	11	0.9665	NA	0	5.5302	Viruses;Duplodnaviria;Heunggongvirae;Uroviricota;Caudoviricetes;;
k141_982501	8936	No terminal repeats	NA	21	11	0.9665	NA	1	11.0901	Viruses;Duplodnaviria;Heunggongvirae;Uroviricota;Caudoviricetes;;
k141_1879438	9350	No terminal repeats	NA	9	11	0.9665	NA	1	13.7463	Viruses;Duplodnaviria;Heunggongvirae;Uroviricota;Caudoviricetes;;
k141_148182	4705	No terminal repeats	NA	6	11	0.9664	NA	1	4.7971	Viruses;Varidnaviria;Bamfordvirae;Nucleocytoviricota;Megaviricetes;Imitervirales;Mimiviridae
k141_131796	5095	No terminal repeats	NA	10	11	0.9664	NA	1	11.6563	Viruses;Duplodnaviria;Heunggongvirae;Uroviricota;Caudoviricetes;;
k141_2171675	7355	No terminal repeats	NA	12	11	0.9664	NA	0	9.3271	Viruses;Duplodnaviria;Heunggongvirae;Uroviricota;Caudoviricetes;;
k141_980161	6723	No terminal repeats	NA	17	11	0.9664	NA	0	6.3796	Viruses;Duplodnaviria;Heunggongvirae;Uroviricota;Caudoviricetes;;
k141_413377	3728	No terminal repeats	NA	7	11	0.9664	NA	0	6.8731	Viruses;Varidnaviria;Bamfordvirae;Nucleocytoviricota;Megaviricetes;Algavirales;Phycodnaviridae
k141_523759	7611	No terminal repeats	NA	8	11	0.9663	NA	0	11.5964	Viruses;Duplodnaviria;Heunggongvirae;Uroviricota;Caudoviricetes;;
k141_1058776	7482	No terminal repeats	NA	7	11	0.9663	NA	3	3.9690	Viruses;Duplodnaviria;Heunggongvirae;Uroviricota;Caudoviricetes;;
k141_636748	6029	No terminal repeats	NA	5	11	0.9663	NA	0	3.0448	Viruses;Varidnaviria;Bamfordvirae;Nucleocytoviricota;Megaviricetes;Algavirales;Phycodnaviridae
k141_885993	3381	No terminal repeats	NA	5	11	0.9663	NA	1	5.1548	Viruses;Varidnaviria;Bamfordvirae;Nucleocytoviricota;Megaviricetes;Algavirales;Phycodnaviridae
k141_399954	3948	No terminal repeats	NA	9	11	0.9662	NA	0	4.7234	Viruses;Duplodnaviria;Heunggongvirae;Uroviricota;Caudoviricetes;;
k141_611525	8556	No terminal repeats	NA	9	11	0.9662	NA	4	11.5102	Viruses;Duplodnaviria;Heunggongvirae;Uroviricota;Caudoviricetes;;Kyanoviridae
k141_217776	9320	No terminal repeats	NA	11	11	0.9661	NA	0	5.6055	Viruses;Varidnaviria;Bamfordvirae;Nucleocytoviricota;Megaviricetes;Algavirales;Phycodnaviridae
k141_1470315	4338	No terminal repeats	NA	6	11	0.9661	NA	0	2.7040	Viruses;Varidnaviria;Bamfordvirae;Nucleocytoviricota;Megaviricetes;Algavirales;Phycodnaviridae
k141_460497	2983	No terminal repeats	NA	5	11	0.9661	NA	0	8.4153	Viruses;Varidnaviria;Bamfordvirae;Nucleocytoviricota;Megaviricetes;Imitervirales;Mimiviridae
k141_1742443	9160	No terminal repeats	NA	6	11	0.9660	NA	0	5.1548	Viruses;Varidnaviria;Bamfordvirae;Nucleocytoviricota;Megaviricetes;;
k141_1649410	170256	No terminal repeats	NA	220	11	0.9660	NA	11	109.0966	Viruses;Duplodnaviria;Heunggongvirae;Uroviricota;Caudoviricetes;;
k141_1642362	6575	No terminal repeats	NA	11	11	0.9660	NA	0	3.3989	Viruses;Duplodnaviria;Heunggongvirae;Uroviricota;Caudoviricetes;;
k141_1780952	5463	No terminal repeats	NA	6	11	0.9660	NA	1	6.6465	Viruses;Duplodnaviria;Heunggongvirae;Uroviricota;Caudoviricetes;;
k141_1906549	6898	No terminal repeats	NA	6	11	0.9660	NA	0	5.0734	Viruses;Varidnaviria;Bamfordvirae;Nucleocytoviricota;Megaviricetes;Imitervirales;Mimiviridae
k141_830143	6333	No terminal repeats	NA	6	11	0.9660	NA	0	8.5914	Viruses;Duplodnaviria;Heunggongvirae;Uroviricota;Caudoviricetes;;
k141_309048	3517	No terminal repeats	NA	7	11	0.9660	NA	0	4.6222	Viruses;Varidnaviria;Bamfordvirae;Nucleocytoviricota;Pokkesviricetes;Chitovirales;Poxviridae
k141_419766	6599	No terminal repeats	NA	9	11	0.9660	NA	0	3.1899	Viruses;Varidnaviria;Bamfordvirae;Nucleocytoviricota;Megaviricetes;Imitervirales;Mimiviridae
k141_2111911	4865	No terminal repeats	NA	6	11	0.9659	NA	0	3.4366	Viruses;Varidnaviria;Bamfordvirae;Nucleocytoviricota;Megaviricetes;Pimascovirales;Marseilleviridae
k141_327868	5064	No terminal repeats	NA	7	11	0.9659	NA	0	3.2151	Viruses;Duplodnaviria;Heunggongvirae;Uroviricota;Caudoviricetes;;
k141_500804	6760	No terminal repeats	NA	9	11	0.9659	NA	0	12.0280	Viruses;Varidnaviria;Bamfordvirae;Nucleocytoviricota;Megaviricetes;Algavirales;Phycodnaviridae
k141_997297	6666	No terminal repeats	NA	9	11	0.9659	NA	0	5.0891	Viruses;Varidnaviria;Bamfordvirae;Nucleocytoviricota;Megaviricetes;Algavirales;Phycodnaviridae
k141_1818308	5037	No terminal repeats	NA	16	11	0.9658	NA	0	7.5347	Viruses;Duplodnaviria;Heunggongvirae;Uroviricota;Caudoviricetes;;
k141_1440139	6262	No terminal repeats	NA	13	11	0.9658	NA	0	6.4804	Viruses;Duplodnaviria;Heunggongvirae;Uroviricota;Caudoviricetes;;
k141_1972671	5638	No terminal repeats	NA	8	11	0.9658	NA	1	4.8763	Viruses;Duplodnaviria;Heunggongvirae;Uroviricota;Caudoviricetes;;
k141_2325910	3763	No terminal repeats	NA	6	11	0.9658	NA	0	3.1052	Viruses;Duplodnaviria;Heunggongvirae;Uroviricota;Caudoviricetes;;
k141_377919	3528	No terminal repeats	NA	7	11	0.9658	NA	0	2.9352	Viruses;Duplodnaviria;Heunggongvirae;Uroviricota;Caudoviricetes;;
k141_1135062	3829	No terminal repeats	NA	7	11	0.9657	NA	0	9.9168	Viruses;Duplodnaviria;Heunggongvirae;Uroviricota;Caudoviricetes;;
k141_2181586	3521	No terminal repeats	NA	7	11	0.9657	NA	1	1.7183	Viruses;Varidnaviria;Bamfordvirae;Nucleocytoviricota;Megaviricetes;Algavirales;Phycodnaviridae
k141_1902365	6137	No terminal repeats	NA	7	11	0.9657	NA	0	6.4360	Viruses;Duplodnaviria;Heunggongvirae;Uroviricota;Caudoviricetes;;
k141_702488	4720	No terminal repeats	NA	8	11	0.9656	NA	1	3.4366	Viruses;Duplodnaviria;Heunggongvirae;Uroviricota;Caudoviricetes;;
k141_2404342	5637	No terminal repeats	NA	7	11	0.9656	NA	3	10.3097	Viruses;Duplodnaviria;Heunggongvirae;Uroviricota;Caudoviricetes;;
k141_183493	6970	No terminal repeats	NA	4	11	0.9655	NA	1	3.1861	Viruses;Varidnaviria;Bamfordvirae;Nucleocytoviricota;Megaviricetes;Algavirales;Phycodnaviridae
k141_1339194	8760	No terminal repeats	NA	18	11	0.9654	NA	0	16.3131	Viruses;Duplodnaviria;Heunggongvirae;Uroviricota;Caudoviricetes;;
k141_1438011	5134	No terminal repeats	NA	8	11	0.9653	NA	0	3.4366	Viruses;Varidnaviria;Bamfordvirae;Preplasmiviricota;Maveriviricetes;Priklausovirales;
k141_1324877	4601	No terminal repeats	NA	8	11	0.9653	NA	0	13.7463	Viruses;Duplodnaviria;Heunggongvirae;Uroviricota;Caudoviricetes;;
k141_1582926	5843	No terminal repeats	NA	6	11	0.9653	NA	0	4.7385	Viruses;Duplodnaviria;Heunggongvirae;Uroviricota;Caudoviricetes;;
k141_712956	5768	No terminal repeats	NA	6	11	0.9653	NA	2	3.2406	Viruses;Duplodnaviria;Heunggongvirae;Uroviricota;Caudoviricetes;;
k141_1378959	5634	No terminal repeats	NA	7	11	0.9652	NA	2	8.1460	Viruses;Duplodnaviria;Heunggongvirae;Uroviricota;Caudoviricetes;;
k141_761169	2009	No terminal repeats	NA	4	11	0.9652	NA	1	3.0158	Viruses;Duplodnaviria;Heunggongvirae;Uroviricota;Caudoviricetes;;
k141_509224	6857	No terminal repeats	NA	10	11	0.9651	NA	0	2.9444	Viruses;Duplodnaviria;Heunggongvirae;Uroviricota;Caudoviricetes;;
k141_1341468	5724	No terminal repeats	NA	10	11	0.9651	NA	0	3.3873	Unclassified
k141_2135411	3979	No terminal repeats	NA	7	11	0.9650	NA	0	2.9046	Unclassified
k141_1848300	4462	No terminal repeats	NA	6	11	0.9650	NA	0	3.4366	Unclassified
k141_1389910	9358	No terminal repeats	NA	7	11	0.9650	NA	1	3.4342	Viruses;Varidnaviria;Bamfordvirae;Nucleocytoviricota;Megaviricetes;Imitervirales;
k141_9909	3870	No terminal repeats	NA	6	11	0.9650	NA	0	3.4366	Viruses;Varidnaviria;Bamfordvirae;Nucleocytoviricota;;;
k141_230927	5725	No terminal repeats	NA	9	11	0.9650	NA	1	3.4366	Viruses;Varidnaviria;Bamfordvirae;Nucleocytoviricota;Megaviricetes;Imitervirales;Mimiviridae
k141_1749687	4171	No terminal repeats	NA	6	11	0.9650	NA	0	5.1548	Viruses;Varidnaviria;Bamfordvirae;Nucleocytoviricota;Megaviricetes;Imitervirales;Mimiviridae
k141_132880	8863	No terminal repeats	NA	10	11	0.9649	NA	0	12.4496	Viruses;Varidnaviria;Bamfordvirae;Nucleocytoviricota;Megaviricetes;Imitervirales;
k141_995453	6596	No terminal repeats	NA	9	11	0.9649	NA	0	9.6395	Viruses;Duplodnaviria;Heunggongvirae;Uroviricota;Caudoviricetes;;
k141_1458586	8959	No terminal repeats	NA	17	11	0.9649	NA	1	6.8731	Viruses;Duplodnaviria;Heunggongvirae;Uroviricota;Caudoviricetes;;
k141_493177	3689	No terminal repeats	NA	7	11	0.9649	NA	1	3.4366	Viruses;Varidnaviria;Bamfordvirae;Nucleocytoviricota;Megaviricetes;Algavirales;Phycodnaviridae
k141_2358662	3895	No terminal repeats	NA	7	11	0.9649	NA	2	5.5326	Viruses;Duplodnaviria;Heunggongvirae;Uroviricota;Caudoviricetes;Crassvirales;
k141_793094	3628	No terminal repeats	NA	10	11	0.9648	NA	0	3.4331	Viruses;Duplodnaviria;Heunggongvirae;Uroviricota;Caudoviricetes;;Kyanoviridae
k141_1075620	5618	No terminal repeats	NA	6	11	0.9648	NA	0	8.5914	Unclassified
k141_2099053	4269	No terminal repeats	NA	5	11	0.9648	NA	0	1.7183	Unclassified
k141_2324352	4306	No terminal repeats	NA	8	11	0.9648	NA	1	4.3195	Viruses;Duplodnaviria;Heunggongvirae;Uroviricota;Caudoviricetes;;
k141_2094311	6802	No terminal repeats	NA	13	11	0.9647	NA	1	6.8174	Viruses;Duplodnaviria;Heunggongvirae;Uroviricota;Caudoviricetes;;
k141_1187661	4836	No terminal repeats	NA	10	11	0.9647	NA	0	4.7460	Viruses;Duplodnaviria;Heunggongvirae;Uroviricota;Caudoviricetes;;
k141_1177049	7363	No terminal repeats	NA	13	11	0.9646	NA	0	8.5914	Viruses;Varidnaviria;Bamfordvirae;Nucleocytoviricota;Megaviricetes;Algavirales;Phycodnaviridae
k141_43285	4085	No terminal repeats	NA	8	11	0.9646	NA	0	5.7212	Viruses;Duplodnaviria;Heunggongvirae;Uroviricota;Caudoviricetes;;
k141_292258	5356	No terminal repeats	NA	6	11	0.9646	NA	2	8.0956	Viruses;Duplodnaviria;Heunggongvirae;Uroviricota;Caudoviricetes;;
k141_679563	4742	No terminal repeats	NA	5	11	0.9646	NA	0	6.8731	Viruses;Duplodnaviria;Heunggongvirae;Uroviricota;Caudoviricetes;;
k141_322020	3821	No terminal repeats	NA	5	11	0.9645	NA	0	4.6165	Viruses;Duplodnaviria;Heunggongvirae;Uroviricota;Caudoviricetes;;
k141_1749979	7169	No terminal repeats	NA	5	11	0.9645	NA	0	3.4366	Viruses;;;;;;
k141_1860505	6305	No terminal repeats	NA	7	11	0.9644	NA	0	5.1548	Viruses;Varidnaviria;Bamfordvirae;Nucleocytoviricota;Megaviricetes;Algavirales;Phycodnaviridae
k141_966796	5570	No terminal repeats	NA	14	11	0.9644	NA	0	3.0544	Viruses;Duplodnaviria;Heunggongvirae;Uroviricota;Caudoviricetes;;
k141_795929	8774	No terminal repeats	NA	15	11	0.9644	NA	1	12.4659	Viruses;Duplodnaviria;Heunggongvirae;Uroviricota;Caudoviricetes;;
k141_1699278	6656	No terminal repeats	NA	8	11	0.9644	NA	2	7.3257	Viruses;Duplodnaviria;Heunggongvirae;Uroviricota;Caudoviricetes;;
k141_672041	5081	No terminal repeats	NA	8	11	0.9644	NA	3	10.3997	Viruses;Duplodnaviria;Heunggongvirae;Uroviricota;Caudoviricetes;;
k141_1604048	4961	No terminal repeats	NA	7	11	0.9644	NA	0	3.2845	Viruses;Duplodnaviria;Heunggongvirae;Uroviricota;Caudoviricetes;;
k141_1799305	8182	No terminal repeats	NA	6	11	0.9644	NA	1	6.8712	Viruses;Duplodnaviria;Heunggongvirae;Uroviricota;Caudoviricetes;;
k141_442943	5593	No terminal repeats	NA	6	11	0.9643	NA	0	4.6043	Viruses;Duplodnaviria;Heunggongvirae;Uroviricota;Caudoviricetes;;Kyanoviridae
k141_2255526	3623	No terminal repeats	NA	5	11	0.9643	NA	1	4.6717	Viruses;Varidnaviria;Bamfordvirae;Nucleocytoviricota;Megaviricetes;Algavirales;Phycodnaviridae
k141_2137989	3905	No terminal repeats	NA	5	11	0.9642	NA	0	3.3162	Viruses;Varidnaviria;Bamfordvirae;Nucleocytoviricota;Megaviricetes;Algavirales;Phycodnaviridae
k141_1330630	3980	No terminal repeats	NA	5	11	0.9642	NA	0	3.7020	Viruses;Duplodnaviria;Heunggongvirae;Uroviricota;Caudoviricetes;;
k141_1752701	7106	No terminal repeats	NA	11	11	0.9641	NA	0	1.3288	Viruses;Varidnaviria;Bamfordvirae;Nucleocytoviricota;Megaviricetes;;
k141_138116	7630	No terminal repeats	NA	9	11	0.9641	NA	2	9.0660	Viruses;Duplodnaviria;Heunggongvirae;Uroviricota;Caudoviricetes;;
k141_1060022	3782	No terminal repeats	NA	11	11	0.9641	NA	0	11.0069	Viruses;Duplodnaviria;Heunggongvirae;Uroviricota;Caudoviricetes;;
k141_1737481	4462	No terminal repeats	NA	7	11	0.9641	NA	1	4.8627	Viruses;Varidnaviria;Bamfordvirae;Nucleocytoviricota;Megaviricetes;;
k141_1959780	4763	No terminal repeats	NA	5	11	0.9641	NA	1	3.4345	Viruses;Duplodnaviria;Heunggongvirae;Uroviricota;Caudoviricetes;;
k141_770545	4707	No terminal repeats	NA	6	11	0.9641	NA	0	7.6311	Viruses;Varidnaviria;Bamfordvirae;Nucleocytoviricota;Megaviricetes;Imitervirales;
k141_1662750	3689	No terminal repeats	NA	6	11	0.9641	NA	2	6.1947	Viruses;Duplodnaviria;Heunggongvirae;Uroviricota;Caudoviricetes;;
k141_834570	6126	No terminal repeats	NA	6	11	0.9640	NA	0	6.4721	Viruses;Duplodnaviria;Heunggongvirae;Uroviricota;Caudoviricetes;;
k141_1549489	8539	No terminal repeats	NA	9	11	0.9640	NA	0	5.5334	Unclassified
k141_1895381	6055	No terminal repeats	NA	5	11	0.9639	NA	0	3.0277	Viruses;Varidnaviria;Bamfordvirae;Nucleocytoviricota;Megaviricetes;;
k141_2352260	5634	No terminal repeats	NA	6	11	0.9639	NA	0	1.5455	Viruses;Varidnaviria;Bamfordvirae;Nucleocytoviricota;Megaviricetes;Imitervirales;
k141_232355	4538	No terminal repeats	NA	8	11	0.9639	NA	2	6.3825	Viruses;Duplodnaviria;Heunggongvirae;Uroviricota;Caudoviricetes;;
k141_1808298	3554	No terminal repeats	NA	7	11	0.9638	NA	0	9.2336	Viruses;Duplodnaviria;Heunggongvirae;Uroviricota;Caudoviricetes;;
k141_2187121	6646	No terminal repeats	NA	6	11	0.9638	NA	0	1.7121	Viruses;Varidnaviria;Bamfordvirae;Nucleocytoviricota;Megaviricetes;Imitervirales;Mimiviridae
k141_633626	9228	No terminal repeats	NA	6	15	0.9638	NA	1	3.1924	Viruses;Duplodnaviria;Heunggongvirae;Uroviricota;Caudoviricetes;;
k141_1359049	4475	No terminal repeats	NA	5	11	0.9638	NA	2	4.3344	Viruses;Duplodnaviria;Heunggongvirae;Uroviricota;Caudoviricetes;;
k141_1032822	5736	No terminal repeats	NA	6	11	0.9637	NA	0	3.0789	Viruses;Varidnaviria;Bamfordvirae;Nucleocytoviricota;Megaviricetes;Imitervirales;Mimiviridae
k141_386230	3642	No terminal repeats	NA	9	11	0.9636	NA	1	4.4599	Viruses;Duplodnaviria;Heunggongvirae;Uroviricota;Caudoviricetes;;
k141_1116889	4354	No terminal repeats	NA	5	11	0.9636	NA	0	3.4366	Viruses;Varidnaviria;Bamfordvirae;Nucleocytoviricota;Megaviricetes;Imitervirales;Mimiviridae
k141_140670	4727	No terminal repeats	NA	7	11	0.9636	NA	0	6.0905	Viruses;Duplodnaviria;Heunggongvirae;Uroviricota;Caudoviricetes;;
k141_1689960	6008	No terminal repeats	NA	5	11	0.9636	NA	2	5.5772	Viruses;Duplodnaviria;Heunggongvirae;Uroviricota;Caudoviricetes;;
k141_776171	4303	No terminal repeats	NA	6	11	0.9635	NA	2	8.5914	Viruses;Duplodnaviria;Heunggongvirae;Uroviricota;Caudoviricetes;;Kyanoviridae
k141_2067821	7578	No terminal repeats	NA	15	11	0.9635	NA	0	9.7187	Viruses;Duplodnaviria;Heunggongvirae;Uroviricota;Caudoviricetes;;
k141_10143	35583	No terminal repeats	NA	53	11	0.9635	NA	2	31.0116	Viruses;Duplodnaviria;Heunggongvirae;Uroviricota;Caudoviricetes;;
k141_1965736	3837	No terminal repeats	NA	6	11	0.9634	NA	1	5.1548	Viruses;Varidnaviria;Bamfordvirae;Nucleocytoviricota;Megaviricetes;;
k141_722345	5792	No terminal repeats	NA	11	11	0.9634	NA	0	2.7654	Viruses;Duplodnaviria;Heunggongvirae;Uroviricota;Caudoviricetes;;
k141_29327	5004	No terminal repeats	NA	6	11	0.9634	NA	0	1.7183	Viruses;Varidnaviria;Bamfordvirae;Nucleocytoviricota;Megaviricetes;Imitervirales;Mimiviridae
k141_2119876	82489	No terminal repeats	NA	108	11	0.9634	NA	9	88.7853	Viruses;Duplodnaviria;Heunggongvirae;Uroviricota;Caudoviricetes;;
k141_32869	3736	No terminal repeats	NA	9	11	0.9634	NA	1	5.9471	Viruses;Duplodnaviria;Heunggongvirae;Uroviricota;Caudoviricetes;;
k141_1708448	5678	No terminal repeats	NA	12	11	0.9634	NA	1	16.8441	Viruses;Duplodnaviria;Heunggongvirae;Uroviricota;Caudoviricetes;;
k141_2341331	4589	No terminal repeats	NA	12	11	0.9634	NA	0	8.0657	Viruses;Duplodnaviria;Heunggongvirae;Uroviricota;Caudoviricetes;;
k141_1101180	5145	No terminal repeats	NA	5	11	0.9633	NA	0	2.9815	Viruses;Duplodnaviria;Heunggongvirae;Uroviricota;Caudoviricetes;;
k141_1577416	4103	No terminal repeats	NA	10	11	0.9632	NA	0	6.1665	Viruses;Duplodnaviria;Heunggongvirae;Uroviricota;Caudoviricetes;;
k141_2291170	4139	No terminal repeats	NA	9	11	0.9632	NA	0	6.6994	Viruses;Duplodnaviria;Heunggongvirae;Uroviricota;Caudoviricetes;;
k141_2109981	5362	No terminal repeats	NA	5	11	0.9632	NA	1	4.6366	Viruses;Varidnaviria;Bamfordvirae;Nucleocytoviricota;Megaviricetes;Imitervirales;Schizomimiviridae
k141_717915	6448	No terminal repeats	NA	6	11	0.9632	NA	0	3.4366	Unclassified
k141_1439828	5744	No terminal repeats	NA	7	11	0.9632	NA	0	11.1708	Viruses;Duplodnaviria;Heunggongvirae;Uroviricota;Caudoviricetes;;
k141_2336053	5744	No terminal repeats	NA	7	11	0.9632	NA	0	9.3292	Viruses;Varidnaviria;Bamfordvirae;Nucleocytoviricota;Megaviricetes;Algavirales;Phycodnaviridae
k141_725361	4716	No terminal repeats	NA	5	11	0.9631	NA	0	3.2642	Viruses;Varidnaviria;Bamfordvirae;Nucleocytoviricota;Megaviricetes;Algavirales;Phycodnaviridae
k141_229082	3532	No terminal repeats	NA	9	11	0.9631	NA	2	9.3429	Viruses;Duplodnaviria;Heunggongvirae;Uroviricota;Caudoviricetes;;
k141_663159	3830	No terminal repeats	NA	6	11	0.9630	NA	0	1.4551	Viruses;Varidnaviria;Bamfordvirae;Nucleocytoviricota;Megaviricetes;Algavirales;Phycodnaviridae
k141_8931	5105	No terminal repeats	NA	6	11	0.9630	NA	0	3.4366	Viruses;Varidnaviria;Bamfordvirae;Nucleocytoviricota;Megaviricetes;Imitervirales;Mimiviridae
k141_2190967	4583	No terminal repeats	NA	6	11	0.9630	NA	0	5.7349	Viruses;Duplodnaviria;Heunggongvirae;Uroviricota;Caudoviricetes;;
k141_650521	5380	No terminal repeats	NA	6	11	0.9630	NA	0	3.4105	Viruses;Varidnaviria;Bamfordvirae;Nucleocytoviricota;Megaviricetes;Algavirales;Phycodnaviridae
k141_1560313	9451	No terminal repeats	NA	16	11	0.9630	NA	0	1.6063	Viruses;Varidnaviria;Bamfordvirae;Nucleocytoviricota;Megaviricetes;Imitervirales;
k141_1551472	4235	No terminal repeats	NA	6	11	0.9629	NA	2	4.9488	Viruses;Duplodnaviria;Heunggongvirae;Uroviricota;Caudoviricetes;;
k141_701301	4010	No terminal repeats	NA	6	11	0.9629	NA	0	6.5882	Viruses;Duplodnaviria;Heunggongvirae;Uroviricota;Caudoviricetes;;Kyanoviridae
k141_243717	6343	No terminal repeats	NA	7	11	0.9629	NA	0	1.7183	Viruses;Duplodnaviria;Heunggongvirae;Uroviricota;Caudoviricetes;;
k141_1753890	3732	No terminal repeats	NA	12	11	0.9628	NA	0	8.5914	Viruses;Duplodnaviria;Heunggongvirae;Uroviricota;Caudoviricetes;;Kyanoviridae
k141_1917926	4277	No terminal repeats	NA	8	11	0.9628	NA	1	6.0245	Viruses;Duplodnaviria;Heunggongvirae;Uroviricota;Caudoviricetes;;
k141_1660496	7148	No terminal repeats	NA	5	11	0.9627	NA	0	4.7677	Viruses;;;;;;
k141_92590	4549	No terminal repeats	NA	6	11	0.9627	NA	0	6.2737	Viruses;Duplodnaviria;Heunggongvirae;Uroviricota;Caudoviricetes;;
k141_618114	5974	No terminal repeats	NA	15	11	0.9627	NA	0	9.5718	Viruses;Duplodnaviria;Heunggongvirae;Uroviricota;Caudoviricetes;;
k141_1163765	4960	No terminal repeats	NA	11	11	0.9627	NA	0	3.9211	Viruses;Duplodnaviria;Heunggongvirae;Uroviricota;Caudoviricetes;;
k141_18218	5337	No terminal repeats	NA	8	11	0.9627	NA	1	3.0217	Viruses;Duplodnaviria;Heunggongvirae;Uroviricota;Caudoviricetes;;
k141_913616	8687	No terminal repeats	NA	20	11	0.9626	NA	2	9.1973	Viruses;Duplodnaviria;Heunggongvirae;Uroviricota;Caudoviricetes;;
k141_76403	8414	No terminal repeats	NA	5	11	0.9626	NA	0	3.4247	Viruses;Varidnaviria;Bamfordvirae;Nucleocytoviricota;Megaviricetes;Algavirales;Phycodnaviridae
k141_195505	4176	No terminal repeats	NA	6	11	0.9626	NA	0	2.6747	Viruses;Duplodnaviria;Heunggongvirae;Uroviricota;Caudoviricetes;;
k141_2152811	4965	No terminal repeats	NA	7	11	0.9625	NA	0	8.9626	Viruses;Duplodnaviria;Heunggongvirae;Uroviricota;Caudoviricetes;;
k141_90262	4276	No terminal repeats	NA	6	11	0.9625	NA	0	5.4177	Viruses;Duplodnaviria;Heunggongvirae;Uroviricota;Caudoviricetes;;
k141_1506772	4507	No terminal repeats	NA	5	11	0.9625	NA	0	8.1976	Viruses;Varidnaviria;Bamfordvirae;Nucleocytoviricota;Megaviricetes;Algavirales;Phycodnaviridae
k141_1965836	8943	No terminal repeats	NA	9	11	0.9625	NA	1	3.4366	Viruses;Varidnaviria;Bamfordvirae;Nucleocytoviricota;Megaviricetes;Imitervirales;Mimiviridae
k141_1071308	8335	No terminal repeats	NA	15	11	0.9625	NA	0	7.6275	Viruses;Duplodnaviria;Heunggongvirae;Uroviricota;Caudoviricetes;;
k141_542265	4720	No terminal repeats	NA	9	11	0.9624	NA	0	7.1232	Viruses;Duplodnaviria;Heunggongvirae;Uroviricota;Caudoviricetes;;
k141_55860	2974	No terminal repeats	NA	5	11	0.9624	NA	1	8.5914	Viruses;Duplodnaviria;Heunggongvirae;Uroviricota;Caudoviricetes;;
k141_597483	7853	No terminal repeats	NA	11	11	0.9624	NA	0	8.5469	Viruses;Varidnaviria;Bamfordvirae;Nucleocytoviricota;Megaviricetes;;
k141_34836	5480	No terminal repeats	NA	12	11	0.9624	NA	0	6.8449	Viruses;Duplodnaviria;Heunggongvirae;Uroviricota;Caudoviricetes;;
k141_1327546	3523	No terminal repeats	NA	9	11	0.9624	NA	0	4.7427	Viruses;Duplodnaviria;Heunggongvirae;Uroviricota;Caudoviricetes;;
k141_1746226	5613	No terminal repeats	NA	9	11	0.9623	NA	0	1.7183	Viruses;Varidnaviria;Bamfordvirae;Preplasmiviricota;Maveriviricetes;Priklausovirales;
k141_974256	5438	No terminal repeats	NA	11	11	0.9623	NA	0	13.8269	Viruses;Duplodnaviria;Heunggongvirae;Uroviricota;Caudoviricetes;;
k141_475685	3972	No terminal repeats	NA	5	11	0.9622	NA	0	1.7183	Viruses;Varidnaviria;Bamfordvirae;Nucleocytoviricota;;;
k141_1750609	5000	No terminal repeats	NA	9	11	0.9622	NA	3	14.2493	Viruses;Duplodnaviria;Heunggongvirae;Uroviricota;Caudoviricetes;;Stanwilliamsviridae
k141_1607378	6118	No terminal repeats	NA	8	11	0.9622	NA	0	3.4030	Viruses;Varidnaviria;Bamfordvirae;Nucleocytoviricota;Megaviricetes;Algavirales;Phycodnaviridae
k141_1938959	6572	No terminal repeats	NA	11	11	0.9622	NA	1	6.6522	Viruses;Duplodnaviria;Heunggongvirae;Uroviricota;Caudoviricetes;;
k141_1149676	5792	No terminal repeats	NA	6	11	0.9621	NA	0	1.7183	Viruses;Varidnaviria;Bamfordvirae;Nucleocytoviricota;Megaviricetes;Algavirales;Phycodnaviridae
k141_2175667	5355	No terminal repeats	NA	12	11	0.9621	NA	1	13.0201	Viruses;Duplodnaviria;Heunggongvirae;Uroviricota;Caudoviricetes;;
k141_1025078	8714	No terminal repeats	NA	9	11	0.9621	NA	0	1.7183	Viruses;Varidnaviria;Bamfordvirae;Nucleocytoviricota;Megaviricetes;Algavirales;Phycodnaviridae
k141_1200674	9971	No terminal repeats	NA	17	11	0.9621	NA	0	6.5002	Viruses;Duplodnaviria;Heunggongvirae;Uroviricota;Caudoviricetes;;
k141_419217	3946	No terminal repeats	NA	6	11	0.9621	NA	0	8.0298	Viruses;Varidnaviria;Bamfordvirae;Nucleocytoviricota;Megaviricetes;;
k141_1534448	8199	No terminal repeats	NA	8	11	0.9620	NA	1	8.8591	Viruses;Duplodnaviria;Heunggongvirae;Uroviricota;Caudoviricetes;;
k141_672342	3875	No terminal repeats	NA	5	11	0.9620	NA	0	1.9554	Viruses;Duplodnaviria;Heunggongvirae;Uroviricota;Caudoviricetes;;
k141_1400421	6819	No terminal repeats	NA	7	11	0.9620	NA	0	3.4326	Viruses;Varidnaviria;Bamfordvirae;Preplasmiviricota;Maveriviricetes;Priklausovirales;
k141_834468	7472	No terminal repeats	NA	9	11	0.9620	NA	0	1.7048	Viruses;Varidnaviria;Bamfordvirae;Nucleocytoviricota;Megaviricetes;Imitervirales;Mimiviridae
k141_1015848	4832	No terminal repeats	NA	10	11	0.9619	NA	0	5.1385	Viruses;Varidnaviria;Bamfordvirae;Nucleocytoviricota;Megaviricetes;Algavirales;Phycodnaviridae
k141_1397735	9574	No terminal repeats	NA	19	11	0.9619	NA	0	12.1319	Viruses;Duplodnaviria;Heunggongvirae;Uroviricota;Caudoviricetes;;
k141_1885585	3786	No terminal repeats	NA	5	11	0.9619	NA	0	6.1452	Viruses;Varidnaviria;Bamfordvirae;Nucleocytoviricota;Megaviricetes;Imitervirales;Allomimiviridae
k141_1894683	6746	No terminal repeats	NA	9	11	0.9618	NA	0	3.0110	Viruses;Duplodnaviria;Heunggongvirae;Uroviricota;Caudoviricetes;;
k141_612604	3964	No terminal repeats	NA	5	11	0.9618	NA	0	3.0564	Viruses;Varidnaviria;Bamfordvirae;Nucleocytoviricota;Megaviricetes;Algavirales;Phycodnaviridae
k141_523627	7255	No terminal repeats	NA	10	11	0.9617	NA	0	2.3803	Viruses;Varidnaviria;Bamfordvirae;Nucleocytoviricota;Megaviricetes;Imitervirales;Mimiviridae
k141_2187333	8773	No terminal repeats	NA	10	11	0.9617	NA	0	4.3294	Viruses;Duplodnaviria;Heunggongvirae;Uroviricota;Caudoviricetes;;
k141_529964	3778	No terminal repeats	NA	5	11	0.9617	NA	0	3.4297	Viruses;Varidnaviria;Bamfordvirae;Nucleocytoviricota;Megaviricetes;Imitervirales;Mimiviridae
k141_1222213	4338	No terminal repeats	NA	5	11	0.9617	NA	0	3.4243	Viruses;Varidnaviria;Bamfordvirae;Nucleocytoviricota;Megaviricetes;Algavirales;Phycodnaviridae
k141_812249	7022	No terminal repeats	NA	8	11	0.9617	NA	0	8.5914	Viruses;Varidnaviria;Bamfordvirae;Nucleocytoviricota;Megaviricetes;Algavirales;Phycodnaviridae
k141_214055	7588	No terminal repeats	NA	12	11	0.9617	NA	0	6.0240	Viruses;Duplodnaviria;Heunggongvirae;Uroviricota;Caudoviricetes;;
k141_14029	5116	No terminal repeats	NA	9	11	0.9617	NA	0	1.6311	Viruses;Varidnaviria;Bamfordvirae;Nucleocytoviricota;Megaviricetes;Imitervirales;Mimiviridae
k141_1718735	5996	No terminal repeats	NA	7	11	0.9616	NA	0	6.5663	Viruses;Varidnaviria;Bamfordvirae;Nucleocytoviricota;Megaviricetes;Imitervirales;Mimiviridae
k141_1837973	6719	No terminal repeats	NA	12	11	0.9615	NA	0	12.7578	Viruses;Duplodnaviria;Heunggongvirae;Uroviricota;Caudoviricetes;;
k141_281823	8966	No terminal repeats	NA	5	11	0.9615	NA	1	4.7141	Viruses;Duplodnaviria;Heunggongvirae;Uroviricota;Caudoviricetes;;Pootjesviridae
k141_1103368	7320	No terminal repeats	NA	12	11	0.9615	NA	1	7.5431	Viruses;Duplodnaviria;Heunggongvirae;Uroviricota;Caudoviricetes;;
k141_2231045	4268	No terminal repeats	NA	18	11	0.9615	NA	0	8.1675	Viruses;Duplodnaviria;Heunggongvirae;Uroviricota;Caudoviricetes;;
k141_376568	8536	No terminal repeats	NA	9	11	0.9615	NA	0	9.8293	Viruses;Duplodnaviria;Heunggongvirae;Uroviricota;Caudoviricetes;;
k141_525335	7383	No terminal repeats	NA	9	11	0.9615	NA	1	5.1471	Viruses;Varidnaviria;Bamfordvirae;Nucleocytoviricota;Megaviricetes;Imitervirales;Mimiviridae
k141_1132032	3708	No terminal repeats	NA	6	11	0.9614	NA	0	6.8731	Viruses;Duplodnaviria;Heunggongvirae;Uroviricota;Caudoviricetes;;
k141_1845269	3966	No terminal repeats	NA	6	11	0.9614	NA	0	1.7183	Viruses;Varidnaviria;Bamfordvirae;Nucleocytoviricota;Megaviricetes;;
k141_2040485	4575	No terminal repeats	NA	8	11	0.9613	NA	1	12.0280	Viruses;Duplodnaviria;Heunggongvirae;Uroviricota;Caudoviricetes;;
k141_1549627	4853	No terminal repeats	NA	7	11	0.9613	NA	0	3.4366	Viruses;Duplodnaviria;Heunggongvirae;Uroviricota;Caudoviricetes;;
k141_804993	7551	No terminal repeats	NA	7	11	0.9613	NA	1	1.7183	Viruses;Varidnaviria;Bamfordvirae;Nucleocytoviricota;Megaviricetes;Imitervirales;
k141_1569686	5542	No terminal repeats	NA	10	11	0.9613	NA	0	1.7183	Viruses;Varidnaviria;Bamfordvirae;Nucleocytoviricota;Megaviricetes;Imitervirales;Mimiviridae
k141_689916	8587	No terminal repeats	NA	8	11	0.9612	NA	0	3.9999	Viruses;Duplodnaviria;Heunggongvirae;Uroviricota;Caudoviricetes;;
k141_124142	4417	No terminal repeats	NA	8	11	0.9612	NA	0	2.3608	Viruses;Duplodnaviria;Heunggongvirae;Uroviricota;Caudoviricetes;;
k141_1867107	7979	No terminal repeats	NA	11	11	0.9611	NA	1	9.9674	Viruses;Duplodnaviria;Heunggongvirae;Uroviricota;Caudoviricetes;;
k141_2085030	179003	No terminal repeats	NA	219	11	0.9611	NA	17	82.7628	Viruses;Duplodnaviria;Heunggongvirae;Uroviricota;Caudoviricetes;;
k141_808884	5334	No terminal repeats	NA	5	11	0.9611	NA	1	1.4678	Viruses;Varidnaviria;Bamfordvirae;Nucleocytoviricota;Megaviricetes;Algavirales;Phycodnaviridae
k141_768637	4696	No terminal repeats	NA	14	11	0.9610	NA	1	9.7824	Viruses;Duplodnaviria;Heunggongvirae;Uroviricota;Caudoviricetes;;
k141_2025491	7904	No terminal repeats	NA	5	11	0.9610	NA	1	3.4114	Viruses;Varidnaviria;Bamfordvirae;Nucleocytoviricota;Megaviricetes;Algavirales;Phycodnaviridae
k141_311162	3796	No terminal repeats	NA	5	11	0.9610	NA	0	4.8589	Viruses;Duplodnaviria;Heunggongvirae;Uroviricota;Caudoviricetes;;
k141_2048848	4645	No terminal repeats	NA	10	11	0.9610	NA	0	5.0850	Viruses;Duplodnaviria;Heunggongvirae;Uroviricota;Caudoviricetes;;
k141_1337235	5877	No terminal repeats	NA	6	11	0.9609	NA	0	1.7183	Viruses;Varidnaviria;Bamfordvirae;Nucleocytoviricota;Megaviricetes;Algavirales;Phycodnaviridae
k141_1025985	5048	DTR	NA	8	11	0.9609	NA	1	1.4444	Viruses;Duplodnaviria;Heunggongvirae;Uroviricota;Caudoviricetes;;
k141_89872	4757	No terminal repeats	NA	6	11	0.9609	NA	1	9.7602	Viruses;Duplodnaviria;Heunggongvirae;Uroviricota;Caudoviricetes;;
k141_2088907	7066	No terminal repeats	NA	9	11	0.9609	NA	1	3.4366	Viruses;Varidnaviria;Bamfordvirae;Nucleocytoviricota;Megaviricetes;Imitervirales;Mimiviridae
k141_961845	5389	No terminal repeats	NA	5	11	0.9609	NA	0	2.7276	Viruses;Varidnaviria;Bamfordvirae;Nucleocytoviricota;Megaviricetes;Imitervirales;Mimiviridae
k141_751466	3656	No terminal repeats	NA	8	11	0.9609	NA	0	2.7115	Viruses;Duplodnaviria;Heunggongvirae;Uroviricota;Caudoviricetes;;Zobellviridae
k141_199524	3928	No terminal repeats	NA	5	11	0.9608	NA	0	3.4366	Unclassified
k141_2162526	3936	No terminal repeats	NA	9	11	0.9608	NA	0	2.7338	Viruses;Duplodnaviria;Heunggongvirae;Uroviricota;Caudoviricetes;;
k141_99010	5363	No terminal repeats	NA	8	11	0.9607	NA	0	4.4850	Viruses;Duplodnaviria;Heunggongvirae;Uroviricota;Caudoviricetes;;Herelleviridae
k141_705873	6700	No terminal repeats	NA	14	11	0.9607	NA	0	6.2843	Viruses;Duplodnaviria;Heunggongvirae;Uroviricota;Caudoviricetes;;
k141_659994	81620	No terminal repeats	NA	110	11	0.9607	NA	9	54.7117	Viruses;Duplodnaviria;Heunggongvirae;Uroviricota;Caudoviricetes;;
k141_202550	2888	No terminal repeats	NA	4	11	0.9607	NA	0	4.9199	Viruses;Duplodnaviria;Heunggongvirae;Uroviricota;Caudoviricetes;;
k141_547209	9399	No terminal repeats	NA	12	11	0.9607	NA	0	5.0710	Viruses;Duplodnaviria;Heunggongvirae;Uroviricota;Caudoviricetes;;
k141_382655	4808	No terminal repeats	NA	7	11	0.9607	NA	0	3.4366	Viruses;Duplodnaviria;Heunggongvirae;Uroviricota;Caudoviricetes;;
k141_501848	5853	No terminal repeats	NA	9	11	0.9606	NA	0	3.3206	Viruses;Duplodnaviria;Heunggongvirae;Uroviricota;Caudoviricetes;;
k141_1448919	5775	No terminal repeats	NA	9	11	0.9605	NA	1	3.8653	Viruses;Duplodnaviria;Heunggongvirae;Uroviricota;Caudoviricetes;;
k141_2039907	8731	No terminal repeats	NA	9	11	0.9605	NA	0	4.4188	Viruses;Duplodnaviria;Heunggongvirae;Uroviricota;Caudoviricetes;;
k141_2071513	9382	No terminal repeats	NA	12	11	0.9605	NA	0	9.9434	Viruses;Varidnaviria;Bamfordvirae;Nucleocytoviricota;Megaviricetes;Algavirales;Phycodnaviridae
k141_1223756	4617	No terminal repeats	NA	5	11	0.9604	NA	0	1.7183	Unclassified
k141_2318857	3717	No terminal repeats	NA	9	11	0.9604	NA	1	4.6537	Viruses;Duplodnaviria;Heunggongvirae;Uroviricota;Caudoviricetes;;
k141_517069	8482	No terminal repeats	NA	12	11	0.9603	NA	0	3.3983	Viruses;Varidnaviria;Bamfordvirae;Nucleocytoviricota;Megaviricetes;Imitervirales;Mimiviridae
k141_893390	8114	No terminal repeats	NA	10	11	0.9603	NA	0	3.4366	Viruses;Varidnaviria;Bamfordvirae;Nucleocytoviricota;Megaviricetes;;
k141_761809	6873	No terminal repeats	NA	6	11	0.9603	NA	1	1.7183	Viruses;Varidnaviria;Bamfordvirae;Nucleocytoviricota;Megaviricetes;Imitervirales;
k141_1535620	4056	No terminal repeats	NA	6	11	0.9603	NA	0	3.3494	Viruses;Varidnaviria;Bamfordvirae;Nucleocytoviricota;Megaviricetes;Imitervirales;Mimiviridae
k141_658614	9022	No terminal repeats	NA	11	11	0.9602	NA	1	13.8199	Viruses;Duplodnaviria;Heunggongvirae;Uroviricota;Caudoviricetes;;
k141_2222123	8075	No terminal repeats	NA	18	11	0.9602	NA	1	18.2171	Viruses;Duplodnaviria;Heunggongvirae;Uroviricota;Caudoviricetes;;
k141_1082424	7531	No terminal repeats	NA	10	11	0.9602	NA	1	8.5893	Viruses;Varidnaviria;Bamfordvirae;Nucleocytoviricota;Megaviricetes;Imitervirales;Mimiviridae
k141_2089806	9024	No terminal repeats	NA	10	11	0.9602	NA	1	6.3430	Viruses;Varidnaviria;Bamfordvirae;Nucleocytoviricota;Megaviricetes;Algavirales;Phycodnaviridae
k141_1798354	4244	No terminal repeats	NA	5	11	0.9602	NA	0	3.4231	Viruses;Varidnaviria;Bamfordvirae;Nucleocytoviricota;Megaviricetes;Imitervirales;
k141_1390080	6650	No terminal repeats	NA	11	11	0.9601	NA	0	10.3097	Viruses;Varidnaviria;Bamfordvirae;Nucleocytoviricota;Megaviricetes;Algavirales;Phycodnaviridae
k141_1118965	4167	No terminal repeats	NA	5	11	0.9601	NA	0	3.4366	Unclassified
k141_1606988	4228	No terminal repeats	NA	6	11	0.9599	NA	0	6.8731	Viruses;Varidnaviria;Bamfordvirae;Nucleocytoviricota;Megaviricetes;Imitervirales;Mimiviridae
k141_494738	9447	No terminal repeats	NA	18	11	0.9599	NA	1	11.0280	Viruses;Duplodnaviria;Heunggongvirae;Uroviricota;Caudoviricetes;;
k141_1530435	6326	No terminal repeats	NA	7	11	0.9597	NA	0	1.7183	Viruses;Varidnaviria;Bamfordvirae;Nucleocytoviricota;Megaviricetes;Imitervirales;Mimiviridae
k141_1375831	8996	No terminal repeats	NA	11	11	0.9597	NA	0	1.7183	Viruses;Varidnaviria;Bamfordvirae;Nucleocytoviricota;Megaviricetes;Algavirales;Phycodnaviridae
k141_188112	7298	No terminal repeats	NA	16	11	0.9597	NA	0	7.4806	Viruses;Duplodnaviria;Heunggongvirae;Uroviricota;Caudoviricetes;;
k141_1654072	3452	No terminal repeats	NA	5	11	0.9596	NA	0	3.4235	Viruses;Varidnaviria;Bamfordvirae;Nucleocytoviricota;Megaviricetes;Imitervirales;Mimiviridae
k141_2182641	4365	No terminal repeats	NA	5	11	0.9596	NA	0	3.1529	Viruses;Duplodnaviria;Heunggongvirae;Uroviricota;Caudoviricetes;;
k141_1899471	7077	No terminal repeats	NA	13	11	0.9596	NA	0	19.4606	Viruses;Duplodnaviria;Heunggongvirae;Uroviricota;Caudoviricetes;;
k141_2045612	8519	No terminal repeats	NA	11	11	0.9596	NA	0	4.6522	Viruses;Varidnaviria;Bamfordvirae;Nucleocytoviricota;Megaviricetes;Imitervirales;
k141_1598528	4606	No terminal repeats	NA	9	11	0.9595	NA	0	5.1060	Viruses;Duplodnaviria;Heunggongvirae;Uroviricota;Caudoviricetes;;
k141_1094409	8784	No terminal repeats	NA	18	11	0.9595	NA	2	15.5542	Viruses;Duplodnaviria;Heunggongvirae;Uroviricota;Caudoviricetes;;
k141_2381965	3781	No terminal repeats	NA	6	11	0.9595	NA	3	8.0737	Viruses;Duplodnaviria;Heunggongvirae;Uroviricota;Caudoviricetes;;
k141_1920023	9482	No terminal repeats	NA	23	11	0.9594	NA	0	8.9669	Viruses;Duplodnaviria;Heunggongvirae;Uroviricota;Caudoviricetes;;
k141_2387590	5745	No terminal repeats	NA	18	11	0.9594	NA	0	9.1035	Viruses;Duplodnaviria;Heunggongvirae;Uroviricota;Caudoviricetes;;
k141_194431	5116	No terminal repeats	NA	8	11	0.9594	NA	0	3.1710	Viruses;Varidnaviria;Bamfordvirae;Nucleocytoviricota;Megaviricetes;;
k141_1273287	5845	No terminal repeats	NA	5	11	0.9594	NA	1	1.7183	Viruses;Varidnaviria;Bamfordvirae;Nucleocytoviricota;Megaviricetes;Imitervirales;Mimiviridae
k141_324737	6545	No terminal repeats	NA	7	11	0.9593	NA	0	5.0944	Viruses;Varidnaviria;Bamfordvirae;Nucleocytoviricota;Megaviricetes;Imitervirales;Mimiviridae
k141_2066996	4948	No terminal repeats	NA	7	11	0.9593	NA	1	1.7183	Viruses;Duplodnaviria;Heunggongvirae;Uroviricota;Caudoviricetes;;
k141_1233493	6148	No terminal repeats	NA	17	11	0.9593	NA	0	1.4855	Viruses;Duplodnaviria;Heunggongvirae;Uroviricota;Caudoviricetes;;
k141_1306132	9479	No terminal repeats	NA	10	11	0.9592	NA	0	10.0224	Viruses;Duplodnaviria;Heunggongvirae;Uroviricota;Caudoviricetes;;
k141_879228	6599	No terminal repeats	NA	9	11	0.9592	NA	0	4.8830	Viruses;Duplodnaviria;Heunggongvirae;Uroviricota;Caudoviricetes;;
k141_1840174	5131	No terminal repeats	NA	5	11	0.9591	NA	1	5.1548	Viruses;Varidnaviria;Bamfordvirae;Nucleocytoviricota;Megaviricetes;Imitervirales;
k141_489758	5091	No terminal repeats	NA	8	11	0.9591	NA	0	2.5581	Viruses;Duplodnaviria;Heunggongvirae;Uroviricota;Caudoviricetes;;
k141_581165	5130	No terminal repeats	NA	12	11	0.9591	NA	0	8.7934	Viruses;Duplodnaviria;Heunggongvirae;Uroviricota;Caudoviricetes;;
k141_1714814	6601	No terminal repeats	NA	8	11	0.9591	NA	0	1.7042	Viruses;Varidnaviria;Bamfordvirae;Nucleocytoviricota;Megaviricetes;Imitervirales;Mimiviridae
k141_2357225	7115	No terminal repeats	NA	11	11	0.9591	NA	0	9.3839	Viruses;Duplodnaviria;Heunggongvirae;Uroviricota;Caudoviricetes;;
k141_910629	4480	No terminal repeats	NA	7	11	0.9590	NA	0	1.7183	Viruses;Varidnaviria;Bamfordvirae;Nucleocytoviricota;Megaviricetes;Algavirales;Phycodnaviridae
k141_1090894	3737	No terminal repeats	NA	5	11	0.9590	NA	0	4.3839	Viruses;Duplodnaviria;Heunggongvirae;Uroviricota;Caudoviricetes;;
k141_1791671	5790	No terminal repeats	NA	7	11	0.9590	NA	0	5.1548	Viruses;Varidnaviria;Bamfordvirae;Nucleocytoviricota;Megaviricetes;Imitervirales;Mimiviridae
k141_1005267	5744	No terminal repeats	NA	5	11	0.9589	NA	0	1.7183	Viruses;Duplodnaviria;Heunggongvirae;Uroviricota;Caudoviricetes;;
k141_79419	4637	No terminal repeats	NA	8	11	0.9588	NA	0	5.1308	Viruses;Varidnaviria;Bamfordvirae;Nucleocytoviricota;Megaviricetes;Algavirales;Phycodnaviridae
k141_206115	6680	No terminal repeats	NA	6	11	0.9587	NA	0	1.7183	Viruses;Duplodnaviria;Heunggongvirae;Uroviricota;Caudoviricetes;;
k141_1875355	8230	No terminal repeats	NA	7	11	0.9587	NA	0	6.8731	Viruses;Varidnaviria;Bamfordvirae;Nucleocytoviricota;Megaviricetes;Algavirales;Phycodnaviridae
k141_2093362	5421	No terminal repeats	NA	8	11	0.9587	NA	0	8.5914	Viruses;Varidnaviria;Bamfordvirae;Nucleocytoviricota;Megaviricetes;Algavirales;Phycodnaviridae
k141_1962524	4243	No terminal repeats	NA	5	11	0.9587	NA	0	2.9727	Viruses;Varidnaviria;Bamfordvirae;Nucleocytoviricota;Megaviricetes;Algavirales;Phycodnaviridae
k141_1672354	9071	No terminal repeats	NA	11	11	0.9586	NA	0	6.3200	Viruses;Varidnaviria;Bamfordvirae;Nucleocytoviricota;Megaviricetes;Imitervirales;Allomimiviridae
k141_448579	5135	No terminal repeats	NA	9	11	0.9585	NA	0	1.7183	Viruses;Duplodnaviria;Heunggongvirae;Uroviricota;Caudoviricetes;;
k141_779661	3906	No terminal repeats	NA	8	11	0.9585	NA	0	4.9861	Viruses;Duplodnaviria;Heunggongvirae;Uroviricota;Caudoviricetes;;
k141_195551	4000	No terminal repeats	NA	8	11	0.9585	NA	0	2.7115	Viruses;Duplodnaviria;Heunggongvirae;Uroviricota;Caudoviricetes;;Zobellviridae
k141_290633	4608	No terminal repeats	NA	7	11	0.9584	NA	1	9.8671	Viruses;Duplodnaviria;Heunggongvirae;Uroviricota;Caudoviricetes;;
k141_1289037	2575	No terminal repeats	NA	4	11	0.9584	NA	0	3.4168	Viruses;Varidnaviria;Bamfordvirae;Nucleocytoviricota;Megaviricetes;Algavirales;Phycodnaviridae
k141_878816	7231	No terminal repeats	NA	6	11	0.9584	NA	0	1.6311	Viruses;Varidnaviria;Bamfordvirae;Nucleocytoviricota;Megaviricetes;Imitervirales;Mimiviridae
k141_1457428	6088	No terminal repeats	NA	10	11	0.9584	NA	0	11.8778	Viruses;Duplodnaviria;Heunggongvirae;Uroviricota;Caudoviricetes;;
k141_1189682	7855	No terminal repeats	NA	7	11	0.9583	NA	2	3.4366	Viruses;Varidnaviria;Bamfordvirae;Nucleocytoviricota;Megaviricetes;Algavirales;Phycodnaviridae
k141_1202329	4862	No terminal repeats	NA	6	11	0.9583	NA	0	1.7183	Viruses;Varidnaviria;Bamfordvirae;Nucleocytoviricota;Megaviricetes;Algavirales;Phycodnaviridae
k141_2392001	4770	No terminal repeats	NA	5	11	0.9583	NA	1	6.8731	Viruses;Duplodnaviria;Heunggongvirae;Uroviricota;Caudoviricetes;;
k141_1256403	7693	No terminal repeats	NA	15	11	0.9583	NA	0	11.5926	Viruses;Duplodnaviria;Heunggongvirae;Uroviricota;Caudoviricetes;;
k141_642357	5006	No terminal repeats	NA	7	11	0.9583	NA	0	3.4282	Viruses;Duplodnaviria;Heunggongvirae;Uroviricota;Caudoviricetes;;
k141_314425	8065	No terminal repeats	NA	11	11	0.9583	NA	1	5.1296	Viruses;Varidnaviria;Bamfordvirae;Nucleocytoviricota;Megaviricetes;Algavirales;Phycodnaviridae
k141_305420	9167	No terminal repeats	NA	10	11	0.9581	NA	1	2.8251	Viruses;Duplodnaviria;Heunggongvirae;Uroviricota;Caudoviricetes;;
k141_129929	156096	No terminal repeats	NA	168	11	0.9581	NA	4	43.2279	Viruses;Duplodnaviria;Heunggongvirae;Uroviricota;Caudoviricetes;;
k141_1034200	4712	No terminal repeats	NA	7	11	0.9580	NA	1	4.2410	Viruses;Duplodnaviria;Heunggongvirae;Uroviricota;Caudoviricetes;;
k141_338782	8768	No terminal repeats	NA	11	11	0.9579	NA	0	1.7183	Viruses;Varidnaviria;Bamfordvirae;Nucleocytoviricota;Megaviricetes;Algavirales;Phycodnaviridae
k141_443758	6634	No terminal repeats	NA	5	11	0.9579	NA	0	1.7183	Viruses;Varidnaviria;Bamfordvirae;Nucleocytoviricota;Megaviricetes;Algavirales;Phycodnaviridae
k141_288908	6251	No terminal repeats	NA	6	11	0.9579	NA	0	6.8731	Viruses;Varidnaviria;Bamfordvirae;Nucleocytoviricota;Megaviricetes;Imitervirales;Schizomimiviridae
k141_889901	7877	No terminal repeats	NA	10	11	0.9578	NA	2	4.6064	Viruses;Duplodnaviria;Heunggongvirae;Uroviricota;Caudoviricetes;;Herelleviridae
k141_664296	4418	No terminal repeats	NA	10	11	0.9578	NA	0	2.6236	Viruses;Duplodnaviria;Heunggongvirae;Uroviricota;Caudoviricetes;;Drexlerviridae
k141_1373807	6017	No terminal repeats	NA	5	11	0.9578	NA	0	3.1878	Viruses;Varidnaviria;Bamfordvirae;Nucleocytoviricota;Megaviricetes;Algavirales;Phycodnaviridae
k141_649410	6366	No terminal repeats	NA	8	11	0.9578	NA	0	1.5247	Viruses;Duplodnaviria;Heunggongvirae;Uroviricota;Caudoviricetes;;Drexlerviridae
k141_392674	4166	No terminal repeats	NA	7	11	0.9578	NA	0	2.8186	Viruses;Duplodnaviria;Heunggongvirae;Uroviricota;Caudoviricetes;;
k141_2161746	188576	DTR	NA	221	11	0.9577	NA	5	73.5722	Viruses;Duplodnaviria;Heunggongvirae;Uroviricota;Caudoviricetes;;
k141_11376	2681	No terminal repeats	NA	4	11	0.9577	NA	0	3.4342	Viruses;Varidnaviria;Bamfordvirae;Nucleocytoviricota;Megaviricetes;;
k141_470595	43365	No terminal repeats	NA	74	11	0.9577	NA	5	33.1391	Viruses;Duplodnaviria;Heunggongvirae;Uroviricota;Caudoviricetes;;
k141_303431	7413	No terminal repeats	NA	7	11	0.9577	NA	0	3.4302	Viruses;Varidnaviria;Bamfordvirae;Nucleocytoviricota;Megaviricetes;Imitervirales;Mimiviridae
k141_1960461	8106	No terminal repeats	NA	6	11	0.9577	NA	0	1.7183	Viruses;Duplodnaviria;Heunggongvirae;Uroviricota;Caudoviricetes;;
k141_2154554	4751	No terminal repeats	NA	11	11	0.9577	NA	2	4.6727	Viruses;Duplodnaviria;Heunggongvirae;Uroviricota;Caudoviricetes;;
k141_1669583	4593	No terminal repeats	NA	6	11	0.9576	NA	0	1.7159	Viruses;Varidnaviria;Bamfordvirae;Nucleocytoviricota;Megaviricetes;Imitervirales;
k141_1961911	3644	No terminal repeats	NA	6	11	0.9576	NA	0	1.7183	Viruses;Varidnaviria;Bamfordvirae;Nucleocytoviricota;Megaviricetes;Imitervirales;Mimiviridae
k141_1716723	4095	No terminal repeats	NA	8	11	0.9575	NA	2	4.4134	Viruses;Duplodnaviria;Heunggongvirae;Uroviricota;Caudoviricetes;;
k141_1020462	3999	No terminal repeats	NA	5	11	0.9574	NA	0	1.7118	Viruses;Varidnaviria;Bamfordvirae;Nucleocytoviricota;Megaviricetes;Imitervirales;Allomimiviridae
k141_2109567	4775	No terminal repeats	NA	6	11	0.9574	NA	0	2.8181	Viruses;Duplodnaviria;Heunggongvirae;Uroviricota;Caudoviricetes;;
k141_332229	4459	No terminal repeats	NA	5	11	0.9574	NA	0	1.7121	Viruses;Varidnaviria;Bamfordvirae;Nucleocytoviricota;Megaviricetes;Imitervirales;Mimiviridae
k141_1163978	4936	No terminal repeats	NA	5	11	0.9573	NA	0	1.7183	Viruses;Varidnaviria;Bamfordvirae;Nucleocytoviricota;Megaviricetes;Imitervirales;Mimiviridae
k141_1973470	4718	No terminal repeats	NA	12	11	0.9571	NA	0	4.8074	Viruses;Duplodnaviria;Heunggongvirae;Uroviricota;Caudoviricetes;;Demerecviridae
k141_1744467	7076	No terminal repeats	NA	11	11	0.9571	NA	0	7.8908	Viruses;Duplodnaviria;Heunggongvirae;Uroviricota;Caudoviricetes;;Kyanoviridae
k141_1744620	4074	No terminal repeats	NA	6	11	0.9571	NA	0	6.8673	Viruses;Duplodnaviria;Heunggongvirae;Uroviricota;Caudoviricetes;;
k141_2377109	5193	No terminal repeats	NA	5	11	0.9571	NA	0	1.7183	Viruses;Varidnaviria;Bamfordvirae;Nucleocytoviricota;Megaviricetes;Imitervirales;Mimiviridae
k141_796179	3660	No terminal repeats	NA	6	11	0.9570	NA	1	1.7183	Viruses;Varidnaviria;Bamfordvirae;Nucleocytoviricota;Megaviricetes;Imitervirales;
k141_1212348	4495	No terminal repeats	NA	10	11	0.9570	NA	1	6.0807	Viruses;Duplodnaviria;Heunggongvirae;Uroviricota;Caudoviricetes;;
k141_1428327	7576	No terminal repeats	NA	8	11	0.9570	NA	0	4.4358	Viruses;Varidnaviria;Bamfordvirae;Nucleocytoviricota;Megaviricetes;Algavirales;Phycodnaviridae
k141_126473	5433	No terminal repeats	NA	7	11	0.9569	NA	0	1.3766	Unclassified
k141_1449717	4523	No terminal repeats	NA	5	11	0.9569	NA	1	3.4366	Viruses;Varidnaviria;Bamfordvirae;Nucleocytoviricota;Megaviricetes;Algavirales;Phycodnaviridae
k141_1886108	3901	No terminal repeats	NA	8	11	0.9568	NA	1	6.6798	Viruses;Duplodnaviria;Heunggongvirae;Uroviricota;Caudoviricetes;;
k141_751333	4529	No terminal repeats	NA	6	11	0.9568	NA	1	5.0755	Viruses;Duplodnaviria;Heunggongvirae;Uroviricota;Caudoviricetes;;
k141_498064	6528	No terminal repeats	NA	15	11	0.9567	NA	0	7.7185	Viruses;Duplodnaviria;Heunggongvirae;Uroviricota;Caudoviricetes;;
k141_2067346	5941	No terminal repeats	NA	7	11	0.9567	NA	0	1.7020	Unclassified
k141_2321481	5673	No terminal repeats	NA	6	11	0.9567	NA	1	10.3097	Viruses;Duplodnaviria;Heunggongvirae;Uroviricota;Caudoviricetes;;
k141_1524685	4077	No terminal repeats	NA	6	11	0.9567	NA	0	1.7183	Unclassified
k141_1670970	5293	No terminal repeats	NA	7	11	0.9567	NA	0	5.8806	Viruses;Duplodnaviria;Heunggongvirae;Uroviricota;Caudoviricetes;;
k141_1540122	7658	No terminal repeats	NA	6	11	0.9566	NA	2	5.1396	Viruses;;;;;;
k141_261866	7336	No terminal repeats	NA	11	11	0.9566	NA	1	7.3965	Viruses;Duplodnaviria;Heunggongvirae;Uroviricota;Caudoviricetes;;
k141_12776	3601	No terminal repeats	NA	5	11	0.9565	NA	0	3.4366	Unclassified
k141_595671	4576	No terminal repeats	NA	5	11	0.9565	NA	0	3.4366	Viruses;Varidnaviria;Bamfordvirae;Nucleocytoviricota;Megaviricetes;Imitervirales;
k141_836568	4803	No terminal repeats	NA	5	11	0.9565	NA	1	6.5744	Viruses;Duplodnaviria;Heunggongvirae;Uroviricota;Caudoviricetes;;
k141_2205153	5245	No terminal repeats	NA	5	11	0.9564	NA	1	3.3518	Viruses;Duplodnaviria;Heunggongvirae;Uroviricota;Caudoviricetes;;
k141_370044	4068	No terminal repeats	NA	7	11	0.9563	NA	0	3.2608	Viruses;Varidnaviria;Bamfordvirae;Nucleocytoviricota;Megaviricetes;Algavirales;Phycodnaviridae
k141_593693	4179	No terminal repeats	NA	6	11	0.9563	NA	0	9.5817	Viruses;Varidnaviria;Bamfordvirae;Nucleocytoviricota;Megaviricetes;Imitervirales;Allomimiviridae
k141_325362	5505	No terminal repeats	NA	9	11	0.9562	NA	0	1.7183	Viruses;Varidnaviria;Bamfordvirae;Nucleocytoviricota;Megaviricetes;Algavirales;Phycodnaviridae
k141_372090	8652	No terminal repeats	NA	15	11	0.9562	NA	2	13.3453	Viruses;Varidnaviria;Bamfordvirae;Nucleocytoviricota;Megaviricetes;Imitervirales;Mimiviridae
k141_1544053	4874	No terminal repeats	NA	9	11	0.9562	NA	1	4.0360	Viruses;Duplodnaviria;Heunggongvirae;Uroviricota;Caudoviricetes;;
k141_2077682	4580	No terminal repeats	NA	11	11	0.9560	NA	2	9.6329	Viruses;Duplodnaviria;Heunggongvirae;Uroviricota;Caudoviricetes;;
k141_585001	4907	No terminal repeats	NA	6	11	0.9560	NA	0	6.8731	Viruses;Duplodnaviria;Heunggongvirae;Uroviricota;Caudoviricetes;;Ackermannviridae
k141_2403366	4715	No terminal repeats	NA	8	11	0.9559	NA	0	1.7183	Unclassified
k141_8292	4630	No terminal repeats	NA	6	11	0.9559	NA	0	1.7183	Viruses;Varidnaviria;Bamfordvirae;Nucleocytoviricota;Megaviricetes;Imitervirales;Mimiviridae
k141_1560126	6809	No terminal repeats	NA	14	11	0.9558	NA	0	2.7940	Viruses;Duplodnaviria;Heunggongvirae;Uroviricota;Caudoviricetes;;
k141_15546	6071	No terminal repeats	NA	8	11	0.9558	NA	0	9.4009	Viruses;Duplodnaviria;Heunggongvirae;Uroviricota;Caudoviricetes;;
k141_2029207	9358	No terminal repeats	NA	15	11	0.9558	NA	2	9.2824	Viruses;Duplodnaviria;Heunggongvirae;Uroviricota;Caudoviricetes;;
k141_722412	3999	No terminal repeats	NA	7	11	0.9557	NA	0	2.9489	Viruses;Varidnaviria;Bamfordvirae;Nucleocytoviricota;Megaviricetes;;
k141_534780	8701	No terminal repeats	NA	17	11	0.9557	NA	0	2.5111	Viruses;Duplodnaviria;Heunggongvirae;Uroviricota;Caudoviricetes;;
k141_1947972	6838	No terminal repeats	NA	10	11	0.9557	NA	0	8.5914	Viruses;Varidnaviria;Bamfordvirae;Nucleocytoviricota;Megaviricetes;Imitervirales;Mimiviridae
k141_2162940	3889	No terminal repeats	NA	12	11	0.9556	NA	0	1.6279	Viruses;Duplodnaviria;Heunggongvirae;Uroviricota;Caudoviricetes;;
k141_392446	8254	No terminal repeats	NA	7	11	0.9556	NA	0	6.4780	Viruses;Varidnaviria;Bamfordvirae;Nucleocytoviricota;Megaviricetes;Algavirales;Phycodnaviridae
k141_1848252	6839	No terminal repeats	NA	10	11	0.9555	NA	0	12.6086	Viruses;Duplodnaviria;Heunggongvirae;Uroviricota;Caudoviricetes;;
k141_1168912	5122	No terminal repeats	NA	6	11	0.9555	NA	0	1.7183	Unclassified
k141_2222284	5206	No terminal repeats	NA	6	11	0.9554	NA	0	4.9608	Viruses;Duplodnaviria;Heunggongvirae;Uroviricota;Caudoviricetes;;
k141_1608021	5220	No terminal repeats	NA	17	11	0.9554	NA	0	6.8694	Viruses;Duplodnaviria;Heunggongvirae;Uroviricota;Caudoviricetes;;
k141_1115905	3928	No terminal repeats	NA	8	11	0.9554	NA	1	5.1548	Viruses;Varidnaviria;Bamfordvirae;Nucleocytoviricota;Megaviricetes;Algavirales;Phycodnaviridae
k141_145363	4676	No terminal repeats	NA	4	11	0.9554	NA	0	3.0094	Viruses;Duplodnaviria;Heunggongvirae;Uroviricota;Caudoviricetes;;
k141_656335	4412	No terminal repeats	NA	6	11	0.9554	NA	0	1.6579	Viruses;Varidnaviria;Bamfordvirae;Nucleocytoviricota;Megaviricetes;Imitervirales;Mimiviridae
k141_1499618	3642	No terminal repeats	NA	5	11	0.9554	NA	0	1.7183	Viruses;Varidnaviria;Bamfordvirae;Nucleocytoviricota;Megaviricetes;;
k141_57400	5887	No terminal repeats	NA	16	11	0.9553	NA	0	3.4366	Viruses;Duplodnaviria;Heunggongvirae;Uroviricota;Caudoviricetes;;
k141_506149	5112	No terminal repeats	NA	9	11	0.9553	NA	2	11.6766	Viruses;Duplodnaviria;Heunggongvirae;Uroviricota;Caudoviricetes;;
k141_906197	6386	No terminal repeats	NA	6	11	0.9553	NA	0	1.3469	Viruses;Varidnaviria;Bamfordvirae;Nucleocytoviricota;Megaviricetes;Algavirales;Phycodnaviridae
k141_605306	7044	No terminal repeats	NA	11	11	0.9552	NA	0	1.7183	Viruses;Varidnaviria;Bamfordvirae;Nucleocytoviricota;Megaviricetes;;
k141_282603	9273	No terminal repeats	NA	10	11	0.9552	NA	0	3.3741	Viruses;Varidnaviria;Bamfordvirae;Nucleocytoviricota;Megaviricetes;Imitervirales;Mimiviridae
k141_1834844	5188	No terminal repeats	NA	6	11	0.9552	NA	0	3.6685	Viruses;Duplodnaviria;Heunggongvirae;Uroviricota;Caudoviricetes;;
k141_2270461	9579	No terminal repeats	NA	16	11	0.9551	NA	0	6.8240	Viruses;Duplodnaviria;Heunggongvirae;Uroviricota;Caudoviricetes;;
k141_1187534	5666	No terminal repeats	NA	7	11	0.9551	NA	0	2.4118	Viruses;Varidnaviria;Bamfordvirae;Nucleocytoviricota;Megaviricetes;Imitervirales;Schizomimiviridae
k141_997033	3612	No terminal repeats	NA	7	11	0.9550	NA	0	9.8297	Viruses;Duplodnaviria;Heunggongvirae;Uroviricota;Caudoviricetes;;Stanwilliamsviridae
k141_395969	3516	No terminal repeats	NA	5	11	0.9550	NA	0	3.4366	Viruses;Duplodnaviria;Heunggongvirae;Uroviricota;Caudoviricetes;;
k141_658679	6559	No terminal repeats	NA	16	11	0.9550	NA	0	7.7082	Viruses;Duplodnaviria;Heunggongvirae;Uroviricota;Caudoviricetes;;
k141_435747	6879	No terminal repeats	NA	8	11	0.9550	NA	0	3.2425	Viruses;;;;;;
k141_1025802	6044	No terminal repeats	NA	14	11	0.9550	NA	1	9.1518	Viruses;Duplodnaviria;Heunggongvirae;Uroviricota;Caudoviricetes;;
k141_188677	5358	No terminal repeats	NA	7	11	0.9548	NA	0	5.1548	Viruses;Varidnaviria;Bamfordvirae;Nucleocytoviricota;Megaviricetes;Imitervirales;
k141_1291369	3769	No terminal repeats	NA	8	11	0.9548	NA	2	4.6371	Viruses;Duplodnaviria;Heunggongvirae;Uroviricota;Caudoviricetes;;
k141_914147	5130	No terminal repeats	NA	13	11	0.9548	NA	0	6.3979	Viruses;Duplodnaviria;Heunggongvirae;Uroviricota;Caudoviricetes;;
k141_5949	4419	No terminal repeats	NA	11	11	0.9547	NA	0	11.6084	Viruses;Duplodnaviria;Heunggongvirae;Uroviricota;Caudoviricetes;;
k141_1263318	6266	No terminal repeats	NA	6	11	0.9546	NA	0	1.3173	Viruses;Varidnaviria;Bamfordvirae;Nucleocytoviricota;Megaviricetes;Algavirales;Phycodnaviridae
k141_906692	5506	No terminal repeats	NA	6	11	0.9546	NA	0	4.5743	Viruses;Varidnaviria;Bamfordvirae;Nucleocytoviricota;Megaviricetes;Algavirales;Phycodnaviridae
k141_1895183	7903	No terminal repeats	NA	10	11	0.9546	NA	2	13.0212	Viruses;Duplodnaviria;Heunggongvirae;Uroviricota;Caudoviricetes;;
k141_850762	5238	No terminal repeats	NA	8	11	0.9544	NA	0	11.5509	Viruses;Duplodnaviria;Heunggongvirae;Uroviricota;Caudoviricetes;;
k141_1549844	4557	No terminal repeats	NA	13	11	0.9544	NA	0	3.7197	Viruses;Duplodnaviria;Heunggongvirae;Uroviricota;Caudoviricetes;;
k141_2219952	4242	No terminal repeats	NA	7	11	0.9544	NA	0	1.7183	Viruses;Duplodnaviria;Heunggongvirae;Uroviricota;Caudoviricetes;;
k141_329070	8366	No terminal repeats	NA	7	11	0.9544	NA	0	2.5402	Viruses;Duplodnaviria;Heunggongvirae;Uroviricota;Caudoviricetes;;
k141_2085788	8954	No terminal repeats	NA	17	11	0.9543	NA	2	20.0948	Viruses;Duplodnaviria;Heunggongvirae;Uroviricota;Caudoviricetes;;
k141_112980	9699	No terminal repeats	NA	13	11	0.9541	NA	0	10.3097	Viruses;Varidnaviria;Bamfordvirae;Nucleocytoviricota;Megaviricetes;Algavirales;Phycodnaviridae
k141_1680676	9587	No terminal repeats	NA	8	11	0.9541	NA	1	5.1548	Viruses;Varidnaviria;Bamfordvirae;Nucleocytoviricota;Megaviricetes;Imitervirales;Mimiviridae
k141_308940	4645	No terminal repeats	NA	6	11	0.9541	NA	1	4.5149	Viruses;Duplodnaviria;Heunggongvirae;Uroviricota;Caudoviricetes;;
k141_1532063	3656	No terminal repeats	NA	5	11	0.9540	NA	1	3.4366	Viruses;Varidnaviria;Bamfordvirae;Nucleocytoviricota;Megaviricetes;Algavirales;Phycodnaviridae
k141_1788990	7979	No terminal repeats	NA	6	11	0.9540	NA	0	4.8893	Viruses;Varidnaviria;Bamfordvirae;Nucleocytoviricota;Megaviricetes;Imitervirales;Mimiviridae
k141_57605	5922	No terminal repeats	NA	6	11	0.9540	NA	0	1.4578	Viruses;Duplodnaviria;Heunggongvirae;Uroviricota;Caudoviricetes;;
k141_581775	7085	No terminal repeats	NA	8	11	0.9540	NA	0	3.0367	Viruses;Duplodnaviria;Heunggongvirae;Uroviricota;Caudoviricetes;;Straboviridae
k141_509411	6623	No terminal repeats	NA	9	11	0.9540	NA	0	5.0732	Viruses;Varidnaviria;Bamfordvirae;Nucleocytoviricota;Megaviricetes;Imitervirales;Mimiviridae
k141_1284790	5522	No terminal repeats	NA	9	11	0.9539	NA	0	3.4366	Unclassified
k141_1429174	3984	No terminal repeats	NA	7	11	0.9539	NA	0	5.2793	Viruses;Duplodnaviria;Heunggongvirae;Uroviricota;Caudoviricetes;;
k141_1079829	9047	No terminal repeats	NA	13	11	0.9539	NA	3	15.2561	Viruses;Duplodnaviria;Heunggongvirae;Uroviricota;Caudoviricetes;;
k141_1812693	8630	No terminal repeats	NA	7	11	0.9538	NA	0	5.0745	Viruses;Duplodnaviria;Heunggongvirae;Uroviricota;Caudoviricetes;;
k141_1742982	4661	No terminal repeats	NA	5	11	0.9538	NA	1	4.7966	Viruses;Duplodnaviria;Heunggongvirae;Uroviricota;Caudoviricetes;;
k141_2361409	5638	No terminal repeats	NA	5	11	0.9538	NA	0	4.6465	Viruses;Varidnaviria;Bamfordvirae;Nucleocytoviricota;Megaviricetes;;
k141_115931	3732	No terminal repeats	NA	6	11	0.9537	NA	1	5.1548	Viruses;Varidnaviria;Bamfordvirae;Preplasmiviricota;Maveriviricetes;Priklausovirales;
k141_1963988	3642	No terminal repeats	NA	5	11	0.9537	NA	2	5.1548	Viruses;Duplodnaviria;Heunggongvirae;Uroviricota;Caudoviricetes;;
k141_363773	6325	No terminal repeats	NA	9	11	0.9537	NA	0	1.7183	Unclassified
k141_1838253	4083	No terminal repeats	NA	8	11	0.9537	NA	0	3.1295	Viruses;Duplodnaviria;Heunggongvirae;Uroviricota;Caudoviricetes;;
k141_72323	6188	No terminal repeats	NA	8	11	0.9536	NA	3	7.6639	Viruses;Varidnaviria;Bamfordvirae;Nucleocytoviricota;Megaviricetes;Algavirales;Phycodnaviridae
k141_2335265	5117	No terminal repeats	NA	8	11	0.9536	NA	1	3.4150	Viruses;Varidnaviria;Bamfordvirae;Preplasmiviricota;Maveriviricetes;Priklausovirales;
k141_483525	4901	No terminal repeats	NA	6	11	0.9536	NA	1	5.9931	Viruses;Duplodnaviria;Heunggongvirae;Uroviricota;Caudoviricetes;;
k141_24426	4536	No terminal repeats	NA	7	11	0.9536	NA	0	3.0346	Viruses;Duplodnaviria;Heunggongvirae;Uroviricota;Caudoviricetes;;
k141_1366883	4836	No terminal repeats	NA	17	11	0.9535	NA	0	10.3056	Viruses;Duplodnaviria;Heunggongvirae;Uroviricota;Caudoviricetes;;
k141_1328664	4801	No terminal repeats	NA	6	11	0.9534	NA	0	1.7183	Viruses;Varidnaviria;Bamfordvirae;Nucleocytoviricota;Megaviricetes;Algavirales;Phycodnaviridae
k141_192407	7608	No terminal repeats	NA	8	11	0.9533	NA	0	2.9605	Viruses;Varidnaviria;Bamfordvirae;Nucleocytoviricota;Megaviricetes;Imitervirales;Mimiviridae
k141_574070	4343	No terminal repeats	NA	6	11	0.9532	NA	0	2.9958	Viruses;Duplodnaviria;Heunggongvirae;Uroviricota;Caudoviricetes;;
k141_554995	4762	No terminal repeats	NA	7	11	0.9530	NA	0	4.6381	Viruses;Varidnaviria;Bamfordvirae;Nucleocytoviricota;Megaviricetes;Algavirales;Phycodnaviridae
k141_937856	5640	No terminal repeats	NA	6	11	0.9530	NA	0	1.7183	Viruses;Varidnaviria;Bamfordvirae;Preplasmiviricota;Tectiliviricetes;Kalamavirales;Tectiviridae
k141_1337216	9938	No terminal repeats	NA	20	11	0.9530	NA	0	20.6718	Viruses;Duplodnaviria;Heunggongvirae;Uroviricota;Caudoviricetes;;
k141_1546917	3584	No terminal repeats	NA	6	11	0.9529	NA	1	8.3570	Viruses;Duplodnaviria;Heunggongvirae;Uroviricota;Caudoviricetes;;
k141_426187	7926	No terminal repeats	NA	9	11	0.9529	NA	0	1.7183	Viruses;Varidnaviria;Bamfordvirae;Nucleocytoviricota;Megaviricetes;Algavirales;Phycodnaviridae
k141_2012628	7111	No terminal repeats	NA	11	11	0.9528	NA	0	11.1504	Viruses;Duplodnaviria;Heunggongvirae;Uroviricota;Caudoviricetes;;Kyanoviridae
k141_892496	4896	No terminal repeats	NA	7	11	0.9528	NA	2	3.4366	Viruses;Varidnaviria;Bamfordvirae;Nucleocytoviricota;Megaviricetes;Algavirales;Phycodnaviridae
k141_859054	3780	No terminal repeats	NA	10	11	0.9528	NA	1	3.6676	Viruses;Duplodnaviria;Heunggongvirae;Uroviricota;Caudoviricetes;;
k141_1610270	8956	No terminal repeats	NA	8	11	0.9528	NA	2	7.8643	Viruses;Duplodnaviria;Heunggongvirae;Uroviricota;Caudoviricetes;;
k141_1652821	3835	No terminal repeats	NA	5	11	0.9528	NA	2	2.6573	Viruses;Duplodnaviria;Heunggongvirae;Uroviricota;Caudoviricetes;;
k141_1931514	9190	No terminal repeats	NA	11	11	0.9527	NA	0	1.7183	Viruses;Varidnaviria;Bamfordvirae;Nucleocytoviricota;Megaviricetes;Algavirales;Phycodnaviridae
k141_2357183	8251	No terminal repeats	NA	20	11	0.9526	NA	0	24.6107	Viruses;Duplodnaviria;Heunggongvirae;Uroviricota;Caudoviricetes;;
k141_1649709	5780	No terminal repeats	NA	7	11	0.9525	NA	0	3.4062	Viruses;Varidnaviria;Bamfordvirae;Nucleocytoviricota;Megaviricetes;Algavirales;Phycodnaviridae
k141_2223336	5041	No terminal repeats	NA	11	11	0.9525	NA	0	6.8675	Viruses;Duplodnaviria;Heunggongvirae;Uroviricota;Caudoviricetes;;
k141_299480	6871	No terminal repeats	NA	5	11	0.9525	NA	0	3.4366	Viruses;Duplodnaviria;Heunggongvirae;Uroviricota;Caudoviricetes;;Straboviridae
k141_1576837	3900	No terminal repeats	NA	10	11	0.9524	NA	0	1.7183	Viruses;Duplodnaviria;Heunggongvirae;Uroviricota;Caudoviricetes;;Kyanoviridae
k141_879229	7611	No terminal repeats	NA	11	11	0.9524	NA	0	0.3773	Viruses;Varidnaviria;Bamfordvirae;Nucleocytoviricota;Megaviricetes;Algavirales;Phycodnaviridae
k141_2001103	7344	No terminal repeats	NA	9	11	0.9524	NA	0	5.7622	Viruses;Duplodnaviria;Heunggongvirae;Uroviricota;Caudoviricetes;;Kyanoviridae
k141_616032	4577	No terminal repeats	NA	13	11	0.9523	NA	0	5.5482	Viruses;Duplodnaviria;Heunggongvirae;Uroviricota;Caudoviricetes;;
k141_932357	4850	No terminal repeats	NA	8	11	0.9523	NA	0	5.1326	Viruses;Duplodnaviria;Heunggongvirae;Uroviricota;Caudoviricetes;;
k141_2098885	3538	No terminal repeats	NA	6	11	0.9523	NA	0	6.8731	Viruses;Duplodnaviria;Heunggongvirae;Uroviricota;Caudoviricetes;;
k141_810790	7785	No terminal repeats	NA	7	11	0.9523	NA	1	8.5914	Viruses;Varidnaviria;Bamfordvirae;Nucleocytoviricota;Megaviricetes;Imitervirales;Schizomimiviridae
k141_112921	3498	No terminal repeats	NA	7	11	0.9522	NA	1	3.1637	Viruses;Duplodnaviria;Heunggongvirae;Uroviricota;Caudoviricetes;;
k141_1411444	9289	No terminal repeats	NA	13	11	0.9522	NA	0	15.0198	Viruses;Duplodnaviria;Heunggongvirae;Uroviricota;Caudoviricetes;;
k141_2057341	3681	No terminal repeats	NA	5	11	0.9522	NA	0	1.7183	Viruses;Varidnaviria;Bamfordvirae;Nucleocytoviricota;Megaviricetes;Algavirales;Phycodnaviridae
k141_110498	4445	No terminal repeats	NA	8	11	0.9522	NA	2	10.5331	Viruses;Duplodnaviria;Heunggongvirae;Uroviricota;Caudoviricetes;;
k141_509850	6071	No terminal repeats	NA	12	11	0.9520	NA	1	3.4366	Viruses;Duplodnaviria;Heunggongvirae;Uroviricota;Caudoviricetes;;
k141_156896	6797	No terminal repeats	NA	6	11	0.9519	NA	0	6.5345	Viruses;Duplodnaviria;Heunggongvirae;Uroviricota;Caudoviricetes;;
k141_1193720	3982	No terminal repeats	NA	9	11	0.9519	NA	0	4.7303	Viruses;Duplodnaviria;Heunggongvirae;Uroviricota;Caudoviricetes;;
k141_1894105	5579	No terminal repeats	NA	8	11	0.9518	NA	1	2.8100	Viruses;Varidnaviria;Bamfordvirae;Nucleocytoviricota;Megaviricetes;Imitervirales;Mimiviridae
k141_2242308	9412	No terminal repeats	NA	17	11	0.9517	NA	0	21.1342	Viruses;Duplodnaviria;Heunggongvirae;Uroviricota;Caudoviricetes;;
k141_1965440	5083	No terminal repeats	NA	7	11	0.9517	NA	0	1.7183	Viruses;Varidnaviria;Bamfordvirae;Nucleocytoviricota;Megaviricetes;Imitervirales;Mimiviridae
k141_724573	4497	No terminal repeats	NA	9	11	0.9517	NA	0	4.1102	Viruses;Duplodnaviria;Heunggongvirae;Uroviricota;Caudoviricetes;;
k141_2007474	6979	No terminal repeats	NA	10	11	0.9517	NA	0	4.7309	Viruses;Duplodnaviria;Heunggongvirae;Uroviricota;Caudoviricetes;;
k141_2016864	5306	No terminal repeats	NA	7	11	0.9517	NA	2	2.9076	Viruses;Duplodnaviria;Heunggongvirae;Uroviricota;Caudoviricetes;;
k141_1147033	4724	No terminal repeats	NA	9	11	0.9517	NA	0	8.5739	Unclassified
k141_1371012	8790	No terminal repeats	NA	11	11	0.9517	NA	0	1.4563	Viruses;Varidnaviria;Bamfordvirae;Nucleocytoviricota;Megaviricetes;Imitervirales;Mimiviridae
k141_2028073	5381	No terminal repeats	NA	8	11	0.9517	NA	0	6.5663	Viruses;Varidnaviria;Bamfordvirae;Nucleocytoviricota;Megaviricetes;Algavirales;Phycodnaviridae
k141_868050	7153	No terminal repeats	NA	5	11	0.9516	NA	0	8.1001	Viruses;Duplodnaviria;Heunggongvirae;Uroviricota;Caudoviricetes;;
k141_517784	3986	No terminal repeats	NA	10	11	0.9515	NA	1	11.5193	Viruses;Duplodnaviria;Heunggongvirae;Uroviricota;Caudoviricetes;;
k141_45645	8001	No terminal repeats	NA	10	11	0.9514	NA	0	8.3900	Viruses;Varidnaviria;Bamfordvirae;Nucleocytoviricota;Megaviricetes;Algavirales;Phycodnaviridae
k141_2161285	8533	No terminal repeats	NA	7	11	0.9513	NA	0	10.3097	Viruses;Varidnaviria;Bamfordvirae;Nucleocytoviricota;Megaviricetes;Imitervirales;Mimiviridae
k141_749122	8234	No terminal repeats	NA	8	11	0.9513	NA	0	4.9514	Viruses;Varidnaviria;Bamfordvirae;Nucleocytoviricota;Megaviricetes;Imitervirales;
k141_31143	5332	No terminal repeats	NA	8	11	0.9512	NA	0	2.9849	Viruses;Duplodnaviria;Heunggongvirae;Uroviricota;Caudoviricetes;;
k141_1567381	5675	No terminal repeats	NA	18	11	0.9511	NA	0	15.1858	Viruses;Duplodnaviria;Heunggongvirae;Uroviricota;Caudoviricetes;;
k141_403555	6134	No terminal repeats	NA	5	11	0.9510	NA	0	1.7183	Viruses;Varidnaviria;Bamfordvirae;Nucleocytoviricota;Megaviricetes;Imitervirales;Mimiviridae
k141_1061617	3631	No terminal repeats	NA	11	11	0.9509	NA	1	6.7242	Viruses;Duplodnaviria;Heunggongvirae;Uroviricota;Caudoviricetes;;
k141_2000770	6705	No terminal repeats	NA	5	11	0.9509	NA	0	4.7343	Viruses;Varidnaviria;Bamfordvirae;Nucleocytoviricota;Megaviricetes;Algavirales;Phycodnaviridae
k141_170981	5891	No terminal repeats	NA	5	11	0.9509	NA	0	1.7122	Viruses;Duplodnaviria;Heunggongvirae;Uroviricota;Caudoviricetes;;
k141_1747347	4438	No terminal repeats	NA	8	11	0.9508	NA	1	4.8265	Viruses;Duplodnaviria;Heunggongvirae;Uroviricota;Caudoviricetes;;
k141_398312	8377	No terminal repeats	NA	13	11	0.9508	NA	0	1.7154	Viruses;Varidnaviria;Bamfordvirae;Nucleocytoviricota;Megaviricetes;Imitervirales;Mimiviridae
k141_1736635	3678	No terminal repeats	NA	7	11	0.9508	NA	0	3.4366	Viruses;Duplodnaviria;Heunggongvirae;Uroviricota;Caudoviricetes;;
k141_131721	4280	No terminal repeats	NA	6	11	0.9508	NA	0	1.6274	Unclassified
k141_249307	6101	No terminal repeats	NA	7	11	0.9507	NA	1	9.8248	Viruses;Duplodnaviria;Heunggongvirae;Uroviricota;Caudoviricetes;;
k141_82076	9342	No terminal repeats	NA	12	11	0.9507	NA	0	10.3097	Viruses;Varidnaviria;Bamfordvirae;Nucleocytoviricota;Pokkesviricetes;Asfuvirales;Asfarviridae
k141_2097279	7122	No terminal repeats	NA	9	11	0.9507	NA	0	3.4239	Viruses;Varidnaviria;Bamfordvirae;Nucleocytoviricota;Megaviricetes;Imitervirales;Mimiviridae
k141_2371574	6961	No terminal repeats	NA	11	11	0.9507	NA	1	5.1073	Viruses;;;;;;
k141_1716469	4234	No terminal repeats	NA	6	11	0.9507	NA	0	2.9915	Viruses;Duplodnaviria;Heunggongvirae;Uroviricota;Caudoviricetes;;
k141_1166938	5457	No terminal repeats	NA	13	11	0.9506	NA	0	8.1200	Viruses;Duplodnaviria;Heunggongvirae;Uroviricota;Caudoviricetes;;
k141_1316412	3513	No terminal repeats	NA	7	11	0.9506	NA	0	1.4064	Viruses;Duplodnaviria;Heunggongvirae;Uroviricota;Caudoviricetes;;
k141_2083954	8993	No terminal repeats	NA	8	11	0.9506	NA	0	1.3621	Viruses;Varidnaviria;Bamfordvirae;Nucleocytoviricota;Megaviricetes;Algavirales;Phycodnaviridae
k141_1864219	7683	No terminal repeats	NA	21	11	0.9505	NA	0	2.2830	Viruses;Duplodnaviria;Heunggongvirae;Uroviricota;Caudoviricetes;;Vilmaviridae
k141_2124807	5721	No terminal repeats	NA	9	11	0.9504	NA	0	9.9378	Viruses;Duplodnaviria;Heunggongvirae;Uroviricota;Caudoviricetes;;Kyanoviridae
k141_1845191	9607	No terminal repeats	NA	12	11	0.9504	NA	0	10.4938	Viruses;Duplodnaviria;Heunggongvirae;Uroviricota;Caudoviricetes;;
k141_174127	3746	No terminal repeats	NA	5	11	0.9504	NA	0	1.7183	Viruses;Varidnaviria;Bamfordvirae;Nucleocytoviricota;Megaviricetes;Imitervirales;
k141_1891969	5361	No terminal repeats	NA	10	11	0.9504	NA	1	6.4372	Viruses;Duplodnaviria;Heunggongvirae;Uroviricota;Caudoviricetes;;
k141_1497526	6559	No terminal repeats	NA	7	11	0.9504	NA	3	7.9895	Viruses;Duplodnaviria;Heunggongvirae;Uroviricota;Caudoviricetes;;
k141_1577404	3855	No terminal repeats	NA	7	11	0.9503	NA	0	1.7183	Viruses;Varidnaviria;Bamfordvirae;Nucleocytoviricota;Megaviricetes;Algavirales;Phycodnaviridae
k141_1484814	6097	No terminal repeats	NA	7	11	0.9503	NA	0	1.7077	Viruses;Duplodnaviria;Heunggongvirae;Uroviricota;Caudoviricetes;;
k141_2056974	4305	No terminal repeats	NA	8	11	0.9502	NA	1	1.7183	Viruses;Duplodnaviria;Heunggongvirae;Uroviricota;Caudoviricetes;;
k141_1536033	7302	No terminal repeats	NA	5	11	0.9500	NA	1	3.4366	Viruses;Duplodnaviria;Heunggongvirae;Uroviricota;Caudoviricetes;;
k141_504203	4769	No terminal repeats	NA	6	11	0.9500	NA	1	3.4366	Viruses;Varidnaviria;Bamfordvirae;Nucleocytoviricota;Megaviricetes;Algavirales;Phycodnaviridae
k141_2296578	4144	No terminal repeats	NA	5	11	0.9499	NA	0	1.3587	Viruses;Varidnaviria;Bamfordvirae;Nucleocytoviricota;Megaviricetes;Algavirales;Phycodnaviridae
k141_706125	3508	No terminal repeats	NA	10	11	0.9498	NA	0	3.1410	Viruses;Duplodnaviria;Heunggongvirae;Uroviricota;Caudoviricetes;;
k141_913467	4479	No terminal repeats	NA	7	11	0.9498	NA	2	5.4477	Viruses;Duplodnaviria;Heunggongvirae;Uroviricota;Caudoviricetes;;
k141_1650739	8372	No terminal repeats	NA	10	11	0.9498	NA	1	3.4366	Viruses;Varidnaviria;Bamfordvirae;Nucleocytoviricota;Megaviricetes;Imitervirales;Mimiviridae
k141_923100	9692	No terminal repeats	NA	13	11	0.9497	NA	0	3.4366	Viruses;;;;Naldaviricetes;Lefavirales;Baculoviridae
k141_600579	4248	No terminal repeats	NA	7	11	0.9497	NA	1	3.3127	Viruses;Duplodnaviria;Heunggongvirae;Uroviricota;Caudoviricetes;;
k141_1198959	5545	No terminal repeats	NA	10	11	0.9497	NA	0	7.5052	Viruses;Duplodnaviria;Heunggongvirae;Uroviricota;Caudoviricetes;;
k141_23848	6175	No terminal repeats	NA	6	11	0.9496	NA	0	6.8683	Viruses;Varidnaviria;Bamfordvirae;Nucleocytoviricota;Megaviricetes;;
k141_606273	1772	No terminal repeats	NA	2	11	0.9496	NA	1	3.3579	Viruses;Duplodnaviria;Heunggongvirae;Uroviricota;Caudoviricetes;;
k141_506141	6048	No terminal repeats	NA	7	11	0.9495	NA	0	3.4062	Viruses;Varidnaviria;Bamfordvirae;Nucleocytoviricota;Megaviricetes;Algavirales;Phycodnaviridae
k141_1902205	3567	No terminal repeats	NA	5	11	0.9495	NA	0	3.0356	Viruses;Varidnaviria;Bamfordvirae;Nucleocytoviricota;Megaviricetes;Algavirales;Phycodnaviridae
k141_350721	4237	No terminal repeats	NA	5	11	0.9494	NA	1	5.0769	Viruses;Varidnaviria;Bamfordvirae;Nucleocytoviricota;Megaviricetes;;
k141_1274241	3544	No terminal repeats	NA	5	11	0.9493	NA	0	1.7183	Viruses;Varidnaviria;Bamfordvirae;Nucleocytoviricota;Pokkesviricetes;Chitovirales;Poxviridae
k141_1391860	3905	No terminal repeats	NA	5	11	0.9493	NA	0	1.6750	Viruses;Varidnaviria;Bamfordvirae;Nucleocytoviricota;Megaviricetes;Algavirales;Phycodnaviridae
k141_1777059	4673	No terminal repeats	NA	6	11	0.9493	NA	3	4.6053	Viruses;Varidnaviria;Bamfordvirae;Nucleocytoviricota;Megaviricetes;Imitervirales;Mimiviridae
k141_1280947	4665	No terminal repeats	NA	5	11	0.9493	NA	2	6.6493	Viruses;Duplodnaviria;Heunggongvirae;Uroviricota;Caudoviricetes;;
k141_1642469	55954	DTR	NA	87	11	0.9492	NA	5	33.3955	Viruses;Duplodnaviria;Heunggongvirae;Uroviricota;Caudoviricetes;;
k141_1611287	4661	No terminal repeats	NA	5	11	0.9492	NA	0	3.4366	Viruses;Varidnaviria;Bamfordvirae;Nucleocytoviricota;Megaviricetes;;
k141_583198	7606	No terminal repeats	NA	10	11	0.9491	NA	0	6.8561	Viruses;Varidnaviria;Bamfordvirae;Nucleocytoviricota;Megaviricetes;Imitervirales;Mimiviridae
k141_313450	8437	No terminal repeats	NA	5	11	0.9491	NA	0	6.2771	Viruses;Duplodnaviria;Heunggongvirae;Uroviricota;Caudoviricetes;;
k141_706505	5088	No terminal repeats	NA	10	11	0.9487	NA	0	3.2015	Viruses;Duplodnaviria;Heunggongvirae;Uroviricota;Caudoviricetes;;
k141_1908450	5602	No terminal repeats	NA	10	11	0.9486	NA	1	8.3325	Viruses;Duplodnaviria;Heunggongvirae;Uroviricota;Caudoviricetes;;
k141_2063034	6210	No terminal repeats	NA	7	11	0.9486	NA	1	2.7321	Viruses;Varidnaviria;Bamfordvirae;Nucleocytoviricota;Megaviricetes;Algavirales;Phycodnaviridae
k141_847728	4399	No terminal repeats	NA	7	11	0.9485	NA	0	3.3684	Viruses;Varidnaviria;Bamfordvirae;Nucleocytoviricota;Megaviricetes;Algavirales;Phycodnaviridae
k141_1846554	4984	No terminal repeats	NA	6	11	0.9485	NA	0	1.7030	Viruses;Varidnaviria;Bamfordvirae;Nucleocytoviricota;Megaviricetes;Algavirales;Phycodnaviridae
k141_1853951	7948	No terminal repeats	NA	16	11	0.9483	NA	0	5.1723	Viruses;Duplodnaviria;Heunggongvirae;Uroviricota;Caudoviricetes;;
k141_508390	3695	No terminal repeats	NA	14	11	0.9483	NA	0	1.7183	Viruses;Duplodnaviria;Heunggongvirae;Uroviricota;Caudoviricetes;;
k141_453305	4515	No terminal repeats	NA	7	11	0.9482	NA	0	6.8731	Viruses;Duplodnaviria;Heunggongvirae;Uroviricota;Caudoviricetes;;
k141_11674	6983	No terminal repeats	NA	6	11	0.9482	NA	0	2.7424	Viruses;Duplodnaviria;Heunggongvirae;Uroviricota;Caudoviricetes;;
k141_1175751	3646	No terminal repeats	NA	5	11	0.9481	NA	0	3.4253	Viruses;Varidnaviria;Bamfordvirae;Nucleocytoviricota;Megaviricetes;Imitervirales;Mimiviridae
k141_158957	4943	No terminal repeats	NA	8	11	0.9481	NA	0	1.7183	Viruses;Varidnaviria;Bamfordvirae;Nucleocytoviricota;Megaviricetes;Algavirales;Phycodnaviridae
k141_154098	6124	No terminal repeats	NA	7	11	0.9480	NA	0	5.1548	Viruses;Varidnaviria;Bamfordvirae;Nucleocytoviricota;Megaviricetes;Imitervirales;Mimiviridae
k141_1654497	4839	No terminal repeats	NA	5	11	0.9478	NA	1	1.4678	Viruses;Varidnaviria;Bamfordvirae;Nucleocytoviricota;Megaviricetes;Algavirales;Phycodnaviridae
k141_2071441	3563	No terminal repeats	NA	7	11	0.9477	NA	1	1.7183	Viruses;Duplodnaviria;Heunggongvirae;Uroviricota;Caudoviricetes;;
k141_1251029	4405	No terminal repeats	NA	5	11	0.9477	NA	0	1.3357	Viruses;Duplodnaviria;Heunggongvirae;Uroviricota;Caudoviricetes;;
k141_1802005	4975	No terminal repeats	NA	9	11	0.9476	NA	0	8.5914	Viruses;Varidnaviria;Bamfordvirae;Nucleocytoviricota;Megaviricetes;Imitervirales;
k141_2318686	8342	No terminal repeats	NA	8	11	0.9476	NA	1	1.7183	Viruses;Varidnaviria;Bamfordvirae;Nucleocytoviricota;Megaviricetes;Imitervirales;Mimiviridae
k141_710984	5093	No terminal repeats	NA	9	11	0.9476	NA	0	0.0000	Unclassified
k141_1827051	5367	No terminal repeats	NA	8	11	0.9475	NA	1	2.3741	Viruses;Duplodnaviria;Heunggongvirae;Uroviricota;Caudoviricetes;;
k141_1864043	6196	No terminal repeats	NA	5	11	0.9472	NA	0	4.5048	Viruses;Duplodnaviria;Heunggongvirae;Uroviricota;Caudoviricetes;;
k141_321512	5150	No terminal repeats	NA	5	11	0.9471	NA	0	1.1424	Unclassified
k141_716315	3985	No terminal repeats	NA	5	11	0.9471	NA	0	1.6501	Unclassified
k141_1885494	9552	No terminal repeats	NA	27	11	0.9471	NA	0	5.8022	Viruses;Duplodnaviria;Heunggongvirae;Uroviricota;Caudoviricetes;;
k141_1244044	6906	No terminal repeats	NA	6	11	0.9471	NA	0	3.8475	Viruses;Duplodnaviria;Heunggongvirae;Uroviricota;Caudoviricetes;;
k141_69148	4148	No terminal repeats	NA	8	11	0.9471	NA	0	0.0000	Unclassified
k141_1921257	4053	No terminal repeats	NA	7	11	0.9471	NA	0	1.7183	Viruses;Varidnaviria;Bamfordvirae;Nucleocytoviricota;Megaviricetes;Imitervirales;Mimiviridae
k141_2263435	4729	No terminal repeats	NA	10	11	0.9469	NA	0	1.2947	Viruses;Duplodnaviria;Heunggongvirae;Uroviricota;Caudoviricetes;;
k141_1443346	4942	No terminal repeats	NA	9	11	0.9469	NA	0	0.0000	Unclassified
k141_667811	5080	No terminal repeats	NA	6	11	0.9469	NA	0	1.7183	Viruses;Varidnaviria;Bamfordvirae;Nucleocytoviricota;Megaviricetes;Algavirales;Phycodnaviridae
k141_351912	4570	No terminal repeats	NA	5	11	0.9469	NA	0	3.8880	Viruses;Duplodnaviria;Heunggongvirae;Uroviricota;Caudoviricetes;;
k141_1082476	3763	No terminal repeats	NA	14	11	0.9469	NA	1	6.2764	Viruses;Duplodnaviria;Heunggongvirae;Uroviricota;Caudoviricetes;;
k141_684317	7813	No terminal repeats	NA	8	11	0.9468	NA	1	1.7183	Viruses;Varidnaviria;Bamfordvirae;Nucleocytoviricota;Megaviricetes;Imitervirales;Mimiviridae
k141_2041214	5840	No terminal repeats	NA	11	11	0.9466	NA	1	6.2061	Viruses;Varidnaviria;Bamfordvirae;Nucleocytoviricota;Megaviricetes;Imitervirales;Mimiviridae
k141_419976	4473	No terminal repeats	NA	6	11	0.9466	NA	1	3.4339	Viruses;Varidnaviria;Bamfordvirae;Nucleocytoviricota;Megaviricetes;Imitervirales;Mimiviridae
k141_117522	8272	No terminal repeats	NA	6	11	0.9466	NA	1	4.4380	Viruses;Duplodnaviria;Heunggongvirae;Uroviricota;Caudoviricetes;;
k141_1525598	4201	No terminal repeats	NA	9	11	0.9464	NA	0	1.6986	Viruses;Varidnaviria;Bamfordvirae;Nucleocytoviricota;Megaviricetes;Algavirales;Phycodnaviridae
k141_802358	4907	No terminal repeats	NA	8	11	0.9464	NA	0	3.2678	Viruses;Duplodnaviria;Heunggongvirae;Uroviricota;Caudoviricetes;;Kyanoviridae
k141_340238	4529	No terminal repeats	NA	5	11	0.9464	NA	0	5.1548	Viruses;Varidnaviria;Bamfordvirae;Nucleocytoviricota;Megaviricetes;Imitervirales;Mimiviridae
k141_1291590	8847	No terminal repeats	NA	10	11	0.9464	NA	1	4.8848	Viruses;Varidnaviria;Bamfordvirae;Nucleocytoviricota;Megaviricetes;Algavirales;Phycodnaviridae
k141_701726	3957	No terminal repeats	NA	10	11	0.9464	NA	0	11.9990	Viruses;Duplodnaviria;Heunggongvirae;Uroviricota;Caudoviricetes;;
k141_1762222	6897	No terminal repeats	NA	17	11	0.9463	NA	0	3.0173	Viruses;Duplodnaviria;Heunggongvirae;Uroviricota;Caudoviricetes;;Schitoviridae
k141_994636	4890	No terminal repeats	NA	5	11	0.9463	NA	0	3.4339	Viruses;Varidnaviria;Bamfordvirae;Nucleocytoviricota;Megaviricetes;;
k141_795212	4441	No terminal repeats	NA	10	11	0.9463	NA	0	8.4733	Viruses;Duplodnaviria;Heunggongvirae;Uroviricota;Caudoviricetes;;
k141_1361639	3914	No terminal repeats	NA	12	11	0.9462	NA	1	5.8774	Viruses;Duplodnaviria;Heunggongvirae;Uroviricota;Caudoviricetes;;
k141_4855	8587	No terminal repeats	NA	7	11	0.9462	NA	0	3.4366	Viruses;Varidnaviria;Bamfordvirae;Nucleocytoviricota;Megaviricetes;Imitervirales;Mimiviridae
k141_1367867	9633	No terminal repeats	NA	8	11	0.9462	NA	0	1.7183	Viruses;Duplodnaviria;Heunggongvirae;Uroviricota;Caudoviricetes;;
k141_305748	4572	No terminal repeats	NA	5	11	0.9462	NA	0	3.4366	Viruses;Varidnaviria;Bamfordvirae;Nucleocytoviricota;Megaviricetes;Imitervirales;Mimiviridae
k141_1417915	4037	No terminal repeats	NA	6	11	0.9461	NA	1	3.3771	Viruses;Duplodnaviria;Heunggongvirae;Uroviricota;Caudoviricetes;;
k141_1074719	5113	No terminal repeats	NA	6	11	0.9461	NA	1	1.7183	Viruses;Varidnaviria;Bamfordvirae;Nucleocytoviricota;Megaviricetes;Imitervirales;Mimiviridae
k141_11675	8622	No terminal repeats	NA	7	11	0.9461	NA	0	3.4366	Unclassified
k141_1758583	5212	No terminal repeats	NA	6	11	0.9460	NA	0	3.3940	Viruses;Duplodnaviria;Heunggongvirae;Uroviricota;Caudoviricetes;;
k141_1022044	4069	No terminal repeats	NA	9	11	0.9460	NA	0	5.1548	Viruses;Duplodnaviria;Heunggongvirae;Uroviricota;Caudoviricetes;;
k141_2131015	7348	No terminal repeats	NA	7	11	0.9460	NA	0	5.1353	Viruses;Duplodnaviria;Heunggongvirae;Uroviricota;Caudoviricetes;;
k141_1281198	4953	No terminal repeats	NA	5	11	0.9459	NA	0	6.8731	Viruses;Duplodnaviria;Heunggongvirae;Uroviricota;Caudoviricetes;;
k141_707148	3793	No terminal repeats	NA	7	11	0.9458	NA	0	3.9507	Viruses;Duplodnaviria;Heunggongvirae;Uroviricota;Caudoviricetes;;
k141_487942	4377	No terminal repeats	NA	9	11	0.9458	NA	0	7.5967	Viruses;Duplodnaviria;Heunggongvirae;Uroviricota;Caudoviricetes;;
k141_210009	4089	No terminal repeats	NA	6	11	0.9457	NA	2	2.8026	Viruses;Duplodnaviria;Heunggongvirae;Uroviricota;Caudoviricetes;;
k141_861450	5809	No terminal repeats	NA	7	11	0.9457	NA	0	1.7183	Viruses;Varidnaviria;Bamfordvirae;Nucleocytoviricota;Pokkesviricetes;Asfuvirales;Asfarviridae
k141_1711537	3194	No terminal repeats	NA	4	11	0.9457	NA	0	1.4563	Viruses;Varidnaviria;Bamfordvirae;Nucleocytoviricota;Megaviricetes;Imitervirales;Mimiviridae
k141_1135157	5198	No terminal repeats	NA	11	11	0.9456	NA	1	5.9517	Viruses;Duplodnaviria;Heunggongvirae;Uroviricota;Caudoviricetes;;
k141_1280761	4915	No terminal repeats	NA	10	11	0.9456	NA	1	6.1659	Viruses;Duplodnaviria;Heunggongvirae;Uroviricota;Caudoviricetes;;
k141_1314143	9692	No terminal repeats	NA	12	11	0.9456	NA	0	1.7042	Viruses;Varidnaviria;Bamfordvirae;Nucleocytoviricota;Megaviricetes;Imitervirales;Mimiviridae
k141_1475548	9997	No terminal repeats	NA	16	11	0.9454	NA	1	5.1548	Viruses;Duplodnaviria;Heunggongvirae;Uroviricota;Caudoviricetes;;
k141_54122	3874	No terminal repeats	NA	15	11	0.9453	NA	0	1.7165	Viruses;Duplodnaviria;Heunggongvirae;Uroviricota;Caudoviricetes;;
k141_2127734	52502	DTR	NA	80	11	0.9452	NA	6	60.7932	Viruses;Duplodnaviria;Heunggongvirae;Uroviricota;Caudoviricetes;;
k141_105384	5817	No terminal repeats	NA	7	11	0.9451	NA	0	1.4783	Viruses;Duplodnaviria;Heunggongvirae;Uroviricota;Caudoviricetes;;
k141_1041277	3794	No terminal repeats	NA	5	11	0.9451	NA	1	3.4366	Viruses;Varidnaviria;Bamfordvirae;Nucleocytoviricota;Megaviricetes;Imitervirales;Mimiviridae
k141_1873426	3447	No terminal repeats	NA	8	11	0.9450	NA	0	1.0512	Viruses;Varidnaviria;Bamfordvirae;Nucleocytoviricota;Megaviricetes;Imitervirales;Schizomimiviridae
k141_1778030	4068	No terminal repeats	NA	5	11	0.9449	NA	0	3.4302	Viruses;Duplodnaviria;Heunggongvirae;Uroviricota;Caudoviricetes;;Casjensviridae
k141_1773341	3928	No terminal repeats	NA	13	11	0.9448	NA	1	4.6387	Viruses;Duplodnaviria;Heunggongvirae;Uroviricota;Caudoviricetes;;
k141_2366078	6779	No terminal repeats	NA	12	11	0.9447	NA	2	11.3639	Viruses;Duplodnaviria;Heunggongvirae;Uroviricota;Caudoviricetes;;
k141_1402531	3732	No terminal repeats	NA	7	11	0.9446	NA	0	1.6696	Viruses;Duplodnaviria;Heunggongvirae;Uroviricota;Caudoviricetes;;
k141_1827878	5145	No terminal repeats	NA	13	11	0.9446	NA	0	8.4657	Viruses;Duplodnaviria;Heunggongvirae;Uroviricota;Caudoviricetes;;
k141_1827954	3722	No terminal repeats	NA	6	11	0.9444	NA	1	3.0828	Viruses;;;;;;
k141_1687933	7933	No terminal repeats	NA	9	11	0.9441	NA	1	6.1092	Viruses;Duplodnaviria;Heunggongvirae;Uroviricota;Caudoviricetes;;
k141_526564	7425	No terminal repeats	NA	7	11	0.9441	NA	0	6.8669	Viruses;Varidnaviria;Bamfordvirae;Nucleocytoviricota;Megaviricetes;;
k141_50673	4975	No terminal repeats	NA	7	11	0.9440	NA	0	3.8669	Viruses;Varidnaviria;Bamfordvirae;Nucleocytoviricota;Megaviricetes;Algavirales;Phycodnaviridae
k141_1066737	4048	No terminal repeats	NA	8	11	0.9440	NA	0	8.5924	Viruses;Duplodnaviria;Heunggongvirae;Uroviricota;Caudoviricetes;;
k141_150172	7225	No terminal repeats	NA	16	11	0.9440	NA	0	6.4468	Viruses;Duplodnaviria;Heunggongvirae;Uroviricota;Caudoviricetes;;
k141_966910	2069	No terminal repeats	NA	2	11	0.9438	NA	2	2.6654	Viruses;Duplodnaviria;Heunggongvirae;Uroviricota;Caudoviricetes;;
k141_247073	4126	No terminal repeats	NA	9	11	0.9437	NA	0	1.4578	Viruses;Duplodnaviria;Heunggongvirae;Uroviricota;Caudoviricetes;;
k141_270804	4014	No terminal repeats	NA	8	11	0.9437	NA	1	3.1626	Viruses;Duplodnaviria;Heunggongvirae;Uroviricota;Caudoviricetes;;Kyanoviridae
k141_605899	4672	No terminal repeats	NA	5	11	0.9436	NA	0	1.7183	Unclassified
k141_502764	3843	No terminal repeats	NA	7	11	0.9436	NA	0	5.1463	Viruses;Varidnaviria;Bamfordvirae;Nucleocytoviricota;Megaviricetes;Imitervirales;Mimiviridae
k141_1795466	6146	No terminal repeats	NA	8	11	0.9435	NA	0	4.8951	Viruses;;;;;;
k141_2048951	3954	No terminal repeats	NA	8	11	0.9434	NA	0	3.4366	Unclassified
k141_2290943	7776	No terminal repeats	NA	7	11	0.9434	NA	0	3.4366	Viruses;Varidnaviria;Bamfordvirae;Nucleocytoviricota;Megaviricetes;Imitervirales;Mimiviridae
k141_1668674	3753	No terminal repeats	NA	6	11	0.9432	NA	0	4.5180	Viruses;Duplodnaviria;Heunggongvirae;Uroviricota;Caudoviricetes;;
k141_586436	6171	No terminal repeats	NA	5	11	0.9432	NA	0	3.4366	Viruses;Varidnaviria;Bamfordvirae;Nucleocytoviricota;Megaviricetes;Algavirales;Phycodnaviridae
k141_268363	4671	No terminal repeats	NA	7	11	0.9429	NA	0	6.8731	Viruses;Varidnaviria;Bamfordvirae;Nucleocytoviricota;Megaviricetes;Imitervirales;Mimiviridae
k141_1684387	5700	No terminal repeats	NA	12	11	0.9429	NA	0	8.8080	Viruses;Duplodnaviria;Heunggongvirae;Uroviricota;Caudoviricetes;;
k141_2124713	7956	No terminal repeats	NA	15	11	0.9428	NA	0	6.6089	Viruses;Duplodnaviria;Heunggongvirae;Uroviricota;Caudoviricetes;;
k141_1842670	6975	No terminal repeats	NA	16	11	0.9427	NA	0	6.2558	Viruses;Duplodnaviria;Heunggongvirae;Uroviricota;Caudoviricetes;;
k141_460972	4515	No terminal repeats	NA	5	11	0.9426	NA	2	3.4366	Viruses;Varidnaviria;Bamfordvirae;Nucleocytoviricota;Megaviricetes;Algavirales;Phycodnaviridae
k141_850382	3879	No terminal repeats	NA	9	11	0.9424	NA	0	3.1158	Viruses;Duplodnaviria;Heunggongvirae;Uroviricota;Caudoviricetes;;
k141_479245	3970	No terminal repeats	NA	6	11	0.9423	NA	0	5.1548	Viruses;Varidnaviria;Bamfordvirae;Nucleocytoviricota;Megaviricetes;Imitervirales;Mimiviridae
k141_553654	7957	No terminal repeats	NA	7	11	0.9422	NA	0	8.5716	Viruses;Varidnaviria;Bamfordvirae;Nucleocytoviricota;Megaviricetes;Algavirales;Phycodnaviridae
k141_1056100	5652	No terminal repeats	NA	5	11	0.9421	NA	0	4.9356	Viruses;;;;;;
k141_1360848	4981	No terminal repeats	NA	10	11	0.9420	NA	0	12.6273	Viruses;Duplodnaviria;Heunggongvirae;Uroviricota;Caudoviricetes;;
k141_857429	7010	No terminal repeats	NA	14	11	0.9419	NA	0	8.4743	Viruses;Duplodnaviria;Heunggongvirae;Uroviricota;Caudoviricetes;;
k141_505382	6353	No terminal repeats	NA	24	11	0.9419	NA	0	1.6353	Viruses;Duplodnaviria;Heunggongvirae;Uroviricota;Caudoviricetes;;
k141_1963059	7886	No terminal repeats	NA	19	11	0.9419	NA	0	8.0151	Viruses;Duplodnaviria;Heunggongvirae;Uroviricota;Caudoviricetes;;
k141_56845	5248	No terminal repeats	NA	8	11	0.9417	NA	0	11.1707	Viruses;Duplodnaviria;Heunggongvirae;Uroviricota;Caudoviricetes;;
k141_2010323	3589	No terminal repeats	NA	9	11	0.9416	NA	0	7.6078	Viruses;Duplodnaviria;Heunggongvirae;Uroviricota;Caudoviricetes;;Kyanoviridae
k141_371434	5488	No terminal repeats	NA	5	11	0.9415	NA	0	1.7183	Viruses;Duplodnaviria;Heunggongvirae;Uroviricota;Caudoviricetes;;Stanwilliamsviridae
k141_1941250	3593	No terminal repeats	NA	8	11	0.9414	NA	0	8.3095	Viruses;Duplodnaviria;Heunggongvirae;Uroviricota;Caudoviricetes;;
k141_1015194	4540	No terminal repeats	NA	9	11	0.9414	NA	0	6.8568	Viruses;Varidnaviria;Bamfordvirae;Nucleocytoviricota;Megaviricetes;Imitervirales;Allomimiviridae
k141_874049	8284	No terminal repeats	NA	10	11	0.9412	NA	0	14.9919	Viruses;Duplodnaviria;Heunggongvirae;Uroviricota;Caudoviricetes;;
k141_1366733	7796	No terminal repeats	NA	15	11	0.9412	NA	1	12.8094	Viruses;Duplodnaviria;Heunggongvirae;Uroviricota;Caudoviricetes;;
k141_1583607	4648	No terminal repeats	NA	8	11	0.9411	NA	0	4.3886	Viruses;Duplodnaviria;Heunggongvirae;Uroviricota;Caudoviricetes;;
k141_1237646	6072	No terminal repeats	NA	15	11	0.9410	NA	2	9.4522	Viruses;Duplodnaviria;Heunggongvirae;Uroviricota;Caudoviricetes;;
k141_1749716	9573	No terminal repeats	NA	5	11	0.9408	NA	0	3.4366	Viruses;Varidnaviria;Bamfordvirae;Nucleocytoviricota;Megaviricetes;Imitervirales;Mimiviridae
k141_1132124	3705	No terminal repeats	NA	6	11	0.9407	NA	0	6.8731	Viruses;Duplodnaviria;Heunggongvirae;Uroviricota;Caudoviricetes;;
k141_2047467	5013	No terminal repeats	NA	12	11	0.9406	NA	0	3.1156	Viruses;Duplodnaviria;Heunggongvirae;Uroviricota;Caudoviricetes;;
k141_598813	1594	No terminal repeats	NA	1	11	0.9405	NA	1	1.7183	Viruses;Varidnaviria;Bamfordvirae;Nucleocytoviricota;Megaviricetes;Imitervirales;
k141_1292410	7076	No terminal repeats	NA	7	11	0.9405	NA	0	0.0000	Unclassified
k141_276685	6689	No terminal repeats	NA	8	11	0.9405	NA	0	5.0761	Viruses;Varidnaviria;Bamfordvirae;Nucleocytoviricota;Megaviricetes;Pimascovirales;Iridoviridae
k141_391294	5339	No terminal repeats	NA	6	11	0.9404	NA	0	5.8427	Viruses;Duplodnaviria;Heunggongvirae;Uroviricota;Caudoviricetes;;
k141_2122760	3680	No terminal repeats	NA	5	11	0.9403	NA	0	1.7183	Viruses;Duplodnaviria;Heunggongvirae;Uroviricota;Caudoviricetes;;
k141_785051	8514	No terminal repeats	NA	15	11	0.9401	NA	0	5.4103	Viruses;Duplodnaviria;Heunggongvirae;Uroviricota;Caudoviricetes;;Herelleviridae
k141_1962498	4319	No terminal repeats	NA	6	11	0.9399	NA	0	3.3956	Viruses;Duplodnaviria;Heunggongvirae;Uroviricota;Caudoviricetes;;
k141_2361281	5077	No terminal repeats	NA	10	11	0.9398	NA	0	2.6186	Viruses;Duplodnaviria;Heunggongvirae;Uroviricota;Caudoviricetes;;
k141_102998	4048	No terminal repeats	NA	9	11	0.9398	NA	0	3.9801	Viruses;Duplodnaviria;Heunggongvirae;Uroviricota;Caudoviricetes;;
k141_553862	3023	No terminal repeats	NA	5	11	0.9397	NA	0	1.7183	Unclassified
k141_1887235	3786	No terminal repeats	NA	7	11	0.9395	NA	0	2.4988	Viruses;Duplodnaviria;Heunggongvirae;Uroviricota;Caudoviricetes;;
k141_1653845	6594	No terminal repeats	NA	13	11	0.9395	NA	0	3.4366	Viruses;Duplodnaviria;Heunggongvirae;Uroviricota;Caudoviricetes;;
k141_1081900	3824	No terminal repeats	NA	6	11	0.9394	NA	0	0.0000	Unclassified
k141_905094	4167	No terminal repeats	NA	6	11	0.9393	NA	2	2.3716	Viruses;Duplodnaviria;Heunggongvirae;Uroviricota;Caudoviricetes;;
k141_1425781	3826	No terminal repeats	NA	8	11	0.9391	NA	0	4.1829	Viruses;Duplodnaviria;Heunggongvirae;Uroviricota;Caudoviricetes;;
k141_1953649	4093	No terminal repeats	NA	6	11	0.9391	NA	0	2.8459	Viruses;Duplodnaviria;Heunggongvirae;Uroviricota;Caudoviricetes;;
k141_1606457	4998	No terminal repeats	NA	12	11	0.9389	NA	0	5.1548	Viruses;Duplodnaviria;Heunggongvirae;Uroviricota;Caudoviricetes;;
k141_1714159	5090	No terminal repeats	NA	5	11	0.9389	NA	0	1.5582	Viruses;Duplodnaviria;Heunggongvirae;Uroviricota;Caudoviricetes;;
k141_239421	3988	No terminal repeats	NA	6	11	0.9388	NA	2	3.4366	Viruses;Duplodnaviria;Heunggongvirae;Uroviricota;Caudoviricetes;;
k141_214824	4214	No terminal repeats	NA	9	11	0.9388	NA	1	5.1548	Viruses;Duplodnaviria;Heunggongvirae;Uroviricota;Caudoviricetes;;
k141_314269	3958	No terminal repeats	NA	7	11	0.9385	NA	0	6.8127	Viruses;Varidnaviria;Bamfordvirae;Nucleocytoviricota;Megaviricetes;Algavirales;Phycodnaviridae
k141_355407	5560	No terminal repeats	NA	10	11	0.9385	NA	1	1.7110	Unclassified
k141_1873749	6187	No terminal repeats	NA	16	11	0.9384	NA	1	15.6584	Viruses;Duplodnaviria;Heunggongvirae;Uroviricota;Caudoviricetes;;
k141_364978	5517	No terminal repeats	NA	5	11	0.9384	NA	0	1.7183	Unclassified
k141_1644240	159008	No terminal repeats	NA	135	11	0.9383	NA	10	132.5091	Viruses;Duplodnaviria;Heunggongvirae;Uroviricota;Caudoviricetes;;
k141_759853	6377	No terminal repeats	NA	5	11	0.9381	NA	0	1.7140	Viruses;Varidnaviria;Bamfordvirae;Nucleocytoviricota;Megaviricetes;Imitervirales;Mimiviridae
k141_1069360	5164	No terminal repeats	NA	6	11	0.9381	NA	2	8.2414	Viruses;Duplodnaviria;Heunggongvirae;Uroviricota;Caudoviricetes;;
k141_395132	6320	No terminal repeats	NA	8	11	0.9379	NA	0	3.4366	Viruses;Varidnaviria;Bamfordvirae;Nucleocytoviricota;Megaviricetes;Pimascovirales;Iridoviridae
k141_1355990	3847	No terminal repeats	NA	6	11	0.9379	NA	0	3.7948	Viruses;Duplodnaviria;Heunggongvirae;Uroviricota;Caudoviricetes;;
k141_2368637	4557	No terminal repeats	NA	8	11	0.9379	NA	0	1.5487	Unclassified
k141_981192	8027	No terminal repeats	NA	17	11	0.9378	NA	0	8.5333	Viruses;Duplodnaviria;Heunggongvirae;Uroviricota;Caudoviricetes;;
k141_834300	3924	No terminal repeats	NA	6	11	0.9378	NA	0	1.7183	Viruses;Varidnaviria;Bamfordvirae;Nucleocytoviricota;Pokkesviricetes;Chitovirales;Poxviridae
k141_6056	3807	No terminal repeats	NA	8	11	0.9377	NA	0	6.6806	Viruses;Duplodnaviria;Heunggongvirae;Uroviricota;Caudoviricetes;;
k141_1108078	4046	No terminal repeats	NA	6	11	0.9376	NA	0	1.2098	Viruses;Duplodnaviria;Heunggongvirae;Uroviricota;Caudoviricetes;;
k141_1894514	5442	No terminal repeats	NA	8	11	0.9376	NA	0	3.0770	Viruses;Varidnaviria;Bamfordvirae;Nucleocytoviricota;Megaviricetes;Algavirales;Phycodnaviridae
k141_1254145	4113	No terminal repeats	NA	7	11	0.9375	NA	1	6.4242	Viruses;Duplodnaviria;Heunggongvirae;Uroviricota;Caudoviricetes;;
k141_2128308	3572	No terminal repeats	NA	6	11	0.9375	NA	0	3.4143	Viruses;Duplodnaviria;Heunggongvirae;Uroviricota;Caudoviricetes;;
k141_791533	8659	No terminal repeats	NA	15	11	0.9374	NA	2	20.5922	Viruses;Duplodnaviria;Heunggongvirae;Uroviricota;Caudoviricetes;;
k141_2176496	4271	No terminal repeats	NA	5	11	0.9374	NA	0	1.7183	Viruses;Varidnaviria;Bamfordvirae;Nucleocytoviricota;Megaviricetes;Imitervirales;Mimiviridae
k141_2302502	3698	No terminal repeats	NA	5	11	0.9371	NA	1	3.4144	Viruses;Varidnaviria;Bamfordvirae;Nucleocytoviricota;Megaviricetes;Algavirales;Phycodnaviridae
k141_1369016	3506	No terminal repeats	NA	5	11	0.9370	NA	0	3.4366	Viruses;Varidnaviria;Bamfordvirae;Nucleocytoviricota;Megaviricetes;Imitervirales;
k141_2327206	3890	No terminal repeats	NA	7	11	0.9370	NA	0	1.7183	Viruses;Varidnaviria;Bamfordvirae;Nucleocytoviricota;Megaviricetes;Imitervirales;
k141_2209073	6872	No terminal repeats	NA	8	11	0.9369	NA	2	3.7028	Viruses;Duplodnaviria;Heunggongvirae;Uroviricota;Caudoviricetes;;
k141_2194284	3961	No terminal repeats	NA	6	11	0.9367	NA	0	1.6580	Viruses;Duplodnaviria;Heunggongvirae;Uroviricota;Caudoviricetes;;
k141_1963855	3787	No terminal repeats	NA	11	11	0.9366	NA	0	4.6771	Viruses;Duplodnaviria;Heunggongvirae;Uroviricota;Caudoviricetes;;
k141_2100357	3819	No terminal repeats	NA	9	11	0.9365	NA	1	4.7935	Viruses;Duplodnaviria;Heunggongvirae;Uroviricota;Caudoviricetes;;
k141_330376	6783	No terminal repeats	NA	11	11	0.9365	NA	1	5.1526	Viruses;Varidnaviria;Bamfordvirae;Nucleocytoviricota;Megaviricetes;Algavirales;Phycodnaviridae
k141_1359144	2612	No terminal repeats	NA	3	11	0.9364	NA	0	1.7183	Viruses;Varidnaviria;Bamfordvirae;Nucleocytoviricota;Megaviricetes;Imitervirales;
k141_2007298	5901	No terminal repeats	NA	7	11	0.9364	NA	0	1.1753	Viruses;Duplodnaviria;Heunggongvirae;Uroviricota;Caudoviricetes;;
k141_769204	5354	No terminal repeats	NA	7	11	0.9363	NA	0	1.6864	Viruses;Varidnaviria;Bamfordvirae;Nucleocytoviricota;Megaviricetes;Imitervirales;Mimiviridae
k141_1459707	3832	No terminal repeats	NA	7	11	0.9363	NA	0	1.4239	Viruses;Varidnaviria;Bamfordvirae;Preplasmiviricota;Tectiliviricetes;Kalamavirales;Tectiviridae
k141_1980665	5935	No terminal repeats	NA	6	11	0.9361	NA	0	6.1105	Viruses;Varidnaviria;Bamfordvirae;Nucleocytoviricota;Megaviricetes;Imitervirales;Mimiviridae
k141_1752935	5089	No terminal repeats	NA	5	11	0.9361	NA	0	1.7183	Viruses;Varidnaviria;Bamfordvirae;Nucleocytoviricota;Megaviricetes;;
k141_2170860	3815	No terminal repeats	NA	11	11	0.9359	NA	0	0.7714	Viruses;Duplodnaviria;Heunggongvirae;Uroviricota;Caudoviricetes;;
k141_683826	4383	No terminal repeats	NA	8	11	0.9359	NA	0	1.4239	Viruses;Varidnaviria;Bamfordvirae;Preplasmiviricota;Tectiliviricetes;Kalamavirales;Tectiviridae
k141_1731551	4946	No terminal repeats	NA	11	11	0.9358	NA	1	5.7587	Viruses;Duplodnaviria;Heunggongvirae;Uroviricota;Caudoviricetes;;
k141_340021	4035	No terminal repeats	NA	6	11	0.9358	NA	0	1.7183	Viruses;Varidnaviria;Bamfordvirae;Nucleocytoviricota;Megaviricetes;Algavirales;Phycodnaviridae
k141_1101770	3582	No terminal repeats	NA	5	11	0.9356	NA	0	3.4366	Unclassified
k141_1147995	4423	No terminal repeats	NA	7	11	0.9356	NA	2	2.3984	Viruses;Duplodnaviria;Heunggongvirae;Uroviricota;Caudoviricetes;;
k141_188774	6391	No terminal repeats	NA	11	11	0.9356	NA	0	5.1548	Viruses;Duplodnaviria;Heunggongvirae;Uroviricota;Caudoviricetes;;
k141_1130065	3941	No terminal repeats	NA	8	11	0.9354	NA	0	1.3587	Viruses;Varidnaviria;Bamfordvirae;Nucleocytoviricota;Megaviricetes;Algavirales;Phycodnaviridae
k141_1265595	9093	No terminal repeats	NA	14	11	0.9354	NA	0	1.7183	Viruses;Varidnaviria;Bamfordvirae;Nucleocytoviricota;Megaviricetes;Algavirales;Phycodnaviridae
k141_2019989	5712	No terminal repeats	NA	6	11	0.9352	NA	0	3.4366	Viruses;Varidnaviria;Bamfordvirae;Nucleocytoviricota;Megaviricetes;Algavirales;Phycodnaviridae
k141_1394087	5024	No terminal repeats	NA	6	11	0.9352	NA	0	3.4366	Viruses;Varidnaviria;Bamfordvirae;Nucleocytoviricota;Megaviricetes;Pimascovirales;Iridoviridae
k141_425298	3921	No terminal repeats	NA	6	11	0.9352	NA	0	1.7183	Viruses;Varidnaviria;Bamfordvirae;Nucleocytoviricota;Megaviricetes;Imitervirales;Mimiviridae
k141_966003	3671	No terminal repeats	NA	8	11	0.9350	NA	0	1.7183	Viruses;Duplodnaviria;Heunggongvirae;Uroviricota;Caudoviricetes;;
k141_228150	6677	No terminal repeats	NA	9	11	0.9347	NA	0	4.3095	Viruses;Varidnaviria;Bamfordvirae;Nucleocytoviricota;Megaviricetes;Algavirales;Phycodnaviridae
k141_1856533	6695	No terminal repeats	NA	7	11	0.9347	NA	0	2.9994	Unclassified
k141_895210	4017	No terminal repeats	NA	6	11	0.9345	NA	0	1.7183	Viruses;Varidnaviria;Bamfordvirae;Nucleocytoviricota;Megaviricetes;Imitervirales;Mimiviridae
k141_1362218	4402	No terminal repeats	NA	5	11	0.9343	NA	0	3.2242	Viruses;Duplodnaviria;Heunggongvirae;Uroviricota;Caudoviricetes;;
k141_1658523	8806	No terminal repeats	NA	11	11	0.9342	NA	0	8.2738	Viruses;Duplodnaviria;Heunggongvirae;Uroviricota;Caudoviricetes;;
k141_982839	4866	No terminal repeats	NA	5	11	0.9342	NA	0	3.4366	Viruses;Varidnaviria;Bamfordvirae;Nucleocytoviricota;Megaviricetes;Algavirales;Phycodnaviridae
k141_1011828	7758	No terminal repeats	NA	5	11	0.9342	NA	0	3.1500	Viruses;;;;;;
k141_484595	9868	No terminal repeats	NA	11	11	0.9342	NA	2	11.5251	Viruses;Duplodnaviria;Heunggongvirae;Uroviricota;Caudoviricetes;;
k141_1816551	5585	No terminal repeats	NA	10	11	0.9342	NA	0	2.3566	Viruses;Duplodnaviria;Heunggongvirae;Uroviricota;Caudoviricetes;;
k141_454592	9360	No terminal repeats	NA	22	11	0.9341	NA	1	6.6558	Viruses;Duplodnaviria;Heunggongvirae;Uroviricota;Caudoviricetes;;
k141_1203325	5353	No terminal repeats	NA	5	11	0.9341	NA	0	3.1710	Viruses;Varidnaviria;Bamfordvirae;Nucleocytoviricota;Megaviricetes;;
k141_185981	4635	No terminal repeats	NA	6	11	0.9340	NA	0	5.1463	Viruses;Varidnaviria;Bamfordvirae;Nucleocytoviricota;Megaviricetes;Imitervirales;Mimiviridae
k141_1324175	4593	No terminal repeats	NA	6	11	0.9338	NA	0	3.1298	Viruses;Varidnaviria;Bamfordvirae;Nucleocytoviricota;Megaviricetes;Imitervirales;Mimiviridae
k141_70384	4654	No terminal repeats	NA	5	11	0.9338	NA	0	5.4335	Viruses;Duplodnaviria;Heunggongvirae;Uroviricota;Caudoviricetes;;
k141_570358	7521	No terminal repeats	NA	10	11	0.9338	NA	0	1.7183	Unclassified
k141_688248	5014	No terminal repeats	NA	9	11	0.9338	NA	0	4.9262	Viruses;Duplodnaviria;Heunggongvirae;Uroviricota;Caudoviricetes;;
k141_1643537	4885	No terminal repeats	NA	6	11	0.9337	NA	0	1.6286	Viruses;Varidnaviria;Bamfordvirae;Nucleocytoviricota;Megaviricetes;Algavirales;Phycodnaviridae
k141_960328	7901	No terminal repeats	NA	14	11	0.9336	NA	1	3.4366	Viruses;Duplodnaviria;Heunggongvirae;Uroviricota;Caudoviricetes;;
k141_1278306	4680	No terminal repeats	NA	5	11	0.9336	NA	0	4.1914	Viruses;Duplodnaviria;Heunggongvirae;Uroviricota;Caudoviricetes;;
k141_1792106	8999	No terminal repeats	NA	10	11	0.9335	NA	0	1.7183	Viruses;Varidnaviria;Bamfordvirae;Nucleocytoviricota;Megaviricetes;Imitervirales;Mimiviridae
k141_147795	4341	No terminal repeats	NA	10	11	0.9333	NA	1	7.7481	Viruses;Duplodnaviria;Heunggongvirae;Uroviricota;Caudoviricetes;;
k141_229903	4745	No terminal repeats	NA	12	11	0.9332	NA	0	8.0927	Viruses;Duplodnaviria;Heunggongvirae;Uroviricota;Caudoviricetes;;
k141_2009529	5441	No terminal repeats	NA	8	11	0.9332	NA	1	3.4366	Viruses;Varidnaviria;Bamfordvirae;Nucleocytoviricota;Megaviricetes;Imitervirales;Mimiviridae
k141_46442	4177	No terminal repeats	NA	7	11	0.9331	NA	0	1.7077	Viruses;Duplodnaviria;Heunggongvirae;Uroviricota;Caudoviricetes;;
k141_66488	4570	No terminal repeats	NA	7	11	0.9331	NA	0	3.4366	Viruses;Varidnaviria;Bamfordvirae;Nucleocytoviricota;Megaviricetes;Imitervirales;
k141_1326342	5312	No terminal repeats	NA	5	11	0.9331	NA	2	4.9486	Viruses;Duplodnaviria;Heunggongvirae;Uroviricota;Caudoviricetes;;
k141_834769	8411	No terminal repeats	NA	9	11	0.9330	NA	0	3.0872	Viruses;Varidnaviria;Bamfordvirae;Nucleocytoviricota;Megaviricetes;Imitervirales;Mimiviridae
k141_314719	7476	No terminal repeats	NA	5	11	0.9329	NA	1	3.1653	Viruses;Varidnaviria;Bamfordvirae;Nucleocytoviricota;Megaviricetes;Imitervirales;Mimiviridae
k141_2071420	6340	No terminal repeats	NA	5	11	0.9328	NA	0	3.0315	Viruses;Varidnaviria;Bamfordvirae;Nucleocytoviricota;Megaviricetes;Algavirales;Phycodnaviridae
k141_81383	6111	No terminal repeats	NA	10	11	0.9327	NA	0	3.0510	Viruses;Duplodnaviria;Heunggongvirae;Uroviricota;Caudoviricetes;;
k141_175917	2711	No terminal repeats	NA	7	11	0.9326	NA	0	5.1393	Viruses;Duplodnaviria;Heunggongvirae;Uroviricota;Caudoviricetes;;
k141_1747672	4733	No terminal repeats	NA	12	11	0.9326	NA	0	2.6341	Viruses;Duplodnaviria;Heunggongvirae;Uroviricota;Caudoviricetes;;
k141_21810	3962	No terminal repeats	NA	5	11	0.9326	NA	0	4.9191	Viruses;Varidnaviria;Bamfordvirae;Nucleocytoviricota;Megaviricetes;Imitervirales;
k141_200478	7259	No terminal repeats	NA	15	11	0.9325	NA	0	5.5694	Viruses;Duplodnaviria;Heunggongvirae;Uroviricota;Caudoviricetes;;
k141_2052234	3909	No terminal repeats	NA	8	11	0.9324	NA	0	2.1973	Viruses;Duplodnaviria;Heunggongvirae;Uroviricota;Caudoviricetes;;
k141_1377054	3537	No terminal repeats	NA	6	11	0.9323	NA	0	1.7183	Viruses;Duplodnaviria;Heunggongvirae;Uroviricota;Caudoviricetes;;Herelleviridae
k141_2136952	5626	No terminal repeats	NA	9	11	0.9323	NA	1	4.0829	Viruses;Duplodnaviria;Heunggongvirae;Uroviricota;Caudoviricetes;;
k141_908687	9654	No terminal repeats	NA	13	11	0.9323	NA	0	10.3073	Viruses;Varidnaviria;Bamfordvirae;Nucleocytoviricota;Megaviricetes;;
k141_826414	8465	No terminal repeats	NA	5	11	0.9322	NA	0	2.7240	Viruses;Duplodnaviria;Heunggongvirae;Uroviricota;Caudoviricetes;;Ackermannviridae
k141_236688	6185	No terminal repeats	NA	14	11	0.9321	NA	0	3.2996	Viruses;Duplodnaviria;Heunggongvirae;Uroviricota;Caudoviricetes;;
k141_2056333	9198	No terminal repeats	NA	18	11	0.9321	NA	1	20.6516	Viruses;Duplodnaviria;Heunggongvirae;Uroviricota;Caudoviricetes;;
k141_2128410	7856	No terminal repeats	NA	12	11	0.9318	NA	2	8.0418	Viruses;Varidnaviria;Bamfordvirae;Nucleocytoviricota;Megaviricetes;Imitervirales;
k141_1112505	6230	No terminal repeats	NA	6	11	0.9317	NA	0	6.8512	Viruses;Duplodnaviria;Heunggongvirae;Uroviricota;Caudoviricetes;;
k141_993435	4699	No terminal repeats	NA	7	11	0.9315	NA	1	3.4366	Viruses;Varidnaviria;Bamfordvirae;Nucleocytoviricota;Megaviricetes;Algavirales;Phycodnaviridae
k141_2303919	3904	No terminal repeats	NA	7	11	0.9315	NA	1	5.1548	Viruses;Duplodnaviria;Heunggongvirae;Uroviricota;Caudoviricetes;;
k141_1029118	4095	No terminal repeats	NA	7	11	0.9309	NA	0	1.4830	Viruses;Duplodnaviria;Heunggongvirae;Uroviricota;Caudoviricetes;;Straboviridae
k141_639354	4681	No terminal repeats	NA	7	11	0.9308	NA	0	3.4348	Viruses;Duplodnaviria;Heunggongvirae;Uroviricota;Caudoviricetes;;
k141_2095922	4438	No terminal repeats	NA	7	11	0.9308	NA	1	8.5874	Viruses;Duplodnaviria;Heunggongvirae;Uroviricota;Caudoviricetes;;
k141_1709290	9402	No terminal repeats	NA	16	11	0.9308	NA	0	11.7935	Viruses;Duplodnaviria;Heunggongvirae;Uroviricota;Caudoviricetes;;
k141_527086	4021	No terminal repeats	NA	5	11	0.9307	NA	0	3.4300	Viruses;Varidnaviria;Bamfordvirae;Nucleocytoviricota;Megaviricetes;Imitervirales;Mimiviridae
k141_1002219	4808	No terminal repeats	NA	7	11	0.9306	NA	1	7.9192	Viruses;Duplodnaviria;Heunggongvirae;Uroviricota;Caudoviricetes;;
k141_2014437	6091	No terminal repeats	NA	13	11	0.9305	NA	1	5.1818	Viruses;Duplodnaviria;Heunggongvirae;Uroviricota;Caudoviricetes;;
k141_2263968	5170	No terminal repeats	NA	6	11	0.9304	NA	0	1.2306	Viruses;Varidnaviria;Bamfordvirae;Nucleocytoviricota;Megaviricetes;;
k141_1982492	8017	No terminal repeats	NA	8	11	0.9304	NA	0	1.7162	Viruses;Varidnaviria;Bamfordvirae;Nucleocytoviricota;Megaviricetes;Imitervirales;Mimiviridae
k141_2031132	4134	No terminal repeats	NA	7	11	0.9303	NA	0	8.5914	Viruses;Varidnaviria;Bamfordvirae;Nucleocytoviricota;Megaviricetes;Imitervirales;
k141_573380	4499	No terminal repeats	NA	6	11	0.9302	NA	0	2.9868	Unclassified
k141_9741	3565	No terminal repeats	NA	7	11	0.9302	NA	0	1.7183	Viruses;Varidnaviria;Bamfordvirae;Nucleocytoviricota;Megaviricetes;Algavirales;Phycodnaviridae
k141_312348	5515	No terminal repeats	NA	10	11	0.9302	NA	0	5.0745	Viruses;Varidnaviria;Bamfordvirae;Nucleocytoviricota;Megaviricetes;Algavirales;Phycodnaviridae
k141_573534	5937	No terminal repeats	NA	5	11	0.9301	NA	1	1.7183	Viruses;Varidnaviria;Bamfordvirae;Nucleocytoviricota;Megaviricetes;Algavirales;Phycodnaviridae
k141_1690137	3576	No terminal repeats	NA	6	11	0.9301	NA	0	3.3918	Viruses;Varidnaviria;Bamfordvirae;Nucleocytoviricota;Megaviricetes;Algavirales;Phycodnaviridae
k141_1296366	9193	No terminal repeats	NA	14	11	0.9301	NA	0	4.7886	Viruses;Varidnaviria;Bamfordvirae;Nucleocytoviricota;Megaviricetes;Imitervirales;Mimiviridae
k141_109107	158327	No terminal repeats	NA	159	11	0.9301	NA	1	44.3644	Viruses;Duplodnaviria;Heunggongvirae;Uroviricota;Caudoviricetes;;
k141_681689	4227	No terminal repeats	NA	6	11	0.9300	NA	0	1.7183	Viruses;Varidnaviria;Bamfordvirae;Nucleocytoviricota;Megaviricetes;;
k141_435805	3710	No terminal repeats	NA	7	11	0.9298	NA	0	0.0000	Unclassified
k141_682365	5130	No terminal repeats	NA	10	11	0.9298	NA	0	3.1494	Viruses;Duplodnaviria;Heunggongvirae;Uroviricota;Caudoviricetes;;
k141_926113	7816	No terminal repeats	NA	7	11	0.9295	NA	0	3.4345	Viruses;Varidnaviria;Bamfordvirae;Nucleocytoviricota;Megaviricetes;Imitervirales;Mimiviridae
k141_2141537	5296	No terminal repeats	NA	14	11	0.9294	NA	0	1.4855	Viruses;Duplodnaviria;Heunggongvirae;Uroviricota;Caudoviricetes;;
k141_1938747	5269	No terminal repeats	NA	8	11	0.9294	NA	0	1.7183	Viruses;Varidnaviria;Bamfordvirae;Nucleocytoviricota;Megaviricetes;Algavirales;Phycodnaviridae
k141_82032	8415	No terminal repeats	NA	11	11	0.9293	NA	0	3.0217	Viruses;Duplodnaviria;Heunggongvirae;Uroviricota;Caudoviricetes;;Straboviridae
k141_299231	4858	No terminal repeats	NA	13	11	0.9292	NA	0	3.9932	Viruses;Duplodnaviria;Heunggongvirae;Uroviricota;Caudoviricetes;;
k141_2276247	4220	No terminal repeats	NA	7	11	0.9291	NA	0	1.7183	Viruses;Duplodnaviria;Heunggongvirae;Uroviricota;Caudoviricetes;;
k141_1960145	3561	No terminal repeats	NA	5	11	0.9291	NA	1	2.9938	Viruses;Duplodnaviria;Heunggongvirae;Uroviricota;Caudoviricetes;;
k141_1175019	6262	No terminal repeats	NA	5	11	0.9288	NA	0	1.7183	Viruses;Varidnaviria;Bamfordvirae;Nucleocytoviricota;Megaviricetes;Imitervirales;Mimiviridae
k141_491095	5020	No terminal repeats	NA	6	11	0.9287	NA	0	2.6779	Viruses;Duplodnaviria;Heunggongvirae;Uroviricota;Caudoviricetes;;Kyanoviridae
k141_275485	5457	No terminal repeats	NA	11	11	0.9286	NA	2	7.7418	Viruses;;;;;;
k141_2068684	4320	No terminal repeats	NA	6	11	0.9284	NA	0	0.0000	Unclassified
k141_1112269	5397	No terminal repeats	NA	7	11	0.9280	NA	0	5.8327	Viruses;Duplodnaviria;Heunggongvirae;Uroviricota;Caudoviricetes;;
k141_672817	9858	No terminal repeats	NA	13	11	0.9278	NA	0	4.4878	Viruses;Varidnaviria;Bamfordvirae;Nucleocytoviricota;Megaviricetes;;
k141_1539325	3719	No terminal repeats	NA	5	11	0.9278	NA	0	1.7183	Viruses;Varidnaviria;Bamfordvirae;Nucleocytoviricota;Megaviricetes;Algavirales;Phycodnaviridae
k141_1344000	3391	No terminal repeats	NA	4	11	0.9278	NA	0	1.7183	Viruses;Varidnaviria;Bamfordvirae;Nucleocytoviricota;Megaviricetes;;
k141_339407	3657	No terminal repeats	NA	7	11	0.9277	NA	0	1.7183	Viruses;Varidnaviria;Bamfordvirae;Nucleocytoviricota;Megaviricetes;Algavirales;Phycodnaviridae
k141_1186039	3504	No terminal repeats	NA	5	11	0.9277	NA	0	4.7426	Viruses;Duplodnaviria;Heunggongvirae;Uroviricota;Caudoviricetes;;
k141_2367945	9009	No terminal repeats	NA	10	11	0.9273	NA	0	1.7183	Viruses;Varidnaviria;Bamfordvirae;Nucleocytoviricota;Megaviricetes;Algavirales;Phycodnaviridae
k141_1095662	3679	No terminal repeats	NA	8	11	0.9273	NA	1	2.4521	Viruses;Duplodnaviria;Heunggongvirae;Uroviricota;Caudoviricetes;;
k141_1399497	6473	No terminal repeats	NA	9	11	0.9273	NA	1	6.4359	Viruses;Duplodnaviria;Heunggongvirae;Uroviricota;Caudoviricetes;;
k141_1092886	6270	No terminal repeats	NA	6	11	0.9272	NA	0	4.9291	Viruses;Duplodnaviria;Heunggongvirae;Uroviricota;Caudoviricetes;;
k141_1662188	5313	No terminal repeats	NA	7	11	0.9269	NA	0	5.8899	Viruses;Duplodnaviria;Heunggongvirae;Uroviricota;Caudoviricetes;;
k141_659546	4118	No terminal repeats	NA	6	11	0.9268	NA	0	0.0000	Unclassified
k141_513572	7910	No terminal repeats	NA	12	11	0.9267	NA	0	14.0878	Viruses;Duplodnaviria;Heunggongvirae;Uroviricota;Caudoviricetes;;
k141_1088415	5047	No terminal repeats	NA	9	11	0.9267	NA	0	0.0000	Unclassified
k141_2132488	7996	No terminal repeats	NA	14	11	0.9267	NA	2	9.3835	Viruses;Duplodnaviria;Heunggongvirae;Uroviricota;Caudoviricetes;;
k141_1885240	9051	No terminal repeats	NA	12	11	0.9266	NA	0	1.7183	Viruses;Varidnaviria;Bamfordvirae;Nucleocytoviricota;Megaviricetes;Algavirales;Phycodnaviridae
k141_942451	4134	No terminal repeats	NA	6	11	0.9266	NA	0	3.1959	Viruses;Varidnaviria;Bamfordvirae;Nucleocytoviricota;Megaviricetes;Algavirales;Phycodnaviridae
k141_685836	3706	No terminal repeats	NA	5	11	0.9264	NA	1	1.7183	Viruses;Varidnaviria;Bamfordvirae;Nucleocytoviricota;Megaviricetes;Algavirales;Phycodnaviridae
k141_1535748	5174	No terminal repeats	NA	7	11	0.9264	NA	1	1.7183	Viruses;Varidnaviria;Bamfordvirae;Nucleocytoviricota;Megaviricetes;Imitervirales;
k141_1227335	8877	No terminal repeats	NA	9	11	0.9263	NA	0	3.1893	Viruses;Duplodnaviria;Heunggongvirae;Uroviricota;Caudoviricetes;;
k141_2115310	8432	No terminal repeats	NA	7	11	0.9262	NA	2	4.6043	Viruses;Varidnaviria;Bamfordvirae;Nucleocytoviricota;Megaviricetes;;
k141_490970	5817	No terminal repeats	NA	7	11	0.9262	NA	0	5.1086	Viruses;Duplodnaviria;Heunggongvirae;Uroviricota;Caudoviricetes;;
k141_2139401	7973	No terminal repeats	NA	14	11	0.9260	NA	0	6.4716	Viruses;Duplodnaviria;Heunggongvirae;Uroviricota;Caudoviricetes;;
k141_2131885	5361	No terminal repeats	NA	6	11	0.9260	NA	1	5.7449	Viruses;Duplodnaviria;Heunggongvirae;Uroviricota;Caudoviricetes;;
k141_767361	4030	No terminal repeats	NA	7	11	0.9259	NA	3	4.4831	Viruses;Duplodnaviria;Heunggongvirae;Uroviricota;Caudoviricetes;;
k141_373405	7572	No terminal repeats	NA	8	11	0.9258	NA	0	0.0000	Unclassified
k141_1852338	137744	No terminal repeats	NA	194	11	0.9258	NA	3	57.3609	Viruses;Duplodnaviria;Heunggongvirae;Uroviricota;Caudoviricetes;;
k141_257352	4262	No terminal repeats	NA	6	11	0.9257	NA	0	0.0000	Unclassified
k141_1586855	5308	No terminal repeats	NA	10	11	0.9256	NA	0	1.3612	Viruses;Duplodnaviria;Heunggongvirae;Uroviricota;Caudoviricetes;;
k141_323099	3872	No terminal repeats	NA	5	11	0.9256	NA	0	1.7183	Viruses;Varidnaviria;Bamfordvirae;Nucleocytoviricota;Megaviricetes;Imitervirales;Mimiviridae
k141_1279484	4499	No terminal repeats	NA	5	11	0.9255	NA	0	1.7183	Viruses;Varidnaviria;Bamfordvirae;Nucleocytoviricota;Megaviricetes;Imitervirales;Schizomimiviridae
k141_1847500	4866	No terminal repeats	NA	5	11	0.9255	NA	3	6.1951	Viruses;Duplodnaviria;Heunggongvirae;Uroviricota;Caudoviricetes;;
k141_1746287	5012	No terminal repeats	NA	7	11	0.9253	NA	1	3.4366	Viruses;Duplodnaviria;Heunggongvirae;Uroviricota;Caudoviricetes;;
k141_1132863	5606	No terminal repeats	NA	6	11	0.9253	NA	1	3.4105	Viruses;Varidnaviria;Bamfordvirae;Nucleocytoviricota;Megaviricetes;Algavirales;Phycodnaviridae
k141_1528550	4939	No terminal repeats	NA	5	11	0.9252	NA	0	3.3270	Viruses;Duplodnaviria;Heunggongvirae;Uroviricota;Caudoviricetes;;
k141_1730414	3717	No terminal repeats	NA	5	11	0.9252	NA	0	2.4372	Viruses;Duplodnaviria;Heunggongvirae;Uroviricota;Caudoviricetes;;
k141_647955	6330	No terminal repeats	NA	15	11	0.9251	NA	2	7.6781	Viruses;Duplodnaviria;Heunggongvirae;Uroviricota;Caudoviricetes;;
k141_1381553	4427	No terminal repeats	NA	12	11	0.9251	NA	1	9.8010	Viruses;Duplodnaviria;Heunggongvirae;Uroviricota;Caudoviricetes;;
k141_1526678	4926	No terminal repeats	NA	6	11	0.9249	NA	0	1.7183	Viruses;Varidnaviria;Bamfordvirae;Nucleocytoviricota;Megaviricetes;Imitervirales;Mimiviridae
k141_318054	5871	No terminal repeats	NA	9	11	0.9248	NA	0	1.7183	Unclassified
k141_688464	4284	No terminal repeats	NA	7	11	0.9247	NA	2	3.0702	Viruses;Duplodnaviria;Heunggongvirae;Uroviricota;Caudoviricetes;;
k141_1731862	3996	No terminal repeats	NA	8	11	0.9247	NA	0	3.3348	Unclassified
k141_1535116	5952	No terminal repeats	NA	10	11	0.9247	NA	0	1.3083	Viruses;Duplodnaviria;Heunggongvirae;Uroviricota;Caudoviricetes;;
k141_2115859	3640	No terminal repeats	NA	5	11	0.9244	NA	2	3.0244	Viruses;Duplodnaviria;Heunggongvirae;Uroviricota;Caudoviricetes;;
k141_462093	3713	No terminal repeats	NA	6	11	0.9243	NA	0	0.0000	Unclassified
k141_2242862	3787	No terminal repeats	NA	5	11	0.9241	NA	0	1.7183	Viruses;Varidnaviria;Bamfordvirae;Nucleocytoviricota;Megaviricetes;Imitervirales;
k141_2272144	6039	No terminal repeats	NA	9	11	0.9239	NA	0	6.8731	Viruses;Varidnaviria;Bamfordvirae;Nucleocytoviricota;Megaviricetes;Imitervirales;Allomimiviridae
k141_623755	3870	No terminal repeats	NA	9	11	0.9239	NA	0	2.6617	Viruses;Duplodnaviria;Heunggongvirae;Uroviricota;Caudoviricetes;;
k141_1121659	3722	No terminal repeats	NA	5	11	0.9238	NA	0	1.7183	Unclassified
k141_140502	4639	No terminal repeats	NA	13	11	0.9238	NA	0	4.4228	Viruses;Duplodnaviria;Heunggongvirae;Uroviricota;Caudoviricetes;;
k141_2267272	6424	No terminal repeats	NA	6	11	0.9238	NA	0	9.5817	Viruses;Varidnaviria;Bamfordvirae;Nucleocytoviricota;Megaviricetes;Imitervirales;
k141_1759313	582	No terminal repeats	NA	2	11	0.9236	NA	1	3.4138	Viruses;Duplodnaviria;Heunggongvirae;Uroviricota;Caudoviricetes;;
k141_2067181	88701	No terminal repeats	NA	87	11	0.9236	NA	0	34.2290	Viruses;Duplodnaviria;Heunggongvirae;Uroviricota;Caudoviricetes;;
k141_514060	4690	No terminal repeats	NA	6	11	0.9235	NA	0	1.7183	Viruses;Varidnaviria;Bamfordvirae;Nucleocytoviricota;Megaviricetes;;
k141_1167386	4294	No terminal repeats	NA	6	11	0.9235	NA	0	1.7183	Viruses;Varidnaviria;Bamfordvirae;Nucleocytoviricota;Megaviricetes;Imitervirales;Mimiviridae
k141_2219428	9848	No terminal repeats	NA	15	11	0.9233	NA	0	1.9755	Viruses;Varidnaviria;Bamfordvirae;Preplasmiviricota;Tectiliviricetes;Kalamavirales;Tectiviridae
k141_1907435	6673	No terminal repeats	NA	6	11	0.9231	NA	0	1.7183	Viruses;Duplodnaviria;Heunggongvirae;Uroviricota;Caudoviricetes;;
k141_916346	4040	No terminal repeats	NA	5	11	0.9229	NA	0	2.7297	Viruses;Varidnaviria;Bamfordvirae;Nucleocytoviricota;Megaviricetes;;
k141_1908518	2345	No terminal repeats	NA	4	11	0.9229	NA	2	5.1374	Viruses;Duplodnaviria;Heunggongvirae;Uroviricota;Caudoviricetes;;
k141_1308783	4270	No terminal repeats	NA	6	11	0.9227	NA	2	7.4151	Viruses;Duplodnaviria;Heunggongvirae;Uroviricota;Caudoviricetes;;
k141_1949833	228727	No terminal repeats	NA	268	11	0.9227	NA	17	96.5024	Viruses;Duplodnaviria;Heunggongvirae;Uroviricota;Caudoviricetes;;
k141_1689269	7934	No terminal repeats	NA	8	11	0.9225	NA	1	7.6498	Viruses;Varidnaviria;Bamfordvirae;Nucleocytoviricota;Megaviricetes;Algavirales;Phycodnaviridae
k141_544547	6852	No terminal repeats	NA	13	11	0.9223	NA	0	4.6318	Viruses;Duplodnaviria;Heunggongvirae;Uroviricota;Caudoviricetes;;
k141_1976944	3834	No terminal repeats	NA	5	11	0.9220	NA	1	3.4366	Viruses;Varidnaviria;Bamfordvirae;Nucleocytoviricota;Megaviricetes;Imitervirales;
k141_2142866	3738	No terminal repeats	NA	7	11	0.9219	NA	0	1.7183	Viruses;Varidnaviria;Bamfordvirae;Nucleocytoviricota;Megaviricetes;Imitervirales;Mimiviridae
k141_1987498	5632	No terminal repeats	NA	5	11	0.9218	NA	1	1.4678	Viruses;Varidnaviria;Bamfordvirae;Nucleocytoviricota;Megaviricetes;Algavirales;Phycodnaviridae
k141_2140529	5364	No terminal repeats	NA	6	11	0.9217	NA	0	3.5356	Viruses;Duplodnaviria;Heunggongvirae;Uroviricota;Caudoviricetes;;
k141_1263953	7319	No terminal repeats	NA	14	11	0.9215	NA	0	4.6121	Viruses;Duplodnaviria;Heunggongvirae;Uroviricota;Caudoviricetes;;
k141_1567045	4535	No terminal repeats	NA	7	11	0.9214	NA	1	6.6407	Viruses;Varidnaviria;Bamfordvirae;Nucleocytoviricota;Megaviricetes;;
k141_42963	4701	No terminal repeats	NA	12	11	0.9213	NA	0	1.4783	Viruses;Duplodnaviria;Heunggongvirae;Uroviricota;Caudoviricetes;;
k141_1462262	5688	No terminal repeats	NA	8	11	0.9210	NA	4	8.7215	Viruses;Duplodnaviria;Heunggongvirae;Uroviricota;Caudoviricetes;;
k141_210249	7049	No terminal repeats	NA	20	11	0.9210	NA	0	1.7183	Viruses;Duplodnaviria;Heunggongvirae;Uroviricota;Caudoviricetes;;
k141_670054	4970	No terminal repeats	NA	6	11	0.9207	NA	0	3.4192	Viruses;Varidnaviria;Bamfordvirae;Nucleocytoviricota;Megaviricetes;Imitervirales;Mimiviridae
k141_1515607	4203	No terminal repeats	NA	6	11	0.9204	NA	0	8.5914	Viruses;Duplodnaviria;Heunggongvirae;Uroviricota;Caudoviricetes;;
k141_1681757	3862	No terminal repeats	NA	8	11	0.9201	NA	0	5.1548	Viruses;Duplodnaviria;Heunggongvirae;Uroviricota;Caudoviricetes;;Kyanoviridae
k141_1060124	4077	No terminal repeats	NA	6	11	0.9200	NA	1	4.2254	Viruses;Duplodnaviria;Heunggongvirae;Uroviricota;Caudoviricetes;;
k141_1797778	4413	No terminal repeats	NA	9	11	0.9200	NA	0	5.4109	Viruses;Duplodnaviria;Heunggongvirae;Uroviricota;Caudoviricetes;;
k141_2317729	6960	No terminal repeats	NA	10	11	0.9200	NA	0	5.1166	Viruses;Duplodnaviria;Heunggongvirae;Uroviricota;Caudoviricetes;;
k141_298430	3711	No terminal repeats	NA	14	11	0.9199	NA	0	1.7183	Viruses;Duplodnaviria;Heunggongvirae;Uroviricota;Caudoviricetes;;Kyanoviridae
k141_1785023	5514	No terminal repeats	NA	6	11	0.9197	NA	0	1.7183	Viruses;Duplodnaviria;Heunggongvirae;Uroviricota;Caudoviricetes;;Stanwilliamsviridae
k141_628302	3920	No terminal repeats	NA	5	11	0.9197	NA	1	1.7183	Viruses;Duplodnaviria;Heunggongvirae;Uroviricota;Caudoviricetes;;
k141_141505	5746	No terminal repeats	NA	5	11	0.9193	NA	0	1.5980	Viruses;Varidnaviria;Bamfordvirae;Nucleocytoviricota;Megaviricetes;Algavirales;Phycodnaviridae
k141_2161791	4507	No terminal repeats	NA	11	11	0.9192	NA	0	1.7183	Viruses;Duplodnaviria;Heunggongvirae;Uroviricota;Caudoviricetes;;Herelleviridae
k141_429284	6759	No terminal repeats	NA	10	11	0.9190	NA	0	8.3460	Viruses;Varidnaviria;Bamfordvirae;Nucleocytoviricota;Megaviricetes;Algavirales;Phycodnaviridae
k141_792571	5667	No terminal repeats	NA	8	11	0.9190	NA	1	2.9820	Viruses;Duplodnaviria;Heunggongvirae;Uroviricota;Caudoviricetes;;
k141_42138	6563	No terminal repeats	NA	5	11	0.9186	NA	0	2.9791	Viruses;Duplodnaviria;Heunggongvirae;Uroviricota;Caudoviricetes;;
k141_1678644	3933	No terminal repeats	NA	9	11	0.9184	NA	0	2.6271	Viruses;Duplodnaviria;Heunggongvirae;Uroviricota;Caudoviricetes;;
k141_2131816	6952	No terminal repeats	NA	15	11	0.9184	NA	0	0.9374	Viruses;Duplodnaviria;Heunggongvirae;Uroviricota;Caudoviricetes;;
k141_2093907	5096	No terminal repeats	NA	11	11	0.9183	NA	0	12.9230	Viruses;Duplodnaviria;Heunggongvirae;Uroviricota;Caudoviricetes;;
k141_198833	5676	No terminal repeats	NA	5	11	0.9183	NA	3	4.6802	Viruses;Duplodnaviria;Heunggongvirae;Uroviricota;Caudoviricetes;;
k141_392751	7438	No terminal repeats	NA	8	11	0.9181	NA	0	4.8291	Viruses;Duplodnaviria;Heunggongvirae;Uroviricota;Caudoviricetes;;
k141_487720	6063	No terminal repeats	NA	8	11	0.9176	NA	0	1.6269	Viruses;Duplodnaviria;Heunggongvirae;Uroviricota;Caudoviricetes;;
k141_1068884	4538	No terminal repeats	NA	6	11	0.9174	NA	0	1.7183	Viruses;Duplodnaviria;Heunggongvirae;Uroviricota;Caudoviricetes;;
k141_418441	5855	No terminal repeats	NA	4	11	0.9174	NA	0	3.4114	Viruses;Duplodnaviria;Heunggongvirae;Uroviricota;Caudoviricetes;;
k141_1013162	5128	No terminal repeats	NA	7	11	0.9173	NA	0	0.0000	Unclassified
k141_947767	3887	No terminal repeats	NA	8	11	0.9171	NA	0	3.4347	Viruses;Duplodnaviria;Heunggongvirae;Uroviricota;Caudoviricetes;;
k141_226541	6195	No terminal repeats	NA	7	11	0.9170	NA	1	1.7183	Viruses;Varidnaviria;Bamfordvirae;Nucleocytoviricota;Megaviricetes;Imitervirales;Mimiviridae
k141_375064	4330	No terminal repeats	NA	5	11	0.9170	NA	0	1.7183	Viruses;Varidnaviria;Bamfordvirae;Nucleocytoviricota;Megaviricetes;Imitervirales;Mimiviridae
k141_1183166	9425	No terminal repeats	NA	16	11	0.9169	NA	0	7.3644	Viruses;Duplodnaviria;Heunggongvirae;Uroviricota;Caudoviricetes;;
k141_177281	7716	No terminal repeats	NA	10	11	0.9168	NA	0	3.1379	Viruses;Duplodnaviria;Heunggongvirae;Uroviricota;Caudoviricetes;;
k141_1211932	4127	No terminal repeats	NA	7	11	0.9167	NA	0	2.6572	Viruses;Duplodnaviria;Heunggongvirae;Uroviricota;Caudoviricetes;;
k141_578231	3557	No terminal repeats	NA	5	11	0.9166	NA	0	1.7183	Viruses;Varidnaviria;Bamfordvirae;Nucleocytoviricota;Megaviricetes;Imitervirales;Mimiviridae
k141_1085062	4323	No terminal repeats	NA	6	11	0.9166	NA	0	2.9656	Viruses;Varidnaviria;Bamfordvirae;Nucleocytoviricota;Megaviricetes;Algavirales;Phycodnaviridae
k141_1066798	4749	No terminal repeats	NA	11	11	0.9165	NA	0	0.9821	Viruses;Duplodnaviria;Heunggongvirae;Uroviricota;Caudoviricetes;;
k141_1526885	7310	No terminal repeats	NA	15	11	0.9165	NA	0	2.3751	Viruses;Duplodnaviria;Heunggongvirae;Uroviricota;Caudoviricetes;;
k141_653663	3811	No terminal repeats	NA	6	11	0.9164	NA	0	1.7183	Viruses;Duplodnaviria;Heunggongvirae;Uroviricota;Caudoviricetes;;Kyanoviridae
k141_170506	4363	No terminal repeats	NA	6	11	0.9164	NA	2	10.3097	Viruses;Duplodnaviria;Heunggongvirae;Uroviricota;Caudoviricetes;;
k141_2121790	9608	No terminal repeats	NA	12	11	0.9162	NA	0	1.7127	Unclassified
k141_580500	4064	No terminal repeats	NA	5	11	0.9160	NA	0	1.7183	Viruses;Varidnaviria;Bamfordvirae;Nucleocytoviricota;Megaviricetes;Imitervirales;Mimiviridae
k141_483620	5476	No terminal repeats	NA	9	11	0.9157	NA	1	8.1480	Viruses;Duplodnaviria;Heunggongvirae;Uroviricota;Caudoviricetes;;
k141_1256745	4109	No terminal repeats	NA	12	11	0.9153	NA	1	4.5524	Viruses;Duplodnaviria;Heunggongvirae;Uroviricota;Caudoviricetes;;
k141_1281065	4793	No terminal repeats	NA	11	11	0.9152	NA	0	6.6542	Viruses;Duplodnaviria;Heunggongvirae;Uroviricota;Caudoviricetes;;
k141_335246	3635	No terminal repeats	NA	5	11	0.9151	NA	1	1.1485	Viruses;Duplodnaviria;Heunggongvirae;Uroviricota;Caudoviricetes;;
k141_1974892	8039	No terminal repeats	NA	9	11	0.9151	NA	0	6.5342	Viruses;Varidnaviria;Bamfordvirae;Nucleocytoviricota;Megaviricetes;;
k141_2039917	4953	No terminal repeats	NA	7	11	0.9147	NA	0	0.0000	Unclassified
k141_1912693	4244	No terminal repeats	NA	7	11	0.9147	NA	0	1.6367	Viruses;Duplodnaviria;Heunggongvirae;Uroviricota;Caudoviricetes;;
k141_352992	3521	No terminal repeats	NA	5	11	0.9146	NA	0	1.5019	Unclassified
k141_1252862	4790	No terminal repeats	NA	5	11	0.9146	NA	0	3.4366	Viruses;Varidnaviria;Bamfordvirae;Nucleocytoviricota;Megaviricetes;Algavirales;Phycodnaviridae
k141_338117	4401	No terminal repeats	NA	6	11	0.9144	NA	0	3.4247	Viruses;Duplodnaviria;Heunggongvirae;Uroviricota;Caudoviricetes;;
k141_1944418	5321	No terminal repeats	NA	12	11	0.9143	NA	0	2.8266	Viruses;Duplodnaviria;Heunggongvirae;Uroviricota;Caudoviricetes;;
k141_797931	5922	No terminal repeats	NA	5	11	0.9143	NA	0	1.7183	Viruses;Varidnaviria;Bamfordvirae;Nucleocytoviricota;Megaviricetes;Imitervirales;
k141_1386199	4981	No terminal repeats	NA	5	11	0.9142	NA	0	1.7183	Viruses;Varidnaviria;Bamfordvirae;Nucleocytoviricota;Megaviricetes;Imitervirales;Mimiviridae
k141_1592950	8303	No terminal repeats	NA	6	11	0.9141	NA	0	2.5114	Viruses;Duplodnaviria;Heunggongvirae;Uroviricota;Caudoviricetes;;
k141_1359979	8743	No terminal repeats	NA	15	11	0.9139	NA	0	4.3280	Viruses;Duplodnaviria;Heunggongvirae;Uroviricota;Caudoviricetes;;Kyanoviridae
k141_798442	6663	No terminal repeats	NA	7	11	0.9136	NA	0	0.0000	Unclassified
k141_1488564	4121	No terminal repeats	NA	5	11	0.9130	NA	4	6.3219	Viruses;Duplodnaviria;Heunggongvirae;Uroviricota;Caudoviricetes;;
k141_37839	4512	No terminal repeats	NA	6	11	0.9129	NA	0	1.7183	Unclassified
k141_1840456	6795	No terminal repeats	NA	11	11	0.9129	NA	2	5.1548	Viruses;Varidnaviria;Bamfordvirae;Nucleocytoviricota;Megaviricetes;Imitervirales;Mimiviridae
k141_1660242	7527	No terminal repeats	NA	10	11	0.9125	NA	0	8.0896	Viruses;Varidnaviria;Bamfordvirae;Nucleocytoviricota;Megaviricetes;Algavirales;Phycodnaviridae
k141_217310	3987	No terminal repeats	NA	7	11	0.9125	NA	1	2.9823	Viruses;Duplodnaviria;Heunggongvirae;Uroviricota;Caudoviricetes;;
k141_1788952	8774	No terminal repeats	NA	11	11	0.9123	NA	1	3.9251	Viruses;Varidnaviria;Bamfordvirae;Nucleocytoviricota;Megaviricetes;Imitervirales;Mimiviridae
k141_330234	6445	No terminal repeats	NA	6	11	0.9122	NA	0	4.7504	Viruses;Varidnaviria;Bamfordvirae;Nucleocytoviricota;Megaviricetes;;
k141_494	8062	No terminal repeats	NA	5	11	0.9120	NA	0	3.4302	Viruses;Varidnaviria;Bamfordvirae;Nucleocytoviricota;Megaviricetes;Algavirales;Phycodnaviridae
k141_2047461	3910	No terminal repeats	NA	9	11	0.9117	NA	3	11.9347	Viruses;Duplodnaviria;Heunggongvirae;Uroviricota;Caudoviricetes;;
k141_101126	3598	No terminal repeats	NA	5	11	0.9113	NA	1	1.4915	Viruses;Duplodnaviria;Heunggongvirae;Uroviricota;Caudoviricetes;;Vertoviridae
k141_594889	7600	No terminal repeats	NA	10	11	0.9111	NA	0	5.1548	Viruses;Varidnaviria;Bamfordvirae;Nucleocytoviricota;Megaviricetes;Imitervirales;
k141_925702	4145	No terminal repeats	NA	6	11	0.9105	NA	0	1.7161	Unclassified
k141_1063972	3852	No terminal repeats	NA	6	11	0.9103	NA	0	1.1549	Viruses;Duplodnaviria;Heunggongvirae;Uroviricota;Caudoviricetes;;
k141_107932	4095	No terminal repeats	NA	5	11	0.9103	NA	0	4.2756	Viruses;Duplodnaviria;Heunggongvirae;Uroviricota;Caudoviricetes;;
k141_1667013	5715	No terminal repeats	NA	14	11	0.9100	NA	1	12.0248	Viruses;Duplodnaviria;Heunggongvirae;Uroviricota;Caudoviricetes;;
k141_347206	4108	No terminal repeats	NA	13	11	0.9100	NA	0	1.7363	Viruses;Duplodnaviria;Heunggongvirae;Uroviricota;Caudoviricetes;;
k141_1033601	4460	No terminal repeats	NA	5	11	0.9098	NA	0	3.3976	Viruses;Duplodnaviria;Heunggongvirae;Uroviricota;Caudoviricetes;;
k141_13	7816	No terminal repeats	NA	9	11	0.9092	NA	1	5.1213	Viruses;Varidnaviria;Bamfordvirae;Nucleocytoviricota;Megaviricetes;Algavirales;Phycodnaviridae
k141_1383	6373	No terminal repeats	NA	8	11	0.9091	NA	0	1.3766	Unclassified
k141_1691900	4562	No terminal repeats	NA	5	11	0.9090	NA	0	1.7183	Unclassified
k141_1434072	5154	No terminal repeats	NA	6	11	0.9087	NA	1	6.8731	Viruses;Duplodnaviria;Heunggongvirae;Uroviricota;Caudoviricetes;;
k141_2093985	7313	No terminal repeats	NA	7	11	0.9087	NA	0	0.0000	Unclassified
k141_1604169	5686	No terminal repeats	NA	5	11	0.9085	NA	0	1.1165	Viruses;Duplodnaviria;Heunggongvirae;Uroviricota;Caudoviricetes;;Casjensviridae
k141_2100014	3366	No terminal repeats	NA	4	11	0.9084	NA	0	3.4366	Viruses;Varidnaviria;Bamfordvirae;Nucleocytoviricota;Megaviricetes;Imitervirales;
k141_1994962	4462	No terminal repeats	NA	7	11	0.9083	NA	0	1.5115	Viruses;Varidnaviria;Bamfordvirae;Nucleocytoviricota;Megaviricetes;Algavirales;Phycodnaviridae
k141_2242796	6771	No terminal repeats	NA	7	11	0.9083	NA	0	0.0000	Unclassified
k141_1664060	4392	No terminal repeats	NA	5	11	0.9082	NA	0	1.4783	Viruses;Duplodnaviria;Heunggongvirae;Uroviricota;Caudoviricetes;;
k141_1743193	5082	No terminal repeats	NA	5	11	0.9081	NA	0	1.7183	Viruses;Duplodnaviria;Heunggongvirae;Uroviricota;Caudoviricetes;;
k141_896796	4874	No terminal repeats	NA	7	11	0.9079	NA	0	8.4482	Viruses;Duplodnaviria;Heunggongvirae;Uroviricota;Caudoviricetes;;
k141_2071201	3867	No terminal repeats	NA	5	11	0.9077	NA	0	1.7183	Unclassified
k141_1985128	3988	No terminal repeats	NA	6	11	0.9075	NA	0	4.6357	Viruses;Varidnaviria;Bamfordvirae;Nucleocytoviricota;Megaviricetes;Algavirales;Phycodnaviridae
k141_322046	9588	No terminal repeats	NA	14	11	0.9073	NA	0	3.1363	Viruses;Varidnaviria;Bamfordvirae;Nucleocytoviricota;Megaviricetes;Algavirales;Phycodnaviridae
k141_2021926	3860	No terminal repeats	NA	5	11	0.9072	NA	2	2.8870	Viruses;Varidnaviria;Bamfordvirae;;;;
k141_1897543	3574	No terminal repeats	NA	6	11	0.9072	NA	1	3.4366	Viruses;Varidnaviria;Bamfordvirae;Nucleocytoviricota;Megaviricetes;Algavirales;Phycodnaviridae
k141_493867	8190	No terminal repeats	NA	7	11	0.9071	NA	0	1.7183	Viruses;Varidnaviria;Bamfordvirae;Nucleocytoviricota;Megaviricetes;Imitervirales;Mimiviridae
k141_1904767	136546	No terminal repeats	NA	102	11	0.9066	NA	1	31.5615	Viruses;Duplodnaviria;Heunggongvirae;Uroviricota;Caudoviricetes;;
k141_246026	59164	No terminal repeats	NA	85	11	0.9065	NA	0	42.0977	Viruses;Duplodnaviria;Heunggongvirae;Uroviricota;Caudoviricetes;;
k141_677452	3616	No terminal repeats	NA	10	11	0.9064	NA	0	13.7276	Viruses;Duplodnaviria;Heunggongvirae;Uroviricota;Caudoviricetes;;
k141_527400	4440	No terminal repeats	NA	8	11	0.9064	NA	2	2.7792	Viruses;Duplodnaviria;Heunggongvirae;Uroviricota;Caudoviricetes;;
k141_1503286	4057	No terminal repeats	NA	5	11	0.9059	NA	0	1.7183	Viruses;Varidnaviria;Bamfordvirae;Nucleocytoviricota;Megaviricetes;Imitervirales;Mimiviridae
k141_1237607	5311	No terminal repeats	NA	5	11	0.9058	NA	0	1.7183	Viruses;Varidnaviria;Bamfordvirae;Nucleocytoviricota;Megaviricetes;Imitervirales;Mimiviridae
k141_284001	5865	No terminal repeats	NA	6	11	0.9052	NA	0	1.7183	Viruses;Varidnaviria;Bamfordvirae;Nucleocytoviricota;Megaviricetes;Pimascovirales;Marseilleviridae
k141_1031813	9180	No terminal repeats	NA	7	11	0.9052	NA	0	0.0000	Unclassified
k141_1514921	4810	No terminal repeats	NA	8	11	0.9050	NA	0	1.7183	Unclassified
k141_2144411	4830	No terminal repeats	NA	6	11	0.9047	NA	0	3.1209	Viruses;Varidnaviria;Bamfordvirae;Nucleocytoviricota;Megaviricetes;Imitervirales;Mimiviridae
k141_1415735	4930	No terminal repeats	NA	8	11	0.9047	NA	1	1.7183	Viruses;Varidnaviria;Bamfordvirae;Nucleocytoviricota;Megaviricetes;Algavirales;Phycodnaviridae
k141_1074253	7311	No terminal repeats	NA	5	11	0.9044	NA	0	4.0287	Viruses;Varidnaviria;Bamfordvirae;Nucleocytoviricota;Megaviricetes;;
k141_201540	8168	No terminal repeats	NA	7	11	0.9041	NA	0	1.7183	Viruses;Varidnaviria;Bamfordvirae;Nucleocytoviricota;Megaviricetes;Imitervirales;Mimiviridae
k141_537126	8152	No terminal repeats	NA	9	11	0.9041	NA	0	1.6986	Viruses;Varidnaviria;Bamfordvirae;Nucleocytoviricota;Megaviricetes;Algavirales;Phycodnaviridae
k141_1668776	5387	No terminal repeats	NA	9	11	0.9039	NA	0	1.1690	Unclassified
k141_527624	6466	No terminal repeats	NA	10	11	0.9039	NA	0	0.0000	Unclassified
k141_2385338	5980	No terminal repeats	NA	10	11	0.9037	NA	0	0.0000	Unclassified
k141_2045122	6257	No terminal repeats	NA	7	11	0.9034	NA	0	8.4545	Viruses;Duplodnaviria;Heunggongvirae;Uroviricota;Caudoviricetes;;
k141_1654560	8260	No terminal repeats	NA	6	11	0.9032	NA	0	8.4019	Viruses;Duplodnaviria;Heunggongvirae;Uroviricota;Caudoviricetes;;
k141_394937	4637	No terminal repeats	NA	8	11	0.9030	NA	0	0.0000	Unclassified
k141_698356	3750	No terminal repeats	NA	7	11	0.9023	NA	0	3.4242	Viruses;Varidnaviria;Bamfordvirae;Preplasmiviricota;Maveriviricetes;Priklausovirales;
k141_45145	9989	No terminal repeats	NA	7	11	0.9022	NA	0	0.0000	Unclassified
k141_474315	8879	No terminal repeats	NA	20	11	0.9022	NA	0	3.3008	Viruses;Duplodnaviria;Heunggongvirae;Uroviricota;Caudoviricetes;;
k141_428995	4606	No terminal repeats	NA	6	11	0.9019	NA	2	4.9078	Viruses;Varidnaviria;Bamfordvirae;Nucleocytoviricota;Megaviricetes;Algavirales;Phycodnaviridae
k141_1946413	6458	No terminal repeats	NA	10	11	0.9019	NA	1	5.1536	Viruses;Duplodnaviria;Heunggongvirae;Uroviricota;Caudoviricetes;;
k141_993321	4612	No terminal repeats	NA	6	11	0.9016	NA	0	6.8731	Viruses;Varidnaviria;Bamfordvirae;Nucleocytoviricota;Megaviricetes;Algavirales;Phycodnaviridae
k141_54260	4951	No terminal repeats	NA	5	11	0.9015	NA	1	1.7183	Viruses;Varidnaviria;Bamfordvirae;Nucleocytoviricota;Megaviricetes;Algavirales;Phycodnaviridae
k141_875778	8369	No terminal repeats	NA	7	11	0.9013	NA	1	8.5605	Viruses;Duplodnaviria;Heunggongvirae;Uroviricota;Caudoviricetes;;
k141_2211455	4318	No terminal repeats	NA	9	11	0.9011	NA	0	2.8013	Viruses;Duplodnaviria;Heunggongvirae;Uroviricota;Caudoviricetes;;
k141_670768	5254	No terminal repeats	NA	7	11	0.9011	NA	1	6.8731	Viruses;Duplodnaviria;Heunggongvirae;Uroviricota;Caudoviricetes;;
k141_1731324	5780	No terminal repeats	NA	7	11	0.9007	NA	0	1.7183	Unclassified
k141_357322	4408	No terminal repeats	NA	7	11	0.9005	NA	0	0.0000	Unclassified
k141_813081	4548	No terminal repeats	NA	5	11	0.9003	NA	0	5.1439	Viruses;Varidnaviria;Bamfordvirae;Nucleocytoviricota;Megaviricetes;Algavirales;Phycodnaviridae
k141_585529	8288	No terminal repeats	NA	7	11	0.9002	NA	0	1.4783	Viruses;Duplodnaviria;Heunggongvirae;Uroviricota;Caudoviricetes;;
k141_702422	3818	No terminal repeats	NA	11	11	0.9001	NA	0	1.3198	Viruses;Duplodnaviria;Heunggongvirae;Uroviricota;Caudoviricetes;;
k141_680004	8830	No terminal repeats	NA	8	11	0.8999	NA	0	3.4366	Viruses;Varidnaviria;Bamfordvirae;Nucleocytoviricota;Megaviricetes;Imitervirales;Schizomimiviridae
k141_907170	3667	No terminal repeats	NA	6	11	0.8996	NA	0	1.7183	Unclassified
k141_2393500	4227	No terminal repeats	NA	7	11	0.8993	NA	2	9.2113	Viruses;Duplodnaviria;Heunggongvirae;Uroviricota;Caudoviricetes;;
k141_2289753	3584	No terminal repeats	NA	6	11	0.8992	NA	0	1.7183	Unclassified
k141_328980	3586	No terminal repeats	NA	7	11	0.8992	NA	0	3.0605	Viruses;Duplodnaviria;Heunggongvirae;Uroviricota;Caudoviricetes;;
k141_1006443	3707	No terminal repeats	NA	6	11	0.8992	NA	0	2.7722	Viruses;Duplodnaviria;Heunggongvirae;Uroviricota;Caudoviricetes;;Fredfastierviridae
k141_381537	7259	No terminal repeats	NA	6	11	0.8991	NA	1	4.6961	Viruses;Duplodnaviria;Heunggongvirae;Uroviricota;Caudoviricetes;;
k141_1499034	6112	No terminal repeats	NA	5	11	0.8991	NA	0	1.7183	Viruses;Varidnaviria;Bamfordvirae;Nucleocytoviricota;Megaviricetes;Imitervirales;Mimiviridae
k141_1577613	4214	No terminal repeats	NA	6	11	0.8988	NA	0	1.7183	Viruses;Duplodnaviria;Heunggongvirae;Uroviricota;Caudoviricetes;;
k141_854850	5141	No terminal repeats	NA	7	11	0.8987	NA	0	1.4821	Viruses;Duplodnaviria;Heunggongvirae;Uroviricota;Caudoviricetes;;
k141_925512	5973	No terminal repeats	NA	6	11	0.8982	NA	0	1.9755	Viruses;Varidnaviria;Bamfordvirae;Preplasmiviricota;Tectiliviricetes;Coyopavirales;Chaacviridae
k141_272779	4278	No terminal repeats	NA	6	11	0.8982	NA	0	1.7121	Viruses;Varidnaviria;Bamfordvirae;Nucleocytoviricota;Megaviricetes;Imitervirales;Mimiviridae
k141_546857	6434	No terminal repeats	NA	12	11	0.8978	NA	1	4.1857	Viruses;Duplodnaviria;Heunggongvirae;Uroviricota;Caudoviricetes;;
k141_1732373	4405	No terminal repeats	NA	6	11	0.8976	NA	0	1.7183	Viruses;Varidnaviria;Bamfordvirae;Nucleocytoviricota;Megaviricetes;;
k141_545735	7813	No terminal repeats	NA	22	11	0.8974	NA	0	2.4965	Viruses;Duplodnaviria;Heunggongvirae;Uroviricota;Caudoviricetes;;
k141_2365063	5266	No terminal repeats	NA	5	11	0.8972	NA	0	3.3704	Viruses;Duplodnaviria;Heunggongvirae;Uroviricota;Caudoviricetes;;
k141_1179121	5527	No terminal repeats	NA	9	11	0.8972	NA	1	8.4122	Viruses;Duplodnaviria;Heunggongvirae;Uroviricota;Caudoviricetes;;
k141_974598	3702	No terminal repeats	NA	5	11	0.8971	NA	0	1.7183	Viruses;Duplodnaviria;Heunggongvirae;Uroviricota;Caudoviricetes;;
k141_1518676	4100	No terminal repeats	NA	4	11	0.8969	NA	2	4.3062	Viruses;Duplodnaviria;Heunggongvirae;Uroviricota;Caudoviricetes;;
k141_623959	7944	No terminal repeats	NA	9	11	0.8969	NA	2	10.0033	Viruses;Duplodnaviria;Heunggongvirae;Uroviricota;Caudoviricetes;;Stanwilliamsviridae
k141_336644	6173	No terminal repeats	NA	10	11	0.8966	NA	0	0.0000	Unclassified
k141_366680	3515	No terminal repeats	NA	11	11	0.8965	NA	0	1.7183	Viruses;Duplodnaviria;Heunggongvirae;Uroviricota;Caudoviricetes;;
k141_2240395	3834	No terminal repeats	NA	5	11	0.8963	NA	0	1.7183	Viruses;Varidnaviria;Bamfordvirae;Nucleocytoviricota;Megaviricetes;Imitervirales;Mimiviridae
k141_705797	3601	No terminal repeats	NA	8	11	0.8962	NA	0	3.4343	Viruses;Duplodnaviria;Heunggongvirae;Uroviricota;Caudoviricetes;;
k141_1774256	4445	No terminal repeats	NA	6	11	0.8960	NA	0	1.4551	Viruses;Varidnaviria;Bamfordvirae;Nucleocytoviricota;Megaviricetes;Algavirales;Phycodnaviridae
k141_874048	4078	No terminal repeats	NA	7	11	0.8954	NA	1	6.2991	Viruses;Duplodnaviria;Heunggongvirae;Uroviricota;Caudoviricetes;;
k141_96618	8871	No terminal repeats	NA	16	11	0.8953	NA	2	6.8579	Viruses;Duplodnaviria;Heunggongvirae;Uroviricota;Caudoviricetes;;
k141_1629758	4743	No terminal repeats	NA	5	11	0.8952	NA	2	6.8731	Viruses;Varidnaviria;Bamfordvirae;Nucleocytoviricota;Megaviricetes;Algavirales;Phycodnaviridae
k141_1408374	6337	No terminal repeats	NA	13	11	0.8949	NA	0	3.4366	Unclassified
k141_2405341	4576	No terminal repeats	NA	8	11	0.8949	NA	1	12.0018	Viruses;Duplodnaviria;Heunggongvirae;Uroviricota;Caudoviricetes;;
k141_437284	4099	No terminal repeats	NA	5	11	0.8949	NA	0	6.5269	Viruses;Duplodnaviria;Heunggongvirae;Uroviricota;Caudoviricetes;;Kyanoviridae
k141_379568	7987	No terminal repeats	NA	7	11	0.8945	NA	0	1.7159	Viruses;Varidnaviria;Bamfordvirae;Nucleocytoviricota;Megaviricetes;Algavirales;Phycodnaviridae
k141_1186405	3536	No terminal repeats	NA	7	11	0.8944	NA	0	0.9932	Viruses;Duplodnaviria;Heunggongvirae;Uroviricota;Caudoviricetes;;Zobellviridae
k141_1769233	4877	No terminal repeats	NA	15	11	0.8944	NA	0	8.5896	Viruses;Duplodnaviria;Heunggongvirae;Uroviricota;Caudoviricetes;;
k141_514660	7107	No terminal repeats	NA	11	11	0.8939	NA	0	5.9119	Viruses;Duplodnaviria;Heunggongvirae;Uroviricota;Caudoviricetes;;
k141_508736	3904	No terminal repeats	NA	10	11	0.8939	NA	0	3.4366	Unclassified
k141_1354800	4625	No terminal repeats	NA	5	11	0.8939	NA	0	1.7183	Viruses;Varidnaviria;Bamfordvirae;Nucleocytoviricota;Megaviricetes;Algavirales;Phycodnaviridae
k141_1071951	6205	No terminal repeats	NA	7	11	0.8937	NA	1	1.7183	Viruses;Varidnaviria;Bamfordvirae;Nucleocytoviricota;Megaviricetes;Imitervirales;Mimiviridae
k141_756927	4723	No terminal repeats	NA	7	11	0.8935	NA	0	0.0000	Unclassified
k141_2276489	3890	No terminal repeats	NA	5	11	0.8930	NA	1	6.6277	Viruses;Varidnaviria;Bamfordvirae;Nucleocytoviricota;Megaviricetes;Algavirales;Phycodnaviridae
k141_1675854	5988	No terminal repeats	NA	6	11	0.8928	NA	0	2.6531	Viruses;Varidnaviria;Bamfordvirae;Nucleocytoviricota;Megaviricetes;Imitervirales;Mimiviridae
k141_1496639	5118	No terminal repeats	NA	6	11	0.8926	NA	0	4.9942	Viruses;Duplodnaviria;Heunggongvirae;Uroviricota;Caudoviricetes;;
k141_509750	4448	No terminal repeats	NA	7	11	0.8925	NA	0	3.4242	Viruses;Varidnaviria;Bamfordvirae;Preplasmiviricota;Maveriviricetes;Priklausovirales;
k141_1941839	6026	No terminal repeats	NA	8	11	0.8919	NA	0	2.3781	Viruses;Duplodnaviria;Heunggongvirae;Uroviricota;Caudoviricetes;;
k141_1405838	4170	No terminal repeats	NA	7	11	0.8918	NA	0	4.5061	Viruses;Duplodnaviria;Heunggongvirae;Uroviricota;Caudoviricetes;;
k141_826484	3972	No terminal repeats	NA	4	11	0.8916	NA	0	0.0000	Unclassified
k141_987746	7060	No terminal repeats	NA	11	11	0.8911	NA	1	9.6439	Viruses;Varidnaviria;Bamfordvirae;Nucleocytoviricota;Megaviricetes;Algavirales;Phycodnaviridae
k141_984684	3031	No terminal repeats	NA	5	11	0.8910	NA	0	1.7183	Unclassified
k141_1667792	3944	No terminal repeats	NA	5	11	0.8906	NA	0	1.3520	Viruses;Varidnaviria;Bamfordvirae;Nucleocytoviricota;Megaviricetes;Algavirales;Phycodnaviridae
k141_1853665	9929	No terminal repeats	NA	8	11	0.8905	NA	0	1.7156	Viruses;Varidnaviria;Bamfordvirae;Nucleocytoviricota;Megaviricetes;Imitervirales;Mimiviridae
k141_1853294	4534	No terminal repeats	NA	7	11	0.8901	NA	0	4.4274	Viruses;Duplodnaviria;Heunggongvirae;Uroviricota;Caudoviricetes;;
k141_2106369	4763	No terminal repeats	NA	9	11	0.8896	NA	0	3.4114	Viruses;Duplodnaviria;Heunggongvirae;Uroviricota;Caudoviricetes;;
k141_1990536	3917	No terminal repeats	NA	5	11	0.8893	NA	0	1.7183	Viruses;;;;Naldaviricetes;Lefavirales;Baculoviridae
k141_1387341	4462	No terminal repeats	NA	7	11	0.8893	NA	0	1.6942	Viruses;Varidnaviria;Bamfordvirae;Nucleocytoviricota;Megaviricetes;Algavirales;Phycodnaviridae
k141_1847474|provirus_1_21714	21714	Provirus	1-21714	30	11	0.8885	NA	1	24.9358	Viruses;Duplodnaviria;Heunggongvirae;Uroviricota;Caudoviricetes;;
k141_26416	6187	No terminal repeats	NA	13	11	0.8883	NA	0	0.0000	Unclassified
k141_2343564	4489	No terminal repeats	NA	7	11	0.8874	NA	1	5.8715	Viruses;Duplodnaviria;Heunggongvirae;Uroviricota;Caudoviricetes;;
k141_1388083	5407	No terminal repeats	NA	6	11	0.8872	NA	0	6.8731	Viruses;Varidnaviria;Bamfordvirae;Nucleocytoviricota;Megaviricetes;Algavirales;Phycodnaviridae
k141_671152	3824	No terminal repeats	NA	5	11	0.8869	NA	0	1.7140	Viruses;Varidnaviria;Bamfordvirae;Nucleocytoviricota;Megaviricetes;Imitervirales;Mimiviridae
k141_2337144	6200	No terminal repeats	NA	7	11	0.8868	NA	2	4.3988	Viruses;Duplodnaviria;Heunggongvirae;Uroviricota;Caudoviricetes;;
k141_474739	3767	No terminal repeats	NA	5	11	0.8867	NA	0	5.1263	Unclassified
k141_156420	3682	No terminal repeats	NA	4	11	0.8865	NA	0	1.7140	Viruses;Varidnaviria;Bamfordvirae;Nucleocytoviricota;Megaviricetes;Imitervirales;Mimiviridae
k141_794066	4729	No terminal repeats	NA	5	11	0.8862	NA	0	0.0000	Unclassified
k141_883993	3546	No terminal repeats	NA	11	11	0.8861	NA	0	3.4366	Viruses;Duplodnaviria;Heunggongvirae;Uroviricota;Caudoviricetes;;
k141_1998986	4692	No terminal repeats	NA	5	11	0.8857	NA	0	3.0277	Viruses;Varidnaviria;Bamfordvirae;Nucleocytoviricota;Megaviricetes;;
k141_1101670	4756	No terminal repeats	NA	5	11	0.8856	NA	0	1.4563	Viruses;Varidnaviria;Bamfordvirae;Nucleocytoviricota;Megaviricetes;Imitervirales;Mimiviridae
k141_101368	3797	No terminal repeats	NA	5	11	0.8856	NA	0	1.3842	Viruses;Duplodnaviria;Heunggongvirae;Uroviricota;Caudoviricetes;;
k141_1665607	6738	No terminal repeats	NA	9	11	0.8854	NA	0	0.0000	Unclassified
k141_1456518	4019	No terminal repeats	NA	5	11	0.8854	NA	0	1.7142	Viruses;Duplodnaviria;Heunggongvirae;Uroviricota;Caudoviricetes;;
k141_266521	4216	No terminal repeats	NA	6	11	0.8853	NA	0	7.8329	Viruses;Duplodnaviria;Heunggongvirae;Uroviricota;Caudoviricetes;;
k141_2094568	3817	No terminal repeats	NA	6	11	0.8850	NA	0	1.7183	Viruses;Varidnaviria;Bamfordvirae;Nucleocytoviricota;Megaviricetes;;
k141_1342243	8336	No terminal repeats	NA	12	11	0.8849	NA	1	7.9243	Viruses;Duplodnaviria;Heunggongvirae;Uroviricota;Caudoviricetes;;
k141_813559	8229	No terminal repeats	NA	11	11	0.8842	NA	1	6.6359	Viruses;Duplodnaviria;Heunggongvirae;Uroviricota;Caudoviricetes;;
k141_300945	4309	No terminal repeats	NA	6	11	0.8840	NA	0	1.7156	Viruses;Varidnaviria;Bamfordvirae;Nucleocytoviricota;Megaviricetes;Pimascovirales;
k141_346562	4007	No terminal repeats	NA	4	11	0.8839	NA	1	1.7133	Viruses;Duplodnaviria;Heunggongvirae;Uroviricota;Caudoviricetes;Crassvirales;
k141_243131	5772	No terminal repeats	NA	5	11	0.8838	NA	0	0.0000	Unclassified
k141_1786415	9080	No terminal repeats	NA	13	11	0.8837	NA	0	3.4351	Viruses;Duplodnaviria;Heunggongvirae;Uroviricota;Caudoviricetes;;
k141_343966	7845	No terminal repeats	NA	5	11	0.8834	NA	0	1.4655	Viruses;Duplodnaviria;Heunggongvirae;Uroviricota;Caudoviricetes;;
k141_2243389	6194	No terminal repeats	NA	16	11	0.8833	NA	1	3.0354	Viruses;Duplodnaviria;Heunggongvirae;Uroviricota;Caudoviricetes;;
k141_794361	4632	No terminal repeats	NA	13	11	0.8827	NA	0	2.6277	Viruses;Duplodnaviria;Heunggongvirae;Uroviricota;Caudoviricetes;;
k141_2173892	4106	No terminal repeats	NA	6	11	0.8826	NA	0	3.3903	Viruses;Duplodnaviria;Heunggongvirae;Uroviricota;Caudoviricetes;;
k141_1131067	3979	No terminal repeats	NA	5	11	0.8825	NA	0	3.1693	Viruses;Duplodnaviria;Heunggongvirae;Uroviricota;Caudoviricetes;;
k141_508459	3899	No terminal repeats	NA	5	11	0.8821	NA	0	1.7060	Viruses;Varidnaviria;Bamfordvirae;Nucleocytoviricota;Megaviricetes;Imitervirales;Schizomimiviridae
k141_921785	4696	No terminal repeats	NA	6	11	0.8818	NA	0	1.7183	Viruses;Varidnaviria;Bamfordvirae;Nucleocytoviricota;Megaviricetes;Algavirales;Phycodnaviridae
k141_1248547	5039	No terminal repeats	NA	6	11	0.8817	NA	1	3.8882	Viruses;Varidnaviria;Bamfordvirae;Nucleocytoviricota;Megaviricetes;Algavirales;Phycodnaviridae
k141_2090586	4284	No terminal repeats	NA	5	11	0.8814	NA	0	1.7183	Viruses;Varidnaviria;Bamfordvirae;Nucleocytoviricota;Megaviricetes;Imitervirales;Mimiviridae
k141_1085437	5198	No terminal repeats	NA	9	11	0.8811	NA	0	0.0000	Unclassified
k141_946887	4062	No terminal repeats	NA	6	11	0.8811	NA	0	1.7183	Viruses;Varidnaviria;Bamfordvirae;Preplasmiviricota;Tectiliviricetes;Kalamavirales;Tectiviridae
k141_1093210	5053	No terminal repeats	NA	8	11	0.8810	NA	0	2.7275	Viruses;Duplodnaviria;Heunggongvirae;Uroviricota;Caudoviricetes;;
k141_1501889	3977	No terminal repeats	NA	7	11	0.8807	NA	0	3.4366	Viruses;Varidnaviria;Bamfordvirae;Nucleocytoviricota;Megaviricetes;;
k141_1992122	4357	No terminal repeats	NA	6	11	0.8806	NA	1	2.8342	Viruses;Varidnaviria;Bamfordvirae;Nucleocytoviricota;Megaviricetes;Imitervirales;Schizomimiviridae
k141_2383051	6570	No terminal repeats	NA	8	11	0.8805	NA	0	6.8731	Viruses;Duplodnaviria;Heunggongvirae;Uroviricota;Caudoviricetes;;
k141_374590	2776	No terminal repeats	NA	3	11	0.8801	NA	1	3.4366	Viruses;Varidnaviria;Bamfordvirae;Nucleocytoviricota;Megaviricetes;Imitervirales;Mimiviridae
k141_1477208	7578	No terminal repeats	NA	6	11	0.8799	NA	0	1.7183	Viruses;Varidnaviria;Bamfordvirae;Nucleocytoviricota;Megaviricetes;Imitervirales;Mimiviridae
k141_1006194	5391	No terminal repeats	NA	8	11	0.8798	NA	0	0.0000	Unclassified
k141_773812	6559	No terminal repeats	NA	15	11	0.8793	NA	0	2.4895	Viruses;Duplodnaviria;Heunggongvirae;Uroviricota;Caudoviricetes;;
k141_100695	4470	No terminal repeats	NA	6	11	0.8792	NA	0	3.1911	Viruses;Varidnaviria;Bamfordvirae;Nucleocytoviricota;Megaviricetes;Algavirales;Phycodnaviridae
k141_1448149	5654	No terminal repeats	NA	6	11	0.8789	NA	0	1.2165	Viruses;Varidnaviria;Bamfordvirae;Nucleocytoviricota;Megaviricetes;Algavirales;Phycodnaviridae
k141_946750	6313	No terminal repeats	NA	8	11	0.8786	NA	0	1.7183	Viruses;Duplodnaviria;Heunggongvirae;Uroviricota;Caudoviricetes;;
k141_779658	9989	No terminal repeats	NA	6	11	0.8786	NA	0	1.7183	Viruses;Varidnaviria;Bamfordvirae;Nucleocytoviricota;Megaviricetes;Imitervirales;Mimiviridae
k141_1959517	6181	No terminal repeats	NA	7	11	0.8782	NA	0	1.7183	Viruses;Varidnaviria;Bamfordvirae;Nucleocytoviricota;Megaviricetes;Imitervirales;Mimiviridae
k141_182902	236	No terminal repeats	NA	1	11	0.8774	NA	1	1.3404	Viruses;Varidnaviria;Bamfordvirae;Nucleocytoviricota;Megaviricetes;Algavirales;Phycodnaviridae
k141_2014690	5954	No terminal repeats	NA	7	11	0.8764	NA	0	1.3879	Viruses;Duplodnaviria;Heunggongvirae;Uroviricota;Caudoviricetes;;
k141_366293	4176	No terminal repeats	NA	5	11	0.8763	NA	2	6.8731	Viruses;Duplodnaviria;Heunggongvirae;Uroviricota;Caudoviricetes;;
k141_427123	8918	No terminal repeats	NA	9	11	0.8762	NA	0	3.4303	Viruses;Duplodnaviria;Heunggongvirae;Uroviricota;Caudoviricetes;;
k141_1954450	3649	No terminal repeats	NA	5	11	0.8754	NA	0	1.7183	Viruses;Varidnaviria;Bamfordvirae;Nucleocytoviricota;Megaviricetes;Imitervirales;Mimiviridae
k141_2296117	6631	No terminal repeats	NA	6	11	0.8754	NA	1	1.7183	Viruses;Varidnaviria;Bamfordvirae;Nucleocytoviricota;Megaviricetes;Imitervirales;
k141_930821	4648	No terminal repeats	NA	6	11	0.8752	NA	0	3.3494	Viruses;Varidnaviria;Bamfordvirae;Nucleocytoviricota;Megaviricetes;Imitervirales;Mimiviridae
k141_919349	5488	No terminal repeats	NA	8	11	0.8746	NA	0	1.7183	Viruses;Varidnaviria;Bamfordvirae;Nucleocytoviricota;Megaviricetes;Imitervirales;Mimiviridae
k141_1755978	4479	No terminal repeats	NA	8	11	0.8746	NA	0	1.4239	Viruses;Varidnaviria;Bamfordvirae;Preplasmiviricota;Tectiliviricetes;Kalamavirales;Tectiviridae
k141_1160493	5213	No terminal repeats	NA	12	11	0.8743	NA	0	8.1770	Viruses;Duplodnaviria;Heunggongvirae;Uroviricota;Caudoviricetes;;
k141_2001681	4478	No terminal repeats	NA	5	11	0.8742	NA	0	1.4799	Viruses;Varidnaviria;Bamfordvirae;Nucleocytoviricota;Megaviricetes;Imitervirales;Mimiviridae
k141_198571	4663	No terminal repeats	NA	7	11	0.8740	NA	0	1.3173	Viruses;Varidnaviria;Bamfordvirae;Nucleocytoviricota;Megaviricetes;Algavirales;Phycodnaviridae
k141_596735	4678	No terminal repeats	NA	5	11	0.8729	NA	0	0.0000	Unclassified
k141_2230002	6636	No terminal repeats	NA	5	11	0.8725	NA	0	0.0000	Unclassified
k141_1519604	9472	No terminal repeats	NA	7	11	0.8723	NA	1	1.7183	Viruses;Varidnaviria;Bamfordvirae;Nucleocytoviricota;Megaviricetes;Imitervirales;
k141_1580579	7927	No terminal repeats	NA	8	11	0.8723	NA	0	1.7183	Viruses;Duplodnaviria;Heunggongvirae;Uroviricota;Caudoviricetes;;
k141_2145393	6069	No terminal repeats	NA	9	11	0.8720	NA	0	1.7108	Viruses;Duplodnaviria;Heunggongvirae;Uroviricota;Caudoviricetes;;
k141_936507	7209	No terminal repeats	NA	7	11	0.8719	NA	0	6.4698	Viruses;Duplodnaviria;Heunggongvirae;Uroviricota;Caudoviricetes;;
k141_607331	16494	No terminal repeats	NA	18	11	0.8718	NA	1	1.7183	Viruses;Varidnaviria;Bamfordvirae;Preplasmiviricota;Polintoviricetes;Orthopolintovirales;Adintoviridae
k141_1890636	6914	No terminal repeats	NA	15	11	0.8715	NA	0	2.8179	Viruses;Duplodnaviria;Heunggongvirae;Uroviricota;Caudoviricetes;;
k141_1566579	3560	No terminal repeats	NA	6	11	0.8710	NA	0	1.7183	Unclassified
k141_1678964	4386	No terminal repeats	NA	9	11	0.8698	NA	0	4.8615	Viruses;Duplodnaviria;Heunggongvirae;Uroviricota;Caudoviricetes;;
k141_999312	3015	No terminal repeats	NA	4	11	0.8695	NA	0	2.7567	Viruses;Duplodnaviria;Heunggongvirae;Uroviricota;Caudoviricetes;;
k141_1775880	5300	No terminal repeats	NA	6	11	0.8694	NA	0	0.0000	Unclassified
k141_1536846	4338	No terminal repeats	NA	6	11	0.8694	NA	0	1.7183	Viruses;Varidnaviria;Bamfordvirae;Nucleocytoviricota;Megaviricetes;;
k141_1519914	5812	No terminal repeats	NA	8	11	0.8694	NA	1	6.5024	Viruses;Duplodnaviria;Heunggongvirae;Uroviricota;Caudoviricetes;;
k141_905501	7226	No terminal repeats	NA	10	11	0.8693	NA	0	0.0000	Unclassified
k141_1578008	3996	No terminal repeats	NA	8	11	0.8689	NA	1	9.8621	Viruses;Duplodnaviria;Heunggongvirae;Uroviricota;Caudoviricetes;;
k141_453664	3558	No terminal repeats	NA	8	11	0.8685	NA	0	3.4203	Unclassified
k141_1565596	5763	No terminal repeats	NA	8	11	0.8684	NA	0	1.7183	Viruses;Varidnaviria;Bamfordvirae;Nucleocytoviricota;Megaviricetes;Imitervirales;Mimiviridae
k141_1438576	4484	No terminal repeats	NA	9	11	0.8681	NA	0	7.3217	Viruses;Duplodnaviria;Heunggongvirae;Uroviricota;Caudoviricetes;;
k141_1697466	5661	No terminal repeats	NA	9	11	0.8681	NA	0	4.0299	Viruses;Duplodnaviria;Heunggongvirae;Uroviricota;Caudoviricetes;;
k141_2560	5772	No terminal repeats	NA	6	11	0.8678	NA	0	2.9849	Viruses;Duplodnaviria;Heunggongvirae;Uroviricota;Caudoviricetes;;
k141_842506	5603	No terminal repeats	NA	8	11	0.8676	NA	0	1.4695	Viruses;Varidnaviria;Bamfordvirae;Nucleocytoviricota;Megaviricetes;Algavirales;Phycodnaviridae
k141_1491112	5381	No terminal repeats	NA	9	11	0.8673	NA	0	9.9159	Viruses;Duplodnaviria;Heunggongvirae;Uroviricota;Caudoviricetes;;
k141_607202	4177	No terminal repeats	NA	9	11	0.8672	NA	0	0.0000	Unclassified
k141_326242	3791	No terminal repeats	NA	5	11	0.8670	NA	0	0.0000	Unclassified
k141_689350	4042	No terminal repeats	NA	6	11	0.8670	NA	0	0.0000	Unclassified
k141_1386028	6180	No terminal repeats	NA	13	11	0.8667	NA	0	8.4877	Viruses;Duplodnaviria;Heunggongvirae;Uroviricota;Caudoviricetes;;
k141_1335062	4137	No terminal repeats	NA	6	11	0.8666	NA	0	3.4339	Viruses;;;;;;
k141_1527671	3744	No terminal repeats	NA	5	11	0.8663	NA	0	3.4366	Viruses;Varidnaviria;Bamfordvirae;Nucleocytoviricota;Megaviricetes;;
k141_2233417	4096	No terminal repeats	NA	6	11	0.8660	NA	0	2.1101	Viruses;Duplodnaviria;Heunggongvirae;Uroviricota;Caudoviricetes;;
k141_1648345	3543	No terminal repeats	NA	5	11	0.8652	NA	1	1.7170	Viruses;Varidnaviria;Bamfordvirae;Preplasmiviricota;Maveriviricetes;Priklausovirales;
k141_1730118	3196	No terminal repeats	NA	7	11	0.8652	NA	0	6.9060	Viruses;Duplodnaviria;Heunggongvirae;Uroviricota;Caudoviricetes;;
k141_306398	3889	No terminal repeats	NA	5	11	0.8642	NA	0	1.7183	Unclassified
k141_161058	3703	No terminal repeats	NA	5	11	0.8639	NA	0	0.0000	Unclassified
k141_367894	8655	No terminal repeats	NA	10	11	0.8636	NA	0	6.3810	Viruses;Varidnaviria;Bamfordvirae;Nucleocytoviricota;Megaviricetes;Algavirales;Phycodnaviridae
k141_1482762	6353	No terminal repeats	NA	6	11	0.8630	NA	0	8.5841	Viruses;Varidnaviria;Bamfordvirae;Nucleocytoviricota;Megaviricetes;Algavirales;Phycodnaviridae
k141_939779	9457	No terminal repeats	NA	12	11	0.8628	NA	0	3.1966	Viruses;Duplodnaviria;Heunggongvirae;Uroviricota;Caudoviricetes;;
k141_1002730	4079	No terminal repeats	NA	7	11	0.8628	NA	0	3.1239	Viruses;Duplodnaviria;Heunggongvirae;Uroviricota;Caudoviricetes;;
k141_1828136	6131	No terminal repeats	NA	11	11	0.8626	NA	0	1.2717	Viruses;Duplodnaviria;Heunggongvirae;Uroviricota;Caudoviricetes;;
k141_788516	6158	No terminal repeats	NA	7	11	0.8621	NA	1	8.4455	Viruses;Duplodnaviria;Heunggongvirae;Uroviricota;Caudoviricetes;;
k141_1745604	51068	No terminal repeats	NA	24	11	0.8621	NA	1	8.0756	Viruses;Duplodnaviria;Heunggongvirae;Uroviricota;Caudoviricetes;;
k141_147709	3562	No terminal repeats	NA	6	11	0.8621	NA	0	0.0000	Unclassified
k141_407556	3387	No terminal repeats	NA	4	11	0.8609	NA	1	1.7183	Viruses;Varidnaviria;Bamfordvirae;Nucleocytoviricota;Megaviricetes;Algavirales;Phycodnaviridae
k141_432259	8061	No terminal repeats	NA	6	11	0.8608	NA	0	0.0000	Unclassified
k141_168472	4426	No terminal repeats	NA	5	11	0.8605	NA	0	1.7183	Viruses;Varidnaviria;Bamfordvirae;Nucleocytoviricota;Megaviricetes;;
k141_1456883	4411	No terminal repeats	NA	8	11	0.8605	NA	1	1.7183	Viruses;Varidnaviria;Bamfordvirae;Nucleocytoviricota;Megaviricetes;;
k141_451851	3671	No terminal repeats	NA	5	11	0.8604	NA	0	1.7183	Viruses;Varidnaviria;Bamfordvirae;Nucleocytoviricota;Megaviricetes;Pimascovirales;Iridoviridae
k141_1476236	6744	No terminal repeats	NA	11	11	0.8601	NA	0	10.3097	Viruses;Varidnaviria;Bamfordvirae;Nucleocytoviricota;Megaviricetes;;
k141_1672450	6625	No terminal repeats	NA	6	11	0.8595	NA	0	2.4254	Viruses;Duplodnaviria;Heunggongvirae;Uroviricota;Caudoviricetes;;
k141_2262899	6451	No terminal repeats	NA	14	11	0.8590	NA	0	15.0779	Viruses;Duplodnaviria;Heunggongvirae;Uroviricota;Caudoviricetes;;
k141_2039983	3578	No terminal repeats	NA	6	11	0.8580	NA	0	1.7183	Viruses;Duplodnaviria;Heunggongvirae;Uroviricota;Caudoviricetes;;
k141_177898	4220	No terminal repeats	NA	9	11	0.8578	NA	1	6.0844	Viruses;Duplodnaviria;Heunggongvirae;Uroviricota;Caudoviricetes;;
k141_1452475	4896	No terminal repeats	NA	5	11	0.8577	NA	0	1.7035	Viruses;Duplodnaviria;Heunggongvirae;Uroviricota;Caudoviricetes;;
k141_97589	4979	No terminal repeats	NA	10	11	0.8576	NA	1	2.3082	Viruses;Duplodnaviria;Heunggongvirae;Uroviricota;Caudoviricetes;;
k141_2149461	4693	No terminal repeats	NA	5	11	0.8575	NA	0	3.2741	Viruses;Duplodnaviria;Heunggongvirae;Uroviricota;Caudoviricetes;;
k141_1177263	5572	No terminal repeats	NA	10	11	0.8575	NA	0	1.7183	Viruses;Duplodnaviria;Heunggongvirae;Uroviricota;Caudoviricetes;;
k141_766473	8042	No terminal repeats	NA	9	11	0.8574	NA	0	3.0707	Viruses;Varidnaviria;Bamfordvirae;Nucleocytoviricota;Megaviricetes;Algavirales;Phycodnaviridae
k141_1880584	5464	No terminal repeats	NA	7	11	0.8572	NA	2	9.8229	Viruses;Duplodnaviria;Heunggongvirae;Uroviricota;Caudoviricetes;;
k141_310702	5797	No terminal repeats	NA	10	11	0.8572	NA	0	9.5668	Viruses;Duplodnaviria;Heunggongvirae;Uroviricota;Caudoviricetes;;
k141_2070437	5035	No terminal repeats	NA	7	11	0.8552	NA	1	2.9142	Viruses;Duplodnaviria;Heunggongvirae;Uroviricota;Caudoviricetes;;
k141_12285	5860	No terminal repeats	NA	7	11	0.8552	NA	0	0.0000	Unclassified
k141_1234541	3723	No terminal repeats	NA	5	11	0.8550	NA	0	4.6182	Viruses;Duplodnaviria;Heunggongvirae;Uroviricota;Caudoviricetes;;
k141_264604	4099	No terminal repeats	NA	6	11	0.8544	NA	0	2.3185	Viruses;Varidnaviria;Bamfordvirae;Nucleocytoviricota;Megaviricetes;Imitervirales;Mimiviridae
k141_305319	8540	No terminal repeats	NA	15	4	0.8532	NA	0	3.4262	Viruses;Duplodnaviria;Heunggongvirae;Uroviricota;Caudoviricetes;;
k141_1762990	5890	No terminal repeats	NA	9	11	0.8531	NA	0	12.0280	Viruses;Duplodnaviria;Heunggongvirae;Uroviricota;Caudoviricetes;;
k141_1681325	9007	No terminal repeats	NA	10	11	0.8520	NA	0	5.3279	Viruses;Duplodnaviria;Heunggongvirae;Uroviricota;Caudoviricetes;;Kyanoviridae
k141_996669	2853	No terminal repeats	NA	1	11	0.8518	NA	0	1.7110	Unclassified
k141_1919762	6782	No terminal repeats	NA	6	11	0.8517	NA	0	0.0000	Unclassified
k141_264738	4829	No terminal repeats	NA	6	11	0.8517	NA	0	2.3185	Viruses;Varidnaviria;Bamfordvirae;Nucleocytoviricota;Megaviricetes;Imitervirales;Mimiviridae
k141_768680	3585	No terminal repeats	NA	8	11	0.8514	NA	0	3.2571	Viruses;Duplodnaviria;Heunggongvirae;Uroviricota;Caudoviricetes;;
k141_2346475	5667	No terminal repeats	NA	6	11	0.8513	NA	1	6.8731	Viruses;Varidnaviria;Bamfordvirae;Nucleocytoviricota;Megaviricetes;;
k141_130110	6470	No terminal repeats	NA	5	11	0.8509	NA	1	1.7183	Viruses;Duplodnaviria;Heunggongvirae;Uroviricota;Caudoviricetes;;
k141_69764	5560	No terminal repeats	NA	7	11	0.8507	NA	0	6.8731	Viruses;Varidnaviria;Bamfordvirae;Nucleocytoviricota;Megaviricetes;Imitervirales;
k141_1116070	5708	No terminal repeats	NA	6	11	0.8503	NA	0	5.9699	Viruses;Varidnaviria;Bamfordvirae;Nucleocytoviricota;Megaviricetes;;
k141_994891	6577	DTR	NA	9	11	0.8501	NA	1	1.2195	Viruses;Duplodnaviria;Heunggongvirae;Uroviricota;Caudoviricetes;;
k141_91250	9623	No terminal repeats	NA	11	11	0.8500	NA	0	5.1548	Viruses;Varidnaviria;Bamfordvirae;Nucleocytoviricota;Megaviricetes;Imitervirales;Mimiviridae
k141_1740235	6071	No terminal repeats	NA	6	11	0.8496	NA	0	0.8590	Viruses;Duplodnaviria;Heunggongvirae;Uroviricota;Caudoviricetes;;
k141_1526179	7698	No terminal repeats	NA	15	11	0.8494	NA	0	0.0000	Unclassified
k141_1248552	8766	No terminal repeats	NA	10	11	0.8478	NA	0	1.7183	Viruses;Varidnaviria;Bamfordvirae;Nucleocytoviricota;Megaviricetes;Algavirales;Phycodnaviridae
k141_1763450	4804	No terminal repeats	NA	6	11	0.8476	NA	0	3.4263	Unclassified
k141_1468547	4447	No terminal repeats	NA	6	11	0.8472	NA	0	3.4203	Viruses;Duplodnaviria;Heunggongvirae;Uroviricota;Caudoviricetes;;
k141_2287245	4448	No terminal repeats	NA	5	11	0.8462	NA	0	1.6847	Viruses;Varidnaviria;Bamfordvirae;Nucleocytoviricota;Megaviricetes;Algavirales;Phycodnaviridae
k141_542782	4113	No terminal repeats	NA	8	11	0.8462	NA	0	0.0000	Unclassified
k141_801408	3815	No terminal repeats	NA	8	11	0.8462	NA	0	3.1832	Viruses;Duplodnaviria;Heunggongvirae;Uroviricota;Caudoviricetes;;
k141_2322071	6381	No terminal repeats	NA	9	11	0.8444	NA	1	5.7813	Viruses;Duplodnaviria;Heunggongvirae;Uroviricota;Caudoviricetes;;
k141_1852556	4145	No terminal repeats	NA	6	11	0.8442	NA	0	5.1059	Viruses;Duplodnaviria;Heunggongvirae;Uroviricota;Caudoviricetes;;
k141_108119	4693	No terminal repeats	NA	9	11	0.8439	NA	1	5.1276	Viruses;Duplodnaviria;Heunggongvirae;Uroviricota;Caudoviricetes;;
k141_586347	4592	No terminal repeats	NA	8	11	0.8437	NA	1	4.7418	Viruses;Duplodnaviria;Heunggongvirae;Uroviricota;Caudoviricetes;;
k141_1909225	8496	No terminal repeats	NA	10	11	0.8431	NA	4	10.6367	Viruses;Duplodnaviria;Heunggongvirae;Uroviricota;Caudoviricetes;;
k141_2040679	3840	No terminal repeats	NA	5	11	0.8421	NA	0	0.0000	Unclassified
k141_1316686	3224	No terminal repeats	NA	3	11	0.8417	NA	0	1.7183	Unclassified
k141_481115	3510	No terminal repeats	NA	6	11	0.8410	NA	0	1.1083	Viruses;Duplodnaviria;Heunggongvirae;Uroviricota;Caudoviricetes;;
k141_2066087	5977	No terminal repeats	NA	8	11	0.8410	NA	0	5.1373	Viruses;Varidnaviria;Bamfordvirae;Nucleocytoviricota;Pokkesviricetes;Chitovirales;Poxviridae
k141_768625	6870	No terminal repeats	NA	9	11	0.8409	NA	0	1.7183	Viruses;Duplodnaviria;Heunggongvirae;Uroviricota;Caudoviricetes;;
k141_688817	3851	No terminal repeats	NA	8	11	0.8403	NA	0	1.7137	Viruses;Duplodnaviria;Heunggongvirae;Uroviricota;Caudoviricetes;;
k141_9034	5126	No terminal repeats	NA	11	11	0.8401	NA	0	1.7183	Viruses;Duplodnaviria;Heunggongvirae;Uroviricota;Caudoviricetes;;
k141_1973305	3628	No terminal repeats	NA	5	11	0.8401	NA	1	1.7183	Viruses;Varidnaviria;Bamfordvirae;Nucleocytoviricota;Megaviricetes;Imitervirales;Mimiviridae
k141_1868664	2887	No terminal repeats	NA	5	11	0.8400	NA	0	4.6842	Viruses;Duplodnaviria;Heunggongvirae;Uroviricota;Caudoviricetes;;Kyanoviridae
k141_981875	6112	No terminal repeats	NA	11	11	0.8399	NA	0	7.6058	Viruses;Duplodnaviria;Heunggongvirae;Uroviricota;Caudoviricetes;;
k141_182674	3085	No terminal repeats	NA	4	11	0.8398	NA	0	5.1372	Viruses;Duplodnaviria;Heunggongvirae;Uroviricota;Caudoviricetes;;
k141_2230744	4226	No terminal repeats	NA	9	11	0.8396	NA	0	4.2491	Viruses;;;;;;
k141_2299365	4786	No terminal repeats	NA	7	11	0.8396	NA	0	1.7183	Unclassified
k141_2165962	5836	No terminal repeats	NA	7	11	0.8395	NA	0	1.3104	Unclassified
k141_1335646	6663	No terminal repeats	NA	9	11	0.8391	NA	0	6.4109	Viruses;Duplodnaviria;Heunggongvirae;Uroviricota;Caudoviricetes;;
k141_614105	6248	No terminal repeats	NA	9	11	0.8389	NA	0	1.7183	Viruses;Duplodnaviria;Heunggongvirae;Uroviricota;Caudoviricetes;;Kyanoviridae
k141_1578548	3848	No terminal repeats	NA	6	11	0.8383	NA	0	1.7183	Viruses;Varidnaviria;Bamfordvirae;Nucleocytoviricota;Megaviricetes;Imitervirales;Mimiviridae
k141_493189	5269	No terminal repeats	NA	8	11	0.8381	NA	0	0.0000	Unclassified
k141_1329876	5111	No terminal repeats	NA	6	11	0.8377	NA	0	2.8186	Viruses;Varidnaviria;Bamfordvirae;Nucleocytoviricota;Megaviricetes;Imitervirales;Mimiviridae
k141_1002202	4338	No terminal repeats	NA	7	11	0.8369	NA	0	1.7183	Viruses;Varidnaviria;Bamfordvirae;Nucleocytoviricota;Pokkesviricetes;Chitovirales;Poxviridae
k141_2297070	8842	No terminal repeats	NA	7	11	0.8366	NA	0	1.6379	Unclassified
k141_521995	9190	No terminal repeats	NA	9	11	0.8358	NA	0	6.7528	Viruses;Varidnaviria;Bamfordvirae;Nucleocytoviricota;Megaviricetes;Algavirales;Phycodnaviridae
k141_225601	5825	No terminal repeats	NA	6	11	0.8349	NA	0	1.7123	Viruses;Varidnaviria;Bamfordvirae;Nucleocytoviricota;Megaviricetes;Algavirales;Phycodnaviridae
k141_1626212	8549	No terminal repeats	NA	14	11	0.8347	NA	0	3.4062	Viruses;Varidnaviria;Bamfordvirae;Nucleocytoviricota;Megaviricetes;Pimascovirales;Iridoviridae
k141_1832958	5959	No terminal repeats	NA	6	11	0.8341	NA	0	3.4323	Viruses;Varidnaviria;Bamfordvirae;Nucleocytoviricota;Megaviricetes;Pimascovirales;Iridoviridae
k141_1063974	4197	No terminal repeats	NA	5	11	0.8340	NA	1	4.7745	Viruses;Duplodnaviria;Heunggongvirae;Uroviricota;Caudoviricetes;;
k141_1384505	5256	No terminal repeats	NA	5	11	0.8335	NA	0	1.5750	Viruses;Duplodnaviria;Heunggongvirae;Uroviricota;Caudoviricetes;;
k141_375008	6968	No terminal repeats	NA	9	11	0.8330	NA	0	2.8284	Viruses;Varidnaviria;Bamfordvirae;Nucleocytoviricota;Megaviricetes;Pimascovirales;
k141_1061463	7200	No terminal repeats	NA	11	11	0.8329	NA	0	4.1218	Viruses;Duplodnaviria;Heunggongvirae;Uroviricota;Caudoviricetes;;
k141_2355087	3897	No terminal repeats	NA	7	11	0.8326	NA	0	3.4366	Viruses;Duplodnaviria;Heunggongvirae;Uroviricota;Caudoviricetes;;Straboviridae
k141_2213029	3653	No terminal repeats	NA	5	11	0.8325	NA	0	1.4728	Viruses;Varidnaviria;Bamfordvirae;Nucleocytoviricota;Megaviricetes;Algavirales;Phycodnaviridae
k141_992175	7090	No terminal repeats	NA	12	11	0.8325	NA	0	0.7187	Viruses;Duplodnaviria;Heunggongvirae;Uroviricota;Caudoviricetes;;
k141_1411858	8770	No terminal repeats	NA	5	11	0.8322	NA	0	1.7183	Unclassified
k141_1202573	6365	No terminal repeats	NA	7	11	0.8320	NA	0	4.2789	Viruses;Duplodnaviria;Heunggongvirae;Uroviricota;Caudoviricetes;;
k141_1860159	3772	No terminal repeats	NA	6	11	0.8319	NA	2	2.5514	Viruses;Duplodnaviria;Heunggongvirae;Uroviricota;Caudoviricetes;;
k141_2223659|provirus_14779_53428	38650	No terminal repeats	NA	50	11	0.8319	NA	22	57.7715	Viruses;Duplodnaviria;Heunggongvirae;Uroviricota;Caudoviricetes;;
k141_1770931	3903	No terminal repeats	NA	6	11	0.8315	NA	0	1.3512	Viruses;Duplodnaviria;Heunggongvirae;Uroviricota;Caudoviricetes;;Kyanoviridae
k141_1002083	4531	No terminal repeats	NA	6	11	0.8314	NA	1	6.8444	Viruses;Duplodnaviria;Heunggongvirae;Uroviricota;Caudoviricetes;;
k141_2026377	3627	No terminal repeats	NA	6	11	0.8307	NA	2	4.1350	Viruses;Duplodnaviria;Heunggongvirae;Uroviricota;Caudoviricetes;;
k141_1347983	3968	No terminal repeats	NA	6	11	0.8307	NA	0	0.0000	Unclassified
k141_1273887	9218	No terminal repeats	NA	13	11	0.8304	NA	0	0.0000	Unclassified
k141_1870221	3511	No terminal repeats	NA	7	11	0.8298	NA	0	3.1274	Viruses;Duplodnaviria;Heunggongvirae;Uroviricota;Caudoviricetes;;
k141_729480	6262	No terminal repeats	NA	5	11	0.8296	NA	0	1.5026	Viruses;Duplodnaviria;Heunggongvirae;Uroviricota;Caudoviricetes;;
k141_2240089	4518	No terminal repeats	NA	5	11	0.8289	NA	0	5.1503	Viruses;Varidnaviria;Bamfordvirae;Nucleocytoviricota;Megaviricetes;Algavirales;Phycodnaviridae
k141_1126704	6960	No terminal repeats	NA	13	11	0.8288	NA	0	0.0000	Unclassified
k141_775292	3712	No terminal repeats	NA	8	11	0.8286	NA	0	1.7092	Unclassified
k141_698758	6894	No terminal repeats	NA	8	11	0.8286	NA	2	9.8877	Viruses;Duplodnaviria;Heunggongvirae;Uroviricota;Caudoviricetes;;
k141_1280750	9636	No terminal repeats	NA	21	11	0.8282	NA	0	3.0386	Viruses;Duplodnaviria;Heunggongvirae;Uroviricota;Caudoviricetes;;Herelleviridae
k141_10786	5939	No terminal repeats	NA	9	11	0.8278	NA	0	7.7836	Viruses;Duplodnaviria;Heunggongvirae;Uroviricota;Caudoviricetes;;
k141_303277	7268	No terminal repeats	NA	9	11	0.8277	NA	0	8.3460	Viruses;Varidnaviria;Bamfordvirae;Nucleocytoviricota;Megaviricetes;Algavirales;Phycodnaviridae
k141_1140750	5373	No terminal repeats	NA	7	11	0.8272	NA	0	5.1548	Viruses;Varidnaviria;Bamfordvirae;Nucleocytoviricota;Megaviricetes;Imitervirales;Mimiviridae
k141_2047489	6846	No terminal repeats	NA	8	11	0.8272	NA	0	12.5795	Viruses;Duplodnaviria;Heunggongvirae;Uroviricota;Caudoviricetes;;
k141_1454674	6751	No terminal repeats	NA	5	11	0.8271	NA	0	1.5269	Viruses;Varidnaviria;Bamfordvirae;Nucleocytoviricota;Pokkesviricetes;Chitovirales;Poxviridae
k141_440887	9577	No terminal repeats	NA	8	11	0.8270	NA	0	0.0000	Unclassified
k141_608550	5821	No terminal repeats	NA	7	11	0.8257	NA	0	1.7183	Viruses;Varidnaviria;Bamfordvirae;Nucleocytoviricota;Megaviricetes;Algavirales;Phycodnaviridae
k141_2286708	4896	No terminal repeats	NA	5	11	0.8248	NA	0	3.4339	Viruses;Duplodnaviria;Heunggongvirae;Uroviricota;Caudoviricetes;;
k141_32355	4888	No terminal repeats	NA	8	11	0.8242	NA	0	0.0000	Unclassified
k141_18659	5031	No terminal repeats	NA	6	11	0.8240	NA	0	3.4282	Viruses;Varidnaviria;Bamfordvirae;Nucleocytoviricota;Megaviricetes;Imitervirales;Mimiviridae
k141_1421991	4618	No terminal repeats	NA	12	11	0.8240	NA	0	6.8479	Viruses;Duplodnaviria;Heunggongvirae;Uroviricota;Caudoviricetes;;
k141_1753357	7598	No terminal repeats	NA	12	11	0.8231	NA	0	1.7183	Viruses;Varidnaviria;Bamfordvirae;Nucleocytoviricota;Megaviricetes;Imitervirales;Mimiviridae
k141_467864	3965	No terminal repeats	NA	8	11	0.8229	NA	0	0.0000	Unclassified
k141_258306	6457	No terminal repeats	NA	6	11	0.8227	NA	0	4.9532	Viruses;Duplodnaviria;Heunggongvirae;Uroviricota;Caudoviricetes;;Kyanoviridae
k141_1761163	4790	No terminal repeats	NA	5	11	0.8221	NA	0	1.7183	Viruses;Varidnaviria;Bamfordvirae;Nucleocytoviricota;Megaviricetes;Pimascovirales;
k141_455136	3794	No terminal repeats	NA	4	11	0.8216	NA	0	0.0000	Unclassified
k141_202678	4143	No terminal repeats	NA	5	11	0.8210	NA	0	3.0804	Viruses;Varidnaviria;Bamfordvirae;Nucleocytoviricota;Megaviricetes;Algavirales;Phycodnaviridae
k141_972464	8957	No terminal repeats	NA	19	11	0.8209	NA	0	1.7183	Viruses;Duplodnaviria;Heunggongvirae;Uroviricota;Caudoviricetes;;
k141_498647	3941	No terminal repeats	NA	7	11	0.8203	NA	2	5.6092	Viruses;Duplodnaviria;Heunggongvirae;Uroviricota;Caudoviricetes;;
k141_1294864	9847	No terminal repeats	NA	10	11	0.8198	NA	1	3.3098	Viruses;Varidnaviria;Bamfordvirae;Nucleocytoviricota;Megaviricetes;Pimascovirales;Iridoviridae
k141_1836205	4557	No terminal repeats	NA	5	11	0.8192	NA	1	2.9070	Viruses;Duplodnaviria;Heunggongvirae;Uroviricota;Caudoviricetes;;
k141_605999	8091	No terminal repeats	NA	21	11	0.8190	NA	0	0.7124	Viruses;Duplodnaviria;Heunggongvirae;Uroviricota;Caudoviricetes;;
k141_136801	6678	No terminal repeats	NA	7	11	0.8185	NA	0	0.0000	Unclassified
k141_1349575	7412	No terminal repeats	NA	7	11	0.8183	NA	0	0.0000	Unclassified
k141_369174	3697	No terminal repeats	NA	6	11	0.8182	NA	0	0.0000	Unclassified
k141_2123945	7975	No terminal repeats	NA	6	11	0.8161	NA	0	1.5269	Viruses;Varidnaviria;Bamfordvirae;Nucleocytoviricota;Pokkesviricetes;Chitovirales;Poxviridae
k141_1260572	5851	No terminal repeats	NA	9	11	0.8156	NA	1	1.4208	Viruses;Duplodnaviria;Heunggongvirae;Uroviricota;Caudoviricetes;;
k141_932891	4293	No terminal repeats	NA	11	11	0.8156	NA	0	5.1452	Viruses;Duplodnaviria;Heunggongvirae;Uroviricota;Caudoviricetes;;
k141_1162704	3720	No terminal repeats	NA	5	11	0.8155	NA	1	1.5517	Viruses;Duplodnaviria;Heunggongvirae;Uroviricota;Caudoviricetes;;
k141_318851	5756	No terminal repeats	NA	9	11	0.8149	NA	1	8.4359	Viruses;Duplodnaviria;Heunggongvirae;Uroviricota;Caudoviricetes;;
k141_2225961	9603	No terminal repeats	NA	10	11	0.8149	NA	1	1.4727	Viruses;Duplodnaviria;Heunggongvirae;Uroviricota;Caudoviricetes;;
k141_270532|provirus_2359_6569	4211	No terminal repeats	NA	8	11	0.8147	NA	5	8.4580	Viruses;Duplodnaviria;Heunggongvirae;Uroviricota;Caudoviricetes;;
k141_1246001	6875	No terminal repeats	NA	8	11	0.8147	NA	0	5.1485	Viruses;Varidnaviria;Bamfordvirae;Nucleocytoviricota;Megaviricetes;Imitervirales;Mimiviridae
k141_1711430	3888	No terminal repeats	NA	5	11	0.8140	NA	0	1.7083	Unclassified
k141_561855	4185	No terminal repeats	NA	6	11	0.8133	NA	1	4.2008	Viruses;Duplodnaviria;Heunggongvirae;Uroviricota;Caudoviricetes;;
k141_1256830	8653	No terminal repeats	NA	14	11	0.8124	NA	0	10.8214	Viruses;Duplodnaviria;Heunggongvirae;Uroviricota;Caudoviricetes;;
k141_97067	3631	No terminal repeats	NA	6	11	0.8115	NA	0	0.0000	Unclassified
k141_1679835	4530	No terminal repeats	NA	3	11	0.8113	NA	0	1.6907	Viruses;Duplodnaviria;Heunggongvirae;Uroviricota;Caudoviricetes;;
k141_773291	9430	No terminal repeats	NA	8	11	0.8110	NA	0	3.2452	Viruses;Duplodnaviria;Heunggongvirae;Uroviricota;Caudoviricetes;;
k141_2358280	3841	No terminal repeats	NA	5	11	0.8110	NA	0	1.3711	Viruses;Duplodnaviria;Heunggongvirae;Uroviricota;Caudoviricetes;;
k141_292217	5083	No terminal repeats	NA	5	11	0.8108	NA	0	1.7183	Viruses;Varidnaviria;Bamfordvirae;Nucleocytoviricota;Megaviricetes;Imitervirales;Mimiviridae
k141_131778	5149	No terminal repeats	NA	7	11	0.8094	NA	0	1.7183	Viruses;Duplodnaviria;Heunggongvirae;Uroviricota;Caudoviricetes;;
k141_33633	5377	No terminal repeats	NA	7	11	0.8088	NA	0	4.3975	Viruses;Duplodnaviria;Heunggongvirae;Uroviricota;Caudoviricetes;;
k141_1322792	8046	No terminal repeats	NA	13	11	0.8078	NA	0	13.7267	Viruses;Duplodnaviria;Heunggongvirae;Uroviricota;Caudoviricetes;;Kyanoviridae
k141_560906	5844	No terminal repeats	NA	14	11	0.8060	NA	0	7.1824	Viruses;Duplodnaviria;Heunggongvirae;Uroviricota;Caudoviricetes;;
k141_118742	7203	No terminal repeats	NA	11	11	0.8059	NA	0	7.3177	Viruses;Duplodnaviria;Heunggongvirae;Uroviricota;Caudoviricetes;;
k141_1077062	4434	No terminal repeats	NA	8	11	0.8057	NA	0	7.5770	Viruses;Duplodnaviria;Heunggongvirae;Uroviricota;Caudoviricetes;;
k141_375640	4040	No terminal repeats	NA	5	11	0.8052	NA	0	3.2765	Viruses;Duplodnaviria;Heunggongvirae;Uroviricota;Caudoviricetes;;
k141_1750351	4760	No terminal repeats	NA	7	11	0.8048	NA	0	1.7183	Viruses;Varidnaviria;Bamfordvirae;Nucleocytoviricota;Megaviricetes;Imitervirales;Mimiviridae
k141_2276180	3575	No terminal repeats	NA	8	11	0.8043	NA	0	3.0480	Viruses;Duplodnaviria;Heunggongvirae;Uroviricota;Caudoviricetes;;
k141_1888487	4423	No terminal repeats	NA	5	11	0.8041	NA	1	3.2841	Viruses;Duplodnaviria;Heunggongvirae;Uroviricota;Caudoviricetes;;
k141_204489	6477	No terminal repeats	NA	7	11	0.8038	NA	0	1.3419	Viruses;Duplodnaviria;Heunggongvirae;Uroviricota;Caudoviricetes;;
k141_2070100	4611	No terminal repeats	NA	8	11	0.8036	NA	0	10.6562	Viruses;Duplodnaviria;Heunggongvirae;Uroviricota;Caudoviricetes;;
k141_2053064	5384	No terminal repeats	NA	5	11	0.8021	NA	0	4.8872	Viruses;Varidnaviria;Bamfordvirae;Nucleocytoviricota;Megaviricetes;Imitervirales;
k141_420811	9301	No terminal repeats	NA	15	11	0.8018	NA	0	3.4693	Viruses;Duplodnaviria;Heunggongvirae;Uroviricota;Caudoviricetes;;
k141_802862	6727	No terminal repeats	NA	12	11	0.8003	NA	0	3.0770	Viruses;Varidnaviria;Bamfordvirae;Nucleocytoviricota;Megaviricetes;Algavirales;Phycodnaviridae
k141_1165543	4322	No terminal repeats	NA	9	11	0.7993	NA	0	1.9399	Viruses;Duplodnaviria;Heunggongvirae;Uroviricota;Caudoviricetes;;
k141_723062	9272	No terminal repeats	NA	10	11	0.7991	NA	0	1.7183	Viruses;Varidnaviria;Bamfordvirae;Nucleocytoviricota;Megaviricetes;Imitervirales;
k141_474982	3983	No terminal repeats	NA	5	11	0.7984	NA	0	0.0000	Unclassified
k141_1621020	3632	No terminal repeats	NA	6	11	0.7980	NA	0	3.3967	Viruses;Duplodnaviria;Heunggongvirae;Uroviricota;Caudoviricetes;;
k141_1574967	5215	No terminal repeats	NA	6	11	0.7978	NA	0	0.0000	Unclassified
k141_2312188	3668	No terminal repeats	NA	7	11	0.7977	NA	0	0.0000	Unclassified
k141_1577887	6459	No terminal repeats	NA	9	11	0.7969	NA	1	1.4708	Viruses;Duplodnaviria;Heunggongvirae;Uroviricota;Caudoviricetes;;
k141_316982	4244	No terminal repeats	NA	5	11	0.7957	NA	0	1.4728	Viruses;Varidnaviria;Bamfordvirae;Nucleocytoviricota;Megaviricetes;Algavirales;Phycodnaviridae
k141_161116	4476	No terminal repeats	NA	6	11	0.7947	NA	0	2.9034	Viruses;Duplodnaviria;Heunggongvirae;Uroviricota;Caudoviricetes;;
k141_1044579	3871	No terminal repeats	NA	6	11	0.7941	NA	0	1.3788	Unclassified
k141_1733531	6730	No terminal repeats	NA	8	11	0.7941	NA	2	7.3549	Viruses;Duplodnaviria;Heunggongvirae;Uroviricota;Caudoviricetes;;
k141_1879169	6084	No terminal repeats	NA	4	11	0.7934	NA	0	0.0000	Unclassified
k141_1197185	6988	No terminal repeats	NA	8	11	0.7902	NA	0	0.0000	Unclassified
k141_1584070	6270	No terminal repeats	NA	6	11	0.7897	NA	0	1.7060	Viruses;Varidnaviria;Bamfordvirae;Nucleocytoviricota;Megaviricetes;Imitervirales;Schizomimiviridae
k141_1562593	4288	No terminal repeats	NA	6	11	0.7896	NA	0	1.7159	Viruses;Varidnaviria;Bamfordvirae;Nucleocytoviricota;Megaviricetes;Imitervirales;
k141_1365761	3508	No terminal repeats	NA	6	11	0.7893	NA	0	1.4239	Viruses;Varidnaviria;Bamfordvirae;Preplasmiviricota;Tectiliviricetes;Kalamavirales;Tectiviridae
k141_866948	7405	No terminal repeats	NA	7	11	0.7878	NA	0	0.0000	Unclassified
k141_1109931	5143	No terminal repeats	NA	7	11	0.7865	NA	0	3.4366	Viruses;Duplodnaviria;Heunggongvirae;Uroviricota;Caudoviricetes;;
k141_376125	9768	No terminal repeats	NA	7	11	0.7861	NA	1	1.7183	Viruses;Varidnaviria;Bamfordvirae;Nucleocytoviricota;Megaviricetes;Imitervirales;Mimiviridae
k141_1315862	7772	No terminal repeats	NA	21	11	0.7859	NA	0	3.4366	Unclassified
k141_2072546	3855	No terminal repeats	NA	5	11	0.7847	NA	0	4.5176	Viruses;Duplodnaviria;Heunggongvirae;Uroviricota;Caudoviricetes;;
k141_215720	4789	No terminal repeats	NA	6	11	0.7846	NA	1	5.0551	Viruses;Duplodnaviria;Heunggongvirae;Uroviricota;Caudoviricetes;;
k141_236453	6062	No terminal repeats	NA	9	11	0.7846	NA	0	0.0000	Unclassified
k141_1034410	4659	No terminal repeats	NA	11	11	0.7829	NA	1	6.2493	Viruses;Duplodnaviria;Heunggongvirae;Uroviricota;Caudoviricetes;;
k141_1288140	4193	No terminal repeats	NA	6	11	0.7825	NA	0	1.6931	Viruses;Duplodnaviria;Heunggongvirae;Uroviricota;Caudoviricetes;;
k141_975428	6239	No terminal repeats	NA	9	11	0.7824	NA	0	1.7042	Viruses;Duplodnaviria;Heunggongvirae;Uroviricota;Caudoviricetes;;
k141_1252440	3898	No terminal repeats	NA	5	11	0.7807	NA	0	1.7183	Viruses;Varidnaviria;Bamfordvirae;Preplasmiviricota;Maveriviricetes;Priklausovirales;
k141_1004467	6526	No terminal repeats	NA	8	11	0.7805	NA	0	4.7953	Viruses;Varidnaviria;Bamfordvirae;Nucleocytoviricota;Megaviricetes;Algavirales;Phycodnaviridae
k141_1643418	4823	No terminal repeats	NA	6	11	0.7804	NA	0	1.4728	Viruses;Varidnaviria;Bamfordvirae;Nucleocytoviricota;Megaviricetes;Algavirales;Phycodnaviridae
k141_1103425	29762	No terminal repeats	NA	30	11	0.7804	NA	0	4.8401	Viruses;Duplodnaviria;Heunggongvirae;Uroviricota;Caudoviricetes;;
k141_1390738	4975	No terminal repeats	NA	5	11	0.7777	NA	0	1.7152	Viruses;Varidnaviria;Bamfordvirae;Nucleocytoviricota;Megaviricetes;Algavirales;Phycodnaviridae
k141_1751492	3575	No terminal repeats	NA	14	11	0.7771	NA	0	1.4106	Viruses;Duplodnaviria;Heunggongvirae;Uroviricota;Caudoviricetes;;
k141_1364354	4084	No terminal repeats	NA	10	11	0.7770	NA	0	1.4545	Viruses;Duplodnaviria;Heunggongvirae;Uroviricota;Caudoviricetes;;
k141_1019160	3142	No terminal repeats	NA	6	11	0.7762	NA	0	4.1494	Viruses;Duplodnaviria;Heunggongvirae;Uroviricota;Caudoviricetes;;
k141_105909	6703	No terminal repeats	NA	6	11	0.7760	NA	1	3.7799	Viruses;Duplodnaviria;Heunggongvirae;Uroviricota;Caudoviricetes;;
k141_1583739	6410	No terminal repeats	NA	7	11	0.7744	NA	0	0.0000	Unclassified
k141_736918	4304	No terminal repeats	NA	5	11	0.7737	NA	0	0.0000	Unclassified
k141_1355588	5894	No terminal repeats	NA	5	11	0.7722	NA	0	0.0000	Unclassified
k141_1390261	7533	No terminal repeats	NA	8	11	0.7721	NA	0	8.5914	Viruses;Varidnaviria;Bamfordvirae;Nucleocytoviricota;Megaviricetes;Algavirales;Phycodnaviridae
k141_1612259	4741	No terminal repeats	NA	7	11	0.7719	NA	0	1.5634	Viruses;Varidnaviria;Bamfordvirae;Nucleocytoviricota;Megaviricetes;Algavirales;Phycodnaviridae
k141_648026	6680	No terminal repeats	NA	9	11	0.7715	NA	0	1.0449	Viruses;Duplodnaviria;Heunggongvirae;Uroviricota;Caudoviricetes;;
k141_1833091	5830	No terminal repeats	NA	11	11	0.7710	NA	0	12.2427	Viruses;Duplodnaviria;Heunggongvirae;Uroviricota;Caudoviricetes;;
k141_2190611	7017	No terminal repeats	NA	10	11	0.7698	NA	1	6.5543	Viruses;Duplodnaviria;Heunggongvirae;Uroviricota;Caudoviricetes;;
k141_2329711	6258	No terminal repeats	NA	6	11	0.7694	NA	0	1.5411	Unclassified
k141_798058	4998	No terminal repeats	NA	5	11	0.7693	NA	0	0.0000	Unclassified
k141_462029	4246	No terminal repeats	NA	3	11	0.7681	NA	0	3.0398	Viruses;Duplodnaviria;Heunggongvirae;Uroviricota;Caudoviricetes;;
k141_1661024	5957	No terminal repeats	NA	6	11	0.7662	NA	0	3.1959	Viruses;Varidnaviria;Bamfordvirae;Nucleocytoviricota;Megaviricetes;Algavirales;Phycodnaviridae
k141_223858	4927	No terminal repeats	NA	5	11	0.7650	NA	0	1.4859	Viruses;Duplodnaviria;Heunggongvirae;Uroviricota;Caudoviricetes;;
k141_408456	3508	No terminal repeats	NA	7	11	0.7650	NA	0	2.9571	Viruses;Varidnaviria;Bamfordvirae;Nucleocytoviricota;Megaviricetes;Algavirales;Phycodnaviridae
k141_2372670	5293	No terminal repeats	NA	10	11	0.7650	NA	1	3.2452	Viruses;Duplodnaviria;Heunggongvirae;Uroviricota;Caudoviricetes;;
k141_2119974	3811	No terminal repeats	NA	9	11	0.7649	NA	0	0.5531	Viruses;Duplodnaviria;Heunggongvirae;Uroviricota;Caudoviricetes;;Vilmaviridae
k141_1719734	3717	No terminal repeats	NA	7	11	0.7645	NA	0	0.0000	Unclassified
k141_1302502	6416	No terminal repeats	NA	10	11	0.7624	NA	0	1.6800	Viruses;Varidnaviria;Bamfordvirae;Nucleocytoviricota;Megaviricetes;Algavirales;Phycodnaviridae
k141_2244022	4130	No terminal repeats	NA	5	11	0.7614	NA	0	0.0000	Unclassified
k141_942612	3740	No terminal repeats	NA	6	11	0.7614	NA	0	1.2488	Viruses;Duplodnaviria;Heunggongvirae;Uroviricota;Caudoviricetes;;
k141_1344266	7795	No terminal repeats	NA	9	11	0.7609	NA	0	2.7695	Viruses;Varidnaviria;Bamfordvirae;Nucleocytoviricota;Megaviricetes;Imitervirales;Schizomimiviridae
k141_1379068	6949	No terminal repeats	NA	7	11	0.7608	NA	0	1.2778	Viruses;Duplodnaviria;Heunggongvirae;Uroviricota;Caudoviricetes;;
k141_903808	4897	No terminal repeats	NA	6	11	0.7608	NA	1	1.6360	Viruses;Duplodnaviria;Heunggongvirae;Uroviricota;Caudoviricetes;;
k141_289683	4083	No terminal repeats	NA	6	11	0.7607	NA	0	1.7183	Unclassified
k141_934029	3802	No terminal repeats	NA	5	11	0.7604	NA	0	0.0000	Unclassified
k141_1036780	8510	No terminal repeats	NA	8	11	0.7601	NA	0	0.0000	Unclassified
k141_1294247	7326	No terminal repeats	NA	14	11	0.7593	NA	1	1.4013	Viruses;Duplodnaviria;Heunggongvirae;Uroviricota;Caudoviricetes;;
k141_1063776	6826	DTR	NA	5	11	0.7590	NA	0	2.3773	Viruses;Duplodnaviria;Heunggongvirae;Uroviricota;Caudoviricetes;;
k141_2182034	5504	No terminal repeats	NA	5	11	0.7561	NA	0	0.0000	Unclassified
k141_2094826	3974	No terminal repeats	NA	5	11	0.7523	NA	0	0.0000	Unclassified
k141_897885	4811	No terminal repeats	NA	6	11	0.7520	NA	0	4.6836	Viruses;Varidnaviria;Bamfordvirae;Nucleocytoviricota;Megaviricetes;Imitervirales;Mimiviridae
k141_1354730	5378	No terminal repeats	NA	12	11	0.7520	NA	0	1.0757	Viruses;Duplodnaviria;Heunggongvirae;Uroviricota;Caudoviricetes;;
k141_2317344	3755	No terminal repeats	NA	7	11	0.7511	NA	0	11.5262	Viruses;Duplodnaviria;Heunggongvirae;Uroviricota;Caudoviricetes;;
k141_1852194	7843	No terminal repeats	NA	9	11	0.7500	NA	0	3.2425	Viruses;;;;;;
k141_190869	4330	No terminal repeats	NA	4	11	0.7495	NA	0	1.2165	Viruses;Varidnaviria;Bamfordvirae;Nucleocytoviricota;Megaviricetes;Algavirales;Phycodnaviridae
k141_905477	4188	No terminal repeats	NA	6	11	0.7484	NA	0	4.3218	Unclassified
k141_1631	3260	No terminal repeats	NA	7	11	0.7477	NA	0	1.7183	Viruses;Varidnaviria;Bamfordvirae;Nucleocytoviricota;Megaviricetes;Algavirales;Phycodnaviridae
k141_992980	4701	No terminal repeats	NA	8	11	0.7473	NA	0	0.2848	Viruses;Duplodnaviria;Heunggongvirae;Uroviricota;Caudoviricetes;;
k141_181956	5790	No terminal repeats	NA	5	11	0.7460	NA	2	3.2116	Viruses;Duplodnaviria;Heunggongvirae;Uroviricota;Caudoviricetes;;
k141_921484	4916	No terminal repeats	NA	7	11	0.7459	NA	1	4.5552	Viruses;Duplodnaviria;Heunggongvirae;Uroviricota;Caudoviricetes;;
k141_989663	4179	No terminal repeats	NA	5	11	0.7455	NA	0	3.1959	Viruses;Varidnaviria;Bamfordvirae;Nucleocytoviricota;Megaviricetes;Algavirales;Phycodnaviridae
k141_1541400	4118	No terminal repeats	NA	8	11	0.7443	NA	0	0.0000	Unclassified
k141_1292247	8207	No terminal repeats	NA	15	11	0.7433	NA	0	0.0000	Unclassified
k141_2349614	3535	No terminal repeats	NA	7	11	0.7385	NA	0	0.0000	Unclassified
k141_577397	4432	No terminal repeats	NA	5	11	0.7383	NA	0	3.4366	Viruses;Duplodnaviria;Heunggongvirae;Uroviricota;Caudoviricetes;;
k141_1767979	37854	No terminal repeats	NA	51	11	0.7381	NA	1	12.0207	Viruses;Duplodnaviria;Heunggongvirae;Uroviricota;Caudoviricetes;;
k141_1795669	9391	No terminal repeats	NA	13	11	0.7375	NA	0	1.7121	Viruses;Duplodnaviria;Heunggongvirae;Uroviricota;Caudoviricetes;;
k141_1527294	3741	No terminal repeats	NA	7	11	0.7371	NA	0	3.2088	Viruses;Duplodnaviria;Heunggongvirae;Uroviricota;Caudoviricetes;;
k141_2066248	7272	No terminal repeats	NA	18	11	0.7369	NA	0	9.8051	Viruses;Duplodnaviria;Heunggongvirae;Uroviricota;Caudoviricetes;;
k141_1638420	3945	No terminal repeats	NA	7	11	0.7348	NA	0	1.3715	Viruses;Duplodnaviria;Heunggongvirae;Uroviricota;Caudoviricetes;;
k141_2368889	4123	No terminal repeats	NA	5	11	0.7316	NA	0	1.1860	Unclassified
k141_1495373	7784	No terminal repeats	NA	7	11	0.7313	NA	0	1.7183	Viruses;Duplodnaviria;Heunggongvirae;Uroviricota;Caudoviricetes;;
k141_185257	3565	No terminal repeats	NA	6	11	0.7307	NA	0	0.6833	Unclassified
k141_1721651	4301	No terminal repeats	NA	8	11	0.7288	NA	0	3.2157	Viruses;Duplodnaviria;Heunggongvirae;Uroviricota;Caudoviricetes;;
k141_972542	5233	No terminal repeats	NA	7	11	0.7277	NA	0	1.7183	Viruses;Varidnaviria;Bamfordvirae;Nucleocytoviricota;Megaviricetes;Imitervirales;Mimiviridae
k141_86343	6422	No terminal repeats	NA	8	11	0.7275	NA	1	1.7174	Viruses;Varidnaviria;Bamfordvirae;Nucleocytoviricota;Megaviricetes;Algavirales;Phycodnaviridae
k141_1861069	4127	No terminal repeats	NA	5	11	0.7274	NA	0	0.0000	Unclassified
k141_405907	7099	No terminal repeats	NA	6	11	0.7270	NA	0	0.0000	Unclassified
k141_326755	9548	No terminal repeats	NA	11	11	0.7269	NA	0	1.7183	Viruses;Varidnaviria;Bamfordvirae;Nucleocytoviricota;Megaviricetes;Pimascovirales;Iridoviridae
k141_101180	5384	No terminal repeats	NA	5	11	0.7266	NA	0	0.0000	Unclassified
k141_1069074	5891	No terminal repeats	NA	6	11	0.7228	NA	0	3.1959	Viruses;Varidnaviria;Bamfordvirae;Nucleocytoviricota;Megaviricetes;Algavirales;Phycodnaviridae
k141_1420272	5173	No terminal repeats	NA	5	11	0.7217	NA	1	4.3087	Viruses;Duplodnaviria;Heunggongvirae;Uroviricota;Caudoviricetes;;
k141_1075683	3686	No terminal repeats	NA	7	11	0.7215	NA	1	1.7069	Viruses;Duplodnaviria;Heunggongvirae;Uroviricota;Caudoviricetes;;
k141_252136	8308	No terminal repeats	NA	5	11	0.7213	NA	0	1.7042	Viruses;Varidnaviria;Bamfordvirae;Nucleocytoviricota;Megaviricetes;Imitervirales;Mimiviridae
k141_1335485	7548	No terminal repeats	NA	6	11	0.7206	NA	0	0.0000	Unclassified
k141_317699	4551	No terminal repeats	NA	6	11	0.7201	NA	0	1.7027	Viruses;Duplodnaviria;Heunggongvirae;Uroviricota;Caudoviricetes;;Demerecviridae
k141_1989579	3600	No terminal repeats	NA	5	11	0.7188	NA	0	0.0000	Unclassified
k141_980526	5218	No terminal repeats	NA	6	11	0.7157	NA	0	0.0000	Unclassified
k141_286453	9274	No terminal repeats	NA	19	11	0.7154	NA	1	4.3502	Viruses;Duplodnaviria;Heunggongvirae;Uroviricota;Caudoviricetes;;
k141_542292	7345	No terminal repeats	NA	10	11	0.7154	NA	0	1.7183	Viruses;Varidnaviria;Bamfordvirae;Nucleocytoviricota;Megaviricetes;Algavirales;Phycodnaviridae
k141_1075154	5172	No terminal repeats	NA	6	11	0.7138	NA	0	3.2425	Viruses;Varidnaviria;Bamfordvirae;Nucleocytoviricota;Megaviricetes;Imitervirales;
k141_2106479	4146	No terminal repeats	NA	8	11	0.7133	NA	0	1.7183	Viruses;Duplodnaviria;Heunggongvirae;Uroviricota;Caudoviricetes;;
k141_274193	5598	No terminal repeats	NA	6	11	0.7126	NA	0	0.0000	Unclassified
k141_803188	5465	No terminal repeats	NA	11	11	0.7126	NA	0	1.6179	Viruses;Varidnaviria;Bamfordvirae;Nucleocytoviricota;Megaviricetes;Algavirales;Phycodnaviridae
k141_2233283	3783	No terminal repeats	NA	5	11	0.7121	NA	0	1.7183	Viruses;Varidnaviria;Bamfordvirae;Nucleocytoviricota;Megaviricetes;Algavirales;Phycodnaviridae
k141_1875836	3638	No terminal repeats	NA	6	11	0.7101	NA	0	1.7183	Viruses;Duplodnaviria;Heunggongvirae;Uroviricota;Caudoviricetes;;
k141_2309686	4960	No terminal repeats	NA	7	11	0.7061	NA	0	1.5242	Viruses;Varidnaviria;Bamfordvirae;Nucleocytoviricota;Megaviricetes;Imitervirales;
k141_1657301	4100	No terminal repeats	NA	6	11	0.7061	NA	0	0.0000	Unclassified
k141_1227604	5687	No terminal repeats	NA	5	11	0.7059	NA	2	5.1548	Viruses;Duplodnaviria;Heunggongvirae;Uroviricota;Caudoviricetes;;Kyanoviridae
k141_652179	9342	No terminal repeats	NA	12	11	0.7044	NA	1	1.7183	Viruses;Varidnaviria;Bamfordvirae;Nucleocytoviricota;Megaviricetes;Imitervirales;Schizomimiviridae
k141_365687	3549	No terminal repeats	NA	5	11	0.7022	NA	1	1.7183	Viruses;Duplodnaviria;Heunggongvirae;Uroviricota;Caudoviricetes;;
k141_835360	4387	No terminal repeats	NA	5	11	0.7001	NA	0	2.8696	Viruses;Varidnaviria;Bamfordvirae;Nucleocytoviricota;Megaviricetes;Imitervirales;Mimiviridae
