Virus,Host genome,Host taxonomy,Main method,Confidence score,Additional methods
k141_1002083,GB_GCA_000761495.1,d__Bacteria;p__Pseudomonadota;c__Gammaproteobacteria;o__Pseudomonadales;f__Moraxellaceae;g__Acinetobacter;s__Acinetobacter idrijaensis,iPHoP-RF,92.80,None
k141_1002083,RS_GCF_000487975.1,d__Bacteria;p__Pseudomonadota;c__Gammaproteobacteria;o__Pseudomonadales;f__Moraxellaceae;g__Acinetobacter;s__Acinetobacter lwoffii,iPHoP-RF,92.80,None
k141_1002083,RS_GCF_022967985.1,d__Bacteria;p__Pseudomonadota;c__Gammaproteobacteria;o__Pseudomonadales;f__Moraxellaceae;g__Acinetobacter;s__Acinetobacter sp002367455,iPHoP-RF,92.80,None
k141_1002083,RS_GCF_024129355.1,d__Bacteria;p__Pseudomonadota;c__Gammaproteobacteria;o__Pseudomonadales;f__Moraxellaceae;g__Acinetobacter;s__Acinetobacter lwoffii_I,iPHoP-RF,92.80,None
k141_1002083,RS_GCF_024129435.1,d__Bacteria;p__Pseudomonadota;c__Gammaproteobacteria;o__Pseudomonadales;f__Moraxellaceae;g__Acinetobacter;s__Acinetobacter lwoffii_F,iPHoP-RF,92.80,None
k141_1002083,RS_GCF_024129735.1,d__Bacteria;p__Pseudomonadota;c__Gammaproteobacteria;o__Pseudomonadales;f__Moraxellaceae;g__Acinetobacter;s__Acinetobacter lwoffii_H,iPHoP-RF,92.80,None
k141_1002083,GB_GCA_013530545.1,d__Bacteria;p__Pseudomonadota;c__Gammaproteobacteria;o__Pseudomonadales;f__Moraxellaceae;g__Acinetobacter;s__Acinetobacter lwoffii_G,iPHoP-RF,91.10,None
k141_101180,GB_GCA_009922295.1,d__Bacteria;p__Pseudomonadota;c__Gammaproteobacteria;o__Burkholderiales;f__Burkholderiaceae_B;g__Rhodoferax;s__Rhodoferax sp009922295,blast,93.40,iPHoP-RF;59.80
k141_1015559,GB_GCA_934454005.1,d__Bacteria;p__Bacillota_A;c__Clostridia;o__Oscillospirales;f__Acutalibacteraceae;g__HGM12814;s__HGM12814 sp934454005,iPHoP-RF,91.40,None
k141_1024403,GB_GCA_903895845.1,d__Bacteria;p__Bacteroidota;c__Bacteroidia;o__Chitinophagales;f__Chitinophagaceae;g__JAAFHG01;s__JAAFHG01 sp903895845,blast,94.00,iPHoP-RF;79.30
k141_1034200,GB_GCA_018970255.1,d__Bacteria;p__Verrucomicrobiota;c__Verrucomicrobiae;o__Chthoniobacterales;f__Terrimicrobiaceae;g__UBA967;s__UBA967 sp018970255,blast,93.80,iPHoP-RF;59.00
k141_1042373,GB_GCA_010030245.1,d__Bacteria;p__Pseudomonadota;c__Gammaproteobacteria;o__Legionellales;f__Legionellaceae;g__UBA2653;s__UBA2653 sp010030245,blast,91.30,iPHoP-RF;78.70
k141_104902,RS_GCF_001077535.1,d__Bacteria;p__Bacillota_A;c__Clostridia;o__Peptostreptococcales;f__Peptostreptococcaceae;g__Clostridioides;s__Clostridioides difficile,CRISPR,94.90,None
k141_1057817,GB_GCA_900299295.1,d__Bacteria;p__Bacteroidota;c__Bacteroidia;o__AKYH767;f__B-17BO;g__AM-1111;s__AM-1111 sp900299295,blast,91.40,None
k141_1069360,GB_GCA_903834975.1,d__Bacteria;p__Pseudomonadota;c__Gammaproteobacteria;o__Burkholderiales;f__Burkholderiaceae_B;g__Curvibacter;s__Curvibacter sp903834975,blast,93.50,iPHoP-RF;63.30
k141_1069360,RS_GCF_003063435.1,d__Bacteria;p__Pseudomonadota;c__Gammaproteobacteria;o__Burkholderiales;f__Burkholderiaceae_B;g__Limnohabitans_A;s__Limnohabitans_A sp003063435,blast,92.90,iPHoP-RF;66.30
k141_1070611,GB_GCA_902599315.1,d__Bacteria;p__Pseudomonadota;c__Gammaproteobacteria;o__SAR86;f__D2472;g__D2472;s__D2472 sp902599315,iPHoP-RF,90.50,None
k141_1078774,GB_GCA_002299495.1,d__Bacteria;p__Pseudomonadota;c__Gammaproteobacteria;o__Methylococcales;f__Methylomonadaceae;g__Methylovulum;s__Methylovulum sp002299495,iPHoP-RF,93.40,None
k141_108119,RS_GCF_000025125.1,d__Bacteria;p__Cyanobacteriota;c__Cyanobacteriia;o__Cyanobacteriales;f__Microcystaceae_A;g__Atelocyanobacterium;s__Atelocyanobacterium thalassa,iPHoP-RF,92.80,None
k141_108119,RS_GCF_020885515.1,d__Bacteria;p__Cyanobacteriota;c__Cyanobacteriia;o__Cyanobacteriales;f__Microcystaceae_A;g__Atelocyanobacterium;s__Atelocyanobacterium thalassa_A,iPHoP-RF,92.40,None
k141_1083871,GB_GCA_934149005.1,d__Bacteria;p__Bacillota_A;c__Clostridia;o__TANB77;f__CAG-508;g__CAG-269;s__CAG-269 sp934149005,iPHoP-RF,92.40,None
k141_1083871,GB_GCA_001916005.1,d__Bacteria;p__Bacillota_A;c__Clostridia;o__TANB77;f__CAG-508;g__CAG-269;s__CAG-269 sp001916005,iPHoP-RF,91.10,None
k141_1098923,RS_GCF_003600625.1,d__Bacteria;p__Bacteroidota;c__Bacteroidia;o__Chitinophagales;f__Chitinophagaceae;g__Arachidicoccus;s__Arachidicoccus soli,iPHoP-RF,93.40,None
k141_1103425,GB_GCA_016706595.1,d__Bacteria;p__Bacteroidota;c__Bacteroidia;o__Chitinophagales;f__Chitinophagaceae;g__OLB11;s__OLB11 sp016706595,blast,93.80,iPHoP-RF;84.50
k141_110767,GB_GCA_009921565.1,d__Bacteria;p__Pseudomonadota;c__Alphaproteobacteria;o__Rhizobiales;f__Beijerinckiaceae;g__Methylocystis;s__Methylocystis sp009921565,blast,93.80,iPHoP-RF;67.00
k141_1121570,GB_GCA_004173455.1,d__Bacteria;p__Pseudomonadota;c__Gammaproteobacteria;o__Pseudomonadales;f__Moraxellaceae;g__Alkanindiges;s__Alkanindiges sp004173455,iPHoP-RF,93.70,None
k141_1121659,GB_GCA_002426015.1,d__Bacteria;p__Bacteroidota;c__Bacteroidia;o__Flavobacteriales;f__Flavobacteriaceae;g__Aquaticitalea;s__Aquaticitalea sp002426015,iPHoP-RF,92.40,None
k141_1121659,GB_GCA_002426755.1,d__Bacteria;p__Bacteroidota;c__Bacteroidia;o__Flavobacteriales;f__Flavobacteriaceae;g__Aquaticitalea;s__Aquaticitalea sp002426755,iPHoP-RF,92.40,None
k141_1121659,RS_GCF_023156585.1,d__Bacteria;p__Bacteroidota;c__Bacteroidia;o__Flavobacteriales;f__Flavobacteriaceae;g__Aquaticitalea;s__Aquaticitalea sp023156585,iPHoP-RF,92.10,None
k141_1121659,GB_GCA_024635765.1,d__Bacteria;p__Bacteroidota;c__Bacteroidia;o__Flavobacteriales;f__Flavobacteriaceae;g__Aquaticitalea;s__Aquaticitalea sp024635765,iPHoP-RF,91.10,None
k141_1121659,RS_GCF_001678675.1,d__Bacteria;p__Bacteroidota;c__Bacteroidia;o__Flavobacteriales;f__Flavobacteriaceae;g__Gelidibacter;s__Gelidibacter algens,iPHoP-RF,91.10,None
k141_1121659,GB_GCA_003550275.1,d__Bacteria;p__Bacteroidota;c__Bacteroidia;o__Flavobacteriales;f__Flavobacteriaceae;g__QXCW01;s__QXCW01 sp003550275,iPHoP-RF,90.50,None
k141_112980,RS_GCF_016117655.1,d__Bacteria;p__Spirochaetota;c__Spirochaetia;o__Treponematales;f__Treponemataceae;g__Treponema_D;s__Treponema_D peruense,CRISPR,99.40,None
k141_112980,GB_GCA_900539195.1,d__Bacteria;p__Bacillota_A;c__Clostridia;o__Oscillospirales;f__Ruminococcaceae;g__Ruminiclostridium_E;s__Ruminiclostridium_E sp900539195,CRISPR,99.10,iPHoP-RF;50.40
k141_112980,GB_GCA_003512525.1,d__Bacteria;p__Bacillota_A;c__Clostridia;o__Oscillospirales;f__Ruminococcaceae;g__Ruminiclostridium_E;s__Ruminiclostridium_E sp003512525,CRISPR,99.00,None
k141_112980,GB_GCA_025150425.1,d__Bacteria;p__Bacillota_A;c__Clostridia;o__Oscillospirales;f__Ruminococcaceae;g__Ruminiclostridium_E;s__Ruminiclostridium_E siraeum,CRISPR,99.00,None
k141_112980,GB_GCA_018883325.1,d__Bacteria;p__Bacteroidota;c__Bacteroidia;o__Flavobacteriales;f__Crocinitomicaceae;g__UBA952;s__UBA952 sp018883325,CRISPR,98.90,None
k141_1131524,GB_GCA_002718715.1,d__Bacteria;p__Patescibacteria;c__Gracilibacteria;o__UBA1369;f__GCA-2718715;g__GCA-2718715;s__GCA-2718715 sp002718715,blast,96.00,iPHoP-RF;70.40
k141_113608,RS_GCF_000413855.1,d__Bacteria;p__Pseudomonadota;c__Gammaproteobacteria;o__Pseudomonadales;f__Moraxellaceae;g__Acinetobacter;s__Acinetobacter gyllenbergii,iPHoP-RF,92.10,None
k141_113608,RS_GCF_009884975.1,d__Bacteria;p__Pseudomonadota;c__Gammaproteobacteria;o__Pseudomonadales;f__Moraxellaceae;g__Acinetobacter;s__Acinetobacter dispersus,iPHoP-RF,91.80,None
k141_113608,RS_GCF_013072695.1,d__Bacteria;p__Pseudomonadota;c__Gammaproteobacteria;o__Pseudomonadales;f__Moraxellaceae;g__Acinetobacter;s__Acinetobacter sp013072695,iPHoP-RF,91.40,None
k141_113608,RS_GCF_023702675.1,d__Bacteria;p__Pseudomonadota;c__Gammaproteobacteria;o__Pseudomonadales;f__Moraxellaceae;g__Acinetobacter;s__Acinetobacter sp011753255,iPHoP-RF,91.10,None
k141_113608,RS_GCF_023702715.1,d__Bacteria;p__Pseudomonadota;c__Gammaproteobacteria;o__Pseudomonadales;f__Moraxellaceae;g__Acinetobacter;s__Acinetobacter sp023702715,iPHoP-RF,91.10,None
k141_1144794,GB_GCA_902614915.1,d__Bacteria;p__Bacteroidota;c__Bacteroidia;o__Flavobacteriales;f__Schleiferiaceae;g__UBA10364;s__UBA10364 sp902614915,iPHoP-RF,95.10,None
k141_1157194,GB_GCA_021741285.1,d__Bacteria;p__Pseudomonadota;c__Alphaproteobacteria;o__Rickettsiales;f__Rickettsiaceae;g__GCA-2402195;s__GCA-2402195 sp021741285,blast,91.80,None
k141_115784,GB_GCA_903958085.1,d__Bacteria;p__Desulfobacterota_F;c__Desulfuromonadia;o__Geobacterales;f__Pseudopelobacteraceae;g__JACRCG01;s__JACRCG01 sp903958085,blast,91.60,None
k141_11674,GB_GCA_012927585.1,d__Bacteria;p__Pseudomonadota;c__Gammaproteobacteria;o__Burkholderiales;f__Burkholderiaceae;g__AVCC01;s__AVCC01 sp012927585,blast,93.70,iPHoP-RF;56.20
k141_11674,GB_GCA_021151485.1,d__Bacteria;p__Pseudomonadota;c__Gammaproteobacteria;o__Burkholderiales;f__Burkholderiaceae;g__JAGKXB01;s__JAGKXB01 sp021151485,blast,93.70,None
k141_1170622,GB_GCA_017524385.1,d__Bacteria;p__Bacteroidota;c__Bacteroidia;o__Bacteroidales;f__Bacteroidaceae;g__Prevotella;s__Prevotella sp017524385,iPHoP-RF,92.10,None
k141_1170622,GB_GCA_902792855.1,d__Bacteria;p__Bacteroidota;c__Bacteroidia;o__Bacteroidales;f__Bacteroidaceae;g__Prevotella;s__Prevotella sp902792855,iPHoP-RF,90.80,None
k141_1170622,GB_GCA_017619755.1,d__Bacteria;p__Bacteroidota;c__Bacteroidia;o__Bacteroidales;f__Bacteroidaceae;g__Prevotella;s__Prevotella sp017619755,iPHoP-RF,90.50,None
k141_1175843,GB_GCA_016882345.1,d__Bacteria;p__Cyanobacteriota;c__Cyanobacteriia;o__PCC-6307;f__Cyanobiaceae;g__RGUW01;s__RGUW01 sp016882345,blast,93.30,iPHoP-RF;63.30
k141_1179121,RS_GCF_002778285.1,d__Bacteria;p__Pseudomonadota;c__Gammaproteobacteria;o__Burkholderiales;f__Burkholderiaceae_B;g__Limnohabitans_A;s__Limnohabitans_A sp002778285,blast,91.20,iPHoP-RF;53.80
k141_1179121,RS_GCF_003063435.1,d__Bacteria;p__Pseudomonadota;c__Gammaproteobacteria;o__Burkholderiales;f__Burkholderiaceae_B;g__Limnohabitans_A;s__Limnohabitans_A sp003063435,blast,90.70,None
k141_1181862,GB_GCA_009921265.1,d__Bacteria;p__Pseudomonadota;c__Gammaproteobacteria;o__Burkholderiales;f__Burkholderiaceae_B;g__Limnohabitans;s__Limnohabitans sp009921265,blast,91.70,iPHoP-RF;62.20
k141_1181862,GB_GCA_010027825.1,d__Bacteria;p__Dependentiae;c__Babeliae;o__Babeliales;f__RVW-14;g__CAIKAH01;s__CAIKAH01 sp010027825,blast,90.40,None
k141_1186039,GB_GCA_023253175.1,d__Bacteria;p__Patescibacteria;c__Saccharimonadia;o__Saccharimonadales;f__JALRHH01;g__JALRHH01;s__JALRHH01 sp023253175,iPHoP-RF,91.40,None
k141_1191920,GB_GCA_002730855.1,d__Bacteria;p__Pseudomonadota;c__Gammaproteobacteria;o__SAR86;f__SAR86;g__GCA-2730855;s__GCA-2730855 sp002730855,iPHoP-RF,93.70,None
k141_1191920,GB_GCA_902532015.1,d__Bacteria;p__Pseudomonadota;c__Gammaproteobacteria;o__SAR86;f__SAR86;g__GCA-2730855;s__GCA-2730855 sp902532015,iPHoP-RF,93.40,None
k141_1202223,GB_GCA_021736575.1,d__Bacteria;p__Planctomycetota;c__Planctomycetia;o__Pirellulales;f__Pirellulaceae;g__Pirellula_B;s__Pirellula_B sp021736575,blast,93.70,None
k141_1202573,GB_GCA_013450215.1,d__Bacteria;p__Pseudomonadota;c__Gammaproteobacteria;o__Burkholderiales;f__Nitrosomonadaceae;g__VFJL01;s__VFJL01 sp013450215,blast,91.10,None
k141_1214757,RS_GCF_009711135.1,d__Bacteria;p__Bacteroidota;c__Bacteroidia;o__Flavobacteriales;f__Flavobacteriaceae;g__Flavobacterium;s__Flavobacterium sp009711135,iPHoP-RF,90.50,None
k141_1234541,GB_GCA_903932865.1,d__Bacteria;p__Pseudomonadota;c__Gammaproteobacteria;o__Burkholderiales;f__Burkholderiaceae_B;g__Limnohabitans_A;s__Limnohabitans_A sp903932865,blast,93.20,iPHoP-RF;58.20
k141_1234541,RS_GCF_003063575.1,d__Bacteria;p__Pseudomonadota;c__Gammaproteobacteria;o__Burkholderiales;f__Burkholderiaceae_B;g__Limnohabitans_A;s__Limnohabitans_A sp003063575,blast,91.10,iPHoP-RF;71.30
k141_1250926,GB_GCA_903825065.1,d__Bacteria;p__Bacteroidota;c__Bacteroidia;o__Chitinophagales;f__Chitinophagaceae;g__Sediminibacterium;s__Sediminibacterium sp903825065,blast,95.20,iPHoP-RF;91.10
k141_1256830,GB_GCA_010031285.1,d__Bacteria;p__Pseudomonadota;c__Gammaproteobacteria;o__Burkholderiales;f__Methylophilaceae;g__Methylopumilus;s__Methylopumilus sp010031285,blast,95.90,None
k141_1262331,RS_GCF_002217205.1,d__Bacteria;p__Bacteroidota;c__Bacteroidia;o__Flavobacteriales;f__Flavobacteriaceae;g__Flavobacterium;s__Flavobacterium branchiophilum,iPHoP-RF,93.40,None
k141_1262331,GB_GCA_020720185.1,d__Bacteria;p__Bacteroidota;c__Bacteroidia;o__Flavobacteriales;f__Flavobacteriaceae;g__Flavobacterium;s__Flavobacterium psychrophilum_O,iPHoP-RF,93.10,None
k141_126265,GB_GCA_903839695.1,d__Bacteria;p__Patescibacteria;c__Paceibacteria;o__UBA9983_A;f__PALSA-1337;g__CAIOGI01;s__CAIOGI01 sp903839695,blast,93.90,iPHoP-RF;80.00
k141_1274556,GB_GCA_003131635.1,d__Bacteria;p__Acidobacteriota;c__Terriglobia;o__Terriglobales;f__SbA1;g__Sulfotelmatobacter;s__Sulfotelmatobacter sp003131635,iPHoP-RF,96.70,None
k141_1274556,GB_GCA_003134435.1,d__Bacteria;p__Acidobacteriota;c__Terriglobia;o__Terriglobales;f__SbA1;g__Bog-209;s__Bog-209 sp003134435,iPHoP-RF,96.70,None
k141_1274556,GB_GCA_020073525.1,d__Bacteria;p__Acidobacteriota;c__Terriglobia;o__Terriglobales;f__SbA1;g__Bog-209;s__Bog-209 sp020073525,iPHoP-RF,96.70,None
k141_1274556,GB_GCA_013289685.1,d__Bacteria;p__Acidobacteriota;c__Terriglobia;o__Terriglobales;f__SbA1;g__Sulfotelmatobacter;s__Sulfotelmatobacter sp013289685,iPHoP-RF,96.10,None
k141_1274556,GB_GCA_003132325.1,d__Bacteria;p__Acidobacteriota;c__Terriglobia;o__Terriglobales;f__SbA1;g__Bog-209;s__Bog-209 sp003132325,iPHoP-RF,95.40,None
k141_1274556,GB_GCA_003165855.1,d__Bacteria;p__Acidobacteriota;c__Terriglobia;o__Terriglobales;f__SbA1;g__Sulfotelmatobacter;s__Sulfotelmatobacter sp003165855,iPHoP-RF,95.40,None
k141_1274556,GB_GCA_003136335.1,d__Bacteria;p__Acidobacteriota;c__Terriglobia;o__Terriglobales;f__SbA1;g__Sulfotelmatobacter;s__Sulfotelmatobacter sp003136335,iPHoP-RF,95.10,None
k141_1274556,GB_GCA_003138975.1,d__Bacteria;p__Acidobacteriota;c__Terriglobia;o__Terriglobales;f__SbA1;g__Sulfotelmatobacter;s__Sulfotelmatobacter sp003138975,iPHoP-RF,95.10,None
k141_1274556,GB_GCA_003225515.1,d__Bacteria;p__Acidobacteriota;c__Terriglobia;o__Terriglobales;f__SbA1;g__Sulfotelmatobacter;s__Sulfotelmatobacter sp003225515,iPHoP-RF,95.10,None
k141_1274556,GB_GCA_020073565.1,d__Bacteria;p__Acidobacteriota;c__Terriglobia;o__Terriglobales;f__SbA1;g__JAIQEY01;s__JAIQEY01 sp020073565,iPHoP-RF,95.10,None
k141_1274556,GB_GCA_020073215.1,d__Bacteria;p__Acidobacteriota;c__Terriglobia;o__Terriglobales;f__SbA1;g__Bog-209;s__Bog-209 sp020073215,iPHoP-RF,94.70,None
k141_1274556,GB_GCA_003138955.1,d__Bacteria;p__Acidobacteriota;c__Terriglobia;o__Terriglobales;f__SbA1;g__Bog-209;s__Bog-209 sp003138955,iPHoP-RF,94.40,None
k141_1274556,GB_GCA_003139975.1,d__Bacteria;p__Acidobacteriota;c__Terriglobia;o__Terriglobales;f__SbA1;g__Bog-209;s__Bog-209 sp003139975,iPHoP-RF,94.40,None
k141_1274556,GB_GCA_017883425.1,d__Bacteria;p__Acidobacteriota;c__Terriglobia;o__Terriglobales;f__SbA1;g__Sulfotelmatobacter;s__Sulfotelmatobacter sp017883425,iPHoP-RF,94.40,None
k141_1274556,GB_GCA_003139095.1,d__Bacteria;p__Acidobacteriota;c__Terriglobia;o__Terriglobales;f__SbA1;g__Bog-209;s__Bog-209 sp003139095,iPHoP-RF,91.80,None
k141_1282294,RS_GCF_000255655.1,d__Bacteria;p__Planctomycetota;c__Planctomycetia;o__Planctomycetales;f__Planctomycetaceae;g__Schlesneria;s__Schlesneria paludicola,iPHoP-RF,92.80,None
k141_1296047,GB_GCA_945865295.1,d__Bacteria;p__Bacteroidota;c__Bacteroidia;o__Chitinophagales;f__Chitinophagaceae;g__Sediminibacterium;s__Sediminibacterium pinensis_A,iPHoP-RF,95.10,None
k141_1300688,GB_GCA_016711805.1,d__Bacteria;p__Bacteroidota;c__Bacteroidia;o__AKYH767;f__B-17BO;g__UBA4416;s__UBA4416 sp016711805,iPHoP-RF,92.40,None
k141_1300688,GB_GCA_016708845.1,d__Bacteria;p__Bacteroidota;c__Bacteroidia;o__AKYH767;f__B-17BO;g__UBA4416;s__UBA4416 sp016708845,iPHoP-RF,91.10,None
k141_1304537,GB_GCA_016763855.1,d__Bacteria;p__Pseudomonadota;c__Gammaproteobacteria;o__Pseudomonadales;f__HTCC2089;g__UBA4582;s__UBA4582 sp016763855,iPHoP-RF,93.40,None
k141_1308783,GB_GCA_009923505.1,d__Bacteria;p__Pseudomonadota;c__Gammaproteobacteria;o__Burkholderiales;f__Burkholderiaceae_B;g__Limnohabitans;s__Limnohabitans sp009923505,blast,93.90,None
k141_1308783,GB_GCA_016868205.1,d__Bacteria;p__Pseudomonadota;c__Gammaproteobacteria;o__Burkholderiales;f__Burkholderiaceae_B;g__Polaromonas;s__Polaromonas sp016868205,blast,90.10,None
k141_1339194,GB_GCA_903839695.1,d__Bacteria;p__Patescibacteria;c__Paceibacteria;o__UBA9983_A;f__PALSA-1337;g__CAIOGI01;s__CAIOGI01 sp903839695,blast,92.10,iPHoP-RF;69.80
k141_1340912,GB_GCA_021776025.1,d__Bacteria;p__Pseudomonadota;c__Alphaproteobacteria;o__Micavibrionales;f__Micavibrionaceae;g__TMED27;s__TMED27 sp021776025,iPHoP-RF,94.70,None
k141_1340912,GB_GCA_913062525.1,d__Bacteria;p__Pseudomonadota;c__Alphaproteobacteria;o__Sneathiellales;f__Sneathiellaceae;g__Sneathiella;s__Sneathiella sp913062525,iPHoP-RF,91.40,None
k141_1340912,GB_GCA_002695905.1,d__Bacteria;p__Pseudomonadota;c__Alphaproteobacteria;o__Parvibaculales;f__Parvibaculaceae;g__Mf105b01;s__Mf105b01 sp002695905,iPHoP-RF,91.10,None
k141_1359508,RS_GCF_004804315.1,d__Bacteria;p__Bacteroidota;c__Bacteroidia;o__Flavobacteriales;f__Flavobacteriaceae;g__Muricauda;s__Muricauda onchidii,iPHoP-RF,92.10,None
k141_1359508,RS_GCF_014698935.1,d__Bacteria;p__Bacteroidota;c__Bacteroidia;o__Flavobacteriales;f__Flavobacteriaceae;g__Muricauda;s__Muricauda sp014698935,iPHoP-RF,92.10,None
k141_1359508,RS_GCF_017313225.1,d__Bacteria;p__Bacteroidota;c__Bacteroidia;o__Flavobacteriales;f__Flavobacteriaceae;g__Muricauda;s__Muricauda sp017313225,iPHoP-RF,91.10,None
k141_1359508,RS_GCF_900102925.1,d__Bacteria;p__Bacteroidota;c__Bacteroidia;o__Flavobacteriales;f__Flavobacteriaceae;g__Muricauda;s__Muricauda zhangzhouensis,iPHoP-RF,91.10,None
k141_1362218,GB_GCA_903915315.1,d__Bacteria;p__Verrucomicrobiota;c__Verrucomicrobiae;o__Chthoniobacterales;f__Terrimicrobiaceae;g__UBA967;s__UBA967 sp903915315,blast,94.00,iPHoP-RF;70.90
k141_1363264,GB_GCA_009919265.1,d__Bacteria;p__Bacteroidota;c__Kapabacteria;o__Kapabacteriales;f__UBA961;g__UBA961;s__UBA961 sp009919265,blast,91.10,None
k141_1363646,RS_GCF_002015085.1,d__Bacteria;p__Pseudomonadota;c__Gammaproteobacteria;o__Enterobacterales_A;f__Pasteurellaceae;g__Glaesserella;s__Glaesserella parasuis,iPHoP-RF,91.40,None
k141_1363646,RS_GCF_004519515.1,d__Bacteria;p__Pseudomonadota;c__Gammaproteobacteria;o__Enterobacterales_A;f__Pasteurellaceae;g__Glaesserella;s__Glaesserella indolica_A,iPHoP-RF,91.10,None
k141_1363646,RS_GCF_901764975.1,d__Bacteria;p__Pseudomonadota;c__Gammaproteobacteria;o__Enterobacterales_A;f__Pasteurellaceae;g__Glaesserella;s__Glaesserella indolica,iPHoP-RF,91.10,None
k141_1364322,RS_GCF_018881755.1,d__Bacteria;p__Pseudomonadota;c__Gammaproteobacteria;o__Burkholderiales;f__Burkholderiaceae;g__Polynucleobacter;s__Polynucleobacter finlandensis,iPHoP-RF,92.40,None
k141_1364322,RS_GCF_018687635.1,d__Bacteria;p__Pseudomonadota;c__Gammaproteobacteria;o__Burkholderiales;f__Burkholderiaceae;g__Polynucleobacter;s__Polynucleobacter sp018687635,iPHoP-RF,90.80,None
k141_1364322,RS_GCF_018881905.1,d__Bacteria;p__Pseudomonadota;c__Gammaproteobacteria;o__Burkholderiales;f__Burkholderiaceae;g__Polynucleobacter;s__Polynucleobacter sp018881905,iPHoP-RF,90.50,None
k141_1364411,GB_GCA_017853235.1,d__Bacteria;p__Bacteroidota;c__Bacteroidia;o__Chitinophagales;f__Chitinophagaceae;g__Sediminibacterium;s__Sediminibacterium sp017853235,blast,92.40,iPHoP-RF;80.00
k141_1365959,GB_GCA_002309345.1,d__Bacteria;p__Bacillota_A;c__Clostridia;o__Lachnospirales;f__Lachnospiraceae;g__Pseudobutyrivibrio;s__Pseudobutyrivibrio sp002309345,iPHoP-RF,96.10,None
k141_1365959,RS_GCF_000621865.1,d__Bacteria;p__Bacillota_A;c__Clostridia;o__Lachnospirales;f__Lachnospiraceae;g__Pseudobutyrivibrio;s__Pseudobutyrivibrio sp000621865,iPHoP-RF,96.10,None
k141_1365959,RS_GCF_010906925.1,d__Bacteria;p__Bacillota_A;c__Clostridia;o__Lachnospirales;f__Lachnospiraceae;g__Pseudobutyrivibrio;s__Pseudobutyrivibrio sp900112855,iPHoP-RF,96.10,None
k141_1365959,GB_GCA_015057305.1,d__Bacteria;p__Bacillota_A;c__Clostridia;o__Lachnospirales;f__Lachnospiraceae;g__Pseudobutyrivibrio;s__Pseudobutyrivibrio ruminis_F,iPHoP-RF,95.70,None
k141_1365959,GB_GCA_024681435.1,d__Bacteria;p__Bacillota_A;c__Clostridia;o__Lachnospirales;f__Lachnospiraceae;g__Pseudobutyrivibrio;s__Pseudobutyrivibrio sp024681435,iPHoP-RF,95.70,None
k141_1365959,GB_GCA_024697025.1,d__Bacteria;p__Bacillota_A;c__Clostridia;o__Lachnospirales;f__Lachnospiraceae;g__Pseudobutyrivibrio;s__Pseudobutyrivibrio sp024697025,iPHoP-RF,94.70,None
k141_1365959,RS_GCF_900107545.1,d__Bacteria;p__Bacillota_A;c__Clostridia;o__Lachnospirales;f__Lachnospiraceae;g__Pseudobutyrivibrio;s__Pseudobutyrivibrio sp900107545,iPHoP-RF,90.50,None
k141_1365959,RS_GCF_000424005.1,d__Bacteria;p__Bacillota_A;c__Clostridia;o__Lachnospirales;f__Lachnospiraceae;g__Pseudobutyrivibrio;s__Pseudobutyrivibrio ruminis_C,iPHoP-RF,90.10,None
k141_1366060,RS_GCF_002163715.1,d__Bacteria;p__Pseudomonadota;c__Gammaproteobacteria;o__Burkholderiales;f__Burkholderiaceae_B;g__Rhodoferax_C;s__Rhodoferax_C sp002163715,iPHoP-RF,90.10,None
k141_1374807,GB_GCA_903844415.1,d__Bacteria;p__Pseudomonadota;c__Gammaproteobacteria;o__Pseudomonadales;f__Pseudohongiellaceae;g__CAILUG01;s__CAILUG01 sp903844415,blast,91.30,iPHoP-RF;58.40
k141_1378959,GB_GCA_020404105.1,d__Bacteria;p__Cyanobacteriota;c__Cyanobacteriia;o__Pseudanabaenales;f__Pseudanabaenaceae;g__Pseudanabaena;s__Pseudanabaena sp020404105,blast,93.30,iPHoP-RF;61.40
k141_1381553,GB_GCA_009927445.1,d__Bacteria;p__Pseudomonadota;c__Gammaproteobacteria;o__Burkholderiales;f__Burkholderiaceae;g__Polynucleobacter;s__Polynucleobacter sp009927445,blast,95.40,iPHoP-RF;74.60
k141_1382592,GB_GCA_021647365.1,d__Bacteria;p__Pseudomonadota;c__Gammaproteobacteria;o__Thiotrichales;f__Thiotrichaceae;g__Cocleimonas;s__Cocleimonas sp021647365,iPHoP-RF,91.40,None
k141_1385388,GB_GCA_001790445.1,d__Bacteria;p__Patescibacteria;c__Saccharimonadia;o__Saccharimonadales;f__2-12-FULL-41-12;g__2-12-FULL-41-12;s__2-12-FULL-41-12 sp001790445,iPHoP-RF,95.70,None
k141_1385388,GB_GCA_016219345.1,d__Bacteria;p__Patescibacteria;c__Saccharimonadia;o__Saccharimonadales;f__2-12-FULL-41-12;g__JACRNE01;s__JACRNE01 sp016219345,iPHoP-RF,92.80,None
k141_1385388,GB_GCA_002350545.1,d__Bacteria;p__Patescibacteria;c__Saccharimonadia;o__Saccharimonadales;f__Nanosyncoccaceae;g__Nanosyncoccus;s__Nanosyncoccus sp002350545,iPHoP-RF,91.80,None
k141_1385388,GB_GCA_903925195.1,d__Bacteria;p__Patescibacteria;c__Saccharimonadia;o__Saccharimonadales;f__UBA4665;g__CAIYEO01;s__CAIYEO01 sp903925195,iPHoP-RF,91.10,None
k141_1385388,GB_GCA_017537745.1,d__Bacteria;p__Patescibacteria;c__Saccharimonadia;o__Saccharimonadales;f__Nanosyncoccaceae;g__Nanosyncoccus;s__Nanosyncoccus sp017537745,iPHoP-RF,90.80,None
k141_1385388,GB_GCA_943354005.1,d__Bacteria;p__Patescibacteria;c__Saccharimonadia;o__Saccharimonadales;f__AWTP1-31;g__CAJAXB01;s__CAJAXB01 sp943354005,iPHoP-RF,90.80,None
k141_1385388,GB_GCA_016178135.1,d__Bacteria;p__Patescibacteria;c__Saccharimonadia;o__Saccharimonadales;f__JACDFO01;g__JACOTW01;s__JACOTW01 sp016178135,iPHoP-RF,90.50,None
k141_1385388,GB_GCA_017536895.1,d__Bacteria;p__Patescibacteria;c__Saccharimonadia;o__Saccharimonadales;f__Nanosyncoccaceae;g__Nanosyncoccus;s__Nanosyncoccus sp017536895,iPHoP-RF,90.50,None
k141_1385388,GB_GCA_020428425.1,d__Bacteria;p__Patescibacteria;c__Saccharimonadia;o__Saccharimonadales;f__AWTP1-31;g__JAGQMX01;s__JAGQMX01 sp020428425,iPHoP-RF,90.50,None
k141_1385388,GB_GCA_017964025.1,d__Bacteria;p__Patescibacteria;c__Saccharimonadia;o__Saccharimonadales;f__Nanosyncoccaceae;g__Nanosyncoccus;s__Nanosyncoccus sp017964025,iPHoP-RF,90.10,None
k141_1389626,GB_GCA_012927485.1,d__Bacteria;p__Pseudomonadota;c__Gammaproteobacteria;o__Burkholderiales;f__Burkholderiaceae_B;g__Polaromonas;s__Polaromonas sp012927485,iPHoP-RF,90.50,None
k141_1391636,GB_GCA_009921985.1,d__Bacteria;p__Verrucomicrobiota;c__Verrucomicrobiae;o__Methylacidiphilales;f__UBA3015;g__UBA3015;s__UBA3015 sp009921985,blast,91.50,iPHoP-RF;64.80
k141_1398703,RS_GCF_012516395.1,d__Bacteria;p__Cyanobacteriota;c__Cyanobacteriia;o__Cyanobacteriales;f__Nostocaceae;g__Dolichospermum;s__Dolichospermum sp000312705,blast,94.70,iPHoP-RF;62.70
k141_1408837,GB_GCA_903844415.1,d__Bacteria;p__Pseudomonadota;c__Gammaproteobacteria;o__Pseudomonadales;f__Pseudohongiellaceae;g__CAILUG01;s__CAILUG01 sp903844415,blast,91.90,None
k141_141168,RS_GCF_001854765.1,d__Bacteria;p__Pseudomonadota;c__Gammaproteobacteria;o__Enterobacterales_A;f__Vibrionaceae;g__Vibrio;s__Vibrio sonorensis,iPHoP-RF,93.40,None
k141_1421374,RS_GCF_918698115.1,d__Bacteria;p__Bacillota;c__Bacilli;o__Bacillales;f__DSM-1321;g__Peribacillus;s__Peribacillus sp918698115,iPHoP-RF,91.10,None
k141_1421374,RS_GCF_001578185.1,d__Bacteria;p__Bacillota;c__Bacilli;o__Bacillales;f__DSM-1321;g__Peribacillus;s__Peribacillus simplex_A,iPHoP-RF,90.10,None
k141_1436675,RS_GCF_000416235.1,d__Bacteria;p__Pseudomonadota;c__Gammaproteobacteria;o__Pseudomonadales;f__Pseudomonadaceae;g__Pseudomonas_E;s__Pseudomonas_E sp000416235,iPHoP-RF,94.10,None
k141_1436675,RS_GCF_001698815.1,d__Bacteria;p__Pseudomonadota;c__Gammaproteobacteria;o__Pseudomonadales;f__Pseudomonadaceae;g__Pseudomonas_E;s__Pseudomonas_E syringae_A,iPHoP-RF,94.10,None
k141_144409,3300013126_144,d__Archaea;p__Nanoarchaeota;c__Nanoarchaeia;o__Pacearchaeales;f__GW2011-AR1;g__GW2011-AR1;s__,blast,93.20,iPHoP-RF;59.80
k141_1444807,GB_GCA_017534535.1,d__Bacteria;p__Bacteroidota;c__Bacteroidia;o__Bacteroidales;f__Bacteroidaceae;g__UBA2918;s__UBA2918 sp017534535,iPHoP-RF,96.40,None
k141_1456518,GB_GCA_005772895.1,d__Bacteria;p__Bacteroidota;c__Bacteroidia;o__AKYH767;f__2-12-FULL-35-15;g__2-12-FULL-35-15;s__2-12-FULL-35-15 sp005772895,blast,92.10,None
k141_1456518,GB_GCA_016722375.1,d__Bacteria;p__Bacteroidota;c__Bacteroidia;o__Chitinophagales;f__LD1;g__Bog-950;s__Bog-950 sp016722375,blast,91.00,None
k141_1456518,GB_GCA_023227965.1,d__Bacteria;p__Bacteroidota;c__Bacteroidia;o__Bacteroidales;f__JALOCA01;g__JALOCA01;s__JALOCA01 sp023227965,blast,91.00,None
k141_1456518,RS_GCF_015277675.1,d__Bacteria;p__Bacteroidota;c__Bacteroidia;o__Flavobacteriales;f__Flavobacteriaceae;g__Flavobacterium;s__Flavobacterium soyangense,iPHoP-RF,90.80,None
k141_1461307,RS_GCF_000230675.1,d__Bacteria;p__Cyanobacteriota;c__Cyanobacteriia;o__PCC-6307;f__Cyanobiaceae;g__Synechococcus_C;s__Synechococcus_C sp000230675,blast,92.10,iPHoP-RF;71.50
k141_1461307,RS_GCF_014279835.1,d__Bacteria;p__Cyanobacteriota;c__Cyanobacteriia;o__PCC-6307;f__Cyanobiaceae;g__Synechococcus_C;s__Synechococcus_C sp014279835,blast,90.80,iPHoP-RF;70.60
k141_1462262,GB_GCA_016713005.1,d__Bacteria;p__Pseudomonadota;c__Gammaproteobacteria;o__Burkholderiales;f__Burkholderiaceae_B;g__JAHBZM01;s__JAHBZM01 sp016713005,blast,91.20,iPHoP-RF;73.90
k141_1462262,GB_GCA_020048895.1,d__Bacteria;p__Pseudomonadota;c__Gammaproteobacteria;o__Burkholderiales;f__Burkholderiaceae_B;g__Rhodoferax_C;s__Rhodoferax_C sp020048895,iPHoP-RF,91.10,None
k141_1462262,GB_GCA_903944555.1,d__Bacteria;p__Pseudomonadota;c__Gammaproteobacteria;o__Burkholderiales;f__Burkholderiaceae_B;g__Rhodoferax_C;s__Rhodoferax_C sp903944555,iPHoP-RF,91.10,None
k141_1462262,RS_GCF_014837235.1,d__Bacteria;p__Pseudomonadota;c__Gammaproteobacteria;o__Burkholderiales;f__Burkholderiaceae_B;g__Limnohabitans_A;s__Limnohabitans_A radicicola,blast,90.90,None
k141_1462262,RS_GCF_016722895.1,d__Bacteria;p__Pseudomonadota;c__Gammaproteobacteria;o__Burkholderiales;f__Burkholderiaceae_B;g__Ramlibacter;s__Ramlibacter sp016722895,blast,90.90,iPHoP-RF;59.50
k141_1467780,GB_GCA_903888655.1,d__Bacteria;p__Bacteroidota;c__Bacteroidia;o__Flavobacteriales;f__Flavobacteriaceae;g__Flavobacterium;s__Flavobacterium sp903888655,blast,91.50,iPHoP-RF;80.00
k141_1468478,GB_GCA_903828265.1,d__Bacteria;p__Pseudomonadota;c__Alphaproteobacteria;o__Rickettsiales;f__Rickettsiaceae;g__Megaira;s__Megaira sp903828265,blast,92.40,iPHoP-RF;86.70
k141_1468996,GB_GCA_009927065.1,d__Bacteria;p__Pseudomonadota;c__Gammaproteobacteria;o__LLD-282;f__LLD-282;g__LLD-282;s__LLD-282 sp009927065,blast,91.60,iPHoP-RF;80.00
k141_1479830,GB_GCA_009922615.1,d__Bacteria;p__Verrucomicrobiota;c__Verrucomicrobiae;o__Pedosphaerales;f__SXTU01;g__SXTU01;s__SXTU01 sp009922615,blast,93.90,None
k141_1483204,RS_GCF_905175385.1,d__Bacteria;p__Pseudomonadota;c__Gammaproteobacteria;o__Enterobacterales_A;f__Vibrionaceae;g__Vibrio;s__Vibrio sp903986855,iPHoP-RF,95.40,None
k141_1488216,GB_GCA_903896425.1,d__Bacteria;p__Pseudomonadota;c__Gammaproteobacteria;o__Burkholderiales;f__Burkholderiaceae_B;g__Rhodoferax;s__Rhodoferax sp903896425,iPHoP-RF,92.10,None
k141_1488216,GB_GCA_903914175.1,d__Bacteria;p__Pseudomonadota;c__Gammaproteobacteria;o__Burkholderiales;f__Burkholderiaceae_B;g__Rhodoferax;s__Rhodoferax sp903914175,iPHoP-RF,92.10,None
k141_1490580,GB_GCA_900552125.1,d__Bacteria;p__Bacillota;c__Bacilli;o__Erysipelotrichales;f__Erysipelotrichaceae;g__Clostridium_AQ;s__Clostridium_AQ sp900552125,iPHoP-RF,90.10,None
k141_1495373,GB_GCA_020410825.1,d__Bacteria;p__Pseudomonadota;c__Alphaproteobacteria;o__Rickettsiales;f__Rickettsiaceae;g__Megaira;s__Megaira sp005791235,blast,94.20,None
k141_1496868,GB_GCA_945285465.1,d__Bacteria;p__Pseudomonadota;c__Alphaproteobacteria;o__Rhizobiales;f__Rhizobiaceae;g__Bartonella_A;s__Bartonella_A sp945285465,iPHoP-RF,90.10,None
k141_1496868,GB_GCA_945285915.1,d__Bacteria;p__Pseudomonadota;c__Alphaproteobacteria;o__Rhizobiales;f__Rhizobiaceae;g__Bartonella_A;s__Bartonella_A sp945285915,iPHoP-RF,90.10,None
k141_1497526,GB_GCA_903915315.1,d__Bacteria;p__Verrucomicrobiota;c__Verrucomicrobiae;o__Chthoniobacterales;f__Terrimicrobiaceae;g__UBA967;s__UBA967 sp903915315,blast,94.40,iPHoP-RF;81.40
k141_1508002,GB_GCA_903892645.1,d__Bacteria;p__Pseudomonadota;c__Gammaproteobacteria;o__Burkholderiales;f__Gallionellaceae;g__CAITJF01;s__CAITJF01 sp903892645,blast,96.10,iPHoP-RF;52.50
k141_1518676,GB_GCA_004296935.1,d__Bacteria;p__Pseudomonadota;c__Alphaproteobacteria;o__Reyranellales;f__Reyranellaceae;g__Reyranella;s__Reyranella sp004296935,blast,94.00,iPHoP-RF;76.10
k141_1518676,GB_GCA_010032545.1,d__Bacteria;p__Pseudomonadota;c__Alphaproteobacteria;o__Reyranellales;f__Reyranellaceae;g__Reyranella;s__Reyranella sp010032545,blast,93.90,iPHoP-RF;67.50
k141_1518676,GB_GCA_004296815.1,d__Bacteria;p__Pseudomonadota;c__Alphaproteobacteria;o__Reyranellales;f__Reyranellaceae;g__Reyranella;s__Reyranella sp004296815,blast,92.40,iPHoP-RF;82.50
k141_1518676,GB_GCA_019745575.1,d__Bacteria;p__Pseudomonadota;c__Alphaproteobacteria;o__Reyranellales;f__Reyranellaceae;g__Reyranella;s__Reyranella sp019745575,blast,92.00,iPHoP-RF;67.00
k141_1519423,GB_GCA_903839695.1,d__Bacteria;p__Patescibacteria;c__Paceibacteria;o__UBA9983_A;f__PALSA-1337;g__CAIOGI01;s__CAIOGI01 sp903839695,blast,92.20,iPHoP-RF;70.00
k141_1523165,GB_GCA_002842265.1,d__Bacteria;p__Pseudomonadota;c__Gammaproteobacteria;o__Burkholderiales;f__Burkholderiaceae_B;g__Rhodoferax;s__Rhodoferax sp002842265,iPHoP-RF,91.80,None
k141_1523165,GB_GCA_023701345.1,d__Bacteria;p__Pseudomonadota;c__Gammaproteobacteria;o__Burkholderiales;f__Burkholderiaceae_B;g__Rhodoferax;s__Rhodoferax sp023701345,iPHoP-RF,91.10,None
k141_1533456,GB_GCA_005801205.1,d__Bacteria;p__Pseudomonadota;c__Gammaproteobacteria;o__Pseudomonadales;f__Cellvibrionaceae;g__Cellvibrio;s__Cellvibrio sp005801205,iPHoP-RF,94.70,None
k141_1533456,GB_GCA_021151525.1,d__Bacteria;p__Pseudomonadota;c__Gammaproteobacteria;o__Pseudomonadales;f__Cellvibrionaceae;g__Cellvibrio;s__Cellvibrio sp021151525,iPHoP-RF,92.80,None
k141_1533456,RS_GCF_014652535.1,d__Bacteria;p__Pseudomonadota;c__Gammaproteobacteria;o__Pseudomonadales;f__Cellvibrionaceae;g__Cellvibrio;s__Cellvibrio zantedeschiae,iPHoP-RF,92.80,None
k141_1533456,GB_GCA_903844415.1,d__Bacteria;p__Pseudomonadota;c__Gammaproteobacteria;o__Pseudomonadales;f__Pseudohongiellaceae;g__CAILUG01;s__CAILUG01 sp903844415,iPHoP-RF,90.10,None
k141_154026,GB_GCA_002163135.1,d__Bacteria;p__Pseudomonadota;c__Alphaproteobacteria;o__Sneathiellales;f__Sneathiellaceae;g__Sneathiella;s__Sneathiella sp002163135,iPHoP-RF,92.80,None
k141_154026,GB_GCA_913062525.1,d__Bacteria;p__Pseudomonadota;c__Alphaproteobacteria;o__Sneathiellales;f__Sneathiellaceae;g__Sneathiella;s__Sneathiella sp913062525,iPHoP-RF,92.10,None
k141_1549489,GB_GCA_903889745.1,d__Bacteria;p__Bacteroidota;c__Bacteroidia;o__Flavobacteriales;f__Flavobacteriaceae;g__Flavobacterium;s__Flavobacterium sp903889745,blast,92.10,iPHoP-RF;68.60
k141_1557651,GB_GCA_004293165.1,d__Bacteria;p__Bacteroidota;c__Bacteroidia;o__Flavobacteriales;f__Flavobacteriaceae;g__Flavobacterium;s__Flavobacterium sp004293165,iPHoP-RF,96.40,None
k141_1557651,GB_GCA_023151265.1,d__Bacteria;p__Bacteroidota;c__Bacteroidia;o__Flavobacteriales;f__Flavobacteriaceae;g__Flavobacterium;s__Flavobacterium sp023151265,iPHoP-RF,95.40,None
k141_1557651,GB_GCA_018401995.1,d__Bacteria;p__Bacteroidota;c__Bacteroidia;o__Flavobacteriales;f__Flavobacteriaceae;g__Flavobacterium;s__Flavobacterium sp018401995,iPHoP-RF,92.40,None
k141_1557651,RS_GCF_003259835.1,d__Bacteria;p__Bacteroidota;c__Bacteroidia;o__Flavobacteriales;f__Flavobacteriaceae;g__Flavobacterium;s__Flavobacterium aquaticum,iPHoP-RF,91.40,None
k141_1559770,GB_GCA_902602765.1,d__Bacteria;p__Pseudomonadota;c__Alphaproteobacteria;o__Rhodobacterales;f__Rhodobacteraceae;g__MED-G52;s__MED-G52 sp902602765,iPHoP-RF,94.70,None
k141_1559770,GB_GCA_001627925.1,d__Bacteria;p__Pseudomonadota;c__Alphaproteobacteria;o__Rhodobacterales;f__Rhodobacteraceae;g__MED-G52;s__MED-G52 sp001627925,iPHoP-RF,93.70,None
k141_1559770,GB_GCA_002457055.1,d__Bacteria;p__Pseudomonadota;c__Alphaproteobacteria;o__Rhodobacterales;f__Rhodobacteraceae;g__MED-G52;s__MED-G52 sp002457055,iPHoP-RF,93.70,None
k141_1559770,GB_GCA_002682975.1,d__Bacteria;p__Pseudomonadota;c__Alphaproteobacteria;o__Rhodobacterales;f__Rhodobacteraceae;g__MED-G52;s__MED-G52 sp002682975,iPHoP-RF,92.40,None
k141_1559770,GB_GCA_902554885.1,d__Bacteria;p__Pseudomonadota;c__Alphaproteobacteria;o__Rhodobacterales;f__Rhodobacteraceae;g__MED-G52;s__MED-G52 sp902554885,iPHoP-RF,92.10,None
k141_1560126,GB_GCA_016868835.1,d__Bacteria;p__Bacteroidota;c__Bacteroidia;o__Flavobacteriales;f__UA16;g__CAIZGX01;s__CAIZGX01 sp016868835,blast,92.00,iPHoP-RF;69.30
k141_1563040,RS_GCF_000512355.1,d__Bacteria;p__Pseudomonadota;c__Gammaproteobacteria;o__Legionellales;f__Legionellaceae;g__Legionella_A;s__Legionella_A oakridgensis,iPHoP-RF,94.10,None
k141_1563040,RS_GCF_900639915.1,d__Bacteria;p__Pseudomonadota;c__Gammaproteobacteria;o__Legionellales;f__Legionellaceae;g__Legionella_A;s__Legionella_A nagasakiensis,iPHoP-RF,94.10,None
k141_1576200,GB_GCA_012519775.1,d__Bacteria;p__Pseudomonadota;c__Gammaproteobacteria;o__Enterobacterales_A;f__Succinivibrionaceae;g__Succinivibrio;s__Succinivibrio sp012519775,iPHoP-RF,93.40,None
k141_1577416,GB_GCA_903929475.1,d__Bacteria;p__Verrucomicrobiota;c__Verrucomicrobiae;o__Chthoniobacterales;f__Chthoniobacteraceae;g__SXWH01;s__SXWH01 sp903929475,blast,96.00,None
k141_1577613,GB_GCA_903924405.1,d__Bacteria;p__Planctomycetota;c__Planctomycetia;o__Planctomycetales;f__Planctomycetaceae;g__SXXK01;s__SXXK01 sp903924405,iPHoP-RF,94.40,None
k141_1577613,GB_GCA_003669615.1,d__Bacteria;p__Planctomycetota;c__Planctomycetia;o__Planctomycetales;f__Planctomycetaceae;g__SXXK01;s__SXXK01 sp003669615,iPHoP-RF,94.10,None
k141_1577613,GB_GCA_945861975.1,d__Bacteria;p__Planctomycetota;c__Planctomycetia;o__Planctomycetales;f__Planctomycetaceae;g__SXXK01;s__SXXK01 sp945861975,iPHoP-RF,92.10,None
k141_1577873,GB_GCA_903896425.1,d__Bacteria;p__Pseudomonadota;c__Gammaproteobacteria;o__Burkholderiales;f__Burkholderiaceae_B;g__Rhodoferax;s__Rhodoferax sp903896425,iPHoP-RF,96.70,None
k141_1577873,GB_GCA_903938955.1,d__Bacteria;p__Pseudomonadota;c__Gammaproteobacteria;o__Burkholderiales;f__Burkholderiaceae_B;g__Rhodoferax;s__Rhodoferax sp903938955,iPHoP-RF,96.70,None
k141_1577873,GB_GCA_007280205.1,d__Bacteria;p__Pseudomonadota;c__Gammaproteobacteria;o__Burkholderiales;f__Burkholderiaceae_B;g__Rhodoferax;s__Rhodoferax sp007280205,iPHoP-RF,96.40,None
k141_1577873,GB_GCA_003133245.1,d__Bacteria;p__Pseudomonadota;c__Gammaproteobacteria;o__Burkholderiales;f__Burkholderiaceae_B;g__Rhodoferax;s__Rhodoferax sp003133245,iPHoP-RF,96.10,None
k141_1577873,GB_GCA_903925725.1,d__Bacteria;p__Pseudomonadota;c__Gammaproteobacteria;o__Burkholderiales;f__Burkholderiaceae_B;g__Rhodoferax;s__Rhodoferax sp903925725,iPHoP-RF,96.10,None
k141_1577873,GB_GCA_903906695.1,d__Bacteria;p__Pseudomonadota;c__Gammaproteobacteria;o__Burkholderiales;f__Burkholderiaceae_B;g__Rhodoferax;s__Rhodoferax sp903906695,iPHoP-RF,95.70,None
k141_1577873,GB_GCA_903894475.1,d__Bacteria;p__Pseudomonadota;c__Gammaproteobacteria;o__Burkholderiales;f__Burkholderiaceae_B;g__Rhodoferax;s__Rhodoferax sp903894475,iPHoP-RF,95.40,None
k141_1577873,GB_GCA_010365055.1,d__Bacteria;p__Pseudomonadota;c__Gammaproteobacteria;o__Burkholderiales;f__Burkholderiaceae_B;g__Rhodoferax;s__Rhodoferax sp010365055,iPHoP-RF,94.70,None
k141_1577873,GB_GCA_013791765.1,d__Bacteria;p__Pseudomonadota;c__Gammaproteobacteria;o__Burkholderiales;f__Burkholderiaceae_B;g__Rhodoferax;s__Rhodoferax sp013791765,iPHoP-RF,94.70,None
k141_1577873,RS_GCF_000013605.1,d__Bacteria;p__Pseudomonadota;c__Gammaproteobacteria;o__Burkholderiales;f__Burkholderiaceae_B;g__Rhodoferax;s__Rhodoferax ferrireducens,iPHoP-RF,93.40,None
k141_1577873,GB_GCA_903856025.1,d__Bacteria;p__Pseudomonadota;c__Gammaproteobacteria;o__Burkholderiales;f__Burkholderiaceae_B;g__Rhodoferax;s__Rhodoferax sp903856025,iPHoP-RF,92.80,None
k141_1577873,GB_GCA_017880985.1,d__Bacteria;p__Pseudomonadota;c__Gammaproteobacteria;o__Burkholderiales;f__Burkholderiaceae_B;g__Rhodoferax;s__Rhodoferax sp017880985,iPHoP-RF,91.10,None
k141_1578008,GB_GCA_019745395.1,d__Bacteria;p__Chlamydiota;c__Chlamydiia;o__Chlamydiales;f__Rhabdochlamydiaceae;g__CAIJXB01;s__CAIJXB01 sp019745395,blast,91.90,None
k141_1586855,GB_GCA_905479835.1,d__Bacteria;p__Bacteroidota;c__Bacteroidia;o__Flavobacteriales;f__Flavobacteriaceae;g__Urechidicola;s__Urechidicola sp905479835,iPHoP-RF,92.10,None
k141_1588636,GB_GCA_012837155.1,d__Bacteria;p__Bacteroidota;c__Bacteroidia;o__Flavobacteriales;f__Flavobacteriaceae;g__Flavobacterium;s__Flavobacterium sp012837155,iPHoP-RF,92.80,None
k141_1588636,RS_GCF_001662485.1,d__Bacteria;p__Bacteroidota;c__Bacteroidia;o__Flavobacteriales;f__Flavobacteriaceae;g__Flavobacterium;s__Flavobacterium succinicans_A,iPHoP-RF,91.10,None
k141_1588636,RS_GCF_000611675.1,d__Bacteria;p__Bacteroidota;c__Bacteroidia;o__Flavobacteriales;f__Flavobacteriaceae;g__Flavobacterium;s__Flavobacterium succinicans,iPHoP-RF,90.80,None
k141_1588636,RS_GCF_902506345.1,d__Bacteria;p__Bacteroidota;c__Bacteroidia;o__Flavobacteriales;f__Flavobacteriaceae;g__Flavobacterium;s__Flavobacterium sp902506345,iPHoP-RF,90.80,None
k141_1598931,GB_GCA_003218415.1,d__Bacteria;p__Verrucomicrobiota;c__Verrucomicrobiae;o__Chthoniobacterales;f__UBA10450;g__Udaeobacter;s__Udaeobacter sp003218415,iPHoP-RF,93.70,None
k141_1598931,GB_GCA_003217875.1,d__Bacteria;p__Verrucomicrobiota;c__Verrucomicrobiae;o__Chthoniobacterales;f__UBA10450;g__Udaeobacter;s__Udaeobacter sp003217875,iPHoP-RF,93.10,None
k141_1598931,GB_GCA_003218885.1,d__Bacteria;p__Verrucomicrobiota;c__Verrucomicrobiae;o__Chthoniobacterales;f__UBA10450;g__Udaeobacter;s__Udaeobacter sp003218885,iPHoP-RF,93.10,None
k141_1598931,GB_GCA_003220005.1,d__Bacteria;p__Verrucomicrobiota;c__Verrucomicrobiae;o__Chthoniobacterales;f__UBA10450;g__Udaeobacter;s__Udaeobacter sp003220005,iPHoP-RF,92.80,None
k141_1598931,GB_GCA_003218135.1,d__Bacteria;p__Verrucomicrobiota;c__Verrucomicrobiae;o__Chthoniobacterales;f__UBA10450;g__Udaeobacter;s__Udaeobacter sp003218135,iPHoP-RF,91.10,None
k141_1598931,GB_GCA_003217895.1,d__Bacteria;p__Verrucomicrobiota;c__Verrucomicrobiae;o__Chthoniobacterales;f__UBA10450;g__Udaeobacter;s__Udaeobacter sp003217895,iPHoP-RF,90.80,None
k141_1598931,GB_GCA_003221195.1,d__Bacteria;p__Verrucomicrobiota;c__Verrucomicrobiae;o__Chthoniobacterales;f__UBA10450;g__Udaeobacter;s__Udaeobacter sp003221195,iPHoP-RF,90.10,None
k141_1607064,GB_GCA_910585905.1,d__Bacteria;p__Bacillota_A;c__Clostridia;o__Lachnospirales;f__Lachnospiraceae;g__Butyribacter;s__Butyribacter sp910585905,iPHoP-RF,90.10,None
k141_1609235,GB_GCA_023428885.1,d__Bacteria;p__Bacillota_A;c__Clostridia;o__Lachnospirales;f__Lachnospiraceae;g__Lachnoclostridium;s__Lachnoclostridium sp023428885,iPHoP-RF,95.70,None
k141_1609235,GB_GCA_002419585.1,d__Bacteria;p__Bacillota_A;c__Clostridia;o__Lachnospirales;f__Lachnospiraceae;g__Velocimicrobium;s__Velocimicrobium sp002419585,iPHoP-RF,93.40,None
k141_1609235,GB_GCA_017395635.1,d__Bacteria;p__Bacillota_A;c__Clostridia;o__Lachnospirales;f__Lachnospiraceae;g__CAG-590;s__CAG-590 sp017395635,iPHoP-RF,91.80,None
k141_1609235,RS_GCF_003752155.1,d__Bacteria;p__Bacillota_A;c__Clostridia;o__Lachnospirales;f__Lachnospiraceae;g__Mobilisporobacter;s__Mobilisporobacter senegalensis,iPHoP-RF,91.80,None
k141_1609235,GB_GCA_018714325.1,d__Bacteria;p__Bacillota_A;c__Clostridia;o__Lachnospirales;f__Lachnospiraceae;g__Novisyntrophococcus;s__Novisyntrophococcus excrementipullorum,iPHoP-RF,91.40,None
k141_161058,RS_GCF_002584535.1,d__Bacteria;p__Bacillota;c__Bacilli;o__Bacillales;f__Bacillaceae_G;g__Bacillus_A;s__Bacillus_A cereus_AW,iPHoP-RF,90.80,None
k141_1646019,GB_GCA_903833025.1,d__Bacteria;p__Bacteroidota;c__Bacteroidia;o__AKYH767;f__2-12-FULL-35-15;g__2-12-FULL-35-15;s__2-12-FULL-35-15 sp903833025,blast,93.90,iPHoP-RF;53.80
k141_1648348,RS_GCF_012371325.1,d__Bacteria;p__Pseudomonadota;c__Gammaproteobacteria;o__Pseudomonadales;f__Moraxellaceae;g__Acinetobacter;s__Acinetobacter sp012371325,iPHoP-RF,91.80,None
k141_1649709,GB_GCA_025150425.1,d__Bacteria;p__Bacillota_A;c__Clostridia;o__Oscillospirales;f__Ruminococcaceae;g__Ruminiclostridium_E;s__Ruminiclostridium_E siraeum,CRISPR,97.80,None
k141_1649709,GB_GCA_900539195.1,d__Bacteria;p__Bacillota_A;c__Clostridia;o__Oscillospirales;f__Ruminococcaceae;g__Ruminiclostridium_E;s__Ruminiclostridium_E sp900539195,CRISPR,97.10,None
k141_16502,GB_GCA_018970255.1,d__Bacteria;p__Verrucomicrobiota;c__Verrucomicrobiae;o__Chthoniobacterales;f__Terrimicrobiaceae;g__UBA967;s__UBA967 sp018970255,blast,93.20,iPHoP-RF;78.70
k141_1651600,GB_GCA_016342745.1,d__Bacteria;p__Bacteroidota;c__Bacteroidia;o__Bacteroidales;f__Marinifilaceae;g__Labilibaculum;s__Labilibaculum sp016342745,iPHoP-RF,92.40,None
k141_1652281,GB_GCA_019116145.1,d__Bacteria;p__Bacteroidota;c__Bacteroidia;o__Bacteroidales;f__Bacteroidaceae;g__Phocaeicola;s__Phocaeicola gallistercoris,iPHoP-RF,95.70,None
k141_1652281,GB_GCA_021295095.1,d__Bacteria;p__Bacteroidota;c__Bacteroidia;o__Bacteroidales;f__Bacteroidaceae;g__Phocaeicola;s__Phocaeicola sp021295095,iPHoP-RF,90.80,None
k141_1658523,GB_GCA_903932865.1,d__Bacteria;p__Pseudomonadota;c__Gammaproteobacteria;o__Burkholderiales;f__Burkholderiaceae_B;g__Limnohabitans_A;s__Limnohabitans_A sp903932865,blast,91.10,None
k141_1658523,RS_GCF_003063355.1,d__Bacteria;p__Pseudomonadota;c__Gammaproteobacteria;o__Burkholderiales;f__Burkholderiaceae_B;g__Limnohabitans_A;s__Limnohabitans_A sp003063355,blast,90.50,None
k141_1658523,GB_GCA_919902775.1,d__Bacteria;p__Pseudomonadota;c__Gammaproteobacteria;o__Burkholderiales;f__Burkholderiaceae_B;g__Limnohabitans_A;s__Limnohabitans_A sp919902775,blast,90.10,None
k141_1658523,RS_GCF_003063455.1,d__Bacteria;p__Pseudomonadota;c__Gammaproteobacteria;o__Burkholderiales;f__Burkholderiaceae_B;g__Limnohabitans_A;s__Limnohabitans_A parvus,blast,90.10,None
k141_1658990,RS_GCF_012516395.1,d__Bacteria;p__Cyanobacteriota;c__Cyanobacteriia;o__Cyanobacteriales;f__Nostocaceae;g__Dolichospermum;s__Dolichospermum sp000312705,blast,91.70,None
k141_166379,GB_GCA_016707685.1,d__Bacteria;p__Bacteroidota;c__Bacteroidia;o__AKYH767;f__2-12-FULL-35-15;g__2-12-FULL-35-15;s__2-12-FULL-35-15 sp016707685,iPHoP-RF,90.10,None
k141_1670198,GB_GCA_903902515.1,d__Bacteria;p__Planctomycetota;c__UBA11346;o__UBA11346;f__UBA11346;g__CAIUVD01;s__CAIUVD01 sp903902515,blast,91.10,iPHoP-RF;63.00
k141_1684315,GB_GCA_020404105.1,d__Bacteria;p__Cyanobacteriota;c__Cyanobacteriia;o__Pseudanabaenales;f__Pseudanabaenaceae;g__Pseudanabaena;s__Pseudanabaena sp020404105,blast,94.10,iPHoP-RF;71.70
k141_1684387,GB_GCA_023267555.1,d__Bacteria;p__Patescibacteria;c__Paceibacteria;o__UBA9983_A;f__UBA5272;g__UBA11704;s__UBA11704 sp023267555,iPHoP-RF,93.40,None
k141_1684525,GB_GCA_002737445.1,d__Archaea;p__Thermoproteota;c__Nitrososphaeria;o__Nitrososphaerales;f__Nitrosopumilaceae;g__Nitrosarchaeum;s__Nitrosarchaeum sp002737445,blast,93.10,iPHoP-RF;56.80
k141_1685454,RS_GCF_009905615.1,d__Bacteria;p__Pseudomonadota;c__Gammaproteobacteria;o__Pseudomonadales;f__Pseudomonadaceae;g__Pseudomonas_E;s__Pseudomonas_E sp009905615,iPHoP-RF,95.10,None
k141_1685454,GB_GCA_002338065.1,d__Bacteria;p__Pseudomonadota;c__Gammaproteobacteria;o__Pseudomonadales;f__Pseudomonadaceae;g__Pseudomonas_E;s__Pseudomonas_E sp002338065,iPHoP-RF,94.70,None
k141_1685454,GB_GCA_000759445.1,d__Bacteria;p__Pseudomonadota;c__Gammaproteobacteria;o__Pseudomonadales;f__Pseudomonadaceae;g__Pseudomonas_E;s__Pseudomonas_E lutea,iPHoP-RF,92.10,None
k141_1685454,RS_GCF_013433315.1,d__Bacteria;p__Pseudomonadota;c__Gammaproteobacteria;o__Pseudomonadales;f__Pseudomonadaceae;g__Pseudomonas_E;s__Pseudomonas_E crudilactis,iPHoP-RF,91.10,None
k141_1685454,RS_GCF_009764645.1,d__Bacteria;p__Pseudomonadota;c__Gammaproteobacteria;o__Pseudomonadales;f__Pseudomonadaceae;g__Pseudomonas_E;s__Pseudomonas_E sp009764645,iPHoP-RF,90.80,None
k141_1699278,GB_GCA_018970485.1,d__Bacteria;p__Pseudomonadota;c__Alphaproteobacteria;o__Rickettsiales;f__UBA1997;g__UBA2645;s__UBA2645 sp018970485,blast,93.70,iPHoP-RF;85.40
k141_1699278,GB_GCA_903879805.1,d__Bacteria;p__Pseudomonadota;c__Alphaproteobacteria;o__Rickettsiales;f__UBA1997;g__UBA2645;s__UBA2645 sp903879805,blast,91.90,iPHoP-RF;81.40
k141_1699278,GB_GCA_002359655.1,d__Bacteria;p__Pseudomonadota;c__Alphaproteobacteria;o__Rickettsiales;f__UBA1997;g__UBA2645;s__UBA2645 sp002359655,blast,91.70,iPHoP-RF;81.40
k141_1699278,GB_GCA_021151765.1,d__Bacteria;p__Pseudomonadota;c__Alphaproteobacteria;o__Rickettsiales;f__UBA1997;g__UBA2645;s__UBA2645 sp021151765,blast,90.80,iPHoP-RF;81.90
k141_1700070,GB_GCA_002381045.1,d__Bacteria;p__Pseudomonadota;c__Gammaproteobacteria;o__Burkholderiales;f__Burkholderiaceae_B;g__Rhodoferax;s__Rhodoferax sp002381045,iPHoP-RF,91.80,None
k141_1700743,RS_GCF_000241055.1,d__Bacteria;p__Bacillota;c__Bacilli;o__Lactobacillales;f__Lactobacillaceae;g__Oenococcus;s__Oenococcus kitaharae,iPHoP-RF,92.10,None
k141_1703131,GB_GCA_015058475.1,d__Bacteria;p__Bacillota_A;c__Clostridia;o__Clostridiales;f__Clostridiaceae;g__Clostridium;s__Clostridium butyricum_B,iPHoP-RF,93.40,None
k141_1703131,RS_GCF_001458595.1,d__Bacteria;p__Bacillota_A;c__Clostridia;o__Clostridiales;f__Clostridiaceae;g__Clostridium;s__Clostridium neonatale,iPHoP-RF,93.40,None
k141_1710702,GB_GCA_016280725.1,d__Bacteria;p__Bacillota_A;c__Clostridia;o__TANB77;f__UBA1234;g__RGIG6105;s__RGIG6105 sp016280725,iPHoP-RF,91.40,None
k141_1710702,GB_GCA_017539905.1,d__Bacteria;p__Bacillota_A;c__Clostridia;o__TANB77;f__UBA1234;g__RGIG6105;s__RGIG6105 sp017539905,iPHoP-RF,90.80,None
k141_1714397,RS_GCF_012516395.1,d__Bacteria;p__Cyanobacteriota;c__Cyanobacteriia;o__Cyanobacteriales;f__Nostocaceae;g__Dolichospermum;s__Dolichospermum sp000312705,blast,92.10,iPHoP-RF;59.50
k141_1722749,GB_GCA_010029775.1,d__Bacteria;p__Pseudomonadota;c__Gammaproteobacteria;o__Steroidobacterales;f__Steroidobacteraceae;g__UBA964;s__UBA964 sp010029775,blast,91.90,None
k141_1722749,GB_GCA_009928265.1,d__Bacteria;p__Verrucomicrobiota;c__Verrucomicrobiae;o__Chthoniobacterales;f__UBA6821;g__UBA6821;s__UBA6821 sp009928265,blast,90.40,None
k141_1724761,GB_GCA_003512525.1,d__Bacteria;p__Bacillota_A;c__Clostridia;o__Oscillospirales;f__Ruminococcaceae;g__Ruminiclostridium_E;s__Ruminiclostridium_E sp003512525,CRISPR,98.50,None
k141_1724761,GB_GCA_025150425.1,d__Bacteria;p__Bacillota_A;c__Clostridia;o__Oscillospirales;f__Ruminococcaceae;g__Ruminiclostridium_E;s__Ruminiclostridium_E siraeum,CRISPR,95.80,None
k141_1742443,RS_GCF_002902665.1,d__Bacteria;p__Bacillota;c__Bacilli;o__Staphylococcales;f__Staphylococcaceae;g__Macrococcus_B;s__Macrococcus_B caseolyticus,iPHoP-RF,92.80,None
k141_1742443,RS_GCF_019357535.1,d__Bacteria;p__Bacillota;c__Bacilli;o__Staphylococcales;f__Staphylococcaceae;g__Macrococcus_B;s__Macrococcus_B sp019357535,iPHoP-RF,92.80,None
k141_1743193,GB_GCA_009703055.1,d__Bacteria;p__Actinomycetota;c__Acidimicrobiia;o__Acidimicrobiales;f__Ilumatobacteraceae;g__UBA2093;s__UBA2093 sp009703055,blast,93.80,iPHoP-RF;73.20
k141_1743193,GB_GCA_009694565.1,d__Bacteria;p__Actinomycetota;c__Acidimicrobiia;o__Acidimicrobiales;f__Ilumatobacteraceae;g__UBA2093;s__UBA2093 sp009694565,blast,92.10,iPHoP-RF;87.90
k141_1743193,GB_GCA_021298435.1,d__Bacteria;p__Actinomycetota;c__Acidimicrobiia;o__Acidimicrobiales;f__Ilumatobacteraceae;g__UBA2093;s__UBA2093 sp021298435,blast,92.10,iPHoP-RF;75.40
k141_1743193,GB_GCA_945901725.1,d__Bacteria;p__Actinomycetota;c__Acidimicrobiia;o__Acidimicrobiales;f__Ilumatobacteraceae;g__UBA2093;s__UBA2093 sp945901725,blast,91.30,iPHoP-RF;74.80
k141_1743193,GB_GCA_903929185.1,d__Bacteria;p__Actinomycetota;c__Acidimicrobiia;o__Acidimicrobiales;f__Ilumatobacteraceae;g__UBA2093;s__UBA2093 sp903929185,blast,91.20,iPHoP-RF;87.60
k141_1743193,GB_GCA_903934195.1,d__Bacteria;p__Actinomycetota;c__Acidimicrobiia;o__Acidimicrobiales;f__Ilumatobacteraceae;g__UBA2093;s__UBA2093 sp903934195,blast,91.20,iPHoP-RF;84.20
k141_1743193,GB_GCA_945889575.1,d__Bacteria;p__Actinomycetota;c__Acidimicrobiia;o__Acidimicrobiales;f__Ilumatobacteraceae;g__UBA2093;s__UBA2093 sp945889575,blast,91.20,iPHoP-RF;84.20
k141_1743193,GB_GCA_009705865.1,d__Bacteria;p__Actinomycetota;c__Acidimicrobiia;o__Acidimicrobiales;f__Ilumatobacteraceae;g__UBA2093;s__UBA2093 sp009705865,blast,91.10,iPHoP-RF;70.00
k141_1743193,GB_GCA_903904615.1,d__Bacteria;p__Actinomycetota;c__Acidimicrobiia;o__Acidimicrobiales;f__Ilumatobacteraceae;g__UBA2093;s__UBA2093 sp903904615,iPHoP-RF,90.50,blast;89.80
k141_1746287,GB_GCA_903863255.1,d__Bacteria;p__Pseudomonadota;c__Gammaproteobacteria;o__Burkholderiales;f__Methylophilaceae;g__CAIPBJ01;s__CAIPBJ01 sp903863255,blast,91.40,None
k141_1760368,GB_GCA_000227505.4,d__Bacteria;p__Pseudomonadota;c__Gammaproteobacteria;o__Pseudomonadales;f__Halieaceae;g__Luminiphilus;s__Luminiphilus sp000227505,iPHoP-RF,90.80,None
k141_1765561,GB_GCA_903844415.1,d__Bacteria;p__Pseudomonadota;c__Gammaproteobacteria;o__Pseudomonadales;f__Pseudohongiellaceae;g__CAILUG01;s__CAILUG01 sp903844415,blast,95.30,iPHoP-RF;74.10
k141_1779123,RS_GCF_004352835.1,d__Bacteria;p__Pseudomonadota;c__Gammaproteobacteria;o__Pseudomonadales;f__Marinomonadaceae;g__Marinomonas;s__Marinomonas flavescens,iPHoP-RF,96.70,None
k141_1779123,RS_GCF_003259175.1,d__Bacteria;p__Pseudomonadota;c__Gammaproteobacteria;o__Pseudomonadales;f__Marinomonadaceae;g__Marinomonas;s__Marinomonas shanghaiensis,iPHoP-RF,96.10,None
k141_1779123,RS_GCF_016461715.1,d__Bacteria;p__Pseudomonadota;c__Gammaproteobacteria;o__Pseudomonadales;f__Marinomonadaceae;g__Marinomonas;s__Marinomonas spartinae_A,iPHoP-RF,93.40,None
k141_1779123,RS_GCF_003208215.1,d__Bacteria;p__Pseudomonadota;c__Gammaproteobacteria;o__Pseudomonadales;f__Marinomonadaceae;g__Marinomonas;s__Marinomonas alcarazii,iPHoP-RF,92.80,None
k141_1788952,GB_GCA_009924895.1,d__Bacteria;p__Patescibacteria;c__Paceibacteria;o__UBA9983_A;f__UBA2100;g__UBA10103;s__UBA10103 sp009924895,blast,93.70,iPHoP-RF;71.30
k141_1804140,GB_GCA_018882835.1,d__Bacteria;p__Pseudomonadota;c__Gammaproteobacteria;o__Burkholderiales;f__Burkholderiaceae_B;g__Limnohabitans;s__Limnohabitans sp018882835,blast,92.20,iPHoP-RF;59.50
k141_1804140,GB_GCA_903932865.1,d__Bacteria;p__Pseudomonadota;c__Gammaproteobacteria;o__Burkholderiales;f__Burkholderiaceae_B;g__Limnohabitans_A;s__Limnohabitans_A sp903932865,blast,91.00,iPHoP-RF;60.60
k141_1804140,GB_GCA_919902775.1,d__Bacteria;p__Pseudomonadota;c__Gammaproteobacteria;o__Burkholderiales;f__Burkholderiaceae_B;g__Limnohabitans_A;s__Limnohabitans_A sp919902775,blast,90.80,iPHoP-RF;52.50
k141_1804140,RS_GCF_003063575.1,d__Bacteria;p__Pseudomonadota;c__Gammaproteobacteria;o__Burkholderiales;f__Burkholderiaceae_B;g__Limnohabitans_A;s__Limnohabitans_A sp003063575,blast,90.30,iPHoP-RF;52.20
k141_1804140,RS_GCF_003063455.1,d__Bacteria;p__Pseudomonadota;c__Gammaproteobacteria;o__Burkholderiales;f__Burkholderiaceae_B;g__Limnohabitans_A;s__Limnohabitans_A parvus,blast,90.00,iPHoP-RF;64.30
k141_1806984,GB_GCA_023141985.1,d__Bacteria;p__Bacteroidota;c__Bacteroidia;o__Flavobacteriales;f__Flavobacteriaceae;g__PRS1;s__PRS1 sp023141985,iPHoP-RF,90.50,None
k141_1806984,GB_GCA_002162685.1,d__Bacteria;p__Bacteroidota;c__Bacteroidia;o__Flavobacteriales;f__Flavobacteriaceae;g__Psychroserpens;s__Psychroserpens sp002162685,iPHoP-RF,90.10,None
k141_1808325,GB_GCA_024693065.1,d__Bacteria;p__Bacteroidota;c__Bacteroidia;o__Bacteroidales;f__Paludibacteraceae;g__UBA1181;s__UBA1181 sp024693065,iPHoP-RF,90.80,None
k141_1808325,GB_GCA_017962085.1,d__Bacteria;p__Bacteroidota;c__Bacteroidia;o__Bacteroidales;f__Paludibacteraceae;g__UBA1181;s__UBA1181 sp017962085,iPHoP-RF,90.10,None
k141_1836205,RS_GCF_001294625.1,d__Bacteria;p__Actinomycetota;c__Actinomycetia;o__Actinomycetales;f__Micrococcaceae;g__Specibacter;s__Specibacter alpinus_A,iPHoP-RF,91.40,None
k141_1844398,RS_GCF_000828715.1,d__Bacteria;p__Bacteroidota;c__Bacteroidia;o__Flavobacteriales;f__Flavobacteriaceae;g__Winogradskyella;s__Winogradskyella sp000828715,iPHoP-RF,90.50,None
k141_1847853,GB_GCA_934180065.1,d__Bacteria;p__Bacillota_A;c__Clostridia;o__TANB77;f__CAG-508;g__CAG-492;s__CAG-492 sp934180065,iPHoP-RF,94.40,None
k141_1847853,GB_GCA_017939755.1,d__Bacteria;p__Bacillota_A;c__Clostridia;o__TANB77;f__CAG-508;g__CAG-492;s__CAG-492 sp017939755,iPHoP-RF,93.10,None
k141_1852562,GB_GCA_945865395.1,d__Bacteria;p__Actinomycetota;c__Acidimicrobiia;o__Acidimicrobiales;f__Ilumatobacteraceae;g__BACL27;s__BACL27 sp945865395,iPHoP-RF,95.10,None
k141_1852562,GB_GCA_009923685.1,d__Bacteria;p__Actinomycetota;c__Acidimicrobiia;o__Acidimicrobiales;f__Ilumatobacteraceae;g__BACL27;s__BACL27 sp009923685,iPHoP-RF,94.70,None
k141_1852562,GB_GCA_014190055.1,d__Bacteria;p__Actinomycetota;c__Acidimicrobiia;o__Acidimicrobiales;f__Ilumatobacteraceae;g__BACL27;s__BACL27 sp014190055,iPHoP-RF,93.70,None
k141_1852562,GB_GCA_002737635.1,d__Bacteria;p__Actinomycetota;c__Acidimicrobiia;o__Acidimicrobiales;f__Ilumatobacteraceae;g__BACL27;s__BACL27 sp002737635,iPHoP-RF,92.10,None
k141_1852562,GB_GCA_005805045.1,d__Bacteria;p__Actinomycetota;c__Acidimicrobiia;o__Acidimicrobiales;f__Ilumatobacteraceae;g__BACL27;s__BACL27 sp005805045,iPHoP-RF,91.80,None
k141_1852562,GB_GCA_009927565.1,d__Bacteria;p__Actinomycetota;c__Acidimicrobiia;o__Acidimicrobiales;f__Ilumatobacteraceae;g__BACL27;s__BACL27 sp009927565,iPHoP-RF,91.80,None
k141_1852562,GB_GCA_945878705.1,d__Bacteria;p__Actinomycetota;c__Acidimicrobiia;o__Acidimicrobiales;f__Ilumatobacteraceae;g__BACL27;s__BACL27 sp945878705,iPHoP-RF,91.40,None
k141_1855286,RS_GCF_003012915.1,d__Bacteria;p__Bacillota;c__Bacilli;o__Staphylococcales;f__Staphylococcaceae;g__Staphylococcus;s__Staphylococcus felis,iPHoP-RF,90.80,None
k141_1856433,GB_GCA_016709575.1,d__Bacteria;p__Bacteroidota;c__Bacteroidia;o__AKYH767;f__B-17BO;g__JAFLBH01;s__JAFLBH01 sp016709575,iPHoP-RF,90.10,None
k141_1856433,GB_GCA_018000995.1,d__Bacteria;p__Bacteroidota;c__Bacteroidia;o__AKYH767;f__B-17BO;g__JAFLBH01;s__JAFLBH01 sp018000995,iPHoP-RF,90.10,None
k141_1856433,GB_GCA_020846025.1,d__Bacteria;p__Bacteroidota;c__Bacteroidia;o__AKYH767;f__B-17BO;g__UBA4416;s__UBA4416 sp020846025,iPHoP-RF,90.10,None
k141_185818,GB_GCA_902631125.1,d__Bacteria;p__Bacteroidota;c__Bacteroidia;o__Flavobacteriales;f__Flavobacteriaceae;g__UBA724;s__UBA724 sp902631125,iPHoP-RF,94.10,None
k141_185818,GB_GCA_902566635.1,d__Bacteria;p__Bacteroidota;c__Bacteroidia;o__Flavobacteriales;f__Flavobacteriaceae;g__UBA724;s__UBA724 sp902566635,iPHoP-RF,93.40,None
k141_1860159,GB_GCA_903930675.1,d__Bacteria;p__Pseudomonadota;c__Alphaproteobacteria;o__Rhizobiales;f__Beijerinckiaceae;g__CAIYZJ01;s__CAIYZJ01 sp903930675,blast,92.80,iPHoP-RF;53.30
k141_1861069,GB_GCA_017849575.1,d__Bacteria;p__Bacteroidota;c__Bacteroidia;o__Chitinophagales;f__Chitinophagaceae;g__Flavipsychrobacter;s__Flavipsychrobacter sp017849575,blast,92.50,iPHoP-RF;65.60
k141_1861069,GB_GCA_945865625.1,d__Bacteria;p__Bacteroidota;c__Bacteroidia;o__NS11-12g;f__UBA955;g__VMCP01;s__VMCP01 sp945865625,blast,90.90,iPHoP-RF;70.60
k141_1863810,GB_GCA_019359215.1,d__Bacteria;p__Cyanobacteriota;c__Cyanobacteriia;o__Cyanobacteriales;f__Nostocaceae;g__Nostoc;s__Nostoc indistinguendum,iPHoP-RF,90.50,None
k141_1863810,RS_GCF_003113895.1,d__Bacteria;p__Cyanobacteriota;c__Cyanobacteriia;o__Cyanobacteriales;f__Nostocaceae;g__Nostoc;s__Nostoc commune,iPHoP-RF,90.50,None
k141_1863810,RS_GCF_020829665.1,d__Bacteria;p__Cyanobacteriota;c__Cyanobacteriia;o__Cyanobacteriales;f__Nostocaceae;g__Nostoc;s__Nostoc sp020829665,iPHoP-RF,90.50,None
k141_1867107,GB_GCA_903910765.1,d__Bacteria;p__Bacteroidota;c__Bacteroidia;o__Chitinophagales;f__Chitinophagaceae;g__Sediminibacterium;s__Sediminibacterium sp903910765,blast,95.70,iPHoP-RF;64.00
k141_1876129,RS_GCF_004364165.1,d__Bacteria;p__Bacteroidota;c__Bacteroidia;o__Flavobacteriales;f__Flavobacteriaceae;g__Maribacter;s__Maribacter spongiicola,iPHoP-RF,95.70,None
k141_1876129,RS_GCF_900155985.1,d__Bacteria;p__Bacteroidota;c__Bacteroidia;o__Flavobacteriales;f__Flavobacteriaceae;g__Maribacter;s__Maribacter ulvicola,iPHoP-RF,95.10,None
k141_1876129,RS_GCF_005771495.1,d__Bacteria;p__Bacteroidota;c__Bacteroidia;o__Flavobacteriales;f__Flavobacteriaceae;g__Maribacter;s__Maribacter sp005771495,iPHoP-RF,93.10,None
k141_1876129,GB_GCA_020629285.1,d__Bacteria;p__Bacteroidota;c__Bacteroidia;o__Flavobacteriales;f__Flavobacteriaceae;g__Maribacter;s__Maribacter sp020629285,iPHoP-RF,91.40,None
k141_1876129,RS_GCF_000744105.1,d__Bacteria;p__Bacteroidota;c__Bacteroidia;o__Flavobacteriales;f__Flavobacteriaceae;g__Maribacter;s__Maribacter forsetii,iPHoP-RF,90.80,None
k141_1876129,RS_GCF_900142175.1,d__Bacteria;p__Bacteroidota;c__Bacteroidia;o__Flavobacteriales;f__Flavobacteriaceae;g__Maribacter;s__Maribacter aquivivus,iPHoP-RF,90.80,None
k141_1876129,GB_GCA_011050675.1,d__Bacteria;p__Bacteroidota;c__Bacteroidia;o__Flavobacteriales;f__Flavobacteriaceae;g__Maribacter;s__Maribacter sp011050675,iPHoP-RF,90.10,None
k141_1876682,GB_GCA_002313325.1,d__Bacteria;p__Bacteroidota;c__Bacteroidia;o__Flavobacteriales;f__Flavobacteriaceae;g__UBA7446;s__UBA7446 sp002313325,iPHoP-RF,96.10,None
k141_1876682,GB_GCA_002698745.1,d__Bacteria;p__Bacteroidota;c__Bacteroidia;o__Flavobacteriales;f__Flavobacteriaceae;g__UBA7446;s__UBA7446 sp002698745,iPHoP-RF,94.70,None
k141_1882654,GB_GCA_009919265.1,d__Bacteria;p__Bacteroidota;c__Kapabacteria;o__Kapabacteriales;f__UBA961;g__UBA961;s__UBA961 sp009919265,blast,94.20,iPHoP-RF;54.10
k141_1888487,RS_GCF_006335145.1,d__Bacteria;p__Pseudomonadota;c__Alphaproteobacteria;o__Rhizobiales;f__Rhizobiaceae;g__Neorhizobium;s__Neorhizobium smilacinae,iPHoP-RF,94.10,None
k141_1888487,GB_GCA_900466875.1,d__Bacteria;p__Pseudomonadota;c__Alphaproteobacteria;o__Rhizobiales;f__Rhizobiaceae;g__Neorhizobium;s__Neorhizobium sp900466875,iPHoP-RF,93.40,None
k141_1888487,GB_GCA_900469445.1,d__Bacteria;p__Pseudomonadota;c__Alphaproteobacteria;o__Rhizobiales;f__Rhizobiaceae;g__Neorhizobium;s__Neorhizobium sp900469445,iPHoP-RF,91.80,None
k141_1888487,RS_GCF_014201355.1,d__Bacteria;p__Pseudomonadota;c__Alphaproteobacteria;o__Rhizobiales;f__Rhizobiaceae;g__Neorhizobium;s__Neorhizobium wenxiniae,iPHoP-RF,90.80,None
k141_1888487,GB_GCA_900472575.1,d__Bacteria;p__Pseudomonadota;c__Alphaproteobacteria;o__Rhizobiales;f__Rhizobiaceae;g__Neorhizobium;s__Neorhizobium cellulosilyticum,iPHoP-RF,90.50,None
k141_1888728,GB_GCA_019359325.1,d__Bacteria;p__Cyanobacteriota;c__Cyanobacteriia;o__Cyanobacteriales;f__Nostocaceae;g__Mojavia;s__Mojavia pulchra,iPHoP-RF,95.70,None
k141_1888728,RS_GCF_002154725.1,d__Bacteria;p__Cyanobacteriota;c__Cyanobacteriia;o__Cyanobacteriales;f__Nostocaceae;g__Aulosira;s__Aulosira sp002154725,iPHoP-RF,93.70,None
k141_1888728,RS_GCF_016056305.1,d__Bacteria;p__Cyanobacteriota;c__Cyanobacteriia;o__Cyanobacteriales;f__Nostocaceae;g__Amazonocrinis;s__Amazonocrinis nigriterrae,iPHoP-RF,93.10,None
k141_1888728,RS_GCF_002368335.1,d__Bacteria;p__Cyanobacteriota;c__Cyanobacteriia;o__Cyanobacteriales;f__Nostocaceae;g__Amazonocrinis;s__Amazonocrinis sp002368335,iPHoP-RF,92.80,None
k141_1888728,RS_GCF_016056275.1,d__Bacteria;p__Cyanobacteriota;c__Cyanobacteriia;o__Cyanobacteriales;f__Nostocaceae;g__Dendronalium;s__Dendronalium phyllosphericum,iPHoP-RF,90.80,None
k141_1903159,GB_GCA_021204735.1,d__Bacteria;p__Bacteroidota;c__Bacteroidia;o__Bacteroidales;f__Bacteroidaceae;g__Prevotella;s__Prevotella sp021204735,iPHoP-RF,92.10,None
k141_1920023,GB_GCA_009699615.1,d__Bacteria;p__Actinomycetota;c__Thermoleophilia;o__Solirubrobacterales;f__Solirubrobacteraceae;g__F1-60-MAGs163;s__F1-60-MAGs163 sp009699615,blast,95.00,None
k141_1934080,GB_GCA_903897155.1,d__Bacteria;p__Actinomycetota;c__Actinomycetia;o__Nanopelagicales;f__Nanopelagicaceae;g__PALSA-747;s__PALSA-747 sp903897155,blast,92.00,None
k141_1938747,RS_GCF_000973505.1,d__Bacteria;p__Pseudomonadota;c__Gammaproteobacteria;o__Enterobacterales;f__Enterobacteriaceae;g__Blochmannia;s__Blochmannia sp000973505,iPHoP-RF,92.10,None
k141_1939122,GB_GCA_934215455.1,d__Bacteria;p__Bacillota;c__Bacilli;o__Lactobacillales;f__Streptococcaceae;g__Streptococcus;s__Streptococcus sp934215455,iPHoP-RF,93.70,None
k141_1939122,RS_GCF_016648925.1,d__Bacteria;p__Bacillota;c__Bacilli;o__Lactobacillales;f__Streptococcaceae;g__Streptococcus;s__Streptococcus sp900766505,iPHoP-RF,93.70,None
k141_1939122,RS_GCF_019929185.1,d__Bacteria;p__Bacillota;c__Bacilli;o__Lactobacillales;f__Streptococcaceae;g__Streptococcus;s__Streptococcus parasanguinis_O,iPHoP-RF,93.70,None
k141_1939122,GB_GCA_018377375.1,d__Bacteria;p__Bacillota;c__Bacilli;o__Lactobacillales;f__Streptococcaceae;g__Streptococcus;s__Streptococcus parasanguinis_N,iPHoP-RF,93.40,None
k141_1939122,RS_GCF_000187505.1,d__Bacteria;p__Bacillota;c__Bacilli;o__Lactobacillales;f__Streptococcaceae;g__Streptococcus;s__Streptococcus parasanguinis_M,iPHoP-RF,93.40,None
k141_1939122,RS_GCF_001073155.1,d__Bacteria;p__Bacillota;c__Bacilli;o__Lactobacillales;f__Streptococcaceae;g__Streptococcus;s__Streptococcus parasanguinis_D,iPHoP-RF,93.40,None
k141_1939122,RS_GCF_009717815.1,d__Bacteria;p__Bacillota;c__Bacilli;o__Lactobacillales;f__Streptococcaceae;g__Streptococcus;s__Streptococcus parasanguinis_F,iPHoP-RF,93.40,None
k141_1939122,RS_GCF_943193075.1,d__Bacteria;p__Bacillota;c__Bacilli;o__Lactobacillales;f__Streptococcaceae;g__Streptococcus;s__Streptococcus parasanguinis_E,iPHoP-RF,93.40,None
k141_1939122,RS_GCF_000180035.1,d__Bacteria;p__Bacillota;c__Bacilli;o__Lactobacillales;f__Streptococcaceae;g__Streptococcus;s__Streptococcus parasanguinis_C,iPHoP-RF,91.80,None
k141_1939122,RS_GCF_000507765.1,d__Bacteria;p__Bacillota;c__Bacilli;o__Lactobacillales;f__Streptococcaceae;g__Streptococcus;s__Streptococcus parasanguinis_J,iPHoP-RF,91.80,None
k141_1939122,RS_GCF_001813295.1,d__Bacteria;p__Bacillota;c__Bacilli;o__Lactobacillales;f__Streptococcaceae;g__Streptococcus;s__Streptococcus sp001813295,iPHoP-RF,91.40,None
k141_1939122,GB_GCA_900755085.1,d__Bacteria;p__Bacillota;c__Bacilli;o__Lactobacillales;f__Streptococcaceae;g__Streptococcus;s__Streptococcus sp900755085,iPHoP-RF,90.50,None
k141_1939122,RS_GCF_000164675.2,d__Bacteria;p__Bacillota;c__Bacilli;o__Lactobacillales;f__Streptococcaceae;g__Streptococcus;s__Streptococcus parasanguinis,iPHoP-RF,90.50,None
k141_1939122,RS_GCF_001074805.1,d__Bacteria;p__Bacillota;c__Bacilli;o__Lactobacillales;f__Streptococcaceae;g__Streptococcus;s__Streptococcus parasanguinis_A,iPHoP-RF,90.50,None
k141_194750,RS_GCF_900243075.1,d__Bacteria;p__Bacillota_A;c__Clostridia;o__Peptostreptococcales;f__Peptostreptococcaceae;g__Clostridioides;s__Clostridioides difficile_D,CRISPR,98.70,None
k141_194750,RS_GCF_001299635.1,d__Bacteria;p__Bacillota_A;c__Clostridia;o__Peptostreptococcales;f__Peptostreptococcaceae;g__Clostridioides;s__Clostridioides difficile_A,CRISPR,98.30,None
k141_1956233,GB_GCA_002386465.1,d__Bacteria;p__Pseudomonadota;c__Gammaproteobacteria;o__Burkholderiales;f__Burkholderiaceae_A;g__UBA4615;s__UBA4615 sp002386465,blast,92.00,iPHoP-RF;53.00
k141_1960145,GB_GCA_945860575.1,d__Bacteria;p__Actinomycetota;c__Acidimicrobiia;o__Acidimicrobiales;f__Ilumatobacteraceae;g__BACL27;s__BACL27 sp945860575,blast,92.10,iPHoP-RF;62.70
k141_1966676,GB_GCA_934140285.1,d__Bacteria;p__Bacillota;c__Bacilli;o__ML615J-28;f__CAG-313;g__UMGS75;s__UMGS75 sp934140285,iPHoP-RF,90.10,None
k141_1974950,RS_GCF_014698475.1,d__Bacteria;p__Cyanobacteriota;c__Cyanobacteriia;o__Cyanobacteriales;f__Nostocaceae;g__Nostoc_B;s__Nostoc_B spongiaeforme,iPHoP-RF,95.10,None
k141_1974950,RS_GCF_014698505.1,d__Bacteria;p__Cyanobacteriota;c__Cyanobacteriia;o__Cyanobacteriales;f__Nostocaceae;g__Nostoc;s__Nostoc foliaceum_A,iPHoP-RF,95.10,None
k141_1974950,RS_GCF_014697615.1,d__Bacteria;p__Cyanobacteriota;c__Cyanobacteriia;o__Cyanobacteriales;f__Nostocaceae;g__Nostoc_B;s__Nostoc_B sp014697615,iPHoP-RF,94.10,None
k141_1974950,RS_GCF_014698045.1,d__Bacteria;p__Cyanobacteriota;c__Cyanobacteriia;o__Cyanobacteriales;f__Nostocaceae;g__Nostoc_B;s__Nostoc_B sp014698045,iPHoP-RF,94.10,None
k141_1974950,RS_GCF_015207245.1,d__Bacteria;p__Cyanobacteriota;c__Cyanobacteriia;o__Cyanobacteriales;f__Nostocaceae;g__Nostoc;s__Nostoc edaphicum_B,iPHoP-RF,94.10,None
k141_1974950,RS_GCF_001298445.1,d__Bacteria;p__Cyanobacteriota;c__Cyanobacteriia;o__Cyanobacteriales;f__Nostocaceae;g__Nostoc_B;s__Nostoc_B piscinale,iPHoP-RF,93.70,None
k141_1974950,GB_GCA_015206945.1,d__Bacteria;p__Cyanobacteriota;c__Cyanobacteriia;o__Cyanobacteriales;f__Nostocaceae;g__Nostoc;s__Nostoc sp015206945,iPHoP-RF,93.10,None
k141_1974950,RS_GCF_015206815.1,d__Bacteria;p__Cyanobacteriota;c__Cyanobacteriia;o__Cyanobacteriales;f__Nostocaceae;g__LEGE-XX443;s__LEGE-XX443 sp015206815,iPHoP-RF,93.10,None
k141_1974950,RS_GCF_014698065.1,d__Bacteria;p__Cyanobacteriota;c__Cyanobacteriia;o__Cyanobacteriales;f__Nostocaceae;g__Nostoc;s__Nostoc flagelliforme_B,iPHoP-RF,92.80,None
k141_1974950,GB_GCA_018993265.1,d__Bacteria;p__Cyanobacteriota;c__Cyanobacteriia;o__Cyanobacteriales;f__Nostocaceae;g__Nostoc_B;s__Nostoc_B sp018993265,iPHoP-RF,92.40,None
k141_1974950,GB_GCA_017114995.1,d__Bacteria;p__Cyanobacteriota;c__Cyanobacteriia;o__Cyanobacteriales;f__Nostocaceae;g__Nostoc;s__Nostoc sp017114995,iPHoP-RF,92.10,None
k141_1974950,RS_GCF_000316625.1,d__Bacteria;p__Cyanobacteriota;c__Cyanobacteriia;o__Cyanobacteriales;f__Nostocaceae;g__Anabaenopsis;s__Anabaenopsis sp000316625,iPHoP-RF,92.10,None
k141_1974950,RS_GCF_020829665.1,d__Bacteria;p__Cyanobacteriota;c__Cyanobacteriia;o__Cyanobacteriales;f__Nostocaceae;g__Nostoc;s__Nostoc sp020829665,iPHoP-RF,91.40,None
k141_1974950,RS_GCF_015206995.1,d__Bacteria;p__Cyanobacteriota;c__Cyanobacteriia;o__Cyanobacteriales;f__Nostocaceae;g__Komarekiella;s__Komarekiella sp015206995,iPHoP-RF,90.50,None
k141_1975659,RS_GCF_001434665.1,d__Bacteria;p__Bacillota;c__Bacilli;o__Lactobacillales;f__Lactobacillaceae;g__Companilactobacillus;s__Companilactobacillus tucceti,iPHoP-RF,92.10,None
k141_1985128,GB_GCA_017383485.1,d__Bacteria;p__Bacteroidota;c__Bacteroidia;o__Bacteroidales;f__Bacteroidaceae;g__Alloprevotella;s__Alloprevotella sp017383485,iPHoP-RF,95.10,None
k141_1985128,GB_GCA_017628395.1,d__Bacteria;p__Bacteroidota;c__Bacteroidia;o__Bacteroidales;f__Paludibacteraceae;g__RF16;s__RF16 sp017628395,iPHoP-RF,93.70,None
k141_1985128,GB_GCA_021153165.1,d__Bacteria;p__Bacteroidota;c__Bacteroidia;o__Bacteroidales;f__Bacteroidaceae;g__Alloprevotella;s__Alloprevotella sp021153165,iPHoP-RF,92.40,None
k141_1987498,RS_GCF_002082015.1,d__Bacteria;p__Bacillota;c__Bacilli;o__Bacillales;f__Planococcaceae;g__Sporosarcina;s__Sporosarcina ureae_A,iPHoP-RF,94.70,None
k141_1987498,RS_GCF_002743375.1,d__Bacteria;p__Bacillota;c__Bacilli;o__Bacillales;f__Planococcaceae;g__Sporosarcina;s__Sporosarcina sp002743375,iPHoP-RF,93.10,None
k141_1987498,RS_GCF_019748715.1,d__Bacteria;p__Bacillota;c__Bacilli;o__Bacillales;f__Planococcaceae;g__Sporosarcina;s__Sporosarcina newyorkensis,iPHoP-RF,91.40,None
k141_1987498,RS_GCF_002743255.1,d__Bacteria;p__Bacillota;c__Bacilli;o__Bacillales;f__Planococcaceae;g__Sporosarcina;s__Sporosarcina sp002743255,iPHoP-RF,90.50,None
k141_198833,GB_GCA_903922735.1,d__Bacteria;p__Verrucomicrobiota;c__Verrucomicrobiae;o__Pedosphaerales;f__UBA11358;g__UBA11358;s__UBA11358 sp903922735,iPHoP-RF,96.70,None
k141_198833,GB_GCA_903865745.1,d__Bacteria;p__Verrucomicrobiota;c__Verrucomicrobiae;o__Pedosphaerales;f__UBA11358;g__UBA11358;s__UBA11358 sp903865745,iPHoP-RF,96.10,None
k141_198833,GB_GCA_903842235.1,d__Bacteria;p__Verrucomicrobiota;c__Verrucomicrobiae;o__Pedosphaerales;f__UBA11358;g__UBA11358;s__UBA11358 sp903842235,iPHoP-RF,93.40,None
k141_198833,GB_GCA_003151855.1,d__Bacteria;p__Verrucomicrobiota;c__Verrucomicrobiae;o__Pedosphaerales;f__UBA11358;g__UBA11358;s__UBA11358 sp003151855,iPHoP-RF,91.10,None
k141_199463,RS_GCF_022788635.1,d__Bacteria;p__Pseudomonadota;c__Gammaproteobacteria;o__Methylococcales;f__Methylomonadaceae;g__KS41;s__KS41 sp022788635,blast,93.70,iPHoP-RF;80.60
k141_2001893,GB_GCA_903840825.1,d__Bacteria;p__Pseudomonadota;c__Gammaproteobacteria;o__Burkholderiales;f__Burkholderiaceae_B;g__Rhodoferax;s__Rhodoferax sp903840825,blast,93.90,iPHoP-RF;76.80
k141_2002067,GB_GCA_903859265.1,d__Bacteria;p__Pseudomonadota;c__Gammaproteobacteria;o__Burkholderiales;f__Burkholderiaceae_B;g__Rhodoferax_C;s__Rhodoferax_C sp903859265,iPHoP-RF,94.10,None
k141_2002067,GB_GCA_004293725.1,d__Bacteria;p__Pseudomonadota;c__Gammaproteobacteria;o__Burkholderiales;f__Burkholderiaceae_B;g__Rhodoferax_C;s__Rhodoferax_C sp004293725,iPHoP-RF,93.70,None
k141_2002067,GB_GCA_903870955.1,d__Bacteria;p__Pseudomonadota;c__Gammaproteobacteria;o__Burkholderiales;f__Burkholderiaceae_B;g__Rhodoferax_C;s__Rhodoferax_C sp903870955,iPHoP-RF,93.70,None
k141_2002067,GB_GCA_009925925.1,d__Bacteria;p__Pseudomonadota;c__Gammaproteobacteria;o__Burkholderiales;f__Burkholderiaceae_B;g__Rhodoferax_C;s__Rhodoferax_C sp009925925,iPHoP-RF,92.80,None
k141_2002067,RS_GCF_002163715.1,d__Bacteria;p__Pseudomonadota;c__Gammaproteobacteria;o__Burkholderiales;f__Burkholderiaceae_B;g__Rhodoferax_C;s__Rhodoferax_C sp002163715,iPHoP-RF,91.40,None
k141_2002067,GB_GCA_903870065.1,d__Bacteria;p__Pseudomonadota;c__Gammaproteobacteria;o__Burkholderiales;f__Burkholderiaceae_B;g__Rhodoferax_C;s__Rhodoferax_C sp903870065,iPHoP-RF,90.50,None
k141_2002067,GB_GCA_903944555.1,d__Bacteria;p__Pseudomonadota;c__Gammaproteobacteria;o__Burkholderiales;f__Burkholderiaceae_B;g__Rhodoferax_C;s__Rhodoferax_C sp903944555,iPHoP-RF,90.50,None
k141_2034914,GB_GCA_021741285.1,d__Bacteria;p__Pseudomonadota;c__Alphaproteobacteria;o__Rickettsiales;f__Rickettsiaceae;g__GCA-2402195;s__GCA-2402195 sp021741285,blast,94.20,iPHoP-RF;70.90
k141_2040485,GB_GCA_003212695.1,d__Bacteria;p__Cyanobacteriota;c__Cyanobacteriia;o__PCC-6307;f__Cyanobiaceae;g__Prochlorococcus;s__Prochlorococcus sp003212695,iPHoP-RF,90.50,None
k141_2040485,GB_GCA_003212515.1,d__Bacteria;p__Cyanobacteriota;c__Cyanobacteriia;o__PCC-6307;f__Cyanobiaceae;g__Prochlorococcus;s__Prochlorococcus sp003212515,iPHoP-RF,90.10,None
k141_2047391,GB_GCA_022509165.1,d__Bacteria;p__Bacteroidota;c__Bacteroidia;o__Bacteroidales;f__Muribaculaceae;g__CAG-485;s__CAG-485 sp022509165,iPHoP-RF,91.40,None
k141_2047461,RS_GCF_003258355.1,d__Bacteria;p__Bacteroidota;c__Bacteroidia;o__Flavobacteriales;f__Flavobacteriaceae;g__Confluentibacter;s__Confluentibacter sediminis,iPHoP-RF,92.80,None
k141_2063034,RS_GCF_900106755.1,d__Bacteria;p__Bacteroidota;c__Bacteroidia;o__Bacteroidales;f__Bacteroidaceae;g__Bacteroides;s__Bacteroides faecis,CRISPR,92.90,None
k141_2066996,GB_GCA_002684355.1,d__Bacteria;p__Bacteroidota;c__Bacteroidia;o__Flavobacteriales;f__Flavobacteriaceae;g__UBA3537;s__UBA3537 sp002684355,iPHoP-RF,96.40,None
k141_2066996,GB_GCA_018673215.1,d__Bacteria;p__Bacteroidota;c__Bacteroidia;o__Flavobacteriales;f__Flavobacteriaceae;g__Hel1-33-131;s__Hel1-33-131 sp018673215,iPHoP-RF,95.40,None
k141_2066996,GB_GCA_002690085.1,d__Bacteria;p__Bacteroidota;c__Bacteroidia;o__Flavobacteriales;f__Flavobacteriaceae;g__UBA3537;s__UBA3537 sp002690085,iPHoP-RF,95.10,None
k141_2066996,GB_GCA_018608765.1,d__Bacteria;p__Bacteroidota;c__Bacteroidia;o__Flavobacteriales;f__Flavobacteriaceae;g__Hel1-33-131;s__Hel1-33-131 sp018608765,iPHoP-RF,92.10,None
k141_2068181,GB_GCA_002296655.1,d__Bacteria;p__Pseudomonadota;c__Gammaproteobacteria;o__Pseudomonadales;f__Moraxellaceae;g__Acinetobacter;s__Acinetobacter sp002296655,iPHoP-RF,97.10,None
k141_2068181,RS_GCF_000368785.1,d__Bacteria;p__Pseudomonadota;c__Gammaproteobacteria;o__Pseudomonadales;f__Moraxellaceae;g__Acinetobacter;s__Acinetobacter towneri,iPHoP-RF,97.10,None
k141_2068181,RS_GCF_001758345.1,d__Bacteria;p__Pseudomonadota;c__Gammaproteobacteria;o__Pseudomonadales;f__Moraxellaceae;g__Acinetobacter;s__Acinetobacter towneri_A,iPHoP-RF,97.10,None
k141_2068181,RS_GCF_002135235.1,d__Bacteria;p__Pseudomonadota;c__Gammaproteobacteria;o__Pseudomonadales;f__Moraxellaceae;g__Acinetobacter;s__Acinetobacter silvestris,iPHoP-RF,97.10,None
k141_2068181,RS_GCF_002135345.1,d__Bacteria;p__Pseudomonadota;c__Gammaproteobacteria;o__Pseudomonadales;f__Moraxellaceae;g__Acinetobacter;s__Acinetobacter sp002135345,iPHoP-RF,97.10,None
k141_2068181,RS_GCF_003024525.3,d__Bacteria;p__Pseudomonadota;c__Gammaproteobacteria;o__Pseudomonadales;f__Moraxellaceae;g__Acinetobacter;s__Acinetobacter cumulans,iPHoP-RF,97.10,None
k141_2068181,RS_GCF_003711395.1,d__Bacteria;p__Pseudomonadota;c__Gammaproteobacteria;o__Pseudomonadales;f__Moraxellaceae;g__Acinetobacter;s__Acinetobacter sp003711395,iPHoP-RF,97.10,None
k141_2068181,RS_GCF_004331175.1,d__Bacteria;p__Pseudomonadota;c__Gammaproteobacteria;o__Pseudomonadales;f__Moraxellaceae;g__Acinetobacter;s__Acinetobacter sp004331175,iPHoP-RF,97.10,None
k141_2068181,RS_GCF_009557235.1,d__Bacteria;p__Pseudomonadota;c__Gammaproteobacteria;o__Pseudomonadales;f__Moraxellaceae;g__Acinetobacter;s__Acinetobacter wanghuae,iPHoP-RF,97.10,None
k141_2068181,RS_GCF_009939195.1,d__Bacteria;p__Pseudomonadota;c__Gammaproteobacteria;o__Pseudomonadales;f__Moraxellaceae;g__Acinetobacter;s__Acinetobacter kanungonis,iPHoP-RF,97.10,None
k141_2068181,RS_GCF_012371325.1,d__Bacteria;p__Pseudomonadota;c__Gammaproteobacteria;o__Pseudomonadales;f__Moraxellaceae;g__Acinetobacter;s__Acinetobacter sp012371325,iPHoP-RF,97.10,None
k141_2068181,RS_GCF_023824315.1,d__Bacteria;p__Pseudomonadota;c__Gammaproteobacteria;o__Pseudomonadales;f__Moraxellaceae;g__Acinetobacter;s__Acinetobacter sp003105055,iPHoP-RF,97.10,None
k141_2068181,RS_GCF_001647675.1,d__Bacteria;p__Pseudomonadota;c__Gammaproteobacteria;o__Pseudomonadales;f__Moraxellaceae;g__Acinetobacter;s__Acinetobacter sp001647675,iPHoP-RF,96.70,None
k141_2068181,RS_GCF_001707755.1,d__Bacteria;p__Pseudomonadota;c__Gammaproteobacteria;o__Pseudomonadales;f__Moraxellaceae;g__Acinetobacter;s__Acinetobacter celticus,iPHoP-RF,96.70,None
k141_2068181,RS_GCF_002135205.1,d__Bacteria;p__Pseudomonadota;c__Gammaproteobacteria;o__Pseudomonadales;f__Moraxellaceae;g__Acinetobacter;s__Acinetobacter sp002135205,iPHoP-RF,96.70,None
k141_2068181,RS_GCF_004331035.1,d__Bacteria;p__Pseudomonadota;c__Gammaproteobacteria;o__Pseudomonadales;f__Moraxellaceae;g__Acinetobacter;s__Acinetobacter sp004331035,iPHoP-RF,96.70,None
k141_2068181,RS_GCF_004331255.1,d__Bacteria;p__Pseudomonadota;c__Gammaproteobacteria;o__Pseudomonadales;f__Moraxellaceae;g__Acinetobacter;s__Acinetobacter sp004331255,iPHoP-RF,96.70,None
k141_2068181,RS_GCF_000413935.1,d__Bacteria;p__Pseudomonadota;c__Gammaproteobacteria;o__Pseudomonadales;f__Moraxellaceae;g__Acinetobacter;s__Acinetobacter colistiniresistens,iPHoP-RF,96.40,None
k141_2068181,RS_GCF_002135415.1,d__Bacteria;p__Pseudomonadota;c__Gammaproteobacteria;o__Pseudomonadales;f__Moraxellaceae;g__Acinetobacter;s__Acinetobacter sp002135415,iPHoP-RF,96.40,None
k141_2068181,RS_GCF_003664645.1,d__Bacteria;p__Pseudomonadota;c__Gammaproteobacteria;o__Pseudomonadales;f__Moraxellaceae;g__Acinetobacter;s__Acinetobacter chengduensis,iPHoP-RF,96.40,None
k141_2068181,RS_GCF_000368025.1,d__Bacteria;p__Pseudomonadota;c__Gammaproteobacteria;o__Pseudomonadales;f__Moraxellaceae;g__Acinetobacter;s__Acinetobacter parvus,iPHoP-RF,96.10,None
k141_2068181,RS_GCF_000369525.1,d__Bacteria;p__Pseudomonadota;c__Gammaproteobacteria;o__Pseudomonadales;f__Moraxellaceae;g__Acinetobacter;s__Acinetobacter sp000369525,iPHoP-RF,95.70,None
k141_2068181,RS_GCF_001704615.3,d__Bacteria;p__Pseudomonadota;c__Gammaproteobacteria;o__Pseudomonadales;f__Moraxellaceae;g__Acinetobacter;s__Acinetobacter defluvii,iPHoP-RF,95.70,None
k141_2068181,RS_GCF_002018365.1,d__Bacteria;p__Pseudomonadota;c__Gammaproteobacteria;o__Pseudomonadales;f__Moraxellaceae;g__Acinetobacter;s__Acinetobacter sp002018365,iPHoP-RF,95.70,None
k141_2068181,GB_GCA_900771065.1,d__Bacteria;p__Pseudomonadota;c__Gammaproteobacteria;o__Pseudomonadales;f__Moraxellaceae;g__Acinetobacter;s__Acinetobacter sp900771065,iPHoP-RF,93.10,None
k141_2068181,RS_GCF_002135295.1,d__Bacteria;p__Pseudomonadota;c__Gammaproteobacteria;o__Pseudomonadales;f__Moraxellaceae;g__Acinetobacter;s__Acinetobacter sp002135295,iPHoP-RF,92.80,None
k141_2068181,RS_GCF_900197575.1,d__Bacteria;p__Pseudomonadota;c__Gammaproteobacteria;o__Pseudomonadales;f__Moraxellaceae;g__Acinetobacter;s__Acinetobacter apis,iPHoP-RF,92.40,None
k141_2071513,GB_GCA_018065935.1,d__Bacteria;p__Bacillota;c__Bacilli;o__Bacillales;f__Planococcaceae;g__Kurthia;s__Kurthia sp018065935,iPHoP-RF,90.80,None
k141_2072546,GB_GCA_000252525.1,d__Bacteria;p__Pseudomonadota;c__Gammaproteobacteria;o__SAR86;f__D2472;g__SAR86A;s__SAR86A sp000252525,iPHoP-RF,95.10,None
k141_2072546,GB_GCA_902595065.1,d__Bacteria;p__Pseudomonadota;c__Gammaproteobacteria;o__SAR86;f__D2472;g__D2472;s__D2472 sp902595065,iPHoP-RF,90.80,None
k141_2072546,GB_GCA_000307935.1,d__Bacteria;p__Pseudomonadota;c__Gammaproteobacteria;o__SAR86;f__D2472;g__D2472;s__D2472 sp000307935,iPHoP-RF,90.50,None
k141_2072546,GB_GCA_902627055.1,d__Bacteria;p__Pseudomonadota;c__Gammaproteobacteria;o__SAR86;f__D2472;g__D2472;s__D2472 sp902627055,iPHoP-RF,90.50,None
k141_2082658,GB_GCA_017694735.1,d__Bacteria;p__Bacillota;c__Bacilli;o__RFN20;f__CAG-826;g__Alectryobacillus;s__Alectryobacillus merdavium,iPHoP-RF,90.10,None
k141_2099053,GB_GCA_009925805.1,d__Bacteria;p__Bacteroidota;c__Bacteroidia;o__Flavobacteriales;f__Crocinitomicaceae;g__UBA952;s__UBA952 sp009925805,blast,91.40,iPHoP-RF;67.00
k141_210249,GB_GCA_023259575.1,d__Bacteria;p__Bacteroidota;c__Kapabacteria;o__Kapabacteriales;f__UBA961;g__UBA961;s__UBA961 sp023259575,blast,92.70,iPHoP-RF;53.00
k141_2106479,GB_GCA_001785985.1,d__Bacteria;p__Patescibacteria;c__Paceibacteria;o__UBA9983_A;f__UBA9973;g__UBA9973;s__UBA9973 sp001785985,iPHoP-RF,90.80,None
k141_2106479,GB_GCA_001785865.1,d__Bacteria;p__Patescibacteria;c__Paceibacteria;o__UBA9983_A;f__UBA9973;g__UBA9973;s__UBA9973 sp001785865,iPHoP-RF,90.10,None
k141_2109981,GB_GCA_009919265.1,d__Bacteria;p__Bacteroidota;c__Kapabacteria;o__Kapabacteriales;f__UBA961;g__UBA961;s__UBA961 sp009919265,blast,91.50,None
k141_211970,GB_GCA_019359695.1,d__Bacteria;p__Cyanobacteriota;c__Cyanobacteriia;o__Cyanobacteriales;f__Nostocaceae;g__Brasilonema;s__Brasilonema angustatum,iPHoP-RF,93.70,None
k141_211970,GB_GCA_009927445.1,d__Bacteria;p__Pseudomonadota;c__Gammaproteobacteria;o__Burkholderiales;f__Burkholderiaceae;g__Polynucleobacter;s__Polynucleobacter sp009927445,blast,92.10,iPHoP-RF;80.30
k141_2119974,GB_GCA_913064725.1,d__Bacteria;p__Pseudomonadota;c__Gammaproteobacteria;o__Pseudomonadales;f__Halieaceae;g__Luminiphilus;s__Luminiphilus sp003331335,iPHoP-RF,92.40,None
k141_2138209,GB_GCA_014378805.1,d__Bacteria;p__Pseudomonadota;c__Gammaproteobacteria;o__Pseudomonadales;f__Moraxellaceae;g__Aquirhabdus;s__Aquirhabdus sp014378805,iPHoP-RF,94.10,None
k141_2138209,RS_GCF_003351745.1,d__Bacteria;p__Pseudomonadota;c__Gammaproteobacteria;o__Pseudomonadales;f__Moraxellaceae;g__Aquirhabdus;s__Aquirhabdus parva,iPHoP-RF,90.10,None
k141_2139323,GB_GCA_903892645.1,d__Bacteria;p__Pseudomonadota;c__Gammaproteobacteria;o__Burkholderiales;f__Gallionellaceae;g__CAITJF01;s__CAITJF01 sp903892645,blast,92.10,None
k141_2139553,RS_GCF_014397005.1,d__Bacteria;p__Bacteroidota;c__Bacteroidia;o__Flavobacteriales;f__Flavobacteriaceae;g__Kordia;s__Kordia aestuariivivens,iPHoP-RF,94.40,None
k141_2139553,RS_GCF_001005315.1,d__Bacteria;p__Bacteroidota;c__Bacteroidia;o__Flavobacteriales;f__Flavobacteriaceae;g__Kordia;s__Kordia jejudonensis,iPHoP-RF,93.10,None
k141_2139553,RS_GCF_003054265.1,d__Bacteria;p__Bacteroidota;c__Bacteroidia;o__Flavobacteriales;f__Flavobacteriaceae;g__Kordia;s__Kordia periserrulae,iPHoP-RF,90.10,None
k141_2161746,GB_GCA_010027825.1,d__Bacteria;p__Dependentiae;c__Babeliae;o__Babeliales;f__RVW-14;g__CAIKAH01;s__CAIKAH01 sp010027825,blast,93.90,None
k141_2166175,GB_GCA_009700155.1,d__Bacteria;p__Actinomycetota;c__Actinomycetia;o__Nanopelagicales;f__Nanopelagicaceae;g__Nanopelagicus;s__Nanopelagicus sp009700155,blast,93.70,iPHoP-RF;65.30
k141_2178015,RS_GCF_012516395.1,d__Bacteria;p__Cyanobacteriota;c__Cyanobacteriia;o__Cyanobacteriales;f__Nostocaceae;g__Dolichospermum;s__Dolichospermum sp000312705,blast,91.70,iPHoP-RF;53.00
k141_219147,GB_GCA_002698965.1,d__Bacteria;p__Planctomycetota;c__Planctomycetia;o__Pirellulales;f__Pirellulaceae;g__UBA721;s__UBA721 sp002698965,blast,95.00,iPHoP-RF;71.50
k141_2220189,GB_GCA_002698745.1,d__Bacteria;p__Bacteroidota;c__Bacteroidia;o__Flavobacteriales;f__Flavobacteriaceae;g__UBA7446;s__UBA7446 sp002698745,iPHoP-RF,92.80,None
k141_2223659|provirus_14779_53428,RS_GCF_000469665.2,d__Bacteria;p__Pseudomonadota;c__Alphaproteobacteria;o__Holosporales;f__Holosporaceae;g__Holospora;s__Holospora obtusa,blast,90.90,None
k141_2224162,GB_GCA_903925205.1,d__Bacteria;p__Verrucomicrobiota;c__Verrucomicrobiae;o__Opitutales;f__UBA953;g__UBA953;s__UBA953 sp903925205,blast,91.10,iPHoP-RF;85.70
k141_2224162,GB_GCA_903853185.1,d__Bacteria;p__Verrucomicrobiota;c__Verrucomicrobiae;o__Opitutales;f__UBA953;g__UBA953;s__UBA953 sp903853185,iPHoP-RF,90.50,None
k141_2233374,GB_GCA_945885775.1,d__Bacteria;p__Pseudomonadota;c__Gammaproteobacteria;o__Burkholderiales;f__Burkholderiaceae_B;g__Rhodoferax;s__Rhodoferax sp945885775,iPHoP-RF,92.10,None
k141_2241992,GB_GCA_903853385.1,d__Bacteria;p__Pseudomonadota;c__Gammaproteobacteria;o__Pseudomonadales;f__Pseudohongiellaceae;g__CAILUG01;s__CAILUG01 sp903853385,blast,95.00,iPHoP-RF;76.40
k141_2242308,RS_GCF_003011125.1,d__Bacteria;p__Cyanobacteriota;c__Cyanobacteriia;o__PCC-6307;f__Cyanobiaceae;g__Synechococcus_D;s__Synechococcus_D lacustris,blast,93.70,iPHoP-RF;74.60
k141_2242862,GB_GCA_009924885.1,d__Bacteria;p__Cyanobacteriota;c__Vampirovibrionia;o__LMEP-6097;f__LMEP-6097;g__LMEP-6097;s__LMEP-6097 sp009924885,blast,93.80,None
k141_2251043,GB_GCA_016463095.1,d__Bacteria;p__Actinomycetota;c__Actinomycetia;o__Nanopelagicales;f__UBA5976;g__ATZT02;s__ATZT02 sp016463095,blast,97.30,iPHoP-RF;63.00
k141_225110,GB_GCA_002422305.1,d__Bacteria;p__Patescibacteria;c__JAEDAM01;o__BD1-5;f__UBA6164;g__UBA6164;s__UBA6164 sp002422305,blast,93.80,None
k141_2251729,GB_GCA_903958085.1,d__Bacteria;p__Desulfobacterota_F;c__Desulfuromonadia;o__Geobacterales;f__Pseudopelobacteraceae;g__JACRCG01;s__JACRCG01 sp903958085,blast,93.00,None
k141_2254003,RS_GCF_007827365.1,d__Bacteria;p__Bacteroidota;c__Bacteroidia;o__Flavobacteriales;f__Flavobacteriaceae;g__Olleya;s__Olleya sp002323495,iPHoP-RF,96.40,None
k141_2254003,RS_GCF_900114005.1,d__Bacteria;p__Bacteroidota;c__Bacteroidia;o__Flavobacteriales;f__Flavobacteriaceae;g__Olleya;s__Olleya namhaensis,iPHoP-RF,96.10,None
k141_2254003,RS_GCF_000422365.1,d__Bacteria;p__Bacteroidota;c__Bacteroidia;o__Flavobacteriales;f__Flavobacteriaceae;g__Mesoflavibacter;s__Mesoflavibacter zeaxanthinifaciens,iPHoP-RF,95.70,None
k141_2254003,RS_GCF_014764305.1,d__Bacteria;p__Bacteroidota;c__Bacteroidia;o__Flavobacteriales;f__Flavobacteriaceae;g__Mesoflavibacter;s__Mesoflavibacter profundi,iPHoP-RF,95.40,None
k141_2257508,GB_GCA_002293125.1,d__Bacteria;p__Verrucomicrobiota;c__Verrucomicrobiae;o__Opitutales;f__UBA953;g__UBA953;s__UBA953 sp002293125,iPHoP-RF,94.40,None
k141_2257508,GB_GCA_003569165.1,d__Bacteria;p__Verrucomicrobiota;c__Verrucomicrobiae;o__Opitutales;f__UBA953;g__UBA953;s__UBA953 sp003569165,iPHoP-RF,94.40,None
k141_2257508,GB_GCA_009924535.1,d__Bacteria;p__Verrucomicrobiota;c__Verrucomicrobiae;o__Opitutales;f__UBA953;g__UBA953;s__UBA953 sp009924535,iPHoP-RF,94.40,None
k141_2257508,GB_GCA_903853185.1,d__Bacteria;p__Verrucomicrobiota;c__Verrucomicrobiae;o__Opitutales;f__UBA953;g__UBA953;s__UBA953 sp903853185,iPHoP-RF,93.40,None
k141_2257508,GB_GCA_945882655.1,d__Bacteria;p__Verrucomicrobiota;c__Verrucomicrobiae;o__Opitutales;f__UBA953;g__UBA953;s__UBA953 sp945882655,iPHoP-RF,93.10,None
k141_2257508,GB_GCA_903855995.1,d__Bacteria;p__Verrucomicrobiota;c__Verrucomicrobiae;o__Opitutales;f__UBA953;g__UBA953;s__UBA953 sp903855995,iPHoP-RF,92.40,None
k141_2257508,GB_GCA_903831005.1,d__Bacteria;p__Verrucomicrobiota;c__Verrucomicrobiae;o__Opitutales;f__UBA953;g__UBA953;s__UBA953 sp903831005,iPHoP-RF,92.10,None
k141_2257508,GB_GCA_903921665.1,d__Bacteria;p__Verrucomicrobiota;c__Verrucomicrobiae;o__Opitutales;f__UBA953;g__UBA953;s__UBA953 sp903921665,iPHoP-RF,92.10,None
k141_2257508,GB_GCA_016871725.1,d__Bacteria;p__Verrucomicrobiota;c__Verrucomicrobiae;o__Opitutales;f__UBA953;g__UBA953;s__UBA953 sp016871725,iPHoP-RF,90.80,None
k141_2271417,GB_GCA_903910765.1,d__Bacteria;p__Bacteroidota;c__Bacteroidia;o__Chitinophagales;f__Chitinophagaceae;g__Sediminibacterium;s__Sediminibacterium sp903910765,blast,93.50,iPHoP-RF;76.10
k141_2275236,GB_GCA_003280055.1,d__Bacteria;p__Cyanobacteriota;c__Cyanobacteriia;o__PCC-6307;f__Cyanobiaceae;g__AG-363-P08;s__AG-363-P08 sp003280055,iPHoP-RF,95.10,None
k141_2275236,GB_GCA_003280185.1,d__Bacteria;p__Cyanobacteriota;c__Cyanobacteriia;o__PCC-6307;f__Cyanobiaceae;g__AG-363-P08;s__AG-363-P08 sp003280185,iPHoP-RF,93.70,None
k141_2285120,GB_GCA_913043905.1,d__Bacteria;p__Pseudomonadota;c__Alphaproteobacteria;o__Rhodobacterales;f__Rhodobacteraceae;g__Amylibacter;s__Amylibacter sp913043905,iPHoP-RF,92.10,None
k141_2309801,GB_GCA_903935355.1,d__Bacteria;p__Pseudomonadota;c__Gammaproteobacteria;o__Burkholderiales;f__Burkholderiaceae;g__Polynucleobacter;s__Polynucleobacter sp903935355,blast,91.50,iPHoP-RF;68.20
k141_2311248,RS_GCF_003226855.1,d__Bacteria;p__Bacteroidota;c__Bacteroidia;o__Flavobacteriales;f__Blattabacteriaceae;g__Blattabacterium;s__Blattabacterium sp003226855,iPHoP-RF,94.10,None
k141_2315912,GB_GCA_017857855.1,d__Bacteria;p__Bacteroidota;c__Bacteroidia;o__NS11-12g;f__UBA9320;g__UBA9320;s__UBA9320 sp003516975,blast,93.70,iPHoP-RF;69.10
k141_2321481,GB_GCA_903825095.1,d__Bacteria;p__Bacteroidota;c__Bacteroidia;o__Chitinophagales;f__Chitinophagaceae;g__Sediminibacterium;s__Sediminibacterium sp903825095,blast,93.10,iPHoP-RF;51.20
k141_2322071,RS_GCF_001412575.1,d__Bacteria;p__Pseudomonadota;c__Gammaproteobacteria;o__Burkholderiales;f__Burkholderiaceae_B;g__Limnohabitans_A;s__Limnohabitans_A sp001412575,blast,93.40,iPHoP-RF;74.10
k141_2322071,GB_GCA_002359635.1,d__Bacteria;p__Pseudomonadota;c__Gammaproteobacteria;o__Burkholderiales;f__Burkholderiaceae_A;g__UBA3064;s__UBA3064 sp002359635,blast,92.00,iPHoP-RF;53.30
k141_232355,GB_GCA_018970605.1,d__Bacteria;p__Planctomycetota;c__Planctomycetia;o__Pirellulales;f__UBA1268;g__QWPN01;s__QWPN01 sp018970605,iPHoP-RF,96.70,None
k141_232355,GB_GCA_016872955.1,d__Bacteria;p__Planctomycetota;c__Planctomycetia;o__Pirellulales;f__UBA1268;g__QWPN01;s__QWPN01 sp016872955,iPHoP-RF,96.40,None
k141_232355,GB_GCA_945891385.1,d__Bacteria;p__Planctomycetota;c__Planctomycetia;o__Pirellulales;f__UBA1268;g__QWPN01;s__QWPN01 sp945891385,iPHoP-RF,95.10,None
k141_232355,GB_GCA_003670825.1,d__Bacteria;p__Planctomycetota;c__Planctomycetia;o__Pirellulales;f__UBA1268;g__QWPN01;s__QWPN01 sp003670825,iPHoP-RF,92.80,None
k141_232355,GB_GCA_903958265.1,d__Bacteria;p__Planctomycetota;c__Planctomycetia;o__Pirellulales;f__UBA1268;g__QWPN01;s__QWPN01 sp903958265,iPHoP-RF,91.80,None
k141_232355,GB_GCA_945869735.1,d__Bacteria;p__Planctomycetota;c__Planctomycetia;o__Pirellulales;f__UBA1268;g__QWPN01;s__QWPN01 sp945869735,iPHoP-RF,90.80,None
k141_232355,GB_GCA_021414115.1,d__Bacteria;p__Planctomycetota;c__Planctomycetia;o__Pirellulales;f__UBA1268;g__QWPN01;s__QWPN01 sp021414115,iPHoP-RF,90.10,None
k141_2337217,GB_GCA_002083775.1,d__Bacteria;p__Pseudomonadota;c__Gammaproteobacteria;o__Burkholderiales;f__Burkholderiaceae_B;g__Rhodoferax;s__Rhodoferax ferrireducens_A,iPHoP-RF,91.80,None
k141_2337217,RS_GCF_018619435.1,d__Bacteria;p__Pseudomonadota;c__Gammaproteobacteria;o__Burkholderiales;f__Burkholderiaceae_B;g__Rhodoferax;s__Rhodoferax sp018619435,iPHoP-RF,91.40,None
k141_2339309,GB_GCA_020410825.1,d__Bacteria;p__Pseudomonadota;c__Alphaproteobacteria;o__Rickettsiales;f__Rickettsiaceae;g__Megaira;s__Megaira sp005791235,blast,92.10,iPHoP-RF;78.00
k141_2343564,GB_GCA_903879805.1,d__Bacteria;p__Pseudomonadota;c__Alphaproteobacteria;o__Rickettsiales;f__UBA1997;g__UBA2645;s__UBA2645 sp903879805,blast,93.30,iPHoP-RF;86.00
k141_2343564,GB_GCA_018970485.1,d__Bacteria;p__Pseudomonadota;c__Alphaproteobacteria;o__Rickettsiales;f__UBA1997;g__UBA2645;s__UBA2645 sp018970485,blast,91.30,iPHoP-RF;73.00
k141_2343564,GB_GCA_018969185.1,d__Bacteria;p__Pseudomonadota;c__Alphaproteobacteria;o__Rickettsiales;f__UBA1997;g__UBA2645;s__UBA2645 sp018969185,blast,91.00,iPHoP-RF;67.30
k141_2343564,GB_GCA_002359655.1,d__Bacteria;p__Pseudomonadota;c__Alphaproteobacteria;o__Rickettsiales;f__UBA1997;g__UBA2645;s__UBA2645 sp002359655,blast,90.30,iPHoP-RF;66.50
k141_2357225,GB_GCA_017857855.1,d__Bacteria;p__Bacteroidota;c__Bacteroidia;o__NS11-12g;f__UBA9320;g__UBA9320;s__UBA9320 sp003516975,blast,94.20,iPHoP-RF;70.00
k141_2380969,GB_GCA_903834845.1,d__Bacteria;p__Bacteroidota;c__Bacteroidia;o__Bacteroidales;f__Prolixibacteraceae;g__JAAFHB01;s__JAAFHB01 sp903834845,blast,92.00,None
k141_2390175,RS_GCF_001310225.1,d__Bacteria;p__Bacteroidota;c__Bacteroidia;o__Flavobacteriales;f__Flavobacteriaceae;g__Algibacter_A;s__Algibacter_A alginicilyticus,iPHoP-RF,90.80,None
k141_2390175,RS_GCF_002741945.1,d__Bacteria;p__Bacteroidota;c__Bacteroidia;o__Flavobacteriales;f__Flavobacteriaceae;g__Wocania;s__Wocania sp002741945,iPHoP-RF,90.80,None
k141_2390175,RS_GCF_004791695.1,d__Bacteria;p__Bacteroidota;c__Bacteroidia;o__Flavobacteriales;f__Flavobacteriaceae;g__Flavivirga;s__Flavivirga rizhaonensis,iPHoP-RF,90.50,None
k141_2390175,RS_GCF_021728415.1,d__Bacteria;p__Bacteroidota;c__Bacteroidia;o__Flavobacteriales;f__Flavobacteriaceae;g__Sabulilitoribacter;s__Sabulilitoribacter multivorans,iPHoP-RF,90.10,None
k141_2390534,RS_GCF_020829665.1,d__Bacteria;p__Cyanobacteriota;c__Cyanobacteriia;o__Cyanobacteriales;f__Nostocaceae;g__Nostoc;s__Nostoc sp020829665,iPHoP-RF,95.10,None
k141_2390534,RS_GCF_014698065.1,d__Bacteria;p__Cyanobacteriota;c__Cyanobacteriia;o__Cyanobacteriales;f__Nostocaceae;g__Nostoc;s__Nostoc flagelliforme_B,iPHoP-RF,94.40,None
k141_2390534,RS_GCF_014904695.1,d__Bacteria;p__Cyanobacteriota;c__Cyanobacteriia;o__Cyanobacteriales;f__Nostocaceae;g__Komarekiella;s__Komarekiella sp014904695,iPHoP-RF,94.10,None
k141_2390534,GB_GCA_019359395.1,d__Bacteria;p__Cyanobacteriota;c__Cyanobacteriia;o__Cyanobacteriales;f__Nostocaceae;g__Komarekiella;s__Komarekiella atlantica,iPHoP-RF,93.70,None
k141_2390534,RS_GCF_014698795.1,d__Bacteria;p__Cyanobacteriota;c__Cyanobacteriia;o__Cyanobacteriales;f__Nostocaceae;g__Nostoc;s__Nostoc sp014698795,iPHoP-RF,93.70,None
k141_2390534,RS_GCF_003113895.1,d__Bacteria;p__Cyanobacteriota;c__Cyanobacteriia;o__Cyanobacteriales;f__Nostocaceae;g__Nostoc;s__Nostoc commune,iPHoP-RF,93.10,None
k141_2390534,RS_GCF_014831675.1,d__Bacteria;p__Cyanobacteriota;c__Cyanobacteriia;o__Cyanobacteriales;f__Nostocaceae;g__Komarekiella;s__Komarekiella sp014831675,iPHoP-RF,92.80,None
k141_2390534,GB_GCA_019359215.1,d__Bacteria;p__Cyanobacteriota;c__Cyanobacteriia;o__Cyanobacteriales;f__Nostocaceae;g__Nostoc;s__Nostoc indistinguendum,iPHoP-RF,92.40,None
k141_2390534,GB_GCA_019359245.1,d__Bacteria;p__Cyanobacteriota;c__Cyanobacteriia;o__Cyanobacteriales;f__Nostocaceae;g__Nostoc;s__Nostoc desertorum,iPHoP-RF,91.80,None
k141_2393500,GB_GCA_903825095.1,d__Bacteria;p__Bacteroidota;c__Bacteroidia;o__Chitinophagales;f__Chitinophagaceae;g__Sediminibacterium;s__Sediminibacterium sp903825095,blast,95.70,iPHoP-RF;53.00
k141_2402528,RS_GCF_013249045.1,d__Bacteria;p__Bacteroidota;c__Bacteroidia;o__Flavobacteriales;f__Flavobacteriaceae;g__Winogradskyella;s__Winogradskyella eckloniae,iPHoP-RF,94.10,None
k141_2402528,RS_GCF_013404085.1,d__Bacteria;p__Bacteroidota;c__Bacteroidia;o__Flavobacteriales;f__Flavobacteriaceae;g__Winogradskyella;s__Winogradskyella helgolandensis,iPHoP-RF,93.10,None
k141_2402528,RS_GCF_900099995.1,d__Bacteria;p__Bacteroidota;c__Bacteroidia;o__Flavobacteriales;f__Flavobacteriaceae;g__Winogradskyella;s__Winogradskyella thalassocola,iPHoP-RF,92.80,None
k141_2402528,RS_GCF_015645385.1,d__Bacteria;p__Bacteroidota;c__Bacteroidia;o__Flavobacteriales;f__Flavobacteriaceae;g__Winogradskyella;s__Winogradskyella marina,iPHoP-RF,92.10,None
k141_2402528,RS_GCF_003387355.1,d__Bacteria;p__Bacteroidota;c__Bacteroidia;o__Flavobacteriales;f__Flavobacteriaceae;g__Winogradskyella;s__Winogradskyella sediminis,iPHoP-RF,91.80,None
k141_2402528,RS_GCF_009741275.1,d__Bacteria;p__Bacteroidota;c__Bacteroidia;o__Flavobacteriales;f__Flavobacteriaceae;g__Winogradskyella;s__Winogradskyella endarachnes,iPHoP-RF,91.10,None
k141_2403027,GB_GCA_007860105.1,d__Bacteria;p__Planctomycetota;c__Planctomycetia;o__Pirellulales;f__Pirellulaceae;g__Rhodopirellula;s__Rhodopirellula sp007860105,iPHoP-RF,93.10,None
k141_2403027,RS_GCF_007859855.1,d__Bacteria;p__Planctomycetota;c__Planctomycetia;o__Pirellulales;f__Pirellulaceae;g__Rhodopirellula;s__Rhodopirellula solitaria,iPHoP-RF,92.10,None
k141_2405341,GB_GCA_945887955.1,d__Bacteria;p__Bacteroidota;c__Bacteroidia;o__AKYH767;f__B-17BO;g__UBA2475;s__UBA2475 sp945887955,blast,91.50,iPHoP-RF;76.40
k141_246026,RS_GCF_000012845.1,d__Bacteria;p__Bacteroidota;c__Bacteroidia;o__Bacteroidales;f__Tannerellaceae;g__Parabacteroides;s__Parabacteroides distasonis,iPHoP-RF,94.70,None
k141_2560,GB_GCA_017983695.1,d__Bacteria;p__Bacteroidota;c__Bacteroidia;o__Chitinophagales;f__Chitinophagaceae;g__Ferruginibacter;s__Ferruginibacter sp017983695,blast,91.70,iPHoP-RF;77.30
k141_264350,GB_GCA_020410825.1,d__Bacteria;p__Pseudomonadota;c__Alphaproteobacteria;o__Rickettsiales;f__Rickettsiaceae;g__Megaira;s__Megaira sp005791235,blast,92.30,None
k141_270532|provirus_2359_6569,GB_GCA_021741285.1,d__Bacteria;p__Pseudomonadota;c__Alphaproteobacteria;o__Rickettsiales;f__Rickettsiaceae;g__GCA-2402195;s__GCA-2402195 sp021741285,blast,93.70,iPHoP-RF;80.60
k141_270532|provirus_2359_6569,GB_GCA_945875975.1,d__Bacteria;p__Pseudomonadota;c__Alphaproteobacteria;o__Rickettsiales;f__Rickettsiaceae;g__GCA-2402195;s__GCA-2402195 sp945875975,blast,91.70,iPHoP-RF;60.10
k141_270532|provirus_2359_6569,GB_GCA_945865485.1,d__Bacteria;p__Pseudomonadota;c__Alphaproteobacteria;o__Rickettsiales;f__Rickettsiaceae;g__GCA-2402195;s__GCA-2402195 sp945865485,blast,90.40,iPHoP-RF;70.60
k141_282603,RS_GCF_000157915.1,d__Bacteria;p__Bacteroidota;c__Bacteroidia;o__Bacteroidales;f__Bacteroidaceae;g__Phocaeicola;s__Phocaeicola coprophilus,CRISPR,98.60,None
k141_282603,RS_GCF_003437535.1,d__Bacteria;p__Bacteroidota;c__Bacteroidia;o__Bacteroidales;f__Bacteroidaceae;g__Phocaeicola;s__Phocaeicola plebeius_A,CRISPR,98.60,None
k141_282603,GB_GCA_000432735.1,d__Bacteria;p__Bacteroidota;c__Bacteroidia;o__Bacteroidales;f__Bacteroidaceae;g__Phocaeicola;s__Phocaeicola sp000432735,CRISPR,97.80,None
k141_282603,GB_GCA_905198575.1,d__Bacteria;p__Bacteroidota;c__Bacteroidia;o__Bacteroidales;f__Bacteroidaceae;g__Phocaeicola;s__Phocaeicola sp905198575,CRISPR,95.80,None
k141_283923,GB_GCA_009921265.1,d__Bacteria;p__Pseudomonadota;c__Gammaproteobacteria;o__Burkholderiales;f__Burkholderiaceae_B;g__Limnohabitans;s__Limnohabitans sp009921265,blast,94.80,iPHoP-RF;54.90
k141_292258,RS_GCF_002778285.1,d__Bacteria;p__Pseudomonadota;c__Gammaproteobacteria;o__Burkholderiales;f__Burkholderiaceae_B;g__Limnohabitans_A;s__Limnohabitans_A sp002778285,blast,91.30,None
k141_3001,RS_GCF_000614185.1,d__Bacteria;p__Bacteroidota;c__Bacteroidia;o__Bacteroidales;f__Bacteroidaceae;g__Phocaeicola;s__Phocaeicola sartorii,CRISPR,94.20,None
k141_3001,RS_GCF_002222615.2,d__Bacteria;p__Bacteroidota;c__Bacteroidia;o__Bacteroidales;f__Bacteroidaceae;g__Bacteroides;s__Bacteroides caccae,iPHoP-RF,93.40,CRISPR;91.90
k141_3001,GB_GCA_903913315.1,d__Bacteria;p__Bacteroidota;c__Bacteroidia;o__Flavobacteriales;f__Flavobacteriaceae;g__Flavobacterium;s__Flavobacterium sp903913315,iPHoP-RF,91.40,None
k141_3001,RS_GCF_002849695.1,d__Bacteria;p__Bacteroidota;c__Bacteroidia;o__Bacteroidales;f__Bacteroidaceae;g__Bacteroides;s__Bacteroides fragilis_A,CRISPR,90.10,iPHoP-RF;62.70
k141_303277,RS_GCF_001719045.1,d__Bacteria;p__Bacillota;c__Bacilli;o__Paenibacillales;f__Paenibacillaceae;g__Paenibacillus;s__Paenibacillus polymyxa_B,iPHoP-RF,94.10,None
k141_303277,RS_GCF_020404765.1,d__Bacteria;p__Bacillota;c__Bacilli;o__Paenibacillales;f__Paenibacillaceae;g__Paenibacillus;s__Paenibacillus sp020404765,iPHoP-RF,92.80,None
k141_303277,RS_GCF_022531965.1,d__Bacteria;p__Bacillota;c__Bacilli;o__Paenibacillales;f__Paenibacillaceae;g__Paenibacillus;s__Paenibacillus polymyxa_D,iPHoP-RF,92.80,None
k141_303277,RS_GCF_000520815.1,d__Bacteria;p__Bacillota;c__Bacilli;o__Paenibacillales;f__Paenibacillaceae;g__Paenibacillus;s__Paenibacillus maysiensis,iPHoP-RF,92.40,None
k141_303277,RS_GCF_000237325.1,d__Bacteria;p__Bacillota;c__Bacilli;o__Paenibacillales;f__Paenibacillaceae;g__Paenibacillus;s__Paenibacillus polymyxa_C,iPHoP-RF,92.10,None
k141_303277,RS_GCF_002240415.1,d__Bacteria;p__Bacillota;c__Bacilli;o__Paenibacillales;f__Paenibacillaceae;g__Paenibacillus;s__Paenibacillus kribbensis,iPHoP-RF,91.40,None
k141_303277,RS_GCF_015710975.1,d__Bacteria;p__Bacillota;c__Bacilli;o__Paenibacillales;f__Paenibacillaceae;g__Paenibacillus;s__Paenibacillus polymyxa,iPHoP-RF,91.10,None
k141_303277,RS_GCF_000236805.1,d__Bacteria;p__Bacillota;c__Bacilli;o__Paenibacillales;f__Paenibacillaceae;g__Paenibacillus;s__Paenibacillus peoriae,iPHoP-RF,90.50,None
k141_303277,RS_GCF_006874425.1,d__Bacteria;p__Bacillota;c__Bacilli;o__Paenibacillales;f__Paenibacillaceae;g__Paenibacillus;s__Paenibacillus ottowii,iPHoP-RF,90.50,None
k141_303277,RS_GCF_009363115.1,d__Bacteria;p__Bacillota;c__Bacilli;o__Paenibacillales;f__Paenibacillaceae;g__Paenibacillus;s__Paenibacillus brasilensis,iPHoP-RF,90.50,None
k141_310500,RS_GCF_018882125.1,d__Bacteria;p__Pseudomonadota;c__Gammaproteobacteria;o__Burkholderiales;f__Burkholderiaceae;g__Polynucleobacter;s__Polynucleobacter sp018882125,iPHoP-RF,93.10,None
k141_310500,RS_GCF_018882445.1,d__Bacteria;p__Pseudomonadota;c__Gammaproteobacteria;o__Burkholderiales;f__Burkholderiaceae;g__Polynucleobacter;s__Polynucleobacter sp018882445,iPHoP-RF,92.80,None
k141_310500,RS_GCF_018881545.1,d__Bacteria;p__Pseudomonadota;c__Gammaproteobacteria;o__Burkholderiales;f__Burkholderiaceae;g__Polynucleobacter;s__Polynucleobacter alcilacus,iPHoP-RF,91.40,None
k141_31955,GB_GCA_009924535.1,d__Bacteria;p__Verrucomicrobiota;c__Verrucomicrobiae;o__Opitutales;f__UBA953;g__UBA953;s__UBA953 sp009924535,blast,91.40,iPHoP-RF;70.60
k141_324832,GB_GCA_009923315.1,d__Bacteria;p__Pseudomonadota;c__Gammaproteobacteria;o__Burkholderiales;f__Burkholderiaceae_B;g__RFTU01;s__RFTU01 sp009923315,blast,93.70,iPHoP-RF;75.90
k141_331973,GB_GCA_903902515.1,d__Bacteria;p__Planctomycetota;c__UBA11346;o__UBA11346;f__UBA11346;g__CAIUVD01;s__CAIUVD01 sp903902515,blast,91.20,iPHoP-RF;66.80
k141_343117,GB_GCA_009926135.1,d__Bacteria;p__Pseudomonadota;c__Alphaproteobacteria;o__Sphingomonadales;f__Sphingomonadaceae;g__Novosphingobium;s__Novosphingobium sp009926135,blast,93.90,iPHoP-RF;66.00
k141_34622,GB_GCA_010032875.1,d__Bacteria;p__Actinomycetota;c__Actinomycetia;o__Nanopelagicales;f__Nanopelagicaceae;g__Planktophila;s__Planktophila sp010032875,blast,91.20,iPHoP-RF;80.30
k141_348125,GB_GCA_002376065.1,d__Bacteria;p__Bacillota;c__Bacilli;o__Izemoplasmatales;f__Izemoplasmataceae;g__UBA3566;s__UBA3566 sp002376065,iPHoP-RF,91.10,None
k141_34836,GB_GCA_024279425.1,d__Bacteria;p__Bacteroidota;c__Bacteroidia;o__Flavobacteriales;f__Flavobacteriaceae;g__Maribacter_A;s__Maribacter_A sp024279425,iPHoP-RF,93.10,None
k141_357322,GB_GCA_903854645.1,d__Bacteria;p__Patescibacteria;c__Paceibacteria;o__UBA9983_A;f__UBA9973;g__UBA8515;s__UBA8515 sp903854645,iPHoP-RF,96.10,None
k141_357322,GB_GCA_000990325.1,d__Bacteria;p__Patescibacteria;c__Paceibacteria;o__UBA9983_A;f__UBA9973;g__UBA8515;s__UBA8515 sp000990325,iPHoP-RF,91.10,None
k141_366293,GB_GCA_019745395.1,d__Bacteria;p__Chlamydiota;c__Chlamydiia;o__Chlamydiales;f__Rhabdochlamydiaceae;g__CAIJXB01;s__CAIJXB01 sp019745395,blast,93.70,None
k141_36728,RS_GCF_012569285.1,d__Bacteria;p__Pseudomonadota;c__Gammaproteobacteria;o__Enterobacterales;f__Enterobacteriaceae;g__GCA-012562765;s__GCA-012562765 sp012569285,iPHoP-RF,91.10,None
k141_36728,RS_GCF_012569785.1,d__Bacteria;p__Pseudomonadota;c__Gammaproteobacteria;o__Enterobacterales;f__Enterobacteriaceae;g__GCA-012562765;s__GCA-012562765 sp012569785,iPHoP-RF,91.10,None
k141_36728,RS_GCF_012568645.1,d__Bacteria;p__Pseudomonadota;c__Gammaproteobacteria;o__Enterobacterales;f__Enterobacteriaceae;g__GCA-012562765;s__GCA-012562765 sp012568645,iPHoP-RF,90.80,None
k141_371434,GB_GCA_944388645.1,d__Bacteria;p__Bacillota_A;c__Clostridia;o__TANB77;f__CAG-508;g__CAG-245;s__CAG-245 sp944388645,iPHoP-RF,91.40,None
k141_380007,GB_GCA_002842265.1,d__Bacteria;p__Pseudomonadota;c__Gammaproteobacteria;o__Burkholderiales;f__Burkholderiaceae_B;g__Rhodoferax;s__Rhodoferax sp002842265,iPHoP-RF,93.40,None
k141_380007,RS_GCF_013416775.1,d__Bacteria;p__Pseudomonadota;c__Gammaproteobacteria;o__Burkholderiales;f__Burkholderiaceae_B;g__Rhodoferax;s__Rhodoferax sp013416775,iPHoP-RF,93.40,None
k141_380007,GB_GCA_020048255.1,d__Bacteria;p__Pseudomonadota;c__Gammaproteobacteria;o__Burkholderiales;f__Burkholderiaceae_B;g__Rhodoferax;s__Rhodoferax sp020048255,iPHoP-RF,93.10,None
k141_380007,RS_GCF_018619435.1,d__Bacteria;p__Pseudomonadota;c__Gammaproteobacteria;o__Burkholderiales;f__Burkholderiaceae_B;g__Rhodoferax;s__Rhodoferax sp018619435,iPHoP-RF,92.80,None
k141_380007,RS_GCF_002017865.1,d__Bacteria;p__Pseudomonadota;c__Gammaproteobacteria;o__Burkholderiales;f__Burkholderiaceae_B;g__Rhodoferax;s__Rhodoferax fermentans,iPHoP-RF,92.40,None
k141_380007,GB_GCA_002381045.1,d__Bacteria;p__Pseudomonadota;c__Gammaproteobacteria;o__Burkholderiales;f__Burkholderiaceae_B;g__Rhodoferax;s__Rhodoferax sp002381045,iPHoP-RF,91.40,None
k141_380007,GB_GCA_011391645.1,d__Bacteria;p__Pseudomonadota;c__Gammaproteobacteria;o__Burkholderiales;f__Burkholderiaceae_B;g__Rhodoferax;s__Rhodoferax sp011391645,iPHoP-RF,91.40,None
k141_380007,GB_GCA_018063565.1,d__Bacteria;p__Pseudomonadota;c__Gammaproteobacteria;o__Burkholderiales;f__Burkholderiaceae_B;g__Rhodoferax;s__Rhodoferax sp018063565,iPHoP-RF,91.10,None
k141_380007,GB_GCA_903886165.1,d__Bacteria;p__Pseudomonadota;c__Gammaproteobacteria;o__Burkholderiales;f__Burkholderiaceae_B;g__Rhodoferax;s__Rhodoferax sp903886165,iPHoP-RF,90.80,None
k141_382720,GB_GCA_009921265.1,d__Bacteria;p__Pseudomonadota;c__Gammaproteobacteria;o__Burkholderiales;f__Burkholderiaceae_B;g__Limnohabitans;s__Limnohabitans sp009921265,blast,91.70,iPHoP-RF;63.80
k141_382720,GB_GCA_009927445.1,d__Bacteria;p__Pseudomonadota;c__Gammaproteobacteria;o__Burkholderiales;f__Burkholderiaceae;g__Polynucleobacter;s__Polynucleobacter sp009927445,blast,91.10,iPHoP-RF;64.50
k141_386230,GB_GCA_018970255.1,d__Bacteria;p__Verrucomicrobiota;c__Verrucomicrobiae;o__Chthoniobacterales;f__Terrimicrobiaceae;g__UBA967;s__UBA967 sp018970255,blast,93.50,iPHoP-RF;70.90
k141_387916,RS_GCF_014873705.1,d__Bacteria;p__Actinomycetota;c__Actinomycetia;o__Mycobacteriales;f__Mycobacteriaceae;g__Mycobacterium;s__Mycobacterium sp014873705,iPHoP-RF,93.70,None
k141_387916,RS_GCF_000328565.1,d__Bacteria;p__Actinomycetota;c__Actinomycetia;o__Mycobacteriales;f__Mycobacteriaceae;g__Mycobacterium;s__Mycobacterium sp000328565,iPHoP-RF,93.10,None
k141_387916,RS_GCF_001667505.1,d__Bacteria;p__Actinomycetota;c__Actinomycetia;o__Mycobacteriales;f__Mycobacteriaceae;g__Mycobacterium;s__Mycobacterium sp001667505,iPHoP-RF,92.40,None
k141_388584,GB_GCA_903825065.1,d__Bacteria;p__Bacteroidota;c__Bacteroidia;o__Chitinophagales;f__Chitinophagaceae;g__Sediminibacterium;s__Sediminibacterium sp903825065,blast,93.80,iPHoP-RF;72.60
k141_388584,GB_GCA_020722095.1,d__Bacteria;p__Bacteroidota;c__Kapabacteria;o__Kapabacteriales;f__UBA2268;g__GWF2-33-9;s__GWF2-33-9 sp020722095,blast,91.00,None
k141_391294,RS_GCF_002797575.1,d__Bacteria;p__Pseudomonadota;c__Gammaproteobacteria;o__Burkholderiales;f__Burkholderiaceae;g__Polynucleobacter;s__Polynucleobacter brandtiae,iPHoP-RF,95.10,None
k141_391294,RS_GCF_900095185.1,d__Bacteria;p__Pseudomonadota;c__Gammaproteobacteria;o__Burkholderiales;f__Burkholderiaceae;g__Polynucleobacter;s__Polynucleobacter sp003482545,iPHoP-RF,95.10,None
k141_391294,GB_GCA_903930665.1,d__Bacteria;p__Pseudomonadota;c__Gammaproteobacteria;o__Burkholderiales;f__Burkholderiaceae;g__Polynucleobacter;s__Polynucleobacter sp903930665,iPHoP-RF,94.70,None
k141_391294,GB_GCA_023253245.1,d__Bacteria;p__Pseudomonadota;c__Gammaproteobacteria;o__Burkholderiales;f__Burkholderiaceae;g__Polynucleobacter;s__Polynucleobacter sp023253245,iPHoP-RF,94.40,None
k141_391294,RS_GCF_013307245.1,d__Bacteria;p__Pseudomonadota;c__Gammaproteobacteria;o__Burkholderiales;f__Burkholderiaceae;g__Polynucleobacter;s__Polynucleobacter antarcticus,iPHoP-RF,91.80,None
k141_391331,GB_GCA_002317475.1,d__Bacteria;p__Bacteroidota;c__Bacteroidia;o__Bacteroidales;f__Bacteroidaceae;g__UBA4372;s__UBA4372 sp002317475,iPHoP-RF,92.80,None
k141_395174,GB_GCA_007182875.1,d__Bacteria;p__Pseudomonadota;c__Gammaproteobacteria;o__Pseudomonadales;f__Halomonadaceae;g__Halomonas;s__Halomonas sulfidaeris,iPHoP-RF,91.40,None
k141_401931,GB_GCA_017503805.1,d__Bacteria;p__Bacteroidota;c__Bacteroidia;o__Bacteroidales;f__Rikenellaceae;g__Tidjanibacter;s__Tidjanibacter sp017503805,iPHoP-RF,92.80,None
k141_408373,RS_GCF_023156585.1,d__Bacteria;p__Bacteroidota;c__Bacteroidia;o__Flavobacteriales;f__Flavobacteriaceae;g__Aquaticitalea;s__Aquaticitalea sp023156585,iPHoP-RF,91.10,None
k141_408373,RS_GCF_001678675.1,d__Bacteria;p__Bacteroidota;c__Bacteroidia;o__Flavobacteriales;f__Flavobacteriaceae;g__Gelidibacter;s__Gelidibacter algens,iPHoP-RF,90.50,None
k141_415110,GB_GCA_018222915.1,d__Bacteria;p__Bacteroidota;c__Bacteroidia;o__Flavobacteriales;f__Flavobacteriaceae;g__Psychroserpens;s__Psychroserpens sp018222915,iPHoP-RF,95.70,None
k141_415110,RS_GCF_021032705.1,d__Bacteria;p__Bacteroidota;c__Bacteroidia;o__Flavobacteriales;f__Flavobacteriaceae;g__Psychroserpens;s__Psychroserpens sp021032705,iPHoP-RF,95.70,None
k141_415754,GB_GCA_903892645.1,d__Bacteria;p__Pseudomonadota;c__Gammaproteobacteria;o__Burkholderiales;f__Gallionellaceae;g__CAITJF01;s__CAITJF01 sp903892645,blast,91.90,None
k141_417849,GB_GCA_009920715.1,d__Bacteria;p__Actinomycetota;c__Acidimicrobiia;o__Acidimicrobiales;f__Ilumatobacteraceae;g__UBA2093;s__UBA2093 sp009920715,blast,92.00,None
k141_417849,GB_GCA_004298335.1,d__Bacteria;p__Nitrospirota;c__Nitrospiria;o__Nitrospirales;f__NS-4;g__SCTG01;s__SCTG01 sp004298335,blast,91.80,None
k141_424629,GB_GCA_003278465.1,d__Bacteria;p__Cyanobacteriota;c__Cyanobacteriia;o__PCC-6307;f__Cyanobiaceae;g__AG-363-B04;s__AG-363-B04 sp003278465,iPHoP-RF,90.80,None
k141_424629,GB_GCA_902563335.1,d__Bacteria;p__Cyanobacteriota;c__Cyanobacteriia;o__PCC-6307;f__Cyanobiaceae;g__CACEWU01;s__CACEWU01 sp902563335,iPHoP-RF,90.50,None
k141_425298,GB_GCA_017513865.1,d__Bacteria;p__Bacillota;c__Bacilli;o__RF39;f__UBA660;g__Coprosoma;s__Coprosoma sp017513865,iPHoP-RF,90.10,None
k141_426180,GB_GCA_903843235.1,d__Bacteria;p__Pseudomonadota;c__Gammaproteobacteria;o__Burkholderiales;f__Burkholderiaceae;g__Polynucleobacter;s__Polynucleobacter sp903843235,iPHoP-RF,92.40,None
k141_429952,RS_GCF_012516395.1,d__Bacteria;p__Cyanobacteriota;c__Cyanobacteriia;o__Cyanobacteriales;f__Nostocaceae;g__Dolichospermum;s__Dolichospermum sp000312705,blast,93.20,iPHoP-RF;76.60
k141_438589,GB_GCA_023398105.1,d__Bacteria;p__Bacillota_A;c__Clostridia;o__Acetivibrionales;f__DSM-27016;g__Ruminiclostridium;s__Ruminiclostridium sp023398105,iPHoP-RF,90.80,None
k141_438589,RS_GCF_005473905.2,d__Bacteria;p__Bacillota_A;c__Clostridia;o__Acetivibrionales;f__DSM-27016;g__Ruminiclostridium;s__Ruminiclostridium herbifermentans,iPHoP-RF,90.10,None
k141_443758,GB_GCA_023133185.1,d__Bacteria;p__Marinisomatota;c__UBA2242;o__UBA2242;f__UBA2242;g__UBA9312;s__UBA9312 sp023133185,iPHoP-RF,92.10,None
k141_44403,GB_GCA_009921265.1,d__Bacteria;p__Pseudomonadota;c__Gammaproteobacteria;o__Burkholderiales;f__Burkholderiaceae_B;g__Limnohabitans;s__Limnohabitans sp009921265,blast,91.20,None
k141_454854,GB_GCA_021324415.1,d__Bacteria;p__Cyanobacteriota;c__Cyanobacteriia;o__Cyanobacteriales;f__Nostocaceae;g__JAJPJF01;s__JAJPJF01 sp021324415,iPHoP-RF,90.50,None
k141_462381,GB_GCA_003512365.1,d__Bacteria;p__Bacteroidota;c__Bacteroidia;o__Flavobacteriales;f__Crocinitomicaceae;g__UBA952;s__UBA952 sp003512365,blast,92.50,iPHoP-RF;77.10
k141_462381,GB_GCA_903889745.1,d__Bacteria;p__Bacteroidota;c__Bacteroidia;o__Flavobacteriales;f__Flavobacteriaceae;g__Flavobacterium;s__Flavobacterium sp903889745,blast,92.10,iPHoP-RF;72.20
k141_463875,GB_GCA_903840825.1,d__Bacteria;p__Pseudomonadota;c__Gammaproteobacteria;o__Burkholderiales;f__Burkholderiaceae_B;g__Rhodoferax;s__Rhodoferax sp903840825,blast,93.20,iPHoP-RF;79.00
k141_466265,GB_GCA_902532015.1,d__Bacteria;p__Pseudomonadota;c__Gammaproteobacteria;o__SAR86;f__SAR86;g__GCA-2730855;s__GCA-2730855 sp902532015,iPHoP-RF,94.10,None
k141_467504,RS_GCF_006968745.1,d__Bacteria;p__Cyanobacteriota;c__Cyanobacteriia;o__Cyanobacteriales;f__Nostocaceae;g__Brasilonema;s__Brasilonema sennae,iPHoP-RF,95.40,None
k141_467504,RS_GCF_017982655.1,d__Bacteria;p__Cyanobacteriota;c__Cyanobacteriia;o__Cyanobacteriales;f__Nostocaceae;g__Brasilonema;s__Brasilonema sp017982655,iPHoP-RF,93.70,None
k141_483528,GB_GCA_902556355.1,d__Bacteria;p__Pseudomonadota;c__Gammaproteobacteria;o__SAR86;f__D2472;g__SCGC-AAA076-P13;s__SCGC-AAA076-P13 sp902556355,iPHoP-RF,93.40,None
k141_483528,GB_GCA_902596165.1,d__Bacteria;p__Pseudomonadota;c__Gammaproteobacteria;o__SAR86;f__D2472;g__D2472;s__D2472 sp902596165,iPHoP-RF,93.10,None
k141_483528,GB_GCA_902602595.1,d__Bacteria;p__Pseudomonadota;c__Gammaproteobacteria;o__SAR86;f__D2472;g__D2472;s__D2472 sp902602595,iPHoP-RF,93.10,None
k141_483528,GB_GCA_000307935.1,d__Bacteria;p__Pseudomonadota;c__Gammaproteobacteria;o__SAR86;f__D2472;g__D2472;s__D2472 sp000307935,iPHoP-RF,92.80,None
k141_483528,GB_GCA_000385055.1,d__Bacteria;p__Pseudomonadota;c__Gammaproteobacteria;o__SAR86;f__D2472;g__SCGC-AAA076-P13;s__SCGC-AAA076-P13 sp000385055,iPHoP-RF,92.10,None
k141_483528,GB_GCA_902513515.1,d__Bacteria;p__Pseudomonadota;c__Gammaproteobacteria;o__SAR86;f__D2472;g__D2472;s__D2472 sp902513515,iPHoP-RF,92.10,None
k141_483528,GB_GCA_018607365.1,d__Bacteria;p__Pseudomonadota;c__Gammaproteobacteria;o__SAR86;f__D2472;g__SCGC-AAA076-P13;s__SCGC-AAA076-P13 sp018607365,iPHoP-RF,91.80,None
k141_483528,GB_GCA_902591665.1,d__Bacteria;p__Pseudomonadota;c__Gammaproteobacteria;o__SAR86;f__D2472;g__SCGC-AAA076-P13;s__SCGC-AAA076-P13 sp902591665,iPHoP-RF,90.80,None
k141_483528,GB_GCA_902558395.1,d__Bacteria;p__Pseudomonadota;c__Gammaproteobacteria;o__SAR86;f__D2472;g__SCGC-AAA076-P13;s__SCGC-AAA076-P13 sp902558395,iPHoP-RF,90.50,None
k141_483528,GB_GCA_016779285.1,d__Bacteria;p__Pseudomonadota;c__Gammaproteobacteria;o__SAR86;f__D2472;g__D2472;s__D2472 sp016779285,iPHoP-RF,90.10,None
k141_483620,GB_GCA_903959715.1,d__Bacteria;p__Pseudomonadota;c__Alphaproteobacteria;o__Rickettsiales;f__UBA1997;g__SYAR01;s__SYAR01 sp903959715,blast,91.60,iPHoP-RF;62.70
k141_488514,GB_GCA_902557415.1,d__Bacteria;p__Pseudomonadota;c__Gammaproteobacteria;o__Ga0077536;f__Ga0077536;g__UBA4457;s__UBA4457 sp902557415,iPHoP-RF,96.10,None
k141_488514,GB_GCA_913047675.1,d__Bacteria;p__Pseudomonadota;c__Gammaproteobacteria;o__Ga0077536;f__Ga0077536;g__UBA4457;s__UBA4457 sp913047675,iPHoP-RF,94.40,None
k141_488514,RS_GCF_009684715.1,d__Bacteria;p__Pseudomonadota;c__Gammaproteobacteria;o__Enterobacterales_A;f__Pasteurellaceae;g__Otariodibacter;s__Otariodibacter oris,iPHoP-RF,91.10,None
k141_488514,RS_GCF_013377275.1,d__Bacteria;p__Pseudomonadota;c__Gammaproteobacteria;o__Enterobacterales_A;f__Pasteurellaceae;g__Vespertiliibacter;s__Vespertiliibacter pulmonis,iPHoP-RF,91.10,None
k141_489633,RS_GCF_001434665.1,d__Bacteria;p__Bacillota;c__Bacilli;o__Lactobacillales;f__Lactobacillaceae;g__Companilactobacillus;s__Companilactobacillus tucceti,iPHoP-RF,90.80,None
k141_489633,RS_GCF_003946505.1,d__Bacteria;p__Bacillota;c__Bacilli;o__Lactobacillales;f__Lactobacillaceae;g__Companilactobacillus;s__Companilactobacillus mishanensis,iPHoP-RF,90.80,None
k141_494738,3300013126_144,d__Archaea;p__Nanoarchaeota;c__Nanoarchaeia;o__Pacearchaeales;f__GW2011-AR1;g__GW2011-AR1;s__,blast,93.90,iPHoP-RF;59.80
k141_497540,GB_GCA_022758925.1,d__Bacteria;p__Pseudomonadota;c__Gammaproteobacteria;o__Burkholderiales;f__Burkholderiaceae_B;g__JAEMQF01;s__JAEMQF01 sp022758925,blast,91.30,None
k141_498647,GB_GCA_945888995.1,d__Bacteria;p__Margulisbacteria;c__Marinamargulisbacteria;o__CAMDBA01;f__CAMDBA01;g__CAMDBA01;s__CAMDBA01 sp945888995,blast,92.90,None
k141_505382,RS_GCF_011761495.1,d__Bacteria;p__Bacillota;c__Bacilli;o__Bacillales_D;f__Alkalibacillaceae;g__Alkalibacillus;s__Alkalibacillus almallahensis,iPHoP-RF,92.10,None
k141_507441,GB_GCA_903845455.1,d__Bacteria;p__Pseudomonadota;c__Gammaproteobacteria;o__Burkholderiales;f__Burkholderiaceae;g__Polynucleobacter;s__Polynucleobacter sp903845455,iPHoP-RF,91.10,None
k141_507441,RS_GCF_000400715.1,d__Bacteria;p__Pseudomonadota;c__Gammaproteobacteria;o__Pseudomonadales;f__Moraxellaceae;g__Acinetobacter;s__Acinetobacter sp000400715,iPHoP-RF,90.80,None
k141_507441,RS_GCF_000413935.1,d__Bacteria;p__Pseudomonadota;c__Gammaproteobacteria;o__Pseudomonadales;f__Moraxellaceae;g__Acinetobacter;s__Acinetobacter colistiniresistens,iPHoP-RF,90.50,None
k141_507441,RS_GCF_001704115.1,d__Bacteria;p__Pseudomonadota;c__Gammaproteobacteria;o__Pseudomonadales;f__Moraxellaceae;g__Acinetobacter;s__Acinetobacter larvae,iPHoP-RF,90.50,None
k141_507441,RS_GCF_013072695.1,d__Bacteria;p__Pseudomonadota;c__Gammaproteobacteria;o__Pseudomonadales;f__Moraxellaceae;g__Acinetobacter;s__Acinetobacter sp013072695,iPHoP-RF,90.50,None
k141_507441,RS_GCF_024582815.1,d__Bacteria;p__Pseudomonadota;c__Gammaproteobacteria;o__Pseudomonadales;f__Moraxellaceae;g__Acinetobacter;s__Acinetobacter sp000369645,iPHoP-RF,90.50,None
k141_507441,RS_GCF_000413855.1,d__Bacteria;p__Pseudomonadota;c__Gammaproteobacteria;o__Pseudomonadales;f__Moraxellaceae;g__Acinetobacter;s__Acinetobacter gyllenbergii,iPHoP-RF,90.10,None
k141_507441,RS_GCF_023920705.1,d__Bacteria;p__Pseudomonadota;c__Gammaproteobacteria;o__Pseudomonadales;f__Moraxellaceae;g__Acinetobacter;s__Acinetobacter sp023920705,iPHoP-RF,90.10,None
k141_538293,GB_GCA_002682975.1,d__Bacteria;p__Pseudomonadota;c__Alphaproteobacteria;o__Rhodobacterales;f__Rhodobacteraceae;g__MED-G52;s__MED-G52 sp002682975,iPHoP-RF,93.10,None
k141_538293,GB_GCA_002711145.1,d__Bacteria;p__Pseudomonadota;c__Alphaproteobacteria;o__Rhodobacterales;f__Rhodobacteraceae;g__MED-G52;s__MED-G52 sp002711145,iPHoP-RF,93.10,None
k141_538293,GB_GCA_902602765.1,d__Bacteria;p__Pseudomonadota;c__Alphaproteobacteria;o__Rhodobacterales;f__Rhodobacteraceae;g__MED-G52;s__MED-G52 sp902602765,iPHoP-RF,92.80,None
k141_538293,GB_GCA_902635985.1,d__Bacteria;p__Pseudomonadota;c__Alphaproteobacteria;o__Rhodobacterales;f__Rhodobacteraceae;g__MED-G52;s__MED-G52 sp902635985,iPHoP-RF,92.80,None
k141_538293,GB_GCA_902554885.1,d__Bacteria;p__Pseudomonadota;c__Alphaproteobacteria;o__Rhodobacterales;f__Rhodobacteraceae;g__MED-G52;s__MED-G52 sp902554885,iPHoP-RF,91.40,None
k141_538293,GB_GCA_902631295.1,d__Bacteria;p__Pseudomonadota;c__Alphaproteobacteria;o__Rhodobacterales;f__Rhodobacteraceae;g__MED-G52;s__MED-G52 sp902631295,iPHoP-RF,91.40,None
k141_54380,RS_GCF_021605415.1,d__Bacteria;p__Pseudomonadota;c__Gammaproteobacteria;o__Pseudomonadales;f__Pseudomonadaceae;g__Pseudomonas_E;s__Pseudomonas_E syringae_S,iPHoP-RF,95.70,None
k141_54380,RS_GCF_016650635.1,d__Bacteria;p__Pseudomonadota;c__Gammaproteobacteria;o__Pseudomonadales;f__Pseudomonadaceae;g__Pseudomonas_E;s__Pseudomonas_E sp016650635,iPHoP-RF,94.70,None
k141_54380,RS_GCF_014472415.1,d__Bacteria;p__Pseudomonadota;c__Gammaproteobacteria;o__Pseudomonadales;f__Pseudomonadaceae;g__Pseudomonas_E;s__Pseudomonas_E sp014472415,iPHoP-RF,92.40,None
k141_54380,RS_GCF_900580865.1,d__Bacteria;p__Pseudomonadota;c__Gammaproteobacteria;o__Pseudomonadales;f__Pseudomonadaceae;g__Pseudomonas_E;s__Pseudomonas_E sp900580865,iPHoP-RF,91.40,None
k141_55449,GB_GCA_903834855.1,d__Bacteria;p__Patescibacteria;c__Paceibacteria;o__UBA9983_A;f__UBA5272;g__UBA11704;s__UBA11704 sp903834855,blast,93.90,iPHoP-RF;71.30
k141_560359,GB_GCA_016705575.1,d__Bacteria;p__Pseudomonadota;c__Gammaproteobacteria;o__Burkholderiales;f__Burkholderiaceae_B;g__Rhodoferax_C;s__Rhodoferax_C sp016705575,iPHoP-RF,95.40,None
k141_560359,RS_GCF_018619435.1,d__Bacteria;p__Pseudomonadota;c__Gammaproteobacteria;o__Burkholderiales;f__Burkholderiaceae_B;g__Rhodoferax;s__Rhodoferax sp018619435,iPHoP-RF,94.40,None
k141_560359,GB_GCA_903925725.1,d__Bacteria;p__Pseudomonadota;c__Gammaproteobacteria;o__Burkholderiales;f__Burkholderiaceae_B;g__Rhodoferax;s__Rhodoferax sp903925725,iPHoP-RF,94.10,None
k141_560359,GB_GCA_903954045.1,d__Bacteria;p__Pseudomonadota;c__Gammaproteobacteria;o__Burkholderiales;f__Burkholderiaceae_B;g__Rhodoferax_C;s__Rhodoferax_C sp903954045,iPHoP-RF,93.70,None
k141_560359,GB_GCA_903864505.1,d__Bacteria;p__Pseudomonadota;c__Gammaproteobacteria;o__Burkholderiales;f__Burkholderiaceae_B;g__Rhodoferax_C;s__Rhodoferax_C sp903864505,iPHoP-RF,93.40,None
k141_560359,GB_GCA_023701345.1,d__Bacteria;p__Pseudomonadota;c__Gammaproteobacteria;o__Burkholderiales;f__Burkholderiaceae_B;g__Rhodoferax;s__Rhodoferax sp023701345,iPHoP-RF,93.10,None
k141_560359,GB_GCA_008080595.1,d__Bacteria;p__Pseudomonadota;c__Gammaproteobacteria;o__Burkholderiales;f__Burkholderiaceae_B;g__Rhodoferax;s__Rhodoferax sp008080595,iPHoP-RF,91.80,None
k141_560359,RS_GCF_002017865.1,d__Bacteria;p__Pseudomonadota;c__Gammaproteobacteria;o__Burkholderiales;f__Burkholderiaceae_B;g__Rhodoferax;s__Rhodoferax fermentans,iPHoP-RF,91.80,None
k141_560359,RS_GCF_013416775.1,d__Bacteria;p__Pseudomonadota;c__Gammaproteobacteria;o__Burkholderiales;f__Burkholderiaceae_B;g__Rhodoferax;s__Rhodoferax sp013416775,iPHoP-RF,91.80,None
k141_560359,GB_GCA_021737865.1,d__Bacteria;p__Pseudomonadota;c__Gammaproteobacteria;o__Burkholderiales;f__Burkholderiaceae_B;g__Rhodoferax_C;s__Rhodoferax_C sp021737865,iPHoP-RF,91.40,None
k141_560359,GB_GCA_903897005.1,d__Bacteria;p__Pseudomonadota;c__Gammaproteobacteria;o__Burkholderiales;f__Burkholderiaceae_B;g__Rhodoferax;s__Rhodoferax sp903897005,iPHoP-RF,91.40,None
k141_560359,GB_GCA_002381045.1,d__Bacteria;p__Pseudomonadota;c__Gammaproteobacteria;o__Burkholderiales;f__Burkholderiaceae_B;g__Rhodoferax;s__Rhodoferax sp002381045,iPHoP-RF,90.80,None
k141_560359,GB_GCA_903945325.1,d__Bacteria;p__Pseudomonadota;c__Gammaproteobacteria;o__Burkholderiales;f__Burkholderiaceae_B;g__Rhodoferax_C;s__Rhodoferax_C sp903945325,iPHoP-RF,90.80,None
k141_560359,GB_GCA_020048895.1,d__Bacteria;p__Pseudomonadota;c__Gammaproteobacteria;o__Burkholderiales;f__Burkholderiaceae_B;g__Rhodoferax_C;s__Rhodoferax_C sp020048895,iPHoP-RF,90.50,None
k141_560359,GB_GCA_001771065.1,d__Bacteria;p__Pseudomonadota;c__Gammaproteobacteria;o__Burkholderiales;f__Burkholderiaceae_B;g__Rhodoferax;s__Rhodoferax sp001771065,iPHoP-RF,90.10,None
k141_560359,GB_GCA_903914175.1,d__Bacteria;p__Pseudomonadota;c__Gammaproteobacteria;o__Burkholderiales;f__Burkholderiaceae_B;g__Rhodoferax;s__Rhodoferax sp903914175,iPHoP-RF,90.10,None
k141_566365,GB_GCA_001830325.1,d__Bacteria;p__Pseudomonadota;c__Gammaproteobacteria;o__Burkholderiales;f__Burkholderiaceae;g__Polynucleobacter;s__Polynucleobacter sp001830325,iPHoP-RF,91.40,None
k141_566365,RS_GCF_018881975.1,d__Bacteria;p__Pseudomonadota;c__Gammaproteobacteria;o__Burkholderiales;f__Burkholderiaceae;g__Polynucleobacter;s__Polynucleobacter sp018881975,iPHoP-RF,91.40,None
k141_566365,RS_GCF_018882055.1,d__Bacteria;p__Pseudomonadota;c__Gammaproteobacteria;o__Burkholderiales;f__Burkholderiaceae;g__Polynucleobacter;s__Polynucleobacter sp018882055,iPHoP-RF,90.50,None
k141_566365,RS_GCF_018882325.1,d__Bacteria;p__Pseudomonadota;c__Gammaproteobacteria;o__Burkholderiales;f__Burkholderiaceae;g__Polynucleobacter;s__Polynucleobacter sp018882325,iPHoP-RF,90.50,None
k141_577397,GB_GCA_903845315.1,d__Bacteria;p__Pseudomonadota;c__Gammaproteobacteria;o__Burkholderiales;f__Burkholderiaceae_B;g__Limnohabitans;s__Limnohabitans sp903845315,iPHoP-RF,93.10,None
k141_577397,GB_GCA_903906635.1,d__Bacteria;p__Pseudomonadota;c__Gammaproteobacteria;o__Burkholderiales;f__Burkholderiaceae_B;g__Limnohabitans;s__Limnohabitans sp903906635,iPHoP-RF,92.40,None
k141_577397,GB_GCA_009921265.1,d__Bacteria;p__Pseudomonadota;c__Gammaproteobacteria;o__Burkholderiales;f__Burkholderiaceae_B;g__Limnohabitans;s__Limnohabitans sp009921265,blast,90.10,iPHoP-RF;81.90
k141_580016,GB_GCA_903833025.1,d__Bacteria;p__Bacteroidota;c__Bacteroidia;o__AKYH767;f__2-12-FULL-35-15;g__2-12-FULL-35-15;s__2-12-FULL-35-15 sp903833025,blast,92.70,None
k141_58042,GB_GCA_021732965.1,d__Bacteria;p__Pseudomonadota;c__Alphaproteobacteria;o__Reyranellales;f__Reyranellaceae;g__Reyranella;s__Reyranella sp021732965,blast,90.40,iPHoP-RF;60.60
k141_581165,RS_GCF_014651495.1,d__Bacteria;p__Bacteroidota;c__Bacteroidia;o__Flavobacteriales;f__Flavobacteriaceae;g__Algibacter_E;s__Algibacter_E mikhailovii,iPHoP-RF,92.10,None
k141_601568,GB_GCA_945862405.1,d__Bacteria;p__Pseudomonadota;c__Gammaproteobacteria;o__Legionellales;f__Legionellaceae;g__Legionella_A;s__Legionella_A sp945862405,iPHoP-RF,95.40,None
k141_601568,RS_GCF_001468005.1,d__Bacteria;p__Pseudomonadota;c__Gammaproteobacteria;o__Legionellales;f__Legionellaceae;g__Legionella;s__Legionella steelei,iPHoP-RF,94.40,None
k141_601568,RS_GCF_001468065.1,d__Bacteria;p__Pseudomonadota;c__Gammaproteobacteria;o__Legionellales;f__Legionellaceae;g__Legionella;s__Legionella steigerwaltii,iPHoP-RF,94.10,None
k141_601568,RS_GCF_000308315.1,d__Bacteria;p__Pseudomonadota;c__Gammaproteobacteria;o__Legionellales;f__Legionellaceae;g__Tatlockia;s__Tatlockia tunisiensis,iPHoP-RF,93.70,None
k141_601568,RS_GCF_000953655.1,d__Bacteria;p__Pseudomonadota;c__Gammaproteobacteria;o__Legionellales;f__Legionellaceae;g__Tatlockia;s__Tatlockia hackeliae,iPHoP-RF,93.40,None
k141_601568,RS_GCF_900637685.1,d__Bacteria;p__Pseudomonadota;c__Gammaproteobacteria;o__Legionellales;f__Legionellaceae;g__Legionella;s__Legionella sainthelensi,iPHoP-RF,93.10,None
k141_601568,GB_GCA_019634835.1,d__Bacteria;p__Pseudomonadota;c__Gammaproteobacteria;o__DSM-16500;f__DSM-16500;g__Aquicella_A;s__Aquicella_A sp019634835,iPHoP-RF,92.40,None
k141_601568,RS_GCF_900187355.1,d__Bacteria;p__Pseudomonadota;c__Gammaproteobacteria;o__Legionellales;f__Legionellaceae;g__Tatlockia;s__Tatlockia lansingensis,iPHoP-RF,90.80,None
k141_601568,RS_GCF_001648595.1,d__Bacteria;p__Pseudomonadota;c__Gammaproteobacteria;o__Legionellales;f__Legionellaceae;g__Legionella;s__Legionella bozemanae,iPHoP-RF,90.50,None
k141_616450,RS_GCF_005405245.1,d__Bacteria;p__Bacillota;c__Bacilli;o__Lactobacillales;f__Enterococcaceae;g__Enterococcus_J;s__Enterococcus_J nangangensis,iPHoP-RF,93.10,None
k141_616450,RS_GCF_002901845.1,d__Bacteria;p__Bacillota;c__Bacilli;o__Staphylococcales;f__Staphylococcaceae;g__Staphylococcus;s__Staphylococcus hominis,iPHoP-RF,92.80,None
k141_631574,GB_GCA_002719575.1,d__Bacteria;p__Pseudomonadota;c__Gammaproteobacteria;o__Pseudomonadales;f__Pseudohongiellaceae;g__UBA9145;s__UBA9145 sp002719575,iPHoP-RF,92.10,None
k141_631574,GB_GCA_003514305.1,d__Bacteria;p__Pseudomonadota;c__Gammaproteobacteria;o__Pseudomonadales;f__Pseudohongiellaceae;g__UBA9145;s__UBA9145 sp003514305,iPHoP-RF,91.80,None
k141_641875,GB_GCA_009920765.1,d__Bacteria;p__Planctomycetota;c__Planctomycetia;o__Gemmatales;f__Gemmataceae;g__UBA969;s__UBA969 sp009920765,blast,93.00,None
k141_647955,GB_GCA_016784875.1,d__Bacteria;p__Pseudomonadota;c__Gammaproteobacteria;o__Methylococcales;f__Methylomonadaceae;g__Methylobacter_A;s__Methylobacter_A sp016784875,iPHoP-RF,90.80,None
k141_647955,GB_GCA_945902915.1,d__Bacteria;p__Pseudomonadota;c__Gammaproteobacteria;o__Methylococcales;f__Methylomonadaceae;g__KS41;s__KS41 sp945902915,iPHoP-RF,90.10,None
k141_657675,GB_GCA_934401755.1,d__Bacteria;p__Pseudomonadota;c__Gammaproteobacteria;o__Burkholderiales;f__Burkholderiaceae;g__Oxalobacter;s__Oxalobacter sp934401755,iPHoP-RF,93.40,None
k141_657675,GB_GCA_019634835.1,d__Bacteria;p__Pseudomonadota;c__Gammaproteobacteria;o__DSM-16500;f__DSM-16500;g__Aquicella_A;s__Aquicella_A sp019634835,iPHoP-RF,92.80,None
k141_657675,GB_GCA_945901145.1,d__Bacteria;p__Pseudomonadota;c__Gammaproteobacteria;o__Legionellales;f__Legionellaceae;g__JAGVJT01;s__JAGVJT01 sp945901145,iPHoP-RF,92.80,None
k141_657675,GB_GCA_013289415.1,d__Bacteria;p__Pseudomonadota;c__Gammaproteobacteria;o__Legionellales;f__Legionellaceae;g__DDPF01;s__DDPF01 sp013289415,iPHoP-RF,90.50,None
k141_658679,RS_GCF_002302565.1,d__Bacteria;p__Bacteroidota;c__Bacteroidia;o__Flavobacteriales;f__Flavobacteriaceae;g__Capnocytophaga;s__Capnocytophaga canimorsus,iPHoP-RF,93.10,None
k141_658679,RS_GCF_000827555.1,d__Bacteria;p__Bacteroidota;c__Bacteroidia;o__Flavobacteriales;f__Flavobacteriaceae;g__Capnocytophaga;s__Capnocytophaga canis,iPHoP-RF,92.40,None
k141_659994,GB_GCA_903934035.1,d__Bacteria;p__Pseudomonadota;c__Gammaproteobacteria;o__Methylococcales;f__Methylomonadaceae;g__KS41;s__KS41 sp903934035,blast,96.00,iPHoP-RF;84.50
k141_659994,GB_GCA_903863905.1,d__Bacteria;p__Pseudomonadota;c__Gammaproteobacteria;o__Methylococcales;f__Methylomonadaceae;g__KS41;s__KS41 sp903863905,blast,92.10,iPHoP-RF;77.50
k141_659994,GB_GCA_903910205.1,d__Bacteria;p__Pseudomonadota;c__Gammaproteobacteria;o__Methylococcales;f__Methylomonadaceae;g__KS41;s__KS41 sp903910205,blast,91.60,None
k141_659994,GB_GCA_903832775.1,d__Bacteria;p__Pseudomonadota;c__Gammaproteobacteria;o__Methylococcales;f__Methylomonadaceae;g__Methylobacter_A;s__Methylobacter_A sp903832775,blast,90.30,None
k141_659994,GB_GCA_903873045.1,d__Bacteria;p__Pseudomonadota;c__Gammaproteobacteria;o__Methylococcales;f__Methylomonadaceae;g__KS41;s__KS41 sp903873045,blast,90.10,iPHoP-RF;82.50
k141_665170,GB_GCA_903844415.1,d__Bacteria;p__Pseudomonadota;c__Gammaproteobacteria;o__Pseudomonadales;f__Pseudohongiellaceae;g__CAILUG01;s__CAILUG01 sp903844415,blast,90.80,iPHoP-RF;60.10
k141_665170,GB_GCA_903897155.1,d__Bacteria;p__Actinomycetota;c__Actinomycetia;o__Nanopelagicales;f__Nanopelagicaceae;g__PALSA-747;s__PALSA-747 sp903897155,blast,90.10,iPHoP-RF;51.70
k141_674489,GB_GCA_902511425.1,d__Bacteria;p__Pseudomonadota;c__Gammaproteobacteria;o__SAR86;f__D2472;g__D2472;s__D2472 sp902511425,iPHoP-RF,96.70,None
k141_674489,GB_GCA_902593675.1,d__Bacteria;p__Pseudomonadota;c__Gammaproteobacteria;o__SAR86;f__D2472;g__D2472;s__D2472 sp902593675,iPHoP-RF,96.10,None
k141_674489,GB_GCA_902513515.1,d__Bacteria;p__Pseudomonadota;c__Gammaproteobacteria;o__SAR86;f__D2472;g__D2472;s__D2472 sp902513515,iPHoP-RF,95.40,None
k141_674489,GB_GCA_902596165.1,d__Bacteria;p__Pseudomonadota;c__Gammaproteobacteria;o__SAR86;f__D2472;g__D2472;s__D2472 sp902596165,iPHoP-RF,95.40,None
k141_674489,GB_GCA_905181595.1,d__Bacteria;p__Pseudomonadota;c__Gammaproteobacteria;o__SAR86;f__D2472;g__D2472;s__D2472 sp905181595,iPHoP-RF,95.40,None
k141_674489,GB_GCA_905478035.1,d__Bacteria;p__Pseudomonadota;c__Gammaproteobacteria;o__SAR86;f__D2472;g__SCGC-AAA076-P13;s__SCGC-AAA076-P13 sp905478035,iPHoP-RF,95.40,None
k141_674489,GB_GCA_000384935.1,d__Bacteria;p__Pseudomonadota;c__Gammaproteobacteria;o__SAR86;f__D2472;g__SCGC-AAA076-P13;s__SCGC-AAA076-P13 sp000384935,iPHoP-RF,94.70,None
k141_674489,GB_GCA_902509555.1,d__Bacteria;p__Pseudomonadota;c__Gammaproteobacteria;o__SAR86;f__D2472;g__D2472;s__D2472 sp902509555,iPHoP-RF,94.40,None
k141_674489,GB_GCA_902512655.1,d__Bacteria;p__Pseudomonadota;c__Gammaproteobacteria;o__SAR86;f__D2472;g__D2472;s__D2472 sp902512655,iPHoP-RF,93.70,None
k141_674489,GB_GCA_905181645.1,d__Bacteria;p__Pseudomonadota;c__Gammaproteobacteria;o__SAR86;f__D2472;g__MED-G78;s__MED-G78 sp905181645,iPHoP-RF,93.40,None
k141_674489,GB_GCA_905182885.1,d__Bacteria;p__Pseudomonadota;c__Gammaproteobacteria;o__SAR86;f__D2472;g__SCGC-AAA076-P13;s__SCGC-AAA076-P13 sp905182885,iPHoP-RF,93.40,None
k141_674489,GB_GCA_902509965.1,d__Bacteria;p__Pseudomonadota;c__Gammaproteobacteria;o__SAR86;f__D2472;g__MED-G78;s__MED-G78 sp902509965,iPHoP-RF,91.10,None
k141_678401,GB_GCA_903922325.1,d__Bacteria;p__Actinomycetota;c__Actinomycetia;o__Nanopelagicales;f__Nanopelagicaceae;g__Planktophila;s__Planktophila sp903922325,blast,93.50,iPHoP-RF;69.10
k141_683417,GB_GCA_945865725.1,d__Bacteria;p__Chloroflexota;c__UBA2235;o__UBA12225;f__UBA12225;g__CAILQO01;s__CAILQO01 sp945865725,blast,92.70,None
k141_683417,GB_GCA_002347925.1,d__Bacteria;p__Chloroflexota;c__UBA2235;o__UBA12225;f__UBA12225;g__UBA12225;s__UBA12225 sp002347925,blast,92.10,None
k141_684335,GB_GCA_903953145.1,d__Bacteria;p__Pseudomonadota;c__Gammaproteobacteria;o__Burkholderiales;f__Rhodocyclaceae;g__CAJBIL01;s__CAJBIL01 sp903953145,blast,91.40,iPHoP-RF;60.90
k141_690571,RS_GCF_000430665.1,d__Bacteria;p__Bacteroidota;c__Bacteroidia;o__Flavobacteriales;f__Flavobacteriaceae;g__Aquimarina;s__Aquimarina muelleri,iPHoP-RF,96.10,None
k141_690571,RS_GCF_000520995.1,d__Bacteria;p__Bacteroidota;c__Bacteroidia;o__Flavobacteriales;f__Flavobacteriaceae;g__Aquimarina;s__Aquimarina macrocephali,iPHoP-RF,92.80,None
k141_690571,RS_GCF_000520955.1,d__Bacteria;p__Bacteroidota;c__Bacteroidia;o__Flavobacteriales;f__Flavobacteriaceae;g__Aquimarina;s__Aquimarina pacifica,iPHoP-RF,90.80,None
k141_690571,RS_GCF_900299525.1,d__Bacteria;p__Bacteroidota;c__Bacteroidia;o__Flavobacteriales;f__Flavobacteriaceae;g__Aquimarina;s__Aquimarina sp900299525,iPHoP-RF,90.50,None
k141_690571,RS_GCF_002846555.1,d__Bacteria;p__Bacteroidota;c__Bacteroidia;o__Flavobacteriales;f__Flavobacteriaceae;g__Aquimarina;s__Aquimarina sp002846555,iPHoP-RF,90.10,None
k141_691537,GB_GCA_903919125.1,d__Bacteria;p__Verrucomicrobiota;c__Verrucomicrobiae;o__Chthoniobacterales;f__Chthoniobacteraceae;g__Chth-196;s__Chth-196 sp903919125,blast,93.90,iPHoP-RF;68.90
k141_698819,GB_GCA_009921265.1,d__Bacteria;p__Pseudomonadota;c__Gammaproteobacteria;o__Burkholderiales;f__Burkholderiaceae_B;g__Limnohabitans;s__Limnohabitans sp009921265,blast,91.90,iPHoP-RF;67.30
k141_702422,GB_GCA_002718345.1,d__Bacteria;p__Pseudomonadota;c__Gammaproteobacteria;o__UBA6522;f__UBA6522;g__UBA6522;s__UBA6522 sp002718345,iPHoP-RF,91.10,None
k141_705797,GB_GCA_903828265.1,d__Bacteria;p__Pseudomonadota;c__Alphaproteobacteria;o__Rickettsiales;f__Rickettsiaceae;g__Megaira;s__Megaira sp903828265,blast,91.40,iPHoP-RF;71.90
k141_721796,GB_GCA_903881425.1,d__Bacteria;p__Bacteroidota;c__Bacteroidia;o__Chitinophagales;f__Chitinophagaceae;g__CAILAF01;s__CAILAF01 sp903881425,blast,93.30,iPHoP-RF;65.30
k141_722615,GB_GCA_945878705.1,d__Bacteria;p__Actinomycetota;c__Acidimicrobiia;o__Acidimicrobiales;f__Ilumatobacteraceae;g__BACL27;s__BACL27 sp945878705,iPHoP-RF,91.10,None
k141_722615,GB_GCA_014190295.1,d__Bacteria;p__Actinomycetota;c__Acidimicrobiia;o__Acidimicrobiales;f__Ilumatobacteraceae;g__BACL27;s__BACL27 sp014190295,iPHoP-RF,90.80,None
k141_72323,GB_GCA_009924895.1,d__Bacteria;p__Patescibacteria;c__Paceibacteria;o__UBA9983_A;f__UBA2100;g__UBA10103;s__UBA10103 sp009924895,blast,91.60,iPHoP-RF;78.70
k141_75602,GB_GCA_934655755.1,d__Bacteria;p__Actinomycetota;c__Coriobacteriia;o__Coriobacteriales;f__Coriobacteriaceae;g__Collinsella;s__Collinsella sp934655755,CRISPR,98.40,None
k141_75602,RS_GCF_019041915.1,d__Bacteria;p__Actinomycetota;c__Coriobacteriia;o__Coriobacteriales;f__Coriobacteriaceae;g__Collinsella;s__Collinsella sp019041915,CRISPR,98.40,None
k141_75602,GB_GCA_008671135.1,d__Bacteria;p__Actinomycetota;c__Coriobacteriia;o__Coriobacteriales;f__Coriobacteriaceae;g__Collinsella;s__Collinsella aerofaciens_J,CRISPR,98.20,None
k141_75602,GB_GCA_900551195.1,d__Bacteria;p__Actinomycetota;c__Coriobacteriia;o__Coriobacteriales;f__Coriobacteriaceae;g__Collinsella;s__Collinsella sp900551195,CRISPR,98.20,None
k141_75602,GB_GCA_018373675.1,d__Bacteria;p__Actinomycetota;c__Coriobacteriia;o__Coriobacteriales;f__Coriobacteriaceae;g__Collinsella;s__Collinsella sp018373675,CRISPR,98.00,None
k141_75602,GB_GCA_900552385.1,d__Bacteria;p__Actinomycetota;c__Coriobacteriia;o__Coriobacteriales;f__Coriobacteriaceae;g__Collinsella;s__Collinsella sp900552385,CRISPR,97.90,None
k141_75602,GB_GCA_900768435.1,d__Bacteria;p__Actinomycetota;c__Coriobacteriia;o__Coriobacteriales;f__Coriobacteriaceae;g__Collinsella;s__Collinsella sp900768435,CRISPR,97.90,None
k141_75602,GB_GCA_019414515.1,d__Bacteria;p__Actinomycetota;c__Coriobacteriia;o__Coriobacteriales;f__Coriobacteriaceae;g__Collinsella;s__Collinsella sp019414515,CRISPR,97.80,None
k141_75602,GB_GCA_900542125.1,d__Bacteria;p__Actinomycetota;c__Coriobacteriia;o__Coriobacteriales;f__Coriobacteriaceae;g__Collinsella;s__Collinsella sp900542125,CRISPR,97.80,None
k141_75602,GB_GCA_900549715.1,d__Bacteria;p__Actinomycetota;c__Coriobacteriia;o__Coriobacteriales;f__Coriobacteriaceae;g__Collinsella;s__Collinsella sp900549715,CRISPR,97.80,None
k141_75602,GB_GCA_900554595.1,d__Bacteria;p__Actinomycetota;c__Coriobacteriia;o__Coriobacteriales;f__Coriobacteriaceae;g__Collinsella;s__Collinsella sp900554595,CRISPR,97.70,None
k141_75602,RS_GCF_003437035.1,d__Bacteria;p__Actinomycetota;c__Coriobacteriia;o__Coriobacteriales;f__Coriobacteriaceae;g__Collinsella;s__Collinsella sp003437035,CRISPR,97.60,None
k141_75602,RS_GCF_015553355.1,d__Bacteria;p__Actinomycetota;c__Coriobacteriia;o__Coriobacteriales;f__Coriobacteriaceae;g__Collinsella;s__Collinsella aerofaciens_V,CRISPR,97.50,None
k141_75602,RS_GCF_901212495.1,d__Bacteria;p__Actinomycetota;c__Coriobacteriia;o__Coriobacteriales;f__Coriobacteriaceae;g__Collinsella;s__Collinsella aerofaciens_H,CRISPR,97.50,None
k141_75602,RS_GCF_003469185.1,d__Bacteria;p__Actinomycetota;c__Coriobacteriia;o__Coriobacteriales;f__Coriobacteriaceae;g__Collinsella;s__Collinsella sp003469185,CRISPR,97.10,None
k141_75602,GB_GCA_900551625.1,d__Bacteria;p__Actinomycetota;c__Coriobacteriia;o__Coriobacteriales;f__Coriobacteriaceae;g__Collinsella;s__Collinsella sp900551625,CRISPR,96.90,None
k141_75602,GB_GCA_900754525.1,d__Bacteria;p__Actinomycetota;c__Coriobacteriia;o__Coriobacteriales;f__Coriobacteriaceae;g__Collinsella;s__Collinsella sp900754525,CRISPR,96.90,None
k141_75602,GB_GCA_008671285.1,d__Bacteria;p__Actinomycetota;c__Coriobacteriia;o__Coriobacteriales;f__Coriobacteriaceae;g__Collinsella;s__Collinsella sp003487125,CRISPR,95.40,None
k141_75602,GB_GCA_905213325.1,d__Bacteria;p__Actinomycetota;c__Coriobacteriia;o__Coriobacteriales;f__Coriobacteriaceae;g__Collinsella;s__Collinsella aerofaciens_AG,CRISPR,95.00,None
k141_75602,GB_GCA_900540945.1,d__Bacteria;p__Actinomycetota;c__Coriobacteriia;o__Coriobacteriales;f__Coriobacteriaceae;g__Collinsella;s__Collinsella sp900540945,CRISPR,94.60,None
k141_75602,GB_GCA_900540895.1,d__Bacteria;p__Actinomycetota;c__Coriobacteriia;o__Coriobacteriales;f__Coriobacteriaceae;g__Collinsella;s__Collinsella sp900540895,CRISPR,93.80,None
k141_75602,GB_GCA_900541695.1,d__Bacteria;p__Actinomycetota;c__Coriobacteriia;o__Coriobacteriales;f__Coriobacteriaceae;g__Collinsella;s__Collinsella sp900541695,CRISPR,93.20,None
k141_75602,GB_GCA_900767675.1,d__Bacteria;p__Actinomycetota;c__Coriobacteriia;o__Coriobacteriales;f__Coriobacteriaceae;g__Collinsella;s__Collinsella sp900767675,CRISPR,92.80,None
k141_75602,GB_GCA_934654605.1,d__Bacteria;p__Actinomycetota;c__Coriobacteriia;o__Coriobacteriales;f__Coriobacteriaceae;g__Collinsella;s__Collinsella sp934654605,CRISPR,91.50,None
k141_75602,GB_GCA_900768265.1,d__Bacteria;p__Actinomycetota;c__Coriobacteriia;o__Coriobacteriales;f__Coriobacteriaceae;g__Collinsella;s__Collinsella sp900768265,CRISPR,91.00,None
k141_7581,GB_GCA_945861325.1,d__Bacteria;p__Actinomycetota;c__Acidimicrobiia;o__Acidimicrobiales;f__Ilumatobacteraceae;g__BACL27;s__BACL27 sp945861325,iPHoP-RF,92.80,None
k141_7581,GB_GCA_945878705.1,d__Bacteria;p__Actinomycetota;c__Acidimicrobiia;o__Acidimicrobiales;f__Ilumatobacteraceae;g__BACL27;s__BACL27 sp945878705,iPHoP-RF,91.10,None
k141_7581,GB_GCA_945885515.1,d__Bacteria;p__Actinomycetota;c__Acidimicrobiia;o__Acidimicrobiales;f__Ilumatobacteraceae;g__BACL27;s__BACL27 sp945885515,iPHoP-RF,90.50,None
k141_776171,GB_GCA_002737445.1,d__Archaea;p__Thermoproteota;c__Nitrososphaeria;o__Nitrososphaerales;f__Nitrosopumilaceae;g__Nitrosarchaeum;s__Nitrosarchaeum sp002737445,blast,93.60,None
k141_779153,GB_GCA_903922325.1,d__Bacteria;p__Actinomycetota;c__Actinomycetia;o__Nanopelagicales;f__Nanopelagicaceae;g__Planktophila;s__Planktophila sp903922325,blast,93.20,iPHoP-RF;51.50
k141_779582,GB_GCA_945874225.1,d__Bacteria;p__Bacteroidota;c__Bacteroidia;o__Flavobacteriales;f__Flavobacteriaceae;g__Flavobacterium;s__Flavobacterium psychrophilum_M,iPHoP-RF,92.40,None
k141_788516,GB_GCA_903830985.1,d__Bacteria;p__Pseudomonadota;c__Gammaproteobacteria;o__Burkholderiales;f__Burkholderiaceae_B;g__CAIKVZ01;s__CAIKVZ01 sp903830985,blast,91.20,iPHoP-RF;62.20
k141_79419,RS_GCF_012070565.1,d__Bacteria;p__Bacillota_A;c__Clostridia;o__Lachnospirales;f__Lachnospiraceae;g__Anaerosporobacter;s__Anaerosporobacter faecicola,iPHoP-RF,90.50,None
k141_800905,GB_GCA_021741285.1,d__Bacteria;p__Pseudomonadota;c__Alphaproteobacteria;o__Rickettsiales;f__Rickettsiaceae;g__GCA-2402195;s__GCA-2402195 sp021741285,blast,92.00,None
k141_801408,RS_GCF_900184735.1,d__Bacteria;p__Bacillota;c__Bacilli;o__Bacillales_D;f__Amphibacillaceae;g__Paucisalibacillus;s__Paucisalibacillus globulus_B,iPHoP-RF,90.10,None
k141_805853,GB_GCA_015060765.1,d__Bacteria;p__Bacteroidota;c__Bacteroidia;o__Bacteroidales;f__Bacteroidaceae;g__Phocaeicola;s__Phocaeicola sp015060765,CRISPR,98.20,iPHoP-RF;53.60
k141_816611,GB_GCA_903925205.1,d__Bacteria;p__Verrucomicrobiota;c__Verrucomicrobiae;o__Opitutales;f__UBA953;g__UBA953;s__UBA953 sp903925205,blast,93.30,iPHoP-RF;88.90
k141_816611,GB_GCA_009924535.1,d__Bacteria;p__Verrucomicrobiota;c__Verrucomicrobiae;o__Opitutales;f__UBA953;g__UBA953;s__UBA953 sp009924535,iPHoP-RF,91.40,None
k141_816611,GB_GCA_903910245.1,d__Bacteria;p__Verrucomicrobiota;c__Verrucomicrobiae;o__Opitutales;f__UBA953;g__UBA953;s__UBA953 sp903910245,iPHoP-RF,90.50,None
k141_816611,GB_GCA_016871415.1,d__Bacteria;p__Verrucomicrobiota;c__Verrucomicrobiae;o__Opitutales;f__UBA953;g__UBA953;s__UBA953 sp016871415,iPHoP-RF,90.10,None
k141_820688,GB_GCA_008933055.1,d__Bacteria;p__Verrucomicrobiota;c__Verrucomicrobiae;o__Pedosphaerales;f__UBA11358;g__JABFSR01;s__JABFSR01 sp008933055,blast,93.80,None
k141_824735,RS_GCF_009684715.1,d__Bacteria;p__Pseudomonadota;c__Gammaproteobacteria;o__Enterobacterales_A;f__Pasteurellaceae;g__Otariodibacter;s__Otariodibacter oris,iPHoP-RF,93.70,None
k141_824735,RS_GCF_013377275.1,d__Bacteria;p__Pseudomonadota;c__Gammaproteobacteria;o__Enterobacterales_A;f__Pasteurellaceae;g__Vespertiliibacter;s__Vespertiliibacter pulmonis,iPHoP-RF,93.70,None
k141_824735,RS_GCF_002015085.1,d__Bacteria;p__Pseudomonadota;c__Gammaproteobacteria;o__Enterobacterales_A;f__Pasteurellaceae;g__Glaesserella;s__Glaesserella parasuis,iPHoP-RF,93.10,None
k141_824735,RS_GCF_004519515.1,d__Bacteria;p__Pseudomonadota;c__Gammaproteobacteria;o__Enterobacterales_A;f__Pasteurellaceae;g__Glaesserella;s__Glaesserella indolica_A,iPHoP-RF,93.10,None
k141_824735,RS_GCF_011455495.1,d__Bacteria;p__Pseudomonadota;c__Gammaproteobacteria;o__Enterobacterales_A;f__Pasteurellaceae;g__Frederiksenia;s__Frederiksenia canicola,iPHoP-RF,93.10,None
k141_824735,RS_GCF_000238795.1,d__Bacteria;p__Pseudomonadota;c__Gammaproteobacteria;o__Enterobacterales_A;f__Pasteurellaceae;g__Haemophilus_A;s__Haemophilus_A sputorum,iPHoP-RF,90.10,None
k141_826414,GB_GCA_000252525.1,d__Bacteria;p__Pseudomonadota;c__Gammaproteobacteria;o__SAR86;f__D2472;g__SAR86A;s__SAR86A sp000252525,iPHoP-RF,91.10,None
k141_834570,GB_GCA_016866575.1,d__Bacteria;p__Chlamydiota;c__Chlamydiia;o__2-12-FULL-49-11;f__VGMA01;g__VGMA01;s__VGMA01 sp016866575,blast,93.90,None
k141_847178,RS_GCF_014062345.1,d__Bacteria;p__Bacteroidota;c__Bacteroidia;o__Flavobacteriales;f__Flavobacteriaceae;g__Tenacibaculum;s__Tenacibaculum pelagium,iPHoP-RF,91.40,None
k141_866948,GB_GCA_000432735.1,d__Bacteria;p__Bacteroidota;c__Bacteroidia;o__Bacteroidales;f__Bacteroidaceae;g__Phocaeicola;s__Phocaeicola sp000432735,CRISPR,98.50,None
k141_871987,GB_GCA_016866935.1,d__Archaea;p__Nanoarchaeota;c__Nanoarchaeia;o__Pacearchaeales;f__GW2011-AR1;g__SICU01;s__SICU01 sp016866935,blast,93.70,iPHoP-RF;53.00
k141_877084,GB_GCA_005801025.1,d__Bacteria;p__Actinomycetota;c__Acidimicrobiia;o__Acidimicrobiales;f__Ilumatobacteraceae;g__Casp-actino8;s__Casp-actino8 sp005801025,iPHoP-RF,93.70,None
k141_877957,RS_GCF_012516395.1,d__Bacteria;p__Cyanobacteriota;c__Cyanobacteriia;o__Cyanobacteriales;f__Nostocaceae;g__Dolichospermum;s__Dolichospermum sp000312705,blast,93.60,iPHoP-RF;74.10
k141_880859,GB_GCA_903844415.1,d__Bacteria;p__Pseudomonadota;c__Gammaproteobacteria;o__Pseudomonadales;f__Pseudohongiellaceae;g__CAILUG01;s__CAILUG01 sp903844415,blast,91.90,iPHoP-RF;51.50
k141_883240,GB_GCA_009692275.1,d__Bacteria;p__Pseudomonadota;c__Gammaproteobacteria;o__Xanthomonadales;f__SZUA-36;g__SHZL01;s__SHZL01 sp009692275,blast,91.80,iPHoP-RF;52.50
k141_89872,GB_GCA_902631125.1,d__Bacteria;p__Bacteroidota;c__Bacteroidia;o__Flavobacteriales;f__Flavobacteriaceae;g__UBA724;s__UBA724 sp902631125,iPHoP-RF,92.40,None
k141_89872,GB_GCA_902566635.1,d__Bacteria;p__Bacteroidota;c__Bacteroidia;o__Flavobacteriales;f__Flavobacteriaceae;g__UBA724;s__UBA724 sp902566635,iPHoP-RF,91.40,None
k141_900004,GB_GCA_009926135.1,d__Bacteria;p__Pseudomonadota;c__Alphaproteobacteria;o__Sphingomonadales;f__Sphingomonadaceae;g__Novosphingobium;s__Novosphingobium sp009926135,blast,92.00,iPHoP-RF;78.50
k141_900228,GB_GCA_014190035.1,d__Bacteria;p__Actinomycetota;c__Actinomycetia;o__Nanopelagicales;f__UBA5976;g__ATZT02;s__ATZT02 sp014190035,blast,91.30,iPHoP-RF;76.60
k141_927566,GB_GCA_902773285.1,d__Bacteria;p__Pseudomonadota;c__Alphaproteobacteria;o__RUG11792;f__RUG11792;g__RUG11420;s__RUG11420 sp902773285,iPHoP-RF,90.10,None
k141_932891,RS_GCF_012516395.1,d__Bacteria;p__Cyanobacteriota;c__Cyanobacteriia;o__Cyanobacteriales;f__Nostocaceae;g__Dolichospermum;s__Dolichospermum sp000312705,blast,95.30,iPHoP-RF;61.70
k141_942612,GB_GCA_945905295.1,d__Bacteria;p__Planctomycetota;c__Planctomycetia;o__Planctomycetales;f__Planctomycetaceae;g__SXKJ01;s__SXKJ01 sp945905295,iPHoP-RF,95.40,None
k141_943571,GB_GCA_017857855.1,d__Bacteria;p__Bacteroidota;c__Bacteroidia;o__NS11-12g;f__UBA9320;g__UBA9320;s__UBA9320 sp003516975,blast,96.20,iPHoP-RF;77.10
k141_952034,RS_GCF_002993325.1,d__Bacteria;p__Pseudomonadota;c__Gammaproteobacteria;o__Enterobacterales_A;f__Alteromonadaceae;g__Alteromonas;s__Alteromonas gracilis,iPHoP-RF,94.10,None
k141_952034,RS_GCF_009811415.1,d__Bacteria;p__Pseudomonadota;c__Gammaproteobacteria;o__Enterobacterales_A;f__Alteromonadaceae;g__Alteromonas;s__Alteromonas sp009811415,iPHoP-RF,93.70,None
k141_952034,RS_GCF_016405965.1,d__Bacteria;p__Pseudomonadota;c__Gammaproteobacteria;o__Enterobacterales_A;f__Alteromonadaceae;g__Alteromonas;s__Alteromonas sp016405965,iPHoP-RF,93.70,None
k141_952034,RS_GCF_000172635.2,d__Bacteria;p__Pseudomonadota;c__Gammaproteobacteria;o__Enterobacterales_A;f__Alteromonadaceae;g__Alteromonas;s__Alteromonas macleodii,iPHoP-RF,90.80,None
k141_962864,GB_GCA_003512525.1,d__Bacteria;p__Bacillota_A;c__Clostridia;o__Oscillospirales;f__Ruminococcaceae;g__Ruminiclostridium_E;s__Ruminiclostridium_E sp003512525,CRISPR,98.90,iPHoP-RF;58.70
k141_962864,GB_GCA_025150425.1,d__Bacteria;p__Bacillota_A;c__Clostridia;o__Oscillospirales;f__Ruminococcaceae;g__Ruminiclostridium_E;s__Ruminiclostridium_E siraeum,CRISPR,98.90,iPHoP-RF;74.60
k141_962864,GB_GCA_900539195.1,d__Bacteria;p__Bacillota_A;c__Clostridia;o__Oscillospirales;f__Ruminococcaceae;g__Ruminiclostridium_E;s__Ruminiclostridium_E sp900539195,CRISPR,98.90,iPHoP-RF;69.80
k141_975888,GB_GCA_010032875.1,d__Bacteria;p__Actinomycetota;c__Actinomycetia;o__Nanopelagicales;f__Nanopelagicaceae;g__Planktophila;s__Planktophila sp010032875,blast,92.10,iPHoP-RF;79.50
k141_975888,RS_GCF_001742285.1,d__Bacteria;p__Bacillota;c__Bacilli;o__Lactobacillales;f__Enterococcaceae;g__Enterococcus;s__Enterococcus rivorum,iPHoP-RF,91.80,None
k141_976149,GB_GCA_903876735.1,d__Bacteria;p__Pseudomonadota;c__Gammaproteobacteria;o__Burkholderiales;f__Burkholderiaceae_B;g__Rhodoferax;s__Rhodoferax sp903876735,iPHoP-RF,92.10,None
k141_976149,GB_GCA_903920695.1,d__Bacteria;p__Pseudomonadota;c__Gammaproteobacteria;o__Burkholderiales;f__Burkholderiaceae_B;g__Rhodoferax;s__Rhodoferax sp903920695,iPHoP-RF,92.10,None
k141_976149,GB_GCA_903896425.1,d__Bacteria;p__Pseudomonadota;c__Gammaproteobacteria;o__Burkholderiales;f__Burkholderiaceae_B;g__Rhodoferax;s__Rhodoferax sp903896425,iPHoP-RF,91.40,None
k141_976149,GB_GCA_903914175.1,d__Bacteria;p__Pseudomonadota;c__Gammaproteobacteria;o__Burkholderiales;f__Burkholderiaceae_B;g__Rhodoferax;s__Rhodoferax sp903914175,iPHoP-RF,90.80,None
k141_978740,GB_GCA_903839695.1,d__Bacteria;p__Patescibacteria;c__Paceibacteria;o__UBA9983_A;f__PALSA-1337;g__CAIOGI01;s__CAIOGI01 sp903839695,blast,91.70,None
k141_989371,GB_GCA_012840905.1,d__Bacteria;p__Bacillota;c__Bacilli;o__ML615J-28;f__CAG-698;g__DUVT01;s__DUVT01 sp012840905,iPHoP-RF,95.40,None
k141_989391,GB_GCA_902558095.1,d__Bacteria;p__Pseudomonadota;c__Gammaproteobacteria;o__SAR86;f__D2472;g__SAR86A;s__SAR86A sp902558095,iPHoP-RF,95.70,None
k141_989391,GB_GCA_000252525.1,d__Bacteria;p__Pseudomonadota;c__Gammaproteobacteria;o__SAR86;f__D2472;g__SAR86A;s__SAR86A sp000252525,iPHoP-RF,95.40,None
k141_989391,GB_GCA_902520725.1,d__Bacteria;p__Pseudomonadota;c__Gammaproteobacteria;o__SAR86;f__D2472;g__SAR86A;s__SAR86A sp902520725,iPHoP-RF,95.10,None
k141_989391,GB_GCA_902632555.1,d__Bacteria;p__Pseudomonadota;c__Gammaproteobacteria;o__SAR86;f__D2472;g__SAR86A;s__SAR86A sp902632555,iPHoP-RF,95.10,None
k141_989391,GB_GCA_902517425.1,d__Bacteria;p__Pseudomonadota;c__Gammaproteobacteria;o__SAR86;f__D2472;g__SAR86A;s__SAR86A sp902517425,iPHoP-RF,93.10,None
k141_989391,GB_GCA_902557965.1,d__Bacteria;p__Pseudomonadota;c__Gammaproteobacteria;o__SAR86;f__D2472;g__SAR86A;s__SAR86A sp902557965,iPHoP-RF,92.10,None
k141_989391,GB_GCA_002690725.1,d__Bacteria;p__Pseudomonadota;c__Gammaproteobacteria;o__SAR86;f__D2472;g__SAR86A;s__SAR86A sp002690725,iPHoP-RF,90.80,None
k141_989391,GB_GCA_913044115.1,d__Bacteria;p__Pseudomonadota;c__Gammaproteobacteria;o__SAR86;f__TMED112;g__TMED112;s__TMED112 sp913044115,iPHoP-RF,90.10,None
k141_992980,GB_GCA_945903675.1,d__Bacteria;p__Pseudomonadota;c__Gammaproteobacteria;o__Methylococcales;f__Methylomonadaceae;g__KS41;s__KS41 sp945903675,iPHoP-RF,94.40,blast;91.70
k141_992980,GB_GCA_903832775.1,d__Bacteria;p__Pseudomonadota;c__Gammaproteobacteria;o__Methylococcales;f__Methylomonadaceae;g__Methylobacter_A;s__Methylobacter_A sp903832775,iPHoP-RF,93.40,None
k141_992980,GB_GCA_013140405.1,d__Bacteria;p__Pseudomonadota;c__Gammaproteobacteria;o__Methylococcales;f__Methylomonadaceae;g__Methyloglobulus;s__Methyloglobulus sp013140405,iPHoP-RF,93.10,None
k141_992980,GB_GCA_013141375.1,d__Bacteria;p__Pseudomonadota;c__Gammaproteobacteria;o__Methylococcales;f__Methylomonadaceae;g__JABFRC01;s__JABFRC01 sp013141375,iPHoP-RF,93.10,None
k141_992980,GB_GCA_903866825.1,d__Bacteria;p__Pseudomonadota;c__Gammaproteobacteria;o__Methylococcales;f__Methylomonadaceae;g__KS41;s__KS41 sp903866825,iPHoP-RF,93.10,None
k141_992980,GB_GCA_903908165.1,d__Bacteria;p__Pseudomonadota;c__Gammaproteobacteria;o__Methylococcales;f__Methylomonadaceae;g__KS41;s__KS41 sp903908165,iPHoP-RF,92.40,None
k141_992980,GB_GCA_945861705.1,d__Bacteria;p__Pseudomonadota;c__Gammaproteobacteria;o__Methylococcales;f__Methylomonadaceae;g__Methyloglobulus;s__Methyloglobulus sp945861705,iPHoP-RF,92.10,None
k141_992980,GB_GCA_903939355.1,d__Bacteria;p__Pseudomonadota;c__Gammaproteobacteria;o__Methylococcales;f__Methylomonadaceae;g__KS41;s__KS41 sp903939355,iPHoP-RF,91.80,None
k141_992980,GB_GCA_903873165.1,d__Bacteria;p__Pseudomonadota;c__Gammaproteobacteria;o__Methylococcales;f__Methylomonadaceae;g__KS41;s__KS41 sp903873165,iPHoP-RF,91.40,None
k141_992980,GB_GCA_003155565.1,d__Bacteria;p__Pseudomonadota;c__Gammaproteobacteria;o__Methylococcales;f__Methylomonadaceae;g__Methyloglobulus;s__Methyloglobulus sp003155565,iPHoP-RF,90.80,None
k141_992980,GB_GCA_009695535.1,d__Bacteria;p__Pseudomonadota;c__Gammaproteobacteria;o__Methylococcales;f__Methylomonadaceae;g__Methyloglobulus;s__Methyloglobulus sp009695535,iPHoP-RF,90.80,None
k141_995453,RS_GCF_002688585.1,d__Bacteria;p__Pseudomonadota;c__Alphaproteobacteria;o__Pelagibacterales;f__Pelagibacteraceae;g__Fonsibacter;s__Fonsibacter ubiquis,blast,91.10,iPHoP-RF;79.30
k141_997297,RS_GCF_900002575.1,d__Bacteria;p__Bacillota_A;c__Clostridia;o__Peptostreptococcales;f__Peptostreptococcaceae;g__Romboutsia_C;s__Romboutsia_C hominis,iPHoP-RF,92.40,None
k141_997297,RS_GCF_024723825.1,d__Bacteria;p__Bacillota_A;c__Clostridia;o__Peptostreptococcales;f__Peptostreptococcaceae;g__Romboutsia_D;s__Romboutsia_D lituseburensis_A,iPHoP-RF,91.10,None
